Name,TimeWeightedAvgVmSizeMiB,MaxVmPeakMiB,MaxVmHwmMiB,DataPoints,PeakDuration
dbus-daemon,69.98464738510302,85.53515625,78.37890625,735,3786.0
discern-file-so,1510.383786627182,1591.1796875,293.5859375,77,401.0
discern-logs-so,1205.4296875,1205.4296875,55.70703125,661,3472.0
discern-network,1833.83203125,1833.83203125,48.08984375,665,3491.0
python3,125.58984375,125.58984375,109.2734375,1470,7437.0
systemd-journal,142.33873248922413,149.265625,34.9140625,67,348.0
