Name,Duration,AvgCpuPercent,MaxCpuUsage,DataPoints
discern-file-so,866.0,41.058804434761484,87.8172696998825,173
discern-proc-so,869.0,2.3140029350693245,2.4790157697197976,172
kswapd0,886.0,0.7351203078090893,0.744353193630794,173
jbd2/vda2-8,885.0,0.35519856030926883,0.4070207030345877,172
python3,176.0,1.4114303074411474,12.086726245111649,34
discern-logs-so,708.0,0.34544153183941995,0.3510876362139343,138
systemd,16.0,0.8350348093325533,1.2723536124294463,3
