Name,TimeWeightedAvgVmSizeMiB,MaxVmPeakMiB,MaxVmHwmMiB,DataPoints,PeakDuration
dbus-daemon,45.50283616874637,57.0078125,51.1171875,316,1723.0
discern-file-so,1581.496384616783,1591.4296875,295.5546875,316,1719.0
discern-logs-so,1205.4296875,1205.4296875,20.34765625,247,1727.0
discern-network,1833.33203125,1863.1875,35.19921875,316,1727.0
discern-proc-so,1205.9276016383494,1206.17578125,18.63671875,80,412.0
named,406.5234375,406.5234375,19.53125,305,1781.0
