Name,TimeWeightedAvgVmSizeMiB,MaxVmPeakMiB,MaxVmHwmMiB,DataPoints,PeakDuration
dbus-daemon,37.3667636326081,51.8125,45.46484375,704,3631.0
discern-file-so,1494.5034364560133,1591.1796875,282.1953125,88,449.0
discern-interfa,1435.515625,1499.265625,22.6171875,31,163.0
discern-logs-so,1205.4296875,1205.4296875,40.65234375,406,2110.0
discern-network,1833.83203125,1833.83203125,50.96875,735,3766.0
python3,124.828125,124.828125,108.69140625,1470,7405.0
systemd-journal,119.48560232256779,149.22265625,34.99609375,241,1254.0
