Name,TimeWeightedAvgVmSizeMiB,MaxVmPeakMiB,MaxVmHwmMiB,DataPoints,PeakDuration
containerd,1233.62890625,1233.62890625,33.34375,641,3316.0
dbus-daemon,41.99914540728795,56.36328125,49.55859375,711,3643.0
discern-file-so,1491.5122538527398,1591.1796875,342.14453125,85,438.0
discern-logs-so,1205.4296875,1205.4296875,39.046875,456,2360.0
discern-network,1898.5234375,1898.5234375,138.8125,742,3805.0
dockerd,1350.61328125,1414.36328125,103.4296875,742,3749.0
python3,171.5340884648476,248.55078125,27.4140625,195,1017.0
systemd-journal,92.1551486545139,113.35546875,33.59765625,138,720.0
