Name,TimeWeightedAvgVmSizeMiB,MaxVmPeakMiB,MaxVmHwmMiB,DataPoints,PeakDuration
dbus-daemon,71.39326787434626,86.18359375,78.8515625,709,3633.0
discern-file-so,1491.4566545466457,1591.4296875,361.8203125,90,477.0
discern-interfa,1507.51953125,1571.26953125,22.546875,203,1075.0
discern-logs-so,1205.4296875,1205.4296875,54.71484375,709,3686.0
discern-network,1833.83203125,1863.1875,47.65234375,708,3715.0
discern-proc-so,1205.92578125,1205.92578125,15.78125,2,11.0
mariadbd,1058.9453125,1121.671875,92.875,709,3611.0
systemd-journal,130.98827232754684,161.21484375,34.61328125,415,2189.0
