Name,TimeWeightedAvgVmSizeMiB,MaxVmPeakMiB,MaxVmHwmMiB,DataPoints,PeakDuration
dbus-daemon,95.20750235552764,105.90625,99.48046875,420,2189.0
discern-file-so,1481.3441331289978,1527.11328125,356.671875,87,469.0
discern-interfa,1507.51953125,1571.26953125,22.5625,348,1818.0
discern-logs-so,1376.9699181069132,1397.62890625,216.80078125,420,2177.0
discern-network,1906.21484375,1906.21484375,90.765625,420,2197.0
discern-proc-so,1205.92578125,1205.92578125,16.47265625,5,22.0
server.py,171.75390625,235.75390625,19.71875,132,694.0
systemd-journal,130.20536877695903,169.26953125,43.265625,268,1391.0
