Name,TimeWeightedAvgVmSizeMiB,MaxVmPeakMiB,MaxVmHwmMiB,DataPoints,PeakDuration
containerd,1233.62890625,1233.62890625,33.34375,564,2984.0
dbus-daemon,75.08248890779291,90.5625,83.53515625,748,3747.0
discern-file-so,1481.8113456708038,1655.05859375,312.140625,83,423.0
discern-logs-so,1205.4296875,1205.4296875,56.625,748,3851.0
discern-network,1898.5234375,1898.5234375,138.8125,748,3838.0
dockerd,1350.61328125,1414.36328125,103.4296875,748,3768.0
systemd-journal,122.8479176625239,145.3203125,33.625,101,523.0
