Name,Duration,AvgCpuPercent,MaxCpuUsage,DataPoints
discern-file-so,1712.0,32.609166940098255,86.60837962534781,344
discern-proc-so,1719.0,2.2220062439622357,2.697112345298266,343
kswapd0,1744.0,0.738103403782403,0.7466129139150268,344
discern-logs-so,1752.0,0.720144416591602,0.8052506495546785,344
discern-network,1762.0,0.49465879097377835,0.5164003768440659,342
systemd,10.0,0.9760501913677043,1.3918696173039662,2
sshd,5.0,0.8421519272394209,0.8421519272394209,1
