Name,TimeWeightedAvgVmSizeMiB,MaxVmPeakMiB,MaxVmHwmMiB,DataPoints,PeakDuration
dbus-daemon,40.14169514973958,43.9921875,36.5703125,186,960.0
discern-file-so,1578.1306121439873,1591.6796875,293.50390625,186,948.0
discern-logs-so,1205.4296875,1205.4296875,42.484375,186,964.0
discern-network,1898.2109375,1898.2109375,110.55859375,186,952.0
discern-proc-so,1205.92578125,1205.92578125,16.14453125,52,268.0
python3,658.3811754877167,1144.81640625,48.625,134,692.0
