Name,Duration,AvgCpuPercent,MaxCpuUsage,DataPoints
discern-file-so,963.0,40.86118550559067,84.67961185945224,187
discern-proc-so,963.0,2.3849925390710567,6.425093282342022,187
kswapd0,963.0,0.7431060197039463,0.7496780560320477,187
discern-logs-so,962.0,0.3581149674591636,0.36443201287589183,186
python3,223.0,1.2874031308032128,11.748679827169383,43
jbd2/vda2-8,725.0,0.2751558439353788,0.3093782413565348,140
systemd,21.0,0.8359000010910456,1.0401857969468649,4
