Name,Duration,AvgCpuPercent,MaxCpuUsage,DataPoints
discern-file-so,632.0,46.7806212834719,90.46406386582528,124
discern-proc-so,632.0,2.087798284375342,3.8386088874372764,124
kswapd0,632.0,0.7138247923981738,0.7255250803732162,124
jbd2/vda2-8,636.0,0.3615049608362342,0.4085561844212819,124
discern-logs-so,558.0,0.22318430771768438,0.2304600538821906,109
systemd,78.0,0.36793583389976,1.6454685650162524,15
