Name,TimeWeightedAvgVmSizeMiB,MaxVmPeakMiB,MaxVmHwmMiB,DataPoints,PeakDuration
dbus-daemon,27.77284787735849,30.23828125,23.87109375,124,636.0
discern-file-so,1570.612947488133,1591.6796875,296.26171875,124,632.0
discern-logs-so,1205.4296875,1205.4296875,20.53125,124,636.0
discern-network,1898.2109375,1898.2109375,106.08984375,124,632.0
discern-proc-so,1205.92578125,1205.92578125,16.06640625,110,562.0
systemd-journal,73.21484375,73.21484375,16.13671875,14,74.0
