Name,Duration,AvgCpuPercent,MaxCpuUsage,DataPoints
discern-file-so,2000.0,33.273386852632704,82.43720300674467,397
discern-proc-so,2011.0,2.0893937158483196,2.280628259992602,396
kswapd0,2008.0,0.6446914724690312,0.7292944494066015,391
discern-network,1771.0,0.560773338225619,0.8585059608715228,344
jbd2/vda2-8,1364.0,0.7144363044105461,1.9652335050334893,265
systemd-journal,680.0,0.4302262342364834,0.47142734946335585,132
systemd,310.0,0.8009098208471432,3.1249048710599956,60
