Name,TimeWeightedAvgVmSizeMiB,MaxVmPeakMiB,MaxVmHwmMiB,DataPoints,PeakDuration
dbus-daemon,22.617502012882447,27.53515625,21.40625,240,1242.0
discern-file-so,1463.050521484375,1526.67578125,276.99609375,397,2000.0
discern-logs-so,1205.4296875,1205.4296875,49.90625,397,2020.0
discern-network,1833.6724950396826,1863.81640625,31.90625,397,2016.0
discern-proc-so,1205.9249400656124,1205.92578125,16.40234375,290,1486.0
systemd,161.09765625,223.92578125,10.04296875,7,36.0
systemd-journal,99.6116307684166,143.11328125,34.171875,230,1181.0
systemd-resolve,23.53515625,23.59765625,11.6640625,27,137.0
