Name,Duration,AvgCpuPercent,MaxCpuUsage,DataPoints
discern-file-so,1094.0,39.398587855998166,85.82050317178424,217
discern-proc-so,1093.0,2.434449145328798,2.7258339832780063,216
jbd2/vda2-8,1110.0,1.2532489577266583,2.7855602674799282,217
python3,789.0,1.114247295481386,6.746481501790862,154
kswapd0,1003.0,0.6007044644961658,0.6834518966913496,194
systemd,265.0,0.6098365481581318,1.1796399143027463,52
discern-logs-so,155.0,0.3541318191886624,0.36133398175277304,31
discern-network,17.0,0.43988797303049587,0.4472381239398264,4
