Name,TimeWeightedAvgVmSizeMiB,MaxVmPeakMiB,MaxVmHwmMiB,DataPoints,PeakDuration
dbus-daemon,92.36789311067396,103.58203125,97.47265625,569,2923.0
discern-cpu-sor,1205.359375,1205.359375,11.9765625,3,15.0
discern-file-so,1586.7149833063968,1591.4296875,279.6484375,569,2939.0
discern-logs-so,1205.4296875,1205.4296875,25.3828125,569,2951.0
discern-network,1833.33203125,1863.1875,44.7109375,569,2931.0
discern-proc-so,1205.9585497269293,1206.17578125,16.19140625,471,2449.0
systemd-journal,116.51820264765784,123.3125,21.48046875,95,491.0
