Name,Duration,AvgCpuPercent,MaxCpuUsage,DataPoints
discern-file-so,2918.0,29.926881949010312,81.40671271946974,569
discern-proc-so,2917.0,2.74721842442569,2.8149263329099887,568
kswapd0,2934.0,0.7370240665677878,0.7386609097340243,569
discern-logs-so,2938.0,0.22509860533579243,0.24235171795699909,569
systemd,2959.0,0.13379613778941665,1.6483593489974533,570
