Name,Duration,AvgCpuPercent,MaxCpuUsage,DataPoints
discern-file-so,509.0,47.8020417985679,91.32742953126996,103
discern-proc-so,509.0,1.950858446337695,2.2832098797660594,103
kswapd0,517.0,0.65876329687171,0.6892055684740486,103
jbd2/vda2-8,513.0,0.652327733822199,0.8293335464512621,103
systemd,521.0,0.3244143540294633,1.7125851006442336,103
