Name,TimeWeightedAvgVmSizeMiB,MaxVmPeakMiB,MaxVmHwmMiB,DataPoints,PeakDuration
dbus-daemon,18.634722073327616,21.59765625,14.7578125,113,583.0
discern-ansible,1205.34375,1205.34375,11.13671875,5,26.0
discern-file-so,1525.5677827698378,1527.61328125,294.71484375,229,1172.0
discern-logs-so,1205.4296875,1205.4296875,29.2421875,229,1184.0
discern-network,1898.5631421232877,1898.5859375,95.953125,229,1168.0
discern-proc-so,1205.92578125,1205.92578125,16.6953125,113,580.0
python3,662.332424132948,1024.49609375,330.8828125,169,865.0
systemd-journal,105.61793466862416,133.52734375,26.65625,58,298.0
