timestamp,pid,ppid,real_uid,effective_uid,saved_uid,filesystem_uid,real_gid,effective_gid,saved_gid,filesystem_gid,vm_peak,vm_size,vm_hwm,rss_shmem,vm_stk,vm_data,threads,name,state,device_id,cpu,malicious
1759301881,340,1,103,103,103,103,109,109,109,109,195309568,195309568,189071360,N/A,135168,187580416,1,dbus-daemon,S (sleeping),server-compromised.bnsdq.ozxfs.rzona-vmdrv.kvugl,0.28523619536662453,0
1759301881,3293,1,N/A,N/A,N/A,N/A,N/A,N/A,N/A,N/A,1953800192,1922228224,41209856,N/A,135168,170463232,13,discern-network,S (sleeping),server-compromised.bnsdq.ozxfs.rzona-vmdrv.kvugl,1.1999964497620872,0
1759301881,181,1,N/A,N/A,N/A,N/A,N/A,N/A,N/A,N/A,154476544,104173568,39378944,4096,135168,28102656,1,systemd-journal,S (sleeping),server-compromised.bnsdq.ozxfs.rzona-vmdrv.kvugl,0.1828804775421083,0
1759301881,66052,1,N/A,N/A,N/A,N/A,N/A,N/A,N/A,N/A,1264619520,1264619520,17252352,N/A,135168,45826048,4,discern-proc-so,S (sleeping),server-compromised.bnsdq.ozxfs.rzona-vmdrv.kvugl,2.5468579129557933,0
1759301881,44175,1,N/A,N/A,N/A,N/A,N/A,N/A,N/A,N/A,1647706112,1580597248,21323776,N/A,135168,82202624,5,discern-interfa,S (sleeping),server-compromised.bnsdq.ozxfs.rzona-vmdrv.kvugl,0.0015616752750861578,0
1759301886,340,1,103,103,103,103,109,109,109,109,195444736,195444736,189341696,N/A,135168,187715584,1,dbus-daemon,S (sleeping),server-compromised.bnsdq.ozxfs.rzona-vmdrv.kvugl,0.2853459521862416,0
1759301886,3293,1,N/A,N/A,N/A,N/A,N/A,N/A,N/A,N/A,1953800192,1922228224,41209856,N/A,135168,170463232,13,discern-network,S (sleeping),server-compromised.bnsdq.ozxfs.rzona-vmdrv.kvugl,1.1995196868196305,0
1759301886,181,1,N/A,N/A,N/A,N/A,N/A,N/A,N/A,N/A,154476544,104173568,39378944,4096,135168,28102656,1,systemd-journal,S (sleeping),server-compromised.bnsdq.ozxfs.rzona-vmdrv.kvugl,0.1826834175215103,0
1759301886,66052,1,N/A,N/A,N/A,N/A,N/A,N/A,N/A,N/A,1264619520,1264619520,17252352,N/A,135168,45826048,4,discern-proc-so,R (running),server-compromised.bnsdq.ozxfs.rzona-vmdrv.kvugl,2.5545527199363782,0
1759301886,44175,1,N/A,N/A,N/A,N/A,N/A,N/A,N/A,N/A,1647706112,1580597248,21323776,N/A,135168,82202624,5,discern-interfa,S (sleeping),server-compromised.bnsdq.ozxfs.rzona-vmdrv.kvugl,0.0015574860980698624,0
1759301891,340,1,103,103,103,103,109,109,109,109,195579904,195579904,189612032,N/A,135168,187850752,1,dbus-daemon,S (sleeping),server-compromised.bnsdq.ozxfs.rzona-vmdrv.kvugl,0.2854547676362181,0
1759301891,3293,1,N/A,N/A,N/A,N/A,N/A,N/A,N/A,N/A,1953800192,1922228224,41209856,N/A,135168,170463232,13,discern-network,S (sleeping),server-compromised.bnsdq.ozxfs.rzona-vmdrv.kvugl,1.1986080281829705,0
1759301891,181,1,N/A,N/A,N/A,N/A,N/A,N/A,N/A,N/A,154476544,104173568,39378944,4096,135168,28102656,1,systemd-journal,S (sleeping),server-compromised.bnsdq.ozxfs.rzona-vmdrv.kvugl,0.18290296354085775,0
1759301891,66052,1,N/A,N/A,N/A,N/A,N/A,N/A,N/A,N/A,1264619520,1264619520,17252352,N/A,135168,45826048,4,discern-proc-so,S (sleeping),server-compromised.bnsdq.ozxfs.rzona-vmdrv.kvugl,2.565889284111965,0
1759301891,44175,1,N/A,N/A,N/A,N/A,N/A,N/A,N/A,N/A,1647706112,1580597248,21323776,N/A,135168,82202624,5,discern-interfa,S (sleeping),server-compromised.bnsdq.ozxfs.rzona-vmdrv.kvugl,0.0015533096610922696,0
1759301896,340,1,103,103,103,103,109,109,109,109,195870720,195870720,189612032,N/A,135168,188141568,1,dbus-daemon,S (sleeping),server-compromised.bnsdq.ozxfs.rzona-vmdrv.kvugl,0.2853561878703808,0
1759301896,3293,1,N/A,N/A,N/A,N/A,N/A,N/A,N/A,N/A,1953800192,1922228224,41988096,N/A,135168,170463232,13,discern-network,S (sleeping),server-compromised.bnsdq.ozxfs.rzona-vmdrv.kvugl,1.1979188974853212,0
1759301896,181,1,N/A,N/A,N/A,N/A,N/A,N/A,N/A,N/A,154476544,104173568,39378944,4096,135168,28102656,1,systemd-journal,S (sleeping),server-compromised.bnsdq.ozxfs.rzona-vmdrv.kvugl,0.1827064787258497,0
1759301896,66052,1,N/A,N/A,N/A,N/A,N/A,N/A,N/A,N/A,1264619520,1264619520,17252352,N/A,135168,45826048,4,discern-proc-so,S (sleeping),server-compromised.bnsdq.ozxfs.rzona-vmdrv.kvugl,2.568910826990326,0
1759301896,44175,1,N/A,N/A,N/A,N/A,N/A,N/A,N/A,N/A,1647706112,1580597248,21323776,N/A,135168,82202624,5,discern-interfa,S (sleeping),server-compromised.bnsdq.ozxfs.rzona-vmdrv.kvugl,0.0015491689099135432,0
1759301901,340,1,103,103,103,103,109,109,109,109,196005888,196005888,189882368,N/A,135168,188276736,1,dbus-daemon,S (sleeping),server-compromised.bnsdq.ozxfs.rzona-vmdrv.kvugl,0.285256668827783,0
1759301901,3293,1,N/A,N/A,N/A,N/A,N/A,N/A,N/A,N/A,1953800192,1922228224,41988096,N/A,135168,170463232,13,discern-network,S (sleeping),server-compromised.bnsdq.ozxfs.rzona-vmdrv.kvugl,1.1970103197975321,0
1759301901,181,1,N/A,N/A,N/A,N/A,N/A,N/A,N/A,N/A,154476544,104173568,39378944,4096,135168,28102656,1,systemd-journal,S (sleeping),server-compromised.bnsdq.ozxfs.rzona-vmdrv.kvugl,0.18271755137757206,0
1759301901,66052,1,N/A,N/A,N/A,N/A,N/A,N/A,N/A,N/A,1264619520,1264619520,17252352,N/A,135168,45826048,4,discern-proc-so,R (running),server-compromised.bnsdq.ozxfs.rzona-vmdrv.kvugl,2.5794664102031413,0
1759301901,44175,1,N/A,N/A,N/A,N/A,N/A,N/A,N/A,N/A,1647706112,1580597248,21323776,N/A,135168,82202624,5,discern-interfa,S (sleeping),server-compromised.bnsdq.ozxfs.rzona-vmdrv.kvugl,0.0015450347207579139,0
1759301906,340,1,103,103,103,103,109,109,109,109,196141056,196141056,189882368,N/A,135168,188411904,1,dbus-daemon,S (sleeping),server-compromised.bnsdq.ozxfs.rzona-vmdrv.kvugl,0.2853662246735949,0
1759301906,3293,1,N/A,N/A,N/A,N/A,N/A,N/A,N/A,N/A,1953800192,1922228224,41988096,N/A,135168,170463232,13,discern-network,S (sleeping),server-compromised.bnsdq.ozxfs.rzona-vmdrv.kvugl,1.1963245791800143,0
1759301906,181,1,N/A,N/A,N/A,N/A,N/A,N/A,N/A,N/A,154476544,104173568,39378944,4096,135168,28102656,1,systemd-journal,S (sleeping),server-compromised.bnsdq.ozxfs.rzona-vmdrv.kvugl,0.18252169668802057,0
1759301906,66052,1,N/A,N/A,N/A,N/A,N/A,N/A,N/A,N/A,1264619520,1264619520,17252352,N/A,135168,45826048,4,discern-proc-so,R (running),server-compromised.bnsdq.ozxfs.rzona-vmdrv.kvugl,2.5859488555393138,0
1759301906,44175,1,N/A,N/A,N/A,N/A,N/A,N/A,N/A,N/A,1647706112,1580597248,21323776,N/A,135168,82202624,5,discern-interfa,S (sleeping),server-compromised.bnsdq.ozxfs.rzona-vmdrv.kvugl,0.0015409380723611567,0
1759301912,340,1,103,103,103,103,109,109,109,109,196411392,196411392,190423040,N/A,135168,188682240,1,dbus-daemon,S (sleeping),server-compromised.bnsdq.ozxfs.rzona-vmdrv.kvugl,0.2856831619568418,0
1759301912,3293,1,N/A,N/A,N/A,N/A,N/A,N/A,N/A,N/A,1953800192,1922228224,41988096,N/A,135168,170463232,13,discern-network,S (sleeping),server-compromised.bnsdq.ozxfs.rzona-vmdrv.kvugl,1.1954255100122275,0
1759301912,181,1,N/A,N/A,N/A,N/A,N/A,N/A,N/A,N/A,154476544,104173568,39378944,4096,135168,28102656,1,systemd-journal,S (sleeping),server-compromised.bnsdq.ozxfs.rzona-vmdrv.kvugl,0.18274120748210743,0
1759301912,66052,1,N/A,N/A,N/A,N/A,N/A,N/A,N/A,N/A,1264619520,1264619520,17252352,N/A,135168,45826048,4,discern-proc-so,S (sleeping),server-compromised.bnsdq.ozxfs.rzona-vmdrv.kvugl,2.58465700297247,0
1759301912,44175,1,N/A,N/A,N/A,N/A,N/A,N/A,N/A,N/A,1647706112,1580597248,21323776,N/A,135168,82202624,5,discern-interfa,S (sleeping),server-compromised.bnsdq.ozxfs.rzona-vmdrv.kvugl,0.0015368650896994728,0
1759301917,340,1,103,103,103,103,109,109,109,109,196546560,196546560,190423040,N/A,135168,188817408,1,dbus-daemon,S (sleeping),server-compromised.bnsdq.ozxfs.rzona-vmdrv.kvugl,0.28537787555850114,0
1759301917,3293,1,N/A,N/A,N/A,N/A,N/A,N/A,N/A,N/A,1953800192,1922228224,41988096,N/A,135168,170463232,13,discern-network,S (sleeping),server-compromised.bnsdq.ozxfs.rzona-vmdrv.kvugl,1.1949597880967795,0
1759301917,181,1,N/A,N/A,N/A,N/A,N/A,N/A,N/A,N/A,154476544,104173568,39378944,4096,135168,28102656,1,systemd-journal,S (sleeping),server-compromised.bnsdq.ozxfs.rzona-vmdrv.kvugl,0.18275317153565943,0
1759301917,66052,1,N/A,N/A,N/A,N/A,N/A,N/A,N/A,N/A,1264619520,1264619520,17252352,N/A,135168,45826048,4,discern-proc-so,R (running),server-compromised.bnsdq.ozxfs.rzona-vmdrv.kvugl,2.583446212636443,0
1759301917,44175,1,N/A,N/A,N/A,N/A,N/A,N/A,N/A,N/A,1647706112,1580597248,21323776,N/A,135168,82202624,5,discern-interfa,S (sleeping),server-compromised.bnsdq.ozxfs.rzona-vmdrv.kvugl,0.0015328161790053737,0
1759301922,340,1,103,103,103,103,109,109,109,109,196816896,196816896,190693376,N/A,135168,189087744,1,dbus-daemon,S (sleeping),server-compromised.bnsdq.ozxfs.rzona-vmdrv.kvugl,0.28548717630913883,0
1759301922,3293,1,N/A,N/A,N/A,N/A,N/A,N/A,N/A,N/A,1953800192,1922228224,41988096,N/A,135168,170463232,13,discern-network,S (sleeping),server-compromised.bnsdq.ozxfs.rzona-vmdrv.kvugl,1.194064589240159,0
1759301922,181,1,N/A,N/A,N/A,N/A,N/A,N/A,N/A,N/A,154476544,104173568,39378944,4096,135168,28102656,1,systemd-journal,S (sleeping),server-compromised.bnsdq.ozxfs.rzona-vmdrv.kvugl,0.1827650360055536,0
1759301922,66052,1,N/A,N/A,N/A,N/A,N/A,N/A,N/A,N/A,1264619520,1264619520,17252352,N/A,135168,45826048,4,discern-proc-so,R (running),server-compromised.bnsdq.ozxfs.rzona-vmdrv.kvugl,2.589526102847133,0
1759301922,44175,1,N/A,N/A,N/A,N/A,N/A,N/A,N/A,N/A,1647706112,1580597248,21323776,N/A,135168,82202624,5,discern-interfa,S (sleeping),server-compromised.bnsdq.ozxfs.rzona-vmdrv.kvugl,0.0015287870057589165,0
1759301927,340,1,103,103,103,103,109,109,109,109,196952064,196952064,190693376,N/A,135168,189222912,1,dbus-daemon,S (sleeping),server-compromised.bnsdq.ozxfs.rzona-vmdrv.kvugl,0.2853880774122563,0
1759301927,3293,1,N/A,N/A,N/A,N/A,N/A,N/A,N/A,N/A,1953800192,1922228224,41988096,N/A,135168,170463232,13,discern-network,S (sleeping),server-compromised.bnsdq.ozxfs.rzona-vmdrv.kvugl,1.193380216326715,0
1759301927,181,1,N/A,N/A,N/A,N/A,N/A,N/A,N/A,N/A,154476544,104173568,39378944,4096,135168,28102656,1,systemd-journal,S (sleeping),server-compromised.bnsdq.ozxfs.rzona-vmdrv.kvugl,0.18277600454152026,0
1759301927,66052,1,N/A,N/A,N/A,N/A,N/A,N/A,N/A,N/A,1264619520,1264619520,17252352,N/A,135168,45826048,4,discern-proc-so,S (sleeping),server-compromised.bnsdq.ozxfs.rzona-vmdrv.kvugl,2.598734199482273,0
1759301927,44175,1,N/A,N/A,N/A,N/A,N/A,N/A,N/A,N/A,1647706112,1580597248,21323776,N/A,135168,82202624,5,discern-interfa,S (sleeping),server-compromised.bnsdq.ozxfs.rzona-vmdrv.kvugl,0.0015247611390030785,0
1759301932,340,1,103,103,103,103,109,109,109,109,197087232,197087232,190963712,N/A,135168,189358080,1,dbus-daemon,S (sleeping),server-compromised.bnsdq.ozxfs.rzona-vmdrv.kvugl,0.2852913313637203,0
1759301932,3293,1,N/A,N/A,N/A,N/A,N/A,N/A,N/A,N/A,1953800192,1922228224,41988096,N/A,135168,170463232,13,discern-network,S (sleeping),server-compromised.bnsdq.ozxfs.rzona-vmdrv.kvugl,1.1927066563622886,0
1759301932,181,1,N/A,N/A,N/A,N/A,N/A,N/A,N/A,N/A,154476544,104173568,39378944,4096,135168,28102656,1,systemd-journal,S (sleeping),server-compromised.bnsdq.ozxfs.rzona-vmdrv.kvugl,0.1827883188943154,0
1759301932,66052,1,N/A,N/A,N/A,N/A,N/A,N/A,N/A,N/A,1264619520,1264619520,17252352,N/A,135168,45826048,4,discern-proc-so,R (running),server-compromised.bnsdq.ozxfs.rzona-vmdrv.kvugl,2.5974374488903123,0
1759301932,44175,1,N/A,N/A,N/A,N/A,N/A,N/A,N/A,N/A,1647706112,1580597248,21323776,N/A,135168,82202624,5,discern-interfa,S (sleeping),server-compromised.bnsdq.ozxfs.rzona-vmdrv.kvugl,0.001520784353824424,0
1759301937,340,1,103,103,103,103,109,109,109,109,197222400,197222400,191234048,N/A,135168,189493248,1,dbus-daemon,S (sleeping),server-compromised.bnsdq.ozxfs.rzona-vmdrv.kvugl,0.285605790685907,0
1759301937,3293,1,N/A,N/A,N/A,N/A,N/A,N/A,N/A,N/A,1953800192,1922228224,41988096,N/A,135168,170463232,13,discern-network,S (sleeping),server-compromised.bnsdq.ozxfs.rzona-vmdrv.kvugl,1.1922413747096796,0
1759301937,181,1,N/A,N/A,N/A,N/A,N/A,N/A,N/A,N/A,154476544,104173568,39378944,4096,135168,28102656,1,systemd-journal,S (sleeping),server-compromised.bnsdq.ozxfs.rzona-vmdrv.kvugl,0.18279950284347213,0
1759301937,66052,1,N/A,N/A,N/A,N/A,N/A,N/A,N/A,N/A,1264619520,1264619520,17252352,N/A,135168,45826048,4,discern-proc-so,R (running),server-compromised.bnsdq.ozxfs.rzona-vmdrv.kvugl,2.6062403108748637,0
1759301937,44175,1,N/A,N/A,N/A,N/A,N/A,N/A,N/A,N/A,1647706112,1580597248,21323776,N/A,135168,82202624,5,discern-interfa,S (sleeping),server-compromised.bnsdq.ozxfs.rzona-vmdrv.kvugl,0.0015168058258826637,0
1759301943,340,1,103,103,103,103,109,109,109,109,197492736,197492736,191234048,N/A,135168,189763584,1,dbus-daemon,S (sleeping),server-compromised.bnsdq.ozxfs.rzona-vmdrv.kvugl,0.2855078532812864,0
1759301943,3293,1,N/A,N/A,N/A,N/A,N/A,N/A,N/A,N/A,1953800192,1922228224,41988096,N/A,135168,170463232,13,discern-network,S (sleeping),server-compromised.bnsdq.ozxfs.rzona-vmdrv.kvugl,1.191351458776371,0
1759301943,181,1,N/A,N/A,N/A,N/A,N/A,N/A,N/A,N/A,154476544,104173568,39378944,4096,135168,28102656,1,systemd-journal,S (sleeping),server-compromised.bnsdq.ozxfs.rzona-vmdrv.kvugl,0.18281101898734392,0
1759301943,66052,1,N/A,N/A,N/A,N/A,N/A,N/A,N/A,N/A,1264619520,1264619520,17252352,N/A,135168,45826048,4,discern-proc-so,R (running),server-compromised.bnsdq.ozxfs.rzona-vmdrv.kvugl,2.6114404925790353,0
1759301943,44175,1,N/A,N/A,N/A,N/A,N/A,N/A,N/A,N/A,1647706112,1580597248,21323776,N/A,135168,82202624,5,discern-interfa,S (sleeping),server-compromised.bnsdq.ozxfs.rzona-vmdrv.kvugl,0.0015128552553758403,0
1759301948,340,1,103,103,103,103,109,109,109,109,197627904,197627904,191504384,N/A,135168,189898752,1,dbus-daemon,S (sleeping),server-compromised.bnsdq.ozxfs.rzona-vmdrv.kvugl,0.2854096949651632,0
1759301948,3293,1,N/A,N/A,N/A,N/A,N/A,N/A,N/A,N/A,1953800192,1922228224,41988096,N/A,135168,170463232,13,discern-network,S (sleeping),server-compromised.bnsdq.ozxfs.rzona-vmdrv.kvugl,1.1904616538126498,0
1759301948,181,1,N/A,N/A,N/A,N/A,N/A,N/A,N/A,N/A,154476544,104173568,39378944,4096,135168,28102656,1,systemd-journal,S (sleeping),server-compromised.bnsdq.ozxfs.rzona-vmdrv.kvugl,0.1826163554111342,0
1759301948,66052,1,N/A,N/A,N/A,N/A,N/A,N/A,N/A,N/A,1264619520,1264619520,17252352,N/A,135168,45826048,4,discern-proc-so,S (sleeping),server-compromised.bnsdq.ozxfs.rzona-vmdrv.kvugl,2.6163989288466847,0
1759301948,44175,1,N/A,N/A,N/A,N/A,N/A,N/A,N/A,N/A,1647706112,1580597248,21323776,N/A,135168,82202624,5,discern-interfa,S (sleeping),server-compromised.bnsdq.ozxfs.rzona-vmdrv.kvugl,0.0015089196673794161,0
1759301953,340,1,103,103,103,103,109,109,109,109,197898240,197898240,191774720,N/A,135168,190169088,1,dbus-daemon,S (sleeping),server-compromised.bnsdq.ozxfs.rzona-vmdrv.kvugl,0.2857237605814263,0
1759301953,3293,1,N/A,N/A,N/A,N/A,N/A,N/A,N/A,N/A,1953800192,1922228224,41988096,N/A,135168,170463232,13,discern-network,S (sleeping),server-compromised.bnsdq.ozxfs.rzona-vmdrv.kvugl,1.1897900034578257,0
1759301953,181,1,N/A,N/A,N/A,N/A,N/A,N/A,N/A,N/A,154476544,104173568,39378944,4096,135168,28102656,1,systemd-journal,S (sleeping),server-compromised.bnsdq.ozxfs.rzona-vmdrv.kvugl,0.18262815512385433,0
1759301953,66052,1,N/A,N/A,N/A,N/A,N/A,N/A,N/A,N/A,1264619520,1264619520,17252352,N/A,135168,45826048,4,discern-proc-so,R (running),server-compromised.bnsdq.ozxfs.rzona-vmdrv.kvugl,2.621278275332059,0
1759301953,44175,1,N/A,N/A,N/A,N/A,N/A,N/A,N/A,N/A,1647706112,1580597248,21323776,N/A,135168,82202624,5,discern-interfa,S (sleeping),server-compromised.bnsdq.ozxfs.rzona-vmdrv.kvugl,0.001505012306245383,0
1759301960,340,1,103,103,103,103,109,109,109,109,198303744,198303744,192045056,N/A,135168,190574592,1,dbus-daemon,S (sleeping),server-compromised.bnsdq.ozxfs.rzona-vmdrv.kvugl,0.28591887305102265,0
1759301960,3293,1,N/A,N/A,N/A,N/A,N/A,N/A,N/A,N/A,1953800192,1922228224,41988096,N/A,135168,170463232,13,discern-network,S (sleeping),server-compromised.bnsdq.ozxfs.rzona-vmdrv.kvugl,1.1886093148061319,0
1759301960,70176,1,N/A,N/A,N/A,N/A,N/A,N/A,N/A,N/A,1264619520,1264619520,16986112,N/A,135168,45826048,4,discern-proc-so,R (running),server-compromised.bnsdq.ozxfs.rzona-vmdrv.kvugl,6.60468287153525,0
1759301960,181,1,N/A,N/A,N/A,N/A,N/A,N/A,N/A,N/A,154476544,104173568,39378944,4096,135168,28102656,1,systemd-journal,S (sleeping),server-compromised.bnsdq.ozxfs.rzona-vmdrv.kvugl,0.18297513234447976,0
1759301960,44175,1,N/A,N/A,N/A,N/A,N/A,N/A,N/A,N/A,1647706112,1580597248,21323776,N/A,135168,82202624,5,discern-interfa,S (sleeping),server-compromised.bnsdq.ozxfs.rzona-vmdrv.kvugl,0.0014996144002345244,0
1759301965,340,1,103,103,103,103,109,109,109,109,198455296,198455296,192315392,N/A,135168,190726144,1,dbus-daemon,S (sleeping),server-compromised.bnsdq.ozxfs.rzona-vmdrv.kvugl,0.28602702514843287,0
1759301965,3293,1,N/A,N/A,N/A,N/A,N/A,N/A,N/A,N/A,1953800192,1922228224,41988096,N/A,135168,170463232,13,discern-network,S (sleeping),server-compromised.bnsdq.ozxfs.rzona-vmdrv.kvugl,1.1881570820074803,0
1759301965,70176,1,N/A,N/A,N/A,N/A,N/A,N/A,N/A,N/A,1264619520,1264619520,17207296,N/A,135168,45826048,4,discern-proc-so,S (sleeping),server-compromised.bnsdq.ozxfs.rzona-vmdrv.kvugl,3.600605847301442,0
1759301965,181,1,N/A,N/A,N/A,N/A,N/A,N/A,N/A,N/A,154476544,104173568,39378944,4096,135168,28102656,1,systemd-journal,S (sleeping),server-compromised.bnsdq.ozxfs.rzona-vmdrv.kvugl,0.18298690938817147,0
1759301965,44175,1,N/A,N/A,N/A,N/A,N/A,N/A,N/A,N/A,1647706112,1580597248,21323776,N/A,135168,82202624,5,discern-interfa,S (sleeping),server-compromised.bnsdq.ozxfs.rzona-vmdrv.kvugl,0.0014957626988586507,0
1759301970,340,1,103,103,103,103,109,109,109,109,198733824,198733824,192585728,N/A,135168,191004672,1,dbus-daemon,S (sleeping),server-compromised.bnsdq.ozxfs.rzona-vmdrv.kvugl,0.28633428004051026,0
1759301970,70293,1,N/A,N/A,N/A,N/A,N/A,N/A,N/A,N/A,1332027392,1332027392,106532864,N/A,135168,163598336,4,discern-file-so,S (sleeping),server-compromised.bnsdq.ozxfs.rzona-vmdrv.kvugl,53.92280316074036,0
1759301970,3293,1,N/A,N/A,N/A,N/A,N/A,N/A,N/A,N/A,1953800192,1922228224,41988096,N/A,135168,170463232,13,discern-network,S (sleeping),server-compromised.bnsdq.ozxfs.rzona-vmdrv.kvugl,1.1872557882685733,0
1759301970,70176,1,N/A,N/A,N/A,N/A,N/A,N/A,N/A,N/A,1264619520,1264619520,17207296,N/A,135168,45826048,4,discern-proc-so,S (sleeping),server-compromised.bnsdq.ozxfs.rzona-vmdrv.kvugl,2.937701624786432,0
1759301970,3677,1,N/A,N/A,N/A,N/A,N/A,N/A,N/A,N/A,1264021504,1264021504,13598720,N/A,135168,45559808,4,discern-cpu-sor,S (sleeping),server-compromised.bnsdq.ozxfs.rzona-vmdrv.kvugl,0.019872159153656296,0
1759301976,340,1,103,103,103,103,109,109,109,109,199004160,199004160,192720896,N/A,135168,191275008,1,dbus-daemon,S (sleeping),server-compromised.bnsdq.ozxfs.rzona-vmdrv.kvugl,0.2864371082473398,0
1759301976,3293,1,N/A,N/A,N/A,N/A,N/A,N/A,N/A,N/A,1953800192,1922228224,41988096,N/A,135168,170463232,13,discern-network,S (sleeping),server-compromised.bnsdq.ozxfs.rzona-vmdrv.kvugl,1.1863610232415354,0
1759301976,70443,1,N/A,N/A,N/A,N/A,N/A,N/A,N/A,N/A,1580597248,1580597248,21614592,N/A,135168,82202624,5,discern-interfa,S (sleeping),server-compromised.bnsdq.ozxfs.rzona-vmdrv.kvugl,0.9324669254109771,0
1759301976,70293,1,N/A,N/A,N/A,N/A,N/A,N/A,N/A,N/A,1332027392,1332027392,106532864,N/A,135168,163598336,4,discern-file-so,S (sleeping),server-compromised.bnsdq.ozxfs.rzona-vmdrv.kvugl,63.63832047296858,0
1759301976,70176,1,N/A,N/A,N/A,N/A,N/A,N/A,N/A,N/A,1264619520,1264619520,17207296,N/A,135168,45826048,4,discern-proc-so,S (sleeping),server-compromised.bnsdq.ozxfs.rzona-vmdrv.kvugl,2.6245572015061276,0
1759301981,340,1,103,103,103,103,109,109,109,109,199278592,199278592,192876544,N/A,135168,191549440,1,dbus-daemon,S (sleeping),server-compromised.bnsdq.ozxfs.rzona-vmdrv.kvugl,0.28632822451707857,0
1759301981,70293,1,N/A,N/A,N/A,N/A,N/A,N/A,N/A,N/A,1601003520,1601003520,192094208,N/A,135168,340299776,4,discern-file-so,S (sleeping),server-compromised.bnsdq.ozxfs.rzona-vmdrv.kvugl,68.71976846879306,0
1759301981,3293,1,N/A,N/A,N/A,N/A,N/A,N/A,N/A,N/A,1953800192,1922228224,41988096,N/A,135168,170463232,13,discern-network,S (sleeping),server-compromised.bnsdq.ozxfs.rzona-vmdrv.kvugl,1.185438356297571,0
1759301981,70443,1,N/A,N/A,N/A,N/A,N/A,N/A,N/A,N/A,1580597248,1580597248,21614592,N/A,135168,82202624,5,discern-interfa,S (sleeping),server-compromised.bnsdq.ozxfs.rzona-vmdrv.kvugl,0.26688344288548826,0
1759301981,70176,1,N/A,N/A,N/A,N/A,N/A,N/A,N/A,N/A,1264619520,1264619520,17207296,N/A,135168,45826048,4,discern-proc-so,S (sleeping),server-compromised.bnsdq.ozxfs.rzona-vmdrv.kvugl,2.7562869782007833,0
1759301986,340,1,103,103,103,103,109,109,109,109,199413760,199413760,193105920,N/A,135168,191684608,1,dbus-daemon,S (sleeping),server-compromised.bnsdq.ozxfs.rzona-vmdrv.kvugl,0.2862267270755667,0
1759301986,70293,1,N/A,N/A,N/A,N/A,N/A,N/A,N/A,N/A,1601462272,1601462272,192094208,N/A,135168,340758528,4,discern-file-so,S (sleeping),server-compromised.bnsdq.ozxfs.rzona-vmdrv.kvugl,70.48081636536611,0
1759301986,3293,1,N/A,N/A,N/A,N/A,N/A,N/A,N/A,N/A,1953800192,1922228224,41988096,N/A,135168,170463232,13,discern-network,S (sleeping),server-compromised.bnsdq.ozxfs.rzona-vmdrv.kvugl,1.184336123283428,0
1759301986,70443,1,N/A,N/A,N/A,N/A,N/A,N/A,N/A,N/A,1580597248,1580597248,21614592,N/A,135168,82202624,5,discern-interfa,S (sleeping),server-compromised.bnsdq.ozxfs.rzona-vmdrv.kvugl,0.15720244416788168,0
1759301986,70176,1,N/A,N/A,N/A,N/A,N/A,N/A,N/A,N/A,1264619520,1264619520,17207296,N/A,135168,45826048,4,discern-proc-so,S (sleeping),server-compromised.bnsdq.ozxfs.rzona-vmdrv.kvugl,2.5971490742409786,0
1759301992,340,1,103,103,103,103,109,109,109,109,199548928,199548928,193105920,N/A,135168,191819776,1,dbus-daemon,S (sleeping),server-compromised.bnsdq.ozxfs.rzona-vmdrv.kvugl,0.2859145385638824,0
1759301992,70293,1,N/A,N/A,N/A,N/A,N/A,N/A,N/A,N/A,1601724416,1601724416,192094208,N/A,135168,341020672,4,discern-file-so,R (running),server-compromised.bnsdq.ozxfs.rzona-vmdrv.kvugl,69.45633379107261,0
1759301992,3293,1,N/A,N/A,N/A,N/A,N/A,N/A,N/A,N/A,1953800192,1922228224,41988096,N/A,135168,170463232,13,discern-network,S (sleeping),server-compromised.bnsdq.ozxfs.rzona-vmdrv.kvugl,1.1834190786958128,0
1759301992,70443,1,N/A,N/A,N/A,N/A,N/A,N/A,N/A,N/A,1580597248,1580597248,21614592,N/A,135168,82202624,5,discern-interfa,S (sleeping),server-compromised.bnsdq.ozxfs.rzona-vmdrv.kvugl,0.1107007607648253,0
1759301992,70176,1,N/A,N/A,N/A,N/A,N/A,N/A,N/A,N/A,1264619520,1264619520,17207296,N/A,135168,45826048,4,discern-proc-so,S (sleeping),server-compromised.bnsdq.ozxfs.rzona-vmdrv.kvugl,2.6915026572330234,0
1759301997,340,1,103,103,103,103,109,109,109,109,199987200,199987200,193605632,N/A,135168,192258048,1,dbus-daemon,S (sleeping),server-compromised.bnsdq.ozxfs.rzona-vmdrv.kvugl,0.28621691377354963,0
1759301997,70293,1,N/A,N/A,N/A,N/A,N/A,N/A,N/A,N/A,1601724416,1601724416,227721216,N/A,135168,341020672,4,discern-file-so,D (disk sleep),server-compromised.bnsdq.ozxfs.rzona-vmdrv.kvugl,70.39578915669266,0
1759301997,3293,1,N/A,N/A,N/A,N/A,N/A,N/A,N/A,N/A,1953800192,1922228224,41988096,N/A,135168,170463232,13,discern-network,S (sleeping),server-compromised.bnsdq.ozxfs.rzona-vmdrv.kvugl,1.182302322416558,0
1759301997,70443,1,N/A,N/A,N/A,N/A,N/A,N/A,N/A,N/A,1580597248,1580597248,21614592,N/A,135168,82202624,5,discern-interfa,S (sleeping),server-compromised.bnsdq.ozxfs.rzona-vmdrv.kvugl,0.0855704343426344,0
1759301997,70176,1,N/A,N/A,N/A,N/A,N/A,N/A,N/A,N/A,1264619520,1264619520,17207296,N/A,135168,45826048,4,discern-proc-so,R (running),server-compromised.bnsdq.ozxfs.rzona-vmdrv.kvugl,2.6841786308232423,0
1759302002,340,1,103,103,103,103,109,109,109,109,199987200,199987200,193605632,N/A,135168,192258048,1,dbus-daemon,S (sleeping),server-compromised.bnsdq.ozxfs.rzona-vmdrv.kvugl,0.2859051078854156,0
1759302002,70293,1,N/A,N/A,N/A,N/A,N/A,N/A,N/A,N/A,1601724416,1601724416,227721216,N/A,135168,341020672,4,discern-file-so,R (running),server-compromised.bnsdq.ozxfs.rzona-vmdrv.kvugl,69.98733165608553,0
1759302002,3293,1,N/A,N/A,N/A,N/A,N/A,N/A,N/A,N/A,1953800192,1922228224,41988096,N/A,135168,170463232,13,discern-network,S (sleeping),server-compromised.bnsdq.ozxfs.rzona-vmdrv.kvugl,1.1813883196263086,0
1759302002,70443,1,N/A,N/A,N/A,N/A,N/A,N/A,N/A,N/A,1580597248,1580597248,21614592,N/A,135168,82202624,5,discern-interfa,S (sleeping),server-compromised.bnsdq.ozxfs.rzona-vmdrv.kvugl,0.0696350074316945,0
1759302002,70176,1,N/A,N/A,N/A,N/A,N/A,N/A,N/A,N/A,1264619520,1264619520,17207296,N/A,135168,45826048,4,discern-proc-so,S (sleeping),server-compromised.bnsdq.ozxfs.rzona-vmdrv.kvugl,2.7446579312444634,0
1759302007,340,1,103,103,103,103,109,109,109,109,200257536,200257536,193875968,N/A,135168,192528384,1,dbus-daemon,S (sleeping),server-compromised.bnsdq.ozxfs.rzona-vmdrv.kvugl,0.28601049376196147,0
1759302007,3293,1,N/A,N/A,N/A,N/A,N/A,N/A,N/A,N/A,1953800192,1922228224,41988096,N/A,135168,170463232,13,discern-network,S (sleeping),server-compromised.bnsdq.ozxfs.rzona-vmdrv.kvugl,1.1809402106499358,0
1759302007,70443,1,N/A,N/A,N/A,N/A,N/A,N/A,N/A,N/A,1580597248,1580597248,21614592,N/A,135168,82202624,5,discern-interfa,S (sleeping),server-compromised.bnsdq.ozxfs.rzona-vmdrv.kvugl,0.05899025774993658,0
1759302007,70176,1,N/A,N/A,N/A,N/A,N/A,N/A,N/A,N/A,1264619520,1264619520,17207296,N/A,135168,45826048,4,discern-proc-so,R (running),server-compromised.bnsdq.ozxfs.rzona-vmdrv.kvugl,2.7809580534049494,0
1759302007,70814,1,N/A,N/A,N/A,N/A,N/A,N/A,N/A,N/A,728137728,728137728,8781824,N/A,135168,105218048,5,foundryc,S (sleeping),server-compromised.bnsdq.ozxfs.rzona-vmdrv.kvugl,0.0,0
1759302012,340,1,103,103,103,103,109,109,109,109,200392704,200392704,193875968,N/A,135168,192663552,1,dbus-daemon,S (sleeping),server-compromised.bnsdq.ozxfs.rzona-vmdrv.kvugl,0.2859176959892061,0
1759302012,3293,1,N/A,N/A,N/A,N/A,N/A,N/A,N/A,N/A,1953800192,1922228224,41988096,N/A,135168,170463232,13,discern-network,S (sleeping),server-compromised.bnsdq.ozxfs.rzona-vmdrv.kvugl,1.1800936035918101,0
1759302013,70443,1,N/A,N/A,N/A,N/A,N/A,N/A,N/A,N/A,1580597248,1580597248,21614592,N/A,135168,82202624,5,discern-interfa,S (sleeping),server-compromised.bnsdq.ozxfs.rzona-vmdrv.kvugl,0.05128622604791819,0
1759302013,70176,1,N/A,N/A,N/A,N/A,N/A,N/A,N/A,N/A,1264619520,1264619520,17207296,N/A,135168,45826048,4,discern-proc-so,R (running),server-compromised.bnsdq.ozxfs.rzona-vmdrv.kvugl,2.6482981997432944,0
1759302013,3677,1,N/A,N/A,N/A,N/A,N/A,N/A,N/A,N/A,1264021504,1264021504,13598720,N/A,135168,45559808,4,discern-cpu-sor,S (sleeping),server-compromised.bnsdq.ozxfs.rzona-vmdrv.kvugl,0.019695056795638693,0
1759302018,340,1,103,103,103,103,109,109,109,109,200663040,200663040,194146304,N/A,135168,192933888,1,dbus-daemon,S (sleeping),server-compromised.bnsdq.ozxfs.rzona-vmdrv.kvugl,0.28582011358716486,0
1759302018,3293,1,N/A,N/A,N/A,N/A,N/A,N/A,N/A,N/A,1953800192,1922228224,41988096,N/A,135168,170463232,13,discern-network,S (sleeping),server-compromised.bnsdq.ozxfs.rzona-vmdrv.kvugl,1.1794381849028326,0
1759302018,70176,1,N/A,N/A,N/A,N/A,N/A,N/A,N/A,N/A,1264619520,1264619520,17207296,N/A,135168,45826048,4,discern-proc-so,R (running),server-compromised.bnsdq.ozxfs.rzona-vmdrv.kvugl,2.7038195356405454,0
1759302018,70443,1,N/A,N/A,N/A,N/A,N/A,N/A,N/A,N/A,1580597248,1580597248,21614592,N/A,135168,82202624,5,discern-interfa,S (sleeping),server-compromised.bnsdq.ozxfs.rzona-vmdrv.kvugl,0.04527382024895899,0
1759302018,3677,1,N/A,N/A,N/A,N/A,N/A,N/A,N/A,N/A,1264021504,1264021504,13598720,N/A,135168,45559808,4,discern-cpu-sor,S (sleeping),server-compromised.bnsdq.ozxfs.rzona-vmdrv.kvugl,0.019673480586555967,0
1759302023,340,1,103,103,103,103,109,109,109,109,200798208,200798208,194416640,N/A,135168,193069056,1,dbus-daemon,S (sleeping),server-compromised.bnsdq.ozxfs.rzona-vmdrv.kvugl,0.285725332545056,0
1759302023,3293,1,N/A,N/A,N/A,N/A,N/A,N/A,N/A,N/A,1953800192,1922228224,41988096,N/A,135168,170463232,13,discern-network,S (sleeping),server-compromised.bnsdq.ozxfs.rzona-vmdrv.kvugl,1.178795283359948,0
1759302023,70176,1,N/A,N/A,N/A,N/A,N/A,N/A,N/A,N/A,1264619520,1264619520,17207296,N/A,135168,45826048,4,discern-proc-so,R (running),server-compromised.bnsdq.ozxfs.rzona-vmdrv.kvugl,2.6745624342509244,0
1759302023,70443,1,N/A,N/A,N/A,N/A,N/A,N/A,N/A,N/A,1580597248,1580597248,21614592,N/A,135168,82202624,5,discern-interfa,S (sleeping),server-compromised.bnsdq.ozxfs.rzona-vmdrv.kvugl,0.040559913382716646,0
1759302023,3677,1,N/A,N/A,N/A,N/A,N/A,N/A,N/A,N/A,1264021504,1264021504,13598720,N/A,135168,45559808,4,discern-cpu-sor,S (sleeping),server-compromised.bnsdq.ozxfs.rzona-vmdrv.kvugl,0.01986344983752219,0
1759302028,340,1,103,103,103,103,109,109,109,109,200933376,200933376,194416640,N/A,135168,193204224,1,dbus-daemon,S (sleeping),server-compromised.bnsdq.ozxfs.rzona-vmdrv.kvugl,0.28562802504468654,0
1759302028,3293,1,N/A,N/A,N/A,N/A,N/A,N/A,N/A,N/A,1953800192,1922228224,41988096,N/A,135168,170463232,13,discern-network,S (sleeping),server-compromised.bnsdq.ozxfs.rzona-vmdrv.kvugl,1.1779319403995905,0
1759302028,70176,1,N/A,N/A,N/A,N/A,N/A,N/A,N/A,N/A,1264619520,1264619520,17207296,N/A,135168,45826048,4,discern-proc-so,S (sleeping),server-compromised.bnsdq.ozxfs.rzona-vmdrv.kvugl,2.719793064593608,0
1759302028,70443,1,N/A,N/A,N/A,N/A,N/A,N/A,N/A,N/A,1580597248,1580597248,21614592,N/A,135168,82202624,5,discern-interfa,S (sleeping),server-compromised.bnsdq.ozxfs.rzona-vmdrv.kvugl,0.03670351581365043,0
1759302028,3677,1,N/A,N/A,N/A,N/A,N/A,N/A,N/A,N/A,1264021504,1264021504,13598720,N/A,135168,45559808,4,discern-cpu-sor,S (sleeping),server-compromised.bnsdq.ozxfs.rzona-vmdrv.kvugl,0.019841727234214304,0
1759302033,340,1,103,103,103,103,109,109,109,109,201068544,201068544,194686976,N/A,135168,193339392,1,dbus-daemon,S (sleeping),server-compromised.bnsdq.ozxfs.rzona-vmdrv.kvugl,0.2857354692706635,0
1759302033,3293,1,N/A,N/A,N/A,N/A,N/A,N/A,N/A,N/A,1953800192,1922228224,41988096,N/A,135168,170463232,13,discern-network,S (sleeping),server-compromised.bnsdq.ozxfs.rzona-vmdrv.kvugl,1.1772897797004394,0
1759302033,70176,1,N/A,N/A,N/A,N/A,N/A,N/A,N/A,N/A,1264619520,1264619520,17207296,N/A,135168,45826048,4,discern-proc-so,R (running),server-compromised.bnsdq.ozxfs.rzona-vmdrv.kvugl,2.69314899824351,0
1759302033,70443,1,N/A,N/A,N/A,N/A,N/A,N/A,N/A,N/A,1580597248,1580597248,21614592,N/A,135168,82202624,5,discern-interfa,S (sleeping),server-compromised.bnsdq.ozxfs.rzona-vmdrv.kvugl,0.033537955794519084,0
1759302033,3677,1,N/A,N/A,N/A,N/A,N/A,N/A,N/A,N/A,1264021504,1264021504,13598720,N/A,135168,45559808,4,discern-cpu-sor,S (sleeping),server-compromised.bnsdq.ozxfs.rzona-vmdrv.kvugl,0.01982020953258464,0
1759302038,340,1,103,103,103,103,109,109,109,109,201203712,201203712,194957312,N/A,135168,193474560,1,dbus-daemon,S (sleeping),server-compromised.bnsdq.ozxfs.rzona-vmdrv.kvugl,0.28563851813244917,0
1759302038,3293,1,N/A,N/A,N/A,N/A,N/A,N/A,N/A,N/A,1953800192,1922228224,41988096,N/A,135168,170463232,13,discern-network,S (sleeping),server-compromised.bnsdq.ozxfs.rzona-vmdrv.kvugl,1.1766403667738394,0
1759302038,70176,1,N/A,N/A,N/A,N/A,N/A,N/A,N/A,N/A,1264619520,1264619520,17207296,N/A,135168,45826048,4,discern-proc-so,R (running),server-compromised.bnsdq.ozxfs.rzona-vmdrv.kvugl,2.731416901029803,0
1759302038,70443,1,N/A,N/A,N/A,N/A,N/A,N/A,N/A,N/A,1580597248,1580597248,21614592,N/A,135168,82202624,5,discern-interfa,S (sleeping),server-compromised.bnsdq.ozxfs.rzona-vmdrv.kvugl,0.030858404174540676,0
1759302038,3677,1,N/A,N/A,N/A,N/A,N/A,N/A,N/A,N/A,1264021504,1264021504,13598720,N/A,135168,45559808,4,discern-cpu-sor,S (sleeping),server-compromised.bnsdq.ozxfs.rzona-vmdrv.kvugl,0.01979859215848133,0
1759302043,340,1,103,103,103,103,109,109,109,109,201609216,201609216,195227648,N/A,135168,193880064,1,dbus-daemon,S (sleeping),server-compromised.bnsdq.ozxfs.rzona-vmdrv.kvugl,0.28594561389680406,0
1759302043,3293,1,N/A,N/A,N/A,N/A,N/A,N/A,N/A,N/A,1953800192,1922228224,41988096,N/A,135168,170463232,13,discern-network,S (sleeping),server-compromised.bnsdq.ozxfs.rzona-vmdrv.kvugl,1.1759922274632246,0
1759302043,70176,1,N/A,N/A,N/A,N/A,N/A,N/A,N/A,N/A,1264619520,1264619520,17207296,N/A,135168,45826048,4,discern-proc-so,S (sleeping),server-compromised.bnsdq.ozxfs.rzona-vmdrv.kvugl,2.7414722911877307,0
1759302043,70443,1,N/A,N/A,N/A,N/A,N/A,N/A,N/A,N/A,1580597248,1580597248,21614592,N/A,135168,82202624,5,discern-interfa,S (sleeping),server-compromised.bnsdq.ozxfs.rzona-vmdrv.kvugl,0.028575115939495976,0
1759302044,3677,1,N/A,N/A,N/A,N/A,N/A,N/A,N/A,N/A,1264021504,1264021504,13598720,N/A,135168,45559808,4,discern-cpu-sor,S (sleeping),server-compromised.bnsdq.ozxfs.rzona-vmdrv.kvugl,0.01977702014115568,0
1759302049,340,1,103,103,103,103,109,109,109,109,201744384,201744384,195227648,N/A,135168,194015232,1,dbus-daemon,S (sleeping),server-compromised.bnsdq.ozxfs.rzona-vmdrv.kvugl,0.28564722776308205,0
1759302049,3293,1,N/A,N/A,N/A,N/A,N/A,N/A,N/A,N/A,1953800192,1922228224,41988096,N/A,135168,170463232,13,discern-network,S (sleeping),server-compromised.bnsdq.ozxfs.rzona-vmdrv.kvugl,1.17555623089274,0
1759302049,70176,1,N/A,N/A,N/A,N/A,N/A,N/A,N/A,N/A,1264619520,1264619520,17207296,N/A,135168,45826048,4,discern-proc-so,R (running),server-compromised.bnsdq.ozxfs.rzona-vmdrv.kvugl,2.7505521415863003,0
1759302049,70443,1,N/A,N/A,N/A,N/A,N/A,N/A,N/A,N/A,1580597248,1580597248,21614592,N/A,135168,82202624,5,discern-interfa,S (sleeping),server-compromised.bnsdq.ozxfs.rzona-vmdrv.kvugl,0.0266084930766767,0
1759302049,3677,1,N/A,N/A,N/A,N/A,N/A,N/A,N/A,N/A,1264021504,1264021504,13598720,N/A,135168,45559808,4,discern-cpu-sor,S (sleeping),server-compromised.bnsdq.ozxfs.rzona-vmdrv.kvugl,0.0197555188078696,0
1759302054,340,1,103,103,103,103,109,109,109,109,201879552,201879552,195497984,N/A,135168,194150400,1,dbus-daemon,S (sleeping),server-compromised.bnsdq.ozxfs.rzona-vmdrv.kvugl,0.28575205883606497,0
1759302054,3293,1,N/A,N/A,N/A,N/A,N/A,N/A,N/A,N/A,1953800192,1922228224,41988096,N/A,135168,170463232,13,discern-network,S (sleeping),server-compromised.bnsdq.ozxfs.rzona-vmdrv.kvugl,1.1749102572607002,0
1759302054,70176,1,N/A,N/A,N/A,N/A,N/A,N/A,N/A,N/A,1264619520,1264619520,17207296,N/A,135168,45826048,4,discern-proc-so,S (sleeping),server-compromised.bnsdq.ozxfs.rzona-vmdrv.kvugl,2.7689158914266767,0
1759302054,70443,1,N/A,N/A,N/A,N/A,N/A,N/A,N/A,N/A,1580597248,1580597248,21614592,N/A,135168,82202624,5,discern-interfa,S (sleeping),server-compromised.bnsdq.ozxfs.rzona-vmdrv.kvugl,0.024892862309874794,0
1759302054,3677,1,N/A,N/A,N/A,N/A,N/A,N/A,N/A,N/A,1264021504,1264021504,13598720,N/A,135168,45559808,4,discern-cpu-sor,S (sleeping),server-compromised.bnsdq.ozxfs.rzona-vmdrv.kvugl,0.01973403383310006,0
1759302059,340,1,103,103,103,103,109,109,109,109,202014720,202014720,195768320,N/A,135168,194285568,1,dbus-daemon,S (sleeping),server-compromised.bnsdq.ozxfs.rzona-vmdrv.kvugl,0.28585822229834434,0
1759302059,3293,1,N/A,N/A,N/A,N/A,N/A,N/A,N/A,N/A,1953800192,1922228224,41988096,N/A,135168,170463232,13,discern-network,S (sleeping),server-compromised.bnsdq.ozxfs.rzona-vmdrv.kvugl,1.174272285116961,0
1759302059,70176,1,N/A,N/A,N/A,N/A,N/A,N/A,N/A,N/A,1264619520,1264619520,17207296,N/A,135168,45826048,4,discern-proc-so,S (sleeping),server-compromised.bnsdq.ozxfs.rzona-vmdrv.kvugl,2.7662330427618653,0
1759302059,70443,1,N/A,N/A,N/A,N/A,N/A,N/A,N/A,N/A,1580597248,1580597248,21614592,N/A,135168,82202624,5,discern-interfa,S (sleeping),server-compromised.bnsdq.ozxfs.rzona-vmdrv.kvugl,0.023392422270381498,0
1759302059,3677,1,N/A,N/A,N/A,N/A,N/A,N/A,N/A,N/A,1264021504,1264021504,13598720,N/A,135168,45559808,4,discern-cpu-sor,S (sleeping),server-compromised.bnsdq.ozxfs.rzona-vmdrv.kvugl,0.019922416279865948,0
1759302064,340,1,103,103,103,103,109,109,109,109,202285056,202285056,195768320,N/A,135168,194555904,1,dbus-daemon,S (sleeping),server-compromised.bnsdq.ozxfs.rzona-vmdrv.kvugl,0.2857614036544624,0
1759302064,3293,1,N/A,N/A,N/A,N/A,N/A,N/A,N/A,N/A,1953800192,1922228224,41988096,N/A,135168,170463232,13,discern-network,S (sleeping),server-compromised.bnsdq.ozxfs.rzona-vmdrv.kvugl,1.1736286017022375,0
1759302064,70176,1,N/A,N/A,N/A,N/A,N/A,N/A,N/A,N/A,1264619520,1264619520,17207296,N/A,135168,45826048,4,discern-proc-so,S (sleeping),server-compromised.bnsdq.ozxfs.rzona-vmdrv.kvugl,2.772517368024048,0
1759302064,70443,1,N/A,N/A,N/A,N/A,N/A,N/A,N/A,N/A,1580597248,1580597248,21614592,N/A,135168,82202624,5,discern-interfa,S (sleeping),server-compromised.bnsdq.ozxfs.rzona-vmdrv.kvugl,0.022055525409875952,0
1759302064,3677,1,N/A,N/A,N/A,N/A,N/A,N/A,N/A,N/A,1264021504,1264021504,13598720,N/A,135168,45559808,4,discern-cpu-sor,S (sleeping),server-compromised.bnsdq.ozxfs.rzona-vmdrv.kvugl,0.01990078800658008,0
1759302069,340,1,103,103,103,103,109,109,109,109,202420224,202420224,196038656,N/A,135168,194691072,1,dbus-daemon,S (sleeping),server-compromised.bnsdq.ozxfs.rzona-vmdrv.kvugl,0.2858676214909355,0
1759302069,3293,1,N/A,N/A,N/A,N/A,N/A,N/A,N/A,N/A,1953800192,1922228224,41988096,N/A,135168,170463232,13,discern-network,S (sleeping),server-compromised.bnsdq.ozxfs.rzona-vmdrv.kvugl,1.173202971819543,0
1759302069,70176,1,N/A,N/A,N/A,N/A,N/A,N/A,N/A,N/A,1264619520,1264619520,17207296,N/A,135168,45826048,4,discern-proc-so,S (sleeping),server-compromised.bnsdq.ozxfs.rzona-vmdrv.kvugl,2.761017285166143,0
1759302069,70443,1,N/A,N/A,N/A,N/A,N/A,N/A,N/A,N/A,1580597248,1580597248,21614592,N/A,135168,82202624,5,discern-interfa,S (sleeping),server-compromised.bnsdq.ozxfs.rzona-vmdrv.kvugl,0.020870547180773972,0
1759302069,3677,1,N/A,N/A,N/A,N/A,N/A,N/A,N/A,N/A,1264021504,1264021504,13598720,N/A,135168,45559808,4,discern-cpu-sor,S (sleeping),server-compromised.bnsdq.ozxfs.rzona-vmdrv.kvugl,0.01987934729067833,0
1759302074,340,1,103,103,103,103,109,109,109,109,202555392,202555392,196038656,N/A,135168,194826240,1,dbus-daemon,S (sleeping),server-compromised.bnsdq.ozxfs.rzona-vmdrv.kvugl,0.28577169388913987,0
1759302075,3293,1,N/A,N/A,N/A,N/A,N/A,N/A,N/A,N/A,1953800192,1922228224,41988096,N/A,135168,170463232,13,discern-network,S (sleeping),server-compromised.bnsdq.ozxfs.rzona-vmdrv.kvugl,1.1727729622138368,0
1759302075,70176,1,N/A,N/A,N/A,N/A,N/A,N/A,N/A,N/A,1264619520,1264619520,17207296,N/A,135168,45826048,4,discern-proc-so,S (sleeping),server-compromised.bnsdq.ozxfs.rzona-vmdrv.kvugl,2.7758865576452885,0
1759302075,70443,1,N/A,N/A,N/A,N/A,N/A,N/A,N/A,N/A,1580597248,1580597248,21614592,N/A,135168,82202624,5,discern-interfa,S (sleeping),server-compromised.bnsdq.ozxfs.rzona-vmdrv.kvugl,0.019802162590249712,0
1759302075,3677,1,N/A,N/A,N/A,N/A,N/A,N/A,N/A,N/A,1264021504,1264021504,13598720,N/A,135168,45559808,4,discern-cpu-sor,S (sleeping),server-compromised.bnsdq.ozxfs.rzona-vmdrv.kvugl,0.01985786300977102,0
1759302080,340,1,103,103,103,103,109,109,109,109,202690560,202690560,196308992,N/A,135168,194961408,1,dbus-daemon,S (sleeping),server-compromised.bnsdq.ozxfs.rzona-vmdrv.kvugl,0.2856776763359468,0
1759302080,3293,1,N/A,N/A,N/A,N/A,N/A,N/A,N/A,N/A,1953800192,1922228224,41988096,N/A,135168,170463232,13,discern-network,S (sleeping),server-compromised.bnsdq.ozxfs.rzona-vmdrv.kvugl,1.1721432260136244,0
1759302080,70176,1,N/A,N/A,N/A,N/A,N/A,N/A,N/A,N/A,1264619520,1264619520,17207296,N/A,135168,45826048,4,discern-proc-so,S (sleeping),server-compromised.bnsdq.ozxfs.rzona-vmdrv.kvugl,2.7654086506046878,0
1759302080,70443,1,N/A,N/A,N/A,N/A,N/A,N/A,N/A,N/A,1580597248,1580597248,21614592,N/A,135168,82202624,5,discern-interfa,S (sleeping),server-compromised.bnsdq.ozxfs.rzona-vmdrv.kvugl,0.01884312152600105,0
1759302080,3677,1,N/A,N/A,N/A,N/A,N/A,N/A,N/A,N/A,1264021504,1264021504,13598720,N/A,135168,45559808,4,discern-cpu-sor,S (sleeping),server-compromised.bnsdq.ozxfs.rzona-vmdrv.kvugl,0.01983654814181191,0
1759302085,340,1,103,103,103,103,109,109,109,109,202960896,202960896,196579328,N/A,135168,195231744,1,dbus-daemon,S (sleeping),server-compromised.bnsdq.ozxfs.rzona-vmdrv.kvugl,0.28557567425305946,0
1759302085,3293,1,N/A,N/A,N/A,N/A,N/A,N/A,N/A,N/A,1953800192,1922228224,41988096,N/A,135168,170463232,13,discern-network,S (sleeping),server-compromised.bnsdq.ozxfs.rzona-vmdrv.kvugl,1.1714799850808466,0
1759302085,70443,1,N/A,N/A,N/A,N/A,N/A,N/A,N/A,N/A,1580597248,1580597248,21614592,N/A,135168,82202624,5,discern-interfa,S (sleeping),server-compromised.bnsdq.ozxfs.rzona-vmdrv.kvugl,0.017949558932268805,0
1759302085,70176,1,N/A,N/A,N/A,N/A,N/A,N/A,N/A,N/A,1264619520,1264619520,17207296,N/A,135168,45826048,4,discern-proc-so,S (sleeping),server-compromised.bnsdq.ozxfs.rzona-vmdrv.kvugl,2.7842923939758517,0
1759302085,3677,1,N/A,N/A,N/A,N/A,N/A,N/A,N/A,N/A,1264021504,1264021504,13598720,N/A,135168,45559808,4,discern-cpu-sor,S (sleeping),server-compromised.bnsdq.ozxfs.rzona-vmdrv.kvugl,0.01981468620236244,0
1759302090,340,1,103,103,103,103,109,109,109,109,203231232,203231232,196849664,N/A,135168,195502080,1,dbus-daemon,S (sleeping),server-compromised.bnsdq.ozxfs.rzona-vmdrv.kvugl,0.2856788631341556,0
1759302090,3293,1,N/A,N/A,N/A,N/A,N/A,N/A,N/A,N/A,1953800192,1922228224,41988096,N/A,135168,170463232,13,discern-network,S (sleeping),server-compromised.bnsdq.ozxfs.rzona-vmdrv.kvugl,1.1710467084910392,0
1759302090,70176,1,N/A,N/A,N/A,N/A,N/A,N/A,N/A,N/A,1264619520,1264619520,17207296,N/A,135168,45826048,4,discern-proc-so,R (running),server-compromised.bnsdq.ozxfs.rzona-vmdrv.kvugl,2.7883305346095812,0
1759302090,70443,1,N/A,N/A,N/A,N/A,N/A,N/A,N/A,N/A,1580597248,1580597248,21614592,N/A,135168,82202624,5,discern-interfa,S (sleeping),server-compromised.bnsdq.ozxfs.rzona-vmdrv.kvugl,0.01714970683396095,0
1759302090,3677,1,N/A,N/A,N/A,N/A,N/A,N/A,N/A,N/A,1264021504,1264021504,13598720,N/A,135168,45559808,4,discern-cpu-sor,S (sleeping),server-compromised.bnsdq.ozxfs.rzona-vmdrv.kvugl,0.01979323295672304,0
1759302095,340,1,103,103,103,103,109,109,109,109,203366400,203366400,197120000,N/A,135168,195637248,1,dbus-daemon,S (sleeping),server-compromised.bnsdq.ozxfs.rzona-vmdrv.kvugl,0.2855842796596673,0
1759302095,3293,1,N/A,N/A,N/A,N/A,N/A,N/A,N/A,N/A,1953800192,1922228224,41988096,N/A,135168,170463232,13,discern-network,S (sleeping),server-compromised.bnsdq.ozxfs.rzona-vmdrv.kvugl,1.17041680567687,0
1759302095,70176,1,N/A,N/A,N/A,N/A,N/A,N/A,N/A,N/A,1264619520,1264619520,17207296,N/A,135168,45826048,4,discern-proc-so,R (running),server-compromised.bnsdq.ozxfs.rzona-vmdrv.kvugl,2.756310904364482,0
1759302095,70443,1,N/A,N/A,N/A,N/A,N/A,N/A,N/A,N/A,1580597248,1580597248,21614592,N/A,135168,82202624,5,discern-interfa,S (sleeping),server-compromised.bnsdq.ozxfs.rzona-vmdrv.kvugl,0.016423446518450843,0
1759302095,3677,1,N/A,N/A,N/A,N/A,N/A,N/A,N/A,N/A,1264021504,1264021504,13598720,N/A,135168,45559808,4,discern-cpu-sor,S (sleeping),server-compromised.bnsdq.ozxfs.rzona-vmdrv.kvugl,0.019771988512481544,0
1759302100,340,1,103,103,103,103,109,109,109,109,203636736,203636736,197120000,N/A,135168,195907584,1,dbus-daemon,S (sleeping),server-compromised.bnsdq.ozxfs.rzona-vmdrv.kvugl,0.28548966708415824,0
1759302100,3293,1,N/A,N/A,N/A,N/A,N/A,N/A,N/A,N/A,1953800192,1922228224,41988096,N/A,135168,170463232,13,discern-network,S (sleeping),server-compromised.bnsdq.ozxfs.rzona-vmdrv.kvugl,1.1728929145702551,0
1759302100,70176,1,N/A,N/A,N/A,N/A,N/A,N/A,N/A,N/A,1264619520,1264619520,17207296,N/A,135168,45826048,4,discern-proc-so,S (sleeping),server-compromised.bnsdq.ozxfs.rzona-vmdrv.kvugl,2.754722953410786,0
1759302100,70443,1,N/A,N/A,N/A,N/A,N/A,N/A,N/A,N/A,1580597248,1580597248,21614592,N/A,135168,82202624,5,discern-interfa,S (sleeping),server-compromised.bnsdq.ozxfs.rzona-vmdrv.kvugl,0.015755705163265896,0
1759302100,3677,1,N/A,N/A,N/A,N/A,N/A,N/A,N/A,N/A,1264021504,1264021504,13598720,N/A,135168,45559808,4,discern-cpu-sor,S (sleeping),server-compromised.bnsdq.ozxfs.rzona-vmdrv.kvugl,0.019750773352326122,0
1759302106,340,1,103,103,103,103,109,109,109,109,203771904,203771904,197390336,N/A,135168,196042752,1,dbus-daemon,S (sleeping),server-compromised.bnsdq.ozxfs.rzona-vmdrv.kvugl,0.2857952104543547,0
1759302106,3293,1,N/A,N/A,N/A,N/A,N/A,N/A,N/A,N/A,1953800192,1922228224,41988096,N/A,135168,170463232,13,discern-network,S (sleeping),server-compromised.bnsdq.ozxfs.rzona-vmdrv.kvugl,1.176816108372513,0
1759302106,70176,1,N/A,N/A,N/A,N/A,N/A,N/A,N/A,N/A,1264619520,1264619520,17207296,N/A,135168,45826048,4,discern-proc-so,R (running),server-compromised.bnsdq.ozxfs.rzona-vmdrv.kvugl,2.7400039412311874,0
1759302106,70443,1,N/A,N/A,N/A,N/A,N/A,N/A,N/A,N/A,1580597248,1580597248,21614592,N/A,135168,82202624,5,discern-interfa,S (sleeping),server-compromised.bnsdq.ozxfs.rzona-vmdrv.kvugl,0.015142314725597105,0
1759302106,3677,1,N/A,N/A,N/A,N/A,N/A,N/A,N/A,N/A,1264021504,1264021504,13598720,N/A,135168,45559808,4,discern-cpu-sor,S (sleeping),server-compromised.bnsdq.ozxfs.rzona-vmdrv.kvugl,0.019729681082177514,0
1759302111,340,1,103,103,103,103,109,109,109,109,203907072,203907072,197390336,N/A,135168,196177920,1,dbus-daemon,S (sleeping),server-compromised.bnsdq.ozxfs.rzona-vmdrv.kvugl,0.28570055100018843,0
1759302111,3293,1,N/A,N/A,N/A,N/A,N/A,N/A,N/A,N/A,1953800192,1922228224,41988096,N/A,135168,170463232,13,discern-network,S (sleeping),server-compromised.bnsdq.ozxfs.rzona-vmdrv.kvugl,1.1807262348663894,0
1759302111,70176,1,N/A,N/A,N/A,N/A,N/A,N/A,N/A,N/A,1264619520,1264619520,17207296,N/A,135168,45826048,4,discern-proc-so,S (sleeping),server-compromised.bnsdq.ozxfs.rzona-vmdrv.kvugl,2.739068829613619,0
1759302111,70443,1,N/A,N/A,N/A,N/A,N/A,N/A,N/A,N/A,1580597248,1580597248,21614592,N/A,135168,82202624,5,discern-interfa,S (sleeping),server-compromised.bnsdq.ozxfs.rzona-vmdrv.kvugl,0.014572837631342412,0
1759302111,3677,1,N/A,N/A,N/A,N/A,N/A,N/A,N/A,N/A,1264021504,1264021504,13598720,N/A,135168,45559808,4,discern-cpu-sor,S (sleeping),server-compromised.bnsdq.ozxfs.rzona-vmdrv.kvugl,0.01970855500026279,0
1759302116,340,1,103,103,103,103,109,109,109,109,204066816,204066816,197660672,N/A,135168,196337664,1,dbus-daemon,S (sleeping),server-compromised.bnsdq.ozxfs.rzona-vmdrv.kvugl,0.28560744130154775,0
1759302116,3293,1,N/A,N/A,N/A,N/A,N/A,N/A,N/A,N/A,1953800192,1922228224,41988096,N/A,135168,170463232,13,discern-network,S (sleeping),server-compromised.bnsdq.ozxfs.rzona-vmdrv.kvugl,1.184633855837753,0
1759302116,70176,1,N/A,N/A,N/A,N/A,N/A,N/A,N/A,N/A,1264619520,1264619520,17207296,N/A,135168,45826048,4,discern-proc-so,S (sleeping),server-compromised.bnsdq.ozxfs.rzona-vmdrv.kvugl,2.7259021842744016,0
1759302116,70443,1,N/A,N/A,N/A,N/A,N/A,N/A,N/A,N/A,1580597248,1580597248,21614592,N/A,135168,82202624,5,discern-interfa,S (sleeping),server-compromised.bnsdq.ozxfs.rzona-vmdrv.kvugl,0.014046987113416771,0
1759302116,3677,1,N/A,N/A,N/A,N/A,N/A,N/A,N/A,N/A,1264021504,1264021504,13598720,N/A,135168,45559808,4,discern-cpu-sor,S (sleeping),server-compromised.bnsdq.ozxfs.rzona-vmdrv.kvugl,0.019894808693671287,0
1759302121,340,1,103,103,103,103,109,109,109,109,204341248,204341248,197931008,N/A,135168,196612096,1,dbus-daemon,S (sleeping),server-compromised.bnsdq.ozxfs.rzona-vmdrv.kvugl,0.285512566340443,0
1759302121,3293,1,N/A,N/A,N/A,N/A,N/A,N/A,N/A,N/A,1953800192,1922228224,41988096,N/A,135168,170463232,13,discern-network,S (sleeping),server-compromised.bnsdq.ozxfs.rzona-vmdrv.kvugl,1.1891432398121848,0
1759302121,70176,1,N/A,N/A,N/A,N/A,N/A,N/A,N/A,N/A,1264619520,1264619520,17207296,N/A,135168,45826048,4,discern-proc-so,R (running),server-compromised.bnsdq.ozxfs.rzona-vmdrv.kvugl,2.7252958774949767,0
1759302121,70443,1,N/A,N/A,N/A,N/A,N/A,N/A,N/A,N/A,1580597248,1580597248,21614592,N/A,135168,82202624,5,discern-interfa,S (sleeping),server-compromised.bnsdq.ozxfs.rzona-vmdrv.kvugl,0.013554611486977227,0
1759302121,3677,1,N/A,N/A,N/A,N/A,N/A,N/A,N/A,N/A,1264021504,1264021504,13598720,N/A,135168,45559808,4,discern-cpu-sor,S (sleeping),server-compromised.bnsdq.ozxfs.rzona-vmdrv.kvugl,0.019873507782630962,0
1759302126,340,1,103,103,103,103,109,109,109,109,204476416,204476416,198201344,N/A,135168,196747264,1,dbus-daemon,S (sleeping),server-compromised.bnsdq.ozxfs.rzona-vmdrv.kvugl,0.28561459785429905,0
1759302126,3293,1,N/A,N/A,N/A,N/A,N/A,N/A,N/A,N/A,1953800192,1922228224,41988096,N/A,135168,170463232,13,discern-network,S (sleeping),server-compromised.bnsdq.ozxfs.rzona-vmdrv.kvugl,1.1934287275984012,0
1759302126,70176,1,N/A,N/A,N/A,N/A,N/A,N/A,N/A,N/A,1264619520,1264619520,17207296,N/A,135168,45826048,4,discern-proc-so,S (sleeping),server-compromised.bnsdq.ozxfs.rzona-vmdrv.kvugl,2.7122484809186593,0
1759302126,70443,1,N/A,N/A,N/A,N/A,N/A,N/A,N/A,N/A,1580597248,1580597248,21614592,N/A,135168,82202624,5,discern-interfa,S (sleeping),server-compromised.bnsdq.ozxfs.rzona-vmdrv.kvugl,0.013092617990332331,0
1759302126,3677,1,N/A,N/A,N/A,N/A,N/A,N/A,N/A,N/A,1264021504,1264021504,13598720,N/A,135168,45559808,4,discern-cpu-sor,S (sleeping),server-compromised.bnsdq.ozxfs.rzona-vmdrv.kvugl,0.019852107306539968,0
1759302141,340,1,103,103,103,103,109,109,109,109,205152256,205152256,198742016,N/A,135168,197423104,1,dbus-daemon,S (sleeping),server-compromised.bnsdq.ozxfs.rzona-vmdrv.kvugl,0.28558135313005334,0
1759302141,3293,1,N/A,N/A,N/A,N/A,N/A,N/A,N/A,N/A,1953800192,1922228224,41988096,N/A,135168,170463232,13,discern-network,S (sleeping),server-compromised.bnsdq.ozxfs.rzona-vmdrv.kvugl,1.2040203975790138,0
1759302141,72604,1,N/A,N/A,N/A,N/A,N/A,N/A,N/A,N/A,1264619520,1264619520,16220160,N/A,135168,45826048,4,discern-proc-so,R (running),server-compromised.bnsdq.ozxfs.rzona-vmdrv.kvugl,6.669236333306239,0
1759302141,70443,1,N/A,N/A,N/A,N/A,N/A,N/A,N/A,N/A,1580597248,1580597248,21614592,N/A,135168,82202624,5,discern-interfa,S (sleeping),server-compromised.bnsdq.ozxfs.rzona-vmdrv.kvugl,0.011951031026777453,0
1759302141,3677,1,N/A,N/A,N/A,N/A,N/A,N/A,N/A,N/A,1264021504,1264021504,13598720,N/A,135168,45559808,4,discern-cpu-sor,S (sleeping),server-compromised.bnsdq.ozxfs.rzona-vmdrv.kvugl,0.019792387442313188,0
1759302146,340,1,103,103,103,103,109,109,109,109,205287424,205287424,198742016,N/A,135168,197558272,1,dbus-daemon,S (sleeping),server-compromised.bnsdq.ozxfs.rzona-vmdrv.kvugl,0.2854873605276838,0
1759302146,3293,1,N/A,N/A,N/A,N/A,N/A,N/A,N/A,N/A,1953800192,1922228224,41988096,N/A,135168,170463232,13,discern-network,S (sleeping),server-compromised.bnsdq.ozxfs.rzona-vmdrv.kvugl,1.2078725004468718,0
1759302146,72604,1,N/A,N/A,N/A,N/A,N/A,N/A,N/A,N/A,1264619520,1264619520,17076224,N/A,135168,45826048,4,discern-proc-so,S (sleeping),server-compromised.bnsdq.ozxfs.rzona-vmdrv.kvugl,3.5304836854671917,0
1759302146,70443,1,N/A,N/A,N/A,N/A,N/A,N/A,N/A,N/A,1580597248,1580597248,21614592,N/A,135168,82202624,5,discern-interfa,S (sleeping),server-compromised.bnsdq.ozxfs.rzona-vmdrv.kvugl,0.011593208282869359,0
1759302146,3677,1,N/A,N/A,N/A,N/A,N/A,N/A,N/A,N/A,1264021504,1264021504,13598720,N/A,135168,45559808,4,discern-cpu-sor,S (sleeping),server-compromised.bnsdq.ozxfs.rzona-vmdrv.kvugl,0.019771332599412085,0
1759302151,340,1,103,103,103,103,109,109,109,109,205430784,205430784,199012352,N/A,135168,197701632,1,dbus-daemon,S (sleeping),server-compromised.bnsdq.ozxfs.rzona-vmdrv.kvugl,0.2855924324164153,0
1759302151,3293,1,N/A,N/A,N/A,N/A,N/A,N/A,N/A,N/A,1953800192,1922228224,41988096,N/A,135168,170463232,13,discern-network,S (sleeping),server-compromised.bnsdq.ozxfs.rzona-vmdrv.kvugl,1.2119267582539899,0
1759302151,72604,1,N/A,N/A,N/A,N/A,N/A,N/A,N/A,N/A,1264619520,1264619520,17076224,N/A,135168,45826048,4,discern-proc-so,R (running),server-compromised.bnsdq.ozxfs.rzona-vmdrv.kvugl,2.9164337451495013,0
1759302151,70443,1,N/A,N/A,N/A,N/A,N/A,N/A,N/A,N/A,1580597248,1580597248,21614592,N/A,135168,82202624,5,discern-interfa,S (sleeping),server-compromised.bnsdq.ozxfs.rzona-vmdrv.kvugl,0.011257573417252977,0
1759302151,3677,1,N/A,N/A,N/A,N/A,N/A,N/A,N/A,N/A,1264021504,1264021504,13598720,N/A,135168,45559808,4,discern-cpu-sor,S (sleeping),server-compromised.bnsdq.ozxfs.rzona-vmdrv.kvugl,0.019750411268526547,0
1759302156,340,1,103,103,103,103,109,109,109,109,205705216,205705216,199282688,N/A,135168,197976064,1,dbus-daemon,S (sleeping),server-compromised.bnsdq.ozxfs.rzona-vmdrv.kvugl,0.28569545349743336,0
1759302156,3293,1,N/A,N/A,N/A,N/A,N/A,N/A,N/A,N/A,1953800192,1922228224,41988096,N/A,135168,170463232,13,discern-network,S (sleeping),server-compromised.bnsdq.ozxfs.rzona-vmdrv.kvugl,1.2161690409838795,0
1759302156,72604,1,N/A,N/A,N/A,N/A,N/A,N/A,N/A,N/A,1264619520,1264619520,17166336,N/A,135168,45826048,4,discern-proc-so,R (running),server-compromised.bnsdq.ozxfs.rzona-vmdrv.kvugl,2.970167010024547,0
1759302156,70443,1,N/A,N/A,N/A,N/A,N/A,N/A,N/A,N/A,1580597248,1580597248,21614592,N/A,135168,82202624,5,discern-interfa,S (sleeping),server-compromised.bnsdq.ozxfs.rzona-vmdrv.kvugl,0.010938873169431216,0
1759302156,3677,1,N/A,N/A,N/A,N/A,N/A,N/A,N/A,N/A,1264021504,1264021504,13598720,N/A,135168,45559808,4,discern-cpu-sor,S (sleeping),server-compromised.bnsdq.ozxfs.rzona-vmdrv.kvugl,0.019729401798078177,0
1759302161,340,1,103,103,103,103,109,109,109,109,205840384,205840384,199282688,N/A,135168,198111232,1,dbus-daemon,S (sleeping),server-compromised.bnsdq.ozxfs.rzona-vmdrv.kvugl,0.28560251056443525,0
1759302161,3293,1,N/A,N/A,N/A,N/A,N/A,N/A,N/A,N/A,1953800192,1922228224,41988096,N/A,135168,170463232,13,discern-network,S (sleeping),server-compromised.bnsdq.ozxfs.rzona-vmdrv.kvugl,1.220000006881356,0
1759302161,72604,1,N/A,N/A,N/A,N/A,N/A,N/A,N/A,N/A,1264619520,1264619520,17166336,N/A,135168,45826048,4,discern-proc-so,S (sleeping),server-compromised.bnsdq.ozxfs.rzona-vmdrv.kvugl,2.8202468678041024,0
1759302161,70443,1,N/A,N/A,N/A,N/A,N/A,N/A,N/A,N/A,1580597248,1580597248,21614592,N/A,135168,82202624,5,discern-interfa,S (sleeping),server-compromised.bnsdq.ozxfs.rzona-vmdrv.kvugl,0.010639200093089626,0
1759302161,3677,1,N/A,N/A,N/A,N/A,N/A,N/A,N/A,N/A,1264021504,1264021504,13598720,N/A,135168,45559808,4,discern-cpu-sor,S (sleeping),server-compromised.bnsdq.ozxfs.rzona-vmdrv.kvugl,0.01970854235997379,0
1759302167,340,1,103,103,103,103,109,109,109,109,205975552,205975552,199553024,N/A,135168,198246400,1,dbus-daemon,S (sleeping),server-compromised.bnsdq.ozxfs.rzona-vmdrv.kvugl,0.2855086677625091,0
1759302167,3293,1,N/A,N/A,N/A,N/A,N/A,N/A,N/A,N/A,1953800192,1922228224,41988096,N/A,135168,170463232,13,discern-network,S (sleeping),server-compromised.bnsdq.ozxfs.rzona-vmdrv.kvugl,1.2238180910572194,0
1759302167,72604,1,N/A,N/A,N/A,N/A,N/A,N/A,N/A,N/A,1264619520,1264619520,17166336,N/A,135168,45826048,4,discern-proc-so,R (running),server-compromised.bnsdq.ozxfs.rzona-vmdrv.kvugl,2.7989965030518795,0
1759302167,70443,1,N/A,N/A,N/A,N/A,N/A,N/A,N/A,N/A,1580597248,1580597248,21614592,N/A,135168,82202624,5,discern-interfa,S (sleeping),server-compromised.bnsdq.ozxfs.rzona-vmdrv.kvugl,0.010354502835137815,0
1759302167,3677,1,N/A,N/A,N/A,N/A,N/A,N/A,N/A,N/A,1264021504,1264021504,13598720,N/A,135168,45559808,4,discern-cpu-sor,S (sleeping),server-compromised.bnsdq.ozxfs.rzona-vmdrv.kvugl,0.01968765217257917,0
1759302172,340,1,103,103,103,103,109,109,109,109,206245888,206245888,199823360,N/A,135168,198516736,1,dbus-daemon,S (sleeping),server-compromised.bnsdq.ozxfs.rzona-vmdrv.kvugl,0.2856135221006484,0
1759302172,3293,1,N/A,N/A,N/A,N/A,N/A,N/A,N/A,N/A,1953800192,1922228224,41988096,N/A,135168,170463232,13,discern-network,S (sleeping),server-compromised.bnsdq.ozxfs.rzona-vmdrv.kvugl,1.2268194144286901,0
1759302172,72604,1,N/A,N/A,N/A,N/A,N/A,N/A,N/A,N/A,1264619520,1264619520,17182720,N/A,135168,45826048,4,discern-proc-so,S (sleeping),server-compromised.bnsdq.ozxfs.rzona-vmdrv.kvugl,2.6941642398014807,0
1759302172,70443,1,N/A,N/A,N/A,N/A,N/A,N/A,N/A,N/A,1580597248,1580597248,21614592,N/A,135168,82202624,5,discern-interfa,S (sleeping),server-compromised.bnsdq.ozxfs.rzona-vmdrv.kvugl,0.010086129139419404,0
1759302172,3677,1,N/A,N/A,N/A,N/A,N/A,N/A,N/A,N/A,1264021504,1264021504,13598720,N/A,135168,45559808,4,discern-cpu-sor,S (sleeping),server-compromised.bnsdq.ozxfs.rzona-vmdrv.kvugl,0.01987178681682584,0
1759302177,340,1,103,103,103,103,109,109,109,109,206381056,206381056,200093696,N/A,135168,198651904,1,dbus-daemon,S (sleeping),server-compromised.bnsdq.ozxfs.rzona-vmdrv.kvugl,0.2855215441699823,0
1759302177,3293,1,N/A,N/A,N/A,N/A,N/A,N/A,N/A,N/A,1953800192,1922228224,41988096,N/A,135168,170463232,13,discern-network,S (sleeping),server-compromised.bnsdq.ozxfs.rzona-vmdrv.kvugl,1.2298145725535503,0
1759302177,72604,1,N/A,N/A,N/A,N/A,N/A,N/A,N/A,N/A,1264619520,1264619520,17182720,N/A,135168,45826048,4,discern-proc-so,R (running),server-compromised.bnsdq.ozxfs.rzona-vmdrv.kvugl,2.644879219298756,0
1759302177,70443,1,N/A,N/A,N/A,N/A,N/A,N/A,N/A,N/A,1580597248,1580597248,21614592,N/A,135168,82202624,5,discern-interfa,S (sleeping),server-compromised.bnsdq.ozxfs.rzona-vmdrv.kvugl,0.009831346487679745,0
1759302177,3677,1,N/A,N/A,N/A,N/A,N/A,N/A,N/A,N/A,1264021504,1264021504,13598720,N/A,135168,45559808,4,discern-cpu-sor,S (sleeping),server-compromised.bnsdq.ozxfs.rzona-vmdrv.kvugl,0.019850888920149346,0
1759302182,340,1,103,103,103,103,109,109,109,109,206651392,206651392,200093696,N/A,135168,198922240,1,dbus-daemon,S (sleeping),server-compromised.bnsdq.ozxfs.rzona-vmdrv.kvugl,0.28562429252279165,0
1759302182,3293,1,N/A,N/A,N/A,N/A,N/A,N/A,N/A,N/A,1953800192,1922228224,41988096,N/A,135168,170463232,13,discern-network,S (sleeping),server-compromised.bnsdq.ozxfs.rzona-vmdrv.kvugl,1.2344237203281174,0
1759302182,72604,1,N/A,N/A,N/A,N/A,N/A,N/A,N/A,N/A,1264619520,1264619520,17182720,N/A,135168,45826048,4,discern-proc-so,R (running),server-compromised.bnsdq.ozxfs.rzona-vmdrv.kvugl,2.6758219552455826,0
1759302182,70443,1,N/A,N/A,N/A,N/A,N/A,N/A,N/A,N/A,1580597248,1580597248,21614592,N/A,135168,82202624,5,discern-interfa,S (sleeping),server-compromised.bnsdq.ozxfs.rzona-vmdrv.kvugl,0.009587548704632428,0
1759302182,3677,1,N/A,N/A,N/A,N/A,N/A,N/A,N/A,N/A,1264021504,1264021504,13598720,N/A,135168,45559808,4,discern-cpu-sor,S (sleeping),server-compromised.bnsdq.ozxfs.rzona-vmdrv.kvugl,0.019829896271711004,0
1759302187,340,1,103,103,103,103,109,109,109,109,206786560,206786560,200364032,N/A,135168,199057408,1,dbus-daemon,S (sleeping),server-compromised.bnsdq.ozxfs.rzona-vmdrv.kvugl,0.28553192127215227,0
1759302187,3293,1,N/A,N/A,N/A,N/A,N/A,N/A,N/A,N/A,1953800192,1922228224,41988096,N/A,135168,170463232,13,discern-network,S (sleeping),server-compromised.bnsdq.ozxfs.rzona-vmdrv.kvugl,1.238419033979369,0
1759302187,72604,1,N/A,N/A,N/A,N/A,N/A,N/A,N/A,N/A,1264619520,1264619520,17182720,N/A,135168,45826048,4,discern-proc-so,S (sleeping),server-compromised.bnsdq.ozxfs.rzona-vmdrv.kvugl,2.6595350564845615,0
1759302187,70443,1,N/A,N/A,N/A,N/A,N/A,N/A,N/A,N/A,1580597248,1580597248,21614592,N/A,135168,82202624,5,discern-interfa,S (sleeping),server-compromised.bnsdq.ozxfs.rzona-vmdrv.kvugl,0.009356602308433914,0
1759302187,3677,1,N/A,N/A,N/A,N/A,N/A,N/A,N/A,N/A,1264021504,1264021504,13598720,N/A,135168,45559808,4,discern-cpu-sor,S (sleeping),server-compromised.bnsdq.ozxfs.rzona-vmdrv.kvugl,0.019809045287829667,0
1759302192,340,1,103,103,103,103,109,109,109,109,206921728,206921728,200634368,N/A,135168,199192576,1,dbus-daemon,S (sleeping),server-compromised.bnsdq.ozxfs.rzona-vmdrv.kvugl,0.2854378396112466,0
1759302192,3293,1,N/A,N/A,N/A,N/A,N/A,N/A,N/A,N/A,1953800192,1922228224,41988096,N/A,135168,170463232,13,discern-network,S (sleeping),server-compromised.bnsdq.ozxfs.rzona-vmdrv.kvugl,1.2423974101720958,0
1759302192,72604,1,N/A,N/A,N/A,N/A,N/A,N/A,N/A,N/A,1264619520,1264619520,17182720,N/A,135168,45826048,4,discern-proc-so,R (running),server-compromised.bnsdq.ozxfs.rzona-vmdrv.kvugl,2.6824904431421146,0
1759302192,70443,1,N/A,N/A,N/A,N/A,N/A,N/A,N/A,N/A,1580597248,1580597248,21614592,N/A,135168,82202624,5,discern-interfa,S (sleeping),server-compromised.bnsdq.ozxfs.rzona-vmdrv.kvugl,0.009135089817569239,0
1759302192,3677,1,N/A,N/A,N/A,N/A,N/A,N/A,N/A,N/A,1264021504,1264021504,13598720,N/A,135168,45559808,4,discern-cpu-sor,S (sleeping),server-compromised.bnsdq.ozxfs.rzona-vmdrv.kvugl,0.019788099622142657,0
1759302198,340,1,103,103,103,103,109,109,109,109,207192064,207192064,200634368,N/A,135168,199462912,1,dbus-daemon,S (sleeping),server-compromised.bnsdq.ozxfs.rzona-vmdrv.kvugl,0.2853460224103712,0
1759302198,3293,1,N/A,N/A,N/A,N/A,N/A,N/A,N/A,N/A,1953800192,1922228224,41988096,N/A,135168,170463232,13,discern-network,S (sleeping),server-compromised.bnsdq.ozxfs.rzona-vmdrv.kvugl,1.2502330224731824,0
1759302198,72604,1,N/A,N/A,N/A,N/A,N/A,N/A,N/A,N/A,1264619520,1264619520,17182720,N/A,135168,45826048,4,discern-proc-so,R (running),server-compromised.bnsdq.ozxfs.rzona-vmdrv.kvugl,2.651441798747798,0
1759302198,70443,1,N/A,N/A,N/A,N/A,N/A,N/A,N/A,N/A,1580597248,1580597248,21614592,N/A,135168,82202624,5,discern-interfa,S (sleeping),server-compromised.bnsdq.ozxfs.rzona-vmdrv.kvugl,0.008925315319382003,0
1759302198,3677,1,N/A,N/A,N/A,N/A,N/A,N/A,N/A,N/A,1264021504,1264021504,13598720,N/A,135168,45559808,4,discern-cpu-sor,S (sleeping),server-compromised.bnsdq.ozxfs.rzona-vmdrv.kvugl,0.019767349227830914,0
1759302203,340,1,103,103,103,103,109,109,109,109,207327232,207327232,200904704,N/A,135168,199598080,1,dbus-daemon,S (sleeping),server-compromised.bnsdq.ozxfs.rzona-vmdrv.kvugl,0.28544823643775696,0
1759302203,3293,1,N/A,N/A,N/A,N/A,N/A,N/A,N/A,N/A,1953800192,1922228224,41988096,N/A,135168,170463232,13,discern-network,S (sleeping),server-compromised.bnsdq.ozxfs.rzona-vmdrv.kvugl,1.2550028893695726,0
1759302203,72604,1,N/A,N/A,N/A,N/A,N/A,N/A,N/A,N/A,1264619520,1264619520,17182720,N/A,135168,45826048,4,discern-proc-so,S (sleeping),server-compromised.bnsdq.ozxfs.rzona-vmdrv.kvugl,2.655717627535727,0
1759302203,70443,1,N/A,N/A,N/A,N/A,N/A,N/A,N/A,N/A,1580597248,1580597248,21614592,N/A,135168,82202624,5,discern-interfa,S (sleeping),server-compromised.bnsdq.ozxfs.rzona-vmdrv.kvugl,0.008723724292778089,0
1759302203,3677,1,N/A,N/A,N/A,N/A,N/A,N/A,N/A,N/A,1264021504,1264021504,13598720,N/A,135168,45559808,4,discern-cpu-sor,S (sleeping),server-compromised.bnsdq.ozxfs.rzona-vmdrv.kvugl,0.01974651187981201,0
1759302208,340,1,103,103,103,103,109,109,109,109,207462400,207462400,201175040,N/A,135168,199733248,1,dbus-daemon,S (sleeping),server-compromised.bnsdq.ozxfs.rzona-vmdrv.kvugl,0.2853573455990171,0
1759302208,3293,1,N/A,N/A,N/A,N/A,N/A,N/A,N/A,N/A,1953800192,1922228224,41988096,N/A,135168,170463232,13,discern-network,S (sleeping),server-compromised.bnsdq.ozxfs.rzona-vmdrv.kvugl,1.2579515731353816,0
1759302208,72604,1,N/A,N/A,N/A,N/A,N/A,N/A,N/A,N/A,1264619520,1264619520,17182720,N/A,135168,45826048,4,discern-proc-so,S (sleeping),server-compromised.bnsdq.ozxfs.rzona-vmdrv.kvugl,2.6318835369816584,0
1759302208,70443,1,N/A,N/A,N/A,N/A,N/A,N/A,N/A,N/A,1580597248,1580597248,21614592,N/A,135168,82202624,5,discern-interfa,S (sleeping),server-compromised.bnsdq.ozxfs.rzona-vmdrv.kvugl,0.008532707426887545,0
1759302208,3677,1,N/A,N/A,N/A,N/A,N/A,N/A,N/A,N/A,1264021504,1264021504,13598720,N/A,135168,45559808,4,discern-cpu-sor,S (sleeping),server-compromised.bnsdq.ozxfs.rzona-vmdrv.kvugl,0.01992926210872877,0
1759302213,340,1,103,103,103,103,109,109,109,109,207597568,207597568,201175040,N/A,135168,199868416,1,dbus-daemon,S (sleeping),server-compromised.bnsdq.ozxfs.rzona-vmdrv.kvugl,0.28526445924711374,0
1759302213,3293,1,N/A,N/A,N/A,N/A,N/A,N/A,N/A,N/A,1953800192,1922228224,41988096,N/A,135168,170463232,13,discern-network,S (sleeping),server-compromised.bnsdq.ozxfs.rzona-vmdrv.kvugl,1.261693462734818,0
1759302213,72604,1,N/A,N/A,N/A,N/A,N/A,N/A,N/A,N/A,1264619520,1264619520,17182720,N/A,135168,45826048,4,discern-proc-so,S (sleeping),server-compromised.bnsdq.ozxfs.rzona-vmdrv.kvugl,2.6507692159695733,0
1759302213,70443,1,N/A,N/A,N/A,N/A,N/A,N/A,N/A,N/A,1580597248,1580597248,21614592,N/A,135168,82202624,5,discern-interfa,S (sleeping),server-compromised.bnsdq.ozxfs.rzona-vmdrv.kvugl,0.00834851140407902,0
1759302213,3677,1,N/A,N/A,N/A,N/A,N/A,N/A,N/A,N/A,1264021504,1264021504,13598720,N/A,135168,45559808,4,discern-cpu-sor,S (sleeping),server-compromised.bnsdq.ozxfs.rzona-vmdrv.kvugl,0.019908324634098525,0
1759302218,340,1,103,103,103,103,109,109,109,109,208003072,208003072,201445376,N/A,135168,200273920,1,dbus-daemon,S (sleeping),server-compromised.bnsdq.ozxfs.rzona-vmdrv.kvugl,0.28556362394392215,0
1759302218,3293,1,N/A,N/A,N/A,N/A,N/A,N/A,N/A,N/A,1953800192,1922228224,41988096,N/A,135168,170463232,13,discern-network,S (sleeping),server-compromised.bnsdq.ozxfs.rzona-vmdrv.kvugl,1.265031344163449,0
1759302218,72604,1,N/A,N/A,N/A,N/A,N/A,N/A,N/A,N/A,1264619520,1264619520,17182720,N/A,135168,45826048,4,discern-proc-so,S (sleeping),server-compromised.bnsdq.ozxfs.rzona-vmdrv.kvugl,2.6047097570554367,0
1759302218,70443,1,N/A,N/A,N/A,N/A,N/A,N/A,N/A,N/A,1580597248,1580597248,21614592,N/A,135168,82202624,5,discern-interfa,S (sleeping),server-compromised.bnsdq.ozxfs.rzona-vmdrv.kvugl,0.008173150092385811,0
1759302218,3677,1,N/A,N/A,N/A,N/A,N/A,N/A,N/A,N/A,1264021504,1264021504,13598720,N/A,135168,45559808,4,discern-cpu-sor,S (sleeping),server-compromised.bnsdq.ozxfs.rzona-vmdrv.kvugl,0.019887558855567082,0
1759302223,340,1,103,103,103,103,109,109,109,109,208003072,208003072,201715712,N/A,135168,200273920,1,dbus-daemon,S (sleeping),server-compromised.bnsdq.ozxfs.rzona-vmdrv.kvugl,0.2854701622525762,0
1759302223,3293,1,N/A,N/A,N/A,N/A,N/A,N/A,N/A,N/A,1953800192,1922228224,41988096,N/A,135168,170463232,13,discern-network,S (sleeping),server-compromised.bnsdq.ozxfs.rzona-vmdrv.kvugl,1.2693612031176467,0
1759302223,72604,1,N/A,N/A,N/A,N/A,N/A,N/A,N/A,N/A,1264619520,1264619520,17182720,N/A,135168,45826048,4,discern-proc-so,R (running),server-compromised.bnsdq.ozxfs.rzona-vmdrv.kvugl,2.6345575765959577,0
1759302223,70443,1,N/A,N/A,N/A,N/A,N/A,N/A,N/A,N/A,1580597248,1580597248,21614592,N/A,135168,82202624,5,discern-interfa,S (sleeping),server-compromised.bnsdq.ozxfs.rzona-vmdrv.kvugl,0.00800367681443824,0
1759302223,3677,1,N/A,N/A,N/A,N/A,N/A,N/A,N/A,N/A,1264021504,1264021504,13598720,N/A,135168,45559808,4,discern-cpu-sor,S (sleeping),server-compromised.bnsdq.ozxfs.rzona-vmdrv.kvugl,0.019866669251589416,0
1759302229,340,1,103,103,103,103,109,109,109,109,208273408,208273408,201986048,N/A,135168,200544256,1,dbus-daemon,S (sleeping),server-compromised.bnsdq.ozxfs.rzona-vmdrv.kvugl,0.28537687821761426,0
1759302229,3293,1,N/A,N/A,N/A,N/A,N/A,N/A,N/A,N/A,1953800192,1922228224,41988096,N/A,135168,170463232,13,discern-network,S (sleeping),server-compromised.bnsdq.ozxfs.rzona-vmdrv.kvugl,1.273278581306945,0
1759302229,72604,1,N/A,N/A,N/A,N/A,N/A,N/A,N/A,N/A,1264619520,1264619520,17186816,N/A,135168,45826048,4,discern-proc-so,R (running),server-compromised.bnsdq.ozxfs.rzona-vmdrv.kvugl,2.649699527478897,0
1759302229,70443,1,N/A,N/A,N/A,N/A,N/A,N/A,N/A,N/A,1580597248,1580597248,21614592,N/A,135168,82202624,5,discern-interfa,S (sleeping),server-compromised.bnsdq.ozxfs.rzona-vmdrv.kvugl,0.007841083263184844,0
1759302229,3677,1,N/A,N/A,N/A,N/A,N/A,N/A,N/A,N/A,1264021504,1264021504,13598720,N/A,135168,45559808,4,discern-cpu-sor,S (sleeping),server-compromised.bnsdq.ozxfs.rzona-vmdrv.kvugl,0.019845822687512626,0
1759302234,340,1,103,103,103,103,109,109,109,109,208437248,208437248,201986048,N/A,135168,200708096,1,dbus-daemon,S (sleeping),server-compromised.bnsdq.ozxfs.rzona-vmdrv.kvugl,0.285285934754214,0
1759302234,3293,1,N/A,N/A,N/A,N/A,N/A,N/A,N/A,N/A,1953800192,1922228224,41988096,N/A,135168,170463232,13,discern-network,S (sleeping),server-compromised.bnsdq.ozxfs.rzona-vmdrv.kvugl,1.2773992459159142,0
1759302234,72604,1,N/A,N/A,N/A,N/A,N/A,N/A,N/A,N/A,1264619520,1264619520,17186816,N/A,135168,45826048,4,discern-proc-so,S (sleeping),server-compromised.bnsdq.ozxfs.rzona-vmdrv.kvugl,2.632429719966464,0
1759302234,70443,1,N/A,N/A,N/A,N/A,N/A,N/A,N/A,N/A,1580597248,1580597248,21614592,N/A,135168,82202624,5,discern-interfa,S (sleeping),server-compromised.bnsdq.ozxfs.rzona-vmdrv.kvugl,0.007686110032632051,0
1759302234,3677,1,N/A,N/A,N/A,N/A,N/A,N/A,N/A,N/A,1264021504,1264021504,13598720,N/A,135168,45559808,4,discern-cpu-sor,S (sleeping),server-compromised.bnsdq.ozxfs.rzona-vmdrv.kvugl,0.019825175348120172,0
1759302239,340,1,103,103,103,103,109,109,109,109,208707584,208707584,202256384,N/A,135168,200978432,1,dbus-daemon,S (sleeping),server-compromised.bnsdq.ozxfs.rzona-vmdrv.kvugl,0.2853869686289976,0
1759302239,3293,1,N/A,N/A,N/A,N/A,N/A,N/A,N/A,N/A,1953800192,1922228224,41988096,N/A,135168,170463232,13,discern-network,S (sleeping),server-compromised.bnsdq.ozxfs.rzona-vmdrv.kvugl,1.280896027502411,0
1759302239,72604,1,N/A,N/A,N/A,N/A,N/A,N/A,N/A,N/A,1264619520,1264619520,17186816,N/A,135168,45826048,4,discern-proc-so,R (running),server-compromised.bnsdq.ozxfs.rzona-vmdrv.kvugl,2.645951944506024,0
1759302239,70443,1,N/A,N/A,N/A,N/A,N/A,N/A,N/A,N/A,1580597248,1580597248,21614592,N/A,135168,82202624,5,discern-interfa,S (sleeping),server-compromised.bnsdq.ozxfs.rzona-vmdrv.kvugl,0.0075358738645637515,0
1759302239,3677,1,N/A,N/A,N/A,N/A,N/A,N/A,N/A,N/A,1264021504,1264021504,13598720,N/A,135168,45559808,4,discern-cpu-sor,S (sleeping),server-compromised.bnsdq.ozxfs.rzona-vmdrv.kvugl,0.019804391912235486,0
1759302244,340,1,103,103,103,103,109,109,109,109,208842752,208842752,202256384,N/A,135168,201113600,1,dbus-daemon,S (sleeping),server-compromised.bnsdq.ozxfs.rzona-vmdrv.kvugl,0.28529686638514573,0
1759302244,3293,1,N/A,N/A,N/A,N/A,N/A,N/A,N/A,N/A,1953800192,1922228224,41988096,N/A,135168,170463232,13,discern-network,S (sleeping),server-compromised.bnsdq.ozxfs.rzona-vmdrv.kvugl,1.2848023040176142,0
1759302244,70443,1,N/A,N/A,N/A,N/A,N/A,N/A,N/A,N/A,1580597248,1580597248,21614592,N/A,135168,82202624,5,discern-interfa,S (sleeping),server-compromised.bnsdq.ozxfs.rzona-vmdrv.kvugl,0.007392952405833452,0
1759302244,72604,1,N/A,N/A,N/A,N/A,N/A,N/A,N/A,N/A,1264619520,1264619520,17195008,N/A,135168,45826048,4,discern-proc-so,S (sleeping),server-compromised.bnsdq.ozxfs.rzona-vmdrv.kvugl,2.6213070183100475,0
1759302244,3677,1,N/A,N/A,N/A,N/A,N/A,N/A,N/A,N/A,1264021504,1264021504,13598720,N/A,135168,45559808,4,discern-cpu-sor,S (sleeping),server-compromised.bnsdq.ozxfs.rzona-vmdrv.kvugl,0.01978387888559755,0
1759302249,340,1,103,103,103,103,109,109,109,109,208977920,208977920,202526720,N/A,135168,201248768,1,dbus-daemon,S (sleeping),server-compromised.bnsdq.ozxfs.rzona-vmdrv.kvugl,0.2852043266717149,0
1759302249,3293,1,N/A,N/A,N/A,N/A,N/A,N/A,N/A,N/A,1953800192,1922228224,41988096,N/A,135168,170463232,13,discern-network,S (sleeping),server-compromised.bnsdq.ozxfs.rzona-vmdrv.kvugl,1.2878848789336734,0
1759302249,70443,1,N/A,N/A,N/A,N/A,N/A,N/A,N/A,N/A,1580597248,1580597248,21614592,N/A,135168,82202624,5,discern-interfa,S (sleeping),server-compromised.bnsdq.ozxfs.rzona-vmdrv.kvugl,0.0072541049399112946,0
1759302249,72604,1,N/A,N/A,N/A,N/A,N/A,N/A,N/A,N/A,1264619520,1264619520,17252352,N/A,135168,45826048,4,discern-proc-so,R (running),server-compromised.bnsdq.ozxfs.rzona-vmdrv.kvugl,2.64342734345774,0
1759302249,3677,1,N/A,N/A,N/A,N/A,N/A,N/A,N/A,N/A,1264021504,1264021504,13598720,N/A,135168,45559808,4,discern-cpu-sor,S (sleeping),server-compromised.bnsdq.ozxfs.rzona-vmdrv.kvugl,0.01996488536940969,0
1759302254,340,1,103,103,103,103,109,109,109,109,209113088,209113088,202797056,N/A,135168,201383936,1,dbus-daemon,S (sleeping),server-compromised.bnsdq.ozxfs.rzona-vmdrv.kvugl,0.28511387675950983,0
1759302254,3293,1,N/A,N/A,N/A,N/A,N/A,N/A,N/A,N/A,1953800192,1922228224,41988096,N/A,135168,170463232,13,discern-network,S (sleeping),server-compromised.bnsdq.ozxfs.rzona-vmdrv.kvugl,1.291571898822032,0
1759302254,70443,1,N/A,N/A,N/A,N/A,N/A,N/A,N/A,N/A,1580597248,1580597248,21614592,N/A,135168,82202624,5,discern-interfa,S (sleeping),server-compromised.bnsdq.ozxfs.rzona-vmdrv.kvugl,0.007121246943021524,0
1759302254,72604,1,N/A,N/A,N/A,N/A,N/A,N/A,N/A,N/A,1264619520,1264619520,17252352,N/A,135168,45826048,4,discern-proc-so,S (sleeping),server-compromised.bnsdq.ozxfs.rzona-vmdrv.kvugl,2.629520646913551,0
1759302254,3677,1,N/A,N/A,N/A,N/A,N/A,N/A,N/A,N/A,1264021504,1264021504,13598720,N/A,135168,45559808,4,discern-cpu-sor,S (sleeping),server-compromised.bnsdq.ozxfs.rzona-vmdrv.kvugl,0.019944196632856372,0
1759302260,340,1,103,103,103,103,109,109,109,109,209248256,209248256,202797056,N/A,135168,201519104,1,dbus-daemon,S (sleeping),server-compromised.bnsdq.ozxfs.rzona-vmdrv.kvugl,0.2850221871282837,0
1759302260,3293,1,N/A,N/A,N/A,N/A,N/A,N/A,N/A,N/A,1953800192,1922228224,41988096,N/A,135168,170463232,13,discern-network,S (sleeping),server-compromised.bnsdq.ozxfs.rzona-vmdrv.kvugl,1.2956455385546937,0
1759302260,70443,1,N/A,N/A,N/A,N/A,N/A,N/A,N/A,N/A,1580597248,1580597248,21614592,N/A,135168,82202624,5,discern-interfa,S (sleeping),server-compromised.bnsdq.ozxfs.rzona-vmdrv.kvugl,0.0069925437109719215,0
1759302260,72604,1,N/A,N/A,N/A,N/A,N/A,N/A,N/A,N/A,1264619520,1264619520,17252352,N/A,135168,45826048,4,discern-proc-so,R (running),server-compromised.bnsdq.ozxfs.rzona-vmdrv.kvugl,2.6412472661827664,0
1759302260,3677,1,N/A,N/A,N/A,N/A,N/A,N/A,N/A,N/A,1264021504,1264021504,13598720,N/A,135168,45559808,4,discern-cpu-sor,S (sleeping),server-compromised.bnsdq.ozxfs.rzona-vmdrv.kvugl,0.01992344887828474,0
1759302265,340,1,103,103,103,103,109,109,109,109,209653760,209653760,203067392,N/A,135168,201924608,1,dbus-daemon,S (sleeping),server-compromised.bnsdq.ozxfs.rzona-vmdrv.kvugl,0.28531745884507476,0
1759302265,3293,1,N/A,N/A,N/A,N/A,N/A,N/A,N/A,N/A,1953800192,1922228224,41988096,N/A,135168,170463232,13,discern-network,S (sleeping),server-compromised.bnsdq.ozxfs.rzona-vmdrv.kvugl,1.3005124688244338,0
1759302265,70443,1,N/A,N/A,N/A,N/A,N/A,N/A,N/A,N/A,1580597248,1580597248,21614592,N/A,135168,82202624,5,discern-interfa,S (sleeping),server-compromised.bnsdq.ozxfs.rzona-vmdrv.kvugl,0.0068684809056743235,0
1759302265,72604,1,N/A,N/A,N/A,N/A,N/A,N/A,N/A,N/A,1264619520,1264619520,17252352,N/A,135168,45826048,4,discern-proc-so,R (running),server-compromised.bnsdq.ozxfs.rzona-vmdrv.kvugl,2.6360919867125934,0
1759302265,3677,1,N/A,N/A,N/A,N/A,N/A,N/A,N/A,N/A,1264021504,1264021504,13598720,N/A,135168,45559808,4,discern-cpu-sor,S (sleeping),server-compromised.bnsdq.ozxfs.rzona-vmdrv.kvugl,0.019902756261493144,0
1759302270,340,1,103,103,103,103,109,109,109,109,209788928,209788928,203337728,N/A,135168,202059776,1,dbus-daemon,S (sleeping),server-compromised.bnsdq.ozxfs.rzona-vmdrv.kvugl,0.2852253166422222,0
1759302270,3293,1,N/A,N/A,N/A,N/A,N/A,N/A,N/A,N/A,1953800192,1922228224,41988096,N/A,135168,170463232,13,discern-network,S (sleeping),server-compromised.bnsdq.ozxfs.rzona-vmdrv.kvugl,1.3041663327269486,0
1759302270,70443,1,N/A,N/A,N/A,N/A,N/A,N/A,N/A,N/A,1580597248,1580597248,21614592,N/A,135168,82202624,5,discern-interfa,S (sleeping),server-compromised.bnsdq.ozxfs.rzona-vmdrv.kvugl,0.006748494469145374,0
1759302270,72604,1,N/A,N/A,N/A,N/A,N/A,N/A,N/A,N/A,1264619520,1264619520,17252352,N/A,135168,45826048,4,discern-proc-so,S (sleeping),server-compromised.bnsdq.ozxfs.rzona-vmdrv.kvugl,2.6541376992167476,0
1759302270,3677,1,N/A,N/A,N/A,N/A,N/A,N/A,N/A,N/A,1264021504,1264021504,13598720,N/A,135168,45559808,4,discern-cpu-sor,S (sleeping),server-compromised.bnsdq.ozxfs.rzona-vmdrv.kvugl,0.01988206287782549,0
1759302275,340,1,103,103,103,103,109,109,109,109,209924096,209924096,203608064,N/A,135168,202194944,1,dbus-daemon,S (sleeping),server-compromised.bnsdq.ozxfs.rzona-vmdrv.kvugl,0.2853281636434797,0
1759302275,3293,1,N/A,N/A,N/A,N/A,N/A,N/A,N/A,N/A,1953800192,1922228224,41988096,N/A,135168,170463232,13,discern-network,S (sleeping),server-compromised.bnsdq.ozxfs.rzona-vmdrv.kvugl,1.3078215924196048,0
1759302275,70443,1,N/A,N/A,N/A,N/A,N/A,N/A,N/A,N/A,1580597248,1580597248,21614592,N/A,135168,82202624,5,discern-interfa,S (sleeping),server-compromised.bnsdq.ozxfs.rzona-vmdrv.kvugl,0.006633381870047842,0
1759302275,72604,1,N/A,N/A,N/A,N/A,N/A,N/A,N/A,N/A,1264619520,1264619520,17252352,N/A,135168,45826048,4,discern-proc-so,R (running),server-compromised.bnsdq.ozxfs.rzona-vmdrv.kvugl,2.6345808438972487,0
1759302275,3677,1,N/A,N/A,N/A,N/A,N/A,N/A,N/A,N/A,1264021504,1264021504,13598720,N/A,135168,45559808,4,discern-cpu-sor,S (sleeping),server-compromised.bnsdq.ozxfs.rzona-vmdrv.kvugl,0.019861548808338767,0
1759302280,340,1,103,103,103,103,109,109,109,109,210194432,210194432,203608064,N/A,135168,202465280,1,dbus-daemon,S (sleeping),server-compromised.bnsdq.ozxfs.rzona-vmdrv.kvugl,0.28523698172495304,0
1759302280,3293,1,N/A,N/A,N/A,N/A,N/A,N/A,N/A,N/A,1953800192,1922228224,41988096,N/A,135168,170463232,13,discern-network,S (sleeping),server-compromised.bnsdq.ozxfs.rzona-vmdrv.kvugl,1.3114641203110184,0
1759302280,70443,1,N/A,N/A,N/A,N/A,N/A,N/A,N/A,N/A,1580597248,1580597248,21614592,N/A,135168,82202624,5,discern-interfa,S (sleeping),server-compromised.bnsdq.ozxfs.rzona-vmdrv.kvugl,0.00652170589024976,0
1759302280,72604,1,N/A,N/A,N/A,N/A,N/A,N/A,N/A,N/A,1264619520,1264619520,17252352,N/A,135168,45826048,4,discern-proc-so,R (running),server-compromised.bnsdq.ozxfs.rzona-vmdrv.kvugl,2.6445185225650727,0
1759302280,3677,1,N/A,N/A,N/A,N/A,N/A,N/A,N/A,N/A,1264021504,1264021504,13598720,N/A,135168,45559808,4,discern-cpu-sor,S (sleeping),server-compromised.bnsdq.ozxfs.rzona-vmdrv.kvugl,0.019840997665954405,0
1759302285,340,1,103,103,103,103,109,109,109,109,210329600,210329600,203878400,N/A,135168,202600448,1,dbus-daemon,S (sleeping),server-compromised.bnsdq.ozxfs.rzona-vmdrv.kvugl,0.28514510632750656,0
1759302285,3293,1,N/A,N/A,N/A,N/A,N/A,N/A,N/A,N/A,1953800192,1922228224,41988096,N/A,135168,170463232,13,discern-network,S (sleeping),server-compromised.bnsdq.ozxfs.rzona-vmdrv.kvugl,1.3154937974824528,0
1759302285,70443,1,N/A,N/A,N/A,N/A,N/A,N/A,N/A,N/A,1580597248,1580597248,21614592,N/A,135168,82202624,5,discern-interfa,S (sleeping),server-compromised.bnsdq.ozxfs.rzona-vmdrv.kvugl,0.0064134013629356685,0
1759302285,72604,1,N/A,N/A,N/A,N/A,N/A,N/A,N/A,N/A,1264619520,1264619520,17252352,N/A,135168,45826048,4,discern-proc-so,S (sleeping),server-compromised.bnsdq.ozxfs.rzona-vmdrv.kvugl,2.6466073384044297,0
1759302285,3677,1,N/A,N/A,N/A,N/A,N/A,N/A,N/A,N/A,1264021504,1264021504,13598720,N/A,135168,45559808,4,discern-cpu-sor,S (sleeping),server-compromised.bnsdq.ozxfs.rzona-vmdrv.kvugl,0.01982042616737644,0
1759302291,340,1,103,103,103,103,109,109,109,109,210464768,210464768,204148736,N/A,135168,202735616,1,dbus-daemon,S (sleeping),server-compromised.bnsdq.ozxfs.rzona-vmdrv.kvugl,0.2852470612706049,0
1759302291,3293,1,N/A,N/A,N/A,N/A,N/A,N/A,N/A,N/A,1953800192,1922228224,41988096,N/A,135168,170463232,13,discern-network,S (sleeping),server-compromised.bnsdq.ozxfs.rzona-vmdrv.kvugl,1.316732556694949,0
1759302291,70443,1,N/A,N/A,N/A,N/A,N/A,N/A,N/A,N/A,1580597248,1580597248,21614592,N/A,135168,82202624,5,discern-interfa,S (sleeping),server-compromised.bnsdq.ozxfs.rzona-vmdrv.kvugl,0.006309107625534193,0
1759302291,72604,1,N/A,N/A,N/A,N/A,N/A,N/A,N/A,N/A,1264619520,1264619520,17252352,N/A,135168,45826048,4,discern-proc-so,R (running),server-compromised.bnsdq.ozxfs.rzona-vmdrv.kvugl,2.642346757806261,0
1759302291,3677,1,N/A,N/A,N/A,N/A,N/A,N/A,N/A,N/A,1264021504,1264021504,13598720,N/A,135168,45559808,4,discern-cpu-sor,S (sleeping),server-compromised.bnsdq.ozxfs.rzona-vmdrv.kvugl,0.01979999117809017,0
1759302296,340,1,103,103,103,103,109,109,109,109,210599936,210599936,204148736,N/A,135168,202870784,1,dbus-daemon,S (sleeping),server-compromised.bnsdq.ozxfs.rzona-vmdrv.kvugl,0.2851550932796223,0
1759302296,3293,1,N/A,N/A,N/A,N/A,N/A,N/A,N/A,N/A,1953800192,1922228224,41988096,N/A,135168,170463232,13,discern-network,S (sleeping),server-compromised.bnsdq.ozxfs.rzona-vmdrv.kvugl,1.3161702908986388,0
1759302296,70443,1,N/A,N/A,N/A,N/A,N/A,N/A,N/A,N/A,1580597248,1580597248,21614592,N/A,135168,82202624,5,discern-interfa,S (sleeping),server-compromised.bnsdq.ozxfs.rzona-vmdrv.kvugl,0.00620760008882156,0
1759302296,72604,1,N/A,N/A,N/A,N/A,N/A,N/A,N/A,N/A,1264619520,1264619520,17252352,N/A,135168,45826048,4,discern-proc-so,S (sleeping),server-compromised.bnsdq.ozxfs.rzona-vmdrv.kvugl,2.657091707527653,0
1759302296,3677,1,N/A,N/A,N/A,N/A,N/A,N/A,N/A,N/A,1264021504,1264021504,13598720,N/A,135168,45559808,4,discern-cpu-sor,S (sleeping),server-compromised.bnsdq.ozxfs.rzona-vmdrv.kvugl,0.01977948510479362,0
1759302301,340,1,103,103,103,103,109,109,109,109,210735104,210735104,204419072,N/A,135168,203005952,1,dbus-daemon,S (sleeping),server-compromised.bnsdq.ozxfs.rzona-vmdrv.kvugl,0.28506514052090154,0
1759302301,3293,1,N/A,N/A,N/A,N/A,N/A,N/A,N/A,N/A,1953800192,1922228224,41988096,N/A,135168,170463232,13,discern-network,S (sleeping),server-compromised.bnsdq.ozxfs.rzona-vmdrv.kvugl,1.315419131367672,0
1759302301,70443,1,N/A,N/A,N/A,N/A,N/A,N/A,N/A,N/A,1580597248,1580597248,21614592,N/A,135168,82202624,5,discern-interfa,S (sleeping),server-compromised.bnsdq.ozxfs.rzona-vmdrv.kvugl,0.006109930801832524,0
1759302301,72604,1,N/A,N/A,N/A,N/A,N/A,N/A,N/A,N/A,1264619520,1264619520,17252352,N/A,135168,45826048,4,discern-proc-so,S (sleeping),server-compromised.bnsdq.ozxfs.rzona-vmdrv.kvugl,2.659045783979682,0
1759302301,3677,1,N/A,N/A,N/A,N/A,N/A,N/A,N/A,N/A,1264021504,1264021504,13598720,N/A,135168,45559808,4,discern-cpu-sor,S (sleeping),server-compromised.bnsdq.ozxfs.rzona-vmdrv.kvugl,0.019759153157309035,0
1759302306,340,1,103,103,103,103,109,109,109,109,211005440,211005440,204419072,N/A,135168,203276288,1,dbus-daemon,S (sleeping),server-compromised.bnsdq.ozxfs.rzona-vmdrv.kvugl,0.28497574733651726,0
1759302306,3293,1,N/A,N/A,N/A,N/A,N/A,N/A,N/A,N/A,1953800192,1922228224,41988096,N/A,135168,170463232,13,discern-network,S (sleeping),server-compromised.bnsdq.ozxfs.rzona-vmdrv.kvugl,1.3146713699424684,0
1759302306,70443,1,N/A,N/A,N/A,N/A,N/A,N/A,N/A,N/A,1580597248,1580597248,21614592,N/A,135168,82202624,5,discern-interfa,S (sleeping),server-compromised.bnsdq.ozxfs.rzona-vmdrv.kvugl,0.006015416641651792,0
1759302306,72604,1,N/A,N/A,N/A,N/A,N/A,N/A,N/A,N/A,1264619520,1264619520,17252352,N/A,135168,45826048,4,discern-proc-so,R (running),server-compromised.bnsdq.ozxfs.rzona-vmdrv.kvugl,2.64898028830064,0
1759302306,3677,1,N/A,N/A,N/A,N/A,N/A,N/A,N/A,N/A,1264021504,1264021504,13598720,N/A,135168,45559808,4,discern-cpu-sor,S (sleeping),server-compromised.bnsdq.ozxfs.rzona-vmdrv.kvugl,0.01973889131498956,0
1759302311,340,1,103,103,103,103,109,109,109,109,211275776,211275776,204959744,N/A,135168,203546624,1,dbus-daemon,S (sleeping),server-compromised.bnsdq.ozxfs.rzona-vmdrv.kvugl,0.2852689413493626,0
1759302311,3293,1,N/A,N/A,N/A,N/A,N/A,N/A,N/A,N/A,1953800192,1922228224,41988096,N/A,135168,170463232,13,discern-network,S (sleeping),server-compromised.bnsdq.ozxfs.rzona-vmdrv.kvugl,1.3141198920504489,0
1759302311,70443,1,N/A,N/A,N/A,N/A,N/A,N/A,N/A,N/A,1580597248,1580597248,21614592,N/A,135168,82202624,5,discern-interfa,S (sleeping),server-compromised.bnsdq.ozxfs.rzona-vmdrv.kvugl,0.005923537302667079,0
1759302311,72604,1,N/A,N/A,N/A,N/A,N/A,N/A,N/A,N/A,1264619520,1264619520,17252352,N/A,135168,45826048,4,discern-proc-so,S (sleeping),server-compromised.bnsdq.ozxfs.rzona-vmdrv.kvugl,2.6509546406949696,0
1759302311,3677,1,N/A,N/A,N/A,N/A,N/A,N/A,N/A,N/A,1264021504,1264021504,13598720,N/A,135168,45559808,4,discern-cpu-sor,S (sleeping),server-compromised.bnsdq.ozxfs.rzona-vmdrv.kvugl,0.01971861577648125,0
1759302316,340,1,103,103,103,103,109,109,109,109,211439616,211439616,204959744,N/A,135168,203710464,1,dbus-daemon,S (sleeping),server-compromised.bnsdq.ozxfs.rzona-vmdrv.kvugl,0.28517886268826714,0
1759302316,3293,1,N/A,N/A,N/A,N/A,N/A,N/A,N/A,N/A,1953800192,1922228224,41988096,N/A,135168,170463232,13,discern-network,S (sleeping),server-compromised.bnsdq.ozxfs.rzona-vmdrv.kvugl,1.3133718102590908,0
1759302316,70443,1,N/A,N/A,N/A,N/A,N/A,N/A,N/A,N/A,1580597248,1580597248,21614592,N/A,135168,82202624,5,discern-interfa,S (sleeping),server-compromised.bnsdq.ozxfs.rzona-vmdrv.kvugl,0.005834452831203223,0
1759302316,72604,1,N/A,N/A,N/A,N/A,N/A,N/A,N/A,N/A,1264619520,1264619520,17252352,N/A,135168,45826048,4,discern-proc-so,R (running),server-compromised.bnsdq.ozxfs.rzona-vmdrv.kvugl,2.652843156490408,0
1759302316,3677,1,N/A,N/A,N/A,N/A,N/A,N/A,N/A,N/A,1264021504,1264021504,13598720,N/A,135168,45559808,4,discern-cpu-sor,S (sleeping),server-compromised.bnsdq.ozxfs.rzona-vmdrv.kvugl,0.019698389592703477,0
1759302321,340,1,103,103,103,103,109,109,109,109,211709952,211709952,205230080,N/A,135168,203980800,1,dbus-daemon,S (sleeping),server-compromised.bnsdq.ozxfs.rzona-vmdrv.kvugl,0.28547138242657744,0
1759302321,3293,1,N/A,N/A,N/A,N/A,N/A,N/A,N/A,N/A,1953800192,1922228224,41988096,N/A,135168,170463232,13,discern-network,S (sleeping),server-compromised.bnsdq.ozxfs.rzona-vmdrv.kvugl,1.312427311730706,0
1759302321,70443,1,N/A,N/A,N/A,N/A,N/A,N/A,N/A,N/A,1580597248,1580597248,21614592,N/A,135168,82202624,5,discern-interfa,S (sleeping),server-compromised.bnsdq.ozxfs.rzona-vmdrv.kvugl,0.005748010260419268,0
1759302321,72604,1,N/A,N/A,N/A,N/A,N/A,N/A,N/A,N/A,1264619520,1264619520,17252352,N/A,135168,45826048,4,discern-proc-so,R (running),server-compromised.bnsdq.ozxfs.rzona-vmdrv.kvugl,2.649129035529126,0
1759302321,181,1,N/A,N/A,N/A,N/A,N/A,N/A,N/A,N/A,154476544,104173568,39378944,4096,135168,28102656,1,systemd-journal,S (sleeping),server-compromised.bnsdq.ozxfs.rzona-vmdrv.kvugl,0.18314084554634952,0
1759302327,340,1,103,103,103,103,109,109,109,109,211845120,211845120,205500416,N/A,135168,204115968,1,dbus-daemon,S (sleeping),server-compromised.bnsdq.ozxfs.rzona-vmdrv.kvugl,0.2853805595539473,0
1759302327,3293,1,N/A,N/A,N/A,N/A,N/A,N/A,N/A,N/A,1953800192,1922228224,41988096,N/A,135168,170463232,13,discern-network,S (sleeping),server-compromised.bnsdq.ozxfs.rzona-vmdrv.kvugl,1.3118768246291268,0
1759302327,70443,1,N/A,N/A,N/A,N/A,N/A,N/A,N/A,N/A,1580597248,1580597248,21614592,N/A,135168,82202624,5,discern-interfa,S (sleeping),server-compromised.bnsdq.ozxfs.rzona-vmdrv.kvugl,0.00566387675251144,0
1759302327,72604,1,N/A,N/A,N/A,N/A,N/A,N/A,N/A,N/A,1264619520,1264619520,17252352,N/A,135168,45826048,4,discern-proc-so,S (sleeping),server-compromised.bnsdq.ozxfs.rzona-vmdrv.kvugl,2.656118825739697,0
1759302327,181,1,N/A,N/A,N/A,N/A,N/A,N/A,N/A,N/A,154476544,104173568,39378944,4096,135168,28102656,1,systemd-journal,S (sleeping),server-compromised.bnsdq.ozxfs.rzona-vmdrv.kvugl,0.18315104988490966,0
1759302332,340,1,103,103,103,103,109,109,109,109,211980288,211980288,205500416,N/A,135168,204251136,1,dbus-daemon,S (sleeping),server-compromised.bnsdq.ozxfs.rzona-vmdrv.kvugl,0.2852911424502272,0
1759302332,3293,1,N/A,N/A,N/A,N/A,N/A,N/A,N/A,N/A,1953800192,1922228224,41988096,N/A,135168,170463232,13,discern-network,S (sleeping),server-compromised.bnsdq.ozxfs.rzona-vmdrv.kvugl,1.311135717766745,0
1759302332,70443,1,N/A,N/A,N/A,N/A,N/A,N/A,N/A,N/A,1580597248,1580597248,21614592,N/A,135168,82202624,5,discern-interfa,S (sleeping),server-compromised.bnsdq.ozxfs.rzona-vmdrv.kvugl,0.005582520884463126,0
1759302332,72604,1,N/A,N/A,N/A,N/A,N/A,N/A,N/A,N/A,1264619520,1264619520,17252352,N/A,135168,45826048,4,discern-proc-so,S (sleeping),server-compromised.bnsdq.ozxfs.rzona-vmdrv.kvugl,2.642238877335889,0
1759302332,181,1,N/A,N/A,N/A,N/A,N/A,N/A,N/A,N/A,154476544,104173568,39378944,4096,135168,28102656,1,systemd-journal,S (sleeping),server-compromised.bnsdq.ozxfs.rzona-vmdrv.kvugl,0.18297122214928568,0
1759302337,340,1,103,103,103,103,109,109,109,109,212115456,212115456,205770752,N/A,135168,204386304,1,dbus-daemon,S (sleeping),server-compromised.bnsdq.ozxfs.rzona-vmdrv.kvugl,0.2853912379709755,0
1759302337,3293,1,N/A,N/A,N/A,N/A,N/A,N/A,N/A,N/A,1953800192,1922228224,41988096,N/A,135168,170463232,13,discern-network,S (sleeping),server-compromised.bnsdq.ozxfs.rzona-vmdrv.kvugl,1.3103899133310377,0
1759302337,70443,1,N/A,N/A,N/A,N/A,N/A,N/A,N/A,N/A,1580597248,1580597248,21614592,N/A,135168,82202624,5,discern-interfa,S (sleeping),server-compromised.bnsdq.ozxfs.rzona-vmdrv.kvugl,0.005503107298976236,0
1759302337,72604,1,N/A,N/A,N/A,N/A,N/A,N/A,N/A,N/A,1264619520,1264619520,17260544,N/A,135168,45826048,4,discern-proc-so,R (running),server-compromised.bnsdq.ozxfs.rzona-vmdrv.kvugl,2.6540899662914232,0
1759302337,181,1,N/A,N/A,N/A,N/A,N/A,N/A,N/A,N/A,154476544,104173568,39378944,4096,135168,28102656,1,systemd-journal,S (sleeping),server-compromised.bnsdq.ozxfs.rzona-vmdrv.kvugl,0.18298152721876787,0
1759302342,340,1,103,103,103,103,109,109,109,109,212250624,212250624,205770752,N/A,135168,204521472,1,dbus-daemon,S (sleeping),server-compromised.bnsdq.ozxfs.rzona-vmdrv.kvugl,0.2853014357320811,0
1759302342,3293,1,N/A,N/A,N/A,N/A,N/A,N/A,N/A,N/A,1953800192,1922228224,41988096,N/A,135168,170463232,13,discern-network,S (sleeping),server-compromised.bnsdq.ozxfs.rzona-vmdrv.kvugl,1.3094520314200888,0
1759302342,70443,1,N/A,N/A,N/A,N/A,N/A,N/A,N/A,N/A,1580597248,1580597248,21614592,N/A,135168,82202624,5,discern-interfa,S (sleeping),server-compromised.bnsdq.ozxfs.rzona-vmdrv.kvugl,0.0054261237901329865,0
1759302342,72604,1,N/A,N/A,N/A,N/A,N/A,N/A,N/A,N/A,1264619520,1264619520,17260544,N/A,135168,45826048,4,discern-proc-so,R (running),server-compromised.bnsdq.ozxfs.rzona-vmdrv.kvugl,2.6457723236636,0
1759302342,181,1,N/A,N/A,N/A,N/A,N/A,N/A,N/A,N/A,154476544,104173568,39378944,4096,135168,28102656,1,systemd-journal,S (sleeping),server-compromised.bnsdq.ozxfs.rzona-vmdrv.kvugl,0.1829922871949011,0
1759302347,340,1,103,103,103,103,109,109,109,109,212520960,212520960,206041088,N/A,135168,204791808,1,dbus-daemon,S (sleeping),server-compromised.bnsdq.ozxfs.rzona-vmdrv.kvugl,0.2852106046183238,0
1759302347,3293,1,N/A,N/A,N/A,N/A,N/A,N/A,N/A,N/A,1953800192,1922228224,41988096,N/A,135168,170463232,13,discern-network,S (sleeping),server-compromised.bnsdq.ozxfs.rzona-vmdrv.kvugl,1.3089042855994806,0
1759302347,70443,1,N/A,N/A,N/A,N/A,N/A,N/A,N/A,N/A,1580597248,1580597248,21614592,N/A,135168,82202624,5,discern-interfa,S (sleeping),server-compromised.bnsdq.ozxfs.rzona-vmdrv.kvugl,0.0053509485411637,0
1759302347,72604,1,N/A,N/A,N/A,N/A,N/A,N/A,N/A,N/A,1264619520,1264619520,17260544,N/A,135168,45826048,4,discern-proc-so,S (sleeping),server-compromised.bnsdq.ozxfs.rzona-vmdrv.kvugl,2.652026815028137,0
1759302347,181,1,N/A,N/A,N/A,N/A,N/A,N/A,N/A,N/A,154476544,104173568,39378944,4096,135168,28102656,1,systemd-journal,S (sleeping),server-compromised.bnsdq.ozxfs.rzona-vmdrv.kvugl,0.18300225811931312,0
1759302352,340,1,103,103,103,103,109,109,109,109,212656128,212656128,206311424,N/A,135168,204926976,1,dbus-daemon,S (sleeping),server-compromised.bnsdq.ozxfs.rzona-vmdrv.kvugl,0.2853114715133389,0
1759302352,3293,1,N/A,N/A,N/A,N/A,N/A,N/A,N/A,N/A,1953800192,1922228224,41988096,N/A,135168,170463232,13,discern-network,S (sleeping),server-compromised.bnsdq.ozxfs.rzona-vmdrv.kvugl,1.3081677099088078,0
1759302352,70443,1,N/A,N/A,N/A,N/A,N/A,N/A,N/A,N/A,1580597248,1580597248,21614592,N/A,135168,82202624,5,discern-interfa,S (sleeping),server-compromised.bnsdq.ozxfs.rzona-vmdrv.kvugl,0.005278195238926254,0
1759302352,72604,1,N/A,N/A,N/A,N/A,N/A,N/A,N/A,N/A,1264619520,1264619520,17260544,N/A,135168,45826048,4,discern-proc-so,R (running),server-compromised.bnsdq.ozxfs.rzona-vmdrv.kvugl,2.6489132742703227,0
1759302352,181,1,N/A,N/A,N/A,N/A,N/A,N/A,N/A,N/A,154476544,104173568,39378944,4096,135168,28102656,1,systemd-journal,S (sleeping),server-compromised.bnsdq.ozxfs.rzona-vmdrv.kvugl,0.18301312737397643,0
1759302358,340,1,103,103,103,103,109,109,109,109,212926464,212926464,206581760,N/A,135168,205197312,1,dbus-daemon,S (sleeping),server-compromised.bnsdq.ozxfs.rzona-vmdrv.kvugl,0.28522230424210443,0
1759302358,3293,1,N/A,N/A,N/A,N/A,N/A,N/A,N/A,N/A,1953800192,1922228224,41988096,N/A,135168,170463232,13,discern-network,S (sleeping),server-compromised.bnsdq.ozxfs.rzona-vmdrv.kvugl,1.3076294829420776,0
1759302358,70443,1,N/A,N/A,N/A,N/A,N/A,N/A,N/A,N/A,1580597248,1580597248,21614592,N/A,135168,82202624,5,discern-interfa,S (sleeping),server-compromised.bnsdq.ozxfs.rzona-vmdrv.kvugl,0.005207410941771854,0
1759302358,72604,1,N/A,N/A,N/A,N/A,N/A,N/A,N/A,N/A,1264619520,1264619520,17260544,N/A,135168,45826048,4,discern-proc-so,R (running),server-compromised.bnsdq.ozxfs.rzona-vmdrv.kvugl,2.645962300662376,0
1759302358,181,1,N/A,N/A,N/A,N/A,N/A,N/A,N/A,N/A,154476544,104173568,39378944,4096,135168,28102656,1,systemd-journal,S (sleeping),server-compromised.bnsdq.ozxfs.rzona-vmdrv.kvugl,0.18283416173765724,0
1759302363,340,1,103,103,103,103,109,109,109,109,213061632,213061632,206581760,N/A,135168,205332480,1,dbus-daemon,S (sleeping),server-compromised.bnsdq.ozxfs.rzona-vmdrv.kvugl,0.28513313078221864,0
1759302363,3293,1,N/A,N/A,N/A,N/A,N/A,N/A,N/A,N/A,1953800192,1922228224,41988096,N/A,135168,170463232,13,discern-network,S (sleeping),server-compromised.bnsdq.ozxfs.rzona-vmdrv.kvugl,1.3070914830176015,0
1759302363,70443,1,N/A,N/A,N/A,N/A,N/A,N/A,N/A,N/A,1580597248,1580597248,21614592,N/A,135168,82202624,5,discern-interfa,S (sleeping),server-compromised.bnsdq.ozxfs.rzona-vmdrv.kvugl,0.00513845447835244,0
1759302363,72604,1,N/A,N/A,N/A,N/A,N/A,N/A,N/A,N/A,1264619520,1264619520,17260544,N/A,135168,45826048,4,discern-proc-so,S (sleeping),server-compromised.bnsdq.ozxfs.rzona-vmdrv.kvugl,2.647586263715551,0
1759302363,181,1,N/A,N/A,N/A,N/A,N/A,N/A,N/A,N/A,154476544,104173568,39378944,4096,135168,28102656,1,systemd-journal,S (sleeping),server-compromised.bnsdq.ozxfs.rzona-vmdrv.kvugl,0.18284509772565188,0
1759302368,340,1,103,103,103,103,109,109,109,109,213331968,213331968,206852096,N/A,135168,205602816,1,dbus-daemon,S (sleeping),server-compromised.bnsdq.ozxfs.rzona-vmdrv.kvugl,0.285233718022992,0
1759302368,3293,1,N/A,N/A,N/A,N/A,N/A,N/A,N/A,N/A,1953800192,1922228224,41988096,N/A,135168,170463232,13,discern-network,S (sleeping),server-compromised.bnsdq.ozxfs.rzona-vmdrv.kvugl,1.306162501165425,0
1759302368,70443,1,N/A,N/A,N/A,N/A,N/A,N/A,N/A,N/A,1580597248,1580597248,21614592,N/A,135168,82202624,5,discern-interfa,S (sleeping),server-compromised.bnsdq.ozxfs.rzona-vmdrv.kvugl,0.005071314780776689,0
1759302368,72604,1,N/A,N/A,N/A,N/A,N/A,N/A,N/A,N/A,1264619520,1264619520,17260544,N/A,135168,45826048,4,discern-proc-so,R (running),server-compromised.bnsdq.ozxfs.rzona-vmdrv.kvugl,2.6491489186791566,0
1759302368,181,1,N/A,N/A,N/A,N/A,N/A,N/A,N/A,N/A,154476544,104173568,39378944,4096,135168,28102656,1,systemd-journal,S (sleeping),server-compromised.bnsdq.ozxfs.rzona-vmdrv.kvugl,0.18285604828515814,0
1759302373,340,1,103,103,103,103,109,109,109,109,213467136,213467136,207122432,N/A,135168,205737984,1,dbus-daemon,S (sleeping),server-compromised.bnsdq.ozxfs.rzona-vmdrv.kvugl,0.2851437777726779,0
1759302373,3293,1,N/A,N/A,N/A,N/A,N/A,N/A,N/A,N/A,1953800192,1922228224,41988096,N/A,135168,170463232,13,discern-network,S (sleeping),server-compromised.bnsdq.ozxfs.rzona-vmdrv.kvugl,1.3054266974601296,0
1759302373,70443,1,N/A,N/A,N/A,N/A,N/A,N/A,N/A,N/A,1580597248,1580597248,21614592,N/A,135168,82202624,5,discern-interfa,S (sleeping),server-compromised.bnsdq.ozxfs.rzona-vmdrv.kvugl,0.005005678038961167,0
1759302373,72604,1,N/A,N/A,N/A,N/A,N/A,N/A,N/A,N/A,1264619520,1264619520,17260544,N/A,135168,45826048,4,discern-proc-so,S (sleeping),server-compromised.bnsdq.ozxfs.rzona-vmdrv.kvugl,2.6461554701947776,0
1759302373,181,1,N/A,N/A,N/A,N/A,N/A,N/A,N/A,N/A,154476544,104173568,39378944,4096,135168,28102656,1,systemd-journal,S (sleeping),server-compromised.bnsdq.ozxfs.rzona-vmdrv.kvugl,0.18286635174559984,0
1759302378,340,1,103,103,103,103,109,109,109,109,213602304,213602304,207122432,N/A,135168,205873152,1,dbus-daemon,S (sleeping),server-compromised.bnsdq.ozxfs.rzona-vmdrv.kvugl,0.28524413740613497,0
1759302378,3293,1,N/A,N/A,N/A,N/A,N/A,N/A,N/A,N/A,1953800192,1922228224,41988096,N/A,135168,170463232,13,discern-network,S (sleeping),server-compromised.bnsdq.ozxfs.rzona-vmdrv.kvugl,1.3048927473715854,0
1759302378,70443,1,N/A,N/A,N/A,N/A,N/A,N/A,N/A,N/A,1580597248,1580597248,21614592,N/A,135168,82202624,5,discern-interfa,S (sleeping),server-compromised.bnsdq.ozxfs.rzona-vmdrv.kvugl,0.004941937274465246,0
1759302378,72604,1,N/A,N/A,N/A,N/A,N/A,N/A,N/A,N/A,1264619520,1264619520,17260544,N/A,135168,45826048,4,discern-proc-so,S (sleeping),server-compromised.bnsdq.ozxfs.rzona-vmdrv.kvugl,2.647678225353347,0
1759302378,181,1,N/A,N/A,N/A,N/A,N/A,N/A,N/A,N/A,154476544,104173568,39378944,4096,135168,28102656,1,systemd-journal,S (sleeping),server-compromised.bnsdq.ozxfs.rzona-vmdrv.kvugl,0.18268813014770985,0
1759302383,340,1,103,103,103,103,109,109,109,109,213737472,213737472,207392768,N/A,135168,206008320,1,dbus-daemon,S (sleeping),server-compromised.bnsdq.ozxfs.rzona-vmdrv.kvugl,0.28515407768993595,0
1759302383,3293,1,N/A,N/A,N/A,N/A,N/A,N/A,N/A,N/A,1953800192,1922228224,41988096,N/A,135168,170463232,13,discern-network,S (sleeping),server-compromised.bnsdq.ozxfs.rzona-vmdrv.kvugl,1.3039627701699263,0
1759302383,70443,1,N/A,N/A,N/A,N/A,N/A,N/A,N/A,N/A,1580597248,1580597248,21614592,N/A,135168,82202624,5,discern-interfa,S (sleeping),server-compromised.bnsdq.ozxfs.rzona-vmdrv.kvugl,0.0048795229163514624,0
1759302383,72604,1,N/A,N/A,N/A,N/A,N/A,N/A,N/A,N/A,1264619520,1264619520,17260544,N/A,135168,45826048,4,discern-proc-so,R (running),server-compromised.bnsdq.ozxfs.rzona-vmdrv.kvugl,2.652985053055427,0
1759302383,181,1,N/A,N/A,N/A,N/A,N/A,N/A,N/A,N/A,154476544,104173568,39378944,4096,135168,28102656,1,systemd-journal,S (sleeping),server-compromised.bnsdq.ozxfs.rzona-vmdrv.kvugl,0.18288732605129865,0
1759302389,340,1,103,103,103,103,109,109,109,109,214007808,214007808,207663104,N/A,135168,206278656,1,dbus-daemon,S (sleeping),server-compromised.bnsdq.ozxfs.rzona-vmdrv.kvugl,0.2850654019271056,0
1759302389,3293,1,N/A,N/A,N/A,N/A,N/A,N/A,N/A,N/A,1953800192,1922228224,41988096,N/A,135168,170463232,13,discern-network,S (sleeping),server-compromised.bnsdq.ozxfs.rzona-vmdrv.kvugl,1.3030403884821677,0
1759302389,70443,1,N/A,N/A,N/A,N/A,N/A,N/A,N/A,N/A,1580597248,1580597248,21614592,N/A,135168,82202624,5,discern-interfa,S (sleeping),server-compromised.bnsdq.ozxfs.rzona-vmdrv.kvugl,0.004818925821618902,0
1759302389,72604,1,N/A,N/A,N/A,N/A,N/A,N/A,N/A,N/A,1264619520,1264619520,17260544,N/A,135168,45826048,4,discern-proc-so,S (sleeping),server-compromised.bnsdq.ozxfs.rzona-vmdrv.kvugl,2.65429493163162,0
1759302389,181,1,N/A,N/A,N/A,N/A,N/A,N/A,N/A,N/A,154476544,104173568,39378944,4096,135168,28102656,1,systemd-journal,S (sleeping),server-compromised.bnsdq.ozxfs.rzona-vmdrv.kvugl,0.1827094066500682,0
1759302394,340,1,103,103,103,103,109,109,109,109,214142976,214142976,207663104,N/A,135168,206413824,1,dbus-daemon,S (sleeping),server-compromised.bnsdq.ozxfs.rzona-vmdrv.kvugl,0.284975958537851,0
1759302394,3293,1,N/A,N/A,N/A,N/A,N/A,N/A,N/A,N/A,1953800192,1922228224,41988096,N/A,135168,170463232,13,discern-network,S (sleeping),server-compromised.bnsdq.ozxfs.rzona-vmdrv.kvugl,1.3021154174745229,0
1759302394,70443,1,N/A,N/A,N/A,N/A,N/A,N/A,N/A,N/A,1580597248,1580597248,21614592,N/A,135168,82202624,5,discern-interfa,S (sleeping),server-compromised.bnsdq.ozxfs.rzona-vmdrv.kvugl,0.004759617180631871,0
1759302394,72604,1,N/A,N/A,N/A,N/A,N/A,N/A,N/A,N/A,1264619520,1264619520,17260544,N/A,135168,45826048,4,discern-proc-so,R (running),server-compromised.bnsdq.ozxfs.rzona-vmdrv.kvugl,2.659302817952387,0
1759302394,181,1,N/A,N/A,N/A,N/A,N/A,N/A,N/A,N/A,154476544,104173568,39378944,4096,135168,28102656,1,systemd-journal,S (sleeping),server-compromised.bnsdq.ozxfs.rzona-vmdrv.kvugl,0.18271979611617267,0
1759302399,340,1,103,103,103,103,109,109,109,109,214278144,214278144,207933440,N/A,135168,206548992,1,dbus-daemon,S (sleeping),server-compromised.bnsdq.ozxfs.rzona-vmdrv.kvugl,0.285076620933471,0
1759302399,3293,1,N/A,N/A,N/A,N/A,N/A,N/A,N/A,N/A,1953800192,1922228224,41988096,N/A,135168,170463232,13,discern-network,S (sleeping),server-compromised.bnsdq.ozxfs.rzona-vmdrv.kvugl,1.3013944436473184,0
1759302399,70443,1,N/A,N/A,N/A,N/A,N/A,N/A,N/A,N/A,1580597248,1580597248,21614592,N/A,135168,82202624,5,discern-interfa,S (sleeping),server-compromised.bnsdq.ozxfs.rzona-vmdrv.kvugl,0.0047020615122670304,0
1759302399,72604,1,N/A,N/A,N/A,N/A,N/A,N/A,N/A,N/A,1264619520,1264619520,17260544,N/A,135168,45826048,4,discern-proc-so,R (running),server-compromised.bnsdq.ozxfs.rzona-vmdrv.kvugl,2.6528322797508346,0
1759302399,181,1,N/A,N/A,N/A,N/A,N/A,N/A,N/A,N/A,154476544,104173568,39378944,4096,135168,28102656,1,systemd-journal,S (sleeping),server-compromised.bnsdq.ozxfs.rzona-vmdrv.kvugl,0.18254274897201558,0
1759302404,340,1,103,103,103,103,109,109,109,109,214716416,214716416,208203776,N/A,135168,206987264,1,dbus-daemon,S (sleeping),server-compromised.bnsdq.ozxfs.rzona-vmdrv.kvugl,0.28517609441189895,0
1759302404,3293,1,N/A,N/A,N/A,N/A,N/A,N/A,N/A,N/A,1953800192,1922228224,41988096,N/A,135168,170463232,13,discern-network,S (sleeping),server-compromised.bnsdq.ozxfs.rzona-vmdrv.kvugl,1.3006702559954701,0
1759302404,70443,1,N/A,N/A,N/A,N/A,N/A,N/A,N/A,N/A,1580597248,1580597248,21614592,N/A,135168,82202624,5,discern-interfa,S (sleeping),server-compromised.bnsdq.ozxfs.rzona-vmdrv.kvugl,0.004645682999602691,0
1759302404,72604,1,N/A,N/A,N/A,N/A,N/A,N/A,N/A,N/A,1264619520,1264619520,17260544,N/A,135168,45826048,4,discern-proc-so,R (running),server-compromised.bnsdq.ozxfs.rzona-vmdrv.kvugl,2.6539910536255813,0
1759302404,181,1,N/A,N/A,N/A,N/A,N/A,N/A,N/A,N/A,154476544,104173568,39378944,4096,135168,28102656,1,systemd-journal,S (sleeping),server-compromised.bnsdq.ozxfs.rzona-vmdrv.kvugl,0.18274181782592752,0
1759302409,340,1,103,103,103,103,109,109,109,109,214716416,214716416,208203776,N/A,135168,206987264,1,dbus-daemon,S (sleeping),server-compromised.bnsdq.ozxfs.rzona-vmdrv.kvugl,0.28508777819811315,0
1759302409,3293,1,N/A,N/A,N/A,N/A,N/A,N/A,N/A,N/A,1953800192,1922228224,41988096,N/A,135168,170463232,13,discern-network,S (sleeping),server-compromised.bnsdq.ozxfs.rzona-vmdrv.kvugl,1.2997550523556962,0
1759302409,70443,1,N/A,N/A,N/A,N/A,N/A,N/A,N/A,N/A,1580597248,1580597248,21614592,N/A,135168,82202624,5,discern-interfa,S (sleeping),server-compromised.bnsdq.ozxfs.rzona-vmdrv.kvugl,0.004590729034876744,0
1759302409,72604,1,N/A,N/A,N/A,N/A,N/A,N/A,N/A,N/A,1264619520,1264619520,17321984,N/A,135168,45826048,4,discern-proc-so,R (running),server-compromised.bnsdq.ozxfs.rzona-vmdrv.kvugl,2.651479718036949,0
1759302409,181,1,N/A,N/A,N/A,N/A,N/A,N/A,N/A,N/A,154476544,104173568,39378944,4096,135168,28102656,1,systemd-journal,S (sleeping),server-compromised.bnsdq.ozxfs.rzona-vmdrv.kvugl,0.18256475236953654,0
1759302414,340,1,103,103,103,103,109,109,109,109,214986752,214986752,208474112,N/A,135168,207257600,1,dbus-daemon,S (sleeping),server-compromised.bnsdq.ozxfs.rzona-vmdrv.kvugl,0.2851878396033251,0
1759302414,3293,1,N/A,N/A,N/A,N/A,N/A,N/A,N/A,N/A,1953800192,1922228224,41988096,N/A,135168,170463232,13,discern-network,S (sleeping),server-compromised.bnsdq.ozxfs.rzona-vmdrv.kvugl,1.2988432648497203,0
1759302414,70443,1,N/A,N/A,N/A,N/A,N/A,N/A,N/A,N/A,1580597248,1580597248,21614592,N/A,135168,82202624,5,discern-interfa,S (sleeping),server-compromised.bnsdq.ozxfs.rzona-vmdrv.kvugl,0.004537124090957961,0
1759302414,72604,1,N/A,N/A,N/A,N/A,N/A,N/A,N/A,N/A,1264619520,1264619520,17321984,N/A,135168,45826048,4,discern-proc-so,R (running),server-compromised.bnsdq.ozxfs.rzona-vmdrv.kvugl,2.65276143775402,0
1759302414,181,1,N/A,N/A,N/A,N/A,N/A,N/A,N/A,N/A,154476544,104173568,39378944,4096,135168,28102656,1,systemd-journal,S (sleeping),server-compromised.bnsdq.ozxfs.rzona-vmdrv.kvugl,0.1827639135131871,0
1759302419,340,1,103,103,103,103,109,109,109,109,215121920,215121920,208744448,N/A,135168,207392768,1,dbus-daemon,S (sleeping),server-compromised.bnsdq.ozxfs.rzona-vmdrv.kvugl,0.285098554653326,0
1759302419,3293,1,N/A,N/A,N/A,N/A,N/A,N/A,N/A,N/A,1953800192,1922228224,41988096,N/A,135168,170463232,13,discern-network,S (sleeping),server-compromised.bnsdq.ozxfs.rzona-vmdrv.kvugl,1.2981206243966803,0
1759302419,70443,1,N/A,N/A,N/A,N/A,N/A,N/A,N/A,N/A,1580597248,1580597248,21614592,N/A,135168,82202624,5,discern-interfa,S (sleeping),server-compromised.bnsdq.ozxfs.rzona-vmdrv.kvugl,0.004484482878293008,0
1759302419,72604,1,N/A,N/A,N/A,N/A,N/A,N/A,N/A,N/A,1264619520,1264619520,17321984,N/A,135168,45826048,4,discern-proc-so,S (sleeping),server-compromised.bnsdq.ozxfs.rzona-vmdrv.kvugl,2.657309946761366,0
1759302419,181,1,N/A,N/A,N/A,N/A,N/A,N/A,N/A,N/A,154476544,104173568,39378944,4096,135168,28102656,1,systemd-journal,S (sleeping),server-compromised.bnsdq.ozxfs.rzona-vmdrv.kvugl,0.182774104133472,0
1759302425,340,1,103,103,103,103,109,109,109,109,227844096,227844096,208744448,N/A,135168,220114944,1,dbus-daemon,S (sleeping),server-compromised.bnsdq.ozxfs.rzona-vmdrv.kvugl,0.28501009296008556,0
1759302425,3293,1,N/A,N/A,N/A,N/A,N/A,N/A,N/A,N/A,1953800192,1922228224,41988096,N/A,135168,170463232,13,discern-network,S (sleeping),server-compromised.bnsdq.ozxfs.rzona-vmdrv.kvugl,1.2972084670018833,0
1759302425,70443,1,N/A,N/A,N/A,N/A,N/A,N/A,N/A,N/A,1580597248,1580597248,21614592,N/A,135168,82202624,5,discern-interfa,S (sleeping),server-compromised.bnsdq.ozxfs.rzona-vmdrv.kvugl,0.0044331671461002795,0
1759302425,72604,1,N/A,N/A,N/A,N/A,N/A,N/A,N/A,N/A,1264619520,1264619520,17321984,N/A,135168,45826048,4,discern-proc-so,R (running),server-compromised.bnsdq.ozxfs.rzona-vmdrv.kvugl,2.6582981746393286,0
1759302425,181,1,N/A,N/A,N/A,N/A,N/A,N/A,N/A,N/A,154476544,104173568,39378944,4096,135168,28102656,1,systemd-journal,S (sleeping),server-compromised.bnsdq.ozxfs.rzona-vmdrv.kvugl,0.18259721291481762,0
1759302430,340,1,103,103,103,103,109,109,109,109,227979264,227979264,209027072,N/A,135168,220250112,1,dbus-daemon,S (sleeping),server-compromised.bnsdq.ozxfs.rzona-vmdrv.kvugl,0.2851084036276241,0
1759302430,3293,1,N/A,N/A,N/A,N/A,N/A,N/A,N/A,N/A,1953800192,1922228224,41988096,N/A,135168,170463232,13,discern-network,S (sleeping),server-compromised.bnsdq.ozxfs.rzona-vmdrv.kvugl,1.2964885649563371,0
1759302430,70443,1,N/A,N/A,N/A,N/A,N/A,N/A,N/A,N/A,1580597248,1580597248,21614592,N/A,135168,82202624,5,discern-interfa,S (sleeping),server-compromised.bnsdq.ozxfs.rzona-vmdrv.kvugl,0.004382883619078974,0
1759302430,72604,1,N/A,N/A,N/A,N/A,N/A,N/A,N/A,N/A,1264619520,1264619520,17321984,N/A,135168,45826048,4,discern-proc-so,S (sleeping),server-compromised.bnsdq.ozxfs.rzona-vmdrv.kvugl,2.666017317591519,0
1759302430,181,1,N/A,N/A,N/A,N/A,N/A,N/A,N/A,N/A,154476544,104173568,39378944,4096,135168,28102656,1,systemd-journal,S (sleeping),server-compromised.bnsdq.ozxfs.rzona-vmdrv.kvugl,0.1826074959403467,0
1759302435,340,1,103,103,103,103,109,109,109,109,228249600,228249600,209297408,N/A,135168,220520448,1,dbus-daemon,S (sleeping),server-compromised.bnsdq.ozxfs.rzona-vmdrv.kvugl,0.28502011216658335,0
1759302435,3293,1,N/A,N/A,N/A,N/A,N/A,N/A,N/A,N/A,1953800192,1922228224,41988096,N/A,135168,170463232,13,discern-network,S (sleeping),server-compromised.bnsdq.ozxfs.rzona-vmdrv.kvugl,1.2955799088478077,0
1759302435,70443,1,N/A,N/A,N/A,N/A,N/A,N/A,N/A,N/A,1580597248,1580597248,21614592,N/A,135168,82202624,5,discern-interfa,S (sleeping),server-compromised.bnsdq.ozxfs.rzona-vmdrv.kvugl,0.004333856144596473,0
1759302435,72604,1,N/A,N/A,N/A,N/A,N/A,N/A,N/A,N/A,1264619520,1264619520,17321984,N/A,135168,45826048,4,discern-proc-so,S (sleeping),server-compromised.bnsdq.ozxfs.rzona-vmdrv.kvugl,2.6702054155894346,0
1759302435,181,1,N/A,N/A,N/A,N/A,N/A,N/A,N/A,N/A,154476544,104173568,39378944,4096,135168,28102656,1,systemd-journal,S (sleeping),server-compromised.bnsdq.ozxfs.rzona-vmdrv.kvugl,0.18261822547981665,0
1759302440,340,1,103,103,103,103,109,109,109,109,228384768,228384768,209567744,N/A,135168,220655616,1,dbus-daemon,S (sleeping),server-compromised.bnsdq.ozxfs.rzona-vmdrv.kvugl,0.284931276030661,0
1759302440,3293,1,N/A,N/A,N/A,N/A,N/A,N/A,N/A,N/A,1953800192,1922228224,41988096,N/A,135168,170463232,13,discern-network,S (sleeping),server-compromised.bnsdq.ozxfs.rzona-vmdrv.kvugl,1.2946697127382225,0
1759302440,70443,1,N/A,N/A,N/A,N/A,N/A,N/A,N/A,N/A,1580597248,1580597248,21614592,N/A,135168,82202624,5,discern-interfa,S (sleeping),server-compromised.bnsdq.ozxfs.rzona-vmdrv.kvugl,0.004285790390456529,0
1759302440,72604,1,N/A,N/A,N/A,N/A,N/A,N/A,N/A,N/A,1264619520,1264619520,17321984,N/A,135168,45826048,4,discern-proc-so,S (sleeping),server-compromised.bnsdq.ozxfs.rzona-vmdrv.kvugl,2.6708044735566916,0
1759302440,181,1,N/A,N/A,N/A,N/A,N/A,N/A,N/A,N/A,154476544,104173568,39378944,4096,135168,28102656,1,systemd-journal,S (sleeping),server-compromised.bnsdq.ozxfs.rzona-vmdrv.kvugl,0.18262847707624513,0
1759302445,340,1,103,103,103,103,109,109,109,109,228655104,228655104,209567744,N/A,135168,220925952,1,dbus-daemon,S (sleeping),server-compromised.bnsdq.ozxfs.rzona-vmdrv.kvugl,0.2848365514432147,0
1759302445,3293,1,N/A,N/A,N/A,N/A,N/A,N/A,N/A,N/A,1953800192,1922228224,41988096,N/A,135168,170463232,13,discern-network,S (sleeping),server-compromised.bnsdq.ozxfs.rzona-vmdrv.kvugl,1.2939260628782943,0
1759302445,70443,1,N/A,N/A,N/A,N/A,N/A,N/A,N/A,N/A,1580597248,1580597248,21614592,N/A,135168,82202624,5,discern-interfa,S (sleeping),server-compromised.bnsdq.ozxfs.rzona-vmdrv.kvugl,0.0042377542599300365,0
1759302445,72604,1,N/A,N/A,N/A,N/A,N/A,N/A,N/A,N/A,1264619520,1264619520,17321984,N/A,135168,45826048,4,discern-proc-so,S (sleeping),server-compromised.bnsdq.ozxfs.rzona-vmdrv.kvugl,2.673654935448636,0
1759302445,181,1,N/A,N/A,N/A,N/A,N/A,N/A,N/A,N/A,154476544,104173568,39378944,4096,135168,28102656,1,systemd-journal,S (sleeping),server-compromised.bnsdq.ozxfs.rzona-vmdrv.kvugl,0.18263481216901328,0
1759302451,340,1,103,103,103,103,109,109,109,109,228925440,228925440,209838080,N/A,135168,221196288,1,dbus-daemon,S (sleeping),server-compromised.bnsdq.ozxfs.rzona-vmdrv.kvugl,0.2851214751198201,0
1759302451,3293,1,N/A,N/A,N/A,N/A,N/A,N/A,N/A,N/A,1953800192,1922228224,41988096,N/A,135168,170463232,13,discern-network,S (sleeping),server-compromised.bnsdq.ozxfs.rzona-vmdrv.kvugl,1.2928273404530402,0
1759302451,70443,1,N/A,N/A,N/A,N/A,N/A,N/A,N/A,N/A,1580597248,1580597248,21614592,N/A,135168,82202624,5,discern-interfa,S (sleeping),server-compromised.bnsdq.ozxfs.rzona-vmdrv.kvugl,0.0041918218394164175,0
1759302451,72604,1,N/A,N/A,N/A,N/A,N/A,N/A,N/A,N/A,1264619520,1264619520,17321984,N/A,135168,45826048,4,discern-proc-so,S (sleeping),server-compromised.bnsdq.ozxfs.rzona-vmdrv.kvugl,2.66778407384155,0
1759302451,181,1,N/A,N/A,N/A,N/A,N/A,N/A,N/A,N/A,154476544,104173568,39378944,4096,135168,28102656,1,systemd-journal,S (sleeping),server-compromised.bnsdq.ozxfs.rzona-vmdrv.kvugl,0.18264517355197862,0
1759302456,340,1,103,103,103,103,109,109,109,109,229060608,229060608,210108416,N/A,135168,221331456,1,dbus-daemon,S (sleeping),server-compromised.bnsdq.ozxfs.rzona-vmdrv.kvugl,0.28503383559002776,0
1759302456,3293,1,N/A,N/A,N/A,N/A,N/A,N/A,N/A,N/A,1953800192,1922228224,41988096,N/A,135168,170463232,13,discern-network,S (sleeping),server-compromised.bnsdq.ozxfs.rzona-vmdrv.kvugl,1.2923131965068748,0
1759302456,70443,1,N/A,N/A,N/A,N/A,N/A,N/A,N/A,N/A,1580597248,1580597248,21614592,N/A,135168,82202624,5,discern-interfa,S (sleeping),server-compromised.bnsdq.ozxfs.rzona-vmdrv.kvugl,0.004147005939721368,0
1759302456,72604,1,N/A,N/A,N/A,N/A,N/A,N/A,N/A,N/A,1264619520,1264619520,17321984,N/A,135168,45826048,4,discern-proc-so,R (running),server-compromised.bnsdq.ozxfs.rzona-vmdrv.kvugl,2.659071158646146,0
1759302456,181,1,N/A,N/A,N/A,N/A,N/A,N/A,N/A,N/A,154476544,104173568,39378944,4096,135168,28102656,1,systemd-journal,S (sleeping),server-compromised.bnsdq.ozxfs.rzona-vmdrv.kvugl,0.1826560271567731,0
1759302461,340,1,103,103,103,103,109,109,109,109,229195776,229195776,210378752,N/A,135168,221466624,1,dbus-daemon,S (sleeping),server-compromised.bnsdq.ozxfs.rzona-vmdrv.kvugl,0.2849468001083822,0
1759302461,3293,1,N/A,N/A,N/A,N/A,N/A,N/A,N/A,N/A,1953800192,1922228224,41988096,N/A,135168,170463232,13,discern-network,S (sleeping),server-compromised.bnsdq.ozxfs.rzona-vmdrv.kvugl,1.2914167808231052,0
1759302461,70443,1,N/A,N/A,N/A,N/A,N/A,N/A,N/A,N/A,1580597248,1580597248,21614592,N/A,135168,82202624,5,discern-interfa,S (sleeping),server-compromised.bnsdq.ozxfs.rzona-vmdrv.kvugl,0.004103206969961612,0
1759302461,72604,1,N/A,N/A,N/A,N/A,N/A,N/A,N/A,N/A,1264619520,1264619520,17321984,N/A,135168,45826048,4,discern-proc-so,S (sleeping),server-compromised.bnsdq.ozxfs.rzona-vmdrv.kvugl,2.6538176908644155,0
1759302461,181,1,N/A,N/A,N/A,N/A,N/A,N/A,N/A,N/A,154476544,104173568,39378944,4096,135168,28102656,1,systemd-journal,S (sleeping),server-compromised.bnsdq.ozxfs.rzona-vmdrv.kvugl,0.18248093630356824,0
1759302466,340,1,103,103,103,103,109,109,109,109,229359616,229359616,210378752,N/A,135168,221630464,1,dbus-daemon,S (sleeping),server-compromised.bnsdq.ozxfs.rzona-vmdrv.kvugl,0.2848590734387677,0
1759302466,3293,1,N/A,N/A,N/A,N/A,N/A,N/A,N/A,N/A,1953800192,1922228224,41988096,N/A,135168,170463232,13,discern-network,S (sleeping),server-compromised.bnsdq.ozxfs.rzona-vmdrv.kvugl,1.2905181347543329,0
1759302466,70443,1,N/A,N/A,N/A,N/A,N/A,N/A,N/A,N/A,1580597248,1580597248,21614592,N/A,135168,82202624,5,discern-interfa,S (sleeping),server-compromised.bnsdq.ozxfs.rzona-vmdrv.kvugl,0.0040601907174144854,0
1759302466,72604,1,N/A,N/A,N/A,N/A,N/A,N/A,N/A,N/A,1264619520,1264619520,17321984,N/A,135168,45826048,4,discern-proc-so,S (sleeping),server-compromised.bnsdq.ozxfs.rzona-vmdrv.kvugl,2.65778398412732,0
1759302466,181,1,N/A,N/A,N/A,N/A,N/A,N/A,N/A,N/A,154476544,104173568,39378944,4096,135168,28102656,1,systemd-journal,S (sleeping),server-compromised.bnsdq.ozxfs.rzona-vmdrv.kvugl,0.18267769143213095,0
1759302471,340,1,103,103,103,103,109,109,109,109,229634048,229634048,210649088,N/A,135168,221904896,1,dbus-daemon,S (sleeping),server-compromised.bnsdq.ozxfs.rzona-vmdrv.kvugl,0.284958566654283,0
1759302471,3293,1,N/A,N/A,N/A,N/A,N/A,N/A,N/A,N/A,1953800192,1922228224,41988096,N/A,135168,170463232,13,discern-network,S (sleeping),server-compromised.bnsdq.ozxfs.rzona-vmdrv.kvugl,1.2898190316959404,0
1759302471,70443,1,N/A,N/A,N/A,N/A,N/A,N/A,N/A,N/A,1580597248,1580597248,21614592,N/A,135168,82202624,5,discern-interfa,S (sleeping),server-compromised.bnsdq.ozxfs.rzona-vmdrv.kvugl,0.00401824539566346,0
1759302471,72604,1,N/A,N/A,N/A,N/A,N/A,N/A,N/A,N/A,1264619520,1264619520,17321984,N/A,135168,45826048,4,discern-proc-so,R (running),server-compromised.bnsdq.ozxfs.rzona-vmdrv.kvugl,2.652761582740328,0
1759302471,181,1,N/A,N/A,N/A,N/A,N/A,N/A,N/A,N/A,154476544,104173568,39378944,4096,135168,28102656,1,systemd-journal,S (sleeping),server-compromised.bnsdq.ozxfs.rzona-vmdrv.kvugl,0.18250312210623498,0
1759302476,340,1,103,103,103,103,109,109,109,109,229769216,229769216,210919424,N/A,135168,222040064,1,dbus-daemon,S (sleeping),server-compromised.bnsdq.ozxfs.rzona-vmdrv.kvugl,0.2850562632285545,0
1759302476,3293,1,N/A,N/A,N/A,N/A,N/A,N/A,N/A,N/A,1953800192,1922228224,41988096,N/A,135168,170463232,13,discern-network,S (sleeping),server-compromised.bnsdq.ozxfs.rzona-vmdrv.kvugl,1.2889217012951486,0
1759302476,70443,1,N/A,N/A,N/A,N/A,N/A,N/A,N/A,N/A,1580597248,1580597248,21614592,N/A,135168,82202624,5,discern-interfa,S (sleeping),server-compromised.bnsdq.ozxfs.rzona-vmdrv.kvugl,0.003976917583455176,0
1759302476,72604,1,N/A,N/A,N/A,N/A,N/A,N/A,N/A,N/A,1264619520,1264619520,17321984,N/A,135168,45826048,4,discern-proc-so,R (running),server-compromised.bnsdq.ozxfs.rzona-vmdrv.kvugl,2.6595259608501474,0
1759302476,181,1,N/A,N/A,N/A,N/A,N/A,N/A,N/A,N/A,154476544,104173568,39378944,4096,135168,28102656,1,systemd-journal,S (sleeping),server-compromised.bnsdq.ozxfs.rzona-vmdrv.kvugl,0.1826991942055039,0
1759302482,340,1,103,103,103,103,109,109,109,109,229904384,229904384,210919424,N/A,135168,222175232,1,dbus-daemon,S (sleeping),server-compromised.bnsdq.ozxfs.rzona-vmdrv.kvugl,0.2849685898761556,0
1759302482,3293,1,N/A,N/A,N/A,N/A,N/A,N/A,N/A,N/A,1953800192,1922228224,41988096,N/A,135168,170463232,13,discern-network,S (sleeping),server-compromised.bnsdq.ozxfs.rzona-vmdrv.kvugl,1.2882196413710396,0
1759302482,70443,1,N/A,N/A,N/A,N/A,N/A,N/A,N/A,N/A,1580597248,1580597248,21614592,N/A,135168,82202624,5,discern-interfa,S (sleeping),server-compromised.bnsdq.ozxfs.rzona-vmdrv.kvugl,0.0039364810816570435,0
1759302482,72604,1,N/A,N/A,N/A,N/A,N/A,N/A,N/A,N/A,1264619520,1264619520,17321984,N/A,135168,45826048,4,discern-proc-so,S (sleeping),server-compromised.bnsdq.ozxfs.rzona-vmdrv.kvugl,2.660289173944802,0
1759302482,181,1,N/A,N/A,N/A,N/A,N/A,N/A,N/A,N/A,154476544,104173568,39378944,4096,135168,28102656,1,systemd-journal,S (sleeping),server-compromised.bnsdq.ozxfs.rzona-vmdrv.kvugl,0.18252412480648417,0
1759302487,340,1,103,103,103,103,109,109,109,109,230174720,230174720,211460096,N/A,135168,222445568,1,dbus-daemon,S (sleeping),server-compromised.bnsdq.ozxfs.rzona-vmdrv.kvugl,0.2850683452046593,0
1759302487,3293,1,N/A,N/A,N/A,N/A,N/A,N/A,N/A,N/A,1953800192,1922228224,41988096,N/A,135168,170463232,13,discern-network,S (sleeping),server-compromised.bnsdq.ozxfs.rzona-vmdrv.kvugl,1.2873362208258792,0
1759302487,70443,1,N/A,N/A,N/A,N/A,N/A,N/A,N/A,N/A,1580597248,1580597248,21614592,N/A,135168,82202624,5,discern-interfa,S (sleeping),server-compromised.bnsdq.ozxfs.rzona-vmdrv.kvugl,0.0038971340946927866,0
1759302487,72604,1,N/A,N/A,N/A,N/A,N/A,N/A,N/A,N/A,1264619520,1264619520,17321984,N/A,135168,45826048,4,discern-proc-so,R (running),server-compromised.bnsdq.ozxfs.rzona-vmdrv.kvugl,2.6526670913867574,0
1759302487,181,1,N/A,N/A,N/A,N/A,N/A,N/A,N/A,N/A,154476544,112562176,39378944,4096,135168,28102656,1,systemd-journal,S (sleeping),server-compromised.bnsdq.ozxfs.rzona-vmdrv.kvugl,0.18253593194210582,0
1759302492,340,1,103,103,103,103,109,109,109,109,230309888,230309888,211460096,N/A,135168,222580736,1,dbus-daemon,S (sleeping),server-compromised.bnsdq.ozxfs.rzona-vmdrv.kvugl,0.2849820132521515,0
1759302492,3293,1,N/A,N/A,N/A,N/A,N/A,N/A,N/A,N/A,1953800192,1922228224,41988096,N/A,135168,170463232,13,discern-network,S (sleeping),server-compromised.bnsdq.ozxfs.rzona-vmdrv.kvugl,1.2866426654921352,0
1759302492,70443,1,N/A,N/A,N/A,N/A,N/A,N/A,N/A,N/A,1580597248,1580597248,21614592,N/A,135168,82202624,5,discern-interfa,S (sleeping),server-compromised.bnsdq.ozxfs.rzona-vmdrv.kvugl,0.0038584636843347546,0
1759302492,72604,1,N/A,N/A,N/A,N/A,N/A,N/A,N/A,N/A,1264619520,1264619520,17321984,N/A,135168,45826048,4,discern-proc-so,S (sleeping),server-compromised.bnsdq.ozxfs.rzona-vmdrv.kvugl,2.6480020745263824,0
1759302492,181,1,N/A,N/A,N/A,N/A,N/A,N/A,N/A,N/A,154476544,112562176,39378944,4096,135168,28102656,1,systemd-journal,S (sleeping),server-compromised.bnsdq.ozxfs.rzona-vmdrv.kvugl,0.18254725297324098,0
1759302497,340,1,103,103,103,103,109,109,109,109,230580224,230580224,211730432,N/A,135168,222851072,1,dbus-daemon,S (sleeping),server-compromised.bnsdq.ozxfs.rzona-vmdrv.kvugl,0.2850801756289073,0
1759302497,3293,1,N/A,N/A,N/A,N/A,N/A,N/A,N/A,N/A,1953800192,1922228224,41988096,N/A,135168,170463232,13,discern-network,S (sleeping),server-compromised.bnsdq.ozxfs.rzona-vmdrv.kvugl,1.2857560277178797,0
1759302497,70443,1,N/A,N/A,N/A,N/A,N/A,N/A,N/A,N/A,1580597248,1580597248,21614592,N/A,135168,82202624,5,discern-interfa,S (sleeping),server-compromised.bnsdq.ozxfs.rzona-vmdrv.kvugl,0.0038204606538590896,0
1759302497,72604,1,N/A,N/A,N/A,N/A,N/A,N/A,N/A,N/A,1264619520,1264619520,17321984,N/A,135168,45826048,4,discern-proc-so,R (running),server-compromised.bnsdq.ozxfs.rzona-vmdrv.kvugl,2.6489719827652034,0
1759302497,181,1,N/A,N/A,N/A,N/A,N/A,N/A,N/A,N/A,154476544,112562176,39378944,4096,135168,28102656,1,systemd-journal,S (sleeping),server-compromised.bnsdq.ozxfs.rzona-vmdrv.kvugl,0.18255812413842337,0
1759302502,340,1,103,103,103,103,109,109,109,109,230715392,230715392,212000768,N/A,135168,222986240,1,dbus-daemon,S (sleeping),server-compromised.bnsdq.ozxfs.rzona-vmdrv.kvugl,0.28517717244512386,0
1759302502,3293,1,N/A,N/A,N/A,N/A,N/A,N/A,N/A,N/A,1953800192,1922228224,41988096,N/A,135168,170463232,13,discern-network,S (sleeping),server-compromised.bnsdq.ozxfs.rzona-vmdrv.kvugl,1.2848665765772085,0
1759302502,70443,1,N/A,N/A,N/A,N/A,N/A,N/A,N/A,N/A,1580597248,1580597248,21614592,N/A,135168,82202624,5,discern-interfa,S (sleeping),server-compromised.bnsdq.ozxfs.rzona-vmdrv.kvugl,0.003783066047423285,0
1759302502,72604,1,N/A,N/A,N/A,N/A,N/A,N/A,N/A,N/A,1264619520,1264619520,17321984,N/A,135168,45826048,4,discern-proc-so,S (sleeping),server-compromised.bnsdq.ozxfs.rzona-vmdrv.kvugl,2.652535571522902,0
1759302502,181,1,N/A,N/A,N/A,N/A,N/A,N/A,N/A,N/A,154476544,112562176,39378944,4096,135168,28102656,1,systemd-journal,S (sleeping),server-compromised.bnsdq.ozxfs.rzona-vmdrv.kvugl,0.18256834649169662,0
1759302507,340,1,103,103,103,103,109,109,109,109,230850560,230850560,212000768,N/A,135168,223121408,1,dbus-daemon,S (sleeping),server-compromised.bnsdq.ozxfs.rzona-vmdrv.kvugl,0.28509016346318106,0
1759302507,3293,1,N/A,N/A,N/A,N/A,N/A,N/A,N/A,N/A,1953800192,1922228224,41988096,N/A,135168,170463232,13,discern-network,S (sleeping),server-compromised.bnsdq.ozxfs.rzona-vmdrv.kvugl,1.2839827203406022,0
1759302507,70443,1,N/A,N/A,N/A,N/A,N/A,N/A,N/A,N/A,1580597248,1580597248,21614592,N/A,135168,82202624,5,discern-interfa,S (sleeping),server-compromised.bnsdq.ozxfs.rzona-vmdrv.kvugl,0.0037465061910667338,0
1759302507,72604,1,N/A,N/A,N/A,N/A,N/A,N/A,N/A,N/A,1264619520,1264619520,17321984,N/A,135168,45826048,4,discern-proc-so,R (running),server-compromised.bnsdq.ozxfs.rzona-vmdrv.kvugl,2.6506753530686815,0
1759302507,181,1,N/A,N/A,N/A,N/A,N/A,N/A,N/A,N/A,154476544,112562176,39378944,4096,135168,28102656,1,systemd-journal,S (sleeping),server-compromised.bnsdq.ozxfs.rzona-vmdrv.kvugl,0.1825790802432096,0
1759302513,340,1,103,103,103,103,109,109,109,109,230985728,230985728,212271104,N/A,135168,223256576,1,dbus-daemon,S (sleeping),server-compromised.bnsdq.ozxfs.rzona-vmdrv.kvugl,0.28500237787603383,0
1759302513,3293,1,N/A,N/A,N/A,N/A,N/A,N/A,N/A,N/A,1953800192,1922228224,41988096,N/A,135168,170463232,13,discern-network,S (sleeping),server-compromised.bnsdq.ozxfs.rzona-vmdrv.kvugl,1.2832869852542468,0
1759302513,70443,1,N/A,N/A,N/A,N/A,N/A,N/A,N/A,N/A,1580597248,1580597248,21614592,N/A,135168,82202624,5,discern-interfa,S (sleeping),server-compromised.bnsdq.ozxfs.rzona-vmdrv.kvugl,0.003710522809244112,0
1759302513,72604,1,N/A,N/A,N/A,N/A,N/A,N/A,N/A,N/A,1264619520,1264619520,17321984,N/A,135168,45826048,4,discern-proc-so,S (sleeping),server-compromised.bnsdq.ozxfs.rzona-vmdrv.kvugl,2.6567816496763466,0
1759302513,181,1,N/A,N/A,N/A,N/A,N/A,N/A,N/A,N/A,154476544,112562176,39378944,4096,135168,28102656,1,systemd-journal,S (sleeping),server-compromised.bnsdq.ozxfs.rzona-vmdrv.kvugl,0.18258918653249986,0
1759302518,340,1,103,103,103,103,109,109,109,109,231256064,231256064,212541440,N/A,135168,223526912,1,dbus-daemon,S (sleeping),server-compromised.bnsdq.ozxfs.rzona-vmdrv.kvugl,0.2849156532642522,0
1759302518,3293,1,N/A,N/A,N/A,N/A,N/A,N/A,N/A,N/A,1953800192,1922228224,41988096,N/A,135168,170463232,13,discern-network,S (sleeping),server-compromised.bnsdq.ozxfs.rzona-vmdrv.kvugl,1.282596779208568,0
1759302518,70443,1,N/A,N/A,N/A,N/A,N/A,N/A,N/A,N/A,1580597248,1580597248,21614592,N/A,135168,82202624,5,discern-interfa,S (sleeping),server-compromised.bnsdq.ozxfs.rzona-vmdrv.kvugl,0.00367533901248964,0
1759302518,72604,1,N/A,N/A,N/A,N/A,N/A,N/A,N/A,N/A,1264619520,1264619520,17321984,N/A,135168,45826048,4,discern-proc-so,S (sleeping),server-compromised.bnsdq.ozxfs.rzona-vmdrv.kvugl,2.65226320993618,0
1759302518,181,1,N/A,N/A,N/A,N/A,N/A,N/A,N/A,N/A,154476544,112562176,39378944,4096,135168,28102656,1,systemd-journal,S (sleeping),server-compromised.bnsdq.ozxfs.rzona-vmdrv.kvugl,0.18259984886030556,0
1759302523,340,1,103,103,103,103,109,109,109,109,231391232,231391232,212541440,N/A,135168,223662080,1,dbus-daemon,S (sleeping),server-compromised.bnsdq.ozxfs.rzona-vmdrv.kvugl,0.28501236954718107,0
1759302523,3293,1,N/A,N/A,N/A,N/A,N/A,N/A,N/A,N/A,1953800192,1922228224,41988096,N/A,135168,170463232,13,discern-network,S (sleeping),server-compromised.bnsdq.ozxfs.rzona-vmdrv.kvugl,1.2817136275978585,0
1759302523,70443,1,N/A,N/A,N/A,N/A,N/A,N/A,N/A,N/A,1580597248,1580597248,21614592,N/A,135168,82202624,5,discern-interfa,S (sleeping),server-compromised.bnsdq.ozxfs.rzona-vmdrv.kvugl,0.003640709933039372,0
1759302523,72604,1,N/A,N/A,N/A,N/A,N/A,N/A,N/A,N/A,1264619520,1264619520,17321984,N/A,135168,45826048,4,discern-proc-so,R (running),server-compromised.bnsdq.ozxfs.rzona-vmdrv.kvugl,2.6581903732770615,0
1759302523,181,1,N/A,N/A,N/A,N/A,N/A,N/A,N/A,N/A,154476544,112562176,39378944,4096,135168,28102656,1,systemd-journal,S (sleeping),server-compromised.bnsdq.ozxfs.rzona-vmdrv.kvugl,0.18242586833150268,0
1759302528,340,1,103,103,103,103,109,109,109,109,231526400,231526400,212811776,N/A,135168,223797248,1,dbus-daemon,S (sleeping),server-compromised.bnsdq.ozxfs.rzona-vmdrv.kvugl,0.2849265551762561,0
1759302528,3293,1,N/A,N/A,N/A,N/A,N/A,N/A,N/A,N/A,1953800192,1922228224,41988096,N/A,135168,170463232,13,discern-network,S (sleeping),server-compromised.bnsdq.ozxfs.rzona-vmdrv.kvugl,1.2810298287196349,0
1759302528,70443,1,N/A,N/A,N/A,N/A,N/A,N/A,N/A,N/A,1580597248,1580597248,21614592,N/A,135168,82202624,5,discern-interfa,S (sleeping),server-compromised.bnsdq.ozxfs.rzona-vmdrv.kvugl,0.0036069250491332274,0
1759302528,72604,1,N/A,N/A,N/A,N/A,N/A,N/A,N/A,N/A,1264619520,1264619520,17321984,N/A,135168,45826048,4,discern-proc-so,S (sleeping),server-compromised.bnsdq.ozxfs.rzona-vmdrv.kvugl,2.6564453917181132,0
1759302528,181,1,N/A,N/A,N/A,N/A,N/A,N/A,N/A,N/A,154476544,112562176,39378944,4096,135168,28102656,1,systemd-journal,S (sleeping),server-compromised.bnsdq.ozxfs.rzona-vmdrv.kvugl,0.18243714476090922,0
1759302533,340,1,103,103,103,103,109,109,109,109,231931904,231931904,213082112,N/A,135168,224202752,1,dbus-daemon,S (sleeping),server-compromised.bnsdq.ozxfs.rzona-vmdrv.kvugl,0.2852078988825295,0
1759302533,3293,1,N/A,N/A,N/A,N/A,N/A,N/A,N/A,N/A,1953800192,1922228224,41988096,N/A,135168,170463232,13,discern-network,S (sleeping),server-compromised.bnsdq.ozxfs.rzona-vmdrv.kvugl,1.2801548392062347,0
1759302533,70443,1,N/A,N/A,N/A,N/A,N/A,N/A,N/A,N/A,1580597248,1580597248,21614592,N/A,135168,82202624,5,discern-interfa,S (sleeping),server-compromised.bnsdq.ozxfs.rzona-vmdrv.kvugl,0.003573695705662672,0
1759302533,72604,1,N/A,N/A,N/A,N/A,N/A,N/A,N/A,N/A,1264619520,1264619520,17321984,N/A,135168,45826048,4,discern-proc-so,R (running),server-compromised.bnsdq.ozxfs.rzona-vmdrv.kvugl,2.6470561798078296,0
1759302533,181,1,N/A,N/A,N/A,N/A,N/A,N/A,N/A,N/A,154476544,112562176,39378944,4096,135168,28102656,1,systemd-journal,S (sleeping),server-compromised.bnsdq.ozxfs.rzona-vmdrv.kvugl,0.18244805812715387,0
1759302538,340,1,103,103,103,103,109,109,109,109,231931904,231931904,213352448,N/A,135168,224202752,1,dbus-daemon,S (sleeping),server-compromised.bnsdq.ozxfs.rzona-vmdrv.kvugl,0.2851218323539112,0
1759302538,3293,1,N/A,N/A,N/A,N/A,N/A,N/A,N/A,N/A,1953800192,1922228224,41988096,N/A,135168,170463232,13,discern-network,S (sleeping),server-compromised.bnsdq.ozxfs.rzona-vmdrv.kvugl,1.2796626710365833,0
1759302538,70443,1,N/A,N/A,N/A,N/A,N/A,N/A,N/A,N/A,1580597248,1580597248,21614592,N/A,135168,82202624,5,discern-interfa,S (sleeping),server-compromised.bnsdq.ozxfs.rzona-vmdrv.kvugl,0.0035411100246926243,0
1759302538,72604,1,N/A,N/A,N/A,N/A,N/A,N/A,N/A,N/A,1264619520,1264619520,17321984,N/A,135168,45826048,4,discern-proc-so,S (sleeping),server-compromised.bnsdq.ozxfs.rzona-vmdrv.kvugl,2.6404558639131888,0
1759302538,181,1,N/A,N/A,N/A,N/A,N/A,N/A,N/A,N/A,154476544,112562176,39378944,4096,135168,28102656,1,systemd-journal,S (sleeping),server-compromised.bnsdq.ozxfs.rzona-vmdrv.kvugl,0.18245914557414444,0
1759302543,340,1,103,103,103,103,109,109,109,109,232202240,232202240,215339008,N/A,135168,224473088,1,dbus-daemon,S (sleeping),server-compromised.bnsdq.ozxfs.rzona-vmdrv.kvugl,0.2852190098603344,0
1759302543,3293,1,N/A,N/A,N/A,N/A,N/A,N/A,N/A,N/A,1953800192,1922228224,41988096,N/A,135168,170463232,13,discern-network,S (sleeping),server-compromised.bnsdq.ozxfs.rzona-vmdrv.kvugl,1.278790594657923,0
1759302543,70443,1,N/A,N/A,N/A,N/A,N/A,N/A,N/A,N/A,1580597248,1580597248,21614592,N/A,135168,82202624,5,discern-interfa,S (sleeping),server-compromised.bnsdq.ozxfs.rzona-vmdrv.kvugl,0.0035090735468360753,0
1759302543,72604,1,N/A,N/A,N/A,N/A,N/A,N/A,N/A,N/A,1264619520,1264619520,17321984,N/A,135168,45826048,4,discern-proc-so,R (running),server-compromised.bnsdq.ozxfs.rzona-vmdrv.kvugl,2.6389331495005037,0
1759302543,181,1,N/A,N/A,N/A,N/A,N/A,N/A,N/A,N/A,154476544,112562176,39378944,4096,135168,28102656,1,systemd-journal,S (sleeping),server-compromised.bnsdq.ozxfs.rzona-vmdrv.kvugl,0.18246999541904696,0
1759302549,340,1,103,103,103,103,109,109,109,109,232361984,232361984,215339008,N/A,135168,224632832,1,dbus-daemon,S (sleeping),server-compromised.bnsdq.ozxfs.rzona-vmdrv.kvugl,0.2851337651497115,0
1759302549,3293,1,N/A,N/A,N/A,N/A,N/A,N/A,N/A,N/A,1953800192,1922228224,41988096,N/A,135168,170463232,13,discern-network,S (sleeping),server-compromised.bnsdq.ozxfs.rzona-vmdrv.kvugl,1.2781143644333735,0
1759302549,70443,1,N/A,N/A,N/A,N/A,N/A,N/A,N/A,N/A,1580597248,1580597248,21614592,N/A,135168,82202624,5,discern-interfa,S (sleeping),server-compromised.bnsdq.ozxfs.rzona-vmdrv.kvugl,0.003477728475163059,0
1759302549,72604,1,N/A,N/A,N/A,N/A,N/A,N/A,N/A,N/A,1264619520,1264619520,17321984,N/A,135168,45826048,4,discern-proc-so,R (running),server-compromised.bnsdq.ozxfs.rzona-vmdrv.kvugl,2.637573256547062,0
1759302549,181,1,N/A,N/A,N/A,N/A,N/A,N/A,N/A,N/A,154476544,112562176,39378944,4096,135168,28102656,1,systemd-journal,S (sleeping),server-compromised.bnsdq.ozxfs.rzona-vmdrv.kvugl,0.18248147508635537,0
1759302554,340,1,103,103,103,103,109,109,109,109,232636416,232636416,215609344,N/A,135168,224907264,1,dbus-daemon,S (sleeping),server-compromised.bnsdq.ozxfs.rzona-vmdrv.kvugl,0.28504728922157735,0
1759302554,3293,1,N/A,N/A,N/A,N/A,N/A,N/A,N/A,N/A,1953800192,1922228224,41988096,N/A,135168,170463232,13,discern-network,S (sleeping),server-compromised.bnsdq.ozxfs.rzona-vmdrv.kvugl,1.2772437128949028,0
1759302554,70443,1,N/A,N/A,N/A,N/A,N/A,N/A,N/A,N/A,1580597248,1580597248,21614592,N/A,135168,82202624,5,discern-interfa,S (sleeping),server-compromised.bnsdq.ozxfs.rzona-vmdrv.kvugl,0.0034467791845677136,0
1759302554,72604,1,N/A,N/A,N/A,N/A,N/A,N/A,N/A,N/A,1264619520,1264619520,17321984,N/A,135168,45826048,4,discern-proc-so,S (sleeping),server-compromised.bnsdq.ozxfs.rzona-vmdrv.kvugl,2.6384908328366237,0
1759302554,181,1,N/A,N/A,N/A,N/A,N/A,N/A,N/A,N/A,154476544,112562176,39378944,4096,135168,28102656,1,systemd-journal,S (sleeping),server-compromised.bnsdq.ozxfs.rzona-vmdrv.kvugl,0.18249203672015904,0
1759302559,340,1,103,103,103,103,109,109,109,109,232771584,232771584,215879680,N/A,135168,225042432,1,dbus-daemon,S (sleeping),server-compromised.bnsdq.ozxfs.rzona-vmdrv.kvugl,0.28496219189189653,0
1759302559,3293,1,N/A,N/A,N/A,N/A,N/A,N/A,N/A,N/A,1953800192,1922228224,41988096,N/A,135168,170463232,13,discern-network,S (sleeping),server-compromised.bnsdq.ozxfs.rzona-vmdrv.kvugl,1.2763803999102665,0
1759302559,70443,1,N/A,N/A,N/A,N/A,N/A,N/A,N/A,N/A,1580597248,1580597248,21614592,N/A,135168,82202624,5,discern-interfa,S (sleeping),server-compromised.bnsdq.ozxfs.rzona-vmdrv.kvugl,0.0034165129458560667,0
1759302559,72604,1,N/A,N/A,N/A,N/A,N/A,N/A,N/A,N/A,1264619520,1264619520,17321984,N/A,135168,45826048,4,discern-proc-so,S (sleeping),server-compromised.bnsdq.ozxfs.rzona-vmdrv.kvugl,2.6371490613118582,0
1759302559,181,1,N/A,N/A,N/A,N/A,N/A,N/A,N/A,N/A,154476544,112562176,39378944,4096,135168,28102656,1,systemd-journal,S (sleeping),server-compromised.bnsdq.ozxfs.rzona-vmdrv.kvugl,0.18250336105482082,0
1759302564,340,1,103,103,103,103,109,109,109,109,232906752,232906752,215879680,N/A,135168,225177600,1,dbus-daemon,S (sleeping),server-compromised.bnsdq.ozxfs.rzona-vmdrv.kvugl,0.28505859451443727,0
1759302564,3293,1,N/A,N/A,N/A,N/A,N/A,N/A,N/A,N/A,1953800192,1922228224,41988096,N/A,135168,170463232,13,discern-network,S (sleeping),server-compromised.bnsdq.ozxfs.rzona-vmdrv.kvugl,1.2755123048926875,0
1759302564,70443,1,N/A,N/A,N/A,N/A,N/A,N/A,N/A,N/A,1580597248,1580597248,21614592,N/A,135168,82202624,5,discern-interfa,S (sleeping),server-compromised.bnsdq.ozxfs.rzona-vmdrv.kvugl,0.003386619485783134,0
1759302564,72604,1,N/A,N/A,N/A,N/A,N/A,N/A,N/A,N/A,1264619520,1264619520,17321984,N/A,135168,45826048,4,discern-proc-so,R (running),server-compromised.bnsdq.ozxfs.rzona-vmdrv.kvugl,2.633317435274601,0
1759302564,181,1,N/A,N/A,N/A,N/A,N/A,N/A,N/A,N/A,154476544,112562176,39378944,4096,135168,28102656,1,systemd-journal,S (sleeping),server-compromised.bnsdq.ozxfs.rzona-vmdrv.kvugl,0.18251376855337711,0
1759302569,340,1,103,103,103,103,109,109,109,109,233041920,233041920,216150016,N/A,135168,225312768,1,dbus-daemon,S (sleeping),server-compromised.bnsdq.ozxfs.rzona-vmdrv.kvugl,0.284972061823975,0
1759302569,3293,1,N/A,N/A,N/A,N/A,N/A,N/A,N/A,N/A,1953800192,1922228224,41988096,N/A,135168,170463232,13,discern-network,S (sleeping),server-compromised.bnsdq.ozxfs.rzona-vmdrv.kvugl,1.2757773904969827,0
1759302569,70443,1,N/A,N/A,N/A,N/A,N/A,N/A,N/A,N/A,1580597248,1580597248,21614592,N/A,135168,82202624,5,discern-interfa,S (sleeping),server-compromised.bnsdq.ozxfs.rzona-vmdrv.kvugl,0.0033572247636320268,0
1759302569,72604,1,N/A,N/A,N/A,N/A,N/A,N/A,N/A,N/A,1264619520,1264619520,17321984,N/A,135168,45826048,4,discern-proc-so,R (running),server-compromised.bnsdq.ozxfs.rzona-vmdrv.kvugl,2.6365376452082976,0
1759302569,181,1,N/A,N/A,N/A,N/A,N/A,N/A,N/A,N/A,154476544,112562176,39378944,4096,135168,28102656,1,systemd-journal,S (sleeping),server-compromised.bnsdq.ozxfs.rzona-vmdrv.kvugl,0.18252404037364697,0
1759302574,340,1,103,103,103,103,109,109,109,109,233177088,233177088,216150016,N/A,135168,225447936,1,dbus-daemon,S (sleeping),server-compromised.bnsdq.ozxfs.rzona-vmdrv.kvugl,0.28507148973505764,0
1759302574,3293,1,N/A,N/A,N/A,N/A,N/A,N/A,N/A,N/A,1953800192,1922228224,41988096,N/A,135168,170463232,13,discern-network,S (sleeping),server-compromised.bnsdq.ozxfs.rzona-vmdrv.kvugl,1.2747378919777617,0
1759302574,70443,1,N/A,N/A,N/A,N/A,N/A,N/A,N/A,N/A,1580597248,1580597248,21614592,N/A,135168,82202624,5,discern-interfa,S (sleeping),server-compromised.bnsdq.ozxfs.rzona-vmdrv.kvugl,0.003328697679469585,0
1759302574,72604,1,N/A,N/A,N/A,N/A,N/A,N/A,N/A,N/A,1264619520,1264619520,17321984,N/A,135168,45826048,4,discern-proc-so,S (sleeping),server-compromised.bnsdq.ozxfs.rzona-vmdrv.kvugl,2.62627930385632,0
1759302574,181,1,N/A,N/A,N/A,N/A,N/A,N/A,N/A,N/A,154476544,112562176,39378944,4096,135168,28102656,1,systemd-journal,S (sleeping),server-compromised.bnsdq.ozxfs.rzona-vmdrv.kvugl,0.18253646268319454,0
1759302579,340,1,103,103,103,103,109,109,109,109,233447424,233447424,216420352,N/A,135168,225718272,1,dbus-daemon,S (sleeping),server-compromised.bnsdq.ozxfs.rzona-vmdrv.kvugl,0.28498777937649833,0
1759302579,3293,1,N/A,N/A,N/A,N/A,N/A,N/A,N/A,N/A,1953800192,1922228224,41988096,N/A,135168,170463232,13,discern-network,S (sleeping),server-compromised.bnsdq.ozxfs.rzona-vmdrv.kvugl,1.2738854184446846,0
1759302579,70443,1,N/A,N/A,N/A,N/A,N/A,N/A,N/A,N/A,1580597248,1580597248,21614592,N/A,135168,82202624,5,discern-interfa,S (sleeping),server-compromised.bnsdq.ozxfs.rzona-vmdrv.kvugl,0.003300576132053198,0
1759302579,72604,1,N/A,N/A,N/A,N/A,N/A,N/A,N/A,N/A,1264619520,1264619520,17321984,N/A,135168,45826048,4,discern-proc-so,R (running),server-compromised.bnsdq.ozxfs.rzona-vmdrv.kvugl,2.61845014127135,0
1759302579,181,1,N/A,N/A,N/A,N/A,N/A,N/A,N/A,N/A,154476544,112562176,39378944,4096,135168,28102656,1,systemd-journal,S (sleeping),server-compromised.bnsdq.ozxfs.rzona-vmdrv.kvugl,0.18236622425439047,0
1759302585,340,1,103,103,103,103,109,109,109,109,233582592,233582592,216690688,N/A,135168,225853440,1,dbus-daemon,S (sleeping),server-compromised.bnsdq.ozxfs.rzona-vmdrv.kvugl,0.2847196713808094,0
1759302585,3293,1,N/A,N/A,N/A,N/A,N/A,N/A,N/A,N/A,1953800192,1922228224,41988096,N/A,135168,170463232,13,discern-network,S (sleeping),server-compromised.bnsdq.ozxfs.rzona-vmdrv.kvugl,1.2732111454562212,0
1759302585,70443,1,N/A,N/A,N/A,N/A,N/A,N/A,N/A,N/A,1580597248,1580597248,21614592,N/A,135168,82202624,5,discern-interfa,S (sleeping),server-compromised.bnsdq.ozxfs.rzona-vmdrv.kvugl,0.0032726655889068266,0
1759302585,72604,1,N/A,N/A,N/A,N/A,N/A,N/A,N/A,N/A,1264619520,1264619520,17321984,N/A,135168,45826048,4,discern-proc-so,R (running),server-compromised.bnsdq.ozxfs.rzona-vmdrv.kvugl,2.6195022032941937,0
1759302585,181,1,N/A,N/A,N/A,N/A,N/A,N/A,N/A,N/A,154476544,112562176,39378944,4096,135168,28102656,1,systemd-journal,S (sleeping),server-compromised.bnsdq.ozxfs.rzona-vmdrv.kvugl,0.18219468672917627,0
1759302590,340,1,103,103,103,103,109,109,109,109,233852928,233852928,219058176,N/A,135168,226123776,1,dbus-daemon,S (sleeping),server-compromised.bnsdq.ozxfs.rzona-vmdrv.kvugl,0.2849980951820905,0
1759302590,3293,1,N/A,N/A,N/A,N/A,N/A,N/A,N/A,N/A,1953800192,1922228224,41988096,N/A,135168,170463232,13,discern-network,S (sleeping),server-compromised.bnsdq.ozxfs.rzona-vmdrv.kvugl,1.2725400556769755,0
1759302590,70443,1,N/A,N/A,N/A,N/A,N/A,N/A,N/A,N/A,1580597248,1580597248,21614592,N/A,135168,82202624,5,discern-interfa,S (sleeping),server-compromised.bnsdq.ozxfs.rzona-vmdrv.kvugl,0.0032452645879270233,0
1759302590,72604,1,N/A,N/A,N/A,N/A,N/A,N/A,N/A,N/A,1264619520,1264619520,17321984,N/A,135168,45826048,4,discern-proc-so,S (sleeping),server-compromised.bnsdq.ozxfs.rzona-vmdrv.kvugl,2.6205761092376667,0
1759302590,181,1,N/A,N/A,N/A,N/A,N/A,N/A,N/A,N/A,154476544,112562176,39378944,4096,135168,28102656,1,systemd-journal,S (sleeping),server-compromised.bnsdq.ozxfs.rzona-vmdrv.kvugl,0.18238742045008607,0
1759302595,340,1,103,103,103,103,109,109,109,109,233988096,233988096,219324416,N/A,135168,226258944,1,dbus-daemon,S (sleeping),server-compromised.bnsdq.ozxfs.rzona-vmdrv.kvugl,0.2847311577574472,0
1759302595,3293,1,N/A,N/A,N/A,N/A,N/A,N/A,N/A,N/A,1953800192,1922228224,41988096,N/A,135168,170463232,13,discern-network,S (sleeping),server-compromised.bnsdq.ozxfs.rzona-vmdrv.kvugl,1.2716837155769107,0
1759302595,70443,1,N/A,N/A,N/A,N/A,N/A,N/A,N/A,N/A,1580597248,1580597248,21614592,N/A,135168,82202624,5,discern-interfa,S (sleeping),server-compromised.bnsdq.ozxfs.rzona-vmdrv.kvugl,0.003218345959840303,0
1759302595,72604,1,N/A,N/A,N/A,N/A,N/A,N/A,N/A,N/A,1264619520,1264619520,17321984,N/A,135168,45826048,4,discern-proc-so,S (sleeping),server-compromised.bnsdq.ozxfs.rzona-vmdrv.kvugl,2.621656023245828,0
1759302595,181,1,N/A,N/A,N/A,N/A,N/A,N/A,N/A,N/A,154476544,112562176,39378944,4096,135168,28102656,1,systemd-journal,S (sleeping),server-compromised.bnsdq.ozxfs.rzona-vmdrv.kvugl,0.18221662343658396,0
1759302600,340,1,103,103,103,103,109,109,109,109,234258432,234258432,219324416,N/A,135168,226529280,1,dbus-daemon,S (sleeping),server-compromised.bnsdq.ozxfs.rzona-vmdrv.kvugl,0.28500897780338047,0
1759302600,3293,1,N/A,N/A,N/A,N/A,N/A,N/A,N/A,N/A,1953800192,1922228224,41988096,N/A,135168,170463232,13,discern-network,S (sleeping),server-compromised.bnsdq.ozxfs.rzona-vmdrv.kvugl,1.270639805132643,0
1759302600,70443,1,N/A,N/A,N/A,N/A,N/A,N/A,N/A,N/A,1580597248,1580597248,21614592,N/A,135168,82202624,5,discern-interfa,S (sleeping),server-compromised.bnsdq.ozxfs.rzona-vmdrv.kvugl,0.0031918360315720696,0
1759302600,72604,1,N/A,N/A,N/A,N/A,N/A,N/A,N/A,N/A,1264619520,1264619520,17321984,N/A,135168,45826048,4,discern-proc-so,R (running),server-compromised.bnsdq.ozxfs.rzona-vmdrv.kvugl,2.62050241779019,0
1759302600,181,1,N/A,N/A,N/A,N/A,N/A,N/A,N/A,N/A,154476544,112562176,39378944,4096,135168,28102656,1,systemd-journal,S (sleeping),server-compromised.bnsdq.ozxfs.rzona-vmdrv.kvugl,0.18240892630771846,0
1759302605,340,1,103,103,103,103,109,109,109,109,234393600,234393600,219594752,N/A,135168,226664448,1,dbus-daemon,S (sleeping),server-compromised.bnsdq.ozxfs.rzona-vmdrv.kvugl,0.28492258755712324,0
1759302605,3293,1,N/A,N/A,N/A,N/A,N/A,N/A,N/A,N/A,1953800192,1922228224,41988096,N/A,135168,170463232,13,discern-network,S (sleeping),server-compromised.bnsdq.ozxfs.rzona-vmdrv.kvugl,1.2699683848027432,0
1759302605,70443,1,N/A,N/A,N/A,N/A,N/A,N/A,N/A,N/A,1580597248,1580597248,21614592,N/A,135168,82202624,5,discern-interfa,S (sleeping),server-compromised.bnsdq.ozxfs.rzona-vmdrv.kvugl,0.0031656660340862904,0
1759302605,72604,1,N/A,N/A,N/A,N/A,N/A,N/A,N/A,N/A,1264619520,1264619520,17321984,N/A,135168,45826048,4,discern-proc-so,S (sleeping),server-compromised.bnsdq.ozxfs.rzona-vmdrv.kvugl,2.6257105693214053,0
1759302605,181,1,N/A,N/A,N/A,N/A,N/A,N/A,N/A,N/A,154476544,112562176,39378944,4096,135168,28102656,1,systemd-journal,S (sleeping),server-compromised.bnsdq.ozxfs.rzona-vmdrv.kvugl,0.18241892187462336,0
1759302611,340,1,103,103,103,103,109,109,109,109,234557440,234557440,219865088,N/A,135168,226828288,1,dbus-daemon,S (sleeping),server-compromised.bnsdq.ozxfs.rzona-vmdrv.kvugl,0.284828086095701,0
1759302611,78658,1,N/A,N/A,N/A,N/A,N/A,N/A,N/A,N/A,1264390144,1264390144,43274240,N/A,135168,70795264,4,discern-file-so,R (running),server-compromised.bnsdq.ozxfs.rzona-vmdrv.kvugl,5.362675941688801,0
1759302611,3293,1,N/A,N/A,N/A,N/A,N/A,N/A,N/A,N/A,1953800192,1922228224,41988096,N/A,135168,170463232,13,discern-network,S (sleeping),server-compromised.bnsdq.ozxfs.rzona-vmdrv.kvugl,1.269447350747606,0
1759302611,70443,1,N/A,N/A,N/A,N/A,N/A,N/A,N/A,N/A,1580597248,1580597248,21614592,N/A,135168,82202624,5,discern-interfa,S (sleeping),server-compromised.bnsdq.ozxfs.rzona-vmdrv.kvugl,0.0031391291131183676,0
1759302611,181,1,N/A,N/A,N/A,N/A,N/A,N/A,N/A,N/A,154476544,112562176,39378944,4096,135168,28102656,1,systemd-journal,S (sleeping),server-compromised.bnsdq.ozxfs.rzona-vmdrv.kvugl,0.18242358092796643,0
1759302616,340,1,103,103,103,103,109,109,109,109,234835968,234835968,219865088,N/A,135168,227106816,1,dbus-daemon,S (sleeping),server-compromised.bnsdq.ozxfs.rzona-vmdrv.kvugl,0.2847374960587616,0
1759302616,78658,1,N/A,N/A,N/A,N/A,N/A,N/A,N/A,N/A,1399861248,1399861248,138752000,N/A,135168,193683456,4,discern-file-so,S (sleeping),server-compromised.bnsdq.ozxfs.rzona-vmdrv.kvugl,63.41325059638366,0
1759302616,3293,1,N/A,N/A,N/A,N/A,N/A,N/A,N/A,N/A,1953800192,1922228224,41988096,N/A,135168,170463232,13,discern-network,S (sleeping),server-compromised.bnsdq.ozxfs.rzona-vmdrv.kvugl,1.2685704753050586,0
1759302616,70443,1,N/A,N/A,N/A,N/A,N/A,N/A,N/A,N/A,1580597248,1580597248,21614592,N/A,135168,82202624,5,discern-interfa,S (sleeping),server-compromised.bnsdq.ozxfs.rzona-vmdrv.kvugl,0.0031133879569590827,0
1759302616,72604,1,N/A,N/A,N/A,N/A,N/A,N/A,N/A,N/A,1264619520,1264619520,17321984,N/A,135168,45826048,5,discern-proc-so,S (sleeping),server-compromised.bnsdq.ozxfs.rzona-vmdrv.kvugl,2.6260155209776226,0
1759302621,340,1,103,103,103,103,109,109,109,109,234971136,234971136,220082176,N/A,135168,227241984,1,dbus-daemon,S (sleeping),server-compromised.bnsdq.ozxfs.rzona-vmdrv.kvugl,0.28464982453684745,0
1759302621,78658,1,N/A,N/A,N/A,N/A,N/A,N/A,N/A,N/A,1534283776,1534283776,223023104,N/A,135168,281968640,4,discern-file-so,D (disk sleep),server-compromised.bnsdq.ozxfs.rzona-vmdrv.kvugl,66.19834314940711,0
1759302621,3293,1,N/A,N/A,N/A,N/A,N/A,N/A,N/A,N/A,1953800192,1922228224,41988096,N/A,135168,170463232,13,discern-network,S (sleeping),server-compromised.bnsdq.ozxfs.rzona-vmdrv.kvugl,1.2675209485505243,0
1759302621,70443,1,N/A,N/A,N/A,N/A,N/A,N/A,N/A,N/A,1580597248,1580597248,21614592,N/A,135168,82202624,5,discern-interfa,S (sleeping),server-compromised.bnsdq.ozxfs.rzona-vmdrv.kvugl,0.003088315444586142,0
1759302621,72604,1,N/A,N/A,N/A,N/A,N/A,N/A,N/A,N/A,1264619520,1264619520,17321984,N/A,135168,45826048,5,discern-proc-so,S (sleeping),server-compromised.bnsdq.ozxfs.rzona-vmdrv.kvugl,2.6183412795095706,0
1759302626,340,1,103,103,103,103,109,109,109,109,235106304,235106304,220352512,N/A,135168,227377152,1,dbus-daemon,S (sleeping),server-compromised.bnsdq.ozxfs.rzona-vmdrv.kvugl,0.28474177944533396,0
1759302626,78658,1,N/A,N/A,N/A,N/A,N/A,N/A,N/A,N/A,1534545920,1534545920,223023104,N/A,135168,282230784,4,discern-file-so,S (sleeping),server-compromised.bnsdq.ozxfs.rzona-vmdrv.kvugl,69.36098182801446,0
1759302626,3293,1,N/A,N/A,N/A,N/A,N/A,N/A,N/A,N/A,1953800192,1922228224,41988096,N/A,135168,170463232,13,discern-network,S (sleeping),server-compromised.bnsdq.ozxfs.rzona-vmdrv.kvugl,1.2666548216035765,0
1759302626,70443,1,N/A,N/A,N/A,N/A,N/A,N/A,N/A,N/A,1580597248,1580597248,21614592,N/A,135168,82202624,5,discern-interfa,S (sleeping),server-compromised.bnsdq.ozxfs.rzona-vmdrv.kvugl,0.0030635393519806787,0
1759302626,72604,1,N/A,N/A,N/A,N/A,N/A,N/A,N/A,N/A,1264619520,1264619520,17321984,N/A,135168,45826048,5,discern-proc-so,S (sleeping),server-compromised.bnsdq.ozxfs.rzona-vmdrv.kvugl,2.61274756357425,0
1759302632,340,1,103,103,103,103,109,109,109,109,235241472,235241472,220352512,N/A,135168,227512320,1,dbus-daemon,S (sleeping),server-compromised.bnsdq.ozxfs.rzona-vmdrv.kvugl,0.28465636698423796,0
1759302632,3293,1,N/A,N/A,N/A,N/A,N/A,N/A,N/A,N/A,1953800192,1922228224,41988096,N/A,135168,170463232,13,discern-network,S (sleeping),server-compromised.bnsdq.ozxfs.rzona-vmdrv.kvugl,1.2658055035604228,0
1759302632,70443,1,N/A,N/A,N/A,N/A,N/A,N/A,N/A,N/A,1580597248,1580597248,21614592,N/A,135168,82202624,5,discern-interfa,S (sleeping),server-compromised.bnsdq.ozxfs.rzona-vmdrv.kvugl,0.0030394523069828283,0
1759302632,72604,1,N/A,N/A,N/A,N/A,N/A,N/A,N/A,N/A,1264619520,1264619520,17321984,N/A,135168,45826048,5,discern-proc-so,S (sleeping),server-compromised.bnsdq.ozxfs.rzona-vmdrv.kvugl,2.615782523931153,0
1759302632,181,1,N/A,N/A,N/A,N/A,N/A,N/A,N/A,N/A,154476544,112562176,39378944,4096,135168,28102656,1,systemd-journal,S (sleeping),server-compromised.bnsdq.ozxfs.rzona-vmdrv.kvugl,0.18245759636069522,0
1759302637,340,1,103,103,103,103,109,109,109,109,235511808,235511808,220622848,N/A,135168,227782656,1,dbus-daemon,S (sleeping),server-compromised.bnsdq.ozxfs.rzona-vmdrv.kvugl,0.28457132032446597,0
1759302637,3293,1,N/A,N/A,N/A,N/A,N/A,N/A,N/A,N/A,1953800192,1922228224,41988096,N/A,135168,170463232,13,discern-network,S (sleeping),server-compromised.bnsdq.ozxfs.rzona-vmdrv.kvugl,1.265145075843923,0
1759302637,70443,1,N/A,N/A,N/A,N/A,N/A,N/A,N/A,N/A,1580597248,1580597248,21614592,N/A,135168,82202624,5,discern-interfa,S (sleeping),server-compromised.bnsdq.ozxfs.rzona-vmdrv.kvugl,0.0030157580732236193,0
1759302637,72604,1,N/A,N/A,N/A,N/A,N/A,N/A,N/A,N/A,1264619520,1264619520,17321984,N/A,135168,45826048,5,discern-proc-so,S (sleeping),server-compromised.bnsdq.ozxfs.rzona-vmdrv.kvugl,2.620763968466888,0
1759302637,181,1,N/A,N/A,N/A,N/A,N/A,N/A,N/A,N/A,154476544,112562176,39378944,4096,135168,28102656,1,systemd-journal,S (sleeping),server-compromised.bnsdq.ozxfs.rzona-vmdrv.kvugl,0.18246782198114508,0
1759302642,340,1,103,103,103,103,109,109,109,109,235782144,235782144,220893184,N/A,135168,228052992,1,dbus-daemon,S (sleeping),server-compromised.bnsdq.ozxfs.rzona-vmdrv.kvugl,0.2848469934421404,0
1759302642,3293,1,N/A,N/A,N/A,N/A,N/A,N/A,N/A,N/A,1953800192,1922228224,41988096,N/A,135168,170463232,13,discern-network,S (sleeping),server-compromised.bnsdq.ozxfs.rzona-vmdrv.kvugl,1.2644869746866882,0
1759302642,70443,1,N/A,N/A,N/A,N/A,N/A,N/A,N/A,N/A,1580597248,1580597248,21614592,N/A,135168,82202624,5,discern-interfa,S (sleeping),server-compromised.bnsdq.ozxfs.rzona-vmdrv.kvugl,0.002992451073662561,0
1759302642,72604,1,N/A,N/A,N/A,N/A,N/A,N/A,N/A,N/A,1264619520,1264619520,17321984,N/A,135168,45826048,5,discern-proc-so,S (sleeping),server-compromised.bnsdq.ozxfs.rzona-vmdrv.kvugl,2.6216857715268067,0
1759302642,181,1,N/A,N/A,N/A,N/A,N/A,N/A,N/A,N/A,154476544,112562176,39378944,4096,135168,28102656,1,systemd-journal,S (sleeping),server-compromised.bnsdq.ozxfs.rzona-vmdrv.kvugl,0.1826583170363896,0
1759302647,340,1,103,103,103,103,109,109,109,109,235917312,235917312,220893184,N/A,135168,228188160,1,dbus-daemon,S (sleeping),server-compromised.bnsdq.ozxfs.rzona-vmdrv.kvugl,0.2847649424435589,0
1759302647,3293,1,N/A,N/A,N/A,N/A,N/A,N/A,N/A,N/A,1953800192,1922228224,41988096,N/A,135168,170463232,13,discern-network,S (sleeping),server-compromised.bnsdq.ozxfs.rzona-vmdrv.kvugl,1.2638429259174697,0
1759302647,70443,1,N/A,N/A,N/A,N/A,N/A,N/A,N/A,N/A,1580597248,1580597248,21614592,N/A,135168,82202624,5,discern-interfa,S (sleeping),server-compromised.bnsdq.ozxfs.rzona-vmdrv.kvugl,0.002969741149552797,0
1759302647,72604,1,N/A,N/A,N/A,N/A,N/A,N/A,N/A,N/A,1264619520,1264619520,17321984,N/A,135168,45826048,5,discern-proc-so,S (sleeping),server-compromised.bnsdq.ozxfs.rzona-vmdrv.kvugl,2.614987054028738,0
1759302647,181,1,N/A,N/A,N/A,N/A,N/A,N/A,N/A,N/A,154476544,112562176,39378944,4096,135168,28102656,1,systemd-journal,S (sleeping),server-compromised.bnsdq.ozxfs.rzona-vmdrv.kvugl,0.18249030284397247,0
1759302652,340,1,103,103,103,103,109,109,109,109,236052480,236052480,221163520,N/A,135168,228323328,1,dbus-daemon,S (sleeping),server-compromised.bnsdq.ozxfs.rzona-vmdrv.kvugl,0.28468319806814624,0
1759302652,3293,1,N/A,N/A,N/A,N/A,N/A,N/A,N/A,N/A,1953800192,1922228224,41988096,N/A,135168,170463232,13,discern-network,S (sleeping),server-compromised.bnsdq.ozxfs.rzona-vmdrv.kvugl,1.2628291832787886,0
1759302652,70443,1,N/A,N/A,N/A,N/A,N/A,N/A,N/A,N/A,1580597248,1580597248,21614592,N/A,135168,82202624,5,discern-interfa,S (sleeping),server-compromised.bnsdq.ozxfs.rzona-vmdrv.kvugl,0.002947386751470721,0
1759302652,181,1,N/A,N/A,N/A,N/A,N/A,N/A,N/A,N/A,154476544,112562176,39378944,4096,135168,28102656,1,systemd-journal,S (sleeping),server-compromised.bnsdq.ozxfs.rzona-vmdrv.kvugl,0.18250251130455739,0
1759302652,72604,1,N/A,N/A,N/A,N/A,N/A,N/A,N/A,N/A,1264619520,1264619520,17321984,N/A,135168,45826048,5,discern-proc-so,S (sleeping),server-compromised.bnsdq.ozxfs.rzona-vmdrv.kvugl,2.6045350019027276,0
1759302657,340,1,103,103,103,103,109,109,109,109,236322816,236322816,221433856,N/A,135168,228593664,1,dbus-daemon,S (sleeping),server-compromised.bnsdq.ozxfs.rzona-vmdrv.kvugl,0.2846007810514233,0
1759302657,3293,1,N/A,N/A,N/A,N/A,N/A,N/A,N/A,N/A,1953800192,1922228224,41988096,N/A,135168,170463232,13,discern-network,S (sleeping),server-compromised.bnsdq.ozxfs.rzona-vmdrv.kvugl,1.2621848742347226,0
1759302657,70443,1,N/A,N/A,N/A,N/A,N/A,N/A,N/A,N/A,1580597248,1580597248,21614592,N/A,135168,82202624,5,discern-interfa,S (sleeping),server-compromised.bnsdq.ozxfs.rzona-vmdrv.kvugl,0.002925297375174896,0
1759302657,181,1,N/A,N/A,N/A,N/A,N/A,N/A,N/A,N/A,154476544,112562176,39378944,4096,135168,28102656,1,systemd-journal,S (sleeping),server-compromised.bnsdq.ozxfs.rzona-vmdrv.kvugl,0.1825141632159779,0
1759302657,72604,1,N/A,N/A,N/A,N/A,N/A,N/A,N/A,N/A,1264619520,1264619520,17321984,N/A,135168,45826048,5,discern-proc-so,S (sleeping),server-compromised.bnsdq.ozxfs.rzona-vmdrv.kvugl,2.5980730233666773,0
1759302662,340,1,103,103,103,103,109,109,109,109,236457984,236457984,221704192,N/A,135168,228728832,1,dbus-daemon,S (sleeping),server-compromised.bnsdq.ozxfs.rzona-vmdrv.kvugl,0.284516478162386,0
1759302662,3293,1,N/A,N/A,N/A,N/A,N/A,N/A,N/A,N/A,1953800192,1922228224,41988096,N/A,135168,170463232,13,discern-network,S (sleeping),server-compromised.bnsdq.ozxfs.rzona-vmdrv.kvugl,1.2615324555716834,0
1759302662,70443,1,N/A,N/A,N/A,N/A,N/A,N/A,N/A,N/A,1580597248,1580597248,21614592,N/A,135168,82202624,5,discern-interfa,S (sleeping),server-compromised.bnsdq.ozxfs.rzona-vmdrv.kvugl,0.002903368496502085,0
1759302662,181,1,N/A,N/A,N/A,N/A,N/A,N/A,N/A,N/A,154476544,112562176,39378944,4096,135168,28102656,1,systemd-journal,S (sleeping),server-compromised.bnsdq.ozxfs.rzona-vmdrv.kvugl,0.182345013813421,0
1759302662,72604,1,N/A,N/A,N/A,N/A,N/A,N/A,N/A,N/A,1264619520,1264619520,17321984,N/A,135168,45826048,5,discern-proc-so,S (sleeping),server-compromised.bnsdq.ozxfs.rzona-vmdrv.kvugl,2.6011024628385475,0
1759302667,340,1,103,103,103,103,109,109,109,109,236593152,236593152,221704192,N/A,135168,228864000,1,dbus-daemon,S (sleeping),server-compromised.bnsdq.ozxfs.rzona-vmdrv.kvugl,0.2846129333957042,0
1759302667,3293,1,N/A,N/A,N/A,N/A,N/A,N/A,N/A,N/A,1953800192,1922228224,41988096,N/A,135168,170463232,13,discern-network,S (sleeping),server-compromised.bnsdq.ozxfs.rzona-vmdrv.kvugl,1.260701772751066,0
1759302668,70443,1,N/A,N/A,N/A,N/A,N/A,N/A,N/A,N/A,1580597248,1580597248,21614592,N/A,135168,82202624,5,discern-interfa,S (sleeping),server-compromised.bnsdq.ozxfs.rzona-vmdrv.kvugl,0.0028818685273306957,0
1759302668,181,1,N/A,N/A,N/A,N/A,N/A,N/A,N/A,N/A,154476544,112562176,39378944,4096,135168,28102656,1,systemd-journal,S (sleeping),server-compromised.bnsdq.ozxfs.rzona-vmdrv.kvugl,0.18253559898246066,0
1759302668,72604,1,N/A,N/A,N/A,N/A,N/A,N/A,N/A,N/A,1264619520,1264619520,17321984,N/A,135168,45826048,5,discern-proc-so,S (sleeping),server-compromised.bnsdq.ozxfs.rzona-vmdrv.kvugl,2.5985122439498083,0
1759302673,340,1,103,103,103,103,109,109,109,109,236728320,236728320,221974528,N/A,135168,228999168,1,dbus-daemon,S (sleeping),server-compromised.bnsdq.ozxfs.rzona-vmdrv.kvugl,0.2845296106123034,0
1759302673,3293,1,N/A,N/A,N/A,N/A,N/A,N/A,N/A,N/A,1953800192,1922228224,41988096,N/A,135168,170463232,13,discern-network,S (sleeping),server-compromised.bnsdq.ozxfs.rzona-vmdrv.kvugl,1.2598707300761152,0
1759302673,70443,1,N/A,N/A,N/A,N/A,N/A,N/A,N/A,N/A,1580597248,1580597248,21614592,N/A,135168,82202624,5,discern-interfa,S (sleeping),server-compromised.bnsdq.ozxfs.rzona-vmdrv.kvugl,0.0028606506620154006,0
1759302673,181,1,N/A,N/A,N/A,N/A,N/A,N/A,N/A,N/A,154476544,112562176,39378944,4096,135168,28102656,1,systemd-journal,S (sleeping),server-compromised.bnsdq.ozxfs.rzona-vmdrv.kvugl,0.1823672789785109,0
1759302673,72604,1,N/A,N/A,N/A,N/A,N/A,N/A,N/A,N/A,1264619520,1264619520,17321984,N/A,135168,45826048,5,discern-proc-so,S (sleeping),server-compromised.bnsdq.ozxfs.rzona-vmdrv.kvugl,2.597807691108034,0
1759302678,340,1,103,103,103,103,109,109,109,109,236998656,236998656,221974528,N/A,135168,229269504,1,dbus-daemon,S (sleeping),server-compromised.bnsdq.ozxfs.rzona-vmdrv.kvugl,0.28444667689321496,0
1759302678,3293,1,N/A,N/A,N/A,N/A,N/A,N/A,N/A,N/A,1953800192,1922228224,41988096,N/A,135168,170463232,13,discern-network,S (sleeping),server-compromised.bnsdq.ozxfs.rzona-vmdrv.kvugl,1.2590423446668288,0
1759302678,70443,1,N/A,N/A,N/A,N/A,N/A,N/A,N/A,N/A,1580597248,1580597248,21614592,N/A,135168,82202624,5,discern-interfa,S (sleeping),server-compromised.bnsdq.ozxfs.rzona-vmdrv.kvugl,0.002839761604456921,0
1759302678,181,1,N/A,N/A,N/A,N/A,N/A,N/A,N/A,N/A,154476544,112562176,39378944,4096,135168,28102656,1,systemd-journal,S (sleeping),server-compromised.bnsdq.ozxfs.rzona-vmdrv.kvugl,0.18237839614036672,0
1759302678,72604,1,N/A,N/A,N/A,N/A,N/A,N/A,N/A,N/A,1264619520,1264619520,17321984,N/A,135168,45826048,5,discern-proc-so,S (sleeping),server-compromised.bnsdq.ozxfs.rzona-vmdrv.kvugl,2.5971387862471724,0
1759302683,340,1,103,103,103,103,109,109,109,109,237133824,237133824,222244864,N/A,135168,229404672,1,dbus-daemon,S (sleeping),server-compromised.bnsdq.ozxfs.rzona-vmdrv.kvugl,0.28454211295717163,0
1759302683,3293,1,N/A,N/A,N/A,N/A,N/A,N/A,N/A,N/A,1953800192,1922228224,41988096,N/A,135168,170463232,13,discern-network,S (sleeping),server-compromised.bnsdq.ozxfs.rzona-vmdrv.kvugl,1.258582176864596,0
1759302683,70443,1,N/A,N/A,N/A,N/A,N/A,N/A,N/A,N/A,1580597248,1580597248,21614592,N/A,135168,82202624,5,discern-interfa,S (sleeping),server-compromised.bnsdq.ozxfs.rzona-vmdrv.kvugl,0.00281912543231121,0
1759302683,181,1,N/A,N/A,N/A,N/A,N/A,N/A,N/A,N/A,154476544,112562176,39378944,4096,135168,28102656,1,systemd-journal,S (sleeping),server-compromised.bnsdq.ozxfs.rzona-vmdrv.kvugl,0.18238908124889966,0
1759302683,72604,1,N/A,N/A,N/A,N/A,N/A,N/A,N/A,N/A,1264619520,1264619520,17321984,N/A,135168,45826048,5,discern-proc-so,S (sleeping),server-compromised.bnsdq.ozxfs.rzona-vmdrv.kvugl,2.5982622388689323,0
1759302688,340,1,103,103,103,103,109,109,109,109,237404160,237404160,222515200,N/A,135168,229675008,1,dbus-daemon,S (sleeping),server-compromised.bnsdq.ozxfs.rzona-vmdrv.kvugl,0.28463698306612367,0
1759302688,3293,1,N/A,N/A,N/A,N/A,N/A,N/A,N/A,N/A,1953800192,1922228224,41988096,N/A,135168,170463232,13,discern-network,S (sleeping),server-compromised.bnsdq.ozxfs.rzona-vmdrv.kvugl,1.2575673555487688,0
1759302688,70443,1,N/A,N/A,N/A,N/A,N/A,N/A,N/A,N/A,1580597248,1580597248,21614592,N/A,135168,82202624,5,discern-interfa,S (sleeping),server-compromised.bnsdq.ozxfs.rzona-vmdrv.kvugl,0.0027987584348692527,0
1759302688,181,1,N/A,N/A,N/A,N/A,N/A,N/A,N/A,N/A,154476544,112562176,39378944,4096,135168,28102656,1,systemd-journal,S (sleeping),server-compromised.bnsdq.ozxfs.rzona-vmdrv.kvugl,0.18257816039919708,0
1759302688,72604,1,N/A,N/A,N/A,N/A,N/A,N/A,N/A,N/A,1264619520,1264619520,17321984,N/A,135168,45826048,5,discern-proc-so,S (sleeping),server-compromised.bnsdq.ozxfs.rzona-vmdrv.kvugl,2.6011534272137853,0
1759302693,340,1,103,103,103,103,109,109,109,109,237539328,237539328,222785536,N/A,135168,229810176,1,dbus-daemon,S (sleeping),server-compromised.bnsdq.ozxfs.rzona-vmdrv.kvugl,0.28437242733803714,0
1759302693,3293,1,N/A,N/A,N/A,N/A,N/A,N/A,N/A,N/A,1953800192,1922228224,41988096,N/A,135168,170463232,13,discern-network,S (sleeping),server-compromised.bnsdq.ozxfs.rzona-vmdrv.kvugl,1.257097559858045,0
1759302693,70443,1,N/A,N/A,N/A,N/A,N/A,N/A,N/A,N/A,1580597248,1580597248,21614592,N/A,135168,82202624,5,discern-interfa,S (sleeping),server-compromised.bnsdq.ozxfs.rzona-vmdrv.kvugl,0.002778514323732004,0
1759302693,181,1,N/A,N/A,N/A,N/A,N/A,N/A,N/A,N/A,154476544,112562176,39378944,4096,135168,28102656,1,systemd-journal,S (sleeping),server-compromised.bnsdq.ozxfs.rzona-vmdrv.kvugl,0.18258697538578308,0
1759302693,72604,1,N/A,N/A,N/A,N/A,N/A,N/A,N/A,N/A,1264619520,1264619520,17321984,N/A,135168,45826048,5,discern-proc-so,S (sleeping),server-compromised.bnsdq.ozxfs.rzona-vmdrv.kvugl,2.6037839650830996,0
1759302698,340,1,103,103,103,103,109,109,109,109,237809664,237809664,223195136,N/A,135168,230080512,1,dbus-daemon,S (sleeping),server-compromised.bnsdq.ozxfs.rzona-vmdrv.kvugl,0.28482351023670555,0
1759302698,3293,1,N/A,N/A,N/A,N/A,N/A,N/A,N/A,N/A,1953800192,1922228224,41988096,N/A,135168,170463232,13,discern-network,S (sleeping),server-compromised.bnsdq.ozxfs.rzona-vmdrv.kvugl,1.256268196661741,0
1759302698,70443,1,N/A,N/A,N/A,N/A,N/A,N/A,N/A,N/A,1580597248,1580597248,21614592,N/A,135168,82202624,5,discern-interfa,S (sleeping),server-compromised.bnsdq.ozxfs.rzona-vmdrv.kvugl,0.0027586922258359937,0
1759302698,181,1,N/A,N/A,N/A,N/A,N/A,N/A,N/A,N/A,154476544,112562176,39378944,4096,135168,28102656,1,systemd-journal,S (sleeping),server-compromised.bnsdq.ozxfs.rzona-vmdrv.kvugl,0.18259689959134134,0
1759302698,72604,1,N/A,N/A,N/A,N/A,N/A,N/A,N/A,N/A,1264619520,1264619520,17321984,N/A,135168,45826048,5,discern-proc-so,S (sleeping),server-compromised.bnsdq.ozxfs.rzona-vmdrv.kvugl,2.608315690958862,0
1759302704,340,1,103,103,103,103,109,109,109,109,237944832,237944832,223465472,N/A,135168,230215680,1,dbus-daemon,S (sleeping),server-compromised.bnsdq.ozxfs.rzona-vmdrv.kvugl,0.28474036839086897,0
1759302704,3293,1,N/A,N/A,N/A,N/A,N/A,N/A,N/A,N/A,1953800192,1922228224,41988096,N/A,135168,170463232,13,discern-network,S (sleeping),server-compromised.bnsdq.ozxfs.rzona-vmdrv.kvugl,1.2558138111277477,0
1759302704,70443,1,N/A,N/A,N/A,N/A,N/A,N/A,N/A,N/A,1580597248,1580597248,21614592,N/A,135168,82202624,5,discern-interfa,S (sleeping),server-compromised.bnsdq.ozxfs.rzona-vmdrv.kvugl,0.0027392368581264487,0
1759302704,181,1,N/A,N/A,N/A,N/A,N/A,N/A,N/A,N/A,154476544,112562176,39378944,4096,135168,28102656,1,systemd-journal,S (sleeping),server-compromised.bnsdq.ozxfs.rzona-vmdrv.kvugl,0.18278570303765695,0
1759302704,72604,1,N/A,N/A,N/A,N/A,N/A,N/A,N/A,N/A,1264619520,1264619520,17321984,N/A,135168,45826048,5,discern-proc-so,S (sleeping),server-compromised.bnsdq.ozxfs.rzona-vmdrv.kvugl,2.6075521981858887,0
1759302709,340,1,103,103,103,103,109,109,109,109,238215168,238215168,223465472,N/A,135168,230486016,1,dbus-daemon,S (sleeping),server-compromised.bnsdq.ozxfs.rzona-vmdrv.kvugl,0.284835023263863,0
1759302709,3293,1,N/A,N/A,N/A,N/A,N/A,N/A,N/A,N/A,1953800192,1922228224,41988096,N/A,135168,170463232,13,discern-network,S (sleeping),server-compromised.bnsdq.ozxfs.rzona-vmdrv.kvugl,1.2551746868171487,0
1759302709,70443,1,N/A,N/A,N/A,N/A,N/A,N/A,N/A,N/A,1580597248,1580597248,21614592,N/A,135168,82202624,5,discern-interfa,S (sleeping),server-compromised.bnsdq.ozxfs.rzona-vmdrv.kvugl,0.002720026462163028,0
1759302709,181,1,N/A,N/A,N/A,N/A,N/A,N/A,N/A,N/A,154476544,112562176,39378944,4096,135168,28102656,1,systemd-journal,S (sleeping),server-compromised.bnsdq.ozxfs.rzona-vmdrv.kvugl,0.18261793626991563,0
1759302709,72604,1,N/A,N/A,N/A,N/A,N/A,N/A,N/A,N/A,1264619520,1264619520,17321984,N/A,135168,45826048,5,discern-proc-so,S (sleeping),server-compromised.bnsdq.ozxfs.rzona-vmdrv.kvugl,2.6085250356242504,0
1759302714,340,1,103,103,103,103,109,109,109,109,238358528,238358528,223735808,N/A,135168,230629376,1,dbus-daemon,S (sleeping),server-compromised.bnsdq.ozxfs.rzona-vmdrv.kvugl,0.28475225355825945,0
1759302714,3293,1,N/A,N/A,N/A,N/A,N/A,N/A,N/A,N/A,1953800192,1922228224,41988096,N/A,135168,170463232,13,discern-network,S (sleeping),server-compromised.bnsdq.ozxfs.rzona-vmdrv.kvugl,1.2543558159681165,0
1759302714,70443,1,N/A,N/A,N/A,N/A,N/A,N/A,N/A,N/A,1580597248,1580597248,21614592,N/A,135168,82202624,5,discern-interfa,S (sleeping),server-compromised.bnsdq.ozxfs.rzona-vmdrv.kvugl,0.0027011271604417543,0
1759302714,181,1,N/A,N/A,N/A,N/A,N/A,N/A,N/A,N/A,154476544,112562176,39378944,4096,135168,28102656,1,systemd-journal,S (sleeping),server-compromised.bnsdq.ozxfs.rzona-vmdrv.kvugl,0.18262869526726766,0
1759302714,72604,1,N/A,N/A,N/A,N/A,N/A,N/A,N/A,N/A,1264619520,1264619520,17321984,N/A,135168,45826048,5,discern-proc-so,S (sleeping),server-compromised.bnsdq.ozxfs.rzona-vmdrv.kvugl,2.6060531628682826,0
1759302719,340,1,103,103,103,103,109,109,109,109,238628864,238628864,224006144,N/A,135168,230899712,1,dbus-daemon,S (sleeping),server-compromised.bnsdq.ozxfs.rzona-vmdrv.kvugl,0.2846690418556655,0
1759302719,3293,1,N/A,N/A,N/A,N/A,N/A,N/A,N/A,N/A,1953800192,1922228224,41988096,N/A,135168,170463232,13,discern-network,S (sleeping),server-compromised.bnsdq.ozxfs.rzona-vmdrv.kvugl,1.2537193458688183,0
1759302719,70443,1,N/A,N/A,N/A,N/A,N/A,N/A,N/A,N/A,1580597248,1580597248,21614592,N/A,135168,82202624,5,discern-interfa,S (sleeping),server-compromised.bnsdq.ozxfs.rzona-vmdrv.kvugl,0.002682446779488638,0
1759302719,181,1,N/A,N/A,N/A,N/A,N/A,N/A,N/A,N/A,154476544,112562176,39378944,4096,135168,28102656,1,systemd-journal,S (sleeping),server-compromised.bnsdq.ozxfs.rzona-vmdrv.kvugl,0.18263905460470026,0
1759302719,72604,1,N/A,N/A,N/A,N/A,N/A,N/A,N/A,N/A,1264619520,1264619520,17321984,N/A,135168,45826048,5,discern-proc-so,S (sleeping),server-compromised.bnsdq.ozxfs.rzona-vmdrv.kvugl,2.6087489931466514,0
1759302724,340,1,103,103,103,103,109,109,109,109,238764032,238764032,224006144,N/A,135168,231034880,1,dbus-daemon,S (sleeping),server-compromised.bnsdq.ozxfs.rzona-vmdrv.kvugl,0.284764344319243,0
1759302724,3293,1,N/A,N/A,N/A,N/A,N/A,N/A,N/A,N/A,1953800192,1922228224,41988096,N/A,135168,170463232,13,discern-network,S (sleeping),server-compromised.bnsdq.ozxfs.rzona-vmdrv.kvugl,1.2530878405245718,0
1759302724,70443,1,N/A,N/A,N/A,N/A,N/A,N/A,N/A,N/A,1580597248,1580597248,21614592,N/A,135168,82202624,5,discern-interfa,S (sleeping),server-compromised.bnsdq.ozxfs.rzona-vmdrv.kvugl,0.002664081076462547,0
1759302724,181,1,N/A,N/A,N/A,N/A,N/A,N/A,N/A,N/A,154476544,112562176,39378944,4096,135168,28102656,1,systemd-journal,S (sleeping),server-compromised.bnsdq.ozxfs.rzona-vmdrv.kvugl,0.18264992566305085,0
1759302724,72604,1,N/A,N/A,N/A,N/A,N/A,N/A,N/A,N/A,1264619520,1264619520,17321984,N/A,135168,45826048,5,discern-proc-so,S (sleeping),server-compromised.bnsdq.ozxfs.rzona-vmdrv.kvugl,2.60804983214448,0
1759302729,340,1,103,103,103,103,109,109,109,109,239042560,239042560,224276480,N/A,135168,231313408,1,dbus-daemon,S (sleeping),server-compromised.bnsdq.ozxfs.rzona-vmdrv.kvugl,0.28485727251858195,0
1759302729,3293,1,N/A,N/A,N/A,N/A,N/A,N/A,N/A,N/A,1953800192,1922228224,41988096,N/A,135168,170463232,13,discern-network,S (sleeping),server-compromised.bnsdq.ozxfs.rzona-vmdrv.kvugl,1.252630719818878,0
1759302729,70443,1,N/A,N/A,N/A,N/A,N/A,N/A,N/A,N/A,1580597248,1580597248,21614592,N/A,135168,82202624,5,discern-interfa,S (sleeping),server-compromised.bnsdq.ozxfs.rzona-vmdrv.kvugl,0.002645812690268094,0
1759302729,181,1,N/A,N/A,N/A,N/A,N/A,N/A,N/A,N/A,154476544,112562176,39378944,4096,135168,28102656,1,systemd-journal,S (sleeping),server-compromised.bnsdq.ozxfs.rzona-vmdrv.kvugl,0.18283670503774377,0
1759302729,72604,1,N/A,N/A,N/A,N/A,N/A,N/A,N/A,N/A,1264619520,1264619520,17321984,N/A,135168,45826048,5,discern-proc-so,S (sleeping),server-compromised.bnsdq.ozxfs.rzona-vmdrv.kvugl,2.615646078746293,0
1759302735,340,1,103,103,103,103,109,109,109,109,239312896,239312896,224546816,N/A,135168,231583744,1,dbus-daemon,S (sleeping),server-compromised.bnsdq.ozxfs.rzona-vmdrv.kvugl,0.2851275420088556,0
1759302735,3293,1,N/A,N/A,N/A,N/A,N/A,N/A,N/A,N/A,1953800192,1922228224,41988096,N/A,135168,170463232,13,discern-network,S (sleeping),server-compromised.bnsdq.ozxfs.rzona-vmdrv.kvugl,1.2518098247103098,0
1759302735,70443,1,N/A,N/A,N/A,N/A,N/A,N/A,N/A,N/A,1580597248,1580597248,21614592,N/A,135168,82202624,5,discern-interfa,S (sleeping),server-compromised.bnsdq.ozxfs.rzona-vmdrv.kvugl,0.002627814035853414,0
1759302735,181,1,N/A,N/A,N/A,N/A,N/A,N/A,N/A,N/A,154476544,112562176,39378944,4096,135168,28102656,1,systemd-journal,S (sleeping),server-compromised.bnsdq.ozxfs.rzona-vmdrv.kvugl,0.18266898471293563,0
1759302735,72604,1,N/A,N/A,N/A,N/A,N/A,N/A,N/A,N/A,1264619520,1264619520,17321984,N/A,135168,45826048,5,discern-proc-so,S (sleeping),server-compromised.bnsdq.ozxfs.rzona-vmdrv.kvugl,2.6164151109552236,0
1759302740,340,1,103,103,103,103,109,109,109,109,239476736,239476736,224817152,N/A,135168,231747584,1,dbus-daemon,S (sleeping),server-compromised.bnsdq.ozxfs.rzona-vmdrv.kvugl,0.2850440486487361,0
1759302740,3293,1,N/A,N/A,N/A,N/A,N/A,N/A,N/A,N/A,1953800192,1922228224,41988096,N/A,135168,170463232,13,discern-network,S (sleeping),server-compromised.bnsdq.ozxfs.rzona-vmdrv.kvugl,1.251177048422373,0
1759302740,70443,1,N/A,N/A,N/A,N/A,N/A,N/A,N/A,N/A,1580597248,1580597248,21614592,N/A,135168,82202624,5,discern-interfa,S (sleeping),server-compromised.bnsdq.ozxfs.rzona-vmdrv.kvugl,0.0026101140252442435,0
1759302740,181,1,N/A,N/A,N/A,N/A,N/A,N/A,N/A,N/A,154476544,112562176,39378944,4096,135168,28102656,1,systemd-journal,S (sleeping),server-compromised.bnsdq.ozxfs.rzona-vmdrv.kvugl,0.18285612627043932,0
1759302740,72604,1,N/A,N/A,N/A,N/A,N/A,N/A,N/A,N/A,1264619520,1264619520,17321984,N/A,135168,45826048,5,discern-proc-so,S (sleeping),server-compromised.bnsdq.ozxfs.rzona-vmdrv.kvugl,2.620573618055499,0
1759302745,340,1,103,103,103,103,109,109,109,109,239747072,239747072,225087488,N/A,135168,232017920,1,dbus-daemon,S (sleeping),server-compromised.bnsdq.ozxfs.rzona-vmdrv.kvugl,0.2851375234510277,0
1759302745,3293,1,N/A,N/A,N/A,N/A,N/A,N/A,N/A,N/A,1953800192,1922228224,41988096,N/A,135168,170463232,13,discern-network,S (sleeping),server-compromised.bnsdq.ozxfs.rzona-vmdrv.kvugl,1.2503624736409198,0
1759302745,181,1,N/A,N/A,N/A,N/A,N/A,N/A,N/A,N/A,154476544,112562176,39378944,4096,135168,28102656,1,systemd-journal,S (sleeping),server-compromised.bnsdq.ozxfs.rzona-vmdrv.kvugl,0.18286603101909185,0
1759302745,70443,1,N/A,N/A,N/A,N/A,N/A,N/A,N/A,N/A,1580597248,1580597248,21614592,N/A,135168,82202624,5,discern-interfa,S (sleeping),server-compromised.bnsdq.ozxfs.rzona-vmdrv.kvugl,0.0025926457203670748,0
1759302745,72604,1,N/A,N/A,N/A,N/A,N/A,N/A,N/A,N/A,1264619520,1264619520,17321984,N/A,135168,45826048,5,discern-proc-so,S (sleeping),server-compromised.bnsdq.ozxfs.rzona-vmdrv.kvugl,2.619699712503601,0
1759302750,340,1,103,103,103,103,109,109,109,109,239882240,239882240,225087488,N/A,135168,232153088,1,dbus-daemon,S (sleeping),server-compromised.bnsdq.ozxfs.rzona-vmdrv.kvugl,0.28523436011024794,0
1759302750,3293,1,N/A,N/A,N/A,N/A,N/A,N/A,N/A,N/A,1953800192,1922228224,41988096,N/A,135168,170463232,13,discern-network,S (sleeping),server-compromised.bnsdq.ozxfs.rzona-vmdrv.kvugl,1.2497479445445143,0
1759302750,181,1,N/A,N/A,N/A,N/A,N/A,N/A,N/A,N/A,154476544,112562176,39378944,4096,135168,28102656,1,systemd-journal,S (sleeping),server-compromised.bnsdq.ozxfs.rzona-vmdrv.kvugl,0.18270149039376202,0
1759302750,70443,1,N/A,N/A,N/A,N/A,N/A,N/A,N/A,N/A,1580597248,1580597248,21614592,N/A,135168,82202624,5,discern-interfa,S (sleeping),server-compromised.bnsdq.ozxfs.rzona-vmdrv.kvugl,0.0025756430826671594,0
1759302750,72604,1,N/A,N/A,N/A,N/A,N/A,N/A,N/A,N/A,1264619520,1264619520,17321984,N/A,135168,45826048,5,discern-proc-so,S (sleeping),server-compromised.bnsdq.ozxfs.rzona-vmdrv.kvugl,2.6125903747825503,0
1759302755,340,1,103,103,103,103,109,109,109,109,240017408,240017408,225357824,N/A,135168,232288256,1,dbus-daemon,S (sleeping),server-compromised.bnsdq.ozxfs.rzona-vmdrv.kvugl,0.2851513206082406,0
1759302755,3293,1,N/A,N/A,N/A,N/A,N/A,N/A,N/A,N/A,1953800192,1922228224,41988096,N/A,135168,170463232,13,discern-network,S (sleeping),server-compromised.bnsdq.ozxfs.rzona-vmdrv.kvugl,1.2489380246410131,0
1759302755,181,1,N/A,N/A,N/A,N/A,N/A,N/A,N/A,N/A,154476544,112562176,39378944,4096,135168,28102656,1,systemd-journal,S (sleeping),server-compromised.bnsdq.ozxfs.rzona-vmdrv.kvugl,0.1828882999097968,0
1759302755,70443,1,N/A,N/A,N/A,N/A,N/A,N/A,N/A,N/A,1580597248,1580597248,21614592,N/A,135168,82202624,5,discern-interfa,S (sleeping),server-compromised.bnsdq.ozxfs.rzona-vmdrv.kvugl,0.0025586575614368104,0
1759302755,72604,1,N/A,N/A,N/A,N/A,N/A,N/A,N/A,N/A,1264619520,1264619520,17321984,N/A,135168,45826048,5,discern-proc-so,S (sleeping),server-compromised.bnsdq.ozxfs.rzona-vmdrv.kvugl,2.610206989447008,0
1759302760,340,1,103,103,103,103,109,109,109,109,240152576,240152576,225628160,N/A,135168,232423424,1,dbus-daemon,S (sleeping),server-compromised.bnsdq.ozxfs.rzona-vmdrv.kvugl,0.2850689563377472,0
1759302760,3293,1,N/A,N/A,N/A,N/A,N/A,N/A,N/A,N/A,1953800192,1922228224,41988096,N/A,135168,170463232,13,discern-network,S (sleeping),server-compromised.bnsdq.ozxfs.rzona-vmdrv.kvugl,1.2483141425484294,0
1759302760,181,1,N/A,N/A,N/A,N/A,N/A,N/A,N/A,N/A,154476544,112562176,39378944,4096,135168,28102656,1,systemd-journal,S (sleeping),server-compromised.bnsdq.ozxfs.rzona-vmdrv.kvugl,0.18272236146526982,0
1759302760,70443,1,N/A,N/A,N/A,N/A,N/A,N/A,N/A,N/A,1580597248,1580597248,21614592,N/A,135168,82202624,5,discern-interfa,S (sleeping),server-compromised.bnsdq.ozxfs.rzona-vmdrv.kvugl,0.0025419280867043904,0
1759302760,72604,1,N/A,N/A,N/A,N/A,N/A,N/A,N/A,N/A,1264619520,1264619520,17321984,N/A,135168,45826048,5,discern-proc-so,S (sleeping),server-compromised.bnsdq.ozxfs.rzona-vmdrv.kvugl,2.609517507396449,0
1759302765,340,1,103,103,103,103,109,109,109,109,240287744,240287744,225628160,N/A,135168,232558592,1,dbus-daemon,S (sleeping),server-compromised.bnsdq.ozxfs.rzona-vmdrv.kvugl,0.2851620451972445,0
1759302765,3293,1,N/A,N/A,N/A,N/A,N/A,N/A,N/A,N/A,1953800192,1922228224,41988096,N/A,135168,170463232,13,discern-network,S (sleeping),server-compromised.bnsdq.ozxfs.rzona-vmdrv.kvugl,1.2475052218543208,0
1759302765,181,1,N/A,N/A,N/A,N/A,N/A,N/A,N/A,N/A,154476544,112562176,39378944,4096,135168,28102656,1,systemd-journal,S (sleeping),server-compromised.bnsdq.ozxfs.rzona-vmdrv.kvugl,0.18273233778901768,0
1759302765,70443,1,N/A,N/A,N/A,N/A,N/A,N/A,N/A,N/A,1580597248,1580597248,21614592,N/A,135168,82202624,5,discern-interfa,S (sleeping),server-compromised.bnsdq.ozxfs.rzona-vmdrv.kvugl,0.00252535721958942,0
1759302765,72604,1,N/A,N/A,N/A,N/A,N/A,N/A,N/A,N/A,1264619520,1264619520,17321984,N/A,135168,45826048,5,discern-proc-so,S (sleeping),server-compromised.bnsdq.ozxfs.rzona-vmdrv.kvugl,2.6119577007498576,0
1759302771,340,1,103,103,103,103,109,109,109,109,240558080,240558080,225898496,N/A,135168,232828928,1,dbus-daemon,S (sleeping),server-compromised.bnsdq.ozxfs.rzona-vmdrv.kvugl,0.28508003966462897,0
1759302771,3293,1,N/A,N/A,N/A,N/A,N/A,N/A,N/A,N/A,1953800192,1922228224,41988096,N/A,135168,170463232,13,discern-network,S (sleeping),server-compromised.bnsdq.ozxfs.rzona-vmdrv.kvugl,1.2467030325808492,0
1759302771,181,1,N/A,N/A,N/A,N/A,N/A,N/A,N/A,N/A,154476544,112562176,39378944,4096,135168,28102656,1,systemd-journal,S (sleeping),server-compromised.bnsdq.ozxfs.rzona-vmdrv.kvugl,0.1827430348798585,0
1759302771,70443,1,N/A,N/A,N/A,N/A,N/A,N/A,N/A,N/A,1580597248,1580597248,21614592,N/A,135168,82202624,5,discern-interfa,S (sleeping),server-compromised.bnsdq.ozxfs.rzona-vmdrv.kvugl,0.0025090729579022465,0
1759302771,72604,1,N/A,N/A,N/A,N/A,N/A,N/A,N/A,N/A,1264619520,1264619520,17321984,N/A,135168,45826048,5,discern-proc-so,S (sleeping),server-compromised.bnsdq.ozxfs.rzona-vmdrv.kvugl,2.6096990321678004,0
1759302776,340,1,103,103,103,103,109,109,109,109,240693248,240693248,225898496,N/A,135168,232964096,1,dbus-daemon,S (sleeping),server-compromised.bnsdq.ozxfs.rzona-vmdrv.kvugl,0.2849974686978926,0
1759302776,3293,1,N/A,N/A,N/A,N/A,N/A,N/A,N/A,N/A,1953800192,1922228224,41988096,N/A,135168,170463232,13,discern-network,S (sleeping),server-compromised.bnsdq.ozxfs.rzona-vmdrv.kvugl,1.2462624058434937,0
1759302776,181,1,N/A,N/A,N/A,N/A,N/A,N/A,N/A,N/A,154476544,112562176,39378944,4096,135168,28102656,1,systemd-journal,S (sleeping),server-compromised.bnsdq.ozxfs.rzona-vmdrv.kvugl,0.18275325500781237,0
1759302776,70443,1,N/A,N/A,N/A,N/A,N/A,N/A,N/A,N/A,1580597248,1580597248,21614592,N/A,135168,82202624,5,discern-interfa,S (sleeping),server-compromised.bnsdq.ozxfs.rzona-vmdrv.kvugl,0.0024929531077373048,0
1759302776,72604,1,N/A,N/A,N/A,N/A,N/A,N/A,N/A,N/A,1264619520,1264619520,17321984,N/A,135168,45826048,5,discern-proc-so,S (sleeping),server-compromised.bnsdq.ozxfs.rzona-vmdrv.kvugl,2.6121335824280605,0
1759302781,340,1,103,103,103,103,109,109,109,109,240963584,240963584,226439168,N/A,135168,233234432,1,dbus-daemon,S (sleeping),server-compromised.bnsdq.ozxfs.rzona-vmdrv.kvugl,0.28526687760828207,0
1759302781,3293,1,N/A,N/A,N/A,N/A,N/A,N/A,N/A,N/A,1953800192,1922228224,41988096,N/A,135168,170463232,13,discern-network,S (sleeping),server-compromised.bnsdq.ozxfs.rzona-vmdrv.kvugl,1.2454610118466471,0
1759302781,181,1,N/A,N/A,N/A,N/A,N/A,N/A,N/A,N/A,154476544,112562176,39378944,4096,135168,28102656,1,systemd-journal,S (sleeping),server-compromised.bnsdq.ozxfs.rzona-vmdrv.kvugl,0.1827636500033377,0
1759302781,70443,1,N/A,N/A,N/A,N/A,N/A,N/A,N/A,N/A,1580597248,1580597248,21614592,N/A,135168,82202624,5,discern-interfa,S (sleeping),server-compromised.bnsdq.ozxfs.rzona-vmdrv.kvugl,0.0024770576812573,0
1759302781,72604,1,N/A,N/A,N/A,N/A,N/A,N/A,N/A,N/A,1264619520,1264619520,17321984,N/A,135168,45826048,5,discern-proc-so,S (sleeping),server-compromised.bnsdq.ozxfs.rzona-vmdrv.kvugl,2.6098765708532228,0
1759302786,340,1,103,103,103,103,109,109,109,109,241098752,241098752,226439168,N/A,135168,233369600,1,dbus-daemon,S (sleeping),server-compromised.bnsdq.ozxfs.rzona-vmdrv.kvugl,0.2851839725795147,0
1759302786,3293,1,N/A,N/A,N/A,N/A,N/A,N/A,N/A,N/A,1953800192,1922228224,41988096,N/A,135168,170463232,13,discern-network,S (sleeping),server-compromised.bnsdq.ozxfs.rzona-vmdrv.kvugl,1.24502096339701,0
1759302786,181,1,N/A,N/A,N/A,N/A,N/A,N/A,N/A,N/A,154476544,112562176,39378944,4096,135168,28102656,1,systemd-journal,S (sleeping),server-compromised.bnsdq.ozxfs.rzona-vmdrv.kvugl,0.18259805671140159,0
1759302786,70443,1,N/A,N/A,N/A,N/A,N/A,N/A,N/A,N/A,1580597248,1580597248,21614592,N/A,135168,82202624,5,discern-interfa,S (sleeping),server-compromised.bnsdq.ozxfs.rzona-vmdrv.kvugl,0.0024613263121533667,0
1759302786,72604,1,N/A,N/A,N/A,N/A,N/A,N/A,N/A,N/A,1264619520,1264619520,17321984,N/A,135168,45826048,5,discern-proc-so,S (sleeping),server-compromised.bnsdq.ozxfs.rzona-vmdrv.kvugl,2.6137922255893202,0
1759302791,340,1,103,103,103,103,109,109,109,109,241369088,241369088,226709504,N/A,135168,233639936,1,dbus-daemon,S (sleeping),server-compromised.bnsdq.ozxfs.rzona-vmdrv.kvugl,0.2851019118723905,0
1759302791,3293,1,N/A,N/A,N/A,N/A,N/A,N/A,N/A,N/A,1953800192,1922228224,41988096,N/A,135168,170463232,13,discern-network,S (sleeping),server-compromised.bnsdq.ozxfs.rzona-vmdrv.kvugl,1.24404145044954,0
1759302791,181,1,N/A,N/A,N/A,N/A,N/A,N/A,N/A,N/A,154476544,112562176,39378944,4096,135168,28102656,1,systemd-journal,S (sleeping),server-compromised.bnsdq.ozxfs.rzona-vmdrv.kvugl,0.18260862516630166,0
1759302791,70443,1,N/A,N/A,N/A,N/A,N/A,N/A,N/A,N/A,1580597248,1580597248,21614592,N/A,135168,82202624,5,discern-interfa,S (sleeping),server-compromised.bnsdq.ozxfs.rzona-vmdrv.kvugl,0.0024458348922185586,0
1759302791,72604,1,N/A,N/A,N/A,N/A,N/A,N/A,N/A,N/A,1264619520,1264619520,17321984,N/A,135168,45826048,5,discern-proc-so,S (sleeping),server-compromised.bnsdq.ozxfs.rzona-vmdrv.kvugl,2.611563783738535,0
1759302796,340,1,103,103,103,103,109,109,109,109,241504256,241504256,226709504,N/A,135168,233775104,1,dbus-daemon,S (sleeping),server-compromised.bnsdq.ozxfs.rzona-vmdrv.kvugl,0.2850206404237776,0
1759302796,3293,1,N/A,N/A,N/A,N/A,N/A,N/A,N/A,N/A,1953800192,1922228224,41988096,N/A,135168,170463232,13,discern-network,S (sleeping),server-compromised.bnsdq.ozxfs.rzona-vmdrv.kvugl,1.2436095582423838,0
1759302796,181,1,N/A,N/A,N/A,N/A,N/A,N/A,N/A,N/A,154476544,112562176,39378944,4096,135168,28102656,1,systemd-journal,S (sleeping),server-compromised.bnsdq.ozxfs.rzona-vmdrv.kvugl,0.18279484446108646,0
1759302796,70443,1,N/A,N/A,N/A,N/A,N/A,N/A,N/A,N/A,1580597248,1580597248,21614592,N/A,135168,82202624,5,discern-interfa,S (sleeping),server-compromised.bnsdq.ozxfs.rzona-vmdrv.kvugl,0.0024305757700288683,0
1759302796,72604,1,N/A,N/A,N/A,N/A,N/A,N/A,N/A,N/A,1264619520,1264619520,17321984,N/A,135168,45826048,5,discern-proc-so,S (sleeping),server-compromised.bnsdq.ozxfs.rzona-vmdrv.kvugl,2.6094221747425084,0
1759302801,340,1,103,103,103,103,109,109,109,109,241639424,241639424,226979840,N/A,135168,233910272,1,dbus-daemon,S (sleeping),server-compromised.bnsdq.ozxfs.rzona-vmdrv.kvugl,0.2849388798733849,0
1759302801,3293,1,N/A,N/A,N/A,N/A,N/A,N/A,N/A,N/A,1953800192,1922228224,41988096,N/A,135168,170463232,13,discern-network,S (sleeping),server-compromised.bnsdq.ozxfs.rzona-vmdrv.kvugl,1.242814004987454,0
1759302802,181,1,N/A,N/A,N/A,N/A,N/A,N/A,N/A,N/A,154476544,112562176,39378944,4096,135168,28102656,1,systemd-journal,S (sleeping),server-compromised.bnsdq.ozxfs.rzona-vmdrv.kvugl,0.18263011858736644,0
1759302802,70443,1,N/A,N/A,N/A,N/A,N/A,N/A,N/A,N/A,1580597248,1580597248,21614592,N/A,135168,82202624,5,discern-interfa,S (sleeping),server-compromised.bnsdq.ozxfs.rzona-vmdrv.kvugl,0.002415468362361452,0
1759302802,72604,1,N/A,N/A,N/A,N/A,N/A,N/A,N/A,N/A,1264619520,1264619520,17321984,N/A,135168,45826048,5,discern-proc-so,S (sleeping),server-compromised.bnsdq.ozxfs.rzona-vmdrv.kvugl,2.6087737009099974,0
1759302807,340,1,103,103,103,103,109,109,109,109,241774592,241774592,227250176,N/A,135168,234045440,1,dbus-daemon,S (sleeping),server-compromised.bnsdq.ozxfs.rzona-vmdrv.kvugl,0.2850321746446795,0
1759302807,3293,1,N/A,N/A,N/A,N/A,N/A,N/A,N/A,N/A,1953800192,1922228224,41988096,N/A,135168,170463232,13,discern-network,S (sleeping),server-compromised.bnsdq.ozxfs.rzona-vmdrv.kvugl,1.242200261489945,0
1759302807,181,1,N/A,N/A,N/A,N/A,N/A,N/A,N/A,N/A,154476544,112562176,39378944,4096,135168,28102656,1,systemd-journal,S (sleeping),server-compromised.bnsdq.ozxfs.rzona-vmdrv.kvugl,0.1826405895777994,0
1759302807,70443,1,N/A,N/A,N/A,N/A,N/A,N/A,N/A,N/A,1580597248,1580597248,21614592,N/A,135168,82202624,5,discern-interfa,S (sleeping),server-compromised.bnsdq.ozxfs.rzona-vmdrv.kvugl,0.002400543479384344,0
1759302807,72604,1,N/A,N/A,N/A,N/A,N/A,N/A,N/A,N/A,1264619520,1264619520,17321984,N/A,135168,45826048,5,discern-proc-so,S (sleeping),server-compromised.bnsdq.ozxfs.rzona-vmdrv.kvugl,2.6096284716596525,0
1759302808,376,1,103,103,103,103,109,109,109,109,120684544,120684544,108351488,N/A,135168,112955392,1,dbus-daemon,S (sleeping),server-compromised.bnsdq.ozxfs.rzona-vmdrv.kvugl,0.2927337854046709,1
1759302808,3355,1,N/A,N/A,N/A,N/A,N/A,N/A,N/A,N/A,1922494464,1922494464,47996928,N/A,135168,174923776,13,discern-network,S (sleeping),server-compromised.bnsdq.ozxfs.rzona-vmdrv.kvugl,0.5161472713685918,1
1759302808,179,1,N/A,N/A,N/A,N/A,N/A,N/A,N/A,N/A,108318720,108318720,37797888,4096,135168,28098560,1,systemd-journal,S (sleeping),server-compromised.bnsdq.ozxfs.rzona-vmdrv.kvugl,0.18857575378249855,1
1759302808,42416,1,N/A,N/A,N/A,N/A,N/A,N/A,N/A,N/A,1264619520,1264619520,17285120,N/A,135168,45826048,4,discern-proc-so,S (sleeping),server-compromised.bnsdq.ozxfs.rzona-vmdrv.kvugl,2.5854257170464945,1
1759302808,29831,1,N/A,N/A,N/A,N/A,N/A,N/A,N/A,N/A,1647706112,1580597248,22532096,N/A,135168,82202624,5,discern-interfa,S (sleeping),server-compromised.bnsdq.ozxfs.rzona-vmdrv.kvugl,0.0017214004256332993,1
1759302812,340,1,103,103,103,103,109,109,109,109,242044928,242044928,227250176,N/A,135168,234315776,1,dbus-daemon,S (sleeping),server-compromised.bnsdq.ozxfs.rzona-vmdrv.kvugl,0.28495245546912995,0
1759302812,3293,1,N/A,N/A,N/A,N/A,N/A,N/A,N/A,N/A,1953800192,1922228224,41988096,N/A,135168,170463232,13,discern-network,S (sleeping),server-compromised.bnsdq.ozxfs.rzona-vmdrv.kvugl,1.2414160597944912,0
1759302812,181,1,N/A,N/A,N/A,N/A,N/A,N/A,N/A,N/A,154476544,112562176,39378944,4096,135168,28102656,1,systemd-journal,S (sleeping),server-compromised.bnsdq.ozxfs.rzona-vmdrv.kvugl,0.18265230540944602,0
1759302812,70443,1,N/A,N/A,N/A,N/A,N/A,N/A,N/A,N/A,1580597248,1580597248,21614592,N/A,135168,82202624,5,discern-interfa,S (sleeping),server-compromised.bnsdq.ozxfs.rzona-vmdrv.kvugl,0.00238591502512484,0
1759302812,72604,1,N/A,N/A,N/A,N/A,N/A,N/A,N/A,N/A,1264619520,1264619520,17321984,N/A,135168,45826048,5,discern-proc-so,S (sleeping),server-compromised.bnsdq.ozxfs.rzona-vmdrv.kvugl,2.60318691500041,0
1759302814,376,1,103,103,103,103,109,109,109,109,120954880,120954880,108621824,N/A,135168,113225728,1,dbus-daemon,S (sleeping),server-compromised.bnsdq.ozxfs.rzona-vmdrv.kvugl,0.2929063319458033,1
1759302814,3355,1,N/A,N/A,N/A,N/A,N/A,N/A,N/A,N/A,1922494464,1922494464,47996928,N/A,135168,174923776,13,discern-network,S (sleeping),server-compromised.bnsdq.ozxfs.rzona-vmdrv.kvugl,0.5162727625011794,1
1759302814,179,1,N/A,N/A,N/A,N/A,N/A,N/A,N/A,N/A,108318720,108318720,37797888,4096,135168,28098560,1,systemd-journal,S (sleeping),server-compromised.bnsdq.ozxfs.rzona-vmdrv.kvugl,0.18893912971278481,1
1759302814,42416,1,N/A,N/A,N/A,N/A,N/A,N/A,N/A,N/A,1264619520,1264619520,17285120,N/A,135168,45826048,4,discern-proc-so,R (running),server-compromised.bnsdq.ozxfs.rzona-vmdrv.kvugl,2.593718012588913,1
1759302814,29831,1,N/A,N/A,N/A,N/A,N/A,N/A,N/A,N/A,1647706112,1580597248,22532096,N/A,135168,82202624,5,discern-interfa,S (sleeping),server-compromised.bnsdq.ozxfs.rzona-vmdrv.kvugl,0.0017137746351697635,1
1759302817,340,1,103,103,103,103,109,109,109,109,242180096,242180096,227520512,N/A,135168,234450944,1,dbus-daemon,S (sleeping),server-compromised.bnsdq.ozxfs.rzona-vmdrv.kvugl,0.28487150850867266,0
1759302817,3293,1,N/A,N/A,N/A,N/A,N/A,N/A,N/A,N/A,1953800192,1922228224,41988096,N/A,135168,170463232,13,discern-network,S (sleeping),server-compromised.bnsdq.ozxfs.rzona-vmdrv.kvugl,1.240627146258599,0
1759302817,181,1,N/A,N/A,N/A,N/A,N/A,N/A,N/A,N/A,154476544,112562176,39378944,4096,135168,28102656,1,systemd-journal,S (sleeping),server-compromised.bnsdq.ozxfs.rzona-vmdrv.kvugl,0.18266312224212436,0
1759302817,70443,1,N/A,N/A,N/A,N/A,N/A,N/A,N/A,N/A,1580597248,1580597248,21614592,N/A,135168,82202624,5,discern-interfa,S (sleeping),server-compromised.bnsdq.ozxfs.rzona-vmdrv.kvugl,0.0023713861554779943,0
1759302817,72604,1,N/A,N/A,N/A,N/A,N/A,N/A,N/A,N/A,1264619520,1264619520,17321984,N/A,135168,45826048,5,discern-proc-so,S (sleeping),server-compromised.bnsdq.ozxfs.rzona-vmdrv.kvugl,2.5996891352742804,0
1759302819,376,1,103,103,103,103,109,109,109,109,121090048,121090048,108892160,N/A,135168,113360896,1,dbus-daemon,S (sleeping),server-compromised.bnsdq.ozxfs.rzona-vmdrv.kvugl,0.2930809510526911,1
1759302819,3355,1,N/A,N/A,N/A,N/A,N/A,N/A,N/A,N/A,1922494464,1922494464,47996928,N/A,135168,174923776,13,discern-network,S (sleeping),server-compromised.bnsdq.ozxfs.rzona-vmdrv.kvugl,0.5164028508187937,1
1759302819,179,1,N/A,N/A,N/A,N/A,N/A,N/A,N/A,N/A,108318720,108318720,37797888,4096,135168,28098560,1,systemd-journal,S (sleeping),server-compromised.bnsdq.ozxfs.rzona-vmdrv.kvugl,0.1885952445744681,1
1759302819,42416,1,N/A,N/A,N/A,N/A,N/A,N/A,N/A,N/A,1264619520,1264619520,17297408,N/A,135168,45826048,4,discern-proc-so,S (sleeping),server-compromised.bnsdq.ozxfs.rzona-vmdrv.kvugl,2.587081179562059,1
1759302819,29831,1,N/A,N/A,N/A,N/A,N/A,N/A,N/A,N/A,1647706112,1580597248,22532096,N/A,135168,82202624,5,discern-interfa,S (sleeping),server-compromised.bnsdq.ozxfs.rzona-vmdrv.kvugl,0.0017062540058109415,1
1759302822,340,1,103,103,103,103,109,109,109,109,242315264,242315264,227520512,N/A,135168,234586112,1,dbus-daemon,S (sleeping),server-compromised.bnsdq.ozxfs.rzona-vmdrv.kvugl,0.2849640341742271,0
1759302822,3293,1,N/A,N/A,N/A,N/A,N/A,N/A,N/A,N/A,1953800192,1922228224,41988096,N/A,135168,170463232,13,discern-network,S (sleeping),server-compromised.bnsdq.ozxfs.rzona-vmdrv.kvugl,1.2401946497278276,0
1759302822,181,1,N/A,N/A,N/A,N/A,N/A,N/A,N/A,N/A,154476544,112562176,39378944,4096,135168,28102656,1,systemd-journal,S (sleeping),server-compromised.bnsdq.ozxfs.rzona-vmdrv.kvugl,0.18249868946942036,0
1759302822,70443,1,N/A,N/A,N/A,N/A,N/A,N/A,N/A,N/A,1580597248,1580597248,21614592,N/A,135168,82202624,5,discern-interfa,S (sleeping),server-compromised.bnsdq.ozxfs.rzona-vmdrv.kvugl,0.00235696710587543,0
1759302822,72604,1,N/A,N/A,N/A,N/A,N/A,N/A,N/A,N/A,1264619520,1264619520,17321984,N/A,135168,45826048,5,discern-proc-so,S (sleeping),server-compromised.bnsdq.ozxfs.rzona-vmdrv.kvugl,2.6005488493992495,0
1759302824,376,1,103,103,103,103,109,109,109,109,121253888,121253888,109162496,N/A,135168,113524736,1,dbus-daemon,S (sleeping),server-compromised.bnsdq.ozxfs.rzona-vmdrv.kvugl,0.29325322607693755,1
1759302824,3355,1,N/A,N/A,N/A,N/A,N/A,N/A,N/A,N/A,1922494464,1922494464,47996928,N/A,135168,174923776,13,discern-network,S (sleeping),server-compromised.bnsdq.ozxfs.rzona-vmdrv.kvugl,0.5165292173768933,1
1759302824,179,1,N/A,N/A,N/A,N/A,N/A,N/A,N/A,N/A,108318720,108318720,37797888,4096,135168,28098560,1,systemd-journal,S (sleeping),server-compromised.bnsdq.ozxfs.rzona-vmdrv.kvugl,0.18895789382737163,1
1759302824,42416,1,N/A,N/A,N/A,N/A,N/A,N/A,N/A,N/A,1264619520,1264619520,17297408,N/A,135168,45826048,4,discern-proc-so,R (running),server-compromised.bnsdq.ozxfs.rzona-vmdrv.kvugl,2.5853913412941374,1
1759302824,29831,1,N/A,N/A,N/A,N/A,N/A,N/A,N/A,N/A,1647706112,1580597248,22532096,N/A,135168,82202624,5,discern-interfa,S (sleeping),server-compromised.bnsdq.ozxfs.rzona-vmdrv.kvugl,0.0016987752005197115,1
1759302827,340,1,103,103,103,103,109,109,109,109,242610176,242610176,228061184,N/A,135168,234881024,1,dbus-daemon,S (sleeping),server-compromised.bnsdq.ozxfs.rzona-vmdrv.kvugl,0.2850582218736617,0
1759302827,3293,1,N/A,N/A,N/A,N/A,N/A,N/A,N/A,N/A,1953800192,1922228224,41988096,N/A,135168,170463232,13,discern-network,S (sleeping),server-compromised.bnsdq.ozxfs.rzona-vmdrv.kvugl,1.2394112676089066,0
1759302827,181,1,N/A,N/A,N/A,N/A,N/A,N/A,N/A,N/A,154476544,112562176,39378944,4096,135168,28102656,1,systemd-journal,S (sleeping),server-compromised.bnsdq.ozxfs.rzona-vmdrv.kvugl,0.18268436137510505,0
1759302827,70443,1,N/A,N/A,N/A,N/A,N/A,N/A,N/A,N/A,1580597248,1580597248,21614592,N/A,135168,82202624,5,discern-interfa,S (sleeping),server-compromised.bnsdq.ozxfs.rzona-vmdrv.kvugl,0.002342823813026929,0
1759302827,72604,1,N/A,N/A,N/A,N/A,N/A,N/A,N/A,N/A,1264619520,1264619520,17321984,N/A,135168,45826048,5,discern-proc-so,S (sleeping),server-compromised.bnsdq.ozxfs.rzona-vmdrv.kvugl,2.5957188648153773,0
1759302829,376,1,103,103,103,103,109,109,109,109,121528320,121528320,109162496,N/A,135168,113799168,1,dbus-daemon,S (sleeping),server-compromised.bnsdq.ozxfs.rzona-vmdrv.kvugl,0.29307266032000434,1
1759302829,3355,1,N/A,N/A,N/A,N/A,N/A,N/A,N/A,N/A,1922494464,1922494464,47996928,N/A,135168,174923776,13,discern-network,S (sleeping),server-compromised.bnsdq.ozxfs.rzona-vmdrv.kvugl,0.5162796636078302,1
1759302829,179,1,N/A,N/A,N/A,N/A,N/A,N/A,N/A,N/A,108318720,108318720,37797888,4096,135168,28098560,1,systemd-journal,S (sleeping),server-compromised.bnsdq.ozxfs.rzona-vmdrv.kvugl,0.18896697139269186,1
1759302829,42416,1,N/A,N/A,N/A,N/A,N/A,N/A,N/A,N/A,1264619520,1264619520,17297408,N/A,135168,45826048,4,discern-proc-so,S (sleeping),server-compromised.bnsdq.ozxfs.rzona-vmdrv.kvugl,2.588544431030232,1
1759302829,29831,1,N/A,N/A,N/A,N/A,N/A,N/A,N/A,N/A,1647706112,1580597248,22532096,N/A,135168,82202624,5,discern-interfa,S (sleeping),server-compromised.bnsdq.ozxfs.rzona-vmdrv.kvugl,0.0016913680604957535,1
1759302832,340,1,103,103,103,103,109,109,109,109,242745344,242745344,228061184,N/A,135168,235016192,1,dbus-daemon,S (sleeping),server-compromised.bnsdq.ozxfs.rzona-vmdrv.kvugl,0.28497872447747824,0
1759302832,3293,1,N/A,N/A,N/A,N/A,N/A,N/A,N/A,N/A,1953800192,1922228224,41988096,N/A,135168,170463232,13,discern-network,S (sleeping),server-compromised.bnsdq.ozxfs.rzona-vmdrv.kvugl,1.238632338705879,0
1759302832,181,1,N/A,N/A,N/A,N/A,N/A,N/A,N/A,N/A,154476544,112562176,39378944,4096,135168,28102656,1,systemd-journal,S (sleeping),server-compromised.bnsdq.ozxfs.rzona-vmdrv.kvugl,0.18269596937642799,0
1759302832,70443,1,N/A,N/A,N/A,N/A,N/A,N/A,N/A,N/A,1580597248,1580597248,21614592,N/A,135168,82202624,5,discern-interfa,S (sleeping),server-compromised.bnsdq.ozxfs.rzona-vmdrv.kvugl,0.0023288856590367576,0
1759302832,72604,1,N/A,N/A,N/A,N/A,N/A,N/A,N/A,N/A,1264619520,1264619520,17321984,N/A,135168,45826048,5,discern-proc-so,S (sleeping),server-compromised.bnsdq.ozxfs.rzona-vmdrv.kvugl,2.5910104341360802,0
1759302834,376,1,103,103,103,103,109,109,109,109,121798656,121798656,109703168,N/A,135168,114069504,1,dbus-daemon,S (sleeping),server-compromised.bnsdq.ozxfs.rzona-vmdrv.kvugl,0.2935966195761696,1
1759302834,3355,1,N/A,N/A,N/A,N/A,N/A,N/A,N/A,N/A,1922494464,1922494464,47996928,N/A,135168,174923776,13,discern-network,S (sleeping),server-compromised.bnsdq.ozxfs.rzona-vmdrv.kvugl,0.5167818372811462,1
1759302834,179,1,N/A,N/A,N/A,N/A,N/A,N/A,N/A,N/A,108318720,108318720,37797888,4096,135168,28098560,1,systemd-journal,S (sleeping),server-compromised.bnsdq.ozxfs.rzona-vmdrv.kvugl,0.18897588650984462,1
1759302834,42416,1,N/A,N/A,N/A,N/A,N/A,N/A,N/A,N/A,1264619520,1264619520,17297408,N/A,135168,45826048,4,discern-proc-so,S (sleeping),server-compromised.bnsdq.ozxfs.rzona-vmdrv.kvugl,2.591524686027699,1
1759302834,29831,1,N/A,N/A,N/A,N/A,N/A,N/A,N/A,N/A,1647706112,1580597248,22532096,N/A,135168,82202624,5,discern-interfa,S (sleeping),server-compromised.bnsdq.ozxfs.rzona-vmdrv.kvugl,0.0016840224712286213,1
1759302837,340,1,103,103,103,103,109,109,109,109,243015680,243015680,228331520,N/A,135168,235286528,1,dbus-daemon,S (sleeping),server-compromised.bnsdq.ozxfs.rzona-vmdrv.kvugl,0.2850713941063938,0
1759302837,3293,1,N/A,N/A,N/A,N/A,N/A,N/A,N/A,N/A,1953800192,1922228224,41988096,N/A,135168,170463232,13,discern-network,S (sleeping),server-compromised.bnsdq.ozxfs.rzona-vmdrv.kvugl,1.238025460454572,0
1759302837,181,1,N/A,N/A,N/A,N/A,N/A,N/A,N/A,N/A,154476544,112562176,39378944,4096,135168,28102656,1,systemd-journal,S (sleeping),server-compromised.bnsdq.ozxfs.rzona-vmdrv.kvugl,0.18253226349552656,0
1759302837,70443,1,N/A,N/A,N/A,N/A,N/A,N/A,N/A,N/A,1580597248,1580597248,21614592,N/A,135168,82202624,5,discern-interfa,S (sleeping),server-compromised.bnsdq.ozxfs.rzona-vmdrv.kvugl,0.00231500419411071,0
1759302837,72604,1,N/A,N/A,N/A,N/A,N/A,N/A,N/A,N/A,1264619520,1264619520,17321984,N/A,135168,45826048,5,discern-proc-so,S (sleeping),server-compromised.bnsdq.ozxfs.rzona-vmdrv.kvugl,2.590519857329742,0
1759302839,376,1,103,103,103,103,109,109,109,109,122068992,122068992,109703168,N/A,135168,114339840,1,dbus-daemon,S (sleeping),server-compromised.bnsdq.ozxfs.rzona-vmdrv.kvugl,0.29409727929873014,1
1759302840,3355,1,N/A,N/A,N/A,N/A,N/A,N/A,N/A,N/A,1922494464,1922494464,47996928,N/A,135168,174923776,13,discern-network,S (sleeping),server-compromised.bnsdq.ozxfs.rzona-vmdrv.kvugl,0.5168670995289363,1
1759302840,179,1,N/A,N/A,N/A,N/A,N/A,N/A,N/A,N/A,108318720,108318720,37797888,4096,135168,28098560,1,systemd-journal,S (sleeping),server-compromised.bnsdq.ozxfs.rzona-vmdrv.kvugl,0.1893222689379477,1
1759302840,45348,1,N/A,N/A,N/A,N/A,N/A,N/A,N/A,N/A,1264619520,1264619520,16998400,N/A,135168,45826048,3,discern-proc-so,R (running),server-compromised.bnsdq.ozxfs.rzona-vmdrv.kvugl,10.025386845993086,1
1759302840,29831,1,N/A,N/A,N/A,N/A,N/A,N/A,N/A,N/A,1647706112,1580597248,22532096,N/A,135168,82202624,5,discern-interfa,S (sleeping),server-compromised.bnsdq.ozxfs.rzona-vmdrv.kvugl,0.0016764493415416797,1
1759302843,340,1,103,103,103,103,109,109,109,109,243150848,243150848,228601856,N/A,135168,235421696,1,dbus-daemon,S (sleeping),server-compromised.bnsdq.ozxfs.rzona-vmdrv.kvugl,0.2851650788661597,0
1759302843,3293,1,N/A,N/A,N/A,N/A,N/A,N/A,N/A,N/A,1953800192,1922228224,41988096,N/A,135168,170463232,13,discern-network,S (sleeping),server-compromised.bnsdq.ozxfs.rzona-vmdrv.kvugl,1.2374249884034623,0
1759302843,181,1,N/A,N/A,N/A,N/A,N/A,N/A,N/A,N/A,154476544,112562176,39378944,4096,135168,28102656,1,systemd-journal,S (sleeping),server-compromised.bnsdq.ozxfs.rzona-vmdrv.kvugl,0.18271730609630502,0
1759302843,70443,1,N/A,N/A,N/A,N/A,N/A,N/A,N/A,N/A,1580597248,1580597248,21614592,N/A,135168,82202624,5,discern-interfa,S (sleeping),server-compromised.bnsdq.ozxfs.rzona-vmdrv.kvugl,0.002301349950099026,0
1759302843,72604,1,N/A,N/A,N/A,N/A,N/A,N/A,N/A,N/A,1264619520,1264619520,17321984,N/A,135168,45826048,5,discern-proc-so,S (sleeping),server-compromised.bnsdq.ozxfs.rzona-vmdrv.kvugl,2.587278910253799,0
1759302845,376,1,103,103,103,103,109,109,109,109,122204160,122204160,109973504,N/A,135168,114475008,1,dbus-daemon,S (sleeping),server-compromised.bnsdq.ozxfs.rzona-vmdrv.kvugl,0.2942664994180436,1
1759302845,3355,1,N/A,N/A,N/A,N/A,N/A,N/A,N/A,N/A,1922494464,1922494464,47996928,N/A,135168,174923776,13,discern-network,S (sleeping),server-compromised.bnsdq.ozxfs.rzona-vmdrv.kvugl,0.5169916808307838,1
1759302845,179,1,N/A,N/A,N/A,N/A,N/A,N/A,N/A,N/A,108318720,108318720,37797888,4096,135168,28098560,1,systemd-journal,S (sleeping),server-compromised.bnsdq.ozxfs.rzona-vmdrv.kvugl,0.18968098650137963,1
1759302845,45348,1,N/A,N/A,N/A,N/A,N/A,N/A,N/A,N/A,1264619520,1264619520,17178624,N/A,135168,45826048,3,discern-proc-so,R (running),server-compromised.bnsdq.ozxfs.rzona-vmdrv.kvugl,4.060194601508805,1
1759302845,29831,1,N/A,N/A,N/A,N/A,N/A,N/A,N/A,N/A,1647706112,1580597248,22532096,N/A,135168,82202624,5,discern-interfa,S (sleeping),server-compromised.bnsdq.ozxfs.rzona-vmdrv.kvugl,0.001669229700032033,1
1759302848,340,1,103,103,103,103,109,109,109,109,243286016,243286016,228601856,N/A,135168,235556864,1,dbus-daemon,S (sleeping),server-compromised.bnsdq.ozxfs.rzona-vmdrv.kvugl,0.2850832643445381,0
1759302848,3293,1,N/A,N/A,N/A,N/A,N/A,N/A,N/A,N/A,1953800192,1922228224,41988096,N/A,135168,170463232,13,discern-network,S (sleeping),server-compromised.bnsdq.ozxfs.rzona-vmdrv.kvugl,1.2366391272709567,0
1759302848,181,1,N/A,N/A,N/A,N/A,N/A,N/A,N/A,N/A,154476544,112562176,39378944,4096,135168,28102656,1,systemd-journal,S (sleeping),server-compromised.bnsdq.ozxfs.rzona-vmdrv.kvugl,0.18255359863039963,0
1759302848,70443,1,N/A,N/A,N/A,N/A,N/A,N/A,N/A,N/A,1580597248,1580597248,21614592,N/A,135168,82202624,5,discern-interfa,S (sleeping),server-compromised.bnsdq.ozxfs.rzona-vmdrv.kvugl,0.0022877709692595356,0
1759302848,72604,1,N/A,N/A,N/A,N/A,N/A,N/A,N/A,N/A,1264619520,1264619520,17321984,N/A,135168,45826048,5,discern-proc-so,S (sleeping),server-compromised.bnsdq.ozxfs.rzona-vmdrv.kvugl,2.588202372393112,0
1759302850,376,1,103,103,103,103,109,109,109,109,122609664,122609664,110510080,N/A,135168,114880512,1,dbus-daemon,S (sleeping),server-compromised.bnsdq.ozxfs.rzona-vmdrv.kvugl,0.2947840083797824,1
1759302850,3355,1,N/A,N/A,N/A,N/A,N/A,N/A,N/A,N/A,1922494464,1922494464,47996928,N/A,135168,174923776,13,discern-network,S (sleeping),server-compromised.bnsdq.ozxfs.rzona-vmdrv.kvugl,0.5171134986917851,1
1759302850,45479,1,N/A,N/A,N/A,N/A,N/A,N/A,N/A,N/A,1331765248,1331765248,90030080,N/A,135168,138170368,4,discern-file-so,S (sleeping),server-compromised.bnsdq.ozxfs.rzona-vmdrv.kvugl,66.08301107970503,1
1759302850,179,1,N/A,N/A,N/A,N/A,N/A,N/A,N/A,N/A,108318720,108318720,37797888,4096,135168,28098560,1,systemd-journal,S (sleeping),server-compromised.bnsdq.ozxfs.rzona-vmdrv.kvugl,0.1900375900551294,1
1759302850,45348,1,N/A,N/A,N/A,N/A,N/A,N/A,N/A,N/A,1264619520,1264619520,17178624,N/A,135168,45826048,4,discern-proc-so,R (running),server-compromised.bnsdq.ozxfs.rzona-vmdrv.kvugl,3.0009558766461795,1
1759302853,340,1,103,103,103,103,109,109,109,109,243556352,243556352,228872192,N/A,135168,235827200,1,dbus-daemon,S (sleeping),server-compromised.bnsdq.ozxfs.rzona-vmdrv.kvugl,0.2850021435756763,0
1759302853,3293,1,N/A,N/A,N/A,N/A,N/A,N/A,N/A,N/A,1953800192,1922228224,41988096,N/A,135168,170463232,13,discern-network,S (sleeping),server-compromised.bnsdq.ozxfs.rzona-vmdrv.kvugl,1.2358571759345784,0
1759302853,181,1,N/A,N/A,N/A,N/A,N/A,N/A,N/A,N/A,154476544,112562176,39378944,4096,135168,28102656,1,systemd-journal,S (sleeping),server-compromised.bnsdq.ozxfs.rzona-vmdrv.kvugl,0.18256407672601618,0
1759302853,70443,1,N/A,N/A,N/A,N/A,N/A,N/A,N/A,N/A,1580597248,1580597248,21614592,N/A,135168,82202624,5,discern-interfa,S (sleeping),server-compromised.bnsdq.ozxfs.rzona-vmdrv.kvugl,0.0022743801792901755,0
1759302853,72604,1,N/A,N/A,N/A,N/A,N/A,N/A,N/A,N/A,1264619520,1264619520,17321984,N/A,135168,45826048,5,discern-proc-so,S (sleeping),server-compromised.bnsdq.ozxfs.rzona-vmdrv.kvugl,2.5877517257518132,0
1759302855,376,1,103,103,103,103,109,109,109,109,122880000,122880000,110690304,N/A,135168,115150848,1,dbus-daemon,S (sleeping),server-compromised.bnsdq.ozxfs.rzona-vmdrv.kvugl,0.2949373305762446,1
1759302855,3355,1,N/A,N/A,N/A,N/A,N/A,N/A,N/A,N/A,1922494464,1922494464,47996928,N/A,135168,174923776,13,discern-network,S (sleeping),server-compromised.bnsdq.ozxfs.rzona-vmdrv.kvugl,0.5172108539089781,1
1759302855,45626,1,N/A,N/A,N/A,N/A,N/A,N/A,N/A,N/A,1647706112,1580597248,20361216,N/A,135168,82202624,5,discern-interfa,S (sleeping),server-compromised.bnsdq.ozxfs.rzona-vmdrv.kvugl,0.6152433089516942,1
1759302855,45479,1,N/A,N/A,N/A,N/A,N/A,N/A,N/A,N/A,1332027392,1332027392,108388352,N/A,135168,138432512,5,discern-file-so,S (sleeping),server-compromised.bnsdq.ozxfs.rzona-vmdrv.kvugl,69.09275401835785,1
1759302855,45348,1,N/A,N/A,N/A,N/A,N/A,N/A,N/A,N/A,1264619520,1264619520,17178624,N/A,135168,45826048,4,discern-proc-so,S (sleeping),server-compromised.bnsdq.ozxfs.rzona-vmdrv.kvugl,2.8268327351426468,1
1759302858,340,1,103,103,103,103,109,109,109,109,243691520,243691520,228872192,N/A,135168,235962368,1,dbus-daemon,S (sleeping),server-compromised.bnsdq.ozxfs.rzona-vmdrv.kvugl,0.2849209443484328,0
1759302858,3293,1,N/A,N/A,N/A,N/A,N/A,N/A,N/A,N/A,1953800192,1922228224,41988096,N/A,135168,170463232,13,discern-network,S (sleeping),server-compromised.bnsdq.ozxfs.rzona-vmdrv.kvugl,1.2352546269371167,0
1759302858,181,1,N/A,N/A,N/A,N/A,N/A,N/A,N/A,N/A,154476544,112562176,39378944,4096,135168,28102656,1,systemd-journal,S (sleeping),server-compromised.bnsdq.ozxfs.rzona-vmdrv.kvugl,0.18257439040440135,0
1759302858,70443,1,N/A,N/A,N/A,N/A,N/A,N/A,N/A,N/A,1580597248,1580597248,21614592,N/A,135168,82202624,5,discern-interfa,S (sleeping),server-compromised.bnsdq.ozxfs.rzona-vmdrv.kvugl,0.002261133369923497,0
1759302858,72604,1,N/A,N/A,N/A,N/A,N/A,N/A,N/A,N/A,1264619520,1264619520,17321984,N/A,135168,45826048,5,discern-proc-so,S (sleeping),server-compromised.bnsdq.ozxfs.rzona-vmdrv.kvugl,2.5872904979924125,0
1759302860,376,1,103,103,103,103,109,109,109,109,123015168,123015168,110690304,N/A,135168,115286016,1,dbus-daemon,S (sleeping),server-compromised.bnsdq.ozxfs.rzona-vmdrv.kvugl,0.29475153922684044,1
1759302860,45479,1,N/A,N/A,N/A,N/A,N/A,N/A,N/A,N/A,1601003520,1601003520,194785280,N/A,135168,315133952,5,discern-file-so,S (sleeping),server-compromised.bnsdq.ozxfs.rzona-vmdrv.kvugl,71.19368534694554,1
1759302860,3355,1,N/A,N/A,N/A,N/A,N/A,N/A,N/A,N/A,1922494464,1922494464,47996928,N/A,135168,174923776,13,discern-network,S (sleeping),server-compromised.bnsdq.ozxfs.rzona-vmdrv.kvugl,0.5165831793383966,1
1759302860,45626,1,N/A,N/A,N/A,N/A,N/A,N/A,N/A,N/A,1647706112,1580597248,20361216,N/A,135168,82202624,5,discern-interfa,S (sleeping),server-compromised.bnsdq.ozxfs.rzona-vmdrv.kvugl,0.1465901959930725,1
1759302860,45348,1,N/A,N/A,N/A,N/A,N/A,N/A,N/A,N/A,1264619520,1264619520,17178624,N/A,135168,45826048,4,discern-proc-so,R (running),server-compromised.bnsdq.ozxfs.rzona-vmdrv.kvugl,2.6119809593874117,1
1759302863,340,1,103,103,103,103,109,109,109,109,243826688,243826688,229142528,N/A,135168,236097536,1,dbus-daemon,S (sleeping),server-compromised.bnsdq.ozxfs.rzona-vmdrv.kvugl,0.28501338754547345,0
1759302863,3293,1,N/A,N/A,N/A,N/A,N/A,N/A,N/A,N/A,1953800192,1922228224,41988096,N/A,135168,170463232,13,discern-network,S (sleeping),server-compromised.bnsdq.ozxfs.rzona-vmdrv.kvugl,1.2344754496409243,0
1759302863,181,1,N/A,N/A,N/A,N/A,N/A,N/A,N/A,N/A,154476544,112562176,39378944,4096,135168,28102656,1,systemd-journal,S (sleeping),server-compromised.bnsdq.ozxfs.rzona-vmdrv.kvugl,0.18241160885851732,0
1759302863,70443,1,N/A,N/A,N/A,N/A,N/A,N/A,N/A,N/A,1580597248,1580597248,21614592,N/A,135168,82202624,5,discern-interfa,S (sleeping),server-compromised.bnsdq.ozxfs.rzona-vmdrv.kvugl,0.002248052294978207,0
1759302863,72604,1,N/A,N/A,N/A,N/A,N/A,N/A,N/A,N/A,1264619520,1264619520,17321984,N/A,135168,45826048,5,discern-proc-so,S (sleeping),server-compromised.bnsdq.ozxfs.rzona-vmdrv.kvugl,2.588235180936637,0
1759302866,376,1,103,103,103,103,109,109,109,109,123158528,123158528,110821376,N/A,135168,115429376,1,dbus-daemon,S (sleeping),server-compromised.bnsdq.ozxfs.rzona-vmdrv.kvugl,0.2949034968733347,1
1759302866,45479,1,N/A,N/A,N/A,N/A,N/A,N/A,N/A,N/A,1601003520,1601003520,194785280,N/A,135168,315133952,5,discern-file-so,S (sleeping),server-compromised.bnsdq.ozxfs.rzona-vmdrv.kvugl,68.70161293116925,1
1759302866,3355,1,N/A,N/A,N/A,N/A,N/A,N/A,N/A,N/A,1922494464,1922494464,47996928,N/A,135168,174923776,13,discern-network,S (sleeping),server-compromised.bnsdq.ozxfs.rzona-vmdrv.kvugl,0.5163083202000048,1
1759302866,45626,1,N/A,N/A,N/A,N/A,N/A,N/A,N/A,N/A,1647706112,1580597248,20361216,N/A,135168,82202624,5,discern-interfa,S (sleeping),server-compromised.bnsdq.ozxfs.rzona-vmdrv.kvugl,0.0824600931237598,1
1759302866,45348,1,N/A,N/A,N/A,N/A,N/A,N/A,N/A,N/A,1264619520,1264619520,17178624,N/A,135168,45826048,4,discern-proc-so,S (sleeping),server-compromised.bnsdq.ozxfs.rzona-vmdrv.kvugl,2.6172758838917587,1
1759302868,340,1,103,103,103,103,109,109,109,109,243961856,243961856,229412864,N/A,135168,236232704,1,dbus-daemon,S (sleeping),server-compromised.bnsdq.ozxfs.rzona-vmdrv.kvugl,0.28493238808206983,0
1759302868,3293,1,N/A,N/A,N/A,N/A,N/A,N/A,N/A,N/A,1953800192,1922228224,41988096,N/A,135168,170463232,13,discern-network,S (sleeping),server-compromised.bnsdq.ozxfs.rzona-vmdrv.kvugl,1.2338755770345393,0
1759302868,181,1,N/A,N/A,N/A,N/A,N/A,N/A,N/A,N/A,154476544,112562176,39378944,4096,135168,28102656,1,systemd-journal,S (sleeping),server-compromised.bnsdq.ozxfs.rzona-vmdrv.kvugl,0.18259515929391226,0
1759302868,70443,1,N/A,N/A,N/A,N/A,N/A,N/A,N/A,N/A,1580597248,1580597248,21614592,N/A,135168,82202624,5,discern-interfa,S (sleeping),server-compromised.bnsdq.ozxfs.rzona-vmdrv.kvugl,0.0022351130096013925,0
1759302868,72604,1,N/A,N/A,N/A,N/A,N/A,N/A,N/A,N/A,1264619520,1264619520,17321984,N/A,135168,45826048,5,discern-proc-so,S (sleeping),server-compromised.bnsdq.ozxfs.rzona-vmdrv.kvugl,2.587782089666799,0
1759302871,45479,1,N/A,N/A,N/A,N/A,N/A,N/A,N/A,N/A,1601986560,1601986560,194785280,N/A,135168,316116992,5,discern-file-so,S (sleeping),server-compromised.bnsdq.ozxfs.rzona-vmdrv.kvugl,67.66206107106221,1
1759302871,376,1,103,103,103,103,109,109,109,109,123428864,123428864,111091712,N/A,135168,115699712,1,dbus-daemon,S (sleeping),server-compromised.bnsdq.ozxfs.rzona-vmdrv.kvugl,0.29437042951033393,1
1759302871,3355,1,N/A,N/A,N/A,N/A,N/A,N/A,N/A,N/A,1922494464,1922494464,47996928,N/A,135168,174923776,13,discern-network,S (sleeping),server-compromised.bnsdq.ozxfs.rzona-vmdrv.kvugl,0.5160544710503266,1
1759302871,45626,1,N/A,N/A,N/A,N/A,N/A,N/A,N/A,N/A,1647706112,1580597248,20361216,N/A,135168,82202624,5,discern-interfa,S (sleeping),server-compromised.bnsdq.ozxfs.rzona-vmdrv.kvugl,0.057710919801330536,1
1759302871,45348,1,N/A,N/A,N/A,N/A,N/A,N/A,N/A,N/A,1264619520,1264619520,17178624,N/A,135168,45826048,4,discern-proc-so,R (running),server-compromised.bnsdq.ozxfs.rzona-vmdrv.kvugl,2.5055550061492085,1
1759302873,340,1,103,103,103,103,109,109,109,109,244367360,244367360,229683200,N/A,135168,236638208,1,dbus-daemon,S (sleeping),server-compromised.bnsdq.ozxfs.rzona-vmdrv.kvugl,0.2850250059214112,0
1759302873,3293,1,N/A,N/A,N/A,N/A,N/A,N/A,N/A,N/A,1953800192,1922228224,41988096,N/A,135168,170463232,13,discern-network,S (sleeping),server-compromised.bnsdq.ozxfs.rzona-vmdrv.kvugl,1.2332791282279343,0
1759302873,181,1,N/A,N/A,N/A,N/A,N/A,N/A,N/A,N/A,154476544,112562176,39378944,4096,135168,28102656,1,systemd-journal,S (sleeping),server-compromised.bnsdq.ozxfs.rzona-vmdrv.kvugl,0.1824328711051899,0
1759302873,70443,1,N/A,N/A,N/A,N/A,N/A,N/A,N/A,N/A,1580597248,1580597248,21614592,N/A,135168,82202624,5,discern-interfa,S (sleeping),server-compromised.bnsdq.ozxfs.rzona-vmdrv.kvugl,0.0022223477707692396,0
1759302873,72604,1,N/A,N/A,N/A,N/A,N/A,N/A,N/A,N/A,1264619520,1264619520,17321984,N/A,135168,45826048,5,discern-proc-so,S (sleeping),server-compromised.bnsdq.ozxfs.rzona-vmdrv.kvugl,2.587372347702726,0
1759302876,45479,1,N/A,N/A,N/A,N/A,N/A,N/A,N/A,N/A,1601986560,1601986560,239558656,N/A,135168,316116992,5,discern-file-so,S (sleeping),server-compromised.bnsdq.ozxfs.rzona-vmdrv.kvugl,66.71185679254457,1
1759302876,376,1,103,103,103,103,109,109,109,109,123699200,123699200,111312896,N/A,135168,115970048,1,dbus-daemon,S (sleeping),server-compromised.bnsdq.ozxfs.rzona-vmdrv.kvugl,0.2945221798230875,1
1759302876,3355,1,N/A,N/A,N/A,N/A,N/A,N/A,N/A,N/A,1922494464,1922494464,47996928,N/A,135168,174923776,13,discern-network,S (sleeping),server-compromised.bnsdq.ozxfs.rzona-vmdrv.kvugl,0.5154114314161876,1
1759302876,45348,1,N/A,N/A,N/A,N/A,N/A,N/A,N/A,N/A,1264619520,1264619520,17178624,N/A,135168,45826048,4,discern-proc-so,R (running),server-compromised.bnsdq.ozxfs.rzona-vmdrv.kvugl,2.4444886113702013,1
1759302876,179,1,N/A,N/A,N/A,N/A,N/A,N/A,N/A,N/A,108318720,108318720,37797888,4096,135168,28098560,1,systemd-journal,S (sleeping),server-compromised.bnsdq.ozxfs.rzona-vmdrv.kvugl,0.19177177823708141,1
1759302879,340,1,103,103,103,103,109,109,109,109,244367360,244367360,229683200,N/A,135168,236638208,1,dbus-daemon,S (sleeping),server-compromised.bnsdq.ozxfs.rzona-vmdrv.kvugl,0.2851172771119093,0
1759302879,3293,1,N/A,N/A,N/A,N/A,N/A,N/A,N/A,N/A,1953800192,1922228224,41988096,N/A,135168,170463232,13,discern-network,S (sleeping),server-compromised.bnsdq.ozxfs.rzona-vmdrv.kvugl,1.2326829671943211,0
1759302879,181,1,N/A,N/A,N/A,N/A,N/A,N/A,N/A,N/A,154476544,112562176,39378944,4096,135168,28102656,1,systemd-journal,S (sleeping),server-compromised.bnsdq.ozxfs.rzona-vmdrv.kvugl,0.18244352441594547,0
1759302879,70443,1,N/A,N/A,N/A,N/A,N/A,N/A,N/A,N/A,1580597248,1580597248,21614592,N/A,135168,82202624,5,discern-interfa,S (sleeping),server-compromised.bnsdq.ozxfs.rzona-vmdrv.kvugl,0.0022097185490028673,0
1759302879,72604,1,N/A,N/A,N/A,N/A,N/A,N/A,N/A,N/A,1264619520,1264619520,17321984,N/A,135168,45826048,5,discern-proc-so,S (sleeping),server-compromised.bnsdq.ozxfs.rzona-vmdrv.kvugl,2.5856024273920264,0
1759302881,376,1,103,103,103,103,109,109,109,109,123834368,123834368,111583232,N/A,135168,116105216,1,dbus-daemon,S (sleeping),server-compromised.bnsdq.ozxfs.rzona-vmdrv.kvugl,0.29432540155090053,1
1759302881,45479,1,N/A,N/A,N/A,N/A,N/A,N/A,N/A,N/A,1601986560,1601986560,239558656,N/A,135168,316116992,5,discern-file-so,S (sleeping),server-compromised.bnsdq.ozxfs.rzona-vmdrv.kvugl,66.1031534692226,1
1759302881,3355,1,N/A,N/A,N/A,N/A,N/A,N/A,N/A,N/A,1922494464,1922494464,47996928,N/A,135168,174923776,13,discern-network,S (sleeping),server-compromised.bnsdq.ozxfs.rzona-vmdrv.kvugl,0.5151365857391067,1
1759302881,45348,1,N/A,N/A,N/A,N/A,N/A,N/A,N/A,N/A,1264619520,1264619520,17178624,N/A,135168,45826048,4,discern-proc-so,R (running),server-compromised.bnsdq.ozxfs.rzona-vmdrv.kvugl,2.4207866885523477,1
1759302881,3737,1,N/A,N/A,N/A,N/A,N/A,N/A,N/A,N/A,1264021504,1264021504,13422592,N/A,135168,45559808,4,discern-cpu-sor,S (sleeping),server-compromised.bnsdq.ozxfs.rzona-vmdrv.kvugl,0.01821587252675073,1
1759302884,340,1,103,103,103,103,109,109,109,109,244637696,244637696,229953536,N/A,135168,236908544,1,dbus-daemon,S (sleeping),server-compromised.bnsdq.ozxfs.rzona-vmdrv.kvugl,0.28520814755973334,0
1759302884,3293,1,N/A,N/A,N/A,N/A,N/A,N/A,N/A,N/A,1953800192,1922228224,41988096,N/A,135168,170463232,13,discern-network,S (sleeping),server-compromised.bnsdq.ozxfs.rzona-vmdrv.kvugl,1.2319042361419825,0
1759302884,181,1,N/A,N/A,N/A,N/A,N/A,N/A,N/A,N/A,154476544,112562176,39378944,4096,135168,28102656,1,systemd-journal,S (sleeping),server-compromised.bnsdq.ozxfs.rzona-vmdrv.kvugl,0.1824533682382326,0
1759302884,70443,1,N/A,N/A,N/A,N/A,N/A,N/A,N/A,N/A,1580597248,1580597248,21614592,N/A,135168,82202624,5,discern-interfa,S (sleeping),server-compromised.bnsdq.ozxfs.rzona-vmdrv.kvugl,0.0021971715520177756,0
1759302884,72604,1,N/A,N/A,N/A,N/A,N/A,N/A,N/A,N/A,1264619520,1264619520,17321984,N/A,135168,45826048,5,discern-proc-so,S (sleeping),server-compromised.bnsdq.ozxfs.rzona-vmdrv.kvugl,2.586457242576773,0
1759302887,376,1,103,103,103,103,109,109,109,109,124104704,124104704,111853568,N/A,135168,116375552,1,dbus-daemon,S (sleeping),server-compromised.bnsdq.ozxfs.rzona-vmdrv.kvugl,0.2941464446003289,1
1759302887,3355,1,N/A,N/A,N/A,N/A,N/A,N/A,N/A,N/A,1922494464,1922494464,47996928,N/A,135168,174923776,13,discern-network,S (sleeping),server-compromised.bnsdq.ozxfs.rzona-vmdrv.kvugl,0.5148949682996481,1
1759302887,179,1,N/A,N/A,N/A,N/A,N/A,N/A,N/A,N/A,108318720,108318720,37797888,4096,135168,28098560,1,systemd-journal,S (sleeping),server-compromised.bnsdq.ozxfs.rzona-vmdrv.kvugl,0.19142281000346978,1
1759302887,45348,1,N/A,N/A,N/A,N/A,N/A,N/A,N/A,N/A,1264619520,1264619520,17178624,N/A,135168,45826048,4,discern-proc-so,R (running),server-compromised.bnsdq.ozxfs.rzona-vmdrv.kvugl,2.4315699452206707,1
1759302887,3737,1,N/A,N/A,N/A,N/A,N/A,N/A,N/A,N/A,1264021504,1264021504,13422592,N/A,135168,45559808,4,discern-cpu-sor,S (sleeping),server-compromised.bnsdq.ozxfs.rzona-vmdrv.kvugl,0.018181027752387596,1
1759302889,340,1,103,103,103,103,109,109,109,109,244772864,244772864,230223872,N/A,135168,237043712,1,dbus-daemon,S (sleeping),server-compromised.bnsdq.ozxfs.rzona-vmdrv.kvugl,0.2851272879478015,0
1759302889,3293,1,N/A,N/A,N/A,N/A,N/A,N/A,N/A,N/A,1953800192,1922228224,41988096,N/A,135168,170463232,13,discern-network,S (sleeping),server-compromised.bnsdq.ozxfs.rzona-vmdrv.kvugl,1.231309028029955,0
1759302889,181,1,N/A,N/A,N/A,N/A,N/A,N/A,N/A,N/A,154476544,112562176,39378944,4096,135168,28102656,1,systemd-journal,S (sleeping),server-compromised.bnsdq.ozxfs.rzona-vmdrv.kvugl,0.18263624169177078,0
1759302889,70443,1,N/A,N/A,N/A,N/A,N/A,N/A,N/A,N/A,1580597248,1580597248,21614592,N/A,135168,82202624,5,discern-interfa,S (sleeping),server-compromised.bnsdq.ozxfs.rzona-vmdrv.kvugl,0.002184810610900154,0
1759302889,72604,1,N/A,N/A,N/A,N/A,N/A,N/A,N/A,N/A,1264619520,1264619520,17321984,N/A,135168,45826048,5,discern-proc-so,S (sleeping),server-compromised.bnsdq.ozxfs.rzona-vmdrv.kvugl,2.584695557928147,0
1759302892,376,1,103,103,103,103,109,109,109,109,124239872,124239872,111853568,N/A,135168,116510720,1,dbus-daemon,S (sleeping),server-compromised.bnsdq.ozxfs.rzona-vmdrv.kvugl,0.29396680051934654,1
1759302892,3355,1,N/A,N/A,N/A,N/A,N/A,N/A,N/A,N/A,1922494464,1922494464,47996928,N/A,135168,174923776,13,discern-network,S (sleeping),server-compromised.bnsdq.ozxfs.rzona-vmdrv.kvugl,0.5153868743209902,1
1759302892,179,1,N/A,N/A,N/A,N/A,N/A,N/A,N/A,N/A,108318720,108318720,37797888,4096,135168,28098560,1,systemd-journal,S (sleeping),server-compromised.bnsdq.ozxfs.rzona-vmdrv.kvugl,0.19177130729808542,1
1759302892,45348,1,N/A,N/A,N/A,N/A,N/A,N/A,N/A,N/A,1264619520,1264619520,17178624,N/A,135168,45826048,4,discern-proc-so,S (sleeping),server-compromised.bnsdq.ozxfs.rzona-vmdrv.kvugl,2.495927577568488,1
1759302892,3737,1,N/A,N/A,N/A,N/A,N/A,N/A,N/A,N/A,1264021504,1264021504,13422592,N/A,135168,45559808,4,discern-cpu-sor,S (sleeping),server-compromised.bnsdq.ozxfs.rzona-vmdrv.kvugl,0.0181462198861363,1
1759302894,340,1,103,103,103,103,109,109,109,109,245043200,245043200,230223872,N/A,135168,237314048,1,dbus-daemon,S (sleeping),server-compromised.bnsdq.ozxfs.rzona-vmdrv.kvugl,0.2852183961678793,0
1759302894,3293,1,N/A,N/A,N/A,N/A,N/A,N/A,N/A,N/A,1953800192,1922228224,41988096,N/A,135168,170463232,13,discern-network,S (sleeping),server-compromised.bnsdq.ozxfs.rzona-vmdrv.kvugl,1.230712623467468,0
1759302894,181,1,N/A,N/A,N/A,N/A,N/A,N/A,N/A,N/A,154476544,112562176,39378944,4096,135168,28102656,1,systemd-journal,S (sleeping),server-compromised.bnsdq.ozxfs.rzona-vmdrv.kvugl,0.18247385152651419,0
1759302894,70443,1,N/A,N/A,N/A,N/A,N/A,N/A,N/A,N/A,1580597248,1580597248,21614592,N/A,135168,82202624,5,discern-interfa,S (sleeping),server-compromised.bnsdq.ozxfs.rzona-vmdrv.kvugl,0.0021725637366247818,0
1759302894,72604,1,N/A,N/A,N/A,N/A,N/A,N/A,N/A,N/A,1264619520,1264619520,17321984,N/A,135168,45826048,5,discern-proc-so,S (sleeping),server-compromised.bnsdq.ozxfs.rzona-vmdrv.kvugl,2.585573435179822,0
1759302897,376,1,103,103,103,103,109,109,109,109,124375040,124375040,112123904,N/A,135168,116645888,1,dbus-daemon,S (sleeping),server-compromised.bnsdq.ozxfs.rzona-vmdrv.kvugl,0.29413385564236805,1
1759302897,3355,1,N/A,N/A,N/A,N/A,N/A,N/A,N/A,N/A,1922494464,1922494464,47996928,N/A,135168,174923776,13,discern-network,S (sleeping),server-compromised.bnsdq.ozxfs.rzona-vmdrv.kvugl,0.5151461610350941,1
1759302897,179,1,N/A,N/A,N/A,N/A,N/A,N/A,N/A,N/A,108318720,108318720,37797888,4096,135168,28098560,1,systemd-journal,S (sleeping),server-compromised.bnsdq.ozxfs.rzona-vmdrv.kvugl,0.19177533846765651,1
1759302897,45348,1,N/A,N/A,N/A,N/A,N/A,N/A,N/A,N/A,1264619520,1264619520,17178624,N/A,135168,45826048,4,discern-proc-so,S (sleeping),server-compromised.bnsdq.ozxfs.rzona-vmdrv.kvugl,2.4982768083524367,1
1759302897,3737,1,N/A,N/A,N/A,N/A,N/A,N/A,N/A,N/A,1264021504,1264021504,13422592,N/A,135168,45559808,4,discern-cpu-sor,S (sleeping),server-compromised.bnsdq.ozxfs.rzona-vmdrv.kvugl,0.018111654002139207,1
1759302899,340,1,103,103,103,103,109,109,109,109,245178368,245178368,230494208,N/A,135168,237449216,1,dbus-daemon,S (sleeping),server-compromised.bnsdq.ozxfs.rzona-vmdrv.kvugl,0.28513797155911325,0
1759302899,3293,1,N/A,N/A,N/A,N/A,N/A,N/A,N/A,N/A,1953800192,1922228224,41988096,N/A,135168,170463232,13,discern-network,S (sleeping),server-compromised.bnsdq.ozxfs.rzona-vmdrv.kvugl,1.2301209409385223,0
1759302899,181,1,N/A,N/A,N/A,N/A,N/A,N/A,N/A,N/A,154476544,112562176,39378944,4096,135168,28102656,1,systemd-journal,S (sleeping),server-compromised.bnsdq.ozxfs.rzona-vmdrv.kvugl,0.18248442366280357,0
1759302899,70443,1,N/A,N/A,N/A,N/A,N/A,N/A,N/A,N/A,1580597248,1580597248,21614592,N/A,135168,82202624,5,discern-interfa,S (sleeping),server-compromised.bnsdq.ozxfs.rzona-vmdrv.kvugl,0.002160492026005636,0
1759302899,72604,1,N/A,N/A,N/A,N/A,N/A,N/A,N/A,N/A,1264619520,1264619520,17321984,N/A,135168,45826048,5,discern-proc-so,S (sleeping),server-compromised.bnsdq.ozxfs.rzona-vmdrv.kvugl,2.5825466642178987,0
1759302902,376,1,103,103,103,103,109,109,109,109,124534784,124534784,112394240,N/A,135168,116805632,1,dbus-daemon,S (sleeping),server-compromised.bnsdq.ozxfs.rzona-vmdrv.kvugl,0.29429793910813135,1
1759302902,3355,1,N/A,N/A,N/A,N/A,N/A,N/A,N/A,N/A,1922494464,1922494464,47996928,N/A,135168,174923776,13,discern-network,S (sleeping),server-compromised.bnsdq.ozxfs.rzona-vmdrv.kvugl,0.5152681327078792,1
1759302902,179,1,N/A,N/A,N/A,N/A,N/A,N/A,N/A,N/A,108318720,108318720,37797888,4096,135168,28098560,1,systemd-journal,S (sleeping),server-compromised.bnsdq.ozxfs.rzona-vmdrv.kvugl,0.19212148894177272,1
1759302902,45348,1,N/A,N/A,N/A,N/A,N/A,N/A,N/A,N/A,1264619520,1264619520,17178624,N/A,135168,45826048,4,discern-proc-so,S (sleeping),server-compromised.bnsdq.ozxfs.rzona-vmdrv.kvugl,2.5464745095886734,1
1759302902,3737,1,N/A,N/A,N/A,N/A,N/A,N/A,N/A,N/A,1264021504,1264021504,13422592,N/A,135168,45559808,4,discern-cpu-sor,S (sleeping),server-compromised.bnsdq.ozxfs.rzona-vmdrv.kvugl,0.018077061965032833,1
1759302904,340,1,103,103,103,103,109,109,109,109,245313536,245313536,230764544,N/A,135168,237584384,1,dbus-daemon,S (sleeping),server-compromised.bnsdq.ozxfs.rzona-vmdrv.kvugl,0.28505718765322896,0
1759302904,3293,1,N/A,N/A,N/A,N/A,N/A,N/A,N/A,N/A,1953800192,1922228224,41988096,N/A,135168,170463232,13,discern-network,S (sleeping),server-compromised.bnsdq.ozxfs.rzona-vmdrv.kvugl,1.2293506051446075,0
1759302904,181,1,N/A,N/A,N/A,N/A,N/A,N/A,N/A,N/A,154476544,112562176,39378944,4096,135168,28102656,1,systemd-journal,S (sleeping),server-compromised.bnsdq.ozxfs.rzona-vmdrv.kvugl,0.18232265327612512,0
1759302904,70443,1,N/A,N/A,N/A,N/A,N/A,N/A,N/A,N/A,1580597248,1580597248,21614592,N/A,135168,82202624,5,discern-interfa,S (sleeping),server-compromised.bnsdq.ozxfs.rzona-vmdrv.kvugl,0.002148530090525321,0
1759302904,72604,1,N/A,N/A,N/A,N/A,N/A,N/A,N/A,N/A,1264619520,1264619520,17321984,N/A,135168,45826048,5,discern-proc-so,S (sleeping),server-compromised.bnsdq.ozxfs.rzona-vmdrv.kvugl,2.5821412954584275,0
1759302907,376,1,103,103,103,103,109,109,109,109,124809216,124809216,112394240,N/A,135168,117080064,1,dbus-daemon,S (sleeping),server-compromised.bnsdq.ozxfs.rzona-vmdrv.kvugl,0.2937769276045826,1
1759302907,3355,1,N/A,N/A,N/A,N/A,N/A,N/A,N/A,N/A,1922494464,1922494464,47996928,N/A,135168,174923776,13,discern-network,S (sleeping),server-compromised.bnsdq.ozxfs.rzona-vmdrv.kvugl,0.5153931538953873,1
1759302907,179,1,N/A,N/A,N/A,N/A,N/A,N/A,N/A,N/A,108318720,108318720,37797888,4096,135168,28098560,1,systemd-journal,S (sleeping),server-compromised.bnsdq.ozxfs.rzona-vmdrv.kvugl,0.19178148211614457,1
1759302907,45348,1,N/A,N/A,N/A,N/A,N/A,N/A,N/A,N/A,1264619520,1264619520,17178624,N/A,135168,45826048,4,discern-proc-so,S (sleeping),server-compromised.bnsdq.ozxfs.rzona-vmdrv.kvugl,2.5735801718542644,1
1759302907,3737,1,N/A,N/A,N/A,N/A,N/A,N/A,N/A,N/A,1264021504,1264021504,13422592,N/A,135168,45559808,4,discern-cpu-sor,S (sleeping),server-compromised.bnsdq.ozxfs.rzona-vmdrv.kvugl,0.018042725896898745,1
1759302910,340,1,103,103,103,103,109,109,109,109,245473280,245473280,230764544,N/A,135168,237744128,1,dbus-daemon,S (sleeping),server-compromised.bnsdq.ozxfs.rzona-vmdrv.kvugl,0.2849771198079759,0
1759302910,3293,1,N/A,N/A,N/A,N/A,N/A,N/A,N/A,N/A,1953800192,1922228224,41988096,N/A,135168,170463232,13,discern-network,S (sleeping),server-compromised.bnsdq.ozxfs.rzona-vmdrv.kvugl,1.2289388970848045,0
1759302910,181,1,N/A,N/A,N/A,N/A,N/A,N/A,N/A,N/A,154476544,120950784,39378944,4096,135168,28102656,1,systemd-journal,S (sleeping),server-compromised.bnsdq.ozxfs.rzona-vmdrv.kvugl,0.182505236186865,0
1759302910,70443,1,N/A,N/A,N/A,N/A,N/A,N/A,N/A,N/A,1580597248,1580597248,21614592,N/A,135168,82202624,5,discern-interfa,S (sleeping),server-compromised.bnsdq.ozxfs.rzona-vmdrv.kvugl,0.0021367265255873144,0
1759302910,72604,1,N/A,N/A,N/A,N/A,N/A,N/A,N/A,N/A,1264619520,1264619520,17321984,N/A,135168,45826048,5,discern-proc-so,S (sleeping),server-compromised.bnsdq.ozxfs.rzona-vmdrv.kvugl,2.5791828919418838,0
1759302912,376,1,103,103,103,103,109,109,109,109,124944384,124944384,112664576,N/A,135168,117215232,1,dbus-daemon,S (sleeping),server-compromised.bnsdq.ozxfs.rzona-vmdrv.kvugl,0.2939413950651726,1
1759302912,3355,1,N/A,N/A,N/A,N/A,N/A,N/A,N/A,N/A,1922494464,1922494464,47996928,N/A,135168,174923776,13,discern-network,S (sleeping),server-compromised.bnsdq.ozxfs.rzona-vmdrv.kvugl,0.515514823221039,1
1759302912,179,1,N/A,N/A,N/A,N/A,N/A,N/A,N/A,N/A,108318720,108318720,37797888,4096,135168,28098560,1,systemd-journal,S (sleeping),server-compromised.bnsdq.ozxfs.rzona-vmdrv.kvugl,0.19178414404242172,1
1759302912,3737,1,N/A,N/A,N/A,N/A,N/A,N/A,N/A,N/A,1264021504,1264021504,13422592,N/A,135168,45559808,4,discern-cpu-sor,S (sleeping),server-compromised.bnsdq.ozxfs.rzona-vmdrv.kvugl,0.018743456840952553,1
1759302912,45348,1,N/A,N/A,N/A,N/A,N/A,N/A,N/A,N/A,1264619520,1264619520,17178624,N/A,135168,45826048,4,discern-proc-so,S (sleeping),server-compromised.bnsdq.ozxfs.rzona-vmdrv.kvugl,2.596361254998206,1
1759302915,340,1,103,103,103,103,109,109,109,109,245747712,245747712,231034880,N/A,135168,238018560,1,dbus-daemon,S (sleeping),server-compromised.bnsdq.ozxfs.rzona-vmdrv.kvugl,0.28489649083173313,0
1759302915,3293,1,N/A,N/A,N/A,N/A,N/A,N/A,N/A,N/A,1953800192,1922228224,41988096,N/A,135168,170463232,13,discern-network,S (sleeping),server-compromised.bnsdq.ozxfs.rzona-vmdrv.kvugl,1.2283476358654948,0
1759302915,181,1,N/A,N/A,N/A,N/A,N/A,N/A,N/A,N/A,154476544,120950784,39378944,4096,135168,28102656,1,systemd-journal,S (sleeping),server-compromised.bnsdq.ozxfs.rzona-vmdrv.kvugl,0.1823436470574456,0
1759302915,70443,1,N/A,N/A,N/A,N/A,N/A,N/A,N/A,N/A,1580597248,1580597248,21614592,N/A,135168,82202624,5,discern-interfa,S (sleeping),server-compromised.bnsdq.ozxfs.rzona-vmdrv.kvugl,0.0021250193271800085,0
1759302915,72604,1,N/A,N/A,N/A,N/A,N/A,N/A,N/A,N/A,1264619520,1264619520,17321984,N/A,135168,45826048,5,discern-proc-so,S (sleeping),server-compromised.bnsdq.ozxfs.rzona-vmdrv.kvugl,2.5800858494742216,0
1759302918,376,1,103,103,103,103,109,109,109,109,125079552,125079552,112664576,N/A,135168,117350400,1,dbus-daemon,S (sleeping),server-compromised.bnsdq.ozxfs.rzona-vmdrv.kvugl,0.29376549657033796,1
1759302918,3355,1,N/A,N/A,N/A,N/A,N/A,N/A,N/A,N/A,1922494464,1922494464,47996928,N/A,135168,174923776,13,discern-network,S (sleeping),server-compromised.bnsdq.ozxfs.rzona-vmdrv.kvugl,0.5156401457487781,1
1759302918,179,1,N/A,N/A,N/A,N/A,N/A,N/A,N/A,N/A,108318720,108318720,37797888,4096,135168,28098560,1,systemd-journal,S (sleeping),server-compromised.bnsdq.ozxfs.rzona-vmdrv.kvugl,0.19144636450605992,1
1759302918,3737,1,N/A,N/A,N/A,N/A,N/A,N/A,N/A,N/A,1264021504,1264021504,13422592,N/A,135168,45559808,4,discern-cpu-sor,S (sleeping),server-compromised.bnsdq.ozxfs.rzona-vmdrv.kvugl,0.018708035243524573,1
1759302918,45348,1,N/A,N/A,N/A,N/A,N/A,N/A,N/A,N/A,1264619520,1264619520,17178624,N/A,135168,45826048,4,discern-proc-so,S (sleeping),server-compromised.bnsdq.ozxfs.rzona-vmdrv.kvugl,2.604251087213483,1
1759302920,340,1,103,103,103,103,109,109,109,109,246018048,246018048,231305216,N/A,135168,238288896,1,dbus-daemon,S (sleeping),server-compromised.bnsdq.ozxfs.rzona-vmdrv.kvugl,0.28498683233949995,0
1759302920,3293,1,N/A,N/A,N/A,N/A,N/A,N/A,N/A,N/A,1953800192,1922228224,41988096,N/A,135168,170463232,13,discern-network,S (sleeping),server-compromised.bnsdq.ozxfs.rzona-vmdrv.kvugl,1.227577120222936,0
1759302920,181,1,N/A,N/A,N/A,N/A,N/A,N/A,N/A,N/A,154476544,120950784,39378944,4096,135168,28102656,1,systemd-journal,S (sleeping),server-compromised.bnsdq.ozxfs.rzona-vmdrv.kvugl,0.18252495684915013,0
1759302920,70443,1,N/A,N/A,N/A,N/A,N/A,N/A,N/A,N/A,1580597248,1580597248,21614592,N/A,135168,82202624,5,discern-interfa,S (sleeping),server-compromised.bnsdq.ozxfs.rzona-vmdrv.kvugl,0.002113405498624654,0
1759302920,72604,1,N/A,N/A,N/A,N/A,N/A,N/A,N/A,N/A,1264619520,1264619520,17321984,N/A,135168,45826048,5,discern-proc-so,S (sleeping),server-compromised.bnsdq.ozxfs.rzona-vmdrv.kvugl,2.580926198584677,0
1759302923,376,1,103,103,103,103,109,109,109,109,125349888,125349888,113205248,N/A,135168,117620736,1,dbus-daemon,S (sleeping),server-compromised.bnsdq.ozxfs.rzona-vmdrv.kvugl,0.2942734604202258,1
1759302923,3355,1,N/A,N/A,N/A,N/A,N/A,N/A,N/A,N/A,1922494464,1922494464,47996928,N/A,135168,174923776,13,discern-network,S (sleeping),server-compromised.bnsdq.ozxfs.rzona-vmdrv.kvugl,0.5154024115235681,1
1759302923,179,1,N/A,N/A,N/A,N/A,N/A,N/A,N/A,N/A,108318720,108318720,37797888,4096,135168,28098560,1,systemd-journal,S (sleeping),server-compromised.bnsdq.ozxfs.rzona-vmdrv.kvugl,0.1921338833083543,1
1759302923,3737,1,N/A,N/A,N/A,N/A,N/A,N/A,N/A,N/A,1264021504,1264021504,13422592,N/A,135168,45559808,4,discern-cpu-sor,S (sleeping),server-compromised.bnsdq.ozxfs.rzona-vmdrv.kvugl,0.018672779329595383,1
1759302923,45348,1,N/A,N/A,N/A,N/A,N/A,N/A,N/A,N/A,1264619520,1264619520,17178624,N/A,135168,45826048,4,discern-proc-so,R (running),server-compromised.bnsdq.ozxfs.rzona-vmdrv.kvugl,2.5875780982058973,1
1759302925,340,1,103,103,103,103,109,109,109,109,246153216,246153216,231305216,N/A,135168,238424064,1,dbus-daemon,S (sleeping),server-compromised.bnsdq.ozxfs.rzona-vmdrv.kvugl,0.2849065768692833,0
1759302925,3293,1,N/A,N/A,N/A,N/A,N/A,N/A,N/A,N/A,1953800192,1922228224,41988096,N/A,135168,170463232,13,discern-network,S (sleeping),server-compromised.bnsdq.ozxfs.rzona-vmdrv.kvugl,1.2271661000734873,0
1759302925,181,1,N/A,N/A,N/A,N/A,N/A,N/A,N/A,N/A,154476544,120950784,39378944,4096,135168,28102656,1,systemd-journal,S (sleeping),server-compromised.bnsdq.ozxfs.rzona-vmdrv.kvugl,0.18236379697941885,0
1759302925,70443,1,N/A,N/A,N/A,N/A,N/A,N/A,N/A,N/A,1580597248,1580597248,21614592,N/A,135168,82202624,5,discern-interfa,S (sleeping),server-compromised.bnsdq.ozxfs.rzona-vmdrv.kvugl,0.0021019631415561527,0
1759302925,72604,1,N/A,N/A,N/A,N/A,N/A,N/A,N/A,N/A,1264619520,1264619520,17321984,N/A,135168,45826048,5,discern-proc-so,S (sleeping),server-compromised.bnsdq.ozxfs.rzona-vmdrv.kvugl,2.578003477992984,0
1759302928,376,1,103,103,103,103,109,109,109,109,125485056,125485056,113205248,N/A,135168,117755904,1,dbus-daemon,S (sleeping),server-compromised.bnsdq.ozxfs.rzona-vmdrv.kvugl,0.2940966778115409,1
1759302928,3355,1,N/A,N/A,N/A,N/A,N/A,N/A,N/A,N/A,1922494464,1922494464,47996928,N/A,135168,174923776,13,discern-network,S (sleeping),server-compromised.bnsdq.ozxfs.rzona-vmdrv.kvugl,0.5155257565848506,1
1759302928,179,1,N/A,N/A,N/A,N/A,N/A,N/A,N/A,N/A,108318720,108318720,37797888,4096,135168,28098560,1,systemd-journal,S (sleeping),server-compromised.bnsdq.ozxfs.rzona-vmdrv.kvugl,0.19179607272247995,1
1759302928,3737,1,N/A,N/A,N/A,N/A,N/A,N/A,N/A,N/A,1264021504,1264021504,13422592,N/A,135168,45559808,4,discern-cpu-sor,S (sleeping),server-compromised.bnsdq.ozxfs.rzona-vmdrv.kvugl,0.01863756108579652,1
1759302928,45348,1,N/A,N/A,N/A,N/A,N/A,N/A,N/A,N/A,1264619520,1264619520,17178624,N/A,135168,45826048,4,discern-proc-so,S (sleeping),server-compromised.bnsdq.ozxfs.rzona-vmdrv.kvugl,2.594798289694271,1
1759302930,340,1,103,103,103,103,109,109,109,109,246288384,246288384,231575552,N/A,135168,238559232,1,dbus-daemon,S (sleeping),server-compromised.bnsdq.ozxfs.rzona-vmdrv.kvugl,0.28516868835322706,0
1759302930,3293,1,N/A,N/A,N/A,N/A,N/A,N/A,N/A,N/A,1953800192,1922228224,41988096,N/A,135168,170463232,13,discern-network,S (sleeping),server-compromised.bnsdq.ozxfs.rzona-vmdrv.kvugl,1.2265777177102453,0
1759302930,181,1,N/A,N/A,N/A,N/A,N/A,N/A,N/A,N/A,154476544,120950784,39378944,4096,135168,28102656,1,systemd-journal,S (sleeping),server-compromised.bnsdq.ozxfs.rzona-vmdrv.kvugl,0.18254519398310584,0
1759302930,70443,1,N/A,N/A,N/A,N/A,N/A,N/A,N/A,N/A,1580597248,1580597248,21614592,N/A,135168,82202624,5,discern-interfa,S (sleeping),server-compromised.bnsdq.ozxfs.rzona-vmdrv.kvugl,0.0020906290198825293,0
1759302930,72604,1,N/A,N/A,N/A,N/A,N/A,N/A,N/A,N/A,1264619520,1264619520,17321984,N/A,135168,45826048,5,discern-proc-so,S (sleeping),server-compromised.bnsdq.ozxfs.rzona-vmdrv.kvugl,2.577626044652956,0
1759302933,376,1,103,103,103,103,109,109,109,109,125755392,125755392,113475584,N/A,135168,118026240,1,dbus-daemon,S (sleeping),server-compromised.bnsdq.ozxfs.rzona-vmdrv.kvugl,0.294260990350818,1
1759302933,3355,1,N/A,N/A,N/A,N/A,N/A,N/A,N/A,N/A,1922494464,1922494464,47996928,N/A,135168,174923776,13,discern-network,S (sleeping),server-compromised.bnsdq.ozxfs.rzona-vmdrv.kvugl,0.5156491835090644,1
1759302933,179,1,N/A,N/A,N/A,N/A,N/A,N/A,N/A,N/A,108318720,108318720,37797888,4096,135168,28098560,1,systemd-journal,S (sleeping),server-compromised.bnsdq.ozxfs.rzona-vmdrv.kvugl,0.1917997087971827,1
1759302933,3737,1,N/A,N/A,N/A,N/A,N/A,N/A,N/A,N/A,1264021504,1264021504,13422592,N/A,135168,45559808,4,discern-cpu-sor,S (sleeping),server-compromised.bnsdq.ozxfs.rzona-vmdrv.kvugl,0.01860249498860858,1
1759302933,45348,1,N/A,N/A,N/A,N/A,N/A,N/A,N/A,N/A,1264619520,1264619520,17178624,N/A,135168,45826048,4,discern-proc-so,R (running),server-compromised.bnsdq.ozxfs.rzona-vmdrv.kvugl,2.6013070880399485,1
1759302935,340,1,103,103,103,103,109,109,109,109,246558720,246558720,231845888,N/A,135168,238829568,1,dbus-daemon,S (sleeping),server-compromised.bnsdq.ozxfs.rzona-vmdrv.kvugl,0.28508748315299826,0
1759302935,3293,1,N/A,N/A,N/A,N/A,N/A,N/A,N/A,N/A,1953800192,1922228224,41988096,N/A,135168,170463232,13,discern-network,S (sleeping),server-compromised.bnsdq.ozxfs.rzona-vmdrv.kvugl,1.2259876905205458,0
1759302935,181,1,N/A,N/A,N/A,N/A,N/A,N/A,N/A,N/A,154476544,120950784,39378944,4096,135168,28102656,1,systemd-journal,S (sleeping),server-compromised.bnsdq.ozxfs.rzona-vmdrv.kvugl,0.18238370321972042,0
1759302935,70443,1,N/A,N/A,N/A,N/A,N/A,N/A,N/A,N/A,1580597248,1580597248,21614592,N/A,135168,82202624,5,discern-interfa,S (sleeping),server-compromised.bnsdq.ozxfs.rzona-vmdrv.kvugl,0.002079389897357077,0
1759302935,72604,1,N/A,N/A,N/A,N/A,N/A,N/A,N/A,N/A,1264619520,1264619520,17321984,N/A,135168,45826048,5,discern-proc-so,S (sleeping),server-compromised.bnsdq.ozxfs.rzona-vmdrv.kvugl,2.578470259631319,0
1759302938,376,1,103,103,103,103,109,109,109,109,125890560,125890560,113745920,N/A,135168,118161408,1,dbus-daemon,S (sleeping),server-compromised.bnsdq.ozxfs.rzona-vmdrv.kvugl,0.2940837123467314,1
1759302938,3355,1,N/A,N/A,N/A,N/A,N/A,N/A,N/A,N/A,1922494464,1922494464,47996928,N/A,135168,174923776,13,discern-network,S (sleeping),server-compromised.bnsdq.ozxfs.rzona-vmdrv.kvugl,0.5161309249216856,1
1759302938,179,1,N/A,N/A,N/A,N/A,N/A,N/A,N/A,N/A,108318720,108318720,37797888,4096,135168,28098560,1,systemd-journal,S (sleeping),server-compromised.bnsdq.ozxfs.rzona-vmdrv.kvugl,0.19180239676026342,1
1759302938,3737,1,N/A,N/A,N/A,N/A,N/A,N/A,N/A,N/A,1264021504,1264021504,13422592,N/A,135168,45559808,4,discern-cpu-sor,S (sleeping),server-compromised.bnsdq.ozxfs.rzona-vmdrv.kvugl,0.018567464396968658,1
1759302938,45348,1,N/A,N/A,N/A,N/A,N/A,N/A,N/A,N/A,1264619520,1264619520,17178624,N/A,135168,45826048,4,discern-proc-so,R (running),server-compromised.bnsdq.ozxfs.rzona-vmdrv.kvugl,2.6268228242845906,1
1759302940,340,1,103,103,103,103,109,109,109,109,246693888,246693888,232116224,N/A,135168,238964736,1,dbus-daemon,S (sleeping),server-compromised.bnsdq.ozxfs.rzona-vmdrv.kvugl,0.2850082411845963,0
1759302940,3293,1,N/A,N/A,N/A,N/A,N/A,N/A,N/A,N/A,1953800192,1922228224,41988096,N/A,135168,170463232,13,discern-network,S (sleeping),server-compromised.bnsdq.ozxfs.rzona-vmdrv.kvugl,1.2254068055446854,0
1759302940,181,1,N/A,N/A,N/A,N/A,N/A,N/A,N/A,N/A,154476544,120950784,39378944,4096,135168,28102656,1,systemd-journal,S (sleeping),server-compromised.bnsdq.ozxfs.rzona-vmdrv.kvugl,0.18239459886567735,0
1759302940,70443,1,N/A,N/A,N/A,N/A,N/A,N/A,N/A,N/A,1580597248,1580597248,21614592,N/A,135168,82202624,5,discern-interfa,S (sleeping),server-compromised.bnsdq.ozxfs.rzona-vmdrv.kvugl,0.0020683504772992293,0
1759302940,72604,1,N/A,N/A,N/A,N/A,N/A,N/A,N/A,N/A,1264619520,1264619520,17321984,N/A,135168,45826048,5,discern-proc-so,S (sleeping),server-compromised.bnsdq.ozxfs.rzona-vmdrv.kvugl,2.576926253876794,0
1759302943,376,1,103,103,103,103,109,109,109,109,126025728,126025728,113745920,N/A,135168,118296576,1,dbus-daemon,S (sleeping),server-compromised.bnsdq.ozxfs.rzona-vmdrv.kvugl,0.29390869480094417,1
1759302943,3355,1,N/A,N/A,N/A,N/A,N/A,N/A,N/A,N/A,1922494464,1922494464,47996928,N/A,135168,174923776,13,discern-network,S (sleeping),server-compromised.bnsdq.ozxfs.rzona-vmdrv.kvugl,0.5155316417132259,1
1759302943,179,1,N/A,N/A,N/A,N/A,N/A,N/A,N/A,N/A,108318720,108318720,37797888,4096,135168,28098560,1,systemd-journal,S (sleeping),server-compromised.bnsdq.ozxfs.rzona-vmdrv.kvugl,0.19180615561749254,1
1759302943,3737,1,N/A,N/A,N/A,N/A,N/A,N/A,N/A,N/A,1264021504,1264021504,13422592,N/A,135168,45559808,4,discern-cpu-sor,S (sleeping),server-compromised.bnsdq.ozxfs.rzona-vmdrv.kvugl,0.018532677076132896,1
1759302943,45348,1,N/A,N/A,N/A,N/A,N/A,N/A,N/A,N/A,1264619520,1264619520,17178624,N/A,135168,45826048,4,discern-proc-so,R (running),server-compromised.bnsdq.ozxfs.rzona-vmdrv.kvugl,2.621641843461065,1
1759302946,340,1,103,103,103,103,109,109,109,109,246829056,246829056,232116224,N/A,135168,239099904,1,dbus-daemon,S (sleeping),server-compromised.bnsdq.ozxfs.rzona-vmdrv.kvugl,0.2849272814384664,0
1759302946,3293,1,N/A,N/A,N/A,N/A,N/A,N/A,N/A,N/A,1953800192,1922228224,41988096,N/A,135168,170463232,13,discern-network,S (sleeping),server-compromised.bnsdq.ozxfs.rzona-vmdrv.kvugl,1.2248187534325077,0
1759302946,181,1,N/A,N/A,N/A,N/A,N/A,N/A,N/A,N/A,154476544,120950784,39378944,4096,135168,28102656,1,systemd-journal,S (sleeping),server-compromised.bnsdq.ozxfs.rzona-vmdrv.kvugl,0.18240428664635794,0
1759302946,70443,1,N/A,N/A,N/A,N/A,N/A,N/A,N/A,N/A,1580597248,1580597248,21614592,N/A,135168,82202624,5,discern-interfa,S (sleeping),server-compromised.bnsdq.ozxfs.rzona-vmdrv.kvugl,0.002057347162820627,0
1759302946,72604,1,N/A,N/A,N/A,N/A,N/A,N/A,N/A,N/A,1264619520,1264619520,17321984,N/A,135168,45826048,5,discern-proc-so,S (sleeping),server-compromised.bnsdq.ozxfs.rzona-vmdrv.kvugl,2.579001992310748,0
1759302949,376,1,103,103,103,103,109,109,109,109,126160896,126160896,114016256,N/A,135168,118431744,1,dbus-daemon,S (sleeping),server-compromised.bnsdq.ozxfs.rzona-vmdrv.kvugl,0.29407136168490755,1
1759302949,3355,1,N/A,N/A,N/A,N/A,N/A,N/A,N/A,N/A,1922494464,1922494464,47996928,N/A,135168,174923776,13,discern-network,S (sleeping),server-compromised.bnsdq.ozxfs.rzona-vmdrv.kvugl,0.5156522913473311,1
1759302949,179,1,N/A,N/A,N/A,N/A,N/A,N/A,N/A,N/A,108318720,108318720,37797888,4096,135168,28098560,1,systemd-journal,S (sleeping),server-compromised.bnsdq.ozxfs.rzona-vmdrv.kvugl,0.19180902857904875,1
1759302949,3737,1,N/A,N/A,N/A,N/A,N/A,N/A,N/A,N/A,1264021504,1264021504,13422592,N/A,135168,45559808,4,discern-cpu-sor,S (sleeping),server-compromised.bnsdq.ozxfs.rzona-vmdrv.kvugl,0.018497929518103435,1
1759302949,45348,1,N/A,N/A,N/A,N/A,N/A,N/A,N/A,N/A,1264619520,1264619520,17178624,N/A,135168,45826048,4,discern-proc-so,S (sleeping),server-compromised.bnsdq.ozxfs.rzona-vmdrv.kvugl,2.6438823183155242,1
1759302951,340,1,103,103,103,103,109,109,109,109,246964224,246964224,232386560,N/A,135168,239235072,1,dbus-daemon,S (sleeping),server-compromised.bnsdq.ozxfs.rzona-vmdrv.kvugl,0.28484764821097125,0
1759302951,3293,1,N/A,N/A,N/A,N/A,N/A,N/A,N/A,N/A,1953800192,1922228224,41988096,N/A,135168,170463232,13,discern-network,S (sleeping),server-compromised.bnsdq.ozxfs.rzona-vmdrv.kvugl,1.2240609653864118,0
1759302951,181,1,N/A,N/A,N/A,N/A,N/A,N/A,N/A,N/A,154476544,120950784,39378944,4096,135168,28102656,1,systemd-journal,S (sleeping),server-compromised.bnsdq.ozxfs.rzona-vmdrv.kvugl,0.1824147182179799,0
1759302951,70443,1,N/A,N/A,N/A,N/A,N/A,N/A,N/A,N/A,1580597248,1580597248,21614592,N/A,135168,82202624,5,discern-interfa,S (sleeping),server-compromised.bnsdq.ozxfs.rzona-vmdrv.kvugl,0.0020465114088295483,0
1759302951,72604,1,N/A,N/A,N/A,N/A,N/A,N/A,N/A,N/A,1264619520,1264619520,17321984,N/A,135168,45826048,5,discern-proc-so,S (sleeping),server-compromised.bnsdq.ozxfs.rzona-vmdrv.kvugl,2.5786636491476402,0
1759302954,376,1,103,103,103,103,109,109,109,109,126431232,126431232,114286592,N/A,135168,118702080,1,dbus-daemon,S (sleeping),server-compromised.bnsdq.ozxfs.rzona-vmdrv.kvugl,0.2938972542432058,1
1759302954,3355,1,N/A,N/A,N/A,N/A,N/A,N/A,N/A,N/A,1922494464,1922494464,47996928,N/A,135168,174923776,13,discern-network,S (sleeping),server-compromised.bnsdq.ozxfs.rzona-vmdrv.kvugl,0.5157754859971031,1
1759302954,179,1,N/A,N/A,N/A,N/A,N/A,N/A,N/A,N/A,108318720,108318720,37797888,4096,135168,28098560,1,systemd-journal,S (sleeping),server-compromised.bnsdq.ozxfs.rzona-vmdrv.kvugl,0.19181293720460713,1
1759302954,3737,1,N/A,N/A,N/A,N/A,N/A,N/A,N/A,N/A,1264021504,1264021504,13422592,N/A,135168,45559808,4,discern-cpu-sor,S (sleeping),server-compromised.bnsdq.ozxfs.rzona-vmdrv.kvugl,0.01846341984939343,1
1759302954,45348,1,N/A,N/A,N/A,N/A,N/A,N/A,N/A,N/A,1264619520,1264619520,17178624,N/A,135168,45826048,4,discern-proc-so,R (running),server-compromised.bnsdq.ozxfs.rzona-vmdrv.kvugl,2.6384628765118534,1
1759302956,340,1,103,103,103,103,109,109,109,109,247099392,247099392,232386560,N/A,135168,239370240,1,dbus-daemon,S (sleeping),server-compromised.bnsdq.ozxfs.rzona-vmdrv.kvugl,0.284937570120486,0
1759302956,3293,1,N/A,N/A,N/A,N/A,N/A,N/A,N/A,N/A,1953800192,1922228224,41988096,N/A,135168,170463232,13,discern-network,S (sleeping),server-compromised.bnsdq.ozxfs.rzona-vmdrv.kvugl,1.2236514336447422,0
1759302956,181,1,N/A,N/A,N/A,N/A,N/A,N/A,N/A,N/A,154476544,120950784,39378944,4096,135168,28102656,1,systemd-journal,S (sleeping),server-compromised.bnsdq.ozxfs.rzona-vmdrv.kvugl,0.18242442253187727,0
1759302956,70443,1,N/A,N/A,N/A,N/A,N/A,N/A,N/A,N/A,1580597248,1580597248,21614592,N/A,135168,82202624,5,discern-interfa,S (sleeping),server-compromised.bnsdq.ozxfs.rzona-vmdrv.kvugl,0.002035741913765711,0
1759302956,72604,1,N/A,N/A,N/A,N/A,N/A,N/A,N/A,N/A,1264619520,1264619520,17321984,N/A,135168,45826048,5,discern-proc-so,S (sleeping),server-compromised.bnsdq.ozxfs.rzona-vmdrv.kvugl,2.5807067997090782,0
1759302959,376,1,103,103,103,103,109,109,109,109,126566400,126566400,114286592,N/A,135168,118837248,1,dbus-daemon,S (sleeping),server-compromised.bnsdq.ozxfs.rzona-vmdrv.kvugl,0.29372149549480975,1
1759302959,3355,1,N/A,N/A,N/A,N/A,N/A,N/A,N/A,N/A,1922494464,1922494464,47996928,N/A,135168,174923776,13,discern-network,S (sleeping),server-compromised.bnsdq.ozxfs.rzona-vmdrv.kvugl,0.5162527723807553,1
1759302959,179,1,N/A,N/A,N/A,N/A,N/A,N/A,N/A,N/A,108318720,108318720,37797888,4096,135168,28098560,1,systemd-journal,S (sleeping),server-compromised.bnsdq.ozxfs.rzona-vmdrv.kvugl,0.1914782518209759,1
1759302959,3737,1,N/A,N/A,N/A,N/A,N/A,N/A,N/A,N/A,1264021504,1264021504,13422592,N/A,135168,45559808,4,discern-cpu-sor,S (sleeping),server-compromised.bnsdq.ozxfs.rzona-vmdrv.kvugl,0.018428887338640808,1
1759302959,45348,1,N/A,N/A,N/A,N/A,N/A,N/A,N/A,N/A,1264619520,1264619520,17178624,N/A,135168,45826048,4,discern-proc-so,R (running),server-compromised.bnsdq.ozxfs.rzona-vmdrv.kvugl,2.6579282337772074,1
1759302961,340,1,103,103,103,103,109,109,109,109,247369728,247369728,232656896,N/A,135168,239640576,1,dbus-daemon,S (sleeping),server-compromised.bnsdq.ozxfs.rzona-vmdrv.kvugl,0.28485793757860356,0
1759302961,3293,1,N/A,N/A,N/A,N/A,N/A,N/A,N/A,N/A,1953800192,1922228224,41988096,N/A,135168,170463232,13,discern-network,S (sleeping),server-compromised.bnsdq.ozxfs.rzona-vmdrv.kvugl,1.2230712251874283,0
1759302961,181,1,N/A,N/A,N/A,N/A,N/A,N/A,N/A,N/A,154476544,120950784,39378944,4096,135168,28102656,1,systemd-journal,S (sleeping),server-compromised.bnsdq.ozxfs.rzona-vmdrv.kvugl,0.18226439222160978,0
1759302961,70443,1,N/A,N/A,N/A,N/A,N/A,N/A,N/A,N/A,1580597248,1580597248,21614592,N/A,135168,82202624,5,discern-interfa,S (sleeping),server-compromised.bnsdq.ozxfs.rzona-vmdrv.kvugl,0.002025126253646197,0
1759302961,72604,1,N/A,N/A,N/A,N/A,N/A,N/A,N/A,N/A,1264619520,1264619520,17321984,N/A,135168,45826048,5,discern-proc-so,S (sleeping),server-compromised.bnsdq.ozxfs.rzona-vmdrv.kvugl,2.580353551307668,0
1759302964,376,1,103,103,103,103,109,109,109,109,126701568,126701568,115150848,N/A,135168,118972416,1,dbus-daemon,S (sleeping),server-compromised.bnsdq.ozxfs.rzona-vmdrv.kvugl,0.29388526068027476,1
1759302964,3355,1,N/A,N/A,N/A,N/A,N/A,N/A,N/A,N/A,1922494464,1922494464,47996928,N/A,135168,174923776,13,discern-network,S (sleeping),server-compromised.bnsdq.ozxfs.rzona-vmdrv.kvugl,0.5160163489829676,1
1759302964,179,1,N/A,N/A,N/A,N/A,N/A,N/A,N/A,N/A,108318720,108318720,37797888,4096,135168,28098560,1,systemd-journal,S (sleeping),server-compromised.bnsdq.ozxfs.rzona-vmdrv.kvugl,0.19148273460761475,1
1759302964,3737,1,N/A,N/A,N/A,N/A,N/A,N/A,N/A,N/A,1264021504,1264021504,13422592,N/A,135168,45559808,4,discern-cpu-sor,S (sleeping),server-compromised.bnsdq.ozxfs.rzona-vmdrv.kvugl,0.018394635694015577,1
1759302964,45348,1,N/A,N/A,N/A,N/A,N/A,N/A,N/A,N/A,1264619520,1264619520,17178624,N/A,135168,45826048,4,discern-proc-so,R (running),server-compromised.bnsdq.ozxfs.rzona-vmdrv.kvugl,2.6603467941458683,1
1759302966,340,1,103,103,103,103,109,109,109,109,247640064,247640064,232927232,N/A,135168,239910912,1,dbus-daemon,S (sleeping),server-compromised.bnsdq.ozxfs.rzona-vmdrv.kvugl,0.2851196659794905,0
1759302966,3293,1,N/A,N/A,N/A,N/A,N/A,N/A,N/A,N/A,1953800192,1922228224,41988096,N/A,135168,170463232,13,discern-network,S (sleeping),server-compromised.bnsdq.ozxfs.rzona-vmdrv.kvugl,1.2224955199173237,0
1759302966,181,1,N/A,N/A,N/A,N/A,N/A,N/A,N/A,N/A,154476544,120950784,39378944,4096,135168,28102656,1,systemd-journal,S (sleeping),server-compromised.bnsdq.ozxfs.rzona-vmdrv.kvugl,0.1826157160290425,0
1759302966,70443,1,N/A,N/A,N/A,N/A,N/A,N/A,N/A,N/A,1580597248,1580597248,21614592,N/A,135168,82202624,5,discern-interfa,S (sleeping),server-compromised.bnsdq.ozxfs.rzona-vmdrv.kvugl,0.002014653201883272,0
1759302966,72604,1,N/A,N/A,N/A,N/A,N/A,N/A,N/A,N/A,1264619520,1264619520,17321984,N/A,135168,45826048,5,discern-proc-so,S (sleeping),server-compromised.bnsdq.ozxfs.rzona-vmdrv.kvugl,2.576425493203287,0
1759302969,376,1,103,103,103,103,109,109,109,109,127107072,127107072,115421184,N/A,135168,119377920,1,dbus-daemon,S (sleeping),server-compromised.bnsdq.ozxfs.rzona-vmdrv.kvugl,0.29404800407531856,1
1759302969,3355,1,N/A,N/A,N/A,N/A,N/A,N/A,N/A,N/A,1922494464,1922494464,47996928,N/A,135168,174923776,13,discern-network,S (sleeping),server-compromised.bnsdq.ozxfs.rzona-vmdrv.kvugl,0.5157799506664114,1
1759302969,179,1,N/A,N/A,N/A,N/A,N/A,N/A,N/A,N/A,108318720,108318720,37797888,4096,135168,28098560,1,systemd-journal,S (sleeping),server-compromised.bnsdq.ozxfs.rzona-vmdrv.kvugl,0.19148690589392442,1
1759302969,3737,1,N/A,N/A,N/A,N/A,N/A,N/A,N/A,N/A,1264021504,1264021504,13422592,N/A,135168,45559808,4,discern-cpu-sor,S (sleeping),server-compromised.bnsdq.ozxfs.rzona-vmdrv.kvugl,0.018360481357115026,1
1759302969,45348,1,N/A,N/A,N/A,N/A,N/A,N/A,N/A,N/A,1264619520,1264619520,17178624,N/A,135168,45826048,4,discern-proc-so,S (sleeping),server-compromised.bnsdq.ozxfs.rzona-vmdrv.kvugl,2.6624831894191163,1
1759302971,340,1,103,103,103,103,109,109,109,109,247775232,247775232,233197568,N/A,135168,240046080,1,dbus-daemon,S (sleeping),server-compromised.bnsdq.ozxfs.rzona-vmdrv.kvugl,0.28487014170782504,0
1759302971,3293,1,N/A,N/A,N/A,N/A,N/A,N/A,N/A,N/A,1953800192,1922228224,41988096,N/A,135168,170463232,13,discern-network,S (sleeping),server-compromised.bnsdq.ozxfs.rzona-vmdrv.kvugl,1.2219182872259584,0
1759302971,181,1,N/A,N/A,N/A,N/A,N/A,N/A,N/A,N/A,154476544,120950784,39378944,4096,135168,28102656,1,systemd-journal,S (sleeping),server-compromised.bnsdq.ozxfs.rzona-vmdrv.kvugl,0.18245592580011608,0
1759302971,70443,1,N/A,N/A,N/A,N/A,N/A,N/A,N/A,N/A,1580597248,1580597248,21614592,N/A,135168,82202624,5,discern-interfa,S (sleeping),server-compromised.bnsdq.ozxfs.rzona-vmdrv.kvugl,0.0020042642856939004,0
1759302971,72604,1,N/A,N/A,N/A,N/A,N/A,N/A,N/A,N/A,1264619520,1264619520,17321984,N/A,135168,45826048,5,discern-proc-so,S (sleeping),server-compromised.bnsdq.ozxfs.rzona-vmdrv.kvugl,2.5761159708505863,0
1759302974,376,1,103,103,103,103,109,109,109,109,127107072,127107072,115691520,N/A,135168,119377920,1,dbus-daemon,S (sleeping),server-compromised.bnsdq.ozxfs.rzona-vmdrv.kvugl,0.29353951144168083,1
1759302974,3355,1,N/A,N/A,N/A,N/A,N/A,N/A,N/A,N/A,1922494464,1922494464,47996928,N/A,135168,174923776,13,discern-network,S (sleeping),server-compromised.bnsdq.ozxfs.rzona-vmdrv.kvugl,0.5162584916358073,1
1759302974,179,1,N/A,N/A,N/A,N/A,N/A,N/A,N/A,N/A,108318720,108318720,37797888,4096,135168,28098560,1,systemd-journal,S (sleeping),server-compromised.bnsdq.ozxfs.rzona-vmdrv.kvugl,0.191826606333915,1
1759302974,45626,1,N/A,N/A,N/A,N/A,N/A,N/A,N/A,N/A,1647706112,1580597248,20361216,N/A,135168,82202624,5,discern-interfa,S (sleeping),server-compromised.bnsdq.ozxfs.rzona-vmdrv.kvugl,0.016548119567090652,1
1759302974,3737,1,N/A,N/A,N/A,N/A,N/A,N/A,N/A,N/A,1264021504,1264021504,13422592,N/A,135168,45559808,4,discern-cpu-sor,S (sleeping),server-compromised.bnsdq.ozxfs.rzona-vmdrv.kvugl,0.01832647156185916,1
1759302977,340,1,103,103,103,103,109,109,109,109,248045568,248045568,233197568,N/A,135168,240316416,1,dbus-daemon,S (sleeping),server-compromised.bnsdq.ozxfs.rzona-vmdrv.kvugl,0.2851305323461609,0
1759302977,3293,1,N/A,N/A,N/A,N/A,N/A,N/A,N/A,N/A,1953800192,1922228224,41988096,N/A,135168,170463232,13,discern-network,S (sleeping),server-compromised.bnsdq.ozxfs.rzona-vmdrv.kvugl,1.2216913195286403,0
1759302977,181,1,N/A,N/A,N/A,N/A,N/A,N/A,N/A,N/A,154476544,120950784,39378944,4096,135168,28102656,1,systemd-journal,S (sleeping),server-compromised.bnsdq.ozxfs.rzona-vmdrv.kvugl,0.18246612324625827,0
1759302977,70443,1,N/A,N/A,N/A,N/A,N/A,N/A,N/A,N/A,1580597248,1580597248,21614592,N/A,135168,82202624,5,discern-interfa,S (sleeping),server-compromised.bnsdq.ozxfs.rzona-vmdrv.kvugl,0.0019939698256181337,0
1759302977,72604,1,N/A,N/A,N/A,N/A,N/A,N/A,N/A,N/A,1264619520,1264619520,17321984,N/A,135168,45826048,5,discern-proc-so,S (sleeping),server-compromised.bnsdq.ozxfs.rzona-vmdrv.kvugl,2.5781807708821094,0
1759302980,376,1,103,103,103,103,109,109,109,109,127377408,127377408,115961856,N/A,135168,119648256,1,dbus-daemon,S (sleeping),server-compromised.bnsdq.ozxfs.rzona-vmdrv.kvugl,0.29403761133557843,1
1759302980,3355,1,N/A,N/A,N/A,N/A,N/A,N/A,N/A,N/A,1922494464,1922494464,47996928,N/A,135168,174923776,13,discern-network,S (sleeping),server-compromised.bnsdq.ozxfs.rzona-vmdrv.kvugl,0.5156671915339772,1
1759302980,179,1,N/A,N/A,N/A,N/A,N/A,N/A,N/A,N/A,108318720,108318720,37797888,4096,135168,28098560,1,systemd-journal,S (sleeping),server-compromised.bnsdq.ozxfs.rzona-vmdrv.kvugl,0.19183044998884582,1
1759302980,45626,1,N/A,N/A,N/A,N/A,N/A,N/A,N/A,N/A,1647706112,1580597248,20361216,N/A,135168,82202624,5,discern-interfa,S (sleeping),server-compromised.bnsdq.ozxfs.rzona-vmdrv.kvugl,0.015871397808446215,1
1759302980,3737,1,N/A,N/A,N/A,N/A,N/A,N/A,N/A,N/A,1264021504,1264021504,13422592,N/A,135168,45559808,4,discern-cpu-sor,S (sleeping),server-compromised.bnsdq.ozxfs.rzona-vmdrv.kvugl,0.018292598029385865,1
1759302982,340,1,103,103,103,103,109,109,109,109,248180736,248180736,233467904,N/A,135168,240451584,1,dbus-daemon,S (sleeping),server-compromised.bnsdq.ozxfs.rzona-vmdrv.kvugl,0.28488019479878834,0
1759302982,3293,1,N/A,N/A,N/A,N/A,N/A,N/A,N/A,N/A,1953800192,1922228224,41988096,N/A,135168,170463232,13,discern-network,S (sleeping),server-compromised.bnsdq.ozxfs.rzona-vmdrv.kvugl,1.2212854664923136,0
1759302982,181,1,N/A,N/A,N/A,N/A,N/A,N/A,N/A,N/A,154476544,120950784,39378944,4096,135168,28102656,1,systemd-journal,S (sleeping),server-compromised.bnsdq.ozxfs.rzona-vmdrv.kvugl,0.18247569457687696,0
1759302982,70443,1,N/A,N/A,N/A,N/A,N/A,N/A,N/A,N/A,1580597248,1580597248,21614592,N/A,135168,82202624,5,discern-interfa,S (sleeping),server-compromised.bnsdq.ozxfs.rzona-vmdrv.kvugl,0.0019837419562086754,0
1759302982,72604,1,N/A,N/A,N/A,N/A,N/A,N/A,N/A,N/A,1264619520,1264619520,17321984,N/A,135168,45826048,5,discern-proc-so,S (sleeping),server-compromised.bnsdq.ozxfs.rzona-vmdrv.kvugl,2.5801600061381564,0
1759302985,376,1,103,103,103,103,109,109,109,109,127537152,127537152,115961856,N/A,135168,119808000,1,dbus-daemon,S (sleeping),server-compromised.bnsdq.ozxfs.rzona-vmdrv.kvugl,0.29386294888717207,1
1759302985,3355,1,N/A,N/A,N/A,N/A,N/A,N/A,N/A,N/A,1922494464,1922494464,47996928,N/A,135168,174923776,13,discern-network,S (sleeping),server-compromised.bnsdq.ozxfs.rzona-vmdrv.kvugl,0.5164954325864464,1
1759302985,179,1,N/A,N/A,N/A,N/A,N/A,N/A,N/A,N/A,108318720,108318720,37797888,4096,135168,28098560,1,systemd-journal,S (sleeping),server-compromised.bnsdq.ozxfs.rzona-vmdrv.kvugl,0.19149850102498187,1
1759302985,45626,1,N/A,N/A,N/A,N/A,N/A,N/A,N/A,N/A,1647706112,1580597248,20361216,N/A,135168,82202624,5,discern-interfa,S (sleeping),server-compromised.bnsdq.ozxfs.rzona-vmdrv.kvugl,0.015244987485089715,1
1759302985,3737,1,N/A,N/A,N/A,N/A,N/A,N/A,N/A,N/A,1264021504,1264021504,13422592,N/A,135168,45559808,4,discern-cpu-sor,S (sleeping),server-compromised.bnsdq.ozxfs.rzona-vmdrv.kvugl,0.018258688444366962,1
1759302987,340,1,103,103,103,103,109,109,109,109,248315904,248315904,233738240,N/A,135168,240586752,1,dbus-daemon,S (sleeping),server-compromised.bnsdq.ozxfs.rzona-vmdrv.kvugl,0.28497066992527076,0
1759302987,3293,1,N/A,N/A,N/A,N/A,N/A,N/A,N/A,N/A,1953800192,1922228224,41988096,N/A,135168,170463232,13,discern-network,S (sleeping),server-compromised.bnsdq.ozxfs.rzona-vmdrv.kvugl,1.2205354381443758,0
1759302987,181,1,N/A,N/A,N/A,N/A,N/A,N/A,N/A,N/A,154476544,120950784,39378944,4096,135168,28102656,1,systemd-journal,S (sleeping),server-compromised.bnsdq.ozxfs.rzona-vmdrv.kvugl,0.18248596656285035,0
1759302987,70443,1,N/A,N/A,N/A,N/A,N/A,N/A,N/A,N/A,1580597248,1580597248,21614592,N/A,135168,82202624,5,discern-interfa,S (sleeping),server-compromised.bnsdq.ozxfs.rzona-vmdrv.kvugl,0.0019736636055100866,0
1759302987,72604,1,N/A,N/A,N/A,N/A,N/A,N/A,N/A,N/A,1264619520,1264619520,17321984,N/A,135168,45826048,5,discern-proc-so,S (sleeping),server-compromised.bnsdq.ozxfs.rzona-vmdrv.kvugl,2.5810060336381047,0
1759302990,376,1,103,103,103,103,109,109,109,109,127811584,127811584,116232192,N/A,135168,120082432,1,dbus-daemon,S (sleeping),server-compromised.bnsdq.ozxfs.rzona-vmdrv.kvugl,0.29402464320418437,1
1759302990,3355,1,N/A,N/A,N/A,N/A,N/A,N/A,N/A,N/A,1922494464,1922494464,47996928,N/A,135168,174923776,13,discern-network,S (sleeping),server-compromised.bnsdq.ozxfs.rzona-vmdrv.kvugl,0.5162599475281069,1
1759302990,179,1,N/A,N/A,N/A,N/A,N/A,N/A,N/A,N/A,108318720,108318720,37797888,4096,135168,28098560,1,systemd-journal,S (sleeping),server-compromised.bnsdq.ozxfs.rzona-vmdrv.kvugl,0.1915026383592471,1
1759302990,45626,1,N/A,N/A,N/A,N/A,N/A,N/A,N/A,N/A,1647706112,1580597248,20361216,N/A,135168,82202624,5,discern-interfa,S (sleeping),server-compromised.bnsdq.ozxfs.rzona-vmdrv.kvugl,0.014668357113991629,1
1759302990,3737,1,N/A,N/A,N/A,N/A,N/A,N/A,N/A,N/A,1264021504,1264021504,13422592,N/A,135168,45559808,4,discern-cpu-sor,S (sleeping),server-compromised.bnsdq.ozxfs.rzona-vmdrv.kvugl,0.018225038306673567,1
1759302992,340,1,103,103,103,103,109,109,109,109,248451072,248451072,233738240,N/A,135168,240721920,1,dbus-daemon,S (sleeping),server-compromised.bnsdq.ozxfs.rzona-vmdrv.kvugl,0.2848901464622532,0
1759302992,3293,1,N/A,N/A,N/A,N/A,N/A,N/A,N/A,N/A,1953800192,1922228224,41988096,N/A,135168,170463232,13,discern-network,S (sleeping),server-compromised.bnsdq.ozxfs.rzona-vmdrv.kvugl,1.2206546355800303,0
1759302992,181,1,N/A,N/A,N/A,N/A,N/A,N/A,N/A,N/A,154476544,120950784,39378944,4096,135168,28102656,1,systemd-journal,S (sleeping),server-compromised.bnsdq.ozxfs.rzona-vmdrv.kvugl,0.182495351888633,0
1759302992,70443,1,N/A,N/A,N/A,N/A,N/A,N/A,N/A,N/A,1580597248,1580597248,21614592,N/A,135168,82202624,5,discern-interfa,S (sleeping),server-compromised.bnsdq.ozxfs.rzona-vmdrv.kvugl,0.0019636329969037612,0
1759302992,72604,1,N/A,N/A,N/A,N/A,N/A,N/A,N/A,N/A,1264619520,1264619520,17321984,N/A,135168,45826048,5,discern-proc-so,S (sleeping),server-compromised.bnsdq.ozxfs.rzona-vmdrv.kvugl,2.58175643785162,0
1759302995,376,1,103,103,103,103,109,109,109,109,127946752,127946752,116502528,N/A,135168,120217600,1,dbus-daemon,S (sleeping),server-compromised.bnsdq.ozxfs.rzona-vmdrv.kvugl,0.2938507328785941,1
1759302995,3355,1,N/A,N/A,N/A,N/A,N/A,N/A,N/A,N/A,1922494464,1922494464,47996928,N/A,135168,174923776,13,discern-network,S (sleeping),server-compromised.bnsdq.ozxfs.rzona-vmdrv.kvugl,0.5160218216008136,1
1759302995,179,1,N/A,N/A,N/A,N/A,N/A,N/A,N/A,N/A,108318720,108318720,37797888,4096,135168,28098560,1,systemd-journal,S (sleeping),server-compromised.bnsdq.ozxfs.rzona-vmdrv.kvugl,0.19150554034165213,1
1759302995,45626,1,N/A,N/A,N/A,N/A,N/A,N/A,N/A,N/A,1647706112,1580597248,20361216,N/A,135168,82202624,5,discern-interfa,S (sleeping),server-compromised.bnsdq.ozxfs.rzona-vmdrv.kvugl,0.0141318594740863,1
1759302995,3737,1,N/A,N/A,N/A,N/A,N/A,N/A,N/A,N/A,1264021504,1264021504,13422592,N/A,135168,45559808,4,discern-cpu-sor,S (sleeping),server-compromised.bnsdq.ozxfs.rzona-vmdrv.kvugl,0.01819138869826815,1
1759302997,340,1,103,103,103,103,109,109,109,109,248721408,248721408,234008576,N/A,135168,240992256,1,dbus-daemon,S (sleeping),server-compromised.bnsdq.ozxfs.rzona-vmdrv.kvugl,0.2848116495094442,0
1759302997,3293,1,N/A,N/A,N/A,N/A,N/A,N/A,N/A,N/A,1953800192,1922228224,41988096,N/A,135168,170463232,13,discern-network,S (sleeping),server-compromised.bnsdq.ozxfs.rzona-vmdrv.kvugl,1.2234012755914072,0
1759302997,181,1,N/A,N/A,N/A,N/A,N/A,N/A,N/A,N/A,154476544,120950784,39378944,4096,135168,28102656,1,systemd-journal,S (sleeping),server-compromised.bnsdq.ozxfs.rzona-vmdrv.kvugl,0.1823366244333704,0
1759302997,70443,1,N/A,N/A,N/A,N/A,N/A,N/A,N/A,N/A,1580597248,1580597248,21614592,N/A,135168,82202624,5,discern-interfa,S (sleeping),server-compromised.bnsdq.ozxfs.rzona-vmdrv.kvugl,0.0019537781689877684,0
1759302997,72604,1,N/A,N/A,N/A,N/A,N/A,N/A,N/A,N/A,1264619520,1264619520,17321984,N/A,135168,45826048,5,discern-proc-so,S (sleeping),server-compromised.bnsdq.ozxfs.rzona-vmdrv.kvugl,2.5791172605590296,0
1759303000,376,1,103,103,103,103,109,109,109,109,128081920,128081920,116502528,N/A,135168,120352768,1,dbus-daemon,S (sleeping),server-compromised.bnsdq.ozxfs.rzona-vmdrv.kvugl,0.2936791620532339,1
1759303000,3355,1,N/A,N/A,N/A,N/A,N/A,N/A,N/A,N/A,1922494464,1922494464,47996928,N/A,135168,174923776,13,discern-network,S (sleeping),server-compromised.bnsdq.ozxfs.rzona-vmdrv.kvugl,0.5157878069148315,1
1759303000,179,1,N/A,N/A,N/A,N/A,N/A,N/A,N/A,N/A,108318720,108318720,37797888,4096,135168,28098560,1,systemd-journal,S (sleeping),server-compromised.bnsdq.ozxfs.rzona-vmdrv.kvugl,0.19150956249864648,1
1759303000,45626,1,N/A,N/A,N/A,N/A,N/A,N/A,N/A,N/A,1647706112,1580597248,20361216,N/A,135168,82202624,5,discern-interfa,S (sleeping),server-compromised.bnsdq.ozxfs.rzona-vmdrv.kvugl,0.013634862577782153,1
1759303000,3737,1,N/A,N/A,N/A,N/A,N/A,N/A,N/A,N/A,1264021504,1264021504,13422592,N/A,135168,45559808,4,discern-cpu-sor,S (sleeping),server-compromised.bnsdq.ozxfs.rzona-vmdrv.kvugl,0.018514015857886815,1
1759303002,340,1,103,103,103,103,109,109,109,109,248856576,248856576,234278912,N/A,135168,241127424,1,dbus-daemon,S (sleeping),server-compromised.bnsdq.ozxfs.rzona-vmdrv.kvugl,0.28506922128379597,0
1759303002,3293,1,N/A,N/A,N/A,N/A,N/A,N/A,N/A,N/A,1953800192,1922228224,41988096,N/A,135168,170463232,13,discern-network,S (sleeping),server-compromised.bnsdq.ozxfs.rzona-vmdrv.kvugl,1.227004528802353,0
1759303002,181,1,N/A,N/A,N/A,N/A,N/A,N/A,N/A,N/A,154476544,120950784,39378944,4096,135168,28102656,1,systemd-journal,S (sleeping),server-compromised.bnsdq.ozxfs.rzona-vmdrv.kvugl,0.18234577277715797,0
1759303002,70443,1,N/A,N/A,N/A,N/A,N/A,N/A,N/A,N/A,1580597248,1580597248,21614592,N/A,135168,82202624,5,discern-interfa,S (sleeping),server-compromised.bnsdq.ozxfs.rzona-vmdrv.kvugl,0.0019439266292852028,0
1759303002,72604,1,N/A,N/A,N/A,N/A,N/A,N/A,N/A,N/A,1264619520,1264619520,17321984,N/A,135168,45826048,5,discern-proc-so,S (sleeping),server-compromised.bnsdq.ozxfs.rzona-vmdrv.kvugl,2.5809950093440106,0
1759303005,376,1,103,103,103,103,109,109,109,109,128352256,128352256,116772864,N/A,135168,120623104,1,dbus-daemon,S (sleeping),server-compromised.bnsdq.ozxfs.rzona-vmdrv.kvugl,0.2938296944763691,1
1759303005,3355,1,N/A,N/A,N/A,N/A,N/A,N/A,N/A,N/A,1922494464,1922494464,47996928,N/A,135168,174923776,13,discern-network,S (sleeping),server-compromised.bnsdq.ozxfs.rzona-vmdrv.kvugl,0.5162407368567415,1
1759303005,179,1,N/A,N/A,N/A,N/A,N/A,N/A,N/A,N/A,108318720,108318720,37797888,4096,135168,28098560,1,systemd-journal,S (sleeping),server-compromised.bnsdq.ozxfs.rzona-vmdrv.kvugl,0.19183859444027862,1
1759303005,45626,1,N/A,N/A,N/A,N/A,N/A,N/A,N/A,N/A,1647706112,1580597248,20361216,N/A,135168,82202624,5,discern-interfa,S (sleeping),server-compromised.bnsdq.ozxfs.rzona-vmdrv.kvugl,0.013162230824230578,1
1759303005,3737,1,N/A,N/A,N/A,N/A,N/A,N/A,N/A,N/A,1264021504,1264021504,13422592,N/A,135168,45559808,4,discern-cpu-sor,S (sleeping),server-compromised.bnsdq.ozxfs.rzona-vmdrv.kvugl,0.01847935961800704,1
1759303007,340,1,103,103,103,103,109,109,109,109,248991744,248991744,234278912,N/A,135168,241262592,1,dbus-daemon,S (sleeping),server-compromised.bnsdq.ozxfs.rzona-vmdrv.kvugl,0.28499031028177285,0
1759303007,3293,1,N/A,N/A,N/A,N/A,N/A,N/A,N/A,N/A,1953800192,1922228224,41988096,N/A,135168,170463232,13,discern-network,S (sleeping),server-compromised.bnsdq.ozxfs.rzona-vmdrv.kvugl,1.2292158395061359,0
1759303007,181,1,N/A,N/A,N/A,N/A,N/A,N/A,N/A,N/A,154476544,120950784,39378944,4096,135168,28102656,1,systemd-journal,S (sleeping),server-compromised.bnsdq.ozxfs.rzona-vmdrv.kvugl,0.18235620313543086,0
1759303008,70443,1,N/A,N/A,N/A,N/A,N/A,N/A,N/A,N/A,1580597248,1580597248,21614592,N/A,135168,82202624,5,discern-interfa,S (sleeping),server-compromised.bnsdq.ozxfs.rzona-vmdrv.kvugl,0.0019342527647712635,0
1759303008,72604,1,N/A,N/A,N/A,N/A,N/A,N/A,N/A,N/A,1264619520,1264619520,17321984,N/A,135168,45826048,5,discern-proc-so,S (sleeping),server-compromised.bnsdq.ozxfs.rzona-vmdrv.kvugl,2.5783673922640027,0
1759303013,340,1,103,103,103,103,109,109,109,109,249421824,249421824,234549248,N/A,135168,241692672,1,dbus-daemon,S (sleeping),server-compromised.bnsdq.ozxfs.rzona-vmdrv.kvugl,0.2850815713029774,0
1759303013,3293,1,N/A,N/A,N/A,N/A,N/A,N/A,N/A,N/A,1953800192,1922228224,41988096,N/A,135168,170463232,13,discern-network,S (sleeping),server-compromised.bnsdq.ozxfs.rzona-vmdrv.kvugl,1.2316024990929622,0
1759303013,181,1,N/A,N/A,N/A,N/A,N/A,N/A,N/A,N/A,154476544,120950784,39378944,4096,135168,28102656,1,systemd-journal,S (sleeping),server-compromised.bnsdq.ozxfs.rzona-vmdrv.kvugl,0.18236735551500866,0
1759303013,70443,1,N/A,N/A,N/A,N/A,N/A,N/A,N/A,N/A,1580597248,1580597248,21614592,N/A,135168,82202624,5,discern-interfa,S (sleeping),server-compromised.bnsdq.ozxfs.rzona-vmdrv.kvugl,0.0019247191687207924,0
1759303013,72604,1,N/A,N/A,N/A,N/A,N/A,N/A,N/A,N/A,1264619520,1264619520,17321984,N/A,135168,45826048,5,discern-proc-so,S (sleeping),server-compromised.bnsdq.ozxfs.rzona-vmdrv.kvugl,2.574696109803116,0
1759303018,340,1,103,103,103,103,109,109,109,109,249421824,249421824,234819584,N/A,135168,241692672,1,dbus-daemon,S (sleeping),server-compromised.bnsdq.ozxfs.rzona-vmdrv.kvugl,0.2848341133049648,0
1759303018,3293,1,N/A,N/A,N/A,N/A,N/A,N/A,N/A,N/A,1953800192,1922228224,41988096,N/A,135168,170463232,13,discern-network,S (sleeping),server-compromised.bnsdq.ozxfs.rzona-vmdrv.kvugl,1.2350240364839902,0
1759303018,181,1,N/A,N/A,N/A,N/A,N/A,N/A,N/A,N/A,154476544,120950784,39378944,4096,135168,28102656,1,systemd-journal,S (sleeping),server-compromised.bnsdq.ozxfs.rzona-vmdrv.kvugl,0.18237779363915152,0
1759303018,70443,1,N/A,N/A,N/A,N/A,N/A,N/A,N/A,N/A,1580597248,1580597248,21614592,N/A,135168,82202624,5,discern-interfa,S (sleeping),server-compromised.bnsdq.ozxfs.rzona-vmdrv.kvugl,0.0019152376434792755,0
1759303018,72604,1,N/A,N/A,N/A,N/A,N/A,N/A,N/A,N/A,1264619520,1264619520,17321984,N/A,135168,45826048,5,discern-proc-so,S (sleeping),server-compromised.bnsdq.ozxfs.rzona-vmdrv.kvugl,2.5710011674953748,0
1759303020,376,1,103,103,103,103,109,109,109,109,128897024,128897024,117583872,N/A,135168,121167872,1,dbus-daemon,S (sleeping),server-compromised.bnsdq.ozxfs.rzona-vmdrv.kvugl,0.2940652311683659,1
1759303020,3355,1,N/A,N/A,N/A,N/A,N/A,N/A,N/A,N/A,1922494464,1922494464,47996928,N/A,135168,174923776,13,discern-network,S (sleeping),server-compromised.bnsdq.ozxfs.rzona-vmdrv.kvugl,0.5157028767102341,1
1759303020,179,1,N/A,N/A,N/A,N/A,N/A,N/A,N/A,N/A,108318720,108318720,37797888,4096,135168,28098560,1,systemd-journal,S (sleeping),server-compromised.bnsdq.ozxfs.rzona-vmdrv.kvugl,0.1915747047896299,1
1759303020,47797,1,N/A,N/A,N/A,N/A,N/A,N/A,N/A,N/A,1264619520,1264619520,16912384,N/A,135168,45826048,4,discern-proc-so,R (running),server-compromised.bnsdq.ozxfs.rzona-vmdrv.kvugl,20.38283738187101,1
1759303020,45626,1,N/A,N/A,N/A,N/A,N/A,N/A,N/A,N/A,1647706112,1580597248,20361216,N/A,135168,82202624,5,discern-interfa,S (sleeping),server-compromised.bnsdq.ozxfs.rzona-vmdrv.kvugl,0.01200914296983855,1
1759303023,340,1,103,103,103,103,109,109,109,109,249692160,249692160,235089920,N/A,135168,241963008,1,dbus-daemon,S (sleeping),server-compromised.bnsdq.ozxfs.rzona-vmdrv.kvugl,0.2849247932639163,0
1759303023,3293,1,N/A,N/A,N/A,N/A,N/A,N/A,N/A,N/A,1953800192,1922228224,41988096,N/A,135168,170463232,13,discern-network,S (sleeping),server-compromised.bnsdq.ozxfs.rzona-vmdrv.kvugl,1.2382679507777556,0
1759303023,181,1,N/A,N/A,N/A,N/A,N/A,N/A,N/A,N/A,154476544,120950784,39378944,4096,135168,28102656,1,systemd-journal,S (sleeping),server-compromised.bnsdq.ozxfs.rzona-vmdrv.kvugl,0.18238854966480958,0
1759303023,70443,1,N/A,N/A,N/A,N/A,N/A,N/A,N/A,N/A,1580597248,1580597248,21614592,N/A,135168,82202624,5,discern-interfa,S (sleeping),server-compromised.bnsdq.ozxfs.rzona-vmdrv.kvugl,0.0019058690209196748,0
1759303023,72604,1,N/A,N/A,N/A,N/A,N/A,N/A,N/A,N/A,1264619520,1264619520,17321984,N/A,135168,45826048,5,discern-proc-so,S (sleeping),server-compromised.bnsdq.ozxfs.rzona-vmdrv.kvugl,2.568514016427509,0
1759303025,376,1,103,103,103,103,109,109,109,109,129179648,129179648,117583872,N/A,135168,121450496,1,dbus-daemon,S (sleeping),server-compromised.bnsdq.ozxfs.rzona-vmdrv.kvugl,0.29389552777428457,1
1759303025,3355,1,N/A,N/A,N/A,N/A,N/A,N/A,N/A,N/A,1922494464,1922494464,47996928,N/A,135168,174923776,13,discern-network,S (sleeping),server-compromised.bnsdq.ozxfs.rzona-vmdrv.kvugl,0.5154730025182472,1
1759303025,179,1,N/A,N/A,N/A,N/A,N/A,N/A,N/A,N/A,108318720,108318720,37797888,4096,135168,28098560,1,systemd-journal,S (sleeping),server-compromised.bnsdq.ozxfs.rzona-vmdrv.kvugl,0.19157910532163472,1
1759303025,47797,1,N/A,N/A,N/A,N/A,N/A,N/A,N/A,N/A,1264619520,1264619520,16961536,N/A,135168,45826048,4,discern-proc-so,S (sleeping),server-compromised.bnsdq.ozxfs.rzona-vmdrv.kvugl,4.393642186120227,1
1759303025,45626,1,N/A,N/A,N/A,N/A,N/A,N/A,N/A,N/A,1647706112,1580597248,20361216,N/A,135168,82202624,5,discern-interfa,S (sleeping),server-compromised.bnsdq.ozxfs.rzona-vmdrv.kvugl,0.011648891159922799,1
1759303028,340,1,103,103,103,103,109,109,109,109,249827328,249827328,235089920,N/A,135168,242098176,1,dbus-daemon,S (sleeping),server-compromised.bnsdq.ozxfs.rzona-vmdrv.kvugl,0.2848468764728471,0
1759303028,3293,1,N/A,N/A,N/A,N/A,N/A,N/A,N/A,N/A,1953800192,1922228224,41988096,N/A,135168,170463232,13,discern-network,S (sleeping),server-compromised.bnsdq.ozxfs.rzona-vmdrv.kvugl,1.241679802248802,0
1759303028,181,1,N/A,N/A,N/A,N/A,N/A,N/A,N/A,N/A,154476544,120950784,39378944,4096,135168,28102656,1,systemd-journal,S (sleeping),server-compromised.bnsdq.ozxfs.rzona-vmdrv.kvugl,0.1823992909096776,0
1759303028,70443,1,N/A,N/A,N/A,N/A,N/A,N/A,N/A,N/A,1580597248,1580597248,21614592,N/A,135168,82202624,5,discern-interfa,S (sleeping),server-compromised.bnsdq.ozxfs.rzona-vmdrv.kvugl,0.0018965917846642622,0
1759303028,72604,1,N/A,N/A,N/A,N/A,N/A,N/A,N/A,N/A,1264619520,1264619520,17321984,N/A,135168,45826048,5,discern-proc-so,S (sleeping),server-compromised.bnsdq.ozxfs.rzona-vmdrv.kvugl,2.566055449951253,0
1759303030,376,1,103,103,103,103,109,109,109,109,129314816,129314816,117854208,N/A,135168,121585664,1,dbus-daemon,S (sleeping),server-compromised.bnsdq.ozxfs.rzona-vmdrv.kvugl,0.2940531876361243,1
1759303030,3355,1,N/A,N/A,N/A,N/A,N/A,N/A,N/A,N/A,1922494464,1922494464,47996928,N/A,135168,174923776,13,discern-network,S (sleeping),server-compromised.bnsdq.ozxfs.rzona-vmdrv.kvugl,0.5152393190976926,1
1759303030,179,1,N/A,N/A,N/A,N/A,N/A,N/A,N/A,N/A,108318720,108318720,37797888,4096,135168,28098560,1,systemd-journal,S (sleeping),server-compromised.bnsdq.ozxfs.rzona-vmdrv.kvugl,0.19158186816935532,1
1759303030,47797,1,N/A,N/A,N/A,N/A,N/A,N/A,N/A,N/A,1264619520,1264619520,16982016,N/A,135168,45826048,4,discern-proc-so,S (sleeping),server-compromised.bnsdq.ozxfs.rzona-vmdrv.kvugl,3.6811713364388674,1
1759303030,45626,1,N/A,N/A,N/A,N/A,N/A,N/A,N/A,N/A,1647706112,1580597248,20361216,N/A,135168,82202624,5,discern-interfa,S (sleeping),server-compromised.bnsdq.ozxfs.rzona-vmdrv.kvugl,0.01130798296582356,1
1759303033,340,1,103,103,103,103,109,109,109,109,249962496,249962496,235360256,N/A,135168,242233344,1,dbus-daemon,S (sleeping),server-compromised.bnsdq.ozxfs.rzona-vmdrv.kvugl,0.2847689671929206,0
1759303033,3293,1,N/A,N/A,N/A,N/A,N/A,N/A,N/A,N/A,1953800192,1922228224,41988096,N/A,135168,170463232,13,discern-network,S (sleeping),server-compromised.bnsdq.ozxfs.rzona-vmdrv.kvugl,1.2452585323488234,0
1759303033,181,1,N/A,N/A,N/A,N/A,N/A,N/A,N/A,N/A,154476544,120950784,39378944,4096,135168,28102656,1,systemd-journal,S (sleeping),server-compromised.bnsdq.ozxfs.rzona-vmdrv.kvugl,0.18224165723227,0
1759303033,70443,1,N/A,N/A,N/A,N/A,N/A,N/A,N/A,N/A,1580597248,1580597248,21614592,N/A,135168,82202624,5,discern-interfa,S (sleeping),server-compromised.bnsdq.ozxfs.rzona-vmdrv.kvugl,0.0018873996961174763,0
1759303033,72604,1,N/A,N/A,N/A,N/A,N/A,N/A,N/A,N/A,1264619520,1264619520,17321984,N/A,135168,45826048,5,discern-proc-so,S (sleeping),server-compromised.bnsdq.ozxfs.rzona-vmdrv.kvugl,2.5636175096108884,0
1759303036,376,1,103,103,103,103,109,109,109,109,129449984,129449984,118124544,N/A,135168,121720832,1,dbus-daemon,S (sleeping),server-compromised.bnsdq.ozxfs.rzona-vmdrv.kvugl,0.2938836916575527,1
1759303036,3355,1,N/A,N/A,N/A,N/A,N/A,N/A,N/A,N/A,1922494464,1922494464,47996928,N/A,135168,174923776,13,discern-network,S (sleeping),server-compromised.bnsdq.ozxfs.rzona-vmdrv.kvugl,0.515010388303535,1
1759303036,179,1,N/A,N/A,N/A,N/A,N/A,N/A,N/A,N/A,108318720,108318720,37797888,4096,135168,28098560,1,systemd-journal,S (sleeping),server-compromised.bnsdq.ozxfs.rzona-vmdrv.kvugl,0.19158598990461387,1
1759303036,47797,1,N/A,N/A,N/A,N/A,N/A,N/A,N/A,N/A,1264619520,1264619520,16982016,N/A,135168,45826048,4,discern-proc-so,R (running),server-compromised.bnsdq.ozxfs.rzona-vmdrv.kvugl,3.3083426762158132,1
1759303036,45626,1,N/A,N/A,N/A,N/A,N/A,N/A,N/A,N/A,1647706112,1580597248,20361216,N/A,135168,82202624,5,discern-interfa,S (sleeping),server-compromised.bnsdq.ozxfs.rzona-vmdrv.kvugl,0.010987790885210784,1
1759303038,340,1,103,103,103,103,109,109,109,109,250232832,250232832,235630592,N/A,135168,242503680,1,dbus-daemon,S (sleeping),server-compromised.bnsdq.ozxfs.rzona-vmdrv.kvugl,0.2846896944678991,0
1759303038,3293,1,N/A,N/A,N/A,N/A,N/A,N/A,N/A,N/A,1953800192,1922228224,41988096,N/A,135168,170463232,13,discern-network,S (sleeping),server-compromised.bnsdq.ozxfs.rzona-vmdrv.kvugl,1.2484773668894327,0
1759303038,181,1,N/A,N/A,N/A,N/A,N/A,N/A,N/A,N/A,154476544,120950784,39378944,4096,135168,28102656,1,systemd-journal,S (sleeping),server-compromised.bnsdq.ozxfs.rzona-vmdrv.kvugl,0.18225146703718265,0
1759303038,70443,1,N/A,N/A,N/A,N/A,N/A,N/A,N/A,N/A,1580597248,1580597248,21614592,N/A,135168,82202624,5,discern-interfa,S (sleeping),server-compromised.bnsdq.ozxfs.rzona-vmdrv.kvugl,0.0018782411118792631,0
1759303038,72604,1,N/A,N/A,N/A,N/A,N/A,N/A,N/A,N/A,1264619520,1264619520,17321984,N/A,135168,45826048,5,discern-proc-so,S (sleeping),server-compromised.bnsdq.ozxfs.rzona-vmdrv.kvugl,2.5644559933567317,0
1759303041,376,1,103,103,103,103,109,109,109,109,129585152,129585152,118124544,N/A,135168,121856000,1,dbus-daemon,S (sleeping),server-compromised.bnsdq.ozxfs.rzona-vmdrv.kvugl,0.29371290824463203,1
1759303041,3355,1,N/A,N/A,N/A,N/A,N/A,N/A,N/A,N/A,1922494464,1922494464,47996928,N/A,135168,174923776,13,discern-network,S (sleeping),server-compromised.bnsdq.ozxfs.rzona-vmdrv.kvugl,0.5147788261462908,1
1759303041,179,1,N/A,N/A,N/A,N/A,N/A,N/A,N/A,N/A,108318720,108318720,37797888,4096,135168,28098560,1,systemd-journal,S (sleeping),server-compromised.bnsdq.ozxfs.rzona-vmdrv.kvugl,0.19126082498081778,1
1759303041,47797,1,N/A,N/A,N/A,N/A,N/A,N/A,N/A,N/A,1264619520,1264619520,17022976,N/A,135168,45826048,4,discern-proc-so,R (running),server-compromised.bnsdq.ozxfs.rzona-vmdrv.kvugl,3.1613346429794045,1
1759303041,45626,1,N/A,N/A,N/A,N/A,N/A,N/A,N/A,N/A,1647706112,1580597248,20361216,N/A,135168,82202624,5,discern-interfa,S (sleeping),server-compromised.bnsdq.ozxfs.rzona-vmdrv.kvugl,0.01068412144390809,1
1759303043,340,1,103,103,103,103,109,109,109,109,250368000,250368000,235630592,N/A,135168,242638848,1,dbus-daemon,S (sleeping),server-compromised.bnsdq.ozxfs.rzona-vmdrv.kvugl,0.28494751202743407,0
1759303043,3293,1,N/A,N/A,N/A,N/A,N/A,N/A,N/A,N/A,1953800192,1922228224,41988096,N/A,135168,170463232,13,discern-network,S (sleeping),server-compromised.bnsdq.ozxfs.rzona-vmdrv.kvugl,1.2518678701455952,0
1759303043,181,1,N/A,N/A,N/A,N/A,N/A,N/A,N/A,N/A,154476544,120950784,39378944,4096,135168,28102656,1,systemd-journal,S (sleeping),server-compromised.bnsdq.ozxfs.rzona-vmdrv.kvugl,0.1824298347102432,0
1759303043,70443,1,N/A,N/A,N/A,N/A,N/A,N/A,N/A,N/A,1580597248,1580597248,21614592,N/A,135168,82202624,5,discern-interfa,S (sleeping),server-compromised.bnsdq.ozxfs.rzona-vmdrv.kvugl,0.0018692046875022476,0
1759303043,72604,1,N/A,N/A,N/A,N/A,N/A,N/A,N/A,N/A,1264619520,1264619520,17321984,N/A,135168,45826048,5,discern-proc-so,S (sleeping),server-compromised.bnsdq.ozxfs.rzona-vmdrv.kvugl,2.5642333776363855,0
1759303046,376,1,103,103,103,103,109,109,109,109,129720320,129720320,118394880,N/A,135168,121991168,1,dbus-daemon,S (sleeping),server-compromised.bnsdq.ozxfs.rzona-vmdrv.kvugl,0.2935445204733035,1
1759303046,3355,1,N/A,N/A,N/A,N/A,N/A,N/A,N/A,N/A,1922494464,1922494464,47996928,N/A,135168,174923776,13,discern-network,S (sleeping),server-compromised.bnsdq.ozxfs.rzona-vmdrv.kvugl,0.5148993784548032,1
1759303046,179,1,N/A,N/A,N/A,N/A,N/A,N/A,N/A,N/A,108318720,108318720,37797888,4096,135168,28098560,1,systemd-journal,S (sleeping),server-compromised.bnsdq.ozxfs.rzona-vmdrv.kvugl,0.1912654504636898,1
1759303046,47797,1,N/A,N/A,N/A,N/A,N/A,N/A,N/A,N/A,1264619520,1264619520,17022976,N/A,135168,45826048,4,discern-proc-so,S (sleeping),server-compromised.bnsdq.ozxfs.rzona-vmdrv.kvugl,3.036260828685147,1
1759303046,45626,1,N/A,N/A,N/A,N/A,N/A,N/A,N/A,N/A,1647706112,1580597248,20361216,N/A,135168,82202624,5,discern-interfa,S (sleeping),server-compromised.bnsdq.ozxfs.rzona-vmdrv.kvugl,0.01039780441859704,1
1759303049,340,1,103,103,103,103,109,109,109,109,250503168,250503168,235900928,N/A,135168,242774016,1,dbus-daemon,S (sleeping),server-compromised.bnsdq.ozxfs.rzona-vmdrv.kvugl,0.284867763316643,0
1759303049,3293,1,N/A,N/A,N/A,N/A,N/A,N/A,N/A,N/A,1953800192,1922228224,41988096,N/A,135168,170463232,13,discern-network,S (sleeping),server-compromised.bnsdq.ozxfs.rzona-vmdrv.kvugl,1.25489989850165,0
1759303049,181,1,N/A,N/A,N/A,N/A,N/A,N/A,N/A,N/A,154476544,120950784,39378944,4096,135168,28102656,1,systemd-journal,S (sleeping),server-compromised.bnsdq.ozxfs.rzona-vmdrv.kvugl,0.1824391729961238,0
1759303049,70443,1,N/A,N/A,N/A,N/A,N/A,N/A,N/A,N/A,1580597248,1580597248,21614592,N/A,135168,82202624,5,discern-interfa,S (sleeping),server-compromised.bnsdq.ozxfs.rzona-vmdrv.kvugl,0.0018602049859959794,0
1759303049,72604,1,N/A,N/A,N/A,N/A,N/A,N/A,N/A,N/A,1264619520,1264619520,17321984,N/A,135168,45826048,5,discern-proc-so,S (sleeping),server-compromised.bnsdq.ozxfs.rzona-vmdrv.kvugl,2.5661319835476606,0
1759303051,376,1,103,103,103,103,109,109,109,109,130125824,130125824,118665216,N/A,135168,122396672,1,dbus-daemon,S (sleeping),server-compromised.bnsdq.ozxfs.rzona-vmdrv.kvugl,0.2943580225996454,1
1759303051,3355,1,N/A,N/A,N/A,N/A,N/A,N/A,N/A,N/A,1922494464,1922494464,47996928,N/A,135168,174923776,13,discern-network,S (sleeping),server-compromised.bnsdq.ozxfs.rzona-vmdrv.kvugl,0.5146724406305972,1
1759303051,179,1,N/A,N/A,N/A,N/A,N/A,N/A,N/A,N/A,108318720,108318720,37797888,4096,135168,28098560,1,systemd-journal,S (sleeping),server-compromised.bnsdq.ozxfs.rzona-vmdrv.kvugl,0.19127013779394664,1
1759303051,47797,1,N/A,N/A,N/A,N/A,N/A,N/A,N/A,N/A,1264619520,1264619520,17072128,N/A,135168,45826048,4,discern-proc-so,S (sleeping),server-compromised.bnsdq.ozxfs.rzona-vmdrv.kvugl,2.952203015232683,1
1759303051,45626,1,N/A,N/A,N/A,N/A,N/A,N/A,N/A,N/A,1647706112,1580597248,20361216,N/A,135168,82202624,5,discern-interfa,S (sleeping),server-compromised.bnsdq.ozxfs.rzona-vmdrv.kvugl,0.01012647983644732,1
1759303054,340,1,103,103,103,103,109,109,109,109,250638336,250638336,235900928,N/A,135168,242909184,1,dbus-daemon,S (sleeping),server-compromised.bnsdq.ozxfs.rzona-vmdrv.kvugl,0.28478928970793804,0
1759303054,3293,1,N/A,N/A,N/A,N/A,N/A,N/A,N/A,N/A,1953800192,1922228224,41988096,N/A,135168,170463232,13,discern-network,S (sleeping),server-compromised.bnsdq.ozxfs.rzona-vmdrv.kvugl,1.258277499492533,0
1759303054,181,1,N/A,N/A,N/A,N/A,N/A,N/A,N/A,N/A,154476544,120950784,39378944,4096,135168,28102656,1,systemd-journal,S (sleeping),server-compromised.bnsdq.ozxfs.rzona-vmdrv.kvugl,0.18228152570460626,0
1759303054,70443,1,N/A,N/A,N/A,N/A,N/A,N/A,N/A,N/A,1580597248,1580597248,21614592,N/A,135168,82202624,5,discern-interfa,S (sleeping),server-compromised.bnsdq.ozxfs.rzona-vmdrv.kvugl,0.0018513319700218353,0
1759303054,72604,1,N/A,N/A,N/A,N/A,N/A,N/A,N/A,N/A,1264619520,1264619520,17321984,N/A,135168,45826048,5,discern-proc-so,S (sleeping),server-compromised.bnsdq.ozxfs.rzona-vmdrv.kvugl,2.5669816287334055,0
1759303056,376,1,103,103,103,103,109,109,109,109,130260992,130260992,118935552,N/A,135168,122531840,1,dbus-daemon,S (sleeping),server-compromised.bnsdq.ozxfs.rzona-vmdrv.kvugl,0.2941892041437723,1
1759303056,3355,1,N/A,N/A,N/A,N/A,N/A,N/A,N/A,N/A,1922494464,1922494464,47996928,N/A,135168,174923776,13,discern-network,S (sleeping),server-compromised.bnsdq.ozxfs.rzona-vmdrv.kvugl,0.5144462730785532,1
1759303056,179,1,N/A,N/A,N/A,N/A,N/A,N/A,N/A,N/A,108318720,108318720,37797888,4096,135168,28098560,1,systemd-journal,S (sleeping),server-compromised.bnsdq.ozxfs.rzona-vmdrv.kvugl,0.19127479654058166,1
1759303056,47797,1,N/A,N/A,N/A,N/A,N/A,N/A,N/A,N/A,1264619520,1264619520,17072128,N/A,135168,45826048,4,discern-proc-so,S (sleeping),server-compromised.bnsdq.ozxfs.rzona-vmdrv.kvugl,2.91909766875498,1
1759303056,45626,1,N/A,N/A,N/A,N/A,N/A,N/A,N/A,N/A,1647706112,1580597248,20361216,N/A,135168,82202624,5,discern-interfa,S (sleeping),server-compromised.bnsdq.ozxfs.rzona-vmdrv.kvugl,0.009868976299012058,1
1759303059,340,1,103,103,103,103,109,109,109,109,250773504,250773504,236171264,N/A,135168,243044352,1,dbus-daemon,S (sleeping),server-compromised.bnsdq.ozxfs.rzona-vmdrv.kvugl,0.2848797213049023,0
1759303059,3293,1,N/A,N/A,N/A,N/A,N/A,N/A,N/A,N/A,1953800192,1922228224,41988096,N/A,135168,170463232,13,discern-network,S (sleeping),server-compromised.bnsdq.ozxfs.rzona-vmdrv.kvugl,1.2614817555823332,0
1759303059,181,1,N/A,N/A,N/A,N/A,N/A,N/A,N/A,N/A,154476544,120950784,39378944,4096,135168,28102656,1,systemd-journal,S (sleeping),server-compromised.bnsdq.ozxfs.rzona-vmdrv.kvugl,0.18262755763335325,0
1759303059,70443,1,N/A,N/A,N/A,N/A,N/A,N/A,N/A,N/A,1580597248,1580597248,21614592,N/A,135168,82202624,5,discern-interfa,S (sleeping),server-compromised.bnsdq.ozxfs.rzona-vmdrv.kvugl,0.0018425855872304924,0
1759303059,72604,1,N/A,N/A,N/A,N/A,N/A,N/A,N/A,N/A,1264619520,1264619520,17321984,N/A,135168,45826048,5,discern-proc-so,S (sleeping),server-compromised.bnsdq.ozxfs.rzona-vmdrv.kvugl,2.5624531933549726,0
1759303061,376,1,103,103,103,103,109,109,109,109,130396160,130396160,119205888,N/A,135168,122667008,1,dbus-daemon,S (sleeping),server-compromised.bnsdq.ozxfs.rzona-vmdrv.kvugl,0.2940205416124354,1
1759303061,3355,1,N/A,N/A,N/A,N/A,N/A,N/A,N/A,N/A,1922494464,1922494464,47996928,N/A,135168,174923776,13,discern-network,S (sleeping),server-compromised.bnsdq.ozxfs.rzona-vmdrv.kvugl,0.5145661743124892,1
1759303061,179,1,N/A,N/A,N/A,N/A,N/A,N/A,N/A,N/A,108318720,108318720,37797888,4096,135168,28098560,1,systemd-journal,S (sleeping),server-compromised.bnsdq.ozxfs.rzona-vmdrv.kvugl,0.19127916532900974,1
1759303061,47797,1,N/A,N/A,N/A,N/A,N/A,N/A,N/A,N/A,1264619520,1264619520,17072128,N/A,135168,45826048,4,discern-proc-so,S (sleeping),server-compromised.bnsdq.ozxfs.rzona-vmdrv.kvugl,2.8699104978830388,1
1759303061,45626,1,N/A,N/A,N/A,N/A,N/A,N/A,N/A,N/A,1647706112,1580597248,20361216,N/A,135168,82202624,5,discern-interfa,S (sleeping),server-compromised.bnsdq.ozxfs.rzona-vmdrv.kvugl,0.009624024836219445,1
1759303064,340,1,103,103,103,103,109,109,109,109,250912768,250912768,236171264,N/A,135168,243183616,1,dbus-daemon,S (sleeping),server-compromised.bnsdq.ozxfs.rzona-vmdrv.kvugl,0.2848025674837082,0
1759303064,3293,1,N/A,N/A,N/A,N/A,N/A,N/A,N/A,N/A,1953800192,1922228224,41988096,N/A,135168,170463232,13,discern-network,S (sleeping),server-compromised.bnsdq.ozxfs.rzona-vmdrv.kvugl,1.26519821192437,0
1759303064,181,1,N/A,N/A,N/A,N/A,N/A,N/A,N/A,N/A,154476544,120950784,39378944,4096,135168,28102656,1,systemd-journal,S (sleeping),server-compromised.bnsdq.ozxfs.rzona-vmdrv.kvugl,0.18263819798467276,0
1759303064,70443,1,N/A,N/A,N/A,N/A,N/A,N/A,N/A,N/A,1580597248,1580597248,21614592,N/A,135168,82202624,5,discern-interfa,S (sleeping),server-compromised.bnsdq.ozxfs.rzona-vmdrv.kvugl,0.001833922180941072,0
1759303064,72604,1,N/A,N/A,N/A,N/A,N/A,N/A,N/A,N/A,1264619520,1264619520,17321984,N/A,135168,45826048,5,discern-proc-so,S (sleeping),server-compromised.bnsdq.ozxfs.rzona-vmdrv.kvugl,2.5590581437281683,0
1759303066,376,1,103,103,103,103,109,109,109,109,130666496,130666496,119205888,N/A,135168,122937344,1,dbus-daemon,S (sleeping),server-compromised.bnsdq.ozxfs.rzona-vmdrv.kvugl,0.29417653917902487,1
1759303066,3355,1,N/A,N/A,N/A,N/A,N/A,N/A,N/A,N/A,1922494464,1922494464,47996928,N/A,135168,174923776,13,discern-network,S (sleeping),server-compromised.bnsdq.ozxfs.rzona-vmdrv.kvugl,0.5146831881844635,1
1759303066,179,1,N/A,N/A,N/A,N/A,N/A,N/A,N/A,N/A,116699136,116699136,37797888,4096,135168,28098560,1,systemd-journal,S (sleeping),server-compromised.bnsdq.ozxfs.rzona-vmdrv.kvugl,0.19128265821487675,1
1759303066,47797,1,N/A,N/A,N/A,N/A,N/A,N/A,N/A,N/A,1264619520,1264619520,17076224,N/A,135168,45826048,4,discern-proc-so,R (running),server-compromised.bnsdq.ozxfs.rzona-vmdrv.kvugl,2.873258560082632,1
1759303066,45626,1,N/A,N/A,N/A,N/A,N/A,N/A,N/A,N/A,1647706112,1580597248,20361216,N/A,135168,82202624,5,discern-interfa,S (sleeping),server-compromised.bnsdq.ozxfs.rzona-vmdrv.kvugl,0.009390329292984475,1
1759303069,340,1,103,103,103,103,109,109,109,109,250912768,250912768,236171264,N/A,135168,243183616,1,dbus-daemon,S (sleeping),server-compromised.bnsdq.ozxfs.rzona-vmdrv.kvugl,0.284891779115502,0
1759303069,3293,1,N/A,N/A,N/A,N/A,N/A,N/A,N/A,N/A,1953800192,1922228224,41988096,N/A,135168,170463232,13,discern-network,S (sleeping),server-compromised.bnsdq.ozxfs.rzona-vmdrv.kvugl,1.2682134109977135,0
1759303069,181,1,N/A,N/A,N/A,N/A,N/A,N/A,N/A,N/A,154476544,120950784,39378944,4096,135168,28102656,1,systemd-journal,S (sleeping),server-compromised.bnsdq.ozxfs.rzona-vmdrv.kvugl,0.18298265581472764,0
1759303069,70443,1,N/A,N/A,N/A,N/A,N/A,N/A,N/A,N/A,1580597248,1580597248,21614592,N/A,135168,82202624,5,discern-interfa,S (sleeping),server-compromised.bnsdq.ozxfs.rzona-vmdrv.kvugl,0.001825302428102883,0
1759303069,72604,1,N/A,N/A,N/A,N/A,N/A,N/A,N/A,N/A,1264619520,1264619520,17321984,N/A,135168,45826048,5,discern-proc-so,S (sleeping),server-compromised.bnsdq.ozxfs.rzona-vmdrv.kvugl,2.557789717188658,0
1759303072,376,1,103,103,103,103,109,109,109,109,130801664,130801664,119476224,N/A,135168,123072512,1,dbus-daemon,S (sleeping),server-compromised.bnsdq.ozxfs.rzona-vmdrv.kvugl,0.2940091295169438,1
1759303072,3355,1,N/A,N/A,N/A,N/A,N/A,N/A,N/A,N/A,1922494464,1922494464,47996928,N/A,135168,174923776,13,discern-network,S (sleeping),server-compromised.bnsdq.ozxfs.rzona-vmdrv.kvugl,0.5144586667767798,1
1759303072,179,1,N/A,N/A,N/A,N/A,N/A,N/A,N/A,N/A,116699136,116699136,37797888,4096,135168,28098560,1,systemd-journal,S (sleeping),server-compromised.bnsdq.ozxfs.rzona-vmdrv.kvugl,0.1912874322861539,1
1759303072,47797,1,N/A,N/A,N/A,N/A,N/A,N/A,N/A,N/A,1264619520,1264619520,17076224,N/A,135168,45826048,4,discern-proc-so,S (sleeping),server-compromised.bnsdq.ozxfs.rzona-vmdrv.kvugl,2.8387297875998994,1
1759303072,45626,1,N/A,N/A,N/A,N/A,N/A,N/A,N/A,N/A,1647706112,1580597248,20361216,N/A,135168,82202624,5,discern-interfa,S (sleeping),server-compromised.bnsdq.ozxfs.rzona-vmdrv.kvugl,0.009168588375505982,1
1759303074,340,1,103,103,103,103,109,109,109,109,250912768,250912768,236171264,N/A,135168,243183616,1,dbus-daemon,S (sleeping),server-compromised.bnsdq.ozxfs.rzona-vmdrv.kvugl,0.28498034493909186,0
1759303074,3293,1,N/A,N/A,N/A,N/A,N/A,N/A,N/A,N/A,1953800192,1922228224,41988096,N/A,135168,170463232,13,discern-network,S (sleeping),server-compromised.bnsdq.ozxfs.rzona-vmdrv.kvugl,1.2713933046288997,0
1759303074,181,1,N/A,N/A,N/A,N/A,N/A,N/A,N/A,N/A,154476544,120950784,39378944,4096,135168,28102656,1,systemd-journal,S (sleeping),server-compromised.bnsdq.ozxfs.rzona-vmdrv.kvugl,0.1833262072034524,0
1759303074,70443,1,N/A,N/A,N/A,N/A,N/A,N/A,N/A,N/A,1580597248,1580597248,21614592,N/A,135168,82202624,5,discern-interfa,S (sleeping),server-compromised.bnsdq.ozxfs.rzona-vmdrv.kvugl,0.0018167464850791242,0
1759303074,72604,1,N/A,N/A,N/A,N/A,N/A,N/A,N/A,N/A,1264619520,1264619520,17321984,N/A,135168,45826048,5,discern-proc-so,S (sleeping),server-compromised.bnsdq.ozxfs.rzona-vmdrv.kvugl,2.558646796475455,0
1759303077,376,1,103,103,103,103,109,109,109,109,130936832,130936832,119746560,N/A,135168,123207680,1,dbus-daemon,S (sleeping),server-compromised.bnsdq.ozxfs.rzona-vmdrv.kvugl,0.29383973252558193,1
1759303077,3355,1,N/A,N/A,N/A,N/A,N/A,N/A,N/A,N/A,1922494464,1922494464,47996928,N/A,135168,174923776,13,discern-network,S (sleeping),server-compromised.bnsdq.ozxfs.rzona-vmdrv.kvugl,0.5145743990038596,1
1759303077,179,1,N/A,N/A,N/A,N/A,N/A,N/A,N/A,N/A,116699136,116699136,37797888,4096,135168,28098560,1,systemd-journal,S (sleeping),server-compromised.bnsdq.ozxfs.rzona-vmdrv.kvugl,0.1912905283739235,1
1759303077,47797,1,N/A,N/A,N/A,N/A,N/A,N/A,N/A,N/A,1264619520,1264619520,17080320,N/A,135168,45826048,4,discern-proc-so,R (running),server-compromised.bnsdq.ozxfs.rzona-vmdrv.kvugl,2.843988215922893,1
1759303077,45626,1,N/A,N/A,N/A,N/A,N/A,N/A,N/A,N/A,1647706112,1580597248,20361216,N/A,135168,82202624,5,discern-interfa,S (sleeping),server-compromised.bnsdq.ozxfs.rzona-vmdrv.kvugl,0.008955997328894181,1
1759303080,340,1,103,103,103,103,109,109,109,109,250912768,250912768,236171264,N/A,135168,243183616,1,dbus-daemon,S (sleeping),server-compromised.bnsdq.ozxfs.rzona-vmdrv.kvugl,0.28490221486835676,0
1759303080,3293,1,N/A,N/A,N/A,N/A,N/A,N/A,N/A,N/A,1953800192,1922228224,41988096,N/A,135168,170463232,13,discern-network,S (sleeping),server-compromised.bnsdq.ozxfs.rzona-vmdrv.kvugl,1.274397472749427,0
1759303080,181,1,N/A,N/A,N/A,N/A,N/A,N/A,N/A,N/A,154476544,120950784,39378944,4096,135168,28102656,1,systemd-journal,S (sleeping),server-compromised.bnsdq.ozxfs.rzona-vmdrv.kvugl,0.18333550850381566,0
1759303080,70443,1,N/A,N/A,N/A,N/A,N/A,N/A,N/A,N/A,1580597248,1580597248,21614592,N/A,135168,82202624,5,discern-interfa,S (sleeping),server-compromised.bnsdq.ozxfs.rzona-vmdrv.kvugl,0.001808285647431606,0
1759303080,72604,1,N/A,N/A,N/A,N/A,N/A,N/A,N/A,N/A,1264619520,1264619520,17321984,N/A,135168,45826048,5,discern-proc-so,S (sleeping),server-compromised.bnsdq.ozxfs.rzona-vmdrv.kvugl,2.558456085860218,0
1759303082,376,1,103,103,103,103,109,109,109,109,131072000,131072000,119746560,N/A,135168,123342848,1,dbus-daemon,S (sleeping),server-compromised.bnsdq.ozxfs.rzona-vmdrv.kvugl,0.29399713633407026,1
1759303082,3355,1,N/A,N/A,N/A,N/A,N/A,N/A,N/A,N/A,1922494464,1922494464,47996928,N/A,135168,174923776,13,discern-network,S (sleeping),server-compromised.bnsdq.ozxfs.rzona-vmdrv.kvugl,0.5143506998714961,1
1759303082,179,1,N/A,N/A,N/A,N/A,N/A,N/A,N/A,N/A,116699136,116699136,37797888,4096,135168,28098560,1,systemd-journal,S (sleeping),server-compromised.bnsdq.ozxfs.rzona-vmdrv.kvugl,0.19129521013618844,1
1759303082,47797,1,N/A,N/A,N/A,N/A,N/A,N/A,N/A,N/A,1264619520,1264619520,17080320,N/A,135168,45826048,4,discern-proc-so,R (running),server-compromised.bnsdq.ozxfs.rzona-vmdrv.kvugl,2.8335454918769725,1
1759303082,45626,1,N/A,N/A,N/A,N/A,N/A,N/A,N/A,N/A,1647706112,1580597248,20361216,N/A,135168,82202624,5,discern-interfa,S (sleeping),server-compromised.bnsdq.ozxfs.rzona-vmdrv.kvugl,0.00875403715659974,1
1759303085,340,1,103,103,103,103,109,109,109,109,250912768,250912768,236171264,N/A,135168,243183616,1,dbus-daemon,S (sleeping),server-compromised.bnsdq.ozxfs.rzona-vmdrv.kvugl,0.284990054554417,0
1759303085,3293,1,N/A,N/A,N/A,N/A,N/A,N/A,N/A,N/A,1953800192,1922228224,41988096,N/A,135168,170463232,13,discern-network,S (sleeping),server-compromised.bnsdq.ozxfs.rzona-vmdrv.kvugl,1.277735641180125,0
1759303085,181,1,N/A,N/A,N/A,N/A,N/A,N/A,N/A,N/A,154476544,120950784,39378944,4096,135168,28102656,1,systemd-journal,S (sleeping),server-compromised.bnsdq.ozxfs.rzona-vmdrv.kvugl,0.18351097537300073,0
1759303085,70443,1,N/A,N/A,N/A,N/A,N/A,N/A,N/A,N/A,1580597248,1580597248,21614592,N/A,135168,82202624,5,discern-interfa,S (sleeping),server-compromised.bnsdq.ozxfs.rzona-vmdrv.kvugl,0.0017998689416450595,0
1759303085,72604,1,N/A,N/A,N/A,N/A,N/A,N/A,N/A,N/A,1264619520,1264619520,17321984,N/A,135168,45826048,5,discern-proc-so,S (sleeping),server-compromised.bnsdq.ozxfs.rzona-vmdrv.kvugl,2.560325995438321,0
1759303087,376,1,103,103,103,103,109,109,109,109,131207168,131207168,120016896,N/A,135168,123478016,1,dbus-daemon,S (sleeping),server-compromised.bnsdq.ozxfs.rzona-vmdrv.kvugl,0.2938287659362538,1
1759303087,3355,1,N/A,N/A,N/A,N/A,N/A,N/A,N/A,N/A,1922494464,1922494464,47996928,N/A,135168,174923776,13,discern-network,S (sleeping),server-compromised.bnsdq.ozxfs.rzona-vmdrv.kvugl,0.514467041937437,1
1759303087,179,1,N/A,N/A,N/A,N/A,N/A,N/A,N/A,N/A,116699136,116699136,37797888,4096,135168,28098560,1,systemd-journal,S (sleeping),server-compromised.bnsdq.ozxfs.rzona-vmdrv.kvugl,0.19129857901539313,1
1759303087,47797,1,N/A,N/A,N/A,N/A,N/A,N/A,N/A,N/A,1264619520,1264619520,17080320,N/A,135168,45826048,4,discern-proc-so,R (running),server-compromised.bnsdq.ozxfs.rzona-vmdrv.kvugl,2.823819662424887,1
1759303087,45626,1,N/A,N/A,N/A,N/A,N/A,N/A,N/A,N/A,1647706112,1580597248,20361216,N/A,135168,82202624,5,discern-interfa,S (sleeping),server-compromised.bnsdq.ozxfs.rzona-vmdrv.kvugl,0.008560215178101196,1
1759303090,340,1,103,103,103,103,109,109,109,109,250912768,250912768,236171264,N/A,135168,243183616,1,dbus-daemon,S (sleeping),server-compromised.bnsdq.ozxfs.rzona-vmdrv.kvugl,0.2849116029678431,0
1759303090,3293,1,N/A,N/A,N/A,N/A,N/A,N/A,N/A,N/A,1953800192,1922228224,41988096,N/A,135168,170463232,13,discern-network,S (sleeping),server-compromised.bnsdq.ozxfs.rzona-vmdrv.kvugl,1.2810704983899488,0
1759303090,181,1,N/A,N/A,N/A,N/A,N/A,N/A,N/A,N/A,154476544,120950784,39378944,4096,135168,28102656,1,systemd-journal,S (sleeping),server-compromised.bnsdq.ozxfs.rzona-vmdrv.kvugl,0.18368650580417029,0
1759303090,70443,1,N/A,N/A,N/A,N/A,N/A,N/A,N/A,N/A,1580597248,1580597248,21614592,N/A,135168,82202624,5,discern-interfa,S (sleeping),server-compromised.bnsdq.ozxfs.rzona-vmdrv.kvugl,0.0017915495153673954,0
1759303090,72604,1,N/A,N/A,N/A,N/A,N/A,N/A,N/A,N/A,1264619520,1264619520,17321984,N/A,135168,45826048,5,discern-proc-so,S (sleeping),server-compromised.bnsdq.ozxfs.rzona-vmdrv.kvugl,2.561155585539868,0
1759303092,376,1,103,103,103,103,109,109,109,109,131477504,131477504,120287232,N/A,135168,123748352,1,dbus-daemon,S (sleeping),server-compromised.bnsdq.ozxfs.rzona-vmdrv.kvugl,0.29398523822077915,1
1759303092,3355,1,N/A,N/A,N/A,N/A,N/A,N/A,N/A,N/A,1922494464,1922494464,47996928,N/A,135168,174923776,13,discern-network,S (sleeping),server-compromised.bnsdq.ozxfs.rzona-vmdrv.kvugl,0.5142435283364531,1
1759303092,179,1,N/A,N/A,N/A,N/A,N/A,N/A,N/A,N/A,116699136,116699136,37797888,4096,135168,28098560,1,systemd-journal,S (sleeping),server-compromised.bnsdq.ozxfs.rzona-vmdrv.kvugl,0.19130295799254485,1
1759303092,47797,1,N/A,N/A,N/A,N/A,N/A,N/A,N/A,N/A,1264619520,1264619520,17080320,N/A,135168,45826048,4,discern-proc-so,S (sleeping),server-compromised.bnsdq.ozxfs.rzona-vmdrv.kvugl,2.802377088660387,1
1759303092,45626,1,N/A,N/A,N/A,N/A,N/A,N/A,N/A,N/A,1647706112,1580597248,20361216,N/A,135168,82202624,5,discern-interfa,S (sleeping),server-compromised.bnsdq.ozxfs.rzona-vmdrv.kvugl,0.008375369444592504,1
1759303095,340,1,103,103,103,103,109,109,109,109,250912768,250912768,236171264,N/A,135168,243183616,1,dbus-daemon,S (sleeping),server-compromised.bnsdq.ozxfs.rzona-vmdrv.kvugl,0.28483240019469935,0
1759303095,3293,1,N/A,N/A,N/A,N/A,N/A,N/A,N/A,N/A,1953800192,1922228224,41988096,N/A,135168,170463232,13,discern-network,S (sleeping),server-compromised.bnsdq.ozxfs.rzona-vmdrv.kvugl,1.2843953281462592,0
1759303095,181,1,N/A,N/A,N/A,N/A,N/A,N/A,N/A,N/A,154476544,120950784,39378944,4096,135168,28102656,1,systemd-journal,S (sleeping),server-compromised.bnsdq.ozxfs.rzona-vmdrv.kvugl,0.18386115996114433,0
1759303095,70443,1,N/A,N/A,N/A,N/A,N/A,N/A,N/A,N/A,1580597248,1580597248,21614592,N/A,135168,82202624,5,discern-interfa,S (sleeping),server-compromised.bnsdq.ozxfs.rzona-vmdrv.kvugl,0.0017832767294068935,0
1759303095,72604,1,N/A,N/A,N/A,N/A,N/A,N/A,N/A,N/A,1264619520,1264619520,17321984,N/A,135168,45826048,5,discern-proc-so,S (sleeping),server-compromised.bnsdq.ozxfs.rzona-vmdrv.kvugl,2.5640192363513385,0
1759303097,376,1,103,103,103,103,109,109,109,109,131747840,131747840,120557568,N/A,135168,124018688,1,dbus-daemon,S (sleeping),server-compromised.bnsdq.ozxfs.rzona-vmdrv.kvugl,0.29414138635949255,1
1759303097,3355,1,N/A,N/A,N/A,N/A,N/A,N/A,N/A,N/A,1922494464,1922494464,47996928,N/A,135168,174923776,13,discern-network,S (sleeping),server-compromised.bnsdq.ozxfs.rzona-vmdrv.kvugl,0.5143629323797296,1
1759303097,179,1,N/A,N/A,N/A,N/A,N/A,N/A,N/A,N/A,116699136,116699136,37797888,4096,135168,28098560,1,systemd-journal,S (sleeping),server-compromised.bnsdq.ozxfs.rzona-vmdrv.kvugl,0.19130744887818307,1
1759303097,47797,1,N/A,N/A,N/A,N/A,N/A,N/A,N/A,N/A,1264619520,1264619520,17080320,N/A,135168,45826048,4,discern-proc-so,S (sleeping),server-compromised.bnsdq.ozxfs.rzona-vmdrv.kvugl,2.796672977187163,1
1759303097,45626,1,N/A,N/A,N/A,N/A,N/A,N/A,N/A,N/A,1647706112,1580597248,20361216,N/A,135168,82202624,5,discern-interfa,S (sleeping),server-compromised.bnsdq.ozxfs.rzona-vmdrv.kvugl,0.00819840434419602,1
1759303100,340,1,103,103,103,103,109,109,109,109,250912768,250912768,236171264,N/A,135168,243183616,1,dbus-daemon,S (sleeping),server-compromised.bnsdq.ozxfs.rzona-vmdrv.kvugl,0.2849210697085879,0
1759303100,3293,1,N/A,N/A,N/A,N/A,N/A,N/A,N/A,N/A,1953800192,1922228224,41988096,N/A,135168,170463232,13,discern-network,S (sleeping),server-compromised.bnsdq.ozxfs.rzona-vmdrv.kvugl,1.2875488451425938,0
1759303100,181,1,N/A,N/A,N/A,N/A,N/A,N/A,N/A,N/A,154476544,120950784,39378944,4096,135168,28102656,1,systemd-journal,S (sleeping),server-compromised.bnsdq.ozxfs.rzona-vmdrv.kvugl,0.1840363648333424,0
1759303100,70443,1,N/A,N/A,N/A,N/A,N/A,N/A,N/A,N/A,1580597248,1580597248,21614592,N/A,135168,82202624,5,discern-interfa,S (sleeping),server-compromised.bnsdq.ozxfs.rzona-vmdrv.kvugl,0.0017751238706835435,0
1759303100,72604,1,N/A,N/A,N/A,N/A,N/A,N/A,N/A,N/A,1264619520,1264619520,17321984,N/A,135168,45826048,5,discern-proc-so,S (sleeping),server-compromised.bnsdq.ozxfs.rzona-vmdrv.kvugl,2.5648444808482513,0
1759303103,376,1,103,103,103,103,109,109,109,109,131911680,131911680,120557568,N/A,135168,124182528,1,dbus-daemon,S (sleeping),server-compromised.bnsdq.ozxfs.rzona-vmdrv.kvugl,0.2939754880087434,1
1759303103,3355,1,N/A,N/A,N/A,N/A,N/A,N/A,N/A,N/A,1922494464,1922494464,47996928,N/A,135168,174923776,13,discern-network,S (sleeping),server-compromised.bnsdq.ozxfs.rzona-vmdrv.kvugl,0.5141409475139649,1
1759303103,179,1,N/A,N/A,N/A,N/A,N/A,N/A,N/A,N/A,116699136,116699136,37797888,4096,135168,28098560,1,systemd-journal,S (sleeping),server-compromised.bnsdq.ozxfs.rzona-vmdrv.kvugl,0.19099046177497067,1
1759303103,47797,1,N/A,N/A,N/A,N/A,N/A,N/A,N/A,N/A,1264619520,1264619520,17080320,N/A,135168,45826048,4,discern-proc-so,S (sleeping),server-compromised.bnsdq.ozxfs.rzona-vmdrv.kvugl,2.7796812536625666,1
1759303103,45626,1,N/A,N/A,N/A,N/A,N/A,N/A,N/A,N/A,1647706112,1580597248,20361216,N/A,135168,82202624,5,discern-interfa,S (sleeping),server-compromised.bnsdq.ozxfs.rzona-vmdrv.kvugl,0.008028801865998287,1
1759303105,340,1,103,103,103,103,109,109,109,109,250912768,250912768,236171264,N/A,135168,243183616,1,dbus-daemon,S (sleeping),server-compromised.bnsdq.ozxfs.rzona-vmdrv.kvugl,0.28501171593831254,0
1759303105,3293,1,N/A,N/A,N/A,N/A,N/A,N/A,N/A,N/A,1953800192,1922228224,41988096,N/A,135168,170463232,13,discern-network,S (sleeping),server-compromised.bnsdq.ozxfs.rzona-vmdrv.kvugl,1.2905353274026363,0
1759303105,181,1,N/A,N/A,N/A,N/A,N/A,N/A,N/A,N/A,154476544,120950784,39378944,4096,135168,28102656,1,systemd-journal,S (sleeping),server-compromised.bnsdq.ozxfs.rzona-vmdrv.kvugl,0.18437889885468625,0
1759303105,70443,1,N/A,N/A,N/A,N/A,N/A,N/A,N/A,N/A,1580597248,1580597248,21614592,N/A,135168,82202624,5,discern-interfa,S (sleeping),server-compromised.bnsdq.ozxfs.rzona-vmdrv.kvugl,0.0017671151481150908,0
1759303105,72604,1,N/A,N/A,N/A,N/A,N/A,N/A,N/A,N/A,1264619520,1264619520,17321984,N/A,135168,45826048,5,discern-proc-so,S (sleeping),server-compromised.bnsdq.ozxfs.rzona-vmdrv.kvugl,2.559567009543026,0
1759303108,376,1,103,103,103,103,109,109,109,109,132182016,132182016,120827904,N/A,135168,124452864,1,dbus-daemon,S (sleeping),server-compromised.bnsdq.ozxfs.rzona-vmdrv.kvugl,0.2941311970468135,1
1759303108,3355,1,N/A,N/A,N/A,N/A,N/A,N/A,N/A,N/A,1922494464,1922494464,47996928,N/A,135168,174923776,13,discern-network,S (sleeping),server-compromised.bnsdq.ozxfs.rzona-vmdrv.kvugl,0.5139196558380353,1
1759303108,179,1,N/A,N/A,N/A,N/A,N/A,N/A,N/A,N/A,116699136,116699136,37797888,4096,135168,28098560,1,systemd-journal,S (sleeping),server-compromised.bnsdq.ozxfs.rzona-vmdrv.kvugl,0.1909954888974976,1
1759303108,47797,1,N/A,N/A,N/A,N/A,N/A,N/A,N/A,N/A,1264619520,1264619520,17080320,N/A,135168,45826048,4,discern-proc-so,S (sleeping),server-compromised.bnsdq.ozxfs.rzona-vmdrv.kvugl,2.7646554047593543,1
1759303108,45626,1,N/A,N/A,N/A,N/A,N/A,N/A,N/A,N/A,1647706112,1580597248,20361216,N/A,135168,82202624,5,discern-interfa,S (sleeping),server-compromised.bnsdq.ozxfs.rzona-vmdrv.kvugl,0.007866055638461265,1
1759303110,340,1,103,103,103,103,109,109,109,109,250912768,250912768,236171264,N/A,135168,243183616,1,dbus-daemon,S (sleeping),server-compromised.bnsdq.ozxfs.rzona-vmdrv.kvugl,0.28493385137416005,0
1759303110,3293,1,N/A,N/A,N/A,N/A,N/A,N/A,N/A,N/A,1953800192,1922228224,41988096,N/A,135168,170463232,13,discern-network,S (sleeping),server-compromised.bnsdq.ozxfs.rzona-vmdrv.kvugl,1.293677460376611,0
1759303110,181,1,N/A,N/A,N/A,N/A,N/A,N/A,N/A,N/A,154476544,120950784,39378944,4096,135168,28102656,1,systemd-journal,S (sleeping),server-compromised.bnsdq.ozxfs.rzona-vmdrv.kvugl,0.1843871867134627,0
1759303110,70443,1,N/A,N/A,N/A,N/A,N/A,N/A,N/A,N/A,1580597248,1580597248,21614592,N/A,135168,82202624,5,discern-interfa,S (sleeping),server-compromised.bnsdq.ozxfs.rzona-vmdrv.kvugl,0.0017591059350846934,0
1759303110,72604,1,N/A,N/A,N/A,N/A,N/A,N/A,N/A,N/A,1264619520,1264619520,17321984,N/A,135168,45826048,5,discern-proc-so,S (sleeping),server-compromised.bnsdq.ozxfs.rzona-vmdrv.kvugl,2.559372019381954,0
1759303113,376,1,103,103,103,103,109,109,109,109,132317184,132317184,121098240,N/A,135168,124588032,1,dbus-daemon,S (sleeping),server-compromised.bnsdq.ozxfs.rzona-vmdrv.kvugl,0.29428368308233505,1
1759303113,3355,1,N/A,N/A,N/A,N/A,N/A,N/A,N/A,N/A,1922494464,1922494464,47996928,N/A,135168,174923776,13,discern-network,S (sleeping),server-compromised.bnsdq.ozxfs.rzona-vmdrv.kvugl,0.5140340967551701,1
1759303113,179,1,N/A,N/A,N/A,N/A,N/A,N/A,N/A,N/A,116699136,116699136,37797888,4096,135168,28098560,1,systemd-journal,S (sleeping),server-compromised.bnsdq.ozxfs.rzona-vmdrv.kvugl,0.19099875315853448,1
1759303113,47797,1,N/A,N/A,N/A,N/A,N/A,N/A,N/A,N/A,1264619520,1264619520,17080320,N/A,135168,45826048,4,discern-proc-so,R (running),server-compromised.bnsdq.ozxfs.rzona-vmdrv.kvugl,2.771852374360587,1
1759303113,45626,1,N/A,N/A,N/A,N/A,N/A,N/A,N/A,N/A,1647706112,1580597248,20361216,N/A,135168,82202624,5,discern-interfa,S (sleeping),server-compromised.bnsdq.ozxfs.rzona-vmdrv.kvugl,0.007708928766855766,1
1759303116,340,1,103,103,103,103,109,109,109,109,250912768,250912768,236171264,N/A,135168,243183616,1,dbus-daemon,S (sleeping),server-compromised.bnsdq.ozxfs.rzona-vmdrv.kvugl,0.2848567173588439,0
1759303116,3293,1,N/A,N/A,N/A,N/A,N/A,N/A,N/A,N/A,1953800192,1922228224,41988096,N/A,135168,170463232,13,discern-network,S (sleeping),server-compromised.bnsdq.ozxfs.rzona-vmdrv.kvugl,1.296816854566194,0
1759303116,181,1,N/A,N/A,N/A,N/A,N/A,N/A,N/A,N/A,154476544,120950784,39378944,4096,135168,28102656,1,systemd-journal,S (sleeping),server-compromised.bnsdq.ozxfs.rzona-vmdrv.kvugl,0.18472779311952608,0
1759303116,70443,1,N/A,N/A,N/A,N/A,N/A,N/A,N/A,N/A,1580597248,1580597248,21614592,N/A,135168,82202624,5,discern-interfa,S (sleeping),server-compromised.bnsdq.ozxfs.rzona-vmdrv.kvugl,0.0017511883956289897,0
1759303116,72604,1,N/A,N/A,N/A,N/A,N/A,N/A,N/A,N/A,1264619520,1264619520,17321984,N/A,135168,45826048,5,discern-proc-so,S (sleeping),server-compromised.bnsdq.ozxfs.rzona-vmdrv.kvugl,2.5581875463322215,0
1759303118,376,1,103,103,103,103,109,109,109,109,132452352,132452352,121098240,N/A,135168,124723200,1,dbus-daemon,S (sleeping),server-compromised.bnsdq.ozxfs.rzona-vmdrv.kvugl,0.294118220925398,1
1759303118,3355,1,N/A,N/A,N/A,N/A,N/A,N/A,N/A,N/A,1922494464,1922494464,47996928,N/A,135168,174923776,13,discern-network,S (sleeping),server-compromised.bnsdq.ozxfs.rzona-vmdrv.kvugl,0.5138135758741572,1
1759303118,179,1,N/A,N/A,N/A,N/A,N/A,N/A,N/A,N/A,116699136,116699136,37797888,4096,135168,28098560,1,systemd-journal,S (sleeping),server-compromised.bnsdq.ozxfs.rzona-vmdrv.kvugl,0.19100368766177422,1
1759303118,47797,1,N/A,N/A,N/A,N/A,N/A,N/A,N/A,N/A,1264619520,1264619520,17080320,N/A,135168,45826048,4,discern-proc-so,S (sleeping),server-compromised.bnsdq.ozxfs.rzona-vmdrv.kvugl,2.758782989725824,1
1759303118,45626,1,N/A,N/A,N/A,N/A,N/A,N/A,N/A,N/A,1647706112,1580597248,20361216,N/A,135168,82202624,5,discern-interfa,S (sleeping),server-compromised.bnsdq.ozxfs.rzona-vmdrv.kvugl,0.007558742068238906,1
1759303121,340,1,103,103,103,103,109,109,109,109,250912768,250912768,236171264,N/A,135168,243183616,1,dbus-daemon,S (sleeping),server-compromised.bnsdq.ozxfs.rzona-vmdrv.kvugl,0.2849444343350059,0
1759303121,3293,1,N/A,N/A,N/A,N/A,N/A,N/A,N/A,N/A,1953800192,1922228224,41988096,N/A,135168,170463232,13,discern-network,S (sleeping),server-compromised.bnsdq.ozxfs.rzona-vmdrv.kvugl,1.2999453762875108,0
1759303121,181,1,N/A,N/A,N/A,N/A,N/A,N/A,N/A,N/A,154476544,120950784,39378944,4096,135168,28102656,1,systemd-journal,S (sleeping),server-compromised.bnsdq.ozxfs.rzona-vmdrv.kvugl,0.18490124831173516,0
1759303121,70443,1,N/A,N/A,N/A,N/A,N/A,N/A,N/A,N/A,1580597248,1580597248,21614592,N/A,135168,82202624,5,discern-interfa,S (sleeping),server-compromised.bnsdq.ozxfs.rzona-vmdrv.kvugl,0.0017433051903763914,0
1759303121,72604,1,N/A,N/A,N/A,N/A,N/A,N/A,N/A,N/A,1264619520,1264619520,17321984,N/A,135168,45826048,5,discern-proc-so,S (sleeping),server-compromised.bnsdq.ozxfs.rzona-vmdrv.kvugl,2.5600100137129935,0
1759303123,376,1,103,103,103,103,109,109,109,109,132587520,132587520,121368576,N/A,135168,124858368,1,dbus-daemon,S (sleeping),server-compromised.bnsdq.ozxfs.rzona-vmdrv.kvugl,0.29395129094123745,1
1759303123,3355,1,N/A,N/A,N/A,N/A,N/A,N/A,N/A,N/A,1922494464,1922494464,47996928,N/A,135168,174923776,13,discern-network,S (sleeping),server-compromised.bnsdq.ozxfs.rzona-vmdrv.kvugl,0.513928861571353,1
1759303123,179,1,N/A,N/A,N/A,N/A,N/A,N/A,N/A,N/A,116699136,116699136,37797888,4096,135168,28098560,1,systemd-journal,S (sleeping),server-compromised.bnsdq.ozxfs.rzona-vmdrv.kvugl,0.19100729355569213,1
1759303123,47797,1,N/A,N/A,N/A,N/A,N/A,N/A,N/A,N/A,1264619520,1264619520,17080320,N/A,135168,45826048,4,discern-proc-so,R (running),server-compromised.bnsdq.ozxfs.rzona-vmdrv.kvugl,2.77535259563249,1
1759303123,45626,1,N/A,N/A,N/A,N/A,N/A,N/A,N/A,N/A,1647706112,1580597248,20361216,N/A,135168,82202624,5,discern-interfa,S (sleeping),server-compromised.bnsdq.ozxfs.rzona-vmdrv.kvugl,0.0074137036515253205,1
1759303126,340,1,103,103,103,103,109,109,109,109,250912768,250912768,236171264,N/A,135168,243183616,1,dbus-daemon,S (sleeping),server-compromised.bnsdq.ozxfs.rzona-vmdrv.kvugl,0.2850325685715893,0
1759303126,3293,1,N/A,N/A,N/A,N/A,N/A,N/A,N/A,N/A,1953800192,1922228224,41988096,N/A,135168,170463232,13,discern-network,S (sleeping),server-compromised.bnsdq.ozxfs.rzona-vmdrv.kvugl,1.3034126286929084,0
1759303126,181,1,N/A,N/A,N/A,N/A,N/A,N/A,N/A,N/A,154476544,120950784,39378944,4096,135168,28102656,1,systemd-journal,S (sleeping),server-compromised.bnsdq.ozxfs.rzona-vmdrv.kvugl,0.18507477708003287,0
1759303126,70443,1,N/A,N/A,N/A,N/A,N/A,N/A,N/A,N/A,1580597248,1580597248,21614592,N/A,135168,82202624,5,discern-interfa,S (sleeping),server-compromised.bnsdq.ozxfs.rzona-vmdrv.kvugl,0.001735510880975926,0
1759303126,72604,1,N/A,N/A,N/A,N/A,N/A,N/A,N/A,N/A,1264619520,1264619520,17321984,N/A,135168,45826048,5,discern-proc-so,S (sleeping),server-compromised.bnsdq.ozxfs.rzona-vmdrv.kvugl,2.5598173192096434,0
1759303128,376,1,103,103,103,103,109,109,109,109,132722688,132722688,121638912,N/A,135168,124993536,1,dbus-daemon,S (sleeping),server-compromised.bnsdq.ozxfs.rzona-vmdrv.kvugl,0.2941057667268352,1
1759303128,3355,1,N/A,N/A,N/A,N/A,N/A,N/A,N/A,N/A,1922494464,1922494464,47996928,N/A,135168,174923776,13,discern-network,S (sleeping),server-compromised.bnsdq.ozxfs.rzona-vmdrv.kvugl,0.5137090414404119,1
1759303128,179,1,N/A,N/A,N/A,N/A,N/A,N/A,N/A,N/A,116699136,116699136,37797888,4096,135168,28098560,1,systemd-journal,S (sleeping),server-compromised.bnsdq.ozxfs.rzona-vmdrv.kvugl,0.19069322389142568,1
1759303128,47797,1,N/A,N/A,N/A,N/A,N/A,N/A,N/A,N/A,1264619520,1264619520,17080320,N/A,135168,45826048,4,discern-proc-so,R (running),server-compromised.bnsdq.ozxfs.rzona-vmdrv.kvugl,2.7633197926292676,1
1759303128,45626,1,N/A,N/A,N/A,N/A,N/A,N/A,N/A,N/A,1647706112,1580597248,20361216,N/A,135168,82202624,5,discern-interfa,S (sleeping),server-compromised.bnsdq.ozxfs.rzona-vmdrv.kvugl,0.007274656814154936,1
1759303131,340,1,103,103,103,103,109,109,109,109,250912768,250912768,236171264,N/A,135168,243183616,1,dbus-daemon,S (sleeping),server-compromised.bnsdq.ozxfs.rzona-vmdrv.kvugl,0.2849540872668369,0
1759303131,3293,1,N/A,N/A,N/A,N/A,N/A,N/A,N/A,N/A,1953800192,1922228224,41988096,N/A,135168,170463232,13,discern-network,S (sleeping),server-compromised.bnsdq.ozxfs.rzona-vmdrv.kvugl,1.306528303016384,0
1759303131,181,1,N/A,N/A,N/A,N/A,N/A,N/A,N/A,N/A,154476544,133545984,39378944,4096,135168,28102656,1,systemd-journal,S (sleeping),server-compromised.bnsdq.ozxfs.rzona-vmdrv.kvugl,0.18524742889335125,0
1759303131,70443,1,N/A,N/A,N/A,N/A,N/A,N/A,N/A,N/A,1580597248,1580597248,21614592,N/A,135168,82202624,5,discern-interfa,S (sleeping),server-compromised.bnsdq.ozxfs.rzona-vmdrv.kvugl,0.0017277576049598094,0
1759303131,72604,1,N/A,N/A,N/A,N/A,N/A,N/A,N/A,N/A,1264619520,1264619520,17321984,N/A,135168,45826048,5,discern-proc-so,S (sleeping),server-compromised.bnsdq.ozxfs.rzona-vmdrv.kvugl,2.561594372497635,0
1759303134,376,1,103,103,103,103,109,109,109,109,132993024,132993024,121638912,N/A,135168,125263872,1,dbus-daemon,S (sleeping),server-compromised.bnsdq.ozxfs.rzona-vmdrv.kvugl,0.2939394998948802,1
1759303134,3355,1,N/A,N/A,N/A,N/A,N/A,N/A,N/A,N/A,1922494464,1922494464,47996928,N/A,135168,174923776,13,discern-network,S (sleeping),server-compromised.bnsdq.ozxfs.rzona-vmdrv.kvugl,0.5134866924949644,1
1759303134,179,1,N/A,N/A,N/A,N/A,N/A,N/A,N/A,N/A,116699136,116699136,37797888,4096,135168,28098560,1,systemd-journal,S (sleeping),server-compromised.bnsdq.ozxfs.rzona-vmdrv.kvugl,0.19101575304122334,1
1759303134,47797,1,N/A,N/A,N/A,N/A,N/A,N/A,N/A,N/A,1264619520,1264619520,17080320,N/A,135168,45826048,4,discern-proc-so,S (sleeping),server-compromised.bnsdq.ozxfs.rzona-vmdrv.kvugl,2.7782072824401114,1
1759303134,45626,1,N/A,N/A,N/A,N/A,N/A,N/A,N/A,N/A,1647706112,1580597248,20361216,N/A,135168,82202624,5,discern-interfa,S (sleeping),server-compromised.bnsdq.ozxfs.rzona-vmdrv.kvugl,0.007140244178073935,1
1759303136,340,1,103,103,103,103,109,109,109,109,250912768,250912768,236171264,N/A,135168,243183616,1,dbus-daemon,S (sleeping),server-compromised.bnsdq.ozxfs.rzona-vmdrv.kvugl,0.2848765480276088,0
1759303136,3293,1,N/A,N/A,N/A,N/A,N/A,N/A,N/A,N/A,1953800192,1922228224,41988096,N/A,135168,170463232,13,discern-network,S (sleeping),server-compromised.bnsdq.ozxfs.rzona-vmdrv.kvugl,1.3096423136960322,0
1759303136,181,1,N/A,N/A,N/A,N/A,N/A,N/A,N/A,N/A,154476544,133545984,39378944,4096,135168,28102656,1,systemd-journal,S (sleeping),server-compromised.bnsdq.ozxfs.rzona-vmdrv.kvugl,0.18542030778209342,0
1759303136,70443,1,N/A,N/A,N/A,N/A,N/A,N/A,N/A,N/A,1580597248,1580597248,21614592,N/A,135168,82202624,5,discern-interfa,S (sleeping),server-compromised.bnsdq.ozxfs.rzona-vmdrv.kvugl,0.0017200985233000198,0
1759303136,72604,1,N/A,N/A,N/A,N/A,N/A,N/A,N/A,N/A,1264619520,1264619520,17321984,N/A,135168,45826048,5,discern-proc-so,S (sleeping),server-compromised.bnsdq.ozxfs.rzona-vmdrv.kvugl,2.560387332310967,0
1759303139,376,1,103,103,103,103,109,109,109,109,133128192,133128192,121909248,N/A,135168,125399040,1,dbus-daemon,S (sleeping),server-compromised.bnsdq.ozxfs.rzona-vmdrv.kvugl,0.29377577427354734,1
1759303139,3355,1,N/A,N/A,N/A,N/A,N/A,N/A,N/A,N/A,1922494464,1922494464,47996928,N/A,135168,174923776,13,discern-network,S (sleeping),server-compromised.bnsdq.ozxfs.rzona-vmdrv.kvugl,0.5136058296397327,1
1759303139,179,1,N/A,N/A,N/A,N/A,N/A,N/A,N/A,N/A,116699136,116699136,37797888,4096,135168,28098560,1,systemd-journal,S (sleeping),server-compromised.bnsdq.ozxfs.rzona-vmdrv.kvugl,0.1907028457961159,1
1759303139,47797,1,N/A,N/A,N/A,N/A,N/A,N/A,N/A,N/A,1264619520,1264619520,17080320,N/A,135168,45826048,4,discern-proc-so,R (running),server-compromised.bnsdq.ozxfs.rzona-vmdrv.kvugl,2.7671508794380677,1
1759303139,45626,1,N/A,N/A,N/A,N/A,N/A,N/A,N/A,N/A,1647706112,1580597248,20361216,N/A,135168,82202624,5,discern-interfa,S (sleeping),server-compromised.bnsdq.ozxfs.rzona-vmdrv.kvugl,0.007011237822090516,1
1759303141,340,1,103,103,103,103,109,109,109,109,250912768,250912768,236171264,N/A,135168,243183616,1,dbus-daemon,S (sleeping),server-compromised.bnsdq.ozxfs.rzona-vmdrv.kvugl,0.28479841003730794,0
1759303141,3293,1,N/A,N/A,N/A,N/A,N/A,N/A,N/A,N/A,1953800192,1922228224,41988096,N/A,135168,170463232,13,discern-network,S (sleeping),server-compromised.bnsdq.ozxfs.rzona-vmdrv.kvugl,1.3129177186780878,0
1759303141,181,1,N/A,N/A,N/A,N/A,N/A,N/A,N/A,N/A,154476544,133545984,39378944,4096,135168,28102656,1,systemd-journal,S (sleeping),server-compromised.bnsdq.ozxfs.rzona-vmdrv.kvugl,0.18542715936791718,0
1759303141,70443,1,N/A,N/A,N/A,N/A,N/A,N/A,N/A,N/A,1580597248,1580597248,21614592,N/A,135168,82202624,5,discern-interfa,S (sleeping),server-compromised.bnsdq.ozxfs.rzona-vmdrv.kvugl,0.001712484719246248,0
1759303141,72604,1,N/A,N/A,N/A,N/A,N/A,N/A,N/A,N/A,1264619520,1264619520,17321984,N/A,135168,45826048,5,discern-proc-so,S (sleeping),server-compromised.bnsdq.ozxfs.rzona-vmdrv.kvugl,2.5611498825329466,0
1759303144,376,1,103,103,103,103,109,109,109,109,133398528,133398528,122179584,N/A,135168,125669376,1,dbus-daemon,S (sleeping),server-compromised.bnsdq.ozxfs.rzona-vmdrv.kvugl,0.29393014330779615,1
1759303144,3355,1,N/A,N/A,N/A,N/A,N/A,N/A,N/A,N/A,1922494464,1922494464,47996928,N/A,135168,174923776,13,discern-network,S (sleeping),server-compromised.bnsdq.ozxfs.rzona-vmdrv.kvugl,0.5133883812271264,1
1759303144,179,1,N/A,N/A,N/A,N/A,N/A,N/A,N/A,N/A,116699136,116699136,37797888,4096,135168,28098560,1,systemd-journal,S (sleeping),server-compromised.bnsdq.ozxfs.rzona-vmdrv.kvugl,0.1907083697509434,1
1759303144,47797,1,N/A,N/A,N/A,N/A,N/A,N/A,N/A,N/A,1264619520,1264619520,17080320,N/A,135168,45826048,4,discern-proc-so,R (running),server-compromised.bnsdq.ozxfs.rzona-vmdrv.kvugl,2.757041641088756,1
1759303144,45626,1,N/A,N/A,N/A,N/A,N/A,N/A,N/A,N/A,1647706112,1580597248,20361216,N/A,135168,82202624,5,discern-interfa,S (sleeping),server-compromised.bnsdq.ozxfs.rzona-vmdrv.kvugl,0.006886843488986138,1
1759303147,340,1,103,103,103,103,109,109,109,109,250912768,250912768,236171264,N/A,135168,243183616,1,dbus-daemon,S (sleeping),server-compromised.bnsdq.ozxfs.rzona-vmdrv.kvugl,0.28488611340886544,0
1759303147,3293,1,N/A,N/A,N/A,N/A,N/A,N/A,N/A,N/A,1953800192,1922228224,41988096,N/A,135168,170463232,13,discern-network,S (sleeping),server-compromised.bnsdq.ozxfs.rzona-vmdrv.kvugl,1.3160198242955303,0
1759303147,181,1,N/A,N/A,N/A,N/A,N/A,N/A,N/A,N/A,154476544,133545984,39378944,4096,135168,28102656,1,systemd-journal,S (sleeping),server-compromised.bnsdq.ozxfs.rzona-vmdrv.kvugl,0.18559948123381997,0
1759303147,70443,1,N/A,N/A,N/A,N/A,N/A,N/A,N/A,N/A,1580597248,1580597248,21614592,N/A,135168,82202624,5,discern-interfa,S (sleeping),server-compromised.bnsdq.ozxfs.rzona-vmdrv.kvugl,0.0017049549108236449,0
1759303147,72604,1,N/A,N/A,N/A,N/A,N/A,N/A,N/A,N/A,1264619520,1264619520,17321984,N/A,135168,45826048,5,discern-proc-so,S (sleeping),server-compromised.bnsdq.ozxfs.rzona-vmdrv.kvugl,2.5599481343427715,0
1759303149,376,1,103,103,103,103,109,109,109,109,133533696,133533696,122449920,N/A,135168,125804544,1,dbus-daemon,S (sleeping),server-compromised.bnsdq.ozxfs.rzona-vmdrv.kvugl,0.2940837477292935,1
1759303149,3355,1,N/A,N/A,N/A,N/A,N/A,N/A,N/A,N/A,1922494464,1922494464,47996928,N/A,135168,174923776,13,discern-network,S (sleeping),server-compromised.bnsdq.ozxfs.rzona-vmdrv.kvugl,0.5138428895045184,1
1759303149,179,1,N/A,N/A,N/A,N/A,N/A,N/A,N/A,N/A,116699136,116699136,37797888,4096,135168,28098560,1,systemd-journal,S (sleeping),server-compromised.bnsdq.ozxfs.rzona-vmdrv.kvugl,0.1910305050530731,1
1759303149,47797,1,N/A,N/A,N/A,N/A,N/A,N/A,N/A,N/A,1264619520,1264619520,17080320,N/A,135168,45826048,4,discern-proc-so,S (sleeping),server-compromised.bnsdq.ozxfs.rzona-vmdrv.kvugl,2.747676540248966,1
1759303149,45626,1,N/A,N/A,N/A,N/A,N/A,N/A,N/A,N/A,1647706112,1580597248,20361216,N/A,135168,82202624,5,discern-interfa,S (sleeping),server-compromised.bnsdq.ozxfs.rzona-vmdrv.kvugl,0.006766721344149569,1
1759303152,340,1,103,103,103,103,109,109,109,109,250912768,250912768,236171264,N/A,135168,243183616,1,dbus-daemon,S (sleeping),server-compromised.bnsdq.ozxfs.rzona-vmdrv.kvugl,0.2849755095000815,0
1759303152,3293,1,N/A,N/A,N/A,N/A,N/A,N/A,N/A,N/A,1953800192,1922228224,41988096,N/A,135168,170463232,13,discern-network,S (sleeping),server-compromised.bnsdq.ozxfs.rzona-vmdrv.kvugl,1.3189552465271301,0
1759303152,181,1,N/A,N/A,N/A,N/A,N/A,N/A,N/A,N/A,154476544,133545984,39378944,4096,135168,28102656,1,systemd-journal,S (sleeping),server-compromised.bnsdq.ozxfs.rzona-vmdrv.kvugl,0.18610268087369156,0
1759303152,70443,1,N/A,N/A,N/A,N/A,N/A,N/A,N/A,N/A,1580597248,1580597248,21614592,N/A,135168,82202624,5,discern-interfa,S (sleeping),server-compromised.bnsdq.ozxfs.rzona-vmdrv.kvugl,0.0016975476501437541,0
1759303152,72604,1,N/A,N/A,N/A,N/A,N/A,N/A,N/A,N/A,1264619520,1264619520,17321984,N/A,135168,45826048,5,discern-proc-so,S (sleeping),server-compromised.bnsdq.ozxfs.rzona-vmdrv.kvugl,2.556882078148796,0
1759303154,376,1,103,103,103,103,109,109,109,109,133804032,133804032,122720256,N/A,135168,126074880,1,dbus-daemon,S (sleeping),server-compromised.bnsdq.ozxfs.rzona-vmdrv.kvugl,0.29423673881383455,1
1759303154,3355,1,N/A,N/A,N/A,N/A,N/A,N/A,N/A,N/A,1922494464,1922494464,47996928,N/A,135168,174923776,13,discern-network,S (sleeping),server-compromised.bnsdq.ozxfs.rzona-vmdrv.kvugl,0.5136250867394931,1
1759303154,179,1,N/A,N/A,N/A,N/A,N/A,N/A,N/A,N/A,116699136,116699136,37797888,4096,135168,28098560,1,systemd-journal,S (sleeping),server-compromised.bnsdq.ozxfs.rzona-vmdrv.kvugl,0.19103523148312385,1
1759303154,47797,1,N/A,N/A,N/A,N/A,N/A,N/A,N/A,N/A,1264619520,1264619520,17080320,N/A,135168,45826048,4,discern-proc-so,R (running),server-compromised.bnsdq.ozxfs.rzona-vmdrv.kvugl,2.731580032662204,1
1759303154,45626,1,N/A,N/A,N/A,N/A,N/A,N/A,N/A,N/A,1647706112,1580597248,20361216,N/A,135168,82202624,5,discern-interfa,S (sleeping),server-compromised.bnsdq.ozxfs.rzona-vmdrv.kvugl,0.0066506903555713206,1
1759303157,340,1,103,103,103,103,109,109,109,109,250912768,250912768,236171264,N/A,135168,243183616,1,dbus-daemon,S (sleeping),server-compromised.bnsdq.ozxfs.rzona-vmdrv.kvugl,0.28489286595220176,0
1759303157,3293,1,N/A,N/A,N/A,N/A,N/A,N/A,N/A,N/A,1953800192,1922228224,41988096,N/A,135168,170463232,13,discern-network,S (sleeping),server-compromised.bnsdq.ozxfs.rzona-vmdrv.kvugl,1.3221917763346887,0
1759303157,181,1,N/A,N/A,N/A,N/A,N/A,N/A,N/A,N/A,154476544,133545984,39378944,4096,135168,28102656,1,systemd-journal,S (sleeping),server-compromised.bnsdq.ozxfs.rzona-vmdrv.kvugl,0.18610591042829167,0
1759303157,70443,1,N/A,N/A,N/A,N/A,N/A,N/A,N/A,N/A,1580597248,1580597248,21614592,N/A,135168,82202624,5,discern-interfa,S (sleeping),server-compromised.bnsdq.ozxfs.rzona-vmdrv.kvugl,0.0016899909513149029,0
1759303157,72604,1,N/A,N/A,N/A,N/A,N/A,N/A,N/A,N/A,1264619520,1264619520,17321984,N/A,135168,45826048,5,discern-proc-so,S (sleeping),server-compromised.bnsdq.ozxfs.rzona-vmdrv.kvugl,2.5583858415998146,0
1759303159,376,1,103,103,103,103,109,109,109,109,133939200,133939200,122720256,N/A,135168,126210048,1,dbus-daemon,S (sleeping),server-compromised.bnsdq.ozxfs.rzona-vmdrv.kvugl,0.29438748520318675,1
1759303159,3355,1,N/A,N/A,N/A,N/A,N/A,N/A,N/A,N/A,1922494464,1922494464,47996928,N/A,135168,174923776,13,discern-network,S (sleeping),server-compromised.bnsdq.ozxfs.rzona-vmdrv.kvugl,0.5134048283142941,1
1759303159,179,1,N/A,N/A,N/A,N/A,N/A,N/A,N/A,N/A,116699136,116699136,37797888,4096,135168,28098560,1,systemd-journal,S (sleeping),server-compromised.bnsdq.ozxfs.rzona-vmdrv.kvugl,0.19103881789885668,1
1759303159,47797,1,N/A,N/A,N/A,N/A,N/A,N/A,N/A,N/A,1264619520,1264619520,17080320,N/A,135168,45826048,4,discern-proc-so,S (sleeping),server-compromised.bnsdq.ozxfs.rzona-vmdrv.kvugl,2.744901354988216,1
1759303159,45626,1,N/A,N/A,N/A,N/A,N/A,N/A,N/A,N/A,1647706112,1580597248,20361216,N/A,135168,82202624,5,discern-interfa,S (sleeping),server-compromised.bnsdq.ozxfs.rzona-vmdrv.kvugl,0.0065381734153834225,1
1759303162,340,1,103,103,103,103,109,109,109,109,250912768,250912768,236171264,N/A,135168,243183616,1,dbus-daemon,S (sleeping),server-compromised.bnsdq.ozxfs.rzona-vmdrv.kvugl,0.2853085416417718,0
1759303162,3293,1,N/A,N/A,N/A,N/A,N/A,N/A,N/A,N/A,1953800192,1922228224,41988096,N/A,135168,170463232,13,discern-network,S (sleeping),server-compromised.bnsdq.ozxfs.rzona-vmdrv.kvugl,1.324762740783561,0
1759303162,181,1,N/A,N/A,N/A,N/A,N/A,N/A,N/A,N/A,154476544,133545984,39378944,4096,135168,28102656,1,systemd-journal,S (sleeping),server-compromised.bnsdq.ozxfs.rzona-vmdrv.kvugl,0.18644114333461842,0
1759303162,70443,1,N/A,N/A,N/A,N/A,N/A,N/A,N/A,N/A,1580597248,1580597248,21614592,N/A,135168,82202624,5,discern-interfa,S (sleeping),server-compromised.bnsdq.ozxfs.rzona-vmdrv.kvugl,0.001682621677517017,0
1759303162,72604,1,N/A,N/A,N/A,N/A,N/A,N/A,N/A,N/A,1264619520,1264619520,17321984,N/A,135168,45826048,5,discern-proc-so,S (sleeping),server-compromised.bnsdq.ozxfs.rzona-vmdrv.kvugl,2.558131413984478,0
1759303165,376,1,103,103,103,103,109,109,109,109,134074368,134074368,122990592,N/A,135168,126345216,1,dbus-daemon,S (sleeping),server-compromised.bnsdq.ozxfs.rzona-vmdrv.kvugl,0.2942243022080606,1
1759303165,3355,1,N/A,N/A,N/A,N/A,N/A,N/A,N/A,N/A,1922494464,1922494464,47996928,N/A,135168,174923776,13,discern-network,S (sleeping),server-compromised.bnsdq.ozxfs.rzona-vmdrv.kvugl,0.513188854703351,1
1759303165,179,1,N/A,N/A,N/A,N/A,N/A,N/A,N/A,N/A,116699136,116699136,37797888,4096,135168,28098560,1,systemd-journal,S (sleeping),server-compromised.bnsdq.ozxfs.rzona-vmdrv.kvugl,0.19072837573430362,1
1759303165,47797,1,N/A,N/A,N/A,N/A,N/A,N/A,N/A,N/A,1264619520,1264619520,17080320,N/A,135168,45826048,4,discern-proc-so,R (running),server-compromised.bnsdq.ozxfs.rzona-vmdrv.kvugl,2.7300857494924675,1
1759303165,45626,1,N/A,N/A,N/A,N/A,N/A,N/A,N/A,N/A,1647706112,1580597248,20361216,N/A,135168,82202624,5,discern-interfa,S (sleeping),server-compromised.bnsdq.ozxfs.rzona-vmdrv.kvugl,0.006429824393919669,1
1759303167,340,1,103,103,103,103,109,109,109,109,250912768,250912768,236171264,N/A,135168,243183616,1,dbus-daemon,S (sleeping),server-compromised.bnsdq.ozxfs.rzona-vmdrv.kvugl,0.28522801084367744,0
1759303167,181,1,N/A,N/A,N/A,N/A,N/A,N/A,N/A,N/A,154476544,133545984,39378944,4096,135168,28102656,1,systemd-journal,S (sleeping),server-compromised.bnsdq.ozxfs.rzona-vmdrv.kvugl,0.18661011682699527,0
1759303167,3293,1,N/A,N/A,N/A,N/A,N/A,N/A,N/A,N/A,1953800192,1922228224,41988096,N/A,135168,170463232,13,discern-network,S (sleeping),server-compromised.bnsdq.ozxfs.rzona-vmdrv.kvugl,1.323929189586289,0
1759303167,70443,1,N/A,N/A,N/A,N/A,N/A,N/A,N/A,N/A,1580597248,1580597248,21614592,N/A,135168,82202624,5,discern-interfa,S (sleeping),server-compromised.bnsdq.ozxfs.rzona-vmdrv.kvugl,0.0016752647479695783,0
1759303167,72604,1,N/A,N/A,N/A,N/A,N/A,N/A,N/A,N/A,1264619520,1264619520,17321984,N/A,135168,45826048,5,discern-proc-so,S (sleeping),server-compromised.bnsdq.ozxfs.rzona-vmdrv.kvugl,2.5587608948360527,0
1759303170,376,1,103,103,103,103,109,109,109,109,134209536,134209536,123260928,N/A,135168,126480384,1,dbus-daemon,S (sleeping),server-compromised.bnsdq.ozxfs.rzona-vmdrv.kvugl,0.29405976344741797,1
1759303170,3355,1,N/A,N/A,N/A,N/A,N/A,N/A,N/A,N/A,1922494464,1922494464,47996928,N/A,135168,174923776,13,discern-network,S (sleeping),server-compromised.bnsdq.ozxfs.rzona-vmdrv.kvugl,0.5133036710080184,1
1759303170,179,1,N/A,N/A,N/A,N/A,N/A,N/A,N/A,N/A,116699136,116699136,37797888,4096,135168,28098560,1,systemd-journal,S (sleeping),server-compromised.bnsdq.ozxfs.rzona-vmdrv.kvugl,0.19073246100642,1
1759303170,47797,1,N/A,N/A,N/A,N/A,N/A,N/A,N/A,N/A,1264619520,1264619520,17080320,N/A,135168,45826048,4,discern-proc-so,S (sleeping),server-compromised.bnsdq.ozxfs.rzona-vmdrv.kvugl,2.742545640229587,1
1759303170,45626,1,N/A,N/A,N/A,N/A,N/A,N/A,N/A,N/A,1647706112,1580597248,20361216,N/A,135168,82202624,5,discern-interfa,S (sleeping),server-compromised.bnsdq.ozxfs.rzona-vmdrv.kvugl,0.006324600731579574,1
1759303173,340,1,103,103,103,103,109,109,109,109,250912768,250912768,236171264,N/A,135168,243183616,1,dbus-daemon,S (sleeping),server-compromised.bnsdq.ozxfs.rzona-vmdrv.kvugl,0.28531436745159505,0
1759303173,181,1,N/A,N/A,N/A,N/A,N/A,N/A,N/A,N/A,154476544,133545984,39378944,4096,135168,28102656,1,systemd-journal,S (sleeping),server-compromised.bnsdq.ozxfs.rzona-vmdrv.kvugl,0.18678028347273823,0
1759303173,3293,1,N/A,N/A,N/A,N/A,N/A,N/A,N/A,N/A,1953800192,1922228224,41988096,N/A,135168,170463232,13,discern-network,S (sleeping),server-compromised.bnsdq.ozxfs.rzona-vmdrv.kvugl,1.3234468731387845,0
1759303173,70443,1,N/A,N/A,N/A,N/A,N/A,N/A,N/A,N/A,1580597248,1580597248,21614592,N/A,135168,82202624,5,discern-interfa,S (sleeping),server-compromised.bnsdq.ozxfs.rzona-vmdrv.kvugl,0.0016680391693364768,0
1759303173,72604,1,N/A,N/A,N/A,N/A,N/A,N/A,N/A,N/A,1264619520,1264619520,17321984,N/A,135168,45826048,5,discern-proc-so,S (sleeping),server-compromised.bnsdq.ozxfs.rzona-vmdrv.kvugl,2.559503839380591,0
1759303175,376,1,103,103,103,103,109,109,109,109,134479872,134479872,123260928,N/A,135168,126750720,1,dbus-daemon,S (sleeping),server-compromised.bnsdq.ozxfs.rzona-vmdrv.kvugl,0.29421151416343844,1
1759303175,3355,1,N/A,N/A,N/A,N/A,N/A,N/A,N/A,N/A,1922494464,1922494464,47996928,N/A,135168,174923776,13,discern-network,S (sleeping),server-compromised.bnsdq.ozxfs.rzona-vmdrv.kvugl,0.5130877725905709,1
1759303175,179,1,N/A,N/A,N/A,N/A,N/A,N/A,N/A,N/A,116699136,116699136,37797888,4096,135168,28098560,1,systemd-journal,S (sleeping),server-compromised.bnsdq.ozxfs.rzona-vmdrv.kvugl,0.19042322813276075,1
1759303175,47797,1,N/A,N/A,N/A,N/A,N/A,N/A,N/A,N/A,1264619520,1264619520,17080320,N/A,135168,45826048,4,discern-proc-so,R (running),server-compromised.bnsdq.ozxfs.rzona-vmdrv.kvugl,2.7351421817123596,1
1759303175,45626,1,N/A,N/A,N/A,N/A,N/A,N/A,N/A,N/A,1647706112,1580597248,20361216,N/A,135168,82202624,5,discern-interfa,S (sleeping),server-compromised.bnsdq.ozxfs.rzona-vmdrv.kvugl,0.006223064126708469,1
1759303178,340,1,103,103,103,103,109,109,109,109,250912768,250912768,236171264,N/A,135168,243183616,1,dbus-daemon,S (sleeping),server-compromised.bnsdq.ozxfs.rzona-vmdrv.kvugl,0.28523623339430365,0
1759303178,181,1,N/A,N/A,N/A,N/A,N/A,N/A,N/A,N/A,154476544,133545984,39378944,4096,135168,28102656,1,systemd-journal,S (sleeping),server-compromised.bnsdq.ozxfs.rzona-vmdrv.kvugl,0.18695017473353856,0
1759303178,3293,1,N/A,N/A,N/A,N/A,N/A,N/A,N/A,N/A,1953800192,1922228224,41988096,N/A,135168,170463232,13,discern-network,S (sleeping),server-compromised.bnsdq.ozxfs.rzona-vmdrv.kvugl,1.3227962200298864,0
1759303178,70443,1,N/A,N/A,N/A,N/A,N/A,N/A,N/A,N/A,1580597248,1580597248,21614592,N/A,135168,82202624,5,discern-interfa,S (sleeping),server-compromised.bnsdq.ozxfs.rzona-vmdrv.kvugl,0.0024913144626541608,0
1759303178,72604,1,N/A,N/A,N/A,N/A,N/A,N/A,N/A,N/A,1264619520,1264619520,17321984,N/A,135168,45826048,5,discern-proc-so,S (sleeping),server-compromised.bnsdq.ozxfs.rzona-vmdrv.kvugl,2.5602405672973227,0
1759303180,376,1,103,103,103,103,109,109,109,109,134615040,134615040,123531264,N/A,135168,126885888,1,dbus-daemon,S (sleeping),server-compromised.bnsdq.ozxfs.rzona-vmdrv.kvugl,0.29404698561383597,1
1759303180,3355,1,N/A,N/A,N/A,N/A,N/A,N/A,N/A,N/A,1922494464,1922494464,47996928,N/A,135168,174923776,13,discern-network,S (sleeping),server-compromised.bnsdq.ozxfs.rzona-vmdrv.kvugl,0.5128689778533017,1
1759303180,179,1,N/A,N/A,N/A,N/A,N/A,N/A,N/A,N/A,116699136,116699136,37797888,4096,135168,28098560,1,systemd-journal,S (sleeping),server-compromised.bnsdq.ozxfs.rzona-vmdrv.kvugl,0.1907411623830125,1
1759303180,47797,1,N/A,N/A,N/A,N/A,N/A,N/A,N/A,N/A,1264619520,1264619520,17129472,N/A,135168,45826048,4,discern-proc-so,S (sleeping),server-compromised.bnsdq.ozxfs.rzona-vmdrv.kvugl,2.7465354435920744,1
1759303180,45626,1,N/A,N/A,N/A,N/A,N/A,N/A,N/A,N/A,1647706112,1580597248,20361216,N/A,135168,82202624,5,discern-interfa,S (sleeping),server-compromised.bnsdq.ozxfs.rzona-vmdrv.kvugl,0.006124335675742744,1
1759303183,340,1,103,103,103,103,109,109,109,109,250912768,250912768,236171264,N/A,135168,243183616,1,dbus-daemon,S (sleeping),server-compromised.bnsdq.ozxfs.rzona-vmdrv.kvugl,0.2851586003233771,0
1759303183,181,1,N/A,N/A,N/A,N/A,N/A,N/A,N/A,N/A,154476544,133545984,39378944,4096,135168,28102656,1,systemd-journal,S (sleeping),server-compromised.bnsdq.ozxfs.rzona-vmdrv.kvugl,0.18712000012720673,0
1759303183,3293,1,N/A,N/A,N/A,N/A,N/A,N/A,N/A,N/A,1953800192,1922228224,41988096,N/A,135168,170463232,13,discern-network,S (sleeping),server-compromised.bnsdq.ozxfs.rzona-vmdrv.kvugl,1.3221483224700303,0
1759303183,70443,1,N/A,N/A,N/A,N/A,N/A,N/A,N/A,N/A,1580597248,1580597248,21614592,N/A,135168,82202624,5,discern-interfa,S (sleeping),server-compromised.bnsdq.ozxfs.rzona-vmdrv.kvugl,0.0024806768772634496,0
1759303183,72604,1,N/A,N/A,N/A,N/A,N/A,N/A,N/A,N/A,1264619520,1264619520,17321984,N/A,135168,45826048,5,discern-proc-so,S (sleeping),server-compromised.bnsdq.ozxfs.rzona-vmdrv.kvugl,2.559070832606022,0
1759303185,376,1,103,103,103,103,109,109,109,109,134750208,134750208,123801600,N/A,135168,127021056,1,dbus-daemon,S (sleeping),server-compromised.bnsdq.ozxfs.rzona-vmdrv.kvugl,0.2938852660074772,1
1759303185,3355,1,N/A,N/A,N/A,N/A,N/A,N/A,N/A,N/A,1922494464,1922494464,47996928,N/A,135168,174923776,13,discern-network,S (sleeping),server-compromised.bnsdq.ozxfs.rzona-vmdrv.kvugl,0.5129869303744156,1
1759303185,179,1,N/A,N/A,N/A,N/A,N/A,N/A,N/A,N/A,116699136,116699136,37797888,4096,135168,28098560,1,systemd-journal,S (sleeping),server-compromised.bnsdq.ozxfs.rzona-vmdrv.kvugl,0.19074632068012495,1
1759303185,47797,1,N/A,N/A,N/A,N/A,N/A,N/A,N/A,N/A,1264619520,1264619520,17129472,N/A,135168,45826048,4,discern-proc-so,R (running),server-compromised.bnsdq.ozxfs.rzona-vmdrv.kvugl,2.7395236279165958,1
1759303185,45626,1,N/A,N/A,N/A,N/A,N/A,N/A,N/A,N/A,1647706112,1580597248,20361216,N/A,135168,82202624,5,discern-interfa,S (sleeping),server-compromised.bnsdq.ozxfs.rzona-vmdrv.kvugl,0.00602913723611841,1
1759303188,340,1,103,103,103,103,109,109,109,109,250912768,250912768,236171264,N/A,135168,243183616,1,dbus-daemon,S (sleeping),server-compromised.bnsdq.ozxfs.rzona-vmdrv.kvugl,0.2852450421855865,0
1759303188,181,1,N/A,N/A,N/A,N/A,N/A,N/A,N/A,N/A,154476544,133545984,39378944,4096,135168,28102656,1,systemd-journal,S (sleeping),server-compromised.bnsdq.ozxfs.rzona-vmdrv.kvugl,0.1872894818015549,0
1759303188,3293,1,N/A,N/A,N/A,N/A,N/A,N/A,N/A,N/A,1953800192,1922228224,41988096,N/A,135168,170463232,13,discern-network,S (sleeping),server-compromised.bnsdq.ozxfs.rzona-vmdrv.kvugl,1.3215011429467354,0
1759303188,70443,1,N/A,N/A,N/A,N/A,N/A,N/A,N/A,N/A,1580597248,1580597248,21614592,N/A,135168,82202624,5,discern-interfa,S (sleeping),server-compromised.bnsdq.ozxfs.rzona-vmdrv.kvugl,0.0024701259634399182,0
1759303188,72604,1,N/A,N/A,N/A,N/A,N/A,N/A,N/A,N/A,1264619520,1264619520,17321984,N/A,135168,45826048,5,discern-proc-so,S (sleeping),server-compromised.bnsdq.ozxfs.rzona-vmdrv.kvugl,2.5598154951230443,0
1759303190,376,1,103,103,103,103,109,109,109,109,135180288,135180288,124071936,N/A,135168,127451136,1,dbus-daemon,S (sleeping),server-compromised.bnsdq.ozxfs.rzona-vmdrv.kvugl,0.2943498634522421,1
1759303190,3355,1,N/A,N/A,N/A,N/A,N/A,N/A,N/A,N/A,1922494464,1922494464,47996928,N/A,135168,174923776,13,discern-network,S (sleeping),server-compromised.bnsdq.ozxfs.rzona-vmdrv.kvugl,0.5134361182131086,1
1759303190,179,1,N/A,N/A,N/A,N/A,N/A,N/A,N/A,N/A,116699136,116699136,37797888,4096,135168,28098560,1,systemd-journal,S (sleeping),server-compromised.bnsdq.ozxfs.rzona-vmdrv.kvugl,0.19075160283201936,1
1759303190,47797,1,N/A,N/A,N/A,N/A,N/A,N/A,N/A,N/A,1264619520,1264619520,17129472,N/A,135168,45826048,4,discern-proc-so,S (sleeping),server-compromised.bnsdq.ozxfs.rzona-vmdrv.kvugl,2.7329718833082364,1
1759303190,45626,1,N/A,N/A,N/A,N/A,N/A,N/A,N/A,N/A,1647706112,1580597248,20361216,N/A,135168,82202624,5,discern-interfa,S (sleeping),server-compromised.bnsdq.ozxfs.rzona-vmdrv.kvugl,0.005936896465197144,1
1759303193,340,1,103,103,103,103,109,109,109,109,250912768,250912768,236171264,N/A,135168,243183616,1,dbus-daemon,S (sleeping),server-compromised.bnsdq.ozxfs.rzona-vmdrv.kvugl,0.28516797009224,0
1759303193,181,1,N/A,N/A,N/A,N/A,N/A,N/A,N/A,N/A,154476544,133545984,39378944,4096,135168,28102656,1,systemd-journal,S (sleeping),server-compromised.bnsdq.ozxfs.rzona-vmdrv.kvugl,0.18745902037324166,0
1759303193,3293,1,N/A,N/A,N/A,N/A,N/A,N/A,N/A,N/A,1953800192,1922228224,41988096,N/A,135168,170463232,13,discern-network,S (sleeping),server-compromised.bnsdq.ozxfs.rzona-vmdrv.kvugl,1.3211952853709203,0
1759303193,70443,1,N/A,N/A,N/A,N/A,N/A,N/A,N/A,N/A,1580597248,1580597248,21614592,N/A,135168,82202624,5,discern-interfa,S (sleeping),server-compromised.bnsdq.ozxfs.rzona-vmdrv.kvugl,0.002459687149233054,0
1759303193,72604,1,N/A,N/A,N/A,N/A,N/A,N/A,N/A,N/A,1264619520,1264619520,17321984,N/A,135168,45826048,5,discern-proc-so,S (sleeping),server-compromised.bnsdq.ozxfs.rzona-vmdrv.kvugl,2.5605803141117085,0
1759303196,376,1,103,103,103,103,109,109,109,109,135180288,135180288,124071936,N/A,135168,127451136,1,dbus-daemon,S (sleeping),server-compromised.bnsdq.ozxfs.rzona-vmdrv.kvugl,0.29387604966217284,1
1759303196,3355,1,N/A,N/A,N/A,N/A,N/A,N/A,N/A,N/A,1922494464,1922494464,47996928,N/A,135168,174923776,13,discern-network,S (sleeping),server-compromised.bnsdq.ozxfs.rzona-vmdrv.kvugl,0.5132223608154617,1
1759303196,179,1,N/A,N/A,N/A,N/A,N/A,N/A,N/A,N/A,116699136,116699136,37797888,4096,135168,28098560,1,systemd-journal,S (sleeping),server-compromised.bnsdq.ozxfs.rzona-vmdrv.kvugl,0.1907568492950809,1
1759303196,47797,1,N/A,N/A,N/A,N/A,N/A,N/A,N/A,N/A,1264619520,1264619520,17129472,N/A,135168,45826048,4,discern-proc-so,R (running),server-compromised.bnsdq.ozxfs.rzona-vmdrv.kvugl,2.732478996671408,1
1759303196,45626,1,N/A,N/A,N/A,N/A,N/A,N/A,N/A,N/A,1647706112,1580597248,20361216,N/A,135168,82202624,5,discern-interfa,S (sleeping),server-compromised.bnsdq.ozxfs.rzona-vmdrv.kvugl,0.005847427725535565,1
1759303198,340,1,103,103,103,103,109,109,109,109,250912768,250912768,236171264,N/A,135168,243183616,1,dbus-daemon,S (sleeping),server-compromised.bnsdq.ozxfs.rzona-vmdrv.kvugl,0.28525358619664787,0
1759303198,181,1,N/A,N/A,N/A,N/A,N/A,N/A,N/A,N/A,154476544,133545984,39378944,4096,135168,28102656,1,systemd-journal,S (sleeping),server-compromised.bnsdq.ozxfs.rzona-vmdrv.kvugl,0.18746376338519946,0
1759303198,3293,1,N/A,N/A,N/A,N/A,N/A,N/A,N/A,N/A,1953800192,1922228224,41988096,N/A,135168,170463232,13,discern-network,S (sleeping),server-compromised.bnsdq.ozxfs.rzona-vmdrv.kvugl,1.3203781663828609,0
1759303198,70443,1,N/A,N/A,N/A,N/A,N/A,N/A,N/A,N/A,1580597248,1580597248,21614592,N/A,135168,82202624,5,discern-interfa,S (sleeping),server-compromised.bnsdq.ozxfs.rzona-vmdrv.kvugl,0.002449284927453526,0
1759303198,72604,1,N/A,N/A,N/A,N/A,N/A,N/A,N/A,N/A,1264619520,1264619520,17321984,N/A,135168,45826048,5,discern-proc-so,S (sleeping),server-compromised.bnsdq.ozxfs.rzona-vmdrv.kvugl,2.563164470940679,0
1759303201,376,1,103,103,103,103,109,109,109,109,135450624,135450624,124342272,N/A,135168,127721472,1,dbus-daemon,S (sleeping),server-compromised.bnsdq.ozxfs.rzona-vmdrv.kvugl,0.29402809046245165,1
1759303201,3355,1,N/A,N/A,N/A,N/A,N/A,N/A,N/A,N/A,1922494464,1922494464,47996928,N/A,135168,174923776,13,discern-network,S (sleeping),server-compromised.bnsdq.ozxfs.rzona-vmdrv.kvugl,0.5130106875284222,1
1759303201,179,1,N/A,N/A,N/A,N/A,N/A,N/A,N/A,N/A,116699136,116699136,37797888,4096,135168,28098560,1,systemd-journal,S (sleeping),server-compromised.bnsdq.ozxfs.rzona-vmdrv.kvugl,0.19076255680311457,1
1759303201,47797,1,N/A,N/A,N/A,N/A,N/A,N/A,N/A,N/A,1264619520,1264619520,17158144,N/A,135168,45826048,4,discern-proc-so,R (running),server-compromised.bnsdq.ozxfs.rzona-vmdrv.kvugl,2.7210982442891942,1
1759303201,45626,1,N/A,N/A,N/A,N/A,N/A,N/A,N/A,N/A,1647706112,1580597248,20361216,N/A,135168,82202624,5,discern-interfa,S (sleeping),server-compromised.bnsdq.ozxfs.rzona-vmdrv.kvugl,0.005760751110287083,1
1759303203,340,1,103,103,103,103,109,109,109,109,250912768,250912768,236171264,N/A,135168,243183616,1,dbus-daemon,S (sleeping),server-compromised.bnsdq.ozxfs.rzona-vmdrv.kvugl,0.28517689018869147,0
1759303203,181,1,N/A,N/A,N/A,N/A,N/A,N/A,N/A,N/A,154476544,133545984,39378944,4096,135168,28102656,1,systemd-journal,S (sleeping),server-compromised.bnsdq.ozxfs.rzona-vmdrv.kvugl,0.18763303453715602,0
1759303204,3293,1,N/A,N/A,N/A,N/A,N/A,N/A,N/A,N/A,1953800192,1922228224,41988096,N/A,135168,170463232,13,discern-network,S (sleeping),server-compromised.bnsdq.ozxfs.rzona-vmdrv.kvugl,1.3197379197001162,0
1759303204,70443,1,N/A,N/A,N/A,N/A,N/A,N/A,N/A,N/A,1580597248,1580597248,21614592,N/A,135168,82202624,5,discern-interfa,S (sleeping),server-compromised.bnsdq.ozxfs.rzona-vmdrv.kvugl,0.002439031833048689,0
1759303204,72604,1,N/A,N/A,N/A,N/A,N/A,N/A,N/A,N/A,1264619520,1264619520,17321984,N/A,135168,45826048,5,discern-proc-so,S (sleeping),server-compromised.bnsdq.ozxfs.rzona-vmdrv.kvugl,2.562038886222702,0
1759303206,376,1,103,103,103,103,109,109,109,109,135589888,135589888,124612608,N/A,135168,127860736,1,dbus-daemon,S (sleeping),server-compromised.bnsdq.ozxfs.rzona-vmdrv.kvugl,0.29417783335569736,1
1759303206,3355,1,N/A,N/A,N/A,N/A,N/A,N/A,N/A,N/A,1922494464,1922494464,47996928,N/A,135168,174923776,13,discern-network,S (sleeping),server-compromised.bnsdq.ozxfs.rzona-vmdrv.kvugl,0.5131259488293564,1
1759303206,179,1,N/A,N/A,N/A,N/A,N/A,N/A,N/A,N/A,116699136,116699136,37797888,4096,135168,28098560,1,systemd-journal,S (sleeping),server-compromised.bnsdq.ozxfs.rzona-vmdrv.kvugl,0.19076707038116494,1
1759303206,47797,1,N/A,N/A,N/A,N/A,N/A,N/A,N/A,N/A,1264619520,1264619520,17158144,N/A,135168,45826048,4,discern-proc-so,S (sleeping),server-compromised.bnsdq.ozxfs.rzona-vmdrv.kvugl,2.726156358101717,1
1759303206,45626,1,N/A,N/A,N/A,N/A,N/A,N/A,N/A,N/A,1647706112,1580597248,20361216,N/A,135168,82202624,5,discern-interfa,S (sleeping),server-compromised.bnsdq.ozxfs.rzona-vmdrv.kvugl,0.005676286435985235,1
1759303209,340,1,103,103,103,103,109,109,109,109,250912768,250912768,236171264,N/A,135168,243183616,1,dbus-daemon,S (sleeping),server-compromised.bnsdq.ozxfs.rzona-vmdrv.kvugl,0.2854269097627361,0
1759303209,181,1,N/A,N/A,N/A,N/A,N/A,N/A,N/A,N/A,154476544,133545984,39378944,4096,135168,28102656,1,systemd-journal,S (sleeping),server-compromised.bnsdq.ozxfs.rzona-vmdrv.kvugl,0.18812867674592848,0
1759303209,3293,1,N/A,N/A,N/A,N/A,N/A,N/A,N/A,N/A,1953800192,1922228224,41988096,N/A,135168,170463232,13,discern-network,S (sleeping),server-compromised.bnsdq.ozxfs.rzona-vmdrv.kvugl,1.319265443937516,0
1759303209,70443,1,N/A,N/A,N/A,N/A,N/A,N/A,N/A,N/A,1580597248,1580597248,21614592,N/A,135168,82202624,5,discern-interfa,S (sleeping),server-compromised.bnsdq.ozxfs.rzona-vmdrv.kvugl,0.0024288486383210453,0
1759303209,72604,1,N/A,N/A,N/A,N/A,N/A,N/A,N/A,N/A,1264619520,1264619520,17321984,N/A,135168,45826048,5,discern-proc-so,S (sleeping),server-compromised.bnsdq.ozxfs.rzona-vmdrv.kvugl,2.56371107941071,0
1759303211,376,1,103,103,103,103,109,109,109,109,135725056,135725056,124882944,N/A,135168,127995904,1,dbus-daemon,S (sleeping),server-compromised.bnsdq.ozxfs.rzona-vmdrv.kvugl,0.294018041639938,1
1759303211,3355,1,N/A,N/A,N/A,N/A,N/A,N/A,N/A,N/A,1922494464,1922494464,47996928,N/A,135168,174923776,13,discern-network,S (sleeping),server-compromised.bnsdq.ozxfs.rzona-vmdrv.kvugl,0.5129150393803098,1
1759303211,179,1,N/A,N/A,N/A,N/A,N/A,N/A,N/A,N/A,116699136,116699136,37797888,4096,135168,28098560,1,systemd-journal,S (sleeping),server-compromised.bnsdq.ozxfs.rzona-vmdrv.kvugl,0.1904619896628504,1
1759303211,47797,1,N/A,N/A,N/A,N/A,N/A,N/A,N/A,N/A,1264619520,1264619520,17158144,N/A,135168,45826048,4,discern-proc-so,R (running),server-compromised.bnsdq.ozxfs.rzona-vmdrv.kvugl,2.7155439228964746,1
1759303211,45626,1,N/A,N/A,N/A,N/A,N/A,N/A,N/A,N/A,1647706112,1580597248,20361216,N/A,135168,82202624,5,discern-interfa,S (sleeping),server-compromised.bnsdq.ozxfs.rzona-vmdrv.kvugl,0.005594557555874908,1
1759303214,340,1,103,103,103,103,109,109,109,109,250912768,250912768,236171264,N/A,135168,243183616,1,dbus-daemon,S (sleeping),server-compromised.bnsdq.ozxfs.rzona-vmdrv.kvugl,0.2851860491279397,0
1759303214,181,1,N/A,N/A,N/A,N/A,N/A,N/A,N/A,N/A,154476544,133545984,39378944,4096,135168,28102656,1,systemd-journal,S (sleeping),server-compromised.bnsdq.ozxfs.rzona-vmdrv.kvugl,0.18829656916881232,0
1759303214,3293,1,N/A,N/A,N/A,N/A,N/A,N/A,N/A,N/A,1953800192,1922228224,41988096,N/A,135168,170463232,13,discern-network,S (sleeping),server-compromised.bnsdq.ozxfs.rzona-vmdrv.kvugl,1.3187916691020931,0
1759303214,70443,1,N/A,N/A,N/A,N/A,N/A,N/A,N/A,N/A,1580597248,1580597248,21614592,N/A,135168,82202624,5,discern-interfa,S (sleeping),server-compromised.bnsdq.ozxfs.rzona-vmdrv.kvugl,0.002418731795910812,0
1759303214,72604,1,N/A,N/A,N/A,N/A,N/A,N/A,N/A,N/A,1264619520,1264619520,17321984,N/A,135168,45826048,5,discern-proc-so,S (sleeping),server-compromised.bnsdq.ozxfs.rzona-vmdrv.kvugl,2.5644140097674937,0
1759303216,376,1,103,103,103,103,109,109,109,109,135995392,135995392,124882944,N/A,135168,128266240,1,dbus-daemon,S (sleeping),server-compromised.bnsdq.ozxfs.rzona-vmdrv.kvugl,0.2941657873865791,1
1759303216,3355,1,N/A,N/A,N/A,N/A,N/A,N/A,N/A,N/A,1922494464,1922494464,47996928,N/A,135168,174923776,13,discern-network,S (sleeping),server-compromised.bnsdq.ozxfs.rzona-vmdrv.kvugl,0.5130272424861586,1
1759303216,179,1,N/A,N/A,N/A,N/A,N/A,N/A,N/A,N/A,116699136,116699136,37797888,4096,135168,28098560,1,systemd-journal,S (sleeping),server-compromised.bnsdq.ozxfs.rzona-vmdrv.kvugl,0.19077618978799668,1
1759303216,47797,1,N/A,N/A,N/A,N/A,N/A,N/A,N/A,N/A,1264619520,1264619520,17158144,N/A,135168,45826048,4,discern-proc-so,R (running),server-compromised.bnsdq.ozxfs.rzona-vmdrv.kvugl,2.730422972093586,1
1759303216,45626,1,N/A,N/A,N/A,N/A,N/A,N/A,N/A,N/A,1647706112,1580597248,20361216,N/A,135168,82202624,5,discern-interfa,S (sleeping),server-compromised.bnsdq.ozxfs.rzona-vmdrv.kvugl,0.005514610625214381,1
1759303219,340,1,103,103,103,103,109,109,109,109,250912768,250912768,236171264,N/A,135168,243183616,1,dbus-daemon,S (sleeping),server-compromised.bnsdq.ozxfs.rzona-vmdrv.kvugl,0.28527240412749805,0
1759303219,181,1,N/A,N/A,N/A,N/A,N/A,N/A,N/A,N/A,154476544,133545984,39378944,4096,135168,28102656,1,systemd-journal,S (sleeping),server-compromised.bnsdq.ozxfs.rzona-vmdrv.kvugl,0.18846444915905483,0
1759303219,3293,1,N/A,N/A,N/A,N/A,N/A,N/A,N/A,N/A,1953800192,1922228224,41988096,N/A,135168,170463232,13,discern-network,S (sleeping),server-compromised.bnsdq.ozxfs.rzona-vmdrv.kvugl,1.3179844455378913,0
1759303219,70443,1,N/A,N/A,N/A,N/A,N/A,N/A,N/A,N/A,1580597248,1580597248,21614592,N/A,135168,82202624,5,discern-interfa,S (sleeping),server-compromised.bnsdq.ozxfs.rzona-vmdrv.kvugl,0.002408715741324091,0
1759303219,72604,1,N/A,N/A,N/A,N/A,N/A,N/A,N/A,N/A,1264619520,1264619520,17321984,N/A,135168,45826048,5,discern-proc-so,S (sleeping),server-compromised.bnsdq.ozxfs.rzona-vmdrv.kvugl,2.565130890068939,0
1759303221,376,1,103,103,103,103,109,109,109,109,136130560,136130560,125153280,N/A,135168,128401408,1,dbus-daemon,S (sleeping),server-compromised.bnsdq.ozxfs.rzona-vmdrv.kvugl,0.2940061838424383,1
1759303221,3355,1,N/A,N/A,N/A,N/A,N/A,N/A,N/A,N/A,1922494464,1922494464,47996928,N/A,135168,174923776,13,discern-network,S (sleeping),server-compromised.bnsdq.ozxfs.rzona-vmdrv.kvugl,0.5128165845620739,1
1759303221,179,1,N/A,N/A,N/A,N/A,N/A,N/A,N/A,N/A,116699136,116699136,37797888,4096,135168,28098560,1,systemd-journal,S (sleeping),server-compromised.bnsdq.ozxfs.rzona-vmdrv.kvugl,0.19047185702007413,1
1759303221,47797,1,N/A,N/A,N/A,N/A,N/A,N/A,N/A,N/A,1264619520,1264619520,17158144,N/A,135168,45826048,4,discern-proc-so,S (sleeping),server-compromised.bnsdq.ozxfs.rzona-vmdrv.kvugl,2.7201978909935973,1
1759303221,45626,1,N/A,N/A,N/A,N/A,N/A,N/A,N/A,N/A,1647706112,1580597248,20361216,N/A,135168,82202624,5,discern-interfa,S (sleeping),server-compromised.bnsdq.ozxfs.rzona-vmdrv.kvugl,0.005437388347539074,1
1759303224,340,1,103,103,103,103,109,109,109,109,250912768,250912768,236171264,N/A,135168,243183616,1,dbus-daemon,S (sleeping),server-compromised.bnsdq.ozxfs.rzona-vmdrv.kvugl,0.2851946324741019,0
1759303224,181,1,N/A,N/A,N/A,N/A,N/A,N/A,N/A,N/A,154476544,133545984,39378944,4096,135168,28102656,1,systemd-journal,S (sleeping),server-compromised.bnsdq.ozxfs.rzona-vmdrv.kvugl,0.18863143961096276,0
1759303224,3293,1,N/A,N/A,N/A,N/A,N/A,N/A,N/A,N/A,1953800192,1922228224,41988096,N/A,135168,170463232,13,discern-network,S (sleeping),server-compromised.bnsdq.ozxfs.rzona-vmdrv.kvugl,1.317174253537109,0
1759303224,70443,1,N/A,N/A,N/A,N/A,N/A,N/A,N/A,N/A,1580597248,1580597248,21614592,N/A,135168,82202624,5,discern-interfa,S (sleeping),server-compromised.bnsdq.ozxfs.rzona-vmdrv.kvugl,0.0023987444526174513,0
1759303224,72604,1,N/A,N/A,N/A,N/A,N/A,N/A,N/A,N/A,1264619520,1264619520,17321984,N/A,135168,45826048,5,discern-proc-so,S (sleeping),server-compromised.bnsdq.ozxfs.rzona-vmdrv.kvugl,2.5667162648750703,0
1759303226,376,1,103,103,103,103,109,109,109,109,136265728,136265728,125423616,N/A,135168,128536576,1,dbus-daemon,S (sleeping),server-compromised.bnsdq.ozxfs.rzona-vmdrv.kvugl,0.29384527617446826,1
1759303226,3355,1,N/A,N/A,N/A,N/A,N/A,N/A,N/A,N/A,1922494464,1922494464,47996928,N/A,135168,174923776,13,discern-network,S (sleeping),server-compromised.bnsdq.ozxfs.rzona-vmdrv.kvugl,0.5126032898378088,1
1759303227,179,1,N/A,N/A,N/A,N/A,N/A,N/A,N/A,N/A,116699136,116699136,37797888,4096,135168,28098560,1,systemd-journal,S (sleeping),server-compromised.bnsdq.ozxfs.rzona-vmdrv.kvugl,0.1901673198963542,1
1759303227,47797,1,N/A,N/A,N/A,N/A,N/A,N/A,N/A,N/A,1264619520,1264619520,17158144,N/A,135168,45826048,4,discern-proc-so,S (sleeping),server-compromised.bnsdq.ozxfs.rzona-vmdrv.kvugl,2.7150512849599635,1
1759303227,45626,1,N/A,N/A,N/A,N/A,N/A,N/A,N/A,N/A,1647706112,1580597248,20361216,N/A,135168,82202624,5,discern-interfa,S (sleeping),server-compromised.bnsdq.ozxfs.rzona-vmdrv.kvugl,0.0053620115321697,1
1759303229,340,1,103,103,103,103,109,109,109,109,250912768,250912768,236171264,N/A,135168,243183616,1,dbus-daemon,S (sleeping),server-compromised.bnsdq.ozxfs.rzona-vmdrv.kvugl,0.2852801152976544,0
1759303229,181,1,N/A,N/A,N/A,N/A,N/A,N/A,N/A,N/A,154476544,133545984,39378944,4096,135168,28102656,1,systemd-journal,S (sleeping),server-compromised.bnsdq.ozxfs.rzona-vmdrv.kvugl,0.18879827972302704,0
1759303229,3293,1,N/A,N/A,N/A,N/A,N/A,N/A,N/A,N/A,1953800192,1922228224,41988096,N/A,135168,170463232,13,discern-network,S (sleeping),server-compromised.bnsdq.ozxfs.rzona-vmdrv.kvugl,1.316366410053061,0
1759303229,70443,1,N/A,N/A,N/A,N/A,N/A,N/A,N/A,N/A,1580597248,1580597248,21614592,N/A,135168,82202624,5,discern-interfa,S (sleeping),server-compromised.bnsdq.ozxfs.rzona-vmdrv.kvugl,0.0023888634614212044,0
1759303229,72604,1,N/A,N/A,N/A,N/A,N/A,N/A,N/A,N/A,1264619520,1264619520,17321984,N/A,135168,45826048,5,discern-proc-so,S (sleeping),server-compromised.bnsdq.ozxfs.rzona-vmdrv.kvugl,2.568296506737591,0
1759303232,376,1,103,103,103,103,109,109,109,109,136400896,136400896,125423616,N/A,135168,128671744,1,dbus-daemon,S (sleeping),server-compromised.bnsdq.ozxfs.rzona-vmdrv.kvugl,0.29368680670815434,1
1759303232,3355,1,N/A,N/A,N/A,N/A,N/A,N/A,N/A,N/A,1922494464,1922494464,47996928,N/A,135168,174923776,13,discern-network,S (sleeping),server-compromised.bnsdq.ozxfs.rzona-vmdrv.kvugl,0.5123942687168757,1
1759303232,179,1,N/A,N/A,N/A,N/A,N/A,N/A,N/A,N/A,116699136,116699136,37797888,4096,135168,28098560,1,systemd-journal,S (sleeping),server-compromised.bnsdq.ozxfs.rzona-vmdrv.kvugl,0.19048244629278246,1
1759303232,47797,1,N/A,N/A,N/A,N/A,N/A,N/A,N/A,N/A,1264619520,1264619520,17158144,N/A,135168,45826048,4,discern-proc-so,R (running),server-compromised.bnsdq.ozxfs.rzona-vmdrv.kvugl,2.71042672229112,1
1759303232,45626,1,N/A,N/A,N/A,N/A,N/A,N/A,N/A,N/A,1647706112,1580597248,20361216,N/A,135168,82202624,5,discern-interfa,S (sleeping),server-compromised.bnsdq.ozxfs.rzona-vmdrv.kvugl,0.005288993034181222,1
1759303235,340,1,103,103,103,103,109,109,109,109,250912768,250912768,236171264,N/A,135168,243183616,1,dbus-daemon,S (sleeping),server-compromised.bnsdq.ozxfs.rzona-vmdrv.kvugl,0.2853598895004055,0
1759303235,86695,1,N/A,N/A,N/A,N/A,N/A,N/A,N/A,N/A,1399861248,1399861248,134172672,N/A,135168,181100544,4,discern-file-so,R (running),server-compromised.bnsdq.ozxfs.rzona-vmdrv.kvugl,58.738160876464356,0
1759303235,3293,1,N/A,N/A,N/A,N/A,N/A,N/A,N/A,N/A,1953800192,1922228224,41988096,N/A,135168,170463232,13,discern-network,S (sleeping),server-compromised.bnsdq.ozxfs.rzona-vmdrv.kvugl,1.315701200358848,0
1759303235,181,1,N/A,N/A,N/A,N/A,N/A,N/A,N/A,N/A,154476544,133545984,39378944,4096,135168,28102656,1,systemd-journal,S (sleeping),server-compromised.bnsdq.ozxfs.rzona-vmdrv.kvugl,0.18879838306697108,0
1759303235,70443,1,N/A,N/A,N/A,N/A,N/A,N/A,N/A,N/A,1580597248,1580597248,21614592,N/A,135168,82202624,5,discern-interfa,S (sleeping),server-compromised.bnsdq.ozxfs.rzona-vmdrv.kvugl,0.0023788366342817656,0
1759303237,376,1,103,103,103,103,109,109,109,109,136806400,136806400,125964288,N/A,135168,129077248,1,dbus-daemon,S (sleeping),server-compromised.bnsdq.ozxfs.rzona-vmdrv.kvugl,0.2941449371940239,1
1759303237,3355,1,N/A,N/A,N/A,N/A,N/A,N/A,N/A,N/A,1922494464,1922494464,47996928,N/A,135168,174923776,13,discern-network,S (sleeping),server-compromised.bnsdq.ozxfs.rzona-vmdrv.kvugl,0.5125111499914488,1
1759303237,179,1,N/A,N/A,N/A,N/A,N/A,N/A,N/A,N/A,116699136,116699136,37797888,4096,135168,28098560,1,systemd-journal,S (sleeping),server-compromised.bnsdq.ozxfs.rzona-vmdrv.kvugl,0.19048797609714047,1
1759303237,47797,1,N/A,N/A,N/A,N/A,N/A,N/A,N/A,N/A,1264619520,1264619520,17158144,N/A,135168,45826048,4,discern-proc-so,S (sleeping),server-compromised.bnsdq.ozxfs.rzona-vmdrv.kvugl,2.710546481775848,1
1759303237,45626,1,N/A,N/A,N/A,N/A,N/A,N/A,N/A,N/A,1647706112,1580597248,20361216,N/A,135168,82202624,5,discern-interfa,S (sleeping),server-compromised.bnsdq.ozxfs.rzona-vmdrv.kvugl,0.005217852557227974,1
1759303240,340,1,103,103,103,103,109,109,109,109,250912768,250912768,236171264,N/A,135168,243183616,1,dbus-daemon,S (sleeping),server-compromised.bnsdq.ozxfs.rzona-vmdrv.kvugl,0.28527938795607083,0
1759303240,86695,1,N/A,N/A,N/A,N/A,N/A,N/A,N/A,N/A,1534283776,1534283776,224940032,N/A,135168,298745856,4,discern-file-so,R (running),server-compromised.bnsdq.ozxfs.rzona-vmdrv.kvugl,65.60551707403285,0
1759303240,3293,1,N/A,N/A,N/A,N/A,N/A,N/A,N/A,N/A,1953800192,1922228224,41988096,N/A,135168,170463232,13,discern-network,S (sleeping),server-compromised.bnsdq.ozxfs.rzona-vmdrv.kvugl,1.3148814888816944,0
1759303240,70443,1,N/A,N/A,N/A,N/A,N/A,N/A,N/A,N/A,1580597248,1580597248,21614592,N/A,135168,82202624,5,discern-interfa,S (sleeping),server-compromised.bnsdq.ozxfs.rzona-vmdrv.kvugl,0.0023689954184572177,0
1759303240,181,1,N/A,N/A,N/A,N/A,N/A,N/A,N/A,N/A,154476544,133545984,39378944,4096,135168,28102656,1,systemd-journal,S (sleeping),server-compromised.bnsdq.ozxfs.rzona-vmdrv.kvugl,0.18912537176270272,0
1759303242,376,1,103,103,103,103,109,109,109,109,136806400,136806400,125964288,N/A,135168,129077248,1,dbus-daemon,S (sleeping),server-compromised.bnsdq.ozxfs.rzona-vmdrv.kvugl,0.2936785710865652,1
1759303242,3355,1,N/A,N/A,N/A,N/A,N/A,N/A,N/A,N/A,1922494464,1922494464,47996928,N/A,135168,174923776,13,discern-network,S (sleeping),server-compromised.bnsdq.ozxfs.rzona-vmdrv.kvugl,0.5129541964890385,1
1759303242,179,1,N/A,N/A,N/A,N/A,N/A,N/A,N/A,N/A,116699136,116699136,37797888,4096,135168,28098560,1,systemd-journal,S (sleeping),server-compromised.bnsdq.ozxfs.rzona-vmdrv.kvugl,0.1901860463140058,1
1759303242,47797,1,N/A,N/A,N/A,N/A,N/A,N/A,N/A,N/A,1264619520,1264619520,17158144,N/A,135168,45826048,4,discern-proc-so,S (sleeping),server-compromised.bnsdq.ozxfs.rzona-vmdrv.kvugl,2.706227210561632,1
1759303242,45626,1,N/A,N/A,N/A,N/A,N/A,N/A,N/A,N/A,1647706112,1580597248,20361216,N/A,135168,82202624,5,discern-interfa,S (sleeping),server-compromised.bnsdq.ozxfs.rzona-vmdrv.kvugl,0.005148667526786017,1
1759303245,340,1,103,103,103,103,109,109,109,109,250912768,250912768,236171264,N/A,135168,243183616,1,dbus-daemon,S (sleeping),server-compromised.bnsdq.ozxfs.rzona-vmdrv.kvugl,0.2853582040276025,0
1759303245,86695,1,N/A,N/A,N/A,N/A,N/A,N/A,N/A,N/A,1534545920,1534545920,224940032,N/A,135168,299008000,4,discern-file-so,S (sleeping),server-compromised.bnsdq.ozxfs.rzona-vmdrv.kvugl,68.91924720618256,0
1759303245,3293,1,N/A,N/A,N/A,N/A,N/A,N/A,N/A,N/A,1953800192,1922228224,41988096,N/A,135168,170463232,13,discern-network,S (sleeping),server-compromised.bnsdq.ozxfs.rzona-vmdrv.kvugl,1.3140470519300298,0
1759303245,181,1,N/A,N/A,N/A,N/A,N/A,N/A,N/A,N/A,154476544,133545984,39378944,4096,135168,28102656,1,systemd-journal,S (sleeping),server-compromised.bnsdq.ozxfs.rzona-vmdrv.kvugl,0.19009948030971469,0
1759303245,70443,1,N/A,N/A,N/A,N/A,N/A,N/A,N/A,N/A,1580597248,1580597248,21614592,N/A,135168,82202624,5,discern-interfa,S (sleeping),server-compromised.bnsdq.ozxfs.rzona-vmdrv.kvugl,0.0023590979754492154,0
1759303247,376,1,103,103,103,103,109,109,109,109,137076736,137076736,126234624,N/A,135168,129347584,1,dbus-daemon,S (sleeping),server-compromised.bnsdq.ozxfs.rzona-vmdrv.kvugl,0.2941356995642526,1
1759303247,3355,1,N/A,N/A,N/A,N/A,N/A,N/A,N/A,N/A,1922494464,1922494464,47996928,N/A,135168,174923776,13,discern-network,S (sleeping),server-compromised.bnsdq.ozxfs.rzona-vmdrv.kvugl,0.5127454138987352,1
1759303247,179,1,N/A,N/A,N/A,N/A,N/A,N/A,N/A,N/A,116699136,116699136,37797888,4096,135168,28098560,1,systemd-journal,S (sleeping),server-compromised.bnsdq.ozxfs.rzona-vmdrv.kvugl,0.1901923139141073,1
1759303247,47797,1,N/A,N/A,N/A,N/A,N/A,N/A,N/A,N/A,1264619520,1264619520,17158144,N/A,135168,45826048,4,discern-proc-so,R (running),server-compromised.bnsdq.ozxfs.rzona-vmdrv.kvugl,2.702101885450134,1
1759303247,45626,1,N/A,N/A,N/A,N/A,N/A,N/A,N/A,N/A,1647706112,1580597248,20361216,N/A,135168,82202624,5,discern-interfa,S (sleeping),server-compromised.bnsdq.ozxfs.rzona-vmdrv.kvugl,0.00508129171939369,1
1759303250,340,1,103,103,103,103,109,109,109,109,250912768,250912768,236171264,N/A,135168,243183616,1,dbus-daemon,S (sleeping),server-compromised.bnsdq.ozxfs.rzona-vmdrv.kvugl,0.2851211635986372,0
1759303250,3293,1,N/A,N/A,N/A,N/A,N/A,N/A,N/A,N/A,1953800192,1922228224,41988096,N/A,135168,170463232,13,discern-network,S (sleeping),server-compromised.bnsdq.ozxfs.rzona-vmdrv.kvugl,1.313257854820493,0
1759303250,181,1,N/A,N/A,N/A,N/A,N/A,N/A,N/A,N/A,154476544,133545984,39378944,4096,135168,28102656,1,systemd-journal,S (sleeping),server-compromised.bnsdq.ozxfs.rzona-vmdrv.kvugl,0.19010402564043988,0
1759303250,70443,1,N/A,N/A,N/A,N/A,N/A,N/A,N/A,N/A,1580597248,1580597248,21614592,N/A,135168,82202624,5,discern-interfa,S (sleeping),server-compromised.bnsdq.ozxfs.rzona-vmdrv.kvugl,0.0023496507640509267,0
1759303250,72604,1,N/A,N/A,N/A,N/A,N/A,N/A,N/A,N/A,1264619520,1264619520,17321984,N/A,135168,45826048,5,discern-proc-so,S (sleeping),server-compromised.bnsdq.ozxfs.rzona-vmdrv.kvugl,2.5639511602265723,0
1759303252,376,1,103,103,103,103,109,109,109,109,137240576,137240576,126504960,N/A,135168,129511424,1,dbus-daemon,S (sleeping),server-compromised.bnsdq.ozxfs.rzona-vmdrv.kvugl,0.29397622345129576,1
1759303252,3355,1,N/A,N/A,N/A,N/A,N/A,N/A,N/A,N/A,1922494464,1922494464,47996928,N/A,135168,174923776,13,discern-network,S (sleeping),server-compromised.bnsdq.ozxfs.rzona-vmdrv.kvugl,0.5125346955235408,1
1759303252,179,1,N/A,N/A,N/A,N/A,N/A,N/A,N/A,N/A,116699136,116699136,37797888,4096,135168,28098560,1,systemd-journal,S (sleeping),server-compromised.bnsdq.ozxfs.rzona-vmdrv.kvugl,0.19019763454644154,1
1759303252,47797,1,N/A,N/A,N/A,N/A,N/A,N/A,N/A,N/A,1264619520,1264619520,17158144,N/A,135168,45826048,4,discern-proc-so,R (running),server-compromised.bnsdq.ozxfs.rzona-vmdrv.kvugl,2.7022702878449447,1
1759303252,45626,1,N/A,N/A,N/A,N/A,N/A,N/A,N/A,N/A,1647706112,1580597248,20361216,N/A,135168,82202624,5,discern-interfa,S (sleeping),server-compromised.bnsdq.ozxfs.rzona-vmdrv.kvugl,0.00501545590569693,1
1759303255,340,1,103,103,103,103,109,109,109,109,250912768,250912768,236171264,N/A,135168,243183616,1,dbus-daemon,S (sleeping),server-compromised.bnsdq.ozxfs.rzona-vmdrv.kvugl,0.2852064339752067,0
1759303255,3293,1,N/A,N/A,N/A,N/A,N/A,N/A,N/A,N/A,1953800192,1922228224,41988096,N/A,135168,170463232,13,discern-network,S (sleeping),server-compromised.bnsdq.ozxfs.rzona-vmdrv.kvugl,1.312457333691574,0
1759303255,181,1,N/A,N/A,N/A,N/A,N/A,N/A,N/A,N/A,154476544,133545984,39378944,4096,135168,28102656,1,systemd-journal,S (sleeping),server-compromised.bnsdq.ozxfs.rzona-vmdrv.kvugl,0.19043118720659724,0
1759303255,70443,1,N/A,N/A,N/A,N/A,N/A,N/A,N/A,N/A,1580597248,1580597248,21614592,N/A,135168,82202624,5,discern-interfa,S (sleeping),server-compromised.bnsdq.ozxfs.rzona-vmdrv.kvugl,0.0023401726565343553,0
1759303255,72604,1,N/A,N/A,N/A,N/A,N/A,N/A,N/A,N/A,1264619520,1264619520,17321984,N/A,135168,45826048,5,discern-proc-so,S (sleeping),server-compromised.bnsdq.ozxfs.rzona-vmdrv.kvugl,2.5655114968748007,0
1759303257,376,1,103,103,103,103,109,109,109,109,137515008,137515008,126504960,N/A,135168,129785856,1,dbus-daemon,S (sleeping),server-compromised.bnsdq.ozxfs.rzona-vmdrv.kvugl,0.29381808440833146,1
1759303257,3355,1,N/A,N/A,N/A,N/A,N/A,N/A,N/A,N/A,1922494464,1922494464,47996928,N/A,135168,174923776,13,discern-network,S (sleeping),server-compromised.bnsdq.ozxfs.rzona-vmdrv.kvugl,0.5126502644829422,1
1759303257,179,1,N/A,N/A,N/A,N/A,N/A,N/A,N/A,N/A,116699136,116699136,37797888,4096,135168,28098560,1,systemd-journal,S (sleeping),server-compromised.bnsdq.ozxfs.rzona-vmdrv.kvugl,0.19020347345548339,1
1759303257,47797,1,N/A,N/A,N/A,N/A,N/A,N/A,N/A,N/A,1264619520,1264619520,17158144,N/A,135168,45826048,4,discern-proc-so,R (running),server-compromised.bnsdq.ozxfs.rzona-vmdrv.kvugl,2.7025355948657745,1
1759303257,45626,1,N/A,N/A,N/A,N/A,N/A,N/A,N/A,N/A,1647706112,1580597248,20361216,N/A,135168,82202624,5,discern-interfa,S (sleeping),server-compromised.bnsdq.ozxfs.rzona-vmdrv.kvugl,0.004951416260733124,1
1759303261,340,1,103,103,103,103,109,109,109,109,250912768,250912768,236171264,N/A,135168,243183616,1,dbus-daemon,S (sleeping),server-compromised.bnsdq.ozxfs.rzona-vmdrv.kvugl,0.28512945968610753,0
1759303261,3293,1,N/A,N/A,N/A,N/A,N/A,N/A,N/A,N/A,1953800192,1922228224,41988096,N/A,135168,170463232,13,discern-network,S (sleeping),server-compromised.bnsdq.ozxfs.rzona-vmdrv.kvugl,1.311825130578039,0
1759303261,181,1,N/A,N/A,N/A,N/A,N/A,N/A,N/A,N/A,154476544,133545984,39378944,4096,135168,28102656,1,systemd-journal,S (sleeping),server-compromised.bnsdq.ozxfs.rzona-vmdrv.kvugl,0.1907577977766404,0
1759303261,70443,1,N/A,N/A,N/A,N/A,N/A,N/A,N/A,N/A,1580597248,1580597248,21614592,N/A,135168,82202624,5,discern-interfa,S (sleeping),server-compromised.bnsdq.ozxfs.rzona-vmdrv.kvugl,0.00233077059633979,0
1759303261,72604,1,N/A,N/A,N/A,N/A,N/A,N/A,N/A,N/A,1264619520,1264619520,17321984,N/A,135168,45826048,5,discern-proc-so,S (sleeping),server-compromised.bnsdq.ozxfs.rzona-vmdrv.kvugl,2.567057280148843,0
1759303263,376,1,103,103,103,103,109,109,109,109,137650176,137650176,126775296,N/A,135168,129921024,1,dbus-daemon,S (sleeping),server-compromised.bnsdq.ozxfs.rzona-vmdrv.kvugl,0.2939652137009191,1
1759303263,3355,1,N/A,N/A,N/A,N/A,N/A,N/A,N/A,N/A,1922494464,1922494464,47996928,N/A,135168,174923776,13,discern-network,S (sleeping),server-compromised.bnsdq.ozxfs.rzona-vmdrv.kvugl,0.5124398682996225,1
1759303263,179,1,N/A,N/A,N/A,N/A,N/A,N/A,N/A,N/A,116699136,116699136,37797888,4096,135168,28098560,1,systemd-journal,S (sleeping),server-compromised.bnsdq.ozxfs.rzona-vmdrv.kvugl,0.19020857114717918,1
1759303263,47797,1,N/A,N/A,N/A,N/A,N/A,N/A,N/A,N/A,1264619520,1264619520,17158144,N/A,135168,45826048,4,discern-proc-so,R (running),server-compromised.bnsdq.ozxfs.rzona-vmdrv.kvugl,2.702651696341828,1
1759303263,45626,1,N/A,N/A,N/A,N/A,N/A,N/A,N/A,N/A,1647706112,1580597248,20361216,N/A,135168,82202624,5,discern-interfa,S (sleeping),server-compromised.bnsdq.ozxfs.rzona-vmdrv.kvugl,0.004888843750317306,1
1759303266,340,1,103,103,103,103,109,109,109,109,250912768,250912768,236171264,N/A,135168,243183616,1,dbus-daemon,S (sleeping),server-compromised.bnsdq.ozxfs.rzona-vmdrv.kvugl,0.28521728726936924,0
1759303266,3293,1,N/A,N/A,N/A,N/A,N/A,N/A,N/A,N/A,1953800192,1922228224,41988096,N/A,135168,170463232,13,discern-network,S (sleeping),server-compromised.bnsdq.ozxfs.rzona-vmdrv.kvugl,1.3112068574262898,0
1759303266,181,1,N/A,N/A,N/A,N/A,N/A,N/A,N/A,N/A,154476544,133545984,39378944,4096,135168,28102656,1,systemd-journal,S (sleeping),server-compromised.bnsdq.ozxfs.rzona-vmdrv.kvugl,0.19092374591958894,0
1759303266,70443,1,N/A,N/A,N/A,N/A,N/A,N/A,N/A,N/A,1580597248,1580597248,21614592,N/A,135168,82202624,5,discern-interfa,S (sleeping),server-compromised.bnsdq.ozxfs.rzona-vmdrv.kvugl,0.002321549564451234,0
1759303266,72604,1,N/A,N/A,N/A,N/A,N/A,N/A,N/A,N/A,1264619520,1264619520,17321984,N/A,135168,45826048,5,discern-proc-so,S (sleeping),server-compromised.bnsdq.ozxfs.rzona-vmdrv.kvugl,2.5651716234811266,0
1759303268,376,1,103,103,103,103,109,109,109,109,137785344,137785344,126775296,N/A,135168,130056192,1,dbus-daemon,S (sleeping),server-compromised.bnsdq.ozxfs.rzona-vmdrv.kvugl,0.2938083898014267,1
1759303268,3355,1,N/A,N/A,N/A,N/A,N/A,N/A,N/A,N/A,1922494464,1922494464,47996928,N/A,135168,174923776,13,discern-network,S (sleeping),server-compromised.bnsdq.ozxfs.rzona-vmdrv.kvugl,0.512556688810368,1
1759303268,179,1,N/A,N/A,N/A,N/A,N/A,N/A,N/A,N/A,116699136,116699136,37797888,4096,135168,28098560,1,systemd-journal,S (sleeping),server-compromised.bnsdq.ozxfs.rzona-vmdrv.kvugl,0.19021489509462614,1
1759303268,47797,1,N/A,N/A,N/A,N/A,N/A,N/A,N/A,N/A,1264619520,1264619520,17158144,N/A,135168,45826048,4,discern-proc-so,S (sleeping),server-compromised.bnsdq.ozxfs.rzona-vmdrv.kvugl,2.6949392052914343,1
1759303268,45626,1,N/A,N/A,N/A,N/A,N/A,N/A,N/A,N/A,1647706112,1580597248,20361216,N/A,135168,82202624,5,discern-interfa,S (sleeping),server-compromised.bnsdq.ozxfs.rzona-vmdrv.kvugl,0.004828081915406648,1
1759303271,340,1,103,103,103,103,109,109,109,109,250912768,250912768,236171264,N/A,135168,243183616,1,dbus-daemon,S (sleeping),server-compromised.bnsdq.ozxfs.rzona-vmdrv.kvugl,0.2851401206001225,0
1759303271,3293,1,N/A,N/A,N/A,N/A,N/A,N/A,N/A,N/A,1953800192,1922228224,41988096,N/A,135168,170463232,13,discern-network,S (sleeping),server-compromised.bnsdq.ozxfs.rzona-vmdrv.kvugl,1.3105753307101566,0
1759303271,181,1,N/A,N/A,N/A,N/A,N/A,N/A,N/A,N/A,154476544,141897728,39378944,4096,135168,28102656,1,systemd-journal,S (sleeping),server-compromised.bnsdq.ozxfs.rzona-vmdrv.kvugl,0.19124919236752805,0
1759303271,70443,1,N/A,N/A,N/A,N/A,N/A,N/A,N/A,N/A,1580597248,1580597248,21614592,N/A,135168,82202624,5,discern-interfa,S (sleeping),server-compromised.bnsdq.ozxfs.rzona-vmdrv.kvugl,0.0023122842151365006,0
1759303271,72604,1,N/A,N/A,N/A,N/A,N/A,N/A,N/A,N/A,1264619520,1264619520,17321984,N/A,135168,45826048,5,discern-proc-so,S (sleeping),server-compromised.bnsdq.ozxfs.rzona-vmdrv.kvugl,2.5675734318823538,0
1759303273,376,1,103,103,103,103,109,109,109,109,137920512,137920512,127045632,N/A,135168,130191360,1,dbus-daemon,S (sleeping),server-compromised.bnsdq.ozxfs.rzona-vmdrv.kvugl,0.2936500783156187,1
1759303273,3355,1,N/A,N/A,N/A,N/A,N/A,N/A,N/A,N/A,1922494464,1922494464,47996928,N/A,135168,174923776,13,discern-network,S (sleeping),server-compromised.bnsdq.ozxfs.rzona-vmdrv.kvugl,0.5123470322785081,1
1759303273,179,1,N/A,N/A,N/A,N/A,N/A,N/A,N/A,N/A,116699136,116699136,37797888,4096,135168,28098560,1,systemd-journal,S (sleeping),server-compromised.bnsdq.ozxfs.rzona-vmdrv.kvugl,0.190219916677305,1
1759303273,47797,1,N/A,N/A,N/A,N/A,N/A,N/A,N/A,N/A,1264619520,1264619520,17158144,N/A,135168,45826048,4,discern-proc-so,R (running),server-compromised.bnsdq.ozxfs.rzona-vmdrv.kvugl,2.695197746745671,1
1759303273,45626,1,N/A,N/A,N/A,N/A,N/A,N/A,N/A,N/A,1647706112,1580597248,20361216,N/A,135168,82202624,5,discern-interfa,S (sleeping),server-compromised.bnsdq.ozxfs.rzona-vmdrv.kvugl,0.00476856042233518,1
1759303276,340,1,103,103,103,103,109,109,109,109,250912768,250912768,236171264,N/A,135168,243183616,1,dbus-daemon,S (sleeping),server-compromised.bnsdq.ozxfs.rzona-vmdrv.kvugl,0.2852255587528937,0
1759303276,3293,1,N/A,N/A,N/A,N/A,N/A,N/A,N/A,N/A,1953800192,1922228224,41988096,N/A,135168,170463232,13,discern-network,S (sleeping),server-compromised.bnsdq.ozxfs.rzona-vmdrv.kvugl,1.3097820996117384,0
1759303276,181,1,N/A,N/A,N/A,N/A,N/A,N/A,N/A,N/A,154476544,141897728,39378944,4096,135168,28102656,1,systemd-journal,S (sleeping),server-compromised.bnsdq.ozxfs.rzona-vmdrv.kvugl,0.19108962351057132,0
1759303276,70443,1,N/A,N/A,N/A,N/A,N/A,N/A,N/A,N/A,1580597248,1580597248,21614592,N/A,135168,82202624,5,discern-interfa,S (sleeping),server-compromised.bnsdq.ozxfs.rzona-vmdrv.kvugl,0.0023031227352596642,0
1759303276,72604,1,N/A,N/A,N/A,N/A,N/A,N/A,N/A,N/A,1264619520,1264619520,17321984,N/A,135168,45826048,5,discern-proc-so,S (sleeping),server-compromised.bnsdq.ozxfs.rzona-vmdrv.kvugl,2.5691122054469755,0
1759303278,376,1,103,103,103,103,109,109,109,109,138055680,138055680,127315968,N/A,135168,130326528,1,dbus-daemon,S (sleeping),server-compromised.bnsdq.ozxfs.rzona-vmdrv.kvugl,0.2937981306468916,1
1759303278,3355,1,N/A,N/A,N/A,N/A,N/A,N/A,N/A,N/A,1922494464,1922494464,47996928,N/A,135168,174923776,13,discern-network,S (sleeping),server-compromised.bnsdq.ozxfs.rzona-vmdrv.kvugl,0.5124625771038887,1
1759303278,179,1,N/A,N/A,N/A,N/A,N/A,N/A,N/A,N/A,116699136,116699136,37797888,4096,135168,28098560,1,systemd-journal,S (sleeping),server-compromised.bnsdq.ozxfs.rzona-vmdrv.kvugl,0.19022583634680656,1
1759303278,47797,1,N/A,N/A,N/A,N/A,N/A,N/A,N/A,N/A,1264619520,1264619520,17158144,N/A,135168,45826048,4,discern-proc-so,R (running),server-compromised.bnsdq.ozxfs.rzona-vmdrv.kvugl,2.691743076151947,1
1759303278,45626,1,N/A,N/A,N/A,N/A,N/A,N/A,N/A,N/A,1647706112,1580597248,20361216,N/A,135168,82202624,5,discern-interfa,S (sleeping),server-compromised.bnsdq.ozxfs.rzona-vmdrv.kvugl,0.004710663917238376,1
1759303281,340,1,103,103,103,103,109,109,109,109,250912768,250912768,236171264,N/A,135168,243183616,1,dbus-daemon,S (sleeping),server-compromised.bnsdq.ozxfs.rzona-vmdrv.kvugl,0.2853100903312804,0
1759303281,3293,1,N/A,N/A,N/A,N/A,N/A,N/A,N/A,N/A,1953800192,1922228224,41988096,N/A,135168,170463232,13,discern-network,S (sleeping),server-compromised.bnsdq.ozxfs.rzona-vmdrv.kvugl,1.3091529785803127,0
1759303281,181,1,N/A,N/A,N/A,N/A,N/A,N/A,N/A,N/A,154476544,141897728,39378944,4096,135168,28102656,1,systemd-journal,S (sleeping),server-compromised.bnsdq.ozxfs.rzona-vmdrv.kvugl,0.1915759306281824,0
1759303281,70443,1,N/A,N/A,N/A,N/A,N/A,N/A,N/A,N/A,1580597248,1580597248,21614592,N/A,135168,82202624,5,discern-interfa,S (sleeping),server-compromised.bnsdq.ozxfs.rzona-vmdrv.kvugl,0.002294004275762657,0
1759303281,72604,1,N/A,N/A,N/A,N/A,N/A,N/A,N/A,N/A,1264619520,1264619520,17321984,N/A,135168,45826048,5,discern-proc-so,S (sleeping),server-compromised.bnsdq.ozxfs.rzona-vmdrv.kvugl,2.5705994548030233,0
1759303283,376,1,103,103,103,103,109,109,109,109,138461184,138461184,127586304,N/A,135168,130732032,1,dbus-daemon,S (sleeping),server-compromised.bnsdq.ozxfs.rzona-vmdrv.kvugl,0.293946130028472,1
1759303283,3355,1,N/A,N/A,N/A,N/A,N/A,N/A,N/A,N/A,1922494464,1922494464,47996928,N/A,135168,174923776,13,discern-network,S (sleeping),server-compromised.bnsdq.ozxfs.rzona-vmdrv.kvugl,0.5122571280539118,1
1759303283,179,1,N/A,N/A,N/A,N/A,N/A,N/A,N/A,N/A,116699136,116699136,37797888,4096,135168,28098560,1,systemd-journal,S (sleeping),server-compromised.bnsdq.ozxfs.rzona-vmdrv.kvugl,0.19023200251381855,1
1759303283,47797,1,N/A,N/A,N/A,N/A,N/A,N/A,N/A,N/A,1264619520,1264619520,17158144,N/A,135168,45826048,4,discern-proc-so,R (running),server-compromised.bnsdq.ozxfs.rzona-vmdrv.kvugl,2.6884698131416926,1
1759303283,45626,1,N/A,N/A,N/A,N/A,N/A,N/A,N/A,N/A,1647706112,1580597248,20361216,N/A,135168,82202624,5,discern-interfa,S (sleeping),server-compromised.bnsdq.ozxfs.rzona-vmdrv.kvugl,0.004654205371484108,1
1759303286,340,1,103,103,103,103,109,109,109,109,250912768,250912768,236171264,N/A,135168,243183616,1,dbus-daemon,S (sleeping),server-compromised.bnsdq.ozxfs.rzona-vmdrv.kvugl,0.2852337337562852,0
1759303286,181,1,N/A,N/A,N/A,N/A,N/A,N/A,N/A,N/A,154476544,141897728,39378944,4096,135168,28102656,1,systemd-journal,S (sleeping),server-compromised.bnsdq.ozxfs.rzona-vmdrv.kvugl,0.1917390944205921,0
1759303286,3293,1,N/A,N/A,N/A,N/A,N/A,N/A,N/A,N/A,1953800192,1922228224,41988096,N/A,135168,170463232,13,discern-network,S (sleeping),server-compromised.bnsdq.ozxfs.rzona-vmdrv.kvugl,1.3085281178011345,0
1759303286,70443,1,N/A,N/A,N/A,N/A,N/A,N/A,N/A,N/A,1580597248,1580597248,21614592,N/A,135168,82202624,5,discern-interfa,S (sleeping),server-compromised.bnsdq.ozxfs.rzona-vmdrv.kvugl,0.0022849835591941536,0
1759303286,72604,1,N/A,N/A,N/A,N/A,N/A,N/A,N/A,N/A,1264619520,1264619520,17321984,N/A,135168,45826048,5,discern-proc-so,S (sleeping),server-compromised.bnsdq.ozxfs.rzona-vmdrv.kvugl,2.5729781806132643,0
1759303288,376,1,103,103,103,103,109,109,109,109,138461184,138461184,127586304,N/A,135168,130732032,1,dbus-daemon,S (sleeping),server-compromised.bnsdq.ozxfs.rzona-vmdrv.kvugl,0.29379004886933424,1
1759303288,3355,1,N/A,N/A,N/A,N/A,N/A,N/A,N/A,N/A,1922494464,1922494464,47996928,N/A,135168,174923776,13,discern-network,S (sleeping),server-compromised.bnsdq.ozxfs.rzona-vmdrv.kvugl,0.5123729754636142,1
1759303288,179,1,N/A,N/A,N/A,N/A,N/A,N/A,N/A,N/A,116699136,116699136,37797888,4096,135168,28098560,1,systemd-journal,S (sleeping),server-compromised.bnsdq.ozxfs.rzona-vmdrv.kvugl,0.1899346646301275,1
1759303288,47797,1,N/A,N/A,N/A,N/A,N/A,N/A,N/A,N/A,1264619520,1264619520,17158144,N/A,135168,45826048,4,discern-proc-so,R (running),server-compromised.bnsdq.ozxfs.rzona-vmdrv.kvugl,2.6890280839574845,1
1759303288,45626,1,N/A,N/A,N/A,N/A,N/A,N/A,N/A,N/A,1647706112,1580597248,20361216,N/A,135168,82202624,5,discern-interfa,S (sleeping),server-compromised.bnsdq.ozxfs.rzona-vmdrv.kvugl,0.004599070444497657,1
1759303292,340,1,103,103,103,103,109,109,109,109,250912768,250912768,236171264,N/A,135168,243183616,1,dbus-daemon,S (sleeping),server-compromised.bnsdq.ozxfs.rzona-vmdrv.kvugl,0.2854799794905458,0
1759303292,181,1,N/A,N/A,N/A,N/A,N/A,N/A,N/A,N/A,154476544,141897728,39378944,4096,135168,28102656,1,systemd-journal,S (sleeping),server-compromised.bnsdq.ozxfs.rzona-vmdrv.kvugl,0.1922244364679795,0
1759303292,3293,1,N/A,N/A,N/A,N/A,N/A,N/A,N/A,N/A,1953800192,1922228224,41988096,N/A,135168,170463232,13,discern-network,S (sleeping),server-compromised.bnsdq.ozxfs.rzona-vmdrv.kvugl,1.3079038627533437,0
1759303292,70443,1,N/A,N/A,N/A,N/A,N/A,N/A,N/A,N/A,1580597248,1580597248,21614592,N/A,135168,82202624,5,discern-interfa,S (sleeping),server-compromised.bnsdq.ozxfs.rzona-vmdrv.kvugl,0.0022760294878918703,0
1759303292,72604,1,N/A,N/A,N/A,N/A,N/A,N/A,N/A,N/A,1264619520,1264619520,17321984,N/A,135168,45826048,5,discern-proc-so,S (sleeping),server-compromised.bnsdq.ozxfs.rzona-vmdrv.kvugl,2.5744621811262918,0
1759303294,376,1,103,103,103,103,109,109,109,109,138731520,138731520,127856640,N/A,135168,131002368,1,dbus-daemon,S (sleeping),server-compromised.bnsdq.ozxfs.rzona-vmdrv.kvugl,0.2939375593624099,1
1759303294,3355,1,N/A,N/A,N/A,N/A,N/A,N/A,N/A,N/A,1922494464,1922494464,47996928,N/A,135168,174923776,13,discern-network,S (sleeping),server-compromised.bnsdq.ozxfs.rzona-vmdrv.kvugl,0.5121682864141682,1
1759303294,179,1,N/A,N/A,N/A,N/A,N/A,N/A,N/A,N/A,116699136,116699136,37797888,4096,135168,28098560,1,systemd-journal,S (sleeping),server-compromised.bnsdq.ozxfs.rzona-vmdrv.kvugl,0.1902441800866726,1
1759303294,47797,1,N/A,N/A,N/A,N/A,N/A,N/A,N/A,N/A,1264619520,1264619520,17158144,N/A,135168,45826048,4,discern-proc-so,S (sleeping),server-compromised.bnsdq.ozxfs.rzona-vmdrv.kvugl,2.682276076862899,1
1759303294,45626,1,N/A,N/A,N/A,N/A,N/A,N/A,N/A,N/A,1647706112,1580597248,20361216,N/A,135168,82202624,5,discern-interfa,S (sleeping),server-compromised.bnsdq.ozxfs.rzona-vmdrv.kvugl,0.004545236399013222,1
1759303297,340,1,103,103,103,103,109,109,109,109,250912768,250912768,236171264,N/A,135168,243183616,1,dbus-daemon,S (sleeping),server-compromised.bnsdq.ozxfs.rzona-vmdrv.kvugl,0.2852424954610641,0
1759303297,181,1,N/A,N/A,N/A,N/A,N/A,N/A,N/A,N/A,154476544,141897728,39378944,4096,135168,28102656,1,systemd-journal,S (sleeping),server-compromised.bnsdq.ozxfs.rzona-vmdrv.kvugl,0.19222568089688555,0
1759303297,3293,1,N/A,N/A,N/A,N/A,N/A,N/A,N/A,N/A,1953800192,1922228224,41988096,N/A,135168,170463232,13,discern-network,S (sleeping),server-compromised.bnsdq.ozxfs.rzona-vmdrv.kvugl,1.307115396828304,0
1759303297,70443,1,N/A,N/A,N/A,N/A,N/A,N/A,N/A,N/A,1580597248,1580597248,21614592,N/A,135168,82202624,5,discern-interfa,S (sleeping),server-compromised.bnsdq.ozxfs.rzona-vmdrv.kvugl,0.0022671505752353844,0
1759303297,72604,1,N/A,N/A,N/A,N/A,N/A,N/A,N/A,N/A,1264619520,1264619520,17321984,N/A,135168,45826048,5,discern-proc-so,S (sleeping),server-compromised.bnsdq.ozxfs.rzona-vmdrv.kvugl,2.5750768692413364,0
1759303299,376,1,103,103,103,103,109,109,109,109,139001856,139001856,128126976,N/A,135168,131272704,1,dbus-daemon,S (sleeping),server-compromised.bnsdq.ozxfs.rzona-vmdrv.kvugl,0.2940828689459927,1
1759303299,3355,1,N/A,N/A,N/A,N/A,N/A,N/A,N/A,N/A,1922494464,1922494464,47996928,N/A,135168,174923776,13,discern-network,S (sleeping),server-compromised.bnsdq.ozxfs.rzona-vmdrv.kvugl,0.5122808423097504,1
1759303299,179,1,N/A,N/A,N/A,N/A,N/A,N/A,N/A,N/A,116699136,116699136,37797888,4096,135168,28098560,1,systemd-journal,S (sleeping),server-compromised.bnsdq.ozxfs.rzona-vmdrv.kvugl,0.19024914036314372,1
1759303299,47797,1,N/A,N/A,N/A,N/A,N/A,N/A,N/A,N/A,1264619520,1264619520,17158144,N/A,135168,45826048,4,discern-proc-so,R (running),server-compromised.bnsdq.ozxfs.rzona-vmdrv.kvugl,2.6863318510033354,1
1759303299,45626,1,N/A,N/A,N/A,N/A,N/A,N/A,N/A,N/A,1647706112,1580597248,20361216,N/A,135168,82202624,5,discern-interfa,S (sleeping),server-compromised.bnsdq.ozxfs.rzona-vmdrv.kvugl,0.00449245160783875,1
1759303302,340,1,103,103,103,103,109,109,109,109,250912768,250912768,236171264,N/A,135168,243183616,1,dbus-daemon,S (sleeping),server-compromised.bnsdq.ozxfs.rzona-vmdrv.kvugl,0.2853275242958637,0
1759303302,181,1,N/A,N/A,N/A,N/A,N/A,N/A,N/A,N/A,154476544,141897728,39378944,4096,135168,28102656,1,systemd-journal,S (sleeping),server-compromised.bnsdq.ozxfs.rzona-vmdrv.kvugl,0.19254896970150412,0
1759303302,3293,1,N/A,N/A,N/A,N/A,N/A,N/A,N/A,N/A,1953800192,1922228224,41988096,N/A,135168,170463232,13,discern-network,S (sleeping),server-compromised.bnsdq.ozxfs.rzona-vmdrv.kvugl,1.3066602869789057,0
1759303302,70443,1,N/A,N/A,N/A,N/A,N/A,N/A,N/A,N/A,1580597248,1580597248,21614592,N/A,135168,82202624,5,discern-interfa,S (sleeping),server-compromised.bnsdq.ozxfs.rzona-vmdrv.kvugl,0.00225834385802992,0
1759303302,72604,1,N/A,N/A,N/A,N/A,N/A,N/A,N/A,N/A,1264619520,1264619520,17321984,N/A,135168,45826048,5,discern-proc-so,S (sleeping),server-compromised.bnsdq.ozxfs.rzona-vmdrv.kvugl,2.575689514483864,0
1759303304,376,1,103,103,103,103,109,109,109,109,139137024,139137024,128397312,N/A,135168,131407872,1,dbus-daemon,S (sleeping),server-compromised.bnsdq.ozxfs.rzona-vmdrv.kvugl,0.2939274971807357,1
1759303304,3355,1,N/A,N/A,N/A,N/A,N/A,N/A,N/A,N/A,1922494464,1922494464,47996928,N/A,135168,174923776,13,discern-network,S (sleeping),server-compromised.bnsdq.ozxfs.rzona-vmdrv.kvugl,0.5120771894618609,1
1759303304,179,1,N/A,N/A,N/A,N/A,N/A,N/A,N/A,N/A,116699136,116699136,37797888,4096,135168,28098560,1,systemd-journal,S (sleeping),server-compromised.bnsdq.ozxfs.rzona-vmdrv.kvugl,0.1902552836576125,1
1759303304,47797,1,N/A,N/A,N/A,N/A,N/A,N/A,N/A,N/A,1264619520,1264619520,17158144,N/A,135168,45826048,4,discern-proc-so,R (running),server-compromised.bnsdq.ozxfs.rzona-vmdrv.kvugl,2.6834028017315825,1
1759303304,45626,1,N/A,N/A,N/A,N/A,N/A,N/A,N/A,N/A,1647706112,1580597248,20361216,N/A,135168,82202624,5,discern-interfa,S (sleeping),server-compromised.bnsdq.ozxfs.rzona-vmdrv.kvugl,0.004441083426763268,1
1759303307,340,1,103,103,103,103,109,109,109,109,250912768,250912768,236171264,N/A,135168,243183616,1,dbus-daemon,S (sleeping),server-compromised.bnsdq.ozxfs.rzona-vmdrv.kvugl,0.2854121425960527,0
1759303307,181,1,N/A,N/A,N/A,N/A,N/A,N/A,N/A,N/A,154476544,141897728,39378944,4096,135168,28102656,1,systemd-journal,S (sleeping),server-compromised.bnsdq.ozxfs.rzona-vmdrv.kvugl,0.1927106761870826,0
1759303307,3293,1,N/A,N/A,N/A,N/A,N/A,N/A,N/A,N/A,1953800192,1922228224,41988096,N/A,135168,170463232,13,discern-network,S (sleeping),server-compromised.bnsdq.ozxfs.rzona-vmdrv.kvugl,1.3060390032086124,0
1759303307,70443,1,N/A,N/A,N/A,N/A,N/A,N/A,N/A,N/A,1580597248,1580597248,21614592,N/A,135168,82202624,5,discern-interfa,S (sleeping),server-compromised.bnsdq.ozxfs.rzona-vmdrv.kvugl,0.0022495951963831745,0
1759303307,72604,1,N/A,N/A,N/A,N/A,N/A,N/A,N/A,N/A,1264619520,1264619520,17321984,N/A,135168,45826048,5,discern-proc-so,S (sleeping),server-compromised.bnsdq.ozxfs.rzona-vmdrv.kvugl,2.5779964847564574,0
1759303309,376,1,103,103,103,103,109,109,109,109,139272192,139272192,128397312,N/A,135168,131543040,1,dbus-daemon,S (sleeping),server-compromised.bnsdq.ozxfs.rzona-vmdrv.kvugl,0.2940719274991428,1
1759303309,3355,1,N/A,N/A,N/A,N/A,N/A,N/A,N/A,N/A,1922494464,1922494464,47996928,N/A,135168,174923776,13,discern-network,S (sleeping),server-compromised.bnsdq.ozxfs.rzona-vmdrv.kvugl,0.5118699835735264,1
1759303309,179,1,N/A,N/A,N/A,N/A,N/A,N/A,N/A,N/A,116699136,116699136,37797888,4096,135168,28098560,1,systemd-journal,S (sleeping),server-compromised.bnsdq.ozxfs.rzona-vmdrv.kvugl,0.18995840194153998,1
1759303309,47797,1,N/A,N/A,N/A,N/A,N/A,N/A,N/A,N/A,1264619520,1264619520,17158144,N/A,135168,45826048,4,discern-proc-so,R (running),server-compromised.bnsdq.ozxfs.rzona-vmdrv.kvugl,2.6872464424982723,1
1759303309,45626,1,N/A,N/A,N/A,N/A,N/A,N/A,N/A,N/A,1647706112,1580597248,20361216,N/A,135168,82202624,5,discern-interfa,S (sleeping),server-compromised.bnsdq.ozxfs.rzona-vmdrv.kvugl,0.0043906272401520435,1
1759303312,340,1,103,103,103,103,109,109,109,109,250912768,250912768,236171264,N/A,135168,243183616,1,dbus-daemon,S (sleeping),server-compromised.bnsdq.ozxfs.rzona-vmdrv.kvugl,0.2853367213423366,0
1759303312,181,1,N/A,N/A,N/A,N/A,N/A,N/A,N/A,N/A,154476544,141897728,39378944,4096,135168,28102656,1,systemd-journal,S (sleeping),server-compromised.bnsdq.ozxfs.rzona-vmdrv.kvugl,0.19287269004133645,0
1759303312,3293,1,N/A,N/A,N/A,N/A,N/A,N/A,N/A,N/A,1953800192,1922228224,41988096,N/A,135168,170463232,13,discern-network,S (sleeping),server-compromised.bnsdq.ozxfs.rzona-vmdrv.kvugl,1.3052572587387745,0
1759303312,70443,1,N/A,N/A,N/A,N/A,N/A,N/A,N/A,N/A,1580597248,1580597248,21614592,N/A,135168,82202624,5,discern-interfa,S (sleeping),server-compromised.bnsdq.ozxfs.rzona-vmdrv.kvugl,0.0022409449619756176,0
1759303312,72604,1,N/A,N/A,N/A,N/A,N/A,N/A,N/A,N/A,1264619520,1264619520,17321984,N/A,135168,45826048,5,discern-proc-so,S (sleeping),server-compromised.bnsdq.ozxfs.rzona-vmdrv.kvugl,2.577765567424963,0
1759303314,376,1,103,103,103,103,109,109,109,109,139407360,139407360,128667648,N/A,135168,131678208,1,dbus-daemon,S (sleeping),server-compromised.bnsdq.ozxfs.rzona-vmdrv.kvugl,0.29391668668095605,1
1759303314,3355,1,N/A,N/A,N/A,N/A,N/A,N/A,N/A,N/A,1922494464,1922494464,47996928,N/A,135168,174923776,13,discern-network,S (sleeping),server-compromised.bnsdq.ozxfs.rzona-vmdrv.kvugl,0.5119851956719986,1
1759303314,179,1,N/A,N/A,N/A,N/A,N/A,N/A,N/A,N/A,116699136,116699136,37797888,4096,135168,28098560,1,systemd-journal,S (sleeping),server-compromised.bnsdq.ozxfs.rzona-vmdrv.kvugl,0.18996473838303682,1
1759303314,47797,1,N/A,N/A,N/A,N/A,N/A,N/A,N/A,N/A,1264619520,1264619520,17158144,N/A,135168,45826048,4,discern-proc-so,S (sleeping),server-compromised.bnsdq.ozxfs.rzona-vmdrv.kvugl,2.6877598105318796,1
1759303314,45626,1,N/A,N/A,N/A,N/A,N/A,N/A,N/A,N/A,1647706112,1580597248,20361216,N/A,135168,82202624,5,discern-interfa,S (sleeping),server-compromised.bnsdq.ozxfs.rzona-vmdrv.kvugl,0.004341509365038174,1
1759303317,340,1,103,103,103,103,109,109,109,109,250912768,250912768,236171264,N/A,135168,243183616,1,dbus-daemon,S (sleeping),server-compromised.bnsdq.ozxfs.rzona-vmdrv.kvugl,0.28526019505986105,0
1759303317,181,1,N/A,N/A,N/A,N/A,N/A,N/A,N/A,N/A,154476544,141897728,39378944,4096,135168,28102656,1,systemd-journal,S (sleeping),server-compromised.bnsdq.ozxfs.rzona-vmdrv.kvugl,0.19303360554795548,0
1759303317,3293,1,N/A,N/A,N/A,N/A,N/A,N/A,N/A,N/A,1953800192,1922228224,41988096,N/A,135168,170463232,13,discern-network,S (sleeping),server-compromised.bnsdq.ozxfs.rzona-vmdrv.kvugl,1.3046364809542097,0
1759303317,70443,1,N/A,N/A,N/A,N/A,N/A,N/A,N/A,N/A,1580597248,1580597248,21614592,N/A,135168,82202624,5,discern-interfa,S (sleeping),server-compromised.bnsdq.ozxfs.rzona-vmdrv.kvugl,0.0022323167090795523,0
1759303317,72604,1,N/A,N/A,N/A,N/A,N/A,N/A,N/A,N/A,1264619520,1264619520,17321984,N/A,135168,45826048,5,discern-proc-so,S (sleeping),server-compromised.bnsdq.ozxfs.rzona-vmdrv.kvugl,2.580025275615135,0
1759303319,376,1,103,103,103,103,109,109,109,109,139677696,139677696,128937984,N/A,135168,131948544,1,dbus-daemon,S (sleeping),server-compromised.bnsdq.ozxfs.rzona-vmdrv.kvugl,0.2940547796596537,1
1759303319,3355,1,N/A,N/A,N/A,N/A,N/A,N/A,N/A,N/A,1922494464,1922494464,47996928,N/A,135168,174923776,13,discern-network,S (sleeping),server-compromised.bnsdq.ozxfs.rzona-vmdrv.kvugl,0.5120856300020714,1
1759303319,179,1,N/A,N/A,N/A,N/A,N/A,N/A,N/A,N/A,116699136,116699136,37797888,4096,135168,28098560,1,systemd-journal,S (sleeping),server-compromised.bnsdq.ozxfs.rzona-vmdrv.kvugl,0.1902665789286068,1
1759303319,47797,1,N/A,N/A,N/A,N/A,N/A,N/A,N/A,N/A,1264619520,1264619520,17158144,N/A,135168,45826048,4,discern-proc-so,R (running),server-compromised.bnsdq.ozxfs.rzona-vmdrv.kvugl,2.687461836762789,1
1759303319,45626,1,N/A,N/A,N/A,N/A,N/A,N/A,N/A,N/A,1647706112,1580597248,20361216,N/A,135168,82202624,5,discern-interfa,S (sleeping),server-compromised.bnsdq.ozxfs.rzona-vmdrv.kvugl,0.004292662185190658,1
1759303323,340,1,103,103,103,103,109,109,109,109,250912768,250912768,236171264,N/A,135168,243183616,1,dbus-daemon,S (sleeping),server-compromised.bnsdq.ozxfs.rzona-vmdrv.kvugl,0.2855057872617172,0
1759303323,181,1,N/A,N/A,N/A,N/A,N/A,N/A,N/A,N/A,154476544,141897728,39378944,4096,135168,28102656,1,systemd-journal,S (sleeping),server-compromised.bnsdq.ozxfs.rzona-vmdrv.kvugl,0.19319494293171952,0
1759303323,3293,1,N/A,N/A,N/A,N/A,N/A,N/A,N/A,N/A,1953800192,1922228224,41988096,N/A,135168,170463232,13,discern-network,S (sleeping),server-compromised.bnsdq.ozxfs.rzona-vmdrv.kvugl,1.3040215294417508,0
1759303323,70443,1,N/A,N/A,N/A,N/A,N/A,N/A,N/A,N/A,1580597248,1580597248,21614592,N/A,135168,82202624,5,discern-interfa,S (sleeping),server-compromised.bnsdq.ozxfs.rzona-vmdrv.kvugl,0.0022237913604750094,0
1759303323,72604,1,N/A,N/A,N/A,N/A,N/A,N/A,N/A,N/A,1264619520,1264619520,17321984,N/A,135168,45826048,5,discern-proc-so,S (sleeping),server-compromised.bnsdq.ozxfs.rzona-vmdrv.kvugl,2.5814685729683595,0
1759303328,340,1,103,103,103,103,109,109,109,109,250912768,250912768,236171264,N/A,135168,243183616,1,dbus-daemon,S (sleeping),server-compromised.bnsdq.ozxfs.rzona-vmdrv.kvugl,0.2854293716501341,0
1759303328,181,1,N/A,N/A,N/A,N/A,N/A,N/A,N/A,N/A,154476544,141897728,39378944,4096,135168,28102656,1,systemd-journal,S (sleeping),server-compromised.bnsdq.ozxfs.rzona-vmdrv.kvugl,0.19351573656564242,0
1759303328,3293,1,N/A,N/A,N/A,N/A,N/A,N/A,N/A,N/A,1953800192,1922228224,41988096,N/A,135168,170463232,13,discern-network,S (sleeping),server-compromised.bnsdq.ozxfs.rzona-vmdrv.kvugl,1.3034034369649725,0
1759303328,70443,1,N/A,N/A,N/A,N/A,N/A,N/A,N/A,N/A,1580597248,1580597248,21614592,N/A,135168,82202624,5,discern-interfa,S (sleeping),server-compromised.bnsdq.ozxfs.rzona-vmdrv.kvugl,0.002215298917586702,0
1759303328,72604,1,N/A,N/A,N/A,N/A,N/A,N/A,N/A,N/A,1264619520,1264619520,17321984,N/A,135168,45826048,5,discern-proc-so,S (sleeping),server-compromised.bnsdq.ozxfs.rzona-vmdrv.kvugl,2.5828568755735,0
1759303333,340,1,103,103,103,103,109,109,109,109,250912768,250912768,236171264,N/A,135168,243183616,1,dbus-daemon,S (sleeping),server-compromised.bnsdq.ozxfs.rzona-vmdrv.kvugl,0.28535353729193064,0
1759303333,181,1,N/A,N/A,N/A,N/A,N/A,N/A,N/A,N/A,154476544,141897728,39378944,4096,135168,28102656,1,systemd-journal,S (sleeping),server-compromised.bnsdq.ozxfs.rzona-vmdrv.kvugl,0.1936761112429939,0
1759303333,3293,1,N/A,N/A,N/A,N/A,N/A,N/A,N/A,N/A,1953800192,1922228224,41988096,N/A,135168,170463232,13,discern-network,S (sleeping),server-compromised.bnsdq.ozxfs.rzona-vmdrv.kvugl,1.3027885235809413,0
1759303333,70443,1,N/A,N/A,N/A,N/A,N/A,N/A,N/A,N/A,1580597248,1580597248,21614592,N/A,135168,82202624,5,discern-interfa,S (sleeping),server-compromised.bnsdq.ozxfs.rzona-vmdrv.kvugl,0.0022068871408186964,0
1759303333,72604,1,N/A,N/A,N/A,N/A,N/A,N/A,N/A,N/A,1264619520,1264619520,17321984,N/A,135168,45826048,5,discern-proc-so,S (sleeping),server-compromised.bnsdq.ozxfs.rzona-vmdrv.kvugl,2.5842545514634834,0
1759303334,376,1,103,103,103,103,109,109,109,109,140353536,140353536,129478656,N/A,135168,132624384,1,dbus-daemon,S (sleeping),server-compromised.bnsdq.ozxfs.rzona-vmdrv.kvugl,0.29398029565091127,1
1759303334,3355,1,N/A,N/A,N/A,N/A,N/A,N/A,N/A,N/A,1922494464,1922494464,47996928,N/A,135168,174923776,13,discern-network,S (sleeping),server-compromised.bnsdq.ozxfs.rzona-vmdrv.kvugl,0.5116431986302217,1
1759303334,179,1,N/A,N/A,N/A,N/A,N/A,N/A,N/A,N/A,116699136,116699136,37797888,4096,135168,28098560,1,systemd-journal,S (sleeping),server-compromised.bnsdq.ozxfs.rzona-vmdrv.kvugl,0.19004237073038185,1
1759303334,51850,1,N/A,N/A,N/A,N/A,N/A,N/A,N/A,N/A,1264357376,1264357376,16896000,N/A,135168,45563904,3,discern-proc-so,R (running),server-compromised.bnsdq.ozxfs.rzona-vmdrv.kvugl,5.8813919563272306,1
1759303334,45626,1,N/A,N/A,N/A,N/A,N/A,N/A,N/A,N/A,1647706112,1580597248,20361216,N/A,135168,82202624,5,discern-interfa,S (sleeping),server-compromised.bnsdq.ozxfs.rzona-vmdrv.kvugl,0.004163541267930864,1
1759303338,340,1,103,103,103,103,109,109,109,109,250912768,250912768,236171264,N/A,135168,243183616,1,dbus-daemon,S (sleeping),server-compromised.bnsdq.ozxfs.rzona-vmdrv.kvugl,0.28559814025804897,0
1759303338,181,1,N/A,N/A,N/A,N/A,N/A,N/A,N/A,N/A,154476544,141897728,39378944,4096,135168,28102656,1,systemd-journal,S (sleeping),server-compromised.bnsdq.ozxfs.rzona-vmdrv.kvugl,0.19383631331868573,0
1759303338,3293,1,N/A,N/A,N/A,N/A,N/A,N/A,N/A,N/A,1953800192,1922228224,41988096,N/A,135168,170463232,13,discern-network,S (sleeping),server-compromised.bnsdq.ozxfs.rzona-vmdrv.kvugl,1.3023401052360715,0
1759303338,70443,1,N/A,N/A,N/A,N/A,N/A,N/A,N/A,N/A,1580597248,1580597248,21614592,N/A,135168,82202624,5,discern-interfa,S (sleeping),server-compromised.bnsdq.ozxfs.rzona-vmdrv.kvugl,0.0021985437615974057,0
1759303338,72604,1,N/A,N/A,N/A,N/A,N/A,N/A,N/A,N/A,1264619520,1264619520,17321984,N/A,135168,45826048,5,discern-proc-so,S (sleeping),server-compromised.bnsdq.ozxfs.rzona-vmdrv.kvugl,2.584812199300758,0
1759303339,376,1,103,103,103,103,109,109,109,109,140488704,140488704,129748992,N/A,135168,132759552,1,dbus-daemon,S (sleeping),server-compromised.bnsdq.ozxfs.rzona-vmdrv.kvugl,0.29382568590691993,1
1759303339,3355,1,N/A,N/A,N/A,N/A,N/A,N/A,N/A,N/A,1922494464,1922494464,47996928,N/A,135168,174923776,13,discern-network,S (sleeping),server-compromised.bnsdq.ozxfs.rzona-vmdrv.kvugl,0.5114409519139276,1
1759303339,179,1,N/A,N/A,N/A,N/A,N/A,N/A,N/A,N/A,116699136,116699136,37797888,4096,135168,28098560,1,systemd-journal,S (sleeping),server-compromised.bnsdq.ozxfs.rzona-vmdrv.kvugl,0.19004810233304667,1
1759303339,51850,1,N/A,N/A,N/A,N/A,N/A,N/A,N/A,N/A,1264619520,1264619520,17108992,N/A,135168,45826048,3,discern-proc-so,S (sleeping),server-compromised.bnsdq.ozxfs.rzona-vmdrv.kvugl,3.066884257422621,1
1759303339,45626,1,N/A,N/A,N/A,N/A,N/A,N/A,N/A,N/A,1647706112,1580597248,20361216,N/A,135168,82202624,5,discern-interfa,S (sleeping),server-compromised.bnsdq.ozxfs.rzona-vmdrv.kvugl,0.004119283160715443,1
1759303343,340,1,103,103,103,103,109,109,109,109,250912768,250912768,236171264,N/A,135168,243183616,1,dbus-daemon,S (sleeping),server-compromised.bnsdq.ozxfs.rzona-vmdrv.kvugl,0.28536206853132956,0
1759303343,181,1,N/A,N/A,N/A,N/A,N/A,N/A,N/A,N/A,154476544,141897728,39378944,4096,135168,28102656,1,systemd-journal,S (sleeping),server-compromised.bnsdq.ozxfs.rzona-vmdrv.kvugl,0.1939959779831927,0
1759303343,3293,1,N/A,N/A,N/A,N/A,N/A,N/A,N/A,N/A,1953800192,1922228224,41988096,N/A,135168,170463232,13,discern-network,S (sleeping),server-compromised.bnsdq.ozxfs.rzona-vmdrv.kvugl,1.3018905640949423,0
1759303343,70443,1,N/A,N/A,N/A,N/A,N/A,N/A,N/A,N/A,1580597248,1580597248,21614592,N/A,135168,82202624,5,discern-interfa,S (sleeping),server-compromised.bnsdq.ozxfs.rzona-vmdrv.kvugl,0.0021902492242402588,0
1759303343,72604,1,N/A,N/A,N/A,N/A,N/A,N/A,N/A,N/A,1264619520,1264619520,17321984,N/A,135168,45826048,5,discern-proc-so,S (sleeping),server-compromised.bnsdq.ozxfs.rzona-vmdrv.kvugl,2.5861770346836597,0
1759303344,376,1,103,103,103,103,109,109,109,109,140623872,140623872,130019328,N/A,135168,132894720,1,dbus-daemon,S (sleeping),server-compromised.bnsdq.ozxfs.rzona-vmdrv.kvugl,0.293968987563633,1
1759303344,3355,1,N/A,N/A,N/A,N/A,N/A,N/A,N/A,N/A,1922494464,1922494464,47996928,N/A,135168,174923776,13,discern-network,S (sleeping),server-compromised.bnsdq.ozxfs.rzona-vmdrv.kvugl,0.5118678841122094,1
1759303344,179,1,N/A,N/A,N/A,N/A,N/A,N/A,N/A,N/A,116699136,116699136,37797888,4096,135168,28098560,1,systemd-journal,S (sleeping),server-compromised.bnsdq.ozxfs.rzona-vmdrv.kvugl,0.19005316212430087,1
1759303344,51850,1,N/A,N/A,N/A,N/A,N/A,N/A,N/A,N/A,1264619520,1264619520,17113088,N/A,135168,45826048,3,discern-proc-so,R (running),server-compromised.bnsdq.ozxfs.rzona-vmdrv.kvugl,2.9074962458506817,1
1759303344,45626,1,N/A,N/A,N/A,N/A,N/A,N/A,N/A,N/A,1647706112,1580597248,20361216,N/A,135168,82202624,5,discern-interfa,S (sleeping),server-compromised.bnsdq.ozxfs.rzona-vmdrv.kvugl,0.0040758598729046,1
1759303348,340,1,103,103,103,103,109,109,109,109,250912768,250912768,236171264,N/A,135168,243183616,1,dbus-daemon,S (sleeping),server-compromised.bnsdq.ozxfs.rzona-vmdrv.kvugl,0.28544629692209,0
1759303348,181,1,N/A,N/A,N/A,N/A,N/A,N/A,N/A,N/A,154476544,141897728,39378944,4096,135168,28102656,1,systemd-journal,S (sleeping),server-compromised.bnsdq.ozxfs.rzona-vmdrv.kvugl,0.19415555640367058,0
1759303348,3293,1,N/A,N/A,N/A,N/A,N/A,N/A,N/A,N/A,1953800192,1922228224,41988096,N/A,135168,170463232,13,discern-network,S (sleeping),server-compromised.bnsdq.ozxfs.rzona-vmdrv.kvugl,1.301113928637152,0
1759303348,70443,1,N/A,N/A,N/A,N/A,N/A,N/A,N/A,N/A,1580597248,1580597248,21614592,N/A,135168,82202624,5,discern-interfa,S (sleeping),server-compromised.bnsdq.ozxfs.rzona-vmdrv.kvugl,0.0021820259123608346,0
1759303348,72604,1,N/A,N/A,N/A,N/A,N/A,N/A,N/A,N/A,1264619520,1264619520,17321984,N/A,135168,45826048,5,discern-proc-so,S (sleeping),server-compromised.bnsdq.ozxfs.rzona-vmdrv.kvugl,2.586714921077496,0
1759303349,376,1,103,103,103,103,109,109,109,109,140759040,140759040,130019328,N/A,135168,133029888,1,dbus-daemon,S (sleeping),server-compromised.bnsdq.ozxfs.rzona-vmdrv.kvugl,0.2938164457364633,1
1759303349,3355,1,N/A,N/A,N/A,N/A,N/A,N/A,N/A,N/A,1922494464,1922494464,47996928,N/A,135168,174923776,13,discern-network,S (sleeping),server-compromised.bnsdq.ozxfs.rzona-vmdrv.kvugl,0.5116688254136409,1
1759303349,179,1,N/A,N/A,N/A,N/A,N/A,N/A,N/A,N/A,116699136,116699136,37797888,4096,135168,28098560,1,systemd-journal,S (sleeping),server-compromised.bnsdq.ozxfs.rzona-vmdrv.kvugl,0.1897619775640554,1
1759303349,51850,1,N/A,N/A,N/A,N/A,N/A,N/A,N/A,N/A,1264619520,1264619520,17113088,N/A,135168,45826048,4,discern-proc-so,S (sleeping),server-compromised.bnsdq.ozxfs.rzona-vmdrv.kvugl,2.6726934221320677,1
1759303349,45626,1,N/A,N/A,N/A,N/A,N/A,N/A,N/A,N/A,1647706112,1580597248,20361216,N/A,135168,82202624,5,discern-interfa,S (sleeping),server-compromised.bnsdq.ozxfs.rzona-vmdrv.kvugl,0.004033583280436419,1
1759303354,340,1,103,103,103,103,109,109,109,109,250912768,250912768,236171264,N/A,135168,243183616,1,dbus-daemon,S (sleeping),server-compromised.bnsdq.ozxfs.rzona-vmdrv.kvugl,0.285529932152172,0
1759303354,181,1,N/A,N/A,N/A,N/A,N/A,N/A,N/A,N/A,158683136,104140800,39378944,4096,135168,28102656,1,systemd-journal,S (sleeping),server-compromised.bnsdq.ozxfs.rzona-vmdrv.kvugl,0.19463389676099785,0
1759303354,3293,1,N/A,N/A,N/A,N/A,N/A,N/A,N/A,N/A,1953800192,1922228224,41988096,N/A,135168,170463232,13,discern-network,S (sleeping),server-compromised.bnsdq.ozxfs.rzona-vmdrv.kvugl,1.3005009113467922,0
1759303354,70443,1,N/A,N/A,N/A,N/A,N/A,N/A,N/A,N/A,1580597248,1580597248,21614592,N/A,135168,82202624,5,discern-interfa,S (sleeping),server-compromised.bnsdq.ozxfs.rzona-vmdrv.kvugl,0.002173848732212922,0
1759303354,72604,1,N/A,N/A,N/A,N/A,N/A,N/A,N/A,N/A,1264619520,1264619520,17321984,N/A,135168,45826048,5,discern-proc-so,S (sleeping),server-compromised.bnsdq.ozxfs.rzona-vmdrv.kvugl,2.5888748223196556,0
1759303355,376,1,103,103,103,103,109,109,109,109,141029376,141029376,130289664,N/A,135168,133300224,1,dbus-daemon,S (sleeping),server-compromised.bnsdq.ozxfs.rzona-vmdrv.kvugl,0.2936618090661185,1
1759303355,3355,1,N/A,N/A,N/A,N/A,N/A,N/A,N/A,N/A,1922494464,1922494464,47996928,N/A,135168,174923776,13,discern-network,S (sleeping),server-compromised.bnsdq.ozxfs.rzona-vmdrv.kvugl,0.5114656985950713,1
1759303355,179,1,N/A,N/A,N/A,N/A,N/A,N/A,N/A,N/A,116699136,116699136,37797888,4096,135168,28098560,1,systemd-journal,S (sleeping),server-compromised.bnsdq.ozxfs.rzona-vmdrv.kvugl,0.19006491449134824,1
1759303355,51850,1,N/A,N/A,N/A,N/A,N/A,N/A,N/A,N/A,1264619520,1264619520,17186816,N/A,135168,45826048,4,discern-proc-so,S (sleeping),server-compromised.bnsdq.ozxfs.rzona-vmdrv.kvugl,2.6806800447604835,1
1759303355,45626,1,N/A,N/A,N/A,N/A,N/A,N/A,N/A,N/A,1647706112,1580597248,20361216,N/A,135168,82202624,5,discern-interfa,S (sleeping),server-compromised.bnsdq.ozxfs.rzona-vmdrv.kvugl,0.003991940807332243,1
1759303359,340,1,103,103,103,103,109,109,109,109,250912768,250912768,236171264,N/A,135168,243183616,1,dbus-daemon,S (sleeping),server-compromised.bnsdq.ozxfs.rzona-vmdrv.kvugl,0.28545439135253176,0
1759303359,181,1,N/A,N/A,N/A,N/A,N/A,N/A,N/A,N/A,158683136,104140800,39378944,4096,135168,28102656,1,systemd-journal,S (sleeping),server-compromised.bnsdq.ozxfs.rzona-vmdrv.kvugl,0.1946331986932532,0
1759303359,3293,1,N/A,N/A,N/A,N/A,N/A,N/A,N/A,N/A,1953800192,1922228224,41988096,N/A,135168,170463232,13,discern-network,S (sleeping),server-compromised.bnsdq.ozxfs.rzona-vmdrv.kvugl,1.2998913685419984,0
1759303359,70443,1,N/A,N/A,N/A,N/A,N/A,N/A,N/A,N/A,1580597248,1580597248,21614592,N/A,135168,82202624,5,discern-interfa,S (sleeping),server-compromised.bnsdq.ozxfs.rzona-vmdrv.kvugl,0.0021657504232774597,0
1759303359,72604,1,N/A,N/A,N/A,N/A,N/A,N/A,N/A,N/A,1264619520,1264619520,17321984,N/A,135168,45826048,5,discern-proc-so,S (sleeping),server-compromised.bnsdq.ozxfs.rzona-vmdrv.kvugl,2.5894002003602994,0
1759303360,376,1,103,103,103,103,109,109,109,109,141164544,141164544,130560000,N/A,135168,133435392,1,dbus-daemon,S (sleeping),server-compromised.bnsdq.ozxfs.rzona-vmdrv.kvugl,0.2935112964711646,1
1759303360,3355,1,N/A,N/A,N/A,N/A,N/A,N/A,N/A,N/A,1922494464,1922494464,47996928,N/A,135168,174923776,13,discern-network,S (sleeping),server-compromised.bnsdq.ozxfs.rzona-vmdrv.kvugl,0.5112699418134085,1
1759303360,179,1,N/A,N/A,N/A,N/A,N/A,N/A,N/A,N/A,116699136,116699136,37797888,4096,135168,28098560,1,systemd-journal,S (sleeping),server-compromised.bnsdq.ozxfs.rzona-vmdrv.kvugl,0.18977531038681483,1
1759303360,51850,1,N/A,N/A,N/A,N/A,N/A,N/A,N/A,N/A,1264619520,1264619520,17186816,N/A,135168,45826048,4,discern-proc-so,S (sleeping),server-compromised.bnsdq.ozxfs.rzona-vmdrv.kvugl,2.6160754955104846,1
1759303360,45626,1,N/A,N/A,N/A,N/A,N/A,N/A,N/A,N/A,1647706112,1580597248,20361216,N/A,135168,82202624,5,discern-interfa,S (sleeping),server-compromised.bnsdq.ozxfs.rzona-vmdrv.kvugl,0.003951476028095311,1
1759303364,340,1,103,103,103,103,109,109,109,109,250912768,250912768,236171264,N/A,135168,243183616,1,dbus-daemon,S (sleeping),server-compromised.bnsdq.ozxfs.rzona-vmdrv.kvugl,0.2853783613843294,0
1759303364,181,1,N/A,N/A,N/A,N/A,N/A,N/A,N/A,N/A,158683136,104140800,39378944,4096,135168,28102656,1,systemd-journal,S (sleeping),server-compromised.bnsdq.ozxfs.rzona-vmdrv.kvugl,0.1949508915639006,0
1759303364,3293,1,N/A,N/A,N/A,N/A,N/A,N/A,N/A,N/A,1953800192,1922228224,41988096,N/A,135168,170463232,13,discern-network,S (sleeping),server-compromised.bnsdq.ozxfs.rzona-vmdrv.kvugl,1.299115877124598,0
1759303364,70443,1,N/A,N/A,N/A,N/A,N/A,N/A,N/A,N/A,1580597248,1580597248,21614592,N/A,135168,82202624,5,discern-interfa,S (sleeping),server-compromised.bnsdq.ozxfs.rzona-vmdrv.kvugl,0.002157691374214089,0
1759303364,72604,1,N/A,N/A,N/A,N/A,N/A,N/A,N/A,N/A,1264619520,1264619520,17321984,N/A,135168,45826048,5,discern-proc-so,S (sleeping),server-compromised.bnsdq.ozxfs.rzona-vmdrv.kvugl,2.590709492411326,0
1759303365,376,1,103,103,103,103,109,109,109,109,141299712,141299712,130560000,N/A,135168,133570560,1,dbus-daemon,S (sleeping),server-compromised.bnsdq.ozxfs.rzona-vmdrv.kvugl,0.29365462180954144,1
1759303365,3355,1,N/A,N/A,N/A,N/A,N/A,N/A,N/A,N/A,1922494464,1922494464,47996928,N/A,135168,174923776,13,discern-network,S (sleeping),server-compromised.bnsdq.ozxfs.rzona-vmdrv.kvugl,0.5110688519457556,1
1759303365,179,1,N/A,N/A,N/A,N/A,N/A,N/A,N/A,N/A,116699136,116699136,37797888,4096,135168,28098560,1,systemd-journal,S (sleeping),server-compromised.bnsdq.ozxfs.rzona-vmdrv.kvugl,0.18978102636540017,1
1759303365,51850,1,N/A,N/A,N/A,N/A,N/A,N/A,N/A,N/A,1264619520,1264619520,17186816,N/A,135168,45826048,4,discern-proc-so,S (sleeping),server-compromised.bnsdq.ozxfs.rzona-vmdrv.kvugl,2.630950835794955,1
1759303365,45626,1,N/A,N/A,N/A,N/A,N/A,N/A,N/A,N/A,1647706112,1580597248,20361216,N/A,135168,82202624,5,discern-interfa,S (sleeping),server-compromised.bnsdq.ozxfs.rzona-vmdrv.kvugl,0.003911538118906821,1
1759303369,340,1,103,103,103,103,109,109,109,109,250912768,250912768,236171264,N/A,135168,243183616,1,dbus-daemon,S (sleeping),server-compromised.bnsdq.ozxfs.rzona-vmdrv.kvugl,0.2854627603519491,0
1759303369,181,1,N/A,N/A,N/A,N/A,N/A,N/A,N/A,N/A,158683136,104140800,39378944,4096,135168,28102656,1,systemd-journal,S (sleeping),server-compromised.bnsdq.ozxfs.rzona-vmdrv.kvugl,0.1949502012527729,0
1759303369,3293,1,N/A,N/A,N/A,N/A,N/A,N/A,N/A,N/A,1953800192,1922228224,41988096,N/A,135168,170463232,13,discern-network,S (sleeping),server-compromised.bnsdq.ozxfs.rzona-vmdrv.kvugl,1.2983463862344506,0
1759303369,70443,1,N/A,N/A,N/A,N/A,N/A,N/A,N/A,N/A,1580597248,1580597248,21614592,N/A,135168,82202624,5,discern-interfa,S (sleeping),server-compromised.bnsdq.ozxfs.rzona-vmdrv.kvugl,0.002149725932062658,0
1759303369,72604,1,N/A,N/A,N/A,N/A,N/A,N/A,N/A,N/A,1264619520,1264619520,17321984,N/A,135168,45826048,5,discern-proc-so,S (sleeping),server-compromised.bnsdq.ozxfs.rzona-vmdrv.kvugl,2.590427230870746,0
1759303370,376,1,103,103,103,103,109,109,109,109,141434880,141434880,130830336,N/A,135168,133705728,1,dbus-daemon,S (sleeping),server-compromised.bnsdq.ozxfs.rzona-vmdrv.kvugl,0.2935020640662454,1
1759303370,3355,1,N/A,N/A,N/A,N/A,N/A,N/A,N/A,N/A,1922494464,1922494464,47996928,N/A,135168,174923776,13,discern-network,S (sleeping),server-compromised.bnsdq.ozxfs.rzona-vmdrv.kvugl,0.510869732923995,1
1759303370,179,1,N/A,N/A,N/A,N/A,N/A,N/A,N/A,N/A,116699136,116699136,37797888,4096,135168,28098560,1,systemd-journal,S (sleeping),server-compromised.bnsdq.ozxfs.rzona-vmdrv.kvugl,0.18949111044687209,1
1759303370,51850,1,N/A,N/A,N/A,N/A,N/A,N/A,N/A,N/A,1264619520,1264619520,17186816,N/A,135168,45826048,4,discern-proc-so,R (running),server-compromised.bnsdq.ozxfs.rzona-vmdrv.kvugl,2.562233749506764,1
1759303370,45626,1,N/A,N/A,N/A,N/A,N/A,N/A,N/A,N/A,1647706112,1580597248,20361216,N/A,135168,82202624,5,discern-interfa,S (sleeping),server-compromised.bnsdq.ozxfs.rzona-vmdrv.kvugl,0.0038724611614592034,1
1759303374,340,1,103,103,103,103,109,109,109,109,250912768,250912768,236171264,N/A,135168,243183616,1,dbus-daemon,S (sleeping),server-compromised.bnsdq.ozxfs.rzona-vmdrv.kvugl,0.28538706856610363,0
1759303374,181,1,N/A,N/A,N/A,N/A,N/A,N/A,N/A,N/A,158683136,104140800,39378944,4096,135168,28102656,1,systemd-journal,S (sleeping),server-compromised.bnsdq.ozxfs.rzona-vmdrv.kvugl,0.19510811874958417,0
1759303374,3293,1,N/A,N/A,N/A,N/A,N/A,N/A,N/A,N/A,1953800192,1922228224,41988096,N/A,135168,170463232,13,discern-network,S (sleeping),server-compromised.bnsdq.ozxfs.rzona-vmdrv.kvugl,1.2977383780903293,0
1759303374,70443,1,N/A,N/A,N/A,N/A,N/A,N/A,N/A,N/A,1580597248,1580597248,21614592,N/A,135168,82202624,5,discern-interfa,S (sleeping),server-compromised.bnsdq.ozxfs.rzona-vmdrv.kvugl,0.0021417928161323457,0
1759303374,72604,1,N/A,N/A,N/A,N/A,N/A,N/A,N/A,N/A,1264619520,1264619520,17321984,N/A,135168,45826048,5,discern-proc-so,S (sleeping),server-compromised.bnsdq.ozxfs.rzona-vmdrv.kvugl,2.5917313671309827,0
1759303375,376,1,103,103,103,103,109,109,109,109,141840384,141840384,131100672,N/A,135168,134111232,1,dbus-daemon,S (sleeping),server-compromised.bnsdq.ozxfs.rzona-vmdrv.kvugl,0.2936460885620091,1
1759303375,3355,1,N/A,N/A,N/A,N/A,N/A,N/A,N/A,N/A,1922494464,1922494464,47996928,N/A,135168,174923776,13,discern-network,S (sleeping),server-compromised.bnsdq.ozxfs.rzona-vmdrv.kvugl,0.5109841460740681,1
1759303375,179,1,N/A,N/A,N/A,N/A,N/A,N/A,N/A,N/A,116699136,116699136,37797888,4096,135168,28098560,1,systemd-journal,S (sleeping),server-compromised.bnsdq.ozxfs.rzona-vmdrv.kvugl,0.18979359801103726,1
1759303375,51850,1,N/A,N/A,N/A,N/A,N/A,N/A,N/A,N/A,1264619520,1264619520,17199104,N/A,135168,45826048,4,discern-proc-so,S (sleeping),server-compromised.bnsdq.ozxfs.rzona-vmdrv.kvugl,2.5338969828850124,1
1759303375,45626,1,N/A,N/A,N/A,N/A,N/A,N/A,N/A,N/A,1647706112,1580597248,20361216,N/A,135168,82202624,5,discern-interfa,S (sleeping),server-compromised.bnsdq.ozxfs.rzona-vmdrv.kvugl,0.003834192706623322,1
1759303379,340,1,103,103,103,103,109,109,109,109,250912768,250912768,236171264,N/A,135168,243183616,1,dbus-daemon,S (sleeping),server-compromised.bnsdq.ozxfs.rzona-vmdrv.kvugl,0.2853126828933625,0
1759303379,181,1,N/A,N/A,N/A,N/A,N/A,N/A,N/A,N/A,158683136,104140800,39489536,4096,135168,28102656,1,systemd-journal,S (sleeping),server-compromised.bnsdq.ozxfs.rzona-vmdrv.kvugl,0.19526658393884283,0
1759303379,3293,1,N/A,N/A,N/A,N/A,N/A,N/A,N/A,N/A,1953800192,1922228224,41988096,N/A,135168,170463232,13,discern-network,S (sleeping),server-compromised.bnsdq.ozxfs.rzona-vmdrv.kvugl,1.296973218013604,0
1759303379,70443,1,N/A,N/A,N/A,N/A,N/A,N/A,N/A,N/A,1580597248,1580597248,21614592,N/A,135168,82202624,5,discern-interfa,S (sleeping),server-compromised.bnsdq.ozxfs.rzona-vmdrv.kvugl,0.0021339575271333085,0
1759303379,72604,1,N/A,N/A,N/A,N/A,N/A,N/A,N/A,N/A,1264619520,1264619520,17321984,N/A,135168,45826048,5,discern-proc-so,S (sleeping),server-compromised.bnsdq.ozxfs.rzona-vmdrv.kvugl,2.591465990944375,0
1759303380,376,1,103,103,103,103,109,109,109,109,141975552,141975552,131371008,N/A,135168,134246400,1,dbus-daemon,S (sleeping),server-compromised.bnsdq.ozxfs.rzona-vmdrv.kvugl,0.2937863704112502,1
1759303380,3355,1,N/A,N/A,N/A,N/A,N/A,N/A,N/A,N/A,1922494464,1922494464,47996928,N/A,135168,174923776,13,discern-network,S (sleeping),server-compromised.bnsdq.ozxfs.rzona-vmdrv.kvugl,0.5110921296392821,1
1759303380,179,1,N/A,N/A,N/A,N/A,N/A,N/A,N/A,N/A,116699136,116699136,37797888,4096,135168,28098560,1,systemd-journal,S (sleeping),server-compromised.bnsdq.ozxfs.rzona-vmdrv.kvugl,0.1895026775087431,1
1759303380,51850,1,N/A,N/A,N/A,N/A,N/A,N/A,N/A,N/A,1264619520,1264619520,17211392,N/A,135168,45826048,4,discern-proc-so,R (running),server-compromised.bnsdq.ozxfs.rzona-vmdrv.kvugl,2.5305845848512774,1
1759303380,45626,1,N/A,N/A,N/A,N/A,N/A,N/A,N/A,N/A,1647706112,1580597248,20361216,N/A,135168,82202624,5,discern-interfa,S (sleeping),server-compromised.bnsdq.ozxfs.rzona-vmdrv.kvugl,0.0037963980542577787,1
1759303384,340,1,103,103,103,103,109,109,109,109,250912768,250912768,236171264,N/A,135168,243183616,1,dbus-daemon,S (sleeping),server-compromised.bnsdq.ozxfs.rzona-vmdrv.kvugl,0.2857145749957754,0
1759303384,181,1,N/A,N/A,N/A,N/A,N/A,N/A,N/A,N/A,158683136,104140800,39919616,4096,135168,28102656,1,systemd-journal,S (sleeping),server-compromised.bnsdq.ozxfs.rzona-vmdrv.kvugl,0.19558328962028598,0
1759303384,3293,1,N/A,N/A,N/A,N/A,N/A,N/A,N/A,N/A,1953800192,1922228224,41988096,N/A,135168,170463232,13,discern-network,S (sleeping),server-compromised.bnsdq.ozxfs.rzona-vmdrv.kvugl,1.296370294192422,0
1759303385,70443,1,N/A,N/A,N/A,N/A,N/A,N/A,N/A,N/A,1580597248,1580597248,21614592,N/A,135168,82202624,5,discern-interfa,S (sleeping),server-compromised.bnsdq.ozxfs.rzona-vmdrv.kvugl,0.002126160778019196,0
1759303385,72604,1,N/A,N/A,N/A,N/A,N/A,N/A,N/A,N/A,1264619520,1264619520,17321984,N/A,135168,45826048,5,discern-proc-so,S (sleeping),server-compromised.bnsdq.ozxfs.rzona-vmdrv.kvugl,2.5911770238894727,0
1759303385,376,1,103,103,103,103,109,109,109,109,142110720,142110720,133734400,N/A,135168,134381568,1,dbus-daemon,S (sleeping),server-compromised.bnsdq.ozxfs.rzona-vmdrv.kvugl,0.29363230042987865,1
1759303386,3355,1,N/A,N/A,N/A,N/A,N/A,N/A,N/A,N/A,1922494464,1922494464,47996928,N/A,135168,174923776,13,discern-network,S (sleeping),server-compromised.bnsdq.ozxfs.rzona-vmdrv.kvugl,0.5108902526088317,1
1759303386,179,1,N/A,N/A,N/A,N/A,N/A,N/A,N/A,N/A,116699136,116699136,37797888,4096,135168,28098560,1,systemd-journal,S (sleeping),server-compromised.bnsdq.ozxfs.rzona-vmdrv.kvugl,0.1895079438826692,1
1759303386,51850,1,N/A,N/A,N/A,N/A,N/A,N/A,N/A,N/A,1264619520,1264619520,17227776,N/A,135168,45826048,4,discern-proc-so,S (sleeping),server-compromised.bnsdq.ozxfs.rzona-vmdrv.kvugl,2.547279550767205,1
1759303386,45626,1,N/A,N/A,N/A,N/A,N/A,N/A,N/A,N/A,1647706112,1580597248,20361216,N/A,135168,82202624,5,discern-interfa,S (sleeping),server-compromised.bnsdq.ozxfs.rzona-vmdrv.kvugl,0.003759413670661623,1
1759303390,340,1,103,103,103,103,109,109,109,109,250912768,250912768,236171264,N/A,135168,243183616,1,dbus-daemon,S (sleeping),server-compromised.bnsdq.ozxfs.rzona-vmdrv.kvugl,0.2854802648527155,0
1759303390,181,1,N/A,N/A,N/A,N/A,N/A,N/A,N/A,N/A,158683136,104140800,40005632,4096,135168,28102656,1,systemd-journal,S (sleeping),server-compromised.bnsdq.ozxfs.rzona-vmdrv.kvugl,0.19558166972713967,0
1759303390,3293,1,N/A,N/A,N/A,N/A,N/A,N/A,N/A,N/A,1953800192,1922228224,41988096,N/A,135168,170463232,13,discern-network,S (sleeping),server-compromised.bnsdq.ozxfs.rzona-vmdrv.kvugl,1.2957662579616493,0
1759303390,70443,1,N/A,N/A,N/A,N/A,N/A,N/A,N/A,N/A,1580597248,1580597248,21614592,N/A,135168,82202624,5,discern-interfa,S (sleeping),server-compromised.bnsdq.ozxfs.rzona-vmdrv.kvugl,0.002118405744847895,0
1759303390,72604,1,N/A,N/A,N/A,N/A,N/A,N/A,N/A,N/A,1264619520,1264619520,17321984,N/A,135168,45826048,5,discern-proc-so,S (sleeping),server-compromised.bnsdq.ozxfs.rzona-vmdrv.kvugl,2.5932692366413583,0
1759303391,376,1,103,103,103,103,109,109,109,109,142266368,142266368,133734400,N/A,135168,134537216,1,dbus-daemon,S (sleeping),server-compromised.bnsdq.ozxfs.rzona-vmdrv.kvugl,0.2934800186348354,1
1759303391,3355,1,N/A,N/A,N/A,N/A,N/A,N/A,N/A,N/A,1922494464,1922494464,47996928,N/A,135168,174923776,13,discern-network,S (sleeping),server-compromised.bnsdq.ozxfs.rzona-vmdrv.kvugl,0.5106914453652971,1
1759303391,179,1,N/A,N/A,N/A,N/A,N/A,N/A,N/A,N/A,116699136,116699136,37797888,4096,135168,28098560,1,systemd-journal,S (sleeping),server-compromised.bnsdq.ozxfs.rzona-vmdrv.kvugl,0.18951404149212786,1
1759303391,51850,1,N/A,N/A,N/A,N/A,N/A,N/A,N/A,N/A,1264619520,1264619520,17227776,N/A,135168,45826048,4,discern-proc-so,R (running),server-compromised.bnsdq.ozxfs.rzona-vmdrv.kvugl,2.561669292058657,1
1759303391,45626,1,N/A,N/A,N/A,N/A,N/A,N/A,N/A,N/A,1647706112,1580597248,20361216,N/A,135168,82202624,5,discern-interfa,S (sleeping),server-compromised.bnsdq.ozxfs.rzona-vmdrv.kvugl,0.003723248681072238,1
1759303395,340,1,103,103,103,103,109,109,109,109,250912768,250912768,236171264,N/A,135168,243183616,1,dbus-daemon,S (sleeping),server-compromised.bnsdq.ozxfs.rzona-vmdrv.kvugl,0.28572254847405676,0
1759303395,181,1,N/A,N/A,N/A,N/A,N/A,N/A,N/A,N/A,158683136,104140800,40124416,4096,135168,28102656,1,systemd-journal,S (sleeping),server-compromised.bnsdq.ozxfs.rzona-vmdrv.kvugl,0.19589748405941754,0
1759303395,3293,1,N/A,N/A,N/A,N/A,N/A,N/A,N/A,N/A,1953800192,1922228224,41988096,N/A,135168,170463232,13,discern-network,S (sleeping),server-compromised.bnsdq.ozxfs.rzona-vmdrv.kvugl,1.2951646206956768,0
1759303395,70443,1,N/A,N/A,N/A,N/A,N/A,N/A,N/A,N/A,1580597248,1580597248,21614592,N/A,135168,82202624,5,discern-interfa,S (sleeping),server-compromised.bnsdq.ozxfs.rzona-vmdrv.kvugl,0.0021107167933355265,0
1759303395,72604,1,N/A,N/A,N/A,N/A,N/A,N/A,N/A,N/A,1264619520,1264619520,17321984,N/A,135168,45826048,5,discern-proc-so,S (sleeping),server-compromised.bnsdq.ozxfs.rzona-vmdrv.kvugl,2.593764636504633,0
1759303396,376,1,103,103,103,103,109,109,109,109,142536704,142536704,134004736,N/A,135168,134807552,1,dbus-daemon,S (sleeping),server-compromised.bnsdq.ozxfs.rzona-vmdrv.kvugl,0.29362320041588574,1
1759303396,3355,1,N/A,N/A,N/A,N/A,N/A,N/A,N/A,N/A,1922494464,1922494464,47996928,N/A,135168,174923776,13,discern-network,S (sleeping),server-compromised.bnsdq.ozxfs.rzona-vmdrv.kvugl,0.5108054064546893,1
1759303396,179,1,N/A,N/A,N/A,N/A,N/A,N/A,N/A,N/A,116699136,116699136,37797888,4096,135168,28098560,1,systemd-journal,S (sleeping),server-compromised.bnsdq.ozxfs.rzona-vmdrv.kvugl,0.1895208230011727,1
1759303396,51850,1,N/A,N/A,N/A,N/A,N/A,N/A,N/A,N/A,1264619520,1264619520,17227776,N/A,135168,45826048,4,discern-proc-so,R (running),server-compromised.bnsdq.ozxfs.rzona-vmdrv.kvugl,2.5268420899456654,1
1759303396,45626,1,N/A,N/A,N/A,N/A,N/A,N/A,N/A,N/A,1647706112,1580597248,20361216,N/A,135168,82202624,5,discern-interfa,S (sleeping),server-compromised.bnsdq.ozxfs.rzona-vmdrv.kvugl,0.003687857753169921,1
1759303400,340,1,103,103,103,103,109,109,109,109,250912768,250912768,236171264,N/A,135168,243183616,1,dbus-daemon,S (sleeping),server-compromised.bnsdq.ozxfs.rzona-vmdrv.kvugl,0.2854905914152708,0
1759303400,181,1,N/A,N/A,N/A,N/A,N/A,N/A,N/A,N/A,158683136,104140800,40357888,4096,135168,28102656,1,systemd-journal,S (sleeping),server-compromised.bnsdq.ozxfs.rzona-vmdrv.kvugl,0.19589696772076565,0
1759303400,3293,1,N/A,N/A,N/A,N/A,N/A,N/A,N/A,N/A,1953800192,1922228224,41988096,N/A,135168,170463232,13,discern-network,S (sleeping),server-compromised.bnsdq.ozxfs.rzona-vmdrv.kvugl,1.2945719287040989,0
1759303400,70443,1,N/A,N/A,N/A,N/A,N/A,N/A,N/A,N/A,1580597248,1580597248,21614592,N/A,135168,82202624,5,discern-interfa,S (sleeping),server-compromised.bnsdq.ozxfs.rzona-vmdrv.kvugl,0.002103138839641146,0
1759303400,72604,1,N/A,N/A,N/A,N/A,N/A,N/A,N/A,N/A,1264619520,1264619520,17321984,N/A,135168,45826048,5,discern-proc-so,S (sleeping),server-compromised.bnsdq.ozxfs.rzona-vmdrv.kvugl,2.5911597663661308,0
1759303401,376,1,103,103,103,103,109,109,109,109,142671872,142671872,134004736,N/A,135168,134942720,1,dbus-daemon,S (sleeping),server-compromised.bnsdq.ozxfs.rzona-vmdrv.kvugl,0.29347105200659135,1
1759303401,3355,1,N/A,N/A,N/A,N/A,N/A,N/A,N/A,N/A,1922494464,1922494464,47996928,N/A,135168,174923776,13,discern-network,S (sleeping),server-compromised.bnsdq.ozxfs.rzona-vmdrv.kvugl,0.5106067454624994,1
1759303401,179,1,N/A,N/A,N/A,N/A,N/A,N/A,N/A,N/A,116699136,116699136,37797888,4096,135168,28098560,1,systemd-journal,S (sleeping),server-compromised.bnsdq.ozxfs.rzona-vmdrv.kvugl,0.18952666687837674,1
1759303401,51850,1,N/A,N/A,N/A,N/A,N/A,N/A,N/A,N/A,1264619520,1264619520,17231872,N/A,135168,45826048,4,discern-proc-so,R (running),server-compromised.bnsdq.ozxfs.rzona-vmdrv.kvugl,2.5550638179224956,1
1759303401,45626,1,N/A,N/A,N/A,N/A,N/A,N/A,N/A,N/A,1647706112,1580597248,20361216,N/A,135168,82202624,5,discern-interfa,S (sleeping),server-compromised.bnsdq.ozxfs.rzona-vmdrv.kvugl,0.003653024058439256,1
1759303405,340,1,103,103,103,103,109,109,109,109,250912768,250912768,236171264,N/A,135168,243183616,1,dbus-daemon,S (sleeping),server-compromised.bnsdq.ozxfs.rzona-vmdrv.kvugl,0.28557597042435723,0
1759303405,181,1,N/A,N/A,N/A,N/A,N/A,N/A,N/A,N/A,158683136,104140800,40476672,4096,135168,28102656,1,systemd-journal,S (sleeping),server-compromised.bnsdq.ozxfs.rzona-vmdrv.kvugl,0.1960549398114029,0
1759303405,3293,1,N/A,N/A,N/A,N/A,N/A,N/A,N/A,N/A,1953800192,1922228224,41988096,N/A,135168,170463232,13,discern-network,S (sleeping),server-compromised.bnsdq.ozxfs.rzona-vmdrv.kvugl,1.2938180328407374,0
1759303405,70443,1,N/A,N/A,N/A,N/A,N/A,N/A,N/A,N/A,1580597248,1580597248,21614592,N/A,135168,82202624,5,discern-interfa,S (sleeping),server-compromised.bnsdq.ozxfs.rzona-vmdrv.kvugl,0.002095620738873802,0
1759303405,72604,1,N/A,N/A,N/A,N/A,N/A,N/A,N/A,N/A,1264619520,1264619520,17321984,N/A,135168,45826048,5,discern-proc-so,S (sleeping),server-compromised.bnsdq.ozxfs.rzona-vmdrv.kvugl,2.5885837545025634,0
1759303406,376,1,103,103,103,103,109,109,109,109,142807040,142807040,134275072,N/A,135168,135077888,1,dbus-daemon,S (sleeping),server-compromised.bnsdq.ozxfs.rzona-vmdrv.kvugl,0.2936152303230838,1
1759303406,3355,1,N/A,N/A,N/A,N/A,N/A,N/A,N/A,N/A,1922494464,1922494464,47996928,N/A,135168,174923776,13,discern-network,S (sleeping),server-compromised.bnsdq.ozxfs.rzona-vmdrv.kvugl,0.510413924753666,1
1759303406,179,1,N/A,N/A,N/A,N/A,N/A,N/A,N/A,N/A,116699136,116699136,37797888,4096,135168,28098560,1,systemd-journal,S (sleeping),server-compromised.bnsdq.ozxfs.rzona-vmdrv.kvugl,0.18953432316544633,1
1759303406,51850,1,N/A,N/A,N/A,N/A,N/A,N/A,N/A,N/A,1264619520,1264619520,17231872,N/A,135168,45826048,4,discern-proc-so,S (sleeping),server-compromised.bnsdq.ozxfs.rzona-vmdrv.kvugl,2.5261482061912814,1
1759303406,45626,1,N/A,N/A,N/A,N/A,N/A,N/A,N/A,N/A,1647706112,1580597248,20361216,N/A,135168,82202624,5,discern-interfa,S (sleeping),server-compromised.bnsdq.ozxfs.rzona-vmdrv.kvugl,0.003619058027562942,1
1759303410,340,1,103,103,103,103,109,109,109,109,250912768,250912768,236171264,N/A,135168,243183616,1,dbus-daemon,S (sleeping),server-compromised.bnsdq.ozxfs.rzona-vmdrv.kvugl,0.2855003454970526,0
1759303410,181,1,N/A,N/A,N/A,N/A,N/A,N/A,N/A,N/A,158683136,104140800,40603648,4096,135168,28102656,1,systemd-journal,S (sleeping),server-compromised.bnsdq.ozxfs.rzona-vmdrv.kvugl,0.1962108674051302,0
1759303410,3293,1,N/A,N/A,N/A,N/A,N/A,N/A,N/A,N/A,1953800192,1922228224,41988096,N/A,135168,170463232,13,discern-network,S (sleeping),server-compromised.bnsdq.ozxfs.rzona-vmdrv.kvugl,1.293216140331102,0
1759303410,70443,1,N/A,N/A,N/A,N/A,N/A,N/A,N/A,N/A,1580597248,1580597248,21614592,N/A,135168,82202624,5,discern-interfa,S (sleeping),server-compromised.bnsdq.ozxfs.rzona-vmdrv.kvugl,0.0020880725450076795,0
1759303410,72604,1,N/A,N/A,N/A,N/A,N/A,N/A,N/A,N/A,1264619520,1264619520,17321984,N/A,135168,45826048,5,discern-proc-so,S (sleeping),server-compromised.bnsdq.ozxfs.rzona-vmdrv.kvugl,2.590633143242804,0
1759303411,376,1,103,103,103,103,109,109,109,109,142942208,142942208,134545408,N/A,135168,135213056,1,dbus-daemon,S (sleeping),server-compromised.bnsdq.ozxfs.rzona-vmdrv.kvugl,0.29346444098570784,1
1759303411,3355,1,N/A,N/A,N/A,N/A,N/A,N/A,N/A,N/A,1922494464,1922494464,47996928,N/A,135168,174923776,13,discern-network,S (sleeping),server-compromised.bnsdq.ozxfs.rzona-vmdrv.kvugl,0.5102181489434613,1
1759303411,179,1,N/A,N/A,N/A,N/A,N/A,N/A,N/A,N/A,116699136,116699136,37797888,4096,135168,28098560,1,systemd-journal,S (sleeping),server-compromised.bnsdq.ozxfs.rzona-vmdrv.kvugl,0.18954070099948273,1
1759303411,51850,1,N/A,N/A,N/A,N/A,N/A,N/A,N/A,N/A,1264619520,1264619520,17231872,N/A,135168,45826048,4,discern-proc-so,S (sleeping),server-compromised.bnsdq.ozxfs.rzona-vmdrv.kvugl,2.525673286127742,1
1759303411,45626,1,N/A,N/A,N/A,N/A,N/A,N/A,N/A,N/A,1647706112,1580597248,20361216,N/A,135168,82202624,5,discern-interfa,S (sleeping),server-compromised.bnsdq.ozxfs.rzona-vmdrv.kvugl,0.003585572575128535,1
1759303415,340,1,103,103,103,103,109,109,109,109,250912768,250912768,236171264,N/A,135168,243183616,1,dbus-daemon,S (sleeping),server-compromised.bnsdq.ozxfs.rzona-vmdrv.kvugl,0.28542539271880923,0
1759303415,181,1,N/A,N/A,N/A,N/A,N/A,N/A,N/A,N/A,158683136,104140800,40849408,4096,135168,28102656,1,systemd-journal,S (sleeping),server-compromised.bnsdq.ozxfs.rzona-vmdrv.kvugl,0.19620881098170917,0
1759303415,3293,1,N/A,N/A,N/A,N/A,N/A,N/A,N/A,N/A,1953800192,1922228224,41988096,N/A,135168,170463232,13,discern-network,S (sleeping),server-compromised.bnsdq.ozxfs.rzona-vmdrv.kvugl,1.2924550695883432,0
1759303415,70443,1,N/A,N/A,N/A,N/A,N/A,N/A,N/A,N/A,1580597248,1580597248,21614592,N/A,135168,82202624,5,discern-interfa,S (sleeping),server-compromised.bnsdq.ozxfs.rzona-vmdrv.kvugl,0.002080595963846929,0
1759303415,72604,1,N/A,N/A,N/A,N/A,N/A,N/A,N/A,N/A,1264619520,1264619520,17321984,N/A,135168,45826048,5,discern-proc-so,S (sleeping),server-compromised.bnsdq.ozxfs.rzona-vmdrv.kvugl,2.5903392495636974,0
1759303416,376,1,103,103,103,103,109,109,109,109,143077376,143077376,134545408,N/A,135168,135348224,1,dbus-daemon,S (sleeping),server-compromised.bnsdq.ozxfs.rzona-vmdrv.kvugl,0.2933123735523216,1
1759303416,3355,1,N/A,N/A,N/A,N/A,N/A,N/A,N/A,N/A,1922494464,1922494464,47996928,N/A,135168,174923776,13,discern-network,S (sleeping),server-compromised.bnsdq.ozxfs.rzona-vmdrv.kvugl,0.5103279848446753,1
1759303416,179,1,N/A,N/A,N/A,N/A,N/A,N/A,N/A,N/A,116699136,116699136,37797888,4096,135168,28098560,1,systemd-journal,S (sleeping),server-compromised.bnsdq.ozxfs.rzona-vmdrv.kvugl,0.18925388112832933,1
1759303416,51850,1,N/A,N/A,N/A,N/A,N/A,N/A,N/A,N/A,1264619520,1264619520,17231872,N/A,135168,45826048,4,discern-proc-so,S (sleeping),server-compromised.bnsdq.ozxfs.rzona-vmdrv.kvugl,2.524646537548643,1
1759303416,45626,1,N/A,N/A,N/A,N/A,N/A,N/A,N/A,N/A,1647706112,1580597248,20361216,N/A,135168,82202624,5,discern-interfa,S (sleeping),server-compromised.bnsdq.ozxfs.rzona-vmdrv.kvugl,0.0035525729867341184,1
1759303421,340,1,103,103,103,103,109,109,109,109,250912768,250912768,236171264,N/A,135168,243183616,1,dbus-daemon,S (sleeping),server-compromised.bnsdq.ozxfs.rzona-vmdrv.kvugl,0.28535014223886435,0
1759303421,181,1,N/A,N/A,N/A,N/A,N/A,N/A,N/A,N/A,158683136,104140800,40996864,4096,135168,28102656,1,systemd-journal,S (sleeping),server-compromised.bnsdq.ozxfs.rzona-vmdrv.kvugl,0.1965224217348556,0
1759303421,3293,1,N/A,N/A,N/A,N/A,N/A,N/A,N/A,N/A,1953800192,1922228224,41988096,N/A,135168,170463232,13,discern-network,S (sleeping),server-compromised.bnsdq.ozxfs.rzona-vmdrv.kvugl,1.2916933262855153,0
1759303421,70443,1,N/A,N/A,N/A,N/A,N/A,N/A,N/A,N/A,1580597248,1580597248,21614592,N/A,135168,82202624,5,discern-interfa,S (sleeping),server-compromised.bnsdq.ozxfs.rzona-vmdrv.kvugl,0.0020731594240228,0
1759303421,72604,1,N/A,N/A,N/A,N/A,N/A,N/A,N/A,N/A,1264619520,1264619520,17321984,N/A,135168,45826048,5,discern-proc-so,S (sleeping),server-compromised.bnsdq.ozxfs.rzona-vmdrv.kvugl,2.5915900455935006,0
1759303422,376,1,103,103,103,103,109,109,109,109,143482880,143482880,134815744,N/A,135168,135753728,1,dbus-daemon,S (sleeping),server-compromised.bnsdq.ozxfs.rzona-vmdrv.kvugl,0.2937470384498151,1
1759303422,3355,1,N/A,N/A,N/A,N/A,N/A,N/A,N/A,N/A,1922494464,1922494464,47996928,N/A,135168,174923776,13,discern-network,S (sleeping),server-compromised.bnsdq.ozxfs.rzona-vmdrv.kvugl,0.5101350467793776,1
1759303422,179,1,N/A,N/A,N/A,N/A,N/A,N/A,N/A,N/A,116699136,116699136,37797888,4096,135168,28098560,1,systemd-journal,S (sleeping),server-compromised.bnsdq.ozxfs.rzona-vmdrv.kvugl,0.18955301196781513,1
1759303422,51850,1,N/A,N/A,N/A,N/A,N/A,N/A,N/A,N/A,1264619520,1264619520,17231872,N/A,135168,45826048,4,discern-proc-so,R (running),server-compromised.bnsdq.ozxfs.rzona-vmdrv.kvugl,2.5134659067236433,1
1759303422,45626,1,N/A,N/A,N/A,N/A,N/A,N/A,N/A,N/A,1647706112,1580597248,20361216,N/A,135168,82202624,5,discern-interfa,S (sleeping),server-compromised.bnsdq.ozxfs.rzona-vmdrv.kvugl,0.003520382634341494,1
1759303426,340,1,103,103,103,103,109,109,109,109,250912768,250912768,236171264,N/A,135168,243183616,1,dbus-daemon,S (sleeping),server-compromised.bnsdq.ozxfs.rzona-vmdrv.kvugl,0.2854345605224297,0
1759303426,181,1,N/A,N/A,N/A,N/A,N/A,N/A,N/A,N/A,158683136,104140800,41127936,4096,135168,28102656,1,systemd-journal,S (sleeping),server-compromised.bnsdq.ozxfs.rzona-vmdrv.kvugl,0.19652097812067032,0
1759303426,3293,1,N/A,N/A,N/A,N/A,N/A,N/A,N/A,N/A,1953800192,1922228224,41988096,N/A,135168,170463232,13,discern-network,S (sleeping),server-compromised.bnsdq.ozxfs.rzona-vmdrv.kvugl,1.2912655820065733,0
1759303426,70443,1,N/A,N/A,N/A,N/A,N/A,N/A,N/A,N/A,1580597248,1580597248,21614592,N/A,135168,82202624,5,discern-interfa,S (sleeping),server-compromised.bnsdq.ozxfs.rzona-vmdrv.kvugl,0.0020658287141184393,0
1759303426,72604,1,N/A,N/A,N/A,N/A,N/A,N/A,N/A,N/A,1264619520,1264619520,17321984,N/A,135168,45826048,5,discern-proc-so,S (sleeping),server-compromised.bnsdq.ozxfs.rzona-vmdrv.kvugl,2.5897957727948087,0
1759303427,376,1,103,103,103,103,109,109,109,109,143482880,143482880,135086080,N/A,135168,135753728,1,dbus-daemon,S (sleeping),server-compromised.bnsdq.ozxfs.rzona-vmdrv.kvugl,0.2935975113095012,1
1759303427,3355,1,N/A,N/A,N/A,N/A,N/A,N/A,N/A,N/A,1922494464,1922494464,47996928,N/A,135168,174923776,13,discern-network,S (sleeping),server-compromised.bnsdq.ozxfs.rzona-vmdrv.kvugl,0.5105564599167404,1
1759303427,179,1,N/A,N/A,N/A,N/A,N/A,N/A,N/A,N/A,116699136,116699136,37797888,4096,135168,28098560,1,systemd-journal,S (sleeping),server-compromised.bnsdq.ozxfs.rzona-vmdrv.kvugl,0.18955983579199984,1
1759303427,51850,1,N/A,N/A,N/A,N/A,N/A,N/A,N/A,N/A,1264619520,1264619520,17231872,N/A,135168,45826048,4,discern-proc-so,S (sleeping),server-compromised.bnsdq.ozxfs.rzona-vmdrv.kvugl,2.51400460111951,1
1759303427,45626,1,N/A,N/A,N/A,N/A,N/A,N/A,N/A,N/A,1647706112,1580597248,20361216,N/A,135168,82202624,5,discern-interfa,S (sleeping),server-compromised.bnsdq.ozxfs.rzona-vmdrv.kvugl,0.0034887453138692896,1
1759303431,340,1,103,103,103,103,109,109,109,109,250912768,250912768,236171264,N/A,135168,243183616,1,dbus-daemon,S (sleeping),server-compromised.bnsdq.ozxfs.rzona-vmdrv.kvugl,0.2856757500288134,0
1759303431,181,1,N/A,N/A,N/A,N/A,N/A,N/A,N/A,N/A,158683136,104140800,41439232,4096,135168,28102656,1,systemd-journal,S (sleeping),server-compromised.bnsdq.ozxfs.rzona-vmdrv.kvugl,0.19699212023669183,0
1759303431,3293,1,N/A,N/A,N/A,N/A,N/A,N/A,N/A,N/A,1953800192,1922228224,41988096,N/A,135168,170463232,13,discern-network,S (sleeping),server-compromised.bnsdq.ozxfs.rzona-vmdrv.kvugl,1.2906723226898769,0
1759303431,70443,1,N/A,N/A,N/A,N/A,N/A,N/A,N/A,N/A,1580597248,1580597248,21614592,N/A,135168,82202624,5,discern-interfa,S (sleeping),server-compromised.bnsdq.ozxfs.rzona-vmdrv.kvugl,0.0020585233510178567,0
1759303431,72604,1,N/A,N/A,N/A,N/A,N/A,N/A,N/A,N/A,1264619520,1264619520,17321984,N/A,135168,45826048,5,discern-proc-so,S (sleeping),server-compromised.bnsdq.ozxfs.rzona-vmdrv.kvugl,2.590301511931661,0
1759303432,376,1,103,103,103,103,109,109,109,109,143753216,143753216,135356416,N/A,135168,136024064,1,dbus-daemon,S (sleeping),server-compromised.bnsdq.ozxfs.rzona-vmdrv.kvugl,0.2934484045213671,1
1759303432,3355,1,N/A,N/A,N/A,N/A,N/A,N/A,N/A,N/A,1922494464,1922494464,47996928,N/A,135168,174923776,13,discern-network,S (sleeping),server-compromised.bnsdq.ozxfs.rzona-vmdrv.kvugl,0.5100563631702305,1
1759303432,179,1,N/A,N/A,N/A,N/A,N/A,N/A,N/A,N/A,116699136,116699136,37797888,4096,135168,28098560,1,systemd-journal,S (sleeping),server-compromised.bnsdq.ozxfs.rzona-vmdrv.kvugl,0.1895666150840868,1
1759303432,51850,1,N/A,N/A,N/A,N/A,N/A,N/A,N/A,N/A,1264619520,1264619520,17231872,N/A,135168,45826048,4,discern-proc-so,R (running),server-compromised.bnsdq.ozxfs.rzona-vmdrv.kvugl,2.504418383547544,1
1759303432,45626,1,N/A,N/A,N/A,N/A,N/A,N/A,N/A,N/A,1647706112,1580597248,20361216,N/A,135168,82202624,5,discern-interfa,S (sleeping),server-compromised.bnsdq.ozxfs.rzona-vmdrv.kvugl,0.0034576688706842848,1
1759303436,340,1,103,103,103,103,109,109,109,109,250912768,250912768,236171264,N/A,135168,243183616,1,dbus-daemon,S (sleeping),server-compromised.bnsdq.ozxfs.rzona-vmdrv.kvugl,0.28560146023084837,0
1759303436,181,1,N/A,N/A,N/A,N/A,N/A,N/A,N/A,N/A,158683136,104140800,41553920,4096,135168,28102656,1,systemd-journal,S (sleeping),server-compromised.bnsdq.ozxfs.rzona-vmdrv.kvugl,0.19698982296582518,0
1759303436,3293,1,N/A,N/A,N/A,N/A,N/A,N/A,N/A,N/A,1953800192,1922228224,41988096,N/A,135168,170463232,13,discern-network,S (sleeping),server-compromised.bnsdq.ozxfs.rzona-vmdrv.kvugl,1.290080742139795,0
1759303436,70443,1,N/A,N/A,N/A,N/A,N/A,N/A,N/A,N/A,1580597248,1580597248,21614592,N/A,135168,82202624,5,discern-interfa,S (sleeping),server-compromised.bnsdq.ozxfs.rzona-vmdrv.kvugl,0.0020512741082914627,0
1759303436,72604,1,N/A,N/A,N/A,N/A,N/A,N/A,N/A,N/A,1264619520,1264619520,17321984,N/A,135168,45826048,5,discern-proc-so,S (sleeping),server-compromised.bnsdq.ozxfs.rzona-vmdrv.kvugl,2.5915812431739944,0
1759303437,376,1,103,103,103,103,109,109,109,109,143888384,143888384,135356416,N/A,135168,136159232,1,dbus-daemon,S (sleeping),server-compromised.bnsdq.ozxfs.rzona-vmdrv.kvugl,0.2935888447072852,1
1759303437,3355,1,N/A,N/A,N/A,N/A,N/A,N/A,N/A,N/A,1922494464,1922494464,47996928,N/A,135168,174923776,13,discern-network,S (sleeping),server-compromised.bnsdq.ozxfs.rzona-vmdrv.kvugl,0.5101679089605623,1
1759303437,179,1,N/A,N/A,N/A,N/A,N/A,N/A,N/A,N/A,116699136,116699136,37797888,4096,135168,28098560,1,systemd-journal,S (sleeping),server-compromised.bnsdq.ozxfs.rzona-vmdrv.kvugl,0.1895725441573695,1
1759303437,51850,1,N/A,N/A,N/A,N/A,N/A,N/A,N/A,N/A,1264619520,1264619520,17231872,N/A,135168,45826048,4,discern-proc-so,R (running),server-compromised.bnsdq.ozxfs.rzona-vmdrv.kvugl,2.524099811791504,1
1759303437,45626,1,N/A,N/A,N/A,N/A,N/A,N/A,N/A,N/A,1647706112,1580597248,20361216,N/A,135168,82202624,5,discern-interfa,S (sleeping),server-compromised.bnsdq.ozxfs.rzona-vmdrv.kvugl,0.003427052656591194,1
1759303441,340,1,103,103,103,103,109,109,109,109,250912768,250912768,236171264,N/A,135168,243183616,1,dbus-daemon,S (sleeping),server-compromised.bnsdq.ozxfs.rzona-vmdrv.kvugl,0.2855268127187763,0
1759303441,181,1,N/A,N/A,N/A,N/A,N/A,N/A,N/A,N/A,158683136,104140800,41758720,4096,135168,28102656,1,systemd-journal,S (sleeping),server-compromised.bnsdq.ozxfs.rzona-vmdrv.kvugl,0.19714466123215366,0
1759303441,3293,1,N/A,N/A,N/A,N/A,N/A,N/A,N/A,N/A,1953800192,1922228224,41988096,N/A,135168,170463232,13,discern-network,S (sleeping),server-compromised.bnsdq.ozxfs.rzona-vmdrv.kvugl,1.2894879074583414,0
1759303441,70443,1,N/A,N/A,N/A,N/A,N/A,N/A,N/A,N/A,1580597248,1580597248,21614592,N/A,135168,82202624,5,discern-interfa,S (sleeping),server-compromised.bnsdq.ozxfs.rzona-vmdrv.kvugl,0.00204406071447328,0
1759303441,72604,1,N/A,N/A,N/A,N/A,N/A,N/A,N/A,N/A,1264619520,1264619520,17321984,N/A,135168,45826048,5,discern-proc-so,S (sleeping),server-compromised.bnsdq.ozxfs.rzona-vmdrv.kvugl,2.59206101443863,0
1759303442,376,1,103,103,103,103,109,109,109,109,144158720,144158720,135626752,N/A,135168,136429568,1,dbus-daemon,S (sleeping),server-compromised.bnsdq.ozxfs.rzona-vmdrv.kvugl,0.2934404044965988,1
1759303442,3355,1,N/A,N/A,N/A,N/A,N/A,N/A,N/A,N/A,1922494464,1922494464,47996928,N/A,135168,174923776,13,discern-network,S (sleeping),server-compromised.bnsdq.ozxfs.rzona-vmdrv.kvugl,0.5099761383296362,1
1759303442,179,1,N/A,N/A,N/A,N/A,N/A,N/A,N/A,N/A,116699136,116699136,37797888,4096,135168,28098560,1,systemd-journal,S (sleeping),server-compromised.bnsdq.ozxfs.rzona-vmdrv.kvugl,0.1892895517685345,1
1759303442,51850,1,N/A,N/A,N/A,N/A,N/A,N/A,N/A,N/A,1264619520,1264619520,17231872,N/A,135168,45826048,4,discern-proc-so,S (sleeping),server-compromised.bnsdq.ozxfs.rzona-vmdrv.kvugl,2.5241137219378276,1
1759303442,45626,1,N/A,N/A,N/A,N/A,N/A,N/A,N/A,N/A,1647706112,1580597248,20361216,N/A,135168,82202624,5,discern-interfa,S (sleeping),server-compromised.bnsdq.ozxfs.rzona-vmdrv.kvugl,0.0033970760844730524,1
1759303446,340,1,103,103,103,103,109,109,109,109,250912768,250912768,236171264,N/A,135168,243183616,1,dbus-daemon,S (sleeping),server-compromised.bnsdq.ozxfs.rzona-vmdrv.kvugl,0.28560922294947105,0
1759303446,181,1,N/A,N/A,N/A,N/A,N/A,N/A,N/A,N/A,158683136,104140800,41861120,4096,135168,28102656,1,systemd-journal,S (sleeping),server-compromised.bnsdq.ozxfs.rzona-vmdrv.kvugl,0.19729895855535542,0
1759303446,3293,1,N/A,N/A,N/A,N/A,N/A,N/A,N/A,N/A,1953800192,1922228224,41988096,N/A,135168,170463232,13,discern-network,S (sleeping),server-compromised.bnsdq.ozxfs.rzona-vmdrv.kvugl,1.2887322012698776,0
1759303446,70443,1,N/A,N/A,N/A,N/A,N/A,N/A,N/A,N/A,1580597248,1580597248,21614592,N/A,135168,82202624,5,discern-interfa,S (sleeping),server-compromised.bnsdq.ozxfs.rzona-vmdrv.kvugl,0.002036885158117521,0
1759303446,72604,1,N/A,N/A,N/A,N/A,N/A,N/A,N/A,N/A,1264619520,1264619520,17321984,N/A,135168,45826048,5,discern-proc-so,S (sleeping),server-compromised.bnsdq.ozxfs.rzona-vmdrv.kvugl,2.593284042138113,0
1759303447,376,1,103,103,103,103,109,109,109,109,144293888,144293888,135897088,N/A,135168,136564736,1,dbus-daemon,S (sleeping),server-compromised.bnsdq.ozxfs.rzona-vmdrv.kvugl,0.29329117038866476,1
1759303447,3355,1,N/A,N/A,N/A,N/A,N/A,N/A,N/A,N/A,1922494464,1922494464,47996928,N/A,135168,174923776,13,discern-network,S (sleeping),server-compromised.bnsdq.ozxfs.rzona-vmdrv.kvugl,0.5100879517838646,1
1759303447,179,1,N/A,N/A,N/A,N/A,N/A,N/A,N/A,N/A,116699136,116699136,37797888,4096,135168,28098560,1,systemd-journal,S (sleeping),server-compromised.bnsdq.ozxfs.rzona-vmdrv.kvugl,0.18958549077359957,1
1759303447,51850,1,N/A,N/A,N/A,N/A,N/A,N/A,N/A,N/A,1264619520,1264619520,17231872,N/A,135168,45826048,4,discern-proc-so,R (running),server-compromised.bnsdq.ozxfs.rzona-vmdrv.kvugl,2.532507517835072,1
1759303447,45626,1,N/A,N/A,N/A,N/A,N/A,N/A,N/A,N/A,1647706112,1580597248,20361216,N/A,135168,82202624,5,discern-interfa,S (sleeping),server-compromised.bnsdq.ozxfs.rzona-vmdrv.kvugl,0.003367536427791991,1
1759303451,340,1,103,103,103,103,109,109,109,109,250912768,250912768,236171264,N/A,135168,243183616,1,dbus-daemon,S (sleeping),server-compromised.bnsdq.ozxfs.rzona-vmdrv.kvugl,0.28553691242841844,0
1759303451,181,1,N/A,N/A,N/A,N/A,N/A,N/A,N/A,N/A,158683136,104140800,42012672,4096,135168,28102656,1,systemd-journal,S (sleeping),server-compromised.bnsdq.ozxfs.rzona-vmdrv.kvugl,0.19745483045219756,0
1759303451,3293,1,N/A,N/A,N/A,N/A,N/A,N/A,N/A,N/A,1953800192,1922228224,41988096,N/A,135168,170463232,13,discern-network,S (sleeping),server-compromised.bnsdq.ozxfs.rzona-vmdrv.kvugl,1.2883135827230532,0
1759303451,70443,1,N/A,N/A,N/A,N/A,N/A,N/A,N/A,N/A,1580597248,1580597248,21614592,N/A,135168,82202624,5,discern-interfa,S (sleeping),server-compromised.bnsdq.ozxfs.rzona-vmdrv.kvugl,0.0020298402029944244,0
1759303451,72604,1,N/A,N/A,N/A,N/A,N/A,N/A,N/A,N/A,1264619520,1264619520,17321984,N/A,135168,45826048,5,discern-proc-so,S (sleeping),server-compromised.bnsdq.ozxfs.rzona-vmdrv.kvugl,2.5908020096585247,0
1759303453,376,1,103,103,103,103,109,109,109,109,144429056,144429056,135897088,N/A,135168,136699904,1,dbus-daemon,S (sleeping),server-compromised.bnsdq.ozxfs.rzona-vmdrv.kvugl,0.29314369538385876,1
1759303453,3355,1,N/A,N/A,N/A,N/A,N/A,N/A,N/A,N/A,1922494464,1922494464,47996928,N/A,135168,174923776,13,discern-network,S (sleeping),server-compromised.bnsdq.ozxfs.rzona-vmdrv.kvugl,0.5098970414877356,1
1759303453,179,1,N/A,N/A,N/A,N/A,N/A,N/A,N/A,N/A,116699136,116699136,37797888,4096,135168,28098560,1,systemd-journal,S (sleeping),server-compromised.bnsdq.ozxfs.rzona-vmdrv.kvugl,0.1893033695520124,1
1759303453,51850,1,N/A,N/A,N/A,N/A,N/A,N/A,N/A,N/A,1264619520,1264619520,17231872,N/A,135168,45826048,4,discern-proc-so,S (sleeping),server-compromised.bnsdq.ozxfs.rzona-vmdrv.kvugl,2.532178635355681,1
1759303453,45626,1,N/A,N/A,N/A,N/A,N/A,N/A,N/A,N/A,1647706112,1580597248,20361216,N/A,135168,82202624,5,discern-interfa,S (sleeping),server-compromised.bnsdq.ozxfs.rzona-vmdrv.kvugl,0.003338592654827737,1
1759303457,340,1,103,103,103,103,109,109,109,109,250912768,250912768,236171264,N/A,135168,243183616,1,dbus-daemon,S (sleeping),server-compromised.bnsdq.ozxfs.rzona-vmdrv.kvugl,0.28546429302309145,0
1759303457,181,1,N/A,N/A,N/A,N/A,N/A,N/A,N/A,N/A,158683136,104140800,42196992,4096,135168,28102656,1,systemd-journal,S (sleeping),server-compromised.bnsdq.ozxfs.rzona-vmdrv.kvugl,0.19745307854100072,0
1759303457,3293,1,N/A,N/A,N/A,N/A,N/A,N/A,N/A,N/A,1953800192,1922228224,41988096,N/A,135168,170463232,13,discern-network,S (sleeping),server-compromised.bnsdq.ozxfs.rzona-vmdrv.kvugl,1.2874087492227932,0
1759303457,70443,1,N/A,N/A,N/A,N/A,N/A,N/A,N/A,N/A,1580597248,1580597248,21614592,N/A,135168,82202624,5,discern-interfa,S (sleeping),server-compromised.bnsdq.ozxfs.rzona-vmdrv.kvugl,0.002022831555614501,0
1759303457,72604,1,N/A,N/A,N/A,N/A,N/A,N/A,N/A,N/A,1264619520,1264619520,17321984,N/A,135168,45826048,5,discern-proc-so,S (sleeping),server-compromised.bnsdq.ozxfs.rzona-vmdrv.kvugl,2.588321539369702,0
1759303458,376,1,103,103,103,103,109,109,109,109,144592896,144592896,136167424,N/A,135168,136863744,1,dbus-daemon,S (sleeping),server-compromised.bnsdq.ozxfs.rzona-vmdrv.kvugl,0.293283895193818,1
1759303458,3355,1,N/A,N/A,N/A,N/A,N/A,N/A,N/A,N/A,1922494464,1922494464,47996928,N/A,135168,174923776,13,discern-network,S (sleeping),server-compromised.bnsdq.ozxfs.rzona-vmdrv.kvugl,0.5100084084729483,1
1759303458,179,1,N/A,N/A,N/A,N/A,N/A,N/A,N/A,N/A,116699136,116699136,37797888,4096,135168,28098560,1,systemd-journal,S (sleeping),server-compromised.bnsdq.ozxfs.rzona-vmdrv.kvugl,0.18930974621881616,1
1759303458,51850,1,N/A,N/A,N/A,N/A,N/A,N/A,N/A,N/A,1264619520,1264619520,17231872,N/A,135168,45826048,4,discern-proc-so,S (sleeping),server-compromised.bnsdq.ozxfs.rzona-vmdrv.kvugl,2.5395196569756835,1
1759303458,45626,1,N/A,N/A,N/A,N/A,N/A,N/A,N/A,N/A,1647706112,1580597248,20361216,N/A,135168,82202624,5,discern-interfa,S (sleeping),server-compromised.bnsdq.ozxfs.rzona-vmdrv.kvugl,0.0033100491913343553,1
1759303462,340,1,103,103,103,103,109,109,109,109,250912768,250912768,236171264,N/A,135168,243183616,1,dbus-daemon,S (sleeping),server-compromised.bnsdq.ozxfs.rzona-vmdrv.kvugl,0.2853900468841186,0
1759303462,181,1,N/A,N/A,N/A,N/A,N/A,N/A,N/A,N/A,158683136,104140800,42295296,4096,135168,28102656,1,systemd-journal,S (sleeping),server-compromised.bnsdq.ozxfs.rzona-vmdrv.kvugl,0.19760707449715975,0
1759303462,3293,1,N/A,N/A,N/A,N/A,N/A,N/A,N/A,N/A,1953800192,1922228224,41988096,N/A,135168,170463232,13,discern-network,S (sleeping),server-compromised.bnsdq.ozxfs.rzona-vmdrv.kvugl,1.2868203290787226,0
1759303462,70443,1,N/A,N/A,N/A,N/A,N/A,N/A,N/A,N/A,1580597248,1580597248,21614592,N/A,135168,82202624,5,discern-interfa,S (sleeping),server-compromised.bnsdq.ozxfs.rzona-vmdrv.kvugl,0.002015817953441032,0
1759303462,72604,1,N/A,N/A,N/A,N/A,N/A,N/A,N/A,N/A,1264619520,1264619520,17321984,N/A,135168,45826048,5,discern-proc-so,S (sleeping),server-compromised.bnsdq.ozxfs.rzona-vmdrv.kvugl,2.588808788136488,0
1759303463,376,1,103,103,103,103,109,109,109,109,144863232,144863232,136167424,N/A,135168,137134080,1,dbus-daemon,S (sleeping),server-compromised.bnsdq.ozxfs.rzona-vmdrv.kvugl,0.29313685312310067,1
1759303463,3355,1,N/A,N/A,N/A,N/A,N/A,N/A,N/A,N/A,1922494464,1922494464,47996928,N/A,135168,174923776,13,discern-network,S (sleeping),server-compromised.bnsdq.ozxfs.rzona-vmdrv.kvugl,0.5098181901593948,1
1759303463,179,1,N/A,N/A,N/A,N/A,N/A,N/A,N/A,N/A,116699136,116699136,37797888,4096,135168,28098560,1,systemd-journal,S (sleeping),server-compromised.bnsdq.ozxfs.rzona-vmdrv.kvugl,0.1890288607459886,1
1759303463,51850,1,N/A,N/A,N/A,N/A,N/A,N/A,N/A,N/A,1264619520,1264619520,17231872,N/A,135168,45826048,4,discern-proc-so,S (sleeping),server-compromised.bnsdq.ozxfs.rzona-vmdrv.kvugl,2.5389334143716633,1
1759303463,45626,1,N/A,N/A,N/A,N/A,N/A,N/A,N/A,N/A,1647706112,1580597248,20361216,N/A,135168,82202624,5,discern-interfa,S (sleeping),server-compromised.bnsdq.ozxfs.rzona-vmdrv.kvugl,0.003282078580790708,1
1759303467,340,1,103,103,103,103,109,109,109,109,250912768,250912768,236171264,N/A,135168,243183616,1,dbus-daemon,S (sleeping),server-compromised.bnsdq.ozxfs.rzona-vmdrv.kvugl,0.28547197466586305,0
1759303467,181,1,N/A,N/A,N/A,N/A,N/A,N/A,N/A,N/A,158683136,104140800,42504192,4096,135168,28102656,1,systemd-journal,S (sleeping),server-compromised.bnsdq.ozxfs.rzona-vmdrv.kvugl,0.19791710099542134,0
1759303467,3293,1,N/A,N/A,N/A,N/A,N/A,N/A,N/A,N/A,1953800192,1922228224,41988096,N/A,135168,170463232,13,discern-network,S (sleeping),server-compromised.bnsdq.ozxfs.rzona-vmdrv.kvugl,1.286390610468085,0
1759303467,70443,1,N/A,N/A,N/A,N/A,N/A,N/A,N/A,N/A,1580597248,1580597248,21614592,N/A,135168,82202624,5,discern-interfa,S (sleeping),server-compromised.bnsdq.ozxfs.rzona-vmdrv.kvugl,0.002008829105322612,0
1759303467,72604,1,N/A,N/A,N/A,N/A,N/A,N/A,N/A,N/A,1264619520,1264619520,17321984,N/A,135168,45826048,5,discern-proc-so,S (sleeping),server-compromised.bnsdq.ozxfs.rzona-vmdrv.kvugl,2.5907644607895075,0
1759303468,376,1,103,103,103,103,109,109,109,109,145133568,145133568,136708096,N/A,135168,137404416,1,dbus-daemon,S (sleeping),server-compromised.bnsdq.ozxfs.rzona-vmdrv.kvugl,0.29327831964476775,1
1759303468,3355,1,N/A,N/A,N/A,N/A,N/A,N/A,N/A,N/A,1922494464,1922494464,47996928,N/A,135168,174923776,13,discern-network,S (sleeping),server-compromised.bnsdq.ozxfs.rzona-vmdrv.kvugl,0.5096290514943391,1
1759303468,179,1,N/A,N/A,N/A,N/A,N/A,N/A,N/A,N/A,116699136,116699136,37797888,4096,135168,28098560,1,systemd-journal,S (sleeping),server-compromised.bnsdq.ozxfs.rzona-vmdrv.kvugl,0.18932443463968937,1
1759303468,51850,1,N/A,N/A,N/A,N/A,N/A,N/A,N/A,N/A,1264619520,1264619520,17231872,N/A,135168,45826048,4,discern-proc-so,R (running),server-compromised.bnsdq.ozxfs.rzona-vmdrv.kvugl,2.5310747302284002,1
1759303468,45626,1,N/A,N/A,N/A,N/A,N/A,N/A,N/A,N/A,1647706112,1580597248,20361216,N/A,135168,82202624,5,discern-interfa,S (sleeping),server-compromised.bnsdq.ozxfs.rzona-vmdrv.kvugl,0.0032545957140705296,1
1759303472,340,1,103,103,103,103,109,109,109,109,250912768,250912768,236171264,N/A,135168,243183616,1,dbus-daemon,S (sleeping),server-compromised.bnsdq.ozxfs.rzona-vmdrv.kvugl,0.28539830054121784,0
1759303472,181,1,N/A,N/A,N/A,N/A,N/A,N/A,N/A,N/A,158683136,104140800,42651648,4096,135168,28102656,1,systemd-journal,S (sleeping),server-compromised.bnsdq.ozxfs.rzona-vmdrv.kvugl,0.1979140932590541,0
1759303472,3293,1,N/A,N/A,N/A,N/A,N/A,N/A,N/A,N/A,1953800192,1922228224,41988096,N/A,135168,170463232,13,discern-network,S (sleeping),server-compromised.bnsdq.ozxfs.rzona-vmdrv.kvugl,1.285644929914264,0
1759303472,70443,1,N/A,N/A,N/A,N/A,N/A,N/A,N/A,N/A,1580597248,1580597248,21614592,N/A,135168,82202624,5,discern-interfa,S (sleeping),server-compromised.bnsdq.ozxfs.rzona-vmdrv.kvugl,0.002001926054618651,0
1759303472,72604,1,N/A,N/A,N/A,N/A,N/A,N/A,N/A,N/A,1264619520,1264619520,17321984,N/A,135168,45826048,5,discern-proc-so,S (sleeping),server-compromised.bnsdq.ozxfs.rzona-vmdrv.kvugl,2.5905084363757416,0
1759303473,376,1,103,103,103,103,109,109,109,109,145268736,145268736,136708096,N/A,135168,137539584,1,dbus-daemon,S (sleeping),server-compromised.bnsdq.ozxfs.rzona-vmdrv.kvugl,0.29313164399042557,1
1759303473,3355,1,N/A,N/A,N/A,N/A,N/A,N/A,N/A,N/A,1922494464,1922494464,47996928,N/A,135168,174923776,13,discern-network,S (sleeping),server-compromised.bnsdq.ozxfs.rzona-vmdrv.kvugl,0.5097427553789814,1
1759303473,179,1,N/A,N/A,N/A,N/A,N/A,N/A,N/A,N/A,116699136,116699136,37797888,4096,135168,28098560,1,systemd-journal,S (sleeping),server-compromised.bnsdq.ozxfs.rzona-vmdrv.kvugl,0.18904430997288146,1
1759303473,51850,1,N/A,N/A,N/A,N/A,N/A,N/A,N/A,N/A,1264619520,1264619520,17231872,N/A,135168,45826048,4,discern-proc-so,R (running),server-compromised.bnsdq.ozxfs.rzona-vmdrv.kvugl,2.530825708595958,1
1759303473,45626,1,N/A,N/A,N/A,N/A,N/A,N/A,N/A,N/A,1647706112,1580597248,20361216,N/A,135168,82202624,5,discern-interfa,S (sleeping),server-compromised.bnsdq.ozxfs.rzona-vmdrv.kvugl,0.0032275469999731472,1
1759303477,340,1,103,103,103,103,109,109,109,109,250912768,250912768,236171264,N/A,135168,243183616,1,dbus-daemon,S (sleeping),server-compromised.bnsdq.ozxfs.rzona-vmdrv.kvugl,0.28579399801294614,0
1759303477,181,1,N/A,N/A,N/A,N/A,N/A,N/A,N/A,N/A,158683136,104140800,42917888,4096,135168,28102656,1,systemd-journal,S (sleeping),server-compromised.bnsdq.ozxfs.rzona-vmdrv.kvugl,0.19838043469068656,0
1759303477,3293,1,N/A,N/A,N/A,N/A,N/A,N/A,N/A,N/A,1953800192,1922228224,41988096,N/A,135168,170463232,13,discern-network,S (sleeping),server-compromised.bnsdq.ozxfs.rzona-vmdrv.kvugl,1.2850590551217436,0
1759303477,70443,1,N/A,N/A,N/A,N/A,N/A,N/A,N/A,N/A,1580597248,1580597248,21614592,N/A,135168,82202624,5,discern-interfa,S (sleeping),server-compromised.bnsdq.ozxfs.rzona-vmdrv.kvugl,0.0019950539244710116,0
1759303477,72604,1,N/A,N/A,N/A,N/A,N/A,N/A,N/A,N/A,1264619520,1264619520,17321984,N/A,135168,45826048,5,discern-proc-so,S (sleeping),server-compromised.bnsdq.ozxfs.rzona-vmdrv.kvugl,2.591725443114713,0
1759303478,376,1,103,103,103,103,109,109,109,109,145403904,145403904,136978432,N/A,135168,137674752,1,dbus-daemon,S (sleeping),server-compromised.bnsdq.ozxfs.rzona-vmdrv.kvugl,0.29327268253685973,1
1759303478,3355,1,N/A,N/A,N/A,N/A,N/A,N/A,N/A,N/A,1922494464,1922494464,47996928,N/A,135168,174923776,13,discern-network,S (sleeping),server-compromised.bnsdq.ozxfs.rzona-vmdrv.kvugl,0.5098566937069636,1
1759303478,179,1,N/A,N/A,N/A,N/A,N/A,N/A,N/A,N/A,116699136,116699136,37797888,4096,135168,28098560,1,systemd-journal,S (sleeping),server-compromised.bnsdq.ozxfs.rzona-vmdrv.kvugl,0.18933897407189176,1
1759303478,51850,1,N/A,N/A,N/A,N/A,N/A,N/A,N/A,N/A,1264619520,1264619520,17231872,N/A,135168,45826048,4,discern-proc-so,S (sleeping),server-compromised.bnsdq.ozxfs.rzona-vmdrv.kvugl,2.523802242629277,1
1759303478,45626,1,N/A,N/A,N/A,N/A,N/A,N/A,N/A,N/A,1647706112,1580597248,20361216,N/A,135168,82202624,5,discern-interfa,S (sleeping),server-compromised.bnsdq.ozxfs.rzona-vmdrv.kvugl,0.003200963688468519,1
1759303482,340,1,103,103,103,103,109,109,109,109,250912768,250912768,236171264,N/A,135168,243183616,1,dbus-daemon,S (sleeping),server-compromised.bnsdq.ozxfs.rzona-vmdrv.kvugl,0.2855637617549958,0
1759303482,181,1,N/A,N/A,N/A,N/A,N/A,N/A,N/A,N/A,158683136,104140800,43008000,4096,135168,28102656,1,systemd-journal,S (sleeping),server-compromised.bnsdq.ozxfs.rzona-vmdrv.kvugl,0.1982206442701665,0
1759303482,3293,1,N/A,N/A,N/A,N/A,N/A,N/A,N/A,N/A,1953800192,1922228224,41988096,N/A,135168,170463232,13,discern-network,S (sleeping),server-compromised.bnsdq.ozxfs.rzona-vmdrv.kvugl,1.2844769265710978,0
1759303482,70443,1,N/A,N/A,N/A,N/A,N/A,N/A,N/A,N/A,1580597248,1580597248,21614592,N/A,135168,82202624,5,discern-interfa,S (sleeping),server-compromised.bnsdq.ozxfs.rzona-vmdrv.kvugl,0.0019882465105105396,0
1759303482,72604,1,N/A,N/A,N/A,N/A,N/A,N/A,N/A,N/A,1264619520,1264619520,17321984,N/A,135168,45826048,5,discern-proc-so,S (sleeping),server-compromised.bnsdq.ozxfs.rzona-vmdrv.kvugl,2.5914696602982947,0
1759303483,376,1,103,103,103,103,109,109,109,109,145674240,145674240,137248768,N/A,135168,137945088,1,dbus-daemon,S (sleeping),server-compromised.bnsdq.ozxfs.rzona-vmdrv.kvugl,0.29341184646043833,1
1759303483,3355,1,N/A,N/A,N/A,N/A,N/A,N/A,N/A,N/A,1922494464,1922494464,47996928,N/A,135168,174923776,13,discern-network,S (sleeping),server-compromised.bnsdq.ozxfs.rzona-vmdrv.kvugl,0.509967605364109,1
1759303483,179,1,N/A,N/A,N/A,N/A,N/A,N/A,N/A,N/A,116699136,116699136,37797888,4096,135168,28098560,1,systemd-journal,S (sleeping),server-compromised.bnsdq.ozxfs.rzona-vmdrv.kvugl,0.18905891584526213,1
1759303483,51850,1,N/A,N/A,N/A,N/A,N/A,N/A,N/A,N/A,1264619520,1264619520,17231872,N/A,135168,45826048,4,discern-proc-so,S (sleeping),server-compromised.bnsdq.ozxfs.rzona-vmdrv.kvugl,2.530213866339836,1
1759303483,45626,1,N/A,N/A,N/A,N/A,N/A,N/A,N/A,N/A,1647706112,1580597248,20361216,N/A,135168,82202624,5,discern-interfa,S (sleeping),server-compromised.bnsdq.ozxfs.rzona-vmdrv.kvugl,0.0031747267097755145,1
1759303488,340,1,103,103,103,103,109,109,109,109,250912768,250912768,236171264,N/A,135168,243183616,1,dbus-daemon,S (sleeping),server-compromised.bnsdq.ozxfs.rzona-vmdrv.kvugl,0.28564655491161456,0
1759303488,181,1,N/A,N/A,N/A,N/A,N/A,N/A,N/A,N/A,158683136,104140800,43233280,4096,135168,28102656,1,systemd-journal,S (sleeping),server-compromised.bnsdq.ozxfs.rzona-vmdrv.kvugl,0.198686376808838,0
1759303488,3293,1,N/A,N/A,N/A,N/A,N/A,N/A,N/A,N/A,1953800192,1922228224,41988096,N/A,135168,170463232,13,discern-network,S (sleeping),server-compromised.bnsdq.ozxfs.rzona-vmdrv.kvugl,1.2838955888864343,0
1759303488,70443,1,N/A,N/A,N/A,N/A,N/A,N/A,N/A,N/A,1580597248,1580597248,21614592,N/A,135168,82202624,5,discern-interfa,S (sleeping),server-compromised.bnsdq.ozxfs.rzona-vmdrv.kvugl,0.0019814842699592233,0
1759303488,72604,1,N/A,N/A,N/A,N/A,N/A,N/A,N/A,N/A,1264619520,1264619520,17321984,N/A,135168,45826048,5,discern-proc-so,S (sleeping),server-compromised.bnsdq.ozxfs.rzona-vmdrv.kvugl,2.591956015609618,0
1759303489,376,1,103,103,103,103,109,109,109,109,145809408,145809408,137248768,N/A,135168,138080256,1,dbus-daemon,S (sleeping),server-compromised.bnsdq.ozxfs.rzona-vmdrv.kvugl,0.2935513748140501,1
1759303489,3355,1,N/A,N/A,N/A,N/A,N/A,N/A,N/A,N/A,1922494464,1922494464,47996928,N/A,135168,174923776,13,discern-network,S (sleeping),server-compromised.bnsdq.ozxfs.rzona-vmdrv.kvugl,0.5094766638738984,1
1759303489,179,1,N/A,N/A,N/A,N/A,N/A,N/A,N/A,N/A,116699136,116699136,37797888,4096,135168,28098560,1,systemd-journal,S (sleeping),server-compromised.bnsdq.ozxfs.rzona-vmdrv.kvugl,0.18906622543922166,1
1759303489,51850,1,N/A,N/A,N/A,N/A,N/A,N/A,N/A,N/A,1264619520,1264619520,17231872,N/A,135168,45826048,4,discern-proc-so,S (sleeping),server-compromised.bnsdq.ozxfs.rzona-vmdrv.kvugl,2.529950248734341,1
1759303489,45626,1,N/A,N/A,N/A,N/A,N/A,N/A,N/A,N/A,1647706112,1580597248,20361216,N/A,135168,82202624,5,discern-interfa,S (sleeping),server-compromised.bnsdq.ozxfs.rzona-vmdrv.kvugl,0.0031489633852365578,1
1759303493,340,1,103,103,103,103,109,109,109,109,250912768,250912768,236171264,N/A,135168,243183616,1,dbus-daemon,S (sleeping),server-compromised.bnsdq.ozxfs.rzona-vmdrv.kvugl,0.2857279776862742,0
1759303493,181,1,N/A,N/A,N/A,N/A,N/A,N/A,N/A,N/A,158683136,104140800,43425792,4096,135168,28102656,1,systemd-journal,S (sleeping),server-compromised.bnsdq.ozxfs.rzona-vmdrv.kvugl,0.19883810595202187,0
1759303493,3293,1,N/A,N/A,N/A,N/A,N/A,N/A,N/A,N/A,1953800192,1922228224,41988096,N/A,135168,170463232,13,discern-network,S (sleeping),server-compromised.bnsdq.ozxfs.rzona-vmdrv.kvugl,1.2831487716704746,0
1759303493,70443,1,N/A,N/A,N/A,N/A,N/A,N/A,N/A,N/A,1580597248,1580597248,21614592,N/A,135168,82202624,5,discern-interfa,S (sleeping),server-compromised.bnsdq.ozxfs.rzona-vmdrv.kvugl,0.0019747317883429044,0
1759303493,72604,1,N/A,N/A,N/A,N/A,N/A,N/A,N/A,N/A,1264619520,1264619520,17321984,N/A,135168,45826048,5,discern-proc-so,S (sleeping),server-compromised.bnsdq.ozxfs.rzona-vmdrv.kvugl,2.5946025601894687,0
1759303494,376,1,103,103,103,103,109,109,109,109,146223104,146223104,137519104,N/A,135168,138493952,1,dbus-daemon,S (sleeping),server-compromised.bnsdq.ozxfs.rzona-vmdrv.kvugl,0.2936856630937016,1
1759303494,53867,1,N/A,N/A,N/A,N/A,N/A,N/A,N/A,N/A,1400123392,1400123392,149315584,N/A,135168,206528512,4,discern-file-so,S (sleeping),server-compromised.bnsdq.ozxfs.rzona-vmdrv.kvugl,58.50644330918864,1
1759303494,3355,1,N/A,N/A,N/A,N/A,N/A,N/A,N/A,N/A,1922494464,1922494464,47996928,N/A,135168,174923776,13,discern-network,S (sleeping),server-compromised.bnsdq.ozxfs.rzona-vmdrv.kvugl,0.5092793174951663,1
1759303494,179,1,N/A,N/A,N/A,N/A,N/A,N/A,N/A,N/A,125087744,125087744,37797888,4096,135168,28098560,1,systemd-journal,S (sleeping),server-compromised.bnsdq.ozxfs.rzona-vmdrv.kvugl,0.18964156981657854,1
1759303494,45626,1,N/A,N/A,N/A,N/A,N/A,N/A,N/A,N/A,1647706112,1580597248,20361216,N/A,135168,82202624,5,discern-interfa,S (sleeping),server-compromised.bnsdq.ozxfs.rzona-vmdrv.kvugl,0.003123328874081105,1
1759303498,340,1,103,103,103,103,109,109,109,109,250912768,250912768,236171264,N/A,135168,243183616,1,dbus-daemon,S (sleeping),server-compromised.bnsdq.ozxfs.rzona-vmdrv.kvugl,0.2854981255314898,0
1759303498,181,1,N/A,N/A,N/A,N/A,N/A,N/A,N/A,N/A,158683136,104140800,43515904,4096,135168,28102656,1,systemd-journal,S (sleeping),server-compromised.bnsdq.ozxfs.rzona-vmdrv.kvugl,0.19883424753124215,0
1759303498,3293,1,N/A,N/A,N/A,N/A,N/A,N/A,N/A,N/A,1953800192,1922228224,41988096,N/A,135168,170463232,13,discern-network,S (sleeping),server-compromised.bnsdq.ozxfs.rzona-vmdrv.kvugl,1.282568631029497,0
1759303498,70443,1,N/A,N/A,N/A,N/A,N/A,N/A,N/A,N/A,1580597248,1580597248,21614592,N/A,135168,82202624,5,discern-interfa,S (sleeping),server-compromised.bnsdq.ozxfs.rzona-vmdrv.kvugl,0.00196805560697751,0
1759303498,72604,1,N/A,N/A,N/A,N/A,N/A,N/A,N/A,N/A,1264619520,1264619520,17321984,N/A,135168,45826048,5,discern-proc-so,S (sleeping),server-compromised.bnsdq.ozxfs.rzona-vmdrv.kvugl,2.595065351769146,0
1759303499,376,1,103,103,103,103,109,109,109,109,146358272,146358272,137785344,N/A,135168,138629120,1,dbus-daemon,S (sleeping),server-compromised.bnsdq.ozxfs.rzona-vmdrv.kvugl,0.293521735585665,1
1759303499,53867,1,N/A,N/A,N/A,N/A,N/A,N/A,N/A,N/A,1534808064,1534808064,203325440,N/A,135168,295075840,4,discern-file-so,S (sleeping),server-compromised.bnsdq.ozxfs.rzona-vmdrv.kvugl,67.70875040203809,1
1759303499,3355,1,N/A,N/A,N/A,N/A,N/A,N/A,N/A,N/A,1922494464,1922494464,47996928,N/A,135168,174923776,13,discern-network,S (sleeping),server-compromised.bnsdq.ozxfs.rzona-vmdrv.kvugl,0.5090597559530401,1
1759303499,179,1,N/A,N/A,N/A,N/A,N/A,N/A,N/A,N/A,125087744,125087744,37797888,4096,135168,28098560,1,systemd-journal,S (sleeping),server-compromised.bnsdq.ozxfs.rzona-vmdrv.kvugl,0.18963676250103537,1
1759303499,45626,1,N/A,N/A,N/A,N/A,N/A,N/A,N/A,N/A,1647706112,1580597248,20361216,N/A,135168,82202624,5,discern-interfa,S (sleeping),server-compromised.bnsdq.ozxfs.rzona-vmdrv.kvugl,0.003097392790827563,1
1759303503,340,1,103,103,103,103,109,109,109,109,250912768,250912768,236171264,N/A,135168,243183616,1,dbus-daemon,S (sleeping),server-compromised.bnsdq.ozxfs.rzona-vmdrv.kvugl,0.28558036042336676,0
1759303503,181,1,N/A,N/A,N/A,N/A,N/A,N/A,N/A,N/A,158683136,104140800,43724800,4096,135168,28102656,1,systemd-journal,S (sleeping),server-compromised.bnsdq.ozxfs.rzona-vmdrv.kvugl,0.19914213159149843,0
1759303503,3293,1,N/A,N/A,N/A,N/A,N/A,N/A,N/A,N/A,1953800192,1922228224,41988096,N/A,135168,170463232,13,discern-network,S (sleeping),server-compromised.bnsdq.ozxfs.rzona-vmdrv.kvugl,1.281827975820153,0
1759303503,70443,1,N/A,N/A,N/A,N/A,N/A,N/A,N/A,N/A,1580597248,1580597248,21614592,N/A,135168,82202624,5,discern-interfa,S (sleeping),server-compromised.bnsdq.ozxfs.rzona-vmdrv.kvugl,0.001961418022890221,0
1759303503,72604,1,N/A,N/A,N/A,N/A,N/A,N/A,N/A,N/A,1264619520,1264619520,17321984,N/A,135168,45826048,5,discern-proc-so,S (sleeping),server-compromised.bnsdq.ozxfs.rzona-vmdrv.kvugl,2.595515212265374,0
1759303504,376,1,103,103,103,103,109,109,109,109,146493440,146493440,138055680,N/A,135168,138764288,1,dbus-daemon,S (sleeping),server-compromised.bnsdq.ozxfs.rzona-vmdrv.kvugl,0.29308258000206056,1
1759303504,53867,1,N/A,N/A,N/A,N/A,N/A,N/A,N/A,N/A,1534808064,1534808064,203325440,N/A,135168,295075840,4,discern-file-so,S (sleeping),server-compromised.bnsdq.ozxfs.rzona-vmdrv.kvugl,68.60035347892688,1
1759303504,3355,1,N/A,N/A,N/A,N/A,N/A,N/A,N/A,N/A,1922494464,1922494464,47996928,N/A,135168,174923776,13,discern-network,S (sleeping),server-compromised.bnsdq.ozxfs.rzona-vmdrv.kvugl,0.5088575192168121,1
1759303504,179,1,N/A,N/A,N/A,N/A,N/A,N/A,N/A,N/A,125087744,125087744,37797888,4096,135168,28098560,1,systemd-journal,S (sleeping),server-compromised.bnsdq.ozxfs.rzona-vmdrv.kvugl,0.18963786369816268,1
1759303504,45626,1,N/A,N/A,N/A,N/A,N/A,N/A,N/A,N/A,1647706112,1580597248,20361216,N/A,135168,82202624,5,discern-interfa,S (sleeping),server-compromised.bnsdq.ozxfs.rzona-vmdrv.kvugl,0.003072397967083775,1
1759303508,340,1,103,103,103,103,109,109,109,109,250912768,250912768,236171264,N/A,135168,243183616,1,dbus-daemon,S (sleeping),server-compromised.bnsdq.ozxfs.rzona-vmdrv.kvugl,0.2855064591033211,0
1759303508,181,1,N/A,N/A,N/A,N/A,N/A,N/A,N/A,N/A,158683136,104140800,43831296,4096,135168,28102656,1,systemd-journal,S (sleeping),server-compromised.bnsdq.ozxfs.rzona-vmdrv.kvugl,0.19913776960318022,0
1759303508,3293,1,N/A,N/A,N/A,N/A,N/A,N/A,N/A,N/A,1953800192,1922228224,41988096,N/A,135168,170463232,13,discern-network,S (sleeping),server-compromised.bnsdq.ozxfs.rzona-vmdrv.kvugl,1.281408446541579,0
1759303508,70443,1,N/A,N/A,N/A,N/A,N/A,N/A,N/A,N/A,1580597248,1580597248,21614592,N/A,135168,82202624,5,discern-interfa,S (sleeping),server-compromised.bnsdq.ozxfs.rzona-vmdrv.kvugl,0.0019548205247918522,0
1759303508,72604,1,N/A,N/A,N/A,N/A,N/A,N/A,N/A,N/A,1264619520,1264619520,17321984,N/A,135168,45826048,5,discern-proc-so,S (sleeping),server-compromised.bnsdq.ozxfs.rzona-vmdrv.kvugl,2.596685446501573,0
1759303510,376,1,103,103,103,103,109,109,109,109,146628608,146628608,138055680,N/A,135168,138899456,1,dbus-daemon,S (sleeping),server-compromised.bnsdq.ozxfs.rzona-vmdrv.kvugl,0.29321962316227235,1
1759303510,3355,1,N/A,N/A,N/A,N/A,N/A,N/A,N/A,N/A,1922494464,1922494464,47996928,N/A,135168,174923776,13,discern-network,S (sleeping),server-compromised.bnsdq.ozxfs.rzona-vmdrv.kvugl,0.5086671346678708,1
1759303510,179,1,N/A,N/A,N/A,N/A,N/A,N/A,N/A,N/A,125087744,125087744,37797888,4096,135168,28098560,1,systemd-journal,S (sleeping),server-compromised.bnsdq.ozxfs.rzona-vmdrv.kvugl,0.1899272613559449,1
1759303510,51850,1,N/A,N/A,N/A,N/A,N/A,N/A,N/A,N/A,1264619520,1264619520,17231872,N/A,135168,45826048,4,discern-proc-so,S (sleeping),server-compromised.bnsdq.ozxfs.rzona-vmdrv.kvugl,2.523483954954703,1
1759303510,45626,1,N/A,N/A,N/A,N/A,N/A,N/A,N/A,N/A,1647706112,1580597248,20361216,N/A,135168,82202624,5,discern-interfa,S (sleeping),server-compromised.bnsdq.ozxfs.rzona-vmdrv.kvugl,0.003048147769512047,1
1759303513,340,1,103,103,103,103,109,109,109,109,250912768,250912768,236171264,N/A,135168,243183616,1,dbus-daemon,S (sleeping),server-compromised.bnsdq.ozxfs.rzona-vmdrv.kvugl,0.28574358801383143,0
1759303513,181,1,N/A,N/A,N/A,N/A,N/A,N/A,N/A,N/A,158683136,104140800,44015616,4096,135168,28102656,1,systemd-journal,S (sleeping),server-compromised.bnsdq.ozxfs.rzona-vmdrv.kvugl,0.19928874162799234,0
1759303513,3293,1,N/A,N/A,N/A,N/A,N/A,N/A,N/A,N/A,1953800192,1922228224,41988096,N/A,135168,170463232,13,discern-network,S (sleeping),server-compromised.bnsdq.ozxfs.rzona-vmdrv.kvugl,1.280826985865275,0
1759303513,70443,1,N/A,N/A,N/A,N/A,N/A,N/A,N/A,N/A,1580597248,1580597248,21614592,N/A,135168,82202624,5,discern-interfa,S (sleeping),server-compromised.bnsdq.ozxfs.rzona-vmdrv.kvugl,0.0019482521284722295,0
1759303513,72604,1,N/A,N/A,N/A,N/A,N/A,N/A,N/A,N/A,1264619520,1264619520,17321984,N/A,135168,45826048,5,discern-proc-so,S (sleeping),server-compromised.bnsdq.ozxfs.rzona-vmdrv.kvugl,2.597824453365699,0
1759303515,376,1,103,103,103,103,109,109,109,109,146898944,146898944,138326016,N/A,135168,139169792,1,dbus-daemon,S (sleeping),server-compromised.bnsdq.ozxfs.rzona-vmdrv.kvugl,0.29307408022897774,1
1759303515,3355,1,N/A,N/A,N/A,N/A,N/A,N/A,N/A,N/A,1922494464,1922494464,47996928,N/A,135168,174923776,13,discern-network,S (sleeping),server-compromised.bnsdq.ozxfs.rzona-vmdrv.kvugl,0.508480542931988,1
1759303515,179,1,N/A,N/A,N/A,N/A,N/A,N/A,N/A,N/A,125087744,125087744,37797888,4096,135168,28098560,1,systemd-journal,S (sleeping),server-compromised.bnsdq.ozxfs.rzona-vmdrv.kvugl,0.18993302662171851,1
1759303515,51850,1,N/A,N/A,N/A,N/A,N/A,N/A,N/A,N/A,1264619520,1264619520,17231872,N/A,135168,45826048,4,discern-proc-so,R (running),server-compromised.bnsdq.ozxfs.rzona-vmdrv.kvugl,2.5233919176261685,1
1759303515,45626,1,N/A,N/A,N/A,N/A,N/A,N/A,N/A,N/A,1647706112,1580597248,20361216,N/A,135168,82202624,5,discern-interfa,S (sleeping),server-compromised.bnsdq.ozxfs.rzona-vmdrv.kvugl,0.003024371535220526,1
1759303519,340,1,103,103,103,103,109,109,109,109,250912768,250912768,236171264,N/A,135168,243183616,1,dbus-daemon,S (sleeping),server-compromised.bnsdq.ozxfs.rzona-vmdrv.kvugl,0.285669342367163,0
1759303519,181,1,N/A,N/A,N/A,N/A,N/A,N/A,N/A,N/A,158683136,104140800,44077056,4096,135168,28102656,1,systemd-journal,S (sleeping),server-compromised.bnsdq.ozxfs.rzona-vmdrv.kvugl,0.19928403743316664,0
1759303519,3293,1,N/A,N/A,N/A,N/A,N/A,N/A,N/A,N/A,1953800192,1922228224,41988096,N/A,135168,170463232,13,discern-network,S (sleeping),server-compromised.bnsdq.ozxfs.rzona-vmdrv.kvugl,1.2800873398096186,0
1759303519,70443,1,N/A,N/A,N/A,N/A,N/A,N/A,N/A,N/A,1580597248,1580597248,21614592,N/A,135168,82202624,5,discern-interfa,S (sleeping),server-compromised.bnsdq.ozxfs.rzona-vmdrv.kvugl,0.001941733322724996,0
1759303519,72604,1,N/A,N/A,N/A,N/A,N/A,N/A,N/A,N/A,1264619520,1264619520,17321984,N/A,135168,45826048,5,discern-proc-so,S (sleeping),server-compromised.bnsdq.ozxfs.rzona-vmdrv.kvugl,2.5996883821007897,0
1759303520,376,1,103,103,103,103,109,109,109,109,147034112,147034112,138596352,N/A,135168,139304960,1,dbus-daemon,S (sleeping),server-compromised.bnsdq.ozxfs.rzona-vmdrv.kvugl,0.29321118308165506,1
1759303520,3355,1,N/A,N/A,N/A,N/A,N/A,N/A,N/A,N/A,1922494464,1922494464,47996928,N/A,135168,174923776,13,discern-network,S (sleeping),server-compromised.bnsdq.ozxfs.rzona-vmdrv.kvugl,0.5085907032019686,1
1759303520,179,1,N/A,N/A,N/A,N/A,N/A,N/A,N/A,N/A,125087744,125087744,37797888,4096,135168,28098560,1,systemd-journal,S (sleeping),server-compromised.bnsdq.ozxfs.rzona-vmdrv.kvugl,0.18993790059567375,1
1759303520,51850,1,N/A,N/A,N/A,N/A,N/A,N/A,N/A,N/A,1264619520,1264619520,17231872,N/A,135168,45826048,4,discern-proc-so,S (sleeping),server-compromised.bnsdq.ozxfs.rzona-vmdrv.kvugl,2.544423346150187,1
1759303520,45626,1,N/A,N/A,N/A,N/A,N/A,N/A,N/A,N/A,1647706112,1580597248,20361216,N/A,135168,82202624,5,discern-interfa,S (sleeping),server-compromised.bnsdq.ozxfs.rzona-vmdrv.kvugl,0.0030008901991646583,1
1759303524,340,1,103,103,103,103,109,109,109,109,250912768,250912768,236171264,N/A,135168,243183616,1,dbus-daemon,S (sleeping),server-compromised.bnsdq.ozxfs.rzona-vmdrv.kvugl,0.28590871667131285,0
1759303524,181,1,N/A,N/A,N/A,N/A,N/A,N/A,N/A,N/A,158683136,104140800,44453888,4096,135168,28102656,1,systemd-journal,S (sleeping),server-compromised.bnsdq.ozxfs.rzona-vmdrv.kvugl,0.19974746373135618,0
1759303524,3293,1,N/A,N/A,N/A,N/A,N/A,N/A,N/A,N/A,1953800192,1922228224,41988096,N/A,135168,170463232,13,discern-network,S (sleeping),server-compromised.bnsdq.ozxfs.rzona-vmdrv.kvugl,1.279520632823366,0
1759303524,70443,1,N/A,N/A,N/A,N/A,N/A,N/A,N/A,N/A,1580597248,1580597248,21614592,N/A,135168,82202624,5,discern-interfa,S (sleeping),server-compromised.bnsdq.ozxfs.rzona-vmdrv.kvugl,0.0019353300776357321,0
1759303524,72604,1,N/A,N/A,N/A,N/A,N/A,N/A,N/A,N/A,1264619520,1264619520,17321984,N/A,135168,45826048,5,discern-proc-so,S (sleeping),server-compromised.bnsdq.ozxfs.rzona-vmdrv.kvugl,2.596589521552825,0
1759303525,376,1,103,103,103,103,109,109,109,109,147169280,147169280,138596352,N/A,135168,139440128,1,dbus-daemon,S (sleeping),server-compromised.bnsdq.ozxfs.rzona-vmdrv.kvugl,0.29306605427488946,1
1759303525,3355,1,N/A,N/A,N/A,N/A,N/A,N/A,N/A,N/A,1922494464,1922494464,47996928,N/A,135168,174923776,13,discern-network,S (sleeping),server-compromised.bnsdq.ozxfs.rzona-vmdrv.kvugl,0.508702943618491,1
1759303525,179,1,N/A,N/A,N/A,N/A,N/A,N/A,N/A,N/A,125087744,125087744,37797888,4096,135168,28098560,1,systemd-journal,S (sleeping),server-compromised.bnsdq.ozxfs.rzona-vmdrv.kvugl,0.18966054267023422,1
1759303525,51850,1,N/A,N/A,N/A,N/A,N/A,N/A,N/A,N/A,1264619520,1264619520,17231872,N/A,135168,45826048,4,discern-proc-so,R (running),server-compromised.bnsdq.ozxfs.rzona-vmdrv.kvugl,2.5437695057946206,1
1759303525,45626,1,N/A,N/A,N/A,N/A,N/A,N/A,N/A,N/A,1647706112,1580597248,20361216,N/A,135168,82202624,5,discern-interfa,S (sleeping),server-compromised.bnsdq.ozxfs.rzona-vmdrv.kvugl,0.0029778404422413206,1
1759303529,340,1,103,103,103,103,109,109,109,109,250912768,250912768,236171264,N/A,135168,243183616,1,dbus-daemon,S (sleeping),server-compromised.bnsdq.ozxfs.rzona-vmdrv.kvugl,0.28567927228510215,0
1759303529,181,1,N/A,N/A,N/A,N/A,N/A,N/A,N/A,N/A,158683136,104140800,44523520,4096,135168,28102656,1,systemd-journal,S (sleeping),server-compromised.bnsdq.ozxfs.rzona-vmdrv.kvugl,0.19974250941383095,0
1759303529,3293,1,N/A,N/A,N/A,N/A,N/A,N/A,N/A,N/A,1953800192,1922228224,41988096,N/A,135168,170463232,13,discern-network,S (sleeping),server-compromised.bnsdq.ozxfs.rzona-vmdrv.kvugl,1.278784004031812,0
1759303529,70443,1,N/A,N/A,N/A,N/A,N/A,N/A,N/A,N/A,1580597248,1580597248,21614592,N/A,135168,82202624,5,discern-interfa,S (sleeping),server-compromised.bnsdq.ozxfs.rzona-vmdrv.kvugl,0.0019289016634001992,0
1759303529,72604,1,N/A,N/A,N/A,N/A,N/A,N/A,N/A,N/A,1264619520,1264619520,17321984,N/A,135168,45826048,5,discern-proc-so,S (sleeping),server-compromised.bnsdq.ozxfs.rzona-vmdrv.kvugl,2.5977309730569855,0
1759303530,376,1,103,103,103,103,109,109,109,109,147439616,147439616,138866688,N/A,135168,139710464,1,dbus-daemon,S (sleeping),server-compromised.bnsdq.ozxfs.rzona-vmdrv.kvugl,0.29320428628574213,1
1759303530,3355,1,N/A,N/A,N/A,N/A,N/A,N/A,N/A,N/A,1922494464,1922494464,47996928,N/A,135168,174923776,13,discern-network,S (sleeping),server-compromised.bnsdq.ozxfs.rzona-vmdrv.kvugl,0.5085174707780888,1
1759303530,179,1,N/A,N/A,N/A,N/A,N/A,N/A,N/A,N/A,125087744,125087744,37797888,4096,135168,28098560,1,systemd-journal,S (sleeping),server-compromised.bnsdq.ozxfs.rzona-vmdrv.kvugl,0.19023210866693815,1
1759303530,51850,1,N/A,N/A,N/A,N/A,N/A,N/A,N/A,N/A,1264619520,1264619520,17231872,N/A,135168,45826048,4,discern-proc-so,S (sleeping),server-compromised.bnsdq.ozxfs.rzona-vmdrv.kvugl,2.5381286059048245,1
1759303530,45626,1,N/A,N/A,N/A,N/A,N/A,N/A,N/A,N/A,1647706112,1580597248,20361216,N/A,135168,82202624,5,discern-interfa,S (sleeping),server-compromised.bnsdq.ozxfs.rzona-vmdrv.kvugl,0.0029551542971994827,1
1759303534,340,1,103,103,103,103,109,109,109,109,250912768,250912768,236171264,N/A,135168,243183616,1,dbus-daemon,S (sleeping),server-compromised.bnsdq.ozxfs.rzona-vmdrv.kvugl,0.2857608465411893,0
1759303534,181,1,N/A,N/A,N/A,N/A,N/A,N/A,N/A,N/A,158683136,104140800,44765184,4096,135168,28102656,1,systemd-journal,S (sleeping),server-compromised.bnsdq.ozxfs.rzona-vmdrv.kvugl,0.20004810363516234,0
1759303534,3293,1,N/A,N/A,N/A,N/A,N/A,N/A,N/A,N/A,1953800192,1922228224,41988096,N/A,135168,170463232,13,discern-network,S (sleeping),server-compromised.bnsdq.ozxfs.rzona-vmdrv.kvugl,1.278209224360617,0
1759303534,70443,1,N/A,N/A,N/A,N/A,N/A,N/A,N/A,N/A,1580597248,1580597248,21614592,N/A,135168,82202624,5,discern-interfa,S (sleeping),server-compromised.bnsdq.ozxfs.rzona-vmdrv.kvugl,0.0019225218097829418,0
1759303534,72604,1,N/A,N/A,N/A,N/A,N/A,N/A,N/A,N/A,1264619520,1264619520,17321984,N/A,135168,45826048,5,discern-proc-so,S (sleeping),server-compromised.bnsdq.ozxfs.rzona-vmdrv.kvugl,2.59743885474287,0
1759303535,376,1,103,103,103,103,109,109,109,109,147574784,147574784,139137024,N/A,135168,139845632,1,dbus-daemon,S (sleeping),server-compromised.bnsdq.ozxfs.rzona-vmdrv.kvugl,0.29305911471937945,1
1759303535,3355,1,N/A,N/A,N/A,N/A,N/A,N/A,N/A,N/A,1922494464,1922494464,47996928,N/A,135168,174923776,13,discern-network,S (sleeping),server-compromised.bnsdq.ozxfs.rzona-vmdrv.kvugl,0.5083313421716095,1
1759303535,179,1,N/A,N/A,N/A,N/A,N/A,N/A,N/A,N/A,125087744,125087744,37797888,4096,135168,28098560,1,systemd-journal,S (sleeping),server-compromised.bnsdq.ozxfs.rzona-vmdrv.kvugl,0.18995482207382489,1
1759303535,51850,1,N/A,N/A,N/A,N/A,N/A,N/A,N/A,N/A,1264619520,1264619520,17231872,N/A,135168,45826048,4,discern-proc-so,R (running),server-compromised.bnsdq.ozxfs.rzona-vmdrv.kvugl,2.537598384533562,1
1759303535,45626,1,N/A,N/A,N/A,N/A,N/A,N/A,N/A,N/A,1647706112,1580597248,20361216,N/A,135168,82202624,5,discern-interfa,S (sleeping),server-compromised.bnsdq.ozxfs.rzona-vmdrv.kvugl,0.002932775400085541,1
1759303539,340,1,103,103,103,103,109,109,109,109,250912768,250912768,236171264,N/A,135168,243183616,1,dbus-daemon,S (sleeping),server-compromised.bnsdq.ozxfs.rzona-vmdrv.kvugl,0.2859987159003618,0
1759303539,181,1,N/A,N/A,N/A,N/A,N/A,N/A,N/A,N/A,158683136,104140800,44990464,4096,135168,28102656,1,systemd-journal,S (sleeping),server-compromised.bnsdq.ozxfs.rzona-vmdrv.kvugl,0.20019906714673852,0
1759303539,3293,1,N/A,N/A,N/A,N/A,N/A,N/A,N/A,N/A,1953800192,1922228224,41988096,N/A,135168,170463232,13,discern-network,S (sleeping),server-compromised.bnsdq.ozxfs.rzona-vmdrv.kvugl,1.2778010072196175,0
1759303539,70443,1,N/A,N/A,N/A,N/A,N/A,N/A,N/A,N/A,1580597248,1580597248,21614592,N/A,135168,82202624,5,discern-interfa,S (sleeping),server-compromised.bnsdq.ozxfs.rzona-vmdrv.kvugl,0.0019162205299972496,0
1759303539,72604,1,N/A,N/A,N/A,N/A,N/A,N/A,N/A,N/A,1264619520,1264619520,17321984,N/A,135168,45826048,5,discern-proc-so,S (sleeping),server-compromised.bnsdq.ozxfs.rzona-vmdrv.kvugl,2.5972041503110224,0
1759303541,376,1,103,103,103,103,109,109,109,109,147845120,147845120,139407360,N/A,135168,140115968,1,dbus-daemon,S (sleeping),server-compromised.bnsdq.ozxfs.rzona-vmdrv.kvugl,0.2934786626610495,1
1759303541,3355,1,N/A,N/A,N/A,N/A,N/A,N/A,N/A,N/A,1922494464,1922494464,47996928,N/A,135168,174923776,13,discern-network,S (sleeping),server-compromised.bnsdq.ozxfs.rzona-vmdrv.kvugl,0.5081466182810029,1
1759303541,179,1,N/A,N/A,N/A,N/A,N/A,N/A,N/A,N/A,125087744,125087744,37797888,4096,135168,28098560,1,systemd-journal,S (sleeping),server-compromised.bnsdq.ozxfs.rzona-vmdrv.kvugl,0.1899604787758135,1
1759303541,51850,1,N/A,N/A,N/A,N/A,N/A,N/A,N/A,N/A,1264619520,1264619520,17231872,N/A,135168,45826048,4,discern-proc-so,R (running),server-compromised.bnsdq.ozxfs.rzona-vmdrv.kvugl,2.537161891359059,1
1759303541,45626,1,N/A,N/A,N/A,N/A,N/A,N/A,N/A,N/A,1647706112,1580597248,20361216,N/A,135168,82202624,5,discern-interfa,S (sleeping),server-compromised.bnsdq.ozxfs.rzona-vmdrv.kvugl,0.0029107563166880794,1
1759303544,340,1,103,103,103,103,109,109,109,109,250912768,250912768,236171264,N/A,135168,243183616,1,dbus-daemon,S (sleeping),server-compromised.bnsdq.ozxfs.rzona-vmdrv.kvugl,0.2859249035520705,0
1759303544,181,1,N/A,N/A,N/A,N/A,N/A,N/A,N/A,N/A,158683136,104140800,45125632,4096,135168,28102656,1,systemd-journal,S (sleeping),server-compromised.bnsdq.ozxfs.rzona-vmdrv.kvugl,0.2005037889307893,0
1759303544,3293,1,N/A,N/A,N/A,N/A,N/A,N/A,N/A,N/A,1953800192,1922228224,41988096,N/A,135168,170463232,13,discern-network,S (sleeping),server-compromised.bnsdq.ozxfs.rzona-vmdrv.kvugl,1.2769090791842557,0
1759303544,70443,1,N/A,N/A,N/A,N/A,N/A,N/A,N/A,N/A,1580597248,1580597248,21614592,N/A,135168,82202624,5,discern-interfa,S (sleeping),server-compromised.bnsdq.ozxfs.rzona-vmdrv.kvugl,0.0019099234678126482,0
1759303544,72604,1,N/A,N/A,N/A,N/A,N/A,N/A,N/A,N/A,1264619520,1264619520,17321984,N/A,135168,45826048,5,discern-proc-so,S (sleeping),server-compromised.bnsdq.ozxfs.rzona-vmdrv.kvugl,2.596915085810181,0
1759303546,376,1,103,103,103,103,109,109,109,109,147980288,147980288,139407360,N/A,135168,140251136,1,dbus-daemon,S (sleeping),server-compromised.bnsdq.ozxfs.rzona-vmdrv.kvugl,0.2933323945685527,1
1759303546,3355,1,N/A,N/A,N/A,N/A,N/A,N/A,N/A,N/A,1922494464,1922494464,47996928,N/A,135168,174923776,13,discern-network,S (sleeping),server-compromised.bnsdq.ozxfs.rzona-vmdrv.kvugl,0.5082559371125762,1
1759303546,179,1,N/A,N/A,N/A,N/A,N/A,N/A,N/A,N/A,125087744,125087744,37797888,4096,135168,28098560,1,systemd-journal,S (sleeping),server-compromised.bnsdq.ozxfs.rzona-vmdrv.kvugl,0.1902465248472188,1
1759303546,51850,1,N/A,N/A,N/A,N/A,N/A,N/A,N/A,N/A,1264619520,1264619520,17231872,N/A,135168,45826048,4,discern-proc-so,S (sleeping),server-compromised.bnsdq.ozxfs.rzona-vmdrv.kvugl,2.541206237094811,1
1759303546,45626,1,N/A,N/A,N/A,N/A,N/A,N/A,N/A,N/A,1647706112,1580597248,20361216,N/A,135168,82202624,5,discern-interfa,S (sleeping),server-compromised.bnsdq.ozxfs.rzona-vmdrv.kvugl,0.0028889850559513327,1
1759303549,340,1,103,103,103,103,109,109,109,109,250912768,250912768,236171264,N/A,135168,243183616,1,dbus-daemon,S (sleeping),server-compromised.bnsdq.ozxfs.rzona-vmdrv.kvugl,0.285850876050249,0
1759303549,181,1,N/A,N/A,N/A,N/A,N/A,N/A,N/A,N/A,158683136,104140800,45211648,4096,135168,28102656,1,systemd-journal,S (sleeping),server-compromised.bnsdq.ozxfs.rzona-vmdrv.kvugl,0.2004981387138052,0
1759303549,3293,1,N/A,N/A,N/A,N/A,N/A,N/A,N/A,N/A,1953800192,1922228224,41988096,N/A,135168,170463232,13,discern-network,S (sleeping),server-compromised.bnsdq.ozxfs.rzona-vmdrv.kvugl,1.276335569633595,0
1759303549,70443,1,N/A,N/A,N/A,N/A,N/A,N/A,N/A,N/A,1580597248,1580597248,21614592,N/A,135168,82202624,5,discern-interfa,S (sleeping),server-compromised.bnsdq.ozxfs.rzona-vmdrv.kvugl,0.001903658222788501,0
1759303549,72604,1,N/A,N/A,N/A,N/A,N/A,N/A,N/A,N/A,1264619520,1264619520,17321984,N/A,135168,45826048,5,discern-proc-so,S (sleeping),server-compromised.bnsdq.ozxfs.rzona-vmdrv.kvugl,2.5980321309084697,0
1759303551,376,1,103,103,103,103,109,109,109,109,148115456,148115456,139677696,N/A,135168,140386304,1,dbus-daemon,S (sleeping),server-compromised.bnsdq.ozxfs.rzona-vmdrv.kvugl,0.2931895967211077,1
1759303551,3355,1,N/A,N/A,N/A,N/A,N/A,N/A,N/A,N/A,1922494464,1922494464,47996928,N/A,135168,174923776,13,discern-network,S (sleeping),server-compromised.bnsdq.ozxfs.rzona-vmdrv.kvugl,0.5083704773466413,1
1759303551,179,1,N/A,N/A,N/A,N/A,N/A,N/A,N/A,N/A,125087744,125087744,37797888,4096,135168,28098560,1,systemd-journal,S (sleeping),server-compromised.bnsdq.ozxfs.rzona-vmdrv.kvugl,0.18997167052844,1
1759303551,51850,1,N/A,N/A,N/A,N/A,N/A,N/A,N/A,N/A,1264619520,1264619520,17231872,N/A,135168,45826048,4,discern-proc-so,R (running),server-compromised.bnsdq.ozxfs.rzona-vmdrv.kvugl,2.536334867210728,1
1759303551,45626,1,N/A,N/A,N/A,N/A,N/A,N/A,N/A,N/A,1647706112,1580597248,20361216,N/A,135168,82202624,5,discern-interfa,S (sleeping),server-compromised.bnsdq.ozxfs.rzona-vmdrv.kvugl,0.0028676897060819586,1
1759303555,340,1,103,103,103,103,109,109,109,109,250912768,250912768,236171264,N/A,135168,243183616,1,dbus-daemon,S (sleeping),server-compromised.bnsdq.ozxfs.rzona-vmdrv.kvugl,0.2859321339111192,0
1759303555,181,1,N/A,N/A,N/A,N/A,N/A,N/A,N/A,N/A,158683136,104140800,45350912,4096,135168,28102656,1,systemd-journal,S (sleeping),server-compromised.bnsdq.ozxfs.rzona-vmdrv.kvugl,0.20049280931839633,0
1759303555,3293,1,N/A,N/A,N/A,N/A,N/A,N/A,N/A,N/A,1953800192,1922228224,41988096,N/A,135168,170463232,13,discern-network,S (sleeping),server-compromised.bnsdq.ozxfs.rzona-vmdrv.kvugl,1.275605941668173,0
1759303555,70443,1,N/A,N/A,N/A,N/A,N/A,N/A,N/A,N/A,1580597248,1580597248,21614592,N/A,135168,82202624,5,discern-interfa,S (sleeping),server-compromised.bnsdq.ozxfs.rzona-vmdrv.kvugl,0.0018974462835483056,0
1759303555,72604,1,N/A,N/A,N/A,N/A,N/A,N/A,N/A,N/A,1264619520,1264619520,17321984,N/A,135168,45826048,5,discern-proc-so,S (sleeping),server-compromised.bnsdq.ozxfs.rzona-vmdrv.kvugl,2.597746683073308,0
1759303556,376,1,103,103,103,103,109,109,109,109,148250624,148250624,139948032,N/A,135168,140521472,1,dbus-daemon,S (sleeping),server-compromised.bnsdq.ozxfs.rzona-vmdrv.kvugl,0.2933250393002935,1
1759303556,3355,1,N/A,N/A,N/A,N/A,N/A,N/A,N/A,N/A,1922494464,1922494464,47996928,N/A,135168,174923776,13,discern-network,S (sleeping),server-compromised.bnsdq.ozxfs.rzona-vmdrv.kvugl,0.5081840012456498,1
1759303556,179,1,N/A,N/A,N/A,N/A,N/A,N/A,N/A,N/A,125087744,125087744,37797888,4096,135168,28098560,1,systemd-journal,S (sleeping),server-compromised.bnsdq.ozxfs.rzona-vmdrv.kvugl,0.18997637746018955,1
1759303556,51850,1,N/A,N/A,N/A,N/A,N/A,N/A,N/A,N/A,1264619520,1264619520,17231872,N/A,135168,45826048,4,discern-proc-so,R (running),server-compromised.bnsdq.ozxfs.rzona-vmdrv.kvugl,2.5447105020385545,1
1759303556,45626,1,N/A,N/A,N/A,N/A,N/A,N/A,N/A,N/A,1647706112,1580597248,20361216,N/A,135168,82202624,5,discern-interfa,S (sleeping),server-compromised.bnsdq.ozxfs.rzona-vmdrv.kvugl,0.0028465650861842803,1
1759303560,340,1,103,103,103,103,109,109,109,109,250912768,250912768,236171264,N/A,135168,243183616,1,dbus-daemon,S (sleeping),server-compromised.bnsdq.ozxfs.rzona-vmdrv.kvugl,0.2860076325238246,0
1759303560,181,1,N/A,N/A,N/A,N/A,N/A,N/A,N/A,N/A,158683136,104140800,45678592,4096,135168,28102656,1,systemd-journal,S (sleeping),server-compromised.bnsdq.ozxfs.rzona-vmdrv.kvugl,0.2007926913712725,0
1759303560,3293,1,N/A,N/A,N/A,N/A,N/A,N/A,N/A,N/A,1953800192,1922228224,41988096,N/A,135168,170463232,13,discern-network,S (sleeping),server-compromised.bnsdq.ozxfs.rzona-vmdrv.kvugl,1.275010677921564,0
1759303560,70443,1,N/A,N/A,N/A,N/A,N/A,N/A,N/A,N/A,1580597248,1580597248,21614592,N/A,135168,82202624,5,discern-interfa,S (sleeping),server-compromised.bnsdq.ozxfs.rzona-vmdrv.kvugl,0.0018911227370754773,0
1759303560,72604,1,N/A,N/A,N/A,N/A,N/A,N/A,N/A,N/A,1264619520,1264619520,17321984,N/A,135168,45826048,5,discern-proc-so,S (sleeping),server-compromised.bnsdq.ozxfs.rzona-vmdrv.kvugl,2.5993422225001828,0
1759303561,376,1,103,103,103,103,109,109,109,109,148520960,148520960,139948032,N/A,135168,140791808,1,dbus-daemon,S (sleeping),server-compromised.bnsdq.ozxfs.rzona-vmdrv.kvugl,0.29318103364052184,1
1759303561,3355,1,N/A,N/A,N/A,N/A,N/A,N/A,N/A,N/A,1922494464,1922494464,47996928,N/A,135168,174923776,13,discern-network,S (sleeping),server-compromised.bnsdq.ozxfs.rzona-vmdrv.kvugl,0.5080003244316978,1
1759303561,179,1,N/A,N/A,N/A,N/A,N/A,N/A,N/A,N/A,125087744,125087744,37797888,4096,135168,28098560,1,systemd-journal,S (sleeping),server-compromised.bnsdq.ozxfs.rzona-vmdrv.kvugl,0.18998186271456116,1
1759303561,51850,1,N/A,N/A,N/A,N/A,N/A,N/A,N/A,N/A,1264619520,1264619520,17231872,N/A,135168,45826048,4,discern-proc-so,R (running),server-compromised.bnsdq.ozxfs.rzona-vmdrv.kvugl,2.5528729053137047,1
1759303561,45626,1,N/A,N/A,N/A,N/A,N/A,N/A,N/A,N/A,1647706112,1580597248,20361216,N/A,135168,82202624,5,discern-interfa,S (sleeping),server-compromised.bnsdq.ozxfs.rzona-vmdrv.kvugl,0.0028258084636072346,1
1759303565,340,1,103,103,103,103,109,109,109,109,250912768,250912768,236171264,N/A,135168,243183616,1,dbus-daemon,S (sleeping),server-compromised.bnsdq.ozxfs.rzona-vmdrv.kvugl,0.28593066885099677,0
1759303565,181,1,N/A,N/A,N/A,N/A,N/A,N/A,N/A,N/A,158683136,104140800,45776896,4096,135168,28102656,1,systemd-journal,S (sleeping),server-compromised.bnsdq.ozxfs.rzona-vmdrv.kvugl,0.20093913550381626,0
1759303565,3293,1,N/A,N/A,N/A,N/A,N/A,N/A,N/A,N/A,1953800192,1922228224,41988096,N/A,135168,170463232,13,discern-network,S (sleeping),server-compromised.bnsdq.ozxfs.rzona-vmdrv.kvugl,1.2745850748724548,0
1759303565,70443,1,N/A,N/A,N/A,N/A,N/A,N/A,N/A,N/A,1580597248,1580597248,21614592,N/A,135168,82202624,5,discern-interfa,S (sleeping),server-compromised.bnsdq.ozxfs.rzona-vmdrv.kvugl,0.0018848985648426747,0
1759303565,72604,1,N/A,N/A,N/A,N/A,N/A,N/A,N/A,N/A,1264619520,1264619520,17321984,N/A,135168,45826048,5,discern-proc-so,S (sleeping),server-compromised.bnsdq.ozxfs.rzona-vmdrv.kvugl,2.5989099524412342,0
1759303566,376,1,103,103,103,103,109,109,109,109,148656128,148656128,140218368,N/A,135168,140926976,1,dbus-daemon,S (sleeping),server-compromised.bnsdq.ozxfs.rzona-vmdrv.kvugl,0.2930363492371125,1
1759303566,3355,1,N/A,N/A,N/A,N/A,N/A,N/A,N/A,N/A,1922494464,1922494464,47996928,N/A,135168,174923776,13,discern-network,S (sleeping),server-compromised.bnsdq.ozxfs.rzona-vmdrv.kvugl,0.5081097725996766,1
1759303566,179,1,N/A,N/A,N/A,N/A,N/A,N/A,N/A,N/A,125087744,125087744,37797888,4096,135168,28098560,1,systemd-journal,S (sleeping),server-compromised.bnsdq.ozxfs.rzona-vmdrv.kvugl,0.18970682196745792,1
1759303566,51850,1,N/A,N/A,N/A,N/A,N/A,N/A,N/A,N/A,1264619520,1264619520,17231872,N/A,135168,45826048,4,discern-proc-so,R (running),server-compromised.bnsdq.ozxfs.rzona-vmdrv.kvugl,2.556254915493456,1
1759303566,45626,1,N/A,N/A,N/A,N/A,N/A,N/A,N/A,N/A,1647706112,1580597248,20361216,N/A,135168,82202624,5,discern-interfa,S (sleeping),server-compromised.bnsdq.ozxfs.rzona-vmdrv.kvugl,0.002805300480325427,1
1759303570,340,1,103,103,103,103,109,109,109,109,250912768,250912768,236171264,N/A,135168,243183616,1,dbus-daemon,S (sleeping),server-compromised.bnsdq.ozxfs.rzona-vmdrv.kvugl,0.2860121511419117,0
1759303570,181,1,N/A,N/A,N/A,N/A,N/A,N/A,N/A,N/A,158683136,104140800,45965312,4096,135168,28102656,1,systemd-journal,S (sleeping),server-compromised.bnsdq.ozxfs.rzona-vmdrv.kvugl,0.20124246184158315,0
1759303570,3293,1,N/A,N/A,N/A,N/A,N/A,N/A,N/A,N/A,1953800192,1922228224,41988096,N/A,135168,170463232,13,discern-network,S (sleeping),server-compromised.bnsdq.ozxfs.rzona-vmdrv.kvugl,1.2738609009979391,0
1759303570,70443,1,N/A,N/A,N/A,N/A,N/A,N/A,N/A,N/A,1580597248,1580597248,21614592,N/A,135168,82202624,5,discern-interfa,S (sleeping),server-compromised.bnsdq.ozxfs.rzona-vmdrv.kvugl,0.0018788210498924109,0
1759303570,72604,1,N/A,N/A,N/A,N/A,N/A,N/A,N/A,N/A,1264619520,1264619520,17321984,N/A,135168,45826048,5,discern-proc-so,S (sleeping),server-compromised.bnsdq.ozxfs.rzona-vmdrv.kvugl,2.5986441739390735,0
1759303572,376,1,103,103,103,103,109,109,109,109,148791296,148791296,140218368,N/A,135168,141062144,1,dbus-daemon,S (sleeping),server-compromised.bnsdq.ozxfs.rzona-vmdrv.kvugl,0.29317323083241553,1
1759303572,3355,1,N/A,N/A,N/A,N/A,N/A,N/A,N/A,N/A,1922494464,1922494464,47996928,N/A,135168,174923776,13,discern-network,S (sleeping),server-compromised.bnsdq.ozxfs.rzona-vmdrv.kvugl,0.5079278211512092,1
1759303572,179,1,N/A,N/A,N/A,N/A,N/A,N/A,N/A,N/A,125087744,125087744,37797888,4096,135168,28098560,1,systemd-journal,S (sleeping),server-compromised.bnsdq.ozxfs.rzona-vmdrv.kvugl,0.18971305427732874,1
1759303572,51850,1,N/A,N/A,N/A,N/A,N/A,N/A,N/A,N/A,1264619520,1264619520,17231872,N/A,135168,45826048,4,discern-proc-so,S (sleeping),server-compromised.bnsdq.ozxfs.rzona-vmdrv.kvugl,2.559709892596479,1
1759303572,45626,1,N/A,N/A,N/A,N/A,N/A,N/A,N/A,N/A,1647706112,1580597248,20361216,N/A,135168,82202624,5,discern-interfa,S (sleeping),server-compromised.bnsdq.ozxfs.rzona-vmdrv.kvugl,0.0027851674087423796,1
1759303575,340,1,103,103,103,103,109,109,109,109,250912768,250912768,236171264,N/A,135168,243183616,1,dbus-daemon,S (sleeping),server-compromised.bnsdq.ozxfs.rzona-vmdrv.kvugl,0.28593813393379003,0
1759303575,181,1,N/A,N/A,N/A,N/A,N/A,N/A,N/A,N/A,158683136,112529408,47054848,4096,135168,28102656,1,systemd-journal,S (sleeping),server-compromised.bnsdq.ozxfs.rzona-vmdrv.kvugl,0.20139029770599326,0
1759303575,3293,1,N/A,N/A,N/A,N/A,N/A,N/A,N/A,N/A,1953800192,1922228224,41988096,N/A,135168,170463232,13,discern-network,S (sleeping),server-compromised.bnsdq.ozxfs.rzona-vmdrv.kvugl,1.2732912816553952,0
1759303575,70443,1,N/A,N/A,N/A,N/A,N/A,N/A,N/A,N/A,1580597248,1580597248,21614592,N/A,135168,82202624,5,discern-interfa,S (sleeping),server-compromised.bnsdq.ozxfs.rzona-vmdrv.kvugl,0.001872752277549212,0
1759303575,72604,1,N/A,N/A,N/A,N/A,N/A,N/A,N/A,N/A,1264619520,1264619520,17321984,N/A,135168,45826048,5,discern-proc-so,S (sleeping),server-compromised.bnsdq.ozxfs.rzona-vmdrv.kvugl,2.6004225750671313,0
1759303577,376,1,103,103,103,103,109,109,109,109,149196800,149196800,140759040,N/A,135168,141467648,1,dbus-daemon,S (sleeping),server-compromised.bnsdq.ozxfs.rzona-vmdrv.kvugl,0.29330956210454345,1
1759303577,3355,1,N/A,N/A,N/A,N/A,N/A,N/A,N/A,N/A,1922494464,1922494464,47996928,N/A,135168,174923776,13,discern-network,S (sleeping),server-compromised.bnsdq.ozxfs.rzona-vmdrv.kvugl,0.5083334625136087,1
1759303577,179,1,N/A,N/A,N/A,N/A,N/A,N/A,N/A,N/A,125087744,125087744,37797888,4096,135168,28098560,1,systemd-journal,S (sleeping),server-compromised.bnsdq.ozxfs.rzona-vmdrv.kvugl,0.19055616265708883,1
1759303577,51850,1,N/A,N/A,N/A,N/A,N/A,N/A,N/A,N/A,1264619520,1264619520,17231872,N/A,135168,45826048,4,discern-proc-so,S (sleeping),server-compromised.bnsdq.ozxfs.rzona-vmdrv.kvugl,2.558903487591387,1
1759303577,45626,1,N/A,N/A,N/A,N/A,N/A,N/A,N/A,N/A,1647706112,1580597248,20361216,N/A,135168,82202624,5,discern-interfa,S (sleeping),server-compromised.bnsdq.ozxfs.rzona-vmdrv.kvugl,0.002765313359818188,1
1759303581,340,1,103,103,103,103,109,109,109,109,250912768,250912768,236171264,N/A,135168,243183616,1,dbus-daemon,S (sleeping),server-compromised.bnsdq.ozxfs.rzona-vmdrv.kvugl,0.286019188659602,0
1759303581,181,1,N/A,N/A,N/A,N/A,N/A,N/A,N/A,N/A,158683136,112529408,48205824,4096,135168,28102656,1,systemd-journal,S (sleeping),server-compromised.bnsdq.ozxfs.rzona-vmdrv.kvugl,0.20153849576360774,0
1759303581,3293,1,N/A,N/A,N/A,N/A,N/A,N/A,N/A,N/A,1953800192,1922228224,41988096,N/A,135168,170463232,13,discern-network,S (sleeping),server-compromised.bnsdq.ozxfs.rzona-vmdrv.kvugl,1.2725680078789263,0
1759303581,70443,1,N/A,N/A,N/A,N/A,N/A,N/A,N/A,N/A,1580597248,1580597248,21614592,N/A,135168,82202624,5,discern-interfa,S (sleeping),server-compromised.bnsdq.ozxfs.rzona-vmdrv.kvugl,0.001866744977106299,0
1759303581,72604,1,N/A,N/A,N/A,N/A,N/A,N/A,N/A,N/A,1264619520,1264619520,17321984,N/A,135168,45826048,5,discern-proc-so,S (sleeping),server-compromised.bnsdq.ozxfs.rzona-vmdrv.kvugl,2.6001412900752885,0
1759303582,376,1,103,103,103,103,109,109,109,109,149196800,149196800,140759040,N/A,135168,141467648,1,dbus-daemon,S (sleeping),server-compromised.bnsdq.ozxfs.rzona-vmdrv.kvugl,0.29316680964611014,1
1759303582,3355,1,N/A,N/A,N/A,N/A,N/A,N/A,N/A,N/A,1922494464,1922494464,47996928,N/A,135168,174923776,13,discern-network,S (sleeping),server-compromised.bnsdq.ozxfs.rzona-vmdrv.kvugl,0.508444629906173,1
1759303582,179,1,N/A,N/A,N/A,N/A,N/A,N/A,N/A,N/A,125087744,125087744,37797888,4096,135168,28098560,1,systemd-journal,S (sleeping),server-compromised.bnsdq.ozxfs.rzona-vmdrv.kvugl,0.1902824476186042,1
1759303582,51850,1,N/A,N/A,N/A,N/A,N/A,N/A,N/A,N/A,1264619520,1264619520,17231872,N/A,135168,45826048,4,discern-proc-so,S (sleeping),server-compromised.bnsdq.ozxfs.rzona-vmdrv.kvugl,2.562138191277747,1
1759303582,45626,1,N/A,N/A,N/A,N/A,N/A,N/A,N/A,N/A,1647706112,1580597248,20361216,N/A,135168,82202624,5,discern-interfa,S (sleeping),server-compromised.bnsdq.ozxfs.rzona-vmdrv.kvugl,0.002745739707590547,1
1759303586,340,1,103,103,103,103,109,109,109,109,250912768,250912768,236171264,N/A,135168,243183616,1,dbus-daemon,S (sleeping),server-compromised.bnsdq.ozxfs.rzona-vmdrv.kvugl,0.28609929336114426,0
1759303586,181,1,N/A,N/A,N/A,N/A,N/A,N/A,N/A,N/A,158683136,112529408,48963584,4096,135168,28102656,1,systemd-journal,S (sleeping),server-compromised.bnsdq.ozxfs.rzona-vmdrv.kvugl,0.2016858802116581,0
1759303586,3293,1,N/A,N/A,N/A,N/A,N/A,N/A,N/A,N/A,1953800192,1922228224,41988096,N/A,135168,170463232,13,discern-network,S (sleeping),server-compromised.bnsdq.ozxfs.rzona-vmdrv.kvugl,1.2720004978143826,0
1759303586,70443,1,N/A,N/A,N/A,N/A,N/A,N/A,N/A,N/A,1580597248,1580597248,21614592,N/A,135168,82202624,5,discern-interfa,S (sleeping),server-compromised.bnsdq.ozxfs.rzona-vmdrv.kvugl,0.0018607545003446874,0
1759303586,72604,1,N/A,N/A,N/A,N/A,N/A,N/A,N/A,N/A,1264619520,1264619520,17321984,N/A,135168,45826048,5,discern-proc-so,S (sleeping),server-compromised.bnsdq.ozxfs.rzona-vmdrv.kvugl,2.601902677836003,0
1759303587,376,1,103,103,103,103,109,109,109,109,149467136,149467136,141029376,N/A,135168,141737984,1,dbus-daemon,S (sleeping),server-compromised.bnsdq.ozxfs.rzona-vmdrv.kvugl,0.293302690998603,1
1759303587,3355,1,N/A,N/A,N/A,N/A,N/A,N/A,N/A,N/A,1922494464,1922494464,47996928,N/A,135168,174923776,13,discern-network,S (sleeping),server-compromised.bnsdq.ozxfs.rzona-vmdrv.kvugl,0.5079698087301332,1
1759303587,179,1,N/A,N/A,N/A,N/A,N/A,N/A,N/A,N/A,125087744,125087744,37797888,4096,135168,28098560,1,systemd-journal,S (sleeping),server-compromised.bnsdq.ozxfs.rzona-vmdrv.kvugl,0.19028768159753467,1
1759303587,51850,1,N/A,N/A,N/A,N/A,N/A,N/A,N/A,N/A,1264619520,1264619520,17231872,N/A,135168,45826048,4,discern-proc-so,S (sleeping),server-compromised.bnsdq.ozxfs.rzona-vmdrv.kvugl,2.569163718801747,1
1759303587,45626,1,N/A,N/A,N/A,N/A,N/A,N/A,N/A,N/A,1647706112,1580597248,20361216,N/A,135168,82202624,5,discern-interfa,S (sleeping),server-compromised.bnsdq.ozxfs.rzona-vmdrv.kvugl,0.002726438538839204,1
1759303591,340,1,103,103,103,103,109,109,109,109,250912768,250912768,236171264,N/A,135168,243183616,1,dbus-daemon,S (sleeping),server-compromised.bnsdq.ozxfs.rzona-vmdrv.kvugl,0.28602628382944945,0
1759303591,181,1,N/A,N/A,N/A,N/A,N/A,N/A,N/A,N/A,158683136,112529408,49283072,4096,135168,28102656,1,systemd-journal,S (sleeping),server-compromised.bnsdq.ozxfs.rzona-vmdrv.kvugl,0.20183364575541143,0
1759303591,3293,1,N/A,N/A,N/A,N/A,N/A,N/A,N/A,N/A,1953800192,1922228224,41988096,N/A,135168,170463232,13,discern-network,S (sleeping),server-compromised.bnsdq.ozxfs.rzona-vmdrv.kvugl,1.2712797116651968,0
1759303591,70443,1,N/A,N/A,N/A,N/A,N/A,N/A,N/A,N/A,1580597248,1580597248,21614592,N/A,135168,82202624,5,discern-interfa,S (sleeping),server-compromised.bnsdq.ozxfs.rzona-vmdrv.kvugl,0.0018548252741630899,0
1759303591,72604,1,N/A,N/A,N/A,N/A,N/A,N/A,N/A,N/A,1264619520,1264619520,17321984,N/A,135168,45826048,5,discern-proc-so,S (sleeping),server-compromised.bnsdq.ozxfs.rzona-vmdrv.kvugl,2.6023094153953457,0
1759303592,376,1,103,103,103,103,109,109,109,109,149626880,149626880,141029376,N/A,135168,141897728,1,dbus-daemon,S (sleeping),server-compromised.bnsdq.ozxfs.rzona-vmdrv.kvugl,0.2931586612198931,1
1759303592,3355,1,N/A,N/A,N/A,N/A,N/A,N/A,N/A,N/A,1922494464,1922494464,47996928,N/A,135168,174923776,13,discern-network,S (sleeping),server-compromised.bnsdq.ozxfs.rzona-vmdrv.kvugl,0.5080780937062788,1
1759303592,179,1,N/A,N/A,N/A,N/A,N/A,N/A,N/A,N/A,125087744,125087744,37797888,4096,135168,28098560,1,systemd-journal,S (sleeping),server-compromised.bnsdq.ozxfs.rzona-vmdrv.kvugl,0.19029183342509826,1
1759303592,51850,1,N/A,N/A,N/A,N/A,N/A,N/A,N/A,N/A,1264619520,1264619520,17231872,N/A,135168,45826048,4,discern-proc-so,R (running),server-compromised.bnsdq.ozxfs.rzona-vmdrv.kvugl,2.575709748297297,1
1759303592,45626,1,N/A,N/A,N/A,N/A,N/A,N/A,N/A,N/A,1647706112,1580597248,20361216,N/A,135168,82202624,5,discern-interfa,S (sleeping),server-compromised.bnsdq.ozxfs.rzona-vmdrv.kvugl,0.0027073331826909432,1
1759303596,340,1,103,103,103,103,109,109,109,109,250912768,250912768,236171264,N/A,135168,243183616,1,dbus-daemon,S (sleeping),server-compromised.bnsdq.ozxfs.rzona-vmdrv.kvugl,0.2859526359214238,0
1759303596,181,1,N/A,N/A,N/A,N/A,N/A,N/A,N/A,N/A,158683136,112529408,49901568,4096,135168,28102656,1,systemd-journal,S (sleeping),server-compromised.bnsdq.ozxfs.rzona-vmdrv.kvugl,0.20198064516504735,0
1759303596,3293,1,N/A,N/A,N/A,N/A,N/A,N/A,N/A,N/A,1953800192,1922228224,41988096,N/A,135168,170463232,13,discern-network,S (sleeping),server-compromised.bnsdq.ozxfs.rzona-vmdrv.kvugl,1.2707147245895416,0
1759303596,70443,1,N/A,N/A,N/A,N/A,N/A,N/A,N/A,N/A,1580597248,1580597248,21614592,N/A,135168,82202624,5,discern-interfa,S (sleeping),server-compromised.bnsdq.ozxfs.rzona-vmdrv.kvugl,0.001848914026277139,0
1759303596,72604,1,N/A,N/A,N/A,N/A,N/A,N/A,N/A,N/A,1264619520,1264619520,17321984,N/A,135168,45826048,5,discern-proc-so,S (sleeping),server-compromised.bnsdq.ozxfs.rzona-vmdrv.kvugl,2.6040549989394006,0
1759303597,376,1,103,103,103,103,109,109,109,109,149901312,149901312,141299712,N/A,135168,142172160,1,dbus-daemon,S (sleeping),server-compromised.bnsdq.ozxfs.rzona-vmdrv.kvugl,0.29301678812343096,1
1759303597,3355,1,N/A,N/A,N/A,N/A,N/A,N/A,N/A,N/A,1922494464,1922494464,47996928,N/A,135168,174923776,13,discern-network,S (sleeping),server-compromised.bnsdq.ozxfs.rzona-vmdrv.kvugl,0.5084811309899422,1
1759303597,179,1,N/A,N/A,N/A,N/A,N/A,N/A,N/A,N/A,125087744,125087744,37797888,4096,135168,28098560,1,systemd-journal,S (sleeping),server-compromised.bnsdq.ozxfs.rzona-vmdrv.kvugl,0.19029710703692415,1
1759303597,51850,1,N/A,N/A,N/A,N/A,N/A,N/A,N/A,N/A,1264619520,1264619520,17231872,N/A,135168,45826048,4,discern-proc-so,R (running),server-compromised.bnsdq.ozxfs.rzona-vmdrv.kvugl,2.5784348658971914,1
1759303597,45626,1,N/A,N/A,N/A,N/A,N/A,N/A,N/A,N/A,1647706112,1580597248,20361216,N/A,135168,82202624,5,discern-interfa,S (sleeping),server-compromised.bnsdq.ozxfs.rzona-vmdrv.kvugl,0.0026885714468497966,1
1759303601,340,1,103,103,103,103,109,109,109,109,250912768,250912768,236171264,N/A,135168,243183616,1,dbus-daemon,S (sleeping),server-compromised.bnsdq.ozxfs.rzona-vmdrv.kvugl,0.2858796463247758,0
1759303601,181,1,N/A,N/A,N/A,N/A,N/A,N/A,N/A,N/A,158683136,112529408,49999872,4096,135168,28102656,1,systemd-journal,S (sleeping),server-compromised.bnsdq.ozxfs.rzona-vmdrv.kvugl,0.20197420145060693,0
1759303601,3293,1,N/A,N/A,N/A,N/A,N/A,N/A,N/A,N/A,1953800192,1922228224,41988096,N/A,135168,170463232,13,discern-network,S (sleeping),server-compromised.bnsdq.ozxfs.rzona-vmdrv.kvugl,1.269995194931362,0
1759303601,70443,1,N/A,N/A,N/A,N/A,N/A,N/A,N/A,N/A,1580597248,1580597248,21614592,N/A,135168,82202624,5,discern-interfa,S (sleeping),server-compromised.bnsdq.ozxfs.rzona-vmdrv.kvugl,0.0018430544357540169,0
1759303601,72604,1,N/A,N/A,N/A,N/A,N/A,N/A,N/A,N/A,1264619520,1264619520,17321984,N/A,135168,45826048,5,discern-proc-so,S (sleeping),server-compromised.bnsdq.ozxfs.rzona-vmdrv.kvugl,2.6044431360977565,0
1759303603,376,1,103,103,103,103,109,109,109,109,150036480,150036480,141570048,N/A,135168,142307328,1,dbus-daemon,S (sleeping),server-compromised.bnsdq.ozxfs.rzona-vmdrv.kvugl,0.29315076054839084,1
1759303603,3355,1,N/A,N/A,N/A,N/A,N/A,N/A,N/A,N/A,1922494464,1922494464,47996928,N/A,135168,174923776,13,discern-network,S (sleeping),server-compromised.bnsdq.ozxfs.rzona-vmdrv.kvugl,0.5082970455966394,1
1759303603,179,1,N/A,N/A,N/A,N/A,N/A,N/A,N/A,N/A,125087744,125087744,37797888,4096,135168,28098560,1,systemd-journal,S (sleeping),server-compromised.bnsdq.ozxfs.rzona-vmdrv.kvugl,0.19002429449868516,1
1759303603,51850,1,N/A,N/A,N/A,N/A,N/A,N/A,N/A,N/A,1264619520,1264619520,17231872,N/A,135168,45826048,4,discern-proc-so,S (sleeping),server-compromised.bnsdq.ozxfs.rzona-vmdrv.kvugl,2.5882674405944193,1
1759303603,45626,1,N/A,N/A,N/A,N/A,N/A,N/A,N/A,N/A,1647706112,1580597248,20361216,N/A,135168,82202624,5,discern-interfa,S (sleeping),server-compromised.bnsdq.ozxfs.rzona-vmdrv.kvugl,0.0026699954570127823,1
1759303606,340,1,103,103,103,103,109,109,109,109,250912768,250912768,236171264,N/A,135168,243183616,1,dbus-daemon,S (sleeping),server-compromised.bnsdq.ozxfs.rzona-vmdrv.kvugl,0.2862673678985061,0
1759303606,181,1,N/A,N/A,N/A,N/A,N/A,N/A,N/A,N/A,158683136,112529408,50458624,4096,135168,28102656,1,systemd-journal,S (sleeping),server-compromised.bnsdq.ozxfs.rzona-vmdrv.kvugl,0.20242825955043484,0
1759303606,3293,1,N/A,N/A,N/A,N/A,N/A,N/A,N/A,N/A,1953800192,1922228224,41988096,N/A,135168,170463232,13,discern-network,S (sleeping),server-compromised.bnsdq.ozxfs.rzona-vmdrv.kvugl,1.2695929958569876,0
1759303606,70443,1,N/A,N/A,N/A,N/A,N/A,N/A,N/A,N/A,1580597248,1580597248,21614592,N/A,135168,82202624,5,discern-interfa,S (sleeping),server-compromised.bnsdq.ozxfs.rzona-vmdrv.kvugl,0.001837234624065566,0
1759303606,72604,1,N/A,N/A,N/A,N/A,N/A,N/A,N/A,N/A,1264619520,1264619520,17321984,N/A,135168,45826048,5,discern-proc-so,S (sleeping),server-compromised.bnsdq.ozxfs.rzona-vmdrv.kvugl,2.6055141415914926,0
1759303608,376,1,103,103,103,103,109,109,109,109,150171648,150171648,141570048,N/A,135168,142442496,1,dbus-daemon,S (sleeping),server-compromised.bnsdq.ozxfs.rzona-vmdrv.kvugl,0.29300911245009714,1
1759303608,3355,1,N/A,N/A,N/A,N/A,N/A,N/A,N/A,N/A,1922494464,1922494464,47996928,N/A,135168,174923776,13,discern-network,S (sleeping),server-compromised.bnsdq.ozxfs.rzona-vmdrv.kvugl,0.508116155745377,1
1759303608,179,1,N/A,N/A,N/A,N/A,N/A,N/A,N/A,N/A,125087744,125087744,37797888,4096,135168,28098560,1,systemd-journal,S (sleeping),server-compromised.bnsdq.ozxfs.rzona-vmdrv.kvugl,0.1900298096738638,1
1759303608,45626,1,N/A,N/A,N/A,N/A,N/A,N/A,N/A,N/A,1647706112,1580597248,20361216,N/A,135168,82202624,5,discern-interfa,S (sleeping),server-compromised.bnsdq.ozxfs.rzona-vmdrv.kvugl,0.0026517378282773472,1
1759303608,51850,1,N/A,N/A,N/A,N/A,N/A,N/A,N/A,N/A,1264619520,1264619520,17231872,N/A,135168,45826048,4,discern-proc-so,R (running),server-compromised.bnsdq.ozxfs.rzona-vmdrv.kvugl,2.5906314753772057,1
1759303612,340,1,103,103,103,103,109,109,109,109,250912768,250912768,236171264,N/A,135168,243183616,1,dbus-daemon,S (sleeping),server-compromised.bnsdq.ozxfs.rzona-vmdrv.kvugl,0.2860409363384003,0
1759303612,181,1,N/A,N/A,N/A,N/A,N/A,N/A,N/A,N/A,158683136,112529408,50536448,4096,135168,28102656,1,systemd-journal,S (sleeping),server-compromised.bnsdq.ozxfs.rzona-vmdrv.kvugl,0.20226816710369977,0
1759303612,3293,1,N/A,N/A,N/A,N/A,N/A,N/A,N/A,N/A,1953800192,1922228224,41988096,N/A,135168,170463232,13,discern-network,S (sleeping),server-compromised.bnsdq.ozxfs.rzona-vmdrv.kvugl,1.2690335318276629,0
1759303612,70443,1,N/A,N/A,N/A,N/A,N/A,N/A,N/A,N/A,1580597248,1580597248,21614592,N/A,135168,82202624,5,discern-interfa,S (sleeping),server-compromised.bnsdq.ozxfs.rzona-vmdrv.kvugl,0.0018314502112122177,0
1759303612,72604,1,N/A,N/A,N/A,N/A,N/A,N/A,N/A,N/A,1264619520,1264619520,17321984,N/A,135168,45826048,5,discern-proc-so,S (sleeping),server-compromised.bnsdq.ozxfs.rzona-vmdrv.kvugl,2.6058963410199527,0
1759303613,376,1,103,103,103,103,109,109,109,109,150306816,150306816,141840384,N/A,135168,142577664,1,dbus-daemon,S (sleeping),server-compromised.bnsdq.ozxfs.rzona-vmdrv.kvugl,0.29286611697707404,1
1759303613,3355,1,N/A,N/A,N/A,N/A,N/A,N/A,N/A,N/A,1922494464,1922494464,47996928,N/A,135168,174923776,13,discern-network,S (sleeping),server-compromised.bnsdq.ozxfs.rzona-vmdrv.kvugl,0.5082231912676342,1
1759303613,179,1,N/A,N/A,N/A,N/A,N/A,N/A,N/A,N/A,125087744,125087744,37797888,4096,135168,28098560,1,systemd-journal,S (sleeping),server-compromised.bnsdq.ozxfs.rzona-vmdrv.kvugl,0.1903103808863892,1
1759303613,51850,1,N/A,N/A,N/A,N/A,N/A,N/A,N/A,N/A,1264619520,1264619520,17231872,N/A,135168,45826048,4,discern-proc-so,R (running),server-compromised.bnsdq.ozxfs.rzona-vmdrv.kvugl,2.5962755295922757,1
1759303613,45626,1,N/A,N/A,N/A,N/A,N/A,N/A,N/A,N/A,1647706112,1580597248,20361216,N/A,135168,82202624,5,discern-interfa,S (sleeping),server-compromised.bnsdq.ozxfs.rzona-vmdrv.kvugl,0.00263365197820248,1
1759303617,340,1,103,103,103,103,109,109,109,109,250912768,250912768,236171264,N/A,135168,243183616,1,dbus-daemon,S (sleeping),server-compromised.bnsdq.ozxfs.rzona-vmdrv.kvugl,0.28612233748111227,0
1759303617,181,1,N/A,N/A,N/A,N/A,N/A,N/A,N/A,N/A,158683136,112529408,50860032,4096,135168,28102656,1,systemd-journal,S (sleeping),server-compromised.bnsdq.ozxfs.rzona-vmdrv.kvugl,0.2027219301756081,0
1759303617,3293,1,N/A,N/A,N/A,N/A,N/A,N/A,N/A,N/A,1953800192,1922228224,41988096,N/A,135168,170463232,13,discern-network,S (sleeping),server-compromised.bnsdq.ozxfs.rzona-vmdrv.kvugl,1.2683218358887116,0
1759303617,70443,1,N/A,N/A,N/A,N/A,N/A,N/A,N/A,N/A,1580597248,1580597248,21614592,N/A,135168,82202624,5,discern-interfa,S (sleeping),server-compromised.bnsdq.ozxfs.rzona-vmdrv.kvugl,0.0018257268778018043,0
1759303617,72604,1,N/A,N/A,N/A,N/A,N/A,N/A,N/A,N/A,1264619520,1264619520,17321984,N/A,135168,45826048,5,discern-proc-so,S (sleeping),server-compromised.bnsdq.ozxfs.rzona-vmdrv.kvugl,2.6042843447420703,0
1759303618,376,1,103,103,103,103,109,109,109,109,150441984,150441984,142110720,N/A,135168,142712832,1,dbus-daemon,S (sleeping),server-compromised.bnsdq.ozxfs.rzona-vmdrv.kvugl,0.29300110251181427,1
1759303618,3355,1,N/A,N/A,N/A,N/A,N/A,N/A,N/A,N/A,1922494464,1922494464,47996928,N/A,135168,174923776,13,discern-network,S (sleeping),server-compromised.bnsdq.ozxfs.rzona-vmdrv.kvugl,0.5080428257945385,1
1759303618,179,1,N/A,N/A,N/A,N/A,N/A,N/A,N/A,N/A,125087744,125087744,37797888,4096,135168,28098560,1,systemd-journal,S (sleeping),server-compromised.bnsdq.ozxfs.rzona-vmdrv.kvugl,0.19003960592179847,1
1759303618,51850,1,N/A,N/A,N/A,N/A,N/A,N/A,N/A,N/A,1264619520,1264619520,17231872,N/A,135168,45826048,4,discern-proc-so,S (sleeping),server-compromised.bnsdq.ozxfs.rzona-vmdrv.kvugl,2.5984017093104597,1
1759303618,45626,1,N/A,N/A,N/A,N/A,N/A,N/A,N/A,N/A,1647706112,1580597248,20361216,N/A,135168,82202624,5,discern-interfa,S (sleeping),server-compromised.bnsdq.ozxfs.rzona-vmdrv.kvugl,0.002615882723192872,1
1759303622,340,1,103,103,103,103,109,109,109,109,250912768,250912768,236171264,N/A,135168,243183616,1,dbus-daemon,S (sleeping),server-compromised.bnsdq.ozxfs.rzona-vmdrv.kvugl,0.2860489240808515,0
1759303622,181,1,N/A,N/A,N/A,N/A,N/A,N/A,N/A,N/A,158683136,112529408,51032064,4096,135168,28102656,1,systemd-journal,S (sleeping),server-compromised.bnsdq.ozxfs.rzona-vmdrv.kvugl,0.20271455219664283,0
1759303622,3293,1,N/A,N/A,N/A,N/A,N/A,N/A,N/A,N/A,1953800192,1922228224,41988096,N/A,135168,170463232,13,discern-network,S (sleeping),server-compromised.bnsdq.ozxfs.rzona-vmdrv.kvugl,1.2679190937962894,0
1759303622,70443,1,N/A,N/A,N/A,N/A,N/A,N/A,N/A,N/A,1580597248,1580597248,21614592,N/A,135168,82202624,5,discern-interfa,S (sleeping),server-compromised.bnsdq.ozxfs.rzona-vmdrv.kvugl,0.0018199999153777327,0
1759303622,72604,1,N/A,N/A,N/A,N/A,N/A,N/A,N/A,N/A,1264619520,1264619520,17321984,N/A,135168,45826048,5,discern-proc-so,S (sleeping),server-compromised.bnsdq.ozxfs.rzona-vmdrv.kvugl,2.6066685414938786,0
1759303623,376,1,103,103,103,103,109,109,109,109,150847488,150847488,142381056,N/A,135168,143118336,1,dbus-daemon,S (sleeping),server-compromised.bnsdq.ozxfs.rzona-vmdrv.kvugl,0.2934114491740124,1
1759303623,3355,1,N/A,N/A,N/A,N/A,N/A,N/A,N/A,N/A,1922494464,1922494464,47996928,N/A,135168,174923776,13,discern-network,S (sleeping),server-compromised.bnsdq.ozxfs.rzona-vmdrv.kvugl,0.5081531477670016,1
1759303623,179,1,N/A,N/A,N/A,N/A,N/A,N/A,N/A,N/A,125087744,125087744,37797888,4096,135168,28098560,1,systemd-journal,S (sleeping),server-compromised.bnsdq.ozxfs.rzona-vmdrv.kvugl,0.19032061795871535,1
1759303623,51850,1,N/A,N/A,N/A,N/A,N/A,N/A,N/A,N/A,1264619520,1264619520,17231872,N/A,135168,45826048,4,discern-proc-so,S (sleeping),server-compromised.bnsdq.ozxfs.rzona-vmdrv.kvugl,2.59704070661727,1
1759303623,45626,1,N/A,N/A,N/A,N/A,N/A,N/A,N/A,N/A,1647706112,1580597248,20361216,N/A,135168,82202624,5,discern-interfa,S (sleeping),server-compromised.bnsdq.ozxfs.rzona-vmdrv.kvugl,0.0025983622989880053,1
1759303627,340,1,103,103,103,103,109,109,109,109,250912768,250912768,236171264,N/A,135168,243183616,1,dbus-daemon,S (sleeping),server-compromised.bnsdq.ozxfs.rzona-vmdrv.kvugl,0.2861294104431976,0
1759303627,181,1,N/A,N/A,N/A,N/A,N/A,N/A,N/A,N/A,158683136,112529408,51138560,4096,135168,28102656,1,systemd-journal,S (sleeping),server-compromised.bnsdq.ozxfs.rzona-vmdrv.kvugl,0.2028607210168382,0
1759303627,3293,1,N/A,N/A,N/A,N/A,N/A,N/A,N/A,N/A,1953800192,1922228224,41988096,N/A,135168,170463232,13,discern-network,S (sleeping),server-compromised.bnsdq.ozxfs.rzona-vmdrv.kvugl,1.2670485768004125,0
1759303627,70443,1,N/A,N/A,N/A,N/A,N/A,N/A,N/A,N/A,1580597248,1580597248,21614592,N/A,135168,82202624,5,discern-interfa,S (sleeping),server-compromised.bnsdq.ozxfs.rzona-vmdrv.kvugl,0.0018143281747277516,0
1759303627,72604,1,N/A,N/A,N/A,N/A,N/A,N/A,N/A,N/A,1264619520,1264619520,17321984,N/A,135168,45826048,5,discern-proc-so,S (sleeping),server-compromised.bnsdq.ozxfs.rzona-vmdrv.kvugl,2.605706045834137,0
1759303628,376,1,103,103,103,103,109,109,109,109,150847488,150847488,142381056,N/A,135168,143118336,1,dbus-daemon,S (sleeping),server-compromised.bnsdq.ozxfs.rzona-vmdrv.kvugl,0.2929953742841324,1
1759303628,3355,1,N/A,N/A,N/A,N/A,N/A,N/A,N/A,N/A,1922494464,1922494464,47996928,N/A,135168,174923776,13,discern-network,S (sleeping),server-compromised.bnsdq.ozxfs.rzona-vmdrv.kvugl,0.5082632891117346,1
1759303628,179,1,N/A,N/A,N/A,N/A,N/A,N/A,N/A,N/A,125087744,125087744,37797888,4096,135168,28098560,1,systemd-journal,S (sleeping),server-compromised.bnsdq.ozxfs.rzona-vmdrv.kvugl,0.19005080354963377,1
1759303628,51850,1,N/A,N/A,N/A,N/A,N/A,N/A,N/A,N/A,1264619520,1264619520,17231872,N/A,135168,45826048,4,discern-proc-so,S (sleeping),server-compromised.bnsdq.ozxfs.rzona-vmdrv.kvugl,2.5991143174947644,1
1759303628,45626,1,N/A,N/A,N/A,N/A,N/A,N/A,N/A,N/A,1647706112,1580597248,20361216,N/A,135168,82202624,5,discern-interfa,S (sleeping),server-compromised.bnsdq.ozxfs.rzona-vmdrv.kvugl,0.002581077734638668,1
1759303632,340,1,103,103,103,103,109,109,109,109,250912768,250912768,236171264,N/A,135168,243183616,1,dbus-daemon,S (sleeping),server-compromised.bnsdq.ozxfs.rzona-vmdrv.kvugl,0.2860560070045645,0
1759303632,181,1,N/A,N/A,N/A,N/A,N/A,N/A,N/A,N/A,158683136,112529408,51322880,4096,135168,28102656,1,systemd-journal,S (sleeping),server-compromised.bnsdq.ozxfs.rzona-vmdrv.kvugl,0.20300603972577516,0
1759303632,3293,1,N/A,N/A,N/A,N/A,N/A,N/A,N/A,N/A,1953800192,1922228224,41988096,N/A,135168,170463232,13,discern-network,S (sleeping),server-compromised.bnsdq.ozxfs.rzona-vmdrv.kvugl,1.2666470656974875,0
1759303632,70443,1,N/A,N/A,N/A,N/A,N/A,N/A,N/A,N/A,1580597248,1580597248,21614592,N/A,135168,82202624,5,discern-interfa,S (sleeping),server-compromised.bnsdq.ozxfs.rzona-vmdrv.kvugl,0.001808669872060657,0
1759303632,72604,1,N/A,N/A,N/A,N/A,N/A,N/A,N/A,N/A,1264619520,1264619520,17321984,N/A,135168,45826048,5,discern-proc-so,S (sleeping),server-compromised.bnsdq.ozxfs.rzona-vmdrv.kvugl,2.6080648930365915,0
1759303634,376,1,103,103,103,103,109,109,109,109,151117824,151117824,142651392,N/A,135168,143388672,1,dbus-daemon,S (sleeping),server-compromised.bnsdq.ozxfs.rzona-vmdrv.kvugl,0.29313015538581877,1
1759303634,3355,1,N/A,N/A,N/A,N/A,N/A,N/A,N/A,N/A,1922494464,1922494464,47996928,N/A,135168,174923776,13,discern-network,S (sleeping),server-compromised.bnsdq.ozxfs.rzona-vmdrv.kvugl,0.5080846718814117,1
1759303634,179,1,N/A,N/A,N/A,N/A,N/A,N/A,N/A,N/A,125087744,125087744,37797888,4096,135168,28098560,1,systemd-journal,S (sleeping),server-compromised.bnsdq.ozxfs.rzona-vmdrv.kvugl,0.19005655185623818,1
1759303634,51850,1,N/A,N/A,N/A,N/A,N/A,N/A,N/A,N/A,1264619520,1264619520,17231872,N/A,135168,45826048,4,discern-proc-so,R (running),server-compromised.bnsdq.ozxfs.rzona-vmdrv.kvugl,2.597819764139485,1
1759303634,45626,1,N/A,N/A,N/A,N/A,N/A,N/A,N/A,N/A,1647706112,1580597248,20361216,N/A,135168,82202624,5,discern-interfa,S (sleeping),server-compromised.bnsdq.ozxfs.rzona-vmdrv.kvugl,0.002564031046288055,1
1759303637,340,1,103,103,103,103,109,109,109,109,250912768,250912768,236171264,N/A,135168,243183616,1,dbus-daemon,S (sleeping),server-compromised.bnsdq.ozxfs.rzona-vmdrv.kvugl,0.286136328763082,0
1759303637,181,1,N/A,N/A,N/A,N/A,N/A,N/A,N/A,N/A,158683136,112529408,51478528,4096,135168,28102656,1,systemd-journal,S (sleeping),server-compromised.bnsdq.ozxfs.rzona-vmdrv.kvugl,0.20315172583002802,0
1759303637,3293,1,N/A,N/A,N/A,N/A,N/A,N/A,N/A,N/A,1953800192,1922228224,41988096,N/A,135168,170463232,13,discern-network,S (sleeping),server-compromised.bnsdq.ozxfs.rzona-vmdrv.kvugl,1.2659359078949053,0
1759303637,70443,1,N/A,N/A,N/A,N/A,N/A,N/A,N/A,N/A,1580597248,1580597248,21614592,N/A,135168,82202624,5,discern-interfa,S (sleeping),server-compromised.bnsdq.ozxfs.rzona-vmdrv.kvugl,0.0018030676223869011,0
1759303637,72604,1,N/A,N/A,N/A,N/A,N/A,N/A,N/A,N/A,1264619520,1264619520,17321984,N/A,135168,45826048,5,discern-proc-so,S (sleeping),server-compromised.bnsdq.ozxfs.rzona-vmdrv.kvugl,2.6077704650118854,0
1759303639,376,1,103,103,103,103,109,109,109,109,151252992,151252992,142921728,N/A,135168,143523840,1,dbus-daemon,S (sleeping),server-compromised.bnsdq.ozxfs.rzona-vmdrv.kvugl,0.29326265925973366,1
1759303639,3355,1,N/A,N/A,N/A,N/A,N/A,N/A,N/A,N/A,1922494464,1922494464,47996928,N/A,135168,174923776,13,discern-network,S (sleeping),server-compromised.bnsdq.ozxfs.rzona-vmdrv.kvugl,0.5079031361491863,1
1759303639,179,1,N/A,N/A,N/A,N/A,N/A,N/A,N/A,N/A,125087744,125087744,37797888,4096,135168,28098560,1,systemd-journal,S (sleeping),server-compromised.bnsdq.ozxfs.rzona-vmdrv.kvugl,0.19006105771792173,1
1759303639,51850,1,N/A,N/A,N/A,N/A,N/A,N/A,N/A,N/A,1264619520,1264619520,17231872,N/A,135168,45826048,4,discern-proc-so,R (running),server-compromised.bnsdq.ozxfs.rzona-vmdrv.kvugl,2.6029011181433,1
1759303639,45626,1,N/A,N/A,N/A,N/A,N/A,N/A,N/A,N/A,1647706112,1580597248,20361216,N/A,135168,82202624,5,discern-interfa,S (sleeping),server-compromised.bnsdq.ozxfs.rzona-vmdrv.kvugl,0.0025471316860581693,1
1759303643,340,1,103,103,103,103,109,109,109,109,250912768,250912768,236171264,N/A,135168,243183616,1,dbus-daemon,S (sleeping),server-compromised.bnsdq.ozxfs.rzona-vmdrv.kvugl,0.28621578961128746,0
1759303643,181,1,N/A,N/A,N/A,N/A,N/A,N/A,N/A,N/A,158683136,112529408,51691520,4096,135168,28102656,1,systemd-journal,S (sleeping),server-compromised.bnsdq.ozxfs.rzona-vmdrv.kvugl,0.20344928571171952,0
1759303643,3293,1,N/A,N/A,N/A,N/A,N/A,N/A,N/A,N/A,1953800192,1922228224,41988096,N/A,135168,170463232,13,discern-network,S (sleeping),server-compromised.bnsdq.ozxfs.rzona-vmdrv.kvugl,1.265379488125919,0
1759303643,70443,1,N/A,N/A,N/A,N/A,N/A,N/A,N/A,N/A,1580597248,1580597248,21614592,N/A,135168,82202624,5,discern-interfa,S (sleeping),server-compromised.bnsdq.ozxfs.rzona-vmdrv.kvugl,0.0017974817708934603,0
1759303643,72604,1,N/A,N/A,N/A,N/A,N/A,N/A,N/A,N/A,1264619520,1264619520,17321984,N/A,135168,45826048,5,discern-proc-so,S (sleeping),server-compromised.bnsdq.ozxfs.rzona-vmdrv.kvugl,2.6087794216111226,0
1759303644,376,1,103,103,103,103,109,109,109,109,151523328,151523328,142921728,N/A,135168,143794176,1,dbus-daemon,S (sleeping),server-compromised.bnsdq.ozxfs.rzona-vmdrv.kvugl,0.29339620999254246,1
1759303644,3355,1,N/A,N/A,N/A,N/A,N/A,N/A,N/A,N/A,1922494464,1922494464,47996928,N/A,135168,174923776,13,discern-network,S (sleeping),server-compromised.bnsdq.ozxfs.rzona-vmdrv.kvugl,0.508012717486538,1
1759303644,179,1,N/A,N/A,N/A,N/A,N/A,N/A,N/A,N/A,125087744,125087744,37797888,4096,135168,28098560,1,systemd-journal,S (sleeping),server-compromised.bnsdq.ozxfs.rzona-vmdrv.kvugl,0.19006647283528383,1
1759303644,51850,1,N/A,N/A,N/A,N/A,N/A,N/A,N/A,N/A,1264619520,1264619520,17231872,N/A,135168,45826048,4,discern-proc-so,R (running),server-compromised.bnsdq.ozxfs.rzona-vmdrv.kvugl,2.6079612947968784,1
1759303644,45626,1,N/A,N/A,N/A,N/A,N/A,N/A,N/A,N/A,1647706112,1580597248,20361216,N/A,135168,82202624,5,discern-interfa,S (sleeping),server-compromised.bnsdq.ozxfs.rzona-vmdrv.kvugl,0.002530510288829159,1
1759303648,340,1,103,103,103,103,109,109,109,109,250912768,250912768,236171264,N/A,135168,243183616,1,dbus-daemon,S (sleeping),server-compromised.bnsdq.ozxfs.rzona-vmdrv.kvugl,0.28614347722082456,0
1759303648,181,1,N/A,N/A,N/A,N/A,N/A,N/A,N/A,N/A,158683136,112529408,51802112,4096,135168,28102656,1,systemd-journal,S (sleeping),server-compromised.bnsdq.ozxfs.rzona-vmdrv.kvugl,0.2034419921363149,0
1759303648,3293,1,N/A,N/A,N/A,N/A,N/A,N/A,N/A,N/A,1953800192,1922228224,41988096,N/A,135168,170463232,13,discern-network,S (sleeping),server-compromised.bnsdq.ozxfs.rzona-vmdrv.kvugl,1.2646711551546141,0
1759303648,70443,1,N/A,N/A,N/A,N/A,N/A,N/A,N/A,N/A,1580597248,1580597248,21614592,N/A,135168,82202624,5,discern-interfa,S (sleeping),server-compromised.bnsdq.ozxfs.rzona-vmdrv.kvugl,0.001791952016088552,0
1759303648,72604,1,N/A,N/A,N/A,N/A,N/A,N/A,N/A,N/A,1264619520,1264619520,17321984,N/A,135168,45826048,5,discern-proc-so,S (sleeping),server-compromised.bnsdq.ozxfs.rzona-vmdrv.kvugl,2.6091532982303507,0
1759303649,376,1,103,103,103,103,109,109,109,109,151658496,151658496,143192064,N/A,135168,143929344,1,dbus-daemon,S (sleeping),server-compromised.bnsdq.ozxfs.rzona-vmdrv.kvugl,0.2932542174606872,1
1759303649,3355,1,N/A,N/A,N/A,N/A,N/A,N/A,N/A,N/A,1922494464,1922494464,47996928,N/A,135168,174923776,13,discern-network,S (sleeping),server-compromised.bnsdq.ozxfs.rzona-vmdrv.kvugl,0.5084066094303255,1
1759303649,179,1,N/A,N/A,N/A,N/A,N/A,N/A,N/A,N/A,125087744,125087744,37797888,4096,135168,28098560,1,systemd-journal,S (sleeping),server-compromised.bnsdq.ozxfs.rzona-vmdrv.kvugl,0.19007083095166352,1
1759303649,51850,1,N/A,N/A,N/A,N/A,N/A,N/A,N/A,N/A,1264619520,1264619520,17231872,N/A,135168,45826048,4,discern-proc-so,S (sleeping),server-compromised.bnsdq.ozxfs.rzona-vmdrv.kvugl,2.6158517266718895,1
1759303649,45626,1,N/A,N/A,N/A,N/A,N/A,N/A,N/A,N/A,1647706112,1580597248,20361216,N/A,135168,82202624,5,discern-interfa,S (sleeping),server-compromised.bnsdq.ozxfs.rzona-vmdrv.kvugl,0.002514041484089146,1
1759303653,340,1,103,103,103,103,109,109,109,109,250912768,250912768,236171264,N/A,135168,243183616,1,dbus-daemon,S (sleeping),server-compromised.bnsdq.ozxfs.rzona-vmdrv.kvugl,0.28637790798145957,0
1759303653,181,1,N/A,N/A,N/A,N/A,N/A,N/A,N/A,N/A,158683136,120872960,55304192,4096,135168,28102656,1,systemd-journal,S (sleeping),server-compromised.bnsdq.ozxfs.rzona-vmdrv.kvugl,0.2038931584349331,0
1759303653,3293,1,N/A,N/A,N/A,N/A,N/A,N/A,N/A,N/A,1953800192,1922228224,41988096,N/A,135168,170463232,13,discern-network,S (sleeping),server-compromised.bnsdq.ozxfs.rzona-vmdrv.kvugl,1.2641289089237768,0
1759303653,70443,1,N/A,N/A,N/A,N/A,N/A,N/A,N/A,N/A,1580597248,1580597248,21614592,N/A,135168,82202624,5,discern-interfa,S (sleeping),server-compromised.bnsdq.ozxfs.rzona-vmdrv.kvugl,0.00178650056709004,0
1759303653,72604,1,N/A,N/A,N/A,N/A,N/A,N/A,N/A,N/A,1264619520,1264619520,17321984,N/A,135168,45826048,5,discern-proc-so,S (sleeping),server-compromised.bnsdq.ozxfs.rzona-vmdrv.kvugl,2.6056316925696805,0
1759303654,376,1,103,103,103,103,109,109,109,109,151793664,151793664,143192064,N/A,135168,144064512,1,dbus-daemon,S (sleeping),server-compromised.bnsdq.ozxfs.rzona-vmdrv.kvugl,0.29311270684286184,1
1759303654,3355,1,N/A,N/A,N/A,N/A,N/A,N/A,N/A,N/A,1922494464,1922494464,47996928,N/A,135168,174923776,13,discern-network,S (sleeping),server-compromised.bnsdq.ozxfs.rzona-vmdrv.kvugl,0.5082252073869747,1
1759303654,179,1,N/A,N/A,N/A,N/A,N/A,N/A,N/A,N/A,125087744,125087744,37797888,4096,135168,28098560,1,systemd-journal,S (sleeping),server-compromised.bnsdq.ozxfs.rzona-vmdrv.kvugl,0.1898021298498098,1
1759303654,51850,1,N/A,N/A,N/A,N/A,N/A,N/A,N/A,N/A,1264619520,1264619520,17231872,N/A,135168,45826048,4,discern-proc-so,S (sleeping),server-compromised.bnsdq.ozxfs.rzona-vmdrv.kvugl,2.61417001546021,1
1759303654,45626,1,N/A,N/A,N/A,N/A,N/A,N/A,N/A,N/A,1647706112,1580597248,20361216,N/A,135168,82202624,5,discern-interfa,S (sleeping),server-compromised.bnsdq.ozxfs.rzona-vmdrv.kvugl,0.0024977883987262594,1
1759303658,340,1,103,103,103,103,109,109,109,109,250912768,250912768,236171264,N/A,135168,243183616,1,dbus-daemon,S (sleeping),server-compromised.bnsdq.ozxfs.rzona-vmdrv.kvugl,0.2861531609266348,0
1759303658,181,1,N/A,N/A,N/A,N/A,N/A,N/A,N/A,N/A,158683136,120872960,55459840,4096,135168,28102656,1,systemd-journal,S (sleeping),server-compromised.bnsdq.ozxfs.rzona-vmdrv.kvugl,0.20373316900349153,0
1759303658,3293,1,N/A,N/A,N/A,N/A,N/A,N/A,N/A,N/A,1953800192,1922228224,41988096,N/A,135168,170463232,13,discern-network,S (sleeping),server-compromised.bnsdq.ozxfs.rzona-vmdrv.kvugl,1.263422143398574,0
1759303658,70443,1,N/A,N/A,N/A,N/A,N/A,N/A,N/A,N/A,1580597248,1580597248,21614592,N/A,135168,82202624,5,discern-interfa,S (sleeping),server-compromised.bnsdq.ozxfs.rzona-vmdrv.kvugl,0.0017810349658114206,0
1759303658,72604,1,N/A,N/A,N/A,N/A,N/A,N/A,N/A,N/A,1264619520,1264619520,17321984,N/A,135168,45826048,5,discern-proc-so,S (sleeping),server-compromised.bnsdq.ozxfs.rzona-vmdrv.kvugl,2.6060086937117193,0
1759303663,340,1,103,103,103,103,109,109,109,109,250912768,250912768,236171264,N/A,135168,243183616,1,dbus-daemon,S (sleeping),server-compromised.bnsdq.ozxfs.rzona-vmdrv.kvugl,0.28638583489965774,0
1759303663,181,1,N/A,N/A,N/A,N/A,N/A,N/A,N/A,N/A,158683136,120872960,55681024,4096,135168,28102656,1,systemd-journal,S (sleeping),server-compromised.bnsdq.ozxfs.rzona-vmdrv.kvugl,0.2040302688175346,0
1759303663,3293,1,N/A,N/A,N/A,N/A,N/A,N/A,N/A,N/A,1953800192,1922228224,41988096,N/A,135168,170463232,13,discern-network,S (sleeping),server-compromised.bnsdq.ozxfs.rzona-vmdrv.kvugl,1.262875432364361,0
1759303663,70443,1,N/A,N/A,N/A,N/A,N/A,N/A,N/A,N/A,1580597248,1580597248,21614592,N/A,135168,82202624,5,discern-interfa,S (sleeping),server-compromised.bnsdq.ozxfs.rzona-vmdrv.kvugl,0.0017756158921201231,0
1759303663,72604,1,N/A,N/A,N/A,N/A,N/A,N/A,N/A,N/A,1264619520,1264619520,17321984,N/A,135168,45826048,5,discern-proc-so,S (sleeping),server-compromised.bnsdq.ozxfs.rzona-vmdrv.kvugl,2.605748213393584,0
