Name,Duration,AvgCpuPercent,MaxCpuUsage,DataPoints
discern-file-so,2895.0,36.070530962812256,90.6123154170536,559
ettercap,962.0,69.15082741168305,71.21497252725484,182
discern-proc-so,2912.0,2.072210295968305,3.696442354841638,560
jbd2/vda2-8,2916.0,1.2987221060605347,5.784086848950888,560
kswapd0,2740.0,0.7698852615540925,0.8113988921224348,525
discern-network,1935.0,0.43483913734289054,1.434637631094379,375
systemd,195.0,0.7287449122915667,0.9628058714026603,38
