Name,Duration,AvgCpuPercent,MaxCpuUsage,DataPoints
server.py,854.0,73.53929616467728,87.7426971191875,166
discern-file-so,293.0,55.036369023836954,85.00794852905936,55
discern-proc-so,1251.0,1.9806294214512363,2.5624105935339805,244
jbd2/vda2-8,1255.0,1.1816672695741066,2.840655324986313,244
discern-network,1255.0,0.6307539007447622,1.5744343992159346,244
systemd-journal,673.0,0.3835448050617216,0.7815305681465182,131
kswapd0,371.0,0.2579366353568493,0.2939838952302557,73
discern-logs-so,288.0,0.2645284044159417,0.2777172958746456,57
systemd,27.0,0.8353292812127556,0.916475736716368,6
