Name,TimeWeightedAvgVmSizeMiB,MaxVmPeakMiB,MaxVmHwmMiB,DataPoints,PeakDuration
dbus-daemon,106.82048207246447,132.14453125,119.546875,1002,5137.0
discern-file-so,1498.7597995923913,1591.1796875,287.04296875,85,460.0
discern-logs-so,1299.4945645329592,1333.5625,129.0703125,1002,5211.0
discern-network,1833.89453125,1833.89453125,51.234375,917,4800.0
python3,125.49227255881209,125.6171875,109.140625,2004,10287.0
