Name,TimeWeightedAvgVmSizeMiB,MaxVmPeakMiB,MaxVmHwmMiB,DataPoints,PeakDuration
dbus-daemon,96.8119720690503,110.54296875,104.2890625,709,3559.0
discern-file-so,1515.6039556571145,1591.4296875,290.90625,48,253.0
discern-logs-so,1274.4296618992355,1333.5625,131.78125,709,3662.0
discern-network,1842.77734375,1863.81640625,78.10546875,709,3623.0
python3,614.0795782486807,1032.49609375,50.33203125,1370,7201.0
