Name,Duration,AvgCpuPercent,MaxCpuUsage,DataPoints
discern-file-so,542.0,47.95078026283577,87.32830568632066,106
discern-proc-so,537.0,1.991825824680258,3.155169898241423,105
jbd2/vda2-8,542.0,1.4321734035062264,2.6283494302877033,106
systemd,547.0,0.558825113151644,1.3148164230300878,107
kswapd0,501.0,0.5573287809485178,0.6458145926310876,98
discern-network,41.0,0.5356047386745091,0.5924967818319666,8
