Name,TimeWeightedAvgVmSizeMiB,MaxVmPeakMiB,MaxVmHwmMiB,DataPoints,PeakDuration
dbus-daemon,56.342938701923075,64.32421875,57.9765625,410,2080.0
discern-file-so,1483.041324013158,1591.4296875,293.515625,57,285.0
discern-interfa,1507.51953125,1571.26953125,26.58984375,272,1393.0
discern-logs-so,1265.2699158998566,1269.49609375,72.328125,410,2092.0
discern-network,1898.2109375,1898.2109375,95.53515625,410,2088.0
discern-proc-so,1205.92578125,1205.92578125,16.40625,9,46.0
python3,659.3691364202099,1136.828125,47.0078125,362,1858.0
systemd-journal,121.9817202669903,163.3359375,26.140625,120,618.0
