Name,TimeWeightedAvgVmSizeMiB,MaxVmPeakMiB,MaxVmHwmMiB,DataPoints,PeakDuration
dbus-daemon,18.19940988149847,21.47265625,14.90234375,127,654.0
discern-ansible,1205.34375,1205.34375,11.640625,40,207.0
discern-file-so,1578.7211934840425,1591.6796875,301.34765625,230,1175.0
discern-jupyter,1205.33203125,1205.33203125,10.6640625,21,109.0
discern-logs-so,1205.4296875,1205.4296875,22.6875,230,1179.0
discern-network,1897.9609375,1897.9609375,105.8828125,230,1175.0
discern-proc-so,1205.92578125,1205.92578125,16.5625,195,1006.0
systemd-journal,72.03036762373097,73.30859375,24.27734375,77,394.0
