Name,Duration,AvgCpuPercent,MaxCpuUsage,DataPoints
discern-file-so,1151.0,38.863670497627176,83.45332715804908,230
discern-proc-so,1155.0,2.0257583132292503,3.2239701821961626,230
jbd2/vda2-8,1171.0,0.6524406508078007,1.6442103153270826,230
kswapd0,1005.0,0.6201407789944333,0.6811460899969101,200
discern-network,828.0,0.39231141414366044,0.7277778088011447,161
systemd,513.0,0.5697069550375194,2.418224847092801,99
