Name,Duration,AvgCpuPercent,MaxCpuUsage,DataPoints
discern-file-so,1738.0,31.97739686548968,91.13473917342988,340
discern-proc-so,1746.0,2.78939703159147,9.110619715520068,340
kswapd0,1758.0,0.7570921620194321,0.7647751745817766,340
discern-logs-so,1770.0,0.7150140702054817,0.803005671109759,340
discern-network,1763.0,0.49763138031884985,0.5200783042641305,338
systemd,11.0,2.3513458074497535,3.900386525574414,2
