Name,TimeWeightedAvgVmSizeMiB,MaxVmPeakMiB,MaxVmHwmMiB,DataPoints,PeakDuration
dbus-daemon,65.70456554015837,74.1953125,64.796875,340,1768.0
discern-file-so,1526.5397083979967,1591.4296875,287.93359375,340,1772.0
discern-logs-so,1384.4451729910713,1397.62890625,233.11328125,340,1764.0
discern-network,1833.95703125,1863.81640625,52.83984375,340,1776.0
discern-proc-so,1205.92578125,1205.92578125,16.07421875,211,1094.0
systemd-journal,122.60877710459184,163.38671875,34.171875,129,686.0
