Name,TimeWeightedAvgVmSizeMiB,MaxVmPeakMiB,MaxVmHwmMiB,DataPoints,PeakDuration
dbus-daemon,39.08166269420904,45.921875,39.56640625,339,1770.0
discern-ansible,1204.78125,1204.78125,10.28125,1,5.0
discern-cpu-sor,1205.359375,1205.359375,10.6015625,13,69.0
discern-file-so,1583.8112199858756,1591.4296875,279.69921875,339,1770.0
discern-logs-so,1262.9512849389898,1269.49609375,96.29296875,339,1762.0
discern-network,1833.33203125,1863.44140625,47.73046875,339,1770.0
discern-proc-so,1205.92578125,1205.92578125,17.44140625,108,560.0
systemd-journal,125.54242050438596,161.1484375,33.3359375,217,1140.0
