Name,TimeWeightedAvgVmSizeMiB,MaxVmPeakMiB,MaxVmHwmMiB,DataPoints,PeakDuration
containerd,1233.62890625,1233.62890625,32.9453125,118,615.0
dbus-daemon,43.47227609007655,57.62109375,50.58203125,705,3658.0
discern-file-so,1501.910569966133,1655.12109375,333.83984375,79,406.0
discern-logs-so,1205.4296875,1205.4296875,43.140625,509,2655.0
discern-network,1898.8359375,1898.8359375,143.24609375,724,3736.0
dockerd,1350.61328125,1414.36328125,100.37109375,724,3691.0
mariadbd,1058.9398856748842,1113.66796875,89.7734375,724,3671.0
python3,84.83235847513089,248.55078125,27.4609375,37,191.0
