Name,Duration,AvgCpuPercent,MaxCpuUsage,DataPoints
discern-file-so,2697.0,37.519192483921245,90.84898009242788,521
ettercap,1062.0,68.13866069728051,70.92282190850366,203
discern-proc-so,2700.0,2.6387960780003357,2.793813712384081,520
kswapd0,2709.0,0.7737568696565752,0.7821568315820236,521
discern-logs-so,2710.0,0.2685571321953714,0.28070341757751294,518
jbd2/vda2-8,1456.0,0.26692599011792495,0.29512570575754193,280
discern-network,171.0,0.2207037411857907,0.23779345652802714,34
systemd,40.0,0.5629873637255061,1.0465070599645034,8
