Name,TimeWeightedAvgVmSizeMiB,MaxVmPeakMiB,MaxVmHwmMiB,DataPoints,PeakDuration
dbus-daemon,69.18820785369476,81.01953125,72.46484375,521,2693.0
discern-file-so,1585.885363314415,1591.6796875,358.15625,521,2709.0
discern-logs-so,1205.4296875,1205.4296875,35.4453125,521,2721.0
discern-network,1833.58203125,1833.58203125,43.30078125,521,2713.0
discern-proc-so,1206.0436197916667,1206.17578125,17.1953125,75,384.0
ettercap,307.841911986715,328.40234375,24.3515625,195,1035.0
systemd-journal,128.17651703675344,137.34375,18.98828125,251,1306.0
