Name,TimeWeightedAvgVmSizeMiB,MaxVmPeakMiB,MaxVmHwmMiB,DataPoints,PeakDuration
dbus-daemon,31.082454608938548,34.49609375,28.18359375,173,895.0
discern-ansible,1205.34375,1205.34375,11.47265625,1,5.0
discern-file-so,1576.3862584175083,1591.7421875,293.50390625,173,891.0
discern-logs-so,1205.4296875,1205.4296875,39.87890625,173,895.0
discern-network,1898.2109375,1898.2109375,110.55859375,173,891.0
discern-proc-so,1205.9302296485764,1206.17578125,16.20703125,55,281.0
python3,657.3988816889632,968.48046875,48.50390625,115,598.0
systemd-journal,145.57421875,145.57421875,26.62109375,2,11.0
