Name,TimeWeightedAvgVmSizeMiB,MaxVmPeakMiB,MaxVmHwmMiB,DataPoints,PeakDuration
dbus-daemon,29.91568995040151,39.82421875,31.89453125,412,2117.0
discern-file-so,1499.6645359848485,1591.1796875,289.71484375,95,495.0
discern-interfa,1435.5106723729543,1435.515625,22.6484375,225,1161.0
discern-logs-so,1205.4296875,1205.4296875,33.8984375,525,2701.0
discern-network,1841.166886697861,1863.44140625,32.76953125,732,3740.0
python3,124.86328125,124.86328125,109.23046875,1466,7331.0
systemd-journal,93.9548216540404,127.375,28.25,210,1089.0
