Name,TimeWeightedAvgVmSizeMiB,MaxVmPeakMiB,MaxVmHwmMiB,DataPoints,PeakDuration
dbus-daemon,68.86324546537193,80.765625,72.6953125,529,2729.0
discern-file-so,1463.6339228626234,1591.4296875,283.921875,529,2737.0
discern-logs-so,1205.4296875,1205.4296875,20.77734375,529,2733.0
discern-network,1833.33203125,1863.1875,42.8125,529,2733.0
discern-proc-so,1205.92578125,1205.92578125,15.51953125,329,1710.0
systemd-journal,83.69073327718961,99.375,21.48046875,200,1039.0
