Name,TimeWeightedAvgVmSizeMiB,MaxVmPeakMiB,MaxVmHwmMiB,DataPoints,PeakDuration
dbus-daemon,33.511700576423095,48.37109375,41.46484375,706,3654.0
discern-file-so,1486.5519034402412,1591.4296875,294.06640625,87,456.0
discern-interfa,1435.4605857600166,1435.515625,22.66796875,466,2421.0
discern-logs-so,1213.4443829850945,1269.49609375,64.14453125,729,3757.0
discern-network,1850.59375,1863.81640625,53.74609375,732,3700.0
discern-proc-so,1206.0350929908907,1206.17578125,18.1875,238,1235.0
systemd-journal,106.59359996718707,153.08203125,38.83984375,702,3619.0
