Name,TimeWeightedAvgVmSizeMiB,MaxVmPeakMiB,MaxVmHwmMiB,DataPoints,PeakDuration
dbus-daemon,70.41922769862437,85.5,79.18359375,716,3562.0
discern-file-so,1496.9056557606264,1591.4296875,292.3125,88,447.0
discern-interfa,1435.515625,1499.265625,24.84765625,704,3677.0
discern-logs-so,1205.4296875,1205.4296875,51.66015625,716,3658.0
discern-network,1833.83203125,1833.83203125,46.02734375,716,3595.0
discern-proc-so,1205.9498553240742,1206.17578125,17.39453125,154,810.0
systemd-journal,124.04370945608783,165.265625,34.03125,486,2505.0
