Name,Duration,AvgCpuPercent,MaxCpuUsage,DataPoints
discern-file-so,1709.0,33.39922003116405,80.90131257402825,339
discern-proc-so,1729.0,2.3159710440143813,10.397944004134118,339
kswapd0,1745.0,0.7377142524571736,0.7476288978439602,339
discern-network,1753.0,0.5144935733417816,0.5740503820531697,339
systemd-journal,1375.0,0.42803396619365536,0.4711229091349339,264
discern-logs-so,370.0,0.4488594346169172,0.4668763617101348,72
systemd,16.0,1.0078298241102888,2.1661081023584767,3
