Name,Duration,AvgCpuPercent,MaxCpuUsage,DataPoints
discern-file-so,493.0,43.2743873997343,85.42193381695995,98
server.py,360.0,55.07794656166276,63.68174186916916,70
discern-proc-so,497.0,2.149671824082373,4.435386352560317,98
jbd2/vda2-8,505.0,0.7248469625667212,0.8869801882687589,98
kswapd0,499.0,0.6182388072293189,0.6473273400016211,97
discern-network,137.0,0.530442965996052,0.5949550970628723,28
python3,6.0,0.758461578643666,0.758461578643666,1
