Name,TimeWeightedAvgVmSizeMiB,MaxVmPeakMiB,MaxVmHwmMiB,DataPoints,PeakDuration
dbus-daemon,19.778903489399294,21.47265625,14.91015625,55,283.0
discern-file-so,1546.8196771460844,1591.8046875,347.3203125,98,498.0
discern-logs-so,1205.4296875,1205.4296875,31.875,98,502.0
discern-network,1898.2109375,1898.2109375,89.6328125,98,498.0
discern-proc-so,1205.92578125,1205.92578125,15.78125,11,51.0
python3,75.69111419392523,160.25,17.0625,41,214.0
server.py,171.75390625,235.75390625,20.27734375,70,367.0
systemd-journal,135.71367590206185,137.1953125,22.98828125,19,97.0
