Name,Duration,AvgCpuPercent,MaxCpuUsage,DataPoints
discern-file-so,1207.0,40.09706045070675,89.76365397861015,236
discern-proc-so,1206.0,2.4782289060182867,2.6147768440282118,235
kswapd0,1206.0,0.7559447167620716,0.7690734261827269,235
python3,732.0,0.5621475448681869,12.203284333735915,141
discern-logs-so,1205.0,0.3035918345671532,0.3096577596817795,234
jbd2/vda2-8,470.0,0.1932581052137496,0.22458553071186244,91
systemd,31.0,0.8024191645664257,1.8302022627532417,6
sshd,10.0,1.518955621706065,1.8178604799425802,2
