Name,Duration,AvgCpuPercent,MaxCpuUsage,DataPoints
discern-file-so,1191.0,39.860234373109336,85.76892943703066,233
discern-proc-so,1195.0,2.5765963017552633,5.758510880412624,233
kswapd0,1198.0,0.7249043098986575,0.7413838537918982,232
python3,672.0,0.6141128086389799,12.568879972534127,130
discern-logs-so,845.0,0.283973326867413,0.29593226089547825,164
jbd2/vda2-8,862.0,0.2689053711158818,0.3198224714445393,166
systemd,31.0,0.6669015011912983,1.2350017583687452,6
sshd,5.0,0.8378398729282448,0.8378398729282449,1
