Name,TimeWeightedAvgVmSizeMiB,MaxVmPeakMiB,MaxVmHwmMiB,DataPoints,PeakDuration
containerd,1305.6328125,1369.3828125,32.234375,737,3848.0
dbus-daemon,112.16470450825679,136.91015625,124.36328125,1006,5117.0
discern-file-so,1495.7142417594177,1591.1171875,294.52734375,111,584.0
discern-interfa,1436.3563784246576,1436.390625,23.5703125,28,146.0
discern-logs-so,1261.121400122549,1269.49609375,82.43359375,1006,5202.0
discern-network,1890.578125,1890.578125,119.14453125,1006,5228.0
dockerd,1350.86328125,1350.92578125,101.33203125,1006,5182.0
python3,248.53515625,248.55078125,27.2734375,24,127.0
systemd-journal,128.75557541001774,149.21875,31.4296875,106,564.0
