Name,TimeWeightedAvgVmSizeMiB,MaxVmPeakMiB,MaxVmHwmMiB,DataPoints,PeakDuration
dbus-daemon,42.64734181501548,63.234375,56.1171875,618,3230.0
discern-file-so,1476.0718966013824,1591.1796875,287.9609375,125,651.0
discern-interfa,1507.28337208045,1571.26953125,22.7109375,55,289.0
discern-logs-so,1232.1920633761683,1269.49609375,76.78125,675,3531.0
discern-network,1825.438727801015,1825.44921875,62.4375,709,3646.0
discern-proc-so,1205.92578125,1205.92578125,16.1796875,25,128.0
python3,152.48900971283783,232.35546875,16.85546875,69,370.0
server.py,174.2890625,238.2890625,24.94921875,662,3490.0
systemd-journal,121.16548138423879,173.703125,47.015625,607,3166.0
