Name,TimeWeightedAvgVmSizeMiB,MaxVmPeakMiB,MaxVmHwmMiB,DataPoints,PeakDuration
dbus-daemon,20.30751296936759,22.6328125,16.39453125,99,506.0
discern-cpu-sor,1205.359375,1205.359375,11.99609375,3,15.0
discern-file-so,1476.6529094827586,1591.4296875,294.08984375,28,145.0
discern-interfa,1507.26953125,1571.26953125,22.6328125,208,1063.0
discern-logs-so,1205.4296875,1205.4296875,22.50390625,246,1264.0
discern-network,1906.21484375,1906.21484375,104.1640625,246,1256.0
discern-proc-so,1205.92578125,1205.92578125,15.8828125,121,617.0
python3,675.9228048121676,1000.58203125,102.41796875,147,752.0
systemd-journal,83.43093726748512,101.40625,26.48828125,132,672.0
