Name,TimeWeightedAvgVmSizeMiB,MaxVmPeakMiB,MaxVmHwmMiB,DataPoints,PeakDuration
dbus-daemon,46.54043405502158,56.359375,50.22265625,491,2549.0
discern-cpu-sor,1205.359375,1205.359375,11.9765625,1,5.0
discern-file-so,1584.1123372013317,1591.4296875,283.921875,491,2553.0
discern-logs-so,1205.4296875,1205.4296875,16.2265625,402,2101.0
discern-network,1833.33203125,1863.1875,41.03125,491,2553.0
discern-proc-so,1205.92578125,1205.92578125,15.46484375,169,878.0
systemd-journal,70.96810078197946,75.40234375,17.73046875,410,2142.0
