Name,Duration,AvgCpuPercent,MaxCpuUsage,DataPoints
server.py,1037.0,61.51569563622062,65.91385800268849,198
discern-file-so,1213.0,37.909045817622506,74.61260053259619,234
discern-proc-so,1217.0,2.1299805231117728,2.6426734747854965,234
jbd2/vda2-8,1217.0,1.1249832753262137,2.8801595137479694,234
discern-network,652.0,0.7542501812561464,1.570951616316664,126
kswapd0,719.0,0.6216363504898209,0.6614066414606882,139
kworker/u2,22.0,1.3886615493990964,1.7263372824323222,5
