Name,TimeWeightedAvgVmSizeMiB,MaxVmPeakMiB,MaxVmHwmMiB,DataPoints,PeakDuration
dbus-daemon,70.03182870370371,85.6640625,79.0390625,741,3807.0
discern-file-so,1478.0211305831265,1591.3671875,285.9140625,77,403.0
discern-logs-so,1269.49609375,1269.49609375,101.83203125,741,3878.0
discern-network,1833.83203125,1833.83203125,51.234375,664,3508.0
python3,125.48808172174554,125.6171875,109.140625,1482,7459.0
