Name,TimeWeightedAvgVmSizeMiB,MaxVmPeakMiB,MaxVmHwmMiB,DataPoints,PeakDuration
dbus-daemon,75.77696543798538,84.24609375,77.515625,427,2189.0
discern-file-so,1495.3467702963917,1591.4296875,294.578125,55,291.0
discern-interfa,1507.51953125,1571.26953125,22.60546875,324,1672.0
discern-logs-so,1205.4296875,1205.4296875,54.9453125,427,2201.0
discern-network,1833.89453125,1833.89453125,83.35546875,427,2201.0
discern-proc-so,1205.92578125,1205.92578125,17.5625,78,401.0
systemd-journal,125.33617210388184,149.2421875,29.0546875,397,2048.0
