Name,Duration,AvgCpuPercent,MaxCpuUsage,DataPoints
discern-file-so,301.0,82.3077521301918,91.86516558527167,58
discern-proc-so,2178.0,2.7046811446368313,2.913898471842784,427
discern-logs-so,2178.0,0.38075262643737795,0.40762384369621,427
systemd-journal,2190.0,0.1875451537977428,0.18992104993384906,427
discern-network,2191.0,0.17749643116365074,0.18146450413919077,425
kswapd0,1886.0,0.16681848006093725,0.17731844809288153,365
systemd,26.0,0.7022932482192096,1.8889055929008036,5
sshd,0.0,,1.594240056589655,1
