Name,TimeWeightedAvgVmSizeMiB,MaxVmPeakMiB,MaxVmHwmMiB,DataPoints,PeakDuration
dbus-daemon,70.51539464534075,85.4140625,78.6953125,711,3595.0
discern-file-so,1476.8928664241164,1591.1796875,356.6171875,91,481.0
discern-interfa,1507.51953125,1507.51953125,24.62109375,429,2274.0
discern-logs-so,1205.4296875,1205.4296875,50.09375,711,3705.0
discern-network,1841.8359375,1841.8359375,44.98046875,711,3654.0
mariadbd,1050.94140625,1113.66796875,97.5859375,711,3555.0
systemd-journal,133.26306761477045,165.1640625,32.57421875,191,1002.0
