Name,Duration,AvgCpuPercent,MaxCpuUsage,DataPoints
discern-file-so,1978.0,34.083591168438396,83.75578457744267,394
discern-proc-so,1998.0,2.341814262435931,3.5002259837776064,394
jbd2/vda2-8,1473.0,0.7971632562887909,2.2376198408057,284
kswapd0,1872.0,0.6180114033871801,0.6913849074297376,367
discern-network,1758.0,0.5464531790375069,0.8580323852139738,341
systemd,409.0,0.8716422812613948,1.9791741048565135,78
systemd-journal,565.0,0.4001690142133838,0.4417552350584713,110
sshd,1.0,1.513943425764032,1.513943425764032,1
dbus-daemon,4.0,0.25122012455715853,0.25122012455715853,1
