Name,TimeWeightedAvgVmSizeMiB,MaxVmPeakMiB,MaxVmHwmMiB,DataPoints,PeakDuration
dbus-daemon,94.36041180623772,113.984375,107.203125,995,5090.0
discern-file-so,1485.0740252800708,1591.1171875,284.66796875,79,424.0
discern-interfa,1435.515625,1435.515625,22.6484375,2,11.0
discern-logs-so,1230.5915708188656,1269.49609375,86.80078125,995,5184.0
discern-network,1841.5859375,1863.44140625,50.10546875,914,4786.0
python3,124.86328125,124.86328125,109.23046875,1990,10112.0
