Name,Duration,AvgCpuPercent,MaxCpuUsage,DataPoints
discern-file-so,1206.0,39.895515336118464,84.88817082198894,237
discern-proc-so,1214.0,2.4812486281040944,4.773709668544105,237
jbd2/vda2-8,1219.0,1.1099067485746783,2.9051622022145906,236
python3,909.0,1.0596448858855698,12.183239632462952,175
kswapd0,1139.0,0.6410211991640526,0.718659545186016,220
systemd,222.0,0.6901536135239945,0.923730860984152,43
discern-logs-so,161.0,0.36701252113359645,0.36998178118790137,32
discern-network,14.0,0.5002093108566001,0.5071734037403834,3
