Name,Duration,AvgCpuPercent,MaxCpuUsage,DataPoints
discern-file-so,2019.0,33.42020846369872,85.49528121886777,392
discern-proc-so,2017.0,2.5660237585440084,2.7580047619358794,391
discern-network,1844.0,0.8323694065591296,1.1803235106284307,354
systemd-journal,1743.0,0.6532890855884473,0.8597551516787578,334
kswapd0,1628.0,0.6574968452066877,0.7270119981747241,313
jbd2/vda2-8,604.0,0.9229702139986903,1.6456541882622837,115
systemd,295.0,0.7687679598383889,2.177670407835105,57
sshd,15.0,1.1055815652701553,2.120698785292577,3
kworker/u2,6.0,0.308335178174221,0.308335178174221,1
