Name,TimeWeightedAvgVmSizeMiB,MaxVmPeakMiB,MaxVmHwmMiB,DataPoints,PeakDuration
dbus-daemon,37.47096002067472,52.36328125,45.18359375,737,3809.0
discern-file-so,1656.7385448619632,1783.31640625,394.8671875,95,489.0
discern-interfa,1435.4892022357724,1435.515625,22.72265625,144,738.0
discern-logs-so,1205.4296875,1205.4296875,37.8359375,737,3810.0
discern-network,1906.46484375,1906.46484375,94.86328125,737,3757.0
discern-proc-so,1205.92578125,1205.92578125,20.0859375,108,566.0
java,2257.703125,10959.44921875,203.640625,737,3714.0
systemd-journal,134.2654450943165,169.31640625,30.27734375,390,2041.0
