Name,TimeWeightedAvgVmSizeMiB,MaxVmPeakMiB,MaxVmHwmMiB,DataPoints,PeakDuration
dbus-daemon,19.621607730263158,22.50390625,16.203125,120,608.0
discern-cpu-sor,1205.046875,1205.046875,11.5234375,4,22.0
discern-file-so,1506.895,1591.0546875,289.44921875,29,150.0
discern-interfa,1435.265625,1435.265625,22.58984375,245,1239.0
discern-logs-so,1205.4296875,1205.4296875,21.1796875,247,1246.0
discern-network,1898.2734375,1898.2734375,103.5,247,1246.0
discern-proc-so,1205.92578125,1205.92578125,16.265625,138,706.0
systemd-journal,75.01784642170989,75.4609375,18.40625,205,1041.0
