Name,Duration,AvgCpuPercent,MaxCpuUsage,DataPoints
discern-file-so,151.0,83.51116372974657,90.54051468828115,29
discern-proc-so,1246.0,2.19198258632326,6.018675100202739,247
jbd2/vda2-8,1250.0,1.012154241835823,2.4955719382677004,247
discern-network,1254.0,0.4360077097652287,0.7077822946582333,247
systemd,1259.0,0.3921453323504075,0.8312726924582422,248
discern-logs-so,644.0,0.2607471741356442,0.27756284874714016,126
kswapd0,462.0,0.33677428698763756,0.5096363112223652,91
