Name,TimeWeightedAvgVmSizeMiB,MaxVmPeakMiB,MaxVmHwmMiB,DataPoints,PeakDuration
dbus-daemon,101.0472564147018,115.16015625,108.296875,711,3605.0
discern-file-so,1512.3075414540817,1591.1796875,280.44921875,47,245.0
discern-logs-so,1257.2551178660049,1269.49609375,77.9765625,695,3627.0
discern-network,1833.83203125,1833.83203125,62.59375,679,3546.0
python3,125.58203125,125.58203125,109.30078125,1422,7180.0
