Name,TimeWeightedAvgVmSizeMiB,MaxVmPeakMiB,MaxVmHwmMiB,DataPoints,PeakDuration
containerd,1305.6328125,1305.6328125,34.8359375,36,188.0
dbus-daemon,43.855252628043,56.625,50.0390625,611,3163.0
discern-file-so,1542.4943540812842,1591.1796875,295.83203125,70,366.0
discern-logs-so,1205.4296875,1205.4296875,26.2578125,1,9.0
discern-network,1898.5234375,1898.5234375,126.109375,686,3547.0
dockerd,1350.86328125,1350.92578125,103.37109375,728,3700.0
python3,128.1292906581565,248.55078125,109.4765625,1508,7540.0
