Name,TimeWeightedAvgVmSizeMiB,MaxVmPeakMiB,MaxVmHwmMiB,DataPoints,PeakDuration
dbus-daemon,92.86133349810866,104.2265625,96.6015625,561,2908.0
discern-file-so,1647.8170831549658,1655.74609375,367.3046875,561,2920.0
discern-logs-so,1205.4296875,1205.4296875,39.89453125,561,2936.0
discern-network,1833.58203125,1833.58203125,46.05078125,561,2932.0
discern-os-sorc,1205.66015625,1205.66015625,9.87109375,1,6.0
discern-proc-so,1205.926461985194,1206.17578125,17.1953125,282,1469.0
ettercap,311.5515718803602,328.40234375,24.6875,220,1166.0
systemd-journal,114.1898777173913,153.3515625,19.00390625,58,299.0
