Name,TimeWeightedAvgVmSizeMiB,MaxVmPeakMiB,MaxVmHwmMiB,DataPoints,PeakDuration
dbus-daemon,69.73909651509831,84.84375,76.37109375,714,3560.0
discern-file-so,1479.066119153675,1591.1796875,292.57421875,87,449.0
discern-interfa,1507.51953125,1507.51953125,22.62890625,271,1414.0
discern-logs-so,1205.4296875,1205.4296875,61.29296875,714,3661.0
discern-network,1825.57421875,1863.1875,44.78515625,714,3626.0
discern-proc-so,1205.92578125,1205.92578125,18.3828125,29,157.0
python3,178.71484375,242.71484375,27.09375,706,3705.0
systemd-journal,93.83942217996555,153.32421875,31.64453125,335,1742.0
