Name,Duration,AvgCpuPercent,MaxCpuUsage,DataPoints
discern-file-so,1703.0,32.89650625582746,83.84402069552796,338
discern-proc-so,1711.0,2.5253723151744016,5.976326313249598,338
discern-network,1727.0,0.8174730924494477,0.8910155014462707,338
kswapd0,1730.0,0.7427899319299487,0.7639133552916577,337
discern-logs-so,1134.0,0.8169511347662345,0.9359808053379879,220
systemd-journal,608.0,0.6762198871696513,0.7357518358952174,117
systemd,5.0,1.6823708027225521,1.6823708027225521,1
sshd,5.0,0.808465483470856,0.8084654834708561,1
