Name,TimeWeightedAvgVmSizeMiB,MaxVmPeakMiB,MaxVmHwmMiB,DataPoints,PeakDuration
dbus-daemon,17.221395766773163,18.3984375,12.6328125,61,313.0
discern-ansible,1205.34375,1205.34375,10.96484375,2,11.0
discern-file-so,1525.2538973417902,1527.67578125,357.6015625,170,877.0
discern-logs-so,1205.4296875,1205.4296875,24.6171875,170,877.0
discern-network,1825.57421875,1863.1875,84.7890625,170,877.0
discern-proc-so,1205.92578125,1205.92578125,16.23828125,137,703.0
python3,658.5178175403225,1136.8125,48.8671875,89,465.0
systemd-journal,76.46784052958016,101.4765625,26.6796875,51,262.0
