Name,TimeWeightedAvgVmSizeMiB,MaxVmPeakMiB,MaxVmHwmMiB,DataPoints,PeakDuration
dbus-daemon,105.91316521207781,131.34765625,118.484375,998,5063.0
discern-file-so,1511.6114410223988,1591.4296875,288.171875,66,346.0
discern-logs-so,1269.4335655377708,1269.49609375,84.875,985,5123.0
discern-network,1825.88671875,1825.88671875,60.4453125,945,4947.0
python3,122.73820751818718,122.86328125,106.47265625,1996,10172.0
