Name,TimeWeightedAvgVmSizeMiB,MaxVmPeakMiB,MaxVmHwmMiB,DataPoints,PeakDuration
dbus-daemon,36.09956878636741,41.41015625,34.01171875,233,1203.0
discern-file-so,1463.9799997376153,1591.6796875,312.0703125,233,1191.0
discern-jupyter,1205.33203125,1205.33203125,10.16015625,7,37.0
discern-logs-so,1205.4296875,1205.4296875,27.02734375,233,1207.0
discern-network,1905.96484375,1905.96484375,103.5390625,233,1199.0
discern-proc-so,1206.1102926845115,1206.17578125,15.953125,93,481.0
python3,684.6710350093985,1024.6015625,93.86328125,130,665.0
systemd-journal,119.3828125,119.3828125,21.75390625,3,16.0
