Name,TimeWeightedAvgVmSizeMiB,MaxVmPeakMiB,MaxVmHwmMiB,DataPoints,PeakDuration
dbus-daemon,69.18704978442233,84.37109375,76.98828125,714,3566.0
discern-file-so,1511.2386554468458,1591.1796875,293.17578125,82,428.0
discern-interfa,1435.515625,1435.515625,22.77734375,139,734.0
discern-logs-so,1205.4296875,1205.4296875,48.1640625,714,3652.0
discern-network,1841.8359375,1841.8359375,43.8828125,714,3608.0
discern-proc-so,1205.92578125,1205.92578125,16.3671875,57,304.0
python3,114.71484375,170.609375,27.2265625,709,3732.0
systemd-journal,129.64905944956615,165.2890625,35.07421875,441,2305.0
