Name,Duration,AvgCpuPercent,MaxCpuUsage,DataPoints
discern-file-so,411.0,51.29695877674338,89.11208741927537,83
discern-proc-so,411.0,2.0859592201981423,4.423917022154482,83
kswapd0,411.0,0.6916598068445844,0.7048883751406193,83
jbd2/vda2-8,424.0,0.46326608663062263,0.5185396903068165,83
systemd,424.0,0.27830902262040497,1.8902038273133146,83
