Name,TimeWeightedAvgVmSizeMiB,MaxVmPeakMiB,MaxVmHwmMiB,DataPoints,PeakDuration
dbus-daemon,17.20754863410596,18.3984375,12.546875,59,302.0
discern-ansible,1205.34375,1205.34375,11.47265625,1,6.0
discern-file-so,1567.848328637295,1591.6796875,362.6875,168,854.0
discern-logs-so,1205.4296875,1205.4296875,22.734375,168,870.0
discern-network,1898.2109375,1898.2109375,110.55859375,168,862.0
discern-proc-so,1205.92578125,1205.92578125,16.0859375,134,691.0
python3,658.8078205679863,984.48828125,48.1875,112,581.0
systemd-journal,81.92637232730263,105.61328125,26.62109375,30,152.0
