Name,Duration,AvgCpuPercent,MaxCpuUsage,DataPoints
discern-file-so,854.0,43.540126920739105,86.6628260954505,168
discern-proc-so,857.0,2.505621303010502,2.7146794319137713,167
jbd2/vda2-8,866.0,1.3007660107796484,2.9142423611901935,168
kswapd0,761.0,0.6062487963764104,0.6858645588932518,147
systemd,794.0,0.469036187407867,3.0391570833804336,154
python3,84.0,1.9642188868327604,9.853254354004385,16
discern-logs-so,78.0,0.2959136214514478,0.29820985000156003,16
discern-network,20.0,0.5054917282910072,0.5202784879220435,4
