Name,TimeWeightedAvgVmSizeMiB,MaxVmPeakMiB,MaxVmHwmMiB,DataPoints,PeakDuration
dbus-daemon,107.91171013902806,132.625,121.70703125,992,4990.0
discern-cpu-sor,1205.359375,1205.359375,13.27734375,17,86.0
discern-file-so,1476.4915105069324,1591.1171875,303.4375,113,577.0
discern-interfa,1436.0557633998435,1499.265625,24.84765625,982,5112.0
discern-logs-so,1262.960000402387,1269.49609375,89.5625,992,5048.0
discern-network,1833.89453125,1833.89453125,48.203125,992,5096.0
discern-proc-so,1206.099377362311,1206.17578125,16.703125,357,1852.0
systemd-journal,126.61506564006304,165.265625,34.03125,515,2697.0
