Name,TimeWeightedAvgVmSizeMiB,MaxVmPeakMiB,MaxVmHwmMiB,DataPoints,PeakDuration
dbus-daemon,74.68007007087628,88.734375,81.77734375,676,3686.0
discern-file-so,1516.747234260949,1591.1796875,289.515625,28,137.0
discern-logs-so,1227.4525146484375,1269.49609375,60.72265625,6,32.0
discern-network,1898.5234375,1898.5234375,118.00390625,644,3595.0
dockerd,1350.61328125,1414.36328125,102.98046875,674,3752.0
python3,125.58984375,125.58984375,109.546875,1352,7265.0
