Name,Duration,AvgCpuPercent,MaxCpuUsage,DataPoints
discern-file-so,2958.0,30.807617248742922,85.81090352572784,573
discern-proc-so,2953.0,2.5293835865002867,2.576971134595727,572
kswapd0,2958.0,0.7566324996152479,0.7591335289375399,573
discern-logs-so,2957.0,0.3627976484262627,0.39656752349984126,572
systemd-journal,2828.0,0.17037973810812068,0.1742995101248585,547
systemd,139.0,0.542358580294714,1.9421271046770743,27
named,5.0,0.44129024699246583,0.4412902469924658,1
