Name,TimeWeightedAvgVmSizeMiB,MaxVmPeakMiB,MaxVmHwmMiB,DataPoints,PeakDuration
dbus-daemon,96.89453389561463,108.73828125,102.53125,573,2953.0
discern-cpu-sor,1205.359375,1205.359375,12.6796875,11,56.0
discern-file-so,1586.7901178866937,1591.4296875,278.89453125,573,2961.0
discern-logs-so,1269.49609375,1269.49609375,85.7734375,573,2953.0
discern-network,1833.70703125,1863.81640625,39.97265625,573,2961.0
discern-proc-so,1205.9248421064988,1205.92578125,15.91015625,258,1331.0
named,388.31546336206895,406.5234375,20.0078125,11,58.0
systemd-journal,133.81326527457125,161.1953125,26.15234375,293,1516.0
