timestamp,pid,ppid,real_uid,effective_uid,saved_uid,filesystem_uid,real_gid,effective_gid,saved_gid,filesystem_gid,vm_peak,vm_size,vm_hwm,rss_shmem,vm_stk,vm_data,threads,name,state,device_id,cpu,malicious
1759278619,380,1,103,103,103,103,109,109,109,109,38969344,38969344,33394688,N/A,135168,31240192,1,dbus-daemon,S (sleeping),cache-compromised.bnsdq.ozxfs.vcwss-vmdrv.kvugl,0.20597845305529724,0
1759278619,163496,1,0,0,0,0,0,0,0,0,1954725888,1921449984,24371200,N/A,135168,152514560,13,discern-network,S (sleeping),cache-compromised.bnsdq.ozxfs.vcwss-vmdrv.kvugl,0.0,0
1759278619,163482,1,0,0,0,0,0,0,0,0,1647706112,1580597248,23867392,N/A,135168,82202624,5,discern-interfa,S (sleeping),cache-compromised.bnsdq.ozxfs.vcwss-vmdrv.kvugl,0.6538763226937194,0
1759278619,163515,1,0,0,0,0,0,0,0,0,1264619520,1264619520,16478208,N/A,135168,45826048,3,discern-proc-so,S (sleeping),cache-compromised.bnsdq.ozxfs.vcwss-vmdrv.kvugl,4.57678887068684,0
1759278619,181,1,0,0,0,0,0,0,0,0,154447872,108290048,38170624,4096,135168,28073984,1,systemd-journal,S (sleeping),cache-compromised.bnsdq.ozxfs.vcwss-vmdrv.kvugl,0.22113129947037605,0
1759278629,163682,1,0,0,0,0,0,0,0,0,1264652288,1264652288,43192320,N/A,135168,75251712,4,discern-file-so,S (sleeping),cache-compromised.bnsdq.ozxfs.vcwss-vmdrv.kvugl,4.737447563528744,0
1759278629,380,1,103,103,103,103,109,109,109,109,38969344,38969344,33394688,N/A,135168,31240192,1,dbus-daemon,S (sleeping),cache-compromised.bnsdq.ozxfs.vcwss-vmdrv.kvugl,0.20606575325477566,0
1759278629,163687,1,0,0,0,0,0,0,0,0,1954725888,1921449984,25358336,N/A,135168,152514560,13,discern-network,S (sleeping),cache-compromised.bnsdq.ozxfs.vcwss-vmdrv.kvugl,0.5263111582124979,0
1759278629,163679,1,0,0,0,0,0,0,0,0,1647706112,1580597248,22708224,N/A,135168,82202624,5,discern-interfa,S (sleeping),cache-compromised.bnsdq.ozxfs.vcwss-vmdrv.kvugl,0.5260452206062586,0
1759278629,163719,1,0,0,0,0,0,0,0,0,1264357376,1264357376,15253504,N/A,135168,45563904,4,discern-proc-so,R (running),cache-compromised.bnsdq.ozxfs.vcwss-vmdrv.kvugl,8.877794723120493,0
1759278639,380,1,103,103,103,103,109,109,109,109,38969344,38969344,33394688,N/A,135168,31240192,1,dbus-daemon,S (sleeping),cache-compromised.bnsdq.ozxfs.vcwss-vmdrv.kvugl,0.20605806719360398,0
1759278639,163878,1,0,0,0,0,0,0,0,0,1264357376,1264357376,17051648,N/A,135168,45563904,4,discern-proc-so,R (running),cache-compromised.bnsdq.ozxfs.vcwss-vmdrv.kvugl,7.1787608361471955,0
1759278639,181,1,0,0,0,0,0,0,0,0,154447872,108290048,38170624,4096,135168,28073984,1,systemd-journal,S (sleeping),cache-compromised.bnsdq.ozxfs.vcwss-vmdrv.kvugl,0.22117963693503753,0
1759278639,163885,1,0,0,0,0,0,0,0,0,1263157248,1263157248,11055104,N/A,135168,40206336,3,discern-os-sorc,S (sleeping),cache-compromised.bnsdq.ozxfs.vcwss-vmdrv.kvugl,0.0,0
1759278639,163865,1,0,0,0,0,0,0,0,0,1262841856,1262841856,9949184,N/A,135168,40185856,4,discern-cpu-sor,S (sleeping),cache-compromised.bnsdq.ozxfs.vcwss-vmdrv.kvugl,0.0,0
1759278651,164084,1,0,0,0,0,0,0,0,0,1264652288,1264652288,44412928,N/A,135168,75251712,4,discern-file-so,S (sleeping),cache-compromised.bnsdq.ozxfs.vcwss-vmdrv.kvugl,6.9541985019957915,0
1759278651,380,1,103,103,103,103,109,109,109,109,38969344,38969344,33394688,N/A,135168,31240192,1,dbus-daemon,S (sleeping),cache-compromised.bnsdq.ozxfs.vcwss-vmdrv.kvugl,0.2060245427414855,0
1759278651,164100,1,0,0,0,0,0,0,0,0,1887617024,1885368320,25190400,N/A,135168,117366784,9,discern-network,S (sleeping),cache-compromised.bnsdq.ozxfs.vcwss-vmdrv.kvugl,0.7725448404068602,0
1759278651,164092,1,0,0,0,0,0,0,0,0,1647706112,1580597248,21659648,N/A,135168,82202624,5,discern-interfa,S (sleeping),cache-compromised.bnsdq.ozxfs.vcwss-vmdrv.kvugl,0.0,0
1759278651,164115,1,0,0,0,0,0,0,0,0,1264619520,1264619520,14360576,N/A,135168,45826048,4,discern-proc-so,S (sleeping),cache-compromised.bnsdq.ozxfs.vcwss-vmdrv.kvugl,5.406715538169238,0
1759278660,164288,1,0,0,0,0,0,0,0,0,1264652288,1264652288,41902080,N/A,135168,71057408,4,discern-file-so,S (sleeping),cache-compromised.bnsdq.ozxfs.vcwss-vmdrv.kvugl,4.897639805583192,0
1759278660,380,1,103,103,103,103,109,109,109,109,38969344,38969344,33394688,N/A,135168,31240192,1,dbus-daemon,S (sleeping),cache-compromised.bnsdq.ozxfs.vcwss-vmdrv.kvugl,0.2059314348586295,0
1759278660,164287,1,0,0,0,0,0,0,0,0,1953267712,1921449984,24109056,N/A,135168,152514560,13,discern-network,S (sleeping),cache-compromised.bnsdq.ozxfs.vcwss-vmdrv.kvugl,0.6119774398384501,0
1759278660,164300,1,0,0,0,0,0,0,0,0,1505095680,1505095680,21114880,N/A,135168,73678848,4,discern-interfa,S (sleeping),cache-compromised.bnsdq.ozxfs.vcwss-vmdrv.kvugl,0.0,0
1759278660,164302,1,0,0,0,0,0,0,0,0,1264357376,1264357376,14647296,N/A,135168,45563904,4,discern-proc-so,S (sleeping),cache-compromised.bnsdq.ozxfs.vcwss-vmdrv.kvugl,5.505778916326093,0
1759278671,380,1,103,103,103,103,109,109,109,109,38969344,38969344,33394688,N/A,135168,31240192,1,dbus-daemon,S (sleeping),cache-compromised.bnsdq.ozxfs.vcwss-vmdrv.kvugl,0.20611220211411427,0
1759278671,164521,1,0,0,0,0,0,0,0,0,1331765248,1331765248,100040704,N/A,135168,138170368,4,discern-file-so,S (sleeping),cache-compromised.bnsdq.ozxfs.vcwss-vmdrv.kvugl,20.97733515809892,0
1759278671,164535,1,0,0,0,0,0,0,0,0,1264357376,1264357376,16900096,N/A,135168,45563904,4,discern-proc-so,R (running),cache-compromised.bnsdq.ozxfs.vcwss-vmdrv.kvugl,7.484230455127692,0
1759278671,181,1,0,0,0,0,0,0,0,0,154447872,108290048,38170624,4096,135168,28073984,1,systemd-journal,S (sleeping),cache-compromised.bnsdq.ozxfs.vcwss-vmdrv.kvugl,0.22138729168942495,0
1759278671,164513,1,0,0,0,0,0,0,0,0,1263157248,1263157248,11452416,N/A,135168,40206336,4,discern-os-sorc,S (sleeping),cache-compromised.bnsdq.ozxfs.vcwss-vmdrv.kvugl,0.0,0
1759278681,380,1,103,103,103,103,109,109,109,109,38969344,38969344,33394688,N/A,135168,31240192,1,dbus-daemon,S (sleeping),cache-compromised.bnsdq.ozxfs.vcwss-vmdrv.kvugl,0.20620900254720506,0
1759278681,164713,1,0,0,0,0,0,0,0,0,1505095680,1505095680,22450176,N/A,135168,73678848,4,discern-interfa,S (sleeping),cache-compromised.bnsdq.ozxfs.vcwss-vmdrv.kvugl,0.0,0
1759278681,181,1,0,0,0,0,0,0,0,0,154447872,108290048,38170624,4096,135168,28073984,1,systemd-journal,S (sleeping),cache-compromised.bnsdq.ozxfs.vcwss-vmdrv.kvugl,0.22146890707857775,0
1759278681,164731,1,0,0,0,0,0,0,0,0,1264357376,1264357376,15441920,N/A,135168,45563904,4,discern-proc-so,R (running),cache-compromised.bnsdq.ozxfs.vcwss-vmdrv.kvugl,8.190035241942777,0
1759278681,164691,1,0,0,0,0,0,0,0,0,1264586752,1264586752,22659072,N/A,135168,54214656,4,discern-file-so,D (disk sleep),cache-compromised.bnsdq.ozxfs.vcwss-vmdrv.kvugl,14.73871258234829,0
1759278691,380,1,103,103,103,103,109,109,109,109,38969344,38969344,33394688,N/A,135168,31240192,1,dbus-daemon,S (sleeping),cache-compromised.bnsdq.ozxfs.vcwss-vmdrv.kvugl,0.2061979453286892,0
1759278691,164900,1,0,0,0,0,0,0,0,0,1580597248,1580597248,21868544,N/A,135168,82202624,5,discern-interfa,S (sleeping),cache-compromised.bnsdq.ozxfs.vcwss-vmdrv.kvugl,1.376882867097789,0
1759278691,164891,1,0,0,0,0,0,0,0,0,1264324608,1264324608,23216128,N/A,135168,53952512,4,discern-file-so,D (disk sleep),cache-compromised.bnsdq.ozxfs.vcwss-vmdrv.kvugl,9.63524537741825,0
1759278691,164917,1,0,0,0,0,0,0,0,0,1264357376,1264357376,16277504,N/A,135168,45563904,4,discern-proc-so,R (running),cache-compromised.bnsdq.ozxfs.vcwss-vmdrv.kvugl,6.880822879589847,0
1759278691,181,1,0,0,0,0,0,0,0,0,154447872,108290048,38170624,4096,135168,28073984,1,systemd-journal,S (sleeping),cache-compromised.bnsdq.ozxfs.vcwss-vmdrv.kvugl,0.2215425844311885,0
1759278701,165071,1,0,0,0,0,0,0,0,0,1264586752,1264586752,43311104,N/A,135168,79380480,4,discern-file-so,R (running),cache-compromised.bnsdq.ozxfs.vcwss-vmdrv.kvugl,12.35452822397083,0
1759278701,380,1,103,103,103,103,109,109,109,109,38969344,38969344,33394688,N/A,135168,31240192,1,dbus-daemon,S (sleeping),cache-compromised.bnsdq.ozxfs.vcwss-vmdrv.kvugl,0.20628525102671985,0
1759278701,165089,1,0,0,0,0,0,0,0,0,1647706112,1580597248,22814720,N/A,135168,82202624,5,discern-interfa,S (sleeping),cache-compromised.bnsdq.ozxfs.vcwss-vmdrv.kvugl,0.5612105273361293,0
1759278701,165110,1,0,0,0,0,0,0,0,0,1264357376,1264357376,15355904,N/A,135168,45563904,4,discern-proc-so,S (sleeping),cache-compromised.bnsdq.ozxfs.vcwss-vmdrv.kvugl,7.294288057866723,0
1759278701,181,1,0,0,0,0,0,0,0,0,154447872,108290048,38170624,4096,135168,28073984,1,systemd-journal,S (sleeping),cache-compromised.bnsdq.ozxfs.vcwss-vmdrv.kvugl,0.22161397711596975,0
1759278711,380,1,103,103,103,103,109,109,109,109,38969344,38969344,33394688,N/A,135168,31240192,1,dbus-daemon,S (sleeping),cache-compromised.bnsdq.ozxfs.vcwss-vmdrv.kvugl,0.20627651566125182,0
1759278711,165306,1,0,0,0,0,0,0,0,0,1921187840,1921187840,23982080,N/A,135168,152252416,13,discern-network,S (sleeping),cache-compromised.bnsdq.ozxfs.vcwss-vmdrv.kvugl,1.111635814331834,0
1759278711,165299,1,0,0,0,0,0,0,0,0,1264062464,1264062464,20852736,N/A,135168,49496064,4,discern-file-so,S (sleeping),cache-compromised.bnsdq.ozxfs.vcwss-vmdrv.kvugl,10.002212211501957,0
1759278711,165290,1,0,0,0,0,0,0,0,0,1264357376,1264357376,15118336,N/A,135168,45563904,4,discern-proc-so,S (sleeping),cache-compromised.bnsdq.ozxfs.vcwss-vmdrv.kvugl,8.88778591465688,0
1759278711,181,1,0,0,0,0,0,0,0,0,154447872,108290048,38170624,4096,135168,28073984,1,systemd-journal,S (sleeping),cache-compromised.bnsdq.ozxfs.vcwss-vmdrv.kvugl,0.22179014492480006,0
1759278722,380,1,103,103,103,103,109,109,109,109,38969344,38969344,33394688,N/A,135168,31240192,1,dbus-daemon,S (sleeping),cache-compromised.bnsdq.ozxfs.vcwss-vmdrv.kvugl,0.20626440031714405,0
1759278722,165462,1,0,0,0,0,0,0,0,0,1647706112,1580597248,24186880,N/A,135168,82202624,5,discern-interfa,S (sleeping),cache-compromised.bnsdq.ozxfs.vcwss-vmdrv.kvugl,1.6921925937931968,0
1759278722,165486,1,0,0,0,0,0,0,0,0,1954725888,1929580544,21807104,N/A,135168,160641024,14,discern-network,S (sleeping),cache-compromised.bnsdq.ozxfs.vcwss-vmdrv.kvugl,1.6911770106457173,0
1759278722,165493,1,0,0,0,0,0,0,0,0,1264062464,1264062464,21696512,N/A,135168,53690368,4,discern-file-so,S (sleeping),cache-compromised.bnsdq.ozxfs.vcwss-vmdrv.kvugl,6.763748547600194,0
1759278722,165485,1,0,0,0,0,0,0,0,0,1264357376,1264357376,16842752,N/A,135168,45563904,4,discern-proc-so,S (sleeping),cache-compromised.bnsdq.ozxfs.vcwss-vmdrv.kvugl,7.60773885772976,0
1759278732,380,1,103,103,103,103,109,109,109,109,38969344,38969344,33394688,N/A,135168,31240192,1,dbus-daemon,S (sleeping),cache-compromised.bnsdq.ozxfs.vcwss-vmdrv.kvugl,0.20635438350246424,0
1759278732,165677,1,0,0,0,0,0,0,0,0,1264062464,1264062464,20795392,N/A,135168,49496064,4,discern-file-so,R (running),cache-compromised.bnsdq.ozxfs.vcwss-vmdrv.kvugl,6.5941135886620525,0
1759278732,165690,1,0,0,0,0,0,0,0,0,1264357376,1264357376,15568896,N/A,135168,45563904,4,discern-proc-so,S (sleeping),cache-compromised.bnsdq.ozxfs.vcwss-vmdrv.kvugl,5.860135079263399,0
1759278732,181,1,0,0,0,0,0,0,0,0,154447872,108290048,38170624,4096,135168,28073984,1,systemd-journal,S (sleeping),cache-compromised.bnsdq.ozxfs.vcwss-vmdrv.kvugl,0.22183625873117258,0
1759278732,165669,1,0,0,0,0,0,0,0,0,1262841856,1262841856,10870784,N/A,135168,40185856,4,discern-cpu-sor,S (sleeping),cache-compromised.bnsdq.ozxfs.vcwss-vmdrv.kvugl,0.0,0
1759278742,380,1,103,103,103,103,109,109,109,109,38969344,38969344,33394688,N/A,135168,31240192,1,dbus-daemon,S (sleeping),cache-compromised.bnsdq.ozxfs.vcwss-vmdrv.kvugl,0.20624279433276343,0
1759278742,165855,1,0,0,0,0,0,0,0,0,1505095680,1505095680,24023040,N/A,135168,73678848,4,discern-interfa,S (sleeping),cache-compromised.bnsdq.ozxfs.vcwss-vmdrv.kvugl,0.6162971865398648,0
1759278742,165880,1,0,0,0,0,0,0,0,0,1954725888,1921187840,23748608,N/A,135168,152252416,13,discern-network,S (sleeping),cache-compromised.bnsdq.ozxfs.vcwss-vmdrv.kvugl,1.2322856572324727,0
1759278742,165871,1,0,0,0,0,0,0,0,0,1264062464,1264062464,20250624,N/A,135168,49496064,4,discern-file-so,R (running),cache-compromised.bnsdq.ozxfs.vcwss-vmdrv.kvugl,5.54430987099079,0
1759278742,165861,1,0,0,0,0,0,0,0,0,1264357376,1264357376,15745024,N/A,135168,45563904,4,discern-proc-so,R (running),cache-compromised.bnsdq.ozxfs.vcwss-vmdrv.kvugl,5.542711242614577,0
1759278752,380,1,103,103,103,103,109,109,109,109,38969344,38969344,33394688,N/A,135168,31240192,1,dbus-daemon,S (sleeping),cache-compromised.bnsdq.ozxfs.vcwss-vmdrv.kvugl,0.20622974064242028,0
1759278752,166067,1,0,0,0,0,0,0,0,0,1954725888,1929842688,24616960,N/A,135168,160903168,14,discern-network,S (sleeping),cache-compromised.bnsdq.ozxfs.vcwss-vmdrv.kvugl,1.047508058254278,0
1759278752,166074,1,0,0,0,0,0,0,0,0,1647706112,1580597248,20443136,N/A,135168,82202624,5,discern-interfa,S (sleeping),cache-compromised.bnsdq.ozxfs.vcwss-vmdrv.kvugl,1.04664000889217,0
1759278752,166034,1,0,0,0,0,0,0,0,0,1264324608,1264324608,23298048,N/A,135168,53952512,4,discern-file-so,S (sleeping),cache-compromised.bnsdq.ozxfs.vcwss-vmdrv.kvugl,7.669857817878481,0
1759278752,166068,1,0,0,0,0,0,0,0,0,1264619520,1264619520,15159296,N/A,135168,45826048,4,discern-proc-so,S (sleeping),cache-compromised.bnsdq.ozxfs.vcwss-vmdrv.kvugl,9.411402117160367,0
1759278763,380,1,103,103,103,103,109,109,109,109,38969344,38969344,33394688,N/A,135168,31240192,1,dbus-daemon,S (sleeping),cache-compromised.bnsdq.ozxfs.vcwss-vmdrv.kvugl,0.2062220098332338,0
1759278763,166243,1,0,0,0,0,0,0,0,0,1921449984,1921449984,24264704,N/A,135168,152514560,13,discern-network,S (sleeping),cache-compromised.bnsdq.ozxfs.vcwss-vmdrv.kvugl,0.973058821166367,0
1759278763,166250,1,0,0,0,0,0,0,0,0,1647706112,1580597248,21991424,N/A,135168,82202624,5,discern-interfa,S (sleeping),cache-compromised.bnsdq.ozxfs.vcwss-vmdrv.kvugl,0.0,0
1759278763,166267,1,0,0,0,0,0,0,0,0,1264619520,1264619520,15347712,N/A,135168,45826048,4,discern-proc-so,S (sleeping),cache-compromised.bnsdq.ozxfs.vcwss-vmdrv.kvugl,6.809955676946238,0
1759278763,181,1,0,0,0,0,0,0,0,0,154447872,108290048,38170624,4096,135168,28073984,1,systemd-journal,S (sleeping),cache-compromised.bnsdq.ozxfs.vcwss-vmdrv.kvugl,0.22235454823659515,0
1759278773,380,1,103,103,103,103,109,109,109,109,38969344,38969344,33394688,N/A,135168,31240192,1,dbus-daemon,S (sleeping),cache-compromised.bnsdq.ozxfs.vcwss-vmdrv.kvugl,0.206207864512004,0
1759278773,166458,1,0,0,0,0,0,0,0,0,1954725888,1929580544,23932928,N/A,135168,160641024,14,discern-network,S (sleeping),cache-compromised.bnsdq.ozxfs.vcwss-vmdrv.kvugl,0.0,0
1759278773,166428,1,0,0,0,0,0,0,0,0,1647706112,1580597248,22306816,N/A,135168,82202624,5,discern-interfa,S (sleeping),cache-compromised.bnsdq.ozxfs.vcwss-vmdrv.kvugl,0.7066734460959714,0
1759278773,166454,1,0,0,0,0,0,0,0,0,1264357376,1264357376,15081472,N/A,135168,45563904,4,discern-proc-so,S (sleeping),cache-compromised.bnsdq.ozxfs.vcwss-vmdrv.kvugl,5.652151012616414,0
1759278773,166434,1,0,0,0,0,0,0,0,0,1264062464,1264062464,22761472,N/A,135168,53690368,4,discern-file-so,R (running),cache-compromised.bnsdq.ozxfs.vcwss-vmdrv.kvugl,8.476910636372047,0
1759278783,380,1,103,103,103,103,109,109,109,109,38969344,38969344,33394688,N/A,135168,31240192,1,dbus-daemon,S (sleeping),cache-compromised.bnsdq.ozxfs.vcwss-vmdrv.kvugl,0.20630051690969034,0
1759278783,166641,1,0,0,0,0,0,0,0,0,1647706112,1580597248,22659072,N/A,135168,82202624,5,discern-interfa,S (sleeping),cache-compromised.bnsdq.ozxfs.vcwss-vmdrv.kvugl,0.0,0
1759278783,166632,1,0,0,0,0,0,0,0,0,1264619520,1264619520,16760832,N/A,135168,45826048,4,discern-proc-so,R (running),cache-compromised.bnsdq.ozxfs.vcwss-vmdrv.kvugl,5.524431644262665,0
1759278783,181,1,0,0,0,0,0,0,0,0,154447872,108290048,38170624,4096,135168,28073984,1,systemd-journal,S (sleeping),cache-compromised.bnsdq.ozxfs.vcwss-vmdrv.kvugl,0.2224002688585776,0
1759278783,166634,1,0,0,0,0,0,0,0,0,1263157248,1263157248,11087872,N/A,135168,40206336,4,discern-os-sorc,S (sleeping),cache-compromised.bnsdq.ozxfs.vcwss-vmdrv.kvugl,0.0,0
1759278793,380,1,103,103,103,103,109,109,109,109,38969344,38969344,33394688,N/A,135168,31240192,1,dbus-daemon,S (sleeping),cache-compromised.bnsdq.ozxfs.vcwss-vmdrv.kvugl,0.20628472403299775,0
1759278793,166813,1,0,0,0,0,0,0,0,0,1800155136,1733308416,25944064,N/A,135168,100048896,7,discern-network,S (sleeping),cache-compromised.bnsdq.ozxfs.vcwss-vmdrv.kvugl,1.5684851891687037,0
1759278793,166845,1,0,0,0,0,0,0,0,0,1647706112,1580597248,20938752,N/A,135168,82202624,5,discern-interfa,S (sleeping),cache-compromised.bnsdq.ozxfs.vcwss-vmdrv.kvugl,1.0954295418420603,0
1759278793,166831,1,0,0,0,0,0,0,0,0,1264062464,1264062464,21606400,N/A,135168,53690368,4,discern-file-so,R (running),cache-compromised.bnsdq.ozxfs.vcwss-vmdrv.kvugl,12.045912201516039,0
1759278793,166839,1,0,0,0,0,0,0,0,0,1264357376,1264357376,15060992,N/A,135168,45563904,4,discern-proc-so,R (running),cache-compromised.bnsdq.ozxfs.vcwss-vmdrv.kvugl,8.757819488919555,0
1759278804,380,1,103,103,103,103,109,109,109,109,38969344,38969344,33394688,N/A,135168,31240192,1,dbus-daemon,S (sleeping),cache-compromised.bnsdq.ozxfs.vcwss-vmdrv.kvugl,0.2062730787280288,0
1759278804,167028,1,0,0,0,0,0,0,0,0,1954725888,1921187840,22732800,N/A,135168,152252416,13,discern-network,S (sleeping),cache-compromised.bnsdq.ozxfs.vcwss-vmdrv.kvugl,2.5500407241503646,0
1759278804,167012,1,0,0,0,0,0,0,0,0,1647706112,1580597248,21348352,N/A,135168,82202624,5,discern-interfa,S (sleeping),cache-compromised.bnsdq.ozxfs.vcwss-vmdrv.kvugl,0.8499300867059066,0
1759278804,167013,1,0,0,0,0,0,0,0,0,1264357376,1264357376,15122432,N/A,135168,45563904,4,discern-proc-so,S (sleeping),cache-compromised.bnsdq.ozxfs.vcwss-vmdrv.kvugl,7.648543224803814,0
1759278804,167000,1,0,0,0,0,0,0,0,0,1264062464,1264062464,20418560,N/A,135168,49496064,4,discern-file-so,R (running),cache-compromised.bnsdq.ozxfs.vcwss-vmdrv.kvugl,9.347344082107153,0
1759278814,380,1,103,103,103,103,109,109,109,109,38969344,38969344,33394688,N/A,135168,31240192,1,dbus-daemon,S (sleeping),cache-compromised.bnsdq.ozxfs.vcwss-vmdrv.kvugl,0.20636423796624043,0
1759278814,167223,1,0,0,0,0,0,0,0,0,1921449984,1921449984,23805952,N/A,135168,152514560,13,discern-network,S (sleeping),cache-compromised.bnsdq.ozxfs.vcwss-vmdrv.kvugl,0.7899623291296078,0
1759278814,167222,1,0,0,0,0,0,0,0,0,1647706112,1580597248,21536768,N/A,135168,82202624,5,discern-interfa,S (sleeping),cache-compromised.bnsdq.ozxfs.vcwss-vmdrv.kvugl,0.7898951618755456,0
1759278814,181,1,0,0,0,0,0,0,0,0,154447872,116678656,38170624,4096,135168,28073984,1,systemd-journal,S (sleeping),cache-compromised.bnsdq.ozxfs.vcwss-vmdrv.kvugl,0.2227123746047584,0
1759278814,167246,1,0,0,0,0,0,0,0,0,1264619520,1264619520,15527936,N/A,135168,45826048,3,discern-proc-so,R (running),cache-compromised.bnsdq.ozxfs.vcwss-vmdrv.kvugl,5.528272499702826,0
1759278824,380,1,103,103,103,103,109,109,109,109,38969344,38969344,33394688,N/A,135168,31240192,1,dbus-daemon,S (sleeping),cache-compromised.bnsdq.ozxfs.vcwss-vmdrv.kvugl,0.20644776036572535,0
1759278824,167401,1,0,0,0,0,0,0,0,0,1954725888,1921449984,26259456,N/A,135168,152514560,13,discern-network,S (sleeping),cache-compromised.bnsdq.ozxfs.vcwss-vmdrv.kvugl,1.7443547387989464,0
1759278824,167448,1,0,0,0,0,0,0,0,0,1647706112,1580597248,21889024,N/A,135168,82202624,5,discern-interfa,S (sleeping),cache-compromised.bnsdq.ozxfs.vcwss-vmdrv.kvugl,0.5813832324050298,0
1759278824,167407,1,0,0,0,0,0,0,0,0,1264586752,1264586752,24080384,N/A,135168,83574784,4,discern-file-so,R (running),cache-compromised.bnsdq.ozxfs.vcwss-vmdrv.kvugl,11.044851175804048,0
1759278824,181,1,0,0,0,0,0,0,0,0,154447872,116678656,38170624,4096,135168,28073984,1,systemd-journal,S (sleeping),cache-compromised.bnsdq.ozxfs.vcwss-vmdrv.kvugl,0.2228780377379277,0
1759278834,380,1,103,103,103,103,109,109,109,109,38969344,38969344,33394688,N/A,135168,31240192,1,dbus-daemon,S (sleeping),cache-compromised.bnsdq.ozxfs.vcwss-vmdrv.kvugl,0.2064402071750922,0
1759278834,167628,1,0,0,0,0,0,0,0,0,1954725888,1929580544,24109056,N/A,135168,160641024,14,discern-network,S (sleeping),cache-compromised.bnsdq.ozxfs.vcwss-vmdrv.kvugl,1.2872899696465134,0
1759278834,167598,1,0,0,0,0,0,0,0,0,1647706112,1580597248,22355968,N/A,135168,82202624,5,discern-interfa,S (sleeping),cache-compromised.bnsdq.ozxfs.vcwss-vmdrv.kvugl,0.5627713966467257,0
1759278834,167633,1,0,0,0,0,0,0,0,0,1264619520,1264619520,15204352,N/A,135168,45826048,4,discern-proc-so,S (sleeping),cache-compromised.bnsdq.ozxfs.vcwss-vmdrv.kvugl,9.008833864292981,0
1759278834,181,1,0,0,0,0,0,0,0,0,154447872,116678656,38170624,4096,135168,28073984,1,systemd-journal,S (sleeping),cache-compromised.bnsdq.ozxfs.vcwss-vmdrv.kvugl,0.22295314262423369,0
1759278845,380,1,103,103,103,103,109,109,109,109,38969344,38969344,33394688,N/A,135168,31240192,1,dbus-daemon,S (sleeping),cache-compromised.bnsdq.ozxfs.vcwss-vmdrv.kvugl,0.20642602682181277,0
1759278845,167788,1,0,0,0,0,0,0,0,0,1647706112,1580597248,24309760,N/A,135168,82202624,5,discern-interfa,S (sleeping),cache-compromised.bnsdq.ozxfs.vcwss-vmdrv.kvugl,0.862280213762783,0
1759278845,167796,1,0,0,0,0,0,0,0,0,1264062464,1264062464,20824064,N/A,135168,49496064,4,discern-file-so,D (disk sleep),cache-compromised.bnsdq.ozxfs.vcwss-vmdrv.kvugl,10.345151318097283,0
1759278845,167815,1,0,0,0,0,0,0,0,0,1264357376,1264357376,16764928,N/A,135168,45563904,4,discern-proc-so,S (sleeping),cache-compromised.bnsdq.ozxfs.vcwss-vmdrv.kvugl,7.756919082401463,0
1759278845,181,1,0,0,0,0,0,0,0,0,154447872,116678656,38170624,4096,135168,28073984,1,systemd-journal,S (sleeping),cache-compromised.bnsdq.ozxfs.vcwss-vmdrv.kvugl,0.2230208843703075,0
1759278855,380,1,103,103,103,103,109,109,109,109,38969344,38969344,33394688,N/A,135168,31240192,1,dbus-daemon,S (sleeping),cache-compromised.bnsdq.ozxfs.vcwss-vmdrv.kvugl,0.20631467606187784,0
1759278855,168002,1,0,0,0,0,0,0,0,0,1937973248,1937973248,25624576,N/A,135168,169029632,15,discern-network,S (sleeping),cache-compromised.bnsdq.ozxfs.vcwss-vmdrv.kvugl,1.3669669219990916,0
1759278855,168001,1,0,0,0,0,0,0,0,0,1647706112,1580597248,20357120,N/A,135168,82202624,5,discern-interfa,S (sleeping),cache-compromised.bnsdq.ozxfs.vcwss-vmdrv.kvugl,1.3663263658695346,0
1759278855,167982,1,0,0,0,0,0,0,0,0,1264324608,1264324608,21229568,N/A,135168,49758208,4,discern-file-so,D (disk sleep),cache-compromised.bnsdq.ozxfs.vcwss-vmdrv.kvugl,9.562334014402152,0
1759278855,168004,1,0,0,0,0,0,0,0,0,1264357376,1264357376,15183872,N/A,135168,45563904,4,discern-proc-so,R (running),cache-compromised.bnsdq.ozxfs.vcwss-vmdrv.kvugl,6.145512301301948,0
1759278865,380,1,103,103,103,103,109,109,109,109,38969344,38969344,33394688,N/A,135168,31240192,1,dbus-daemon,S (sleeping),cache-compromised.bnsdq.ozxfs.vcwss-vmdrv.kvugl,0.20640273862004963,0
1759278865,168197,1,0,0,0,0,0,0,0,0,1505095680,1505095680,20893696,N/A,135168,73678848,4,discern-interfa,S (sleeping),cache-compromised.bnsdq.ozxfs.vcwss-vmdrv.kvugl,0.595309365462718,0
1759278865,168183,1,0,0,0,0,0,0,0,0,1264324608,1264324608,21504000,N/A,135168,49758208,4,discern-file-so,D (disk sleep),cache-compromised.bnsdq.ozxfs.vcwss-vmdrv.kvugl,7.141160857861251,0
1759278865,168202,1,0,0,0,0,0,0,0,0,1264357376,1264357376,16121856,N/A,135168,45563904,4,discern-proc-so,S (sleeping),cache-compromised.bnsdq.ozxfs.vcwss-vmdrv.kvugl,5.354782679304283,0
1759278865,181,1,0,0,0,0,0,0,0,0,154447872,116678656,38170624,4096,135168,28073984,1,systemd-journal,S (sleeping),cache-compromised.bnsdq.ozxfs.vcwss-vmdrv.kvugl,0.22326008648560036,0
1759278875,380,1,103,103,103,103,109,109,109,109,38969344,38969344,33394688,N/A,135168,31240192,1,dbus-daemon,S (sleeping),cache-compromised.bnsdq.ozxfs.vcwss-vmdrv.kvugl,0.20629293995535572,0
1759278875,168380,1,0,0,0,0,0,0,0,0,1647706112,1580597248,21053440,N/A,135168,82202624,5,discern-interfa,S (sleeping),cache-compromised.bnsdq.ozxfs.vcwss-vmdrv.kvugl,2.1744051255390735,0
1759278875,168361,1,0,0,0,0,0,0,0,0,1264324608,1264324608,21135360,N/A,135168,49758208,4,discern-file-so,D (disk sleep),cache-compromised.bnsdq.ozxfs.vcwss-vmdrv.kvugl,7.29135570933357,0
1759278875,168383,1,0,0,0,0,0,0,0,0,1264357376,1264357376,15380480,N/A,135168,45563904,3,discern-proc-so,S (sleeping),cache-compromised.bnsdq.ozxfs.vcwss-vmdrv.kvugl,8.691126468189143,0
1759278875,181,1,0,0,0,0,0,0,0,0,154447872,116678656,38170624,4096,135168,28073984,1,systemd-journal,S (sleeping),cache-compromised.bnsdq.ozxfs.vcwss-vmdrv.kvugl,0.2232318754434,0
1759278886,380,1,103,103,103,103,109,109,109,109,38969344,38969344,33394688,N/A,135168,31240192,1,dbus-daemon,S (sleeping),cache-compromised.bnsdq.ozxfs.vcwss-vmdrv.kvugl,0.20638260163997704,0
1759278886,168555,1,0,0,0,0,0,0,0,0,1938235392,1938235392,26533888,N/A,135168,169291776,15,discern-network,S (sleeping),cache-compromised.bnsdq.ozxfs.vcwss-vmdrv.kvugl,1.9055338764607306,0
1759278886,168565,1,0,0,0,0,0,0,0,0,1505095680,1505095680,20656128,N/A,135168,73678848,4,discern-interfa,S (sleeping),cache-compromised.bnsdq.ozxfs.vcwss-vmdrv.kvugl,0.0,0
1759278886,168564,1,0,0,0,0,0,0,0,0,1264619520,1264619520,14962688,N/A,135168,45826048,4,discern-proc-so,S (sleeping),cache-compromised.bnsdq.ozxfs.vcwss-vmdrv.kvugl,6.668173000596862,0
1759278886,181,1,0,0,0,0,0,0,0,0,154447872,116678656,38170624,4096,135168,28073984,1,systemd-journal,S (sleeping),cache-compromised.bnsdq.ozxfs.vcwss-vmdrv.kvugl,0.2234031581231707,0
1759278896,380,1,103,103,103,103,109,109,109,109,38969344,38969344,33394688,N/A,135168,31240192,1,dbus-daemon,S (sleeping),cache-compromised.bnsdq.ozxfs.vcwss-vmdrv.kvugl,0.20627109782279984,0
1759278896,168731,1,0,0,0,0,0,0,0,0,1929842688,1929842688,26873856,N/A,135168,160903168,14,discern-network,S (sleeping),cache-compromised.bnsdq.ozxfs.vcwss-vmdrv.kvugl,2.1659826980652284,0
1759278896,168775,1,0,0,0,0,0,0,0,0,1647706112,1580597248,20844544,N/A,135168,82202624,5,discern-interfa,S (sleeping),cache-compromised.bnsdq.ozxfs.vcwss-vmdrv.kvugl,0.7216683943311805,0
1759278896,168776,1,0,0,0,0,0,0,0,0,1264062464,1264062464,20000768,N/A,135168,49496064,4,discern-file-so,S (sleeping),cache-compromised.bnsdq.ozxfs.vcwss-vmdrv.kvugl,5.772741575809715,0
1759278896,168765,1,0,0,0,0,0,0,0,0,1264619520,1264619520,15335424,N/A,135168,45826048,4,discern-proc-so,S (sleeping),cache-compromised.bnsdq.ozxfs.vcwss-vmdrv.kvugl,6.493804430753068,0
1759278907,168942,1,0,0,0,0,0,0,0,0,1264586752,1264586752,72392704,N/A,135168,104546304,4,discern-file-so,R (running),cache-compromised.bnsdq.ozxfs.vcwss-vmdrv.kvugl,34.739399331533804,0
1759278907,380,1,103,103,103,103,109,109,109,109,38969344,38969344,33394688,N/A,135168,31240192,1,dbus-daemon,S (sleeping),cache-compromised.bnsdq.ozxfs.vcwss-vmdrv.kvugl,0.20643416240454818,0
1759278907,168962,1,0,0,0,0,0,0,0,0,1647706112,1580597248,21483520,N/A,135168,82202624,5,discern-interfa,S (sleeping),cache-compromised.bnsdq.ozxfs.vcwss-vmdrv.kvugl,1.1526289028039143,0
1759278907,168969,1,0,0,0,0,0,0,0,0,1264357376,1264357376,15015936,N/A,135168,45563904,4,discern-proc-so,S (sleeping),cache-compromised.bnsdq.ozxfs.vcwss-vmdrv.kvugl,6.914301877519962,0
1759278907,181,1,0,0,0,0,0,0,0,0,154447872,116678656,38170624,4096,135168,28073984,1,systemd-journal,S (sleeping),cache-compromised.bnsdq.ozxfs.vcwss-vmdrv.kvugl,0.22449963677220838,0
1759278917,380,1,103,103,103,103,109,109,109,109,38969344,38969344,33394688,N/A,135168,31240192,1,dbus-daemon,S (sleeping),cache-compromised.bnsdq.ozxfs.vcwss-vmdrv.kvugl,0.20634070953762879,0
1759278917,169131,1,0,0,0,0,0,0,0,0,1647706112,1580597248,22036480,N/A,135168,82202624,5,discern-interfa,S (sleeping),cache-compromised.bnsdq.ozxfs.vcwss-vmdrv.kvugl,0.0,0
1759278917,169153,1,0,0,0,0,0,0,0,0,1264324608,1264324608,21020672,N/A,135168,49758208,4,discern-file-so,R (running),cache-compromised.bnsdq.ozxfs.vcwss-vmdrv.kvugl,10.930107273495796,0
1759278917,169155,1,0,0,0,0,0,0,0,0,1264357376,1264357376,15110144,N/A,135168,45563904,4,discern-proc-so,R (running),cache-compromised.bnsdq.ozxfs.vcwss-vmdrv.kvugl,10.08617313656514,0
1759278917,181,1,0,0,0,0,0,0,0,0,154447872,116678656,38170624,4096,135168,28073984,1,systemd-journal,S (sleeping),cache-compromised.bnsdq.ozxfs.vcwss-vmdrv.kvugl,0.22448760833366443,0
1759278927,380,1,103,103,103,103,109,109,109,109,38969344,38969344,33394688,N/A,135168,31240192,1,dbus-daemon,S (sleeping),cache-compromised.bnsdq.ozxfs.vcwss-vmdrv.kvugl,0.20642660352262712,0
1759278927,169308,1,0,0,0,0,0,0,0,0,1647706112,1580597248,22589440,N/A,135168,82202624,5,discern-interfa,S (sleeping),cache-compromised.bnsdq.ozxfs.vcwss-vmdrv.kvugl,0.673438137875343,0
1759278927,169324,1,0,0,0,0,0,0,0,0,1264357376,1264357376,15323136,N/A,135168,45563904,4,discern-proc-so,S (sleeping),cache-compromised.bnsdq.ozxfs.vcwss-vmdrv.kvugl,7.403286179957318,0
1759278927,169302,1,0,0,0,0,0,0,0,0,1264324608,1264324608,20914176,N/A,135168,49758208,5,discern-file-so,R (running),cache-compromised.bnsdq.ozxfs.vcwss-vmdrv.kvugl,10.092353912845745,0
1759278927,181,1,0,0,0,0,0,0,0,0,154447872,116678656,38170624,4096,135168,28073984,1,systemd-journal,S (sleeping),cache-compromised.bnsdq.ozxfs.vcwss-vmdrv.kvugl,0.2245551557428714,0
1759278937,380,1,103,103,103,103,109,109,109,109,38969344,38969344,33394688,N/A,135168,31240192,1,dbus-daemon,S (sleeping),cache-compromised.bnsdq.ozxfs.vcwss-vmdrv.kvugl,0.20631837502443176,0
1759278937,169505,1,0,0,0,0,0,0,0,0,1929842688,1929842688,27103232,N/A,135168,160903168,14,discern-network,S (sleeping),cache-compromised.bnsdq.ozxfs.vcwss-vmdrv.kvugl,1.7870780070689538,0
1759278937,169489,1,0,0,0,0,0,0,0,0,1264324608,1264324608,21139456,N/A,135168,49758208,4,discern-file-so,D (disk sleep),cache-compromised.bnsdq.ozxfs.vcwss-vmdrv.kvugl,8.338111046146969,0
1759278937,169522,1,0,0,0,0,0,0,0,0,1264357376,1264357376,15142912,N/A,135168,45563904,4,discern-proc-so,R (running),cache-compromised.bnsdq.ozxfs.vcwss-vmdrv.kvugl,5.358275092564412,0
1759278937,181,1,0,0,0,0,0,0,0,0,154447872,116678656,38170624,4096,135168,28073984,1,systemd-journal,S (sleeping),cache-compromised.bnsdq.ozxfs.vcwss-vmdrv.kvugl,0.2247228421934358,0
1759278947,380,1,103,103,103,103,109,109,109,109,38969344,38969344,33394688,N/A,135168,31240192,1,dbus-daemon,S (sleeping),cache-compromised.bnsdq.ozxfs.vcwss-vmdrv.kvugl,0.2063119796016999,0
1759278947,169696,1,0,0,0,0,0,0,0,0,1505095680,1505095680,21409792,N/A,135168,73678848,4,discern-interfa,S (sleeping),cache-compromised.bnsdq.ozxfs.vcwss-vmdrv.kvugl,0.5921759719687867,0
1759278947,169708,1,0,0,0,0,0,0,0,0,1264619520,1264619520,15286272,N/A,135168,45826048,4,discern-proc-so,S (sleeping),cache-compromised.bnsdq.ozxfs.vcwss-vmdrv.kvugl,4.144989999823773,0
1759278947,181,1,0,0,0,0,0,0,0,0,154447872,116678656,38170624,4096,135168,28073984,1,systemd-journal,S (sleeping),cache-compromised.bnsdq.ozxfs.vcwss-vmdrv.kvugl,0.22479635183565758,0
1759278947,169697,1,0,0,0,0,0,0,0,0,1263157248,1263157248,10166272,N/A,135168,40206336,3,discern-os-sorc,S (sleeping),cache-compromised.bnsdq.ozxfs.vcwss-vmdrv.kvugl,0.0,0
1759278958,380,1,103,103,103,103,109,109,109,109,38969344,38969344,33394688,N/A,135168,31240192,1,dbus-daemon,S (sleeping),cache-compromised.bnsdq.ozxfs.vcwss-vmdrv.kvugl,0.2062991105935166,0
1759278958,169910,1,0,0,0,0,0,0,0,0,1647706112,1580597248,22220800,N/A,135168,82202624,5,discern-interfa,S (sleeping),cache-compromised.bnsdq.ozxfs.vcwss-vmdrv.kvugl,0.9799893591383398,0
1759278958,169921,1,0,0,0,0,0,0,0,0,1264619520,1264619520,15085568,N/A,135168,45826048,4,discern-proc-so,R (running),cache-compromised.bnsdq.ozxfs.vcwss-vmdrv.kvugl,5.87939915409792,0
1759278958,181,1,0,0,0,0,0,0,0,0,154447872,116678656,38170624,4096,135168,28073984,1,systemd-journal,S (sleeping),cache-compromised.bnsdq.ozxfs.vcwss-vmdrv.kvugl,0.22476480515184644,0
1759278958,169889,1,0,0,0,0,0,0,0,0,1263157248,1263157248,11259904,N/A,135168,40206336,4,discern-os-sorc,S (sleeping),cache-compromised.bnsdq.ozxfs.vcwss-vmdrv.kvugl,0.0,0
1759278968,380,1,103,103,103,103,109,109,109,109,38969344,38969344,33394688,N/A,135168,31240192,1,dbus-daemon,S (sleeping),cache-compromised.bnsdq.ozxfs.vcwss-vmdrv.kvugl,0.2063825248229459,0
1759278968,170075,1,0,0,0,0,0,0,0,0,1921449984,1921449984,28078080,N/A,135168,152514560,13,discern-network,S (sleeping),cache-compromised.bnsdq.ozxfs.vcwss-vmdrv.kvugl,2.105588503086992,0
1759278968,170117,1,0,0,0,0,0,0,0,0,1647706112,1580597248,21569536,N/A,135168,82202624,5,discern-interfa,S (sleeping),cache-compromised.bnsdq.ozxfs.vcwss-vmdrv.kvugl,0.0,0
1759278968,170113,1,0,0,0,0,0,0,0,0,1264062464,1264062464,20258816,N/A,135168,49496064,4,discern-file-so,S (sleeping),cache-compromised.bnsdq.ozxfs.vcwss-vmdrv.kvugl,5.61248952626144,0
1759278968,170111,1,0,0,0,0,0,0,0,0,1264357376,1264357376,15024128,N/A,135168,45563904,5,discern-proc-so,S (sleeping),cache-compromised.bnsdq.ozxfs.vcwss-vmdrv.kvugl,6.313129417775399,0
1759278978,380,1,103,103,103,103,109,109,109,109,38969344,38969344,33394688,N/A,135168,31240192,1,dbus-daemon,S (sleeping),cache-compromised.bnsdq.ozxfs.vcwss-vmdrv.kvugl,0.20627401026809394,0
1759278978,170270,1,0,0,0,0,0,0,0,0,1580597248,1580597248,24395776,N/A,135168,82202624,5,discern-interfa,S (sleeping),cache-compromised.bnsdq.ozxfs.vcwss-vmdrv.kvugl,1.2075334310883168,0
1759278978,170293,1,0,0,0,0,0,0,0,0,1264357376,1264357376,15650816,N/A,135168,45563904,4,discern-proc-so,R (running),cache-compromised.bnsdq.ozxfs.vcwss-vmdrv.kvugl,5.4329006171460605,0
1759278978,181,1,0,0,0,0,0,0,0,0,154447872,116678656,38170624,4096,135168,28073984,1,systemd-journal,S (sleeping),cache-compromised.bnsdq.ozxfs.vcwss-vmdrv.kvugl,0.22499533428703647,0
1759278978,170283,1,0,0,0,0,0,0,0,0,1264062464,1264062464,20402176,N/A,135168,49496064,4,discern-file-so,S (sleeping),cache-compromised.bnsdq.ozxfs.vcwss-vmdrv.kvugl,5.4308314590835005,0
1759278980,376,1,103,103,103,103,109,109,109,109,153313280,153313280,145022976,N/A,135168,145584128,1,dbus-daemon,S (sleeping),cache-compromised.bnsdq.ozxfs.vcwss-vmdrv.kvugl,0.2940155183803043,1
1759278980,3355,1,0,0,0,0,0,0,0,0,1922494464,1922494464,47996928,N/A,135168,174923776,13,discern-network,S (sleeping),cache-compromised.bnsdq.ozxfs.vcwss-vmdrv.kvugl,0.509791771024234,1
1759278980,179,1,0,0,0,0,0,0,0,0,125087744,125087744,37797888,4096,135168,28098560,1,systemd-journal,S (sleeping),cache-compromised.bnsdq.ozxfs.vcwss-vmdrv.kvugl,0.19009844154076655,1
1759278980,51850,1,0,0,0,0,0,0,0,0,1264619520,1264619520,17231872,N/A,135168,45826048,4,discern-proc-so,S (sleeping),cache-compromised.bnsdq.ozxfs.vcwss-vmdrv.kvugl,2.641837686880058,1
1759278980,45626,1,0,0,0,0,0,0,0,0,1647706112,1580597248,20361216,N/A,135168,82202624,5,discern-interfa,S (sleeping),cache-compromised.bnsdq.ozxfs.vcwss-vmdrv.kvugl,0.0023892459674159194,1
1759278985,376,1,103,103,103,103,109,109,109,109,153448448,153448448,145293312,N/A,135168,145719296,1,dbus-daemon,S (sleeping),cache-compromised.bnsdq.ozxfs.vcwss-vmdrv.kvugl,0.2938719303120774,1
1759278985,3355,1,0,0,0,0,0,0,0,0,1922494464,1922494464,47996928,N/A,135168,174923776,13,discern-network,S (sleeping),cache-compromised.bnsdq.ozxfs.vcwss-vmdrv.kvugl,0.5098894696121928,1
1759278985,179,1,0,0,0,0,0,0,0,0,125087744,125087744,37797888,4096,135168,28098560,1,systemd-journal,S (sleeping),cache-compromised.bnsdq.ozxfs.vcwss-vmdrv.kvugl,0.19037109304526909,1
1759278985,51850,1,0,0,0,0,0,0,0,0,1264619520,1264619520,17231872,N/A,135168,45826048,4,discern-proc-so,R (running),cache-compromised.bnsdq.ozxfs.vcwss-vmdrv.kvugl,2.656254648886911,1
1759278985,45626,1,0,0,0,0,0,0,0,0,1647706112,1580597248,20361216,N/A,135168,82202624,5,discern-interfa,S (sleeping),cache-compromised.bnsdq.ozxfs.vcwss-vmdrv.kvugl,0.0023744689599085604,1
1759278988,380,1,103,103,103,103,109,109,109,109,38969344,38969344,33394688,N/A,135168,31240192,1,dbus-daemon,S (sleeping),cache-compromised.bnsdq.ozxfs.vcwss-vmdrv.kvugl,0.20626209902676204,0
1759278988,170474,1,0,0,0,0,0,0,0,0,1929580544,1929580544,23785472,N/A,135168,160641024,14,discern-network,S (sleeping),cache-compromised.bnsdq.ozxfs.vcwss-vmdrv.kvugl,2.1174922843371986,0
1759278988,170473,1,0,0,0,0,0,0,0,0,1505095680,1505095680,20676608,N/A,135168,73678848,4,discern-interfa,S (sleeping),cache-compromised.bnsdq.ozxfs.vcwss-vmdrv.kvugl,1.0584264851219407,0
1759278988,181,1,0,0,0,0,0,0,0,0,154447872,116678656,38170624,4096,135168,28073984,1,systemd-journal,S (sleeping),cache-compromised.bnsdq.ozxfs.vcwss-vmdrv.kvugl,0.22506214749737644,0
1759278988,170449,1,0,0,0,0,0,0,0,0,1264586752,1264586752,21233664,N/A,135168,50020352,4,discern-file-so,D (disk sleep),cache-compromised.bnsdq.ozxfs.vcwss-vmdrv.kvugl,9.76538356574821,0
1759278990,376,1,103,103,103,103,109,109,109,109,153718784,153718784,145293312,N/A,135168,145989632,1,dbus-daemon,S (sleeping),cache-compromised.bnsdq.ozxfs.vcwss-vmdrv.kvugl,0.29400246578697703,1
1759278990,3355,1,0,0,0,0,0,0,0,0,1922494464,1922494464,47996928,N/A,135168,174923776,13,discern-network,S (sleeping),cache-compromised.bnsdq.ozxfs.vcwss-vmdrv.kvugl,0.509994185839997,1
1759278990,179,1,0,0,0,0,0,0,0,0,125087744,125087744,37797888,4096,135168,28098560,1,systemd-journal,S (sleeping),cache-compromised.bnsdq.ozxfs.vcwss-vmdrv.kvugl,0.19037592521636854,1
1759278990,51850,1,0,0,0,0,0,0,0,0,1264619520,1264619520,17231872,N/A,135168,45826048,4,discern-proc-so,R (running),cache-compromised.bnsdq.ozxfs.vcwss-vmdrv.kvugl,2.659775145355239,1
1759278990,45626,1,0,0,0,0,0,0,0,0,1647706112,1580597248,20361216,N/A,135168,82202624,5,discern-interfa,S (sleeping),cache-compromised.bnsdq.ozxfs.vcwss-vmdrv.kvugl,0.0023600148277931883,1
1759278995,376,1,103,103,103,103,109,109,109,109,154136576,154136576,145833984,N/A,135168,146407424,1,dbus-daemon,S (sleeping),cache-compromised.bnsdq.ozxfs.vcwss-vmdrv.kvugl,0.29413283346538766,1
1759278995,3355,1,0,0,0,0,0,0,0,0,1922494464,1922494464,47996928,N/A,135168,174923776,13,discern-network,S (sleeping),cache-compromised.bnsdq.ozxfs.vcwss-vmdrv.kvugl,0.5098160215438247,1
1759278995,179,1,0,0,0,0,0,0,0,0,125087744,125087744,37797888,4096,135168,28098560,1,systemd-journal,S (sleeping),cache-compromised.bnsdq.ozxfs.vcwss-vmdrv.kvugl,0.1906501436770894,1
1759278995,51850,1,0,0,0,0,0,0,0,0,1264619520,1264619520,17231872,N/A,135168,45826048,4,discern-proc-so,R (running),cache-compromised.bnsdq.ozxfs.vcwss-vmdrv.kvugl,2.6605380595818002,1
1759278995,45626,1,0,0,0,0,0,0,0,0,1647706112,1580597248,20361216,N/A,135168,82202624,5,discern-interfa,S (sleeping),cache-compromised.bnsdq.ozxfs.vcwss-vmdrv.kvugl,0.002345741830375627,1
1759278999,380,1,103,103,103,103,109,109,109,109,38969344,38969344,33394688,N/A,135168,31240192,1,dbus-daemon,S (sleeping),cache-compromised.bnsdq.ozxfs.vcwss-vmdrv.kvugl,0.2062514010249486,0
1759278999,170653,1,0,0,0,0,0,0,0,0,1954725888,1921449984,23568384,N/A,135168,152514560,13,discern-network,S (sleeping),cache-compromised.bnsdq.ozxfs.vcwss-vmdrv.kvugl,0.8524904635088686,0
1759278999,170646,1,0,0,0,0,0,0,0,0,1647706112,1580597248,22462464,N/A,135168,82202624,5,discern-interfa,S (sleeping),cache-compromised.bnsdq.ozxfs.vcwss-vmdrv.kvugl,1.7040799725140081,0
1759278999,170641,1,0,0,0,0,0,0,0,0,1264324608,1264324608,21680128,N/A,135168,53952512,4,discern-file-so,R (running),cache-compromised.bnsdq.ozxfs.vcwss-vmdrv.kvugl,13.630813223432517,0
1759278999,170681,1,0,0,0,0,0,0,0,0,1264357376,1264357376,15159296,N/A,135168,45563904,4,discern-proc-so,S (sleeping),cache-compromised.bnsdq.ozxfs.vcwss-vmdrv.kvugl,7.665340539473415,0
1759279000,376,1,103,103,103,103,109,109,109,109,154136576,154136576,145833984,N/A,135168,146407424,1,dbus-daemon,S (sleeping),cache-compromised.bnsdq.ozxfs.vcwss-vmdrv.kvugl,0.29399331374494553,1
1759279000,3355,1,0,0,0,0,0,0,0,0,1922494464,1922494464,47996928,N/A,135168,174923776,13,discern-network,S (sleeping),cache-compromised.bnsdq.ozxfs.vcwss-vmdrv.kvugl,0.5102023843067212,1
1759279000,179,1,0,0,0,0,0,0,0,0,125087744,125087744,37797888,4096,135168,28098560,1,systemd-journal,S (sleeping),cache-compromised.bnsdq.ozxfs.vcwss-vmdrv.kvugl,0.1903854337267693,1
1759279000,51850,1,0,0,0,0,0,0,0,0,1264619520,1264619520,17231872,N/A,135168,45826048,4,discern-proc-so,R (running),cache-compromised.bnsdq.ozxfs.vcwss-vmdrv.kvugl,2.663871637859297,1
1759279000,45626,1,0,0,0,0,0,0,0,0,1647706112,1580597248,20361216,N/A,135168,82202624,5,discern-interfa,S (sleeping),cache-compromised.bnsdq.ozxfs.vcwss-vmdrv.kvugl,0.0023316216220725314,1
1759279005,376,1,103,103,103,103,109,109,109,109,154406912,154406912,146104320,N/A,135168,146677760,1,dbus-daemon,S (sleeping),cache-compromised.bnsdq.ozxfs.vcwss-vmdrv.kvugl,0.2943918902955592,1
1759279005,3355,1,0,0,0,0,0,0,0,0,1922494464,1922494464,47996928,N/A,135168,174923776,13,discern-network,S (sleeping),cache-compromised.bnsdq.ozxfs.vcwss-vmdrv.kvugl,0.5103064011935836,1
1759279005,179,1,0,0,0,0,0,0,0,0,125087744,125087744,37797888,4096,135168,28098560,1,systemd-journal,S (sleeping),cache-compromised.bnsdq.ozxfs.vcwss-vmdrv.kvugl,0.19039030162015166,1
1759279005,51850,1,0,0,0,0,0,0,0,0,1264619520,1264619520,17231872,N/A,135168,45826048,4,discern-proc-so,S (sleeping),cache-compromised.bnsdq.ozxfs.vcwss-vmdrv.kvugl,2.6645532098715115,1
1759279005,45626,1,0,0,0,0,0,0,0,0,1647706112,1580597248,20361216,N/A,135168,82202624,5,discern-interfa,S (sleeping),cache-compromised.bnsdq.ozxfs.vcwss-vmdrv.kvugl,0.002317686725025216,1
1759279009,380,1,103,103,103,103,109,109,109,109,38969344,38969344,33394688,N/A,135168,31240192,1,dbus-daemon,S (sleeping),cache-compromised.bnsdq.ozxfs.vcwss-vmdrv.kvugl,0.20623981141327052,0
1759279009,170866,1,0,0,0,0,0,0,0,0,1929580544,1929580544,24588288,N/A,135168,160641024,14,discern-network,S (sleeping),cache-compromised.bnsdq.ozxfs.vcwss-vmdrv.kvugl,0.0,0
1759279009,170857,1,0,0,0,0,0,0,0,0,1647706112,1580597248,21487616,N/A,135168,82202624,5,discern-interfa,S (sleeping),cache-compromised.bnsdq.ozxfs.vcwss-vmdrv.kvugl,0.6907584833047481,0
1759279009,170835,1,0,0,0,0,0,0,0,0,1264586752,1264586752,22507520,N/A,135168,54214656,4,discern-file-so,R (running),cache-compromised.bnsdq.ozxfs.vcwss-vmdrv.kvugl,11.740830176987828,0
1759279009,170871,1,0,0,0,0,0,0,0,0,1264357376,1264357376,15065088,N/A,135168,45563904,4,discern-proc-so,S (sleeping),cache-compromised.bnsdq.ozxfs.vcwss-vmdrv.kvugl,6.2139682061060135,0
1759279016,376,1,103,103,103,103,109,109,109,109,154820608,154820608,146644992,N/A,135168,147091456,1,dbus-daemon,S (sleeping),cache-compromised.bnsdq.ozxfs.vcwss-vmdrv.kvugl,0.294930078130869,1
1759279016,3355,1,0,0,0,0,0,0,0,0,1922494464,1922494464,47996928,N/A,135168,174923776,13,discern-network,S (sleeping),cache-compromised.bnsdq.ozxfs.vcwss-vmdrv.kvugl,0.5105358398443924,1
1759279016,179,1,0,0,0,0,0,0,0,0,125087744,125087744,37797888,4096,135168,28098560,1,systemd-journal,S (sleeping),cache-compromised.bnsdq.ozxfs.vcwss-vmdrv.kvugl,0.19067572073539438,1
1759279016,57029,1,0,0,0,0,0,0,0,0,1264357376,1264357376,17121280,N/A,135168,45563904,4,discern-proc-so,R (running),cache-compromised.bnsdq.ozxfs.vcwss-vmdrv.kvugl,11.024227490005401,1
1759279016,45626,1,0,0,0,0,0,0,0,0,1647706112,1580597248,20361216,N/A,135168,82202624,5,discern-interfa,S (sleeping),cache-compromised.bnsdq.ozxfs.vcwss-vmdrv.kvugl,0.0022907182047617112,1
1759279019,380,1,103,103,103,103,109,109,109,109,38969344,38969344,33394688,N/A,135168,31240192,1,dbus-daemon,S (sleeping),cache-compromised.bnsdq.ozxfs.vcwss-vmdrv.kvugl,0.20622963252271997,0
1759279019,171037,1,0,0,0,0,0,0,0,0,1647706112,1580597248,24174592,N/A,135168,82202624,5,discern-interfa,S (sleeping),cache-compromised.bnsdq.ozxfs.vcwss-vmdrv.kvugl,1.2104406773663796,0
1759279019,171059,1,0,0,0,0,0,0,0,0,1264062464,1264062464,20246528,N/A,135168,49496064,4,discern-file-so,R (running),cache-compromised.bnsdq.ozxfs.vcwss-vmdrv.kvugl,6.656092322391864,0
1759279019,171055,1,0,0,0,0,0,0,0,0,1264357376,1264357376,15257600,N/A,135168,45563904,4,discern-proc-so,R (running),cache-compromised.bnsdq.ozxfs.vcwss-vmdrv.kvugl,6.049864354115858,0
1759279019,181,1,0,0,0,0,0,0,0,0,154447872,116678656,38170624,4096,135168,28073984,1,systemd-journal,S (sleeping),cache-compromised.bnsdq.ozxfs.vcwss-vmdrv.kvugl,0.22536244813359016,0
1759279021,376,1,103,103,103,103,109,109,109,109,155090944,155090944,146644992,N/A,135168,147361792,1,dbus-daemon,S (sleeping),cache-compromised.bnsdq.ozxfs.vcwss-vmdrv.kvugl,0.2950578508282536,1
1759279021,3355,1,0,0,0,0,0,0,0,0,1922494464,1922494464,47996928,N/A,135168,174923776,13,discern-network,S (sleeping),cache-compromised.bnsdq.ozxfs.vcwss-vmdrv.kvugl,0.5103574078563367,1
1759279021,179,1,0,0,0,0,0,0,0,0,125087744,125087744,37797888,4096,135168,28098560,1,systemd-journal,S (sleeping),cache-compromised.bnsdq.ozxfs.vcwss-vmdrv.kvugl,0.19067993975023179,1
1759279021,57029,1,0,0,0,0,0,0,0,0,1264619520,1264619520,17158144,N/A,135168,45826048,4,discern-proc-so,R (running),cache-compromised.bnsdq.ozxfs.vcwss-vmdrv.kvugl,4.319772841462104,1
1759279021,45626,1,0,0,0,0,0,0,0,0,1647706112,1580597248,20361216,N/A,135168,82202624,5,discern-interfa,S (sleeping),cache-compromised.bnsdq.ozxfs.vcwss-vmdrv.kvugl,0.002277254777739038,1
1759279026,376,1,103,103,103,103,109,109,109,109,155496448,155496448,147181568,N/A,135168,147767296,1,dbus-daemon,S (sleeping),cache-compromised.bnsdq.ozxfs.vcwss-vmdrv.kvugl,0.2954474053953795,1
1759279026,57157,1,0,0,0,0,0,0,0,0,1331765248,1331765248,100163584,N/A,135168,138170368,4,discern-file-so,R (running),cache-compromised.bnsdq.ozxfs.vcwss-vmdrv.kvugl,74.80877013170289,1
1759279026,3355,1,0,0,0,0,0,0,0,0,1922494464,1922494464,47996928,N/A,135168,174923776,13,discern-network,S (sleeping),cache-compromised.bnsdq.ozxfs.vcwss-vmdrv.kvugl,0.510170319744179,1
1759279026,179,1,0,0,0,0,0,0,0,0,125087744,125087744,37797888,4096,135168,28098560,1,systemd-journal,S (sleeping),cache-compromised.bnsdq.ozxfs.vcwss-vmdrv.kvugl,0.19121499368006703,1
1759279026,57029,1,0,0,0,0,0,0,0,0,1264619520,1264619520,17158144,N/A,135168,45826048,4,discern-proc-so,S (sleeping),cache-compromised.bnsdq.ozxfs.vcwss-vmdrv.kvugl,3.3111294490696306,1
1759279029,380,1,103,103,103,103,109,109,109,109,38969344,38969344,33394688,N/A,135168,31240192,1,dbus-daemon,S (sleeping),cache-compromised.bnsdq.ozxfs.vcwss-vmdrv.kvugl,0.2063179200618376,0
1759279029,171258,1,0,0,0,0,0,0,0,0,1647706112,1580597248,22454272,N/A,135168,82202624,5,discern-interfa,S (sleeping),cache-compromised.bnsdq.ozxfs.vcwss-vmdrv.kvugl,1.116223172633667,0
1759279029,171278,1,0,0,0,0,0,0,0,0,1264357376,1264357376,16044032,N/A,135168,45563904,4,discern-proc-so,R (running),cache-compromised.bnsdq.ozxfs.vcwss-vmdrv.kvugl,10.1025409165851,0
1759279029,181,1,0,0,0,0,0,0,0,0,154447872,116678656,38170624,4096,135168,28073984,1,systemd-journal,S (sleeping),cache-compromised.bnsdq.ozxfs.vcwss-vmdrv.kvugl,0.22552903169301247,0
1759279029,171243,1,0,0,0,0,0,0,0,0,1263157248,1263157248,11313152,N/A,135168,40206336,4,discern-os-sorc,S (sleeping),cache-compromised.bnsdq.ozxfs.vcwss-vmdrv.kvugl,0.0,0
1759279031,376,1,103,103,103,103,109,109,109,109,155631616,155631616,147181568,N/A,135168,147902464,1,dbus-daemon,S (sleeping),cache-compromised.bnsdq.ozxfs.vcwss-vmdrv.kvugl,0.29557021984034226,1
1759279031,3355,1,0,0,0,0,0,0,0,0,1922494464,1922494464,47996928,N/A,135168,174923776,13,discern-network,S (sleeping),cache-compromised.bnsdq.ozxfs.vcwss-vmdrv.kvugl,0.5102660018294255,1
1759279031,57275,1,0,0,0,0,0,0,0,0,1647706112,1580597248,21315584,N/A,135168,82202624,5,discern-interfa,S (sleeping),cache-compromised.bnsdq.ozxfs.vcwss-vmdrv.kvugl,1.185413432238951,1
1759279031,57157,1,0,0,0,0,0,0,0,0,1332027392,1332027392,107307008,N/A,135168,138432512,4,discern-file-so,S (sleeping),cache-compromised.bnsdq.ozxfs.vcwss-vmdrv.kvugl,84.25762944699522,1
1759279031,57029,1,0,0,0,0,0,0,0,0,1264619520,1264619520,17158144,N/A,135168,45826048,4,discern-proc-so,S (sleeping),cache-compromised.bnsdq.ozxfs.vcwss-vmdrv.kvugl,2.9362602996620475,1
1759279036,376,1,103,103,103,103,109,109,109,109,155766784,155766784,147288064,N/A,135168,148037632,1,dbus-daemon,S (sleeping),cache-compromised.bnsdq.ozxfs.vcwss-vmdrv.kvugl,0.2951564229731171,1
1759279036,3355,1,0,0,0,0,0,0,0,0,1922494464,1922494464,47996928,N/A,135168,174923776,13,discern-network,S (sleeping),cache-compromised.bnsdq.ozxfs.vcwss-vmdrv.kvugl,0.5097956635395787,1
1759279036,57157,1,0,0,0,0,0,0,0,0,1601003520,1601003520,194625536,N/A,135168,315133952,4,discern-file-so,S (sleeping),cache-compromised.bnsdq.ozxfs.vcwss-vmdrv.kvugl,83.46704524518945,1
1759279036,57275,1,0,0,0,0,0,0,0,0,1647706112,1580597248,21315584,N/A,135168,82202624,5,discern-interfa,S (sleeping),cache-compromised.bnsdq.ozxfs.vcwss-vmdrv.kvugl,0.2879349419982125,1
1759279036,57029,1,0,0,0,0,0,0,0,0,1264619520,1264619520,17158144,N/A,135168,45826048,4,discern-proc-so,S (sleeping),cache-compromised.bnsdq.ozxfs.vcwss-vmdrv.kvugl,2.779498848021028,1
1759279040,380,1,103,103,103,103,109,109,109,109,38969344,38969344,33394688,N/A,135168,31240192,1,dbus-daemon,S (sleeping),cache-compromised.bnsdq.ozxfs.vcwss-vmdrv.kvugl,0.20630400669114954,0
1759279040,171445,1,0,0,0,0,0,0,0,0,1954459648,1938235392,22196224,N/A,135168,169291776,15,discern-network,S (sleeping),cache-compromised.bnsdq.ozxfs.vcwss-vmdrv.kvugl,1.6939088340941866,0
1759279040,171469,1,0,0,0,0,0,0,0,0,1505095680,1505095680,20733952,N/A,135168,73678848,4,discern-interfa,S (sleeping),cache-compromised.bnsdq.ozxfs.vcwss-vmdrv.kvugl,0.8467245430551513,0
1759279040,171428,1,0,0,0,0,0,0,0,0,1264324608,1264324608,21581824,N/A,135168,49758208,4,discern-file-so,S (sleeping),cache-compromised.bnsdq.ozxfs.vcwss-vmdrv.kvugl,11.004496781063642,0
1759279040,171444,1,0,0,0,0,0,0,0,0,1264357376,1264357376,16359424,N/A,135168,45563904,4,discern-proc-so,R (running),cache-compromised.bnsdq.ozxfs.vcwss-vmdrv.kvugl,8.461219361620088,0
1759279042,376,1,103,103,103,103,109,109,109,109,155930624,155930624,147595264,N/A,135168,148201472,1,dbus-daemon,S (sleeping),cache-compromised.bnsdq.ozxfs.vcwss-vmdrv.kvugl,0.2952709974632272,1
1759279042,57157,1,0,0,0,0,0,0,0,0,1601396736,1601396736,194625536,N/A,135168,315527168,4,discern-file-so,S (sleeping),cache-compromised.bnsdq.ozxfs.vcwss-vmdrv.kvugl,80.6901141626208,1
1759279042,3355,1,0,0,0,0,0,0,0,0,1922494464,1922494464,47996928,N/A,135168,174923776,13,discern-network,S (sleeping),cache-compromised.bnsdq.ozxfs.vcwss-vmdrv.kvugl,0.5095968058840109,1
1759279042,57275,1,0,0,0,0,0,0,0,0,1647706112,1580597248,21315584,N/A,135168,82202624,5,discern-interfa,S (sleeping),cache-compromised.bnsdq.ozxfs.vcwss-vmdrv.kvugl,0.16309275425472136,1
1759279042,179,1,0,0,0,0,0,0,0,0,125087744,125087744,37797888,4096,135168,28098560,1,systemd-journal,S (sleeping),cache-compromised.bnsdq.ozxfs.vcwss-vmdrv.kvugl,0.19200783663132348,1
1759279047,376,1,103,103,103,103,109,109,109,109,156200960,156200960,147865600,N/A,135168,148471808,1,dbus-daemon,S (sleeping),cache-compromised.bnsdq.ozxfs.vcwss-vmdrv.kvugl,0.295126566630124,1
1759279047,57157,1,0,0,0,0,0,0,0,0,1601724416,1601724416,194625536,N/A,135168,315854848,4,discern-file-so,S (sleeping),cache-compromised.bnsdq.ozxfs.vcwss-vmdrv.kvugl,80.1647210738412,1
1759279047,3355,1,0,0,0,0,0,0,0,0,1922494464,1922494464,47996928,N/A,135168,174923776,13,discern-network,S (sleeping),cache-compromised.bnsdq.ozxfs.vcwss-vmdrv.kvugl,0.5091332460128424,1
1759279047,57029,1,0,0,0,0,0,0,0,0,1264619520,1264619520,17158144,N/A,135168,45826048,4,discern-proc-so,S (sleeping),cache-compromised.bnsdq.ozxfs.vcwss-vmdrv.kvugl,2.647148924421472,1
1759279047,57275,1,0,0,0,0,0,0,0,0,1647706112,1580597248,21315584,N/A,135168,82202624,5,discern-interfa,S (sleeping),cache-compromised.bnsdq.ozxfs.vcwss-vmdrv.kvugl,0.1143644964779817,1
1759279050,380,1,103,103,103,103,109,109,109,109,38969344,38969344,33394688,N/A,135168,31240192,1,dbus-daemon,S (sleeping),cache-compromised.bnsdq.ozxfs.vcwss-vmdrv.kvugl,0.20629292649114592,0
1759279050,171657,1,0,0,0,0,0,0,0,0,1929580544,1929580544,26038272,N/A,135168,160641024,14,discern-network,S (sleeping),cache-compromised.bnsdq.ozxfs.vcwss-vmdrv.kvugl,0.0,0
1759279050,171641,1,0,0,0,0,0,0,0,0,1580597248,1580597248,24133632,N/A,135168,82202624,5,discern-interfa,S (sleeping),cache-compromised.bnsdq.ozxfs.vcwss-vmdrv.kvugl,0.6995962738341126,0
1759279050,171640,1,0,0,0,0,0,0,0,0,1264062464,1264062464,22315008,N/A,135168,53690368,4,discern-file-so,R (running),cache-compromised.bnsdq.ozxfs.vcwss-vmdrv.kvugl,7.69397626826174,0
1759279050,171659,1,0,0,0,0,0,0,0,0,1264357376,1264357376,15564800,N/A,135168,45563904,4,discern-proc-so,R (running),cache-compromised.bnsdq.ozxfs.vcwss-vmdrv.kvugl,5.594871917198649,0
1759279052,376,1,103,103,103,103,109,109,109,109,156499968,156499968,148111360,N/A,135168,148770816,1,dbus-daemon,S (sleeping),cache-compromised.bnsdq.ozxfs.vcwss-vmdrv.kvugl,0.2949802722725686,1
1759279052,57157,1,0,0,0,0,0,0,0,0,1601724416,1601724416,240762880,N/A,135168,315854848,4,discern-file-so,S (sleeping),cache-compromised.bnsdq.ozxfs.vcwss-vmdrv.kvugl,78.53732022462498,1
1759279052,3355,1,0,0,0,0,0,0,0,0,1922494464,1922494464,47996928,N/A,135168,174923776,13,discern-network,S (sleeping),cache-compromised.bnsdq.ozxfs.vcwss-vmdrv.kvugl,0.5089449419256187,1
1759279052,57029,1,0,0,0,0,0,0,0,0,1264619520,1264619520,17158144,N/A,135168,45826048,4,discern-proc-so,R (running),cache-compromised.bnsdq.ozxfs.vcwss-vmdrv.kvugl,2.5964115579837754,1
1759279052,179,1,0,0,0,0,0,0,0,0,125087744,125087744,37797888,4096,135168,28098560,1,systemd-journal,S (sleeping),cache-compromised.bnsdq.ozxfs.vcwss-vmdrv.kvugl,0.1925349119324561,1
1759279058,376,1,103,103,103,103,109,109,109,109,156635136,156635136,148111360,N/A,135168,148905984,1,dbus-daemon,S (sleeping),cache-compromised.bnsdq.ozxfs.vcwss-vmdrv.kvugl,0.29483326330847914,1
1759279058,57157,1,0,0,0,0,0,0,0,0,1601986560,1601986560,240762880,N/A,135168,316116992,4,discern-file-so,S (sleeping),cache-compromised.bnsdq.ozxfs.vcwss-vmdrv.kvugl,77.36607163979257,1
1759279058,3355,1,0,0,0,0,0,0,0,0,1922494464,1922494464,47996928,N/A,135168,174923776,13,discern-network,S (sleeping),cache-compromised.bnsdq.ozxfs.vcwss-vmdrv.kvugl,0.5084770657178096,1
1759279058,179,1,0,0,0,0,0,0,0,0,125087744,125087744,37797888,4096,135168,28098560,1,systemd-journal,S (sleeping),cache-compromised.bnsdq.ozxfs.vcwss-vmdrv.kvugl,0.19253096643310838,1
1759279058,57029,1,0,0,0,0,0,0,0,0,1264619520,1264619520,17158144,N/A,135168,45826048,4,discern-proc-so,S (sleeping),cache-compromised.bnsdq.ozxfs.vcwss-vmdrv.kvugl,2.5804301782355936,1
1759279060,380,1,103,103,103,103,109,109,109,109,38969344,38969344,33394688,N/A,135168,31240192,1,dbus-daemon,S (sleeping),cache-compromised.bnsdq.ozxfs.vcwss-vmdrv.kvugl,0.20628036202497674,0
1759279060,171829,1,0,0,0,0,0,0,0,0,1954725888,1921449984,27615232,N/A,135168,152514560,13,discern-network,S (sleeping),cache-compromised.bnsdq.ozxfs.vcwss-vmdrv.kvugl,0.5704400200615769,0
1759279060,171832,1,0,0,0,0,0,0,0,0,1647706112,1580597248,20807680,N/A,135168,82202624,5,discern-interfa,S (sleeping),cache-compromised.bnsdq.ozxfs.vcwss-vmdrv.kvugl,1.1406344250533431,0
1759279060,171818,1,0,0,0,0,0,0,0,0,1264324608,1264324608,20672512,N/A,135168,49758208,4,discern-file-so,S (sleeping),cache-compromised.bnsdq.ozxfs.vcwss-vmdrv.kvugl,7.413076138154541,0
1759279060,181,1,0,0,0,0,0,0,0,0,154447872,116678656,38170624,4096,135168,28073984,1,systemd-journal,S (sleeping),cache-compromised.bnsdq.ozxfs.vcwss-vmdrv.kvugl,0.22591803517749157,0
1759279063,376,1,103,103,103,103,109,109,109,109,157040640,157040640,148647936,N/A,135168,149311488,1,dbus-daemon,S (sleeping),cache-compromised.bnsdq.ozxfs.vcwss-vmdrv.kvugl,0.29522324165200314,1
1759279063,3355,1,0,0,0,0,0,0,0,0,1922494464,1922494464,47996928,N/A,135168,174923776,13,discern-network,S (sleeping),cache-compromised.bnsdq.ozxfs.vcwss-vmdrv.kvugl,0.5085794624441098,1
1759279063,179,1,0,0,0,0,0,0,0,0,125087744,125087744,37797888,4096,135168,28098560,1,systemd-journal,S (sleeping),cache-compromised.bnsdq.ozxfs.vcwss-vmdrv.kvugl,0.19279642774193095,1
1759279063,57029,1,0,0,0,0,0,0,0,0,1264619520,1264619520,17158144,N/A,135168,45826048,4,discern-proc-so,S (sleeping),cache-compromised.bnsdq.ozxfs.vcwss-vmdrv.kvugl,2.552370162021567,1
1759279063,57275,1,0,0,0,0,0,0,0,0,1647706112,1580597248,21315584,N/A,135168,82202624,5,discern-interfa,S (sleeping),cache-compromised.bnsdq.ozxfs.vcwss-vmdrv.kvugl,0.060257964447636286,1
1759279068,376,1,103,103,103,103,109,109,109,109,157175808,157175808,148647936,N/A,135168,149446656,1,dbus-daemon,S (sleeping),cache-compromised.bnsdq.ozxfs.vcwss-vmdrv.kvugl,0.2950782942432031,1
1759279068,3355,1,0,0,0,0,0,0,0,0,1922494464,1922494464,47996928,N/A,135168,174923776,13,discern-network,S (sleeping),cache-compromised.bnsdq.ozxfs.vcwss-vmdrv.kvugl,0.5086715180891547,1
1759279068,179,1,0,0,0,0,0,0,0,0,125087744,125087744,37797888,4096,135168,28098560,1,systemd-journal,S (sleeping),cache-compromised.bnsdq.ozxfs.vcwss-vmdrv.kvugl,0.19279342398726795,1
1759279068,57029,1,0,0,0,0,0,0,0,0,1264619520,1264619520,17158144,N/A,135168,45826048,4,discern-proc-so,S (sleeping),cache-compromised.bnsdq.ozxfs.vcwss-vmdrv.kvugl,2.6012281741229755,1
1759279068,57275,1,0,0,0,0,0,0,0,0,1647706112,1580597248,21315584,N/A,135168,82202624,5,discern-interfa,S (sleeping),cache-compromised.bnsdq.ozxfs.vcwss-vmdrv.kvugl,0.05203402211473554,1
1759279070,380,1,103,103,103,103,109,109,109,109,38969344,38969344,33394688,N/A,135168,31240192,1,dbus-daemon,S (sleeping),cache-compromised.bnsdq.ozxfs.vcwss-vmdrv.kvugl,0.20627106390447822,0
1759279070,172031,1,0,0,0,0,0,0,0,0,1647706112,1580597248,21741568,N/A,135168,82202624,5,discern-interfa,S (sleeping),cache-compromised.bnsdq.ozxfs.vcwss-vmdrv.kvugl,1.0926071366908583,0
1759279070,172012,1,0,0,0,0,0,0,0,0,1264324608,1264324608,20369408,N/A,135168,49758208,4,discern-file-so,D (disk sleep),cache-compromised.bnsdq.ozxfs.vcwss-vmdrv.kvugl,6.264505759998749,0
1759279070,172045,1,0,0,0,0,0,0,0,0,1264357376,1264357376,15839232,N/A,135168,45563904,4,discern-proc-so,R (running),cache-compromised.bnsdq.ozxfs.vcwss-vmdrv.kvugl,8.734134724039036,0
1759279070,181,1,0,0,0,0,0,0,0,0,154447872,116678656,38170624,4096,135168,28073984,1,systemd-journal,S (sleeping),cache-compromised.bnsdq.ozxfs.vcwss-vmdrv.kvugl,0.22608289778929266,0
1759279073,376,1,103,103,103,103,109,109,109,109,157310976,157310976,148918272,N/A,135168,149581824,1,dbus-daemon,S (sleeping),cache-compromised.bnsdq.ozxfs.vcwss-vmdrv.kvugl,0.29494168950602356,1
1759279073,3355,1,0,0,0,0,0,0,0,0,1922494464,1922494464,47996928,N/A,135168,174923776,13,discern-network,S (sleeping),cache-compromised.bnsdq.ozxfs.vcwss-vmdrv.kvugl,0.5085008691984803,1
1759279073,179,1,0,0,0,0,0,0,0,0,125087744,125087744,37797888,4096,135168,28098560,1,systemd-journal,S (sleeping),cache-compromised.bnsdq.ozxfs.vcwss-vmdrv.kvugl,0.19305935997454257,1
1759279073,57029,1,0,0,0,0,0,0,0,0,1264619520,1264619520,17158144,N/A,135168,45826048,4,discern-proc-so,S (sleeping),cache-compromised.bnsdq.ozxfs.vcwss-vmdrv.kvugl,2.5776649882698135,1
1759279073,57275,1,0,0,0,0,0,0,0,0,1647706112,1580597248,21315584,N/A,135168,82202624,5,discern-interfa,S (sleeping),cache-compromised.bnsdq.ozxfs.vcwss-vmdrv.kvugl,0.045892337803683306,1
1759279078,376,1,103,103,103,103,109,109,109,109,157446144,157446144,148918272,N/A,135168,149716992,1,dbus-daemon,S (sleeping),cache-compromised.bnsdq.ozxfs.vcwss-vmdrv.kvugl,0.2948026376760548,1
1759279078,3355,1,0,0,0,0,0,0,0,0,1922494464,1922494464,47996928,N/A,135168,174923776,13,discern-network,S (sleeping),cache-compromised.bnsdq.ozxfs.vcwss-vmdrv.kvugl,0.508602022373033,1
1759279078,179,1,0,0,0,0,0,0,0,0,125087744,125087744,37797888,4096,135168,28098560,1,systemd-journal,S (sleeping),cache-compromised.bnsdq.ozxfs.vcwss-vmdrv.kvugl,0.19305934560884355,1
1759279078,57029,1,0,0,0,0,0,0,0,0,1264619520,1264619520,17158144,N/A,135168,45826048,4,discern-proc-so,R (running),cache-compromised.bnsdq.ozxfs.vcwss-vmdrv.kvugl,2.6348768864420182,1
1759279078,57275,1,0,0,0,0,0,0,0,0,1647706112,1580597248,21315584,N/A,135168,82202624,5,discern-interfa,S (sleeping),cache-compromised.bnsdq.ozxfs.vcwss-vmdrv.kvugl,0.04101706507166251,1
1759279081,172195,1,0,0,0,0,0,0,0,0,1264586752,1264586752,42205184,N/A,135168,79380480,4,discern-file-so,R (running),cache-compromised.bnsdq.ozxfs.vcwss-vmdrv.kvugl,15.335783971675488,0
1759279081,380,1,103,103,103,103,109,109,109,109,38969344,38969344,33394688,N/A,135168,31240192,1,dbus-daemon,S (sleeping),cache-compromised.bnsdq.ozxfs.vcwss-vmdrv.kvugl,0.20625722036874178,0
1759279081,172189,1,0,0,0,0,0,0,0,0,1647706112,1580597248,24293376,N/A,135168,82202624,5,discern-interfa,S (sleeping),cache-compromised.bnsdq.ozxfs.vcwss-vmdrv.kvugl,1.5326990333996762,0
1759279081,172203,1,0,0,0,0,0,0,0,0,1810128896,1810128896,22061056,N/A,135168,109105152,8,discern-network,S (sleeping),cache-compromised.bnsdq.ozxfs.vcwss-vmdrv.kvugl,1.5323479909758617,0
1759279081,172232,1,0,0,0,0,0,0,0,0,1264357376,1264357376,15454208,N/A,135168,45563904,4,discern-proc-so,R (running),cache-compromised.bnsdq.ozxfs.vcwss-vmdrv.kvugl,9.958032164523555,0
1759279083,376,1,103,103,103,103,109,109,109,109,157716480,157716480,149188608,N/A,135168,149987328,1,dbus-daemon,S (sleeping),cache-compromised.bnsdq.ozxfs.vcwss-vmdrv.kvugl,0.2949282260462565,1
1759279083,3355,1,0,0,0,0,0,0,0,0,1922494464,1922494464,47996928,N/A,135168,174923776,13,discern-network,S (sleeping),cache-compromised.bnsdq.ozxfs.vcwss-vmdrv.kvugl,0.5084289813810362,1
1759279083,179,1,0,0,0,0,0,0,0,0,125087744,125087744,37797888,4096,135168,28098560,1,systemd-journal,S (sleeping),cache-compromised.bnsdq.ozxfs.vcwss-vmdrv.kvugl,0.19332312115868544,1
1759279083,57029,1,0,0,0,0,0,0,0,0,1264619520,1264619520,17158144,N/A,135168,45826048,4,discern-proc-so,R (running),cache-compromised.bnsdq.ozxfs.vcwss-vmdrv.kvugl,2.64054922506363,1
1759279083,57275,1,0,0,0,0,0,0,0,0,1647706112,1580597248,21315584,N/A,135168,82202624,5,discern-interfa,S (sleeping),cache-compromised.bnsdq.ozxfs.vcwss-vmdrv.kvugl,0.03708844787932219,1
1759279089,376,1,103,103,103,103,109,109,109,109,157851648,157851648,149458944,N/A,135168,150122496,1,dbus-daemon,S (sleeping),cache-compromised.bnsdq.ozxfs.vcwss-vmdrv.kvugl,0.2947891033421053,1
1759279089,3355,1,0,0,0,0,0,0,0,0,1922494464,1922494464,47996928,N/A,135168,174923776,13,discern-network,S (sleeping),cache-compromised.bnsdq.ozxfs.vcwss-vmdrv.kvugl,0.5085290891132144,1
1759279089,179,1,0,0,0,0,0,0,0,0,125087744,125087744,37797888,4096,135168,28098560,1,systemd-journal,S (sleeping),cache-compromised.bnsdq.ozxfs.vcwss-vmdrv.kvugl,0.19332243445167951,1
1759279089,57029,1,0,0,0,0,0,0,0,0,1264619520,1264619520,17158144,N/A,135168,45826048,4,discern-proc-so,R (running),cache-compromised.bnsdq.ozxfs.vcwss-vmdrv.kvugl,2.671657539020986,1
1759279089,57275,1,0,0,0,0,0,0,0,0,1647706112,1580597248,21315584,N/A,135168,82202624,5,discern-interfa,S (sleeping),cache-compromised.bnsdq.ozxfs.vcwss-vmdrv.kvugl,0.03383440684845764,1
1759279091,380,1,103,103,103,103,109,109,109,109,38969344,38969344,33394688,N/A,135168,31240192,1,dbus-daemon,S (sleeping),cache-compromised.bnsdq.ozxfs.vcwss-vmdrv.kvugl,0.20624963840045263,0
1759279091,172379,1,0,0,0,0,0,0,0,0,1953927168,1921449984,23044096,N/A,135168,152514560,13,discern-network,S (sleeping),cache-compromised.bnsdq.ozxfs.vcwss-vmdrv.kvugl,0.7234569674097128,0
1759279091,172418,1,0,0,0,0,0,0,0,0,1647706112,1580597248,20987904,N/A,135168,82202624,5,discern-interfa,S (sleeping),cache-compromised.bnsdq.ozxfs.vcwss-vmdrv.kvugl,0.7232379029382289,0
1759279091,172401,1,0,0,0,0,0,0,0,0,1264357376,1264357376,15872000,N/A,135168,45563904,4,discern-proc-so,S (sleeping),cache-compromised.bnsdq.ozxfs.vcwss-vmdrv.kvugl,5.784803250995795,0
1759279091,181,1,0,0,0,0,0,0,0,0,154447872,116678656,38170624,4096,135168,28073984,1,systemd-journal,S (sleeping),cache-compromised.bnsdq.ozxfs.vcwss-vmdrv.kvugl,0.22631198236114244,0
1759279094,376,1,103,103,103,103,109,109,109,109,157986816,157986816,149458944,N/A,135168,150257664,1,dbus-daemon,S (sleeping),cache-compromised.bnsdq.ozxfs.vcwss-vmdrv.kvugl,0.2946524449470371,1
1759279094,3355,1,0,0,0,0,0,0,0,0,1922494464,1922494464,47996928,N/A,135168,174923776,13,discern-network,S (sleeping),cache-compromised.bnsdq.ozxfs.vcwss-vmdrv.kvugl,0.508357482504646,1
1759279094,179,1,0,0,0,0,0,0,0,0,125087744,125087744,37797888,4096,135168,28098560,1,systemd-journal,S (sleeping),cache-compromised.bnsdq.ozxfs.vcwss-vmdrv.kvugl,0.19306082118710008,1
1759279094,57029,1,0,0,0,0,0,0,0,0,1264619520,1264619520,17158144,N/A,135168,45826048,4,discern-proc-so,S (sleeping),cache-compromised.bnsdq.ozxfs.vcwss-vmdrv.kvugl,2.674396580464316,1
1759279094,57275,1,0,0,0,0,0,0,0,0,1647706112,1580597248,21315584,N/A,135168,82202624,5,discern-interfa,S (sleeping),cache-compromised.bnsdq.ozxfs.vcwss-vmdrv.kvugl,0.03111856426823438,1
1759279099,376,1,103,103,103,103,109,109,109,109,158392320,158392320,149999616,N/A,135168,150663168,1,dbus-daemon,S (sleeping),cache-compromised.bnsdq.ozxfs.vcwss-vmdrv.kvugl,0.2950422251595521,1
1759279099,3355,1,0,0,0,0,0,0,0,0,1922494464,1922494464,47996928,N/A,135168,174923776,13,discern-network,S (sleeping),cache-compromised.bnsdq.ozxfs.vcwss-vmdrv.kvugl,0.5081899959571402,1
1759279099,179,1,0,0,0,0,0,0,0,0,125087744,125087744,37797888,4096,135168,28098560,1,systemd-journal,S (sleeping),cache-compromised.bnsdq.ozxfs.vcwss-vmdrv.kvugl,0.19332514357213654,1
1759279099,57029,1,0,0,0,0,0,0,0,0,1264619520,1264619520,17158144,N/A,135168,45826048,4,discern-proc-so,S (sleeping),cache-compromised.bnsdq.ozxfs.vcwss-vmdrv.kvugl,2.6420803860225184,1
1759279099,57275,1,0,0,0,0,0,0,0,0,1647706112,1580597248,21315584,N/A,135168,82202624,5,discern-interfa,S (sleeping),cache-compromised.bnsdq.ozxfs.vcwss-vmdrv.kvugl,0.028817080661031256,1
1759279101,380,1,103,103,103,103,109,109,109,109,38969344,38969344,33394688,N/A,135168,31240192,1,dbus-daemon,S (sleeping),cache-compromised.bnsdq.ozxfs.vcwss-vmdrv.kvugl,0.20624002512776596,0
1759279101,172567,1,0,0,0,0,0,0,0,0,1647706112,1580597248,24551424,N/A,135168,82202624,5,discern-interfa,S (sleeping),cache-compromised.bnsdq.ozxfs.vcwss-vmdrv.kvugl,1.280349530095462,0
1759279101,172599,1,0,0,0,0,0,0,0,0,1264357376,1264357376,15388672,N/A,135168,45563904,4,discern-proc-so,R (running),cache-compromised.bnsdq.ozxfs.vcwss-vmdrv.kvugl,5.761186066897964,0
1759279101,181,1,0,0,0,0,0,0,0,0,154447872,116678656,38170624,4096,135168,28073984,1,systemd-journal,S (sleeping),cache-compromised.bnsdq.ozxfs.vcwss-vmdrv.kvugl,0.22628270123771663,0
1759279101,172597,1,0,0,0,0,0,0,0,0,1263157248,1263157248,10485760,N/A,135168,40206336,4,discern-os-sorc,S (sleeping),cache-compromised.bnsdq.ozxfs.vcwss-vmdrv.kvugl,0.0,0
1759279104,376,1,103,103,103,103,109,109,109,109,158392320,158392320,149999616,N/A,135168,150663168,1,dbus-daemon,S (sleeping),cache-compromised.bnsdq.ozxfs.vcwss-vmdrv.kvugl,0.2946450227790668,1
1759279104,3355,1,0,0,0,0,0,0,0,0,1922494464,1922494464,47996928,N/A,135168,174923776,13,discern-network,S (sleeping),cache-compromised.bnsdq.ozxfs.vcwss-vmdrv.kvugl,0.5082957928819298,1
1759279104,179,1,0,0,0,0,0,0,0,0,125087744,125087744,37797888,4096,135168,28098560,1,systemd-journal,S (sleeping),cache-compromised.bnsdq.ozxfs.vcwss-vmdrv.kvugl,0.19332655260130852,1
1759279104,57029,1,0,0,0,0,0,0,0,0,1264619520,1264619520,17158144,N/A,135168,45826048,4,discern-proc-so,S (sleeping),cache-compromised.bnsdq.ozxfs.vcwss-vmdrv.kvugl,2.6242922306788494,1
1759279104,57275,1,0,0,0,0,0,0,0,0,1647706112,1580597248,21315584,N/A,135168,82202624,5,discern-interfa,S (sleeping),cache-compromised.bnsdq.ozxfs.vcwss-vmdrv.kvugl,0.026828335220949538,1
1759279109,376,1,103,103,103,103,109,109,109,109,158662656,158662656,150269952,N/A,135168,150933504,1,dbus-daemon,S (sleeping),cache-compromised.bnsdq.ozxfs.vcwss-vmdrv.kvugl,0.29477074431843475,1
1759279109,3355,1,0,0,0,0,0,0,0,0,1922494464,1922494464,47996928,N/A,135168,174923776,13,discern-network,S (sleeping),cache-compromised.bnsdq.ozxfs.vcwss-vmdrv.kvugl,0.5081257939539143,1
1759279109,179,1,0,0,0,0,0,0,0,0,125087744,125087744,37797888,4096,135168,28098560,1,systemd-journal,S (sleeping),cache-compromised.bnsdq.ozxfs.vcwss-vmdrv.kvugl,0.19332744026029977,1
1759279109,57029,1,0,0,0,0,0,0,0,0,1264619520,1264619520,17158144,N/A,135168,45826048,4,discern-proc-so,R (running),cache-compromised.bnsdq.ozxfs.vcwss-vmdrv.kvugl,2.6292732846061955,1
1759279109,57275,1,0,0,0,0,0,0,0,0,1647706112,1580597248,21315584,N/A,135168,82202624,5,discern-interfa,S (sleeping),cache-compromised.bnsdq.ozxfs.vcwss-vmdrv.kvugl,0.025093137285841987,1
1759279112,380,1,103,103,103,103,109,109,109,109,38969344,38969344,33394688,N/A,135168,31240192,1,dbus-daemon,S (sleeping),cache-compromised.bnsdq.ozxfs.vcwss-vmdrv.kvugl,0.20622527040036792,0
1759279112,172776,1,0,0,0,0,0,0,0,0,1954459648,1921187840,24911872,N/A,135168,152252416,13,discern-network,S (sleeping),cache-compromised.bnsdq.ozxfs.vcwss-vmdrv.kvugl,2.9934438490850495,0
1759279112,172773,1,0,0,0,0,0,0,0,0,1647706112,1580597248,22548480,N/A,135168,82202624,5,discern-interfa,S (sleeping),cache-compromised.bnsdq.ozxfs.vcwss-vmdrv.kvugl,0.0,0
1759279112,172778,1,0,0,0,0,0,0,0,0,1264619520,1264619520,16338944,N/A,135168,45826048,4,discern-proc-so,R (running),cache-compromised.bnsdq.ozxfs.vcwss-vmdrv.kvugl,12.96025217667884,0
1759279112,181,1,0,0,0,0,0,0,0,0,154447872,116678656,38170624,4096,135168,28073984,1,systemd-journal,S (sleeping),cache-compromised.bnsdq.ozxfs.vcwss-vmdrv.kvugl,0.22634411351377107,0
1759279114,376,1,103,103,103,103,109,109,109,109,158822400,158822400,150269952,N/A,135168,151093248,1,dbus-daemon,S (sleeping),cache-compromised.bnsdq.ozxfs.vcwss-vmdrv.kvugl,0.29515530580781246,1
1759279114,3355,1,0,0,0,0,0,0,0,0,1922494464,1922494464,47996928,N/A,135168,174923776,13,discern-network,S (sleeping),cache-compromised.bnsdq.ozxfs.vcwss-vmdrv.kvugl,0.5082267206222527,1
1759279114,179,1,0,0,0,0,0,0,0,0,125087744,125087744,37797888,4096,135168,28098560,1,systemd-journal,S (sleeping),cache-compromised.bnsdq.ozxfs.vcwss-vmdrv.kvugl,0.19332715124559982,1
1759279114,57029,1,0,0,0,0,0,0,0,0,1264619520,1264619520,17158144,N/A,135168,45826048,4,discern-proc-so,R (running),cache-compromised.bnsdq.ozxfs.vcwss-vmdrv.kvugl,2.6431379569328293,1
1759279114,57275,1,0,0,0,0,0,0,0,0,1647706112,1580597248,21315584,N/A,135168,82202624,5,discern-interfa,S (sleeping),cache-compromised.bnsdq.ozxfs.vcwss-vmdrv.kvugl,0.023562291956286653,1
1759279120,376,1,103,103,103,103,109,109,109,109,159096832,159096832,150540288,N/A,135168,151367680,1,dbus-daemon,S (sleeping),cache-compromised.bnsdq.ozxfs.vcwss-vmdrv.kvugl,0.2950190944077706,1
1759279120,3355,1,0,0,0,0,0,0,0,0,1922494464,1922494464,47996928,N/A,135168,174923776,13,discern-network,S (sleeping),cache-compromised.bnsdq.ozxfs.vcwss-vmdrv.kvugl,0.5080567752083118,1
1759279120,179,1,0,0,0,0,0,0,0,0,125087744,125087744,37797888,4096,135168,28098560,1,systemd-journal,S (sleeping),cache-compromised.bnsdq.ozxfs.vcwss-vmdrv.kvugl,0.19306729596402303,1
1759279120,57029,1,0,0,0,0,0,0,0,0,1264619520,1264619520,17158144,N/A,135168,45826048,4,discern-proc-so,S (sleeping),cache-compromised.bnsdq.ozxfs.vcwss-vmdrv.kvugl,2.6370887443270354,1
1759279120,57275,1,0,0,0,0,0,0,0,0,1647706112,1580597248,21315584,N/A,135168,82202624,5,discern-interfa,S (sleeping),cache-compromised.bnsdq.ozxfs.vcwss-vmdrv.kvugl,0.02221230735259697,1
1759279122,380,1,103,103,103,103,109,109,109,109,38969344,38969344,33394688,N/A,135168,31240192,1,dbus-daemon,S (sleeping),cache-compromised.bnsdq.ozxfs.vcwss-vmdrv.kvugl,0.20621891695882116,0
1759279122,172970,1,0,0,0,0,0,0,0,0,1954725888,1929580544,26255360,N/A,135168,160641024,14,discern-network,S (sleeping),cache-compromised.bnsdq.ozxfs.vcwss-vmdrv.kvugl,0.980363669609016,0
1759279122,172955,1,0,0,0,0,0,0,0,0,1264619520,1264619520,15753216,N/A,135168,45826048,4,discern-proc-so,R (running),cache-compromised.bnsdq.ozxfs.vcwss-vmdrv.kvugl,7.842161513176668,0
1759279122,181,1,0,0,0,0,0,0,0,0,154447872,116678656,38170624,4096,135168,28073984,1,systemd-journal,S (sleeping),cache-compromised.bnsdq.ozxfs.vcwss-vmdrv.kvugl,0.22651091822678887,0
1759279122,172960,1,0,0,0,0,0,0,0,0,1262841856,1262841856,9625600,N/A,135168,40185856,3,discern-cpu-sor,S (sleeping),cache-compromised.bnsdq.ozxfs.vcwss-vmdrv.kvugl,0.0,0
1759279125,376,1,103,103,103,103,109,109,109,109,159232000,159232000,150810624,N/A,135168,151502848,1,dbus-daemon,S (sleeping),cache-compromised.bnsdq.ozxfs.vcwss-vmdrv.kvugl,0.2948819472092986,1
1759279125,3355,1,0,0,0,0,0,0,0,0,1922494464,1922494464,47996928,N/A,135168,174923776,13,discern-network,S (sleeping),cache-compromised.bnsdq.ozxfs.vcwss-vmdrv.kvugl,0.5081578663598126,1
1759279125,179,1,0,0,0,0,0,0,0,0,125087744,125087744,37797888,4096,135168,28098560,1,systemd-journal,S (sleeping),cache-compromised.bnsdq.ozxfs.vcwss-vmdrv.kvugl,0.19306748615675692,1
1759279125,57029,1,0,0,0,0,0,0,0,0,1264619520,1264619520,17158144,N/A,135168,45826048,4,discern-proc-so,S (sleeping),cache-compromised.bnsdq.ozxfs.vcwss-vmdrv.kvugl,2.6584204238849733,1
1759279125,57275,1,0,0,0,0,0,0,0,0,1647706112,1580597248,21315584,N/A,135168,82202624,5,discern-interfa,S (sleeping),cache-compromised.bnsdq.ozxfs.vcwss-vmdrv.kvugl,0.02100489142513491,1
1759279130,376,1,103,103,103,103,109,109,109,109,159367168,159367168,150810624,N/A,135168,151638016,1,dbus-daemon,S (sleeping),cache-compromised.bnsdq.ozxfs.vcwss-vmdrv.kvugl,0.2950065743149321,1
1759279130,3355,1,0,0,0,0,0,0,0,0,1922494464,1922494464,47996928,N/A,135168,174923776,13,discern-network,S (sleeping),cache-compromised.bnsdq.ozxfs.vcwss-vmdrv.kvugl,0.5079888354905561,1
1759279130,179,1,0,0,0,0,0,0,0,0,125087744,125087744,37797888,4096,135168,28098560,1,systemd-journal,S (sleeping),cache-compromised.bnsdq.ozxfs.vcwss-vmdrv.kvugl,0.19306864964348108,1
1759279130,57029,1,0,0,0,0,0,0,0,0,1264619520,1264619520,17158144,N/A,135168,45826048,4,discern-proc-so,R (running),cache-compromised.bnsdq.ozxfs.vcwss-vmdrv.kvugl,2.6522860721737453,1
1759279130,57275,1,0,0,0,0,0,0,0,0,1647706112,1580597248,21315584,N/A,135168,82202624,5,discern-interfa,S (sleeping),cache-compromised.bnsdq.ozxfs.vcwss-vmdrv.kvugl,0.019925823448168685,1
1759279132,380,1,103,103,103,103,109,109,109,109,38969344,38969344,33394688,N/A,135168,31240192,1,dbus-daemon,S (sleeping),cache-compromised.bnsdq.ozxfs.vcwss-vmdrv.kvugl,0.20620527362812185,0
1759279132,173173,1,0,0,0,0,0,0,0,0,1505095680,1505095680,21180416,N/A,135168,73678848,4,discern-interfa,S (sleeping),cache-compromised.bnsdq.ozxfs.vcwss-vmdrv.kvugl,0.0,0
1759279132,173137,1,0,0,0,0,0,0,0,0,1264324608,1264324608,23265280,N/A,135168,53952512,4,discern-file-so,D (disk sleep),cache-compromised.bnsdq.ozxfs.vcwss-vmdrv.kvugl,10.661256684458685,0
1759279132,181,1,0,0,0,0,0,0,0,0,154447872,116678656,38170624,4096,135168,28073984,1,systemd-journal,S (sleeping),cache-compromised.bnsdq.ozxfs.vcwss-vmdrv.kvugl,0.2266693292654734,0
1759279132,173176,1,0,0,0,0,0,0,0,0,1264357376,1264357376,14868480,N/A,135168,45563904,4,discern-proc-so,S (sleeping),cache-compromised.bnsdq.ozxfs.vcwss-vmdrv.kvugl,6.392743598446136,0
1759279135,376,1,103,103,103,103,109,109,109,109,159502336,159502336,151080960,N/A,135168,151773184,1,dbus-daemon,S (sleeping),cache-compromised.bnsdq.ozxfs.vcwss-vmdrv.kvugl,0.2948700259843461,1
1759279135,3355,1,0,0,0,0,0,0,0,0,1922494464,1922494464,47996928,N/A,135168,174923776,13,discern-network,S (sleeping),cache-compromised.bnsdq.ozxfs.vcwss-vmdrv.kvugl,0.508090114945088,1
1759279135,179,1,0,0,0,0,0,0,0,0,125087744,125087744,37797888,4096,135168,28098560,1,systemd-journal,S (sleeping),cache-compromised.bnsdq.ozxfs.vcwss-vmdrv.kvugl,0.1930689730784386,1
1759279135,57029,1,0,0,0,0,0,0,0,0,1264619520,1264619520,17158144,N/A,135168,45826048,4,discern-proc-so,S (sleeping),cache-compromised.bnsdq.ozxfs.vcwss-vmdrv.kvugl,2.6711952142382476,1
1759279135,57275,1,0,0,0,0,0,0,0,0,1647706112,1580597248,21315584,N/A,135168,82202624,5,discern-interfa,S (sleeping),cache-compromised.bnsdq.ozxfs.vcwss-vmdrv.kvugl,0.01894919042374988,1
1759279140,376,1,103,103,103,103,109,109,109,109,159637504,159637504,151080960,N/A,135168,151908352,1,dbus-daemon,S (sleeping),cache-compromised.bnsdq.ozxfs.vcwss-vmdrv.kvugl,0.2947352804412483,1
1759279140,3355,1,0,0,0,0,0,0,0,0,1922494464,1922494464,47996928,N/A,135168,174923776,13,discern-network,S (sleeping),cache-compromised.bnsdq.ozxfs.vcwss-vmdrv.kvugl,0.5081937240474896,1
1759279140,179,1,0,0,0,0,0,0,0,0,125087744,125087744,37797888,4096,135168,28098560,1,systemd-journal,S (sleeping),cache-compromised.bnsdq.ozxfs.vcwss-vmdrv.kvugl,0.19307024369197773,1
1759279140,57029,1,0,0,0,0,0,0,0,0,1264619520,1264619520,17158144,N/A,135168,45826048,4,discern-proc-so,S (sleeping),cache-compromised.bnsdq.ozxfs.vcwss-vmdrv.kvugl,2.6730437983624715,1
1759279140,57275,1,0,0,0,0,0,0,0,0,1647706112,1580597248,21315584,N/A,135168,82202624,5,discern-interfa,S (sleeping),cache-compromised.bnsdq.ozxfs.vcwss-vmdrv.kvugl,0.018066927829750147,1
1759279142,380,1,103,103,103,103,109,109,109,109,38969344,38969344,33394688,N/A,135168,31240192,1,dbus-daemon,S (sleeping),cache-compromised.bnsdq.ozxfs.vcwss-vmdrv.kvugl,0.2061948056111386,0
1759279142,173339,1,0,0,0,0,0,0,0,0,1647706112,1580597248,20656128,N/A,135168,82202624,5,discern-interfa,S (sleeping),cache-compromised.bnsdq.ozxfs.vcwss-vmdrv.kvugl,1.2237337991503778,0
1759279142,173326,1,0,0,0,0,0,0,0,0,1264324608,1264324608,23351296,N/A,135168,53952512,4,discern-file-so,S (sleeping),cache-compromised.bnsdq.ozxfs.vcwss-vmdrv.kvugl,7.952827371323779,0
1759279142,181,1,0,0,0,0,0,0,0,0,154447872,116678656,38170624,4096,135168,28073984,1,systemd-journal,S (sleeping),cache-compromised.bnsdq.ozxfs.vcwss-vmdrv.kvugl,0.2267348233593305,0
1759279142,173352,1,0,0,0,0,0,0,0,0,1264357376,1264357376,15265792,N/A,135168,45563904,3,discern-proc-so,R (running),cache-compromised.bnsdq.ozxfs.vcwss-vmdrv.kvugl,4.890159487074692,0
1759279145,376,1,103,103,103,103,109,109,109,109,160043008,160043008,151621632,N/A,135168,152313856,1,dbus-daemon,S (sleeping),cache-compromised.bnsdq.ozxfs.vcwss-vmdrv.kvugl,0.2951184900700198,1
1759279145,3355,1,0,0,0,0,0,0,0,0,1922494464,1922494464,47996928,N/A,135168,174923776,13,discern-network,S (sleeping),cache-compromised.bnsdq.ozxfs.vcwss-vmdrv.kvugl,0.5082967530562306,1
1759279145,179,1,0,0,0,0,0,0,0,0,125087744,125087744,37797888,4096,135168,28098560,1,systemd-journal,S (sleeping),cache-compromised.bnsdq.ozxfs.vcwss-vmdrv.kvugl,0.19307140582140891,1
1759279145,57029,1,0,0,0,0,0,0,0,0,1264619520,1264619520,17158144,N/A,135168,45826048,4,discern-proc-so,R (running),cache-compromised.bnsdq.ozxfs.vcwss-vmdrv.kvugl,2.674705493313566,1
1759279145,57275,1,0,0,0,0,0,0,0,0,1647706112,1580597248,21315584,N/A,135168,82202624,5,discern-interfa,S (sleeping),cache-compromised.bnsdq.ozxfs.vcwss-vmdrv.kvugl,0.01726286480581817,1
1759279151,376,1,103,103,103,103,109,109,109,109,160043008,160043008,151621632,N/A,135168,152313856,1,dbus-daemon,S (sleeping),cache-compromised.bnsdq.ozxfs.vcwss-vmdrv.kvugl,0.294724612242558,1
1759279151,3355,1,0,0,0,0,0,0,0,0,1922494464,1922494464,47996928,N/A,135168,174923776,13,discern-network,S (sleeping),cache-compromised.bnsdq.ozxfs.vcwss-vmdrv.kvugl,0.5083986378506563,1
1759279151,179,1,0,0,0,0,0,0,0,0,125087744,125087744,37797888,4096,135168,28098560,1,systemd-journal,S (sleeping),cache-compromised.bnsdq.ozxfs.vcwss-vmdrv.kvugl,0.19307225217461793,1
1759279151,57029,1,0,0,0,0,0,0,0,0,1264619520,1264619520,17158144,N/A,135168,45826048,4,discern-proc-so,S (sleeping),cache-compromised.bnsdq.ozxfs.vcwss-vmdrv.kvugl,2.676116399763032,1
1759279151,57275,1,0,0,0,0,0,0,0,0,1647706112,1580597248,21315584,N/A,135168,82202624,5,discern-interfa,S (sleeping),cache-compromised.bnsdq.ozxfs.vcwss-vmdrv.kvugl,0.016526454173567223,1
1759279152,380,1,103,103,103,103,109,109,109,109,38969344,38969344,33394688,N/A,135168,31240192,1,dbus-daemon,S (sleeping),cache-compromised.bnsdq.ozxfs.vcwss-vmdrv.kvugl,0.20618334533896585,0
1759279152,173536,1,0,0,0,0,0,0,0,0,1921187840,1921187840,25120768,N/A,135168,152252416,13,discern-network,S (sleeping),cache-compromised.bnsdq.ozxfs.vcwss-vmdrv.kvugl,2.191610817766012,0
1759279152,173510,1,0,0,0,0,0,0,0,0,1580597248,1580597248,25075712,N/A,135168,82202624,5,discern-interfa,S (sleeping),cache-compromised.bnsdq.ozxfs.vcwss-vmdrv.kvugl,1.0456051147773386,0
1759279152,173538,1,0,0,0,0,0,0,0,0,1264062464,1264062464,20414464,N/A,135168,49496064,4,discern-file-so,R (running),cache-compromised.bnsdq.ozxfs.vcwss-vmdrv.kvugl,9.856972913542235,0
1759279152,173553,1,0,0,0,0,0,0,0,0,1264357376,1264357376,15257600,N/A,135168,45563904,3,discern-proc-so,R (running),cache-compromised.bnsdq.ozxfs.vcwss-vmdrv.kvugl,9.853638488036033,0
1759279156,376,1,103,103,103,103,109,109,109,109,160313344,160313344,151891968,N/A,135168,152584192,1,dbus-daemon,S (sleeping),cache-compromised.bnsdq.ozxfs.vcwss-vmdrv.kvugl,0.2948484015278784,1
1759279156,3355,1,0,0,0,0,0,0,0,0,1922494464,1922494464,47996928,N/A,135168,174923776,13,discern-network,S (sleeping),cache-compromised.bnsdq.ozxfs.vcwss-vmdrv.kvugl,0.5082300611576944,1
1759279156,179,1,0,0,0,0,0,0,0,0,125087744,125087744,37797888,4096,135168,28098560,1,systemd-journal,S (sleeping),cache-compromised.bnsdq.ozxfs.vcwss-vmdrv.kvugl,0.19307326281898218,1
1759279156,57029,1,0,0,0,0,0,0,0,0,1264619520,1264619520,17158144,N/A,135168,45826048,4,discern-proc-so,S (sleeping),cache-compromised.bnsdq.ozxfs.vcwss-vmdrv.kvugl,2.6704039849615357,1
1759279156,57275,1,0,0,0,0,0,0,0,0,1647706112,1580597248,21315584,N/A,135168,82202624,5,discern-interfa,S (sleeping),cache-compromised.bnsdq.ozxfs.vcwss-vmdrv.kvugl,0.01585071882874325,1
1759279161,376,1,103,103,103,103,109,109,109,109,160583680,160583680,152162304,N/A,135168,152854528,1,dbus-daemon,S (sleeping),cache-compromised.bnsdq.ozxfs.vcwss-vmdrv.kvugl,0.29497070416670684,1
1759279161,3355,1,0,0,0,0,0,0,0,0,1922494464,1922494464,47996928,N/A,135168,174923776,13,discern-network,S (sleeping),cache-compromised.bnsdq.ozxfs.vcwss-vmdrv.kvugl,0.5080598625841362,1
1759279161,179,1,0,0,0,0,0,0,0,0,125087744,125087744,37797888,4096,135168,28098560,1,systemd-journal,S (sleeping),cache-compromised.bnsdq.ozxfs.vcwss-vmdrv.kvugl,0.19307350965901132,1
1759279161,57029,1,0,0,0,0,0,0,0,0,1264619520,1264619520,17158144,N/A,135168,45826048,4,discern-proc-so,S (sleeping),cache-compromised.bnsdq.ozxfs.vcwss-vmdrv.kvugl,2.6853149113301,1
1759279161,57275,1,0,0,0,0,0,0,0,0,1647706112,1580597248,21315584,N/A,135168,82202624,5,discern-interfa,S (sleeping),cache-compromised.bnsdq.ozxfs.vcwss-vmdrv.kvugl,0.015226303219504201,1
1759279163,380,1,103,103,103,103,109,109,109,109,38969344,38969344,33394688,N/A,135168,31240192,1,dbus-daemon,S (sleeping),cache-compromised.bnsdq.ozxfs.vcwss-vmdrv.kvugl,0.20617198400268594,0
1759279163,173708,1,0,0,0,0,0,0,0,0,1954725888,1921449984,25927680,N/A,135168,152514560,13,discern-network,S (sleeping),cache-compromised.bnsdq.ozxfs.vcwss-vmdrv.kvugl,0.8419247218840179,0
1759279163,173721,1,0,0,0,0,0,0,0,0,1647706112,1580597248,22388736,N/A,135168,82202624,5,discern-interfa,S (sleeping),cache-compromised.bnsdq.ozxfs.vcwss-vmdrv.kvugl,1.6834176826597407,0
1759279163,173735,1,0,0,0,0,0,0,0,0,1264357376,1264357376,15142912,N/A,135168,45563904,4,discern-proc-so,S (sleeping),cache-compromised.bnsdq.ozxfs.vcwss-vmdrv.kvugl,7.573473714434267,0
1759279163,181,1,0,0,0,0,0,0,0,0,154447872,116678656,38170624,4096,135168,28073984,1,systemd-journal,S (sleeping),cache-compromised.bnsdq.ozxfs.vcwss-vmdrv.kvugl,0.22695916949624861,0
1759279166,376,1,103,103,103,103,109,109,109,109,160718848,160718848,152162304,N/A,135168,152989696,1,dbus-daemon,S (sleeping),cache-compromised.bnsdq.ozxfs.vcwss-vmdrv.kvugl,0.29483631502286584,1
1759279166,3355,1,0,0,0,0,0,0,0,0,1922494464,1922494464,47996928,N/A,135168,174923776,13,discern-network,S (sleeping),cache-compromised.bnsdq.ozxfs.vcwss-vmdrv.kvugl,0.5081620526171085,1
1759279166,179,1,0,0,0,0,0,0,0,0,125087744,125087744,37797888,4096,135168,28098560,1,systemd-journal,S (sleeping),cache-compromised.bnsdq.ozxfs.vcwss-vmdrv.kvugl,0.19281706513928162,1
1759279166,57029,1,0,0,0,0,0,0,0,0,1264619520,1264619520,17158144,N/A,135168,45826048,4,discern-proc-so,R (running),cache-compromised.bnsdq.ozxfs.vcwss-vmdrv.kvugl,2.6796727282622155,1
1759279166,57275,1,0,0,0,0,0,0,0,0,1647706112,1580597248,21315584,N/A,135168,82202624,5,discern-interfa,S (sleeping),cache-compromised.bnsdq.ozxfs.vcwss-vmdrv.kvugl,0.014650819599686388,1
1759279171,376,1,103,103,103,103,109,109,109,109,160854016,160854016,152432640,N/A,135168,153124864,1,dbus-daemon,S (sleeping),cache-compromised.bnsdq.ozxfs.vcwss-vmdrv.kvugl,0.29495807479523406,1
1759279171,3355,1,0,0,0,0,0,0,0,0,1922494464,1922494464,47996928,N/A,135168,174923776,13,discern-network,S (sleeping),cache-compromised.bnsdq.ozxfs.vcwss-vmdrv.kvugl,0.5082614922902817,1
1759279171,179,1,0,0,0,0,0,0,0,0,125087744,125087744,37797888,4096,135168,28098560,1,systemd-journal,S (sleeping),cache-compromised.bnsdq.ozxfs.vcwss-vmdrv.kvugl,0.1928174991773261,1
1759279171,57029,1,0,0,0,0,0,0,0,0,1264619520,1264619520,17158144,N/A,135168,45826048,4,discern-proc-so,R (running),cache-compromised.bnsdq.ozxfs.vcwss-vmdrv.kvugl,2.693240779974885,1
1759279171,57275,1,0,0,0,0,0,0,0,0,1647706112,1580597248,21315584,N/A,135168,82202624,5,discern-interfa,S (sleeping),cache-compromised.bnsdq.ozxfs.vcwss-vmdrv.kvugl,0.014115456723581537,1
1759279173,380,1,103,103,103,103,109,109,109,109,38969344,38969344,33394688,N/A,135168,31240192,1,dbus-daemon,S (sleeping),cache-compromised.bnsdq.ozxfs.vcwss-vmdrv.kvugl,0.20616160203335274,0
1759279173,173909,1,0,0,0,0,0,0,0,0,1505095680,1505095680,22614016,N/A,135168,73678848,4,discern-interfa,S (sleeping),cache-compromised.bnsdq.ozxfs.vcwss-vmdrv.kvugl,0.0,0
1759279173,173892,1,0,0,0,0,0,0,0,0,1264324608,1264324608,20602880,N/A,135168,49758208,4,discern-file-so,D (disk sleep),cache-compromised.bnsdq.ozxfs.vcwss-vmdrv.kvugl,10.609514597838022,0
1759279173,173930,1,0,0,0,0,0,0,0,0,1264357376,1264357376,16646144,N/A,135168,45563904,4,discern-proc-so,S (sleeping),cache-compromised.bnsdq.ozxfs.vcwss-vmdrv.kvugl,5.65705318598058,0
1759279173,181,1,0,0,0,0,0,0,0,0,154447872,116678656,38170624,4096,135168,28073984,1,systemd-journal,S (sleeping),cache-compromised.bnsdq.ozxfs.vcwss-vmdrv.kvugl,0.22712001562860143,0
1759279176,376,1,103,103,103,103,109,109,109,109,160989184,160989184,152432640,N/A,135168,153260032,1,dbus-daemon,S (sleeping),cache-compromised.bnsdq.ozxfs.vcwss-vmdrv.kvugl,0.294824383545878,1
1759279176,3355,1,0,0,0,0,0,0,0,0,1922494464,1922494464,47996928,N/A,135168,174923776,13,discern-network,S (sleeping),cache-compromised.bnsdq.ozxfs.vcwss-vmdrv.kvugl,0.5080945862041497,1
1759279176,179,1,0,0,0,0,0,0,0,0,125087744,125087744,37797888,4096,135168,28098560,1,systemd-journal,S (sleeping),cache-compromised.bnsdq.ozxfs.vcwss-vmdrv.kvugl,0.19281903568472297,1
1759279176,57029,1,0,0,0,0,0,0,0,0,1264619520,1264619520,17158144,N/A,135168,45826048,4,discern-proc-so,R (running),cache-compromised.bnsdq.ozxfs.vcwss-vmdrv.kvugl,2.681598460032298,1
1759279176,57275,1,0,0,0,0,0,0,0,0,1647706112,1580597248,21315584,N/A,135168,82202624,5,discern-interfa,S (sleeping),cache-compromised.bnsdq.ozxfs.vcwss-vmdrv.kvugl,0.013619908380958804,1
1759279182,376,1,103,103,103,103,109,109,109,109,161124352,161124352,152702976,N/A,135168,153395200,1,dbus-daemon,S (sleeping),cache-compromised.bnsdq.ozxfs.vcwss-vmdrv.kvugl,0.29468960114604076,1
1759279182,3355,1,0,0,0,0,0,0,0,0,1922494464,1922494464,47996928,N/A,135168,174923776,13,discern-network,S (sleeping),cache-compromised.bnsdq.ozxfs.vcwss-vmdrv.kvugl,0.5079255272039864,1
1759279182,179,1,0,0,0,0,0,0,0,0,125087744,125087744,37797888,4096,135168,28098560,1,systemd-journal,S (sleeping),cache-compromised.bnsdq.ozxfs.vcwss-vmdrv.kvugl,0.19281962103292974,1
1759279182,57029,1,0,0,0,0,0,0,0,0,1264619520,1264619520,17158144,N/A,135168,45826048,4,discern-proc-so,R (running),cache-compromised.bnsdq.ozxfs.vcwss-vmdrv.kvugl,2.6943182857184635,1
1759279182,57275,1,0,0,0,0,0,0,0,0,1647706112,1580597248,21315584,N/A,135168,82202624,5,discern-interfa,S (sleeping),cache-compromised.bnsdq.ozxfs.vcwss-vmdrv.kvugl,0.01315631673116795,1
1759279183,380,1,103,103,103,103,109,109,109,109,38969344,38969344,33394688,N/A,135168,31240192,1,dbus-daemon,S (sleeping),cache-compromised.bnsdq.ozxfs.vcwss-vmdrv.kvugl,0.20615201032711358,0
1759279183,174106,1,0,0,0,0,0,0,0,0,1264357376,1264357376,16531456,N/A,135168,45563904,4,discern-proc-so,R (running),cache-compromised.bnsdq.ozxfs.vcwss-vmdrv.kvugl,4.9969583015122865,0
1759279183,174096,1,0,0,0,0,0,0,0,0,1264062464,1264062464,17862656,N/A,135168,49496064,4,discern-file-so,R (running),cache-compromised.bnsdq.ozxfs.vcwss-vmdrv.kvugl,6.245431587798762,0
1759279183,181,1,0,0,0,0,0,0,0,0,154447872,116678656,38170624,4096,135168,28073984,1,systemd-journal,S (sleeping),cache-compromised.bnsdq.ozxfs.vcwss-vmdrv.kvugl,0.22718569580852033,0
1759279183,174105,1,0,0,0,0,0,0,0,0,1263157248,1263157248,10428416,N/A,135168,40206336,4,discern-os-sorc,S (sleeping),cache-compromised.bnsdq.ozxfs.vcwss-vmdrv.kvugl,0.0,0
1759279187,376,1,103,103,103,103,109,109,109,109,161394688,161394688,152973312,N/A,135168,153665536,1,dbus-daemon,S (sleeping),cache-compromised.bnsdq.ozxfs.vcwss-vmdrv.kvugl,0.2948125911010146,1
1759279187,3355,1,0,0,0,0,0,0,0,0,1922494464,1922494464,47996928,N/A,135168,174923776,13,discern-network,S (sleeping),cache-compromised.bnsdq.ozxfs.vcwss-vmdrv.kvugl,0.5080276316729283,1
1759279187,179,1,0,0,0,0,0,0,0,0,125087744,125087744,37797888,4096,135168,28098560,1,systemd-journal,S (sleeping),cache-compromised.bnsdq.ozxfs.vcwss-vmdrv.kvugl,0.1928210461514205,1
1759279187,57029,1,0,0,0,0,0,0,0,0,1264619520,1264619520,17158144,N/A,135168,45826048,4,discern-proc-so,R (running),cache-compromised.bnsdq.ozxfs.vcwss-vmdrv.kvugl,2.689117142360906,1
1759279187,57275,1,0,0,0,0,0,0,0,0,1647706112,1580597248,21315584,N/A,135168,82202624,5,discern-interfa,S (sleeping),cache-compromised.bnsdq.ozxfs.vcwss-vmdrv.kvugl,0.012724624624173873,1
1759279192,376,1,103,103,103,103,109,109,109,109,161665024,161665024,153243648,N/A,135168,153935872,1,dbus-daemon,S (sleeping),cache-compromised.bnsdq.ozxfs.vcwss-vmdrv.kvugl,0.29493533745745354,1
1759279192,3355,1,0,0,0,0,0,0,0,0,1922494464,1922494464,47996928,N/A,135168,174923776,13,discern-network,S (sleeping),cache-compromised.bnsdq.ozxfs.vcwss-vmdrv.kvugl,0.5078615911269055,1
1759279192,179,1,0,0,0,0,0,0,0,0,125087744,125087744,37797888,4096,135168,28098560,1,systemd-journal,S (sleeping),cache-compromised.bnsdq.ozxfs.vcwss-vmdrv.kvugl,0.19282251585087928,1
1759279192,57029,1,0,0,0,0,0,0,0,0,1264619520,1264619520,17158144,N/A,135168,45826048,4,discern-proc-so,S (sleeping),cache-compromised.bnsdq.ozxfs.vcwss-vmdrv.kvugl,2.6898724725043435,1
1759279192,57275,1,0,0,0,0,0,0,0,0,1647706112,1580597248,21315584,N/A,135168,82202624,5,discern-interfa,S (sleeping),cache-compromised.bnsdq.ozxfs.vcwss-vmdrv.kvugl,0.012320435040997493,1
1759279193,380,1,103,103,103,103,109,109,109,109,38969344,38969344,33394688,N/A,135168,31240192,1,dbus-daemon,S (sleeping),cache-compromised.bnsdq.ozxfs.vcwss-vmdrv.kvugl,0.20604452116086316,0
1759279193,174309,1,0,0,0,0,0,0,0,0,1954725888,1937973248,24113152,N/A,135168,169029632,15,discern-network,S (sleeping),cache-compromised.bnsdq.ozxfs.vcwss-vmdrv.kvugl,0.0,0
1759279193,181,1,0,0,0,0,0,0,0,0,154447872,116678656,38170624,4096,135168,28073984,1,systemd-journal,S (sleeping),cache-compromised.bnsdq.ozxfs.vcwss-vmdrv.kvugl,0.22734431040431372,0
1759279193,174293,1,0,0,0,0,0,0,0,0,1264062464,1264062464,20774912,N/A,135168,49496064,4,discern-file-so,R (running),cache-compromised.bnsdq.ozxfs.vcwss-vmdrv.kvugl,11.040232280128,0
1759279193,174296,1,0,0,0,0,0,0,0,0,1264357376,1264357376,14946304,N/A,135168,45563904,4,discern-proc-so,S (sleeping),cache-compromised.bnsdq.ozxfs.vcwss-vmdrv.kvugl,9.933096960869765,0
1759279197,376,1,103,103,103,103,109,109,109,109,161828864,161828864,153243648,N/A,135168,154099712,1,dbus-daemon,S (sleeping),cache-compromised.bnsdq.ozxfs.vcwss-vmdrv.kvugl,0.29480222038769804,1
1759279197,3355,1,0,0,0,0,0,0,0,0,1922494464,1922494464,47996928,N/A,135168,174923776,13,discern-network,S (sleeping),cache-compromised.bnsdq.ozxfs.vcwss-vmdrv.kvugl,0.5082311314386379,1
1759279197,179,1,0,0,0,0,0,0,0,0,125087744,125087744,37797888,4096,135168,28098560,1,systemd-journal,S (sleeping),cache-compromised.bnsdq.ozxfs.vcwss-vmdrv.kvugl,0.19282393425014255,1
1759279197,57029,1,0,0,0,0,0,0,0,0,1264619520,1264619520,17158144,N/A,135168,45826048,4,discern-proc-so,R (running),cache-compromised.bnsdq.ozxfs.vcwss-vmdrv.kvugl,2.6905710862741383,1
1759279197,57275,1,0,0,0,0,0,0,0,0,1647706112,1580597248,21315584,N/A,135168,82202624,5,discern-interfa,S (sleeping),cache-compromised.bnsdq.ozxfs.vcwss-vmdrv.kvugl,0.011941065721576908,1
1759279202,376,1,103,103,103,103,109,109,109,109,162103296,162103296,153513984,N/A,135168,154374144,1,dbus-daemon,S (sleeping),cache-compromised.bnsdq.ozxfs.vcwss-vmdrv.kvugl,0.2949247215086362,1
1759279202,3355,1,0,0,0,0,0,0,0,0,1922494464,1922494464,47996928,N/A,135168,174923776,13,discern-network,S (sleeping),cache-compromised.bnsdq.ozxfs.vcwss-vmdrv.kvugl,0.5080653867121293,1
1759279202,179,1,0,0,0,0,0,0,0,0,125087744,125087744,37797888,4096,135168,28098560,1,systemd-journal,S (sleeping),cache-compromised.bnsdq.ozxfs.vcwss-vmdrv.kvugl,0.19308050103139532,1
1759279202,57029,1,0,0,0,0,0,0,0,0,1264619520,1264619520,17158144,N/A,135168,45826048,4,discern-proc-so,S (sleeping),cache-compromised.bnsdq.ozxfs.vcwss-vmdrv.kvugl,2.6805997864413427,1
1759279202,57275,1,0,0,0,0,0,0,0,0,1647706112,1580597248,21315584,N/A,135168,82202624,5,discern-interfa,S (sleeping),cache-compromised.bnsdq.ozxfs.vcwss-vmdrv.kvugl,0.011584487697286719,1
1759279204,380,1,103,103,103,103,109,109,109,109,38969344,38969344,33394688,N/A,135168,31240192,1,dbus-daemon,S (sleeping),cache-compromised.bnsdq.ozxfs.vcwss-vmdrv.kvugl,0.20612723708103858,0
1759279204,174498,1,0,0,0,0,0,0,0,0,1505095680,1505095680,21692416,N/A,135168,73678848,4,discern-interfa,S (sleeping),cache-compromised.bnsdq.ozxfs.vcwss-vmdrv.kvugl,0.0,0
1759279204,174467,1,0,0,0,0,0,0,0,0,1264586752,1264586752,42905600,N/A,135168,83574784,4,discern-file-so,R (running),cache-compromised.bnsdq.ozxfs.vcwss-vmdrv.kvugl,16.640180939685727,0
1759279204,174495,1,0,0,0,0,0,0,0,0,1264357376,1264357376,14766080,N/A,135168,45563904,4,discern-proc-so,S (sleeping),cache-compromised.bnsdq.ozxfs.vcwss-vmdrv.kvugl,9.507817533182337,0
1759279204,181,1,0,0,0,0,0,0,0,0,154447872,125067264,38170624,4096,135168,28073984,1,systemd-journal,S (sleeping),cache-compromised.bnsdq.ozxfs.vcwss-vmdrv.kvugl,0.22740595632707916,0
1759279207,376,1,103,103,103,103,109,109,109,109,162238464,162238464,153784320,N/A,135168,154509312,1,dbus-daemon,S (sleeping),cache-compromised.bnsdq.ozxfs.vcwss-vmdrv.kvugl,0.29479068026369915,1
1759279207,3355,1,0,0,0,0,0,0,0,0,1922494464,1922494464,47996928,N/A,135168,174923776,13,discern-network,S (sleeping),cache-compromised.bnsdq.ozxfs.vcwss-vmdrv.kvugl,0.5078975023904908,1
1759279207,179,1,0,0,0,0,0,0,0,0,125087744,125087744,37797888,4096,135168,28098560,1,systemd-journal,S (sleeping),cache-compromised.bnsdq.ozxfs.vcwss-vmdrv.kvugl,0.1928260021277504,1
1759279207,57029,1,0,0,0,0,0,0,0,0,1264619520,1264619520,17158144,N/A,135168,45826048,4,discern-proc-so,R (running),cache-compromised.bnsdq.ozxfs.vcwss-vmdrv.kvugl,2.6864543627981163,1
1759279207,57275,1,0,0,0,0,0,0,0,0,1647706112,1580597248,21315584,N/A,135168,82202624,5,discern-interfa,S (sleeping),cache-compromised.bnsdq.ozxfs.vcwss-vmdrv.kvugl,0.011247372231759367,1
1759279212,376,1,103,103,103,103,109,109,109,109,162373632,162373632,153784320,N/A,135168,154644480,1,dbus-daemon,S (sleeping),cache-compromised.bnsdq.ozxfs.vcwss-vmdrv.kvugl,0.29465886560782323,1
1759279212,3355,1,0,0,0,0,0,0,0,0,1922494464,1922494464,47996928,N/A,135168,174923776,13,discern-network,S (sleeping),cache-compromised.bnsdq.ozxfs.vcwss-vmdrv.kvugl,0.5077334872482148,1
1759279212,179,1,0,0,0,0,0,0,0,0,125087744,125087744,37797888,4096,135168,28098560,1,systemd-journal,S (sleeping),cache-compromised.bnsdq.ozxfs.vcwss-vmdrv.kvugl,0.19282779798399788,1
1759279212,57029,1,0,0,0,0,0,0,0,0,1264619520,1264619520,17158144,N/A,135168,45826048,4,discern-proc-so,R (running),cache-compromised.bnsdq.ozxfs.vcwss-vmdrv.kvugl,2.6822435861928193,1
1759279212,57275,1,0,0,0,0,0,0,0,0,1647706112,1580597248,21315584,N/A,135168,82202624,5,discern-interfa,S (sleeping),cache-compromised.bnsdq.ozxfs.vcwss-vmdrv.kvugl,0.010930831484681417,1
1759279214,380,1,103,103,103,103,109,109,109,109,38969344,38969344,33394688,N/A,135168,31240192,1,dbus-daemon,S (sleeping),cache-compromised.bnsdq.ozxfs.vcwss-vmdrv.kvugl,0.20611813704492604,0
1759279214,174681,1,0,0,0,0,0,0,0,0,1954725888,1929580544,24666112,N/A,135168,160641024,14,discern-network,S (sleeping),cache-compromised.bnsdq.ozxfs.vcwss-vmdrv.kvugl,1.4010853161333354,0
1759279214,174668,1,0,0,0,0,0,0,0,0,1647706112,1580597248,21012480,N/A,135168,82202624,5,discern-interfa,S (sleeping),cache-compromised.bnsdq.ozxfs.vcwss-vmdrv.kvugl,0.7002025945180901,0
1759279214,181,1,0,0,0,0,0,0,0,0,154447872,125067264,38170624,4096,135168,28073984,1,systemd-journal,S (sleeping),cache-compromised.bnsdq.ozxfs.vcwss-vmdrv.kvugl,0.22756703262913724,0
1759279214,174676,1,0,0,0,0,0,0,0,0,1264357376,1264357376,15085568,N/A,135168,45563904,4,discern-proc-so,S (sleeping),cache-compromised.bnsdq.ozxfs.vcwss-vmdrv.kvugl,5.600054259485725,0
1759279218,376,1,103,103,103,103,109,109,109,109,162508800,162508800,154054656,N/A,135168,154779648,1,dbus-daemon,S (sleeping),cache-compromised.bnsdq.ozxfs.vcwss-vmdrv.kvugl,0.29477952410638986,1
1759279218,3355,1,0,0,0,0,0,0,0,0,1922494464,1922494464,47996928,N/A,135168,174923776,13,discern-network,S (sleeping),cache-compromised.bnsdq.ozxfs.vcwss-vmdrv.kvugl,0.5078324746743346,1
1759279218,179,1,0,0,0,0,0,0,0,0,125087744,125087744,37797888,4096,135168,28098560,1,systemd-journal,S (sleeping),cache-compromised.bnsdq.ozxfs.vcwss-vmdrv.kvugl,0.19282828086902415,1
1759279218,57029,1,0,0,0,0,0,0,0,0,1264619520,1264619520,17158144,N/A,135168,45826048,4,discern-proc-so,R (running),cache-compromised.bnsdq.ozxfs.vcwss-vmdrv.kvugl,2.687739157868761,1
1759279218,57275,1,0,0,0,0,0,0,0,0,1647706112,1580597248,21315584,N/A,135168,82202624,5,discern-interfa,S (sleeping),cache-compromised.bnsdq.ozxfs.vcwss-vmdrv.kvugl,0.01063011006240753,1
1759279223,376,1,103,103,103,103,109,109,109,109,162643968,162643968,154324992,N/A,135168,154914816,1,dbus-daemon,S (sleeping),cache-compromised.bnsdq.ozxfs.vcwss-vmdrv.kvugl,0.29464786845719104,1
1759279223,3355,1,0,0,0,0,0,0,0,0,1922494464,1922494464,47996928,N/A,135168,174923776,13,discern-network,S (sleeping),cache-compromised.bnsdq.ozxfs.vcwss-vmdrv.kvugl,0.5079344195227434,1
1759279223,179,1,0,0,0,0,0,0,0,0,125087744,125087744,37797888,4096,135168,28098560,1,systemd-journal,S (sleeping),cache-compromised.bnsdq.ozxfs.vcwss-vmdrv.kvugl,0.19282993277064253,1
1759279223,57029,1,0,0,0,0,0,0,0,0,1264619520,1264619520,17158144,N/A,135168,45826048,4,discern-proc-so,S (sleeping),cache-compromised.bnsdq.ozxfs.vcwss-vmdrv.kvugl,2.6884700040428697,1
1759279223,57275,1,0,0,0,0,0,0,0,0,1647706112,1580597248,21315584,N/A,135168,82202624,5,discern-interfa,S (sleeping),cache-compromised.bnsdq.ozxfs.vcwss-vmdrv.kvugl,0.01034677172700705,1
1759279224,380,1,103,103,103,103,109,109,109,109,38969344,38969344,33394688,N/A,135168,31240192,1,dbus-daemon,S (sleeping),cache-compromised.bnsdq.ozxfs.vcwss-vmdrv.kvugl,0.20610705070455707,0
1759279224,174878,1,0,0,0,0,0,0,0,0,1647706112,1580597248,21295104,N/A,135168,82202624,5,discern-interfa,S (sleeping),cache-compromised.bnsdq.ozxfs.vcwss-vmdrv.kvugl,0.5899732348435476,0
1759279224,174845,1,0,0,0,0,0,0,0,0,1264586752,1264586752,20668416,N/A,135168,50020352,4,discern-file-so,D (disk sleep),cache-compromised.bnsdq.ozxfs.vcwss-vmdrv.kvugl,9.437131582345605,0
1759279224,181,1,0,0,0,0,0,0,0,0,154447872,125067264,38170624,4096,135168,28073984,1,systemd-journal,S (sleeping),cache-compromised.bnsdq.ozxfs.vcwss-vmdrv.kvugl,0.22763027914989606,0
1759279224,174867,1,0,0,0,0,0,0,0,0,1264357376,1264357376,14864384,N/A,135168,45563904,4,discern-proc-so,S (sleeping),cache-compromised.bnsdq.ozxfs.vcwss-vmdrv.kvugl,5.894539419460924,0
1759279228,376,1,103,103,103,103,109,109,109,109,162914304,162914304,154324992,N/A,135168,155185152,1,dbus-daemon,S (sleeping),cache-compromised.bnsdq.ozxfs.vcwss-vmdrv.kvugl,0.2947678510059579,1
1759279228,3355,1,0,0,0,0,0,0,0,0,1922494464,1922494464,47996928,N/A,135168,174923776,13,discern-network,S (sleeping),cache-compromised.bnsdq.ozxfs.vcwss-vmdrv.kvugl,0.5077667444842877,1
1759279228,179,1,0,0,0,0,0,0,0,0,125087744,125087744,37797888,4096,135168,28098560,1,systemd-journal,S (sleeping),cache-compromised.bnsdq.ozxfs.vcwss-vmdrv.kvugl,0.1928301622661084,1
1759279228,57029,1,0,0,0,0,0,0,0,0,1264619520,1264619520,17158144,N/A,135168,45826048,4,discern-proc-so,R (running),cache-compromised.bnsdq.ozxfs.vcwss-vmdrv.kvugl,2.6934840333469077,1
1759279228,57275,1,0,0,0,0,0,0,0,0,1647706112,1580597248,21315584,N/A,135168,82202624,5,discern-interfa,S (sleeping),cache-compromised.bnsdq.ozxfs.vcwss-vmdrv.kvugl,0.010076668382172166,1
1759279233,376,1,103,103,103,103,109,109,109,109,163049472,163049472,154595328,N/A,135168,155320320,1,dbus-daemon,S (sleeping),cache-compromised.bnsdq.ozxfs.vcwss-vmdrv.kvugl,0.29463609595608087,1
1759279233,3355,1,0,0,0,0,0,0,0,0,1922494464,1922494464,47996928,N/A,135168,174923776,13,discern-network,S (sleeping),cache-compromised.bnsdq.ozxfs.vcwss-vmdrv.kvugl,0.5078676786976685,1
1759279233,179,1,0,0,0,0,0,0,0,0,125087744,125087744,37797888,4096,135168,28098560,1,systemd-journal,S (sleeping),cache-compromised.bnsdq.ozxfs.vcwss-vmdrv.kvugl,0.19283150994105724,1
1759279233,57029,1,0,0,0,0,0,0,0,0,1264619520,1264619520,17158144,N/A,135168,45826048,4,discern-proc-so,R (running),cache-compromised.bnsdq.ozxfs.vcwss-vmdrv.kvugl,2.6985438353192364,1
1759279233,57275,1,0,0,0,0,0,0,0,0,1647706112,1580597248,21315584,N/A,135168,82202624,5,discern-interfa,S (sleeping),cache-compromised.bnsdq.ozxfs.vcwss-vmdrv.kvugl,0.009821417354072123,1
1759279234,380,1,103,103,103,103,109,109,109,109,38969344,38969344,33394688,N/A,135168,31240192,1,dbus-daemon,S (sleeping),cache-compromised.bnsdq.ozxfs.vcwss-vmdrv.kvugl,0.20609695475972342,0
1759279234,175034,1,0,0,0,0,0,0,0,0,1954725888,1921449984,29257728,N/A,135168,152514560,13,discern-network,S (sleeping),cache-compromised.bnsdq.ozxfs.vcwss-vmdrv.kvugl,1.5684845888933612,0
1759279234,175066,1,0,0,0,0,0,0,0,0,1647706112,1580597248,20721664,N/A,135168,82202624,5,discern-interfa,S (sleeping),cache-compromised.bnsdq.ozxfs.vcwss-vmdrv.kvugl,1.0955276706418056,0
1759279234,181,1,0,0,0,0,0,0,0,0,154447872,125067264,38170624,4096,135168,28073984,1,systemd-journal,S (sleeping),cache-compromised.bnsdq.ozxfs.vcwss-vmdrv.kvugl,0.2278849454994962,0
1759279234,175040,1,0,0,0,0,0,0,0,0,1264357376,1264357376,15171584,N/A,135168,45563904,4,discern-proc-so,R (running),cache-compromised.bnsdq.ozxfs.vcwss-vmdrv.kvugl,4.703789622795882,0
1759279238,376,1,103,103,103,103,109,109,109,109,163319808,163319808,154865664,N/A,135168,155590656,1,dbus-daemon,S (sleeping),cache-compromised.bnsdq.ozxfs.vcwss-vmdrv.kvugl,0.29475764415081585,1
1759279238,3355,1,0,0,0,0,0,0,0,0,1922494464,1922494464,47996928,N/A,135168,174923776,13,discern-network,S (sleeping),cache-compromised.bnsdq.ozxfs.vcwss-vmdrv.kvugl,0.5077039262821398,1
1759279238,179,1,0,0,0,0,0,0,0,0,125087744,125087744,37797888,4096,135168,28098560,1,systemd-journal,S (sleeping),cache-compromised.bnsdq.ozxfs.vcwss-vmdrv.kvugl,0.1928329608182939,1
1759279238,57029,1,0,0,0,0,0,0,0,0,1264619520,1264619520,17158144,N/A,135168,45826048,4,discern-proc-so,R (running),cache-compromised.bnsdq.ozxfs.vcwss-vmdrv.kvugl,2.6944599071105317,1
1759279238,57275,1,0,0,0,0,0,0,0,0,1647706112,1580597248,21315584,N/A,135168,82202624,5,discern-interfa,S (sleeping),cache-compromised.bnsdq.ozxfs.vcwss-vmdrv.kvugl,0.009578882196761746,1
1759279243,376,1,103,103,103,103,109,109,109,109,163454976,163454976,154865664,N/A,135168,155725824,1,dbus-daemon,S (sleeping),cache-compromised.bnsdq.ozxfs.vcwss-vmdrv.kvugl,0.29462610560398705,1
1759279243,3355,1,0,0,0,0,0,0,0,0,1922494464,1922494464,47996928,N/A,135168,174923776,13,discern-network,S (sleeping),cache-compromised.bnsdq.ozxfs.vcwss-vmdrv.kvugl,0.5075400668675233,1
1759279243,179,1,0,0,0,0,0,0,0,0,125087744,125087744,37797888,4096,135168,28098560,1,systemd-journal,S (sleeping),cache-compromised.bnsdq.ozxfs.vcwss-vmdrv.kvugl,0.19283420685219532,1
1759279243,57029,1,0,0,0,0,0,0,0,0,1264619520,1264619520,17158144,N/A,135168,45826048,4,discern-proc-so,S (sleeping),cache-compromised.bnsdq.ozxfs.vcwss-vmdrv.kvugl,2.690511299977901,1
1759279243,57275,1,0,0,0,0,0,0,0,0,1647706112,1580597248,21315584,N/A,135168,82202624,5,discern-interfa,S (sleeping),cache-compromised.bnsdq.ozxfs.vcwss-vmdrv.kvugl,0.009347853492130746,1
1759279245,380,1,103,103,103,103,109,109,109,109,38969344,38969344,33394688,N/A,135168,31240192,1,dbus-daemon,S (sleeping),cache-compromised.bnsdq.ozxfs.vcwss-vmdrv.kvugl,0.20608760634404855,0
1759279245,175234,1,0,0,0,0,0,0,0,0,1264324608,1264324608,20627456,N/A,135168,49758208,4,discern-file-so,D (disk sleep),cache-compromised.bnsdq.ozxfs.vcwss-vmdrv.kvugl,11.886492192101587,0
1759279245,175251,1,0,0,0,0,0,0,0,0,1264357376,1264357376,16257024,N/A,135168,45563904,3,discern-proc-so,S (sleeping),cache-compromised.bnsdq.ozxfs.vcwss-vmdrv.kvugl,9.14005503388001,0
1759279245,181,1,0,0,0,0,0,0,0,0,154447872,125067264,38170624,4096,135168,28073984,1,systemd-journal,S (sleeping),cache-compromised.bnsdq.ozxfs.vcwss-vmdrv.kvugl,0.22785448473292638,0
1759279245,175239,1,0,0,0,0,0,0,0,0,1263157248,1263157248,10874880,N/A,135168,40206336,3,discern-os-sorc,S (sleeping),cache-compromised.bnsdq.ozxfs.vcwss-vmdrv.kvugl,0.0,0
1759279249,376,1,103,103,103,103,109,109,109,109,163725312,163725312,155136000,N/A,135168,155996160,1,dbus-daemon,S (sleeping),cache-compromised.bnsdq.ozxfs.vcwss-vmdrv.kvugl,0.29474722300072165,1
1759279249,3355,1,0,0,0,0,0,0,0,0,1922494464,1922494464,47996928,N/A,135168,174923776,13,discern-network,S (sleeping),cache-compromised.bnsdq.ozxfs.vcwss-vmdrv.kvugl,0.5079049421788561,1
1759279249,179,1,0,0,0,0,0,0,0,0,125087744,125087744,37797888,4096,135168,28098560,1,systemd-journal,S (sleeping),cache-compromised.bnsdq.ozxfs.vcwss-vmdrv.kvugl,0.1928355659501854,1
1759279249,57029,1,0,0,0,0,0,0,0,0,1264619520,1264619520,17158144,N/A,135168,45826048,4,discern-proc-so,R (running),cache-compromised.bnsdq.ozxfs.vcwss-vmdrv.kvugl,2.6953072308685826,1
1759279249,57275,1,0,0,0,0,0,0,0,0,1647706112,1580597248,21315584,N/A,135168,82202624,5,discern-interfa,S (sleeping),cache-compromised.bnsdq.ozxfs.vcwss-vmdrv.kvugl,0.009127806302585811,1
1759279254,376,1,103,103,103,103,109,109,109,109,163860480,163860480,155406336,N/A,135168,156131328,1,dbus-daemon,S (sleeping),cache-compromised.bnsdq.ozxfs.vcwss-vmdrv.kvugl,0.29461459318270167,1
1759279254,3355,1,0,0,0,0,0,0,0,0,1922494464,1922494464,47996928,N/A,135168,174923776,13,discern-network,S (sleeping),cache-compromised.bnsdq.ozxfs.vcwss-vmdrv.kvugl,0.5077386461745901,1
1759279254,179,1,0,0,0,0,0,0,0,0,133439488,133439488,37797888,4096,135168,28098560,1,systemd-journal,S (sleeping),cache-compromised.bnsdq.ozxfs.vcwss-vmdrv.kvugl,0.19283585908106166,1
1759279254,57029,1,0,0,0,0,0,0,0,0,1264619520,1264619520,17158144,N/A,135168,45826048,4,discern-proc-so,S (sleeping),cache-compromised.bnsdq.ozxfs.vcwss-vmdrv.kvugl,2.6996494163129663,1
1759279254,57275,1,0,0,0,0,0,0,0,0,1647706112,1580597248,21315584,N/A,135168,82202624,5,discern-interfa,S (sleeping),cache-compromised.bnsdq.ozxfs.vcwss-vmdrv.kvugl,0.008917010235953076,1
1759279255,380,1,103,103,103,103,109,109,109,109,38969344,38969344,33394688,N/A,135168,31240192,1,dbus-daemon,S (sleeping),cache-compromised.bnsdq.ozxfs.vcwss-vmdrv.kvugl,0.20598239277374505,0
1759279255,175420,1,0,0,0,0,0,0,0,0,1954725888,1938235392,24850432,N/A,135168,169291776,15,discern-network,S (sleeping),cache-compromised.bnsdq.ozxfs.vcwss-vmdrv.kvugl,1.5188683205588878,0
1759279255,175423,1,0,0,0,0,0,0,0,0,1505095680,1505095680,22044672,N/A,135168,73678848,4,discern-interfa,S (sleeping),cache-compromised.bnsdq.ozxfs.vcwss-vmdrv.kvugl,0.0,0
1759279255,175441,1,0,0,0,0,0,0,0,0,1264619520,1264619520,15822848,N/A,135168,45826048,4,discern-proc-so,R (running),cache-compromised.bnsdq.ozxfs.vcwss-vmdrv.kvugl,5.3152576304044645,0
1759279255,181,1,0,0,0,0,0,0,0,0,154447872,125067264,38170624,4096,135168,28073984,1,systemd-journal,S (sleeping),cache-compromised.bnsdq.ozxfs.vcwss-vmdrv.kvugl,0.22801327873535757,0
1759279259,376,1,103,103,103,103,109,109,109,109,163995648,163995648,155676672,N/A,135168,156266496,1,dbus-daemon,S (sleeping),cache-compromised.bnsdq.ozxfs.vcwss-vmdrv.kvugl,0.29448398093848277,1
1759279259,3355,1,0,0,0,0,0,0,0,0,1922494464,1922494464,47996928,N/A,135168,174923776,13,discern-network,S (sleeping),cache-compromised.bnsdq.ozxfs.vcwss-vmdrv.kvugl,0.5078390841106821,1
1759279259,179,1,0,0,0,0,0,0,0,0,133439488,133439488,37797888,4096,135168,28098560,1,systemd-journal,S (sleeping),cache-compromised.bnsdq.ozxfs.vcwss-vmdrv.kvugl,0.19258582545377104,1
1759279259,57029,1,0,0,0,0,0,0,0,0,1264619520,1264619520,17158144,N/A,135168,45826048,4,discern-proc-so,R (running),cache-compromised.bnsdq.ozxfs.vcwss-vmdrv.kvugl,2.6999655749431075,1
1759279259,57275,1,0,0,0,0,0,0,0,0,1647706112,1580597248,21315584,N/A,135168,82202624,5,discern-interfa,S (sleeping),cache-compromised.bnsdq.ozxfs.vcwss-vmdrv.kvugl,0.008716584561106525,1
1759279264,376,1,103,103,103,103,109,109,109,109,164130816,164130816,155676672,N/A,135168,156401664,1,dbus-daemon,S (sleeping),cache-compromised.bnsdq.ozxfs.vcwss-vmdrv.kvugl,0.29460326142481946,1
1759279264,3355,1,0,0,0,0,0,0,0,0,1922494464,1922494464,47996928,N/A,135168,174923776,13,discern-network,S (sleeping),cache-compromised.bnsdq.ozxfs.vcwss-vmdrv.kvugl,0.5076734562949292,1
1759279264,179,1,0,0,0,0,0,0,0,0,133439488,133439488,37797888,4096,135168,28098560,1,systemd-journal,S (sleeping),cache-compromised.bnsdq.ozxfs.vcwss-vmdrv.kvugl,0.19258649079054074,1
1759279264,57029,1,0,0,0,0,0,0,0,0,1264619520,1264619520,17158144,N/A,135168,45826048,4,discern-proc-so,S (sleeping),cache-compromised.bnsdq.ozxfs.vcwss-vmdrv.kvugl,2.7040421943564654,1
1759279264,57275,1,0,0,0,0,0,0,0,0,1647706112,1580597248,21315584,N/A,135168,82202624,5,discern-interfa,S (sleeping),cache-compromised.bnsdq.ozxfs.vcwss-vmdrv.kvugl,0.008524189292963419,1
1759279265,380,1,103,103,103,103,109,109,109,109,38969344,38969344,33394688,N/A,135168,31240192,1,dbus-daemon,S (sleeping),cache-compromised.bnsdq.ozxfs.vcwss-vmdrv.kvugl,0.2060649515818668,0
1759279265,175612,1,0,0,0,0,0,0,0,0,1580597248,1580597248,25939968,N/A,135168,82202624,5,discern-interfa,S (sleeping),cache-compromised.bnsdq.ozxfs.vcwss-vmdrv.kvugl,1.8065935998155405,0
1759279265,175642,1,0,0,0,0,0,0,0,0,1953267712,1929580544,23330816,N/A,135168,160641024,14,discern-network,S (sleeping),cache-compromised.bnsdq.ozxfs.vcwss-vmdrv.kvugl,0.6020664316729135,0
1759279265,175643,1,0,0,0,0,0,0,0,0,1264062464,1264062464,21929984,N/A,135168,53690368,4,discern-file-so,S (sleeping),cache-compromised.bnsdq.ozxfs.vcwss-vmdrv.kvugl,4.815955309061666,0
1759279265,181,1,0,0,0,0,0,0,0,0,154447872,125067264,38170624,4096,135168,28073984,1,systemd-journal,S (sleeping),cache-compromised.bnsdq.ozxfs.vcwss-vmdrv.kvugl,0.22816912573381676,0
1759279269,376,1,103,103,103,103,109,109,109,109,164401152,164401152,155947008,N/A,135168,156672000,1,dbus-daemon,S (sleeping),cache-compromised.bnsdq.ozxfs.vcwss-vmdrv.kvugl,0.2944731916485628,1
1759279269,3355,1,0,0,0,0,0,0,0,0,1922494464,1922494464,47996928,N/A,135168,174923776,13,discern-network,S (sleeping),cache-compromised.bnsdq.ozxfs.vcwss-vmdrv.kvugl,0.5077740533398961,1
1759279269,179,1,0,0,0,0,0,0,0,0,133439488,133439488,37797888,4096,135168,28098560,1,systemd-journal,S (sleeping),cache-compromised.bnsdq.ozxfs.vcwss-vmdrv.kvugl,0.19258832039360307,1
1759279269,57029,1,0,0,0,0,0,0,0,0,1264619520,1264619520,17158144,N/A,135168,45826048,4,discern-proc-so,S (sleeping),cache-compromised.bnsdq.ozxfs.vcwss-vmdrv.kvugl,2.7042847508014383,1
1759279269,57275,1,0,0,0,0,0,0,0,0,1647706112,1580597248,21315584,N/A,135168,82202624,5,discern-interfa,S (sleeping),cache-compromised.bnsdq.ozxfs.vcwss-vmdrv.kvugl,0.008340945732001061,1
1759279274,376,1,103,103,103,103,109,109,109,109,164536320,164536320,155947008,N/A,135168,156807168,1,dbus-daemon,S (sleeping),cache-compromised.bnsdq.ozxfs.vcwss-vmdrv.kvugl,0.2943421271620439,1
1759279274,3355,1,0,0,0,0,0,0,0,0,1922494464,1922494464,47996928,N/A,135168,174923776,13,discern-network,S (sleeping),cache-compromised.bnsdq.ozxfs.vcwss-vmdrv.kvugl,0.5078719728911679,1
1759279274,179,1,0,0,0,0,0,0,0,0,133439488,133439488,37797888,4096,135168,28098560,1,systemd-journal,S (sleeping),cache-compromised.bnsdq.ozxfs.vcwss-vmdrv.kvugl,0.19258927321879474,1
1759279274,57029,1,0,0,0,0,0,0,0,0,1264619520,1264619520,17158144,N/A,135168,45826048,4,discern-proc-so,R (running),cache-compromised.bnsdq.ozxfs.vcwss-vmdrv.kvugl,2.704329367619671,1
1759279274,57275,1,0,0,0,0,0,0,0,0,1647706112,1580597248,21315584,N/A,135168,82202624,5,discern-interfa,S (sleeping),cache-compromised.bnsdq.ozxfs.vcwss-vmdrv.kvugl,0.008164809984295099,1
1759279275,380,1,103,103,103,103,109,109,109,109,38969344,38969344,33394688,N/A,135168,31240192,1,dbus-daemon,S (sleeping),cache-compromised.bnsdq.ozxfs.vcwss-vmdrv.kvugl,0.20605456455332705,0
1759279275,175824,1,0,0,0,0,0,0,0,0,1264357376,1264357376,15941632,N/A,135168,45563904,4,discern-proc-so,S (sleeping),cache-compromised.bnsdq.ozxfs.vcwss-vmdrv.kvugl,10.027964404942566,0
1759279275,181,1,0,0,0,0,0,0,0,0,154447872,125067264,38170624,4096,135168,28073984,1,systemd-journal,S (sleeping),cache-compromised.bnsdq.ozxfs.vcwss-vmdrv.kvugl,0.22832700959833901,0
1759279275,175839,1,0,0,0,0,0,0,0,0,1264062464,1264062464,22142976,N/A,135168,53690368,4,discern-file-so,D (disk sleep),cache-compromised.bnsdq.ozxfs.vcwss-vmdrv.kvugl,10.021982550592554,0
1759279275,175812,1,0,0,0,0,0,0,0,0,1263157248,1263157248,10948608,N/A,135168,40206336,4,discern-os-sorc,S (sleeping),cache-compromised.bnsdq.ozxfs.vcwss-vmdrv.kvugl,0.0,0
1759279280,376,1,103,103,103,103,109,109,109,109,164671488,164671488,156217344,N/A,135168,156942336,1,dbus-daemon,S (sleeping),cache-compromised.bnsdq.ozxfs.vcwss-vmdrv.kvugl,0.29446285267513134,1
1759279280,3355,1,0,0,0,0,0,0,0,0,1922494464,1922494464,47996928,N/A,135168,174923776,13,discern-network,S (sleeping),cache-compromised.bnsdq.ozxfs.vcwss-vmdrv.kvugl,0.5079719251422651,1
1759279280,179,1,0,0,0,0,0,0,0,0,133439488,133439488,37797888,4096,135168,28098560,1,systemd-journal,S (sleeping),cache-compromised.bnsdq.ozxfs.vcwss-vmdrv.kvugl,0.19234093872293098,1
1759279280,57029,1,0,0,0,0,0,0,0,0,1264619520,1264619520,17158144,N/A,135168,45826048,4,discern-proc-so,R (running),cache-compromised.bnsdq.ozxfs.vcwss-vmdrv.kvugl,2.7045489762685717,1
1759279280,57275,1,0,0,0,0,0,0,0,0,1647706112,1580597248,21315584,N/A,135168,82202624,5,discern-interfa,S (sleeping),cache-compromised.bnsdq.ozxfs.vcwss-vmdrv.kvugl,0.007996513277532811,1
1759279285,376,1,103,103,103,103,109,109,109,109,165105664,165105664,156487680,N/A,135168,157376512,1,dbus-daemon,S (sleeping),cache-compromised.bnsdq.ozxfs.vcwss-vmdrv.kvugl,0.2945829086476458,1
1759279285,3355,1,0,0,0,0,0,0,0,0,1922494464,1922494464,47996928,N/A,135168,174923776,13,discern-network,S (sleeping),cache-compromised.bnsdq.ozxfs.vcwss-vmdrv.kvugl,0.5075479835151643,1
1759279285,179,1,0,0,0,0,0,0,0,0,133439488,133439488,37797888,4096,135168,28098560,1,systemd-journal,S (sleeping),cache-compromised.bnsdq.ozxfs.vcwss-vmdrv.kvugl,0.19259260063741043,1
1759279285,57029,1,0,0,0,0,0,0,0,0,1264619520,1264619520,17158144,N/A,135168,45826048,4,discern-proc-so,S (sleeping),cache-compromised.bnsdq.ozxfs.vcwss-vmdrv.kvugl,2.7047111113735576,1
1759279285,57275,1,0,0,0,0,0,0,0,0,1647706112,1580597248,21315584,N/A,135168,82202624,5,discern-interfa,S (sleeping),cache-compromised.bnsdq.ozxfs.vcwss-vmdrv.kvugl,0.007834864343630852,1
1759279286,380,1,103,103,103,103,109,109,109,109,38969344,38969344,33394688,N/A,135168,31240192,1,dbus-daemon,S (sleeping),cache-compromised.bnsdq.ozxfs.vcwss-vmdrv.kvugl,0.20604292175693653,0
1759279286,175992,1,0,0,0,0,0,0,0,0,1647706112,1580597248,23265280,N/A,135168,82202624,5,discern-interfa,S (sleeping),cache-compromised.bnsdq.ozxfs.vcwss-vmdrv.kvugl,0.0,0
1759279286,176019,1,0,0,0,0,0,0,0,0,1733705728,1733705728,23826432,N/A,135168,100052992,7,discern-network,S (sleeping),cache-compromised.bnsdq.ozxfs.vcwss-vmdrv.kvugl,1.6662381504817847,0
1759279286,175998,1,0,0,0,0,0,0,0,0,1264324608,1264324608,20996096,N/A,135168,49758208,4,discern-file-so,S (sleeping),cache-compromised.bnsdq.ozxfs.vcwss-vmdrv.kvugl,9.16243785800378,0
1759279286,181,1,0,0,0,0,0,0,0,0,154447872,125067264,38170624,4096,135168,28073984,1,systemd-journal,S (sleeping),cache-compromised.bnsdq.ozxfs.vcwss-vmdrv.kvugl,0.2283883573766144,0
1759279290,376,1,103,103,103,103,109,109,109,109,165105664,165105664,156758016,N/A,135168,157376512,1,dbus-daemon,S (sleeping),cache-compromised.bnsdq.ozxfs.vcwss-vmdrv.kvugl,0.29445316384175413,1
1759279290,3355,1,0,0,0,0,0,0,0,0,1922494464,1922494464,47996928,N/A,135168,174923776,13,discern-network,S (sleeping),cache-compromised.bnsdq.ozxfs.vcwss-vmdrv.kvugl,0.5076475377635873,1
1759279290,179,1,0,0,0,0,0,0,0,0,133439488,133439488,37797888,4096,135168,28098560,1,systemd-journal,S (sleeping),cache-compromised.bnsdq.ozxfs.vcwss-vmdrv.kvugl,0.19259417040295912,1
1759279290,57275,1,0,0,0,0,0,0,0,0,1647706112,1580597248,21315584,N/A,135168,82202624,5,discern-interfa,S (sleeping),cache-compromised.bnsdq.ozxfs.vcwss-vmdrv.kvugl,0.007679642238678559,1
1759279290,57029,1,0,0,0,0,0,0,0,0,1264619520,1264619520,17158144,N/A,135168,45826048,4,discern-proc-so,R (running),cache-compromised.bnsdq.ozxfs.vcwss-vmdrv.kvugl,2.704872224997832,1
1759279295,376,1,103,103,103,103,109,109,109,109,165376000,165376000,156758016,N/A,135168,157646848,1,dbus-daemon,S (sleeping),cache-compromised.bnsdq.ozxfs.vcwss-vmdrv.kvugl,0.2945729633021675,1
1759279295,3355,1,0,0,0,0,0,0,0,0,1922494464,1922494464,47996928,N/A,135168,174923776,13,discern-network,S (sleeping),cache-compromised.bnsdq.ozxfs.vcwss-vmdrv.kvugl,0.5072252460950069,1
1759279295,179,1,0,0,0,0,0,0,0,0,133439488,133439488,37797888,4096,135168,28098560,1,systemd-journal,S (sleeping),cache-compromised.bnsdq.ozxfs.vcwss-vmdrv.kvugl,0.19259573260856697,1
1759279295,57275,1,0,0,0,0,0,0,0,0,1647706112,1580597248,21315584,N/A,135168,82202624,5,discern-interfa,S (sleeping),cache-compromised.bnsdq.ozxfs.vcwss-vmdrv.kvugl,0.007530446230063744,1
1759279295,57029,1,0,0,0,0,0,0,0,0,1264619520,1264619520,17158144,N/A,135168,45826048,4,discern-proc-so,S (sleeping),cache-compromised.bnsdq.ozxfs.vcwss-vmdrv.kvugl,2.701463898646332,1
1759279296,380,1,103,103,103,103,109,109,109,109,38969344,38969344,33394688,N/A,135168,31240192,1,dbus-daemon,S (sleeping),cache-compromised.bnsdq.ozxfs.vcwss-vmdrv.kvugl,0.20594099474734162,0
1759279296,176211,1,0,0,0,0,0,0,0,0,1647706112,1580597248,22515712,N/A,135168,82202624,5,discern-interfa,S (sleeping),cache-compromised.bnsdq.ozxfs.vcwss-vmdrv.kvugl,1.5653811770007773,0
1759279296,176195,1,0,0,0,0,0,0,0,0,1264357376,1264357376,16805888,N/A,135168,45563904,4,discern-proc-so,S (sleeping),cache-compromised.bnsdq.ozxfs.vcwss-vmdrv.kvugl,5.478373464907712,0
1759279296,181,1,0,0,0,0,0,0,0,0,154447872,125067264,38170624,4096,135168,28073984,1,systemd-journal,S (sleeping),cache-compromised.bnsdq.ozxfs.vcwss-vmdrv.kvugl,0.2285491853043376,0
1759279296,176186,1,0,0,0,0,0,0,0,0,1263157248,1263157248,11276288,N/A,135168,40206336,4,discern-os-sorc,S (sleeping),cache-compromised.bnsdq.ozxfs.vcwss-vmdrv.kvugl,0.0,0
1759279300,376,1,103,103,103,103,109,109,109,109,165511168,165511168,157028352,N/A,135168,157782016,1,dbus-daemon,S (sleeping),cache-compromised.bnsdq.ozxfs.vcwss-vmdrv.kvugl,0.2944422727755942,1
1759279300,3355,1,0,0,0,0,0,0,0,0,1922494464,1922494464,47996928,N/A,135168,174923776,13,discern-network,S (sleeping),cache-compromised.bnsdq.ozxfs.vcwss-vmdrv.kvugl,0.5075830698148924,1
1759279300,179,1,0,0,0,0,0,0,0,0,133439488,133439488,37797888,4096,135168,28098560,1,systemd-journal,S (sleeping),cache-compromised.bnsdq.ozxfs.vcwss-vmdrv.kvugl,0.19259644944331009,1
1759279300,57275,1,0,0,0,0,0,0,0,0,1647706112,1580597248,21315584,N/A,135168,82202624,5,discern-interfa,S (sleeping),cache-compromised.bnsdq.ozxfs.vcwss-vmdrv.kvugl,0.007386458104191618,1
1759279300,57029,1,0,0,0,0,0,0,0,0,1264619520,1264619520,17158144,N/A,135168,45826048,4,discern-proc-so,S (sleeping),cache-compromised.bnsdq.ozxfs.vcwss-vmdrv.kvugl,2.705011227682859,1
1759279305,376,1,103,103,103,103,109,109,109,109,165646336,165646336,157298688,N/A,135168,157917184,1,dbus-daemon,S (sleeping),cache-compromised.bnsdq.ozxfs.vcwss-vmdrv.kvugl,0.29431211500580473,1
1759279305,3355,1,0,0,0,0,0,0,0,0,1922494464,1922494464,47996928,N/A,135168,174923776,13,discern-network,S (sleeping),cache-compromised.bnsdq.ozxfs.vcwss-vmdrv.kvugl,0.5076802016281843,1
1759279305,179,1,0,0,0,0,0,0,0,0,133439488,133439488,37797888,4096,135168,28098560,1,systemd-journal,S (sleeping),cache-compromised.bnsdq.ozxfs.vcwss-vmdrv.kvugl,0.19234877981761928,1
1759279305,57275,1,0,0,0,0,0,0,0,0,1647706112,1580597248,21315584,N/A,135168,82202624,5,discern-interfa,S (sleeping),cache-compromised.bnsdq.ozxfs.vcwss-vmdrv.kvugl,0.007247942977154906,1
1759279305,57029,1,0,0,0,0,0,0,0,0,1264619520,1264619520,17158144,N/A,135168,45826048,4,discern-proc-so,R (running),cache-compromised.bnsdq.ozxfs.vcwss-vmdrv.kvugl,2.7050199754314432,1
1759279306,380,1,103,103,103,103,109,109,109,109,38969344,38969344,33394688,N/A,135168,31240192,1,dbus-daemon,S (sleeping),cache-compromised.bnsdq.ozxfs.vcwss-vmdrv.kvugl,0.20602251967649232,0
1759279306,176367,1,0,0,0,0,0,0,0,0,1929842688,1929842688,29532160,N/A,135168,165097472,14,discern-network,S (sleeping),cache-compromised.bnsdq.ozxfs.vcwss-vmdrv.kvugl,1.2047109358573673,0
1759279306,176387,1,0,0,0,0,0,0,0,0,1647706112,1580597248,20738048,N/A,135168,82202624,5,discern-interfa,S (sleeping),cache-compromised.bnsdq.ozxfs.vcwss-vmdrv.kvugl,0.6022492080724039,0
1759279306,181,1,0,0,0,0,0,0,0,0,154447872,125067264,38170624,4096,135168,28073984,1,systemd-journal,S (sleeping),cache-compromised.bnsdq.ozxfs.vcwss-vmdrv.kvugl,0.22860848964995464,0
1759279306,176415,1,0,0,0,0,0,0,0,0,1264357376,1264357376,15540224,N/A,135168,45563904,4,discern-proc-so,S (sleeping),cache-compromised.bnsdq.ozxfs.vcwss-vmdrv.kvugl,5.418689079225266,0
1759279311,376,1,103,103,103,103,109,109,109,109,165916672,165916672,157298688,N/A,135168,158187520,1,dbus-daemon,S (sleeping),cache-compromised.bnsdq.ozxfs.vcwss-vmdrv.kvugl,0.29443017220597606,1
1759279311,3355,1,0,0,0,0,0,0,0,0,1922494464,1922494464,47996928,N/A,135168,174923776,13,discern-network,S (sleeping),cache-compromised.bnsdq.ozxfs.vcwss-vmdrv.kvugl,0.5077763959412229,1
1759279311,179,1,0,0,0,0,0,0,0,0,133439488,133439488,37797888,4096,135168,28098560,1,systemd-journal,S (sleeping),cache-compromised.bnsdq.ozxfs.vcwss-vmdrv.kvugl,0.19259788801654243,1
1759279311,57275,1,0,0,0,0,0,0,0,0,1647706112,1580597248,21315584,N/A,135168,82202624,5,discern-interfa,S (sleeping),cache-compromised.bnsdq.ozxfs.vcwss-vmdrv.kvugl,0.007114397337828413,1
1759279311,57029,1,0,0,0,0,0,0,0,0,1264619520,1264619520,17158144,N/A,135168,45826048,4,discern-proc-so,R (running),cache-compromised.bnsdq.ozxfs.vcwss-vmdrv.kvugl,2.7117367571632953,1
1759279316,380,1,103,103,103,103,109,109,109,109,38969344,38969344,33394688,N/A,135168,31240192,1,dbus-daemon,S (sleeping),cache-compromised.bnsdq.ozxfs.vcwss-vmdrv.kvugl,0.2060108935858334,0
1759279316,176579,1,0,0,0,0,0,0,0,0,1647706112,1580597248,20828160,N/A,135168,82202624,5,discern-interfa,S (sleeping),cache-compromised.bnsdq.ozxfs.vcwss-vmdrv.kvugl,2.0723167270777907,0
1759279316,181,1,0,0,0,0,0,0,0,0,154447872,125067264,38170624,4096,135168,28073984,1,systemd-journal,S (sleeping),cache-compromised.bnsdq.ozxfs.vcwss-vmdrv.kvugl,0.22885834941974326,0
1759279316,176561,1,0,0,0,0,0,0,0,0,1264586752,1264586752,22261760,N/A,135168,54214656,4,discern-file-so,D (disk sleep),cache-compromised.bnsdq.ozxfs.vcwss-vmdrv.kvugl,8.64710484156629,0
1759279316,176596,1,0,0,0,0,0,0,0,0,1264357376,1264357376,15065088,N/A,135168,45563904,3,discern-proc-so,S (sleeping),cache-compromised.bnsdq.ozxfs.vcwss-vmdrv.kvugl,10.34897182126689,0
1759279316,376,1,103,103,103,103,109,109,109,109,166051840,166051840,157569024,N/A,135168,158322688,1,dbus-daemon,S (sleeping),cache-compromised.bnsdq.ozxfs.vcwss-vmdrv.kvugl,0.2943020071615555,1
1759279316,3355,1,0,0,0,0,0,0,0,0,1922494464,1922494464,47996928,N/A,135168,174923776,13,discern-network,S (sleeping),cache-compromised.bnsdq.ozxfs.vcwss-vmdrv.kvugl,0.5076165886043379,1
1759279316,179,1,0,0,0,0,0,0,0,0,133439488,133439488,37797888,4096,135168,28098560,1,systemd-journal,S (sleeping),cache-compromised.bnsdq.ozxfs.vcwss-vmdrv.kvugl,0.19235192542384905,1
1759279316,57275,1,0,0,0,0,0,0,0,0,1647706112,1580597248,21315584,N/A,135168,82202624,5,discern-interfa,S (sleeping),cache-compromised.bnsdq.ozxfs.vcwss-vmdrv.kvugl,0.006986358334446353,1
1759279316,57029,1,0,0,0,0,0,0,0,0,1264619520,1264619520,17158144,N/A,135168,45826048,4,discern-proc-so,R (running),cache-compromised.bnsdq.ozxfs.vcwss-vmdrv.kvugl,2.705194120811544,1
1759279321,376,1,103,103,103,103,109,109,109,109,166322176,166322176,157839360,N/A,135168,158593024,1,dbus-daemon,S (sleeping),cache-compromised.bnsdq.ozxfs.vcwss-vmdrv.kvugl,0.29466112548976203,1
1759279321,3355,1,0,0,0,0,0,0,0,0,1922494464,1922494464,47996928,N/A,135168,174923776,13,discern-network,S (sleeping),cache-compromised.bnsdq.ozxfs.vcwss-vmdrv.kvugl,0.5074422816168138,1
1759279321,179,1,0,0,0,0,0,0,0,0,133439488,133439488,37797888,4096,135168,28098560,1,systemd-journal,S (sleeping),cache-compromised.bnsdq.ozxfs.vcwss-vmdrv.kvugl,0.19234874408741842,1
1759279321,57275,1,0,0,0,0,0,0,0,0,1647706112,1580597248,21315584,N/A,135168,82202624,5,discern-interfa,S (sleeping),cache-compromised.bnsdq.ozxfs.vcwss-vmdrv.kvugl,0.006860174313455223,1
1759279321,57029,1,0,0,0,0,0,0,0,0,1264619520,1264619520,17158144,N/A,135168,45826048,4,discern-proc-so,S (sleeping),cache-compromised.bnsdq.ozxfs.vcwss-vmdrv.kvugl,2.6978715944931393,1
1759279326,376,1,103,103,103,103,109,109,109,109,166457344,166457344,158109696,N/A,135168,158728192,1,dbus-daemon,S (sleeping),cache-compromised.bnsdq.ozxfs.vcwss-vmdrv.kvugl,0.2945292571984528,1
1759279326,3355,1,0,0,0,0,0,0,0,0,1922494464,1922494464,47996928,N/A,135168,174923776,13,discern-network,S (sleeping),cache-compromised.bnsdq.ozxfs.vcwss-vmdrv.kvugl,0.5077939796823017,1
1759279326,179,1,0,0,0,0,0,0,0,0,133439488,133439488,37797888,4096,135168,28098560,1,systemd-journal,S (sleeping),cache-compromised.bnsdq.ozxfs.vcwss-vmdrv.kvugl,0.19234852958709162,1
1759279326,57275,1,0,0,0,0,0,0,0,0,1647706112,1580597248,21315584,N/A,135168,82202624,5,discern-interfa,S (sleeping),cache-compromised.bnsdq.ozxfs.vcwss-vmdrv.kvugl,0.006739880208582815,1
1759279326,57029,1,0,0,0,0,0,0,0,0,1264619520,1264619520,17158144,N/A,135168,45826048,4,discern-proc-so,R (running),cache-compromised.bnsdq.ozxfs.vcwss-vmdrv.kvugl,2.6913343548587974,1
1759279327,380,1,103,103,103,103,109,109,109,109,38969344,38969344,33394688,N/A,135168,31240192,1,dbus-daemon,S (sleeping),cache-compromised.bnsdq.ozxfs.vcwss-vmdrv.kvugl,0.20600040146571905,0
1759279327,176759,1,0,0,0,0,0,0,0,0,1954725888,1938235392,24961024,N/A,135168,169291776,15,discern-network,S (sleeping),cache-compromised.bnsdq.ozxfs.vcwss-vmdrv.kvugl,2.473964339461603,0
1759279327,176762,1,0,0,0,0,0,0,0,0,1505095680,1505095680,22548480,N/A,135168,73678848,4,discern-interfa,S (sleeping),cache-compromised.bnsdq.ozxfs.vcwss-vmdrv.kvugl,0.8244029200021665,0
1759279327,176756,1,0,0,0,0,0,0,0,0,1264324608,1264324608,20635648,N/A,135168,49758208,4,discern-file-so,D (disk sleep),cache-compromised.bnsdq.ozxfs.vcwss-vmdrv.kvugl,9.890661017305721,0
1759279327,181,1,0,0,0,0,0,0,0,0,154447872,125067264,38170624,4096,135168,28073984,1,systemd-journal,S (sleeping),cache-compromised.bnsdq.ozxfs.vcwss-vmdrv.kvugl,0.22901454709971078,0
1759279331,376,1,103,103,103,103,109,109,109,109,166727680,166727680,158109696,N/A,135168,158998528,1,dbus-daemon,S (sleeping),cache-compromised.bnsdq.ozxfs.vcwss-vmdrv.kvugl,0.29464820154676985,1
1759279331,3355,1,0,0,0,0,0,0,0,0,1922494464,1922494464,47996928,N/A,135168,174923776,13,discern-network,S (sleeping),cache-compromised.bnsdq.ozxfs.vcwss-vmdrv.kvugl,0.5073760233072346,1
1759279331,179,1,0,0,0,0,0,0,0,0,133439488,133439488,37797888,4096,135168,28098560,1,systemd-journal,S (sleeping),cache-compromised.bnsdq.ozxfs.vcwss-vmdrv.kvugl,0.19235059673936528,1
1759279331,57275,1,0,0,0,0,0,0,0,0,1647706112,1580597248,21315584,N/A,135168,82202624,5,discern-interfa,S (sleeping),cache-compromised.bnsdq.ozxfs.vcwss-vmdrv.kvugl,0.006624785775949036,1
1759279331,57029,1,0,0,0,0,0,0,0,0,1264619520,1264619520,17158144,N/A,135168,45826048,4,discern-proc-so,S (sleeping),cache-compromised.bnsdq.ozxfs.vcwss-vmdrv.kvugl,2.6854178874273567,1
1759279337,380,1,103,103,103,103,109,109,109,109,38969344,38969344,33394688,N/A,135168,31240192,1,dbus-daemon,S (sleeping),cache-compromised.bnsdq.ozxfs.vcwss-vmdrv.kvugl,0.20589700712142633,0
1759279337,176941,1,0,0,0,0,0,0,0,0,1580597248,1580597248,24485888,N/A,135168,82202624,5,discern-interfa,S (sleeping),cache-compromised.bnsdq.ozxfs.vcwss-vmdrv.kvugl,1.4404971895640541,0
1759279337,176962,1,0,0,0,0,0,0,0,0,1954725888,1929580544,23793664,N/A,135168,160641024,14,discern-network,S (sleeping),cache-compromised.bnsdq.ozxfs.vcwss-vmdrv.kvugl,0.0,0
1759279337,181,1,0,0,0,0,0,0,0,0,154447872,125067264,38170624,4096,135168,28073984,1,systemd-journal,S (sleeping),cache-compromised.bnsdq.ozxfs.vcwss-vmdrv.kvugl,0.22907770314453132,0
1759279337,176969,1,0,0,0,0,0,0,0,0,1264357376,1264357376,15884288,N/A,135168,45563904,4,discern-proc-so,R (running),cache-compromised.bnsdq.ozxfs.vcwss-vmdrv.kvugl,5.758241099650842,0
1759279337,376,1,103,103,103,103,109,109,109,109,166862848,166862848,158380032,N/A,135168,159133696,1,dbus-daemon,S (sleeping),cache-compromised.bnsdq.ozxfs.vcwss-vmdrv.kvugl,0.2945188656377226,1
1759279337,3355,1,0,0,0,0,0,0,0,0,1922494464,1922494464,47996928,N/A,135168,174923776,13,discern-network,S (sleeping),cache-compromised.bnsdq.ozxfs.vcwss-vmdrv.kvugl,0.5072148113554324,1
1759279337,179,1,0,0,0,0,0,0,0,0,133439488,133439488,37797888,4096,135168,28098560,1,systemd-journal,S (sleeping),cache-compromised.bnsdq.ozxfs.vcwss-vmdrv.kvugl,0.1925984020891188,1
1759279337,57275,1,0,0,0,0,0,0,0,0,1647706112,1580597248,21315584,N/A,135168,82202624,5,discern-interfa,S (sleeping),cache-compromised.bnsdq.ozxfs.vcwss-vmdrv.kvugl,0.00651317106487222,1
1759279337,57029,1,0,0,0,0,0,0,0,0,1264619520,1264619520,17158144,N/A,135168,45826048,4,discern-proc-so,S (sleeping),cache-compromised.bnsdq.ozxfs.vcwss-vmdrv.kvugl,2.6919598860664236,1
1759279342,376,1,103,103,103,103,109,109,109,109,166998016,166998016,158650368,N/A,135168,159268864,1,dbus-daemon,S (sleeping),cache-compromised.bnsdq.ozxfs.vcwss-vmdrv.kvugl,0.29439134846601206,1
1759279342,3355,1,0,0,0,0,0,0,0,0,1922494464,1922494464,47996928,N/A,135168,174923776,13,discern-network,S (sleeping),cache-compromised.bnsdq.ozxfs.vcwss-vmdrv.kvugl,0.5073143640853878,1
1759279342,179,1,0,0,0,0,0,0,0,0,133439488,133439488,37797888,4096,135168,28098560,1,systemd-journal,S (sleeping),cache-compromised.bnsdq.ozxfs.vcwss-vmdrv.kvugl,0.19235397824152795,1
1759279342,57275,1,0,0,0,0,0,0,0,0,1647706112,1580597248,21315584,N/A,135168,82202624,5,discern-interfa,S (sleeping),cache-compromised.bnsdq.ozxfs.vcwss-vmdrv.kvugl,0.006405680737016148,1
1759279342,57029,1,0,0,0,0,0,0,0,0,1264619520,1264619520,17158144,N/A,135168,45826048,4,discern-proc-so,S (sleeping),cache-compromised.bnsdq.ozxfs.vcwss-vmdrv.kvugl,2.6862417994924175,1
1759279347,380,1,103,103,103,103,109,109,109,109,38969344,38969344,33394688,N/A,135168,31240192,1,dbus-daemon,S (sleeping),cache-compromised.bnsdq.ozxfs.vcwss-vmdrv.kvugl,0.20597907002956092,0
1759279347,177145,1,0,0,0,0,0,0,0,0,1647706112,1580597248,24723456,N/A,135168,82202624,5,discern-interfa,S (sleeping),cache-compromised.bnsdq.ozxfs.vcwss-vmdrv.kvugl,0.5783411236470668,0
1759279347,177159,1,0,0,0,0,0,0,0,0,1929580544,1929580544,24154112,N/A,135168,160641024,14,discern-network,S (sleeping),cache-compromised.bnsdq.ozxfs.vcwss-vmdrv.kvugl,0.5782403143640014,0
1759279347,177161,1,0,0,0,0,0,0,0,0,1264357376,1264357376,15388672,N/A,135168,45563904,4,discern-proc-so,S (sleeping),cache-compromised.bnsdq.ozxfs.vcwss-vmdrv.kvugl,5.781333336836051,0
1759279347,177126,1,0,0,0,0,0,0,0,0,1264586752,1264586752,21192704,N/A,135168,50020352,4,discern-file-so,S (sleeping),cache-compromised.bnsdq.ozxfs.vcwss-vmdrv.kvugl,8.669827331597487,0
1759279347,376,1,103,103,103,103,109,109,109,109,167133184,167133184,158650368,N/A,135168,159404032,1,dbus-daemon,S (sleeping),cache-compromised.bnsdq.ozxfs.vcwss-vmdrv.kvugl,0.2945080135548891,1
1759279347,3355,1,0,0,0,0,0,0,0,0,1922494464,1922494464,47996928,N/A,135168,174923776,13,discern-network,S (sleeping),cache-compromised.bnsdq.ozxfs.vcwss-vmdrv.kvugl,0.5071524128281726,1
1759279347,179,1,0,0,0,0,0,0,0,0,133439488,133439488,37797888,4096,135168,28098560,1,systemd-journal,S (sleeping),cache-compromised.bnsdq.ozxfs.vcwss-vmdrv.kvugl,0.19260070110420704,1
1759279347,57275,1,0,0,0,0,0,0,0,0,1647706112,1580597248,21315584,N/A,135168,82202624,5,discern-interfa,S (sleeping),cache-compromised.bnsdq.ozxfs.vcwss-vmdrv.kvugl,0.006301079689645974,1
1759279347,57029,1,0,0,0,0,0,0,0,0,1264619520,1264619520,17158144,N/A,135168,45826048,4,discern-proc-so,R (running),cache-compromised.bnsdq.ozxfs.vcwss-vmdrv.kvugl,2.692490300238479,1
1759279352,376,1,103,103,103,103,109,109,109,109,167403520,167403520,158920704,N/A,135168,159674368,1,dbus-daemon,S (sleeping),cache-compromised.bnsdq.ozxfs.vcwss-vmdrv.kvugl,0.2943807217211112,1
1759279352,3355,1,0,0,0,0,0,0,0,0,1922494464,1922494464,47996928,N/A,135168,174923776,13,discern-network,S (sleeping),cache-compromised.bnsdq.ozxfs.vcwss-vmdrv.kvugl,0.5072515823493093,1
1759279352,179,1,0,0,0,0,0,0,0,0,133439488,133439488,37797888,4096,135168,28098560,1,systemd-journal,S (sleeping),cache-compromised.bnsdq.ozxfs.vcwss-vmdrv.kvugl,0.19235681806360228,1
1759279352,57275,1,0,0,0,0,0,0,0,0,1647706112,1580597248,21315584,N/A,135168,82202624,5,discern-interfa,S (sleeping),cache-compromised.bnsdq.ozxfs.vcwss-vmdrv.kvugl,0.006200391955601756,1
1759279352,57029,1,0,0,0,0,0,0,0,0,1264619520,1264619520,17158144,N/A,135168,45826048,4,discern-proc-so,S (sleeping),cache-compromised.bnsdq.ozxfs.vcwss-vmdrv.kvugl,2.6898894048268454,1
1759279357,376,1,103,103,103,103,109,109,109,109,167538688,167538688,159191040,N/A,135168,159809536,1,dbus-daemon,S (sleeping),cache-compromised.bnsdq.ozxfs.vcwss-vmdrv.kvugl,0.29425267872988714,1
1759279357,3355,1,0,0,0,0,0,0,0,0,1922494464,1922494464,47996928,N/A,135168,174923776,13,discern-network,S (sleeping),cache-compromised.bnsdq.ozxfs.vcwss-vmdrv.kvugl,0.50734855267051,1
1759279357,179,1,0,0,0,0,0,0,0,0,133439488,133439488,37797888,4096,135168,28098560,1,systemd-journal,S (sleeping),cache-compromised.bnsdq.ozxfs.vcwss-vmdrv.kvugl,0.19235820456012107,1
1759279357,57275,1,0,0,0,0,0,0,0,0,1647706112,1580597248,21315584,N/A,135168,82202624,5,discern-interfa,S (sleeping),cache-compromised.bnsdq.ozxfs.vcwss-vmdrv.kvugl,0.006102592802418375,1
1759279357,57029,1,0,0,0,0,0,0,0,0,1264619520,1264619520,17158144,N/A,135168,45826048,4,discern-proc-so,S (sleeping),cache-compromised.bnsdq.ozxfs.vcwss-vmdrv.kvugl,2.6930848106831355,1
1759279358,380,1,103,103,103,103,109,109,109,109,38969344,38969344,33394688,N/A,135168,31240192,1,dbus-daemon,S (sleeping),cache-compromised.bnsdq.ozxfs.vcwss-vmdrv.kvugl,0.20585722999730396,0
1759279358,177382,1,0,0,0,0,0,0,0,0,1954725888,1921187840,25128960,N/A,135168,152252416,13,discern-network,S (sleeping),cache-compromised.bnsdq.ozxfs.vcwss-vmdrv.kvugl,0.535195774667893,0
1759279358,177369,1,0,0,0,0,0,0,0,0,1647706112,1580597248,20881408,N/A,135168,82202624,5,discern-interfa,S (sleeping),cache-compromised.bnsdq.ozxfs.vcwss-vmdrv.kvugl,0.535061213787851,0
1759279358,177340,1,0,0,0,0,0,0,0,0,1264324608,1264324608,20230144,N/A,135168,49758208,4,discern-file-so,D (disk sleep),cache-compromised.bnsdq.ozxfs.vcwss-vmdrv.kvugl,8.557931901344823,0
1759279358,181,1,0,0,0,0,0,0,0,0,154447872,125067264,38170624,4096,135168,28073984,1,systemd-journal,S (sleeping),cache-compromised.bnsdq.ozxfs.vcwss-vmdrv.kvugl,0.22927339537651079,0
1759279362,376,1,103,103,103,103,109,109,109,109,167673856,167673856,159191040,N/A,135168,159944704,1,dbus-daemon,S (sleeping),cache-compromised.bnsdq.ozxfs.vcwss-vmdrv.kvugl,0.294126421083175,1
1759279362,3355,1,0,0,0,0,0,0,0,0,1922494464,1922494464,47996928,N/A,135168,174923776,13,discern-network,S (sleeping),cache-compromised.bnsdq.ozxfs.vcwss-vmdrv.kvugl,0.5074478998225117,1
1759279362,179,1,0,0,0,0,0,0,0,0,133439488,133439488,37797888,4096,135168,28098560,1,systemd-journal,S (sleeping),cache-compromised.bnsdq.ozxfs.vcwss-vmdrv.kvugl,0.19236054162338317,1
1759279362,57275,1,0,0,0,0,0,0,0,0,1647706112,1580597248,21315584,N/A,135168,82202624,5,discern-interfa,S (sleeping),cache-compromised.bnsdq.ozxfs.vcwss-vmdrv.kvugl,0.006008195088584731,1
1759279362,57029,1,0,0,0,0,0,0,0,0,1264619520,1264619520,17158144,N/A,135168,45826048,4,discern-proc-so,R (running),cache-compromised.bnsdq.ozxfs.vcwss-vmdrv.kvugl,2.69346697548037,1
1759279368,380,1,103,103,103,103,109,109,109,109,38969344,38969344,33394688,N/A,135168,31240192,1,dbus-daemon,S (sleeping),cache-compromised.bnsdq.ozxfs.vcwss-vmdrv.kvugl,0.20595867677547366,0
1759279368,177566,1,0,0,0,0,0,0,0,0,1921187840,1921187840,23724032,N/A,135168,152252416,13,discern-network,S (sleeping),cache-compromised.bnsdq.ozxfs.vcwss-vmdrv.kvugl,0.8324272549958834,0
1759279368,177554,1,0,0,0,0,0,0,0,0,1505095680,1505095680,22241280,N/A,135168,73678848,4,discern-interfa,S (sleeping),cache-compromised.bnsdq.ozxfs.vcwss-vmdrv.kvugl,0.8321502105957072,0
1759279368,177532,1,0,0,0,0,0,0,0,0,1264324608,1264324608,22061056,N/A,135168,49758208,4,discern-file-so,D (disk sleep),cache-compromised.bnsdq.ozxfs.vcwss-vmdrv.kvugl,12.478979221895614,0
1759279368,181,1,0,0,0,0,0,0,0,0,154447872,125067264,38170624,4096,135168,28073984,1,systemd-journal,S (sleeping),cache-compromised.bnsdq.ozxfs.vcwss-vmdrv.kvugl,0.22935429282663214,0
1759279368,376,1,103,103,103,103,109,109,109,109,168103936,168103936,159461376,N/A,135168,160374784,1,dbus-daemon,S (sleeping),cache-compromised.bnsdq.ozxfs.vcwss-vmdrv.kvugl,0.294734791965404,1
1759279368,3355,1,0,0,0,0,0,0,0,0,1922494464,1922494464,47996928,N/A,135168,174923776,13,discern-network,S (sleeping),cache-compromised.bnsdq.ozxfs.vcwss-vmdrv.kvugl,0.5072908970272066,1
1759279368,179,1,0,0,0,0,0,0,0,0,133439488,133439488,37797888,4096,135168,28098560,1,systemd-journal,S (sleeping),cache-compromised.bnsdq.ozxfs.vcwss-vmdrv.kvugl,0.19236282326485862,1
1759279368,57275,1,0,0,0,0,0,0,0,0,1647706112,1580597248,21315584,N/A,135168,82202624,5,discern-interfa,S (sleeping),cache-compromised.bnsdq.ozxfs.vcwss-vmdrv.kvugl,0.005916657118854518,1
1759279368,57029,1,0,0,0,0,0,0,0,0,1264619520,1264619520,17158144,N/A,135168,45826048,4,discern-proc-so,S (sleeping),cache-compromised.bnsdq.ozxfs.vcwss-vmdrv.kvugl,2.6881658686540444,1
1759279373,376,1,103,103,103,103,109,109,109,109,168103936,168103936,159731712,N/A,135168,160374784,1,dbus-daemon,S (sleeping),cache-compromised.bnsdq.ozxfs.vcwss-vmdrv.kvugl,0.2943635954271094,1
1759279373,3355,1,0,0,0,0,0,0,0,0,1922494464,1922494464,47996928,N/A,135168,174923776,13,discern-network,S (sleeping),cache-compromised.bnsdq.ozxfs.vcwss-vmdrv.kvugl,0.507645380638093,1
1759279373,179,1,0,0,0,0,0,0,0,0,133439488,133439488,37797888,4096,135168,28098560,1,systemd-journal,S (sleeping),cache-compromised.bnsdq.ozxfs.vcwss-vmdrv.kvugl,0.19236504409724217,1
1759279373,57275,1,0,0,0,0,0,0,0,0,1647706112,1580597248,21315584,N/A,135168,82202624,5,discern-interfa,S (sleeping),cache-compromised.bnsdq.ozxfs.vcwss-vmdrv.kvugl,0.0058278456528197565,1
1759279373,57029,1,0,0,0,0,0,0,0,0,1264619520,1264619520,17158144,N/A,135168,45826048,4,discern-proc-so,S (sleeping),cache-compromised.bnsdq.ozxfs.vcwss-vmdrv.kvugl,2.6885915320138074,1
1759279378,380,1,103,103,103,103,109,109,109,109,38969344,38969344,33394688,N/A,135168,31240192,1,dbus-daemon,S (sleeping),cache-compromised.bnsdq.ozxfs.vcwss-vmdrv.kvugl,0.2059488249937525,0
1759279378,177745,1,0,0,0,0,0,0,0,0,1264357376,1264357376,16920576,N/A,135168,45563904,4,discern-proc-so,R (running),cache-compromised.bnsdq.ozxfs.vcwss-vmdrv.kvugl,6.333301282841208,0
1759279378,181,1,0,0,0,0,0,0,0,0,154447872,125067264,38170624,4096,135168,28073984,1,systemd-journal,S (sleeping),cache-compromised.bnsdq.ozxfs.vcwss-vmdrv.kvugl,0.2295098945409216,0
1759279378,177736,1,0,0,0,0,0,0,0,0,1264062464,1264062464,20226048,N/A,135168,49496064,4,discern-file-so,R (running),cache-compromised.bnsdq.ozxfs.vcwss-vmdrv.kvugl,7.034959313654005,0
1759279378,177749,1,0,0,0,0,0,0,0,0,1263157248,1263157248,10215424,N/A,135168,40206336,4,discern-os-sorc,S (sleeping),cache-compromised.bnsdq.ozxfs.vcwss-vmdrv.kvugl,0.0,0
1759279378,376,1,103,103,103,103,109,109,109,109,168374272,168374272,160002048,N/A,135168,160645120,1,dbus-daemon,S (sleeping),cache-compromised.bnsdq.ozxfs.vcwss-vmdrv.kvugl,0.2944816422970973,1
1759279378,3355,1,0,0,0,0,0,0,0,0,1922494464,1922494464,47996928,N/A,135168,174923776,13,discern-network,S (sleeping),cache-compromised.bnsdq.ozxfs.vcwss-vmdrv.kvugl,0.5074882870327997,1
1759279378,179,1,0,0,0,0,0,0,0,0,133439488,133439488,37797888,4096,135168,28098560,1,systemd-journal,S (sleeping),cache-compromised.bnsdq.ozxfs.vcwss-vmdrv.kvugl,0.19212310434975466,1
1759279378,57275,1,0,0,0,0,0,0,0,0,1647706112,1580597248,21315584,N/A,135168,82202624,5,discern-interfa,S (sleeping),cache-compromised.bnsdq.ozxfs.vcwss-vmdrv.kvugl,0.005741648808503626,1
1759279378,57029,1,0,0,0,0,0,0,0,0,1264619520,1264619520,17158144,N/A,135168,45826048,4,discern-proc-so,R (running),cache-compromised.bnsdq.ozxfs.vcwss-vmdrv.kvugl,2.683495267737876,1
1759279383,376,1,103,103,103,103,109,109,109,109,168509440,168509440,160002048,N/A,135168,160780288,1,dbus-daemon,S (sleeping),cache-compromised.bnsdq.ozxfs.vcwss-vmdrv.kvugl,0.2945977372928712,1
1759279383,3355,1,0,0,0,0,0,0,0,0,1922494464,1922494464,47996928,N/A,135168,174923776,13,discern-network,S (sleeping),cache-compromised.bnsdq.ozxfs.vcwss-vmdrv.kvugl,0.507328626774935,1
1759279383,179,1,0,0,0,0,0,0,0,0,133439488,133439488,37797888,4096,135168,28098560,1,systemd-journal,S (sleeping),cache-compromised.bnsdq.ozxfs.vcwss-vmdrv.kvugl,0.19236832068140317,1
1759279383,57275,1,0,0,0,0,0,0,0,0,1647706112,1580597248,21315584,N/A,135168,82202624,5,discern-interfa,S (sleeping),cache-compromised.bnsdq.ozxfs.vcwss-vmdrv.kvugl,0.005657596068091308,1
1759279383,57029,1,0,0,0,0,0,0,0,0,1264619520,1264619520,17158144,N/A,135168,45826048,4,discern-proc-so,R (running),cache-compromised.bnsdq.ozxfs.vcwss-vmdrv.kvugl,2.6865150783601237,1
1759279388,380,1,103,103,103,103,109,109,109,109,38969344,38969344,33394688,N/A,135168,31240192,1,dbus-daemon,S (sleeping),cache-compromised.bnsdq.ozxfs.vcwss-vmdrv.kvugl,0.20593769872538226,0
1759279388,177909,1,0,0,0,0,0,0,0,0,1954725888,1938235392,29364224,N/A,135168,169291776,15,discern-network,S (sleeping),cache-compromised.bnsdq.ozxfs.vcwss-vmdrv.kvugl,2.342351910533363,0
1759279388,177943,1,0,0,0,0,0,0,0,0,1647706112,1580597248,22118400,N/A,135168,82202624,5,discern-interfa,S (sleeping),cache-compromised.bnsdq.ozxfs.vcwss-vmdrv.kvugl,0.0,0
1759279388,177950,1,0,0,0,0,0,0,0,0,1264357376,1264357376,15024128,N/A,135168,45563904,4,discern-proc-so,S (sleeping),cache-compromised.bnsdq.ozxfs.vcwss-vmdrv.kvugl,5.267984560822641,0
1759279388,181,1,0,0,0,0,0,0,0,0,154447872,125067264,38170624,4096,135168,28073984,1,systemd-journal,S (sleeping),cache-compromised.bnsdq.ozxfs.vcwss-vmdrv.kvugl,0.22975757292026425,0
1759279388,376,1,103,103,103,103,109,109,109,109,168644608,168644608,160272384,N/A,135168,160915456,1,dbus-daemon,S (sleeping),cache-compromised.bnsdq.ozxfs.vcwss-vmdrv.kvugl,0.2944719121582552,1
1759279388,3355,1,0,0,0,0,0,0,0,0,1922494464,1922494464,47996928,N/A,135168,174923776,13,discern-network,S (sleeping),cache-compromised.bnsdq.ozxfs.vcwss-vmdrv.kvugl,0.5071728762342333,1
1759279388,179,1,0,0,0,0,0,0,0,0,133439488,133439488,37797888,4096,135168,28098560,1,systemd-journal,S (sleeping),cache-compromised.bnsdq.ozxfs.vcwss-vmdrv.kvugl,0.19212717234084434,1
1759279388,57275,1,0,0,0,0,0,0,0,0,1647706112,1580597248,21315584,N/A,135168,82202624,5,discern-interfa,S (sleeping),cache-compromised.bnsdq.ozxfs.vcwss-vmdrv.kvugl,0.005576389095531126,1
1759279388,57029,1,0,0,0,0,0,0,0,0,1264619520,1264619520,17158144,N/A,135168,45826048,4,discern-proc-so,R (running),cache-compromised.bnsdq.ozxfs.vcwss-vmdrv.kvugl,2.6842934426699783,1
1759279393,376,1,103,103,103,103,109,109,109,109,168914944,168914944,160272384,N/A,135168,161185792,1,dbus-daemon,S (sleeping),cache-compromised.bnsdq.ozxfs.vcwss-vmdrv.kvugl,0.29434458573276473,1
1759279393,3355,1,0,0,0,0,0,0,0,0,1922494464,1922494464,47996928,N/A,135168,174923776,13,discern-network,S (sleeping),cache-compromised.bnsdq.ozxfs.vcwss-vmdrv.kvugl,0.5072685294664975,1
1759279393,179,1,0,0,0,0,0,0,0,0,133439488,133439488,37797888,4096,135168,28098560,1,systemd-journal,S (sleeping),cache-compromised.bnsdq.ozxfs.vcwss-vmdrv.kvugl,0.19212864166221444,1
1759279393,57275,1,0,0,0,0,0,0,0,0,1647706112,1580597248,21315584,N/A,135168,82202624,5,discern-interfa,S (sleeping),cache-compromised.bnsdq.ozxfs.vcwss-vmdrv.kvugl,0.005497095744474827,1
1759279393,57029,1,0,0,0,0,0,0,0,0,1264619520,1264619520,17158144,N/A,135168,45826048,4,discern-proc-so,R (running),cache-compromised.bnsdq.ozxfs.vcwss-vmdrv.kvugl,2.6872311060827596,1
1759279398,380,1,103,103,103,103,109,109,109,109,38969344,38969344,33394688,N/A,135168,31240192,1,dbus-daemon,S (sleeping),cache-compromised.bnsdq.ozxfs.vcwss-vmdrv.kvugl,0.20592888090581046,0
1759279398,178123,1,0,0,0,0,0,0,0,0,1264357376,1264357376,15781888,N/A,135168,45563904,4,discern-proc-so,R (running),cache-compromised.bnsdq.ozxfs.vcwss-vmdrv.kvugl,4.797368879839606,0
1759279398,178114,1,0,0,0,0,0,0,0,0,1264062464,1264062464,23158784,N/A,135168,53690368,4,discern-file-so,D (disk sleep),cache-compromised.bnsdq.ozxfs.vcwss-vmdrv.kvugl,5.86299315905372,0
1759279398,181,1,0,0,0,0,0,0,0,0,154447872,125067264,38170624,4096,135168,28073984,1,systemd-journal,S (sleeping),cache-compromised.bnsdq.ozxfs.vcwss-vmdrv.kvugl,0.22972605161682452,0
1759279398,178131,1,0,0,0,0,0,0,0,0,1263157248,1263157248,10866688,N/A,135168,40206336,3,discern-os-sorc,S (sleeping),cache-compromised.bnsdq.ozxfs.vcwss-vmdrv.kvugl,0.0,0
1759279398,376,1,103,103,103,103,109,109,109,109,169050112,169050112,160542720,N/A,135168,161320960,1,dbus-daemon,S (sleeping),cache-compromised.bnsdq.ozxfs.vcwss-vmdrv.kvugl,0.2942192693865611,1
1759279398,3355,1,0,0,0,0,0,0,0,0,1922494464,1922494464,47996928,N/A,135168,174923776,13,discern-network,S (sleeping),cache-compromised.bnsdq.ozxfs.vcwss-vmdrv.kvugl,0.5071130441513736,1
1759279398,179,1,0,0,0,0,0,0,0,0,133439488,133439488,37797888,4096,135168,28098560,1,systemd-journal,S (sleeping),cache-compromised.bnsdq.ozxfs.vcwss-vmdrv.kvugl,0.19213121250626453,1
1759279398,57275,1,0,0,0,0,0,0,0,0,1647706112,1580597248,21315584,N/A,135168,82202624,5,discern-interfa,S (sleeping),cache-compromised.bnsdq.ozxfs.vcwss-vmdrv.kvugl,0.00542037376796117,1
1759279398,57029,1,0,0,0,0,0,0,0,0,1264619520,1264619520,17158144,N/A,135168,45826048,4,discern-proc-so,R (running),cache-compromised.bnsdq.ozxfs.vcwss-vmdrv.kvugl,2.6850465288637415,1
1759279404,376,1,103,103,103,103,109,109,109,109,169185280,169185280,160813056,N/A,135168,161456128,1,dbus-daemon,S (sleeping),cache-compromised.bnsdq.ozxfs.vcwss-vmdrv.kvugl,0.29409287957820845,1
1759279404,3355,1,0,0,0,0,0,0,0,0,1922494464,1922494464,47996928,N/A,135168,174923776,13,discern-network,S (sleeping),cache-compromised.bnsdq.ozxfs.vcwss-vmdrv.kvugl,0.5074626746476449,1
1759279404,179,1,0,0,0,0,0,0,0,0,133439488,133439488,37797888,4096,135168,28098560,1,systemd-journal,S (sleeping),cache-compromised.bnsdq.ozxfs.vcwss-vmdrv.kvugl,0.1921328738162323,1
1759279404,57275,1,0,0,0,0,0,0,0,0,1647706112,1580597248,21315584,N/A,135168,82202624,5,discern-interfa,S (sleeping),cache-compromised.bnsdq.ozxfs.vcwss-vmdrv.kvugl,0.005345487115565661,1
1759279404,57029,1,0,0,0,0,0,0,0,0,1264619520,1264619520,17158144,N/A,135168,45826048,4,discern-proc-so,S (sleeping),cache-compromised.bnsdq.ozxfs.vcwss-vmdrv.kvugl,2.6879266553163954,1
1759279409,380,1,103,103,103,103,109,109,109,109,38969344,38969344,33394688,N/A,135168,31240192,1,dbus-daemon,S (sleeping),cache-compromised.bnsdq.ozxfs.vcwss-vmdrv.kvugl,0.2059195273891953,0
1759279409,181,1,0,0,0,0,0,0,0,0,154447872,125067264,38170624,4096,135168,28073984,1,systemd-journal,S (sleeping),cache-compromised.bnsdq.ozxfs.vcwss-vmdrv.kvugl,0.2298813367924169,0
1759279409,178313,1,0,0,0,0,0,0,0,0,1264357376,1264357376,16990208,N/A,135168,45563904,4,discern-proc-so,R (running),cache-compromised.bnsdq.ozxfs.vcwss-vmdrv.kvugl,8.388666820527865,0
1759279409,178312,1,0,0,0,0,0,0,0,0,1264062464,1264062464,22626304,N/A,135168,53690368,4,discern-file-so,R (running),cache-compromised.bnsdq.ozxfs.vcwss-vmdrv.kvugl,10.251894891750496,0
1759279409,178303,1,0,0,0,0,0,0,0,0,1263157248,1263157248,10186752,N/A,135168,40206336,4,discern-os-sorc,S (sleeping),cache-compromised.bnsdq.ozxfs.vcwss-vmdrv.kvugl,0.0,0
1759279409,376,1,103,103,103,103,109,109,109,109,169320448,169320448,160813056,N/A,135168,161591296,1,dbus-daemon,S (sleeping),cache-compromised.bnsdq.ozxfs.vcwss-vmdrv.kvugl,0.29445291859687095,1
1759279409,3355,1,0,0,0,0,0,0,0,0,1922494464,1922494464,47996928,N/A,135168,174923776,13,discern-network,S (sleeping),cache-compromised.bnsdq.ozxfs.vcwss-vmdrv.kvugl,0.5070541233500736,1
1759279409,179,1,0,0,0,0,0,0,0,0,133439488,133439488,37797888,4096,135168,28098560,1,systemd-journal,S (sleeping),cache-compromised.bnsdq.ozxfs.vcwss-vmdrv.kvugl,0.19213545401726448,1
1759279409,57275,1,0,0,0,0,0,0,0,0,1647706112,1580597248,21315584,N/A,135168,82202624,5,discern-interfa,S (sleeping),cache-compromised.bnsdq.ozxfs.vcwss-vmdrv.kvugl,0.005272917292468091,1
1759279409,57029,1,0,0,0,0,0,0,0,0,1264619520,1264619520,17158144,N/A,135168,45826048,4,discern-proc-so,R (running),cache-compromised.bnsdq.ozxfs.vcwss-vmdrv.kvugl,2.6832580130267756,1
1759279414,376,1,103,103,103,103,109,109,109,109,169725952,169725952,161083392,N/A,135168,161996800,1,dbus-daemon,S (sleeping),cache-compromised.bnsdq.ozxfs.vcwss-vmdrv.kvugl,0.29456982236488605,1
1759279414,3355,1,0,0,0,0,0,0,0,0,1922494464,1922494464,47996928,N/A,135168,174923776,13,discern-network,S (sleeping),cache-compromised.bnsdq.ozxfs.vcwss-vmdrv.kvugl,0.5071521830630836,1
1759279414,179,1,0,0,0,0,0,0,0,0,133439488,133439488,37797888,4096,135168,28098560,1,systemd-journal,S (sleeping),cache-compromised.bnsdq.ozxfs.vcwss-vmdrv.kvugl,0.19213790403226932,1
1759279414,57275,1,0,0,0,0,0,0,0,0,1647706112,1580597248,21315584,N/A,135168,82202624,5,discern-interfa,S (sleeping),cache-compromised.bnsdq.ozxfs.vcwss-vmdrv.kvugl,0.0052022554681748915,1
1759279414,57029,1,0,0,0,0,0,0,0,0,1264619520,1264619520,17158144,N/A,135168,45826048,4,discern-proc-so,S (sleeping),cache-compromised.bnsdq.ozxfs.vcwss-vmdrv.kvugl,2.6836986259045004,1
1759279419,380,1,103,103,103,103,109,109,109,109,38969344,38969344,33394688,N/A,135168,31240192,1,dbus-daemon,S (sleeping),cache-compromised.bnsdq.ozxfs.vcwss-vmdrv.kvugl,0.20581565438882227,0
1759279419,178512,1,0,0,0,0,0,0,0,0,1954725888,1921187840,26677248,N/A,135168,152252416,13,discern-network,S (sleeping),cache-compromised.bnsdq.ozxfs.vcwss-vmdrv.kvugl,1.5167840976714917,0
1759279419,178482,1,0,0,0,0,0,0,0,0,1647706112,1580597248,23851008,N/A,135168,82202624,5,discern-interfa,S (sleeping),cache-compromised.bnsdq.ozxfs.vcwss-vmdrv.kvugl,0.0,0
1759279419,181,1,0,0,0,0,0,0,0,0,154447872,125067264,38170624,4096,135168,28073984,1,systemd-journal,S (sleeping),cache-compromised.bnsdq.ozxfs.vcwss-vmdrv.kvugl,0.23003525232973282,0
1759279419,178518,1,0,0,0,0,0,0,0,0,1264357376,1264357376,15163392,N/A,135168,45563904,4,discern-proc-so,S (sleeping),cache-compromised.bnsdq.ozxfs.vcwss-vmdrv.kvugl,6.824008285698728,0
1759279419,376,1,103,103,103,103,109,109,109,109,169725952,169725952,161353728,N/A,135168,161996800,1,dbus-daemon,S (sleeping),cache-compromised.bnsdq.ozxfs.vcwss-vmdrv.kvugl,0.2944438985075391,1
1759279419,3355,1,0,0,0,0,0,0,0,0,1922494464,1922494464,47996928,N/A,135168,174923776,13,discern-network,S (sleeping),cache-compromised.bnsdq.ozxfs.vcwss-vmdrv.kvugl,0.5072485581409139,1
1759279419,179,1,0,0,0,0,0,0,0,0,133439488,133439488,37797888,4096,135168,28098560,1,systemd-journal,S (sleeping),cache-compromised.bnsdq.ozxfs.vcwss-vmdrv.kvugl,0.19213983044843985,1
1759279419,57275,1,0,0,0,0,0,0,0,0,1647706112,1580597248,21315584,N/A,135168,82202624,5,discern-interfa,S (sleeping),cache-compromised.bnsdq.ozxfs.vcwss-vmdrv.kvugl,0.0051333155301020485,1
1759279419,57029,1,0,0,0,0,0,0,0,0,1264619520,1264619520,17158144,N/A,135168,45826048,4,discern-proc-so,R (running),cache-compromised.bnsdq.ozxfs.vcwss-vmdrv.kvugl,2.6815824674892577,1
1759279424,376,1,103,103,103,103,109,109,109,109,169996288,169996288,161624064,N/A,135168,162267136,1,dbus-daemon,S (sleeping),cache-compromised.bnsdq.ozxfs.vcwss-vmdrv.kvugl,0.29456044891070027,1
1759279424,3355,1,0,0,0,0,0,0,0,0,1922494464,1922494464,47996928,N/A,135168,174923776,13,discern-network,S (sleeping),cache-compromised.bnsdq.ozxfs.vcwss-vmdrv.kvugl,0.5070936888750166,1
1759279424,179,1,0,0,0,0,0,0,0,0,133439488,133439488,37797888,4096,135168,28098560,1,systemd-journal,S (sleeping),cache-compromised.bnsdq.ozxfs.vcwss-vmdrv.kvugl,0.1921422187127207,1
1759279424,57275,1,0,0,0,0,0,0,0,0,1647706112,1580597248,21315584,N/A,135168,82202624,5,discern-interfa,S (sleeping),cache-compromised.bnsdq.ozxfs.vcwss-vmdrv.kvugl,0.005066307138532698,1
1759279424,57029,1,0,0,0,0,0,0,0,0,1264619520,1264619520,17158144,N/A,135168,45826048,4,discern-proc-so,R (running),cache-compromised.bnsdq.ozxfs.vcwss-vmdrv.kvugl,2.6771445027464678,1
1759279429,380,1,103,103,103,103,109,109,109,109,38969344,38969344,33394688,N/A,135168,31240192,1,dbus-daemon,S (sleeping),cache-compromised.bnsdq.ozxfs.vcwss-vmdrv.kvugl,0.20589964630923843,0
1759279429,178700,1,0,0,0,0,0,0,0,0,1937973248,1937973248,29888512,N/A,135168,169029632,15,discern-network,S (sleeping),cache-compromised.bnsdq.ozxfs.vcwss-vmdrv.kvugl,0.6534368974707376,0
1759279429,181,1,0,0,0,0,0,0,0,0,154447872,125067264,38170624,4096,135168,28073984,1,systemd-journal,S (sleeping),cache-compromised.bnsdq.ozxfs.vcwss-vmdrv.kvugl,0.23028310821423587,0
1759279429,178701,1,0,0,0,0,0,0,0,0,1264357376,1264357376,16121856,N/A,135168,45563904,4,discern-proc-so,S (sleeping),cache-compromised.bnsdq.ozxfs.vcwss-vmdrv.kvugl,6.533545511356296,0
1759279429,178686,1,0,0,0,0,0,0,0,0,1263157248,1263157248,10358784,N/A,135168,40206336,4,discern-os-sorc,S (sleeping),cache-compromised.bnsdq.ozxfs.vcwss-vmdrv.kvugl,0.0,0
1759279429,376,1,103,103,103,103,109,109,109,109,170156032,170156032,161624064,N/A,135168,162426880,1,dbus-daemon,S (sleeping),cache-compromised.bnsdq.ozxfs.vcwss-vmdrv.kvugl,0.29443433901800736,1
1759279429,3355,1,0,0,0,0,0,0,0,0,1922494464,1922494464,47996928,N/A,135168,174923776,13,discern-network,S (sleeping),cache-compromised.bnsdq.ozxfs.vcwss-vmdrv.kvugl,0.5069370155458551,1
1759279429,179,1,0,0,0,0,0,0,0,0,133439488,133439488,37797888,4096,135168,28098560,1,systemd-journal,S (sleeping),cache-compromised.bnsdq.ozxfs.vcwss-vmdrv.kvugl,0.19214380314199012,1
1759279429,57275,1,0,0,0,0,0,0,0,0,1647706112,1580597248,21315584,N/A,135168,82202624,5,discern-interfa,S (sleeping),cache-compromised.bnsdq.ozxfs.vcwss-vmdrv.kvugl,0.005000811866566563,1
1759279429,57029,1,0,0,0,0,0,0,0,0,1264619520,1264619520,17158144,N/A,135168,45826048,4,discern-proc-so,S (sleeping),cache-compromised.bnsdq.ozxfs.vcwss-vmdrv.kvugl,2.675116800616564,1
1759279435,376,1,103,103,103,103,109,109,109,109,170430464,170430464,161894400,N/A,135168,162701312,1,dbus-daemon,S (sleeping),cache-compromised.bnsdq.ozxfs.vcwss-vmdrv.kvugl,0.29431061573340106,1
1759279435,3355,1,0,0,0,0,0,0,0,0,1922494464,1922494464,47996928,N/A,135168,174923776,13,discern-network,S (sleeping),cache-compromised.bnsdq.ozxfs.vcwss-vmdrv.kvugl,0.5070361061513977,1
1759279435,179,1,0,0,0,0,0,0,0,0,133439488,133439488,37797888,4096,135168,28098560,1,systemd-journal,S (sleeping),cache-compromised.bnsdq.ozxfs.vcwss-vmdrv.kvugl,0.19214673338291458,1
1759279435,57275,1,0,0,0,0,0,0,0,0,1647706112,1580597248,21315584,N/A,135168,82202624,5,discern-interfa,S (sleeping),cache-compromised.bnsdq.ozxfs.vcwss-vmdrv.kvugl,0.004937342945638327,1
1759279435,57029,1,0,0,0,0,0,0,0,0,1264619520,1264619520,17158144,N/A,135168,45826048,4,discern-proc-so,S (sleeping),cache-compromised.bnsdq.ozxfs.vcwss-vmdrv.kvugl,2.6733239903272414,1
1759279440,380,1,103,103,103,103,109,109,109,109,38969344,38969344,33394688,N/A,135168,31240192,1,dbus-daemon,S (sleeping),cache-compromised.bnsdq.ozxfs.vcwss-vmdrv.kvugl,0.2058846093855902,0
1759279440,178896,1,0,0,0,0,0,0,0,0,1647706112,1580597248,24723456,N/A,135168,82202624,5,discern-interfa,S (sleeping),cache-compromised.bnsdq.ozxfs.vcwss-vmdrv.kvugl,0.0,0
1759279440,178918,1,0,0,0,0,0,0,0,0,1937973248,1937973248,23973888,N/A,135168,169029632,15,discern-network,S (sleeping),cache-compromised.bnsdq.ozxfs.vcwss-vmdrv.kvugl,2.9237236377012774,0
1759279440,181,1,0,0,0,0,0,0,0,0,154447872,125067264,38170624,4096,135168,28073984,1,systemd-journal,S (sleeping),cache-compromised.bnsdq.ozxfs.vcwss-vmdrv.kvugl,0.23033755866489825,0
1759279440,178912,1,0,0,0,0,0,0,0,0,1264357376,1264357376,15495168,N/A,135168,45563904,4,discern-proc-so,S (sleeping),cache-compromised.bnsdq.ozxfs.vcwss-vmdrv.kvugl,12.661643631607875,0
1759279440,376,1,103,103,103,103,109,109,109,109,170565632,170565632,162164736,N/A,135168,162836480,1,dbus-daemon,S (sleeping),cache-compromised.bnsdq.ozxfs.vcwss-vmdrv.kvugl,0.2944288801662176,1
1759279440,3355,1,0,0,0,0,0,0,0,0,1922494464,1922494464,47996928,N/A,135168,174923776,13,discern-network,S (sleeping),cache-compromised.bnsdq.ozxfs.vcwss-vmdrv.kvugl,0.5068856810378549,1
1759279440,179,1,0,0,0,0,0,0,0,0,133439488,133439488,37797888,4096,135168,28098560,1,systemd-journal,S (sleeping),cache-compromised.bnsdq.ozxfs.vcwss-vmdrv.kvugl,0.19215039983983334,1
1759279440,57275,1,0,0,0,0,0,0,0,0,1647706112,1580597248,21315584,N/A,135168,82202624,5,discern-interfa,S (sleeping),cache-compromised.bnsdq.ozxfs.vcwss-vmdrv.kvugl,0.004875656432382923,1
1759279440,57029,1,0,0,0,0,0,0,0,0,1264619520,1264619520,17158144,N/A,135168,45826048,4,discern-proc-so,R (running),cache-compromised.bnsdq.ozxfs.vcwss-vmdrv.kvugl,2.6646204463539003,1
1759279445,376,1,103,103,103,103,109,109,109,109,170700800,170700800,162164736,N/A,135168,162971648,1,dbus-daemon,S (sleeping),cache-compromised.bnsdq.ozxfs.vcwss-vmdrv.kvugl,0.29430483773113286,1
1759279445,3355,1,0,0,0,0,0,0,0,0,1922494464,1922494464,47996928,N/A,135168,174923776,13,discern-network,S (sleeping),cache-compromised.bnsdq.ozxfs.vcwss-vmdrv.kvugl,0.5067324669834714,1
1759279445,179,1,0,0,0,0,0,0,0,0,133439488,133439488,37797888,4096,135168,28098560,1,systemd-journal,S (sleeping),cache-compromised.bnsdq.ozxfs.vcwss-vmdrv.kvugl,0.19191271312393968,1
1759279445,57275,1,0,0,0,0,0,0,0,0,1647706112,1580597248,21315584,N/A,135168,82202624,5,discern-interfa,S (sleeping),cache-compromised.bnsdq.ozxfs.vcwss-vmdrv.kvugl,0.004815202559852525,1
1759279445,57029,1,0,0,0,0,0,0,0,0,1264619520,1264619520,17158144,N/A,135168,45826048,4,discern-proc-so,S (sleeping),cache-compromised.bnsdq.ozxfs.vcwss-vmdrv.kvugl,2.662940975065752,1
1759279450,380,1,103,103,103,103,109,109,109,109,38969344,38969344,33394688,N/A,135168,31240192,1,dbus-daemon,S (sleeping),cache-compromised.bnsdq.ozxfs.vcwss-vmdrv.kvugl,0.20587521964374814,0
1759279450,179076,1,0,0,0,0,0,0,0,0,1921449984,1921449984,26640384,N/A,135168,152514560,13,discern-network,S (sleeping),cache-compromised.bnsdq.ozxfs.vcwss-vmdrv.kvugl,0.8138505885104982,0
1759279450,179106,1,0,0,0,0,0,0,0,0,1647706112,1580597248,22573056,N/A,135168,82202624,5,discern-interfa,S (sleeping),cache-compromised.bnsdq.ozxfs.vcwss-vmdrv.kvugl,0.0,0
1759279450,179116,1,0,0,0,0,0,0,0,0,1264324608,1264324608,19951616,N/A,135168,53952512,4,discern-file-so,S (sleeping),cache-compromised.bnsdq.ozxfs.vcwss-vmdrv.kvugl,8.946256420213825,0
1759279450,181,1,0,0,0,0,0,0,0,0,154447872,125067264,38170624,4096,135168,28073984,1,systemd-journal,S (sleeping),cache-compromised.bnsdq.ozxfs.vcwss-vmdrv.kvugl,0.23049150711108368,0
1759279450,376,1,103,103,103,103,109,109,109,109,170835968,170835968,162435072,N/A,135168,163106816,1,dbus-daemon,S (sleeping),cache-compromised.bnsdq.ozxfs.vcwss-vmdrv.kvugl,0.29417966907271303,1
1759279450,3355,1,0,0,0,0,0,0,0,0,1922494464,1922494464,47996928,N/A,135168,174923776,13,discern-network,S (sleeping),cache-compromised.bnsdq.ozxfs.vcwss-vmdrv.kvugl,0.5068277264343111,1
1759279450,179,1,0,0,0,0,0,0,0,0,133439488,133439488,37797888,4096,135168,28098560,1,systemd-journal,S (sleeping),cache-compromised.bnsdq.ozxfs.vcwss-vmdrv.kvugl,0.19215446624038365,1
1759279450,57275,1,0,0,0,0,0,0,0,0,1647706112,1580597248,21315584,N/A,135168,82202624,5,discern-interfa,S (sleeping),cache-compromised.bnsdq.ozxfs.vcwss-vmdrv.kvugl,0.004755999737271574,1
1759279450,57029,1,0,0,0,0,0,0,0,0,1264619520,1264619520,17158144,N/A,135168,45826048,4,discern-proc-so,R (running),cache-compromised.bnsdq.ozxfs.vcwss-vmdrv.kvugl,2.665769275170322,1
1759279455,376,1,103,103,103,103,109,109,109,109,170971136,170971136,162435072,N/A,135168,163241984,1,dbus-daemon,S (sleeping),cache-compromised.bnsdq.ozxfs.vcwss-vmdrv.kvugl,0.29405601595204633,1
1759279455,3355,1,0,0,0,0,0,0,0,0,1922494464,1922494464,47996928,N/A,135168,174923776,13,discern-network,S (sleeping),cache-compromised.bnsdq.ozxfs.vcwss-vmdrv.kvugl,0.5069249116867125,1
1759279455,179,1,0,0,0,0,0,0,0,0,133439488,133439488,37797888,4096,135168,28098560,1,systemd-journal,S (sleeping),cache-compromised.bnsdq.ozxfs.vcwss-vmdrv.kvugl,0.19191721545580248,1
1759279455,57275,1,0,0,0,0,0,0,0,0,1647706112,1580597248,21315584,N/A,135168,82202624,5,discern-interfa,S (sleeping),cache-compromised.bnsdq.ozxfs.vcwss-vmdrv.kvugl,0.004698423955480609,1
1759279455,57029,1,0,0,0,0,0,0,0,0,1264619520,1264619520,17158144,N/A,135168,45826048,4,discern-proc-so,S (sleeping),cache-compromised.bnsdq.ozxfs.vcwss-vmdrv.kvugl,2.6640963656092658,1
1759279460,380,1,103,103,103,103,109,109,109,109,38969344,38969344,33394688,N/A,135168,31240192,1,dbus-daemon,S (sleeping),cache-compromised.bnsdq.ozxfs.vcwss-vmdrv.kvugl,0.20586671164118903,0
1759279460,179295,1,0,0,0,0,0,0,0,0,1954725888,1929580544,26292224,N/A,135168,160641024,14,discern-network,S (sleeping),cache-compromised.bnsdq.ozxfs.vcwss-vmdrv.kvugl,0.7212163525534936,0
1759279460,179260,1,0,0,0,0,0,0,0,0,1647706112,1580597248,24403968,N/A,135168,82202624,5,discern-interfa,S (sleeping),cache-compromised.bnsdq.ozxfs.vcwss-vmdrv.kvugl,1.442141245287855,0
1759279460,181,1,0,0,0,0,0,0,0,0,154447872,125067264,38170624,4096,135168,28073984,1,systemd-journal,S (sleeping),cache-compromised.bnsdq.ozxfs.vcwss-vmdrv.kvugl,0.23055293186195175,0
1759279460,179287,1,0,0,0,0,0,0,0,0,1264062464,1264062464,20193280,N/A,135168,49496064,4,discern-file-so,R (running),cache-compromised.bnsdq.ozxfs.vcwss-vmdrv.kvugl,7.92892815578592,0
1759279460,376,1,103,103,103,103,109,109,109,109,171376640,171376640,162975744,N/A,135168,163647488,1,dbus-daemon,S (sleeping),cache-compromised.bnsdq.ozxfs.vcwss-vmdrv.kvugl,0.2944109809829923,1
1759279460,3355,1,0,0,0,0,0,0,0,0,1922494464,1922494464,47996928,N/A,135168,174923776,13,discern-network,S (sleeping),cache-compromised.bnsdq.ozxfs.vcwss-vmdrv.kvugl,0.5067711073982217,1
1759279460,179,1,0,0,0,0,0,0,0,0,133439488,133439488,37797888,4096,135168,28098560,1,systemd-journal,S (sleeping),cache-compromised.bnsdq.ozxfs.vcwss-vmdrv.kvugl,0.19215888871187067,1
1759279460,57275,1,0,0,0,0,0,0,0,0,1647706112,1580597248,21315584,N/A,135168,82202624,5,discern-interfa,S (sleeping),cache-compromised.bnsdq.ozxfs.vcwss-vmdrv.kvugl,0.0046421636021096,1
1759279460,57029,1,0,0,0,0,0,0,0,0,1264619520,1264619520,17158144,N/A,135168,45826048,4,discern-proc-so,R (running),cache-compromised.bnsdq.ozxfs.vcwss-vmdrv.kvugl,2.6601848426163577,1
1759279465,376,1,103,103,103,103,109,109,109,109,171376640,171376640,162975744,N/A,135168,163647488,1,dbus-daemon,S (sleeping),cache-compromised.bnsdq.ozxfs.vcwss-vmdrv.kvugl,0.2942872176068527,1
1759279465,3355,1,0,0,0,0,0,0,0,0,1922494464,1922494464,47996928,N/A,135168,174923776,13,discern-network,S (sleeping),cache-compromised.bnsdq.ozxfs.vcwss-vmdrv.kvugl,0.5066181897535064,1
1759279465,179,1,0,0,0,0,0,0,0,0,133439488,133439488,37797888,4096,135168,28098560,1,systemd-journal,S (sleeping),cache-compromised.bnsdq.ozxfs.vcwss-vmdrv.kvugl,0.19192213083392776,1
1759279465,57275,1,0,0,0,0,0,0,0,0,1647706112,1580597248,21315584,N/A,135168,82202624,5,discern-interfa,S (sleeping),cache-compromised.bnsdq.ozxfs.vcwss-vmdrv.kvugl,0.004587274579375944,1
1759279466,57029,1,0,0,0,0,0,0,0,0,1264619520,1264619520,17158144,N/A,135168,45826048,4,discern-proc-so,R (running),cache-compromised.bnsdq.ozxfs.vcwss-vmdrv.kvugl,2.6608197680456547,1
1759279470,380,1,103,103,103,103,109,109,109,109,38969344,38969344,33394688,N/A,135168,31240192,1,dbus-daemon,S (sleeping),cache-compromised.bnsdq.ozxfs.vcwss-vmdrv.kvugl,0.2059475367500685,0
1759279470,181,1,0,0,0,0,0,0,0,0,154447872,125067264,38170624,4096,135168,28073984,1,systemd-journal,S (sleeping),cache-compromised.bnsdq.ozxfs.vcwss-vmdrv.kvugl,0.2307030861593255,0
1759279470,179490,1,0,0,0,0,0,0,0,0,1264619520,1264619520,16527360,N/A,135168,45826048,4,discern-proc-so,S (sleeping),cache-compromised.bnsdq.ozxfs.vcwss-vmdrv.kvugl,6.8785452265712905,0
1759279470,179474,1,0,0,0,0,0,0,0,0,1264586752,1264586752,25899008,N/A,135168,79380480,4,discern-file-so,S (sleeping),cache-compromised.bnsdq.ozxfs.vcwss-vmdrv.kvugl,7.449712909238854,0
1759279470,179491,1,0,0,0,0,0,0,0,0,1263157248,1263157248,11030528,N/A,135168,40206336,4,discern-os-sorc,S (sleeping),cache-compromised.bnsdq.ozxfs.vcwss-vmdrv.kvugl,0.0,0
1759279471,376,1,103,103,103,103,109,109,109,109,171646976,171646976,163246080,N/A,135168,163917824,1,dbus-daemon,S (sleeping),cache-compromised.bnsdq.ozxfs.vcwss-vmdrv.kvugl,0.29440265405266813,1
1759279471,3355,1,0,0,0,0,0,0,0,0,1922494464,1922494464,47996928,N/A,135168,174923776,13,discern-network,S (sleeping),cache-compromised.bnsdq.ozxfs.vcwss-vmdrv.kvugl,0.5067152619876591,1
1759279471,179,1,0,0,0,0,0,0,0,0,133439488,133439488,37797888,4096,135168,28098560,1,systemd-journal,S (sleeping),cache-compromised.bnsdq.ozxfs.vcwss-vmdrv.kvugl,0.19192475181249322,1
1759279471,57275,1,0,0,0,0,0,0,0,0,1647706112,1580597248,21315584,N/A,135168,82202624,5,discern-interfa,S (sleeping),cache-compromised.bnsdq.ozxfs.vcwss-vmdrv.kvugl,0.004533688086774467,1
1759279471,57029,1,0,0,0,0,0,0,0,0,1264619520,1264619520,17158144,N/A,135168,45826048,4,discern-proc-so,R (running),cache-compromised.bnsdq.ozxfs.vcwss-vmdrv.kvugl,2.6614514635982363,1
1759279476,376,1,103,103,103,103,109,109,109,109,171782144,171782144,163516416,N/A,135168,164052992,1,dbus-daemon,S (sleeping),cache-compromised.bnsdq.ozxfs.vcwss-vmdrv.kvugl,0.29451642463497296,1
1759279476,3355,1,0,0,0,0,0,0,0,0,1922494464,1922494464,47996928,N/A,135168,174923776,13,discern-network,S (sleeping),cache-compromised.bnsdq.ozxfs.vcwss-vmdrv.kvugl,0.5065605533560105,1
1759279476,179,1,0,0,0,0,0,0,0,0,133439488,133439488,37797888,4096,135168,28098560,1,systemd-journal,S (sleeping),cache-compromised.bnsdq.ozxfs.vcwss-vmdrv.kvugl,0.19192646491763787,1
1759279476,57275,1,0,0,0,0,0,0,0,0,1647706112,1580597248,21315584,N/A,135168,82202624,5,discern-interfa,S (sleeping),cache-compromised.bnsdq.ozxfs.vcwss-vmdrv.kvugl,0.004481141570785044,1
1759279476,57029,1,0,0,0,0,0,0,0,0,1264619520,1264619520,17158144,N/A,135168,45826048,4,discern-proc-so,S (sleeping),cache-compromised.bnsdq.ozxfs.vcwss-vmdrv.kvugl,2.664123501707489,1
1759279480,380,1,103,103,103,103,109,109,109,109,38969344,38969344,33394688,N/A,135168,31240192,1,dbus-daemon,S (sleeping),cache-compromised.bnsdq.ozxfs.vcwss-vmdrv.kvugl,0.20593782529151997,0
1759279480,179661,1,0,0,0,0,0,0,0,0,1647706112,1580597248,22958080,N/A,135168,82202624,5,discern-interfa,S (sleeping),cache-compromised.bnsdq.ozxfs.vcwss-vmdrv.kvugl,0.0,0
1759279480,181,1,0,0,0,0,0,0,0,0,154447872,125067264,38170624,4096,135168,28073984,1,systemd-journal,S (sleeping),cache-compromised.bnsdq.ozxfs.vcwss-vmdrv.kvugl,0.23085592929296786,0
1759279480,179673,1,0,0,0,0,0,0,0,0,1264619520,1264619520,15925248,N/A,135168,45826048,4,discern-proc-so,S (sleeping),cache-compromised.bnsdq.ozxfs.vcwss-vmdrv.kvugl,13.502296501748164,0
1759279480,179674,1,0,0,0,0,0,0,0,0,1264586752,1264586752,20635648,N/A,135168,50020352,4,discern-file-so,D (disk sleep),cache-compromised.bnsdq.ozxfs.vcwss-vmdrv.kvugl,15.575255165978827,0
1759279481,376,1,103,103,103,103,109,109,109,109,172052480,172052480,163516416,N/A,135168,164323328,1,dbus-daemon,S (sleeping),cache-compromised.bnsdq.ozxfs.vcwss-vmdrv.kvugl,0.29439344702919495,1
1759279481,3355,1,0,0,0,0,0,0,0,0,1922494464,1922494464,47996928,N/A,135168,174923776,13,discern-network,S (sleeping),cache-compromised.bnsdq.ozxfs.vcwss-vmdrv.kvugl,0.5066580480519113,1
1759279481,179,1,0,0,0,0,0,0,0,0,133439488,133439488,37797888,4096,135168,28098560,1,systemd-journal,S (sleeping),cache-compromised.bnsdq.ozxfs.vcwss-vmdrv.kvugl,0.19169116464205546,1
1759279481,57275,1,0,0,0,0,0,0,0,0,1647706112,1580597248,21315584,N/A,135168,82202624,5,discern-interfa,S (sleeping),cache-compromised.bnsdq.ozxfs.vcwss-vmdrv.kvugl,0.004430037862878921,1
1759279481,57029,1,0,0,0,0,0,0,0,0,1264619520,1264619520,17158144,N/A,135168,45826048,4,discern-proc-so,S (sleeping),cache-compromised.bnsdq.ozxfs.vcwss-vmdrv.kvugl,2.6625876447021066,1
1759279486,376,1,103,103,103,103,109,109,109,109,172187648,172187648,163786752,N/A,135168,164458496,1,dbus-daemon,S (sleeping),cache-compromised.bnsdq.ozxfs.vcwss-vmdrv.kvugl,0.2942690172825424,1
1759279486,3355,1,0,0,0,0,0,0,0,0,1922494464,1922494464,47996928,N/A,135168,174923776,13,discern-network,S (sleeping),cache-compromised.bnsdq.ozxfs.vcwss-vmdrv.kvugl,0.5065037341833023,1
1759279486,179,1,0,0,0,0,0,0,0,0,133439488,133439488,37797888,4096,135168,28098560,1,systemd-journal,S (sleeping),cache-compromised.bnsdq.ozxfs.vcwss-vmdrv.kvugl,0.191930967477838,1
1759279486,57275,1,0,0,0,0,0,0,0,0,1647706112,1580597248,21315584,N/A,135168,82202624,5,discern-interfa,S (sleeping),cache-compromised.bnsdq.ozxfs.vcwss-vmdrv.kvugl,0.004379848039829047,1
1759279486,57029,1,0,0,0,0,0,0,0,0,1264619520,1264619520,17158144,N/A,135168,45826048,4,discern-proc-so,R (running),cache-compromised.bnsdq.ozxfs.vcwss-vmdrv.kvugl,2.663064906690008,1
1759279491,380,1,103,103,103,103,109,109,109,109,38969344,38969344,33394688,N/A,135168,31240192,1,dbus-daemon,S (sleeping),cache-compromised.bnsdq.ozxfs.vcwss-vmdrv.kvugl,0.20583626100084107,0
1759279491,179863,1,0,0,0,0,0,0,0,0,1954725888,1929842688,24416256,N/A,135168,160903168,14,discern-network,S (sleeping),cache-compromised.bnsdq.ozxfs.vcwss-vmdrv.kvugl,1.781577662808731,0
1759279491,179860,1,0,0,0,0,0,0,0,0,1580597248,1580597248,22441984,N/A,135168,82202624,5,discern-interfa,S (sleeping),cache-compromised.bnsdq.ozxfs.vcwss-vmdrv.kvugl,1.7809249016203728,0
1759279491,181,1,0,0,0,0,0,0,0,0,154447872,125067264,38170624,4096,135168,28073984,1,systemd-journal,S (sleeping),cache-compromised.bnsdq.ozxfs.vcwss-vmdrv.kvugl,0.2309167540359415,0
1759279491,179857,1,0,0,0,0,0,0,0,0,1264357376,1264357376,15548416,N/A,135168,45563904,4,discern-proc-so,S (sleeping),cache-compromised.bnsdq.ozxfs.vcwss-vmdrv.kvugl,7.120201050909813,0
1759279491,376,1,103,103,103,103,109,109,109,109,172322816,172322816,163786752,N/A,135168,164593664,1,dbus-daemon,S (sleeping),cache-compromised.bnsdq.ozxfs.vcwss-vmdrv.kvugl,0.2943843229839664,1
1759279491,3355,1,0,0,0,0,0,0,0,0,1922494464,1922494464,47996928,N/A,135168,174923776,13,discern-network,S (sleeping),cache-compromised.bnsdq.ozxfs.vcwss-vmdrv.kvugl,0.5066011952142347,1
1759279491,179,1,0,0,0,0,0,0,0,0,133439488,133439488,37797888,4096,135168,28098560,1,systemd-journal,S (sleeping),cache-compromised.bnsdq.ozxfs.vcwss-vmdrv.kvugl,0.1919338323047938,1
1759279491,57275,1,0,0,0,0,0,0,0,0,1647706112,1580597248,21315584,N/A,135168,82202624,5,discern-interfa,S (sleeping),cache-compromised.bnsdq.ozxfs.vcwss-vmdrv.kvugl,0.004331027065308154,1
1759279491,57029,1,0,0,0,0,0,0,0,0,1264619520,1264619520,17158144,N/A,135168,45826048,4,discern-proc-so,R (running),cache-compromised.bnsdq.ozxfs.vcwss-vmdrv.kvugl,2.661580231671089,1
1759279496,376,1,103,103,103,103,109,109,109,109,172457984,172457984,164057088,N/A,135168,164728832,1,dbus-daemon,S (sleeping),cache-compromised.bnsdq.ozxfs.vcwss-vmdrv.kvugl,0.29426256338823364,1
1759279496,3355,1,0,0,0,0,0,0,0,0,1922494464,1922494464,47996928,N/A,135168,174923776,13,discern-network,S (sleeping),cache-compromised.bnsdq.ozxfs.vcwss-vmdrv.kvugl,0.5064515735660232,1
1759279496,179,1,0,0,0,0,0,0,0,0,133439488,133439488,37797888,4096,135168,28098560,1,systemd-journal,S (sleeping),cache-compromised.bnsdq.ozxfs.vcwss-vmdrv.kvugl,0.19169977978419467,1
1759279496,57275,1,0,0,0,0,0,0,0,0,1647706112,1580597248,21315584,N/A,135168,82202624,5,discern-interfa,S (sleeping),cache-compromised.bnsdq.ozxfs.vcwss-vmdrv.kvugl,0.004283351472180164,1
1759279496,57029,1,0,0,0,0,0,0,0,0,1264619520,1264619520,17158144,N/A,135168,45826048,4,discern-proc-so,R (running),cache-compromised.bnsdq.ozxfs.vcwss-vmdrv.kvugl,2.6580939412547986,1
1759279501,380,1,103,103,103,103,109,109,109,109,38969344,38969344,33394688,N/A,135168,31240192,1,dbus-daemon,S (sleeping),cache-compromised.bnsdq.ozxfs.vcwss-vmdrv.kvugl,0.2058243277070879,0
1759279501,180040,1,0,0,0,0,0,0,0,0,1647706112,1580597248,24154112,N/A,135168,82202624,5,discern-interfa,S (sleeping),cache-compromised.bnsdq.ozxfs.vcwss-vmdrv.kvugl,0.0,0
1759279501,181,1,0,0,0,0,0,0,0,0,154447872,125067264,38170624,4096,135168,28073984,1,systemd-journal,S (sleeping),cache-compromised.bnsdq.ozxfs.vcwss-vmdrv.kvugl,0.23106648298888738,0
1759279501,180039,1,0,0,0,0,0,0,0,0,1264324608,1264324608,22106112,N/A,135168,53952512,4,discern-file-so,D (disk sleep),cache-compromised.bnsdq.ozxfs.vcwss-vmdrv.kvugl,10.244706717466078,0
1759279501,180048,1,0,0,0,0,0,0,0,0,1264619520,1264619520,15212544,N/A,135168,45826048,4,discern-proc-so,S (sleeping),cache-compromised.bnsdq.ozxfs.vcwss-vmdrv.kvugl,7.510956678042555,0
1759279502,376,1,103,103,103,103,109,109,109,109,172728320,172728320,164327424,N/A,135168,164999168,1,dbus-daemon,S (sleeping),cache-compromised.bnsdq.ozxfs.vcwss-vmdrv.kvugl,0.2941402191567229,1
1759279502,3355,1,0,0,0,0,0,0,0,0,1922494464,1922494464,47996928,N/A,135168,174923776,13,discern-network,S (sleeping),cache-compromised.bnsdq.ozxfs.vcwss-vmdrv.kvugl,0.5063007491265181,1
1759279502,179,1,0,0,0,0,0,0,0,0,133439488,133439488,37797888,4096,135168,28098560,1,systemd-journal,S (sleeping),cache-compromised.bnsdq.ozxfs.vcwss-vmdrv.kvugl,0.19193964868112484,1
1759279502,57275,1,0,0,0,0,0,0,0,0,1647706112,1580597248,21315584,N/A,135168,82202624,5,discern-interfa,S (sleeping),cache-compromised.bnsdq.ozxfs.vcwss-vmdrv.kvugl,0.00423660055846232,1
1759279502,57029,1,0,0,0,0,0,0,0,0,1264619520,1264619520,17158144,N/A,135168,45826048,4,discern-proc-so,R (running),cache-compromised.bnsdq.ozxfs.vcwss-vmdrv.kvugl,2.6587188006532982,1
1759279507,376,1,103,103,103,103,109,109,109,109,172998656,172998656,164597760,N/A,135168,165269504,1,dbus-daemon,S (sleeping),cache-compromised.bnsdq.ozxfs.vcwss-vmdrv.kvugl,0.2944918583372293,1
1759279507,3355,1,0,0,0,0,0,0,0,0,1922494464,1922494464,47996928,N/A,135168,174923776,13,discern-network,S (sleeping),cache-compromised.bnsdq.ozxfs.vcwss-vmdrv.kvugl,0.5063978698808979,1
1759279507,179,1,0,0,0,0,0,0,0,0,133439488,133439488,37797888,4096,135168,28098560,1,systemd-journal,S (sleeping),cache-compromised.bnsdq.ozxfs.vcwss-vmdrv.kvugl,0.19194241100430662,1
1759279507,57275,1,0,0,0,0,0,0,0,0,1647706112,1580597248,21315584,N/A,135168,82202624,5,discern-interfa,S (sleeping),cache-compromised.bnsdq.ozxfs.vcwss-vmdrv.kvugl,0.004190888559583203,1
1759279507,57029,1,0,0,0,0,0,0,0,0,1264619520,1264619520,17158144,N/A,135168,45826048,4,discern-proc-so,R (running),cache-compromised.bnsdq.ozxfs.vcwss-vmdrv.kvugl,2.6532532108555316,1
1759279511,380,1,103,103,103,103,109,109,109,109,38969344,38969344,33394688,N/A,135168,31240192,1,dbus-daemon,S (sleeping),cache-compromised.bnsdq.ozxfs.vcwss-vmdrv.kvugl,0.2059069006952149,0
1759279511,180218,1,0,0,0,0,0,0,0,0,1647706112,1580597248,24338432,N/A,135168,82202624,5,discern-interfa,S (sleeping),cache-compromised.bnsdq.ozxfs.vcwss-vmdrv.kvugl,1.1658334049223051,0
1759279511,181,1,0,0,0,0,0,0,0,0,154447872,133431296,38170624,4096,135168,28073984,1,systemd-journal,S (sleeping),cache-compromised.bnsdq.ozxfs.vcwss-vmdrv.kvugl,0.23112503559442932,0
1759279511,180230,1,0,0,0,0,0,0,0,0,1264586752,1264586752,20828160,N/A,135168,50020352,4,discern-file-so,D (disk sleep),cache-compromised.bnsdq.ozxfs.vcwss-vmdrv.kvugl,9.322685812293612,0
1759279511,180244,1,0,0,0,0,0,0,0,0,1264357376,1264357376,15450112,N/A,135168,45563904,4,discern-proc-so,S (sleeping),cache-compromised.bnsdq.ozxfs.vcwss-vmdrv.kvugl,6.406525367111565,0
1759279512,376,1,103,103,103,103,109,109,109,109,173158400,173158400,164597760,N/A,135168,165429248,1,dbus-daemon,S (sleeping),cache-compromised.bnsdq.ozxfs.vcwss-vmdrv.kvugl,0.2943694536656596,1
1759279512,3355,1,0,0,0,0,0,0,0,0,1922494464,1922494464,47996928,N/A,135168,174923776,13,discern-network,S (sleeping),cache-compromised.bnsdq.ozxfs.vcwss-vmdrv.kvugl,0.5064941897395125,1
1759279512,179,1,0,0,0,0,0,0,0,0,133439488,133439488,37797888,4096,135168,28098560,1,systemd-journal,S (sleeping),cache-compromised.bnsdq.ozxfs.vcwss-vmdrv.kvugl,0.19170858023300247,1
1759279512,57275,1,0,0,0,0,0,0,0,0,1647706112,1580597248,21315584,N/A,135168,82202624,5,discern-interfa,S (sleeping),cache-compromised.bnsdq.ozxfs.vcwss-vmdrv.kvugl,0.004146114495896687,1
1759279512,57029,1,0,0,0,0,0,0,0,0,1264619520,1264619520,17158144,N/A,135168,45826048,4,discern-proc-so,S (sleeping),cache-compromised.bnsdq.ozxfs.vcwss-vmdrv.kvugl,2.6579305164741256,1
1759279517,376,1,103,103,103,103,109,109,109,109,173432832,173432832,164868096,N/A,135168,165703680,1,dbus-daemon,S (sleeping),cache-compromised.bnsdq.ozxfs.vcwss-vmdrv.kvugl,0.2944836168562225,1
1759279517,3355,1,0,0,0,0,0,0,0,0,1922494464,1922494464,47996928,N/A,135168,174923776,13,discern-network,S (sleeping),cache-compromised.bnsdq.ozxfs.vcwss-vmdrv.kvugl,0.5063439502336636,1
1759279517,179,1,0,0,0,0,0,0,0,0,133439488,133439488,37797888,4096,135168,28098560,1,systemd-journal,S (sleeping),cache-compromised.bnsdq.ozxfs.vcwss-vmdrv.kvugl,0.1917114886697584,1
1759279517,57275,1,0,0,0,0,0,0,0,0,1647706112,1580597248,21315584,N/A,135168,82202624,5,discern-interfa,S (sleeping),cache-compromised.bnsdq.ozxfs.vcwss-vmdrv.kvugl,0.004102300356813194,1
1759279517,57029,1,0,0,0,0,0,0,0,0,1264619520,1264619520,17158144,N/A,135168,45826048,4,discern-proc-so,S (sleeping),cache-compromised.bnsdq.ozxfs.vcwss-vmdrv.kvugl,2.6545602693912453,1
1759279522,380,1,103,103,103,103,109,109,109,109,38969344,38969344,33394688,N/A,135168,31240192,1,dbus-daemon,S (sleeping),cache-compromised.bnsdq.ozxfs.vcwss-vmdrv.kvugl,0.2058029830678311,0
1759279522,180410,1,0,0,0,0,0,0,0,0,1647706112,1580597248,22130688,N/A,135168,82202624,5,discern-interfa,S (sleeping),cache-compromised.bnsdq.ozxfs.vcwss-vmdrv.kvugl,0.9834748829882483,0
1759279522,181,1,0,0,0,0,0,0,0,0,154447872,133431296,38170624,4096,135168,28073984,1,systemd-journal,S (sleeping),cache-compromised.bnsdq.ozxfs.vcwss-vmdrv.kvugl,0.2311824272728037,0
1759279522,180431,1,0,0,0,0,0,0,0,0,1264357376,1264357376,14966784,N/A,135168,45563904,4,discern-proc-so,R (running),cache-compromised.bnsdq.ozxfs.vcwss-vmdrv.kvugl,11.793741669656422,0
1759279522,180407,1,0,0,0,0,0,0,0,0,1264586752,1264586752,20873216,N/A,135168,79380480,4,discern-file-so,R (running),cache-compromised.bnsdq.ozxfs.vcwss-vmdrv.kvugl,8.920604784236016,0
1759279522,376,1,103,103,103,103,109,109,109,109,173568000,173568000,165138432,N/A,135168,165838848,1,dbus-daemon,S (sleeping),cache-compromised.bnsdq.ozxfs.vcwss-vmdrv.kvugl,0.2943600926993654,1
1759279522,3355,1,0,0,0,0,0,0,0,0,1922494464,1922494464,47996928,N/A,135168,174923776,13,discern-network,S (sleeping),cache-compromised.bnsdq.ozxfs.vcwss-vmdrv.kvugl,0.5064375349591415,1
1759279522,179,1,0,0,0,0,0,0,0,0,150224896,99921920,37797888,4096,135168,28098560,1,systemd-journal,S (sleeping),cache-compromised.bnsdq.ozxfs.vcwss-vmdrv.kvugl,0.19218500836100255,1
1759279522,57275,1,0,0,0,0,0,0,0,0,1647706112,1580597248,21315584,N/A,135168,82202624,5,discern-interfa,S (sleeping),cache-compromised.bnsdq.ozxfs.vcwss-vmdrv.kvugl,0.004059219910778792,1
1759279522,57029,1,0,0,0,0,0,0,0,0,1264619520,1264619520,17158144,N/A,135168,45826048,4,discern-proc-so,R (running),cache-compromised.bnsdq.ozxfs.vcwss-vmdrv.kvugl,2.6590211758786393,1
1759279527,376,1,103,103,103,103,109,109,109,109,173703168,173703168,165138432,N/A,135168,165974016,1,dbus-daemon,S (sleeping),cache-compromised.bnsdq.ozxfs.vcwss-vmdrv.kvugl,0.29447431519726863,1
1759279527,3355,1,0,0,0,0,0,0,0,0,1922494464,1922494464,47996928,N/A,135168,174923776,13,discern-network,S (sleeping),cache-compromised.bnsdq.ozxfs.vcwss-vmdrv.kvugl,0.5062883398291165,1
1759279527,179,1,0,0,0,0,0,0,0,0,150224896,99921920,37797888,4096,135168,28098560,1,systemd-journal,S (sleeping),cache-compromised.bnsdq.ozxfs.vcwss-vmdrv.kvugl,0.1919520232110463,1
1759279527,57275,1,0,0,0,0,0,0,0,0,1647706112,1580597248,21315584,N/A,135168,82202624,5,discern-interfa,S (sleeping),cache-compromised.bnsdq.ozxfs.vcwss-vmdrv.kvugl,0.004017252306334487,1
1759279527,57029,1,0,0,0,0,0,0,0,0,1264619520,1264619520,17158144,N/A,135168,45826048,4,discern-proc-so,S (sleeping),cache-compromised.bnsdq.ozxfs.vcwss-vmdrv.kvugl,2.655732461318419,1
1759279532,380,1,103,103,103,103,109,109,109,109,38969344,38969344,33394688,N/A,135168,31240192,1,dbus-daemon,S (sleeping),cache-compromised.bnsdq.ozxfs.vcwss-vmdrv.kvugl,0.20579499824059377,0
1759279532,180593,1,0,0,0,0,0,0,0,0,1647706112,1580597248,24055808,N/A,135168,82202624,5,discern-interfa,S (sleeping),cache-compromised.bnsdq.ozxfs.vcwss-vmdrv.kvugl,1.7342251352549063,0
1759279532,181,1,0,0,0,0,0,0,0,0,154447872,133431296,38170624,4096,135168,28073984,1,systemd-journal,S (sleeping),cache-compromised.bnsdq.ozxfs.vcwss-vmdrv.kvugl,0.2313358504650911,0
1759279532,180599,1,0,0,0,0,0,0,0,0,1264062464,1264062464,22114304,N/A,135168,53690368,4,discern-file-so,R (running),cache-compromised.bnsdq.ozxfs.vcwss-vmdrv.kvugl,9.536091613502608,0
1759279532,180611,1,0,0,0,0,0,0,0,0,1264357376,1264357376,15151104,N/A,135168,45563904,4,discern-proc-so,S (sleeping),cache-compromised.bnsdq.ozxfs.vcwss-vmdrv.kvugl,7.800823271325147,0
1759279533,376,1,103,103,103,103,109,109,109,109,173838336,173838336,165408768,N/A,135168,166109184,1,dbus-daemon,S (sleeping),cache-compromised.bnsdq.ozxfs.vcwss-vmdrv.kvugl,0.2941160230660605,1
1759279533,3355,1,0,0,0,0,0,0,0,0,1922494464,1922494464,47996928,N/A,135168,174923776,13,discern-network,S (sleeping),cache-compromised.bnsdq.ozxfs.vcwss-vmdrv.kvugl,0.5063821384691185,1
1759279533,179,1,0,0,0,0,0,0,0,0,150224896,99921920,37797888,4096,135168,28098560,1,systemd-journal,S (sleeping),cache-compromised.bnsdq.ozxfs.vcwss-vmdrv.kvugl,0.19195376529669309,1
1759279533,57275,1,0,0,0,0,0,0,0,0,1647706112,1580597248,21315584,N/A,135168,82202624,5,discern-interfa,S (sleeping),cache-compromised.bnsdq.ozxfs.vcwss-vmdrv.kvugl,0.003975955275211163,1
1759279533,57029,1,0,0,0,0,0,0,0,0,1264619520,1264619520,17158144,N/A,135168,45826048,4,discern-proc-so,R (running),cache-compromised.bnsdq.ozxfs.vcwss-vmdrv.kvugl,2.658178721660416,1
1759279538,376,1,103,103,103,103,109,109,109,109,173973504,173973504,165679104,N/A,135168,166244352,1,dbus-daemon,S (sleeping),cache-compromised.bnsdq.ozxfs.vcwss-vmdrv.kvugl,0.2942299091034956,1
1759279538,3355,1,0,0,0,0,0,0,0,0,1922494464,1922494464,47996928,N/A,135168,174923776,13,discern-network,S (sleeping),cache-compromised.bnsdq.ozxfs.vcwss-vmdrv.kvugl,0.5064780076667699,1
1759279538,179,1,0,0,0,0,0,0,0,0,150224896,99921920,37797888,4096,135168,28098560,1,systemd-journal,S (sleeping),cache-compromised.bnsdq.ozxfs.vcwss-vmdrv.kvugl,0.19195634072884185,1
1759279538,57275,1,0,0,0,0,0,0,0,0,1647706112,1580597248,21315584,N/A,135168,82202624,5,discern-interfa,S (sleeping),cache-compromised.bnsdq.ozxfs.vcwss-vmdrv.kvugl,0.003935641235271424,1
1759279538,57029,1,0,0,0,0,0,0,0,0,1264619520,1264619520,17158144,N/A,135168,45826048,4,discern-proc-so,R (running),cache-compromised.bnsdq.ozxfs.vcwss-vmdrv.kvugl,2.6568470180111854,1
1759279542,380,1,103,103,103,103,109,109,109,109,38969344,38969344,33394688,N/A,135168,31240192,1,dbus-daemon,S (sleeping),cache-compromised.bnsdq.ozxfs.vcwss-vmdrv.kvugl,0.20569254001748344,0
1759279542,180799,1,0,0,0,0,0,0,0,0,1505095680,1505095680,21745664,N/A,135168,73678848,4,discern-interfa,S (sleeping),cache-compromised.bnsdq.ozxfs.vcwss-vmdrv.kvugl,0.0,0
1759279542,181,1,0,0,0,0,0,0,0,0,154447872,133431296,38170624,4096,135168,28073984,1,systemd-journal,S (sleeping),cache-compromised.bnsdq.ozxfs.vcwss-vmdrv.kvugl,0.23148677087501798,0
1759279542,180795,1,0,0,0,0,0,0,0,0,1264357376,1264357376,15769600,N/A,135168,45563904,4,discern-proc-so,S (sleeping),cache-compromised.bnsdq.ozxfs.vcwss-vmdrv.kvugl,5.741629952154846,0
1759279542,180772,1,0,0,0,0,0,0,0,0,1264062464,1264062464,20779008,N/A,135168,49496064,5,discern-file-so,S (sleeping),cache-compromised.bnsdq.ozxfs.vcwss-vmdrv.kvugl,7.892863691832661,0
1759279543,376,1,103,103,103,103,109,109,109,109,174243840,174243840,165679104,N/A,135168,166514688,1,dbus-daemon,S (sleeping),cache-compromised.bnsdq.ozxfs.vcwss-vmdrv.kvugl,0.29410738774875894,1
1759279543,3355,1,0,0,0,0,0,0,0,0,1922494464,1922494464,47996928,N/A,135168,174923776,13,discern-network,S (sleeping),cache-compromised.bnsdq.ozxfs.vcwss-vmdrv.kvugl,0.5063261738644862,1
1759279543,179,1,0,0,0,0,0,0,0,0,150224896,99921920,37797888,4096,135168,28098560,1,systemd-journal,S (sleeping),cache-compromised.bnsdq.ozxfs.vcwss-vmdrv.kvugl,0.19195800129213964,1
1759279543,57275,1,0,0,0,0,0,0,0,0,1647706112,1580597248,21315584,N/A,135168,82202624,5,discern-interfa,S (sleeping),cache-compromised.bnsdq.ozxfs.vcwss-vmdrv.kvugl,0.003895985735048532,1
1759279543,57029,1,0,0,0,0,0,0,0,0,1264619520,1264619520,17158144,N/A,135168,45826048,4,discern-proc-so,S (sleeping),cache-compromised.bnsdq.ozxfs.vcwss-vmdrv.kvugl,2.6611198499372555,1
1759279548,376,1,103,103,103,103,109,109,109,109,174379008,174379008,165949440,N/A,135168,166649856,1,dbus-daemon,S (sleeping),cache-compromised.bnsdq.ozxfs.vcwss-vmdrv.kvugl,0.29398703794283154,1
1759279548,3355,1,0,0,0,0,0,0,0,0,1922494464,1922494464,47996928,N/A,135168,174923776,13,discern-network,S (sleeping),cache-compromised.bnsdq.ozxfs.vcwss-vmdrv.kvugl,0.5064227254665206,1
1759279548,179,1,0,0,0,0,0,0,0,0,150224896,99921920,37797888,4096,135168,28098560,1,systemd-journal,S (sleeping),cache-compromised.bnsdq.ozxfs.vcwss-vmdrv.kvugl,0.1919608753849359,1
1759279548,57275,1,0,0,0,0,0,0,0,0,1647706112,1580597248,21315584,N/A,135168,82202624,5,discern-interfa,S (sleeping),cache-compromised.bnsdq.ozxfs.vcwss-vmdrv.kvugl,0.0038573214784520236,1
1759279548,57029,1,0,0,0,0,0,0,0,0,1264619520,1264619520,17158144,N/A,135168,45826048,4,discern-proc-so,R (running),cache-compromised.bnsdq.ozxfs.vcwss-vmdrv.kvugl,2.6598206723897735,1
1759279552,380,1,103,103,103,103,109,109,109,109,38969344,38969344,33394688,N/A,135168,31240192,1,dbus-daemon,S (sleeping),cache-compromised.bnsdq.ozxfs.vcwss-vmdrv.kvugl,0.2056819707579467,0
1759279552,180978,1,0,0,0,0,0,0,0,0,1954725888,1929580544,23584768,N/A,135168,160641024,14,discern-network,S (sleeping),cache-compromised.bnsdq.ozxfs.vcwss-vmdrv.kvugl,1.196292096236591,0
1759279552,180948,1,0,0,0,0,0,0,0,0,1647706112,1580597248,24571904,N/A,135168,82202624,5,discern-interfa,S (sleeping),cache-compromised.bnsdq.ozxfs.vcwss-vmdrv.kvugl,1.1961441701779094,0
1759279552,181,1,0,0,0,0,0,0,0,0,154447872,133431296,38170624,4096,135168,28073984,1,systemd-journal,S (sleeping),cache-compromised.bnsdq.ozxfs.vcwss-vmdrv.kvugl,0.23163655585301443,0
1759279552,180974,1,0,0,0,0,0,0,0,0,1264357376,1264357376,15392768,N/A,135168,45563904,4,discern-proc-so,S (sleeping),cache-compromised.bnsdq.ozxfs.vcwss-vmdrv.kvugl,5.978617446006992,0
1759279553,376,1,103,103,103,103,109,109,109,109,174649344,174649344,166219776,N/A,135168,166920192,1,dbus-daemon,S (sleeping),cache-compromised.bnsdq.ozxfs.vcwss-vmdrv.kvugl,0.2943350076249094,1
1759279553,3355,1,0,0,0,0,0,0,0,0,1922494464,1922494464,47996928,N/A,135168,174923776,13,discern-network,S (sleeping),cache-compromised.bnsdq.ozxfs.vcwss-vmdrv.kvugl,0.5065185253219326,1
1759279553,179,1,0,0,0,0,0,0,0,0,150224896,99921920,37797888,4096,135168,28098560,1,systemd-journal,S (sleeping),cache-compromised.bnsdq.ozxfs.vcwss-vmdrv.kvugl,0.19196355800830583,1
1759279553,57275,1,0,0,0,0,0,0,0,0,1647706112,1580597248,21315584,N/A,135168,82202624,5,discern-interfa,S (sleeping),cache-compromised.bnsdq.ozxfs.vcwss-vmdrv.kvugl,0.0038193872195868886,1
1759279553,57029,1,0,0,0,0,0,0,0,0,1264619520,1264619520,17158144,N/A,135168,45826048,4,discern-proc-so,R (running),cache-compromised.bnsdq.ozxfs.vcwss-vmdrv.kvugl,2.6566693096554537,1
1759279558,376,1,103,103,103,103,109,109,109,109,174784512,174784512,166219776,N/A,135168,167055360,1,dbus-daemon,S (sleeping),cache-compromised.bnsdq.ozxfs.vcwss-vmdrv.kvugl,0.29421406705425196,1
1759279558,3355,1,0,0,0,0,0,0,0,0,1922494464,1922494464,47996928,N/A,135168,174923776,13,discern-network,S (sleeping),cache-compromised.bnsdq.ozxfs.vcwss-vmdrv.kvugl,0.5063694711156371,1
1759279558,179,1,0,0,0,0,0,0,0,0,150224896,99921920,37797888,4096,135168,28098560,1,systemd-journal,S (sleeping),cache-compromised.bnsdq.ozxfs.vcwss-vmdrv.kvugl,0.1917322042434408,1
1759279558,57275,1,0,0,0,0,0,0,0,0,1647706112,1580597248,21315584,N/A,135168,82202624,5,discern-interfa,S (sleeping),cache-compromised.bnsdq.ozxfs.vcwss-vmdrv.kvugl,0.003782158445754747,1
1759279558,57029,1,0,0,0,0,0,0,0,0,1264619520,1264619520,17158144,N/A,135168,45826048,4,discern-proc-so,R (running),cache-compromised.bnsdq.ozxfs.vcwss-vmdrv.kvugl,2.65539448072957,1
1759279562,380,1,103,103,103,103,109,109,109,109,38969344,38969344,33394688,N/A,135168,31240192,1,dbus-daemon,S (sleeping),cache-compromised.bnsdq.ozxfs.vcwss-vmdrv.kvugl,0.20576492253371603,0
1759279562,181142,1,0,0,0,0,0,0,0,0,1954725888,1921449984,26931200,N/A,135168,152514560,13,discern-network,S (sleeping),cache-compromised.bnsdq.ozxfs.vcwss-vmdrv.kvugl,1.5868241715192324,0
1759279562,181169,1,0,0,0,0,0,0,0,0,1647706112,1580597248,21827584,N/A,135168,82202624,5,discern-interfa,S (sleeping),cache-compromised.bnsdq.ozxfs.vcwss-vmdrv.kvugl,0.0,0
1759279562,181,1,0,0,0,0,0,0,0,0,154447872,133431296,38170624,4096,135168,28073984,1,systemd-journal,S (sleeping),cache-compromised.bnsdq.ozxfs.vcwss-vmdrv.kvugl,0.2316950055482934,0
1759279562,181192,1,0,0,0,0,0,0,0,0,1264357376,1264357376,16498688,N/A,135168,45563904,4,discern-proc-so,R (running),cache-compromised.bnsdq.ozxfs.vcwss-vmdrv.kvugl,8.973910458601878,0
1759279563,376,1,103,103,103,103,109,109,109,109,175054848,175054848,166490112,N/A,135168,167325696,1,dbus-daemon,S (sleeping),cache-compromised.bnsdq.ozxfs.vcwss-vmdrv.kvugl,0.2943271683667794,1
1759279563,3355,1,0,0,0,0,0,0,0,0,1922494464,1922494464,47996928,N/A,135168,174923776,13,discern-network,S (sleeping),cache-compromised.bnsdq.ozxfs.vcwss-vmdrv.kvugl,0.5062210745272806,1
1759279563,179,1,0,0,0,0,0,0,0,0,150224896,99921920,37797888,4096,135168,28098560,1,systemd-journal,S (sleeping),cache-compromised.bnsdq.ozxfs.vcwss-vmdrv.kvugl,0.1917350477962414,1
1759279563,57275,1,0,0,0,0,0,0,0,0,1647706112,1580597248,21315584,N/A,135168,82202624,5,discern-interfa,S (sleeping),cache-compromised.bnsdq.ozxfs.vcwss-vmdrv.kvugl,0.003745663962467637,1
1759279563,57029,1,0,0,0,0,0,0,0,0,1264619520,1264619520,17158144,N/A,135168,45826048,4,discern-proc-so,R (running),cache-compromised.bnsdq.ozxfs.vcwss-vmdrv.kvugl,2.654153894269853,1
1759279569,376,1,103,103,103,103,109,109,109,109,175190016,175190016,168857600,N/A,135168,167460864,1,dbus-daemon,S (sleeping),cache-compromised.bnsdq.ozxfs.vcwss-vmdrv.kvugl,0.29420506558931,1
1759279569,3355,1,0,0,0,0,0,0,0,0,1922494464,1922494464,47996928,N/A,135168,174923776,13,discern-network,S (sleeping),cache-compromised.bnsdq.ozxfs.vcwss-vmdrv.kvugl,0.5063135644517573,1
1759279569,179,1,0,0,0,0,0,0,0,0,150224896,99921920,37797888,4096,135168,28098560,1,systemd-journal,S (sleeping),cache-compromised.bnsdq.ozxfs.vcwss-vmdrv.kvugl,0.1919700869080464,1
1759279569,57275,1,0,0,0,0,0,0,0,0,1647706112,1580597248,21315584,N/A,135168,82202624,5,discern-interfa,S (sleeping),cache-compromised.bnsdq.ozxfs.vcwss-vmdrv.kvugl,0.0037097055198826155,1
1759279569,57029,1,0,0,0,0,0,0,0,0,1264619520,1264619520,17158144,N/A,135168,45826048,4,discern-proc-so,S (sleeping),cache-compromised.bnsdq.ozxfs.vcwss-vmdrv.kvugl,2.6564334122812383,1
1759279573,181343,1,0,0,0,0,0,0,0,0,1264586752,1264586752,41684992,N/A,135168,79380480,4,discern-file-so,R (running),cache-compromised.bnsdq.ozxfs.vcwss-vmdrv.kvugl,16.01309994800364,0
1759279573,380,1,103,103,103,103,109,109,109,109,38969344,38969344,33394688,N/A,135168,31240192,1,dbus-daemon,S (sleeping),cache-compromised.bnsdq.ozxfs.vcwss-vmdrv.kvugl,0.2057516019296922,0
1759279573,181359,1,0,0,0,0,0,0,0,0,1938235392,1938235392,23924736,N/A,135168,169291776,15,discern-network,S (sleeping),cache-compromised.bnsdq.ozxfs.vcwss-vmdrv.kvugl,1.5243667463467392,0
1759279573,181356,1,0,0,0,0,0,0,0,0,1647706112,1580597248,21377024,N/A,135168,82202624,5,discern-interfa,S (sleeping),cache-compromised.bnsdq.ozxfs.vcwss-vmdrv.kvugl,0.7620159157875118,0
1759279573,181,1,0,0,0,0,0,0,0,0,154447872,133431296,38170624,4096,135168,28073984,1,systemd-journal,S (sleeping),cache-compromised.bnsdq.ozxfs.vcwss-vmdrv.kvugl,0.23193352666967823,0
1759279574,376,1,103,103,103,103,109,109,109,109,175325184,175325184,168857600,N/A,135168,167596032,1,dbus-daemon,S (sleeping),cache-compromised.bnsdq.ozxfs.vcwss-vmdrv.kvugl,0.2940849923794893,1
1759279574,3355,1,0,0,0,0,0,0,0,0,1922494464,1922494464,47996928,N/A,135168,174923776,13,discern-network,S (sleeping),cache-compromised.bnsdq.ozxfs.vcwss-vmdrv.kvugl,0.5061658217436857,1
1759279574,179,1,0,0,0,0,0,0,0,0,150224896,99921920,37797888,4096,135168,28098560,1,systemd-journal,S (sleeping),cache-compromised.bnsdq.ozxfs.vcwss-vmdrv.kvugl,0.19173973859367457,1
1759279574,57275,1,0,0,0,0,0,0,0,0,1647706112,1580597248,21315584,N/A,135168,82202624,5,discern-interfa,S (sleeping),cache-compromised.bnsdq.ozxfs.vcwss-vmdrv.kvugl,0.003674601342208023,1
1759279574,57029,1,0,0,0,0,0,0,0,0,1264619520,1264619520,17158144,N/A,135168,45826048,4,discern-proc-so,R (running),cache-compromised.bnsdq.ozxfs.vcwss-vmdrv.kvugl,2.6534266127821042,1
1759279579,376,1,103,103,103,103,109,109,109,109,175460352,175460352,169123840,N/A,135168,167731200,1,dbus-daemon,S (sleeping),cache-compromised.bnsdq.ozxfs.vcwss-vmdrv.kvugl,0.294196564292803,1
1759279579,3355,1,0,0,0,0,0,0,0,0,1922494464,1922494464,47996928,N/A,135168,174923776,13,discern-network,S (sleeping),cache-compromised.bnsdq.ozxfs.vcwss-vmdrv.kvugl,0.5062587568186498,1
1759279579,179,1,0,0,0,0,0,0,0,0,150224896,99921920,37797888,4096,135168,28098560,1,systemd-journal,S (sleeping),cache-compromised.bnsdq.ozxfs.vcwss-vmdrv.kvugl,0.19174173138552855,1
1759279579,57275,1,0,0,0,0,0,0,0,0,1647706112,1580597248,21315584,N/A,135168,82202624,5,discern-interfa,S (sleeping),cache-compromised.bnsdq.ozxfs.vcwss-vmdrv.kvugl,0.003640020412584366,1
1759279579,57029,1,0,0,0,0,0,0,0,0,1264619520,1264619520,17158144,N/A,135168,45826048,4,discern-proc-so,R (running),cache-compromised.bnsdq.ozxfs.vcwss-vmdrv.kvugl,2.657465639421556,1
1759279583,380,1,103,103,103,103,109,109,109,109,38969344,38969344,33394688,N/A,135168,31240192,1,dbus-daemon,S (sleeping),cache-compromised.bnsdq.ozxfs.vcwss-vmdrv.kvugl,0.20574445390534882,0
1759279583,181527,1,0,0,0,0,0,0,0,0,1647706112,1580597248,26689536,N/A,135168,82202624,5,discern-interfa,S (sleeping),cache-compromised.bnsdq.ozxfs.vcwss-vmdrv.kvugl,0.7095291177442703,0
1759279583,181564,1,0,0,0,0,0,0,0,0,1937973248,1937973248,20267008,N/A,135168,169029632,15,discern-network,S (sleeping),cache-compromised.bnsdq.ozxfs.vcwss-vmdrv.kvugl,0.7093794262660362,0
1759279583,181,1,0,0,0,0,0,0,0,0,154447872,133431296,38170624,4096,135168,28073984,1,systemd-journal,S (sleeping),cache-compromised.bnsdq.ozxfs.vcwss-vmdrv.kvugl,0.23199418414220865,0
1759279583,181543,1,0,0,0,0,0,0,0,0,1264062464,1264062464,20197376,N/A,135168,49496064,4,discern-file-so,R (running),cache-compromised.bnsdq.ozxfs.vcwss-vmdrv.kvugl,7.800363830526425,0
1759279584,376,1,103,103,103,103,109,109,109,109,175730688,175730688,169394176,N/A,135168,168001536,1,dbus-daemon,S (sleeping),cache-compromised.bnsdq.ozxfs.vcwss-vmdrv.kvugl,0.29407689720422664,1
1759279584,3355,1,0,0,0,0,0,0,0,0,1922494464,1922494464,47996928,N/A,135168,174923776,13,discern-network,S (sleeping),cache-compromised.bnsdq.ozxfs.vcwss-vmdrv.kvugl,0.5061116449448106,1
1759279584,179,1,0,0,0,0,0,0,0,0,150224896,99921920,37797888,4096,135168,28098560,1,systemd-journal,S (sleeping),cache-compromised.bnsdq.ozxfs.vcwss-vmdrv.kvugl,0.19151227879288127,1
1759279584,57275,1,0,0,0,0,0,0,0,0,1647706112,1580597248,21315584,N/A,135168,82202624,5,discern-interfa,S (sleeping),cache-compromised.bnsdq.ozxfs.vcwss-vmdrv.kvugl,0.0036062268747733954,1
1759279584,57029,1,0,0,0,0,0,0,0,0,1264619520,1264619520,17158144,N/A,135168,45826048,4,discern-proc-so,S (sleeping),cache-compromised.bnsdq.ozxfs.vcwss-vmdrv.kvugl,2.6562665439611206,1
1759279589,376,1,103,103,103,103,109,109,109,109,175865856,175865856,169394176,N/A,135168,168136704,1,dbus-daemon,S (sleeping),cache-compromised.bnsdq.ozxfs.vcwss-vmdrv.kvugl,0.29395777642463927,1
1759279589,3355,1,0,0,0,0,0,0,0,0,1922494464,1922494464,47996928,N/A,135168,174923776,13,discern-network,S (sleeping),cache-compromised.bnsdq.ozxfs.vcwss-vmdrv.kvugl,0.5064497759070095,1
1759279589,179,1,0,0,0,0,0,0,0,0,150224896,99921920,37797888,4096,135168,28098560,1,systemd-journal,S (sleeping),cache-compromised.bnsdq.ozxfs.vcwss-vmdrv.kvugl,0.19151568348830986,1
1759279589,57275,1,0,0,0,0,0,0,0,0,1647706112,1580597248,21315584,N/A,135168,82202624,5,discern-interfa,S (sleeping),cache-compromised.bnsdq.ozxfs.vcwss-vmdrv.kvugl,0.0035730791699497104,1
1759279589,57029,1,0,0,0,0,0,0,0,0,1264619520,1264619520,17158144,N/A,135168,45826048,4,discern-proc-so,S (sleeping),cache-compromised.bnsdq.ozxfs.vcwss-vmdrv.kvugl,2.653367015331374,1
1759279593,181722,1,0,0,0,0,0,0,0,0,1264586752,1264586752,43597824,N/A,135168,75186176,4,discern-file-so,R (running),cache-compromised.bnsdq.ozxfs.vcwss-vmdrv.kvugl,12.386551183591946,0
1759279593,380,1,103,103,103,103,109,109,109,109,38969344,38969344,33394688,N/A,135168,31240192,1,dbus-daemon,S (sleeping),cache-compromised.bnsdq.ozxfs.vcwss-vmdrv.kvugl,0.2057322035703796,0
1759279593,181732,1,0,0,0,0,0,0,0,0,1647706112,1580597248,22491136,N/A,135168,82202624,5,discern-interfa,S (sleeping),cache-compromised.bnsdq.ozxfs.vcwss-vmdrv.kvugl,1.12567467987343,0
1759279593,181,1,0,0,0,0,0,0,0,0,154447872,133431296,38170624,4096,135168,28073984,1,systemd-journal,S (sleeping),cache-compromised.bnsdq.ozxfs.vcwss-vmdrv.kvugl,0.23223312867488427,0
1759279593,181768,1,0,0,0,0,0,0,0,0,1264357376,1264357376,15089664,N/A,135168,45563904,4,discern-proc-so,S (sleeping),cache-compromised.bnsdq.ozxfs.vcwss-vmdrv.kvugl,7.314282607242765,0
1759279594,376,1,103,103,103,103,109,109,109,109,176001024,176001024,169664512,N/A,135168,168271872,1,dbus-daemon,S (sleeping),cache-compromised.bnsdq.ozxfs.vcwss-vmdrv.kvugl,0.29407055507297164,1
1759279594,3355,1,0,0,0,0,0,0,0,0,1922494464,1922494464,47996928,N/A,135168,174923776,13,discern-network,S (sleeping),cache-compromised.bnsdq.ozxfs.vcwss-vmdrv.kvugl,0.5063027143533061,1
1759279594,179,1,0,0,0,0,0,0,0,0,150224896,99921920,37797888,4096,135168,28098560,1,systemd-journal,S (sleeping),cache-compromised.bnsdq.ozxfs.vcwss-vmdrv.kvugl,0.19151888332336417,1
1759279594,57275,1,0,0,0,0,0,0,0,0,1647706112,1580597248,21315584,N/A,135168,82202624,5,discern-interfa,S (sleeping),cache-compromised.bnsdq.ozxfs.vcwss-vmdrv.kvugl,0.0035405076120417437,1
1759279594,57029,1,0,0,0,0,0,0,0,0,1264619520,1264619520,17158144,N/A,135168,45826048,4,discern-proc-so,R (running),cache-compromised.bnsdq.ozxfs.vcwss-vmdrv.kvugl,2.652222884626202,1
1759279600,376,1,103,103,103,103,109,109,109,109,176435200,176435200,169934848,N/A,135168,168706048,1,dbus-daemon,S (sleeping),cache-compromised.bnsdq.ozxfs.vcwss-vmdrv.kvugl,0.2941830133973347,1
1759279600,3355,1,0,0,0,0,0,0,0,0,1922494464,1922494464,47996928,N/A,135168,174923776,13,discern-network,S (sleeping),cache-compromised.bnsdq.ozxfs.vcwss-vmdrv.kvugl,0.5063975371118655,1
1759279600,179,1,0,0,0,0,0,0,0,0,150224896,99921920,37838848,4096,135168,28098560,1,systemd-journal,S (sleeping),cache-compromised.bnsdq.ozxfs.vcwss-vmdrv.kvugl,0.19152204506568263,1
1759279600,57275,1,0,0,0,0,0,0,0,0,1647706112,1580597248,21315584,N/A,135168,82202624,5,discern-interfa,S (sleeping),cache-compromised.bnsdq.ozxfs.vcwss-vmdrv.kvugl,0.0035085200557057454,1
1759279600,57029,1,0,0,0,0,0,0,0,0,1264619520,1264619520,17158144,N/A,135168,45826048,4,discern-proc-so,S (sleeping),cache-compromised.bnsdq.ozxfs.vcwss-vmdrv.kvugl,2.651096128913537,1
1759279603,380,1,103,103,103,103,109,109,109,109,38969344,38969344,33394688,N/A,135168,31240192,1,dbus-daemon,S (sleeping),cache-compromised.bnsdq.ozxfs.vcwss-vmdrv.kvugl,0.205631961869485,0
1759279603,181908,1,0,0,0,0,0,0,0,0,1647706112,1580597248,24743936,N/A,135168,82202624,5,discern-interfa,S (sleeping),cache-compromised.bnsdq.ozxfs.vcwss-vmdrv.kvugl,0.5172810418342274,0
1759279603,181,1,0,0,0,0,0,0,0,0,154447872,133431296,38170624,4096,135168,28073984,1,systemd-journal,S (sleeping),cache-compromised.bnsdq.ozxfs.vcwss-vmdrv.kvugl,0.2322921218645894,0
1759279603,181912,1,0,0,0,0,0,0,0,0,1264324608,1264324608,20410368,N/A,135168,49758208,4,discern-file-so,D (disk sleep),cache-compromised.bnsdq.ozxfs.vcwss-vmdrv.kvugl,6.20440052887944,0
1759279603,181920,1,0,0,0,0,0,0,0,0,1264357376,1264357376,15405056,N/A,135168,45563904,4,discern-proc-so,R (running),cache-compromised.bnsdq.ozxfs.vcwss-vmdrv.kvugl,5.686295211162009,0
1759279605,376,1,103,103,103,103,109,109,109,109,176435200,176435200,170205184,N/A,135168,168706048,1,dbus-daemon,S (sleeping),cache-compromised.bnsdq.ozxfs.vcwss-vmdrv.kvugl,0.2940634399751547,1
1759279605,3355,1,0,0,0,0,0,0,0,0,1922494464,1922494464,47996928,N/A,135168,174923776,13,discern-network,S (sleeping),cache-compromised.bnsdq.ozxfs.vcwss-vmdrv.kvugl,0.50649140173773,1
1759279605,179,1,0,0,0,0,0,0,0,0,150224896,99921920,37838848,4096,135168,28098560,1,systemd-journal,S (sleeping),cache-compromised.bnsdq.ozxfs.vcwss-vmdrv.kvugl,0.19152493593479514,1
1759279605,57275,1,0,0,0,0,0,0,0,0,1647706112,1580597248,21315584,N/A,135168,82202624,5,discern-interfa,S (sleeping),cache-compromised.bnsdq.ozxfs.vcwss-vmdrv.kvugl,0.0034770698304191173,1
1759279605,57029,1,0,0,0,0,0,0,0,0,1264619520,1264619520,17158144,N/A,135168,45826048,4,discern-proc-so,R (running),cache-compromised.bnsdq.ozxfs.vcwss-vmdrv.kvugl,2.6499623153550784,1
1759279610,376,1,103,103,103,103,109,109,109,109,176705536,176705536,170205184,N/A,135168,168976384,1,dbus-daemon,S (sleeping),cache-compromised.bnsdq.ozxfs.vcwss-vmdrv.kvugl,0.2941754405175836,1
1759279610,3355,1,0,0,0,0,0,0,0,0,1922494464,1922494464,47996928,N/A,135168,174923776,13,discern-network,S (sleeping),cache-compromised.bnsdq.ozxfs.vcwss-vmdrv.kvugl,0.50634439185068,1
1759279610,179,1,0,0,0,0,0,0,0,0,150224896,99921920,37957632,4096,135168,28098560,1,systemd-journal,S (sleeping),cache-compromised.bnsdq.ozxfs.vcwss-vmdrv.kvugl,0.19152795039933365,1
1759279610,57275,1,0,0,0,0,0,0,0,0,1647706112,1580597248,21315584,N/A,135168,82202624,5,discern-interfa,S (sleeping),cache-compromised.bnsdq.ozxfs.vcwss-vmdrv.kvugl,0.003446195406866665,1
1759279610,57029,1,0,0,0,0,0,0,0,0,1264619520,1264619520,17158144,N/A,135168,45826048,4,discern-proc-so,R (running),cache-compromised.bnsdq.ozxfs.vcwss-vmdrv.kvugl,2.64718108952423,1
1759279614,380,1,103,103,103,103,109,109,109,109,38969344,38969344,33394688,N/A,135168,31240192,1,dbus-daemon,S (sleeping),cache-compromised.bnsdq.ozxfs.vcwss-vmdrv.kvugl,0.20571266990157974,0
1759279614,182097,1,0,0,0,0,0,0,0,0,1647706112,1580597248,26820608,N/A,135168,82202624,5,discern-interfa,S (sleeping),cache-compromised.bnsdq.ozxfs.vcwss-vmdrv.kvugl,0.798313133055978,0
1759279614,181,1,0,0,0,0,0,0,0,0,154447872,133431296,38170624,4096,135168,28073984,1,systemd-journal,S (sleeping),cache-compromised.bnsdq.ozxfs.vcwss-vmdrv.kvugl,0.23234753987320875,0
1759279614,182112,1,0,0,0,0,0,0,0,0,1264586752,1264586752,19116032,N/A,135168,50020352,4,discern-file-so,S (sleeping),cache-compromised.bnsdq.ozxfs.vcwss-vmdrv.kvugl,10.373529590682276,0
1759279614,182124,1,0,0,0,0,0,0,0,0,1264357376,1264357376,16179200,N/A,135168,45563904,4,discern-proc-so,S (sleeping),cache-compromised.bnsdq.ozxfs.vcwss-vmdrv.kvugl,9.570781949347008,0
1759279615,376,1,103,103,103,103,109,109,109,109,176840704,176840704,170475520,N/A,135168,169111552,1,dbus-daemon,S (sleeping),cache-compromised.bnsdq.ozxfs.vcwss-vmdrv.kvugl,0.29428521136238445,1
1759279615,3355,1,0,0,0,0,0,0,0,0,1922494464,1922494464,47996928,N/A,135168,174923776,13,discern-network,S (sleeping),cache-compromised.bnsdq.ozxfs.vcwss-vmdrv.kvugl,0.5064349248873128,1
1759279615,179,1,0,0,0,0,0,0,0,0,150224896,99921920,37957632,4096,135168,28098560,1,systemd-journal,S (sleeping),cache-compromised.bnsdq.ozxfs.vcwss-vmdrv.kvugl,0.19152968073759546,1
1759279615,57275,1,0,0,0,0,0,0,0,0,1647706112,1580597248,21315584,N/A,135168,82202624,5,discern-interfa,S (sleeping),cache-compromised.bnsdq.ozxfs.vcwss-vmdrv.kvugl,0.003415696551690567,1
1759279615,57029,1,0,0,0,0,0,0,0,0,1264619520,1264619520,17158144,N/A,135168,45826048,4,discern-proc-so,S (sleeping),cache-compromised.bnsdq.ozxfs.vcwss-vmdrv.kvugl,2.652647039659038,1
1759279620,376,1,103,103,103,103,109,109,109,109,176975872,176975872,170745856,N/A,135168,169246720,1,dbus-daemon,S (sleeping),cache-compromised.bnsdq.ozxfs.vcwss-vmdrv.kvugl,0.2941664609498164,1
1759279620,3355,1,0,0,0,0,0,0,0,0,1922494464,1922494464,47996928,N/A,135168,174923776,13,discern-network,S (sleeping),cache-compromised.bnsdq.ozxfs.vcwss-vmdrv.kvugl,0.5062889211888899,1
1759279620,179,1,0,0,0,0,0,0,0,0,150224896,99921920,38023168,4096,135168,28098560,1,systemd-journal,S (sleeping),cache-compromised.bnsdq.ozxfs.vcwss-vmdrv.kvugl,0.19153289486703018,1
1759279620,57275,1,0,0,0,0,0,0,0,0,1647706112,1580597248,21315584,N/A,135168,82202624,5,discern-interfa,S (sleeping),cache-compromised.bnsdq.ozxfs.vcwss-vmdrv.kvugl,0.0033859256708769253,1
1759279620,57029,1,0,0,0,0,0,0,0,0,1264619520,1264619520,17158144,N/A,135168,45826048,4,discern-proc-so,R (running),cache-compromised.bnsdq.ozxfs.vcwss-vmdrv.kvugl,2.6499116880158935,1
1759279624,380,1,103,103,103,103,109,109,109,109,38969344,38969344,33394688,N/A,135168,31240192,1,dbus-daemon,S (sleeping),cache-compromised.bnsdq.ozxfs.vcwss-vmdrv.kvugl,0.20561276911337995,0
1759279624,182314,1,0,0,0,0,0,0,0,0,1647706112,1580597248,21073920,N/A,135168,82202624,5,discern-interfa,S (sleeping),cache-compromised.bnsdq.ozxfs.vcwss-vmdrv.kvugl,1.426813411001636,0
1759279624,182284,1,0,0,0,0,0,0,0,0,1264324608,1264324608,21188608,N/A,135168,49758208,4,discern-file-so,R (running),cache-compromised.bnsdq.ozxfs.vcwss-vmdrv.kvugl,10.697833760267713,0
1759279624,181,1,0,0,0,0,0,0,0,0,154447872,133431296,38170624,4096,135168,28073984,1,systemd-journal,S (sleeping),cache-compromised.bnsdq.ozxfs.vcwss-vmdrv.kvugl,0.23249829731841581,0
1759279624,182317,1,0,0,0,0,0,0,0,0,1264357376,1264357376,15200256,N/A,135168,45563904,4,discern-proc-so,S (sleeping),cache-compromised.bnsdq.ozxfs.vcwss-vmdrv.kvugl,6.416000435181626,0
1759279625,376,1,103,103,103,103,109,109,109,109,177246208,177246208,170745856,N/A,135168,169517056,1,dbus-daemon,S (sleeping),cache-compromised.bnsdq.ozxfs.vcwss-vmdrv.kvugl,0.2940463257241635,1
1759279625,3355,1,0,0,0,0,0,0,0,0,1922494464,1922494464,47996928,N/A,135168,174923776,13,discern-network,S (sleeping),cache-compromised.bnsdq.ozxfs.vcwss-vmdrv.kvugl,0.5063803894771594,1
1759279625,179,1,0,0,0,0,0,0,0,0,150224896,99921920,38047744,4096,135168,28098560,1,systemd-journal,S (sleeping),cache-compromised.bnsdq.ozxfs.vcwss-vmdrv.kvugl,0.1913048007451122,1
1759279625,57275,1,0,0,0,0,0,0,0,0,1647706112,1580597248,21315584,N/A,135168,82202624,5,discern-interfa,S (sleeping),cache-compromised.bnsdq.ozxfs.vcwss-vmdrv.kvugl,0.0033565299221728975,1
1759279625,57029,1,0,0,0,0,0,0,0,0,1264619520,1264619520,17158144,N/A,135168,45826048,4,discern-proc-so,S (sleeping),cache-compromised.bnsdq.ozxfs.vcwss-vmdrv.kvugl,2.6520266930203817,1
1759279631,376,1,103,103,103,103,109,109,109,109,177381376,177381376,171016192,N/A,135168,169652224,1,dbus-daemon,S (sleeping),cache-compromised.bnsdq.ozxfs.vcwss-vmdrv.kvugl,0.29415792113530387,1
1759279631,3355,1,0,0,0,0,0,0,0,0,1922494464,1922494464,47996928,N/A,135168,174923776,13,discern-network,S (sleeping),cache-compromised.bnsdq.ozxfs.vcwss-vmdrv.kvugl,0.5062344393516066,1
1759279631,179,1,0,0,0,0,0,0,0,0,150224896,99921920,38068224,4096,135168,28098560,1,systemd-journal,S (sleeping),cache-compromised.bnsdq.ozxfs.vcwss-vmdrv.kvugl,0.19130813509188196,1
1759279631,57275,1,0,0,0,0,0,0,0,0,1647706112,1580597248,21315584,N/A,135168,82202624,5,discern-interfa,S (sleeping),cache-compromised.bnsdq.ozxfs.vcwss-vmdrv.kvugl,0.0033277598544082386,1
1759279631,57029,1,0,0,0,0,0,0,0,0,1264619520,1264619520,17158144,N/A,135168,45826048,4,discern-proc-so,R (running),cache-compromised.bnsdq.ozxfs.vcwss-vmdrv.kvugl,2.6509525062817816,1
1759279636,376,1,103,103,103,103,109,109,109,109,177516544,177516544,171286528,N/A,135168,169787392,1,dbus-daemon,S (sleeping),cache-compromised.bnsdq.ozxfs.vcwss-vmdrv.kvugl,0.29404016266895766,1
1759279636,3355,1,0,0,0,0,0,0,0,0,1922494464,1922494464,47996928,N/A,135168,174923776,13,discern-network,S (sleeping),cache-compromised.bnsdq.ozxfs.vcwss-vmdrv.kvugl,0.5063294832185332,1
1759279636,179,1,0,0,0,0,0,0,0,0,150224896,99921920,38092800,4096,135168,28098560,1,systemd-journal,S (sleeping),cache-compromised.bnsdq.ozxfs.vcwss-vmdrv.kvugl,0.19131186614489173,1
1759279636,57275,1,0,0,0,0,0,0,0,0,1647706112,1580597248,21315584,N/A,135168,82202624,5,discern-interfa,S (sleeping),cache-compromised.bnsdq.ozxfs.vcwss-vmdrv.kvugl,0.003299528731332682,1
1759279636,57029,1,0,0,0,0,0,0,0,0,1264619520,1264619520,17158144,N/A,135168,45826048,4,discern-proc-so,S (sleeping),cache-compromised.bnsdq.ozxfs.vcwss-vmdrv.kvugl,2.648325229377912,1
1759279641,376,1,103,103,103,103,109,109,109,109,177651712,177651712,171286528,N/A,135168,169922560,1,dbus-daemon,S (sleeping),cache-compromised.bnsdq.ozxfs.vcwss-vmdrv.kvugl,0.29415146023272837,1
1759279641,3355,1,0,0,0,0,0,0,0,0,1922494464,1922494464,47996928,N/A,135168,174923776,13,discern-network,S (sleeping),cache-compromised.bnsdq.ozxfs.vcwss-vmdrv.kvugl,0.5061838805049061,1
1759279641,179,1,0,0,0,0,0,0,0,0,150224896,99921920,38158336,4096,135168,28098560,1,systemd-journal,S (sleeping),cache-compromised.bnsdq.ozxfs.vcwss-vmdrv.kvugl,0.1913151558941265,1
1759279641,57275,1,0,0,0,0,0,0,0,0,1647706112,1580597248,21315584,N/A,135168,82202624,5,discern-interfa,S (sleeping),cache-compromised.bnsdq.ozxfs.vcwss-vmdrv.kvugl,0.003271719890665158,1
1759279641,57029,1,0,0,0,0,0,0,0,0,1264619520,1264619520,17158144,N/A,135168,45826048,4,discern-proc-so,R (running),cache-compromised.bnsdq.ozxfs.vcwss-vmdrv.kvugl,2.6472962453656934,1
1759279645,380,1,103,103,103,103,109,109,109,109,38969344,38969344,33394688,N/A,135168,31240192,1,dbus-daemon,S (sleeping),cache-compromised.bnsdq.ozxfs.vcwss-vmdrv.kvugl,0.20559109091397376,0
1759279645,182654,1,0,0,0,0,0,0,0,0,1647706112,1580597248,24649728,N/A,135168,82202624,5,discern-interfa,S (sleeping),cache-compromised.bnsdq.ozxfs.vcwss-vmdrv.kvugl,0.9969362697887121,0
1759279645,181,1,0,0,0,0,0,0,0,0,154447872,133431296,38170624,4096,135168,28073984,1,systemd-journal,S (sleeping),cache-compromised.bnsdq.ozxfs.vcwss-vmdrv.kvugl,0.23270080622266948,0
1759279645,182664,1,0,0,0,0,0,0,0,0,1264586752,1264586752,22134784,N/A,135168,83574784,4,discern-file-so,S (sleeping),cache-compromised.bnsdq.ozxfs.vcwss-vmdrv.kvugl,6.97598793796675,0
1759279645,182683,1,0,0,0,0,0,0,0,0,1264357376,1264357376,15040512,N/A,135168,45563904,4,discern-proc-so,S (sleeping),cache-compromised.bnsdq.ozxfs.vcwss-vmdrv.kvugl,12.908248723130681,0
1759279646,376,1,103,103,103,103,109,109,109,109,178057216,178057216,171556864,N/A,135168,170328064,1,dbus-daemon,S (sleeping),cache-compromised.bnsdq.ozxfs.vcwss-vmdrv.kvugl,0.2942625463222608,1
1759279646,3355,1,0,0,0,0,0,0,0,0,1922494464,1922494464,47996928,N/A,135168,174923776,13,discern-network,S (sleeping),cache-compromised.bnsdq.ozxfs.vcwss-vmdrv.kvugl,0.5062776485283765,1
1759279646,179,1,0,0,0,0,0,0,0,0,150224896,99921920,38260736,4096,135168,28098560,1,systemd-journal,S (sleeping),cache-compromised.bnsdq.ozxfs.vcwss-vmdrv.kvugl,0.19131846995046176,1
1759279646,57275,1,0,0,0,0,0,0,0,0,1647706112,1580597248,21315584,N/A,135168,82202624,5,discern-interfa,S (sleeping),cache-compromised.bnsdq.ozxfs.vcwss-vmdrv.kvugl,0.003244379733429613,1
1759279646,57029,1,0,0,0,0,0,0,0,0,1264619520,1264619520,17158144,N/A,135168,45826048,4,discern-proc-so,S (sleeping),cache-compromised.bnsdq.ozxfs.vcwss-vmdrv.kvugl,2.6462871062366933,1
1759279651,376,1,103,103,103,103,109,109,109,109,178057216,178057216,171827200,N/A,135168,170328064,1,dbus-daemon,S (sleeping),cache-compromised.bnsdq.ozxfs.vcwss-vmdrv.kvugl,0.2941443626077875,1
1759279651,3355,1,0,0,0,0,0,0,0,0,1922494464,1922494464,47996928,N/A,135168,174923776,13,discern-network,S (sleeping),cache-compromised.bnsdq.ozxfs.vcwss-vmdrv.kvugl,0.5061323750068144,1
1759279651,179,1,0,0,0,0,0,0,0,0,150224896,99921920,38281216,4096,135168,28098560,1,systemd-journal,S (sleeping),cache-compromised.bnsdq.ozxfs.vcwss-vmdrv.kvugl,0.1910928576436131,1
1759279651,57275,1,0,0,0,0,0,0,0,0,1647706112,1580597248,21315584,N/A,135168,82202624,5,discern-interfa,S (sleeping),cache-compromised.bnsdq.ozxfs.vcwss-vmdrv.kvugl,0.003217485121665009,1
1759279651,57029,1,0,0,0,0,0,0,0,0,1264619520,1264619520,17158144,N/A,135168,45826048,4,discern-proc-so,S (sleeping),cache-compromised.bnsdq.ozxfs.vcwss-vmdrv.kvugl,2.6437173608561433,1
1759279655,182834,1,0,0,0,0,0,0,0,0,1264586752,1264586752,43352064,N/A,135168,79380480,4,discern-file-so,R (running),cache-compromised.bnsdq.ozxfs.vcwss-vmdrv.kvugl,17.15444416340786,0
1759279655,380,1,103,103,103,103,109,109,109,109,38969344,38969344,33394688,N/A,135168,31240192,1,dbus-daemon,S (sleeping),cache-compromised.bnsdq.ozxfs.vcwss-vmdrv.kvugl,0.2055807570195328,0
1759279655,182839,1,0,0,0,0,0,0,0,0,1954725888,1929842688,26341376,N/A,135168,160903168,14,discern-network,S (sleeping),cache-compromised.bnsdq.ozxfs.vcwss-vmdrv.kvugl,2.3381321971698465,0
1759279655,181,1,0,0,0,0,0,0,0,0,154447872,133431296,38170624,4096,135168,28073984,1,systemd-journal,S (sleeping),cache-compromised.bnsdq.ozxfs.vcwss-vmdrv.kvugl,0.23284809200606785,0
1759279655,182875,1,0,0,0,0,0,0,0,0,1264357376,1264357376,15589376,N/A,135168,45563904,4,discern-proc-so,S (sleeping),cache-compromised.bnsdq.ozxfs.vcwss-vmdrv.kvugl,10.906087222534078,0
1759279656,376,1,103,103,103,103,109,109,109,109,178327552,178327552,172097536,N/A,135168,170598400,1,dbus-daemon,S (sleeping),cache-compromised.bnsdq.ozxfs.vcwss-vmdrv.kvugl,0.29425534696226374,1
1759279656,3355,1,0,0,0,0,0,0,0,0,1922494464,1922494464,47996928,N/A,135168,174923776,13,discern-network,S (sleeping),cache-compromised.bnsdq.ozxfs.vcwss-vmdrv.kvugl,0.5064645835582735,1
1759279656,179,1,0,0,0,0,0,0,0,0,150224896,99921920,38313984,4096,135168,28098560,1,systemd-journal,S (sleeping),cache-compromised.bnsdq.ozxfs.vcwss-vmdrv.kvugl,0.1910965233441451,1
1759279656,57275,1,0,0,0,0,0,0,0,0,1647706112,1580597248,21315584,N/A,135168,82202624,5,discern-interfa,S (sleeping),cache-compromised.bnsdq.ozxfs.vcwss-vmdrv.kvugl,0.0031910513020500767,1
1759279656,57029,1,0,0,0,0,0,0,0,0,1264619520,1264619520,17158144,N/A,135168,45826048,4,discern-proc-so,R (running),cache-compromised.bnsdq.ozxfs.vcwss-vmdrv.kvugl,2.6443203221321574,1
1759279661,376,1,103,103,103,103,109,109,109,109,178597888,178597888,172097536,N/A,135168,170868736,1,dbus-daemon,S (sleeping),cache-compromised.bnsdq.ozxfs.vcwss-vmdrv.kvugl,0.2941370464393313,1
1759279661,3355,1,0,0,0,0,0,0,0,0,1922494464,1922494464,47996928,N/A,135168,174923776,13,discern-network,S (sleeping),cache-compromised.bnsdq.ozxfs.vcwss-vmdrv.kvugl,0.5063187151323024,1
1759279661,179,1,0,0,0,0,0,0,0,0,150224896,99921920,38346752,4096,135168,28098560,1,systemd-journal,S (sleeping),cache-compromised.bnsdq.ozxfs.vcwss-vmdrv.kvugl,0.19109975713675198,1
1759279661,57275,1,0,0,0,0,0,0,0,0,1647706112,1580597248,21315584,N/A,135168,82202624,5,discern-interfa,S (sleeping),cache-compromised.bnsdq.ozxfs.vcwss-vmdrv.kvugl,0.003165000300063329,1
1759279661,57029,1,0,0,0,0,0,0,0,0,1264619520,1264619520,17158144,N/A,135168,45826048,4,discern-proc-so,R (running),cache-compromised.bnsdq.ozxfs.vcwss-vmdrv.kvugl,2.6433288308990153,1
1759279665,380,1,103,103,103,103,109,109,109,109,38969344,38969344,33394688,N/A,135168,31240192,1,dbus-daemon,S (sleeping),cache-compromised.bnsdq.ozxfs.vcwss-vmdrv.kvugl,0.2055737650961721,0
1759279665,183053,1,0,0,0,0,0,0,0,0,1954725888,1929842688,26460160,N/A,135168,160903168,14,discern-network,S (sleeping),cache-compromised.bnsdq.ozxfs.vcwss-vmdrv.kvugl,0.0,0
1759279665,181,1,0,0,0,0,0,0,0,0,154447872,133431296,38170624,4096,135168,28073984,1,systemd-journal,S (sleeping),cache-compromised.bnsdq.ozxfs.vcwss-vmdrv.kvugl,0.23299886475360904,0
1759279665,183055,1,0,0,0,0,0,0,0,0,1264062464,1264062464,21262336,N/A,135168,49496064,4,discern-file-so,R (running),cache-compromised.bnsdq.ozxfs.vcwss-vmdrv.kvugl,7.2244190066968015,0
1759279665,183066,1,0,0,0,0,0,0,0,0,1264357376,1264357376,15396864,N/A,135168,45563904,4,discern-proc-so,S (sleeping),cache-compromised.bnsdq.ozxfs.vcwss-vmdrv.kvugl,6.50051589285887,0
1759279667,376,1,103,103,103,103,109,109,109,109,178597888,178597888,172367872,N/A,135168,170868736,1,dbus-daemon,S (sleeping),cache-compromised.bnsdq.ozxfs.vcwss-vmdrv.kvugl,0.2940192970693976,1
1759279667,3355,1,0,0,0,0,0,0,0,0,1922494464,1922494464,47996928,N/A,135168,174923776,13,discern-network,S (sleeping),cache-compromised.bnsdq.ozxfs.vcwss-vmdrv.kvugl,0.5064114441172632,1
1759279667,179,1,0,0,0,0,0,0,0,0,150224896,99921920,38404096,4096,135168,28098560,1,systemd-journal,S (sleeping),cache-compromised.bnsdq.ozxfs.vcwss-vmdrv.kvugl,0.19087511167294222,1
1759279667,57275,1,0,0,0,0,0,0,0,0,1647706112,1580597248,21315584,N/A,135168,82202624,5,discern-interfa,S (sleeping),cache-compromised.bnsdq.ozxfs.vcwss-vmdrv.kvugl,0.0031393907173588947,1
1759279667,57029,1,0,0,0,0,0,0,0,0,1264619520,1264619520,17158144,N/A,135168,45826048,4,discern-proc-so,R (running),cache-compromised.bnsdq.ozxfs.vcwss-vmdrv.kvugl,2.6423690024981648,1
1759279672,376,1,103,103,103,103,109,109,109,109,178868224,178868224,172621824,N/A,135168,171139072,1,dbus-daemon,S (sleeping),cache-compromised.bnsdq.ozxfs.vcwss-vmdrv.kvugl,0.29412446594176606,1
1759279672,65514,1,0,0,0,0,0,0,0,0,1399926784,1399926784,171995136,N/A,135168,239886336,4,discern-file-so,S (sleeping),cache-compromised.bnsdq.ozxfs.vcwss-vmdrv.kvugl,59.22017197469038,1
1759279672,3355,1,0,0,0,0,0,0,0,0,1922494464,1922494464,47996928,N/A,135168,174923776,13,discern-network,S (sleeping),cache-compromised.bnsdq.ozxfs.vcwss-vmdrv.kvugl,0.5060196656702773,1
1759279672,179,1,0,0,0,0,0,0,0,0,150224896,99921920,38404096,4096,135168,28098560,1,systemd-journal,S (sleeping),cache-compromised.bnsdq.ozxfs.vcwss-vmdrv.kvugl,0.19110315399922528,1
1759279672,57275,1,0,0,0,0,0,0,0,0,1647706112,1580597248,21315584,N/A,135168,82202624,5,discern-interfa,S (sleeping),cache-compromised.bnsdq.ozxfs.vcwss-vmdrv.kvugl,0.00311381284070388,1
1759279675,380,1,103,103,103,103,109,109,109,109,38969344,38969344,33394688,N/A,135168,31240192,1,dbus-daemon,S (sleeping),cache-compromised.bnsdq.ozxfs.vcwss-vmdrv.kvugl,0.20556322011626244,0
1759279675,183239,1,0,0,0,0,0,0,0,0,1647706112,1580597248,23494656,N/A,135168,82202624,5,discern-interfa,S (sleeping),cache-compromised.bnsdq.ozxfs.vcwss-vmdrv.kvugl,0.5975734274877516,0
1759279675,181,1,0,0,0,0,0,0,0,0,154447872,133431296,38170624,4096,135168,28073984,1,systemd-journal,S (sleeping),cache-compromised.bnsdq.ozxfs.vcwss-vmdrv.kvugl,0.23314531274280295,0
1759279675,183232,1,0,0,0,0,0,0,0,0,1264062464,1264062464,22151168,N/A,135168,53690368,4,discern-file-so,R (running),cache-compromised.bnsdq.ozxfs.vcwss-vmdrv.kvugl,6.569589310640822,0
1759279675,183264,1,0,0,0,0,0,0,0,0,1264357376,1264357376,15007744,N/A,135168,45563904,4,discern-proc-so,S (sleeping),cache-compromised.bnsdq.ozxfs.vcwss-vmdrv.kvugl,4.776362467080794,0
1759279677,376,1,103,103,103,103,109,109,109,109,179032064,179032064,172621824,N/A,135168,171302912,1,dbus-daemon,S (sleeping),cache-compromised.bnsdq.ozxfs.vcwss-vmdrv.kvugl,0.2939980512175792,1
1759279677,65514,1,0,0,0,0,0,0,0,0,1467629568,1467629568,234594304,N/A,135168,278228992,4,discern-file-so,S (sleeping),cache-compromised.bnsdq.ozxfs.vcwss-vmdrv.kvugl,71.19890045043915,1
1759279677,3355,1,0,0,0,0,0,0,0,0,1922494464,1922494464,47996928,N/A,135168,174923776,13,discern-network,S (sleeping),cache-compromised.bnsdq.ozxfs.vcwss-vmdrv.kvugl,0.5060964403876395,1
1759279677,179,1,0,0,0,0,0,0,0,0,150224896,99921920,38404096,4096,135168,28098560,1,systemd-journal,S (sleeping),cache-compromised.bnsdq.ozxfs.vcwss-vmdrv.kvugl,0.1908732064801649,1
1759279677,57275,1,0,0,0,0,0,0,0,0,1647706112,1580597248,21315584,N/A,135168,82202624,5,discern-interfa,S (sleeping),cache-compromised.bnsdq.ozxfs.vcwss-vmdrv.kvugl,0.0030883812919857926,1
1759279682,376,1,103,103,103,103,109,109,109,109,179310592,179310592,172875776,N/A,135168,171581440,1,dbus-daemon,S (sleeping),cache-compromised.bnsdq.ozxfs.vcwss-vmdrv.kvugl,0.29388098590448847,1
1759279682,3355,1,0,0,0,0,0,0,0,0,1922494464,1922494464,47996928,N/A,135168,174923776,13,discern-network,S (sleeping),cache-compromised.bnsdq.ozxfs.vcwss-vmdrv.kvugl,0.5057156121811119,1
1759279682,57275,1,0,0,0,0,0,0,0,0,1647706112,1580597248,21315584,N/A,135168,82202624,5,discern-interfa,S (sleeping),cache-compromised.bnsdq.ozxfs.vcwss-vmdrv.kvugl,0.003064005062878576,1
1759279682,179,1,0,0,0,0,0,0,0,0,150224896,99921920,38404096,4096,135168,28098560,1,systemd-journal,S (sleeping),cache-compromised.bnsdq.ozxfs.vcwss-vmdrv.kvugl,0.19087696575140983,1
1759279682,57029,1,0,0,0,0,0,0,0,0,1264619520,1264619520,17158144,N/A,135168,45826048,4,discern-proc-so,R (running),cache-compromised.bnsdq.ozxfs.vcwss-vmdrv.kvugl,2.632758784577185,1
1759279685,380,1,103,103,103,103,109,109,109,109,38969344,38969344,33394688,N/A,135168,31240192,1,dbus-daemon,S (sleeping),cache-compromised.bnsdq.ozxfs.vcwss-vmdrv.kvugl,0.2056448938167694,0
1759279685,183436,1,0,0,0,0,0,0,0,0,1954725888,1921187840,26349568,N/A,135168,152252416,13,discern-network,S (sleeping),cache-compromised.bnsdq.ozxfs.vcwss-vmdrv.kvugl,3.270769576789815,0
1759279685,183409,1,0,0,0,0,0,0,0,0,1647706112,1580597248,24461312,N/A,135168,82202624,5,discern-interfa,S (sleeping),cache-compromised.bnsdq.ozxfs.vcwss-vmdrv.kvugl,0.5215142119668418,0
1759279685,181,1,0,0,0,0,0,0,0,0,154447872,133431296,38170624,4096,135168,28073984,1,systemd-journal,S (sleeping),cache-compromised.bnsdq.ozxfs.vcwss-vmdrv.kvugl,0.2332924724483889,0
1759279685,183443,1,0,0,0,0,0,0,0,0,1264357376,1264357376,16248832,N/A,135168,45563904,4,discern-proc-so,S (sleeping),cache-compromised.bnsdq.ozxfs.vcwss-vmdrv.kvugl,9.802155290717076,0
1759279687,376,1,103,103,103,103,109,109,109,109,179445760,179445760,172875776,N/A,135168,171716608,1,dbus-daemon,S (sleeping),cache-compromised.bnsdq.ozxfs.vcwss-vmdrv.kvugl,0.29376266800129924,1
1759279687,3355,1,0,0,0,0,0,0,0,0,1922494464,1922494464,47996928,N/A,135168,174923776,13,discern-network,S (sleeping),cache-compromised.bnsdq.ozxfs.vcwss-vmdrv.kvugl,0.5055694833398379,1
1759279687,57275,1,0,0,0,0,0,0,0,0,1647706112,1580597248,21315584,N/A,135168,82202624,5,discern-interfa,S (sleeping),cache-compromised.bnsdq.ozxfs.vcwss-vmdrv.kvugl,0.0030398985256709066,1
1759279687,179,1,0,0,0,0,0,0,0,0,150224896,99921920,38404096,4096,135168,28098560,1,systemd-journal,S (sleeping),cache-compromised.bnsdq.ozxfs.vcwss-vmdrv.kvugl,0.19087968145982542,1
1759279687,57029,1,0,0,0,0,0,0,0,0,1264619520,1264619520,17158144,N/A,135168,45826048,4,discern-proc-so,R (running),cache-compromised.bnsdq.ozxfs.vcwss-vmdrv.kvugl,2.634797722046306,1
1759279693,376,1,103,103,103,103,109,109,109,109,179580928,179580928,173142016,N/A,135168,171851776,1,dbus-daemon,S (sleeping),cache-compromised.bnsdq.ozxfs.vcwss-vmdrv.kvugl,0.29364572816683093,1
1759279693,3355,1,0,0,0,0,0,0,0,0,1922494464,1922494464,47996928,N/A,135168,174923776,13,discern-network,S (sleeping),cache-compromised.bnsdq.ozxfs.vcwss-vmdrv.kvugl,0.5058982667494484,1
1759279693,57275,1,0,0,0,0,0,0,0,0,1647706112,1580597248,21315584,N/A,135168,82202624,5,discern-interfa,S (sleeping),cache-compromised.bnsdq.ozxfs.vcwss-vmdrv.kvugl,0.003016244275054265,1
1759279693,179,1,0,0,0,0,0,0,0,0,150224896,99921920,38404096,4096,135168,28098560,1,systemd-journal,S (sleeping),cache-compromised.bnsdq.ozxfs.vcwss-vmdrv.kvugl,0.19065641358774904,1
1759279693,57029,1,0,0,0,0,0,0,0,0,1264619520,1264619520,17158144,N/A,135168,45826048,4,discern-proc-so,S (sleeping),cache-compromised.bnsdq.ozxfs.vcwss-vmdrv.kvugl,2.632446492076046,1
1759279696,380,1,103,103,103,103,109,109,109,109,38969344,38969344,33394688,N/A,135168,31240192,1,dbus-daemon,S (sleeping),cache-compromised.bnsdq.ozxfs.vcwss-vmdrv.kvugl,0.20554422070570422,0
1759279696,183601,1,0,0,0,0,0,0,0,0,1647706112,1580597248,23191552,N/A,135168,82202624,5,discern-interfa,S (sleeping),cache-compromised.bnsdq.ozxfs.vcwss-vmdrv.kvugl,0.8730695180102036,0
1759279696,181,1,0,0,0,0,0,0,0,0,154447872,133431296,38170624,4096,135168,28073984,1,systemd-journal,S (sleeping),cache-compromised.bnsdq.ozxfs.vcwss-vmdrv.kvugl,0.23343969289974204,0
1759279696,183607,1,0,0,0,0,0,0,0,0,1264324608,1264324608,21553152,N/A,135168,53952512,4,discern-file-so,D (disk sleep),cache-compromised.bnsdq.ozxfs.vcwss-vmdrv.kvugl,10.468816302639565,0
1759279696,183637,1,0,0,0,0,0,0,0,0,1264357376,1264357376,15081472,N/A,135168,45563904,4,discern-proc-so,S (sleeping),cache-compromised.bnsdq.ozxfs.vcwss-vmdrv.kvugl,6.977618532358053,0
1759279698,376,1,103,103,103,103,109,109,109,109,179986432,179986432,173412352,N/A,135168,172257280,1,dbus-daemon,S (sleeping),cache-compromised.bnsdq.ozxfs.vcwss-vmdrv.kvugl,0.29397589536406665,1
1759279698,3355,1,0,0,0,0,0,0,0,0,1922494464,1922494464,47996928,N/A,135168,174923776,13,discern-network,S (sleeping),cache-compromised.bnsdq.ozxfs.vcwss-vmdrv.kvugl,0.5057432308808799,1
1759279698,57275,1,0,0,0,0,0,0,0,0,1647706112,1580597248,21315584,N/A,135168,82202624,5,discern-interfa,S (sleeping),cache-compromised.bnsdq.ozxfs.vcwss-vmdrv.kvugl,0.0029925417131070682,1
1759279698,179,1,0,0,0,0,0,0,0,0,150224896,99921920,38404096,4096,135168,28098560,1,systemd-journal,S (sleeping),cache-compromised.bnsdq.ozxfs.vcwss-vmdrv.kvugl,0.19088254858669096,1
1759279698,57029,1,0,0,0,0,0,0,0,0,1264619520,1264619520,17158144,N/A,135168,45826048,4,discern-proc-so,S (sleeping),cache-compromised.bnsdq.ozxfs.vcwss-vmdrv.kvugl,2.629775128962647,1
1759279703,376,1,103,103,103,103,109,109,109,109,179986432,179986432,173682688,N/A,135168,172257280,1,dbus-daemon,S (sleeping),cache-compromised.bnsdq.ozxfs.vcwss-vmdrv.kvugl,0.2938566091870999,1
1759279703,3355,1,0,0,0,0,0,0,0,0,1922494464,1922494464,47996928,N/A,135168,174923776,13,discern-network,S (sleeping),cache-compromised.bnsdq.ozxfs.vcwss-vmdrv.kvugl,0.5060667367090366,1
1759279703,57275,1,0,0,0,0,0,0,0,0,1647706112,1580597248,21315584,N/A,135168,82202624,5,discern-interfa,S (sleeping),cache-compromised.bnsdq.ozxfs.vcwss-vmdrv.kvugl,0.002969457953062114,1
1759279703,179,1,0,0,0,0,0,0,0,0,150224896,99921920,38404096,4096,135168,28098560,1,systemd-journal,S (sleeping),cache-compromised.bnsdq.ozxfs.vcwss-vmdrv.kvugl,0.19088442279318238,1
1759279703,57029,1,0,0,0,0,0,0,0,0,1264619520,1264619520,17158144,N/A,135168,45826048,4,discern-proc-so,R (running),cache-compromised.bnsdq.ozxfs.vcwss-vmdrv.kvugl,2.6273601014181933,1
1759279706,380,1,103,103,103,103,109,109,109,109,38969344,38969344,33394688,N/A,135168,31240192,1,dbus-daemon,S (sleeping),cache-compromised.bnsdq.ozxfs.vcwss-vmdrv.kvugl,0.20553343837918195,0
1759279706,183823,1,0,0,0,0,0,0,0,0,1954725888,1921187840,23752704,N/A,135168,152252416,13,discern-network,S (sleeping),cache-compromised.bnsdq.ozxfs.vcwss-vmdrv.kvugl,1.3784496836246038,0
1759279706,183812,1,0,0,0,0,0,0,0,0,1647706112,1580597248,20680704,N/A,135168,82202624,5,discern-interfa,S (sleeping),cache-compromised.bnsdq.ozxfs.vcwss-vmdrv.kvugl,0.6891699174185675,0
1759279706,181,1,0,0,0,0,0,0,0,0,154447872,133431296,38170624,4096,135168,28073984,1,systemd-journal,S (sleeping),cache-compromised.bnsdq.ozxfs.vcwss-vmdrv.kvugl,0.23358499978123223,0
1759279706,183796,1,0,0,0,0,0,0,0,0,1264324608,1264324608,20852736,N/A,135168,49758208,4,discern-file-so,D (disk sleep),cache-compromised.bnsdq.ozxfs.vcwss-vmdrv.kvugl,9.646649293111007,0
1759279708,376,1,103,103,103,103,109,109,109,109,180256768,180256768,173953024,N/A,135168,172527616,1,dbus-daemon,S (sleeping),cache-compromised.bnsdq.ozxfs.vcwss-vmdrv.kvugl,0.29396635334805626,1
1759279708,3355,1,0,0,0,0,0,0,0,0,1922494464,1922494464,47996928,N/A,135168,174923776,13,discern-network,S (sleeping),cache-compromised.bnsdq.ozxfs.vcwss-vmdrv.kvugl,0.5059236313305886,1
1759279708,179,1,0,0,0,0,0,0,0,0,150224896,99921920,38404096,4096,135168,28098560,1,systemd-journal,S (sleeping),cache-compromised.bnsdq.ozxfs.vcwss-vmdrv.kvugl,0.19088811924092944,1
1759279708,57275,1,0,0,0,0,0,0,0,0,1647706112,1580597248,21315584,N/A,135168,82202624,5,discern-interfa,S (sleeping),cache-compromised.bnsdq.ozxfs.vcwss-vmdrv.kvugl,0.0029469105997250375,1
1759279708,57029,1,0,0,0,0,0,0,0,0,1264619520,1264619520,17158144,N/A,135168,45826048,4,discern-proc-so,S (sleeping),cache-compromised.bnsdq.ozxfs.vcwss-vmdrv.kvugl,2.626582868857784,1
1759279713,376,1,103,103,103,103,109,109,109,109,180391936,180391936,173953024,N/A,135168,172662784,1,dbus-daemon,S (sleeping),cache-compromised.bnsdq.ozxfs.vcwss-vmdrv.kvugl,0.29384825664800746,1
1759279713,3355,1,0,0,0,0,0,0,0,0,1922494464,1922494464,47996928,N/A,135168,174923776,13,discern-network,S (sleeping),cache-compromised.bnsdq.ozxfs.vcwss-vmdrv.kvugl,0.5062477457390403,1
1759279713,179,1,0,0,0,0,0,0,0,0,150224896,99921920,38404096,4096,135168,28098560,1,systemd-journal,S (sleeping),cache-compromised.bnsdq.ozxfs.vcwss-vmdrv.kvugl,0.19089056935588583,1
1759279713,57275,1,0,0,0,0,0,0,0,0,1647706112,1580597248,21315584,N/A,135168,82202624,5,discern-interfa,S (sleeping),cache-compromised.bnsdq.ozxfs.vcwss-vmdrv.kvugl,0.0029245810447217713,1
1759279713,57029,1,0,0,0,0,0,0,0,0,1264619520,1264619520,17158144,N/A,135168,45826048,4,discern-proc-so,R (running),cache-compromised.bnsdq.ozxfs.vcwss-vmdrv.kvugl,2.631433081748144,1
1759279716,380,1,103,103,103,103,109,109,109,109,38969344,38969344,33394688,N/A,135168,31240192,1,dbus-daemon,S (sleeping),cache-compromised.bnsdq.ozxfs.vcwss-vmdrv.kvugl,0.2056153853741566,0
1759279716,184000,1,0,0,0,0,0,0,0,0,1505095680,1505095680,22204416,N/A,135168,73678848,4,discern-interfa,S (sleeping),cache-compromised.bnsdq.ozxfs.vcwss-vmdrv.kvugl,0.0,0
1759279716,181,1,0,0,0,0,0,0,0,0,154447872,133431296,38170624,4096,135168,28073984,1,systemd-journal,S (sleeping),cache-compromised.bnsdq.ozxfs.vcwss-vmdrv.kvugl,0.23391399404635682,0
1759279716,183994,1,0,0,0,0,0,0,0,0,1264062464,1264062464,21827584,N/A,135168,49496064,4,discern-file-so,D (disk sleep),cache-compromised.bnsdq.ozxfs.vcwss-vmdrv.kvugl,7.188080118872924,0
1759279716,184016,1,0,0,0,0,0,0,0,0,1264357376,1264357376,15147008,N/A,135168,45563904,4,discern-proc-so,S (sleeping),cache-compromised.bnsdq.ozxfs.vcwss-vmdrv.kvugl,4.791231550848605,0
1759279719,376,1,103,103,103,103,109,109,109,109,180527104,180527104,174223360,N/A,135168,172797952,1,dbus-daemon,S (sleeping),cache-compromised.bnsdq.ozxfs.vcwss-vmdrv.kvugl,0.293732294566253,1
1759279719,3355,1,0,0,0,0,0,0,0,0,1922494464,1922494464,47996928,N/A,135168,174923776,13,discern-network,S (sleeping),cache-compromised.bnsdq.ozxfs.vcwss-vmdrv.kvugl,0.5063395549389107,1
1759279719,179,1,0,0,0,0,0,0,0,0,150224896,99921920,38404096,4096,135168,28098560,1,systemd-journal,S (sleeping),cache-compromised.bnsdq.ozxfs.vcwss-vmdrv.kvugl,0.19066884124158415,1
1759279719,57275,1,0,0,0,0,0,0,0,0,1647706112,1580597248,21315584,N/A,135168,82202624,5,discern-interfa,S (sleeping),cache-compromised.bnsdq.ozxfs.vcwss-vmdrv.kvugl,0.0029027051040443515,1
1759279719,57029,1,0,0,0,0,0,0,0,0,1264619520,1264619520,17158144,N/A,135168,45826048,4,discern-proc-so,S (sleeping),cache-compromised.bnsdq.ozxfs.vcwss-vmdrv.kvugl,2.6334756435412516,1
1759279724,376,1,103,103,103,103,109,109,109,109,180797440,180797440,174223360,N/A,135168,173068288,1,dbus-daemon,S (sleeping),cache-compromised.bnsdq.ozxfs.vcwss-vmdrv.kvugl,0.29361510776775246,1
1759279724,3355,1,0,0,0,0,0,0,0,0,1922494464,1922494464,47996928,N/A,135168,174923776,13,discern-network,S (sleeping),cache-compromised.bnsdq.ozxfs.vcwss-vmdrv.kvugl,0.5064284658691147,1
1759279724,179,1,0,0,0,0,0,0,0,0,150224896,99921920,38404096,4096,135168,28098560,1,systemd-journal,S (sleeping),cache-compromised.bnsdq.ozxfs.vcwss-vmdrv.kvugl,0.1908968929470314,1
1759279724,57275,1,0,0,0,0,0,0,0,0,1647706112,1580597248,21315584,N/A,135168,82202624,5,discern-interfa,S (sleeping),cache-compromised.bnsdq.ozxfs.vcwss-vmdrv.kvugl,0.0028810606780514227,1
1759279724,57029,1,0,0,0,0,0,0,0,0,1264619520,1264619520,17158144,N/A,135168,45826048,4,discern-proc-so,S (sleeping),cache-compromised.bnsdq.ozxfs.vcwss-vmdrv.kvugl,2.6339949957797306,1
1759279727,380,1,103,103,103,103,109,109,109,109,38969344,38969344,33394688,N/A,135168,31240192,1,dbus-daemon,S (sleeping),cache-compromised.bnsdq.ozxfs.vcwss-vmdrv.kvugl,0.20551279478781456,0
1759279727,184180,1,0,0,0,0,0,0,0,0,1810128896,1810128896,25698304,N/A,135168,109105152,8,discern-network,S (sleeping),cache-compromised.bnsdq.ozxfs.vcwss-vmdrv.kvugl,0.9917610123339043,0
1759279727,184183,1,0,0,0,0,0,0,0,0,1647706112,1580597248,22487040,N/A,135168,82202624,5,discern-interfa,S (sleeping),cache-compromised.bnsdq.ozxfs.vcwss-vmdrv.kvugl,0.9834317041873545,0
1759279727,181,1,0,0,0,0,0,0,0,0,154447872,133431296,38170624,4096,135168,28073984,1,systemd-journal,S (sleeping),cache-compromised.bnsdq.ozxfs.vcwss-vmdrv.kvugl,0.23387573803371017,0
1759279727,184182,1,0,0,0,0,0,0,0,0,1264062464,1264062464,20840448,N/A,135168,49496064,4,discern-file-so,S (sleeping),cache-compromised.bnsdq.ozxfs.vcwss-vmdrv.kvugl,10.812013808066084,0
1759279729,376,1,103,103,103,103,109,109,109,109,180932608,180932608,174493696,N/A,135168,173203456,1,dbus-daemon,S (sleeping),cache-compromised.bnsdq.ozxfs.vcwss-vmdrv.kvugl,0.29349909781931366,1
1759279729,3355,1,0,0,0,0,0,0,0,0,1922494464,1922494464,47996928,N/A,135168,174923776,13,discern-network,S (sleeping),cache-compromised.bnsdq.ozxfs.vcwss-vmdrv.kvugl,0.5065187824943166,1
1759279729,179,1,0,0,0,0,0,0,0,0,150224896,99921920,38404096,4096,135168,28098560,1,systemd-journal,S (sleeping),cache-compromised.bnsdq.ozxfs.vcwss-vmdrv.kvugl,0.19067529439624759,1
1759279729,57275,1,0,0,0,0,0,0,0,0,1647706112,1580597248,21315584,N/A,135168,82202624,5,discern-interfa,S (sleeping),cache-compromised.bnsdq.ozxfs.vcwss-vmdrv.kvugl,0.0028597930315327324,1
1759279729,57029,1,0,0,0,0,0,0,0,0,1264619520,1264619520,17158144,N/A,135168,45826048,4,discern-proc-so,S (sleeping),cache-compromised.bnsdq.ozxfs.vcwss-vmdrv.kvugl,2.6359575440335905,1
1759279734,376,1,103,103,103,103,109,109,109,109,181067776,181067776,174764032,N/A,135168,173338624,1,dbus-daemon,S (sleeping),cache-compromised.bnsdq.ozxfs.vcwss-vmdrv.kvugl,0.293607229496854,1
1759279734,3355,1,0,0,0,0,0,0,0,0,1922494464,1922494464,47996928,N/A,135168,174923776,13,discern-network,S (sleeping),cache-compromised.bnsdq.ozxfs.vcwss-vmdrv.kvugl,0.5063734997540214,1
1759279734,179,1,0,0,0,0,0,0,0,0,150224896,99921920,38404096,4096,135168,28098560,1,systemd-journal,S (sleeping),cache-compromised.bnsdq.ozxfs.vcwss-vmdrv.kvugl,0.1904537088301487,1
1759279734,57275,1,0,0,0,0,0,0,0,0,1647706112,1580597248,21315584,N/A,135168,82202624,5,discern-interfa,S (sleeping),cache-compromised.bnsdq.ozxfs.vcwss-vmdrv.kvugl,0.002838789550946098,1
1759279734,57029,1,0,0,0,0,0,0,0,0,1264619520,1264619520,17158144,N/A,135168,45826048,4,discern-proc-so,S (sleeping),cache-compromised.bnsdq.ozxfs.vcwss-vmdrv.kvugl,2.6378486937254984,1
1759279737,380,1,103,103,103,103,109,109,109,109,38969344,38969344,33394688,N/A,135168,31240192,1,dbus-daemon,S (sleeping),cache-compromised.bnsdq.ozxfs.vcwss-vmdrv.kvugl,0.20550615736340375,0
1759279737,184357,1,0,0,0,0,0,0,0,0,1954725888,1921449984,27271168,N/A,135168,152514560,13,discern-network,S (sleeping),cache-compromised.bnsdq.ozxfs.vcwss-vmdrv.kvugl,1.8119874780394707,0
1759279737,181,1,0,0,0,0,0,0,0,0,154447872,133431296,38170624,4096,135168,28073984,1,systemd-journal,S (sleeping),cache-compromised.bnsdq.ozxfs.vcwss-vmdrv.kvugl,0.2341157535297752,0
1759279737,184369,1,0,0,0,0,0,0,0,0,1264357376,1264357376,15441920,N/A,135168,45563904,4,discern-proc-so,S (sleeping),cache-compromised.bnsdq.ozxfs.vcwss-vmdrv.kvugl,9.055079737375088,0
1759279737,184372,1,0,0,0,0,0,0,0,0,1264062464,1264062464,17256448,N/A,135168,49496064,3,discern-file-so,R (running),cache-compromised.bnsdq.ozxfs.vcwss-vmdrv.kvugl,9.053494135448434,0
1759279739,376,1,103,103,103,103,109,109,109,109,181202944,181202944,174764032,N/A,135168,173473792,1,dbus-daemon,S (sleeping),cache-compromised.bnsdq.ozxfs.vcwss-vmdrv.kvugl,0.2934922294073561,1
1759279739,3355,1,0,0,0,0,0,0,0,0,1922494464,1922494464,47996928,N/A,135168,174923776,13,discern-network,S (sleeping),cache-compromised.bnsdq.ozxfs.vcwss-vmdrv.kvugl,0.5064649709779109,1
1759279739,179,1,0,0,0,0,0,0,0,0,150224896,99921920,38404096,4096,135168,28098560,1,systemd-journal,S (sleeping),cache-compromised.bnsdq.ozxfs.vcwss-vmdrv.kvugl,0.1906822734335599,1
1759279739,57275,1,0,0,0,0,0,0,0,0,1647706112,1580597248,21315584,N/A,135168,82202624,5,discern-interfa,S (sleeping),cache-compromised.bnsdq.ozxfs.vcwss-vmdrv.kvugl,0.002818182725579908,1
1759279739,57029,1,0,0,0,0,0,0,0,0,1264619520,1264619520,17158144,N/A,135168,45826048,4,discern-proc-so,S (sleeping),cache-compromised.bnsdq.ozxfs.vcwss-vmdrv.kvugl,2.6384157609651018,1
1759279744,376,1,103,103,103,103,109,109,109,109,181608448,181608448,175034368,N/A,135168,173879296,1,dbus-daemon,S (sleeping),cache-compromised.bnsdq.ozxfs.vcwss-vmdrv.kvugl,0.294049679362227,1
1759279744,3355,1,0,0,0,0,0,0,0,0,1922494464,1922494464,47996928,N/A,135168,174923776,13,discern-network,S (sleeping),cache-compromised.bnsdq.ozxfs.vcwss-vmdrv.kvugl,0.5065559091489327,1
1759279744,179,1,0,0,0,0,0,0,0,0,150224896,99921920,38404096,4096,135168,28098560,1,systemd-journal,S (sleeping),cache-compromised.bnsdq.ozxfs.vcwss-vmdrv.kvugl,0.1906861242424905,1
1759279744,57275,1,0,0,0,0,0,0,0,0,1647706112,1580597248,21315584,N/A,135168,82202624,5,discern-interfa,S (sleeping),cache-compromised.bnsdq.ozxfs.vcwss-vmdrv.kvugl,0.002797862642307018,1
1759279744,57029,1,0,0,0,0,0,0,0,0,1264619520,1264619520,17158144,N/A,135168,45826048,4,discern-proc-so,R (running),cache-compromised.bnsdq.ozxfs.vcwss-vmdrv.kvugl,2.6375952327849634,1
1759279747,380,1,103,103,103,103,109,109,109,109,38969344,38969344,33394688,N/A,135168,31240192,1,dbus-daemon,S (sleeping),cache-compromised.bnsdq.ozxfs.vcwss-vmdrv.kvugl,0.20558558907028407,0
1759279747,184572,1,0,0,0,0,0,0,0,0,1647706112,1580597248,21270528,N/A,135168,82202624,5,discern-interfa,S (sleeping),cache-compromised.bnsdq.ozxfs.vcwss-vmdrv.kvugl,0.6918929594266289,0
1759279747,181,1,0,0,0,0,0,0,0,0,154447872,99917824,38170624,4096,135168,28073984,1,systemd-journal,S (sleeping),cache-compromised.bnsdq.ozxfs.vcwss-vmdrv.kvugl,0.23416831624463794,0
1759279747,184556,1,0,0,0,0,0,0,0,0,1264324608,1264324608,24428544,N/A,135168,53952512,4,discern-file-so,D (disk sleep),cache-compromised.bnsdq.ozxfs.vcwss-vmdrv.kvugl,8.299739509424766,0
1759279747,184580,1,0,0,0,0,0,0,0,0,1264357376,1264357376,15425536,N/A,135168,45563904,3,discern-proc-so,S (sleeping),cache-compromised.bnsdq.ozxfs.vcwss-vmdrv.kvugl,6.913245165846432,0
1759279749,376,1,103,103,103,103,109,109,109,109,181608448,181608448,175398912,N/A,135168,173879296,1,dbus-daemon,S (sleeping),cache-compromised.bnsdq.ozxfs.vcwss-vmdrv.kvugl,0.29371008849648417,1
1759279749,3355,1,0,0,0,0,0,0,0,0,1922494464,1922494464,47996928,N/A,135168,174923776,13,discern-network,S (sleeping),cache-compromised.bnsdq.ozxfs.vcwss-vmdrv.kvugl,0.5066460851204362,1
1759279749,179,1,0,0,0,0,0,0,0,0,150224896,99921920,38404096,4096,135168,28098560,1,systemd-journal,S (sleeping),cache-compromised.bnsdq.ozxfs.vcwss-vmdrv.kvugl,0.19068976436164112,1
1759279749,57275,1,0,0,0,0,0,0,0,0,1647706112,1580597248,21315584,N/A,135168,82202624,5,discern-interfa,S (sleeping),cache-compromised.bnsdq.ozxfs.vcwss-vmdrv.kvugl,0.0027778151316751455,1
1759279750,57029,1,0,0,0,0,0,0,0,0,1264619520,1264619520,17158144,N/A,135168,45826048,4,discern-proc-so,S (sleeping),cache-compromised.bnsdq.ozxfs.vcwss-vmdrv.kvugl,2.6394901691563204,1
1759279755,376,1,103,103,103,103,109,109,109,109,181878784,181878784,175398912,N/A,135168,174149632,1,dbus-daemon,S (sleeping),cache-compromised.bnsdq.ozxfs.vcwss-vmdrv.kvugl,0.2938189696107713,1
1759279755,3355,1,0,0,0,0,0,0,0,0,1922494464,1922494464,47996928,N/A,135168,174923776,13,discern-network,S (sleeping),cache-compromised.bnsdq.ozxfs.vcwss-vmdrv.kvugl,0.5065040274616729,1
1759279755,179,1,0,0,0,0,0,0,0,0,150224896,99921920,38404096,4096,135168,28098560,1,systemd-journal,S (sleeping),cache-compromised.bnsdq.ozxfs.vcwss-vmdrv.kvugl,0.19069371455464382,1
1759279755,57275,1,0,0,0,0,0,0,0,0,1647706112,1580597248,21315584,N/A,135168,82202624,5,discern-interfa,S (sleeping),cache-compromised.bnsdq.ozxfs.vcwss-vmdrv.kvugl,0.0027580813955554997,1
1759279755,57029,1,0,0,0,0,0,0,0,0,1264619520,1264619520,17158144,N/A,135168,45826048,4,discern-proc-so,R (running),cache-compromised.bnsdq.ozxfs.vcwss-vmdrv.kvugl,2.637332110637798,1
1759279757,380,1,103,103,103,103,109,109,109,109,38969344,38969344,33394688,N/A,135168,31240192,1,dbus-daemon,S (sleeping),cache-compromised.bnsdq.ozxfs.vcwss-vmdrv.kvugl,0.20548573091621525,0
1759279757,184754,1,0,0,0,0,0,0,0,0,1647706112,1580597248,23900160,N/A,135168,82202624,5,discern-interfa,S (sleeping),cache-compromised.bnsdq.ozxfs.vcwss-vmdrv.kvugl,1.2020717422789247,0
1759279757,184770,1,0,0,0,0,0,0,0,0,1921187840,1921187840,22179840,N/A,135168,152252416,13,discern-network,S (sleeping),cache-compromised.bnsdq.ozxfs.vcwss-vmdrv.kvugl,1.802863314727904,0
1759279757,184775,1,0,0,0,0,0,0,0,0,1264062464,1264062464,20197376,N/A,135168,49496064,4,discern-file-so,S (sleeping),cache-compromised.bnsdq.ozxfs.vcwss-vmdrv.kvugl,5.407787543938311,0
1759279757,184769,1,0,0,0,0,0,0,0,0,1264357376,1264357376,15335424,N/A,135168,45563904,4,discern-proc-so,S (sleeping),cache-compromised.bnsdq.ozxfs.vcwss-vmdrv.kvugl,5.407341015896395,0
1759279760,376,1,103,103,103,103,109,109,109,109,182013952,182013952,175669248,N/A,135168,174284800,1,dbus-daemon,S (sleeping),cache-compromised.bnsdq.ozxfs.vcwss-vmdrv.kvugl,0.2937026002812552,1
1759279760,3355,1,0,0,0,0,0,0,0,0,1922494464,1922494464,47996928,N/A,135168,174923776,13,discern-network,S (sleeping),cache-compromised.bnsdq.ozxfs.vcwss-vmdrv.kvugl,0.5063593431316076,1
1759279760,179,1,0,0,0,0,0,0,0,0,150224896,99921920,38404096,4096,135168,28098560,1,systemd-journal,S (sleeping),cache-compromised.bnsdq.ozxfs.vcwss-vmdrv.kvugl,0.19069657826482975,1
1759279760,57275,1,0,0,0,0,0,0,0,0,1647706112,1580597248,21315584,N/A,135168,82202624,5,discern-interfa,S (sleeping),cache-compromised.bnsdq.ozxfs.vcwss-vmdrv.kvugl,0.0027385310798082696,1
1759279760,57029,1,0,0,0,0,0,0,0,0,1264619520,1264619520,17158144,N/A,135168,45826048,4,discern-proc-so,S (sleeping),cache-compromised.bnsdq.ozxfs.vcwss-vmdrv.kvugl,2.641823106657514,1
1759279765,376,1,103,103,103,103,109,109,109,109,182284288,182284288,175939584,N/A,135168,174555136,1,dbus-daemon,S (sleeping),cache-compromised.bnsdq.ozxfs.vcwss-vmdrv.kvugl,0.29358799538546765,1
1759279765,3355,1,0,0,0,0,0,0,0,0,1922494464,1922494464,47996928,N/A,135168,174923776,13,discern-network,S (sleeping),cache-compromised.bnsdq.ozxfs.vcwss-vmdrv.kvugl,0.5066823252218376,1
1759279765,179,1,0,0,0,0,0,0,0,0,150224896,99921920,38404096,4096,135168,28098560,1,systemd-journal,S (sleeping),cache-compromised.bnsdq.ozxfs.vcwss-vmdrv.kvugl,0.1904773660472219,1
1759279765,57275,1,0,0,0,0,0,0,0,0,1647706112,1580597248,21315584,N/A,135168,82202624,5,discern-interfa,S (sleeping),cache-compromised.bnsdq.ozxfs.vcwss-vmdrv.kvugl,0.002719340569677549,1
1759279765,57029,1,0,0,0,0,0,0,0,0,1264619520,1264619520,17158144,N/A,135168,45826048,4,discern-proc-so,R (running),cache-compromised.bnsdq.ozxfs.vcwss-vmdrv.kvugl,2.6423352672610143,1
1759279767,380,1,103,103,103,103,109,109,109,109,38969344,38969344,33394688,N/A,135168,31240192,1,dbus-daemon,S (sleeping),cache-compromised.bnsdq.ozxfs.vcwss-vmdrv.kvugl,0.20547669274628613,0
1759279767,184953,1,0,0,0,0,0,0,0,0,1954725888,1921187840,24342528,N/A,135168,152252416,13,discern-network,S (sleeping),cache-compromised.bnsdq.ozxfs.vcwss-vmdrv.kvugl,0.5313289711593189,0
1759279767,184931,1,0,0,0,0,0,0,0,0,1264324608,1264324608,20447232,N/A,135168,49758208,4,discern-file-so,D (disk sleep),cache-compromised.bnsdq.ozxfs.vcwss-vmdrv.kvugl,7.968485836975034,0
1759279767,184949,1,0,0,0,0,0,0,0,0,1264357376,1264357376,15671296,N/A,135168,45563904,4,discern-proc-so,S (sleeping),cache-compromised.bnsdq.ozxfs.vcwss-vmdrv.kvugl,5.311535223365099,0
1759279767,184959,1,0,0,0,0,0,0,0,0,1263157248,1263157248,10309632,N/A,135168,40206336,3,discern-os-sorc,S (sleeping),cache-compromised.bnsdq.ozxfs.vcwss-vmdrv.kvugl,1.1323431426615629,0
1759279770,376,1,103,103,103,103,109,109,109,109,182419456,182419456,175939584,N/A,135168,174690304,1,dbus-daemon,S (sleeping),cache-compromised.bnsdq.ozxfs.vcwss-vmdrv.kvugl,0.2936949842414257,1
1759279770,3355,1,0,0,0,0,0,0,0,0,1922494464,1922494464,47996928,N/A,135168,174923776,13,discern-network,S (sleeping),cache-compromised.bnsdq.ozxfs.vcwss-vmdrv.kvugl,0.5070018342698404,1
1759279770,179,1,0,0,0,0,0,0,0,0,150224896,99921920,38404096,4096,135168,28098560,1,systemd-journal,S (sleeping),cache-compromised.bnsdq.ozxfs.vcwss-vmdrv.kvugl,0.1904804671337087,1
1759279770,57275,1,0,0,0,0,0,0,0,0,1647706112,1580597248,21315584,N/A,135168,82202624,5,discern-interfa,S (sleeping),cache-compromised.bnsdq.ozxfs.vcwss-vmdrv.kvugl,0.002700333037958002,1
1759279770,57029,1,0,0,0,0,0,0,0,0,1264619520,1264619520,17158144,N/A,135168,45826048,4,discern-proc-so,R (running),cache-compromised.bnsdq.ozxfs.vcwss-vmdrv.kvugl,2.645406403189288,1
1759279775,376,1,103,103,103,103,109,109,109,109,182554624,182554624,176209920,N/A,135168,174825472,1,dbus-daemon,S (sleeping),cache-compromised.bnsdq.ozxfs.vcwss-vmdrv.kvugl,0.2935808083668726,1
1759279775,3355,1,0,0,0,0,0,0,0,0,1922494464,1922494464,47996928,N/A,135168,174923776,13,discern-network,S (sleeping),cache-compromised.bnsdq.ozxfs.vcwss-vmdrv.kvugl,0.506860040220655,1
1759279775,179,1,0,0,0,0,0,0,0,0,150224896,99921920,38404096,4096,135168,28098560,1,systemd-journal,S (sleeping),cache-compromised.bnsdq.ozxfs.vcwss-vmdrv.kvugl,0.19026210996079104,1
1759279775,57275,1,0,0,0,0,0,0,0,0,1647706112,1580597248,21315584,N/A,135168,82202624,5,discern-interfa,S (sleeping),cache-compromised.bnsdq.ozxfs.vcwss-vmdrv.kvugl,0.0026816812943034852,1
1759279775,57029,1,0,0,0,0,0,0,0,0,1264619520,1264619520,17158144,N/A,135168,45826048,4,discern-proc-so,S (sleeping),cache-compromised.bnsdq.ozxfs.vcwss-vmdrv.kvugl,2.645896018126336,1
1759279778,380,1,103,103,103,103,109,109,109,109,38969344,38969344,33394688,N/A,135168,31240192,1,dbus-daemon,S (sleeping),cache-compromised.bnsdq.ozxfs.vcwss-vmdrv.kvugl,0.20555790283166522,0
1759279778,185124,1,0,0,0,0,0,0,0,0,1580597248,1580597248,26521600,N/A,135168,82202624,5,discern-interfa,S (sleeping),cache-compromised.bnsdq.ozxfs.vcwss-vmdrv.kvugl,0.8949819722975836,0
1759279778,185166,1,0,0,0,0,0,0,0,0,1264062464,1264062464,20017152,N/A,135168,49496064,4,discern-file-so,S (sleeping),cache-compromised.bnsdq.ozxfs.vcwss-vmdrv.kvugl,5.367819790988568,0
1759279778,185142,1,0,0,0,0,0,0,0,0,1264619520,1264619520,15253504,N/A,135168,45826048,4,discern-proc-so,R (running),cache-compromised.bnsdq.ozxfs.vcwss-vmdrv.kvugl,7.155766772243864,0
1759279778,185130,1,0,0,0,0,0,0,0,0,1263157248,1263157248,9674752,N/A,135168,40206336,4,discern-os-sorc,S (sleeping),cache-compromised.bnsdq.ozxfs.vcwss-vmdrv.kvugl,0.0,0
1759279780,376,1,103,103,103,103,109,109,109,109,182718464,182718464,176209920,N/A,135168,174989312,1,dbus-daemon,S (sleeping),cache-compromised.bnsdq.ozxfs.vcwss-vmdrv.kvugl,0.2934654126538527,1
1759279780,3355,1,0,0,0,0,0,0,0,0,1922494464,1922494464,47996928,N/A,135168,174923776,13,discern-network,S (sleeping),cache-compromised.bnsdq.ozxfs.vcwss-vmdrv.kvugl,0.5067159178549037,1
1759279780,179,1,0,0,0,0,0,0,0,0,150224896,99921920,38404096,4096,135168,28098560,1,systemd-journal,S (sleeping),cache-compromised.bnsdq.ozxfs.vcwss-vmdrv.kvugl,0.1902655645081868,1
1759279780,57275,1,0,0,0,0,0,0,0,0,1647706112,1580597248,21315584,N/A,135168,82202624,5,discern-interfa,S (sleeping),cache-compromised.bnsdq.ozxfs.vcwss-vmdrv.kvugl,0.0026632045052485177,1
1759279780,57029,1,0,0,0,0,0,0,0,0,1264619520,1264619520,17158144,N/A,135168,45826048,4,discern-proc-so,S (sleeping),cache-compromised.bnsdq.ozxfs.vcwss-vmdrv.kvugl,2.648911203574979,1
1759279786,376,1,103,103,103,103,109,109,109,109,182988800,182988800,176480256,N/A,135168,175259648,1,dbus-daemon,S (sleeping),cache-compromised.bnsdq.ozxfs.vcwss-vmdrv.kvugl,0.29335155187612627,1
1759279786,3355,1,0,0,0,0,0,0,0,0,1922494464,1922494464,47996928,N/A,135168,174923776,13,discern-network,S (sleeping),cache-compromised.bnsdq.ozxfs.vcwss-vmdrv.kvugl,0.5068056336753348,1
1759279786,179,1,0,0,0,0,0,0,0,0,150224896,99921920,38404096,4096,135168,28098560,1,systemd-journal,S (sleeping),cache-compromised.bnsdq.ozxfs.vcwss-vmdrv.kvugl,0.19026983589167915,1
1759279786,57275,1,0,0,0,0,0,0,0,0,1647706112,1580597248,21315584,N/A,135168,82202624,5,discern-interfa,S (sleeping),cache-compromised.bnsdq.ozxfs.vcwss-vmdrv.kvugl,0.0026450488736812876,1
1759279786,57029,1,0,0,0,0,0,0,0,0,1264619520,1264619520,17158144,N/A,135168,45826048,4,discern-proc-so,S (sleeping),cache-compromised.bnsdq.ozxfs.vcwss-vmdrv.kvugl,2.6480626572084502,1
1759279788,380,1,103,103,103,103,109,109,109,109,38969344,38969344,33394688,N/A,135168,31240192,1,dbus-daemon,S (sleeping),cache-compromised.bnsdq.ozxfs.vcwss-vmdrv.kvugl,0.2054563139872184,0
1759279788,185325,1,0,0,0,0,0,0,0,0,1647706112,1580597248,24268800,N/A,135168,82202624,5,discern-interfa,S (sleeping),cache-compromised.bnsdq.ozxfs.vcwss-vmdrv.kvugl,1.384100237519144,0
1759279788,185337,1,0,0,0,0,0,0,0,0,1264357376,1264357376,15478784,N/A,135168,45563904,4,discern-proc-so,R (running),cache-compromised.bnsdq.ozxfs.vcwss-vmdrv.kvugl,8.302893513069344,0
1759279788,185343,1,0,0,0,0,0,0,0,0,1264062464,1264062464,20389888,N/A,135168,49496064,4,discern-file-so,R (running),cache-compromised.bnsdq.ozxfs.vcwss-vmdrv.kvugl,7.609472517660185,0
1759279788,185324,1,0,0,0,0,0,0,0,0,1262841856,1262841856,10608640,N/A,135168,40185856,4,discern-cpu-sor,S (sleeping),cache-compromised.bnsdq.ozxfs.vcwss-vmdrv.kvugl,0.0,0
1759279791,376,1,103,103,103,103,109,109,109,109,183259136,183259136,176750592,N/A,135168,175529984,1,dbus-daemon,S (sleeping),cache-compromised.bnsdq.ozxfs.vcwss-vmdrv.kvugl,0.2939035784323326,1
1759279791,3355,1,0,0,0,0,0,0,0,0,1922494464,1922494464,47996928,N/A,135168,174923776,13,discern-network,S (sleeping),cache-compromised.bnsdq.ozxfs.vcwss-vmdrv.kvugl,0.5071263971734207,1
1759279791,179,1,0,0,0,0,0,0,0,0,150224896,99921920,38404096,4096,135168,28098560,1,systemd-journal,S (sleeping),cache-compromised.bnsdq.ozxfs.vcwss-vmdrv.kvugl,0.19071774558131122,1
1759279791,57275,1,0,0,0,0,0,0,0,0,1647706112,1580597248,21315584,N/A,135168,82202624,5,discern-interfa,S (sleeping),cache-compromised.bnsdq.ozxfs.vcwss-vmdrv.kvugl,0.0026271487708475682,1
1759279791,57029,1,0,0,0,0,0,0,0,0,1264619520,1264619520,17158144,N/A,135168,45826048,4,discern-proc-so,S (sleeping),cache-compromised.bnsdq.ozxfs.vcwss-vmdrv.kvugl,2.64723493263488,1
1759279796,376,1,103,103,103,103,109,109,109,109,183394304,183394304,177020928,N/A,135168,175665152,1,dbus-daemon,S (sleeping),cache-compromised.bnsdq.ozxfs.vcwss-vmdrv.kvugl,0.2935677785333898,1
1759279796,3355,1,0,0,0,0,0,0,0,0,1922494464,1922494464,47996928,N/A,135168,174923776,13,discern-network,S (sleeping),cache-compromised.bnsdq.ozxfs.vcwss-vmdrv.kvugl,0.5072151633016345,1
1759279796,179,1,0,0,0,0,0,0,0,0,150224896,99921920,38404096,4096,135168,28098560,1,systemd-journal,S (sleeping),cache-compromised.bnsdq.ozxfs.vcwss-vmdrv.kvugl,0.19049988981506058,1
1759279796,57275,1,0,0,0,0,0,0,0,0,1647706112,1580597248,21315584,N/A,135168,82202624,5,discern-interfa,S (sleeping),cache-compromised.bnsdq.ozxfs.vcwss-vmdrv.kvugl,0.0026094725513625206,1
1759279796,57029,1,0,0,0,0,0,0,0,0,1264619520,1264619520,17158144,N/A,135168,45826048,4,discern-proc-so,S (sleeping),cache-compromised.bnsdq.ozxfs.vcwss-vmdrv.kvugl,2.647681149238986,1
1759279798,380,1,103,103,103,103,109,109,109,109,38969344,38969344,33394688,N/A,135168,31240192,1,dbus-daemon,S (sleeping),cache-compromised.bnsdq.ozxfs.vcwss-vmdrv.kvugl,0.2054472816576997,0
1759279798,185529,1,0,0,0,0,0,0,0,0,1647706112,1580597248,22138880,N/A,135168,82202624,5,discern-interfa,S (sleeping),cache-compromised.bnsdq.ozxfs.vcwss-vmdrv.kvugl,0.6003275460331118,0
1759279798,185495,1,0,0,0,0,0,0,0,0,1264062464,1264062464,23064576,N/A,135168,53690368,4,discern-file-so,R (running),cache-compromised.bnsdq.ozxfs.vcwss-vmdrv.kvugl,7.202102495377272,0
1759279798,185521,1,0,0,0,0,0,0,0,0,1264357376,1264357376,15679488,N/A,135168,45563904,4,discern-proc-so,S (sleeping),cache-compromised.bnsdq.ozxfs.vcwss-vmdrv.kvugl,5.4007330609410005,0
1759279798,185500,1,0,0,0,0,0,0,0,0,1263157248,1263157248,10674176,N/A,135168,40206336,4,discern-os-sorc,S (sleeping),cache-compromised.bnsdq.ozxfs.vcwss-vmdrv.kvugl,0.0,0
1759279801,376,1,103,103,103,103,109,109,109,109,183529472,183529472,177291264,N/A,135168,175800320,1,dbus-daemon,S (sleeping),cache-compromised.bnsdq.ozxfs.vcwss-vmdrv.kvugl,0.2936753208486749,1
1759279801,3355,1,0,0,0,0,0,0,0,0,1922494464,1922494464,47996928,N/A,135168,174923776,13,discern-network,S (sleeping),cache-compromised.bnsdq.ozxfs.vcwss-vmdrv.kvugl,0.50707326110947,1
1759279801,179,1,0,0,0,0,0,0,0,0,150224896,99921920,38404096,4096,135168,28098560,1,systemd-journal,S (sleeping),cache-compromised.bnsdq.ozxfs.vcwss-vmdrv.kvugl,0.19050376058559987,1
1759279801,57275,1,0,0,0,0,0,0,0,0,1647706112,1580597248,21315584,N/A,135168,82202624,5,discern-interfa,S (sleeping),cache-compromised.bnsdq.ozxfs.vcwss-vmdrv.kvugl,0.0025920302573072163,1
1759279801,57029,1,0,0,0,0,0,0,0,0,1264619520,1264619520,17158144,N/A,135168,45826048,4,discern-proc-so,R (running),cache-compromised.bnsdq.ozxfs.vcwss-vmdrv.kvugl,2.648119123168324,1
1759279806,376,1,103,103,103,103,109,109,109,109,183799808,183799808,177291264,N/A,135168,176070656,1,dbus-daemon,S (sleeping),cache-compromised.bnsdq.ozxfs.vcwss-vmdrv.kvugl,0.29378148893581074,1
1759279806,3355,1,0,0,0,0,0,0,0,0,1922494464,1922494464,47996928,N/A,135168,174923776,13,discern-network,S (sleeping),cache-compromised.bnsdq.ozxfs.vcwss-vmdrv.kvugl,0.5071597789518333,1
1759279806,179,1,0,0,0,0,0,0,0,0,150224896,99921920,38404096,4096,135168,28098560,1,systemd-journal,S (sleeping),cache-compromised.bnsdq.ozxfs.vcwss-vmdrv.kvugl,0.19072790155369534,1
1759279806,57275,1,0,0,0,0,0,0,0,0,1647706112,1580597248,21315584,N/A,135168,82202624,5,discern-interfa,S (sleeping),cache-compromised.bnsdq.ozxfs.vcwss-vmdrv.kvugl,0.002574762430547868,1
1759279806,57029,1,0,0,0,0,0,0,0,0,1264619520,1264619520,17158144,N/A,135168,45826048,4,discern-proc-so,R (running),cache-compromised.bnsdq.ozxfs.vcwss-vmdrv.kvugl,2.649756747836761,1
1759279808,380,1,103,103,103,103,109,109,109,109,38969344,38969344,33394688,N/A,135168,31240192,1,dbus-daemon,S (sleeping),cache-compromised.bnsdq.ozxfs.vcwss-vmdrv.kvugl,0.20543788984944633,0
1759279808,185715,1,0,0,0,0,0,0,0,0,1954725888,1937973248,25800704,N/A,135168,169029632,15,discern-network,S (sleeping),cache-compromised.bnsdq.ozxfs.vcwss-vmdrv.kvugl,2.20557500038876,0
1759279808,185712,1,0,0,0,0,0,0,0,0,1647706112,1580597248,20742144,N/A,135168,82202624,5,discern-interfa,S (sleeping),cache-compromised.bnsdq.ozxfs.vcwss-vmdrv.kvugl,1.1025040749487738,0
1759279808,185684,1,0,0,0,0,0,0,0,0,1264324608,1264324608,21651456,N/A,135168,53952512,4,discern-file-so,D (disk sleep),cache-compromised.bnsdq.ozxfs.vcwss-vmdrv.kvugl,6.290158837665201,0
1759279808,185714,1,0,0,0,0,0,0,0,0,1264357376,1264357376,15060992,N/A,135168,45563904,4,discern-proc-so,R (running),cache-compromised.bnsdq.ozxfs.vcwss-vmdrv.kvugl,8.812089579750445,0
1759279811,376,1,103,103,103,103,109,109,109,109,183934976,183934976,177561600,N/A,135168,176205824,1,dbus-daemon,S (sleeping),cache-compromised.bnsdq.ozxfs.vcwss-vmdrv.kvugl,0.2936680204281401,1
1759279811,3355,1,0,0,0,0,0,0,0,0,1922494464,1922494464,47996928,N/A,135168,174923776,13,discern-network,S (sleeping),cache-compromised.bnsdq.ozxfs.vcwss-vmdrv.kvugl,0.5072486205013707,1
1759279811,179,1,0,0,0,0,0,0,0,0,150224896,99921920,38404096,4096,135168,28098560,1,systemd-journal,S (sleeping),cache-compromised.bnsdq.ozxfs.vcwss-vmdrv.kvugl,0.19051093423894738,1
1759279811,57275,1,0,0,0,0,0,0,0,0,1647706112,1580597248,21315584,N/A,135168,82202624,5,discern-interfa,S (sleeping),cache-compromised.bnsdq.ozxfs.vcwss-vmdrv.kvugl,0.0025577939026182107,1
1759279811,57029,1,0,0,0,0,0,0,0,0,1264619520,1264619520,17158144,N/A,135168,45826048,4,discern-proc-so,S (sleeping),cache-compromised.bnsdq.ozxfs.vcwss-vmdrv.kvugl,2.650190012399958,1
1759279817,376,1,103,103,103,103,109,109,109,109,184070144,184070144,177561600,N/A,135168,176340992,1,dbus-daemon,S (sleeping),cache-compromised.bnsdq.ozxfs.vcwss-vmdrv.kvugl,0.29355355374221637,1
1759279817,3355,1,0,0,0,0,0,0,0,0,1922494464,1922494464,47996928,N/A,135168,174923776,13,discern-network,S (sleeping),cache-compromised.bnsdq.ozxfs.vcwss-vmdrv.kvugl,0.507334994116122,1
1759279817,179,1,0,0,0,0,0,0,0,0,150224896,99921920,38404096,4096,135168,28098560,1,systemd-journal,S (sleeping),cache-compromised.bnsdq.ozxfs.vcwss-vmdrv.kvugl,0.19051414966303226,1
1759279817,57275,1,0,0,0,0,0,0,0,0,1647706112,1580597248,21315584,N/A,135168,82202624,5,discern-interfa,S (sleeping),cache-compromised.bnsdq.ozxfs.vcwss-vmdrv.kvugl,0.002540985075394003,1
1759279817,57029,1,0,0,0,0,0,0,0,0,1264619520,1264619520,17158144,N/A,135168,45826048,4,discern-proc-so,S (sleeping),cache-compromised.bnsdq.ozxfs.vcwss-vmdrv.kvugl,2.6518008779788453,1
1759279819,380,1,103,103,103,103,109,109,109,109,38969344,38969344,33394688,N/A,135168,31240192,1,dbus-daemon,S (sleeping),cache-compromised.bnsdq.ozxfs.vcwss-vmdrv.kvugl,0.20542870350480388,0
1759279819,185880,1,0,0,0,0,0,0,0,0,1505095680,1505095680,25460736,N/A,135168,73678848,4,discern-interfa,S (sleeping),cache-compromised.bnsdq.ozxfs.vcwss-vmdrv.kvugl,0.0,0
1759279819,185910,1,0,0,0,0,0,0,0,0,1954725888,1929580544,23834624,N/A,135168,160641024,14,discern-network,S (sleeping),cache-compromised.bnsdq.ozxfs.vcwss-vmdrv.kvugl,0.8786940740416483,0
1759279819,185904,1,0,0,0,0,0,0,0,0,1264357376,1264357376,15536128,N/A,135168,45563904,4,discern-proc-so,S (sleeping),cache-compromised.bnsdq.ozxfs.vcwss-vmdrv.kvugl,7.906703589437943,0
1759279819,185905,1,0,0,0,0,0,0,0,0,1264062464,1264062464,19947520,N/A,135168,49496064,4,discern-file-so,R (running),cache-compromised.bnsdq.ozxfs.vcwss-vmdrv.kvugl,8.78288244878061,0
1759279822,376,1,103,103,103,103,109,109,109,109,184205312,184205312,177831936,N/A,135168,176476160,1,dbus-daemon,S (sleeping),cache-compromised.bnsdq.ozxfs.vcwss-vmdrv.kvugl,0.29366087995323725,1
1759279822,3355,1,0,0,0,0,0,0,0,0,1922494464,1922494464,47996928,N/A,135168,174923776,13,discern-network,S (sleeping),cache-compromised.bnsdq.ozxfs.vcwss-vmdrv.kvugl,0.5074233774826563,1
1759279822,179,1,0,0,0,0,0,0,0,0,150224896,99921920,38404096,4096,135168,28098560,1,systemd-journal,S (sleeping),cache-compromised.bnsdq.ozxfs.vcwss-vmdrv.kvugl,0.19051815586274495,1
1759279822,57275,1,0,0,0,0,0,0,0,0,1647706112,1580597248,21315584,N/A,135168,82202624,5,discern-interfa,S (sleeping),cache-compromised.bnsdq.ozxfs.vcwss-vmdrv.kvugl,0.00252445631498516,1
1759279822,57029,1,0,0,0,0,0,0,0,0,1264619520,1264619520,17158144,N/A,135168,45826048,4,discern-proc-so,S (sleeping),cache-compromised.bnsdq.ozxfs.vcwss-vmdrv.kvugl,2.653453045942893,1
1759279829,380,1,103,103,103,103,109,109,109,109,38969344,38969344,33394688,N/A,135168,31240192,1,dbus-daemon,S (sleeping),cache-compromised.bnsdq.ozxfs.vcwss-vmdrv.kvugl,0.20541890587597075,0
1759279829,186091,1,0,0,0,0,0,0,0,0,1264619520,1264619520,16367616,N/A,135168,45826048,4,discern-proc-so,S (sleeping),cache-compromised.bnsdq.ozxfs.vcwss-vmdrv.kvugl,5.704057548681525,0
1759279829,186080,1,0,0,0,0,0,0,0,0,1264062464,1264062464,21004288,N/A,135168,49496064,4,discern-file-so,R (running),cache-compromised.bnsdq.ozxfs.vcwss-vmdrv.kvugl,7.84243780450965,0
1759279829,186098,1,0,0,0,0,0,0,0,0,1263157248,1263157248,10149888,N/A,135168,40206336,3,discern-os-sorc,S (sleeping),cache-compromised.bnsdq.ozxfs.vcwss-vmdrv.kvugl,0.0,0
1759279829,186084,1,0,0,0,0,0,0,0,0,1262841856,1262841856,9998336,N/A,135168,40185856,3,discern-cpu-sor,S (sleeping),cache-compromised.bnsdq.ozxfs.vcwss-vmdrv.kvugl,0.0,0
1759279839,380,1,103,103,103,103,109,109,109,109,38969344,38969344,33394688,N/A,135168,31240192,1,dbus-daemon,S (sleeping),cache-compromised.bnsdq.ozxfs.vcwss-vmdrv.kvugl,0.20540888556317694,0
1759279839,186267,1,0,0,0,0,0,0,0,0,1954725888,1921449984,25976832,N/A,135168,152514560,13,discern-network,S (sleeping),cache-compromised.bnsdq.ozxfs.vcwss-vmdrv.kvugl,1.7850966146591183,0
1759279839,186287,1,0,0,0,0,0,0,0,0,1505095680,1505095680,21028864,N/A,135168,73678848,4,discern-interfa,S (sleeping),cache-compromised.bnsdq.ozxfs.vcwss-vmdrv.kvugl,0.0,0
1759279839,186248,1,0,0,0,0,0,0,0,0,1264062464,1264062464,21331968,N/A,135168,49496064,4,discern-file-so,D (disk sleep),cache-compromised.bnsdq.ozxfs.vcwss-vmdrv.kvugl,7.732780125484522,0
1759279839,186282,1,0,0,0,0,0,0,0,0,1264357376,1264357376,15753216,N/A,135168,45563904,4,discern-proc-so,S (sleeping),cache-compromised.bnsdq.ozxfs.vcwss-vmdrv.kvugl,4.757612401517431,0
1759279849,380,1,103,103,103,103,109,109,109,109,38969344,38969344,33394688,N/A,135168,31240192,1,dbus-daemon,S (sleeping),cache-compromised.bnsdq.ozxfs.vcwss-vmdrv.kvugl,0.20539947817649304,0
1759279849,186474,1,0,0,0,0,0,0,0,0,1954725888,1929580544,25124864,N/A,135168,160641024,14,discern-network,S (sleeping),cache-compromised.bnsdq.ozxfs.vcwss-vmdrv.kvugl,1.0795655088242377,0
1759279849,186449,1,0,0,0,0,0,0,0,0,1264062464,1264062464,21708800,N/A,135168,49496064,4,discern-file-so,D (disk sleep),cache-compromised.bnsdq.ozxfs.vcwss-vmdrv.kvugl,6.7480091588652,0
1759279849,186471,1,0,0,0,0,0,0,0,0,1264357376,1264357376,15384576,N/A,135168,45563904,4,discern-proc-so,S (sleeping),cache-compromised.bnsdq.ozxfs.vcwss-vmdrv.kvugl,9.711928468305928,0
1759279849,186460,1,0,0,0,0,0,0,0,0,1263157248,1263157248,10383360,N/A,135168,40206336,4,discern-os-sorc,S (sleeping),cache-compromised.bnsdq.ozxfs.vcwss-vmdrv.kvugl,0.0,0
1759279860,380,1,103,103,103,103,109,109,109,109,38969344,38969344,33394688,N/A,135168,31240192,1,dbus-daemon,S (sleeping),cache-compromised.bnsdq.ozxfs.vcwss-vmdrv.kvugl,0.20539086656957184,0
1759279860,186637,1,0,0,0,0,0,0,0,0,1580597248,1580597248,25845760,N/A,135168,82202624,5,discern-interfa,S (sleeping),cache-compromised.bnsdq.ozxfs.vcwss-vmdrv.kvugl,0.8851870202467259,0
1759279860,186667,1,0,0,0,0,0,0,0,0,1929580544,1929580544,22679552,N/A,135168,160641024,14,discern-network,S (sleeping),cache-compromised.bnsdq.ozxfs.vcwss-vmdrv.kvugl,0.0,0
1759279860,186674,1,0,0,0,0,0,0,0,0,1264357376,1264357376,14893056,N/A,135168,45563904,4,discern-proc-so,S (sleeping),cache-compromised.bnsdq.ozxfs.vcwss-vmdrv.kvugl,7.075325391981627,0
1759279860,186656,1,0,0,0,0,0,0,0,0,1264324608,1264324608,20373504,N/A,135168,49758208,4,discern-file-so,R (running),cache-compromised.bnsdq.ozxfs.vcwss-vmdrv.kvugl,9.725964985997312,0
1759279870,380,1,103,103,103,103,109,109,109,109,38969344,38969344,33394688,N/A,135168,31240192,1,dbus-daemon,S (sleeping),cache-compromised.bnsdq.ozxfs.vcwss-vmdrv.kvugl,0.20538085084340996,0
1759279870,186864,1,0,0,0,0,0,0,0,0,1929580544,1929580544,23805952,N/A,135168,160641024,14,discern-network,S (sleeping),cache-compromised.bnsdq.ozxfs.vcwss-vmdrv.kvugl,0.708985926489689,0
1759279870,186830,1,0,0,0,0,0,0,0,0,1264586752,1264586752,22966272,N/A,135168,54214656,4,discern-file-so,D (disk sleep),cache-compromised.bnsdq.ozxfs.vcwss-vmdrv.kvugl,12.75911776337361,0
1759279870,186853,1,0,0,0,0,0,0,0,0,1264619520,1264619520,15597568,N/A,135168,45826048,4,discern-proc-so,R (running),cache-compromised.bnsdq.ozxfs.vcwss-vmdrv.kvugl,7.08370696021025,0
1759279870,186854,1,0,0,0,0,0,0,0,0,1263157248,1263157248,10645504,N/A,135168,40206336,4,discern-os-sorc,S (sleeping),cache-compromised.bnsdq.ozxfs.vcwss-vmdrv.kvugl,0.0,0
1759279880,380,1,103,103,103,103,109,109,109,109,38969344,38969344,33394688,N/A,135168,31240192,1,dbus-daemon,S (sleeping),cache-compromised.bnsdq.ozxfs.vcwss-vmdrv.kvugl,0.2053719763999001,0
1759279880,187047,1,0,0,0,0,0,0,0,0,1954725888,1921187840,24453120,N/A,135168,152252416,13,discern-network,S (sleeping),cache-compromised.bnsdq.ozxfs.vcwss-vmdrv.kvugl,0.6135000320078304,0
1759279880,187045,1,0,0,0,0,0,0,0,0,1264357376,1264357376,14561280,N/A,135168,45563904,5,discern-proc-so,S (sleeping),cache-compromised.bnsdq.ozxfs.vcwss-vmdrv.kvugl,4.907504288528441,0
1759279880,187062,1,0,0,0,0,0,0,0,0,1264062464,1264062464,20533248,N/A,135168,49496064,4,discern-file-so,S (sleeping),cache-compromised.bnsdq.ozxfs.vcwss-vmdrv.kvugl,4.293194196175754,0
1759279880,187027,1,0,0,0,0,0,0,0,0,1263157248,1263157248,10346496,N/A,135168,40206336,5,discern-os-sorc,S (sleeping),cache-compromised.bnsdq.ozxfs.vcwss-vmdrv.kvugl,0.0,0
1759279890,380,1,103,103,103,103,109,109,109,109,38969344,38969344,33394688,N/A,135168,31240192,1,dbus-daemon,S (sleeping),cache-compromised.bnsdq.ozxfs.vcwss-vmdrv.kvugl,0.20536402417890523,0
1759279890,187254,1,0,0,0,0,0,0,0,0,1921449984,1921449984,24117248,N/A,135168,152514560,13,discern-network,S (sleeping),cache-compromised.bnsdq.ozxfs.vcwss-vmdrv.kvugl,1.2496757450723315,0
1759279890,187239,1,0,0,0,0,0,0,0,0,1647706112,1580597248,22605824,N/A,135168,82202624,5,discern-interfa,S (sleeping),cache-compromised.bnsdq.ozxfs.vcwss-vmdrv.kvugl,0.5554530038103871,0
1759279890,187245,1,0,0,0,0,0,0,0,0,1264357376,1264357376,15450112,N/A,135168,45563904,4,discern-proc-so,S (sleeping),cache-compromised.bnsdq.ozxfs.vcwss-vmdrv.kvugl,8.74518192946778,0
1759279890,187252,1,0,0,0,0,0,0,0,0,1263157248,1263157248,10276864,N/A,135168,40206336,4,discern-os-sorc,S (sleeping),cache-compromised.bnsdq.ozxfs.vcwss-vmdrv.kvugl,1.2491189589247016,0
1759279901,380,1,103,103,103,103,109,109,109,109,38969344,38969344,33394688,N/A,135168,31240192,1,dbus-daemon,S (sleeping),cache-compromised.bnsdq.ozxfs.vcwss-vmdrv.kvugl,0.20535348652078858,0
1759279901,187417,1,0,0,0,0,0,0,0,0,1647706112,1580597248,24461312,N/A,135168,82202624,5,discern-interfa,S (sleeping),cache-compromised.bnsdq.ozxfs.vcwss-vmdrv.kvugl,0.0,0
1759279901,187442,1,0,0,0,0,0,0,0,0,1264357376,1264357376,16379904,N/A,135168,45563904,4,discern-proc-so,R (running),cache-compromised.bnsdq.ozxfs.vcwss-vmdrv.kvugl,7.192658021678525,0
1759279901,187444,1,0,0,0,0,0,0,0,0,1264062464,1264062464,20271104,N/A,135168,49496064,4,discern-file-so,S (sleeping),cache-compromised.bnsdq.ozxfs.vcwss-vmdrv.kvugl,6.291100173092792,0
1759279901,187435,1,0,0,0,0,0,0,0,0,1263157248,1263157248,10866688,N/A,135168,40206336,4,discern-os-sorc,S (sleeping),cache-compromised.bnsdq.ozxfs.vcwss-vmdrv.kvugl,0.0,0
1759279911,380,1,103,103,103,103,109,109,109,109,38969344,38969344,33394688,N/A,135168,31240192,1,dbus-daemon,S (sleeping),cache-compromised.bnsdq.ozxfs.vcwss-vmdrv.kvugl,0.2053424173115927,0
1759279911,187618,1,0,0,0,0,0,0,0,0,1580597248,1580597248,24711168,N/A,135168,82202624,5,discern-interfa,S (sleeping),cache-compromised.bnsdq.ozxfs.vcwss-vmdrv.kvugl,1.3755960400898373,0
1759279911,187629,1,0,0,0,0,0,0,0,0,1953267712,1937973248,22589440,N/A,135168,169029632,15,discern-network,S (sleeping),cache-compromised.bnsdq.ozxfs.vcwss-vmdrv.kvugl,1.3753117350344215,0
1759279911,187637,1,0,0,0,0,0,0,0,0,1264357376,1264357376,15269888,N/A,135168,45563904,4,discern-proc-so,S (sleeping),cache-compromised.bnsdq.ozxfs.vcwss-vmdrv.kvugl,6.875200457211831,0
1759279911,187615,1,0,0,0,0,0,0,0,0,1264062464,1264062464,22650880,N/A,135168,53690368,4,discern-file-so,S (sleeping),cache-compromised.bnsdq.ozxfs.vcwss-vmdrv.kvugl,7.561094208285009,0
1759279921,380,1,103,103,103,103,109,109,109,109,38969344,38969344,33394688,N/A,135168,31240192,1,dbus-daemon,S (sleeping),cache-compromised.bnsdq.ozxfs.vcwss-vmdrv.kvugl,0.20524339920248674,0
1759279921,187803,1,0,0,0,0,0,0,0,0,1647706112,1580597248,23912448,N/A,135168,82202624,5,discern-interfa,S (sleeping),cache-compromised.bnsdq.ozxfs.vcwss-vmdrv.kvugl,0.5819893112250493,0
1759279921,187798,1,0,0,0,0,0,0,0,0,1264586752,1264586752,20574208,N/A,135168,50020352,4,discern-file-so,S (sleeping),cache-compromised.bnsdq.ozxfs.vcwss-vmdrv.kvugl,7.564737657400223,0
1759279921,187828,1,0,0,0,0,0,0,0,0,1264357376,1264357376,15196160,N/A,135168,45563904,4,discern-proc-so,R (running),cache-compromised.bnsdq.ozxfs.vcwss-vmdrv.kvugl,6.981219001307814,0
1759279921,187826,1,0,0,0,0,0,0,0,0,1263157248,1263157248,10256384,N/A,135168,40206336,4,discern-os-sorc,S (sleeping),cache-compromised.bnsdq.ozxfs.vcwss-vmdrv.kvugl,0.0,0
1759279931,380,1,103,103,103,103,109,109,109,109,38969344,38969344,33394688,N/A,135168,31240192,1,dbus-daemon,S (sleeping),cache-compromised.bnsdq.ozxfs.vcwss-vmdrv.kvugl,0.20523497580352756,0
1759279931,187975,1,0,0,0,0,0,0,0,0,1647706112,1580597248,26406912,N/A,135168,82202624,5,discern-interfa,S (sleeping),cache-compromised.bnsdq.ozxfs.vcwss-vmdrv.kvugl,1.0404628500653255,0
1759279931,188001,1,0,0,0,0,0,0,0,0,1952477184,1921187840,23375872,N/A,135168,152252416,13,discern-network,S (sleeping),cache-compromised.bnsdq.ozxfs.vcwss-vmdrv.kvugl,2.1677760506287043,0
1759279931,188012,1,0,0,0,0,0,0,0,0,1264357376,1264357376,15622144,N/A,135168,45563904,4,discern-proc-so,R (running),cache-compromised.bnsdq.ozxfs.vcwss-vmdrv.kvugl,8.668758838382068,0
1759279931,188002,1,0,0,0,0,0,0,0,0,1264062464,1264062464,20439040,N/A,135168,49496064,4,discern-file-so,D (disk sleep),cache-compromised.bnsdq.ozxfs.vcwss-vmdrv.kvugl,9.74918597465597,0
1759279942,380,1,103,103,103,103,109,109,109,109,38969344,38969344,33394688,N/A,135168,31240192,1,dbus-daemon,S (sleeping),cache-compromised.bnsdq.ozxfs.vcwss-vmdrv.kvugl,0.20522555468326562,0
1759279942,188195,1,0,0,0,0,0,0,0,0,1953927168,1921449984,24621056,N/A,135168,152514560,13,discern-network,S (sleeping),cache-compromised.bnsdq.ozxfs.vcwss-vmdrv.kvugl,0.0,0
1759279942,188180,1,0,0,0,0,0,0,0,0,1647706112,1580597248,22507520,N/A,135168,82202624,5,discern-interfa,S (sleeping),cache-compromised.bnsdq.ozxfs.vcwss-vmdrv.kvugl,0.8461675271206043,0
1759279942,188176,1,0,0,0,0,0,0,0,0,1264062464,1264062464,22200320,N/A,135168,53690368,4,discern-file-so,D (disk sleep),cache-compromised.bnsdq.ozxfs.vcwss-vmdrv.kvugl,9.306552401064462,0
1759279942,188206,1,0,0,0,0,0,0,0,0,1264357376,1264357376,15044608,N/A,135168,45563904,4,discern-proc-so,S (sleeping),cache-compromised.bnsdq.ozxfs.vcwss-vmdrv.kvugl,5.921375958184475,0
1759279952,380,1,103,103,103,103,109,109,109,109,38969344,38969344,33394688,N/A,135168,31240192,1,dbus-daemon,S (sleeping),cache-compromised.bnsdq.ozxfs.vcwss-vmdrv.kvugl,0.2053082825410384,0
1759279952,188396,1,0,0,0,0,0,0,0,0,1954725888,1929580544,25505792,N/A,135168,160641024,14,discern-network,S (sleeping),cache-compromised.bnsdq.ozxfs.vcwss-vmdrv.kvugl,0.7826441270407012,0
1759279952,188367,1,0,0,0,0,0,0,0,0,1647706112,1580597248,24186880,N/A,135168,82202624,5,discern-interfa,S (sleeping),cache-compromised.bnsdq.ozxfs.vcwss-vmdrv.kvugl,0.0,0
1759279952,188386,1,0,0,0,0,0,0,0,0,1264357376,1264357376,15593472,N/A,135168,45563904,4,discern-proc-so,R (running),cache-compromised.bnsdq.ozxfs.vcwss-vmdrv.kvugl,6.260147816989111,0
1759279952,188358,1,0,0,0,0,0,0,0,0,1263157248,1263157248,11034624,N/A,135168,40206336,4,discern-os-sorc,S (sleeping),cache-compromised.bnsdq.ozxfs.vcwss-vmdrv.kvugl,0.0,0
1759279962,380,1,103,103,103,103,109,109,109,109,38969344,38969344,33394688,N/A,135168,31240192,1,dbus-daemon,S (sleeping),cache-compromised.bnsdq.ozxfs.vcwss-vmdrv.kvugl,0.20520725786920077,0
1759279962,188574,1,0,0,0,0,0,0,0,0,1954725888,1921449984,25264128,N/A,135168,152514560,13,discern-network,S (sleeping),cache-compromised.bnsdq.ozxfs.vcwss-vmdrv.kvugl,0.5976699780918451,0
1759279962,188572,1,0,0,0,0,0,0,0,0,1647706112,1580597248,24539136,N/A,135168,82202624,5,discern-interfa,S (sleeping),cache-compromised.bnsdq.ozxfs.vcwss-vmdrv.kvugl,0.59763280097827,0
1759279962,188565,1,0,0,0,0,0,0,0,0,1264062464,1264062464,21286912,N/A,135168,49496064,4,discern-file-so,R (running),cache-compromised.bnsdq.ozxfs.vcwss-vmdrv.kvugl,6.573546024829202,0
1759279962,188584,1,0,0,0,0,0,0,0,0,1264357376,1264357376,15257600,N/A,135168,45563904,4,discern-proc-so,S (sleeping),cache-compromised.bnsdq.ozxfs.vcwss-vmdrv.kvugl,4.182916055606869,0
1759279973,380,1,103,103,103,103,109,109,109,109,38969344,38969344,33394688,N/A,135168,31240192,1,dbus-daemon,S (sleeping),cache-compromised.bnsdq.ozxfs.vcwss-vmdrv.kvugl,0.20526884128894526,0
1759279973,188800,1,0,0,0,0,0,0,0,0,1929580544,1929580544,25763840,N/A,135168,160641024,14,discern-network,S (sleeping),cache-compromised.bnsdq.ozxfs.vcwss-vmdrv.kvugl,1.0868928014672392,0
1759279973,188782,1,0,0,0,0,0,0,0,0,1505095680,1505095680,24096768,N/A,135168,73678848,4,discern-interfa,S (sleeping),cache-compromised.bnsdq.ozxfs.vcwss-vmdrv.kvugl,0.5207138750614707,0
1759279973,188766,1,0,0,0,0,0,0,0,0,1264586752,1264586752,21176320,N/A,135168,50020352,4,discern-file-so,D (disk sleep),cache-compromised.bnsdq.ozxfs.vcwss-vmdrv.kvugl,9.37138129968226,0
1759279973,188790,1,0,0,0,0,0,0,0,0,1264357376,1264357376,15552512,N/A,135168,45563904,4,discern-proc-so,S (sleeping),cache-compromised.bnsdq.ozxfs.vcwss-vmdrv.kvugl,6.76683796311425,0
1759279983,380,1,103,103,103,103,109,109,109,109,38969344,38969344,33394688,N/A,135168,31240192,1,dbus-daemon,S (sleeping),cache-compromised.bnsdq.ozxfs.vcwss-vmdrv.kvugl,0.20527640561128235,0
1759279983,188966,1,0,0,0,0,0,0,0,0,1647706112,1580597248,20590592,N/A,135168,82202624,5,discern-interfa,S (sleeping),cache-compromised.bnsdq.ozxfs.vcwss-vmdrv.kvugl,0.0,0
1759279983,188961,1,0,0,0,0,0,0,0,0,1264619520,1264619520,15691776,N/A,135168,45826048,4,discern-proc-so,S (sleeping),cache-compromised.bnsdq.ozxfs.vcwss-vmdrv.kvugl,9.6069895691038,0
1759279983,188956,1,0,0,0,0,0,0,0,0,1264324608,1264324608,24313856,N/A,135168,53952512,4,discern-file-so,D (disk sleep),cache-compromised.bnsdq.ozxfs.vcwss-vmdrv.kvugl,13.606686913758296,0
1759279983,188977,1,0,0,0,0,0,0,0,0,1263157248,1263157248,9584640,N/A,135168,40206336,3,discern-os-sorc,S (sleeping),cache-compromised.bnsdq.ozxfs.vcwss-vmdrv.kvugl,0.0,0
1759279993,380,1,103,103,103,103,109,109,109,109,38969344,38969344,33394688,N/A,135168,31240192,1,dbus-daemon,S (sleeping),cache-compromised.bnsdq.ozxfs.vcwss-vmdrv.kvugl,0.20526858757780495,0
1759279993,189169,1,0,0,0,0,0,0,0,0,1954725888,1929580544,25481216,N/A,135168,160641024,14,discern-network,S (sleeping),cache-compromised.bnsdq.ozxfs.vcwss-vmdrv.kvugl,2.111730885746198,0
1759279993,189176,1,0,0,0,0,0,0,0,0,1264062464,1264062464,22228992,N/A,135168,53690368,4,discern-file-so,S (sleeping),cache-compromised.bnsdq.ozxfs.vcwss-vmdrv.kvugl,6.3338720828746,0
1759279993,189166,1,0,0,0,0,0,0,0,0,1264357376,1264357376,15208448,N/A,135168,45563904,4,discern-proc-so,S (sleeping),cache-compromised.bnsdq.ozxfs.vcwss-vmdrv.kvugl,7.03613805182896,0
1759279993,189165,1,0,0,0,0,0,0,0,0,1263157248,1263157248,10711040,N/A,135168,40206336,4,discern-os-sorc,S (sleeping),cache-compromised.bnsdq.ozxfs.vcwss-vmdrv.kvugl,0.0,0
1759280003,380,1,103,103,103,103,109,109,109,109,38969344,38969344,33394688,N/A,135168,31240192,1,dbus-daemon,S (sleeping),cache-compromised.bnsdq.ozxfs.vcwss-vmdrv.kvugl,0.20525979994797,0
1759280003,189338,1,0,0,0,0,0,0,0,0,1647706112,1580597248,24010752,N/A,135168,82202624,5,discern-interfa,S (sleeping),cache-compromised.bnsdq.ozxfs.vcwss-vmdrv.kvugl,0.0,0
1759280003,189343,1,0,0,0,0,0,0,0,0,1264062464,1264062464,20639744,N/A,135168,49496064,4,discern-file-so,S (sleeping),cache-compromised.bnsdq.ozxfs.vcwss-vmdrv.kvugl,6.680950835133644,0
1759280003,189359,1,0,0,0,0,0,0,0,0,1264357376,1264357376,15630336,N/A,135168,45563904,4,discern-proc-so,S (sleeping),cache-compromised.bnsdq.ozxfs.vcwss-vmdrv.kvugl,4.857952579984896,0
1759280003,189368,1,0,0,0,0,0,0,0,0,1263157248,1263157248,9756672,N/A,135168,40206336,3,discern-os-sorc,S (sleeping),cache-compromised.bnsdq.ozxfs.vcwss-vmdrv.kvugl,0.0,0
1759280013,380,1,103,103,103,103,109,109,109,109,38969344,38969344,33394688,N/A,135168,31240192,1,dbus-daemon,S (sleeping),cache-compromised.bnsdq.ozxfs.vcwss-vmdrv.kvugl,0.20525087039638293,0
1759280013,189554,1,0,0,0,0,0,0,0,0,1647706112,1580597248,22478848,N/A,135168,82202624,5,discern-interfa,S (sleeping),cache-compromised.bnsdq.ozxfs.vcwss-vmdrv.kvugl,2.270486480597704,0
1759280013,189552,1,0,0,0,0,0,0,0,0,1264062464,1264062464,21086208,N/A,135168,49496064,4,discern-file-so,S (sleeping),cache-compromised.bnsdq.ozxfs.vcwss-vmdrv.kvugl,10.213045652929122,0
1759280013,189547,1,0,0,0,0,0,0,0,0,1264357376,1264357376,15937536,N/A,135168,45563904,4,discern-proc-so,R (running),cache-compromised.bnsdq.ozxfs.vcwss-vmdrv.kvugl,10.21080131237387,0
1759280013,189517,1,0,0,0,0,0,0,0,0,1263157248,1263157248,10313728,N/A,135168,40206336,4,discern-os-sorc,S (sleeping),cache-compromised.bnsdq.ozxfs.vcwss-vmdrv.kvugl,0.5314297929123586,0
1759280024,380,1,103,103,103,103,109,109,109,109,38969344,38969344,33394688,N/A,135168,31240192,1,dbus-daemon,S (sleeping),cache-compromised.bnsdq.ozxfs.vcwss-vmdrv.kvugl,0.2051529737084673,0
1759280024,189750,1,0,0,0,0,0,0,0,0,1505095680,1505095680,20803584,N/A,135168,73678848,4,discern-interfa,S (sleeping),cache-compromised.bnsdq.ozxfs.vcwss-vmdrv.kvugl,0.0,0
1759280024,189717,1,0,0,0,0,0,0,0,0,1264324608,1264324608,23629824,N/A,135168,53952512,4,discern-file-so,S (sleeping),cache-compromised.bnsdq.ozxfs.vcwss-vmdrv.kvugl,8.790549557951612,0
1759280024,189733,1,0,0,0,0,0,0,0,0,1264357376,1264357376,16474112,N/A,135168,45563904,4,discern-proc-so,R (running),cache-compromised.bnsdq.ozxfs.vcwss-vmdrv.kvugl,7.907833928454803,0
1759280024,189722,1,0,0,0,0,0,0,0,0,1263157248,1263157248,11071488,N/A,135168,40206336,4,discern-os-sorc,S (sleeping),cache-compromised.bnsdq.ozxfs.vcwss-vmdrv.kvugl,0.0,0
1759280034,380,1,103,103,103,103,109,109,109,109,38969344,38969344,33394688,N/A,135168,31240192,1,dbus-daemon,S (sleeping),cache-compromised.bnsdq.ozxfs.vcwss-vmdrv.kvugl,0.20532014351192088,0
1759280034,189901,1,0,0,0,0,0,0,0,0,1954725888,1921449984,24195072,N/A,135168,152514560,13,discern-network,S (sleeping),cache-compromised.bnsdq.ozxfs.vcwss-vmdrv.kvugl,2.1015966209918666,0
1759280034,189921,1,0,0,0,0,0,0,0,0,1505095680,1505095680,21069824,N/A,135168,73678848,4,discern-interfa,S (sleeping),cache-compromised.bnsdq.ozxfs.vcwss-vmdrv.kvugl,1.4007640009193185,0
1759280034,189896,1,0,0,0,0,0,0,0,0,1264324608,1264324608,21155840,N/A,135168,49758208,4,discern-file-so,R (running),cache-compromised.bnsdq.ozxfs.vcwss-vmdrv.kvugl,10.502933613248372,0
1759280034,189939,1,0,0,0,0,0,0,0,0,1264357376,1264357376,15224832,N/A,135168,45563904,4,discern-proc-so,R (running),cache-compromised.bnsdq.ozxfs.vcwss-vmdrv.kvugl,6.9997439969628505,0
1759280044,380,1,103,103,103,103,109,109,109,109,38969344,38969344,33394688,N/A,135168,31240192,1,dbus-daemon,S (sleeping),cache-compromised.bnsdq.ozxfs.vcwss-vmdrv.kvugl,0.2052230723211105,0
1759280044,190095,1,0,0,0,0,0,0,0,0,1647706112,1580597248,22663168,N/A,135168,82202624,5,discern-interfa,S (sleeping),cache-compromised.bnsdq.ozxfs.vcwss-vmdrv.kvugl,0.6079623084769018,0
1759280044,190104,1,0,0,0,0,0,0,0,0,1264062464,1264062464,21839872,N/A,135168,49496064,4,discern-file-so,R (running),cache-compromised.bnsdq.ozxfs.vcwss-vmdrv.kvugl,6.686348744663097,0
1759280044,190112,1,0,0,0,0,0,0,0,0,1264357376,1264357376,15290368,N/A,135168,45563904,4,discern-proc-so,S (sleeping),cache-compromised.bnsdq.ozxfs.vcwss-vmdrv.kvugl,4.862143759539374,0
1759280044,190114,1,0,0,0,0,0,0,0,0,1263157248,1263157248,10203136,N/A,135168,40206336,4,discern-os-sorc,S (sleeping),cache-compromised.bnsdq.ozxfs.vcwss-vmdrv.kvugl,0.0,0
1759280054,380,1,103,103,103,103,109,109,109,109,38969344,38969344,33394688,N/A,135168,31240192,1,dbus-daemon,S (sleeping),cache-compromised.bnsdq.ozxfs.vcwss-vmdrv.kvugl,0.2052134004313581,0
1759280054,190297,1,0,0,0,0,0,0,0,0,1953927168,1929580544,23470080,N/A,135168,160641024,14,discern-network,S (sleeping),cache-compromised.bnsdq.ozxfs.vcwss-vmdrv.kvugl,2.163977030041675,0
1759280054,190292,1,0,0,0,0,0,0,0,0,1647706112,1580597248,22519808,N/A,135168,82202624,5,discern-interfa,S (sleeping),cache-compromised.bnsdq.ozxfs.vcwss-vmdrv.kvugl,2.1636174463422604,0
1759280054,190310,1,0,0,0,0,0,0,0,0,1264357376,1264357376,15134720,N/A,135168,45563904,4,discern-proc-so,R (running),cache-compromised.bnsdq.ozxfs.vcwss-vmdrv.kvugl,10.815391918519605,0
1759280054,190306,1,0,0,0,0,0,0,0,0,1264062464,1264062464,20017152,N/A,135168,49496064,4,discern-file-so,S (sleeping),cache-compromised.bnsdq.ozxfs.vcwss-vmdrv.kvugl,8.648762148458076,0
1759280065,380,1,103,103,103,103,109,109,109,109,38969344,38969344,33394688,N/A,135168,31240192,1,dbus-daemon,S (sleeping),cache-compromised.bnsdq.ozxfs.vcwss-vmdrv.kvugl,0.2052040044513671,0
1759280065,190480,1,0,0,0,0,0,0,0,0,1647706112,1580597248,24137728,N/A,135168,82202624,5,discern-interfa,S (sleeping),cache-compromised.bnsdq.ozxfs.vcwss-vmdrv.kvugl,0.8413870013647616,0
1759280065,190503,1,0,0,0,0,0,0,0,0,1264357376,1264357376,16498688,N/A,135168,45563904,4,discern-proc-so,R (running),cache-compromised.bnsdq.ozxfs.vcwss-vmdrv.kvugl,8.41106890174124,0
1759280065,190479,1,0,0,0,0,0,0,0,0,1264062464,1264062464,21069824,N/A,135168,49496064,4,discern-file-so,S (sleeping),cache-compromised.bnsdq.ozxfs.vcwss-vmdrv.kvugl,10.931691804255946,0
1759280065,190493,1,0,0,0,0,0,0,0,0,1263157248,1263157248,10227712,N/A,135168,40206336,4,discern-os-sorc,S (sleeping),cache-compromised.bnsdq.ozxfs.vcwss-vmdrv.kvugl,0.0,0
1759280075,380,1,103,103,103,103,109,109,109,109,38969344,38969344,33394688,N/A,135168,31240192,1,dbus-daemon,S (sleeping),cache-compromised.bnsdq.ozxfs.vcwss-vmdrv.kvugl,0.20528202442710636,0
1759280075,190674,1,0,0,0,0,0,0,0,0,1954988032,1938235392,24961024,N/A,135168,169291776,15,discern-network,S (sleeping),cache-compromised.bnsdq.ozxfs.vcwss-vmdrv.kvugl,2.004775892070575,0
1759280075,190650,1,0,0,0,0,0,0,0,0,1647706112,1580597248,24281088,N/A,135168,82202624,5,discern-interfa,S (sleeping),cache-compromised.bnsdq.ozxfs.vcwss-vmdrv.kvugl,1.3362472976143878,0
1759280075,190690,1,0,0,0,0,0,0,0,0,1264586752,1264586752,20074496,N/A,135168,50020352,4,discern-file-so,D (disk sleep),cache-compromised.bnsdq.ozxfs.vcwss-vmdrv.kvugl,10.020190998828625,0
1759280075,190681,1,0,0,0,0,0,0,0,0,1264357376,1264357376,15765504,N/A,135168,45563904,4,discern-proc-so,S (sleeping),cache-compromised.bnsdq.ozxfs.vcwss-vmdrv.kvugl,10.01835116149237,0
1759280085,380,1,103,103,103,103,109,109,109,109,38969344,38969344,33394688,N/A,135168,31240192,1,dbus-daemon,S (sleeping),cache-compromised.bnsdq.ozxfs.vcwss-vmdrv.kvugl,0.20518816867525264,0
1759280085,190845,1,0,0,0,0,0,0,0,0,1647706112,1580597248,26304512,N/A,135168,82202624,5,discern-interfa,S (sleeping),cache-compromised.bnsdq.ozxfs.vcwss-vmdrv.kvugl,1.284458842063488,0
1759280085,190870,1,0,0,0,0,0,0,0,0,1921187840,1921187840,25792512,N/A,135168,152252416,13,discern-network,S (sleeping),cache-compromised.bnsdq.ozxfs.vcwss-vmdrv.kvugl,0.642190540498275,0
1759280085,190853,1,0,0,0,0,0,0,0,0,1264619520,1264619520,15929344,N/A,135168,45826048,4,discern-proc-so,R (running),cache-compromised.bnsdq.ozxfs.vcwss-vmdrv.kvugl,5.7793655721349895,0
1759280085,190882,1,0,0,0,0,0,0,0,0,1263157248,1263157248,9469952,N/A,135168,40206336,4,discern-os-sorc,S (sleeping),cache-compromised.bnsdq.ozxfs.vcwss-vmdrv.kvugl,0.0,0
1759280096,191041,1,0,0,0,0,0,0,0,0,1264586752,1264586752,41730048,N/A,135168,79380480,4,discern-file-so,R (running),cache-compromised.bnsdq.ozxfs.vcwss-vmdrv.kvugl,10.367768367703215,0
1759280096,380,1,103,103,103,103,109,109,109,109,38969344,38969344,33394688,N/A,135168,31240192,1,dbus-daemon,S (sleeping),cache-compromised.bnsdq.ozxfs.vcwss-vmdrv.kvugl,0.2051751377287777,0
1759280096,191046,1,0,0,0,0,0,0,0,0,1505095680,1505095680,25612288,N/A,135168,73678848,4,discern-interfa,S (sleeping),cache-compromised.bnsdq.ozxfs.vcwss-vmdrv.kvugl,0.49364452908232204,0
1759280096,191074,1,0,0,0,0,0,0,0,0,1264357376,1264357376,16367616,N/A,135168,45563904,4,discern-proc-so,S (sleeping),cache-compromised.bnsdq.ozxfs.vcwss-vmdrv.kvugl,11.697540998786994,0
1759280096,191059,1,0,0,0,0,0,0,0,0,1263157248,1263157248,9641984,N/A,135168,40206336,3,discern-os-sorc,S (sleeping),cache-compromised.bnsdq.ozxfs.vcwss-vmdrv.kvugl,0.0,0
1759280106,380,1,103,103,103,103,109,109,109,109,38969344,38969344,33394688,N/A,135168,31240192,1,dbus-daemon,S (sleeping),cache-compromised.bnsdq.ozxfs.vcwss-vmdrv.kvugl,0.2051652199247229,0
1759280106,191244,1,0,0,0,0,0,0,0,0,1954725888,1921449984,23138304,N/A,135168,152514560,13,discern-network,S (sleeping),cache-compromised.bnsdq.ozxfs.vcwss-vmdrv.kvugl,2.2666664128000287,0
1759280106,191257,1,0,0,0,0,0,0,0,0,1505095680,1505095680,20938752,N/A,135168,73678848,4,discern-interfa,S (sleeping),cache-compromised.bnsdq.ozxfs.vcwss-vmdrv.kvugl,0.0,0
1759280106,191218,1,0,0,0,0,0,0,0,0,1264586752,1264586752,22560768,N/A,135168,83574784,4,discern-file-so,R (running),cache-compromised.bnsdq.ozxfs.vcwss-vmdrv.kvugl,15.859223742653556,0
1759280106,191241,1,0,0,0,0,0,0,0,0,1264357376,1264357376,15458304,N/A,135168,45563904,4,discern-proc-so,S (sleeping),cache-compromised.bnsdq.ozxfs.vcwss-vmdrv.kvugl,9.8153427858784,0
1759280116,380,1,103,103,103,103,109,109,109,109,38969344,38969344,33394688,N/A,135168,31240192,1,dbus-daemon,S (sleeping),cache-compromised.bnsdq.ozxfs.vcwss-vmdrv.kvugl,0.2051608894751816,0
1759280116,191436,1,0,0,0,0,0,0,0,0,1929842688,1929842688,25509888,N/A,135168,160903168,14,discern-network,S (sleeping),cache-compromised.bnsdq.ozxfs.vcwss-vmdrv.kvugl,0.7623884292564255,0
1759280116,191444,1,0,0,0,0,0,0,0,0,1647706112,1580597248,21753856,N/A,135168,82202624,5,discern-interfa,S (sleeping),cache-compromised.bnsdq.ozxfs.vcwss-vmdrv.kvugl,0.7623264966048288,0
1759280116,191438,1,0,0,0,0,0,0,0,0,1264357376,1264357376,15724544,N/A,135168,45563904,4,discern-proc-so,R (running),cache-compromised.bnsdq.ozxfs.vcwss-vmdrv.kvugl,5.335700188957725,0
1759280116,191422,1,0,0,0,0,0,0,0,0,1263157248,1263157248,10735616,N/A,135168,40206336,4,discern-os-sorc,S (sleeping),cache-compromised.bnsdq.ozxfs.vcwss-vmdrv.kvugl,0.0,0
1759280126,380,1,103,103,103,103,109,109,109,109,38969344,38969344,33394688,N/A,135168,31240192,1,dbus-daemon,S (sleeping),cache-compromised.bnsdq.ozxfs.vcwss-vmdrv.kvugl,0.20515011191058188,0
1759280126,191607,1,0,0,0,0,0,0,0,0,1954725888,1921449984,26595328,N/A,135168,152514560,13,discern-network,S (sleeping),cache-compromised.bnsdq.ozxfs.vcwss-vmdrv.kvugl,1.2057384216761557,0
1759280126,191649,1,0,0,0,0,0,0,0,0,1505095680,1505095680,26103808,N/A,135168,73678848,4,discern-interfa,S (sleeping),cache-compromised.bnsdq.ozxfs.vcwss-vmdrv.kvugl,0.0,0
1759280126,191616,1,0,0,0,0,0,0,0,0,1264357376,1264357376,16371712,N/A,135168,45563904,4,discern-proc-so,S (sleeping),cache-compromised.bnsdq.ozxfs.vcwss-vmdrv.kvugl,6.02653161620726,0
1759280126,191618,1,0,0,0,0,0,0,0,0,1264062464,1264062464,17522688,N/A,135168,49496064,4,discern-file-so,R (running),cache-compromised.bnsdq.ozxfs.vcwss-vmdrv.kvugl,6.627927299258438,0
1759280137,380,1,103,103,103,103,109,109,109,109,38969344,38969344,33394688,N/A,135168,31240192,1,dbus-daemon,S (sleeping),cache-compromised.bnsdq.ozxfs.vcwss-vmdrv.kvugl,0.20522556223325267,0
1759280137,191815,1,0,0,0,0,0,0,0,0,1954459648,1921449984,24358912,N/A,135168,152514560,13,discern-network,S (sleeping),cache-compromised.bnsdq.ozxfs.vcwss-vmdrv.kvugl,0.9175070587098115,0
1759280137,191820,1,0,0,0,0,0,0,0,0,1505095680,1505095680,22642688,N/A,135168,73678848,4,discern-interfa,S (sleeping),cache-compromised.bnsdq.ozxfs.vcwss-vmdrv.kvugl,0.9172463582627459,0
1759280137,191799,1,0,0,0,0,0,0,0,0,1264586752,1264586752,21303296,N/A,135168,50020352,4,discern-file-so,D (disk sleep),cache-compromised.bnsdq.ozxfs.vcwss-vmdrv.kvugl,14.66900268700832,0
1759280137,191834,1,0,0,0,0,0,0,0,0,1264357376,1264357376,15974400,N/A,135168,45563904,4,discern-proc-so,S (sleeping),cache-compromised.bnsdq.ozxfs.vcwss-vmdrv.kvugl,7.332738141700048,0
1759280147,380,1,103,103,103,103,109,109,109,109,38969344,38969344,33394688,N/A,135168,31240192,1,dbus-daemon,S (sleeping),cache-compromised.bnsdq.ozxfs.vcwss-vmdrv.kvugl,0.2051272823305194,0
1759280147,192012,1,0,0,0,0,0,0,0,0,1505095680,1505095680,24477696,N/A,135168,73678848,4,discern-interfa,S (sleeping),cache-compromised.bnsdq.ozxfs.vcwss-vmdrv.kvugl,0.0,0
1759280147,192029,1,0,0,0,0,0,0,0,0,1953927168,1921187840,22511616,N/A,135168,152252416,13,discern-network,S (sleeping),cache-compromised.bnsdq.ozxfs.vcwss-vmdrv.kvugl,2.101842259906571,0
1759280147,192015,1,0,0,0,0,0,0,0,0,1264062464,1264062464,22376448,N/A,135168,53690368,4,discern-file-so,S (sleeping),cache-compromised.bnsdq.ozxfs.vcwss-vmdrv.kvugl,6.299575021849621,0
1759280147,192019,1,0,0,0,0,0,0,0,0,1264357376,1264357376,16142336,N/A,135168,45563904,4,discern-proc-so,R (running),cache-compromised.bnsdq.ozxfs.vcwss-vmdrv.kvugl,6.297967295786668,0
1759280157,380,1,103,103,103,103,109,109,109,109,38969344,38969344,33394688,N/A,135168,31240192,1,dbus-daemon,S (sleeping),cache-compromised.bnsdq.ozxfs.vcwss-vmdrv.kvugl,0.20511937666793886,0
1759280157,192208,1,0,0,0,0,0,0,0,0,1580597248,1580597248,22614016,N/A,135168,82202624,5,discern-interfa,S (sleeping),cache-compromised.bnsdq.ozxfs.vcwss-vmdrv.kvugl,0.0,0
1759280157,192188,1,0,0,0,0,0,0,0,0,1264357376,1264357376,16486400,N/A,135168,45563904,4,discern-proc-so,R (running),cache-compromised.bnsdq.ozxfs.vcwss-vmdrv.kvugl,6.184909494493778,0
1759280157,192205,1,0,0,0,0,0,0,0,0,1264062464,1264062464,21250048,N/A,135168,49496064,4,discern-file-so,S (sleeping),cache-compromised.bnsdq.ozxfs.vcwss-vmdrv.kvugl,4.947614607064257,0
1759280157,192214,1,0,0,0,0,0,0,0,0,1263157248,1263157248,10330112,N/A,135168,40206336,4,discern-os-sorc,S (sleeping),cache-compromised.bnsdq.ozxfs.vcwss-vmdrv.kvugl,0.0,0
1759280167,380,1,103,103,103,103,109,109,109,109,38969344,38969344,33394688,N/A,135168,31240192,1,dbus-daemon,S (sleeping),cache-compromised.bnsdq.ozxfs.vcwss-vmdrv.kvugl,0.20511024228306862,0
1759280167,192393,1,0,0,0,0,0,0,0,0,1954725888,1921187840,23613440,N/A,135168,152252416,13,discern-network,S (sleeping),cache-compromised.bnsdq.ozxfs.vcwss-vmdrv.kvugl,2.281635490694033,0
1759280167,192392,1,0,0,0,0,0,0,0,0,1647706112,1580597248,22372352,N/A,135168,82202624,5,discern-interfa,S (sleeping),cache-compromised.bnsdq.ozxfs.vcwss-vmdrv.kvugl,0.5328167400815227,0
1759280167,192407,1,0,0,0,0,0,0,0,0,1264357376,1264357376,15118336,N/A,135168,45563904,5,discern-proc-so,R (running),cache-compromised.bnsdq.ozxfs.vcwss-vmdrv.kvugl,10.260485522481149,0
1759280167,192399,1,0,0,0,0,0,0,0,0,1264062464,1264062464,20529152,N/A,135168,49496064,4,discern-file-so,R (running),cache-compromised.bnsdq.ozxfs.vcwss-vmdrv.kvugl,10.254808145688537,0
1759280178,380,1,103,103,103,103,109,109,109,109,38969344,38969344,33394688,N/A,135168,31240192,1,dbus-daemon,S (sleeping),cache-compromised.bnsdq.ozxfs.vcwss-vmdrv.kvugl,0.20510345045762546,0
1759280178,192579,1,0,0,0,0,0,0,0,0,1954725888,1921449984,31490048,N/A,135168,152514560,13,discern-network,S (sleeping),cache-compromised.bnsdq.ozxfs.vcwss-vmdrv.kvugl,0.9939902919532679,0
1759280178,192596,1,0,0,0,0,0,0,0,0,1647706112,1580597248,20688896,N/A,135168,82202624,5,discern-interfa,S (sleeping),cache-compromised.bnsdq.ozxfs.vcwss-vmdrv.kvugl,0.9938459123110174,0
1759280178,192603,1,0,0,0,0,0,0,0,0,1264357376,1264357376,15007744,N/A,135168,45563904,4,discern-proc-so,R (running),cache-compromised.bnsdq.ozxfs.vcwss-vmdrv.kvugl,6.956160903621679,0
1759280178,192566,1,0,0,0,0,0,0,0,0,1263157248,1263157248,10924032,N/A,135168,40206336,4,discern-os-sorc,S (sleeping),cache-compromised.bnsdq.ozxfs.vcwss-vmdrv.kvugl,0.9936297907238099,0
1759280188,380,1,103,103,103,103,109,109,109,109,38969344,38969344,33394688,N/A,135168,31240192,1,dbus-daemon,S (sleeping),cache-compromised.bnsdq.ozxfs.vcwss-vmdrv.kvugl,0.2051778447460997,0
1759280188,192782,1,0,0,0,0,0,0,0,0,1954725888,1921449984,24641536,N/A,135168,152514560,13,discern-network,S (sleeping),cache-compromised.bnsdq.ozxfs.vcwss-vmdrv.kvugl,0.6756356424378189,0
1759280188,192767,1,0,0,0,0,0,0,0,0,1647706112,1580597248,24121344,N/A,135168,82202624,5,discern-interfa,S (sleeping),cache-compromised.bnsdq.ozxfs.vcwss-vmdrv.kvugl,0.6754164380685961,0
1759280188,192796,1,0,0,0,0,0,0,0,0,1264357376,1264357376,15032320,N/A,135168,45563904,4,discern-proc-so,S (sleeping),cache-compromised.bnsdq.ozxfs.vcwss-vmdrv.kvugl,8.776827181605315,0
1759280188,192793,1,0,0,0,0,0,0,0,0,1264324608,1264324608,19824640,N/A,135168,49758208,4,discern-file-so,D (disk sleep),cache-compromised.bnsdq.ozxfs.vcwss-vmdrv.kvugl,10.800075914813613,0
1759280198,380,1,103,103,103,103,109,109,109,109,38969344,38969344,33394688,N/A,135168,31240192,1,dbus-daemon,S (sleeping),cache-compromised.bnsdq.ozxfs.vcwss-vmdrv.kvugl,0.20516985626518397,0
1759280198,192955,1,0,0,0,0,0,0,0,0,1954725888,1921449984,28205056,N/A,135168,152514560,13,discern-network,S (sleeping),cache-compromised.bnsdq.ozxfs.vcwss-vmdrv.kvugl,1.195717354155619,0
1759280198,192993,1,0,0,0,0,0,0,0,0,1647706112,1580597248,21000192,N/A,135168,82202624,5,discern-interfa,S (sleeping),cache-compromised.bnsdq.ozxfs.vcwss-vmdrv.kvugl,1.1955586998058594,0
1759280198,192960,1,0,0,0,0,0,0,0,0,1264062464,1264062464,20787200,N/A,135168,49496064,5,discern-file-so,S (sleeping),cache-compromised.bnsdq.ozxfs.vcwss-vmdrv.kvugl,5.97682964364633,0
1759280198,192964,1,0,0,0,0,0,0,0,0,1264357376,1264357376,15347712,N/A,135168,45563904,4,discern-proc-so,S (sleeping),cache-compromised.bnsdq.ozxfs.vcwss-vmdrv.kvugl,6.572241959946083,0
1759280208,380,1,103,103,103,103,109,109,109,109,38969344,38969344,33394688,N/A,135168,31240192,1,dbus-daemon,S (sleeping),cache-compromised.bnsdq.ozxfs.vcwss-vmdrv.kvugl,0.20516105729718453,0
1759280208,193166,1,0,0,0,0,0,0,0,0,1647706112,1580597248,24064000,N/A,135168,82202624,5,discern-interfa,S (sleeping),cache-compromised.bnsdq.ozxfs.vcwss-vmdrv.kvugl,1.0957194643130097,0
1759280208,193180,1,0,0,0,0,0,0,0,0,1954725888,1929580544,23642112,N/A,135168,160641024,14,discern-network,S (sleeping),cache-compromised.bnsdq.ozxfs.vcwss-vmdrv.kvugl,1.0953083814898807,0
1759280208,193171,1,0,0,0,0,0,0,0,0,1264062464,1264062464,20590592,N/A,135168,49496064,4,discern-file-so,D (disk sleep),cache-compromised.bnsdq.ozxfs.vcwss-vmdrv.kvugl,12.043212922327177,0
1759280208,193183,1,0,0,0,0,0,0,0,0,1264357376,1264357376,14671872,N/A,135168,45563904,4,discern-proc-so,R (running),cache-compromised.bnsdq.ozxfs.vcwss-vmdrv.kvugl,9.84808591064845,0
1759280219,380,1,103,103,103,103,109,109,109,109,38969344,38969344,33394688,N/A,135168,31240192,1,dbus-daemon,S (sleeping),cache-compromised.bnsdq.ozxfs.vcwss-vmdrv.kvugl,0.20515002767524618,0
1759280219,193360,1,0,0,0,0,0,0,0,0,1921449984,1921449984,29093888,N/A,135168,152514560,13,discern-network,S (sleeping),cache-compromised.bnsdq.ozxfs.vcwss-vmdrv.kvugl,0.7821164322498171,0
1759280219,193357,1,0,0,0,0,0,0,0,0,1580597248,1580597248,26066944,N/A,135168,82202624,5,discern-interfa,S (sleeping),cache-compromised.bnsdq.ozxfs.vcwss-vmdrv.kvugl,0.7818503095542402,0
1759280219,193392,1,0,0,0,0,0,0,0,0,1264357376,1264357376,15249408,N/A,135168,45563904,5,discern-proc-so,R (running),cache-compromised.bnsdq.ozxfs.vcwss-vmdrv.kvugl,10.15578501579621,0
1759280219,193389,1,0,0,0,0,0,0,0,0,1264324608,1264324608,20582400,N/A,135168,49758208,4,discern-file-so,D (disk sleep),cache-compromised.bnsdq.ozxfs.vcwss-vmdrv.kvugl,11.71529691623394,0
1759280229,380,1,103,103,103,103,109,109,109,109,38969344,38969344,33394688,N/A,135168,31240192,1,dbus-daemon,S (sleeping),cache-compromised.bnsdq.ozxfs.vcwss-vmdrv.kvugl,0.20522829875342077,0
1759280229,193534,1,0,0,0,0,0,0,0,0,1647706112,1580597248,21999616,N/A,135168,82202624,5,discern-interfa,S (sleeping),cache-compromised.bnsdq.ozxfs.vcwss-vmdrv.kvugl,0.6594296687225548,0
1759280229,193569,1,0,0,0,0,0,0,0,0,1264357376,1264357376,16461824,N/A,135168,45563904,4,discern-proc-so,S (sleeping),cache-compromised.bnsdq.ozxfs.vcwss-vmdrv.kvugl,7.911658046493271,0
1759280229,193538,1,0,0,0,0,0,0,0,0,1264586752,1264586752,20848640,N/A,135168,79380480,4,discern-file-so,R (running),cache-compromised.bnsdq.ozxfs.vcwss-vmdrv.kvugl,13.183628685650417,0
1759280229,193557,1,0,0,0,0,0,0,0,0,1263157248,1263157248,11325440,N/A,135168,40206336,4,discern-os-sorc,S (sleeping),cache-compromised.bnsdq.ozxfs.vcwss-vmdrv.kvugl,0.0,0
1759280239,380,1,103,103,103,103,109,109,109,109,38969344,38969344,33394688,N/A,135168,31240192,1,dbus-daemon,S (sleeping),cache-compromised.bnsdq.ozxfs.vcwss-vmdrv.kvugl,0.20513389970745197,0
1759280239,193721,1,0,0,0,0,0,0,0,0,1580597248,1580597248,26619904,N/A,135168,82202624,5,discern-interfa,S (sleeping),cache-compromised.bnsdq.ozxfs.vcwss-vmdrv.kvugl,0.5948860685742257,0
1759280239,193762,1,0,0,0,0,0,0,0,0,1954725888,1921187840,24231936,N/A,135168,152252416,13,discern-network,S (sleeping),cache-compromised.bnsdq.ozxfs.vcwss-vmdrv.kvugl,0.5947635327072963,0
1759280239,193747,1,0,0,0,0,0,0,0,0,1264062464,1264062464,20676608,N/A,135168,49496064,4,discern-file-so,S (sleeping),cache-compromised.bnsdq.ozxfs.vcwss-vmdrv.kvugl,4.757016358453422,0
1759280239,193727,1,0,0,0,0,0,0,0,0,1264357376,1264357376,15433728,N/A,135168,45563904,4,discern-proc-so,S (sleeping),cache-compromised.bnsdq.ozxfs.vcwss-vmdrv.kvugl,5.945636533735187,0
1759280249,380,1,103,103,103,103,109,109,109,109,38969344,38969344,33394688,N/A,135168,31240192,1,dbus-daemon,S (sleeping),cache-compromised.bnsdq.ozxfs.vcwss-vmdrv.kvugl,0.2051270945040868,0
1759280249,193942,1,0,0,0,0,0,0,0,0,1954725888,1929580544,26370048,N/A,135168,160641024,14,discern-network,S (sleeping),cache-compromised.bnsdq.ozxfs.vcwss-vmdrv.kvugl,1.2308532696432413,0
1759280249,193909,1,0,0,0,0,0,0,0,0,1647706112,1580597248,26214400,N/A,135168,82202624,5,discern-interfa,S (sleeping),cache-compromised.bnsdq.ozxfs.vcwss-vmdrv.kvugl,0.5517127788878512,0
1759280249,193929,1,0,0,0,0,0,0,0,0,1264619520,1264619520,15790080,N/A,135168,45826048,4,discern-proc-so,R (running),cache-compromised.bnsdq.ozxfs.vcwss-vmdrv.kvugl,4.413448408866283,0
1759280249,193950,1,0,0,0,0,0,0,0,0,1263157248,1263157248,9920512,N/A,135168,40206336,3,discern-os-sorc,S (sleeping),cache-compromised.bnsdq.ozxfs.vcwss-vmdrv.kvugl,0.0,0
1759280260,380,1,103,103,103,103,109,109,109,109,38969344,38969344,33394688,N/A,135168,31240192,1,dbus-daemon,S (sleeping),cache-compromised.bnsdq.ozxfs.vcwss-vmdrv.kvugl,0.2051165153387796,0
1759280260,194136,1,0,0,0,0,0,0,0,0,1505095680,1505095680,23306240,N/A,135168,73678848,4,discern-interfa,S (sleeping),cache-compromised.bnsdq.ozxfs.vcwss-vmdrv.kvugl,0.8643026207796339,0
1759280260,194128,1,0,0,0,0,0,0,0,0,1264357376,1264357376,15753216,N/A,135168,45563904,4,discern-proc-so,S (sleeping),cache-compromised.bnsdq.ozxfs.vcwss-vmdrv.kvugl,7.7767520126661935,0
1759280260,194108,1,0,0,0,0,0,0,0,0,1264062464,1264062464,21229568,N/A,135168,49496064,4,discern-file-so,R (running),cache-compromised.bnsdq.ozxfs.vcwss-vmdrv.kvugl,10.366423527386045,0
1759280260,194116,1,0,0,0,0,0,0,0,0,1263157248,1263157248,11145216,N/A,135168,40206336,4,discern-os-sorc,S (sleeping),cache-compromised.bnsdq.ozxfs.vcwss-vmdrv.kvugl,0.0,0
1759280270,380,1,103,103,103,103,109,109,109,109,38969344,38969344,33394688,N/A,135168,31240192,1,dbus-daemon,S (sleeping),cache-compromised.bnsdq.ozxfs.vcwss-vmdrv.kvugl,0.20510823280650034,0
1759280270,194325,1,0,0,0,0,0,0,0,0,1954725888,1937973248,24637440,N/A,135168,169029632,15,discern-network,S (sleeping),cache-compromised.bnsdq.ozxfs.vcwss-vmdrv.kvugl,1.4561822256069106,0
1759280270,194319,1,0,0,0,0,0,0,0,0,1264062464,1264062464,20774912,N/A,135168,49496064,4,discern-file-so,R (running),cache-compromised.bnsdq.ozxfs.vcwss-vmdrv.kvugl,6.551376875798962,0
1759280270,194322,1,0,0,0,0,0,0,0,0,1264357376,1264357376,15519744,N/A,135168,45563904,4,discern-proc-so,S (sleeping),cache-compromised.bnsdq.ozxfs.vcwss-vmdrv.kvugl,5.821953639652174,0
1759280270,194311,1,0,0,0,0,0,0,0,0,1263157248,1263157248,10825728,N/A,135168,40206336,4,discern-os-sorc,S (sleeping),cache-compromised.bnsdq.ozxfs.vcwss-vmdrv.kvugl,0.0,0
1759280280,380,1,103,103,103,103,109,109,109,109,38969344,38969344,33394688,N/A,135168,31240192,1,dbus-daemon,S (sleeping),cache-compromised.bnsdq.ozxfs.vcwss-vmdrv.kvugl,0.2051008157428118,0
1759280280,194504,1,0,0,0,0,0,0,0,0,1647706112,1580597248,24203264,N/A,135168,82202624,5,discern-interfa,S (sleeping),cache-compromised.bnsdq.ozxfs.vcwss-vmdrv.kvugl,0.0,0
1759280280,194513,1,0,0,0,0,0,0,0,0,1264619520,1264619520,15171584,N/A,135168,45826048,4,discern-proc-so,R (running),cache-compromised.bnsdq.ozxfs.vcwss-vmdrv.kvugl,3.8915323715168073,0
1759280280,194514,1,0,0,0,0,0,0,0,0,1263157248,1263157248,11280384,N/A,135168,40206336,4,discern-os-sorc,S (sleeping),cache-compromised.bnsdq.ozxfs.vcwss-vmdrv.kvugl,0.0,0
1759280280,194490,1,0,0,0,0,0,0,0,0,1262841856,1262841856,10940416,N/A,135168,40185856,4,discern-cpu-sor,S (sleeping),cache-compromised.bnsdq.ozxfs.vcwss-vmdrv.kvugl,0.0,0
1759280290,380,1,103,103,103,103,109,109,109,109,38969344,38969344,33394688,N/A,135168,31240192,1,dbus-daemon,S (sleeping),cache-compromised.bnsdq.ozxfs.vcwss-vmdrv.kvugl,0.20508920471945402,0
1759280290,194689,1,0,0,0,0,0,0,0,0,1647706112,1580597248,24039424,N/A,135168,82202624,5,discern-interfa,S (sleeping),cache-compromised.bnsdq.ozxfs.vcwss-vmdrv.kvugl,2.1108136490365155,0
1759280290,194706,1,0,0,0,0,0,0,0,0,1929580544,1929580544,23683072,N/A,135168,160641024,14,discern-network,S (sleeping),cache-compromised.bnsdq.ozxfs.vcwss-vmdrv.kvugl,2.1101482799930262,0
1759280290,194709,1,0,0,0,0,0,0,0,0,1264357376,1264357376,15085568,N/A,135168,45563904,4,discern-proc-so,S (sleeping),cache-compromised.bnsdq.ozxfs.vcwss-vmdrv.kvugl,8.436594179031166,0
1759280290,194666,1,0,0,0,0,0,0,0,0,1264586752,1264586752,20701184,N/A,135168,50020352,4,discern-file-so,D (disk sleep),cache-compromised.bnsdq.ozxfs.vcwss-vmdrv.kvugl,10.26396382846947,0
1759280301,380,1,103,103,103,103,109,109,109,109,38969344,38969344,33394688,N/A,135168,31240192,1,dbus-daemon,S (sleeping),cache-compromised.bnsdq.ozxfs.vcwss-vmdrv.kvugl,0.2050804612454787,0
1759280301,194862,1,0,0,0,0,0,0,0,0,1954725888,1921449984,25808896,N/A,135168,152514560,13,discern-network,S (sleeping),cache-compromised.bnsdq.ozxfs.vcwss-vmdrv.kvugl,1.6772211031924154,0
1759280301,194868,1,0,0,0,0,0,0,0,0,1505095680,1505095680,20762624,N/A,135168,73678848,4,discern-interfa,S (sleeping),cache-compromised.bnsdq.ozxfs.vcwss-vmdrv.kvugl,0.838402187196797,0
1759280301,194898,1,0,0,0,0,0,0,0,0,1264357376,1264357376,15425536,N/A,135168,45563904,4,discern-proc-so,S (sleeping),cache-compromised.bnsdq.ozxfs.vcwss-vmdrv.kvugl,6.704955156639704,0
1759280301,194857,1,0,0,0,0,0,0,0,0,1264324608,1264324608,21114880,N/A,135168,49758208,4,discern-file-so,D (disk sleep),cache-compromised.bnsdq.ozxfs.vcwss-vmdrv.kvugl,14.244720100018917,0
1759280311,380,1,103,103,103,103,109,109,109,109,38969344,38969344,33394688,N/A,135168,31240192,1,dbus-daemon,S (sleeping),cache-compromised.bnsdq.ozxfs.vcwss-vmdrv.kvugl,0.20507249993575002,0
1759280311,195070,1,0,0,0,0,0,0,0,0,1954725888,1937973248,25047040,N/A,135168,169029632,15,discern-network,S (sleeping),cache-compromised.bnsdq.ozxfs.vcwss-vmdrv.kvugl,2.152104273756272,0
1759280311,195050,1,0,0,0,0,0,0,0,0,1264324608,1264324608,21438464,N/A,135168,49758208,4,discern-file-so,D (disk sleep),cache-compromised.bnsdq.ozxfs.vcwss-vmdrv.kvugl,10.758035841278565,0
1759280311,195083,1,0,0,0,0,0,0,0,0,1264357376,1264357376,15474688,N/A,135168,45563904,4,discern-proc-so,R (running),cache-compromised.bnsdq.ozxfs.vcwss-vmdrv.kvugl,6.4520532385151075,0
1759280311,195063,1,0,0,0,0,0,0,0,0,1262841856,1262841856,10842112,N/A,135168,40185856,4,discern-cpu-sor,S (sleeping),cache-compromised.bnsdq.ozxfs.vcwss-vmdrv.kvugl,0.0,0
1759280321,380,1,103,103,103,103,109,109,109,109,38969344,38969344,33394688,N/A,135168,31240192,1,dbus-daemon,S (sleeping),cache-compromised.bnsdq.ozxfs.vcwss-vmdrv.kvugl,0.20506322254795825,0
1759280321,195253,1,0,0,0,0,0,0,0,0,1921449984,1921449984,28213248,N/A,135168,152514560,13,discern-network,S (sleeping),cache-compromised.bnsdq.ozxfs.vcwss-vmdrv.kvugl,0.5984986883045392,0
1759280321,195290,1,0,0,0,0,0,0,0,0,1647706112,1580597248,20496384,N/A,135168,82202624,5,discern-interfa,S (sleeping),cache-compromised.bnsdq.ozxfs.vcwss-vmdrv.kvugl,0.5983918686472546,0
1759280321,195277,1,0,0,0,0,0,0,0,0,1264357376,1264357376,15863808,N/A,135168,45563904,4,discern-proc-so,S (sleeping),cache-compromised.bnsdq.ozxfs.vcwss-vmdrv.kvugl,5.384727572883084,0
1759280321,195263,1,0,0,0,0,0,0,0,0,1264062464,1264062464,20389888,N/A,135168,49496064,4,discern-file-so,R (running),cache-compromised.bnsdq.ozxfs.vcwss-vmdrv.kvugl,6.580028299421603,0
1759280331,380,1,103,103,103,103,109,109,109,109,38969344,38969344,33394688,N/A,135168,31240192,1,dbus-daemon,S (sleeping),cache-compromised.bnsdq.ozxfs.vcwss-vmdrv.kvugl,0.2050555071976751,0
1759280331,195471,1,0,0,0,0,0,0,0,0,1954725888,1929580544,25604096,N/A,135168,160641024,14,discern-network,S (sleeping),cache-compromised.bnsdq.ozxfs.vcwss-vmdrv.kvugl,0.0,0
1759280331,195465,1,0,0,0,0,0,0,0,0,1264062464,1264062464,20475904,N/A,135168,49496064,4,discern-file-so,R (running),cache-compromised.bnsdq.ozxfs.vcwss-vmdrv.kvugl,5.911793244748104,0
1759280331,195473,1,0,0,0,0,0,0,0,0,1264357376,1264357376,15409152,N/A,135168,45563904,4,discern-proc-so,S (sleeping),cache-compromised.bnsdq.ozxfs.vcwss-vmdrv.kvugl,9.291721889983155,0
1759280331,195453,1,0,0,0,0,0,0,0,0,1263157248,1263157248,10170368,N/A,135168,40206336,4,discern-os-sorc,S (sleeping),cache-compromised.bnsdq.ozxfs.vcwss-vmdrv.kvugl,0.0,0
1759280342,380,1,103,103,103,103,109,109,109,109,38969344,38969344,33394688,N/A,135168,31240192,1,dbus-daemon,S (sleeping),cache-compromised.bnsdq.ozxfs.vcwss-vmdrv.kvugl,0.20504555872927807,0
1759280342,195675,1,0,0,0,0,0,0,0,0,1505095680,1505095680,22532096,N/A,135168,73678848,4,discern-interfa,S (sleeping),cache-compromised.bnsdq.ozxfs.vcwss-vmdrv.kvugl,0.0,0
1759280342,195668,1,0,0,0,0,0,0,0,0,1264062464,1264062464,20844544,N/A,135168,49496064,4,discern-file-so,S (sleeping),cache-compromised.bnsdq.ozxfs.vcwss-vmdrv.kvugl,7.646011634271551,0
1759280342,195653,1,0,0,0,0,0,0,0,0,1264357376,1264357376,15589376,N/A,135168,45563904,4,discern-proc-so,R (running),cache-compromised.bnsdq.ozxfs.vcwss-vmdrv.kvugl,8.493877232340534,0
1759280342,195672,1,0,0,0,0,0,0,0,0,1263157248,1263157248,10383360,N/A,135168,40206336,3,discern-os-sorc,S (sleeping),cache-compromised.bnsdq.ozxfs.vcwss-vmdrv.kvugl,0.0,0
1759280352,380,1,103,103,103,103,109,109,109,109,38969344,38969344,33394688,N/A,135168,31240192,1,dbus-daemon,S (sleeping),cache-compromised.bnsdq.ozxfs.vcwss-vmdrv.kvugl,0.20503552828941018,0
1759280352,195818,1,0,0,0,0,0,0,0,0,1647706112,1580597248,28172288,N/A,135168,82202624,5,discern-interfa,S (sleeping),cache-compromised.bnsdq.ozxfs.vcwss-vmdrv.kvugl,2.0010022166342174,0
1759280352,195856,1,0,0,0,0,0,0,0,0,1953267712,1921187840,21884928,N/A,135168,152252416,13,discern-network,S (sleeping),cache-compromised.bnsdq.ozxfs.vcwss-vmdrv.kvugl,2.000554006752577,0
1759280352,195824,1,0,0,0,0,0,0,0,0,1264324608,1264324608,21204992,N/A,135168,49758208,4,discern-file-so,R (running),cache-compromised.bnsdq.ozxfs.vcwss-vmdrv.kvugl,8.666270802971415,0
1759280352,195853,1,0,0,0,0,0,0,0,0,1264357376,1264357376,15032320,N/A,135168,45563904,4,discern-proc-so,S (sleeping),cache-compromised.bnsdq.ozxfs.vcwss-vmdrv.kvugl,7.331247090123893,0
1759280377,380,1,103,103,103,103,109,109,109,109,38969344,38969344,33394688,N/A,135168,31240192,1,dbus-daemon,S (sleeping),cache-compromised.bnsdq.ozxfs.vcwss-vmdrv.kvugl,0.2048480284500199,0
1759280377,196289,1,0,0,0,0,0,0,0,0,1647706112,1580597248,21061632,N/A,135168,82202624,5,discern-interfa,S (sleeping),cache-compromised.bnsdq.ozxfs.vcwss-vmdrv.kvugl,0.2950869988673072,0
1759280377,196269,1,0,0,0,0,0,0,0,0,1647833088,1580724224,20656128,N/A,135168,82206720,5,discern-network,S (sleeping),cache-compromised.bnsdq.ozxfs.vcwss-vmdrv.kvugl,0.14753700066866365,0
1759280377,196285,1,0,0,0,0,0,0,0,0,1332027392,1332027392,103858176,N/A,135168,159404032,4,discern-file-so,R (running),cache-compromised.bnsdq.ozxfs.vcwss-vmdrv.kvugl,70.96209610431286,0
1759280377,196280,1,0,0,0,0,0,0,0,0,1264619520,1264619520,16289792,N/A,135168,45826048,4,discern-proc-so,S (sleeping),cache-compromised.bnsdq.ozxfs.vcwss-vmdrv.kvugl,2.0653344653337125,0
1759280383,380,1,103,103,103,103,109,109,109,109,38969344,38969344,33394688,N/A,135168,31240192,1,dbus-daemon,S (sleeping),cache-compromised.bnsdq.ozxfs.vcwss-vmdrv.kvugl,0.20475416464191462,0
1759280383,196285,1,0,0,0,0,0,0,0,0,1601003520,1601003520,192098304,N/A,135168,336105472,4,discern-file-so,S (sleeping),cache-compromised.bnsdq.ozxfs.vcwss-vmdrv.kvugl,80.39482824609642,0
1759280383,196269,1,0,0,0,0,0,0,0,0,1954725888,1938235392,20656128,N/A,135168,169291776,15,discern-network,S (sleeping),cache-compromised.bnsdq.ozxfs.vcwss-vmdrv.kvugl,0.2476136487783938,0
1759280383,196289,1,0,0,0,0,0,0,0,0,1647706112,1580597248,21061632,N/A,135168,82202624,5,discern-interfa,S (sleeping),cache-compromised.bnsdq.ozxfs.vcwss-vmdrv.kvugl,0.16505922961503183,0
1759280383,196280,1,0,0,0,0,0,0,0,0,1264619520,1264619520,16289792,N/A,135168,45826048,4,discern-proc-so,S (sleeping),cache-compromised.bnsdq.ozxfs.vcwss-vmdrv.kvugl,2.5583259210949545,0
1759280388,196285,1,0,0,0,0,0,0,0,0,1601003520,1601003520,192098304,N/A,135168,336105472,4,discern-file-so,S (sleeping),cache-compromised.bnsdq.ozxfs.vcwss-vmdrv.kvugl,76.95532981945861,0
1759280388,380,1,103,103,103,103,109,109,109,109,38969344,38969344,33394688,N/A,135168,31240192,1,dbus-daemon,S (sleeping),cache-compromised.bnsdq.ozxfs.vcwss-vmdrv.kvugl,0.2046599305499326,0
1759280388,196269,1,0,0,0,0,0,0,0,0,1954725888,1938235392,20656128,N/A,135168,173486080,15,discern-network,S (sleeping),cache-compromised.bnsdq.ozxfs.vcwss-vmdrv.kvugl,0.22885457570433212,0
1759280388,196289,1,0,0,0,0,0,0,0,0,1647706112,1580597248,21061632,N/A,135168,82202624,5,discern-interfa,S (sleeping),cache-compromised.bnsdq.ozxfs.vcwss-vmdrv.kvugl,0.1144230787340422,0
1759280388,196280,1,0,0,0,0,0,0,0,0,1264619520,1264619520,16289792,N/A,135168,45826048,4,discern-proc-so,R (running),cache-compromised.bnsdq.ozxfs.vcwss-vmdrv.kvugl,2.8605118786220696,0
1759280393,196285,1,0,0,0,0,0,0,0,0,1601462272,1601462272,192098304,N/A,135168,336564224,4,discern-file-so,R (running),cache-compromised.bnsdq.ozxfs.vcwss-vmdrv.kvugl,75.94865789373601,0
1759280393,380,1,103,103,103,103,109,109,109,109,38969344,38969344,33394688,N/A,135168,31240192,1,dbus-daemon,S (sleeping),cache-compromised.bnsdq.ozxfs.vcwss-vmdrv.kvugl,0.20465426895368072,0
1759280393,196269,1,0,0,0,0,0,0,0,0,1954725888,1938825216,23187456,N/A,135168,174075904,15,discern-network,S (sleeping),cache-compromised.bnsdq.ozxfs.vcwss-vmdrv.kvugl,0.2644689370171179,0
1759280393,196289,1,0,0,0,0,0,0,0,0,1647706112,1580597248,21061632,N/A,135168,82202624,5,discern-interfa,S (sleeping),cache-compromised.bnsdq.ozxfs.vcwss-vmdrv.kvugl,0.08815519140645443,0
1759280393,196280,1,0,0,0,0,0,0,0,0,1264619520,1264619520,16289792,N/A,135168,45826048,4,discern-proc-so,R (running),cache-compromised.bnsdq.ozxfs.vcwss-vmdrv.kvugl,2.600547957008236,0
1759280399,196285,1,0,0,0,0,0,0,0,0,1601724416,1601724416,192098304,N/A,135168,336826368,4,discern-file-so,S (sleeping),cache-compromised.bnsdq.ozxfs.vcwss-vmdrv.kvugl,74.44977717553049,0
1759280399,380,1,103,103,103,103,109,109,109,109,38969344,38969344,33394688,N/A,135168,31240192,1,dbus-daemon,S (sleeping),cache-compromised.bnsdq.ozxfs.vcwss-vmdrv.kvugl,0.20464596773566873,0
1759280399,196269,1,0,0,0,0,0,0,0,0,1954725888,1939087360,23187456,N/A,135168,174338048,15,discern-network,S (sleeping),cache-compromised.bnsdq.ozxfs.vcwss-vmdrv.kvugl,0.320896581797791,0
1759280399,196289,1,0,0,0,0,0,0,0,0,1647706112,1580597248,21061632,N/A,135168,82202624,5,discern-interfa,S (sleeping),cache-compromised.bnsdq.ozxfs.vcwss-vmdrv.kvugl,0.07130917742100507,0
1759280399,196280,1,0,0,0,0,0,0,0,0,1264619520,1264619520,16289792,N/A,135168,45826048,4,discern-proc-so,S (sleeping),cache-compromised.bnsdq.ozxfs.vcwss-vmdrv.kvugl,2.7452907417918917,0
1759280404,196285,1,0,0,0,0,0,0,0,0,1601724416,1601724416,226861056,N/A,135168,336826368,4,discern-file-so,S (sleeping),cache-compromised.bnsdq.ozxfs.vcwss-vmdrv.kvugl,74.33285974578118,0
1759280404,380,1,103,103,103,103,109,109,109,109,38969344,38969344,33394688,N/A,135168,31240192,1,dbus-daemon,S (sleeping),cache-compromised.bnsdq.ozxfs.vcwss-vmdrv.kvugl,0.20455200441552257,0
1759280404,196269,1,0,0,0,0,0,0,0,0,1954725888,1939087360,23187456,N/A,135168,174338048,15,discern-network,S (sleeping),cache-compromised.bnsdq.ozxfs.vcwss-vmdrv.kvugl,0.29936174886078015,0
1759280404,196289,1,0,0,0,0,0,0,0,0,1647706112,1580597248,21061632,N/A,135168,82202624,5,discern-interfa,S (sleeping),cache-compromised.bnsdq.ozxfs.vcwss-vmdrv.kvugl,0.0598717846587699,0
1759280404,196280,1,0,0,0,0,0,0,0,0,1264619520,1264619520,16289792,N/A,135168,45826048,4,discern-proc-so,R (running),cache-compromised.bnsdq.ozxfs.vcwss-vmdrv.kvugl,2.8139490308359507,0
1759280409,380,1,103,103,103,103,109,109,109,109,38969344,38969344,33394688,N/A,135168,31240192,1,dbus-daemon,S (sleeping),cache-compromised.bnsdq.ozxfs.vcwss-vmdrv.kvugl,0.20446189188277888,0
1759280409,196269,1,0,0,0,0,0,0,0,0,1954725888,1939087360,23187456,N/A,135168,174338048,15,discern-network,S (sleeping),cache-compromised.bnsdq.ozxfs.vcwss-vmdrv.kvugl,0.28536398287294423,0
1759280409,196289,1,0,0,0,0,0,0,0,0,1647706112,1580597248,21061632,N/A,135168,82202624,5,discern-interfa,S (sleeping),cache-compromised.bnsdq.ozxfs.vcwss-vmdrv.kvugl,0.05188416586147552,0
1759280409,196280,1,0,0,0,0,0,0,0,0,1264619520,1264619520,16289792,N/A,135168,45826048,4,discern-proc-so,S (sleeping),cache-compromised.bnsdq.ozxfs.vcwss-vmdrv.kvugl,2.7498539450228536,0
1759280409,181,1,0,0,0,0,0,0,0,0,154447872,108306432,38170624,4096,135168,28073984,1,systemd-journal,S (sleeping),cache-compromised.bnsdq.ozxfs.vcwss-vmdrv.kvugl,0.23467850019397338,0
1759280414,380,1,103,103,103,103,109,109,109,109,38969344,38969344,33394688,N/A,135168,31240192,1,dbus-daemon,S (sleeping),cache-compromised.bnsdq.ozxfs.vcwss-vmdrv.kvugl,0.20462857432765938,0
1759280414,196269,1,0,0,0,0,0,0,0,0,1954725888,1939087360,23187456,N/A,135168,178532352,15,discern-network,S (sleeping),cache-compromised.bnsdq.ozxfs.vcwss-vmdrv.kvugl,0.2974924496117652,0
1759280414,196289,1,0,0,0,0,0,0,0,0,1647706112,1580597248,21061632,N/A,135168,82202624,5,discern-interfa,S (sleeping),cache-compromised.bnsdq.ozxfs.vcwss-vmdrv.kvugl,0.04576790523599958,0
1759280414,196280,1,0,0,0,0,0,0,0,0,1264619520,1264619520,16289792,N/A,135168,45826048,4,discern-proc-so,S (sleeping),cache-compromised.bnsdq.ozxfs.vcwss-vmdrv.kvugl,2.700298671635395,0
1759280414,181,1,0,0,0,0,0,0,0,0,154447872,108306432,38170624,4096,135168,28073984,1,systemd-journal,S (sleeping),cache-compromised.bnsdq.ozxfs.vcwss-vmdrv.kvugl,0.23466061413187048,0
1759280419,380,1,103,103,103,103,109,109,109,109,38969344,38969344,33394688,N/A,135168,31240192,1,dbus-daemon,S (sleeping),cache-compromised.bnsdq.ozxfs.vcwss-vmdrv.kvugl,0.20453822907626903,0
1759280419,196269,1,0,0,0,0,0,0,0,0,1954725888,1939415040,23187456,N/A,135168,178860032,15,discern-network,S (sleeping),cache-compromised.bnsdq.ozxfs.vcwss-vmdrv.kvugl,0.34795197800402267,0
1759280419,196289,1,0,0,0,0,0,0,0,0,1647706112,1580597248,21061632,N/A,135168,82202624,5,discern-interfa,S (sleeping),cache-compromised.bnsdq.ozxfs.vcwss-vmdrv.kvugl,0.04093542940473028,0
1759280419,196280,1,0,0,0,0,0,0,0,0,1264619520,1264619520,16289792,N/A,135168,45826048,4,discern-proc-so,R (running),cache-compromised.bnsdq.ozxfs.vcwss-vmdrv.kvugl,2.7222001598644785,0
1759280419,181,1,0,0,0,0,0,0,0,0,154447872,108306432,38170624,4096,135168,28073984,1,systemd-journal,S (sleeping),cache-compromised.bnsdq.ozxfs.vcwss-vmdrv.kvugl,0.23455702445058177,0
1759280425,380,1,103,103,103,103,109,109,109,109,38969344,38969344,33394688,N/A,135168,31240192,1,dbus-daemon,S (sleeping),cache-compromised.bnsdq.ozxfs.vcwss-vmdrv.kvugl,0.2044480126470887,0
1759280425,196269,1,0,0,0,0,0,0,0,0,1954725888,1939677184,23187456,N/A,135168,179122176,15,discern-network,S (sleeping),cache-compromised.bnsdq.ozxfs.vcwss-vmdrv.kvugl,0.35176416634087687,0
1759280425,196289,1,0,0,0,0,0,0,0,0,1647706112,1580597248,21061632,N/A,135168,82202624,5,discern-interfa,S (sleeping),cache-compromised.bnsdq.ozxfs.vcwss-vmdrv.kvugl,0.03702774222758543,0
1759280425,196280,1,0,0,0,0,0,0,0,0,1264619520,1264619520,16289792,N/A,135168,45826048,4,discern-proc-so,R (running),cache-compromised.bnsdq.ozxfs.vcwss-vmdrv.kvugl,2.7215338603286345,0
1759280425,181,1,0,0,0,0,0,0,0,0,154447872,108306432,38170624,4096,135168,28073984,1,systemd-journal,S (sleeping),cache-compromised.bnsdq.ozxfs.vcwss-vmdrv.kvugl,0.23445357757420054,0
1759280430,380,1,103,103,103,103,109,109,109,109,38969344,38969344,33394688,N/A,135168,31240192,1,dbus-daemon,S (sleeping),cache-compromised.bnsdq.ozxfs.vcwss-vmdrv.kvugl,0.20452908740891898,0
1759280430,196269,1,0,0,0,0,0,0,0,0,1954725888,1939677184,23187456,N/A,135168,179122176,15,discern-network,S (sleeping),cache-compromised.bnsdq.ozxfs.vcwss-vmdrv.kvugl,0.3718845312770858,0
1759280430,196289,1,0,0,0,0,0,0,0,0,1647706112,1580597248,21061632,N/A,135168,82202624,5,discern-interfa,S (sleeping),cache-compromised.bnsdq.ozxfs.vcwss-vmdrv.kvugl,0.03380762356361838,0
1759280430,196280,1,0,0,0,0,0,0,0,0,1264619520,1264619520,16289792,N/A,135168,45826048,4,discern-proc-so,R (running),cache-compromised.bnsdq.ozxfs.vcwss-vmdrv.kvugl,2.704603459729442,0
1759280430,181,1,0,0,0,0,0,0,0,0,154447872,108306432,38170624,4096,135168,28073984,1,systemd-journal,S (sleeping),cache-compromised.bnsdq.ozxfs.vcwss-vmdrv.kvugl,0.2345214455806706,0
1759280435,380,1,103,103,103,103,109,109,109,109,38969344,38969344,33394688,N/A,135168,31240192,1,dbus-daemon,S (sleeping),cache-compromised.bnsdq.ozxfs.vcwss-vmdrv.kvugl,0.20452440767368574,0
1759280435,196269,1,0,0,0,0,0,0,0,0,1954725888,1939677184,23625728,N/A,135168,179122176,15,discern-network,S (sleeping),cache-compromised.bnsdq.ozxfs.vcwss-vmdrv.kvugl,0.3887110642009222,0
1759280435,196289,1,0,0,0,0,0,0,0,0,1647706112,1580597248,21061632,N/A,135168,82202624,5,discern-interfa,S (sleeping),cache-compromised.bnsdq.ozxfs.vcwss-vmdrv.kvugl,0.031096788781421154,0
1759280435,196280,1,0,0,0,0,0,0,0,0,1264619520,1264619520,16289792,N/A,135168,45826048,4,discern-proc-so,R (running),cache-compromised.bnsdq.ozxfs.vcwss-vmdrv.kvugl,2.70541105323253,0
1759280435,181,1,0,0,0,0,0,0,0,0,154447872,108306432,38170624,4096,135168,28073984,1,systemd-journal,S (sleeping),cache-compromised.bnsdq.ozxfs.vcwss-vmdrv.kvugl,0.2344180835873155,0
1759280440,380,1,103,103,103,103,109,109,109,109,38969344,38969344,33394688,N/A,135168,31240192,1,dbus-daemon,S (sleeping),cache-compromised.bnsdq.ozxfs.vcwss-vmdrv.kvugl,0.20443432371348308,0
1759280440,196269,1,0,0,0,0,0,0,0,0,1954725888,1939677184,23625728,N/A,135168,179122176,15,discern-network,S (sleeping),cache-compromised.bnsdq.ozxfs.vcwss-vmdrv.kvugl,0.4030466531255648,0
1759280440,196289,1,0,0,0,0,0,0,0,0,1647706112,1580597248,21061632,N/A,135168,82202624,5,discern-interfa,S (sleeping),cache-compromised.bnsdq.ozxfs.vcwss-vmdrv.kvugl,0.02878900758927232,0
1759280440,196280,1,0,0,0,0,0,0,0,0,1264619520,1264619520,16289792,N/A,135168,45826048,4,discern-proc-so,R (running),cache-compromised.bnsdq.ozxfs.vcwss-vmdrv.kvugl,2.706162493830894,0
1759280440,181,1,0,0,0,0,0,0,0,0,154447872,108306432,38170624,4096,135168,28073984,1,systemd-journal,S (sleeping),cache-compromised.bnsdq.ozxfs.vcwss-vmdrv.kvugl,0.23431484701684038,0
1759280445,380,1,103,103,103,103,109,109,109,109,38969344,38969344,33394688,N/A,135168,31240192,1,dbus-daemon,S (sleeping),cache-compromised.bnsdq.ozxfs.vcwss-vmdrv.kvugl,0.20434427243928452,0
1759280445,196269,1,0,0,0,0,0,0,0,0,1954725888,1939677184,23826432,N/A,135168,179122176,15,discern-network,S (sleeping),cache-compromised.bnsdq.ozxfs.vcwss-vmdrv.kvugl,0.40198691529423064,0
1759280445,196289,1,0,0,0,0,0,0,0,0,1647706112,1580597248,21061632,N/A,135168,82202624,5,discern-interfa,S (sleeping),cache-compromised.bnsdq.ozxfs.vcwss-vmdrv.kvugl,0.02679909240113529,0
1759280445,196280,1,0,0,0,0,0,0,0,0,1264619520,1264619520,16289792,N/A,135168,45826048,4,discern-proc-so,S (sleeping),cache-compromised.bnsdq.ozxfs.vcwss-vmdrv.kvugl,2.706704821640068,0
1759280445,181,1,0,0,0,0,0,0,0,0,154447872,108306432,38170624,4096,135168,28073984,1,systemd-journal,S (sleeping),cache-compromised.bnsdq.ozxfs.vcwss-vmdrv.kvugl,0.23421164233549566,0
1759280450,380,1,103,103,103,103,109,109,109,109,38969344,38969344,33394688,N/A,135168,31240192,1,dbus-daemon,S (sleeping),cache-compromised.bnsdq.ozxfs.vcwss-vmdrv.kvugl,0.20433987422658015,0
1759280450,196269,1,0,0,0,0,0,0,0,0,1954725888,1939677184,23826432,N/A,135168,179122176,15,discern-network,S (sleeping),cache-compromised.bnsdq.ozxfs.vcwss-vmdrv.kvugl,0.41366241541593435,0
1759280450,196289,1,0,0,0,0,0,0,0,0,1647706112,1580597248,21061632,N/A,135168,82202624,5,discern-interfa,S (sleeping),cache-compromised.bnsdq.ozxfs.vcwss-vmdrv.kvugl,0.025070415214102713,0
1759280450,181,1,0,0,0,0,0,0,0,0,154447872,108306432,38170624,4096,135168,28073984,1,systemd-journal,S (sleeping),cache-compromised.bnsdq.ozxfs.vcwss-vmdrv.kvugl,0.2342794746172341,0
1759280450,196280,1,0,0,0,0,0,0,0,0,1264619520,1264619520,16289792,N/A,135168,45826048,4,discern-proc-so,S (sleeping),cache-compromised.bnsdq.ozxfs.vcwss-vmdrv.kvugl,2.6950568946937112,0
1759280455,380,1,103,103,103,103,109,109,109,109,38969344,38969344,33394688,N/A,135168,31240192,1,dbus-daemon,S (sleeping),cache-compromised.bnsdq.ozxfs.vcwss-vmdrv.kvugl,0.20433523606436463,0
1759280455,196269,1,0,0,0,0,0,0,0,0,1954725888,1939677184,23826432,N/A,135168,179122176,15,discern-network,S (sleeping),cache-compromised.bnsdq.ozxfs.vcwss-vmdrv.kvugl,0.43562723418237403,0
1759280455,196289,1,0,0,0,0,0,0,0,0,1647706112,1580597248,21061632,N/A,135168,82202624,5,discern-interfa,S (sleeping),cache-compromised.bnsdq.ozxfs.vcwss-vmdrv.kvugl,0.02354739161464853,0
1759280455,181,1,0,0,0,0,0,0,0,0,154447872,108306432,38170624,4096,135168,28073984,1,systemd-journal,S (sleeping),cache-compromised.bnsdq.ozxfs.vcwss-vmdrv.kvugl,0.2341763500997147,0
1759280455,196280,1,0,0,0,0,0,0,0,0,1264619520,1264619520,16289792,N/A,135168,45826048,4,discern-proc-so,R (running),cache-compromised.bnsdq.ozxfs.vcwss-vmdrv.kvugl,2.696170279873668,0
1759280461,380,1,103,103,103,103,109,109,109,109,38969344,38969344,33394688,N/A,135168,31240192,1,dbus-daemon,S (sleeping),cache-compromised.bnsdq.ozxfs.vcwss-vmdrv.kvugl,0.204245243195251,0
1759280461,196269,1,0,0,0,0,0,0,0,0,1954725888,1939677184,23826432,N/A,135168,179122176,15,discern-network,S (sleeping),cache-compromised.bnsdq.ozxfs.vcwss-vmdrv.kvugl,0.4217562764787372,0
1759280461,196289,1,0,0,0,0,0,0,0,0,1647706112,1580597248,21061632,N/A,135168,82202624,5,discern-interfa,S (sleeping),cache-compromised.bnsdq.ozxfs.vcwss-vmdrv.kvugl,0.022197674950015955,0
1759280461,181,1,0,0,0,0,0,0,0,0,154447872,108306432,38170624,4096,135168,28073984,1,systemd-journal,S (sleeping),cache-compromised.bnsdq.ozxfs.vcwss-vmdrv.kvugl,0.23407322259005253,0
1759280461,196280,1,0,0,0,0,0,0,0,0,1264619520,1264619520,16289792,N/A,135168,45826048,4,discern-proc-so,R (running),cache-compromised.bnsdq.ozxfs.vcwss-vmdrv.kvugl,2.674813939047558,0
1759280466,380,1,103,103,103,103,109,109,109,109,38969344,38969344,33394688,N/A,135168,31240192,1,dbus-daemon,S (sleeping),cache-compromised.bnsdq.ozxfs.vcwss-vmdrv.kvugl,0.20415545948011296,0
1759280466,196269,1,0,0,0,0,0,0,0,0,1954725888,1939677184,23826432,N/A,135168,179122176,15,discern-network,S (sleeping),cache-compromised.bnsdq.ozxfs.vcwss-vmdrv.kvugl,0.4199196785617321,0
1759280466,196289,1,0,0,0,0,0,0,0,0,1647706112,1580597248,21061632,N/A,135168,82202624,5,discern-interfa,S (sleeping),cache-compromised.bnsdq.ozxfs.vcwss-vmdrv.kvugl,0.020995962836091446,0
1759280466,181,1,0,0,0,0,0,0,0,0,154447872,108306432,38170624,4096,135168,28073984,1,systemd-journal,S (sleeping),cache-compromised.bnsdq.ozxfs.vcwss-vmdrv.kvugl,0.23397033632626793,0
1759280466,196280,1,0,0,0,0,0,0,0,0,1264619520,1264619520,16289792,N/A,135168,45826048,4,discern-proc-so,S (sleeping),cache-compromised.bnsdq.ozxfs.vcwss-vmdrv.kvugl,2.6769799205639684,0
1759280471,380,1,103,103,103,103,109,109,109,109,38969344,38969344,33394688,N/A,135168,31240192,1,dbus-daemon,S (sleeping),cache-compromised.bnsdq.ozxfs.vcwss-vmdrv.kvugl,0.20432181709320404,0
1759280471,196269,1,0,0,0,0,0,0,0,0,1954725888,1939677184,23826432,N/A,135168,179122176,15,discern-network,S (sleeping),cache-compromised.bnsdq.ozxfs.vcwss-vmdrv.kvugl,0.4383015548350457,0
1759280471,196289,1,0,0,0,0,0,0,0,0,1647706112,1580597248,21061632,N/A,135168,82202624,5,discern-interfa,S (sleeping),cache-compromised.bnsdq.ozxfs.vcwss-vmdrv.kvugl,0.019922777813011598,0
1759280471,181,1,0,0,0,0,0,0,0,0,154447872,108306432,38170624,4096,135168,28073984,1,systemd-journal,S (sleeping),cache-compromised.bnsdq.ozxfs.vcwss-vmdrv.kvugl,0.23403844751264005,0
1759280471,196280,1,0,0,0,0,0,0,0,0,1264619520,1264619520,16289792,N/A,135168,45826048,4,discern-proc-so,R (running),cache-compromised.bnsdq.ozxfs.vcwss-vmdrv.kvugl,2.6397625054412828,0
1759280476,380,1,103,103,103,103,109,109,109,109,38969344,38969344,33394688,N/A,135168,31240192,1,dbus-daemon,S (sleeping),cache-compromised.bnsdq.ozxfs.vcwss-vmdrv.kvugl,0.20423229860943282,0
1759280476,196269,1,0,0,0,0,0,0,0,0,1954725888,1939677184,23826432,N/A,135168,179122176,15,discern-network,S (sleeping),cache-compromised.bnsdq.ozxfs.vcwss-vmdrv.kvugl,0.435887735479262,0
1759280476,196289,1,0,0,0,0,0,0,0,0,1647706112,1580597248,21061632,N/A,135168,82202624,5,discern-interfa,S (sleeping),cache-compromised.bnsdq.ozxfs.vcwss-vmdrv.kvugl,0.0189516234904089,0
1759280476,181,1,0,0,0,0,0,0,0,0,154447872,108306432,38170624,4096,135168,28073984,1,systemd-journal,S (sleeping),cache-compromised.bnsdq.ozxfs.vcwss-vmdrv.kvugl,0.23393591871798836,0
1759280476,196280,1,0,0,0,0,0,0,0,0,1264619520,1264619520,16289792,N/A,135168,45826048,4,discern-proc-so,S (sleeping),cache-compromised.bnsdq.ozxfs.vcwss-vmdrv.kvugl,2.634270945054683,0
1759280481,380,1,103,103,103,103,109,109,109,109,38969344,38969344,33394688,N/A,135168,31240192,1,dbus-daemon,S (sleeping),cache-compromised.bnsdq.ozxfs.vcwss-vmdrv.kvugl,0.20414260389991495,0
1759280481,196269,1,0,0,0,0,0,0,0,0,1954725888,1939677184,23826432,N/A,135168,179122176,15,discern-network,S (sleeping),cache-compromised.bnsdq.ozxfs.vcwss-vmdrv.kvugl,0.4336408670703393,0
1759280481,181,1,0,0,0,0,0,0,0,0,154447872,108306432,38170624,4096,135168,28073984,1,systemd-journal,S (sleeping),cache-compromised.bnsdq.ozxfs.vcwss-vmdrv.kvugl,0.23383318929142388,0
1759280481,196289,1,0,0,0,0,0,0,0,0,1647706112,1580597248,21061632,N/A,135168,82202624,5,discern-interfa,S (sleeping),cache-compromised.bnsdq.ozxfs.vcwss-vmdrv.kvugl,0.018068338044845058,0
1759280481,196280,1,0,0,0,0,0,0,0,0,1264619520,1264619520,16289792,N/A,135168,45826048,4,discern-proc-so,S (sleeping),cache-compromised.bnsdq.ozxfs.vcwss-vmdrv.kvugl,2.6379751362490604,0
1759280486,380,1,103,103,103,103,109,109,109,109,38969344,38969344,33394688,N/A,135168,31240192,1,dbus-daemon,S (sleeping),cache-compromised.bnsdq.ozxfs.vcwss-vmdrv.kvugl,0.20422324642615672,0
1759280486,196269,1,0,0,0,0,0,0,0,0,1954725888,1939677184,23826432,N/A,135168,179122176,15,discern-network,S (sleeping),cache-compromised.bnsdq.ozxfs.vcwss-vmdrv.kvugl,0.44024187967755585,0
1759280486,181,1,0,0,0,0,0,0,0,0,154447872,108306432,38170624,4096,135168,28073984,1,systemd-journal,S (sleeping),cache-compromised.bnsdq.ozxfs.vcwss-vmdrv.kvugl,0.23381571701097228,0
1759280486,196289,1,0,0,0,0,0,0,0,0,1647706112,1580597248,21061632,N/A,135168,82202624,5,discern-interfa,S (sleeping),cache-compromised.bnsdq.ozxfs.vcwss-vmdrv.kvugl,0.017264357520260766,0
1759280486,196280,1,0,0,0,0,0,0,0,0,1264619520,1264619520,16289792,N/A,135168,45826048,4,discern-proc-so,S (sleeping),cache-compromised.bnsdq.ozxfs.vcwss-vmdrv.kvugl,2.6414442655907497,0
1759280492,380,1,103,103,103,103,109,109,109,109,38969344,38969344,33394688,N/A,135168,31240192,1,dbus-daemon,S (sleeping),cache-compromised.bnsdq.ozxfs.vcwss-vmdrv.kvugl,0.20430380329252185,0
1759280492,196269,1,0,0,0,0,0,0,0,0,1954725888,1939677184,23826432,N/A,135168,179122176,15,discern-network,S (sleeping),cache-compromised.bnsdq.ozxfs.vcwss-vmdrv.kvugl,0.44627729343191824,0
1759280492,181,1,0,0,0,0,0,0,0,0,154447872,108306432,38170624,4096,135168,28073984,1,systemd-journal,S (sleeping),cache-compromised.bnsdq.ozxfs.vcwss-vmdrv.kvugl,0.23388329161369845,0
1759280492,196289,1,0,0,0,0,0,0,0,0,1647706112,1580597248,21061632,N/A,135168,82202624,5,discern-interfa,S (sleeping),cache-compromised.bnsdq.ozxfs.vcwss-vmdrv.kvugl,0.016528762467152423,0
1759280492,196280,1,0,0,0,0,0,0,0,0,1264619520,1264619520,16289792,N/A,135168,45826048,4,discern-proc-so,S (sleeping),cache-compromised.bnsdq.ozxfs.vcwss-vmdrv.kvugl,2.6363355761010676,0
1759280497,380,1,103,103,103,103,109,109,109,109,38969344,38969344,33394688,N/A,135168,31240192,1,dbus-daemon,S (sleeping),cache-compromised.bnsdq.ozxfs.vcwss-vmdrv.kvugl,0.20421422048736954,0
1759280497,196269,1,0,0,0,0,0,0,0,0,1954725888,1939677184,23826432,N/A,135168,179122176,15,discern-network,S (sleeping),cache-compromised.bnsdq.ozxfs.vcwss-vmdrv.kvugl,0.4438862271287609,0
1759280497,181,1,0,0,0,0,0,0,0,0,154447872,108306432,38170624,4096,135168,28073984,1,systemd-journal,S (sleeping),cache-compromised.bnsdq.ozxfs.vcwss-vmdrv.kvugl,0.2337807475882702,0
1759280497,196289,1,0,0,0,0,0,0,0,0,1647706112,1580597248,21061632,N/A,135168,82202624,5,discern-interfa,S (sleeping),cache-compromised.bnsdq.ozxfs.vcwss-vmdrv.kvugl,0.01585305410122742,0
1759280497,196280,1,0,0,0,0,0,0,0,0,1264619520,1264619520,16289792,N/A,135168,45826048,4,discern-proc-so,S (sleeping),cache-compromised.bnsdq.ozxfs.vcwss-vmdrv.kvugl,2.647458032271348,0
1759280502,380,1,103,103,103,103,109,109,109,109,38969344,38969344,33394688,N/A,135168,31240192,1,dbus-daemon,S (sleeping),cache-compromised.bnsdq.ozxfs.vcwss-vmdrv.kvugl,0.2041247866553041,0
1759280502,196269,1,0,0,0,0,0,0,0,0,1954725888,1939677184,23826432,N/A,135168,179122176,15,discern-network,S (sleeping),cache-compromised.bnsdq.ozxfs.vcwss-vmdrv.kvugl,0.44931209399375943,0
1759280502,181,1,0,0,0,0,0,0,0,0,154447872,108306432,38170624,4096,135168,28073984,1,systemd-journal,S (sleeping),cache-compromised.bnsdq.ozxfs.vcwss-vmdrv.kvugl,0.23367837409663095,0
1759280502,196289,1,0,0,0,0,0,0,0,0,1647706112,1580597248,21061632,N/A,135168,82202624,5,discern-interfa,S (sleeping),cache-compromised.bnsdq.ozxfs.vcwss-vmdrv.kvugl,0.015230896366010134,0
1759280502,196280,1,0,0,0,0,0,0,0,0,1264619520,1264619520,16289792,N/A,135168,45826048,4,discern-proc-so,R (running),cache-compromised.bnsdq.ozxfs.vcwss-vmdrv.kvugl,2.6501740915223686,0
1759280507,380,1,103,103,103,103,109,109,109,109,38969344,38969344,33394688,N/A,135168,31240192,1,dbus-daemon,S (sleeping),cache-compromised.bnsdq.ozxfs.vcwss-vmdrv.kvugl,0.2041204393931732,0
1759280507,196269,1,0,0,0,0,0,0,0,0,1954725888,1939677184,23826432,N/A,135168,179122176,15,discern-network,S (sleeping),cache-compromised.bnsdq.ozxfs.vcwss-vmdrv.kvugl,0.4543404624542538,0
1759280507,181,1,0,0,0,0,0,0,0,0,154447872,108306432,38170624,4096,135168,28073984,1,systemd-journal,S (sleeping),cache-compromised.bnsdq.ozxfs.vcwss-vmdrv.kvugl,0.23366109986215897,0
1759280507,196289,1,0,0,0,0,0,0,0,0,1647706112,1580597248,21061632,N/A,135168,82202624,5,discern-interfa,S (sleeping),cache-compromised.bnsdq.ozxfs.vcwss-vmdrv.kvugl,0.014656109544755663,0
1759280507,196280,1,0,0,0,0,0,0,0,0,1264619520,1264619520,16289792,N/A,135168,45826048,4,discern-proc-so,R (running),cache-compromised.bnsdq.ozxfs.vcwss-vmdrv.kvugl,2.6454257068423113,0
1759280512,380,1,103,103,103,103,109,109,109,109,38969344,38969344,33394688,N/A,135168,31240192,1,dbus-daemon,S (sleeping),cache-compromised.bnsdq.ozxfs.vcwss-vmdrv.kvugl,0.20420091305558632,0
1759280512,196269,1,0,0,0,0,0,0,0,0,1954725888,1939677184,23826432,N/A,135168,179122176,15,discern-network,S (sleeping),cache-compromised.bnsdq.ozxfs.vcwss-vmdrv.kvugl,0.4519250904336963,0
1759280512,181,1,0,0,0,0,0,0,0,0,154447872,108306432,38170624,4096,135168,28073984,1,systemd-journal,S (sleeping),cache-compromised.bnsdq.ozxfs.vcwss-vmdrv.kvugl,0.23355883965776403,0
1759280512,196289,1,0,0,0,0,0,0,0,0,1647706112,1580597248,21061632,N/A,135168,82202624,5,discern-interfa,S (sleeping),cache-compromised.bnsdq.ozxfs.vcwss-vmdrv.kvugl,0.014122639220584087,0
1759280512,196280,1,0,0,0,0,0,0,0,0,1264619520,1264619520,16289792,N/A,135168,45826048,4,discern-proc-so,S (sleeping),cache-compromised.bnsdq.ozxfs.vcwss-vmdrv.kvugl,2.6409314964945536,0
1759280517,380,1,103,103,103,103,109,109,109,109,38969344,38969344,33394688,N/A,135168,31240192,1,dbus-daemon,S (sleeping),cache-compromised.bnsdq.ozxfs.vcwss-vmdrv.kvugl,0.20411148817917302,0
1759280517,196269,1,0,0,0,0,0,0,0,0,1954725888,1939677184,23826432,N/A,135168,179122176,15,discern-network,S (sleeping),cache-compromised.bnsdq.ozxfs.vcwss-vmdrv.kvugl,0.4564766999835711,0
1759280517,181,1,0,0,0,0,0,0,0,0,154447872,108306432,38170624,4096,135168,28073984,1,systemd-journal,S (sleeping),cache-compromised.bnsdq.ozxfs.vcwss-vmdrv.kvugl,0.23345656647157173,0
1759280517,196289,1,0,0,0,0,0,0,0,0,1647706112,1580597248,21061632,N/A,135168,82202624,5,discern-interfa,S (sleeping),cache-compromised.bnsdq.ozxfs.vcwss-vmdrv.kvugl,0.013626150182127553,0
1759280517,196280,1,0,0,0,0,0,0,0,0,1264619520,1264619520,16289792,N/A,135168,45826048,4,discern-proc-so,S (sleeping),cache-compromised.bnsdq.ozxfs.vcwss-vmdrv.kvugl,2.636657954135864,0
1759280522,380,1,103,103,103,103,109,109,109,109,38969344,38969344,33394688,N/A,135168,31240192,1,dbus-daemon,S (sleeping),cache-compromised.bnsdq.ozxfs.vcwss-vmdrv.kvugl,0.20402247979791183,0
1759280522,196269,1,0,0,0,0,0,0,0,0,1954725888,1939677184,23826432,N/A,135168,179122176,15,discern-network,S (sleeping),cache-compromised.bnsdq.ozxfs.vcwss-vmdrv.kvugl,0.46077849164882045,0
1759280522,181,1,0,0,0,0,0,0,0,0,154447872,108306432,38170624,4096,135168,28073984,1,systemd-journal,S (sleeping),cache-compromised.bnsdq.ozxfs.vcwss-vmdrv.kvugl,0.2334395959510085,0
1759280522,196289,1,0,0,0,0,0,0,0,0,1647706112,1580597248,21061632,N/A,135168,82202624,5,discern-interfa,S (sleeping),cache-compromised.bnsdq.ozxfs.vcwss-vmdrv.kvugl,0.01316508314151529,0
1759280522,196280,1,0,0,0,0,0,0,0,0,1264619520,1264619520,16289792,N/A,135168,45826048,4,discern-proc-so,R (running),cache-compromised.bnsdq.ozxfs.vcwss-vmdrv.kvugl,2.6264324804138055,0
1759280528,380,1,103,103,103,103,109,109,109,109,38969344,38969344,33394688,N/A,135168,31240192,1,dbus-daemon,S (sleeping),cache-compromised.bnsdq.ozxfs.vcwss-vmdrv.kvugl,0.20410318939568073,0
1759280528,196269,1,0,0,0,0,0,0,0,0,1954725888,1939677184,23826432,N/A,135168,179122176,15,discern-network,S (sleeping),cache-compromised.bnsdq.ozxfs.vcwss-vmdrv.kvugl,0.46480689438172795,0
1759280528,181,1,0,0,0,0,0,0,0,0,154447872,108306432,38170624,4096,135168,28073984,1,systemd-journal,S (sleeping),cache-compromised.bnsdq.ozxfs.vcwss-vmdrv.kvugl,0.2334226945701531,0
1759280528,196289,1,0,0,0,0,0,0,0,0,1647706112,1580597248,21061632,N/A,135168,82202624,5,discern-interfa,S (sleeping),cache-compromised.bnsdq.ozxfs.vcwss-vmdrv.kvugl,0.012734416895118318,0
1759280528,196280,1,0,0,0,0,0,0,0,0,1264619520,1264619520,16289792,N/A,135168,45826048,4,discern-proc-so,R (running),cache-compromised.bnsdq.ozxfs.vcwss-vmdrv.kvugl,2.6232867637289488,0
1759280533,380,1,103,103,103,103,109,109,109,109,38969344,38969344,33394688,N/A,135168,31240192,1,dbus-daemon,S (sleeping),cache-compromised.bnsdq.ozxfs.vcwss-vmdrv.kvugl,0.20409882297926138,0
1759280533,196269,1,0,0,0,0,0,0,0,0,1954725888,1939677184,23826432,N/A,135168,179122176,15,discern-network,S (sleeping),cache-compromised.bnsdq.ozxfs.vcwss-vmdrv.kvugl,0.4623741373023855,0
1759280533,181,1,0,0,0,0,0,0,0,0,154447872,108306432,38170624,4096,135168,28073984,1,systemd-journal,S (sleeping),cache-compromised.bnsdq.ozxfs.vcwss-vmdrv.kvugl,0.2334055280230384,0
1759280533,196289,1,0,0,0,0,0,0,0,0,1647706112,1580597248,21061632,N/A,135168,82202624,5,discern-interfa,S (sleeping),cache-compromised.bnsdq.ozxfs.vcwss-vmdrv.kvugl,0.01232996258139699,0
1759280533,196280,1,0,0,0,0,0,0,0,0,1264619520,1264619520,16289792,N/A,135168,45826048,4,discern-proc-so,R (running),cache-compromised.bnsdq.ozxfs.vcwss-vmdrv.kvugl,2.6201155548661843,0
1759280538,380,1,103,103,103,103,109,109,109,109,38969344,38969344,33394688,N/A,135168,31240192,1,dbus-daemon,S (sleeping),cache-compromised.bnsdq.ozxfs.vcwss-vmdrv.kvugl,0.20400974755865384,0
1759280538,196269,1,0,0,0,0,0,0,0,0,1954725888,1939677184,23826432,N/A,135168,179122176,15,discern-network,S (sleeping),cache-compromised.bnsdq.ozxfs.vcwss-vmdrv.kvugl,0.46606762190241113,0
1759280538,181,1,0,0,0,0,0,0,0,0,154447872,108306432,38170624,4096,135168,28073984,1,systemd-journal,S (sleeping),cache-compromised.bnsdq.ozxfs.vcwss-vmdrv.kvugl,0.23330367043197953,0
1759280538,196289,1,0,0,0,0,0,0,0,0,1647706112,1580597248,21061632,N/A,135168,82202624,5,discern-interfa,S (sleeping),cache-compromised.bnsdq.ozxfs.vcwss-vmdrv.kvugl,0.011950437426452179,0
1759280538,196280,1,0,0,0,0,0,0,0,0,1264619520,1264619520,16289792,N/A,135168,45826048,4,discern-proc-so,R (running),cache-compromised.bnsdq.ozxfs.vcwss-vmdrv.kvugl,2.617144292767133,0
1759280543,380,1,103,103,103,103,109,109,109,109,38969344,38969344,33394688,N/A,135168,31240192,1,dbus-daemon,S (sleeping),cache-compromised.bnsdq.ozxfs.vcwss-vmdrv.kvugl,0.20392067784514162,0
1759280543,196269,1,0,0,0,0,0,0,0,0,1954725888,1939677184,23826432,N/A,135168,179122176,15,discern-network,S (sleeping),cache-compromised.bnsdq.ozxfs.vcwss-vmdrv.kvugl,0.4695292028383606,0
1759280543,181,1,0,0,0,0,0,0,0,0,154447872,108306432,38170624,4096,135168,28073984,1,systemd-journal,S (sleeping),cache-compromised.bnsdq.ozxfs.vcwss-vmdrv.kvugl,0.233201819646077,0
1759280543,196289,1,0,0,0,0,0,0,0,0,1647706112,1580597248,21061632,N/A,135168,82202624,5,discern-interfa,S (sleeping),cache-compromised.bnsdq.ozxfs.vcwss-vmdrv.kvugl,0.011593296862843506,0
1759280543,196280,1,0,0,0,0,0,0,0,0,1264619520,1264619520,16289792,N/A,135168,45826048,4,discern-proc-so,R (running),cache-compromised.bnsdq.ozxfs.vcwss-vmdrv.kvugl,2.6258801265694696,0
1759280548,380,1,103,103,103,103,109,109,109,109,38969344,38969344,33394688,N/A,135168,31240192,1,dbus-daemon,S (sleeping),cache-compromised.bnsdq.ozxfs.vcwss-vmdrv.kvugl,0.2040859065884898,0
1759280548,196269,1,0,0,0,0,0,0,0,0,1954725888,1939677184,23826432,N/A,135168,179122176,15,discern-network,S (sleeping),cache-compromised.bnsdq.ozxfs.vcwss-vmdrv.kvugl,0.47283265429720833,0
1759280548,181,1,0,0,0,0,0,0,0,0,154447872,108306432,38170624,4096,135168,28073984,1,systemd-journal,S (sleeping),cache-compromised.bnsdq.ozxfs.vcwss-vmdrv.kvugl,0.23326965641028977,0
1759280548,196289,1,0,0,0,0,0,0,0,0,1647706112,1580597248,21061632,N/A,135168,82202624,5,discern-interfa,S (sleeping),cache-compromised.bnsdq.ozxfs.vcwss-vmdrv.kvugl,0.011257907937318115,0
1759280548,196280,1,0,0,0,0,0,0,0,0,1264619520,1264619520,16289792,N/A,135168,45826048,4,discern-proc-so,S (sleeping),cache-compromised.bnsdq.ozxfs.vcwss-vmdrv.kvugl,2.6174621650763594,0
1759280553,380,1,103,103,103,103,109,109,109,109,38969344,38969344,33394688,N/A,135168,31240192,1,dbus-daemon,S (sleeping),cache-compromised.bnsdq.ozxfs.vcwss-vmdrv.kvugl,0.2039968541842977,0
1759280553,196269,1,0,0,0,0,0,0,0,0,1954725888,1939677184,23826432,N/A,135168,179122176,15,discern-network,S (sleeping),cache-compromised.bnsdq.ozxfs.vcwss-vmdrv.kvugl,0.47043421770543636,0
1759280553,181,1,0,0,0,0,0,0,0,0,154447872,108306432,38170624,4096,135168,28073984,1,systemd-journal,S (sleeping),cache-compromised.bnsdq.ozxfs.vcwss-vmdrv.kvugl,0.2331678772116343,0
1759280553,196289,1,0,0,0,0,0,0,0,0,1647706112,1580597248,21061632,N/A,135168,82202624,5,discern-interfa,S (sleeping),cache-compromised.bnsdq.ozxfs.vcwss-vmdrv.kvugl,0.01094031408421289,0
1759280553,196280,1,0,0,0,0,0,0,0,0,1264619520,1264619520,16289792,N/A,135168,45826048,4,discern-proc-so,R (running),cache-compromised.bnsdq.ozxfs.vcwss-vmdrv.kvugl,2.6256734413417777,0
1759280558,380,1,103,103,103,103,109,109,109,109,38969344,38969344,33394688,N/A,135168,31240192,1,dbus-daemon,S (sleeping),cache-compromised.bnsdq.ozxfs.vcwss-vmdrv.kvugl,0.20390788724302392,0
1759280558,196269,1,0,0,0,0,0,0,0,0,1954725888,1939677184,27369472,N/A,135168,179122176,15,discern-network,S (sleeping),cache-compromised.bnsdq.ozxfs.vcwss-vmdrv.kvugl,0.47348839522447667,0
1759280558,181,1,0,0,0,0,0,0,0,0,154447872,108306432,38170624,4096,135168,28073984,1,systemd-journal,S (sleeping),cache-compromised.bnsdq.ozxfs.vcwss-vmdrv.kvugl,0.23306619491305955,0
1759280558,196289,1,0,0,0,0,0,0,0,0,1647706112,1580597248,21061632,N/A,135168,82202624,5,discern-interfa,S (sleeping),cache-compromised.bnsdq.ozxfs.vcwss-vmdrv.kvugl,0.010640174912954388,0
1759280558,196280,1,0,0,0,0,0,0,0,0,1264619520,1264619520,16289792,N/A,135168,45826048,4,discern-proc-so,R (running),cache-compromised.bnsdq.ozxfs.vcwss-vmdrv.kvugl,2.622801418707604,0
1759280564,380,1,103,103,103,103,109,109,109,109,38969344,38969344,33394688,N/A,135168,31240192,1,dbus-daemon,S (sleeping),cache-compromised.bnsdq.ozxfs.vcwss-vmdrv.kvugl,0.20381898297355996,0
1759280564,196269,1,0,0,0,0,0,0,0,0,1954725888,1939677184,27369472,N/A,135168,179122176,15,discern-network,S (sleeping),cache-compromised.bnsdq.ozxfs.vcwss-vmdrv.kvugl,0.4763778031043914,0
1759280564,181,1,0,0,0,0,0,0,0,0,154447872,108306432,38170624,4096,135168,28073984,1,systemd-journal,S (sleeping),cache-compromised.bnsdq.ozxfs.vcwss-vmdrv.kvugl,0.23296458780157783,0
1759280564,196289,1,0,0,0,0,0,0,0,0,1647706112,1580597248,21061632,N/A,135168,82202624,5,discern-interfa,S (sleeping),cache-compromised.bnsdq.ozxfs.vcwss-vmdrv.kvugl,0.010356024386841878,0
1759280564,196280,1,0,0,0,0,0,0,0,0,1264619520,1264619520,16289792,N/A,135168,45826048,4,discern-proc-so,S (sleeping),cache-compromised.bnsdq.ozxfs.vcwss-vmdrv.kvugl,2.6304283628329386,0
1759280569,380,1,103,103,103,103,109,109,109,109,38969344,38969344,33394688,N/A,135168,31240192,1,dbus-daemon,S (sleeping),cache-compromised.bnsdq.ozxfs.vcwss-vmdrv.kvugl,0.20398372391921074,0
1759280569,196269,1,0,0,0,0,0,0,0,0,1954725888,1939677184,27369472,N/A,135168,179122176,15,discern-network,S (sleeping),cache-compromised.bnsdq.ozxfs.vcwss-vmdrv.kvugl,0.47912614071939696,0
1759280569,181,1,0,0,0,0,0,0,0,0,154447872,108306432,38170624,4096,135168,28073984,1,systemd-journal,S (sleeping),cache-compromised.bnsdq.ozxfs.vcwss-vmdrv.kvugl,0.2330321305501991,0
1759280569,196289,1,0,0,0,0,0,0,0,0,1647706112,1580597248,21061632,N/A,135168,82202624,5,discern-interfa,S (sleeping),cache-compromised.bnsdq.ozxfs.vcwss-vmdrv.kvugl,0.010086852675605041,0
1759280569,196280,1,0,0,0,0,0,0,0,0,1264619520,1264619520,16289792,N/A,135168,45826048,4,discern-proc-so,R (running),cache-compromised.bnsdq.ozxfs.vcwss-vmdrv.kvugl,2.627623697367505,0
1759280574,380,1,103,103,103,103,109,109,109,109,38969344,38969344,33394688,N/A,135168,31240192,1,dbus-daemon,S (sleeping),cache-compromised.bnsdq.ozxfs.vcwss-vmdrv.kvugl,0.2038949570439064,0
1759280574,196269,1,0,0,0,0,0,0,0,0,1954725888,1939677184,27369472,N/A,135168,179122176,15,discern-network,S (sleeping),cache-compromised.bnsdq.ozxfs.vcwss-vmdrv.kvugl,0.4768230530888964,0
1759280574,181,1,0,0,0,0,0,0,0,0,154447872,108306432,38170624,4096,135168,28073984,1,systemd-journal,S (sleeping),cache-compromised.bnsdq.ozxfs.vcwss-vmdrv.kvugl,0.23293073242313353,0
1759280574,196289,1,0,0,0,0,0,0,0,0,1647706112,1580597248,21061632,N/A,135168,82202624,5,discern-interfa,S (sleeping),cache-compromised.bnsdq.ozxfs.vcwss-vmdrv.kvugl,0.00983139326354551,0
1759280574,196280,1,0,0,0,0,0,0,0,0,1264619520,1264619520,16289792,N/A,135168,45826048,4,discern-proc-so,S (sleeping),cache-compromised.bnsdq.ozxfs.vcwss-vmdrv.kvugl,2.6249805254261696,0
1759280579,380,1,103,103,103,103,109,109,109,109,38969344,38969344,33394688,N/A,135168,31240192,1,dbus-daemon,S (sleeping),cache-compromised.bnsdq.ozxfs.vcwss-vmdrv.kvugl,0.2038057956408976,0
1759280579,196269,1,0,0,0,0,0,0,0,0,1954725888,1939677184,27369472,N/A,135168,179122176,15,discern-network,S (sleeping),cache-compromised.bnsdq.ozxfs.vcwss-vmdrv.kvugl,0.4793650353283702,0
1759280579,181,1,0,0,0,0,0,0,0,0,154447872,108306432,38170624,4096,135168,28073984,1,systemd-journal,S (sleeping),cache-compromised.bnsdq.ozxfs.vcwss-vmdrv.kvugl,0.23282888280470881,0
1759280579,196289,1,0,0,0,0,0,0,0,0,1647706112,1580597248,21061632,N/A,135168,82202624,5,discern-interfa,S (sleeping),cache-compromised.bnsdq.ozxfs.vcwss-vmdrv.kvugl,0.009587291756544361,0
1759280579,196280,1,0,0,0,0,0,0,0,0,1264619520,1264619520,16289792,N/A,135168,45826048,4,discern-proc-so,S (sleeping),cache-compromised.bnsdq.ozxfs.vcwss-vmdrv.kvugl,2.626916731253822,0
1759280584,380,1,103,103,103,103,109,109,109,109,38969344,38969344,33394688,N/A,135168,31240192,1,dbus-daemon,S (sleeping),cache-compromised.bnsdq.ozxfs.vcwss-vmdrv.kvugl,0.2038013688869531,0
1759280584,196269,1,0,0,0,0,0,0,0,0,1954725888,1939677184,27369472,N/A,135168,179122176,15,discern-network,S (sleeping),cache-compromised.bnsdq.ozxfs.vcwss-vmdrv.kvugl,0.48181881117352765,0
1759280584,181,1,0,0,0,0,0,0,0,0,154447872,108306432,38170624,4096,135168,28073984,1,systemd-journal,S (sleeping),cache-compromised.bnsdq.ozxfs.vcwss-vmdrv.kvugl,0.23272742681851233,0
1759280584,196289,1,0,0,0,0,0,0,0,0,1647706112,1580597248,21061632,N/A,135168,82202624,5,discern-interfa,S (sleeping),cache-compromised.bnsdq.ozxfs.vcwss-vmdrv.kvugl,0.009355696618466691,0
1759280584,196280,1,0,0,0,0,0,0,0,0,1264619520,1264619520,16289792,N/A,135168,45826048,4,discern-proc-so,R (running),cache-compromised.bnsdq.ozxfs.vcwss-vmdrv.kvugl,2.624271730207435,0
1759280589,380,1,103,103,103,103,109,109,109,109,38969344,38969344,33394688,N/A,135168,31240192,1,dbus-daemon,S (sleeping),cache-compromised.bnsdq.ozxfs.vcwss-vmdrv.kvugl,0.20379708335107374,0
1759280589,196269,1,0,0,0,0,0,0,0,0,1954725888,1939677184,27369472,N/A,135168,179122176,15,discern-network,S (sleeping),cache-compromised.bnsdq.ozxfs.vcwss-vmdrv.kvugl,0.48874218361292854,0
1759280589,181,1,0,0,0,0,0,0,0,0,154447872,108306432,38170624,4096,135168,28073984,1,systemd-journal,S (sleeping),cache-compromised.bnsdq.ozxfs.vcwss-vmdrv.kvugl,0.23271056178330637,0
1759280589,196289,1,0,0,0,0,0,0,0,0,1647706112,1580597248,21061632,N/A,135168,82202624,5,discern-interfa,S (sleeping),cache-compromised.bnsdq.ozxfs.vcwss-vmdrv.kvugl,0.009135359269403785,0
1759280589,196280,1,0,0,0,0,0,0,0,0,1264619520,1264619520,16289792,N/A,135168,45826048,4,discern-proc-so,S (sleeping),cache-compromised.bnsdq.ozxfs.vcwss-vmdrv.kvugl,2.6264145568089927,0
1759280595,380,1,103,103,103,103,109,109,109,109,38969344,38969344,33394688,N/A,135168,31240192,1,dbus-daemon,S (sleeping),cache-compromised.bnsdq.ozxfs.vcwss-vmdrv.kvugl,0.20370848644925396,0
1759280595,196269,1,0,0,0,0,0,0,0,0,1954725888,1939677184,27369472,N/A,135168,179122176,15,discern-network,S (sleeping),cache-compromised.bnsdq.ozxfs.vcwss-vmdrv.kvugl,0.4864219673930279,0
1759280595,181,1,0,0,0,0,0,0,0,0,154447872,108306432,38170624,4096,135168,28073984,1,systemd-journal,S (sleeping),cache-compromised.bnsdq.ozxfs.vcwss-vmdrv.kvugl,0.2326094040030565,0
1759280595,196289,1,0,0,0,0,0,0,0,0,1647706112,1580597248,21061632,N/A,135168,82202624,5,discern-interfa,S (sleeping),cache-compromised.bnsdq.ozxfs.vcwss-vmdrv.kvugl,0.008925165614977209,0
1759280595,196280,1,0,0,0,0,0,0,0,0,1264619520,1264619520,16289792,N/A,135168,45826048,4,discern-proc-so,R (running),cache-compromised.bnsdq.ozxfs.vcwss-vmdrv.kvugl,2.619534916082785,0
1759280600,380,1,103,103,103,103,109,109,109,109,38969344,38969344,33394688,N/A,135168,31240192,1,dbus-daemon,S (sleeping),cache-compromised.bnsdq.ozxfs.vcwss-vmdrv.kvugl,0.20362003403474693,0
1759280600,196269,1,0,0,0,0,0,0,0,0,1954725888,1939677184,27369472,N/A,135168,179122176,15,discern-network,S (sleeping),cache-compromised.bnsdq.ozxfs.vcwss-vmdrv.kvugl,0.4842144231409451,0
1759280600,181,1,0,0,0,0,0,0,0,0,154447872,108306432,38170624,4096,135168,28073984,1,systemd-journal,S (sleeping),cache-compromised.bnsdq.ozxfs.vcwss-vmdrv.kvugl,0.23250841116531273,0
1759280600,196289,1,0,0,0,0,0,0,0,0,1647706112,1580597248,21061632,N/A,135168,82202624,5,discern-interfa,S (sleeping),cache-compromised.bnsdq.ozxfs.vcwss-vmdrv.kvugl,0.008724576949593723,0
1759280600,196280,1,0,0,0,0,0,0,0,0,1264619520,1264619520,16289792,N/A,135168,45826048,4,discern-proc-so,R (running),cache-compromised.bnsdq.ozxfs.vcwss-vmdrv.kvugl,2.6217342850078387,0
1759280605,380,1,103,103,103,103,109,109,109,109,38969344,38969344,33394688,N/A,135168,31240192,1,dbus-daemon,S (sleeping),cache-compromised.bnsdq.ozxfs.vcwss-vmdrv.kvugl,0.20386889052599125,0
1759280605,196269,1,0,0,0,0,0,0,0,0,1954725888,1939677184,27369472,N/A,135168,179122176,15,discern-network,S (sleeping),cache-compromised.bnsdq.ozxfs.vcwss-vmdrv.kvugl,0.48640149807303246,0
1759280605,181,1,0,0,0,0,0,0,0,0,154447872,108306432,38170624,4096,135168,28073984,1,systemd-journal,S (sleeping),cache-compromised.bnsdq.ozxfs.vcwss-vmdrv.kvugl,0.23266050834890803,0
1759280605,196289,1,0,0,0,0,0,0,0,0,1647706112,1580597248,21061632,N/A,135168,82202624,5,discern-interfa,S (sleeping),cache-compromised.bnsdq.ozxfs.vcwss-vmdrv.kvugl,0.008533351695868278,0
1759280605,196280,1,0,0,0,0,0,0,0,0,1264619520,1264619520,16289792,N/A,135168,45826048,4,discern-proc-so,S (sleeping),cache-compromised.bnsdq.ozxfs.vcwss-vmdrv.kvugl,2.619737135241172,0
1759280610,380,1,103,103,103,103,109,109,109,109,38969344,38969344,33394688,N/A,135168,31240192,1,dbus-daemon,S (sleeping),cache-compromised.bnsdq.ozxfs.vcwss-vmdrv.kvugl,0.2037803941343755,0
1759280610,196269,1,0,0,0,0,0,0,0,0,1954725888,1939677184,27369472,N/A,135168,179122176,15,discern-network,S (sleeping),cache-compromised.bnsdq.ozxfs.vcwss-vmdrv.kvugl,0.48428333891996367,0
1759280610,181,1,0,0,0,0,0,0,0,0,154447872,108306432,38170624,4096,135168,28073984,1,systemd-journal,S (sleeping),cache-compromised.bnsdq.ozxfs.vcwss-vmdrv.kvugl,0.2325595240411561,0
1759280610,196289,1,0,0,0,0,0,0,0,0,1647706112,1580597248,21061632,N/A,135168,82202624,5,discern-interfa,S (sleeping),cache-compromised.bnsdq.ozxfs.vcwss-vmdrv.kvugl,0.008349706073841964,0
1759280610,196280,1,0,0,0,0,0,0,0,0,1264619520,1264619520,16289792,N/A,135168,45826048,4,discern-proc-so,S (sleeping),cache-compromised.bnsdq.ozxfs.vcwss-vmdrv.kvugl,2.617630869769723,0
1759280615,380,1,103,103,103,103,109,109,109,109,38969344,38969344,33394688,N/A,135168,31240192,1,dbus-daemon,S (sleeping),cache-compromised.bnsdq.ozxfs.vcwss-vmdrv.kvugl,0.20377611201504178,0
1759280615,196269,1,0,0,0,0,0,0,0,0,1954725888,1939677184,27369472,N/A,135168,179122176,15,discern-network,S (sleeping),cache-compromised.bnsdq.ozxfs.vcwss-vmdrv.kvugl,0.4904242454046615,0
1759280615,181,1,0,0,0,0,0,0,0,0,154447872,108306432,38170624,4096,135168,28073984,1,systemd-journal,S (sleeping),cache-compromised.bnsdq.ozxfs.vcwss-vmdrv.kvugl,0.23245858756849935,0
1759280615,196289,1,0,0,0,0,0,0,0,0,1647706112,1580597248,21061632,N/A,135168,82202624,5,discern-interfa,S (sleeping),cache-compromised.bnsdq.ozxfs.vcwss-vmdrv.kvugl,0.008173729540375058,0
1759280615,196280,1,0,0,0,0,0,0,0,0,1264619520,1264619520,16289792,N/A,135168,45826048,4,discern-proc-so,S (sleeping),cache-compromised.bnsdq.ozxfs.vcwss-vmdrv.kvugl,2.623765861797191,0
1759280620,380,1,103,103,103,103,109,109,109,109,38969344,38969344,33394688,N/A,135168,31240192,1,dbus-daemon,S (sleeping),cache-compromised.bnsdq.ozxfs.vcwss-vmdrv.kvugl,0.203772095075297,0
1759280620,196269,1,0,0,0,0,0,0,0,0,1954725888,1939677184,27369472,N/A,135168,179122176,15,discern-network,S (sleeping),cache-compromised.bnsdq.ozxfs.vcwss-vmdrv.kvugl,0.49233921908301004,0
1759280620,181,1,0,0,0,0,0,0,0,0,154447872,108306432,38170624,4096,135168,28073984,1,systemd-journal,S (sleeping),cache-compromised.bnsdq.ozxfs.vcwss-vmdrv.kvugl,0.23244216503406404,0
1759280620,196289,1,0,0,0,0,0,0,0,0,1647706112,1580597248,21061632,N/A,135168,82202624,5,discern-interfa,S (sleeping),cache-compromised.bnsdq.ozxfs.vcwss-vmdrv.kvugl,0.008005509693002042,0
1759280620,196280,1,0,0,0,0,0,0,0,0,1264619520,1264619520,16289792,N/A,135168,45826048,4,discern-proc-so,R (running),cache-compromised.bnsdq.ozxfs.vcwss-vmdrv.kvugl,2.6218031667840496,0
1759280626,380,1,103,103,103,103,109,109,109,109,38969344,38969344,33394688,N/A,135168,31240192,1,dbus-daemon,S (sleeping),cache-compromised.bnsdq.ozxfs.vcwss-vmdrv.kvugl,0.20385163223799338,0
1759280626,196269,1,0,0,0,0,0,0,0,0,1954725888,1939677184,27369472,N/A,135168,179122176,15,discern-network,S (sleeping),cache-compromised.bnsdq.ozxfs.vcwss-vmdrv.kvugl,0.5019582378126574,0
1759280626,181,1,0,0,0,0,0,0,0,0,154447872,108306432,38170624,4096,135168,28073984,1,systemd-journal,S (sleeping),cache-compromised.bnsdq.ozxfs.vcwss-vmdrv.kvugl,0.23242513241967208,0
1759280626,196289,1,0,0,0,0,0,0,0,0,1647706112,1580597248,21061632,N/A,135168,82202624,5,discern-interfa,S (sleeping),cache-compromised.bnsdq.ozxfs.vcwss-vmdrv.kvugl,0.007843090841274282,0
1759280626,196280,1,0,0,0,0,0,0,0,0,1264619520,1264619520,16289792,N/A,135168,45826048,4,discern-proc-so,S (sleeping),cache-compromised.bnsdq.ozxfs.vcwss-vmdrv.kvugl,2.611747745448547,0
1759280631,380,1,103,103,103,103,109,109,109,109,38969344,38969344,33394688,N/A,135168,31240192,1,dbus-daemon,S (sleeping),cache-compromised.bnsdq.ozxfs.vcwss-vmdrv.kvugl,0.203763664447138,0
1759280631,196269,1,0,0,0,0,0,0,0,0,1954725888,1939677184,27369472,N/A,135168,179122176,15,discern-network,S (sleeping),cache-compromised.bnsdq.ozxfs.vcwss-vmdrv.kvugl,0.5035850585184445,0
1759280631,181,1,0,0,0,0,0,0,0,0,154447872,108306432,38170624,4096,135168,28073984,1,systemd-journal,S (sleeping),cache-compromised.bnsdq.ozxfs.vcwss-vmdrv.kvugl,0.23232484309106893,0
1759280631,196289,1,0,0,0,0,0,0,0,0,1647706112,1580597248,21061632,N/A,135168,82202624,5,discern-interfa,S (sleeping),cache-compromised.bnsdq.ozxfs.vcwss-vmdrv.kvugl,0.007688315448756638,0
1759280631,196280,1,0,0,0,0,0,0,0,0,1264619520,1264619520,16289792,N/A,135168,45826048,4,discern-proc-so,S (sleeping),cache-compromised.bnsdq.ozxfs.vcwss-vmdrv.kvugl,2.6024938142599634,0
1759280636,380,1,103,103,103,103,109,109,109,109,38969344,38969344,33394688,N/A,135168,31240192,1,dbus-daemon,S (sleeping),cache-compromised.bnsdq.ozxfs.vcwss-vmdrv.kvugl,0.2036741170257766,0
1759280636,196269,1,0,0,0,0,0,0,0,0,1954725888,1939677184,27369472,N/A,135168,179122176,15,discern-network,S (sleeping),cache-compromised.bnsdq.ozxfs.vcwss-vmdrv.kvugl,0.5011963515440183,0
1759280636,181,1,0,0,0,0,0,0,0,0,154447872,108306432,38170624,4096,135168,28073984,1,systemd-journal,S (sleeping),cache-compromised.bnsdq.ozxfs.vcwss-vmdrv.kvugl,0.23222275267364811,0
1759280636,196289,1,0,0,0,0,0,0,0,0,1647706112,1580597248,21061632,N/A,135168,82202624,5,discern-interfa,S (sleeping),cache-compromised.bnsdq.ozxfs.vcwss-vmdrv.kvugl,0.007536781775581953,0
1759280636,196280,1,0,0,0,0,0,0,0,0,1264619520,1264619520,16289792,N/A,135168,45826048,4,discern-proc-so,R (running),cache-compromised.bnsdq.ozxfs.vcwss-vmdrv.kvugl,2.615262344088595,0
1759280641,380,1,103,103,103,103,109,109,109,109,38969344,38969344,33394688,N/A,135168,31240192,1,dbus-daemon,S (sleeping),cache-compromised.bnsdq.ozxfs.vcwss-vmdrv.kvugl,0.20375368333926422,0
1759280641,196269,1,0,0,0,0,0,0,0,0,1954725888,1939677184,27369472,N/A,135168,179122176,15,discern-network,S (sleeping),cache-compromised.bnsdq.ozxfs.vcwss-vmdrv.kvugl,0.5211927199463485,0
1759280641,181,1,0,0,0,0,0,0,0,0,154447872,108306432,38170624,4096,135168,28073984,1,systemd-journal,S (sleeping),cache-compromised.bnsdq.ozxfs.vcwss-vmdrv.kvugl,0.23228992111002583,0
1759280641,196289,1,0,0,0,0,0,0,0,0,1647706112,1580597248,21061632,N/A,135168,82202624,5,discern-interfa,S (sleeping),cache-compromised.bnsdq.ozxfs.vcwss-vmdrv.kvugl,0.0073927990769112545,0
1759280641,196280,1,0,0,0,0,0,0,0,0,1264619520,1264619520,16289792,N/A,135168,45826048,4,discern-proc-so,S (sleeping),cache-compromised.bnsdq.ozxfs.vcwss-vmdrv.kvugl,2.6207463403308924,0
1759280646,380,1,103,103,103,103,109,109,109,109,38969344,38969344,33394688,N/A,135168,31240192,1,dbus-daemon,S (sleeping),cache-compromised.bnsdq.ozxfs.vcwss-vmdrv.kvugl,0.20374948971088003,0
1759280646,196269,1,0,0,0,0,0,0,0,0,1954725888,1939677184,27369472,N/A,135168,179122176,15,discern-network,S (sleeping),cache-compromised.bnsdq.ozxfs.vcwss-vmdrv.kvugl,0.5187053579647647,0
1759280646,181,1,0,0,0,0,0,0,0,0,154447872,108306432,38170624,4096,135168,28073984,1,systemd-journal,S (sleeping),cache-compromised.bnsdq.ozxfs.vcwss-vmdrv.kvugl,0.23218943994405206,0
1759280646,196289,1,0,0,0,0,0,0,0,0,1647706112,1580597248,21061632,N/A,135168,82202624,5,discern-interfa,S (sleeping),cache-compromised.bnsdq.ozxfs.vcwss-vmdrv.kvugl,0.007254615361763486,0
1759280646,196280,1,0,0,0,0,0,0,0,0,1264619520,1264619520,16289792,N/A,135168,45826048,4,discern-proc-so,S (sleeping),cache-compromised.bnsdq.ozxfs.vcwss-vmdrv.kvugl,2.622542556870274,0
1759280651,380,1,103,103,103,103,109,109,109,109,38969344,38969344,33394688,N/A,135168,31240192,1,dbus-daemon,S (sleeping),cache-compromised.bnsdq.ozxfs.vcwss-vmdrv.kvugl,0.20366114281462813,0
1759280651,196269,1,0,0,0,0,0,0,0,0,1954725888,1939677184,27369472,N/A,135168,179122176,15,discern-network,S (sleeping),cache-compromised.bnsdq.ozxfs.vcwss-vmdrv.kvugl,0.5198437903719623,0
1759280651,181,1,0,0,0,0,0,0,0,0,154447872,108306432,38170624,4096,135168,28073984,1,systemd-journal,S (sleeping),cache-compromised.bnsdq.ozxfs.vcwss-vmdrv.kvugl,0.23208876794234892,0
1759280651,196289,1,0,0,0,0,0,0,0,0,1647706112,1580597248,21061632,N/A,135168,82202624,5,discern-interfa,S (sleeping),cache-compromised.bnsdq.ozxfs.vcwss-vmdrv.kvugl,0.007121140530903872,0
1759280651,196280,1,0,0,0,0,0,0,0,0,1264619520,1264619520,16289792,N/A,135168,45826048,4,discern-proc-so,R (running),cache-compromised.bnsdq.ozxfs.vcwss-vmdrv.kvugl,2.6205787172431374,0
1759280657,380,1,103,103,103,103,109,109,109,109,38969344,38969344,33394688,N/A,135168,31240192,1,dbus-daemon,S (sleeping),cache-compromised.bnsdq.ozxfs.vcwss-vmdrv.kvugl,0.20357320813327748,0
1759280657,196269,1,0,0,0,0,0,0,0,0,1954725888,1939677184,27369472,N/A,135168,179122176,15,discern-network,S (sleeping),cache-compromised.bnsdq.ozxfs.vcwss-vmdrv.kvugl,0.5174804453605395,0
1759280657,181,1,0,0,0,0,0,0,0,0,154447872,108306432,38170624,4096,135168,28073984,1,systemd-journal,S (sleeping),cache-compromised.bnsdq.ozxfs.vcwss-vmdrv.kvugl,0.2319885691390926,0
1759280657,196289,1,0,0,0,0,0,0,0,0,1647706112,1580597248,21061632,N/A,135168,82202624,5,discern-interfa,S (sleeping),cache-compromised.bnsdq.ozxfs.vcwss-vmdrv.kvugl,0.006992973854135231,0
1759280657,196280,1,0,0,0,0,0,0,0,0,1264619520,1264619520,16289792,N/A,135168,45826048,4,discern-proc-so,S (sleeping),cache-compromised.bnsdq.ozxfs.vcwss-vmdrv.kvugl,2.618867580599377,0
1759280662,380,1,103,103,103,103,109,109,109,109,38969344,38969344,33394688,N/A,135168,31240192,1,dbus-daemon,S (sleeping),cache-compromised.bnsdq.ozxfs.vcwss-vmdrv.kvugl,0.20390529112350117,0
1759280662,196269,1,0,0,0,0,0,0,0,0,1954725888,1939677184,27369472,N/A,135168,179122176,15,discern-network,S (sleeping),cache-compromised.bnsdq.ozxfs.vcwss-vmdrv.kvugl,0.5187114055852942,0
1759280662,181,1,0,0,0,0,0,0,0,0,154447872,108306432,38170624,4096,135168,28073984,1,systemd-journal,S (sleeping),cache-compromised.bnsdq.ozxfs.vcwss-vmdrv.kvugl,0.23205695680396363,0
1759280662,196289,1,0,0,0,0,0,0,0,0,1647706112,1580597248,21061632,N/A,135168,82202624,5,discern-interfa,S (sleeping),cache-compromised.bnsdq.ozxfs.vcwss-vmdrv.kvugl,0.006870345225084904,0
1759280662,196280,1,0,0,0,0,0,0,0,0,1264619520,1264619520,16289792,N/A,135168,45826048,4,discern-proc-so,R (running),cache-compromised.bnsdq.ozxfs.vcwss-vmdrv.kvugl,2.6004248261164262,0
1759280667,380,1,103,103,103,103,109,109,109,109,38969344,38969344,33394688,N/A,135168,31240192,1,dbus-daemon,S (sleeping),cache-compromised.bnsdq.ozxfs.vcwss-vmdrv.kvugl,0.20381701745399905,0
1759280667,196269,1,0,0,0,0,0,0,0,0,1954725888,1939677184,29458432,N/A,135168,179122176,15,discern-network,S (sleeping),cache-compromised.bnsdq.ozxfs.vcwss-vmdrv.kvugl,0.5197932216734622,0
1759280667,181,1,0,0,0,0,0,0,0,0,154447872,108306432,38170624,4096,135168,28073984,1,systemd-journal,S (sleeping),cache-compromised.bnsdq.ozxfs.vcwss-vmdrv.kvugl,0.23195650397320658,0
1759280667,196289,1,0,0,0,0,0,0,0,0,1647706112,1580597248,21061632,N/A,135168,82202624,5,discern-interfa,S (sleeping),cache-compromised.bnsdq.ozxfs.vcwss-vmdrv.kvugl,0.006750556680606333,0
1759280667,196280,1,0,0,0,0,0,0,0,0,1264619520,1264619520,16289792,N/A,135168,45826048,4,discern-proc-so,R (running),cache-compromised.bnsdq.ozxfs.vcwss-vmdrv.kvugl,2.6057140430913326,0
1759280672,380,1,103,103,103,103,109,109,109,109,38969344,38969344,33394688,N/A,135168,31240192,1,dbus-daemon,S (sleeping),cache-compromised.bnsdq.ozxfs.vcwss-vmdrv.kvugl,0.2037290619877678,0
1759280672,196269,1,0,0,0,0,0,0,0,0,1954725888,1939677184,29458432,N/A,135168,179122176,15,discern-network,S (sleeping),cache-compromised.bnsdq.ozxfs.vcwss-vmdrv.kvugl,0.5208623382102806,0
1759280672,181,1,0,0,0,0,0,0,0,0,154447872,108306432,38170624,4096,135168,28073984,1,systemd-journal,S (sleeping),cache-compromised.bnsdq.ozxfs.vcwss-vmdrv.kvugl,0.23194017540204404,0
1759280672,196289,1,0,0,0,0,0,0,0,0,1647706112,1580597248,21061632,N/A,135168,82202624,5,discern-interfa,S (sleeping),cache-compromised.bnsdq.ozxfs.vcwss-vmdrv.kvugl,0.006635182756798996,0
1759280672,196280,1,0,0,0,0,0,0,0,0,1264619520,1264619520,16289792,N/A,135168,45826048,4,discern-proc-so,R (running),cache-compromised.bnsdq.ozxfs.vcwss-vmdrv.kvugl,2.604307990886054,0
1759280677,380,1,103,103,103,103,109,109,109,109,38969344,38969344,33394688,N/A,135168,31240192,1,dbus-daemon,S (sleeping),cache-compromised.bnsdq.ozxfs.vcwss-vmdrv.kvugl,0.20372481241252643,0
1759280677,196269,1,0,0,0,0,0,0,0,0,1954725888,1939677184,29458432,N/A,135168,179122176,15,discern-network,S (sleeping),cache-compromised.bnsdq.ozxfs.vcwss-vmdrv.kvugl,0.5218853555241315,0
1759280677,181,1,0,0,0,0,0,0,0,0,154447872,108306432,38170624,4096,135168,28073984,1,systemd-journal,S (sleeping),cache-compromised.bnsdq.ozxfs.vcwss-vmdrv.kvugl,0.23192374527309365,0
1759280677,196289,1,0,0,0,0,0,0,0,0,1647706112,1580597248,21061632,N/A,135168,82202624,5,discern-interfa,S (sleeping),cache-compromised.bnsdq.ozxfs.vcwss-vmdrv.kvugl,0.006523562890868725,0
1759280677,196280,1,0,0,0,0,0,0,0,0,1264619520,1264619520,16289792,N/A,135168,45826048,4,discern-proc-so,S (sleeping),cache-compromised.bnsdq.ozxfs.vcwss-vmdrv.kvugl,2.609424365036726,0
1759280682,380,1,103,103,103,103,109,109,109,109,38969344,38969344,33394688,N/A,135168,31240192,1,dbus-daemon,S (sleeping),cache-compromised.bnsdq.ozxfs.vcwss-vmdrv.kvugl,0.20380435681587694,0
1759280682,196269,1,0,0,0,0,0,0,0,0,1954725888,1939677184,29458432,N/A,135168,179122176,15,discern-network,S (sleeping),cache-compromised.bnsdq.ozxfs.vcwss-vmdrv.kvugl,0.5196756281047719,0
1759280682,181,1,0,0,0,0,0,0,0,0,154447872,108306432,38170624,4096,135168,28073984,1,systemd-journal,S (sleeping),cache-compromised.bnsdq.ozxfs.vcwss-vmdrv.kvugl,0.2319074326845199,0
1759280682,196289,1,0,0,0,0,0,0,0,0,1647706112,1580597248,21061632,N/A,135168,82202624,5,discern-interfa,S (sleeping),cache-compromised.bnsdq.ozxfs.vcwss-vmdrv.kvugl,0.006415744055964548,0
1759280682,196280,1,0,0,0,0,0,0,0,0,1264619520,1264619520,16289792,N/A,135168,45826048,4,discern-proc-so,S (sleeping),cache-compromised.bnsdq.ozxfs.vcwss-vmdrv.kvugl,2.60479120148754,0
1759280687,380,1,103,103,103,103,109,109,109,109,38969344,38969344,33394688,N/A,135168,31240192,1,dbus-daemon,S (sleeping),cache-compromised.bnsdq.ozxfs.vcwss-vmdrv.kvugl,0.20371649365947775,0
1759280687,196269,1,0,0,0,0,0,0,0,0,1954725888,1939677184,29458432,N/A,135168,179122176,15,discern-network,S (sleeping),cache-compromised.bnsdq.ozxfs.vcwss-vmdrv.kvugl,0.5206920226004064,0
1759280687,181,1,0,0,0,0,0,0,0,0,154447872,108306432,38170624,4096,135168,28073984,1,systemd-journal,S (sleeping),cache-compromised.bnsdq.ozxfs.vcwss-vmdrv.kvugl,0.23180746220620882,0
1759280687,196289,1,0,0,0,0,0,0,0,0,1647706112,1580597248,21061632,N/A,135168,82202624,5,discern-interfa,S (sleeping),cache-compromised.bnsdq.ozxfs.vcwss-vmdrv.kvugl,0.006311414035924051,0
1759280687,196280,1,0,0,0,0,0,0,0,0,1264619520,1264619520,16289792,N/A,135168,45826048,4,discern-proc-so,R (running),cache-compromised.bnsdq.ozxfs.vcwss-vmdrv.kvugl,2.6066132094554497,0
1759280693,380,1,103,103,103,103,109,109,109,109,38969344,38969344,33394688,N/A,135168,31240192,1,dbus-daemon,S (sleeping),cache-compromised.bnsdq.ozxfs.vcwss-vmdrv.kvugl,0.2036287225072119,0
1759280693,196269,1,0,0,0,0,0,0,0,0,1954725888,1939677184,29458432,N/A,135168,179122176,15,discern-network,S (sleeping),cache-compromised.bnsdq.ozxfs.vcwss-vmdrv.kvugl,0.5185721968972891,0
1759280693,181,1,0,0,0,0,0,0,0,0,154447872,108306432,38170624,4096,135168,28073984,1,systemd-journal,S (sleeping),cache-compromised.bnsdq.ozxfs.vcwss-vmdrv.kvugl,0.23170759694158358,0
1759280693,196289,1,0,0,0,0,0,0,0,0,1647706112,1580597248,21061632,N/A,135168,82202624,5,discern-interfa,S (sleeping),cache-compromised.bnsdq.ozxfs.vcwss-vmdrv.kvugl,0.006210441781039981,0
1759280693,196280,1,0,0,0,0,0,0,0,0,1264619520,1264619520,16289792,N/A,135168,45826048,4,discern-proc-so,S (sleeping),cache-compromised.bnsdq.ozxfs.vcwss-vmdrv.kvugl,2.6083846388393175,0
1759280698,380,1,103,103,103,103,109,109,109,109,38969344,38969344,33394688,N/A,135168,31240192,1,dbus-daemon,S (sleeping),cache-compromised.bnsdq.ozxfs.vcwss-vmdrv.kvugl,0.20362433089650253,0
1759280698,196269,1,0,0,0,0,0,0,0,0,1954725888,1939677184,29458432,N/A,135168,179122176,15,discern-network,S (sleeping),cache-compromised.bnsdq.ozxfs.vcwss-vmdrv.kvugl,0.5195487676416047,0
1759280698,181,1,0,0,0,0,0,0,0,0,154447872,108306432,38170624,4096,135168,28073984,1,systemd-journal,S (sleeping),cache-compromised.bnsdq.ozxfs.vcwss-vmdrv.kvugl,0.23169107446397127,0
1759280698,196289,1,0,0,0,0,0,0,0,0,1647706112,1580597248,21061632,N/A,135168,82202624,5,discern-interfa,S (sleeping),cache-compromised.bnsdq.ozxfs.vcwss-vmdrv.kvugl,0.006112333096813804,0
1759280698,196280,1,0,0,0,0,0,0,0,0,1264619520,1264619520,16289792,N/A,135168,45826048,4,discern-proc-so,R (running),cache-compromised.bnsdq.ozxfs.vcwss-vmdrv.kvugl,2.6160772976185442,0
1759280703,380,1,103,103,103,103,109,109,109,109,38969344,38969344,33394688,N/A,135168,31240192,1,dbus-daemon,S (sleeping),cache-compromised.bnsdq.ozxfs.vcwss-vmdrv.kvugl,0.2037037825937943,0
1759280703,196269,1,0,0,0,0,0,0,0,0,1954725888,1939677184,29458432,N/A,135168,179122176,15,discern-network,S (sleeping),cache-compromised.bnsdq.ozxfs.vcwss-vmdrv.kvugl,0.5175125291398877,0
1759280703,181,1,0,0,0,0,0,0,0,0,154447872,108306432,38170624,4096,135168,28073984,1,systemd-journal,S (sleeping),cache-compromised.bnsdq.ozxfs.vcwss-vmdrv.kvugl,0.23167489196660987,0
1759280703,196289,1,0,0,0,0,0,0,0,0,1647706112,1580597248,21061632,N/A,135168,82202624,5,discern-interfa,S (sleeping),cache-compromised.bnsdq.ozxfs.vcwss-vmdrv.kvugl,0.006017583973300586,0
1759280703,196280,1,0,0,0,0,0,0,0,0,1264619520,1264619520,16289792,N/A,135168,45826048,4,discern-proc-so,R (running),cache-compromised.bnsdq.ozxfs.vcwss-vmdrv.kvugl,2.6176477471722337,0
1759280708,380,1,103,103,103,103,109,109,109,109,38969344,38969344,33394688,N/A,135168,31240192,1,dbus-daemon,S (sleeping),cache-compromised.bnsdq.ozxfs.vcwss-vmdrv.kvugl,0.20361587377739349,0
1759280708,196269,1,0,0,0,0,0,0,0,0,1954725888,1939677184,29458432,N/A,135168,179122176,15,discern-network,S (sleeping),cache-compromised.bnsdq.ozxfs.vcwss-vmdrv.kvugl,0.521440844660181,0
1759280708,181,1,0,0,0,0,0,0,0,0,154447872,108306432,38170624,4096,135168,28073984,1,systemd-journal,S (sleeping),cache-compromised.bnsdq.ozxfs.vcwss-vmdrv.kvugl,0.23157492060812776,0
1759280708,196289,1,0,0,0,0,0,0,0,0,1647706112,1580597248,21061632,N/A,135168,82202624,5,discern-interfa,S (sleeping),cache-compromised.bnsdq.ozxfs.vcwss-vmdrv.kvugl,0.005925460756276038,0
1759280708,196280,1,0,0,0,0,0,0,0,0,1264619520,1264619520,16289792,N/A,135168,45826048,4,discern-proc-so,S (sleeping),cache-compromised.bnsdq.ozxfs.vcwss-vmdrv.kvugl,2.6160901923704576,0
1759280713,380,1,103,103,103,103,109,109,109,109,38969344,38969344,33394688,N/A,135168,31240192,1,dbus-daemon,S (sleeping),cache-compromised.bnsdq.ozxfs.vcwss-vmdrv.kvugl,0.20352826363336762,0
1759280713,196269,1,0,0,0,0,0,0,0,0,1954725888,1939677184,29458432,N/A,135168,179122176,15,discern-network,S (sleeping),cache-compromised.bnsdq.ozxfs.vcwss-vmdrv.kvugl,0.5194344451980302,0
1759280713,181,1,0,0,0,0,0,0,0,0,154447872,108306432,38170624,4096,135168,28073984,1,systemd-journal,S (sleeping),cache-compromised.bnsdq.ozxfs.vcwss-vmdrv.kvugl,0.23147528862263134,0
1759280713,196289,1,0,0,0,0,0,0,0,0,1647706112,1580597248,21061632,N/A,135168,82202624,5,discern-interfa,S (sleeping),cache-compromised.bnsdq.ozxfs.vcwss-vmdrv.kvugl,0.005836338679631145,0
1759280713,196280,1,0,0,0,0,0,0,0,0,1264619520,1264619520,16289792,N/A,135168,45826048,4,discern-proc-so,S (sleeping),cache-compromised.bnsdq.ozxfs.vcwss-vmdrv.kvugl,2.6117607336208986,0
1759280718,380,1,103,103,103,103,109,109,109,109,38969344,38969344,33394688,N/A,135168,31240192,1,dbus-daemon,S (sleeping),cache-compromised.bnsdq.ozxfs.vcwss-vmdrv.kvugl,0.20352388856564604,0
1759280718,196269,1,0,0,0,0,0,0,0,0,1954725888,1939677184,29458432,N/A,135168,179122176,15,discern-network,S (sleeping),cache-compromised.bnsdq.ozxfs.vcwss-vmdrv.kvugl,0.5232120415757949,0
1759280718,181,1,0,0,0,0,0,0,0,0,154447872,108306432,38170624,4096,135168,28073984,1,systemd-journal,S (sleeping),cache-compromised.bnsdq.ozxfs.vcwss-vmdrv.kvugl,0.23145885501062818,0
1759280718,196289,1,0,0,0,0,0,0,0,0,1647706112,1580597248,21061632,N/A,135168,82202624,5,discern-interfa,S (sleeping),cache-compromised.bnsdq.ozxfs.vcwss-vmdrv.kvugl,0.005749578651770548,0
1759280718,196280,1,0,0,0,0,0,0,0,0,1264619520,1264619520,16289792,N/A,135168,45826048,4,discern-proc-so,R (running),cache-compromised.bnsdq.ozxfs.vcwss-vmdrv.kvugl,2.618932320192874,0
1759280724,380,1,103,103,103,103,109,109,109,109,38969344,38969344,33394688,N/A,135168,31240192,1,dbus-daemon,S (sleeping),cache-compromised.bnsdq.ozxfs.vcwss-vmdrv.kvugl,0.20360325444520966,0
1759280724,196269,1,0,0,0,0,0,0,0,0,1954725888,1939677184,29458432,N/A,135168,179122176,15,discern-network,S (sleeping),cache-compromised.bnsdq.ozxfs.vcwss-vmdrv.kvugl,0.5240749272757044,0
1759280724,181,1,0,0,0,0,0,0,0,0,154447872,108306432,38170624,4096,135168,28073984,1,systemd-journal,S (sleeping),cache-compromised.bnsdq.ozxfs.vcwss-vmdrv.kvugl,0.231359407156779,0
1759280724,196289,1,0,0,0,0,0,0,0,0,1647706112,1580597248,21061632,N/A,135168,82202624,5,discern-interfa,S (sleeping),cache-compromised.bnsdq.ozxfs.vcwss-vmdrv.kvugl,0.0056656714420392235,0
1759280724,196280,1,0,0,0,0,0,0,0,0,1264619520,1264619520,16289792,N/A,135168,45826048,4,discern-proc-so,S (sleeping),cache-compromised.bnsdq.ozxfs.vcwss-vmdrv.kvugl,2.6147066695660244,0
1759280729,380,1,103,103,103,103,109,109,109,109,38969344,38969344,33394688,N/A,135168,31240192,1,dbus-daemon,S (sleeping),cache-compromised.bnsdq.ozxfs.vcwss-vmdrv.kvugl,0.20351574048184304,0
1759280729,196269,1,0,0,0,0,0,0,0,0,1954725888,1939677184,29458432,N/A,135168,179122176,15,discern-network,S (sleeping),cache-compromised.bnsdq.ozxfs.vcwss-vmdrv.kvugl,0.5221154064920389,0
1759280729,181,1,0,0,0,0,0,0,0,0,154447872,108306432,38170624,4096,135168,28073984,1,systemd-journal,S (sleeping),cache-compromised.bnsdq.ozxfs.vcwss-vmdrv.kvugl,0.23125997113011523,0
1759280729,196289,1,0,0,0,0,0,0,0,0,1647706112,1580597248,21061632,N/A,135168,82202624,5,discern-interfa,S (sleeping),cache-compromised.bnsdq.ozxfs.vcwss-vmdrv.kvugl,0.005584118906979441,0
1759280729,196280,1,0,0,0,0,0,0,0,0,1264619520,1264619520,16289792,N/A,135168,45826048,4,discern-proc-so,R (running),cache-compromised.bnsdq.ozxfs.vcwss-vmdrv.kvugl,2.618951062536622,0
1759280734,380,1,103,103,103,103,109,109,109,109,38969344,38969344,33394688,N/A,135168,31240192,1,dbus-daemon,S (sleeping),cache-compromised.bnsdq.ozxfs.vcwss-vmdrv.kvugl,0.20342826783939502,0
1759280734,196269,1,0,0,0,0,0,0,0,0,1954725888,1939677184,29458432,N/A,135168,179122176,15,discern-network,S (sleeping),cache-compromised.bnsdq.ozxfs.vcwss-vmdrv.kvugl,0.5229610634246428,0
1759280734,181,1,0,0,0,0,0,0,0,0,154447872,108306432,38170624,4096,135168,28073984,1,systemd-journal,S (sleeping),cache-compromised.bnsdq.ozxfs.vcwss-vmdrv.kvugl,0.23124391321039633,0
1759280734,196289,1,0,0,0,0,0,0,0,0,1647706112,1580597248,21061632,N/A,135168,82202624,5,discern-interfa,S (sleeping),cache-compromised.bnsdq.ozxfs.vcwss-vmdrv.kvugl,0.005504850386702132,0
1759280734,196280,1,0,0,0,0,0,0,0,0,1264619520,1264619520,16289792,N/A,135168,45826048,4,discern-proc-so,S (sleeping),cache-compromised.bnsdq.ozxfs.vcwss-vmdrv.kvugl,2.620308101420868,0
1759280739,380,1,103,103,103,103,109,109,109,109,38969344,38969344,33394688,N/A,135168,31240192,1,dbus-daemon,S (sleeping),cache-compromised.bnsdq.ozxfs.vcwss-vmdrv.kvugl,0.20359076229695933,0
1759280739,196269,1,0,0,0,0,0,0,0,0,1954725888,1939677184,29458432,N/A,135168,179122176,15,discern-network,S (sleeping),cache-compromised.bnsdq.ozxfs.vcwss-vmdrv.kvugl,0.5264957078892226,0
1759280739,181,1,0,0,0,0,0,0,0,0,154447872,108306432,38170624,4096,135168,28073984,1,systemd-journal,S (sleeping),cache-compromised.bnsdq.ozxfs.vcwss-vmdrv.kvugl,0.23131114751427234,0
1759280739,196289,1,0,0,0,0,0,0,0,0,1647706112,1580597248,21061632,N/A,135168,82202624,5,discern-interfa,S (sleeping),cache-compromised.bnsdq.ozxfs.vcwss-vmdrv.kvugl,0.005427787841822734,0
1759280739,196280,1,0,0,0,0,0,0,0,0,1264619520,1264619520,16289792,N/A,135168,45826048,4,discern-proc-so,R (running),cache-compromised.bnsdq.ozxfs.vcwss-vmdrv.kvugl,2.6216208274186017,0
1759280744,380,1,103,103,103,103,109,109,109,109,38969344,38969344,33394688,N/A,135168,31240192,1,dbus-daemon,S (sleeping),cache-compromised.bnsdq.ozxfs.vcwss-vmdrv.kvugl,0.20350356937130107,0
1759280744,196269,1,0,0,0,0,0,0,0,0,1954725888,1939677184,29458432,N/A,135168,179122176,15,discern-network,S (sleeping),cache-compromised.bnsdq.ozxfs.vcwss-vmdrv.kvugl,0.5272772643865259,0
1759280744,181,1,0,0,0,0,0,0,0,0,154447872,108306432,38170624,4096,135168,28073984,1,systemd-journal,S (sleeping),cache-compromised.bnsdq.ozxfs.vcwss-vmdrv.kvugl,0.23121208963658146,0
1759280744,196289,1,0,0,0,0,0,0,0,0,1647706112,1580597248,21061632,N/A,135168,82202624,5,discern-interfa,S (sleeping),cache-compromised.bnsdq.ozxfs.vcwss-vmdrv.kvugl,0.00535306476431421,0
1759280744,196280,1,0,0,0,0,0,0,0,0,1264619520,1264619520,16289792,N/A,135168,45826048,4,discern-proc-so,R (running),cache-compromised.bnsdq.ozxfs.vcwss-vmdrv.kvugl,2.6203245131300057,0
1759280749,380,1,103,103,103,103,109,109,109,109,38969344,38969344,33394688,N/A,135168,31240192,1,dbus-daemon,S (sleeping),cache-compromised.bnsdq.ozxfs.vcwss-vmdrv.kvugl,0.20341644754968283,0
1759280749,196269,1,0,0,0,0,0,0,0,0,1954725888,1939677184,29458432,N/A,135168,179122176,15,discern-network,S (sleeping),cache-compromised.bnsdq.ozxfs.vcwss-vmdrv.kvugl,0.5253971127858401,0
1759280749,181,1,0,0,0,0,0,0,0,0,154447872,108306432,38170624,4096,135168,28073984,1,systemd-journal,S (sleeping),cache-compromised.bnsdq.ozxfs.vcwss-vmdrv.kvugl,0.23111311435798765,0
1759280749,196289,1,0,0,0,0,0,0,0,0,1647706112,1580597248,21061632,N/A,135168,82202624,5,discern-interfa,S (sleeping),cache-compromised.bnsdq.ozxfs.vcwss-vmdrv.kvugl,0.0052803696983310475,0
1759280749,196280,1,0,0,0,0,0,0,0,0,1264619520,1264619520,16289792,N/A,135168,45826048,4,discern-proc-so,S (sleeping),cache-compromised.bnsdq.ozxfs.vcwss-vmdrv.kvugl,2.619062622106838,0
1759280754,380,1,103,103,103,103,109,109,109,109,38969344,38969344,33394688,N/A,135168,31240192,1,dbus-daemon,S (sleeping),cache-compromised.bnsdq.ozxfs.vcwss-vmdrv.kvugl,0.20332910497896609,0
1759280754,196269,1,0,0,0,0,0,0,0,0,1954725888,1939677184,29458432,N/A,135168,179122176,15,discern-network,S (sleeping),cache-compromised.bnsdq.ozxfs.vcwss-vmdrv.kvugl,0.5235435865531445,0
1759280754,181,1,0,0,0,0,0,0,0,0,154447872,108306432,38170624,4096,135168,28073984,1,systemd-journal,S (sleeping),cache-compromised.bnsdq.ozxfs.vcwss-vmdrv.kvugl,0.2310138883237401,0
1759280754,196289,1,0,0,0,0,0,0,0,0,1647706112,1580597248,21061632,N/A,135168,82202624,5,discern-interfa,S (sleeping),cache-compromised.bnsdq.ozxfs.vcwss-vmdrv.kvugl,0.005209386203722012,0
1759280754,196280,1,0,0,0,0,0,0,0,0,1264619520,1264619520,16289792,N/A,135168,45826048,4,discern-proc-so,S (sleeping),cache-compromised.bnsdq.ozxfs.vcwss-vmdrv.kvugl,2.622925300026171,0
1759280760,380,1,103,103,103,103,109,109,109,109,38969344,38969344,33394688,N/A,135168,31240192,1,dbus-daemon,S (sleeping),cache-compromised.bnsdq.ozxfs.vcwss-vmdrv.kvugl,0.20340817598976416,0
1759280760,196269,1,0,0,0,0,0,0,0,0,1954725888,1939677184,29458432,N/A,135168,179122176,15,discern-network,S (sleeping),cache-compromised.bnsdq.ozxfs.vcwss-vmdrv.kvugl,0.5243108146123011,0
1759280760,181,1,0,0,0,0,0,0,0,0,154447872,108306432,38170624,4096,135168,28073984,1,systemd-journal,S (sleeping),cache-compromised.bnsdq.ozxfs.vcwss-vmdrv.kvugl,0.23108107282543697,0
1759280760,196289,1,0,0,0,0,0,0,0,0,1647706112,1580597248,21061632,N/A,135168,82202624,5,discern-interfa,S (sleeping),cache-compromised.bnsdq.ozxfs.vcwss-vmdrv.kvugl,0.005140295601713164,0
1759280760,196280,1,0,0,0,0,0,0,0,0,1264619520,1264619520,16289792,N/A,135168,45826048,4,discern-proc-so,S (sleeping),cache-compromised.bnsdq.ozxfs.vcwss-vmdrv.kvugl,2.621549853924863,0
1759280765,380,1,103,103,103,103,109,109,109,109,38969344,38969344,33394688,N/A,135168,31240192,1,dbus-daemon,S (sleeping),cache-compromised.bnsdq.ozxfs.vcwss-vmdrv.kvugl,0.20332072076087046,0
1759280765,196269,1,0,0,0,0,0,0,0,0,1954725888,1939677184,29458432,N/A,135168,179122176,15,discern-network,S (sleeping),cache-compromised.bnsdq.ozxfs.vcwss-vmdrv.kvugl,0.5250415355816047,0
1759280765,181,1,0,0,0,0,0,0,0,0,154447872,108306432,38170624,4096,135168,28073984,1,systemd-journal,S (sleeping),cache-compromised.bnsdq.ozxfs.vcwss-vmdrv.kvugl,0.23098172947742346,0
1759280765,196289,1,0,0,0,0,0,0,0,0,1647706112,1580597248,21061632,N/A,135168,82202624,5,discern-interfa,S (sleeping),cache-compromised.bnsdq.ozxfs.vcwss-vmdrv.kvugl,0.005072862446478275,0
1759280765,196280,1,0,0,0,0,0,0,0,0,1264619520,1264619520,16289792,N/A,135168,45826048,4,discern-proc-so,S (sleeping),cache-compromised.bnsdq.ozxfs.vcwss-vmdrv.kvugl,2.6226692484047125,0
1759280770,380,1,103,103,103,103,109,109,109,109,38969344,38969344,33394688,N/A,135168,31240192,1,dbus-daemon,S (sleeping),cache-compromised.bnsdq.ozxfs.vcwss-vmdrv.kvugl,0.2032338708134283,0
1759280770,196269,1,0,0,0,0,0,0,0,0,1954725888,1939677184,29458432,N/A,135168,179122176,15,discern-network,S (sleeping),cache-compromised.bnsdq.ozxfs.vcwss-vmdrv.kvugl,0.5257945601847273,0
1759280770,181,1,0,0,0,0,0,0,0,0,154447872,108306432,38170624,4096,135168,28073984,1,systemd-journal,S (sleeping),cache-compromised.bnsdq.ozxfs.vcwss-vmdrv.kvugl,0.23088307203091912,0
1759280770,196289,1,0,0,0,0,0,0,0,0,1647706112,1580597248,21061632,N/A,135168,82202624,5,discern-interfa,S (sleeping),cache-compromised.bnsdq.ozxfs.vcwss-vmdrv.kvugl,0.005007564689616524,0
1759280770,196280,1,0,0,0,0,0,0,0,0,1264619520,1264619520,16289792,N/A,135168,45826048,4,discern-proc-so,R (running),cache-compromised.bnsdq.ozxfs.vcwss-vmdrv.kvugl,2.6164519223301674,0
1759280775,380,1,103,103,103,103,109,109,109,109,38969344,38969344,33394688,N/A,135168,31240192,1,dbus-daemon,S (sleeping),cache-compromised.bnsdq.ozxfs.vcwss-vmdrv.kvugl,0.20322956318607346,0
1759280775,196269,1,0,0,0,0,0,0,0,0,1954725888,1939677184,29458432,N/A,135168,179122176,15,discern-network,S (sleeping),cache-compromised.bnsdq.ozxfs.vcwss-vmdrv.kvugl,0.5264833835189596,0
1759280775,181,1,0,0,0,0,0,0,0,0,154447872,108306432,38170624,4096,135168,28073984,1,systemd-journal,S (sleeping),cache-compromised.bnsdq.ozxfs.vcwss-vmdrv.kvugl,0.23078383527580668,0
1759280775,196289,1,0,0,0,0,0,0,0,0,1647706112,1580597248,21061632,N/A,135168,82202624,5,discern-interfa,S (sleeping),cache-compromised.bnsdq.ozxfs.vcwss-vmdrv.kvugl,0.004943503079925711,0
1759280775,196280,1,0,0,0,0,0,0,0,0,1264619520,1264619520,16289792,N/A,135168,45826048,4,discern-proc-so,S (sleeping),cache-compromised.bnsdq.ozxfs.vcwss-vmdrv.kvugl,2.62252776924839,0
1759280780,380,1,103,103,103,103,109,109,109,109,38969344,38969344,33394688,N/A,135168,31240192,1,dbus-daemon,S (sleeping),cache-compromised.bnsdq.ozxfs.vcwss-vmdrv.kvugl,0.20330866160246328,0
1759280780,196269,1,0,0,0,0,0,0,0,0,1954725888,1939677184,29458432,N/A,135168,179122176,15,discern-network,S (sleeping),cache-compromised.bnsdq.ozxfs.vcwss-vmdrv.kvugl,0.5247435100132346,0
1759280780,181,1,0,0,0,0,0,0,0,0,154447872,108306432,38170624,4096,135168,28073984,1,systemd-journal,S (sleeping),cache-compromised.bnsdq.ozxfs.vcwss-vmdrv.kvugl,0.23076813087638662,0
1759280780,196289,1,0,0,0,0,0,0,0,0,1647706112,1580597248,21061632,N/A,135168,82202624,5,discern-interfa,S (sleeping),cache-compromised.bnsdq.ozxfs.vcwss-vmdrv.kvugl,0.004881332602893834,0
1759280780,196280,1,0,0,0,0,0,0,0,0,1264619520,1264619520,16289792,N/A,135168,45826048,4,discern-proc-so,R (running),cache-compromised.bnsdq.ozxfs.vcwss-vmdrv.kvugl,2.623715655780063,0
1759280785,380,1,103,103,103,103,109,109,109,109,38969344,38969344,33394688,N/A,135168,31240192,1,dbus-daemon,S (sleeping),cache-compromised.bnsdq.ozxfs.vcwss-vmdrv.kvugl,0.20322174469445586,0
1759280785,196269,1,0,0,0,0,0,0,0,0,1954725888,1939677184,29458432,N/A,135168,179122176,15,discern-network,S (sleeping),cache-compromised.bnsdq.ozxfs.vcwss-vmdrv.kvugl,0.5254583660586963,0
1759280785,181,1,0,0,0,0,0,0,0,0,154447872,108306432,38170624,4096,135168,28073984,1,systemd-journal,S (sleeping),cache-compromised.bnsdq.ozxfs.vcwss-vmdrv.kvugl,0.23066948294278694,0
1759280785,196289,1,0,0,0,0,0,0,0,0,1647706112,1580597248,21061632,N/A,135168,82202624,5,discern-interfa,S (sleeping),cache-compromised.bnsdq.ozxfs.vcwss-vmdrv.kvugl,0.004820716658006265,0
1759280785,196280,1,0,0,0,0,0,0,0,0,1264619520,1264619520,16289792,N/A,135168,45826048,4,discern-proc-so,S (sleeping),cache-compromised.bnsdq.ozxfs.vcwss-vmdrv.kvugl,2.624879605486843,0
1759280791,380,1,103,103,103,103,109,109,109,109,38969344,38969344,33394688,N/A,135168,31240192,1,dbus-daemon,S (sleeping),cache-compromised.bnsdq.ozxfs.vcwss-vmdrv.kvugl,0.20313464412874005,0
1759280791,196269,1,0,0,0,0,0,0,0,0,1954725888,1939677184,29458432,N/A,135168,179122176,15,discern-network,S (sleeping),cache-compromised.bnsdq.ozxfs.vcwss-vmdrv.kvugl,0.5261365144996083,0
1759280791,181,1,0,0,0,0,0,0,0,0,154447872,108306432,38170624,4096,135168,28073984,1,systemd-journal,S (sleeping),cache-compromised.bnsdq.ozxfs.vcwss-vmdrv.kvugl,0.2305706246480716,0
1759280791,196289,1,0,0,0,0,0,0,0,0,1647706112,1580597248,21061632,N/A,135168,82202624,5,discern-interfa,S (sleeping),cache-compromised.bnsdq.ozxfs.vcwss-vmdrv.kvugl,0.004761412286447208,0
1759280791,196280,1,0,0,0,0,0,0,0,0,1264619520,1264619520,16289792,N/A,135168,45826048,4,discern-proc-so,R (running),cache-compromised.bnsdq.ozxfs.vcwss-vmdrv.kvugl,2.62591819841502,0
1759280796,380,1,103,103,103,103,109,109,109,109,38969344,38969344,33394688,N/A,135168,31240192,1,dbus-daemon,S (sleeping),cache-compromised.bnsdq.ozxfs.vcwss-vmdrv.kvugl,0.203213430908858,0
1759280796,196269,1,0,0,0,0,0,0,0,0,1954725888,1939677184,29458432,N/A,135168,179122176,15,discern-network,S (sleeping),cache-compromised.bnsdq.ozxfs.vcwss-vmdrv.kvugl,0.5267974818781003,0
1759280796,181,1,0,0,0,0,0,0,0,0,154447872,108306432,38170624,4096,135168,28073984,1,systemd-journal,S (sleeping),cache-compromised.bnsdq.ozxfs.vcwss-vmdrv.kvugl,0.23055474720177224,0
1759280796,196289,1,0,0,0,0,0,0,0,0,1647706112,1580597248,21061632,N/A,135168,82202624,5,discern-interfa,S (sleeping),cache-compromised.bnsdq.ozxfs.vcwss-vmdrv.kvugl,0.004703545705086881,0
1759280796,196280,1,0,0,0,0,0,0,0,0,1264619520,1264619520,16289792,N/A,135168,45826048,4,discern-proc-so,S (sleeping),cache-compromised.bnsdq.ozxfs.vcwss-vmdrv.kvugl,2.629281389113519,0
1759280801,380,1,103,103,103,103,109,109,109,109,38969344,38969344,33394688,N/A,135168,31240192,1,dbus-daemon,S (sleeping),cache-compromised.bnsdq.ozxfs.vcwss-vmdrv.kvugl,0.2032095592452714,0
1759280801,196269,1,0,0,0,0,0,0,0,0,1954725888,1939677184,29458432,N/A,135168,179122176,15,discern-network,S (sleeping),cache-compromised.bnsdq.ozxfs.vcwss-vmdrv.kvugl,0.5274634308536726,0
1759280801,181,1,0,0,0,0,0,0,0,0,154447872,108306432,38170624,4096,135168,28073984,1,systemd-journal,S (sleeping),cache-compromised.bnsdq.ozxfs.vcwss-vmdrv.kvugl,0.23053920721362478,0
1759280801,196289,1,0,0,0,0,0,0,0,0,1647706112,1580597248,21061632,N/A,135168,82202624,5,discern-interfa,S (sleeping),cache-compromised.bnsdq.ozxfs.vcwss-vmdrv.kvugl,0.004647252532802052,0
1759280801,196280,1,0,0,0,0,0,0,0,0,1264619520,1264619520,16289792,N/A,135168,45826048,4,discern-proc-so,R (running),cache-compromised.bnsdq.ozxfs.vcwss-vmdrv.kvugl,2.6303443496192553,0
1759280806,380,1,103,103,103,103,109,109,109,109,38969344,38969344,33394688,N/A,135168,31240192,1,dbus-daemon,S (sleeping),cache-compromised.bnsdq.ozxfs.vcwss-vmdrv.kvugl,0.20312262469273146,0
1759280806,196269,1,0,0,0,0,0,0,0,0,1954725888,1939677184,29458432,N/A,135168,179122176,15,discern-network,S (sleeping),cache-compromised.bnsdq.ozxfs.vcwss-vmdrv.kvugl,0.5258010966400151,0
1759280806,181,1,0,0,0,0,0,0,0,0,154447872,108306432,38170624,4096,135168,28073984,1,systemd-journal,S (sleeping),cache-compromised.bnsdq.ozxfs.vcwss-vmdrv.kvugl,0.2304405884539517,0
1759280806,196289,1,0,0,0,0,0,0,0,0,1647706112,1580597248,21061632,N/A,135168,82202624,5,discern-interfa,S (sleeping),cache-compromised.bnsdq.ozxfs.vcwss-vmdrv.kvugl,0.0045921468164731374,0
1759280806,196280,1,0,0,0,0,0,0,0,0,1264619520,1264619520,16289792,N/A,135168,45826048,4,discern-proc-so,S (sleeping),cache-compromised.bnsdq.ozxfs.vcwss-vmdrv.kvugl,2.6358915271334262,0
1759280811,380,1,103,103,103,103,109,109,109,109,38969344,38969344,33394688,N/A,135168,31240192,1,dbus-daemon,S (sleeping),cache-compromised.bnsdq.ozxfs.vcwss-vmdrv.kvugl,0.20303671419784772,0
1759280811,196269,1,0,0,0,0,0,0,0,0,1954725888,1939677184,29458432,N/A,135168,179122176,15,discern-network,S (sleeping),cache-compromised.bnsdq.ozxfs.vcwss-vmdrv.kvugl,0.5287839148317739,0
1759280811,181,1,0,0,0,0,0,0,0,0,154447872,108306432,38170624,4096,135168,28073984,1,systemd-journal,S (sleeping),cache-compromised.bnsdq.ozxfs.vcwss-vmdrv.kvugl,0.2303431325790665,0
1759280811,196289,1,0,0,0,0,0,0,0,0,1647706112,1580597248,21061632,N/A,135168,82202624,5,discern-interfa,S (sleeping),cache-compromised.bnsdq.ozxfs.vcwss-vmdrv.kvugl,0.0045389155516999714,0
1759280811,196280,1,0,0,0,0,0,0,0,0,1264619520,1264619520,16289792,N/A,135168,45826048,4,discern-proc-so,R (running),cache-compromised.bnsdq.ozxfs.vcwss-vmdrv.kvugl,2.6257618202327695,0
1759280816,380,1,103,103,103,103,109,109,109,109,38969344,38969344,33394688,N/A,135168,31240192,1,dbus-daemon,S (sleeping),cache-compromised.bnsdq.ozxfs.vcwss-vmdrv.kvugl,0.20319838087720615,0
1759280816,196269,1,0,0,0,0,0,0,0,0,1954725888,1939677184,29458432,N/A,135168,179122176,15,discern-network,S (sleeping),cache-compromised.bnsdq.ozxfs.vcwss-vmdrv.kvugl,0.5271548914409678,0
1759280816,181,1,0,0,0,0,0,0,0,0,154447872,108306432,38170624,4096,135168,28073984,1,systemd-journal,S (sleeping),cache-compromised.bnsdq.ozxfs.vcwss-vmdrv.kvugl,0.23041037238456633,0
1759280816,196289,1,0,0,0,0,0,0,0,0,1647706112,1580597248,21061632,N/A,135168,82202624,5,discern-interfa,S (sleeping),cache-compromised.bnsdq.ozxfs.vcwss-vmdrv.kvugl,0.004486422655149712,0
1759280816,196280,1,0,0,0,0,0,0,0,0,1264619520,1264619520,16289792,N/A,135168,45826048,4,discern-proc-so,S (sleeping),cache-compromised.bnsdq.ozxfs.vcwss-vmdrv.kvugl,2.624556697306178,0
1759280821,380,1,103,103,103,103,109,109,109,109,38969344,38969344,33394688,N/A,135168,31240192,1,dbus-daemon,S (sleeping),cache-compromised.bnsdq.ozxfs.vcwss-vmdrv.kvugl,0.20311235849387024,0
1759280821,196269,1,0,0,0,0,0,0,0,0,1954725888,1939677184,29458432,N/A,135168,179122176,15,discern-network,S (sleeping),cache-compromised.bnsdq.ozxfs.vcwss-vmdrv.kvugl,0.5278259753079058,0
1759280821,181,1,0,0,0,0,0,0,0,0,154447872,108306432,38170624,4096,135168,28073984,1,systemd-journal,S (sleeping),cache-compromised.bnsdq.ozxfs.vcwss-vmdrv.kvugl,0.2303128375992489,0
1759280821,196289,1,0,0,0,0,0,0,0,0,1647706112,1580597248,21061632,N/A,135168,82202624,5,discern-interfa,S (sleeping),cache-compromised.bnsdq.ozxfs.vcwss-vmdrv.kvugl,0.004435510331170954,0
1759280821,196280,1,0,0,0,0,0,0,0,0,1264619520,1264619520,16289792,N/A,135168,45826048,4,discern-proc-so,R (running),cache-compromised.bnsdq.ozxfs.vcwss-vmdrv.kvugl,2.616950519304285,0
1759280827,380,1,103,103,103,103,109,109,109,109,38969344,38969344,33394688,N/A,135168,31240192,1,dbus-daemon,S (sleeping),cache-compromised.bnsdq.ozxfs.vcwss-vmdrv.kvugl,0.20302568349096556,0
1759280827,196269,1,0,0,0,0,0,0,0,0,1954725888,1939677184,29458432,N/A,135168,179122176,15,discern-network,S (sleeping),cache-compromised.bnsdq.ozxfs.vcwss-vmdrv.kvugl,0.5262392971470538,0
1759280827,181,1,0,0,0,0,0,0,0,0,154447872,108306432,38170624,4096,135168,28073984,1,systemd-journal,S (sleeping),cache-compromised.bnsdq.ozxfs.vcwss-vmdrv.kvugl,0.23021456354570896,0
1759280827,196280,1,0,0,0,0,0,0,0,0,1264619520,1264619520,16289792,N/A,135168,45826048,4,discern-proc-so,R (running),cache-compromised.bnsdq.ozxfs.vcwss-vmdrv.kvugl,2.6180393366516372,0
1759280827,196289,1,0,0,0,0,0,0,0,0,1647706112,1580597248,21061632,N/A,135168,82202624,5,discern-interfa,S (sleeping),cache-compromised.bnsdq.ozxfs.vcwss-vmdrv.kvugl,0.00438532455891804,0
1759280832,380,1,103,103,103,103,109,109,109,109,38969344,38969344,33394688,N/A,135168,31240192,1,dbus-daemon,S (sleeping),cache-compromised.bnsdq.ozxfs.vcwss-vmdrv.kvugl,0.20310434207588998,0
1759280832,196269,1,0,0,0,0,0,0,0,0,1954725888,1939677184,29458432,N/A,135168,179122176,15,discern-network,S (sleeping),cache-compromised.bnsdq.ozxfs.vcwss-vmdrv.kvugl,0.5290197641661394,0
1759280832,181,1,0,0,0,0,0,0,0,0,154447872,108306432,38170624,4096,135168,28073984,1,systemd-journal,S (sleeping),cache-compromised.bnsdq.ozxfs.vcwss-vmdrv.kvugl,0.23028160995306893,0
1759280832,196280,1,0,0,0,0,0,0,0,0,1264619520,1264619520,16289792,N/A,135168,45826048,4,discern-proc-so,R (running),cache-compromised.bnsdq.ozxfs.vcwss-vmdrv.kvugl,2.612575696992238,0
1759280832,196289,1,0,0,0,0,0,0,0,0,1647706112,1580597248,21061632,N/A,135168,82202624,5,discern-interfa,S (sleeping),cache-compromised.bnsdq.ozxfs.vcwss-vmdrv.kvugl,0.00433622412906731,0
1759280837,380,1,103,103,103,103,109,109,109,109,38969344,38969344,33394688,N/A,135168,31240192,1,dbus-daemon,S (sleeping),cache-compromised.bnsdq.ozxfs.vcwss-vmdrv.kvugl,0.2031831694737312,0
1759280837,196269,1,0,0,0,0,0,0,0,0,1954725888,1939677184,29458432,N/A,135168,179122176,15,discern-network,S (sleeping),cache-compromised.bnsdq.ozxfs.vcwss-vmdrv.kvugl,0.5296105247814544,0
1759280837,181,1,0,0,0,0,0,0,0,0,154447872,108306432,38170624,4096,135168,28073984,1,systemd-journal,S (sleeping),cache-compromised.bnsdq.ozxfs.vcwss-vmdrv.kvugl,0.23018362409270857,0
1759280837,196289,1,0,0,0,0,0,0,0,0,1647706112,1580597248,21061632,N/A,135168,82202624,5,discern-interfa,S (sleeping),cache-compromised.bnsdq.ozxfs.vcwss-vmdrv.kvugl,0.0042883425696213515,0
1759280837,196280,1,0,0,0,0,0,0,0,0,1264619520,1264619520,16289792,N/A,135168,45826048,4,discern-proc-so,S (sleeping),cache-compromised.bnsdq.ozxfs.vcwss-vmdrv.kvugl,2.6094558737866747,0
1759280842,380,1,103,103,103,103,109,109,109,109,38969344,38969344,33394688,N/A,135168,31240192,1,dbus-daemon,S (sleeping),cache-compromised.bnsdq.ozxfs.vcwss-vmdrv.kvugl,0.20317926809080564,0
1759280842,196269,1,0,0,0,0,0,0,0,0,1954725888,1939677184,29458432,N/A,135168,179122176,15,discern-network,S (sleeping),cache-compromised.bnsdq.ozxfs.vcwss-vmdrv.kvugl,0.528063044339738,0
1759280842,181,1,0,0,0,0,0,0,0,0,154447872,108306432,38170624,4096,135168,28073984,1,systemd-journal,S (sleeping),cache-compromised.bnsdq.ozxfs.vcwss-vmdrv.kvugl,0.23016822995681518,0
1759280842,196289,1,0,0,0,0,0,0,0,0,1647706112,1580597248,21061632,N/A,135168,82202624,5,discern-interfa,S (sleeping),cache-compromised.bnsdq.ozxfs.vcwss-vmdrv.kvugl,0.0042414682001391014,0
1759280842,196280,1,0,0,0,0,0,0,0,0,1264619520,1264619520,16289792,N/A,135168,45826048,4,discern-proc-so,S (sleeping),cache-compromised.bnsdq.ozxfs.vcwss-vmdrv.kvugl,2.6127438928647195,0
1759280847,380,1,103,103,103,103,109,109,109,109,38969344,38969344,33394688,N/A,135168,31240192,1,dbus-daemon,S (sleeping),cache-compromised.bnsdq.ozxfs.vcwss-vmdrv.kvugl,0.2030928050181997,0
1759280847,196269,1,0,0,0,0,0,0,0,0,1954725888,1939677184,29458432,N/A,135168,179122176,15,discern-network,S (sleeping),cache-compromised.bnsdq.ozxfs.vcwss-vmdrv.kvugl,0.5265485637430152,0
1759280847,181,1,0,0,0,0,0,0,0,0,154447872,108306432,38170624,4096,135168,28073984,1,systemd-journal,S (sleeping),cache-compromised.bnsdq.ozxfs.vcwss-vmdrv.kvugl,0.23007028967873838,0
1759280847,196280,1,0,0,0,0,0,0,0,0,1264619520,1264619520,16289792,N/A,135168,45826048,4,discern-proc-so,S (sleeping),cache-compromised.bnsdq.ozxfs.vcwss-vmdrv.kvugl,2.6138614603142387,0
1759280847,196289,1,0,0,0,0,0,0,0,0,1647706112,1580597248,21061632,N/A,135168,82202624,5,discern-interfa,S (sleeping),cache-compromised.bnsdq.ozxfs.vcwss-vmdrv.kvugl,0.004195603390259186,0
1759280852,380,1,103,103,103,103,109,109,109,109,38969344,38969344,33394688,N/A,135168,31240192,1,dbus-daemon,S (sleeping),cache-compromised.bnsdq.ozxfs.vcwss-vmdrv.kvugl,0.20308858313997968,0
1759280852,196269,1,0,0,0,0,0,0,0,0,1954725888,1939677184,29458432,N/A,135168,179122176,15,discern-network,S (sleeping),cache-compromised.bnsdq.ozxfs.vcwss-vmdrv.kvugl,0.5291939205408891,0
1759280852,181,1,0,0,0,0,0,0,0,0,154447872,108306432,38170624,4096,135168,28073984,1,systemd-journal,S (sleeping),cache-compromised.bnsdq.ozxfs.vcwss-vmdrv.kvugl,0.2300545461733757,0
1759280852,196280,1,0,0,0,0,0,0,0,0,1264619520,1264619520,16289792,N/A,135168,45826048,4,discern-proc-so,R (running),cache-compromised.bnsdq.ozxfs.vcwss-vmdrv.kvugl,2.6169146518439,0
1759280852,196289,1,0,0,0,0,0,0,0,0,1647706112,1580597248,21061632,N/A,135168,82202624,5,discern-interfa,S (sleeping),cache-compromised.bnsdq.ozxfs.vcwss-vmdrv.kvugl,0.004150537777686059,0
1759280857,380,1,103,103,103,103,109,109,109,109,38969344,38969344,33394688,N/A,135168,31240192,1,dbus-daemon,S (sleeping),cache-compromised.bnsdq.ozxfs.vcwss-vmdrv.kvugl,0.20316802121102065,0
1759280857,196269,1,0,0,0,0,0,0,0,0,1954725888,1939677184,29458432,N/A,135168,179122176,15,discern-network,S (sleeping),cache-compromised.bnsdq.ozxfs.vcwss-vmdrv.kvugl,0.527752141250199,0
1759280857,181,1,0,0,0,0,0,0,0,0,154447872,108306432,38170624,4096,135168,28073984,1,systemd-journal,S (sleeping),cache-compromised.bnsdq.ozxfs.vcwss-vmdrv.kvugl,0.2300401382768423,0
1759280857,196289,1,0,0,0,0,0,0,0,0,1647706112,1580597248,21061632,N/A,135168,82202624,5,discern-interfa,S (sleeping),cache-compromised.bnsdq.ozxfs.vcwss-vmdrv.kvugl,0.00410701859172745,0
1759280857,196280,1,0,0,0,0,0,0,0,0,1264619520,1264619520,16289792,N/A,135168,45826048,4,discern-proc-so,S (sleeping),cache-compromised.bnsdq.ozxfs.vcwss-vmdrv.kvugl,2.607954704179042,0
1759280863,380,1,103,103,103,103,109,109,109,109,38969344,38969344,33394688,N/A,135168,31240192,1,dbus-daemon,S (sleeping),cache-compromised.bnsdq.ozxfs.vcwss-vmdrv.kvugl,0.20308253274067653,0
1759280863,196269,1,0,0,0,0,0,0,0,0,1954725888,1939677184,29458432,N/A,135168,179122176,15,discern-network,S (sleeping),cache-compromised.bnsdq.ozxfs.vcwss-vmdrv.kvugl,0.5263434107961291,0
1759280863,181,1,0,0,0,0,0,0,0,0,154447872,108306432,38170624,4096,135168,28073984,1,systemd-journal,S (sleeping),cache-compromised.bnsdq.ozxfs.vcwss-vmdrv.kvugl,0.22994335233040886,0
1759280863,196289,1,0,0,0,0,0,0,0,0,1647706112,1580597248,21061632,N/A,135168,82202624,5,discern-interfa,S (sleeping),cache-compromised.bnsdq.ozxfs.vcwss-vmdrv.kvugl,0.00406442621342548,0
1759280863,196280,1,0,0,0,0,0,0,0,0,1264619520,1264619520,16289792,N/A,135168,45826048,4,discern-proc-so,R (running),cache-compromised.bnsdq.ozxfs.vcwss-vmdrv.kvugl,2.5971678494334838,0
1759280868,380,1,103,103,103,103,109,109,109,109,38969344,38969344,33394688,N/A,135168,31240192,1,dbus-daemon,S (sleeping),cache-compromised.bnsdq.ozxfs.vcwss-vmdrv.kvugl,0.2029970509188071,0
1759280868,196269,1,0,0,0,0,0,0,0,0,1954725888,1939677184,29458432,N/A,135168,179122176,15,discern-network,S (sleeping),cache-compromised.bnsdq.ozxfs.vcwss-vmdrv.kvugl,0.5229480785089812,0
1759280868,181,1,0,0,0,0,0,0,0,0,154447872,108306432,38170624,4096,135168,28073984,1,systemd-journal,S (sleeping),cache-compromised.bnsdq.ozxfs.vcwss-vmdrv.kvugl,0.22984657236648298,0
1759280868,196289,1,0,0,0,0,0,0,0,0,1647706112,1580597248,21061632,N/A,135168,82202624,5,discern-interfa,S (sleeping),cache-compromised.bnsdq.ozxfs.vcwss-vmdrv.kvugl,0.004022675978680995,0
1759280868,196280,1,0,0,0,0,0,0,0,0,1264619520,1264619520,16289792,N/A,135168,45826048,4,discern-proc-so,S (sleeping),cache-compromised.bnsdq.ozxfs.vcwss-vmdrv.kvugl,2.588591475996264,0
1759280873,380,1,103,103,103,103,109,109,109,109,38969344,38969344,33394688,N/A,135168,31240192,1,dbus-daemon,S (sleeping),cache-compromised.bnsdq.ozxfs.vcwss-vmdrv.kvugl,0.2029937875566377,0
1759280873,196269,1,0,0,0,0,0,0,0,0,1954725888,1939677184,29458432,N/A,135168,179122176,15,discern-network,S (sleeping),cache-compromised.bnsdq.ozxfs.vcwss-vmdrv.kvugl,0.521597929961686,0
1759280873,181,1,0,0,0,0,0,0,0,0,154447872,108306432,38170624,4096,135168,28073984,1,systemd-journal,S (sleeping),cache-compromised.bnsdq.ozxfs.vcwss-vmdrv.kvugl,0.22983198193123436,0
1759280873,196280,1,0,0,0,0,0,0,0,0,1264619520,1264619520,16289792,N/A,135168,45826048,4,discern-proc-so,S (sleeping),cache-compromised.bnsdq.ozxfs.vcwss-vmdrv.kvugl,2.582107770223027,0
1759280873,196289,1,0,0,0,0,0,0,0,0,1647706112,1580597248,21061632,N/A,135168,82202624,5,discern-interfa,S (sleeping),cache-compromised.bnsdq.ozxfs.vcwss-vmdrv.kvugl,0.0039816610886834755,0
1759280878,380,1,103,103,103,103,109,109,109,109,38969344,38969344,33394688,N/A,135168,31240192,1,dbus-daemon,S (sleeping),cache-compromised.bnsdq.ozxfs.vcwss-vmdrv.kvugl,0.2029901718842834,0
1759280878,196269,1,0,0,0,0,0,0,0,0,1954725888,1939677184,29458432,N/A,135168,179122176,15,discern-network,S (sleeping),cache-compromised.bnsdq.ozxfs.vcwss-vmdrv.kvugl,0.5182826080356336,0
1759280878,181,1,0,0,0,0,0,0,0,0,154447872,108306432,38170624,4096,135168,28073984,1,systemd-journal,S (sleeping),cache-compromised.bnsdq.ozxfs.vcwss-vmdrv.kvugl,0.22973465988973993,0
1759280878,196280,1,0,0,0,0,0,0,0,0,1264619520,1264619520,16289792,N/A,135168,45826048,4,discern-proc-so,R (running),cache-compromised.bnsdq.ozxfs.vcwss-vmdrv.kvugl,2.5795881317936162,0
1759280878,196289,1,0,0,0,0,0,0,0,0,1647706112,1580597248,21061632,N/A,135168,82202624,5,discern-interfa,S (sleeping),cache-compromised.bnsdq.ozxfs.vcwss-vmdrv.kvugl,0.0039413103846035,0
1759280883,380,1,103,103,103,103,109,109,109,109,38969344,38969344,33394688,N/A,135168,31240192,1,dbus-daemon,S (sleeping),cache-compromised.bnsdq.ozxfs.vcwss-vmdrv.kvugl,0.20290403576846816,0
1759280883,196269,1,0,0,0,0,0,0,0,0,1954725888,1939677184,29458432,N/A,135168,179122176,15,discern-network,S (sleeping),cache-compromised.bnsdq.ozxfs.vcwss-vmdrv.kvugl,0.5208737205093291,0
1759280883,181,1,0,0,0,0,0,0,0,0,154447872,108306432,38170624,4096,135168,28073984,1,systemd-journal,S (sleeping),cache-compromised.bnsdq.ozxfs.vcwss-vmdrv.kvugl,0.2296371831381127,0
1759280883,196289,1,0,0,0,0,0,0,0,0,1647706112,1580597248,21061632,N/A,135168,82202624,5,discern-interfa,S (sleeping),cache-compromised.bnsdq.ozxfs.vcwss-vmdrv.kvugl,0.0039016743490674333,0
1759280883,196280,1,0,0,0,0,0,0,0,0,1264619520,1264619520,16289792,N/A,135168,45826048,4,discern-proc-so,R (running),cache-compromised.bnsdq.ozxfs.vcwss-vmdrv.kvugl,2.580957108555142,0
1759280888,380,1,103,103,103,103,109,109,109,109,38969344,38969344,33394688,N/A,135168,31240192,1,dbus-daemon,S (sleeping),cache-compromised.bnsdq.ozxfs.vcwss-vmdrv.kvugl,0.20281654896568124,0
1759280888,196269,1,0,0,0,0,0,0,0,0,1954725888,1939677184,29458432,N/A,135168,179122176,15,discern-network,S (sleeping),cache-compromised.bnsdq.ozxfs.vcwss-vmdrv.kvugl,0.5213958682941433,0
1759280888,181,1,0,0,0,0,0,0,0,0,154447872,108306432,38170624,4096,135168,28073984,1,systemd-journal,S (sleeping),cache-compromised.bnsdq.ozxfs.vcwss-vmdrv.kvugl,0.22962044404617804,0
1759280888,196289,1,0,0,0,0,0,0,0,0,1647706112,1580597248,21061632,N/A,135168,82202624,5,discern-interfa,S (sleeping),cache-compromised.bnsdq.ozxfs.vcwss-vmdrv.kvugl,0.0038621856576053545,0
1759280888,196280,1,0,0,0,0,0,0,0,0,1264619520,1264619520,16289792,N/A,135168,45826048,4,discern-proc-so,S (sleeping),cache-compromised.bnsdq.ozxfs.vcwss-vmdrv.kvugl,2.583800437257157,0
1759280894,380,1,103,103,103,103,109,109,109,109,38969344,38969344,33394688,N/A,135168,31240192,1,dbus-daemon,S (sleeping),cache-compromised.bnsdq.ozxfs.vcwss-vmdrv.kvugl,0.2029772205595459,0
1759280894,196269,1,0,0,0,0,0,0,0,0,1954725888,1939677184,29458432,N/A,135168,179122176,15,discern-network,S (sleeping),cache-compromised.bnsdq.ozxfs.vcwss-vmdrv.kvugl,0.5219885487619017,0
1759280894,181,1,0,0,0,0,0,0,0,0,154447872,108306432,38170624,4096,135168,28073984,1,systemd-journal,S (sleeping),cache-compromised.bnsdq.ozxfs.vcwss-vmdrv.kvugl,0.2296052616276399,0
1759280894,196289,1,0,0,0,0,0,0,0,0,1647706112,1580597248,21061632,N/A,135168,82202624,5,discern-interfa,S (sleeping),cache-compromised.bnsdq.ozxfs.vcwss-vmdrv.kvugl,0.003824090438857044,0
1759280894,196280,1,0,0,0,0,0,0,0,0,1264619520,1264619520,16289792,N/A,135168,45826048,4,discern-proc-so,R (running),cache-compromised.bnsdq.ozxfs.vcwss-vmdrv.kvugl,2.5831725863613126,0
1759280899,380,1,103,103,103,103,109,109,109,109,38969344,38969344,33394688,N/A,135168,31240192,1,dbus-daemon,S (sleeping),cache-compromised.bnsdq.ozxfs.vcwss-vmdrv.kvugl,0.20289135812750828,0
1759280899,196269,1,0,0,0,0,0,0,0,0,1954725888,1939677184,29458432,N/A,135168,179122176,15,discern-network,S (sleeping),cache-compromised.bnsdq.ozxfs.vcwss-vmdrv.kvugl,0.5225831729886679,0
1759280899,181,1,0,0,0,0,0,0,0,0,154447872,108306432,38170624,4096,135168,28073984,1,systemd-journal,S (sleeping),cache-compromised.bnsdq.ozxfs.vcwss-vmdrv.kvugl,0.22950814327604588,0
1759280899,196289,1,0,0,0,0,0,0,0,0,1647706112,1580597248,21061632,N/A,135168,82202624,5,discern-interfa,S (sleeping),cache-compromised.bnsdq.ozxfs.vcwss-vmdrv.kvugl,0.003786833096341805,0
1759280899,196280,1,0,0,0,0,0,0,0,0,1264619520,1264619520,16289792,N/A,135168,45826048,4,discern-proc-so,R (running),cache-compromised.bnsdq.ozxfs.vcwss-vmdrv.kvugl,2.5807262923083187,0
1759280904,380,1,103,103,103,103,109,109,109,109,38969344,38969344,33394688,N/A,135168,31240192,1,dbus-daemon,S (sleeping),cache-compromised.bnsdq.ozxfs.vcwss-vmdrv.kvugl,0.20280541008160202,0
1759280904,196269,1,0,0,0,0,0,0,0,0,1954725888,1939677184,29458432,N/A,135168,179122176,15,discern-network,S (sleeping),cache-compromised.bnsdq.ozxfs.vcwss-vmdrv.kvugl,0.5231570028443177,0
1759280904,181,1,0,0,0,0,0,0,0,0,154447872,108306432,38170624,4096,135168,28073984,1,systemd-journal,S (sleeping),cache-compromised.bnsdq.ozxfs.vcwss-vmdrv.kvugl,0.2294109276186412,0
1759280904,196289,1,0,0,0,0,0,0,0,0,1647706112,1580597248,21061632,N/A,135168,82202624,5,discern-interfa,S (sleeping),cache-compromised.bnsdq.ozxfs.vcwss-vmdrv.kvugl,0.0037502279109530756,0
1759280904,196280,1,0,0,0,0,0,0,0,0,1264619520,1264619520,16289792,N/A,135168,45826048,4,discern-proc-so,S (sleeping),cache-compromised.bnsdq.ozxfs.vcwss-vmdrv.kvugl,2.583906496123437,0
1759280909,380,1,103,103,103,103,109,109,109,109,38969344,38969344,33394688,N/A,135168,31240192,1,dbus-daemon,S (sleeping),cache-compromised.bnsdq.ozxfs.vcwss-vmdrv.kvugl,0.20280133185651597,0
1759280909,196269,1,0,0,0,0,0,0,0,0,1954725888,1939677184,29458432,N/A,135168,179122176,15,discern-network,S (sleeping),cache-compromised.bnsdq.ozxfs.vcwss-vmdrv.kvugl,0.5236997817961597,0
1759280909,181,1,0,0,0,0,0,0,0,0,154447872,108306432,38170624,4096,135168,28073984,1,systemd-journal,S (sleeping),cache-compromised.bnsdq.ozxfs.vcwss-vmdrv.kvugl,0.2294776705818644,0
1759280909,196289,1,0,0,0,0,0,0,0,0,1647706112,1580597248,21061632,N/A,135168,82202624,5,discern-interfa,S (sleeping),cache-compromised.bnsdq.ozxfs.vcwss-vmdrv.kvugl,0.0037141813174323894,0
1759280909,196280,1,0,0,0,0,0,0,0,0,1264619520,1264619520,16289792,N/A,135168,45826048,4,discern-proc-so,R (running),cache-compromised.bnsdq.ozxfs.vcwss-vmdrv.kvugl,2.5887838070971405,0
1759280914,380,1,103,103,103,103,109,109,109,109,38969344,38969344,33394688,N/A,135168,31240192,1,dbus-daemon,S (sleeping),cache-compromised.bnsdq.ozxfs.vcwss-vmdrv.kvugl,0.20287968471812795,0
1759280914,196269,1,0,0,0,0,0,0,0,0,1954725888,1939677184,29458432,N/A,135168,179122176,15,discern-network,S (sleeping),cache-compromised.bnsdq.ozxfs.vcwss-vmdrv.kvugl,0.5260906089831221,0
1759280914,181,1,0,0,0,0,0,0,0,0,154447872,108306432,38170624,4096,135168,28073984,1,systemd-journal,S (sleeping),cache-compromised.bnsdq.ozxfs.vcwss-vmdrv.kvugl,0.229380531569026,0
1759280914,196280,1,0,0,0,0,0,0,0,0,1264619520,1264619520,16289792,N/A,135168,45826048,4,discern-proc-so,S (sleeping),cache-compromised.bnsdq.ozxfs.vcwss-vmdrv.kvugl,2.589983587200134,0
1759280914,196289,1,0,0,0,0,0,0,0,0,1647706112,1580597248,21061632,N/A,135168,82202624,5,discern-interfa,S (sleeping),cache-compromised.bnsdq.ozxfs.vcwss-vmdrv.kvugl,0.0036789533167207096,0
1759280919,380,1,103,103,103,103,109,109,109,109,38969344,38969344,33394688,N/A,135168,31240192,1,dbus-daemon,S (sleeping),cache-compromised.bnsdq.ozxfs.vcwss-vmdrv.kvugl,0.20279387240878383,0
1759280919,196269,1,0,0,0,0,0,0,0,0,1954725888,1939677184,29458432,N/A,135168,179122176,15,discern-network,S (sleeping),cache-compromised.bnsdq.ozxfs.vcwss-vmdrv.kvugl,0.5266165403150846,0
1759280919,181,1,0,0,0,0,0,0,0,0,154447872,108306432,38170624,4096,135168,28073984,1,systemd-journal,S (sleeping),cache-compromised.bnsdq.ozxfs.vcwss-vmdrv.kvugl,0.2292835180084607,0
1759280919,196289,1,0,0,0,0,0,0,0,0,1647706112,1580597248,21061632,N/A,135168,82202624,5,discern-interfa,S (sleeping),cache-compromised.bnsdq.ozxfs.vcwss-vmdrv.kvugl,0.00364440381554662,0
1759280919,196280,1,0,0,0,0,0,0,0,0,1264619520,1264619520,16289792,N/A,135168,45826048,4,discern-proc-so,R (running),cache-compromised.bnsdq.ozxfs.vcwss-vmdrv.kvugl,2.59117063595896,0
1759280924,380,1,103,103,103,103,109,109,109,109,38969344,38969344,33394688,N/A,135168,31240192,1,dbus-daemon,S (sleeping),cache-compromised.bnsdq.ozxfs.vcwss-vmdrv.kvugl,0.20270806578131864,0
1759280924,196269,1,0,0,0,0,0,0,0,0,1954725888,1939677184,29458432,N/A,135168,179122176,15,discern-network,S (sleeping),cache-compromised.bnsdq.ozxfs.vcwss-vmdrv.kvugl,0.523518375569731,0
1759280924,181,1,0,0,0,0,0,0,0,0,154447872,108306432,38170624,4096,135168,28073984,1,systemd-journal,S (sleeping),cache-compromised.bnsdq.ozxfs.vcwss-vmdrv.kvugl,0.22918650908846336,0
1759280924,196280,1,0,0,0,0,0,0,0,0,1264619520,1264619520,16289792,N/A,135168,45826048,4,discern-proc-so,S (sleeping),cache-compromised.bnsdq.ozxfs.vcwss-vmdrv.kvugl,2.5923172106844876,0
1759280924,196289,1,0,0,0,0,0,0,0,0,1647706112,1580597248,21061632,N/A,135168,82202624,5,discern-interfa,S (sleeping),cache-compromised.bnsdq.ozxfs.vcwss-vmdrv.kvugl,0.0036104689590021706,0
1759280930,380,1,103,103,103,103,109,109,109,109,38969344,38969344,33394688,N/A,135168,31240192,1,dbus-daemon,S (sleeping),cache-compromised.bnsdq.ozxfs.vcwss-vmdrv.kvugl,0.20278610062791727,0
1759280930,196269,1,0,0,0,0,0,0,0,0,1954725888,1939677184,29458432,N/A,135168,179122176,15,discern-network,S (sleeping),cache-compromised.bnsdq.ozxfs.vcwss-vmdrv.kvugl,0.5258300601834659,0
1759280930,181,1,0,0,0,0,0,0,0,0,154447872,108306432,38170624,4096,135168,28073984,1,systemd-journal,S (sleeping),cache-compromised.bnsdq.ozxfs.vcwss-vmdrv.kvugl,0.2291713179118061,0
1759280930,196280,1,0,0,0,0,0,0,0,0,1264619520,1264619520,16289792,N/A,135168,45826048,4,discern-proc-so,S (sleeping),cache-compromised.bnsdq.ozxfs.vcwss-vmdrv.kvugl,2.5969556870884274,0
1759280930,196289,1,0,0,0,0,0,0,0,0,1647706112,1580597248,21061632,N/A,135168,82202624,5,discern-interfa,S (sleeping),cache-compromised.bnsdq.ozxfs.vcwss-vmdrv.kvugl,0.0035770732450748784,0
1759280935,380,1,103,103,103,103,109,109,109,109,38969344,38969344,33394688,N/A,135168,31240192,1,dbus-daemon,S (sleeping),cache-compromised.bnsdq.ozxfs.vcwss-vmdrv.kvugl,0.20286428934086825,0
1759280935,196269,1,0,0,0,0,0,0,0,0,1954725888,1939677184,29458432,N/A,135168,179122176,15,discern-network,S (sleeping),cache-compromised.bnsdq.ozxfs.vcwss-vmdrv.kvugl,0.526339430967606,0
1759280935,181,1,0,0,0,0,0,0,0,0,154447872,108306432,38170624,4096,135168,28073984,1,systemd-journal,S (sleeping),cache-compromised.bnsdq.ozxfs.vcwss-vmdrv.kvugl,0.22915638269162594,0
1759280935,196280,1,0,0,0,0,0,0,0,0,1264619520,1264619520,16289792,N/A,135168,45826048,4,discern-proc-so,S (sleeping),cache-compromised.bnsdq.ozxfs.vcwss-vmdrv.kvugl,2.598024253166964,0
1759280935,196289,1,0,0,0,0,0,0,0,0,1647706112,1580597248,21061632,N/A,135168,82202624,5,discern-interfa,S (sleeping),cache-compromised.bnsdq.ozxfs.vcwss-vmdrv.kvugl,0.0035443706309393175,0
1759280940,380,1,103,103,103,103,109,109,109,109,38969344,38969344,33394688,N/A,135168,31240192,1,dbus-daemon,S (sleeping),cache-compromised.bnsdq.ozxfs.vcwss-vmdrv.kvugl,0.20277859440276474,0
1759280940,196269,1,0,0,0,0,0,0,0,0,1954725888,1939677184,29458432,N/A,135168,179122176,15,discern-network,S (sleeping),cache-compromised.bnsdq.ozxfs.vcwss-vmdrv.kvugl,0.5268422632810477,0
1759280940,181,1,0,0,0,0,0,0,0,0,154447872,108306432,38170624,4096,135168,28073984,1,systemd-journal,S (sleeping),cache-compromised.bnsdq.ozxfs.vcwss-vmdrv.kvugl,0.2290595929021028,0
1759280940,196289,1,0,0,0,0,0,0,0,0,1647706112,1580597248,21061632,N/A,135168,82202624,5,discern-interfa,S (sleeping),cache-compromised.bnsdq.ozxfs.vcwss-vmdrv.kvugl,0.0035122805773358393,0
1759280940,196280,1,0,0,0,0,0,0,0,0,1264619520,1264619520,16289792,N/A,135168,45826048,4,discern-proc-so,R (running),cache-compromised.bnsdq.ozxfs.vcwss-vmdrv.kvugl,2.5990871992694,0
1759280945,380,1,103,103,103,103,109,109,109,109,38969344,38969344,33394688,N/A,135168,31240192,1,dbus-daemon,S (sleeping),cache-compromised.bnsdq.ozxfs.vcwss-vmdrv.kvugl,0.20269301129339626,0
1759280945,196269,1,0,0,0,0,0,0,0,0,1954725888,1939677184,29458432,N/A,135168,179122176,15,discern-network,S (sleeping),cache-compromised.bnsdq.ozxfs.vcwss-vmdrv.kvugl,0.5255977363356545,0
1759280945,181,1,0,0,0,0,0,0,0,0,154447872,108306432,38170624,4096,135168,28073984,1,systemd-journal,S (sleeping),cache-compromised.bnsdq.ozxfs.vcwss-vmdrv.kvugl,0.22896292521310077,0
1759280945,196289,1,0,0,0,0,0,0,0,0,1647706112,1580597248,21061632,N/A,135168,82202624,5,discern-interfa,S (sleeping),cache-compromised.bnsdq.ozxfs.vcwss-vmdrv.kvugl,0.0034807783763712006,0
1759280945,196280,1,0,0,0,0,0,0,0,0,1264619520,1264619520,16289792,N/A,135168,45826048,4,discern-proc-so,R (running),cache-compromised.bnsdq.ozxfs.vcwss-vmdrv.kvugl,2.6001410001398475,0
1759280950,380,1,103,103,103,103,109,109,109,109,38969344,38969344,33394688,N/A,135168,31240192,1,dbus-daemon,S (sleeping),cache-compromised.bnsdq.ozxfs.vcwss-vmdrv.kvugl,0.20285305892038275,0
1759280950,196269,1,0,0,0,0,0,0,0,0,1954725888,1939677184,29458432,N/A,135168,179122176,15,discern-network,S (sleeping),cache-compromised.bnsdq.ozxfs.vcwss-vmdrv.kvugl,0.5260988213692479,0
1759280950,181,1,0,0,0,0,0,0,0,0,154447872,108306432,38170624,4096,135168,28073984,1,systemd-journal,S (sleeping),cache-compromised.bnsdq.ozxfs.vcwss-vmdrv.kvugl,0.22903002007715473,0
1759280950,196289,1,0,0,0,0,0,0,0,0,1647706112,1580597248,21061632,N/A,135168,82202624,5,discern-interfa,S (sleeping),cache-compromised.bnsdq.ozxfs.vcwss-vmdrv.kvugl,0.0034498271280729844,0
1759280950,196280,1,0,0,0,0,0,0,0,0,1264619520,1264619520,16289792,N/A,135168,45826048,4,discern-proc-so,R (running),cache-compromised.bnsdq.ozxfs.vcwss-vmdrv.kvugl,2.599444294096497,0
1759280955,380,1,103,103,103,103,109,109,109,109,38969344,38969344,33394688,N/A,135168,31240192,1,dbus-daemon,S (sleeping),cache-compromised.bnsdq.ozxfs.vcwss-vmdrv.kvugl,0.2027675586771071,0
1759280955,196269,1,0,0,0,0,0,0,0,0,1954725888,1939677184,29458432,N/A,135168,179122176,15,discern-network,S (sleeping),cache-compromised.bnsdq.ozxfs.vcwss-vmdrv.kvugl,0.5283045115024297,0
1759280955,181,1,0,0,0,0,0,0,0,0,154447872,108306432,38170624,4096,135168,28073984,1,systemd-journal,S (sleeping),cache-compromised.bnsdq.ozxfs.vcwss-vmdrv.kvugl,0.2289334946655448,0
1759280955,196280,1,0,0,0,0,0,0,0,0,1264619520,1264619520,16289792,N/A,135168,45826048,4,discern-proc-so,R (running),cache-compromised.bnsdq.ozxfs.vcwss-vmdrv.kvugl,2.6004883513663435,0
1759280955,196289,1,0,0,0,0,0,0,0,0,1647706112,1580597248,21061632,N/A,135168,82202624,5,discern-interfa,S (sleeping),cache-compromised.bnsdq.ozxfs.vcwss-vmdrv.kvugl,0.003419445012497667,0
1759280961,380,1,103,103,103,103,109,109,109,109,38969344,38969344,33394688,N/A,135168,31240192,1,dbus-daemon,S (sleeping),cache-compromised.bnsdq.ozxfs.vcwss-vmdrv.kvugl,0.2026821400704053,0
1759280961,196269,1,0,0,0,0,0,0,0,0,1954725888,1939677184,29458432,N/A,135168,179122176,15,discern-network,S (sleeping),cache-compromised.bnsdq.ozxfs.vcwss-vmdrv.kvugl,0.5287774082723862,0
1759280961,181,1,0,0,0,0,0,0,0,0,154447872,108306432,38170624,4096,135168,28073984,1,systemd-journal,S (sleeping),cache-compromised.bnsdq.ozxfs.vcwss-vmdrv.kvugl,0.22883706118643354,0
1759280961,196280,1,0,0,0,0,0,0,0,0,1264619520,1264619520,16289792,N/A,135168,45826048,4,discern-proc-so,S (sleeping),cache-compromised.bnsdq.ozxfs.vcwss-vmdrv.kvugl,2.6015162028552457,0
1759280961,196289,1,0,0,0,0,0,0,0,0,1647706112,1580597248,21061632,N/A,135168,82202624,5,discern-interfa,S (sleeping),cache-compromised.bnsdq.ozxfs.vcwss-vmdrv.kvugl,0.003389597011867525,0
1759280966,380,1,103,103,103,103,109,109,109,109,38969344,38969344,33394688,N/A,135168,31240192,1,dbus-daemon,S (sleeping),cache-compromised.bnsdq.ozxfs.vcwss-vmdrv.kvugl,0.20276052480546786,0
1759280966,196269,1,0,0,0,0,0,0,0,0,1954725888,1939677184,29458432,N/A,135168,179122176,15,discern-network,S (sleeping),cache-compromised.bnsdq.ozxfs.vcwss-vmdrv.kvugl,0.5292536548472715,0
1759280966,181,1,0,0,0,0,0,0,0,0,154447872,108306432,38170624,4096,135168,28073984,1,systemd-journal,S (sleeping),cache-compromised.bnsdq.ozxfs.vcwss-vmdrv.kvugl,0.2288227029344363,0
1759280966,196280,1,0,0,0,0,0,0,0,0,1264619520,1264619520,16289792,N/A,135168,45826048,4,discern-proc-so,S (sleeping),cache-compromised.bnsdq.ozxfs.vcwss-vmdrv.kvugl,2.599222623261566,0
1759280966,196289,1,0,0,0,0,0,0,0,0,1647706112,1580597248,21061632,N/A,135168,82202624,5,discern-interfa,S (sleeping),cache-compromised.bnsdq.ozxfs.vcwss-vmdrv.kvugl,0.0033603389914775854,0
1759280971,380,1,103,103,103,103,109,109,109,109,38969344,38969344,33394688,N/A,135168,31240192,1,dbus-daemon,S (sleeping),cache-compromised.bnsdq.ozxfs.vcwss-vmdrv.kvugl,0.20292010881180433,0
1759280971,196269,1,0,0,0,0,0,0,0,0,1954725888,1939677184,29458432,N/A,135168,179122176,15,discern-network,S (sleeping),cache-compromised.bnsdq.ozxfs.vcwss-vmdrv.kvugl,0.528031526956307,0
1759280971,181,1,0,0,0,0,0,0,0,0,154447872,108306432,38170624,4096,135168,28073984,1,systemd-journal,S (sleeping),cache-compromised.bnsdq.ozxfs.vcwss-vmdrv.kvugl,0.2288895547391758,0
1759280971,196280,1,0,0,0,0,0,0,0,0,1264619520,1264619520,16289792,N/A,135168,45826048,4,discern-proc-so,R (running),cache-compromised.bnsdq.ozxfs.vcwss-vmdrv.kvugl,2.6001796278377753,0
1759280971,196289,1,0,0,0,0,0,0,0,0,1647706112,1580597248,21061632,N/A,135168,82202624,5,discern-interfa,S (sleeping),cache-compromised.bnsdq.ozxfs.vcwss-vmdrv.kvugl,0.0033314275524402286,0
1759280976,380,1,103,103,103,103,109,109,109,109,38969344,38969344,33394688,N/A,135168,31240192,1,dbus-daemon,S (sleeping),cache-compromised.bnsdq.ozxfs.vcwss-vmdrv.kvugl,0.20283455326707586,0
1759280976,196269,1,0,0,0,0,0,0,0,0,1954725888,1939677184,29458432,N/A,135168,179122176,15,discern-network,S (sleeping),cache-compromised.bnsdq.ozxfs.vcwss-vmdrv.kvugl,0.5301367081718006,0
1759280976,181,1,0,0,0,0,0,0,0,0,154447872,108306432,38170624,4096,135168,28073984,1,systemd-journal,S (sleeping),cache-compromised.bnsdq.ozxfs.vcwss-vmdrv.kvugl,0.22887474082460638,0
1759280976,196280,1,0,0,0,0,0,0,0,0,1264619520,1264619520,16289792,N/A,135168,45826048,4,discern-proc-so,S (sleeping),cache-compromised.bnsdq.ozxfs.vcwss-vmdrv.kvugl,2.601137107813532,0
1759280976,196289,1,0,0,0,0,0,0,0,0,1647706112,1580597248,21061632,N/A,135168,82202624,5,discern-interfa,S (sleeping),cache-compromised.bnsdq.ozxfs.vcwss-vmdrv.kvugl,0.003303030363635205,0
1759280981,380,1,103,103,103,103,109,109,109,109,38969344,38969344,33394688,N/A,135168,31240192,1,dbus-daemon,S (sleeping),cache-compromised.bnsdq.ozxfs.vcwss-vmdrv.kvugl,0.20283111707972262,0
1759280981,196269,1,0,0,0,0,0,0,0,0,1954725888,1939677184,29458432,N/A,135168,179122176,15,discern-network,S (sleeping),cache-compromised.bnsdq.ozxfs.vcwss-vmdrv.kvugl,0.5289517428601066,0
1759280981,181,1,0,0,0,0,0,0,0,0,154447872,108306432,38170624,4096,135168,28073984,1,systemd-journal,S (sleeping),cache-compromised.bnsdq.ozxfs.vcwss-vmdrv.kvugl,0.22877873476516467,0
1759280981,196289,1,0,0,0,0,0,0,0,0,1647706112,1580597248,21061632,N/A,135168,82202624,5,discern-interfa,S (sleeping),cache-compromised.bnsdq.ozxfs.vcwss-vmdrv.kvugl,0.003275241895380496,0
1759280981,196280,1,0,0,0,0,0,0,0,0,1264619520,1264619520,16289792,N/A,135168,45826048,4,discern-proc-so,S (sleeping),cache-compromised.bnsdq.ozxfs.vcwss-vmdrv.kvugl,2.5989040449357597,0
1759280986,380,1,103,103,103,103,109,109,109,109,38969344,38969344,33394688,N/A,135168,31240192,1,dbus-daemon,S (sleeping),cache-compromised.bnsdq.ozxfs.vcwss-vmdrv.kvugl,0.202908774414596,0
1759280986,196269,1,0,0,0,0,0,0,0,0,1954725888,1939677184,29458432,N/A,135168,179122176,15,discern-network,S (sleeping),cache-compromised.bnsdq.ozxfs.vcwss-vmdrv.kvugl,0.5293828675526633,0
1759280986,181,1,0,0,0,0,0,0,0,0,154447872,108306432,38170624,4096,135168,28073984,1,systemd-journal,S (sleeping),cache-compromised.bnsdq.ozxfs.vcwss-vmdrv.kvugl,0.2287638225194021,0
1759280986,196289,1,0,0,0,0,0,0,0,0,1647706112,1580597248,21061632,N/A,135168,82202624,5,discern-interfa,S (sleeping),cache-compromised.bnsdq.ozxfs.vcwss-vmdrv.kvugl,0.003247746388882247,0
1759280986,196280,1,0,0,0,0,0,0,0,0,1264619520,1264619520,16289792,N/A,135168,45826048,4,discern-proc-so,R (running),cache-compromised.bnsdq.ozxfs.vcwss-vmdrv.kvugl,2.6014443359821096,0
1759280991,380,1,103,103,103,103,109,109,109,109,38969344,38969344,33394688,N/A,135168,31240192,1,dbus-daemon,S (sleeping),cache-compromised.bnsdq.ozxfs.vcwss-vmdrv.kvugl,0.20290520334230502,0
1759280991,196269,1,0,0,0,0,0,0,0,0,1954725888,1939677184,29458432,N/A,135168,179122176,15,discern-network,S (sleeping),cache-compromised.bnsdq.ozxfs.vcwss-vmdrv.kvugl,0.5314390923172392,0
1759280991,181,1,0,0,0,0,0,0,0,0,154447872,108306432,38170624,4096,135168,28073984,1,systemd-journal,S (sleeping),cache-compromised.bnsdq.ozxfs.vcwss-vmdrv.kvugl,0.228667822131085,0
1759280991,196289,1,0,0,0,0,0,0,0,0,1647706112,1580597248,21061632,N/A,135168,82202624,5,discern-interfa,S (sleeping),cache-compromised.bnsdq.ozxfs.vcwss-vmdrv.kvugl,0.0032208419224310026,0
1759280991,196280,1,0,0,0,0,0,0,0,0,1264619520,1264619520,16289792,N/A,135168,45826048,4,discern-proc-so,R (running),cache-compromised.bnsdq.ozxfs.vcwss-vmdrv.kvugl,2.600829441632999,0
1759280997,380,1,103,103,103,103,109,109,109,109,38969344,38969344,33394688,N/A,135168,31240192,1,dbus-daemon,S (sleeping),cache-compromised.bnsdq.ozxfs.vcwss-vmdrv.kvugl,0.20282004008601998,0
1759280997,196269,1,0,0,0,0,0,0,0,0,1954725888,1939677184,29458432,N/A,135168,179122176,15,discern-network,S (sleeping),cache-compromised.bnsdq.ozxfs.vcwss-vmdrv.kvugl,0.5318622178305551,0
1759280997,181,1,0,0,0,0,0,0,0,0,154447872,108306432,38170624,4096,135168,28073984,1,systemd-journal,S (sleeping),cache-compromised.bnsdq.ozxfs.vcwss-vmdrv.kvugl,0.22857185508011232,0
1759280997,196289,1,0,0,0,0,0,0,0,0,1647706112,1580597248,21061632,N/A,135168,82202624,5,discern-interfa,S (sleeping),cache-compromised.bnsdq.ozxfs.vcwss-vmdrv.kvugl,0.003194366597459387,0
1759280997,196280,1,0,0,0,0,0,0,0,0,1264619520,1264619520,16289792,N/A,135168,45826048,4,discern-proc-so,R (running),cache-compromised.bnsdq.ozxfs.vcwss-vmdrv.kvugl,2.6018112071128496,0
1759281002,196269,1,0,0,0,0,0,0,0,0,1954725888,1939677184,31555584,N/A,135168,179122176,15,discern-network,S (sleeping),cache-compromised.bnsdq.ozxfs.vcwss-vmdrv.kvugl,0.5354464890091142,0
1759281002,380,1,103,103,103,103,109,109,109,109,38969344,38969344,33394688,N/A,135168,31240192,1,dbus-daemon,S (sleeping),cache-compromised.bnsdq.ozxfs.vcwss-vmdrv.kvugl,0.2027349410327562,0
1759281002,181,1,0,0,0,0,0,0,0,0,154447872,108306432,38170624,4096,135168,28073984,1,systemd-journal,S (sleeping),cache-compromised.bnsdq.ozxfs.vcwss-vmdrv.kvugl,0.228475961018231,0
1759281002,196289,1,0,0,0,0,0,0,0,0,1647706112,1580597248,21061632,N/A,135168,82202624,5,discern-interfa,S (sleeping),cache-compromised.bnsdq.ozxfs.vcwss-vmdrv.kvugl,0.0031683209183177505,0
1759281002,196280,1,0,0,0,0,0,0,0,0,1264619520,1264619520,16289792,N/A,135168,45826048,4,discern-proc-so,S (sleeping),cache-compromised.bnsdq.ozxfs.vcwss-vmdrv.kvugl,2.604359373823019,0
1759281007,196269,1,0,0,0,0,0,0,0,0,1954725888,1939677184,31555584,N/A,135168,179122176,15,discern-network,S (sleeping),cache-compromised.bnsdq.ozxfs.vcwss-vmdrv.kvugl,0.5358459564408865,0
1759281007,380,1,103,103,103,103,109,109,109,109,38969344,38969344,33394688,N/A,135168,31240192,1,dbus-daemon,S (sleeping),cache-compromised.bnsdq.ozxfs.vcwss-vmdrv.kvugl,0.2028946793004165,0
1759281007,181,1,0,0,0,0,0,0,0,0,154447872,108306432,38170624,4096,135168,28073984,1,systemd-journal,S (sleeping),cache-compromised.bnsdq.ozxfs.vcwss-vmdrv.kvugl,0.22854345407646554,0
1759281007,196289,1,0,0,0,0,0,0,0,0,1647706112,1580597248,21061632,N/A,135168,82202624,5,discern-interfa,S (sleeping),cache-compromised.bnsdq.ozxfs.vcwss-vmdrv.kvugl,0.0031427900848218443,0
1759281007,196280,1,0,0,0,0,0,0,0,0,1264619520,1264619520,16289792,N/A,135168,45826048,4,discern-proc-so,S (sleeping),cache-compromised.bnsdq.ozxfs.vcwss-vmdrv.kvugl,2.5990870147550975,0
1759281012,196269,1,0,0,0,0,0,0,0,0,1954725888,1939677184,31555584,N/A,135168,179122176,15,discern-network,S (sleeping),cache-compromised.bnsdq.ozxfs.vcwss-vmdrv.kvugl,0.5377830411645497,0
1759281012,380,1,103,103,103,103,109,109,109,109,38969344,38969344,33394688,N/A,135168,31240192,1,dbus-daemon,S (sleeping),cache-compromised.bnsdq.ozxfs.vcwss-vmdrv.kvugl,0.20280964260227674,0
1759281012,181,1,0,0,0,0,0,0,0,0,154447872,108306432,38170624,4096,135168,28073984,1,systemd-journal,S (sleeping),cache-compromised.bnsdq.ozxfs.vcwss-vmdrv.kvugl,0.22852911816274113,0
1759281012,196289,1,0,0,0,0,0,0,0,0,1647706112,1580597248,21061632,N/A,135168,82202624,5,discern-interfa,S (sleeping),cache-compromised.bnsdq.ozxfs.vcwss-vmdrv.kvugl,0.0031175813758551017,0
1759281012,196280,1,0,0,0,0,0,0,0,0,1264619520,1264619520,16289792,N/A,135168,45826048,4,discern-proc-so,R (running),cache-compromised.bnsdq.ozxfs.vcwss-vmdrv.kvugl,2.598503698812791,0
1759281017,380,1,103,103,103,103,109,109,109,109,38969344,38969344,33394688,N/A,135168,31240192,1,dbus-daemon,S (sleeping),cache-compromised.bnsdq.ozxfs.vcwss-vmdrv.kvugl,0.20272452555032963,0
1759281017,196269,1,0,0,0,0,0,0,0,0,1954725888,1939677184,31576064,N/A,135168,179122176,15,discern-network,S (sleeping),cache-compromised.bnsdq.ozxfs.vcwss-vmdrv.kvugl,0.5365887388495657,0
1759281017,181,1,0,0,0,0,0,0,0,0,154447872,108306432,38170624,4096,135168,28073984,1,systemd-journal,S (sleeping),cache-compromised.bnsdq.ozxfs.vcwss-vmdrv.kvugl,0.22843321290489693,0
1759281017,196289,1,0,0,0,0,0,0,0,0,1647706112,1580597248,21061632,N/A,135168,82202624,5,discern-interfa,S (sleeping),cache-compromised.bnsdq.ozxfs.vcwss-vmdrv.kvugl,0.0030927295159573587,0
1759281017,196280,1,0,0,0,0,0,0,0,0,1264619520,1264619520,16289792,N/A,135168,45826048,4,discern-proc-so,R (running),cache-compromised.bnsdq.ozxfs.vcwss-vmdrv.kvugl,2.6009850308558784,0
1759281022,380,1,103,103,103,103,109,109,109,109,38969344,38969344,33394688,N/A,135168,31240192,1,dbus-daemon,S (sleeping),cache-compromised.bnsdq.ozxfs.vcwss-vmdrv.kvugl,0.20272180920866864,0
1759281022,196269,1,0,0,0,0,0,0,0,0,1954725888,1939677184,31576064,N/A,135168,179122176,15,discern-network,S (sleeping),cache-compromised.bnsdq.ozxfs.vcwss-vmdrv.kvugl,0.5369949604342559,0
1759281022,181,1,0,0,0,0,0,0,0,0,154447872,108306432,38170624,4096,135168,28073984,1,systemd-journal,S (sleeping),cache-compromised.bnsdq.ozxfs.vcwss-vmdrv.kvugl,0.22841983281299816,0
1759281022,196289,1,0,0,0,0,0,0,0,0,1647706112,1580597248,21061632,N/A,135168,82202624,5,discern-interfa,S (sleeping),cache-compromised.bnsdq.ozxfs.vcwss-vmdrv.kvugl,0.0030685414831355512,0
1759281022,196280,1,0,0,0,0,0,0,0,0,1264619520,1264619520,16289792,N/A,135168,45826048,4,discern-proc-so,S (sleeping),cache-compromised.bnsdq.ozxfs.vcwss-vmdrv.kvugl,2.5929171759853733,0
1759281027,203856,1,0,0,0,0,0,0,0,0,1332682752,1332682752,130469888,N/A,135168,168448000,4,discern-file-so,D (disk sleep),cache-compromised.bnsdq.ozxfs.vcwss-vmdrv.kvugl,63.52657940435738,0
1759281028,380,1,103,103,103,103,109,109,109,109,38969344,38969344,33394688,N/A,135168,31240192,1,dbus-daemon,S (sleeping),cache-compromised.bnsdq.ozxfs.vcwss-vmdrv.kvugl,0.2027170292738733,0
1759281028,196269,1,0,0,0,0,0,0,0,0,1954725888,1939677184,31576064,N/A,135168,179122176,15,discern-network,S (sleeping),cache-compromised.bnsdq.ozxfs.vcwss-vmdrv.kvugl,0.5342479066980071,0
1759281028,181,1,0,0,0,0,0,0,0,0,154447872,116670464,38170624,4096,135168,28073984,1,systemd-journal,S (sleeping),cache-compromised.bnsdq.ozxfs.vcwss-vmdrv.kvugl,0.22832278268623815,0
1759281028,196289,1,0,0,0,0,0,0,0,0,1647706112,1580597248,21061632,N/A,135168,82202624,5,discern-interfa,S (sleeping),cache-compromised.bnsdq.ozxfs.vcwss-vmdrv.kvugl,0.0030441442856917714,0
1759281033,203856,1,0,0,0,0,0,0,0,0,1467039744,1467039744,227074048,N/A,135168,286027776,4,discern-file-so,D (disk sleep),cache-compromised.bnsdq.ozxfs.vcwss-vmdrv.kvugl,71.96266694398724,0
1759281033,380,1,103,103,103,103,109,109,109,109,38969344,38969344,33394688,N/A,135168,31240192,1,dbus-daemon,S (sleeping),cache-compromised.bnsdq.ozxfs.vcwss-vmdrv.kvugl,0.20263058248287444,0
1759281033,196269,1,0,0,0,0,0,0,0,0,1954725888,1939677184,31576064,N/A,135168,179122176,15,discern-network,S (sleeping),cache-compromised.bnsdq.ozxfs.vcwss-vmdrv.kvugl,0.5330370065727459,0
1759281033,181,1,0,0,0,0,0,0,0,0,154447872,116670464,38170624,4096,135168,28073984,1,systemd-journal,S (sleeping),cache-compromised.bnsdq.ozxfs.vcwss-vmdrv.kvugl,0.2282254235057658,0
1759281033,196289,1,0,0,0,0,0,0,0,0,1647706112,1580597248,21061632,N/A,135168,82202624,5,discern-interfa,S (sleeping),cache-compromised.bnsdq.ozxfs.vcwss-vmdrv.kvugl,0.0030200368231160946,0
1759281038,380,1,103,103,103,103,109,109,109,109,38969344,38969344,33394688,N/A,135168,31240192,1,dbus-daemon,S (sleeping),cache-compromised.bnsdq.ozxfs.vcwss-vmdrv.kvugl,0.20254661297510462,0
1759281038,196269,1,0,0,0,0,0,0,0,0,1954725888,1939677184,31576064,N/A,135168,179122176,15,discern-network,S (sleeping),cache-compromised.bnsdq.ozxfs.vcwss-vmdrv.kvugl,0.5319620283867373,0
1759281038,181,1,0,0,0,0,0,0,0,0,154447872,116670464,38170624,4096,135168,28073984,1,systemd-journal,S (sleeping),cache-compromised.bnsdq.ozxfs.vcwss-vmdrv.kvugl,0.22821214144938362,0
1759281038,196289,1,0,0,0,0,0,0,0,0,1647706112,1580597248,21061632,N/A,135168,82202624,5,discern-interfa,S (sleeping),cache-compromised.bnsdq.ozxfs.vcwss-vmdrv.kvugl,0.0029969683079241636,0
1759281038,196280,1,0,0,0,0,0,0,0,0,1264619520,1264619520,16289792,N/A,135168,45826048,4,discern-proc-so,S (sleeping),cache-compromised.bnsdq.ozxfs.vcwss-vmdrv.kvugl,2.5773923765132785,0
1759281043,380,1,103,103,103,103,109,109,109,109,38969344,38969344,33394688,N/A,135168,31240192,1,dbus-daemon,S (sleeping),cache-compromised.bnsdq.ozxfs.vcwss-vmdrv.kvugl,0.2025436902856172,0
1759281043,196269,1,0,0,0,0,0,0,0,0,1954725888,1939677184,31576064,N/A,135168,179122176,15,discern-network,S (sleeping),cache-compromised.bnsdq.ozxfs.vcwss-vmdrv.kvugl,0.5308900650072556,0
1759281043,181,1,0,0,0,0,0,0,0,0,154447872,116670464,38170624,4096,135168,28073984,1,systemd-journal,S (sleeping),cache-compromised.bnsdq.ozxfs.vcwss-vmdrv.kvugl,0.22819855467889855,0
1759281043,196289,1,0,0,0,0,0,0,0,0,1647706112,1580597248,21061632,N/A,135168,82202624,5,discern-interfa,S (sleeping),cache-compromised.bnsdq.ozxfs.vcwss-vmdrv.kvugl,0.0029741731417722624,0
1759281043,196280,1,0,0,0,0,0,0,0,0,1264619520,1264619520,16289792,N/A,135168,45826048,4,discern-proc-so,R (running),cache-compromised.bnsdq.ozxfs.vcwss-vmdrv.kvugl,2.5741464964371774,0
1759281048,380,1,103,103,103,103,109,109,109,109,38969344,38969344,33394688,N/A,135168,31240192,1,dbus-daemon,S (sleeping),cache-compromised.bnsdq.ozxfs.vcwss-vmdrv.kvugl,0.20254105227239166,0
1759281048,196269,1,0,0,0,0,0,0,0,0,1954725888,1939677184,31576064,N/A,135168,179122176,15,discern-network,S (sleeping),cache-compromised.bnsdq.ozxfs.vcwss-vmdrv.kvugl,0.5283717998004747,0
1759281048,181,1,0,0,0,0,0,0,0,0,154447872,116670464,38170624,4096,135168,28073984,1,systemd-journal,S (sleeping),cache-compromised.bnsdq.ozxfs.vcwss-vmdrv.kvugl,0.22818529690364467,0
1759281048,196289,1,0,0,0,0,0,0,0,0,1647706112,1580597248,21061632,N/A,135168,82202624,5,discern-interfa,S (sleeping),cache-compromised.bnsdq.ozxfs.vcwss-vmdrv.kvugl,0.002951796880682733,0
1759281048,196280,1,0,0,0,0,0,0,0,0,1264619520,1264619520,16289792,N/A,135168,45826048,4,discern-proc-so,R (running),cache-compromised.bnsdq.ozxfs.vcwss-vmdrv.kvugl,2.565111130335827,0
1759281053,380,1,103,103,103,103,109,109,109,109,38969344,38969344,33394688,N/A,135168,31240192,1,dbus-daemon,S (sleeping),cache-compromised.bnsdq.ozxfs.vcwss-vmdrv.kvugl,0.20253726306011344,0
1759281053,196269,1,0,0,0,0,0,0,0,0,1954725888,1939677184,31576064,N/A,135168,179122176,15,discern-network,S (sleeping),cache-compromised.bnsdq.ozxfs.vcwss-vmdrv.kvugl,0.5273018292671844,0
1759281053,204204,1,107,107,107,107,113,113,113,113,421343232,357060608,20406272,N/A,135168,49664000,5,named,S (sleeping),cache-compromised.bnsdq.ozxfs.vcwss-vmdrv.kvugl,0.8062243863621011,0
1759281053,181,1,0,0,0,0,0,0,0,0,154447872,116670464,38170624,4096,135168,28073984,1,systemd-journal,S (sleeping),cache-compromised.bnsdq.ozxfs.vcwss-vmdrv.kvugl,0.22817074863660447,0
1759281053,196289,1,0,0,0,0,0,0,0,0,1647706112,1580597248,21061632,N/A,135168,82202624,5,discern-interfa,S (sleeping),cache-compromised.bnsdq.ozxfs.vcwss-vmdrv.kvugl,0.002929453211848548,0
1759281058,380,1,103,103,103,103,109,109,109,109,38969344,38969344,33394688,N/A,135168,31240192,1,dbus-daemon,S (sleeping),cache-compromised.bnsdq.ozxfs.vcwss-vmdrv.kvugl,0.20253359599123955,0
1759281058,196269,1,0,0,0,0,0,0,0,0,1954725888,1939677184,31576064,N/A,135168,179122176,15,discern-network,S (sleeping),cache-compromised.bnsdq.ozxfs.vcwss-vmdrv.kvugl,0.5306147115421963,0
1759281058,204204,1,107,107,107,107,113,113,113,113,421343232,357060608,20733952,N/A,135168,49893376,5,named,S (sleeping),cache-compromised.bnsdq.ozxfs.vcwss-vmdrv.kvugl,0.5629669999717969,0
1759281058,181,1,0,0,0,0,0,0,0,0,154447872,116670464,38170624,4096,135168,28073984,1,systemd-journal,S (sleeping),cache-compromised.bnsdq.ozxfs.vcwss-vmdrv.kvugl,0.22815634978068539,0
1759281058,196289,1,0,0,0,0,0,0,0,0,1647706112,1580597248,21061632,N/A,135168,82202624,5,discern-interfa,S (sleeping),cache-compromised.bnsdq.ozxfs.vcwss-vmdrv.kvugl,0.002907476608125248,0
1759281064,380,1,103,103,103,103,109,109,109,109,38969344,38969344,33394688,N/A,135168,31240192,1,dbus-daemon,S (sleeping),cache-compromised.bnsdq.ozxfs.vcwss-vmdrv.kvugl,0.2026108166410894,0
1759281064,196269,1,0,0,0,0,0,0,0,0,1954725888,1939677184,31576064,N/A,135168,179122176,15,discern-network,S (sleeping),cache-compromised.bnsdq.ozxfs.vcwss-vmdrv.kvugl,0.5309818838537446,0
1759281064,204204,1,107,107,107,107,113,113,113,113,421343232,357060608,21200896,N/A,135168,49893376,5,named,S (sleeping),cache-compromised.bnsdq.ozxfs.vcwss-vmdrv.kvugl,0.35572513436259995,0
1759281064,181,1,0,0,0,0,0,0,0,0,154447872,116670464,38170624,4096,135168,28073984,1,systemd-journal,S (sleeping),cache-compromised.bnsdq.ozxfs.vcwss-vmdrv.kvugl,0.22822280943404358,0
1759281064,196289,1,0,0,0,0,0,0,0,0,1647706112,1580597248,21061632,N/A,135168,82202624,5,discern-interfa,S (sleeping),cache-compromised.bnsdq.ozxfs.vcwss-vmdrv.kvugl,0.002885769236561029,0
1759281069,380,1,103,103,103,103,109,109,109,109,38969344,38969344,33394688,N/A,135168,31240192,1,dbus-daemon,S (sleeping),cache-compromised.bnsdq.ozxfs.vcwss-vmdrv.kvugl,0.20260692222367616,0
1759281069,196269,1,0,0,0,0,0,0,0,0,1954725888,1939677184,31576064,N/A,135168,179122176,15,discern-network,S (sleeping),cache-compromised.bnsdq.ozxfs.vcwss-vmdrv.kvugl,0.5313448729835403,0
1759281069,204204,1,107,107,107,107,113,113,113,113,421343232,357060608,21200896,N/A,135168,49893376,5,named,S (sleeping),cache-compromised.bnsdq.ozxfs.vcwss-vmdrv.kvugl,0.2600325052343407,0
1759281069,181,1,0,0,0,0,0,0,0,0,154447872,116670464,38170624,4096,135168,28073984,1,systemd-journal,S (sleeping),cache-compromised.bnsdq.ozxfs.vcwss-vmdrv.kvugl,0.2281271080858901,0
1759281069,196289,1,0,0,0,0,0,0,0,0,1647706112,1580597248,21061632,N/A,135168,82202624,5,discern-interfa,S (sleeping),cache-compromised.bnsdq.ozxfs.vcwss-vmdrv.kvugl,0.0028643914600607126,0
1759281074,380,1,103,103,103,103,109,109,109,109,38969344,38969344,33394688,N/A,135168,31240192,1,dbus-daemon,S (sleeping),cache-compromised.bnsdq.ozxfs.vcwss-vmdrv.kvugl,0.20252262424485112,0
1759281074,196269,1,0,0,0,0,0,0,0,0,1954725888,1939677184,31576064,N/A,135168,179122176,15,discern-network,S (sleeping),cache-compromised.bnsdq.ozxfs.vcwss-vmdrv.kvugl,0.5345751943212529,0
1759281074,204204,1,107,107,107,107,113,113,113,113,421343232,357060608,21471232,N/A,135168,49893376,5,named,S (sleeping),cache-compromised.bnsdq.ozxfs.vcwss-vmdrv.kvugl,0.3694228557634981,0
1759281074,181,1,0,0,0,0,0,0,0,0,154447872,116670464,38170624,4096,135168,28073984,1,systemd-journal,S (sleeping),cache-compromised.bnsdq.ozxfs.vcwss-vmdrv.kvugl,0.22811323558458607,0
1759281074,196289,1,0,0,0,0,0,0,0,0,1647706112,1580597248,21061632,N/A,135168,82202624,5,discern-interfa,S (sleeping),cache-compromised.bnsdq.ozxfs.vcwss-vmdrv.kvugl,0.002843483916875469,0
1759281079,380,1,103,103,103,103,109,109,109,109,38969344,38969344,33394688,N/A,135168,31240192,1,dbus-daemon,S (sleeping),cache-compromised.bnsdq.ozxfs.vcwss-vmdrv.kvugl,0.20243812831547978,0
1759281079,196269,1,0,0,0,0,0,0,0,0,1954725888,1939677184,31576064,N/A,135168,179122176,15,discern-network,S (sleeping),cache-compromised.bnsdq.ozxfs.vcwss-vmdrv.kvugl,0.5335120581377192,0
1759281079,204204,1,107,107,107,107,113,113,113,113,421343232,357060608,21471232,N/A,135168,49893376,5,named,S (sleeping),cache-compromised.bnsdq.ozxfs.vcwss-vmdrv.kvugl,0.3049536783567524,0
1759281079,181,1,0,0,0,0,0,0,0,0,154447872,116670464,38170624,4096,135168,28073984,1,systemd-journal,S (sleeping),cache-compromised.bnsdq.ozxfs.vcwss-vmdrv.kvugl,0.2280180702936023,0
1759281079,196289,1,0,0,0,0,0,0,0,0,1647706112,1580597248,21061632,N/A,135168,82202624,5,discern-interfa,S (sleeping),cache-compromised.bnsdq.ozxfs.vcwss-vmdrv.kvugl,0.002822813924490224,0
1759281084,380,1,103,103,103,103,109,109,109,109,38969344,38969344,33394688,N/A,135168,31240192,1,dbus-daemon,S (sleeping),cache-compromised.bnsdq.ozxfs.vcwss-vmdrv.kvugl,0.2025970472361409,0
1759281084,196269,1,0,0,0,0,0,0,0,0,1954725888,1939677184,31576064,N/A,135168,179122176,15,discern-network,S (sleeping),cache-compromised.bnsdq.ozxfs.vcwss-vmdrv.kvugl,0.5338847656003268,0
1759281084,204204,1,107,107,107,107,113,113,113,113,426270720,426270720,21471232,N/A,135168,52125696,6,named,S (sleeping),cache-compromised.bnsdq.ozxfs.vcwss-vmdrv.kvugl,0.288706587091148,0
1759281084,181,1,0,0,0,0,0,0,0,0,154447872,116670464,38170624,4096,135168,28073984,1,systemd-journal,S (sleeping),cache-compromised.bnsdq.ozxfs.vcwss-vmdrv.kvugl,0.2280044278654349,0
1759281084,196289,1,0,0,0,0,0,0,0,0,1647706112,1580597248,21061632,N/A,135168,82202624,5,discern-interfa,S (sleeping),cache-compromised.bnsdq.ozxfs.vcwss-vmdrv.kvugl,0.0028025435740951315,0
1759281089,380,1,103,103,103,103,109,109,109,109,38969344,38969344,33394688,N/A,135168,31240192,1,dbus-daemon,S (sleeping),cache-compromised.bnsdq.ozxfs.vcwss-vmdrv.kvugl,0.20251249777489294,0
1759281089,196269,1,0,0,0,0,0,0,0,0,1954725888,1939677184,31576064,N/A,135168,179122176,15,discern-network,S (sleeping),cache-compromised.bnsdq.ozxfs.vcwss-vmdrv.kvugl,0.5342287984840703,0
1759281089,204204,1,107,107,107,107,113,113,113,113,426270720,426270720,21471232,N/A,135168,52125696,6,named,S (sleeping),cache-compromised.bnsdq.ozxfs.vcwss-vmdrv.kvugl,0.25129749412030283,0
1759281089,181,1,0,0,0,0,0,0,0,0,154447872,116670464,38170624,4096,135168,28073984,1,systemd-journal,S (sleeping),cache-compromised.bnsdq.ozxfs.vcwss-vmdrv.kvugl,0.22790927681426884,0
1759281089,196289,1,0,0,0,0,0,0,0,0,1647706112,1580597248,21061632,N/A,135168,82202624,5,discern-interfa,S (sleeping),cache-compromised.bnsdq.ozxfs.vcwss-vmdrv.kvugl,0.0027824392078207,0
1759281094,380,1,103,103,103,103,109,109,109,109,38969344,38969344,33394688,N/A,135168,31240192,1,dbus-daemon,S (sleeping),cache-compromised.bnsdq.ozxfs.vcwss-vmdrv.kvugl,0.20242800119999935,0
1759281094,196269,1,0,0,0,0,0,0,0,0,1954725888,1939677184,31576064,N/A,135168,179122176,15,discern-network,S (sleeping),cache-compromised.bnsdq.ozxfs.vcwss-vmdrv.kvugl,0.5345671243867641,0
1759281094,204204,1,107,107,107,107,113,113,113,113,426270720,426270720,21471232,N/A,135168,52125696,6,named,S (sleeping),cache-compromised.bnsdq.ozxfs.vcwss-vmdrv.kvugl,0.22246766203841079,0
1759281094,181,1,0,0,0,0,0,0,0,0,154447872,116670464,38170624,4096,135168,28073984,1,systemd-journal,S (sleeping),cache-compromised.bnsdq.ozxfs.vcwss-vmdrv.kvugl,0.22789509598638832,0
1759281094,196289,1,0,0,0,0,0,0,0,0,1647706112,1580597248,21061632,N/A,135168,82202624,5,discern-interfa,S (sleeping),cache-compromised.bnsdq.ozxfs.vcwss-vmdrv.kvugl,0.0027626194242979024,0
1759281100,380,1,103,103,103,103,109,109,109,109,38969344,38969344,33394688,N/A,135168,31240192,1,dbus-daemon,S (sleeping),cache-compromised.bnsdq.ozxfs.vcwss-vmdrv.kvugl,0.20242445103992868,0
1759281100,196269,1,0,0,0,0,0,0,0,0,1954725888,1939677184,31576064,N/A,135168,179122176,15,discern-network,S (sleeping),cache-compromised.bnsdq.ozxfs.vcwss-vmdrv.kvugl,0.5349008261440582,0
1759281100,204204,1,107,107,107,107,113,113,113,113,426270720,426270720,25219072,N/A,135168,52125696,6,named,S (sleeping),cache-compromised.bnsdq.ozxfs.vcwss-vmdrv.kvugl,0.19957204106794418,0
1759281100,181,1,0,0,0,0,0,0,0,0,154447872,116670464,38170624,4096,135168,28073984,1,systemd-journal,S (sleeping),cache-compromised.bnsdq.ozxfs.vcwss-vmdrv.kvugl,0.22780006070253286,0
1759281100,196289,1,0,0,0,0,0,0,0,0,1647706112,1580597248,21061632,N/A,135168,82202624,5,discern-interfa,S (sleeping),cache-compromised.bnsdq.ozxfs.vcwss-vmdrv.kvugl,0.0027430797792851484,0
1759281105,380,1,103,103,103,103,109,109,109,109,38969344,38969344,33394688,N/A,135168,31240192,1,dbus-daemon,S (sleeping),cache-compromised.bnsdq.ozxfs.vcwss-vmdrv.kvugl,0.2025017434417504,0
1759281105,196269,1,0,0,0,0,0,0,0,0,1954725888,1939677184,31576064,N/A,135168,179122176,15,discern-network,S (sleeping),cache-compromised.bnsdq.ozxfs.vcwss-vmdrv.kvugl,0.5352298615951828,0
1759281105,204204,1,107,107,107,107,113,113,113,113,426270720,426270720,25219072,N/A,135168,52125696,6,named,S (sleeping),cache-compromised.bnsdq.ozxfs.vcwss-vmdrv.kvugl,0.1809494239727114,0
1759281105,181,1,0,0,0,0,0,0,0,0,154447872,116670464,38170624,4096,135168,28073984,1,systemd-journal,S (sleeping),cache-compromised.bnsdq.ozxfs.vcwss-vmdrv.kvugl,0.22786676964621838,0
1759281105,196289,1,0,0,0,0,0,0,0,0,1647706112,1580597248,21061632,N/A,135168,82202624,5,discern-interfa,S (sleeping),cache-compromised.bnsdq.ozxfs.vcwss-vmdrv.kvugl,0.0027238150186820057,0
1759281110,380,1,103,103,103,103,109,109,109,109,38969344,38969344,33394688,N/A,135168,31240192,1,dbus-daemon,S (sleeping),cache-compromised.bnsdq.ozxfs.vcwss-vmdrv.kvugl,0.20241612725113325,0
1759281110,196269,1,0,0,0,0,0,0,0,0,1954725888,1939677184,31576064,N/A,135168,179122176,15,discern-network,S (sleeping),cache-compromised.bnsdq.ozxfs.vcwss-vmdrv.kvugl,0.5354996763451457,0
1759281110,204204,1,107,107,107,107,113,113,113,113,426270720,426270720,25296896,N/A,135168,52125696,6,named,S (sleeping),cache-compromised.bnsdq.ozxfs.vcwss-vmdrv.kvugl,0.16529900432598327,0
1759281110,181,1,0,0,0,0,0,0,0,0,154447872,116670464,38170624,4096,135168,28073984,1,systemd-journal,S (sleeping),cache-compromised.bnsdq.ozxfs.vcwss-vmdrv.kvugl,0.22777043489159907,0
1759281110,196289,1,0,0,0,0,0,0,0,0,1647706112,1580597248,21061632,N/A,135168,82202624,5,discern-interfa,S (sleeping),cache-compromised.bnsdq.ozxfs.vcwss-vmdrv.kvugl,0.002704542299865742,0
1759281115,380,1,103,103,103,103,109,109,109,109,38969344,38969344,33394688,N/A,135168,31240192,1,dbus-daemon,S (sleeping),cache-compromised.bnsdq.ozxfs.vcwss-vmdrv.kvugl,0.20233177549555695,0
1759281115,196269,1,0,0,0,0,0,0,0,0,1954725888,1939677184,31576064,N/A,135168,179122176,15,discern-network,S (sleeping),cache-compromised.bnsdq.ozxfs.vcwss-vmdrv.kvugl,0.5358181946763863,0
1759281115,204204,1,107,107,107,107,113,113,113,113,426270720,426270720,25296896,N/A,135168,52125696,6,named,S (sleeping),cache-compromised.bnsdq.ozxfs.vcwss-vmdrv.kvugl,0.16754066325063194,0
1759281115,181,1,0,0,0,0,0,0,0,0,154447872,116670464,38170624,4096,135168,28073984,1,systemd-journal,S (sleeping),cache-compromised.bnsdq.ozxfs.vcwss-vmdrv.kvugl,0.22767552613523714,0
1759281115,196289,1,0,0,0,0,0,0,0,0,1647706112,1580597248,21061632,N/A,135168,82202624,5,discern-interfa,S (sleeping),cache-compromised.bnsdq.ozxfs.vcwss-vmdrv.kvugl,0.0026858042336555896,0
1759281120,380,1,103,103,103,103,109,109,109,109,38969344,38969344,33394688,N/A,135168,31240192,1,dbus-daemon,S (sleeping),cache-compromised.bnsdq.ozxfs.vcwss-vmdrv.kvugl,0.20240867114723088,0
1759281120,196269,1,0,0,0,0,0,0,0,0,1954725888,1939677184,31576064,N/A,135168,179122176,15,discern-network,S (sleeping),cache-compromised.bnsdq.ozxfs.vcwss-vmdrv.kvugl,0.5361192937840514,0
1759281120,204204,1,107,107,107,107,113,113,113,113,426270720,426270720,27344896,N/A,135168,52125696,6,named,S (sleeping),cache-compromised.bnsdq.ozxfs.vcwss-vmdrv.kvugl,0.16941204441832203,0
1759281120,181,1,0,0,0,0,0,0,0,0,154447872,116670464,38170624,4096,135168,28073984,1,systemd-journal,S (sleeping),cache-compromised.bnsdq.ozxfs.vcwss-vmdrv.kvugl,0.22766109206163274,0
1759281120,196289,1,0,0,0,0,0,0,0,0,1647706112,1580597248,21061632,N/A,135168,82202624,5,discern-interfa,S (sleeping),cache-compromised.bnsdq.ozxfs.vcwss-vmdrv.kvugl,0.002667259081285591,0
1759281125,380,1,103,103,103,103,109,109,109,109,38969344,38969344,33394688,N/A,135168,31240192,1,dbus-daemon,S (sleeping),cache-compromised.bnsdq.ozxfs.vcwss-vmdrv.kvugl,0.2024049931878934,0
1759281126,196269,1,0,0,0,0,0,0,0,0,1954725888,1939677184,31576064,N/A,135168,179122176,15,discern-network,S (sleeping),cache-compromised.bnsdq.ozxfs.vcwss-vmdrv.kvugl,0.537749222118617,0
1759281126,204204,1,107,107,107,107,113,113,113,113,426270720,426270720,27344896,N/A,135168,52125696,6,named,S (sleeping),cache-compromised.bnsdq.ozxfs.vcwss-vmdrv.kvugl,0.15789708613675488,0
1759281126,181,1,0,0,0,0,0,0,0,0,154447872,116670464,38170624,4096,135168,28073984,1,systemd-journal,S (sleeping),cache-compromised.bnsdq.ozxfs.vcwss-vmdrv.kvugl,0.22756619069083514,0
1759281126,196289,1,0,0,0,0,0,0,0,0,1647706112,1580597248,21061632,N/A,135168,82202624,5,discern-interfa,S (sleeping),cache-compromised.bnsdq.ozxfs.vcwss-vmdrv.kvugl,0.002649009852498127,0
1759281131,380,1,103,103,103,103,109,109,109,109,38969344,38969344,33394688,N/A,135168,31240192,1,dbus-daemon,S (sleeping),cache-compromised.bnsdq.ozxfs.vcwss-vmdrv.kvugl,0.20232070783941253,0
1759281131,196269,1,0,0,0,0,0,0,0,0,1954725888,1939677184,31576064,N/A,135168,179122176,15,discern-network,S (sleeping),cache-compromised.bnsdq.ozxfs.vcwss-vmdrv.kvugl,0.5380440837408104,0
1759281131,204204,1,107,107,107,107,113,113,113,113,426270720,426270720,27344896,N/A,135168,52125696,6,named,S (sleeping),cache-compromised.bnsdq.ozxfs.vcwss-vmdrv.kvugl,0.1478545133996977,0
1759281131,181,1,0,0,0,0,0,0,0,0,154447872,116670464,38170624,4096,135168,28073984,1,systemd-journal,S (sleeping),cache-compromised.bnsdq.ozxfs.vcwss-vmdrv.kvugl,0.2275520991481394,0
1759281131,196289,1,0,0,0,0,0,0,0,0,1647706112,1580597248,21061632,N/A,135168,82202624,5,discern-interfa,S (sleeping),cache-compromised.bnsdq.ozxfs.vcwss-vmdrv.kvugl,0.002631021401949129,0
1759281136,380,1,103,103,103,103,109,109,109,109,38969344,38969344,33394688,N/A,135168,31240192,1,dbus-daemon,S (sleeping),cache-compromised.bnsdq.ozxfs.vcwss-vmdrv.kvugl,0.2022366729868598,0
1759281136,196269,1,0,0,0,0,0,0,0,0,1954725888,1939677184,31576064,N/A,135168,179122176,15,discern-network,S (sleeping),cache-compromised.bnsdq.ozxfs.vcwss-vmdrv.kvugl,0.5383427298370861,0
1759281136,204204,1,107,107,107,107,113,113,113,113,426270720,426270720,27344896,N/A,135168,52125696,6,named,S (sleeping),cache-compromised.bnsdq.ozxfs.vcwss-vmdrv.kvugl,0.13903076949468332,0
1759281136,181,1,0,0,0,0,0,0,0,0,154447872,116670464,38170624,4096,135168,28073984,1,systemd-journal,S (sleeping),cache-compromised.bnsdq.ozxfs.vcwss-vmdrv.kvugl,0.22745758979688724,0
1759281136,196289,1,0,0,0,0,0,0,0,0,1647706112,1580597248,21061632,N/A,135168,82202624,5,discern-interfa,S (sleeping),cache-compromised.bnsdq.ozxfs.vcwss-vmdrv.kvugl,0.002613312824578203,0
1759281141,380,1,103,103,103,103,109,109,109,109,38969344,38969344,33394688,N/A,135168,31240192,1,dbus-daemon,S (sleeping),cache-compromised.bnsdq.ozxfs.vcwss-vmdrv.kvugl,0.20231243533167195,0
1759281141,196269,1,0,0,0,0,0,0,0,0,1954725888,1939677184,31576064,N/A,135168,179122176,15,discern-network,S (sleeping),cache-compromised.bnsdq.ozxfs.vcwss-vmdrv.kvugl,0.5398717550538863,0
1759281141,204204,1,107,107,107,107,113,113,113,113,426270720,426270720,27344896,N/A,135168,52125696,6,named,S (sleeping),cache-compromised.bnsdq.ozxfs.vcwss-vmdrv.kvugl,0.13107091044600527,0
1759281141,181,1,0,0,0,0,0,0,0,0,154447872,116670464,38170624,4096,135168,28073984,1,systemd-journal,S (sleeping),cache-compromised.bnsdq.ozxfs.vcwss-vmdrv.kvugl,0.22752269201221234,0
1759281141,196289,1,0,0,0,0,0,0,0,0,1647706112,1580597248,21061632,N/A,135168,82202624,5,discern-interfa,S (sleeping),cache-compromised.bnsdq.ozxfs.vcwss-vmdrv.kvugl,0.0025955360302766842,0
1759281146,380,1,103,103,103,103,109,109,109,109,38969344,38969344,33394688,N/A,135168,31240192,1,dbus-daemon,S (sleeping),cache-compromised.bnsdq.ozxfs.vcwss-vmdrv.kvugl,0.20230903309027998,0
1759281146,196269,1,0,0,0,0,0,0,0,0,1954725888,1939677184,31576064,N/A,135168,179122176,15,discern-network,S (sleeping),cache-compromised.bnsdq.ozxfs.vcwss-vmdrv.kvugl,0.5388646898665523,0
1759281146,204204,1,107,107,107,107,113,113,113,113,426270720,426270720,27344896,N/A,135168,52125696,6,named,S (sleeping),cache-compromised.bnsdq.ozxfs.vcwss-vmdrv.kvugl,0.12408854958240531,0
1759281146,181,1,0,0,0,0,0,0,0,0,154447872,116670464,38170624,4096,135168,28073984,1,systemd-journal,S (sleeping),cache-compromised.bnsdq.ozxfs.vcwss-vmdrv.kvugl,0.2274282633437622,0
1759281146,196289,1,0,0,0,0,0,0,0,0,1647706112,1580597248,21061632,N/A,135168,82202624,5,discern-interfa,S (sleeping),cache-compromised.bnsdq.ozxfs.vcwss-vmdrv.kvugl,0.0025782985092853536,0
1759281151,380,1,103,103,103,103,109,109,109,109,38969344,38969344,33394688,N/A,135168,31240192,1,dbus-daemon,S (sleeping),cache-compromised.bnsdq.ozxfs.vcwss-vmdrv.kvugl,0.20222499620885714,0
1759281151,196269,1,0,0,0,0,0,0,0,0,1954725888,1939677184,31576064,N/A,135168,179122176,15,discern-network,S (sleeping),cache-compromised.bnsdq.ozxfs.vcwss-vmdrv.kvugl,0.537866551420176,0
1759281151,204204,1,107,107,107,107,113,113,113,113,426270720,426270720,27344896,N/A,135168,52125696,6,named,S (sleeping),cache-compromised.bnsdq.ozxfs.vcwss-vmdrv.kvugl,0.11780534759653759,0
1759281151,181,1,0,0,0,0,0,0,0,0,154447872,116670464,38170624,4096,135168,28073984,1,systemd-journal,S (sleeping),cache-compromised.bnsdq.ozxfs.vcwss-vmdrv.kvugl,0.22733380023730146,0
1759281151,196289,1,0,0,0,0,0,0,0,0,1647706112,1580597248,21061632,N/A,135168,82202624,5,discern-interfa,S (sleeping),cache-compromised.bnsdq.ozxfs.vcwss-vmdrv.kvugl,0.0025612682056492583,0
1759281157,380,1,103,103,103,103,109,109,109,109,38969344,38969344,33394688,N/A,135168,31240192,1,dbus-daemon,S (sleeping),cache-compromised.bnsdq.ozxfs.vcwss-vmdrv.kvugl,0.20230219097759214,0
1759281157,196269,1,0,0,0,0,0,0,0,0,1954725888,1939677184,31576064,N/A,135168,179122176,15,discern-network,S (sleeping),cache-compromised.bnsdq.ozxfs.vcwss-vmdrv.kvugl,0.5381604453189156,0
1759281157,204204,1,107,107,107,107,113,113,113,113,426270720,426270720,27344896,N/A,135168,52125696,6,named,S (sleeping),cache-compromised.bnsdq.ozxfs.vcwss-vmdrv.kvugl,0.11213794610939952,0
1759281157,181,1,0,0,0,0,0,0,0,0,154447872,116670464,38170624,4096,135168,28073984,1,systemd-journal,S (sleeping),cache-compromised.bnsdq.ozxfs.vcwss-vmdrv.kvugl,0.22732008782804602,0
1759281157,196289,1,0,0,0,0,0,0,0,0,1647706112,1580597248,21061632,N/A,135168,82202624,5,discern-interfa,S (sleeping),cache-compromised.bnsdq.ozxfs.vcwss-vmdrv.kvugl,0.002544492634927588,0
1759281162,380,1,103,103,103,103,109,109,109,109,38969344,38969344,33394688,N/A,135168,31240192,1,dbus-daemon,S (sleeping),cache-compromised.bnsdq.ozxfs.vcwss-vmdrv.kvugl,0.20237928320886125,0
1759281162,196269,1,0,0,0,0,0,0,0,0,1954725888,1939677184,31576064,N/A,135168,179122176,15,discern-network,S (sleeping),cache-compromised.bnsdq.ozxfs.vcwss-vmdrv.kvugl,0.5397128698188868,0
1759281162,204204,1,107,107,107,107,113,113,113,113,426270720,426270720,27344896,N/A,135168,52125696,6,named,S (sleeping),cache-compromised.bnsdq.ozxfs.vcwss-vmdrv.kvugl,0.10698856456265426,0
1759281162,181,1,0,0,0,0,0,0,0,0,154447872,116670464,38170624,4096,135168,28073984,1,systemd-journal,S (sleeping),cache-compromised.bnsdq.ozxfs.vcwss-vmdrv.kvugl,0.22730634540745392,0
1759281162,196289,1,0,0,0,0,0,0,0,0,1647706112,1580597248,21061632,N/A,135168,82202624,5,discern-interfa,S (sleeping),cache-compromised.bnsdq.ozxfs.vcwss-vmdrv.kvugl,0.0025279281492988077,0
1759281167,380,1,103,103,103,103,109,109,109,109,38969344,38969344,33394688,N/A,135168,31240192,1,dbus-daemon,S (sleeping),cache-compromised.bnsdq.ozxfs.vcwss-vmdrv.kvugl,0.2022954300626702,0
1759281167,196269,1,0,0,0,0,0,0,0,0,1954725888,1939677184,31576064,N/A,135168,179122176,15,discern-network,S (sleeping),cache-compromised.bnsdq.ozxfs.vcwss-vmdrv.kvugl,0.5399889514758135,0
1759281167,204204,1,107,107,107,107,113,113,113,113,426270720,426270720,27344896,N/A,135168,52125696,6,named,S (sleeping),cache-compromised.bnsdq.ozxfs.vcwss-vmdrv.kvugl,0.1022907257586259,0
1759281167,181,1,0,0,0,0,0,0,0,0,154447872,116670464,38170624,4096,135168,28073984,1,systemd-journal,S (sleeping),cache-compromised.bnsdq.ozxfs.vcwss-vmdrv.kvugl,0.22721217173745945,0
1759281167,196289,1,0,0,0,0,0,0,0,0,1647706112,1580597248,21061632,N/A,135168,82202624,5,discern-interfa,S (sleeping),cache-compromised.bnsdq.ozxfs.vcwss-vmdrv.kvugl,0.002511575597916319,0
1759281172,380,1,103,103,103,103,109,109,109,109,38969344,38969344,33394688,N/A,135168,31240192,1,dbus-daemon,S (sleeping),cache-compromised.bnsdq.ozxfs.vcwss-vmdrv.kvugl,0.20221160149749723,0
1759281172,196269,1,0,0,0,0,0,0,0,0,1954725888,1939677184,31576064,N/A,135168,179122176,15,discern-network,S (sleeping),cache-compromised.bnsdq.ozxfs.vcwss-vmdrv.kvugl,0.5390119223226453,0
1759281172,204204,1,107,107,107,107,113,113,113,113,426270720,426270720,27344896,N/A,135168,52125696,6,named,S (sleeping),cache-compromised.bnsdq.ozxfs.vcwss-vmdrv.kvugl,0.10615138228578229,0
1759281172,181,1,0,0,0,0,0,0,0,0,154447872,116670464,38170624,4096,135168,28073984,1,systemd-journal,S (sleeping),cache-compromised.bnsdq.ozxfs.vcwss-vmdrv.kvugl,0.22711802407394538,0
1759281172,196289,1,0,0,0,0,0,0,0,0,1647706112,1580597248,21061632,N/A,135168,82202624,5,discern-interfa,S (sleeping),cache-compromised.bnsdq.ozxfs.vcwss-vmdrv.kvugl,0.002495424292184741,0
1759281177,380,1,103,103,103,103,109,109,109,109,38969344,38969344,33394688,N/A,135168,31240192,1,dbus-daemon,S (sleeping),cache-compromised.bnsdq.ozxfs.vcwss-vmdrv.kvugl,0.20236864234905116,0
1759281177,196269,1,0,0,0,0,0,0,0,0,1954725888,1939677184,31576064,N/A,135168,179122176,15,discern-network,S (sleeping),cache-compromised.bnsdq.ozxfs.vcwss-vmdrv.kvugl,0.5392745000721664,0
1759281177,204204,1,107,107,107,107,113,113,113,113,426270720,426270720,27344896,N/A,135168,52125696,6,named,S (sleeping),cache-compromised.bnsdq.ozxfs.vcwss-vmdrv.kvugl,0.10184939368162488,0
1759281177,181,1,0,0,0,0,0,0,0,0,154447872,116670464,38170624,4096,135168,28073984,1,systemd-journal,S (sleeping),cache-compromised.bnsdq.ozxfs.vcwss-vmdrv.kvugl,0.2271843329239428,0
1759281177,196289,1,0,0,0,0,0,0,0,0,1647706112,1580597248,21061632,N/A,135168,82202624,5,discern-interfa,S (sleeping),cache-compromised.bnsdq.ozxfs.vcwss-vmdrv.kvugl,0.0024794211502700237,0
1759281182,380,1,103,103,103,103,109,109,109,109,38969344,38969344,33394688,N/A,135168,31240192,1,dbus-daemon,S (sleeping),cache-compromised.bnsdq.ozxfs.vcwss-vmdrv.kvugl,0.20236520422086557,0
1759281182,196269,1,0,0,0,0,0,0,0,0,1954725888,1939677184,31576064,N/A,135168,179122176,15,discern-network,S (sleeping),cache-compromised.bnsdq.ozxfs.vcwss-vmdrv.kvugl,0.5395469048512948,0
1759281182,204204,1,107,107,107,107,113,113,113,113,426270720,426270720,27344896,N/A,135168,52125696,6,named,S (sleeping),cache-compromised.bnsdq.ozxfs.vcwss-vmdrv.kvugl,0.09789719366850803,0
1759281182,181,1,0,0,0,0,0,0,0,0,154447872,116670464,38170624,4096,135168,28073984,1,systemd-journal,S (sleeping),cache-compromised.bnsdq.ozxfs.vcwss-vmdrv.kvugl,0.2271706276649165,0
1759281182,196289,1,0,0,0,0,0,0,0,0,1647706112,1580597248,21061632,N/A,135168,82202624,5,discern-interfa,S (sleeping),cache-compromised.bnsdq.ozxfs.vcwss-vmdrv.kvugl,0.0024636834647391954,0
1759281187,380,1,103,103,103,103,109,109,109,109,38969344,38969344,33394688,N/A,135168,31240192,1,dbus-daemon,S (sleeping),cache-compromised.bnsdq.ozxfs.vcwss-vmdrv.kvugl,0.20228133837523368,0
1759281187,196269,1,0,0,0,0,0,0,0,0,1954725888,1939677184,31576064,N/A,135168,179122176,15,discern-network,S (sleeping),cache-compromised.bnsdq.ozxfs.vcwss-vmdrv.kvugl,0.5373625458197121,0
1759281187,204204,1,107,107,107,107,113,113,113,113,426270720,426270720,27344896,N/A,135168,52125696,6,named,S (sleeping),cache-compromised.bnsdq.ozxfs.vcwss-vmdrv.kvugl,0.09423485236752369,0
1759281187,181,1,0,0,0,0,0,0,0,0,154447872,116670464,38170624,4096,135168,28073984,1,systemd-journal,S (sleeping),cache-compromised.bnsdq.ozxfs.vcwss-vmdrv.kvugl,0.2270764897249437,0
1759281187,196289,1,0,0,0,0,0,0,0,0,1647706112,1580597248,21061632,N/A,135168,82202624,5,discern-interfa,S (sleeping),cache-compromised.bnsdq.ozxfs.vcwss-vmdrv.kvugl,0.0024481200309378046,0
1759281193,380,1,103,103,103,103,109,109,109,109,38969344,38969344,33394688,N/A,135168,31240192,1,dbus-daemon,S (sleeping),cache-compromised.bnsdq.ozxfs.vcwss-vmdrv.kvugl,0.20219755818071564,0
1759281193,196269,1,0,0,0,0,0,0,0,0,1954725888,1939677184,31576064,N/A,135168,179122176,15,discern-network,S (sleeping),cache-compromised.bnsdq.ozxfs.vcwss-vmdrv.kvugl,0.5376390134601586,0
1759281193,204204,1,107,107,107,107,113,113,113,113,426270720,426270720,27344896,N/A,135168,52125696,6,named,S (sleeping),cache-compromised.bnsdq.ozxfs.vcwss-vmdrv.kvugl,0.09083725012594265,0
1759281193,181,1,0,0,0,0,0,0,0,0,154447872,116670464,38170624,4096,135168,28073984,1,systemd-journal,S (sleeping),cache-compromised.bnsdq.ozxfs.vcwss-vmdrv.kvugl,0.22698244650857669,0
1759281193,196289,1,0,0,0,0,0,0,0,0,1647706112,1580597248,21061632,N/A,135168,82202624,5,discern-interfa,S (sleeping),cache-compromised.bnsdq.ozxfs.vcwss-vmdrv.kvugl,0.002432754612760554,0
1759281198,380,1,103,103,103,103,109,109,109,109,38969344,38969344,33394688,N/A,135168,31240192,1,dbus-daemon,S (sleeping),cache-compromised.bnsdq.ozxfs.vcwss-vmdrv.kvugl,0.20235505864878023,0
1759281198,196269,1,0,0,0,0,0,0,0,0,1954725888,1939677184,31576064,N/A,135168,179122176,15,discern-network,S (sleeping),cache-compromised.bnsdq.ozxfs.vcwss-vmdrv.kvugl,0.5379322141059365,0
1759281198,204204,1,107,107,107,107,113,113,113,113,426270720,426270720,27344896,N/A,135168,52125696,6,named,S (sleeping),cache-compromised.bnsdq.ozxfs.vcwss-vmdrv.kvugl,0.09444024939162719,0
1759281198,181,1,0,0,0,0,0,0,0,0,154447872,116670464,38170624,4096,135168,28073984,1,systemd-journal,S (sleeping),cache-compromised.bnsdq.ozxfs.vcwss-vmdrv.kvugl,0.22704950729512638,0
1759281198,196289,1,0,0,0,0,0,0,0,0,1647706112,1580597248,21061632,N/A,135168,82202624,5,discern-interfa,S (sleeping),cache-compromised.bnsdq.ozxfs.vcwss-vmdrv.kvugl,0.002417671994051658,0
1759281203,380,1,103,103,103,103,109,109,109,109,38969344,38969344,33394688,N/A,135168,31240192,1,dbus-daemon,S (sleeping),cache-compromised.bnsdq.ozxfs.vcwss-vmdrv.kvugl,0.2022714199884822,0
1759281203,196269,1,0,0,0,0,0,0,0,0,1954725888,1939677184,31576064,N/A,135168,179122176,15,discern-network,S (sleeping),cache-compromised.bnsdq.ozxfs.vcwss-vmdrv.kvugl,0.5382058341521814,0
1759281203,204204,1,107,107,107,107,113,113,113,113,426270720,426270720,27344896,N/A,135168,52125696,6,named,S (sleeping),cache-compromised.bnsdq.ozxfs.vcwss-vmdrv.kvugl,0.09126738610034882,0
1759281203,181,1,0,0,0,0,0,0,0,0,154447872,116670464,38170624,4096,135168,28073984,1,systemd-journal,S (sleeping),cache-compromised.bnsdq.ozxfs.vcwss-vmdrv.kvugl,0.22695566854398028,0
1759281203,196289,1,0,0,0,0,0,0,0,0,1647706112,1580597248,21061632,N/A,135168,82202624,5,discern-interfa,S (sleeping),cache-compromised.bnsdq.ozxfs.vcwss-vmdrv.kvugl,0.002402703630565855,0
1759281208,196269,1,0,0,0,0,0,0,0,0,1954725888,1939677184,31825920,N/A,135168,179122176,15,discern-network,S (sleeping),cache-compromised.bnsdq.ozxfs.vcwss-vmdrv.kvugl,0.5372799476370883,0
1759281208,380,1,103,103,103,103,109,109,109,109,38969344,38969344,33394688,N/A,135168,31240192,1,dbus-daemon,S (sleeping),cache-compromised.bnsdq.ozxfs.vcwss-vmdrv.kvugl,0.20218778149306452,0
1759281208,204204,1,107,107,107,107,113,113,113,113,426270720,426270720,27344896,N/A,135168,52125696,6,named,S (sleeping),cache-compromised.bnsdq.ozxfs.vcwss-vmdrv.kvugl,0.08829848620406201,0
1759281208,181,1,0,0,0,0,0,0,0,0,154447872,116670464,38170624,4096,135168,28073984,1,systemd-journal,S (sleeping),cache-compromised.bnsdq.ozxfs.vcwss-vmdrv.kvugl,0.22686183174732164,0
1759281208,196289,1,0,0,0,0,0,0,0,0,1647706112,1580597248,21061632,N/A,135168,82202624,5,discern-interfa,S (sleeping),cache-compromised.bnsdq.ozxfs.vcwss-vmdrv.kvugl,0.0023879075591344036,0
1759281213,196269,1,0,0,0,0,0,0,0,0,1954725888,1939677184,31825920,N/A,135168,179122176,15,discern-network,S (sleeping),cache-compromised.bnsdq.ozxfs.vcwss-vmdrv.kvugl,0.5375583632213595,0
1759281213,380,1,103,103,103,103,109,109,109,109,38969344,38969344,33394688,N/A,135168,31240192,1,dbus-daemon,S (sleeping),cache-compromised.bnsdq.ozxfs.vcwss-vmdrv.kvugl,0.20218453190244662,0
1759281213,204204,1,107,107,107,107,113,113,113,113,426270720,426270720,27344896,N/A,135168,52125696,6,named,S (sleeping),cache-compromised.bnsdq.ozxfs.vcwss-vmdrv.kvugl,0.08552253632413706,0
1759281213,181,1,0,0,0,0,0,0,0,0,154447872,116670464,38170624,4096,135168,28073984,1,systemd-journal,S (sleeping),cache-compromised.bnsdq.ozxfs.vcwss-vmdrv.kvugl,0.22684840639962997,0
1759281213,196289,1,0,0,0,0,0,0,0,0,1647706112,1580597248,21061632,N/A,135168,82202624,5,discern-interfa,S (sleeping),cache-compromised.bnsdq.ozxfs.vcwss-vmdrv.kvugl,0.0023733242690528768,0
1759281218,196269,1,0,0,0,0,0,0,0,0,1954725888,1939677184,31825920,N/A,135168,179122176,15,discern-network,S (sleeping),cache-compromised.bnsdq.ozxfs.vcwss-vmdrv.kvugl,0.5378283330812689,0
1759281218,380,1,103,103,103,103,109,109,109,109,38969344,38969344,33394688,N/A,135168,31240192,1,dbus-daemon,S (sleeping),cache-compromised.bnsdq.ozxfs.vcwss-vmdrv.kvugl,0.20226125219398824,0
1759281218,204204,1,107,107,107,107,113,113,113,113,426270720,426270720,27344896,N/A,135168,52125696,6,named,S (sleeping),cache-compromised.bnsdq.ozxfs.vcwss-vmdrv.kvugl,0.08291164902003169,0
1759281218,181,1,0,0,0,0,0,0,0,0,154447872,116670464,38170624,4096,135168,28073984,1,systemd-journal,S (sleeping),cache-compromised.bnsdq.ozxfs.vcwss-vmdrv.kvugl,0.22683483971661195,0
1759281218,196289,1,0,0,0,0,0,0,0,0,1647706112,1580597248,21061632,N/A,135168,82202624,5,discern-interfa,S (sleeping),cache-compromised.bnsdq.ozxfs.vcwss-vmdrv.kvugl,0.0023588945166984187,0
1759281224,196269,1,0,0,0,0,0,0,0,0,1954725888,1939677184,31825920,N/A,135168,179122176,15,discern-network,S (sleeping),cache-compromised.bnsdq.ozxfs.vcwss-vmdrv.kvugl,0.536917314213336,0
1759281224,380,1,103,103,103,103,109,109,109,109,38969344,38969344,33394688,N/A,135168,31240192,1,dbus-daemon,S (sleeping),cache-compromised.bnsdq.ozxfs.vcwss-vmdrv.kvugl,0.2021776276001451,0
1759281224,204204,1,107,107,107,107,113,113,113,113,426270720,426270720,27344896,N/A,135168,52125696,6,named,S (sleeping),cache-compromised.bnsdq.ozxfs.vcwss-vmdrv.kvugl,0.08045147195480323,0
1759281224,181,1,0,0,0,0,0,0,0,0,154447872,116670464,38170624,4096,135168,28073984,1,systemd-journal,S (sleeping),cache-compromised.bnsdq.ozxfs.vcwss-vmdrv.kvugl,0.2267410655546723,0
1759281224,196289,1,0,0,0,0,0,0,0,0,1647706112,1580597248,21061632,N/A,135168,82202624,5,discern-interfa,S (sleeping),cache-compromised.bnsdq.ozxfs.vcwss-vmdrv.kvugl,0.0023446157559346347,0
1759281229,196269,1,0,0,0,0,0,0,0,0,1954725888,1939677184,31825920,N/A,135168,179122176,15,discern-network,S (sleeping),cache-compromised.bnsdq.ozxfs.vcwss-vmdrv.kvugl,0.5360223801248246,0
1759281229,380,1,103,103,103,103,109,109,109,109,38969344,38969344,33394688,N/A,135168,31240192,1,dbus-daemon,S (sleeping),cache-compromised.bnsdq.ozxfs.vcwss-vmdrv.kvugl,0.2020942046123119,0
1759281229,204204,1,107,107,107,107,113,113,113,113,426270720,426270720,27344896,N/A,135168,52125696,6,named,S (sleeping),cache-compromised.bnsdq.ozxfs.vcwss-vmdrv.kvugl,0.08371782019045579,0
1759281229,181,1,0,0,0,0,0,0,0,0,154447872,116670464,38170624,4096,135168,28073984,1,systemd-journal,S (sleeping),cache-compromised.bnsdq.ozxfs.vcwss-vmdrv.kvugl,0.22664751456676593,0
1759281229,196289,1,0,0,0,0,0,0,0,0,1647706112,1580597248,21061632,N/A,135168,82202624,5,discern-interfa,S (sleeping),cache-compromised.bnsdq.ozxfs.vcwss-vmdrv.kvugl,0.002330530984666236,0
1759281234,196269,1,0,0,0,0,0,0,0,0,1954725888,1939677184,31825920,N/A,135168,179122176,15,discern-network,S (sleeping),cache-compromised.bnsdq.ozxfs.vcwss-vmdrv.kvugl,0.5362846321904182,0
1759281234,380,1,103,103,103,103,109,109,109,109,38969344,38969344,33394688,N/A,135168,31240192,1,dbus-daemon,S (sleeping),cache-compromised.bnsdq.ozxfs.vcwss-vmdrv.kvugl,0.20217055110223006,0
1759281234,204204,1,107,107,107,107,113,113,113,113,426270720,426270720,27344896,N/A,135168,52125696,6,named,S (sleeping),cache-compromised.bnsdq.ozxfs.vcwss-vmdrv.kvugl,0.08136796479078288,0
1759281234,181,1,0,0,0,0,0,0,0,0,154447872,116670464,38170624,4096,135168,28073984,1,systemd-journal,S (sleeping),cache-compromised.bnsdq.ozxfs.vcwss-vmdrv.kvugl,0.22663369355558813,0
1759281234,196289,1,0,0,0,0,0,0,0,0,1647706112,1580597248,21061632,N/A,135168,82202624,5,discern-interfa,S (sleeping),cache-compromised.bnsdq.ozxfs.vcwss-vmdrv.kvugl,0.0023165631552962665,0
1759281239,196269,1,0,0,0,0,0,0,0,0,1954725888,1939939328,31825920,N/A,135168,179384320,15,discern-network,S (sleeping),cache-compromised.bnsdq.ozxfs.vcwss-vmdrv.kvugl,0.5365479827842415,0
1759281239,380,1,103,103,103,103,109,109,109,109,38969344,38969344,33394688,N/A,135168,31240192,1,dbus-daemon,S (sleeping),cache-compromised.bnsdq.ozxfs.vcwss-vmdrv.kvugl,0.2023269170230908,0
1759281239,181,1,0,0,0,0,0,0,0,0,154447872,116670464,38170624,4096,135168,28073984,1,systemd-journal,S (sleeping),cache-compromised.bnsdq.ozxfs.vcwss-vmdrv.kvugl,0.22677994012773026,0
1759281239,206386,1,107,107,107,107,113,113,113,113,421535744,357060608,21180416,N/A,135168,49844224,5,named,S (sleeping),cache-compromised.bnsdq.ozxfs.vcwss-vmdrv.kvugl,0.664393957278049,0
1759281239,196289,1,0,0,0,0,0,0,0,0,1647706112,1580597248,21061632,N/A,135168,82202624,5,discern-interfa,S (sleeping),cache-compromised.bnsdq.ozxfs.vcwss-vmdrv.kvugl,0.0023027798438862795,0
1759281244,196269,1,0,0,0,0,0,0,0,0,1954725888,1939939328,31825920,N/A,135168,179384320,15,discern-network,S (sleeping),cache-compromised.bnsdq.ozxfs.vcwss-vmdrv.kvugl,0.5379604050003208,0
1759281244,380,1,103,103,103,103,109,109,109,109,38969344,38969344,33394688,N/A,135168,31240192,1,dbus-daemon,S (sleeping),cache-compromised.bnsdq.ozxfs.vcwss-vmdrv.kvugl,0.20224353477572454,0
1759281244,181,1,0,0,0,0,0,0,0,0,154447872,116670464,38170624,4096,135168,28073984,1,systemd-journal,S (sleeping),cache-compromised.bnsdq.ozxfs.vcwss-vmdrv.kvugl,0.22668648675860165,0
1759281244,206386,1,107,107,107,107,113,113,113,113,421535744,357060608,21180416,N/A,135168,49844224,5,named,S (sleeping),cache-compromised.bnsdq.ozxfs.vcwss-vmdrv.kvugl,0.3102103740344203,0
1759281244,196289,1,0,0,0,0,0,0,0,0,1647706112,1580597248,21061632,N/A,135168,82202624,5,discern-interfa,S (sleeping),cache-compromised.bnsdq.ozxfs.vcwss-vmdrv.kvugl,0.00228919135784605,0
1759281249,196269,1,0,0,0,0,0,0,0,0,1954725888,1939939328,31825920,N/A,135168,179384320,15,discern-network,S (sleeping),cache-compromised.bnsdq.ozxfs.vcwss-vmdrv.kvugl,0.5370812077185669,0
1759281249,380,1,103,103,103,103,109,109,109,109,38969344,38969344,33394688,N/A,135168,31240192,1,dbus-daemon,S (sleeping),cache-compromised.bnsdq.ozxfs.vcwss-vmdrv.kvugl,0.2022401533140254,0
1759281249,181,1,0,0,0,0,0,0,0,0,154447872,116670464,38170624,4096,135168,28073984,1,systemd-journal,S (sleeping),cache-compromised.bnsdq.ozxfs.vcwss-vmdrv.kvugl,0.22659314242678769,0
1759281249,206386,1,107,107,107,107,113,113,113,113,421535744,357060608,21491712,N/A,135168,49844224,5,named,S (sleeping),cache-compromised.bnsdq.ozxfs.vcwss-vmdrv.kvugl,0.26982210943814244,0
1759281249,196289,1,0,0,0,0,0,0,0,0,1647706112,1580597248,21061632,N/A,135168,82202624,5,discern-interfa,S (sleeping),cache-compromised.bnsdq.ozxfs.vcwss-vmdrv.kvugl,0.002275766767167152,0
1759281254,196269,1,0,0,0,0,0,0,0,0,1954725888,1939939328,31825920,N/A,135168,179384320,15,discern-network,S (sleeping),cache-compromised.bnsdq.ozxfs.vcwss-vmdrv.kvugl,0.5396038420672183,0
1759281254,380,1,103,103,103,103,109,109,109,109,38969344,38969344,33394688,N/A,135168,31240192,1,dbus-daemon,S (sleeping),cache-compromised.bnsdq.ozxfs.vcwss-vmdrv.kvugl,0.20239645801113584,0
1759281254,206386,1,107,107,107,107,113,113,113,113,421535744,357060608,21815296,N/A,135168,49950720,5,named,S (sleeping),cache-compromised.bnsdq.ozxfs.vcwss-vmdrv.kvugl,0.35031457379947056,0
1759281254,181,1,0,0,0,0,0,0,0,0,154447872,116670464,38170624,4096,135168,28073984,1,systemd-journal,S (sleeping),cache-compromised.bnsdq.ozxfs.vcwss-vmdrv.kvugl,0.22673940182989719,0
1759281254,196289,1,0,0,0,0,0,0,0,0,1647706112,1580597248,21061632,N/A,135168,82202624,5,discern-interfa,S (sleeping),cache-compromised.bnsdq.ozxfs.vcwss-vmdrv.kvugl,0.0022624889174520163,0
1759281260,196269,1,0,0,0,0,0,0,0,0,1954725888,1939939328,31825920,N/A,135168,179384320,15,discern-network,S (sleeping),cache-compromised.bnsdq.ozxfs.vcwss-vmdrv.kvugl,0.539881809395247,0
1759281260,380,1,103,103,103,103,109,109,109,109,38969344,38969344,33394688,N/A,135168,31240192,1,dbus-daemon,S (sleeping),cache-compromised.bnsdq.ozxfs.vcwss-vmdrv.kvugl,0.20231401915197542,0
1759281260,206386,1,107,107,107,107,113,113,113,113,421535744,357060608,21815296,N/A,135168,49950720,5,named,S (sleeping),cache-compromised.bnsdq.ozxfs.vcwss-vmdrv.kvugl,0.27906591626917115,0
1759281260,181,1,0,0,0,0,0,0,0,0,154447872,116670464,38170624,4096,135168,28073984,1,systemd-journal,S (sleeping),cache-compromised.bnsdq.ozxfs.vcwss-vmdrv.kvugl,0.2266470551142974,0
1759281260,196289,1,0,0,0,0,0,0,0,0,1647706112,1580597248,21061632,N/A,135168,82202624,5,discern-interfa,S (sleeping),cache-compromised.bnsdq.ozxfs.vcwss-vmdrv.kvugl,0.002249506559739408,0
1759281265,196269,1,0,0,0,0,0,0,0,0,1954725888,1939939328,31825920,N/A,135168,179384320,15,discern-network,S (sleeping),cache-compromised.bnsdq.ozxfs.vcwss-vmdrv.kvugl,0.5390069238965128,0
1759281265,380,1,103,103,103,103,109,109,109,109,38969344,38969344,33394688,N/A,135168,31240192,1,dbus-daemon,S (sleeping),cache-compromised.bnsdq.ozxfs.vcwss-vmdrv.kvugl,0.20223080798400597,0
1759281265,206386,1,107,107,107,107,113,113,113,113,426270720,426270720,21815296,N/A,135168,52183040,6,named,S (sleeping),cache-compromised.bnsdq.ozxfs.vcwss-vmdrv.kvugl,0.23150182723085905,0
1759281265,181,1,0,0,0,0,0,0,0,0,154447872,116670464,38170624,4096,135168,28073984,1,systemd-journal,S (sleeping),cache-compromised.bnsdq.ozxfs.vcwss-vmdrv.kvugl,0.22655384266940468,0
1759281265,196289,1,0,0,0,0,0,0,0,0,1647706112,1580597248,21061632,N/A,135168,82202624,5,discern-interfa,S (sleeping),cache-compromised.bnsdq.ozxfs.vcwss-vmdrv.kvugl,0.002236542135866077,0
1759281270,196269,1,0,0,0,0,0,0,0,0,1954725888,1939939328,31825920,N/A,135168,179384320,15,discern-network,S (sleeping),cache-compromised.bnsdq.ozxfs.vcwss-vmdrv.kvugl,0.5392443696821028,0
1759281270,380,1,103,103,103,103,109,109,109,109,38969344,38969344,33394688,N/A,135168,31240192,1,dbus-daemon,S (sleeping),cache-compromised.bnsdq.ozxfs.vcwss-vmdrv.kvugl,0.20230695556763004,0
1759281270,181,1,0,0,0,0,0,0,0,0,154447872,116670464,38170624,4096,135168,28073984,1,systemd-journal,S (sleeping),cache-compromised.bnsdq.ozxfs.vcwss-vmdrv.kvugl,0.2265401883989569,0
1759281270,206386,1,107,107,107,107,113,113,113,113,426270720,426270720,21815296,N/A,135168,52183040,6,named,S (sleeping),cache-compromised.bnsdq.ozxfs.vcwss-vmdrv.kvugl,0.2541863541016286,0
1759281270,196289,1,0,0,0,0,0,0,0,0,1647706112,1580597248,21061632,N/A,135168,82202624,5,discern-interfa,S (sleeping),cache-compromised.bnsdq.ozxfs.vcwss-vmdrv.kvugl,0.00222368688979628,0
1759281275,196269,1,0,0,0,0,0,0,0,0,1954725888,1939939328,31825920,N/A,135168,179384320,15,discern-network,S (sleeping),cache-compromised.bnsdq.ozxfs.vcwss-vmdrv.kvugl,0.5394858786593018,0
1759281275,380,1,103,103,103,103,109,109,109,109,38969344,38969344,33394688,N/A,135168,31240192,1,dbus-daemon,S (sleeping),cache-compromised.bnsdq.ozxfs.vcwss-vmdrv.kvugl,0.20230348440195198,0
1759281275,181,1,0,0,0,0,0,0,0,0,154447872,116670464,38170624,4096,135168,28073984,1,systemd-journal,S (sleeping),cache-compromised.bnsdq.ozxfs.vcwss-vmdrv.kvugl,0.2265267510625615,0
1759281275,206386,1,107,107,107,107,113,113,113,113,426270720,426270720,21815296,N/A,135168,52183040,6,named,S (sleeping),cache-compromised.bnsdq.ozxfs.vcwss-vmdrv.kvugl,0.22186493316893074,0
1759281275,196289,1,0,0,0,0,0,0,0,0,1647706112,1580597248,21061632,N/A,135168,82202624,5,discern-interfa,S (sleeping),cache-compromised.bnsdq.ozxfs.vcwss-vmdrv.kvugl,0.0022110067108944277,0
1759281280,196269,1,0,0,0,0,0,0,0,0,1954725888,1939939328,31825920,N/A,135168,179384320,15,discern-network,S (sleeping),cache-compromised.bnsdq.ozxfs.vcwss-vmdrv.kvugl,0.5386269730076264,0
1759281280,380,1,103,103,103,103,109,109,109,109,38969344,38969344,33394688,N/A,135168,31240192,1,dbus-daemon,S (sleeping),cache-compromised.bnsdq.ozxfs.vcwss-vmdrv.kvugl,0.20222034912938625,0
1759281280,181,1,0,0,0,0,0,0,0,0,154447872,116670464,38170624,4096,135168,28073984,1,systemd-journal,S (sleeping),cache-compromised.bnsdq.ozxfs.vcwss-vmdrv.kvugl,0.22643366889262584,0
1759281280,206386,1,107,107,107,107,113,113,113,113,426270720,426270720,21815296,N/A,135168,52183040,6,named,S (sleeping),cache-compromised.bnsdq.ozxfs.vcwss-vmdrv.kvugl,0.1968469807650794,0
1759281280,196289,1,0,0,0,0,0,0,0,0,1647706112,1580597248,21061632,N/A,135168,82202624,5,discern-interfa,S (sleeping),cache-compromised.bnsdq.ozxfs.vcwss-vmdrv.kvugl,0.002198476509093353,0
1759281285,196269,1,0,0,0,0,0,0,0,0,1954725888,1939939328,31825920,N/A,135168,179384320,15,discern-network,S (sleeping),cache-compromised.bnsdq.ozxfs.vcwss-vmdrv.kvugl,0.5377784298468568,0
1759281285,380,1,103,103,103,103,109,109,109,109,38969344,38969344,33394688,N/A,135168,31240192,1,dbus-daemon,S (sleeping),cache-compromised.bnsdq.ozxfs.vcwss-vmdrv.kvugl,0.2021373004763465,0
1759281285,181,1,0,0,0,0,0,0,0,0,154447872,116670464,38170624,4096,135168,28073984,1,systemd-journal,S (sleeping),cache-compromised.bnsdq.ozxfs.vcwss-vmdrv.kvugl,0.22634068359236847,0
1759281285,206386,1,107,107,107,107,113,113,113,113,426270720,426270720,21815296,N/A,135168,52183040,6,named,S (sleeping),cache-compromised.bnsdq.ozxfs.vcwss-vmdrv.kvugl,0.17690335063774176,0
1759281285,196289,1,0,0,0,0,0,0,0,0,1647706112,1580597248,21061632,N/A,135168,82202624,5,discern-interfa,S (sleeping),cache-compromised.bnsdq.ozxfs.vcwss-vmdrv.kvugl,0.0021860901983379068,0
1759281291,196269,1,0,0,0,0,0,0,0,0,1954725888,1939939328,31825920,N/A,135168,179384320,15,discern-network,S (sleeping),cache-compromised.bnsdq.ozxfs.vcwss-vmdrv.kvugl,0.5380153857834072,0
1759281291,380,1,103,103,103,103,109,109,109,109,38969344,38969344,33394688,N/A,135168,31240192,1,dbus-daemon,S (sleeping),cache-compromised.bnsdq.ozxfs.vcwss-vmdrv.kvugl,0.20213366255559628,0
1759281291,181,1,0,0,0,0,0,0,0,0,154447872,116670464,38170624,4096,135168,28073984,1,systemd-journal,S (sleeping),cache-compromised.bnsdq.ozxfs.vcwss-vmdrv.kvugl,0.22632707491497323,0
1759281291,206386,1,107,107,107,107,113,113,113,113,426270720,426270720,21815296,N/A,135168,52183040,6,named,S (sleeping),cache-compromised.bnsdq.ozxfs.vcwss-vmdrv.kvugl,0.16057565137225013,0
1759281291,196280,1,0,0,0,0,0,0,0,0,1264619520,1264619520,16289792,N/A,135168,45826048,5,discern-proc-so,S (sleeping),cache-compromised.bnsdq.ozxfs.vcwss-vmdrv.kvugl,2.5629084936786555,0
1759281296,196269,1,0,0,0,0,0,0,0,0,1954725888,1939939328,31825920,N/A,135168,179384320,15,discern-network,S (sleeping),cache-compromised.bnsdq.ozxfs.vcwss-vmdrv.kvugl,0.5382531026855971,0
1759281296,380,1,103,103,103,103,109,109,109,109,38969344,38969344,33394688,N/A,135168,31240192,1,dbus-daemon,S (sleeping),cache-compromised.bnsdq.ozxfs.vcwss-vmdrv.kvugl,0.20220973125392994,0
1759281296,181,1,0,0,0,0,0,0,0,0,154447872,116670464,38170624,4096,135168,28073984,1,systemd-journal,S (sleeping),cache-compromised.bnsdq.ozxfs.vcwss-vmdrv.kvugl,0.22631358204516544,0
1759281296,206386,1,107,107,107,107,113,113,113,113,426270720,426270720,21815296,N/A,135168,52183040,6,named,S (sleeping),cache-compromised.bnsdq.ozxfs.vcwss-vmdrv.kvugl,0.14702117422459868,0
1759281296,196289,1,0,0,0,0,0,0,0,0,1647706112,1580597248,21061632,N/A,135168,82202624,5,discern-interfa,S (sleeping),cache-compromised.bnsdq.ozxfs.vcwss-vmdrv.kvugl,0.0021616579193282537,0
1759281301,196269,1,0,0,0,0,0,0,0,0,1954725888,1939939328,31825920,N/A,135168,179384320,15,discern-network,S (sleeping),cache-compromised.bnsdq.ozxfs.vcwss-vmdrv.kvugl,0.536342930821898,0
1759281301,380,1,103,103,103,103,109,109,109,109,38969344,38969344,33394688,N/A,135168,31240192,1,dbus-daemon,S (sleeping),cache-compromised.bnsdq.ozxfs.vcwss-vmdrv.kvugl,0.2021267072316711,0
1759281301,206386,1,107,107,107,107,113,113,113,113,426270720,426270720,25554944,N/A,135168,52183040,6,named,S (sleeping),cache-compromised.bnsdq.ozxfs.vcwss-vmdrv.kvugl,0.13559302859869432,0
1759281301,181,1,0,0,0,0,0,0,0,0,154447872,116670464,38170624,4096,135168,28073984,1,systemd-journal,S (sleeping),cache-compromised.bnsdq.ozxfs.vcwss-vmdrv.kvugl,0.22622066718716896,0
1759281301,196280,1,0,0,0,0,0,0,0,0,1264619520,1264619520,16289792,N/A,135168,45826048,5,discern-proc-so,S (sleeping),cache-compromised.bnsdq.ozxfs.vcwss-vmdrv.kvugl,2.561332015153628,0
1759281306,196269,1,0,0,0,0,0,0,0,0,1954725888,1939939328,31825920,N/A,135168,179384320,15,discern-network,S (sleeping),cache-compromised.bnsdq.ozxfs.vcwss-vmdrv.kvugl,0.537598526504088,0
1759281306,380,1,103,103,103,103,109,109,109,109,38969344,38969344,33394688,N/A,135168,31240192,1,dbus-daemon,S (sleeping),cache-compromised.bnsdq.ozxfs.vcwss-vmdrv.kvugl,0.20204200562829952,0
1759281306,206386,1,107,107,107,107,113,113,113,113,426270720,426270720,25554944,N/A,135168,52183040,6,named,S (sleeping),cache-compromised.bnsdq.ozxfs.vcwss-vmdrv.kvugl,0.1256173537218212,0
1759281306,181,1,0,0,0,0,0,0,0,0,154447872,116670464,38170624,4096,135168,28073984,1,systemd-journal,S (sleeping),cache-compromised.bnsdq.ozxfs.vcwss-vmdrv.kvugl,0.22612581670415377,0
1759281306,196289,1,0,0,0,0,0,0,0,0,1647706112,1580597248,21061632,N/A,135168,82202624,5,discern-interfa,S (sleeping),cache-compromised.bnsdq.ozxfs.vcwss-vmdrv.kvugl,0.0021375570970834194,0
1759281312,196269,1,0,0,0,0,0,0,0,0,1954725888,1939939328,31825920,N/A,135168,179384320,15,discern-network,S (sleeping),cache-compromised.bnsdq.ozxfs.vcwss-vmdrv.kvugl,0.5377076706381049,0
1759281312,380,1,103,103,103,103,109,109,109,109,38969344,38969344,33394688,N/A,135168,31240192,1,dbus-daemon,S (sleeping),cache-compromised.bnsdq.ozxfs.vcwss-vmdrv.kvugl,0.2021939696059517,0
1759281312,206386,1,107,107,107,107,113,113,113,113,426270720,426270720,26062848,N/A,135168,52183040,6,named,S (sleeping),cache-compromised.bnsdq.ozxfs.vcwss-vmdrv.kvugl,0.11683460103584756,0
1759281312,181,1,0,0,0,0,0,0,0,0,154447872,116670464,38170624,4096,135168,28073984,1,systemd-journal,S (sleeping),cache-compromised.bnsdq.ozxfs.vcwss-vmdrv.kvugl,0.226108502697828,0
1759281312,196289,1,0,0,0,0,0,0,0,0,1647706112,1580597248,21061632,N/A,135168,82202624,5,discern-interfa,S (sleeping),cache-compromised.bnsdq.ozxfs.vcwss-vmdrv.kvugl,0.002125325837896546,0
1759281317,196269,1,0,0,0,0,0,0,0,0,1954725888,1939939328,31825920,N/A,135168,179384320,15,discern-network,S (sleeping),cache-compromised.bnsdq.ozxfs.vcwss-vmdrv.kvugl,0.5369033315702976,0
1759281317,380,1,103,103,103,103,109,109,109,109,38969344,38969344,33394688,N/A,135168,31240192,1,dbus-daemon,S (sleeping),cache-compromised.bnsdq.ozxfs.vcwss-vmdrv.kvugl,0.20211145352146279,0
1759281317,206386,1,107,107,107,107,113,113,113,113,426270720,426270720,26062848,N/A,135168,52183040,6,named,S (sleeping),cache-compromised.bnsdq.ozxfs.vcwss-vmdrv.kvugl,0.1095332967249794,0
1759281317,181,1,0,0,0,0,0,0,0,0,154447872,116670464,38170624,4096,135168,28073984,1,systemd-journal,S (sleeping),cache-compromised.bnsdq.ozxfs.vcwss-vmdrv.kvugl,0.22601623457287998,0
1759281317,196289,1,0,0,0,0,0,0,0,0,1647706112,1580597248,21061632,N/A,135168,82202624,5,discern-interfa,S (sleeping),cache-compromised.bnsdq.ozxfs.vcwss-vmdrv.kvugl,0.0021137915904692575,0
1759281322,196269,1,0,0,0,0,0,0,0,0,1954725888,1939939328,31825920,N/A,135168,179384320,15,discern-network,S (sleeping),cache-compromised.bnsdq.ozxfs.vcwss-vmdrv.kvugl,0.5371497365208598,0
1759281322,380,1,103,103,103,103,109,109,109,109,38969344,38969344,33394688,N/A,135168,31240192,1,dbus-daemon,S (sleeping),cache-compromised.bnsdq.ozxfs.vcwss-vmdrv.kvugl,0.2020287449101267,0
1759281322,206386,1,107,107,107,107,113,113,113,113,426270720,426270720,28106752,N/A,135168,52183040,6,named,S (sleeping),cache-compromised.bnsdq.ozxfs.vcwss-vmdrv.kvugl,0.11452411361230432,0
1759281322,181,1,0,0,0,0,0,0,0,0,154447872,116670464,38170624,4096,135168,28073984,1,systemd-journal,S (sleeping),cache-compromised.bnsdq.ozxfs.vcwss-vmdrv.kvugl,0.22600318869744818,0
1759281322,196289,1,0,0,0,0,0,0,0,0,1647706112,1580597248,21061632,N/A,135168,82202624,5,discern-interfa,S (sleeping),cache-compromised.bnsdq.ozxfs.vcwss-vmdrv.kvugl,0.0021023462893120415,0
1759281327,196269,1,0,0,0,0,0,0,0,0,1954725888,1939939328,31825920,N/A,135168,179384320,15,discern-network,S (sleeping),cache-compromised.bnsdq.ozxfs.vcwss-vmdrv.kvugl,0.5373824451832518,0
1759281327,380,1,103,103,103,103,109,109,109,109,38969344,38969344,33394688,N/A,135168,31240192,1,dbus-daemon,S (sleeping),cache-compromised.bnsdq.ozxfs.vcwss-vmdrv.kvugl,0.20202520159594767,0
1759281327,206386,1,107,107,107,107,113,113,113,113,426270720,426270720,28106752,N/A,135168,52183040,6,named,S (sleeping),cache-compromised.bnsdq.ozxfs.vcwss-vmdrv.kvugl,0.1081215724115432,0
1759281327,181,1,0,0,0,0,0,0,0,0,154447872,116670464,38170624,4096,135168,28073984,1,systemd-journal,S (sleeping),cache-compromised.bnsdq.ozxfs.vcwss-vmdrv.kvugl,0.22598980268270719,0
1759281327,196289,1,0,0,0,0,0,0,0,0,1647706112,1580597248,21061632,N/A,135168,82202624,5,discern-interfa,S (sleeping),cache-compromised.bnsdq.ozxfs.vcwss-vmdrv.kvugl,0.0020909813443054357,0
1759281332,196269,1,0,0,0,0,0,0,0,0,1954725888,1939939328,31825920,N/A,135168,179384320,15,discern-network,S (sleeping),cache-compromised.bnsdq.ozxfs.vcwss-vmdrv.kvugl,0.5386609410908284,0
1759281332,380,1,103,103,103,103,109,109,109,109,38969344,38969344,33394688,N/A,135168,31240192,1,dbus-daemon,S (sleeping),cache-compromised.bnsdq.ozxfs.vcwss-vmdrv.kvugl,0.20210128202772293,0
1759281332,206386,1,107,107,107,107,113,113,113,113,426270720,426270720,28106752,N/A,135168,52183040,6,named,S (sleeping),cache-compromised.bnsdq.ozxfs.vcwss-vmdrv.kvugl,0.10241275906956673,0
1759281332,181,1,0,0,0,0,0,0,0,0,154447872,116670464,38170624,4096,135168,28073984,1,systemd-journal,S (sleeping),cache-compromised.bnsdq.ozxfs.vcwss-vmdrv.kvugl,0.22597669712679247,0
1759281332,196289,1,0,0,0,0,0,0,0,0,1647706112,1580597248,21061632,N/A,135168,82202624,5,discern-interfa,S (sleeping),cache-compromised.bnsdq.ozxfs.vcwss-vmdrv.kvugl,0.0020797711291991755,0
1759281337,196269,1,0,0,0,0,0,0,0,0,1954725888,1939939328,31825920,N/A,135168,179384320,15,discern-network,S (sleeping),cache-compromised.bnsdq.ozxfs.vcwss-vmdrv.kvugl,0.5399256971594631,0
1759281337,380,1,103,103,103,103,109,109,109,109,38969344,38969344,33394688,N/A,135168,31240192,1,dbus-daemon,S (sleeping),cache-compromised.bnsdq.ozxfs.vcwss-vmdrv.kvugl,0.20201860211291,0
1759281337,206386,1,107,107,107,107,113,113,113,113,426270720,426270720,28106752,N/A,135168,52183040,6,named,S (sleeping),cache-compromised.bnsdq.ozxfs.vcwss-vmdrv.kvugl,0.09727634219203302,0
1759281337,181,1,0,0,0,0,0,0,0,0,154447872,116670464,38170624,4096,135168,28073984,1,systemd-journal,S (sleeping),cache-compromised.bnsdq.ozxfs.vcwss-vmdrv.kvugl,0.22588425574870727,0
1759281337,196289,1,0,0,0,0,0,0,0,0,1647706112,1580597248,21061632,N/A,135168,82202624,5,discern-interfa,S (sleeping),cache-compromised.bnsdq.ozxfs.vcwss-vmdrv.kvugl,0.002068679784424258,0
1759281342,196269,1,0,0,0,0,0,0,0,0,1954725888,1939939328,31825920,N/A,135168,179384320,15,discern-network,S (sleeping),cache-compromised.bnsdq.ozxfs.vcwss-vmdrv.kvugl,0.5401517513664833,0
1759281342,380,1,103,103,103,103,109,109,109,109,38969344,38969344,33394688,N/A,135168,31240192,1,dbus-daemon,S (sleeping),cache-compromised.bnsdq.ozxfs.vcwss-vmdrv.kvugl,0.201936092955484,0
1759281342,206386,1,107,107,107,107,113,113,113,113,426270720,426270720,28106752,N/A,135168,52183040,6,named,S (sleeping),cache-compromised.bnsdq.ozxfs.vcwss-vmdrv.kvugl,0.10189968842092809,0
1759281342,181,1,0,0,0,0,0,0,0,0,154447872,116670464,38170624,4096,135168,28073984,1,systemd-journal,S (sleeping),cache-compromised.bnsdq.ozxfs.vcwss-vmdrv.kvugl,0.22579200745687783,0
1759281342,196289,1,0,0,0,0,0,0,0,0,1647706112,1580597248,21061632,N/A,135168,82202624,5,discern-interfa,S (sleeping),cache-compromised.bnsdq.ozxfs.vcwss-vmdrv.kvugl,0.0020577200547972014,0
1759281348,196269,1,0,0,0,0,0,0,0,0,1954725888,1939939328,31825920,N/A,135168,179384320,15,discern-network,S (sleeping),cache-compromised.bnsdq.ozxfs.vcwss-vmdrv.kvugl,0.5393768773712805,0
1759281348,380,1,103,103,103,103,109,109,109,109,38969344,38969344,33394688,N/A,135168,31240192,1,dbus-daemon,S (sleeping),cache-compromised.bnsdq.ozxfs.vcwss-vmdrv.kvugl,0.20209222167054217,0
1759281348,206386,1,107,107,107,107,113,113,113,113,426270720,426270720,28106752,N/A,135168,52183040,6,named,S (sleeping),cache-compromised.bnsdq.ozxfs.vcwss-vmdrv.kvugl,0.09729899428441877,0
1759281348,181,1,0,0,0,0,0,0,0,0,154447872,116670464,38170624,4096,135168,28073984,1,systemd-journal,S (sleeping),cache-compromised.bnsdq.ozxfs.vcwss-vmdrv.kvugl,0.22585919408630242,0
1759281348,196289,1,0,0,0,0,0,0,0,0,1647706112,1580597248,21061632,N/A,135168,82202624,5,discern-interfa,S (sleeping),cache-compromised.bnsdq.ozxfs.vcwss-vmdrv.kvugl,0.002046970218503109,0
1759281353,196269,1,0,0,0,0,0,0,0,0,1954725888,1939939328,31825920,N/A,135168,179384320,15,discern-network,S (sleeping),cache-compromised.bnsdq.ozxfs.vcwss-vmdrv.kvugl,0.5406259275955626,0
1759281353,380,1,103,103,103,103,109,109,109,109,38969344,38969344,33394688,N/A,135168,31240192,1,dbus-daemon,S (sleeping),cache-compromised.bnsdq.ozxfs.vcwss-vmdrv.kvugl,0.2020098760653944,0
1759281353,206386,1,107,107,107,107,113,113,113,113,426270720,426270720,28106752,N/A,135168,52183040,6,named,S (sleeping),cache-compromised.bnsdq.ozxfs.vcwss-vmdrv.kvugl,0.09306648721521399,0
1759281353,181,1,0,0,0,0,0,0,0,0,154447872,116670464,38170624,4096,135168,28073984,1,systemd-journal,S (sleeping),cache-compromised.bnsdq.ozxfs.vcwss-vmdrv.kvugl,0.2257671713065753,0
1759281353,196289,1,0,0,0,0,0,0,0,0,1647706112,1580597248,21061632,N/A,135168,82202624,5,discern-interfa,S (sleeping),cache-compromised.bnsdq.ozxfs.vcwss-vmdrv.kvugl,0.002036254929640477,0
1759281358,196269,1,0,0,0,0,0,0,0,0,1954725888,1939939328,31825920,N/A,135168,179384320,15,discern-network,S (sleeping),cache-compromised.bnsdq.ozxfs.vcwss-vmdrv.kvugl,0.5398345762977805,0
1759281358,380,1,103,103,103,103,109,109,109,109,38969344,38969344,33394688,N/A,135168,31240192,1,dbus-daemon,S (sleeping),cache-compromised.bnsdq.ozxfs.vcwss-vmdrv.kvugl,0.2019275470158546,0
1759281358,206386,1,107,107,107,107,113,113,113,113,426270720,426270720,28106752,N/A,135168,52183040,6,named,S (sleeping),cache-compromised.bnsdq.ozxfs.vcwss-vmdrv.kvugl,0.09729227742151746,0
1759281358,181,1,0,0,0,0,0,0,0,0,154447872,116670464,38170624,4096,135168,28073984,1,systemd-journal,S (sleeping),cache-compromised.bnsdq.ozxfs.vcwss-vmdrv.kvugl,0.22567516762955817,0
1759281358,196289,1,0,0,0,0,0,0,0,0,1647706112,1580597248,21061632,N/A,135168,82202624,5,discern-interfa,S (sleeping),cache-compromised.bnsdq.ozxfs.vcwss-vmdrv.kvugl,0.00202564488037862,0
1759281363,196269,1,0,0,0,0,0,0,0,0,1954725888,1939939328,31825920,N/A,135168,179384320,15,discern-network,S (sleeping),cache-compromised.bnsdq.ozxfs.vcwss-vmdrv.kvugl,0.5420734811170533,0
1759281363,380,1,103,103,103,103,109,109,109,109,38969344,38969344,33394688,N/A,135168,31240192,1,dbus-daemon,S (sleeping),cache-compromised.bnsdq.ozxfs.vcwss-vmdrv.kvugl,0.20192445133459855,0
1759281363,206386,1,107,107,107,107,113,113,113,113,426270720,426270720,28106752,N/A,135168,52183040,6,named,S (sleeping),cache-compromised.bnsdq.ozxfs.vcwss-vmdrv.kvugl,0.10117867749018694,0
1759281363,181,1,0,0,0,0,0,0,0,0,154447872,116670464,38170624,4096,135168,28073984,1,systemd-journal,S (sleeping),cache-compromised.bnsdq.ozxfs.vcwss-vmdrv.kvugl,0.2256623960415828,0
1759281363,196289,1,0,0,0,0,0,0,0,0,1647706112,1580597248,21061632,N/A,135168,82202624,5,discern-interfa,S (sleeping),cache-compromised.bnsdq.ozxfs.vcwss-vmdrv.kvugl,0.0020151422254227366,0
1759281368,196269,1,0,0,0,0,0,0,0,0,1954725888,1939939328,31825920,N/A,135168,179384320,15,discern-network,S (sleeping),cache-compromised.bnsdq.ozxfs.vcwss-vmdrv.kvugl,0.5422873068992282,0
1759281368,380,1,103,103,103,103,109,109,109,109,38969344,38969344,33394688,N/A,135168,31240192,1,dbus-daemon,S (sleeping),cache-compromised.bnsdq.ozxfs.vcwss-vmdrv.kvugl,0.2020005934227037,0
1759281368,206386,1,107,107,107,107,113,113,113,113,426270720,426270720,28106752,N/A,135168,52183040,6,named,S (sleeping),cache-compromised.bnsdq.ozxfs.vcwss-vmdrv.kvugl,0.09728612557180216,0
1759281368,181,1,0,0,0,0,0,0,0,0,154447872,116670464,38170624,4096,135168,28073984,1,systemd-journal,S (sleeping),cache-compromised.bnsdq.ozxfs.vcwss-vmdrv.kvugl,0.22564972415700568,0
1759281368,196289,1,0,0,0,0,0,0,0,0,1647706112,1580597248,21061632,N/A,135168,82202624,5,discern-interfa,S (sleeping),cache-compromised.bnsdq.ozxfs.vcwss-vmdrv.kvugl,0.0020047579354673874,0
1759281373,196269,1,0,0,0,0,0,0,0,0,1954725888,1939939328,31825920,N/A,135168,179384320,15,discern-network,S (sleeping),cache-compromised.bnsdq.ozxfs.vcwss-vmdrv.kvugl,0.54249350469854,0
1759281373,380,1,103,103,103,103,109,109,109,109,38969344,38969344,33394688,N/A,135168,31240192,1,dbus-daemon,S (sleeping),cache-compromised.bnsdq.ozxfs.vcwss-vmdrv.kvugl,0.20191826956172682,0
1759281373,206386,1,107,107,107,107,113,113,113,113,426270720,426270720,28106752,N/A,135168,52183040,6,named,S (sleeping),cache-compromised.bnsdq.ozxfs.vcwss-vmdrv.kvugl,0.09367533426256859,0
1759281373,181,1,0,0,0,0,0,0,0,0,154447872,116670464,38170624,4096,135168,28073984,1,systemd-journal,S (sleeping),cache-compromised.bnsdq.ozxfs.vcwss-vmdrv.kvugl,0.22555777160413773,0
1759281373,196289,1,0,0,0,0,0,0,0,0,1647706112,1580597248,21061632,N/A,135168,82202624,5,discern-interfa,S (sleeping),cache-compromised.bnsdq.ozxfs.vcwss-vmdrv.kvugl,0.0019944605673299864,0
1759281378,196269,1,0,0,0,0,0,0,0,0,1954725888,1939939328,31825920,N/A,135168,179384320,15,discern-network,S (sleeping),cache-compromised.bnsdq.ozxfs.vcwss-vmdrv.kvugl,0.5417058552122018,0
1759281378,380,1,103,103,103,103,109,109,109,109,38969344,38969344,33394688,N/A,135168,31240192,1,dbus-daemon,S (sleeping),cache-compromised.bnsdq.ozxfs.vcwss-vmdrv.kvugl,0.2018360247933881,0
1759281378,206386,1,107,107,107,107,113,113,113,113,426270720,426270720,28106752,N/A,135168,52183040,6,named,S (sleeping),cache-compromised.bnsdq.ozxfs.vcwss-vmdrv.kvugl,0.0903233901865881,0
1759281378,181,1,0,0,0,0,0,0,0,0,154447872,116670464,38170624,4096,135168,28073984,1,systemd-journal,S (sleeping),cache-compromised.bnsdq.ozxfs.vcwss-vmdrv.kvugl,0.22546590417461013,0
1759281378,196289,1,0,0,0,0,0,0,0,0,1647706112,1580597248,21061632,N/A,135168,82202624,5,discern-interfa,S (sleeping),cache-compromised.bnsdq.ozxfs.vcwss-vmdrv.kvugl,0.001984269612808637,0
1759281384,196269,1,0,0,0,0,0,0,0,0,1954725888,1939939328,31825920,N/A,135168,179384320,15,discern-network,S (sleeping),cache-compromised.bnsdq.ozxfs.vcwss-vmdrv.kvugl,0.5428878765513179,0
1759281384,380,1,103,103,103,103,109,109,109,109,38969344,38969344,33394688,N/A,135168,31240192,1,dbus-daemon,S (sleeping),cache-compromised.bnsdq.ozxfs.vcwss-vmdrv.kvugl,0.2019115882841431,0
1759281384,206386,1,107,107,107,107,113,113,113,113,426270720,426270720,28106752,N/A,135168,52183040,6,named,S (sleeping),cache-compromised.bnsdq.ozxfs.vcwss-vmdrv.kvugl,0.09389625142064449,0
1759281384,181,1,0,0,0,0,0,0,0,0,154447872,116670464,38170624,4096,135168,28073984,1,systemd-journal,S (sleeping),cache-compromised.bnsdq.ozxfs.vcwss-vmdrv.kvugl,0.22553179920063623,0
1759281384,196289,1,0,0,0,0,0,0,0,0,1647706112,1580597248,21061632,N/A,135168,82202624,5,discern-interfa,S (sleeping),cache-compromised.bnsdq.ozxfs.vcwss-vmdrv.kvugl,0.001974136981243748,0
1759281389,196269,1,0,0,0,0,0,0,0,0,1954725888,1939939328,31825920,N/A,135168,179384320,15,discern-network,S (sleeping),cache-compromised.bnsdq.ozxfs.vcwss-vmdrv.kvugl,0.5430844525522236,0
1759281389,380,1,103,103,103,103,109,109,109,109,38969344,38969344,33394688,N/A,135168,31240192,1,dbus-daemon,S (sleeping),cache-compromised.bnsdq.ozxfs.vcwss-vmdrv.kvugl,0.20198734731391996,0
1759281389,206386,1,107,107,107,107,113,113,113,113,426270720,426270720,28106752,N/A,135168,52183040,6,named,S (sleeping),cache-compromised.bnsdq.ozxfs.vcwss-vmdrv.kvugl,0.09723964086983639,0
1759281389,181,1,0,0,0,0,0,0,0,0,154447872,116670464,38170624,4096,135168,28073984,1,systemd-journal,S (sleeping),cache-compromised.bnsdq.ozxfs.vcwss-vmdrv.kvugl,0.22543988906721749,0
1759281389,196289,1,0,0,0,0,0,0,0,0,1647706112,1580597248,21061632,N/A,135168,82202624,5,discern-interfa,S (sleeping),cache-compromised.bnsdq.ozxfs.vcwss-vmdrv.kvugl,0.0019641382157300157,0
1759281394,196269,1,0,0,0,0,0,0,0,0,1954725888,1939939328,31825920,N/A,135168,179384320,15,discern-network,S (sleeping),cache-compromised.bnsdq.ozxfs.vcwss-vmdrv.kvugl,0.5432764416546336,0
1759281394,380,1,103,103,103,103,109,109,109,109,38969344,38969344,33394688,N/A,135168,31240192,1,dbus-daemon,S (sleeping),cache-compromised.bnsdq.ozxfs.vcwss-vmdrv.kvugl,0.20190498227564466,0
1759281394,206386,1,107,107,107,107,113,113,113,113,426270720,426270720,28106752,N/A,135168,52183040,6,named,S (sleeping),cache-compromised.bnsdq.ozxfs.vcwss-vmdrv.kvugl,0.09409093414227816,0
1759281394,181,1,0,0,0,0,0,0,0,0,154447872,116670464,38170624,4096,135168,28073984,1,systemd-journal,S (sleeping),cache-compromised.bnsdq.ozxfs.vcwss-vmdrv.kvugl,0.2253479678027663,0
1759281394,196289,1,0,0,0,0,0,0,0,0,1647706112,1580597248,21061632,N/A,135168,82202624,5,discern-interfa,S (sleeping),cache-compromised.bnsdq.ozxfs.vcwss-vmdrv.kvugl,0.0019542310115755945,0
1759281399,196269,1,0,0,0,0,0,0,0,0,1954725888,1939939328,31825920,N/A,135168,179384320,15,discern-network,S (sleeping),cache-compromised.bnsdq.ozxfs.vcwss-vmdrv.kvugl,0.5434706646248054,0
1759281399,380,1,103,103,103,103,109,109,109,109,38969344,38969344,33394688,N/A,135168,31240192,1,dbus-daemon,S (sleeping),cache-compromised.bnsdq.ozxfs.vcwss-vmdrv.kvugl,0.201822809151859,0
1759281399,206386,1,107,107,107,107,113,113,113,113,426270720,426270720,28106752,N/A,135168,52183040,6,named,S (sleeping),cache-compromised.bnsdq.ozxfs.vcwss-vmdrv.kvugl,0.09114404936919356,0
1759281399,181,1,0,0,0,0,0,0,0,0,154447872,116670464,38170624,4096,135168,28073984,1,systemd-journal,S (sleeping),cache-compromised.bnsdq.ozxfs.vcwss-vmdrv.kvugl,0.2253352140852952,0
1759281399,196289,1,0,0,0,0,0,0,0,0,1647706112,1580597248,21061632,N/A,135168,82202624,5,discern-interfa,S (sleeping),cache-compromised.bnsdq.ozxfs.vcwss-vmdrv.kvugl,0.0019444377952417193,0
1759281404,196269,1,0,0,0,0,0,0,0,0,1954725888,1939939328,31825920,N/A,135168,179384320,15,discern-network,S (sleeping),cache-compromised.bnsdq.ozxfs.vcwss-vmdrv.kvugl,0.5446251084354722,0
1759281404,380,1,103,103,103,103,109,109,109,109,38969344,38969344,33394688,N/A,135168,31240192,1,dbus-daemon,S (sleeping),cache-compromised.bnsdq.ozxfs.vcwss-vmdrv.kvugl,0.20189840212242738,0
1759281404,206386,1,107,107,107,107,113,113,113,113,426270720,426270720,28106752,N/A,135168,52183040,6,named,S (sleeping),cache-compromised.bnsdq.ozxfs.vcwss-vmdrv.kvugl,0.08837107157818253,0
1759281404,181,1,0,0,0,0,0,0,0,0,154447872,116670464,38170624,4096,135168,28073984,1,systemd-journal,S (sleeping),cache-compromised.bnsdq.ozxfs.vcwss-vmdrv.kvugl,0.2254012194994531,0
1759281404,196289,1,0,0,0,0,0,0,0,0,1647706112,1580597248,21061632,N/A,135168,82202624,5,discern-interfa,S (sleeping),cache-compromised.bnsdq.ozxfs.vcwss-vmdrv.kvugl,0.0019347243447244923,0
1759281409,196269,1,0,0,0,0,0,0,0,0,1954725888,1939939328,31825920,N/A,135168,179384320,15,discern-network,S (sleeping),cache-compromised.bnsdq.ozxfs.vcwss-vmdrv.kvugl,0.5438479002224227,0
1759281409,380,1,103,103,103,103,109,109,109,109,38969344,38969344,33394688,N/A,135168,31240192,1,dbus-daemon,S (sleeping),cache-compromised.bnsdq.ozxfs.vcwss-vmdrv.kvugl,0.20181629115536426,0
1759281409,206386,1,107,107,107,107,113,113,113,113,426270720,426270720,28106752,N/A,135168,52183040,6,named,S (sleeping),cache-compromised.bnsdq.ozxfs.vcwss-vmdrv.kvugl,0.08576642191702832,0
1759281409,181,1,0,0,0,0,0,0,0,0,154447872,116670464,38170624,4096,135168,28073984,1,systemd-journal,S (sleeping),cache-compromised.bnsdq.ozxfs.vcwss-vmdrv.kvugl,0.22530955698328106,0
1759281409,196289,1,0,0,0,0,0,0,0,0,1647706112,1580597248,21061632,N/A,135168,82202624,5,discern-interfa,S (sleeping),cache-compromised.bnsdq.ozxfs.vcwss-vmdrv.kvugl,0.0019251245416234547,0
1759281415,196269,1,0,0,0,0,0,0,0,0,1954725888,1939939328,31825920,N/A,135168,179384320,15,discern-network,S (sleeping),cache-compromised.bnsdq.ozxfs.vcwss-vmdrv.kvugl,0.5449896965498191,0
1759281415,380,1,103,103,103,103,109,109,109,109,38969344,38969344,33394688,N/A,135168,31240192,1,dbus-daemon,S (sleeping),cache-compromised.bnsdq.ozxfs.vcwss-vmdrv.kvugl,0.20173411550671339,0
1759281415,206386,1,107,107,107,107,113,113,113,113,426270720,426270720,28106752,N/A,135168,52183040,6,named,S (sleeping),cache-compromised.bnsdq.ozxfs.vcwss-vmdrv.kvugl,0.08330696379825869,0
1759281415,181,1,0,0,0,0,0,0,0,0,154447872,116670464,38170624,4096,135168,28073984,1,systemd-journal,S (sleeping),cache-compromised.bnsdq.ozxfs.vcwss-vmdrv.kvugl,0.2252178175316984,0
1759281415,196289,1,0,0,0,0,0,0,0,0,1647706112,1580597248,21061632,N/A,135168,82202624,5,discern-interfa,S (sleeping),cache-compromised.bnsdq.ozxfs.vcwss-vmdrv.kvugl,0.001915603867777877,0
1759281420,196269,1,0,0,0,0,0,0,0,0,1954725888,1939939328,31825920,N/A,135168,179384320,15,discern-network,S (sleeping),cache-compromised.bnsdq.ozxfs.vcwss-vmdrv.kvugl,0.5451670174930677,0
1759281420,380,1,103,103,103,103,109,109,109,109,38969344,38969344,33394688,N/A,135168,31240192,1,dbus-daemon,S (sleeping),cache-compromised.bnsdq.ozxfs.vcwss-vmdrv.kvugl,0.20180966758630123,0
1759281420,206386,1,107,107,107,107,113,113,113,113,426270720,426270720,28106752,N/A,135168,52183040,6,named,S (sleeping),cache-compromised.bnsdq.ozxfs.vcwss-vmdrv.kvugl,0.08638378829049297,0
1759281420,181,1,0,0,0,0,0,0,0,0,154447872,116670464,38170624,4096,135168,28073984,1,systemd-journal,S (sleeping),cache-compromised.bnsdq.ozxfs.vcwss-vmdrv.kvugl,0.22520498557367719,0
1759281420,196289,1,0,0,0,0,0,0,0,0,1647706112,1580597248,21061632,N/A,135168,82202624,5,discern-interfa,S (sleeping),cache-compromised.bnsdq.ozxfs.vcwss-vmdrv.kvugl,0.0019061776859256912,0
1759281425,196269,1,0,0,0,0,0,0,0,0,1954725888,1939939328,31825920,N/A,135168,179384320,15,discern-network,S (sleeping),cache-compromised.bnsdq.ozxfs.vcwss-vmdrv.kvugl,0.5462951141866454,0
1759281425,380,1,103,103,103,103,109,109,109,109,38969344,38969344,33394688,N/A,135168,31240192,1,dbus-daemon,S (sleeping),cache-compromised.bnsdq.ozxfs.vcwss-vmdrv.kvugl,0.201885282878922,0
1759281425,206386,1,107,107,107,107,113,113,113,113,426270720,426270720,28106752,N/A,135168,52183040,6,named,S (sleeping),cache-compromised.bnsdq.ozxfs.vcwss-vmdrv.kvugl,0.08404445707752117,0
1759281425,181,1,0,0,0,0,0,0,0,0,154447872,116670464,38170624,4096,135168,28073984,1,systemd-journal,S (sleeping),cache-compromised.bnsdq.ozxfs.vcwss-vmdrv.kvugl,0.2251922963045543,0
1759281425,196289,1,0,0,0,0,0,0,0,0,1647706112,1580597248,21061632,N/A,135168,82202624,5,discern-interfa,S (sleeping),cache-compromised.bnsdq.ozxfs.vcwss-vmdrv.kvugl,0.0018968571910168877,0
1759281430,380,1,103,103,103,103,109,109,109,109,38969344,38969344,33394688,N/A,135168,31240192,1,dbus-daemon,S (sleeping),cache-compromised.bnsdq.ozxfs.vcwss-vmdrv.kvugl,0.2018817628494151,0
1759281430,196269,1,0,0,0,0,0,0,0,0,1954725888,1939939328,31883264,N/A,135168,179384320,15,discern-network,S (sleeping),cache-compromised.bnsdq.ozxfs.vcwss-vmdrv.kvugl,0.5464583870843455,0
1759281430,206386,1,107,107,107,107,113,113,113,113,426270720,426270720,28106752,N/A,135168,52183040,6,named,S (sleeping),cache-compromised.bnsdq.ozxfs.vcwss-vmdrv.kvugl,0.08182045325703012,0
1759281430,181,1,0,0,0,0,0,0,0,0,154447872,116670464,38170624,4096,135168,28073984,1,systemd-journal,S (sleeping),cache-compromised.bnsdq.ozxfs.vcwss-vmdrv.kvugl,0.22510051546076948,0
1759281430,196289,1,0,0,0,0,0,0,0,0,1647706112,1580597248,21061632,N/A,135168,82202624,5,discern-interfa,S (sleeping),cache-compromised.bnsdq.ozxfs.vcwss-vmdrv.kvugl,0.0018875931398344985,0
1759281438,208757,1,0,0,0,0,0,0,0,0,1929580544,1929580544,31576064,N/A,135168,160641024,14,discern-network,S (sleeping),cache-compromised.bnsdq.ozxfs.vcwss-vmdrv.kvugl,0.0,0
1759281438,380,1,103,103,103,103,109,109,109,109,38969344,38969344,33394688,N/A,135168,31240192,1,dbus-daemon,S (sleeping),cache-compromised.bnsdq.ozxfs.vcwss-vmdrv.kvugl,0.20207032864227925,0
1759281438,206386,1,107,107,107,107,113,113,113,113,426270720,426270720,28106752,N/A,135168,52183040,6,named,S (sleeping),cache-compromised.bnsdq.ozxfs.vcwss-vmdrv.kvugl,0.07862482519364605,0
1759281438,208747,1,0,0,0,0,0,0,0,0,1647706112,1580597248,24645632,N/A,135168,82202624,5,discern-interfa,S (sleeping),cache-compromised.bnsdq.ozxfs.vcwss-vmdrv.kvugl,1.334956757336478,0
1759281438,181,1,0,0,0,0,0,0,0,0,154447872,116670464,38170624,4096,135168,28073984,1,systemd-journal,S (sleeping),cache-compromised.bnsdq.ozxfs.vcwss-vmdrv.kvugl,0.2251171147847971,0
1759281448,380,1,103,103,103,103,109,109,109,109,38969344,38969344,33394688,N/A,135168,31240192,1,dbus-daemon,S (sleeping),cache-compromised.bnsdq.ozxfs.vcwss-vmdrv.kvugl,0.2021419566493296,0
1759281448,206386,1,107,107,107,107,113,113,113,113,426270720,426270720,28106752,N/A,135168,52183040,6,named,S (sleeping),cache-compromised.bnsdq.ozxfs.vcwss-vmdrv.kvugl,0.0794995573129792,0
1759281448,208927,1,0,0,0,0,0,0,0,0,1954725888,1929842688,25165824,N/A,135168,160903168,14,discern-network,S (sleeping),cache-compromised.bnsdq.ozxfs.vcwss-vmdrv.kvugl,0.0,0
1759281448,181,1,0,0,0,0,0,0,0,0,154447872,116670464,38170624,4096,135168,28073984,1,systemd-journal,S (sleeping),cache-compromised.bnsdq.ozxfs.vcwss-vmdrv.kvugl,0.22516999612284183,0
1759281448,208937,1,0,0,0,0,0,0,0,0,1505095680,1505095680,22298624,N/A,135168,73678848,4,discern-interfa,S (sleeping),cache-compromised.bnsdq.ozxfs.vcwss-vmdrv.kvugl,1.1933120624980869,0
1759281459,380,1,103,103,103,103,109,109,109,109,38969344,38969344,33394688,N/A,135168,31240192,1,dbus-daemon,S (sleeping),cache-compromised.bnsdq.ozxfs.vcwss-vmdrv.kvugl,0.20213705424319123,0
1759281459,206386,1,107,107,107,107,113,113,113,113,426270720,426270720,28106752,N/A,135168,52183040,6,named,S (sleeping),cache-compromised.bnsdq.ozxfs.vcwss-vmdrv.kvugl,0.07587920777111683,0
1759281459,209111,1,0,0,0,0,0,0,0,0,1929580544,1929580544,27308032,N/A,135168,160641024,14,discern-network,S (sleeping),cache-compromised.bnsdq.ozxfs.vcwss-vmdrv.kvugl,0.0,0
1759281459,209079,1,0,0,0,0,0,0,0,0,1647706112,1580597248,24051712,N/A,135168,82202624,5,discern-interfa,S (sleeping),cache-compromised.bnsdq.ozxfs.vcwss-vmdrv.kvugl,0.9610818349245803,0
1759281459,181,1,0,0,0,0,0,0,0,0,154447872,116670464,38170624,4096,135168,28073984,1,systemd-journal,S (sleeping),cache-compromised.bnsdq.ozxfs.vcwss-vmdrv.kvugl,0.22514662929460683,0
1759281469,380,1,103,103,103,103,109,109,109,109,38969344,38969344,33394688,N/A,135168,31240192,1,dbus-daemon,S (sleeping),cache-compromised.bnsdq.ozxfs.vcwss-vmdrv.kvugl,0.20221011354236848,0
1759281469,209268,1,0,0,0,0,0,0,0,0,1954725888,1938235392,30031872,N/A,135168,169291776,15,discern-network,S (sleeping),cache-compromised.bnsdq.ozxfs.vcwss-vmdrv.kvugl,1.5636178218297911,0
1759281469,206386,1,107,107,107,107,113,113,113,113,426270720,426270720,28106752,N/A,135168,52183040,6,named,S (sleeping),cache-compromised.bnsdq.ozxfs.vcwss-vmdrv.kvugl,0.07256299873522842,0
1759281469,209258,1,0,0,0,0,0,0,0,0,1647706112,1580597248,24260608,N/A,135168,82202624,5,discern-interfa,S (sleeping),cache-compromised.bnsdq.ozxfs.vcwss-vmdrv.kvugl,0.7816853633272552,0
1759281469,181,1,0,0,0,0,0,0,0,0,154447872,116670464,38170624,4096,135168,28073984,1,systemd-journal,S (sleeping),cache-compromised.bnsdq.ozxfs.vcwss-vmdrv.kvugl,0.225122661467794,0
1759281479,380,1,103,103,103,103,109,109,109,109,38969344,38969344,33394688,N/A,135168,31240192,1,dbus-daemon,S (sleeping),cache-compromised.bnsdq.ozxfs.vcwss-vmdrv.kvugl,0.20220427510991784,0
1759281479,209456,1,0,0,0,0,0,0,0,0,1929580544,1929580544,30445568,N/A,135168,160641024,14,discern-network,S (sleeping),cache-compromised.bnsdq.ozxfs.vcwss-vmdrv.kvugl,0.650284982614036,0
1759281479,206386,1,107,107,107,107,113,113,113,113,426270720,426270720,28106752,N/A,135168,52183040,6,named,S (sleeping),cache-compromised.bnsdq.ozxfs.vcwss-vmdrv.kvugl,0.06951887177709833,0
1759281479,209431,1,0,0,0,0,0,0,0,0,1647706112,1580597248,23752704,N/A,135168,82202624,5,discern-interfa,S (sleeping),cache-compromised.bnsdq.ozxfs.vcwss-vmdrv.kvugl,0.6501880565248503,0
1759281479,181,1,0,0,0,0,0,0,0,0,154447872,116670464,38170624,4096,135168,28073984,1,systemd-journal,S (sleeping),cache-compromised.bnsdq.ozxfs.vcwss-vmdrv.kvugl,0.22509838137913946,0
1759281489,380,1,103,103,103,103,109,109,109,109,38969344,38969344,33394688,N/A,135168,31240192,1,dbus-daemon,S (sleeping),cache-compromised.bnsdq.ozxfs.vcwss-vmdrv.kvugl,0.20227735324020962,0
1759281489,206386,1,107,107,107,107,113,113,113,113,426270720,426270720,28106752,N/A,135168,52183040,6,named,S (sleeping),cache-compromised.bnsdq.ozxfs.vcwss-vmdrv.kvugl,0.07065346331649913,0
1759281489,209636,1,0,0,0,0,0,0,0,0,1954725888,1929580544,27291648,N/A,135168,160641024,14,discern-network,S (sleeping),cache-compromised.bnsdq.ozxfs.vcwss-vmdrv.kvugl,1.3077273996517276,0
1759281489,209607,1,0,0,0,0,0,0,0,0,1647706112,1580597248,23695360,N/A,135168,82202624,5,discern-interfa,S (sleeping),cache-compromised.bnsdq.ozxfs.vcwss-vmdrv.kvugl,0.0,0
1759281489,181,1,0,0,0,0,0,0,0,0,154447872,116670464,38170624,4096,135168,28073984,1,systemd-journal,S (sleeping),cache-compromised.bnsdq.ozxfs.vcwss-vmdrv.kvugl,0.22515309931581115,0
1759281500,380,1,103,103,103,103,109,109,109,109,38969344,38969344,33394688,N/A,135168,31240192,1,dbus-daemon,S (sleeping),cache-compromised.bnsdq.ozxfs.vcwss-vmdrv.kvugl,0.20234912907539127,0
1759281500,206386,1,107,107,107,107,113,113,113,113,426270720,426270720,28106752,N/A,135168,52183040,6,named,S (sleeping),cache-compromised.bnsdq.ozxfs.vcwss-vmdrv.kvugl,0.07168021708175613,0
1759281500,209803,1,0,0,0,0,0,0,0,0,1929580544,1929580544,27230208,N/A,135168,160641024,14,discern-network,S (sleeping),cache-compromised.bnsdq.ozxfs.vcwss-vmdrv.kvugl,0.9378220510230152,0
1759281500,209793,1,0,0,0,0,0,0,0,0,1505095680,1505095680,24473600,N/A,135168,73678848,4,discern-interfa,S (sleeping),cache-compromised.bnsdq.ozxfs.vcwss-vmdrv.kvugl,0.9377361298696497,0
1759281500,181,1,0,0,0,0,0,0,0,0,154447872,116670464,38170624,4096,135168,28073984,1,systemd-journal,S (sleeping),cache-compromised.bnsdq.ozxfs.vcwss-vmdrv.kvugl,0.2251280769604463,0
1759281510,380,1,103,103,103,103,109,109,109,109,38969344,38969344,33394688,N/A,135168,31240192,1,dbus-daemon,S (sleeping),cache-compromised.bnsdq.ozxfs.vcwss-vmdrv.kvugl,0.20242212485002728,0
1759281510,209971,1,0,0,0,0,0,0,0,0,1954725888,1921187840,28401664,N/A,135168,152252416,13,discern-network,S (sleeping),cache-compromised.bnsdq.ozxfs.vcwss-vmdrv.kvugl,0.7791139756462232,0
1759281510,206386,1,107,107,107,107,113,113,113,113,426270720,426270720,28106752,N/A,135168,52183040,6,named,S (sleeping),cache-compromised.bnsdq.ozxfs.vcwss-vmdrv.kvugl,0.06901972490015762,0
1759281510,209943,1,0,0,0,0,0,0,0,0,1647706112,1580597248,24281088,N/A,135168,82202624,5,discern-interfa,S (sleeping),cache-compromised.bnsdq.ozxfs.vcwss-vmdrv.kvugl,0.7789783281849266,0
1759281510,181,1,0,0,0,0,0,0,0,0,154447872,116670464,38170624,4096,135168,28073984,1,systemd-journal,S (sleeping),cache-compromised.bnsdq.ozxfs.vcwss-vmdrv.kvugl,0.2251045794081344,0
1759281520,380,1,103,103,103,103,109,109,109,109,38969344,38969344,33394688,N/A,135168,31240192,1,dbus-daemon,S (sleeping),cache-compromised.bnsdq.ozxfs.vcwss-vmdrv.kvugl,0.20241620193734458,0
1759281520,210133,1,0,0,0,0,0,0,0,0,1954725888,1921449984,30941184,N/A,135168,152514560,13,discern-network,S (sleeping),cache-compromised.bnsdq.ozxfs.vcwss-vmdrv.kvugl,0.6502409804127507,0
1759281520,206386,1,107,107,107,107,113,113,113,113,426270720,426270720,28106752,N/A,135168,52183040,6,named,S (sleeping),cache-compromised.bnsdq.ozxfs.vcwss-vmdrv.kvugl,0.0665410591841584,0
1759281520,210116,1,0,0,0,0,0,0,0,0,1580597248,1580597248,24236032,N/A,135168,82202624,5,discern-interfa,S (sleeping),cache-compromised.bnsdq.ozxfs.vcwss-vmdrv.kvugl,0.6501614999540481,0
1759281520,181,1,0,0,0,0,0,0,0,0,154447872,116670464,38170624,4096,135168,28073984,1,systemd-journal,S (sleeping),cache-compromised.bnsdq.ozxfs.vcwss-vmdrv.kvugl,0.22515867554521696,0
1759281530,380,1,103,103,103,103,109,109,109,109,38969344,38969344,33394688,N/A,135168,31240192,1,dbus-daemon,S (sleeping),cache-compromised.bnsdq.ozxfs.vcwss-vmdrv.kvugl,0.20248977566242313,0
1759281530,210318,1,0,0,0,0,0,0,0,0,1929580544,1929580544,30470144,N/A,135168,160641024,14,discern-network,S (sleeping),cache-compromised.bnsdq.ozxfs.vcwss-vmdrv.kvugl,0.5854954073983224,0
1759281530,206386,1,107,107,107,107,113,113,113,113,426270720,426270720,28106752,N/A,135168,52183040,6,named,S (sleeping),cache-compromised.bnsdq.ozxfs.vcwss-vmdrv.kvugl,0.06425255930492997,0
1759281530,181,1,0,0,0,0,0,0,0,0,154447872,116670464,38170624,4096,135168,28073984,1,systemd-journal,S (sleeping),cache-compromised.bnsdq.ozxfs.vcwss-vmdrv.kvugl,0.22513602410898123,0
1759281530,210295,1,0,0,0,0,0,0,0,0,1647706112,1580597248,22159360,N/A,135168,82202624,5,discern-interfa,S (sleeping),cache-compromised.bnsdq.ozxfs.vcwss-vmdrv.kvugl,0.5853610700307639,0
1759281541,380,1,103,103,103,103,109,109,109,109,38969344,38969344,33394688,N/A,135168,31240192,1,dbus-daemon,S (sleeping),cache-compromised.bnsdq.ozxfs.vcwss-vmdrv.kvugl,0.20256043623486242,0
1759281541,206386,1,107,107,107,107,113,113,113,113,426270720,426270720,28106752,N/A,135168,52183040,6,named,S (sleeping),cache-compromised.bnsdq.ozxfs.vcwss-vmdrv.kvugl,0.06208041118095611,0
1759281541,210495,1,0,0,0,0,0,0,0,0,1929580544,1929580544,27262976,N/A,135168,160641024,14,discern-network,S (sleeping),cache-compromised.bnsdq.ozxfs.vcwss-vmdrv.kvugl,0.0,0
1759281541,181,1,0,0,0,0,0,0,0,0,154447872,116670464,38170624,4096,135168,28073984,1,systemd-journal,S (sleeping),cache-compromised.bnsdq.ozxfs.vcwss-vmdrv.kvugl,0.22511030269291424,0
1759281541,210483,1,0,0,0,0,0,0,0,0,1505095680,1505095680,22183936,N/A,135168,73678848,4,discern-interfa,S (sleeping),cache-compromised.bnsdq.ozxfs.vcwss-vmdrv.kvugl,0.0,0
1759281551,380,1,103,103,103,103,109,109,109,109,38969344,38969344,33394688,N/A,135168,31240192,1,dbus-daemon,S (sleeping),cache-compromised.bnsdq.ozxfs.vcwss-vmdrv.kvugl,0.2026327948218746,0
1759281551,206386,1,107,107,107,107,113,113,113,113,426270720,426270720,28106752,N/A,135168,52183040,6,named,S (sleeping),cache-compromised.bnsdq.ozxfs.vcwss-vmdrv.kvugl,0.06007205510465556,0
1759281551,181,1,0,0,0,0,0,0,0,0,154447872,116670464,38170624,4096,135168,28073984,1,systemd-journal,S (sleeping),cache-compromised.bnsdq.ozxfs.vcwss-vmdrv.kvugl,0.22508663621632483,0
1759281551,210663,1,0,0,0,0,0,0,0,0,1572204544,1505095680,22216704,N/A,135168,73678848,4,discern-interfa,S (sleeping),cache-compromised.bnsdq.ozxfs.vcwss-vmdrv.kvugl,0.0,0
1759281551,210660,1,0,0,0,0,0,0,0,0,1264619520,1264619520,16146432,N/A,135168,45826048,4,discern-proc-so,S (sleeping),cache-compromised.bnsdq.ozxfs.vcwss-vmdrv.kvugl,6.215432860435077,0
1759281561,380,1,103,103,103,103,109,109,109,109,38969344,38969344,33394688,N/A,135168,31240192,1,dbus-daemon,S (sleeping),cache-compromised.bnsdq.ozxfs.vcwss-vmdrv.kvugl,0.20254911200220202,0
1759281561,210831,1,0,0,0,0,0,0,0,0,1954725888,1921187840,30994432,N/A,135168,152252416,13,discern-network,S (sleeping),cache-compromised.bnsdq.ozxfs.vcwss-vmdrv.kvugl,0.6583540149980313,0
1759281561,206386,1,107,107,107,107,113,113,113,113,426270720,426270720,28106752,N/A,135168,52183040,6,named,S (sleeping),cache-compromised.bnsdq.ozxfs.vcwss-vmdrv.kvugl,0.0643147791333838,0
1759281561,181,1,0,0,0,0,0,0,0,0,154447872,116670464,38170624,4096,135168,28073984,1,systemd-journal,S (sleeping),cache-compromised.bnsdq.ozxfs.vcwss-vmdrv.kvugl,0.22514096204003237,0
1759281561,210822,1,0,0,0,0,0,0,0,0,1505095680,1505095680,24051712,N/A,135168,73678848,4,discern-interfa,S (sleeping),cache-compromised.bnsdq.ozxfs.vcwss-vmdrv.kvugl,0.0,0
1759281571,380,1,103,103,103,103,109,109,109,109,38969344,38969344,33394688,N/A,135168,31240192,1,dbus-daemon,S (sleeping),cache-compromised.bnsdq.ozxfs.vcwss-vmdrv.kvugl,0.20261969452651432,0
1759281571,206386,1,107,107,107,107,113,113,113,113,426270720,426270720,28106752,N/A,135168,52183040,6,named,S (sleeping),cache-compromised.bnsdq.ozxfs.vcwss-vmdrv.kvugl,0.06234101392307152,0
1759281571,210988,1,0,0,0,0,0,0,0,0,1505095680,1505095680,24457216,N/A,135168,73678848,4,discern-interfa,S (sleeping),cache-compromised.bnsdq.ozxfs.vcwss-vmdrv.kvugl,1.1668760855287779,0
1759281571,181,1,0,0,0,0,0,0,0,0,154447872,116670464,38170624,4096,135168,28073984,1,systemd-journal,S (sleeping),cache-compromised.bnsdq.ozxfs.vcwss-vmdrv.kvugl,0.22511545192303595,0
1759281571,211002,1,0,0,0,0,0,0,0,0,1953927168,1929580544,23126016,N/A,135168,160641024,14,discern-network,S (sleeping),cache-compromised.bnsdq.ozxfs.vcwss-vmdrv.kvugl,0.0,0
1759281582,380,1,103,103,103,103,109,109,109,109,38969344,38969344,33394688,N/A,135168,31240192,1,dbus-daemon,S (sleeping),cache-compromised.bnsdq.ozxfs.vcwss-vmdrv.kvugl,0.20269288423308823,0
1759281582,211171,1,0,0,0,0,0,0,0,0,1921187840,1921187840,28508160,N/A,135168,152252416,13,discern-network,S (sleeping),cache-compromised.bnsdq.ozxfs.vcwss-vmdrv.kvugl,0.0,0
1759281582,206386,1,107,107,107,107,113,113,113,113,426270720,426270720,28106752,N/A,135168,52183040,6,named,S (sleeping),cache-compromised.bnsdq.ozxfs.vcwss-vmdrv.kvugl,0.06051481075482276,0
1759281582,211141,1,0,0,0,0,0,0,0,0,1647706112,1580597248,24440832,N/A,135168,82202624,5,discern-interfa,S (sleeping),cache-compromised.bnsdq.ozxfs.vcwss-vmdrv.kvugl,0.9779026190861718,0
1759281582,181,1,0,0,0,0,0,0,0,0,154447872,116670464,38170624,4096,135168,28073984,1,systemd-journal,S (sleeping),cache-compromised.bnsdq.ozxfs.vcwss-vmdrv.kvugl,0.22509300186855138,0
1759281592,380,1,103,103,103,103,109,109,109,109,38969344,38969344,33394688,N/A,135168,31240192,1,dbus-daemon,S (sleeping),cache-compromised.bnsdq.ozxfs.vcwss-vmdrv.kvugl,0.2026859678583104,0
1759281592,206386,1,107,107,107,107,113,113,113,113,426270720,426270720,28106752,N/A,135168,52183040,6,named,S (sleeping),cache-compromised.bnsdq.ozxfs.vcwss-vmdrv.kvugl,0.0587694753916568,0
1759281592,211345,1,0,0,0,0,0,0,0,0,1953267712,1937973248,27492352,N/A,135168,169029632,15,discern-network,S (sleeping),cache-compromised.bnsdq.ozxfs.vcwss-vmdrv.kvugl,0.7527403690027533,0
1759281592,211322,1,0,0,0,0,0,0,0,0,1647706112,1580597248,26165248,N/A,135168,82202624,5,discern-interfa,S (sleeping),cache-compromised.bnsdq.ozxfs.vcwss-vmdrv.kvugl,0.752667666462224,0
1759281592,181,1,0,0,0,0,0,0,0,0,154447872,116670464,38170624,4096,135168,28073984,1,systemd-journal,S (sleeping),cache-compromised.bnsdq.ozxfs.vcwss-vmdrv.kvugl,0.22499035884656984,0
1759281602,380,1,103,103,103,103,109,109,109,109,38969344,38969344,33394688,N/A,135168,31240192,1,dbus-daemon,S (sleeping),cache-compromised.bnsdq.ozxfs.vcwss-vmdrv.kvugl,0.20283674650200464,0
1759281602,206386,1,107,107,107,107,113,113,113,113,426270720,426270720,28106752,N/A,135168,52183040,6,named,S (sleeping),cache-compromised.bnsdq.ozxfs.vcwss-vmdrv.kvugl,0.05986539228285772,0
1759281602,211507,1,0,0,0,0,0,0,0,0,1929580544,1929580544,27213824,N/A,135168,160641024,14,discern-network,S (sleeping),cache-compromised.bnsdq.ozxfs.vcwss-vmdrv.kvugl,0.6705824695155959,0
1759281602,181,1,0,0,0,0,0,0,0,0,154447872,116670464,38170624,4096,135168,28073984,1,systemd-journal,S (sleeping),cache-compromised.bnsdq.ozxfs.vcwss-vmdrv.kvugl,0.2250458034076921,0
1759281602,211518,1,0,0,0,0,0,0,0,0,1264357376,1264357376,16719872,N/A,135168,45563904,3,discern-proc-so,S (sleeping),cache-compromised.bnsdq.ozxfs.vcwss-vmdrv.kvugl,4.69288469655979,0
1759281612,380,1,103,103,103,103,109,109,109,109,38969344,38969344,33394688,N/A,135168,31240192,1,dbus-daemon,S (sleeping),cache-compromised.bnsdq.ozxfs.vcwss-vmdrv.kvugl,0.20282977085030154,0
1759281612,211667,1,0,0,0,0,0,0,0,0,1954459648,1921449984,28602368,N/A,135168,152514560,13,discern-network,S (sleeping),cache-compromised.bnsdq.ozxfs.vcwss-vmdrv.kvugl,1.1147821394809414,0
1759281612,206386,1,107,107,107,107,113,113,113,113,426270720,426270720,28106752,N/A,135168,52183040,6,named,S (sleeping),cache-compromised.bnsdq.ozxfs.vcwss-vmdrv.kvugl,0.05823276649238943,0
1759281612,181,1,0,0,0,0,0,0,0,0,154447872,116670464,38170624,4096,135168,28073984,1,systemd-journal,S (sleeping),cache-compromised.bnsdq.ozxfs.vcwss-vmdrv.kvugl,0.22502106441345704,0
1759281612,211704,1,0,0,0,0,0,0,0,0,1505095680,1505095680,22249472,N/A,135168,73678848,4,discern-interfa,S (sleeping),cache-compromised.bnsdq.ozxfs.vcwss-vmdrv.kvugl,1.2588257627463846,0
1759281623,380,1,103,103,103,103,109,109,109,109,38969344,38969344,33394688,N/A,135168,31240192,1,dbus-daemon,S (sleeping),cache-compromised.bnsdq.ozxfs.vcwss-vmdrv.kvugl,0.20290107859986675,0
1759281623,211892,1,0,0,0,0,0,0,0,0,1954725888,1929580544,30687232,N/A,135168,160641024,14,discern-network,S (sleeping),cache-compromised.bnsdq.ozxfs.vcwss-vmdrv.kvugl,0.9489234125593318,0
1759281623,181,1,0,0,0,0,0,0,0,0,154447872,116670464,38170624,4096,135168,28073984,1,systemd-journal,S (sleeping),cache-compromised.bnsdq.ozxfs.vcwss-vmdrv.kvugl,0.22499711886429052,0
1759281623,211883,1,0,0,0,0,0,0,0,0,1505095680,1505095680,24387584,N/A,135168,73678848,4,discern-interfa,S (sleeping),cache-compromised.bnsdq.ozxfs.vcwss-vmdrv.kvugl,0.0,0
1759281623,211893,1,0,0,0,0,0,0,0,0,1264357376,1264357376,17031168,N/A,135168,45563904,3,discern-proc-so,R (running),cache-compromised.bnsdq.ozxfs.vcwss-vmdrv.kvugl,8.537711830164286,0
1759281633,380,1,103,103,103,103,109,109,109,109,38969344,38969344,33394688,N/A,135168,31240192,1,dbus-daemon,S (sleeping),cache-compromised.bnsdq.ozxfs.vcwss-vmdrv.kvugl,0.2030501033119734,0
1759281633,212072,1,0,0,0,0,0,0,0,0,1954725888,1929580544,27267072,N/A,135168,160641024,14,discern-network,S (sleeping),cache-compromised.bnsdq.ozxfs.vcwss-vmdrv.kvugl,0.0,0
1759281633,181,1,0,0,0,0,0,0,0,0,154447872,116670464,38170624,4096,135168,28073984,1,systemd-journal,S (sleeping),cache-compromised.bnsdq.ozxfs.vcwss-vmdrv.kvugl,0.22512859022693343,0
1759281633,212062,1,0,0,0,0,0,0,0,0,1505095680,1505095680,22355968,N/A,135168,73678848,4,discern-interfa,S (sleeping),cache-compromised.bnsdq.ozxfs.vcwss-vmdrv.kvugl,0.7724002244286091,0
1759281633,212073,1,0,0,0,0,0,0,0,0,1264619520,1264619520,16928768,N/A,135168,45826048,4,discern-proc-so,S (sleeping),cache-compromised.bnsdq.ozxfs.vcwss-vmdrv.kvugl,6.951068920395164,0
1759281643,212264,1,0,0,0,0,0,0,0,0,1264652288,1264652288,45731840,N/A,135168,75251712,4,discern-file-so,S (sleeping),cache-compromised.bnsdq.ozxfs.vcwss-vmdrv.kvugl,6.550502801201338,0
1759281643,380,1,103,103,103,103,109,109,109,109,38969344,38969344,33394688,N/A,135168,31240192,1,dbus-daemon,S (sleeping),cache-compromised.bnsdq.ozxfs.vcwss-vmdrv.kvugl,0.20304166504802248,0
1759281643,212258,1,0,0,0,0,0,0,0,0,1953927168,1937973248,28495872,N/A,135168,169029632,15,discern-network,S (sleeping),cache-compromised.bnsdq.ozxfs.vcwss-vmdrv.kvugl,0.0,0
1759281643,181,1,0,0,0,0,0,0,0,0,154447872,125059072,38170624,4096,135168,28073984,1,systemd-journal,S (sleeping),cache-compromised.bnsdq.ozxfs.vcwss-vmdrv.kvugl,0.2251023800511294,0
1759281643,212222,1,0,0,0,0,0,0,0,0,1505095680,1505095680,24506368,N/A,135168,73678848,4,discern-interfa,S (sleeping),cache-compromised.bnsdq.ozxfs.vcwss-vmdrv.kvugl,0.5946478308112939,0
1759281653,212444,1,0,0,0,0,0,0,0,0,1264652288,1264652288,44085248,N/A,135168,75251712,4,discern-file-so,D (disk sleep),cache-compromised.bnsdq.ozxfs.vcwss-vmdrv.kvugl,10.772730048614973,0
1759281653,380,1,103,103,103,103,109,109,109,109,38969344,38969344,33394688,N/A,135168,31240192,1,dbus-daemon,S (sleeping),cache-compromised.bnsdq.ozxfs.vcwss-vmdrv.kvugl,0.2031128177352072,0
1759281653,212451,1,0,0,0,0,0,0,0,0,1929580544,1929580544,24326144,N/A,135168,160641024,14,discern-network,S (sleeping),cache-compromised.bnsdq.ozxfs.vcwss-vmdrv.kvugl,1.076564464852944,0
1759281653,212418,1,0,0,0,0,0,0,0,0,1647706112,1580597248,24182784,N/A,135168,82202624,5,discern-interfa,S (sleeping),cache-compromised.bnsdq.ozxfs.vcwss-vmdrv.kvugl,0.0,0
1759281653,181,1,0,0,0,0,0,0,0,0,154447872,125059072,38170624,4096,135168,28073984,1,systemd-journal,S (sleeping),cache-compromised.bnsdq.ozxfs.vcwss-vmdrv.kvugl,0.22507862852155472,0
1759281663,380,1,103,103,103,103,109,109,109,109,38969344,38969344,33394688,N/A,135168,31240192,1,dbus-daemon,S (sleeping),cache-compromised.bnsdq.ozxfs.vcwss-vmdrv.kvugl,0.2030341084485143,0
1759281663,181,1,0,0,0,0,0,0,0,0,154447872,125059072,38170624,4096,135168,28073984,1,systemd-journal,S (sleeping),cache-compromised.bnsdq.ozxfs.vcwss-vmdrv.kvugl,0.22506040195334703,0
1759281663,212627,1,0,0,0,0,0,0,0,0,1264357376,1264357376,16601088,N/A,135168,45563904,4,discern-proc-so,R (running),cache-compromised.bnsdq.ozxfs.vcwss-vmdrv.kvugl,8.116985906311553,0
1759281663,212625,1,0,0,0,0,0,0,0,0,1263157248,1263157248,9179136,N/A,135168,40206336,4,discern-os-sorc,S (sleeping),cache-compromised.bnsdq.ozxfs.vcwss-vmdrv.kvugl,0.0,0
1759281663,1,0,0,0,0,0,0,0,0,0,234807296,169328640,10784768,N/A,1060864,19664896,1,systemd,S (sleeping),cache-compromised.bnsdq.ozxfs.vcwss-vmdrv.kvugl,1.858046341884934,0
1759281674,380,1,103,103,103,103,109,109,109,109,38969344,38969344,33394688,N/A,135168,31240192,1,dbus-daemon,S (sleeping),cache-compromised.bnsdq.ozxfs.vcwss-vmdrv.kvugl,0.20310153116052118,0
1759281674,212850,1,0,0,0,0,0,0,0,0,1954725888,1921187840,25296896,N/A,135168,152252416,13,discern-network,S (sleeping),cache-compromised.bnsdq.ozxfs.vcwss-vmdrv.kvugl,1.4911344474679364,0
1759281674,212808,1,0,0,0,0,0,0,0,0,1647706112,1580597248,24576000,N/A,135168,82202624,5,discern-interfa,S (sleeping),cache-compromised.bnsdq.ozxfs.vcwss-vmdrv.kvugl,1.4910282048419488,0
1759281674,181,1,0,0,0,0,0,0,0,0,154447872,125059072,38170624,4096,135168,28073984,1,systemd-journal,S (sleeping),cache-compromised.bnsdq.ozxfs.vcwss-vmdrv.kvugl,0.22518725721766786,0
1759281674,212839,1,0,0,0,0,0,0,0,0,1264357376,1264357376,15851520,N/A,135168,45563904,4,discern-proc-so,S (sleeping),cache-compromised.bnsdq.ozxfs.vcwss-vmdrv.kvugl,7.4540593167891585,0
1759281684,380,1,103,103,103,103,109,109,109,109,38969344,38969344,33394688,N/A,135168,31240192,1,dbus-daemon,S (sleeping),cache-compromised.bnsdq.ozxfs.vcwss-vmdrv.kvugl,0.2030958456844959,0
1759281684,213006,1,0,0,0,0,0,0,0,0,1954725888,1921449984,26722304,N/A,135168,152514560,13,discern-network,S (sleeping),cache-compromised.bnsdq.ozxfs.vcwss-vmdrv.kvugl,0.644726845920914,0
1759281684,213016,1,0,0,0,0,0,0,0,0,1505095680,1505095680,22511616,N/A,135168,73678848,4,discern-interfa,S (sleeping),cache-compromised.bnsdq.ozxfs.vcwss-vmdrv.kvugl,0.6446853590508931,0
1759281684,181,1,0,0,0,0,0,0,0,0,154447872,125059072,38170624,4096,135168,28073984,1,systemd-journal,S (sleeping),cache-compromised.bnsdq.ozxfs.vcwss-vmdrv.kvugl,0.22524137713443637,0
1759281684,213027,1,0,0,0,0,0,0,0,0,1264619520,1264619520,15757312,N/A,135168,45826048,4,discern-proc-so,R (running),cache-compromised.bnsdq.ozxfs.vcwss-vmdrv.kvugl,5.80118569699644,0
1759281694,380,1,103,103,103,103,109,109,109,109,38969344,38969344,33394688,N/A,135168,31240192,1,dbus-daemon,S (sleeping),cache-compromised.bnsdq.ozxfs.vcwss-vmdrv.kvugl,0.20308903510138368,0
1759281694,213200,1,0,0,0,0,0,0,0,0,1954725888,1929842688,29716480,N/A,135168,160903168,14,discern-network,S (sleeping),cache-compromised.bnsdq.ozxfs.vcwss-vmdrv.kvugl,0.5454903012528121,0
1759281694,213235,1,0,0,0,0,0,0,0,0,1647706112,1580597248,22638592,N/A,135168,82202624,5,discern-interfa,S (sleeping),cache-compromised.bnsdq.ozxfs.vcwss-vmdrv.kvugl,1.200037152190202,0
1759281694,181,1,0,0,0,0,0,0,0,0,154447872,125059072,38170624,4096,135168,28073984,1,systemd-journal,S (sleeping),cache-compromised.bnsdq.ozxfs.vcwss-vmdrv.kvugl,0.22529415422724536,0
1759281694,213236,1,0,0,0,0,0,0,0,0,1264357376,1264357376,15736832,N/A,135168,45563904,4,discern-proc-so,R (running),cache-compromised.bnsdq.ozxfs.vcwss-vmdrv.kvugl,11.997635069366613,0
1759281705,213405,1,0,0,0,0,0,0,0,0,1264652288,1264652288,41451520,N/A,135168,71057408,4,discern-file-so,S (sleeping),cache-compromised.bnsdq.ozxfs.vcwss-vmdrv.kvugl,8.378186139010442,0
1759281705,380,1,103,103,103,103,109,109,109,109,38969344,38969344,33394688,N/A,135168,31240192,1,dbus-daemon,S (sleeping),cache-compromised.bnsdq.ozxfs.vcwss-vmdrv.kvugl,0.20308287261197353,0
1759281705,213393,1,0,0,0,0,0,0,0,0,1580597248,1580597248,26628096,N/A,135168,82202624,5,discern-interfa,S (sleeping),cache-compromised.bnsdq.ozxfs.vcwss-vmdrv.kvugl,0.9303290821617208,0
1759281705,181,1,0,0,0,0,0,0,0,0,154447872,125059072,38170624,4096,135168,28073984,1,systemd-journal,S (sleeping),cache-compromised.bnsdq.ozxfs.vcwss-vmdrv.kvugl,0.22534754891897119,0
1759281705,213410,1,0,0,0,0,0,0,0,0,1264357376,1264357376,14532608,N/A,135168,45563904,4,discern-proc-so,S (sleeping),cache-compromised.bnsdq.ozxfs.vcwss-vmdrv.kvugl,7.438959513104851,0
