Name,TimeWeightedAvgVmSizeMiB,MaxVmPeakMiB,MaxVmHwmMiB,DataPoints,PeakDuration
dbus-daemon,24.086471273291924,34.875,29.44921875,532,2737.0
discern-cpu-sor,1205.359375,1205.359375,11.171875,4,21.0
discern-file-so,1463.451968544408,1527.36328125,277.04296875,567,2888.0
discern-logs-so,1205.4296875,1205.4296875,15.2578125,458,2361.0
discern-network,1833.3303910566299,1863.1875,33.07421875,567,2896.0
discern-proc-so,1205.9250605292793,1205.92578125,17.14453125,539,2775.0
systemd-journal,55.453010782163744,63.39453125,14.84765625,132,684.0
systemd-resolve,23.53515625,23.59765625,11.71875,35,179.0
