Name,TimeWeightedAvgVmSizeMiB,MaxVmPeakMiB,MaxVmHwmMiB,DataPoints,PeakDuration
dbus-daemon,69.71438672737307,84.60546875,77.98828125,705,3624.0
discern-file-so,1506.9447477409637,1591.1796875,287.23828125,79,415.0
discern-logs-so,1205.4296875,1205.4296875,59.0234375,647,3414.0
discern-network,1833.83203125,1833.83203125,62.59375,678,3571.0
python3,125.58203125,125.58203125,109.30078125,1410,7129.0
systemd-journal,105.31640625,165.50390625,32.2890625,6,30.0
