Name,TimeWeightedAvgVmSizeMiB,MaxVmPeakMiB,MaxVmHwmMiB,DataPoints,PeakDuration
dbus-daemon,100.72454131788982,115.3203125,108.70703125,611,5137.0
discern-file-so,1425.3673295454546,1463.046875,256.30078125,10,55.0
discern-logs-so,1269.49609375,1269.49609375,72.9296875,385,2760.0
discern-network,1898.5234375,1898.5234375,126.109375,216,2409.0
dockerd,1350.86328125,1350.92578125,103.37109375,611,5219.0
python3,125.58984375,125.58984375,109.4765625,1222,10284.0
