Name,TimeWeightedAvgVmSizeMiB,MaxVmPeakMiB,MaxVmHwmMiB,DataPoints,PeakDuration
dbus-daemon,56.20407310081223,64.09765625,58.19140625,411,2093.0
discern-file-so,1459.272606102196,1591.1796875,300.71875,57,296.0
discern-interfa,1507.51953125,1571.26953125,22.60546875,380,1962.0
discern-logs-so,1205.4296875,1205.4296875,38.5859375,411,2109.0
discern-network,1833.89453125,1833.89453125,83.35546875,411,2101.0
discern-proc-so,1205.9290673976238,1206.17578125,17.80859375,193,989.0
systemd-journal,118.53231426589304,149.2421875,27.7734375,192,991.0
