Name,Duration,AvgCpuPercent,MaxCpuUsage,DataPoints
discern-file-so,863.0,42.413860713951955,83.73604748922085,173
discern-proc-so,862.0,2.403450577317407,2.6461632871261926,172
kswapd0,875.0,0.7195696039563642,0.7276656169362339,173
discern-network,804.0,0.3544824170148144,0.3643553173004343,158
python3,168.0,1.3521886838044035,10.370673165185677,32
discern-logs-so,547.0,0.3465755992284822,0.34783782151010767,107
jbd2/vda2-8,235.0,0.3728137005125929,0.3873703747782679,46
systemd,16.0,1.0560637416781722,1.6902886491474183,3
sshd,5.0,0.5457947145905345,0.5457947145905345,1
