Name,TimeWeightedAvgVmSizeMiB,MaxVmPeakMiB,MaxVmHwmMiB,DataPoints,PeakDuration
dbus-daemon,70.74706302053417,77.8046875,68.6640625,344,1741.0
discern-file-so,1525.2647021069406,1526.98828125,287.43359375,344,1765.0
discern-logs-so,1352.2992497841105,1397.62890625,180.23828125,344,1737.0
discern-network,1833.58203125,1863.44140625,53.10546875,344,1749.0
discern-proc-so,1205.92578125,1205.92578125,14.4765625,210,1081.0
systemd-journal,123.24199106501437,165.16796875,33.3359375,134,696.0
