Name,Duration,AvgCpuPercent,MaxCpuUsage,DataPoints
discern-file-so,284.0,85.98939831883222,92.35570035848603,56
discern-proc-so,2149.0,2.462182903318946,2.8826452428030214,424
discern-logs-so,2157.0,0.3185267469610698,0.3469274220747428,424
jbd2/vda2-8,2169.0,0.2282242346026386,0.2949779202881657,424
systemd-journal,1596.0,0.18831255512936645,0.19065816005349617,310
systemd,1384.0,0.20913064979297186,1.4414699986503228,269
discern-network,666.0,0.18406085422977606,0.1852696526430627,130
kswapd0,428.0,0.1990754332121389,0.2136878568688039,83
