Name,TimeWeightedAvgVmSizeMiB,MaxVmPeakMiB,MaxVmHwmMiB,DataPoints,PeakDuration
dbus-daemon,47.803329366721854,52.4921875,45.5234375,231,1208.0
discern-file-so,1475.7765806084437,1591.6796875,358.2578125,231,1208.0
discern-logs-so,1205.4296875,1205.4296875,57.73828125,231,1212.0
discern-network,1834.39453125,1834.39453125,85.05859375,231,1208.0
discern-proc-so,1205.92578125,1205.92578125,14.69921875,41,210.0
python3,29.699034565324165,51.44921875,40.125,97,509.0
server.py,171.75390625,235.75390625,20.0,92,489.0
systemd-journal,121.04296875,164.8828125,30.6875,1,4.0
