Name,Duration,AvgCpuPercent,MaxCpuUsage,DataPoints
discern-file-so,2714.0,32.59396466348948,83.4179561528314,529
discern-proc-so,2712.0,2.7573928331970396,2.819350520357315,528
kswapd0,2721.0,0.7295117838507582,0.7368668693996642,529
discern-logs-so,2741.0,0.1836453320897431,0.20610512280398238,529
systemd,2750.0,0.14280774134701366,1.2705039448010385,530
