Name,TimeWeightedAvgVmSizeMiB,MaxVmPeakMiB,MaxVmHwmMiB,DataPoints,PeakDuration
dbus-daemon,106.45065265106926,131.71875,119.59375,1003,5097.0
discern-file-so,1491.3782230275665,1591.4296875,286.453125,51,263.0
discern-logs-so,1269.49609375,1269.49609375,91.6484375,992,5134.0
discern-network,1833.89453125,1833.89453125,55.84375,963,5007.0
python3,124.828125,124.828125,108.69140625,2006,10161.0
