Name,Duration,AvgCpuPercent,MaxCpuUsage,DataPoints
discern-file-so,1199.0,40.50218703975567,86.7730409491712,237
discern-proc-so,1193.0,2.556099940062216,2.971714676381699,236
kswapd0,1207.0,0.7632522112612817,0.7674925266345863,237
python3,627.0,0.6426471946594814,15.723157329110327,121
discern-logs-so,1208.0,0.3138021176214496,0.3240711576858666,235
jbd2/vda2-8,581.0,0.19772365162623082,0.22619088688597908,113
systemd,17.0,1.2281893487274647,2.8076370878959582,4
sshd,11.0,0.574712314552102,0.7767510174488751,2
