Name,TimeWeightedAvgVmSizeMiB,MaxVmPeakMiB,MaxVmHwmMiB,DataPoints,PeakDuration
dbus-daemon,46.66331830028618,51.30078125,44.1484375,237,1223.0
discern-cpu-sor,1205.359375,1205.359375,11.06640625,5,25.0
discern-file-so,1574.6724754701554,1591.6796875,357.94140625,237,1223.0
discern-logs-so,1205.4296875,1205.4296875,29.05078125,237,1227.0
discern-network,1898.1484375,1898.1484375,85.8203125,237,1223.0
discern-proc-so,1205.917354283708,1205.92578125,15.11328125,34,178.0
python3,671.7965153769841,936.55859375,80.75390625,121,630.0
systemd-journal,136.80639276649745,137.171875,23.5390625,77,394.0
