Name,TimeWeightedAvgVmSizeMiB,MaxVmPeakMiB,MaxVmHwmMiB,DataPoints,PeakDuration
dbus-daemon,69.99026173269706,85.1484375,77.7890625,709,3641.0
discern-file-so,1492.959145744302,1591.3671875,287.17578125,66,351.0
discern-logs-so,1205.4296875,1205.4296875,66.9375,675,3538.0
discern-network,1833.83203125,1863.1875,55.51171875,677,3551.0
python3,126.33203125,126.58203125,110.3828125,1418,7166.0
