Name,TimeWeightedAvgVmSizeMiB,MaxVmPeakMiB,MaxVmHwmMiB,DataPoints,PeakDuration
dbus-daemon,23.640772009408604,27.3984375,21.12890625,179,930.0
discern-file-so,1526.5463397355163,1527.67578125,339.734375,393,1985.0
discern-logs-so,1205.4296875,1205.4296875,42.9453125,393,2033.0
discern-network,1833.33203125,1833.33203125,36.63671875,393,2009.0
discern-proc-so,1205.92578125,1205.92578125,20.12890625,252,1307.0
systemd-journal,82.74189212328767,113.1796875,32.45703125,355,1825.0
