Name,TimeWeightedAvgVmSizeMiB,MaxVmPeakMiB,MaxVmHwmMiB,DataPoints,PeakDuration
dbus-daemon,23.369560032894736,27.1484375,20.6796875,184,950.0
discern-file-so,1576.9250460509306,1591.7421875,362.6875,188,967.0
discern-logs-so,1205.4296875,1205.4296875,35.51953125,188,971.0
discern-network,1898.2109375,1898.2109375,110.55859375,188,971.0
discern-proc-so,1205.92578125,1205.92578125,16.20703125,50,255.0
python3,658.2772718218838,976.484375,46.59375,136,706.0
systemd-journal,137.57421875,137.57421875,26.62109375,6,31.0
