Name,Duration,AvgCpuPercent,MaxCpuUsage,DataPoints
discern-file-so,937.0,41.84176969823781,87.16124177697324,188
discern-proc-so,941.0,2.3045938044445538,4.576198221674728,188
kswapd0,940.0,0.7058023189296027,0.7291150988282825,187
jbd2/vda2-8,956.0,0.5257621446644761,0.6880116303571019,187
python3,192.0,1.4207311285178967,11.878206085373648,38
discern-logs-so,745.0,0.32947506154446166,0.34388198784328605,146
systemd,25.0,0.8027654607521667,1.5249218732773744,5
sshd,5.0,0.8797559217487285,0.8797559217487284,1
