Name,TimeWeightedAvgVmSizeMiB,MaxVmPeakMiB,MaxVmHwmMiB,DataPoints,PeakDuration
dbus-daemon,24.829087275108737,34.875,29.12109375,485,2529.0
discern-file-so,1590.8566711909687,1654.80859375,363.52734375,560,2901.0
discern-logs-so,1205.4296875,1205.4296875,20.3125,559,2912.0
discern-network,1833.33203125,1833.33203125,35.625,560,2913.0
discern-proc-so,1205.92578125,1205.92578125,17.0390625,308,1586.0
ettercap,307.04690333549223,392.40234375,24.62890625,182,965.0
systemd-journal,70.3483510375494,85.2890625,17.50390625,146,759.0
