Name,TimeWeightedAvgVmSizeMiB,MaxVmPeakMiB,MaxVmHwmMiB,DataPoints,PeakDuration
dbus-daemon,133.4924758808725,153.54296875,145.03515625,700,3576.0
discern-file-so,1447.4397493708054,1591.4296875,289.01171875,140,745.0
discern-interfa,1507.51953125,1571.26953125,22.7109375,178,952.0
discern-logs-so,1434.3090924202127,1525.76171875,269.14453125,700,3619.0
discern-network,1825.51171875,1825.51171875,62.4375,700,3672.0
discern-proc-so,1205.92578125,1205.92578125,16.51953125,23,122.0
server.py,174.390625,238.2890625,24.94921875,698,3719.0
systemd-journal,132.11586143092106,173.70703125,47.015625,361,1900.0
