Name,Duration,AvgCpuPercent,MaxCpuUsage,DataPoints
discern-file-so,409.0,44.83456191402637,82.41093101860682,80
server.py,243.0,51.631335515747665,61.1175300559435,47
discern-proc-so,409.0,2.2316575447624056,3.427379513279378,80
kswapd0,399.0,0.6490871085207975,0.6692462916607894,78
jbd2/vda2-8,398.0,0.5277345010452683,0.5844684602093474,77
discern-network,166.0,0.5132860584724707,0.5298569273807765,33
python3,20.0,1.3437813327231776,1.9727227696916423,4
systemd,5.0,2.0012371741601727,2.0012371741601727,1
