Name,TimeWeightedAvgVmSizeMiB,MaxVmPeakMiB,MaxVmHwmMiB,DataPoints,PeakDuration
dbus-daemon,24.00117406952247,25.59765625,19.18359375,69,356.0
discern-file-so,1534.7154947916667,1591.8046875,292.6875,80,414.0
discern-logs-so,1205.4296875,1205.4296875,35.2734375,80,414.0
discern-network,1898.2109375,1898.2109375,89.6328125,80,414.0
discern-proc-so,1205.92578125,1205.92578125,15.55859375,15,72.0
python3,176.609375,232.35546875,16.8203125,19,99.0
server.py,171.75390625,235.75390625,20.1484375,47,248.0
systemd-journal,113.25390625,161.203125,22.98828125,10,53.0
