Name,TimeWeightedAvgVmSizeMiB,MaxVmPeakMiB,MaxVmHwmMiB,DataPoints,PeakDuration
dbus-daemon,102.61358260885447,121.34765625,114.7265625,753,5133.0
discern-file-so,1423.6313833841464,1463.046875,217.19140625,8,41.0
discern-logs-so,1269.49609375,1269.49609375,91.13671875,529,2729.0
discern-network,1898.5234375,1898.5234375,118.00390625,590,4370.0
dockerd,1350.61328125,1414.36328125,102.98046875,379,3280.0
python3,125.58984375,125.58984375,109.546875,1506,10291.0
