Name,TimeWeightedAvgVmSizeMiB,MaxVmPeakMiB,MaxVmHwmMiB,DataPoints,PeakDuration
dbus-daemon,18.96602783203125,20.203125,14.3515625,63,320.0
discern-file-so,1580.331204379562,1591.6796875,301.9375,219,1096.0
discern-logs-so,1205.4296875,1205.4296875,20.3359375,219,1116.0
discern-network,1906.2105255681818,1906.21484375,96.48046875,219,1100.0
discern-proc-so,1205.92578125,1205.92578125,15.7421875,158,810.0
systemd-journal,72.68285558883363,73.203125,27.7734375,217,1106.0
