Name,Duration,AvgCpuPercent,MaxCpuUsage,DataPoints
discern-file-so,1115.0,40.5055979837232,85.5834394963636,219
discern-proc-so,1120.0,2.0191761831725117,3.3424323868836607,219
jbd2/vda2-8,1124.0,0.6731559775168525,1.7005563343916879,219
kswapd0,1095.0,0.5925603374171634,0.6774282933078014,213
systemd,1139.0,0.43674609666354086,1.6714490040211043,221
discern-network,18.0,0.49550366757492775,0.5169037210353565,4
