Name,TimeWeightedAvgVmSizeMiB,MaxVmPeakMiB,MaxVmHwmMiB,DataPoints,PeakDuration
dbus-daemon,19.492284852024923,21.59765625,14.7890625,62,321.0
discern-cpu-sor,1205.359375,1205.359375,10.78125,2,10.0
discern-file-so,1569.4498609699638,1591.6796875,307.53125,214,1107.0
discern-logs-so,1205.4296875,1205.4296875,34.76953125,214,1111.0
discern-network,1898.2109375,1898.2109375,100.4453125,214,1107.0
discern-proc-so,1205.92578125,1205.92578125,15.94921875,10,43.0
python3,113.64125306372549,232.60546875,16.51171875,48,255.0
server.py,174.2890625,238.2890625,23.11328125,180,943.0
systemd-journal,141.5571244266055,169.4921875,25.30859375,126,654.0
