Name,TimeWeightedAvgVmSizeMiB,MaxVmPeakMiB,MaxVmHwmMiB,DataPoints,PeakDuration
dbus-daemon,34.502903343023256,47.85546875,41.78125,628,3225.0
discern-file-so,1494.3532087749377,1591.1796875,290.140625,80,401.0
discern-interfa,1507.333213118743,1571.26953125,22.55859375,176,899.0
discern-logs-so,1205.4296875,1205.4296875,42.77734375,712,3683.0
discern-network,1842.7689941813944,1863.81640625,78.10546875,719,3593.0
discern-proc-so,1206.0469152706185,1206.17578125,17.90234375,56,291.0
python3,658.90370722096,1032.49609375,50.33203125,692,3521.0
systemd-journal,105.21489064205166,149.16796875,37.4375,532,2749.0
