Name,Duration,AvgCpuPercent,MaxCpuUsage,DataPoints
discern-file-so,847.0,41.956754632580086,89.0565758685576,170
discern-proc-so,842.0,2.2596124431905924,2.5275277485180005,169
jbd2/vda2-8,851.0,1.2226999398665306,2.6464346024693324,170
kswapd0,746.0,0.6039969759696593,0.6745814472624353,147
discern-network,643.0,0.42023407929848977,0.6775845877562815,126
systemd,235.0,0.7044149045278676,1.3898645989321166,46
python3,111.0,1.3972820179137935,8.658639589946183,22
