Name,TimeWeightedAvgVmSizeMiB,MaxVmPeakMiB,MaxVmHwmMiB,DataPoints,PeakDuration
dbus-daemon,21.288985475352113,22.890625,16.41796875,71,355.0
discern-file-so,1447.9635416666667,1591.4296875,289.859375,53,282.0
discern-interfa,1507.26953125,1571.26953125,22.63671875,107,539.0
discern-logs-so,1205.4296875,1205.4296875,39.7265625,244,1251.0
discern-network,1906.21484375,1906.21484375,94.109375,244,1243.0
discern-proc-so,1205.92578125,1205.92578125,16.6875,54,268.0
python3,135.82626155155643,320.6171875,31.1171875,248,1285.0
server.py,174.2890625,238.2890625,22.625,166,868.0
systemd-journal,114.38146391369048,167.34375,27.6484375,33,168.0
