Name,TimeWeightedAvgVmSizeMiB,MaxVmPeakMiB,MaxVmHwmMiB,DataPoints,PeakDuration
dbus-daemon,70.39547689303727,85.37890625,79.11328125,714,3569.0
discern-file-so,1471.7791059027777,1591.1171875,294.203125,88,450.0
discern-interfa,1507.51953125,1571.26953125,22.6875,682,3589.0
discern-logs-so,1205.4296875,1205.4296875,56.33984375,714,3650.0
discern-network,1833.83203125,1863.1875,43.05078125,714,3652.0
discern-proc-so,1206.037600977891,1206.17578125,16.3984375,113,588.0
systemd-journal,130.98030004608498,149.2890625,36.12109375,545,2848.0
