Name,TimeWeightedAvgVmSizeMiB,MaxVmPeakMiB,MaxVmHwmMiB,DataPoints,PeakDuration
dbus-daemon,26.341474572243346,38.4453125,31.28125,511,2630.0
discern-cpu-sor,1205.046875,1205.046875,11.2578125,2,10.0
discern-file-so,1526.6037605163137,1527.36328125,280.2890625,570,2927.0
discern-logs-so,1205.4296875,1205.4296875,30.58984375,462,2379.0
discern-network,1833.466328418202,1863.81640625,39.97265625,570,2931.0
discern-proc-so,1205.92578125,1206.17578125,16.6171875,206,1051.0
named,398.03722098214286,406.5234375,19.9140625,40,210.0
systemd-journal,67.28518878917096,85.27734375,26.15234375,489,2521.0
