Name,Duration,AvgCpuPercent,MaxCpuUsage,DataPoints
discern-file-so,1174.0,40.523321880869375,87.31311490663681,229
discern-proc-so,1173.0,2.4975889203362547,2.7206433329741255,228
python3,826.0,1.0977811617818458,15.86345010768394,158
jbd2/vda2-8,1186.0,0.7619470012358737,1.8945464222119517,229
kswapd0,1009.0,0.6343751905147428,0.7017103564539209,195
systemd,285.0,0.6946932811868561,4.05938805155418,55
discern-logs-so,232.0,0.34229215708416555,0.35126214984140086,46
discern-network,21.0,0.4849877805712241,0.5013097338797662,5
