Name,TimeWeightedAvgVmSizeMiB,MaxVmPeakMiB,MaxVmHwmMiB,DataPoints,PeakDuration
dbus-daemon,50.50600171232877,57.5234375,50.33984375,351,1825.0
discern-cpu-sor,1205.359375,1205.359375,12.0390625,1,6.0
discern-file-so,1584.1788583126036,1591.6796875,362.87109375,351,1809.0
discern-logs-so,1289.1162093179935,1333.5625,116.8515625,351,1809.0
discern-network,1833.58203125,1833.58203125,55.60546875,351,1833.0
discern-proc-so,1206.139327231773,1206.17578125,17.328125,232,1207.0
systemd-journal,134.82481345152243,169.3359375,34.78515625,118,624.0
