Name,TimeWeightedAvgVmSizeMiB,MaxVmPeakMiB,MaxVmHwmMiB,DataPoints,PeakDuration
dbus-daemon,106.39786417716456,131.37890625,118.8359375,989,5001.0
discern-file-so,1503.794591241274,1591.4296875,290.578125,112,573.0
discern-interfa,1436.2072271671827,1436.390625,22.77734375,616,3230.0
discern-logs-so,1258.2942600532228,1269.49609375,79.828125,989,5073.0
discern-network,1841.8359375,1841.8359375,45.0546875,989,5110.0
discern-proc-so,1205.92578125,1205.92578125,16.89453125,4,21.0
python3,114.71484375,170.609375,27.2265625,958,5022.0
systemd-journal,136.3436561874583,165.2890625,35.07421875,288,1499.0
