Name,Duration,AvgCpuPercent,MaxCpuUsage,DataPoints
discern-file-so,286.0,85.74707922162884,90.53495381961025,56
discern-proc-so,2144.0,2.6984333074826865,3.1334270740239347,425
discern-logs-so,2160.0,0.3262557651016311,0.32985973128299756,425
jbd2/vda2-8,2164.0,0.24614715638529283,0.32321548602830613,425
systemd-journal,1917.0,0.19784615699102884,0.20618420198803072,376
systemd,1177.0,0.2122391886842509,1.8801958507261372,229
discern-network,637.0,0.1822485849508057,0.1833048895701062,124
kswapd0,335.0,0.19767580529948986,0.21205813581675886,65
