Name,TimeWeightedAvgVmSizeMiB,MaxVmPeakMiB,MaxVmHwmMiB,DataPoints,PeakDuration
dbus-daemon,15.528846153846153,15.6875,9.859375,5,26.0
discern-file-so,1564.0187763836773,1591.6796875,291.7578125,104,533.0
discern-jupyter,1205.33203125,1205.33203125,10.359375,1,5.0
discern-logs-so,1205.4296875,1205.4296875,18.12890625,104,533.0
discern-network,1898.1443333724203,1898.2109375,89.0625,104,533.0
discern-proc-so,1205.92578125,1205.92578125,16.6796875,95,486.0
python3,660.1466584158416,1000.58203125,46.25,58,303.0
systemd-journal,58.696884527439025,65.203125,15.96875,49,246.0
