Name,Duration,AvgCpuPercent,MaxCpuUsage,DataPoints
discern-file-so,523.0,48.02678498528001,85.7105870390392,104
discern-proc-so,522.0,2.3478786104370113,2.630527542733788,103
jbd2/vda2-8,527.0,1.5851696517615126,2.94912420855613,104
systemd,489.0,0.5571904255334122,1.6608323853253637,96
python3,126.0,2.1322668768867987,15.108373780276933,24
kswapd0,410.0,0.5536639721231016,0.638274012140476,81
discern-network,38.0,0.518673763396367,0.5765376150453938,8
