Name,TimeWeightedAvgVmSizeMiB,MaxVmPeakMiB,MaxVmHwmMiB,DataPoints,PeakDuration
dbus-daemon,27.385148854345957,31.78515625,25.9296875,227,1162.0
discern-ansible,1205.34375,1205.34375,11.73828125,2,10.0
discern-file-so,1449.1470170454545,1591.4296875,288.640625,27,143.0
discern-interfa,1435.3121117180806,1435.515625,22.58984375,228,1167.0
discern-logs-so,1205.4296875,1205.4296875,22.859375,228,1171.0
discern-network,1898.2734375,1898.2734375,103.5,228,1159.0
discern-proc-so,1205.92578125,1205.92578125,16.22265625,81,413.0
systemd-journal,91.16764856557377,99.43359375,20.140625,119,610.0
