Name,Duration,AvgCpuPercent,MaxCpuUsage,DataPoints
discern-file-so,142.0,85.98635260359981,91.44232608551782,28
discern-proc-so,1153.0,2.7248805129711524,2.938279239795876,227
discern-network,1171.0,0.4020062780319207,0.407021251418982,228
jbd2/vda2-8,1163.0,0.38522728228859643,0.500223147308888,228
discern-logs-so,1171.0,0.2970904194774002,0.31291628452059106,228
systemd,1031.0,0.2213974427254829,0.9112024600891864,201
