Name,TimeWeightedAvgVmSizeMiB,MaxVmPeakMiB,MaxVmHwmMiB,DataPoints,PeakDuration
dbus-daemon,30.657755160550458,33.97265625,27.86328125,172,872.0
discern-file-so,1574.0716940884217,1591.6796875,294.83984375,172,868.0
discern-logs-so,1205.4296875,1205.4296875,25.34765625,172,876.0
discern-network,1889.703125,1889.703125,86.9921875,172,868.0
discern-proc-so,1205.92578125,1205.92578125,17.03515625,172,880.0
