Name,Duration,AvgCpuPercent,MaxCpuUsage,DataPoints
discern-file-so,878.0,43.31535179828259,90.94091857606068,172
discern-proc-so,882.0,2.0800347350012305,4.635332408273951,172
kswapd0,882.0,0.7182556523993405,0.7305136194622537,172
jbd2/vda2-8,882.0,0.3462926358055258,0.394792881829088,172
discern-logs-so,867.0,0.2931655478437313,0.30024089420214645,169
systemd,15.0,1.0718853756825972,2.317468976627971,3
