Name,TimeWeightedAvgVmSizeMiB,MaxVmPeakMiB,MaxVmHwmMiB,DataPoints,PeakDuration
dbus-daemon,41.20566531183369,44.890625,37.46875,181,938.0
discern-file-so,1537.9625252016128,1591.6796875,362.578125,181,930.0
discern-jupyter,1205.33203125,1205.33203125,10.8046875,2,11.0
discern-logs-so,1269.49609375,1269.49609375,86.09375,181,938.0
discern-network,1881.9453125,1881.9453125,95.8203125,181,930.0
discern-proc-so,1205.9145199887387,1205.92578125,15.23828125,23,111.0
python3,176.609375,232.60546875,16.515625,13,67.0
server.py,171.75390625,235.75390625,19.91796875,142,751.0
systemd-journal,149.23828125,169.40234375,23.19140625,1,6.0
