Name,TimeWeightedAvgVmSizeMiB,MaxVmPeakMiB,MaxVmHwmMiB,DataPoints,PeakDuration
dbus-daemon,38.29973901146033,52.62890625,46.3046875,713,3643.0
discern-file-so,1484.6963609307359,1591.4296875,291.3046875,90,462.0
discern-interfa,1507.5067441936326,1507.51953125,24.62109375,370,1916.0
discern-logs-so,1205.4296875,1205.4296875,36.86328125,651,3375.0
discern-network,1841.8359375,1841.8359375,44.98046875,723,3696.0
discern-proc-so,1205.92578125,1205.92578125,16.41015625,6,31.0
mariadbd,1050.9362868254404,1113.66796875,97.5859375,723,3632.0
systemd-journal,73.13605542452831,97.3203125,28.359375,339,1749.0
