timestamp,pid,ppid,real_uid,effective_uid,saved_uid,filesystem_uid,real_gid,effective_gid,saved_gid,filesystem_gid,vm_peak,vm_size,vm_hwm,vm_stk,vm_data,threads,name,state,device_id,cpu
1759315671,42971,42954,0,0,0,0,0,0,0,0,5492736,5492736,516096,135168,180224,1,sleep,S (sleeping),learner.bnsdq.ozxfs.fkiya.kvugl,0.0
1759315671,42927,42921,1001,1001,1001,1001,1001,1001,1001,1001,15065088,15065088,4960256,135168,1171456,1,sshd,S (sleeping),learner.bnsdq.ozxfs.fkiya.kvugl,0.0
1759315671,42948,1,0,0,0,0,0,0,0,0,6979584,6979584,3219456,135168,278528,1,bash,S (sleeping),learner.bnsdq.ozxfs.fkiya.kvugl,0.0
1759315671,42973,42950,0,0,0,0,0,0,0,0,5492736,5492736,516096,135168,180224,1,sleep,S (sleeping),learner.bnsdq.ozxfs.fkiya.kvugl,0.0
1759315671,42921,2699,0,0,0,0,0,0,0,0,15101952,15065088,9113600,135168,1171456,1,sshd,S (sleeping),learner.bnsdq.ozxfs.fkiya.kvugl,0.38937615105686424
1759315671,42928,42927,1001,1001,1001,1001,1001,1001,1001,1001,6979584,6979584,3260416,135168,278528,1,bash,S (sleeping),learner.bnsdq.ozxfs.fkiya.kvugl,0.0
1759315671,42931,1,0,0,0,0,0,0,0,0,729841664,729841664,7860224,135168,106921984,6,foundryc,S (sleeping),learner.bnsdq.ozxfs.fkiya.kvugl,0.0
1759315671,42950,1,0,0,0,0,0,0,0,0,6979584,6979584,3371008,135168,278528,1,bash,S (sleeping),learner.bnsdq.ozxfs.fkiya.kvugl,0.0
1759315671,42930,42929,0,0,0,0,0,0,0,0,10379264,10379264,3985408,135168,294912,1,systemctl,S (sleeping),learner.bnsdq.ozxfs.fkiya.kvugl,0.0
1759315671,42969,42953,0,0,0,0,0,0,0,0,5492736,5492736,520192,135168,180224,1,sleep,S (sleeping),learner.bnsdq.ozxfs.fkiya.kvugl,0.0
1759315671,42972,42947,0,0,0,0,0,0,0,0,5492736,5492736,512000,135168,180224,1,sleep,S (sleeping),learner.bnsdq.ozxfs.fkiya.kvugl,0.0
1759315671,42932,1,0,0,0,0,0,0,0,0,6979584,6979584,3338240,135168,278528,1,bash,S (sleeping),learner.bnsdq.ozxfs.fkiya.kvugl,0.0
1759315671,42953,1,0,0,0,0,0,0,0,0,6979584,6979584,3289088,135168,278528,1,bash,S (sleeping),learner.bnsdq.ozxfs.fkiya.kvugl,0.0
1759315671,42929,42928,1001,0,0,0,0,0,0,0,11055104,11034624,5292032,135168,659456,1,sudo,S (sleeping),learner.bnsdq.ozxfs.fkiya.kvugl,0.0
1759315671,42947,1,0,0,0,0,0,0,0,0,6979584,6979584,3149824,135168,278528,1,bash,S (sleeping),learner.bnsdq.ozxfs.fkiya.kvugl,0.0
1759315671,42954,1,0,0,0,0,0,0,0,0,6979584,6979584,3371008,135168,278528,1,bash,S (sleeping),learner.bnsdq.ozxfs.fkiya.kvugl,0.0
1759315671,42970,42948,0,0,0,0,0,0,0,0,5492736,5492736,516096,135168,180224,1,sleep,S (sleeping),learner.bnsdq.ozxfs.fkiya.kvugl,0.0
1759315671,42975,42932,0,0,0,0,0,0,0,0,5492736,5492736,516096,135168,180224,1,sleep,S (sleeping),learner.bnsdq.ozxfs.fkiya.kvugl,0.0
1759315671,42943,1,101,101,101,101,102,102,102,102,16568320,16564224,7323648,135168,626688,1,systemd-network,S (sleeping),learner.bnsdq.ozxfs.fkiya.kvugl,1.207752978356768
1759315676,43071,43070,0,0,0,0,0,0,0,0,10379264,10379264,4026368,135168,294912,1,systemctl,S (sleeping),learner.bnsdq.ozxfs.fkiya.kvugl,0.0
1759315676,43055,1,0,0,0,0,0,0,0,0,1399730176,1399730176,165822464,135168,197746688,7,discern-file-so,S (sleeping),learner.bnsdq.ozxfs.fkiya.kvugl,94.67971635093139
1759315676,43070,43069,1001,0,0,0,0,0,0,0,11055104,11034624,5222400,135168,659456,1,sudo,S (sleeping),learner.bnsdq.ozxfs.fkiya.kvugl,0.0
1759315676,43089,43073,0,0,0,0,0,0,0,0,5492736,5492736,577536,135168,180224,1,sleep,S (sleeping),learner.bnsdq.ozxfs.fkiya.kvugl,0.0
1759315676,43069,43068,1001,1001,1001,1001,1001,1001,1001,1001,6979584,6979584,3231744,135168,278528,1,bash,S (sleeping),learner.bnsdq.ozxfs.fkiya.kvugl,0.0
1759315676,43068,43062,1001,1001,1001,1001,1001,1001,1001,1001,15065088,15065088,4870144,135168,1171456,1,sshd,S (sleeping),learner.bnsdq.ozxfs.fkiya.kvugl,0.0
1759315676,43084,2,0,0,0,0,0,0,0,0,N/A,N/A,N/A,N/A,N/A,1,kworker/0,I (idle),learner.bnsdq.ozxfs.fkiya.kvugl,0.0
1759315676,43062,2699,0,0,0,0,0,0,0,0,15101952,15065088,9170944,135168,1171456,1,sshd,S (sleeping),learner.bnsdq.ozxfs.fkiya.kvugl,0.45413533256434624
1759315676,43073,1,0,0,0,0,0,0,0,0,6979584,6979584,3235840,135168,278528,1,bash,S (sleeping),learner.bnsdq.ozxfs.fkiya.kvugl,0.0
1759315676,43085,1,101,101,101,101,102,102,102,102,16568320,16564224,7405568,135168,626688,1,systemd-network,S (sleeping),learner.bnsdq.ozxfs.fkiya.kvugl,1.8160649781729286
1759315676,43072,1,0,0,0,0,0,0,0,0,729841664,729841664,7798784,135168,106921984,6,foundryc,S (sleeping),learner.bnsdq.ozxfs.fkiya.kvugl,0.0
1759315676,43087,2,0,0,0,0,0,0,0,0,N/A,N/A,N/A,N/A,N/A,1,kworker/2,I (idle),learner.bnsdq.ozxfs.fkiya.kvugl,0.0
1759315681,43055,1,0,0,0,0,0,0,0,0,1399730176,1399730176,165822464,135168,197746688,7,discern-file-so,S (sleeping),learner.bnsdq.ozxfs.fkiya.kvugl,122.55792569791451
1759315681,43084,2,0,0,0,0,0,0,0,0,N/A,N/A,N/A,N/A,N/A,1,kworker/0,I (idle),learner.bnsdq.ozxfs.fkiya.kvugl,0.0
1759315681,43155,1,101,101,101,101,102,102,102,102,16568320,16564224,7569408,135168,626688,1,systemd-network,S (sleeping),learner.bnsdq.ozxfs.fkiya.kvugl,2.2306443948833627
1759315681,43166,241,0,0,0,0,0,0,0,0,23040000,21975040,4079616,135168,724992,1,systemd-udevd,S (sleeping),learner.bnsdq.ozxfs.fkiya.kvugl,0.0
1759315681,43195,1,0,0,0,0,0,0,0,0,1665015808,1665015808,24354816,135168,99639296,7,discern-interfa,S (sleeping),learner.bnsdq.ozxfs.fkiya.kvugl,0.0
1759315681,43087,2,0,0,0,0,0,0,0,0,N/A,N/A,N/A,N/A,N/A,1,kworker/2,I (idle),learner.bnsdq.ozxfs.fkiya.kvugl,0.0
1759315686,43257,43216,0,0,0,0,0,0,0,0,5492736,5492736,577536,135168,180224,1,sleep,S (sleeping),learner.bnsdq.ozxfs.fkiya.kvugl,0.0
1759315686,43258,43222,0,0,0,0,0,0,0,0,5492736,5492736,577536,135168,180224,1,sleep,S (sleeping),learner.bnsdq.ozxfs.fkiya.kvugl,0.0
1759315686,43240,1,101,101,101,101,102,102,102,102,16568320,16564224,7409664,135168,626688,1,systemd-network,S (sleeping),learner.bnsdq.ozxfs.fkiya.kvugl,1.838240239456968
1759315686,43084,2,0,0,0,0,0,0,0,0,N/A,N/A,N/A,N/A,N/A,1,kworker/0,I (idle),learner.bnsdq.ozxfs.fkiya.kvugl,0.0
1759315686,43216,1,0,0,0,0,0,0,0,0,6979584,6979584,3358720,135168,278528,1,bash,S (sleeping),learner.bnsdq.ozxfs.fkiya.kvugl,0.0
1759315686,43253,43226,0,0,0,0,0,0,0,0,5492736,5492736,581632,135168,180224,1,sleep,S (sleeping),learner.bnsdq.ozxfs.fkiya.kvugl,0.0
1759315686,43261,43228,0,0,0,0,0,0,0,0,5492736,5492736,581632,135168,180224,1,sleep,S (sleeping),learner.bnsdq.ozxfs.fkiya.kvugl,0.0
1759315686,43215,1,0,0,0,0,0,0,0,0,728662016,728662016,10018816,135168,105742336,7,foundryc,S (sleeping),learner.bnsdq.ozxfs.fkiya.kvugl,0.0
1759315686,43223,1,0,0,0,0,0,0,0,0,6979584,6979584,3223552,135168,278528,1,bash,S (sleeping),learner.bnsdq.ozxfs.fkiya.kvugl,0.0
1759315686,43222,1,0,0,0,0,0,0,0,0,6979584,6979584,3358720,135168,278528,1,bash,S (sleeping),learner.bnsdq.ozxfs.fkiya.kvugl,0.0
1759315686,43195,1,0,0,0,0,0,0,0,0,1799233536,1732124672,24354816,135168,99774464,7,discern-interfa,S (sleeping),learner.bnsdq.ozxfs.fkiya.kvugl,0.3192268590559648
1759315686,43055,1,0,0,0,0,0,0,0,0,1534349312,1534349312,218284032,135168,286228480,7,discern-file-so,S (sleeping),learner.bnsdq.ozxfs.fkiya.kvugl,126.04360143335731
1759315686,43214,2,0,0,0,0,0,0,0,0,N/A,N/A,N/A,N/A,N/A,1,kworker/3,I (idle),learner.bnsdq.ozxfs.fkiya.kvugl,0.0
1759315686,43259,43223,0,0,0,0,0,0,0,0,5492736,5492736,516096,135168,180224,1,sleep,S (sleeping),learner.bnsdq.ozxfs.fkiya.kvugl,0.0
1759315686,43226,1,0,0,0,0,0,0,0,0,6979584,6979584,3477504,135168,278528,1,bash,S (sleeping),learner.bnsdq.ozxfs.fkiya.kvugl,0.0
1759315686,43087,2,0,0,0,0,0,0,0,0,N/A,N/A,N/A,N/A,N/A,1,kworker/2,I (idle),learner.bnsdq.ozxfs.fkiya.kvugl,0.0
1759315686,43228,1,0,0,0,0,0,0,0,0,6979584,6979584,3317760,135168,278528,1,bash,S (sleeping),learner.bnsdq.ozxfs.fkiya.kvugl,0.0
1759315691,43055,1,0,0,0,0,0,0,0,0,1534808064,1534808064,218284032,135168,286687232,7,discern-file-so,R (running),learner.bnsdq.ozxfs.fkiya.kvugl,129.53452118240767
1759315691,43084,2,0,0,0,0,0,0,0,0,N/A,N/A,N/A,N/A,N/A,1,kworker/0,I (idle),learner.bnsdq.ozxfs.fkiya.kvugl,0.0
1759315691,43087,2,0,0,0,0,0,0,0,0,N/A,N/A,N/A,N/A,N/A,1,kworker/2,I (idle),learner.bnsdq.ozxfs.fkiya.kvugl,0.0
1759315691,43304,1,101,101,101,101,102,102,102,102,16568320,16564224,7274496,135168,626688,1,systemd-network,S (sleeping),learner.bnsdq.ozxfs.fkiya.kvugl,1.5061256196863118
1759315691,43315,241,0,0,0,0,0,0,0,0,23040000,21975040,4079616,135168,724992,1,systemd-udevd,S (sleeping),learner.bnsdq.ozxfs.fkiya.kvugl,0.0
1759315691,43214,2,0,0,0,0,0,0,0,0,N/A,N/A,N/A,N/A,N/A,1,kworker/3,I (idle),learner.bnsdq.ozxfs.fkiya.kvugl,0.0
1759315691,43195,1,0,0,0,0,0,0,0,0,1799233536,1732124672,24354816,135168,99774464,7,discern-interfa,S (sleeping),learner.bnsdq.ozxfs.fkiya.kvugl,0.17667669236902445
1759315696,43350,1,0,0,0,0,0,0,0,0,6979584,6979584,3330048,135168,278528,1,bash,S (sleeping),learner.bnsdq.ozxfs.fkiya.kvugl,0.0
1759315696,43344,1,0,0,0,0,0,0,0,0,6979584,6979584,3272704,135168,278528,1,bash,S (sleeping),learner.bnsdq.ozxfs.fkiya.kvugl,0.0
1759315696,43195,1,0,0,0,0,0,0,0,0,1799233536,1732124672,24354816,135168,99774464,7,discern-interfa,S (sleeping),learner.bnsdq.ozxfs.fkiya.kvugl,0.1223645169346309
1759315696,43397,43350,0,0,0,0,0,0,0,0,5492736,5492736,512000,135168,180224,1,sleep,S (sleeping),learner.bnsdq.ozxfs.fkiya.kvugl,0.0
1759315696,43398,43344,0,0,0,0,0,0,0,0,5492736,5492736,577536,135168,180224,1,sleep,S (sleeping),learner.bnsdq.ozxfs.fkiya.kvugl,0.0
1759315696,43351,1,0,0,0,0,0,0,0,0,6979584,6979584,3219456,135168,278528,1,bash,S (sleeping),learner.bnsdq.ozxfs.fkiya.kvugl,0.0
1759315696,43396,43345,0,0,0,0,0,0,0,0,5492736,5492736,516096,135168,180224,1,sleep,S (sleeping),learner.bnsdq.ozxfs.fkiya.kvugl,0.0
1759315696,43055,1,0,0,0,0,0,0,0,0,1535332352,1535332352,218284032,135168,287211520,7,discern-file-so,S (sleeping),learner.bnsdq.ozxfs.fkiya.kvugl,131.92825802392593
1759315696,43345,1,0,0,0,0,0,0,0,0,6979584,6979584,3260416,135168,278528,1,bash,S (sleeping),learner.bnsdq.ozxfs.fkiya.kvugl,0.0
1759315696,43352,1,0,0,0,0,0,0,0,0,6979584,6979584,3301376,135168,278528,1,bash,S (sleeping),learner.bnsdq.ozxfs.fkiya.kvugl,0.0
1759315696,43399,43352,0,0,0,0,0,0,0,0,5492736,5492736,581632,135168,180224,1,sleep,S (sleeping),learner.bnsdq.ozxfs.fkiya.kvugl,0.0
1759315696,43087,2,0,0,0,0,0,0,0,0,N/A,N/A,N/A,N/A,N/A,1,kworker/2,I (idle),learner.bnsdq.ozxfs.fkiya.kvugl,0.0
1759315696,43368,1,101,101,101,101,102,102,102,102,16568320,16564224,7405568,135168,626688,1,systemd-network,S (sleeping),learner.bnsdq.ozxfs.fkiya.kvugl,0.4600237790339592
1759315696,43343,1,0,0,0,0,0,0,0,0,728662016,728662016,7925760,135168,105742336,6,foundryc,S (sleeping),learner.bnsdq.ozxfs.fkiya.kvugl,0.0
1759315696,43084,2,0,0,0,0,0,0,0,0,N/A,N/A,N/A,N/A,N/A,1,kworker/0,I (idle),learner.bnsdq.ozxfs.fkiya.kvugl,0.0
1759315696,43395,43351,0,0,0,0,0,0,0,0,5492736,5492736,581632,135168,180224,1,sleep,S (sleeping),learner.bnsdq.ozxfs.fkiya.kvugl,0.0
1759315696,43214,2,0,0,0,0,0,0,0,0,N/A,N/A,N/A,N/A,N/A,1,kworker/3,I (idle),learner.bnsdq.ozxfs.fkiya.kvugl,0.0
1759315701,43214,2,0,0,0,0,0,0,0,0,N/A,N/A,N/A,N/A,N/A,1,kworker/3,I (idle),learner.bnsdq.ozxfs.fkiya.kvugl,0.0
1759315701,43432,1,101,101,101,101,102,102,102,102,16568320,16564224,7438336,135168,626688,1,systemd-network,S (sleeping),learner.bnsdq.ozxfs.fkiya.kvugl,1.1347682082275732
1759315701,43443,241,0,0,0,0,0,0,0,0,23040000,21975040,4083712,135168,724992,1,systemd-udevd,S (sleeping),learner.bnsdq.ozxfs.fkiya.kvugl,0.0
1759315701,43087,2,0,0,0,0,0,0,0,0,N/A,N/A,N/A,N/A,N/A,1,kworker/2,I (idle),learner.bnsdq.ozxfs.fkiya.kvugl,0.0
1759315701,43195,1,0,0,0,0,0,0,0,0,1799233536,1732124672,24354816,135168,99774464,7,discern-interfa,S (sleeping),learner.bnsdq.ozxfs.fkiya.kvugl,0.09342386872163619
1759315701,43084,2,0,0,0,0,0,0,0,0,N/A,N/A,N/A,N/A,N/A,1,kworker/0,I (idle),learner.bnsdq.ozxfs.fkiya.kvugl,0.0
1759315706,43470,1,0,0,0,0,0,0,0,0,728399872,728399872,7925760,135168,105480192,7,foundryc,S (sleeping),learner.bnsdq.ozxfs.fkiya.kvugl,0.0
1759315706,43487,1,0,0,0,0,0,0,0,0,6979584,6979584,3354624,135168,278528,1,bash,S (sleeping),learner.bnsdq.ozxfs.fkiya.kvugl,0.0
1759315706,43524,43484,0,0,0,0,0,0,0,0,5492736,5492736,581632,135168,180224,1,sleep,S (sleeping),learner.bnsdq.ozxfs.fkiya.kvugl,0.0
1759315706,43481,1,0,0,0,0,0,0,0,0,6979584,6979584,3211264,135168,278528,1,bash,S (sleeping),learner.bnsdq.ozxfs.fkiya.kvugl,0.0
1759315706,43471,1,0,0,0,0,0,0,0,0,6979584,6979584,3481600,135168,278528,1,bash,S (sleeping),learner.bnsdq.ozxfs.fkiya.kvugl,0.0
1759315706,43484,1,0,0,0,0,0,0,0,0,6979584,6979584,3178496,135168,278528,1,bash,S (sleeping),learner.bnsdq.ozxfs.fkiya.kvugl,0.0
1759315706,43477,1,0,0,0,0,0,0,0,0,6979584,6979584,3166208,135168,278528,1,bash,S (sleeping),learner.bnsdq.ozxfs.fkiya.kvugl,0.0
1759315706,43084,2,0,0,0,0,0,0,0,0,N/A,N/A,N/A,N/A,N/A,1,kworker/0,I (idle),learner.bnsdq.ozxfs.fkiya.kvugl,0.0
1759315706,43087,2,0,0,0,0,0,0,0,0,N/A,N/A,N/A,N/A,N/A,1,kworker/2,I (idle),learner.bnsdq.ozxfs.fkiya.kvugl,0.0
1759315706,43525,43481,0,0,0,0,0,0,0,0,5492736,5492736,512000,135168,180224,1,sleep,S (sleeping),learner.bnsdq.ozxfs.fkiya.kvugl,0.0
1759315706,43527,43477,0,0,0,0,0,0,0,0,10379264,10379264,1241088,135168,294912,1,systemctl,S (sleeping),learner.bnsdq.ozxfs.fkiya.kvugl,0.0
1759315706,43195,1,0,0,0,0,0,0,0,0,1799233536,1732124672,24354816,135168,99774464,7,discern-interfa,S (sleeping),learner.bnsdq.ozxfs.fkiya.kvugl,0.07564771600382872
1759315706,43214,2,0,0,0,0,0,0,0,0,N/A,N/A,N/A,N/A,N/A,1,kworker/3,I (idle),learner.bnsdq.ozxfs.fkiya.kvugl,0.0
1759315706,43495,1,101,101,101,101,102,102,102,102,16568320,16564224,7565312,135168,626688,1,systemd-network,S (sleeping),learner.bnsdq.ozxfs.fkiya.kvugl,1.351697253113914
1759315706,43526,43487,0,0,0,0,0,0,0,0,5492736,5492736,512000,135168,180224,1,sleep,S (sleeping),learner.bnsdq.ozxfs.fkiya.kvugl,0.0
1759315711,43559,1,101,101,101,101,102,102,102,102,16568320,16564224,7426048,135168,626688,1,systemd-network,S (sleeping),learner.bnsdq.ozxfs.fkiya.kvugl,1.3358555006547665
1759315711,43087,2,0,0,0,0,0,0,0,0,N/A,N/A,N/A,N/A,N/A,1,kworker/2,I (idle),learner.bnsdq.ozxfs.fkiya.kvugl,0.0
1759315711,43214,2,0,0,0,0,0,0,0,0,N/A,N/A,N/A,N/A,N/A,1,kworker/3,I (idle),learner.bnsdq.ozxfs.fkiya.kvugl,0.0
1759315711,43195,1,0,0,0,0,0,0,0,0,1799233536,1732124672,24354816,135168,99774464,7,discern-interfa,S (sleeping),learner.bnsdq.ozxfs.fkiya.kvugl,0.06350761965527243
1759315711,43084,2,0,0,0,0,0,0,0,0,N/A,N/A,N/A,N/A,N/A,1,kworker/0,I (idle),learner.bnsdq.ozxfs.fkiya.kvugl,0.0
1759315716,43605,1,0,0,0,0,0,0,0,0,6979584,6979584,3428352,135168,278528,1,bash,S (sleeping),learner.bnsdq.ozxfs.fkiya.kvugl,0.0
1759315716,43599,1,0,0,0,0,0,0,0,0,728662016,728662016,7921664,135168,105742336,6,foundryc,S (sleeping),learner.bnsdq.ozxfs.fkiya.kvugl,0.0
1759315716,43690,43600,0,0,0,0,0,0,0,0,5492736,5492736,581632,135168,180224,1,sleep,S (sleeping),learner.bnsdq.ozxfs.fkiya.kvugl,0.0
1759315716,43616,1,0,0,0,0,0,0,0,0,6979584,6979584,3153920,135168,278528,1,bash,S (sleeping),learner.bnsdq.ozxfs.fkiya.kvugl,0.0
1759315716,43608,1,0,0,0,0,0,0,0,0,6979584,6979584,3371008,135168,278528,1,bash,S (sleeping),learner.bnsdq.ozxfs.fkiya.kvugl,0.0
1759315716,43613,1,0,0,0,0,0,0,0,0,6979584,6979584,3436544,135168,278528,1,bash,S (sleeping),learner.bnsdq.ozxfs.fkiya.kvugl,0.0
1759315716,43687,43616,0,0,0,0,0,0,0,0,5492736,5492736,520192,135168,180224,1,sleep,S (sleeping),learner.bnsdq.ozxfs.fkiya.kvugl,0.0
1759315716,43214,2,0,0,0,0,0,0,0,0,N/A,N/A,N/A,N/A,N/A,1,kworker/3,I (idle),learner.bnsdq.ozxfs.fkiya.kvugl,0.0
1759315716,43195,1,0,0,0,0,0,0,0,0,1799233536,1732124672,24354816,135168,99774464,7,discern-interfa,S (sleeping),learner.bnsdq.ozxfs.fkiya.kvugl,0.05476895229128558
1759315716,43623,1,101,101,101,101,102,102,102,102,16568320,16564224,7483392,135168,626688,1,systemd-network,S (sleeping),learner.bnsdq.ozxfs.fkiya.kvugl,0.9062389773360228
1759315716,43649,43648,1001,1001,1001,1001,1001,1001,1001,1001,172527616,172527616,3649536,1056768,20037632,1,(sd-pam),S (sleeping),learner.bnsdq.ozxfs.fkiya.kvugl,0.0
1759315716,43648,1,1001,1001,1001,1001,1001,1001,1001,1001,15548416,15511552,8597504,135168,729088,1,systemd,S (sleeping),learner.bnsdq.ozxfs.fkiya.kvugl,1.4213242957848085
1759315716,43688,43605,0,0,0,0,0,0,0,0,5492736,5492736,585728,135168,180224,1,sleep,S (sleeping),learner.bnsdq.ozxfs.fkiya.kvugl,0.0
1759315716,43087,2,0,0,0,0,0,0,0,0,N/A,N/A,N/A,N/A,N/A,1,kworker/2,I (idle),learner.bnsdq.ozxfs.fkiya.kvugl,0.0
1759315716,43600,1,0,0,0,0,0,0,0,0,6979584,6979584,3289088,135168,278528,1,bash,S (sleeping),learner.bnsdq.ozxfs.fkiya.kvugl,0.0
1759315716,43084,2,0,0,0,0,0,0,0,0,N/A,N/A,N/A,N/A,N/A,1,kworker/0,I (idle),learner.bnsdq.ozxfs.fkiya.kvugl,0.0
1759315716,43689,43613,0,0,0,0,0,0,0,0,5492736,5492736,585728,135168,180224,1,sleep,S (sleeping),learner.bnsdq.ozxfs.fkiya.kvugl,0.0
1759315716,43691,43608,0,0,0,0,0,0,0,0,5492736,5492736,516096,135168,180224,1,sleep,S (sleeping),learner.bnsdq.ozxfs.fkiya.kvugl,0.0
1759315721,43084,2,0,0,0,0,0,0,0,0,N/A,N/A,N/A,N/A,N/A,1,kworker/0,I (idle),learner.bnsdq.ozxfs.fkiya.kvugl,0.02101823266546124
1759315721,43776,43769,0,0,0,0,0,0,0,0,5492736,5492736,512000,135168,180224,1,sleep,S (sleeping),learner.bnsdq.ozxfs.fkiya.kvugl,0.0
1759315721,43777,1,101,101,101,101,102,102,102,102,16568320,16564224,7315456,135168,626688,1,systemd-network,S (sleeping),learner.bnsdq.ozxfs.fkiya.kvugl,3.801081588009759
1759315721,43753,1,0,0,0,0,0,0,0,0,728662016,728662016,7925760,135168,105742336,6,foundryc,S (sleeping),learner.bnsdq.ozxfs.fkiya.kvugl,0.0
1759315721,43087,2,0,0,0,0,0,0,0,0,N/A,N/A,N/A,N/A,N/A,1,kworker/2,I (idle),learner.bnsdq.ozxfs.fkiya.kvugl,0.0
1759315721,43772,43761,0,0,0,0,0,0,0,0,5492736,5492736,516096,135168,180224,1,sleep,S (sleeping),learner.bnsdq.ozxfs.fkiya.kvugl,0.0
1759315721,43773,43754,0,0,0,0,0,0,0,0,5492736,5492736,512000,135168,180224,1,sleep,S (sleeping),learner.bnsdq.ozxfs.fkiya.kvugl,0.0
1759315721,43761,1,0,0,0,0,0,0,0,0,6979584,6979584,3305472,135168,278528,1,bash,S (sleeping),learner.bnsdq.ozxfs.fkiya.kvugl,0.0
1759315721,43195,1,0,0,0,0,0,0,0,0,1799233536,1732124672,24354816,135168,99774464,7,discern-interfa,S (sleeping),learner.bnsdq.ozxfs.fkiya.kvugl,0.04809947453868528
1759315721,43764,1,0,0,0,0,0,0,0,0,6979584,6979584,3309568,135168,278528,1,bash,S (sleeping),learner.bnsdq.ozxfs.fkiya.kvugl,0.0
1759315721,43649,43648,1001,1001,1001,1001,1001,1001,1001,1001,172527616,172527616,3649536,1056768,20037632,1,(sd-pam),S (sleeping),learner.bnsdq.ozxfs.fkiya.kvugl,0.0
1759315721,43648,1,1001,1001,1001,1001,1001,1001,1001,1001,15548416,15511552,8597504,135168,729088,1,systemd,S (sleeping),learner.bnsdq.ozxfs.fkiya.kvugl,0.5826542340821353
1759315721,43754,1,0,0,0,0,0,0,0,0,6979584,6979584,3342336,135168,278528,1,bash,S (sleeping),learner.bnsdq.ozxfs.fkiya.kvugl,0.0
1759315721,43769,1,0,0,0,0,0,0,0,0,6979584,6979584,3403776,135168,278528,1,bash,S (sleeping),learner.bnsdq.ozxfs.fkiya.kvugl,0.0
1759315721,43774,43759,0,0,0,0,0,0,0,0,5492736,5492736,585728,135168,180224,1,sleep,S (sleeping),learner.bnsdq.ozxfs.fkiya.kvugl,0.0
1759315721,43775,43764,0,0,0,0,0,0,0,0,5492736,5492736,516096,135168,180224,1,sleep,S (sleeping),learner.bnsdq.ozxfs.fkiya.kvugl,0.0
1759315721,43759,1,0,0,0,0,0,0,0,0,6979584,6979584,3207168,135168,278528,1,bash,S (sleeping),learner.bnsdq.ozxfs.fkiya.kvugl,0.0
1759315721,43214,2,0,0,0,0,0,0,0,0,N/A,N/A,N/A,N/A,N/A,1,kworker/3,I (idle),learner.bnsdq.ozxfs.fkiya.kvugl,0.025263158427231036
1759315726,43829,43769,0,0,0,0,0,0,0,0,5492736,5492736,581632,135168,180224,1,sleep,S (sleeping),learner.bnsdq.ozxfs.fkiya.kvugl,0.0
1759315726,43769,1,0,0,0,0,0,0,0,0,6979584,6979584,3420160,135168,278528,1,bash,S (sleeping),learner.bnsdq.ozxfs.fkiya.kvugl,0.0
1759315726,43842,1,101,101,101,101,102,102,102,102,16568320,16564224,7348224,135168,626688,1,systemd-network,S (sleeping),learner.bnsdq.ozxfs.fkiya.kvugl,3.6522534889776708
1759315726,43761,1,0,0,0,0,0,0,0,0,6979584,6979584,3330048,135168,278528,1,bash,S (sleeping),learner.bnsdq.ozxfs.fkiya.kvugl,0.0
1759315726,43195,1,0,0,0,0,0,0,0,0,1799233536,1732124672,24354816,135168,99774464,7,discern-interfa,S (sleeping),learner.bnsdq.ozxfs.fkiya.kvugl,0.04287845067442366
1759315726,43214,2,0,0,0,0,0,0,0,0,N/A,N/A,N/A,N/A,N/A,1,kworker/3,I (idle),learner.bnsdq.ozxfs.fkiya.kvugl,0.022399541125222543
1759315726,43754,1,0,0,0,0,0,0,0,0,6979584,6979584,3358720,135168,278528,1,bash,S (sleeping),learner.bnsdq.ozxfs.fkiya.kvugl,0.0
1759315726,43825,43754,0,0,0,0,0,0,0,0,5492736,5492736,577536,135168,180224,1,sleep,S (sleeping),learner.bnsdq.ozxfs.fkiya.kvugl,0.0
1759315726,43087,2,0,0,0,0,0,0,0,0,N/A,N/A,N/A,N/A,N/A,1,kworker/2,I (idle),learner.bnsdq.ozxfs.fkiya.kvugl,0.0
1759315726,43826,43759,0,0,0,0,0,0,0,0,5492736,5492736,512000,135168,180224,1,sleep,S (sleeping),learner.bnsdq.ozxfs.fkiya.kvugl,0.0
1759315726,43827,43764,0,0,0,0,0,0,0,0,5492736,5492736,577536,135168,180224,1,sleep,S (sleeping),learner.bnsdq.ozxfs.fkiya.kvugl,0.0
1759315726,43828,43761,0,0,0,0,0,0,0,0,5492736,5492736,516096,135168,180224,1,sleep,S (sleeping),learner.bnsdq.ozxfs.fkiya.kvugl,0.0
1759315726,43854,241,0,0,0,0,0,0,0,0,23040000,21975040,4079616,135168,724992,1,systemd-udevd,S (sleeping),learner.bnsdq.ozxfs.fkiya.kvugl,0.0
1759315726,43084,2,0,0,0,0,0,0,0,0,N/A,N/A,N/A,N/A,N/A,1,kworker/0,I (idle),learner.bnsdq.ozxfs.fkiya.kvugl,0.018994689707973418
1759315726,43759,1,0,0,0,0,0,0,0,0,6979584,6979584,3289088,135168,278528,1,bash,S (sleeping),learner.bnsdq.ozxfs.fkiya.kvugl,0.0
1759315726,43764,1,0,0,0,0,0,0,0,0,6979584,6979584,3321856,135168,278528,1,bash,S (sleeping),learner.bnsdq.ozxfs.fkiya.kvugl,0.0
1759315731,43084,2,0,0,0,0,0,0,0,0,N/A,N/A,N/A,N/A,N/A,1,kworker/0,I (idle),learner.bnsdq.ozxfs.fkiya.kvugl,0.017330862197326845
1759315731,43892,1,0,0,0,0,0,0,0,0,6979584,6979584,3407872,135168,278528,1,bash,S (sleeping),learner.bnsdq.ozxfs.fkiya.kvugl,0.0
1759315731,43882,1,0,0,0,0,0,0,0,0,6979584,6979584,3248128,135168,278528,1,bash,S (sleeping),learner.bnsdq.ozxfs.fkiya.kvugl,0.0
1759315731,43915,43896,0,0,0,0,0,0,0,0,5492736,5492736,512000,135168,180224,1,sleep,S (sleeping),learner.bnsdq.ozxfs.fkiya.kvugl,0.0
1759315731,43916,43890,0,0,0,0,0,0,0,0,5492736,5492736,581632,135168,180224,1,sleep,S (sleeping),learner.bnsdq.ozxfs.fkiya.kvugl,0.0
1759315731,43912,43882,0,0,0,0,0,0,0,0,5492736,5492736,516096,135168,180224,1,sleep,S (sleeping),learner.bnsdq.ozxfs.fkiya.kvugl,0.0
1759315731,43890,1,0,0,0,0,0,0,0,0,6979584,6979584,3452928,135168,278528,1,bash,S (sleeping),learner.bnsdq.ozxfs.fkiya.kvugl,0.0
1759315731,43214,2,0,0,0,0,0,0,0,0,N/A,N/A,N/A,N/A,N/A,1,kworker/3,I (idle),learner.bnsdq.ozxfs.fkiya.kvugl,0.02011969382183607
1759315731,43905,1,101,101,101,101,102,102,102,102,16568320,16564224,7299072,135168,626688,1,systemd-network,S (sleeping),learner.bnsdq.ozxfs.fkiya.kvugl,2.219847323496174
1759315731,43881,1,0,0,0,0,0,0,0,0,728399872,728399872,9961472,135168,105480192,6,foundryc,S (sleeping),learner.bnsdq.ozxfs.fkiya.kvugl,0.0
1759315731,43887,1,0,0,0,0,0,0,0,0,6979584,6979584,3342336,135168,278528,1,bash,S (sleeping),learner.bnsdq.ozxfs.fkiya.kvugl,0.0
1759315731,43914,43892,0,0,0,0,0,0,0,0,5492736,5492736,516096,135168,180224,1,sleep,S (sleeping),learner.bnsdq.ozxfs.fkiya.kvugl,0.0
1759315731,43195,1,0,0,0,0,0,0,0,0,1799233536,1732124672,24354816,135168,99774464,7,discern-interfa,S (sleeping),learner.bnsdq.ozxfs.fkiya.kvugl,0.03868170842814706
1759315731,43087,2,0,0,0,0,0,0,0,0,N/A,N/A,N/A,N/A,N/A,1,kworker/2,I (idle),learner.bnsdq.ozxfs.fkiya.kvugl,0.0
1759315731,43896,1,0,0,0,0,0,0,0,0,6979584,6979584,3346432,135168,278528,1,bash,S (sleeping),learner.bnsdq.ozxfs.fkiya.kvugl,0.0
1759315731,43913,43887,0,0,0,0,0,0,0,0,5492736,5492736,581632,135168,180224,1,sleep,S (sleeping),learner.bnsdq.ozxfs.fkiya.kvugl,0.0
1759315736,43981,241,0,0,0,0,0,0,0,0,23040000,21975040,4079616,135168,724992,1,systemd-udevd,S (sleeping),learner.bnsdq.ozxfs.fkiya.kvugl,0.0
1759315736,43969,1,101,101,101,101,102,102,102,102,16568320,16564224,7581696,135168,626688,1,systemd-network,S (sleeping),learner.bnsdq.ozxfs.fkiya.kvugl,2.1770794675243157
1759315736,43084,2,0,0,0,0,0,0,0,0,N/A,N/A,N/A,N/A,N/A,1,kworker/0,I (idle),learner.bnsdq.ozxfs.fkiya.kvugl,0.015934662794413856
1759315736,43214,2,0,0,0,0,0,0,0,0,N/A,N/A,N/A,N/A,N/A,1,kworker/3,I (idle),learner.bnsdq.ozxfs.fkiya.kvugl,0.018262653354829045
1759315736,43195,1,0,0,0,0,0,0,0,0,1799233536,1732124672,24354816,135168,99774464,7,discern-interfa,S (sleeping),learner.bnsdq.ozxfs.fkiya.kvugl,0.03523801407785088
1759315736,43087,2,0,0,0,0,0,0,0,0,N/A,N/A,N/A,N/A,N/A,1,kworker/2,I (idle),learner.bnsdq.ozxfs.fkiya.kvugl,0.015934433568939643
1759315741,43214,2,0,0,0,0,0,0,0,0,N/A,N/A,N/A,N/A,N/A,1,kworker/3,I (idle),learner.bnsdq.ozxfs.fkiya.kvugl,0.01672817685547386
1759315741,44020,1,0,0,0,0,0,0,0,0,6979584,6979584,3264512,135168,278528,1,bash,S (sleeping),learner.bnsdq.ozxfs.fkiya.kvugl,0.0
1759315741,44051,44016,0,0,0,0,0,0,0,0,5492736,5492736,577536,135168,180224,1,sleep,S (sleeping),learner.bnsdq.ozxfs.fkiya.kvugl,0.0
1759315741,44053,44023,0,0,0,0,0,0,0,0,5492736,5492736,581632,135168,180224,1,sleep,S (sleeping),learner.bnsdq.ozxfs.fkiya.kvugl,0.0
1759315741,44014,1,0,0,0,0,0,0,0,0,6979584,6979584,3407872,135168,278528,1,bash,S (sleeping),learner.bnsdq.ozxfs.fkiya.kvugl,0.0
1759315741,44023,1,0,0,0,0,0,0,0,0,6979584,6979584,3330048,135168,278528,1,bash,S (sleeping),learner.bnsdq.ozxfs.fkiya.kvugl,0.0
1759315741,44009,1,0,0,0,0,0,0,0,0,6979584,6979584,3244032,135168,278528,1,bash,S (sleeping),learner.bnsdq.ozxfs.fkiya.kvugl,0.0
1759315741,43195,1,0,0,0,0,0,0,0,0,1799233536,1732124672,24354816,135168,99774464,7,discern-interfa,S (sleeping),learner.bnsdq.ozxfs.fkiya.kvugl,0.0323722228621467
1759315741,43084,2,0,0,0,0,0,0,0,0,N/A,N/A,N/A,N/A,N/A,1,kworker/0,I (idle),learner.bnsdq.ozxfs.fkiya.kvugl,0.014753220126469525
1759315741,44008,1,0,0,0,0,0,0,0,0,728399872,728399872,7925760,135168,105480192,6,foundryc,S (sleeping),learner.bnsdq.ozxfs.fkiya.kvugl,0.0
1759315741,44016,1,0,0,0,0,0,0,0,0,6979584,6979584,3280896,135168,278528,1,bash,S (sleeping),learner.bnsdq.ozxfs.fkiya.kvugl,0.0
1759315741,44050,44009,0,0,0,0,0,0,0,0,5492736,5492736,577536,135168,180224,1,sleep,S (sleeping),learner.bnsdq.ozxfs.fkiya.kvugl,0.0
1759315741,44052,44020,0,0,0,0,0,0,0,0,5492736,5492736,520192,135168,180224,1,sleep,S (sleeping),learner.bnsdq.ozxfs.fkiya.kvugl,0.0
1759315741,44045,44014,0,0,0,0,0,0,0,0,5492736,5492736,516096,135168,180224,1,sleep,S (sleeping),learner.bnsdq.ozxfs.fkiya.kvugl,0.0
1759315741,44032,1,101,101,101,101,102,102,102,102,16568320,16564224,7553024,135168,626688,1,systemd-network,S (sleeping),learner.bnsdq.ozxfs.fkiya.kvugl,2.155544390761697
1759315741,43087,2,0,0,0,0,0,0,0,0,N/A,N/A,N/A,N/A,N/A,1,kworker/2,I (idle),learner.bnsdq.ozxfs.fkiya.kvugl,0.014752788548424264
1759315746,43195,1,0,0,0,0,0,0,0,0,1799233536,1732124672,24354816,135168,99774464,7,discern-interfa,S (sleeping),learner.bnsdq.ozxfs.fkiya.kvugl,0.029919645913398893
1759315746,43084,2,0,0,0,0,0,0,0,0,N/A,N/A,N/A,N/A,N/A,1,kworker/0,I (idle),learner.bnsdq.ozxfs.fkiya.kvugl,0.013727593284633948
1759315746,44108,241,0,0,0,0,0,0,0,0,23040000,21975040,4079616,135168,724992,1,systemd-udevd,S (sleeping),learner.bnsdq.ozxfs.fkiya.kvugl,0.0
1759315746,44096,1,101,101,101,101,102,102,102,102,16568320,16564224,7376896,135168,626688,1,systemd-network,S (sleeping),learner.bnsdq.ozxfs.fkiya.kvugl,2.1078119522115104
1759315746,43214,2,0,0,0,0,0,0,0,0,N/A,N/A,N/A,N/A,N/A,1,kworker/3,I (idle),learner.bnsdq.ozxfs.fkiya.kvugl,0.015420958428751259
1759315746,43087,2,0,0,0,0,0,0,0,0,N/A,N/A,N/A,N/A,N/A,1,kworker/2,I (idle),learner.bnsdq.ozxfs.fkiya.kvugl,0.013727383952432799
1759315751,44187,44151,0,0,0,0,0,0,0,0,5492736,5492736,581632,135168,180224,1,sleep,S (sleeping),learner.bnsdq.ozxfs.fkiya.kvugl,0.0
1759315751,44146,1,0,0,0,0,0,0,0,0,6979584,6979584,3346432,135168,278528,1,bash,S (sleeping),learner.bnsdq.ozxfs.fkiya.kvugl,0.0
1759315751,44188,44142,0,0,0,0,0,0,0,0,5492736,5492736,516096,135168,180224,1,sleep,S (sleeping),learner.bnsdq.ozxfs.fkiya.kvugl,0.0
1759315751,43087,2,0,0,0,0,0,0,0,0,N/A,N/A,N/A,N/A,N/A,1,kworker/2,I (idle),learner.bnsdq.ozxfs.fkiya.kvugl,0.012842142689149514
1759315751,44136,1,0,0,0,0,0,0,0,0,728662016,728662016,7925760,135168,105742336,6,foundryc,S (sleeping),learner.bnsdq.ozxfs.fkiya.kvugl,0.0
1759315751,44160,1,101,101,101,101,102,102,102,102,16568320,16564224,7622656,135168,626688,1,systemd-network,S (sleeping),learner.bnsdq.ozxfs.fkiya.kvugl,1.2922640758583184
1759315751,44151,1,0,0,0,0,0,0,0,0,6979584,6979584,3428352,135168,278528,1,bash,S (sleeping),learner.bnsdq.ozxfs.fkiya.kvugl,0.0
1759315751,44142,1,0,0,0,0,0,0,0,0,6979584,6979584,3256320,135168,278528,1,bash,S (sleeping),learner.bnsdq.ozxfs.fkiya.kvugl,0.0
1759315751,44189,44150,0,0,0,0,0,0,0,0,5492736,5492736,581632,135168,180224,1,sleep,S (sleeping),learner.bnsdq.ozxfs.fkiya.kvugl,0.0
1759315751,44137,1,0,0,0,0,0,0,0,0,6979584,6979584,3256320,135168,278528,1,bash,S (sleeping),learner.bnsdq.ozxfs.fkiya.kvugl,0.0
1759315751,43084,2,0,0,0,0,0,0,0,0,N/A,N/A,N/A,N/A,N/A,1,kworker/0,I (idle),learner.bnsdq.ozxfs.fkiya.kvugl,0.012841802120425952
1759315751,43195,1,0,0,0,0,0,0,0,0,1799233536,1732124672,24354816,135168,99774464,7,discern-interfa,S (sleeping),learner.bnsdq.ozxfs.fkiya.kvugl,0.027827629961531864
1759315751,43214,2,0,0,0,0,0,0,0,0,N/A,N/A,N/A,N/A,N/A,1,kworker/3,I (idle),learner.bnsdq.ozxfs.fkiya.kvugl,0.01431203357610153
1759315751,44190,44137,0,0,0,0,0,0,0,0,5492736,5492736,577536,135168,180224,1,sleep,S (sleeping),learner.bnsdq.ozxfs.fkiya.kvugl,0.0
1759315751,44150,1,0,0,0,0,0,0,0,0,6979584,6979584,3317760,135168,278528,1,bash,S (sleeping),learner.bnsdq.ozxfs.fkiya.kvugl,0.0
1759315751,44191,44146,0,0,0,0,0,0,0,0,5492736,5492736,516096,135168,180224,1,sleep,S (sleeping),learner.bnsdq.ozxfs.fkiya.kvugl,0.0
1759315756,43084,2,0,0,0,0,0,0,0,0,N/A,N/A,N/A,N/A,N/A,1,kworker/0,I (idle),learner.bnsdq.ozxfs.fkiya.kvugl,0.012059313526836877
1759315756,44224,1,101,101,101,101,102,102,102,102,16568320,16564224,7405568,135168,626688,1,systemd-network,S (sleeping),learner.bnsdq.ozxfs.fkiya.kvugl,1.5291523479378775
1759315756,43195,1,0,0,0,0,0,0,0,0,1799233536,1732124672,24354816,135168,99774464,7,discern-interfa,S (sleeping),learner.bnsdq.ozxfs.fkiya.kvugl,0.0259996796837383
1759315756,43087,2,0,0,0,0,0,0,0,0,N/A,N/A,N/A,N/A,N/A,1,kworker/2,I (idle),learner.bnsdq.ozxfs.fkiya.kvugl,0.012059194972241475
1759315756,44236,241,0,0,0,0,0,0,0,0,23040000,21975040,4079616,135168,724992,1,systemd-udevd,S (sleeping),learner.bnsdq.ozxfs.fkiya.kvugl,0.0
1759315756,43214,2,0,0,0,0,0,0,0,0,N/A,N/A,N/A,N/A,N/A,1,kworker/3,I (idle),learner.bnsdq.ozxfs.fkiya.kvugl,0.013346712629737505
1759315761,43214,2,0,0,0,0,0,0,0,0,N/A,N/A,N/A,N/A,N/A,1,kworker/3,I (idle),learner.bnsdq.ozxfs.fkiya.kvugl,0.012508247610758446
1759315761,44274,1,0,0,0,0,0,0,0,0,6979584,6979584,3268608,135168,278528,1,bash,S (sleeping),learner.bnsdq.ozxfs.fkiya.kvugl,0.0
1759315761,43195,1,0,0,0,0,0,0,0,0,1799233536,1732124672,24354816,135168,99774464,7,discern-interfa,S (sleeping),learner.bnsdq.ozxfs.fkiya.kvugl,0.02440576315816854
1759315761,44266,1,0,0,0,0,0,0,0,0,6979584,6979584,3203072,135168,278528,1,bash,S (sleeping),learner.bnsdq.ozxfs.fkiya.kvugl,0.0
1759315761,44289,1,101,101,101,101,102,102,102,102,16568320,16564224,7344128,135168,626688,1,systemd-network,S (sleeping),learner.bnsdq.ozxfs.fkiya.kvugl,1.4145659545330016
1759315761,44265,1,0,0,0,0,0,0,0,0,728662016,728662016,7921664,135168,105742336,6,foundryc,S (sleeping),learner.bnsdq.ozxfs.fkiya.kvugl,0.0
1759315761,44281,1,0,0,0,0,0,0,0,0,6979584,6979584,3346432,135168,278528,1,bash,S (sleeping),learner.bnsdq.ozxfs.fkiya.kvugl,0.0
1759315761,44318,44274,0,0,0,0,0,0,0,0,5492736,5492736,585728,135168,180224,1,sleep,S (sleeping),learner.bnsdq.ozxfs.fkiya.kvugl,0.0
1759315761,44276,1,0,0,0,0,0,0,0,0,6979584,6979584,3276800,135168,278528,1,bash,S (sleeping),learner.bnsdq.ozxfs.fkiya.kvugl,0.0
1759315761,43087,2,0,0,0,0,0,0,0,0,N/A,N/A,N/A,N/A,N/A,1,kworker/2,I (idle),learner.bnsdq.ozxfs.fkiya.kvugl,0.011370100464468761
1759315761,44319,44276,0,0,0,0,0,0,0,0,5492736,5492736,516096,135168,180224,1,sleep,S (sleeping),learner.bnsdq.ozxfs.fkiya.kvugl,0.0
1759315761,44320,44271,0,0,0,0,0,0,0,0,5492736,5492736,581632,135168,180224,1,sleep,S (sleeping),learner.bnsdq.ozxfs.fkiya.kvugl,0.0
1759315761,44271,1,0,0,0,0,0,0,0,0,6979584,6979584,3420160,135168,278528,1,bash,S (sleeping),learner.bnsdq.ozxfs.fkiya.kvugl,0.0
1759315761,43084,2,0,0,0,0,0,0,0,0,N/A,N/A,N/A,N/A,N/A,1,kworker/0,I (idle),learner.bnsdq.ozxfs.fkiya.kvugl,0.011369947525760073
1759315761,44316,44281,0,0,0,0,0,0,0,0,5492736,5492736,581632,135168,180224,1,sleep,S (sleeping),learner.bnsdq.ozxfs.fkiya.kvugl,0.0
1759315762,44317,44266,0,0,0,0,0,0,0,0,5492736,5492736,581632,135168,180224,1,sleep,S (sleeping),learner.bnsdq.ozxfs.fkiya.kvugl,0.0
1759315767,43195,1,0,0,0,0,0,0,0,0,1799233536,1732124672,24354816,135168,99774464,7,discern-interfa,S (sleeping),learner.bnsdq.ozxfs.fkiya.kvugl,0.022986840882108252
1759315767,44364,241,0,0,0,0,0,0,0,0,23040000,21975040,4083712,135168,724992,1,systemd-udevd,S (sleeping),learner.bnsdq.ozxfs.fkiya.kvugl,0.0
1759315767,43087,2,0,0,0,0,0,0,0,0,N/A,N/A,N/A,N/A,N/A,1,kworker/2,I (idle),learner.bnsdq.ozxfs.fkiya.kvugl,0.010751891269377716
1759315767,44353,1,101,101,101,101,102,102,102,102,16568320,16564224,7344128,135168,626688,1,systemd-network,S (sleeping),learner.bnsdq.ozxfs.fkiya.kvugl,1.1982780758429474
1759315767,43084,2,0,0,0,0,0,0,0,0,N/A,N/A,N/A,N/A,N/A,1,kworker/0,I (idle),learner.bnsdq.ozxfs.fkiya.kvugl,0.010751825176679592
1759315767,43214,2,0,0,0,0,0,0,0,0,N/A,N/A,N/A,N/A,N/A,1,kworker/3,I (idle),learner.bnsdq.ozxfs.fkiya.kvugl,0.011763636965363719
1759315772,44450,44394,0,0,0,0,0,0,0,0,5492736,5492736,577536,135168,180224,1,sleep,S (sleeping),learner.bnsdq.ozxfs.fkiya.kvugl,0.0
1759315772,44457,44402,0,0,0,0,0,0,0,0,5492736,5492736,577536,135168,180224,1,sleep,S (sleeping),learner.bnsdq.ozxfs.fkiya.kvugl,0.0
1759315772,44458,44399,0,0,0,0,0,0,0,0,5492736,5492736,512000,135168,180224,1,sleep,S (sleeping),learner.bnsdq.ozxfs.fkiya.kvugl,0.0
1759315772,43087,2,0,0,0,0,0,0,0,0,N/A,N/A,N/A,N/A,N/A,1,kworker/2,I (idle),learner.bnsdq.ozxfs.fkiya.kvugl,0.010201255639906577
1759315772,43195,1,0,0,0,0,0,0,0,0,1799233536,1732124672,24354816,135168,99774464,7,discern-interfa,S (sleeping),learner.bnsdq.ozxfs.fkiya.kvugl,0.021732657737327667
1759315772,44417,1,101,101,101,101,102,102,102,102,16568320,16564224,7557120,135168,626688,1,systemd-network,S (sleeping),learner.bnsdq.ozxfs.fkiya.kvugl,0.9954153960656429
1759315772,44394,1,0,0,0,0,0,0,0,0,6979584,6979584,3334144,135168,278528,1,bash,S (sleeping),learner.bnsdq.ozxfs.fkiya.kvugl,0.0
1759315772,43084,2,0,0,0,0,0,0,0,0,N/A,N/A,N/A,N/A,N/A,1,kworker/0,I (idle),learner.bnsdq.ozxfs.fkiya.kvugl,0.010201157284694236
1759315772,44406,1,0,0,0,0,0,0,0,0,6979584,6979584,3354624,135168,278528,1,bash,S (sleeping),learner.bnsdq.ozxfs.fkiya.kvugl,0.0
1759315772,43214,2,0,0,0,0,0,0,0,0,N/A,N/A,N/A,N/A,N/A,1,kworker/3,I (idle),learner.bnsdq.ozxfs.fkiya.kvugl,0.011107586494713943
1759315772,44455,44409,0,0,0,0,0,0,0,0,5492736,5492736,585728,135168,180224,1,sleep,S (sleeping),learner.bnsdq.ozxfs.fkiya.kvugl,0.0
1759315772,44402,1,0,0,0,0,0,0,0,0,6979584,6979584,3252224,135168,278528,1,bash,S (sleeping),learner.bnsdq.ozxfs.fkiya.kvugl,0.0
1759315772,44399,1,0,0,0,0,0,0,0,0,6979584,6979584,3330048,135168,278528,1,bash,S (sleeping),learner.bnsdq.ozxfs.fkiya.kvugl,0.0
1759315772,44393,1,0,0,0,0,0,0,0,0,728399872,728399872,7925760,135168,105480192,6,foundryc,S (sleeping),learner.bnsdq.ozxfs.fkiya.kvugl,0.0
1759315772,44409,1,0,0,0,0,0,0,0,0,6979584,6979584,3330048,135168,278528,1,bash,S (sleeping),learner.bnsdq.ozxfs.fkiya.kvugl,0.0
1759315772,44456,44406,0,0,0,0,0,0,0,0,5492736,5492736,577536,135168,180224,1,sleep,S (sleeping),learner.bnsdq.ozxfs.fkiya.kvugl,0.0
1759315777,44548,1,101,101,101,101,102,102,102,102,16568320,16564224,7442432,135168,626688,1,systemd-network,S (sleeping),learner.bnsdq.ozxfs.fkiya.kvugl,5.555874447315847
1759315777,44543,44525,0,0,0,0,0,0,0,0,5492736,5492736,512000,135168,180224,1,sleep,S (sleeping),learner.bnsdq.ozxfs.fkiya.kvugl,0.0
1759315777,44545,44537,0,0,0,0,0,0,0,0,5492736,5492736,520192,135168,180224,1,sleep,S (sleeping),learner.bnsdq.ozxfs.fkiya.kvugl,0.0
1759315777,44547,44539,0,0,0,0,0,0,0,0,5492736,5492736,581632,135168,180224,1,sleep,S (sleeping),learner.bnsdq.ozxfs.fkiya.kvugl,0.0
1759315777,44533,1,0,0,0,0,0,0,0,0,6979584,6979584,3305472,135168,278528,1,bash,S (sleeping),learner.bnsdq.ozxfs.fkiya.kvugl,0.0
1759315777,44525,1,0,0,0,0,0,0,0,0,6979584,6979584,3346432,135168,278528,1,bash,S (sleeping),learner.bnsdq.ozxfs.fkiya.kvugl,0.0
1759315777,44546,44533,0,0,0,0,0,0,0,0,5492736,5492736,516096,135168,180224,1,sleep,S (sleeping),learner.bnsdq.ozxfs.fkiya.kvugl,0.0
1759315777,43087,2,0,0,0,0,0,0,0,0,N/A,N/A,N/A,N/A,N/A,1,kworker/2,I (idle),learner.bnsdq.ozxfs.fkiya.kvugl,0.019402049282341283
1759315777,44539,1,0,0,0,0,0,0,0,0,6979584,6979584,3391488,135168,278528,1,bash,S (sleeping),learner.bnsdq.ozxfs.fkiya.kvugl,0.0
1759315777,44544,44530,0,0,0,0,0,0,0,0,5492736,5492736,516096,135168,180224,1,sleep,S (sleeping),learner.bnsdq.ozxfs.fkiya.kvugl,0.0
1759315777,44530,1,0,0,0,0,0,0,0,0,6979584,6979584,3248128,135168,278528,1,bash,S (sleeping),learner.bnsdq.ozxfs.fkiya.kvugl,0.0
1759315777,44524,1,0,0,0,0,0,0,0,0,728662016,728662016,7925760,135168,105742336,6,foundryc,S (sleeping),learner.bnsdq.ozxfs.fkiya.kvugl,0.0
1759315777,43084,2,0,0,0,0,0,0,0,0,N/A,N/A,N/A,N/A,N/A,1,kworker/0,I (idle),learner.bnsdq.ozxfs.fkiya.kvugl,0.009700890822532929
1759315777,43214,2,0,0,0,0,0,0,0,0,N/A,N/A,N/A,N/A,N/A,1,kworker/3,I (idle),learner.bnsdq.ozxfs.fkiya.kvugl,0.010517064706357115
1759315777,43195,1,0,0,0,0,0,0,0,0,1799233536,1732124672,24354816,135168,99774464,7,discern-interfa,S (sleeping),learner.bnsdq.ozxfs.fkiya.kvugl,0.020600753377474065
1759315777,44537,1,0,0,0,0,0,0,0,0,6979584,6979584,3305472,135168,278528,1,bash,S (sleeping),learner.bnsdq.ozxfs.fkiya.kvugl,0.0
1759315782,43214,2,0,0,0,0,0,0,0,0,N/A,N/A,N/A,N/A,N/A,1,kworker/3,I (idle),learner.bnsdq.ozxfs.fkiya.kvugl,0.009986695570964451
1759315782,44598,44530,0,0,0,0,0,0,0,0,5492736,5492736,512000,135168,180224,1,sleep,S (sleeping),learner.bnsdq.ozxfs.fkiya.kvugl,0.0
1759315782,44596,44525,0,0,0,0,0,0,0,0,5492736,5492736,577536,135168,180224,1,sleep,S (sleeping),learner.bnsdq.ozxfs.fkiya.kvugl,0.0
1759315782,43087,2,0,0,0,0,0,0,0,0,N/A,N/A,N/A,N/A,N/A,1,kworker/2,I (idle),learner.bnsdq.ozxfs.fkiya.kvugl,0.018495619339165468
1759315782,44530,1,0,0,0,0,0,0,0,0,6979584,6979584,3325952,135168,278528,1,bash,S (sleeping),learner.bnsdq.ozxfs.fkiya.kvugl,0.0
1759315782,44533,1,0,0,0,0,0,0,0,0,6979584,6979584,3313664,135168,278528,1,bash,S (sleeping),learner.bnsdq.ozxfs.fkiya.kvugl,0.0
1759315782,44595,44539,0,0,0,0,0,0,0,0,5492736,5492736,577536,135168,180224,1,sleep,S (sleeping),learner.bnsdq.ozxfs.fkiya.kvugl,0.0
1759315782,44597,44537,0,0,0,0,0,0,0,0,5492736,5492736,581632,135168,180224,1,sleep,S (sleeping),learner.bnsdq.ozxfs.fkiya.kvugl,0.0
1759315782,43084,2,0,0,0,0,0,0,0,0,N/A,N/A,N/A,N/A,N/A,1,kworker/0,I (idle),learner.bnsdq.ozxfs.fkiya.kvugl,0.009247742376671931
1759315782,44539,1,0,0,0,0,0,0,0,0,6979584,6979584,3477504,135168,278528,1,bash,S (sleeping),learner.bnsdq.ozxfs.fkiya.kvugl,0.0
1759315782,44599,44533,0,0,0,0,0,0,0,0,5492736,5492736,581632,135168,180224,1,sleep,S (sleeping),learner.bnsdq.ozxfs.fkiya.kvugl,0.0
1759315782,44612,1,101,101,101,101,102,102,102,102,16568320,16564224,7372800,135168,626688,1,systemd-network,S (sleeping),learner.bnsdq.ozxfs.fkiya.kvugl,5.286420901205671
1759315782,43195,1,0,0,0,0,0,0,0,0,1799233536,1732124672,24354816,135168,99774464,7,discern-interfa,S (sleeping),learner.bnsdq.ozxfs.fkiya.kvugl,0.019581894782983417
1759315782,44537,1,0,0,0,0,0,0,0,0,6979584,6979584,3391488,135168,278528,1,bash,S (sleeping),learner.bnsdq.ozxfs.fkiya.kvugl,0.0
1759315782,44525,1,0,0,0,0,0,0,0,0,6979584,6979584,3350528,135168,278528,1,bash,S (sleeping),learner.bnsdq.ozxfs.fkiya.kvugl,0.0
1759315782,44623,241,0,0,0,0,0,0,0,0,23040000,21975040,4083712,135168,724992,1,systemd-udevd,S (sleeping),learner.bnsdq.ozxfs.fkiya.kvugl,0.0
1759315787,44650,1,0,0,0,0,0,0,0,0,728399872,728399872,7925760,135168,105480192,6,foundryc,S (sleeping),learner.bnsdq.ozxfs.fkiya.kvugl,0.0
1759315787,44684,44657,0,0,0,0,0,0,0,0,5492736,5492736,581632,135168,180224,1,sleep,S (sleeping),learner.bnsdq.ozxfs.fkiya.kvugl,0.0
1759315787,44662,1,0,0,0,0,0,0,0,0,6979584,6979584,3477504,135168,278528,1,bash,S (sleeping),learner.bnsdq.ozxfs.fkiya.kvugl,0.0
1759315787,44665,1,0,0,0,0,0,0,0,0,6979584,6979584,3256320,135168,278528,1,bash,S (sleeping),learner.bnsdq.ozxfs.fkiya.kvugl,0.0
1759315787,44651,1,0,0,0,0,0,0,0,0,6979584,6979584,3334144,135168,278528,1,bash,S (sleeping),learner.bnsdq.ozxfs.fkiya.kvugl,0.0
1759315787,43084,2,0,0,0,0,0,0,0,0,N/A,N/A,N/A,N/A,N/A,1,kworker/0,I (idle),learner.bnsdq.ozxfs.fkiya.kvugl,0.008834879461436346
1759315787,43087,2,0,0,0,0,0,0,0,0,N/A,N/A,N/A,N/A,N/A,1,kworker/2,I (idle),learner.bnsdq.ozxfs.fkiya.kvugl,0.017669713397667992
1759315787,44681,44651,0,0,0,0,0,0,0,0,5492736,5492736,512000,135168,180224,1,sleep,S (sleeping),learner.bnsdq.ozxfs.fkiya.kvugl,0.0
1759315787,44657,1,0,0,0,0,0,0,0,0,6979584,6979584,3313664,135168,278528,1,bash,S (sleeping),learner.bnsdq.ozxfs.fkiya.kvugl,0.0
1759315787,44682,44660,0,0,0,0,0,0,0,0,5492736,5492736,581632,135168,180224,1,sleep,S (sleeping),learner.bnsdq.ozxfs.fkiya.kvugl,0.0
1759315787,44683,44665,0,0,0,0,0,0,0,0,5492736,5492736,581632,135168,180224,1,sleep,S (sleeping),learner.bnsdq.ozxfs.fkiya.kvugl,0.0
1759315787,43214,2,0,0,0,0,0,0,0,0,N/A,N/A,N/A,N/A,N/A,1,kworker/3,I (idle),learner.bnsdq.ozxfs.fkiya.kvugl,0.009506633931382435
1759315787,43195,1,0,0,0,0,0,0,0,0,1799233536,1732124672,24354816,135168,99774464,7,discern-interfa,S (sleeping),learner.bnsdq.ozxfs.fkiya.kvugl,0.018658449612608388
1759315787,44660,1,0,0,0,0,0,0,0,0,6979584,6979584,3309568,135168,278528,1,bash,S (sleeping),learner.bnsdq.ozxfs.fkiya.kvugl,0.0
1759315787,44674,1,101,101,101,101,102,102,102,102,16568320,16564224,7540736,135168,626688,1,systemd-network,S (sleeping),learner.bnsdq.ozxfs.fkiya.kvugl,2.7388717607888062
1759315787,44685,44662,0,0,0,0,0,0,0,0,5492736,5492736,520192,135168,180224,1,sleep,S (sleeping),learner.bnsdq.ozxfs.fkiya.kvugl,0.0
1759315792,44738,1,101,101,101,101,102,102,102,102,16568320,16564224,7450624,135168,626688,1,systemd-network,S (sleeping),learner.bnsdq.ozxfs.fkiya.kvugl,2.669941023005258
1759315792,43087,2,0,0,0,0,0,0,0,0,N/A,N/A,N/A,N/A,N/A,1,kworker/2,I (idle),learner.bnsdq.ozxfs.fkiya.kvugl,0.016913673713457308
1759315792,43084,2,0,0,0,0,0,0,0,0,N/A,N/A,N/A,N/A,N/A,1,kworker/0,I (idle),learner.bnsdq.ozxfs.fkiya.kvugl,0.008456817888600431
1759315792,43214,2,0,0,0,0,0,0,0,0,N/A,N/A,N/A,N/A,N/A,1,kworker/3,I (idle),learner.bnsdq.ozxfs.fkiya.kvugl,0.009070453904118496
1759315792,43195,1,0,0,0,0,0,0,0,0,1799233536,1732124672,24354816,135168,99774464,7,discern-interfa,S (sleeping),learner.bnsdq.ozxfs.fkiya.kvugl,0.017817632513332095
1759315792,44750,241,0,0,0,0,0,0,0,0,23040000,21975040,4079616,135168,724992,1,systemd-udevd,S (sleeping),learner.bnsdq.ozxfs.fkiya.kvugl,0.0
1759315797,44780,1,0,0,0,0,0,0,0,0,728399872,728399872,7925760,135168,105480192,6,foundryc,S (sleeping),learner.bnsdq.ozxfs.fkiya.kvugl,0.0
1759315797,44821,44793,0,0,0,0,0,0,0,0,5492736,5492736,581632,135168,180224,1,sleep,S (sleeping),learner.bnsdq.ozxfs.fkiya.kvugl,0.0
1759315797,43084,2,0,0,0,0,0,0,0,0,N/A,N/A,N/A,N/A,N/A,1,kworker/0,I (idle),learner.bnsdq.ozxfs.fkiya.kvugl,0.008112066106250378
1759315797,44789,1,0,0,0,0,0,0,0,0,6979584,6979584,3256320,135168,278528,1,bash,S (sleeping),learner.bnsdq.ozxfs.fkiya.kvugl,0.0
1759315797,44794,1,0,0,0,0,0,0,0,0,6979584,6979584,3428352,135168,278528,1,bash,S (sleeping),learner.bnsdq.ozxfs.fkiya.kvugl,0.0
1759315797,44824,44789,0,0,0,0,0,0,0,0,5492736,5492736,512000,135168,180224,1,sleep,S (sleeping),learner.bnsdq.ozxfs.fkiya.kvugl,0.0
1759315797,44786,1,0,0,0,0,0,0,0,0,6979584,6979584,3330048,135168,278528,1,bash,S (sleeping),learner.bnsdq.ozxfs.fkiya.kvugl,0.0
1759315797,43214,2,0,0,0,0,0,0,0,0,N/A,N/A,N/A,N/A,N/A,1,kworker/3,I (idle),learner.bnsdq.ozxfs.fkiya.kvugl,0.008674937294842965
1759315797,44825,44786,0,0,0,0,0,0,0,0,5492736,5492736,516096,135168,180224,1,sleep,S (sleeping),learner.bnsdq.ozxfs.fkiya.kvugl,0.0
1759315797,44822,44781,0,0,0,0,0,0,0,0,5492736,5492736,581632,135168,180224,1,sleep,S (sleeping),learner.bnsdq.ozxfs.fkiya.kvugl,0.0
1759315797,43195,1,0,0,0,0,0,0,0,0,1799233536,1732124672,24354816,135168,99774464,7,discern-interfa,S (sleeping),learner.bnsdq.ozxfs.fkiya.kvugl,0.017053858605533486
1759315797,43087,2,0,0,0,0,0,0,0,0,N/A,N/A,N/A,N/A,N/A,1,kworker/2,I (idle),learner.bnsdq.ozxfs.fkiya.kvugl,0.0162237886104868
1759315797,44793,1,0,0,0,0,0,0,0,0,6979584,6979584,3428352,135168,278528,1,bash,S (sleeping),learner.bnsdq.ozxfs.fkiya.kvugl,0.0
1759315797,44804,1,101,101,101,101,102,102,102,102,16568320,16564224,7446528,135168,626688,1,systemd-network,S (sleeping),learner.bnsdq.ozxfs.fkiya.kvugl,1.8313056900537248
1759315797,44781,1,0,0,0,0,0,0,0,0,6979584,6979584,3301376,135168,278528,1,bash,S (sleeping),learner.bnsdq.ozxfs.fkiya.kvugl,0.0
1759315797,44823,44794,0,0,0,0,0,0,0,0,5492736,5492736,516096,135168,180224,1,sleep,S (sleeping),learner.bnsdq.ozxfs.fkiya.kvugl,0.0
1759315802,43214,2,0,0,0,0,0,0,0,0,N/A,N/A,N/A,N/A,N/A,1,kworker/3,I (idle),learner.bnsdq.ozxfs.fkiya.kvugl,0.008310484688675068
1759315802,44908,44907,105,105,105,105,65534,65534,65534,65534,13672448,13672448,4694016,135168,737280,1,sshd,S (sleeping),learner.bnsdq.ozxfs.fkiya.kvugl,0.0
1759315802,44907,2699,0,0,0,0,0,0,0,0,14618624,14618624,8302592,135168,962560,1,sshd,S (sleeping),learner.bnsdq.ozxfs.fkiya.kvugl,1.5031738625477182
1759315802,44868,1,101,101,101,101,102,102,102,102,16568320,16564224,7454720,135168,626688,1,systemd-network,S (sleeping),learner.bnsdq.ozxfs.fkiya.kvugl,1.80136928329975
1759315802,44879,241,0,0,0,0,0,0,0,0,23040000,21975040,4079616,135168,724992,1,systemd-udevd,S (sleeping),learner.bnsdq.ozxfs.fkiya.kvugl,0.0
1759315802,43087,2,0,0,0,0,0,0,0,0,N/A,N/A,N/A,N/A,N/A,1,kworker/2,I (idle),learner.bnsdq.ozxfs.fkiya.kvugl,0.02337697399431589
1759315802,43084,2,0,0,0,0,0,0,0,0,N/A,N/A,N/A,N/A,N/A,1,kworker/0,I (idle),learner.bnsdq.ozxfs.fkiya.kvugl,0.015584618450648822
1759315802,43195,1,0,0,0,0,0,0,0,0,1799233536,1732124672,24354816,135168,99774464,7,discern-interfa,S (sleeping),learner.bnsdq.ozxfs.fkiya.kvugl,0.016348956924753653
1759315807,43084,2,0,0,0,0,0,0,0,0,N/A,N/A,N/A,N/A,N/A,1,kworker/0,I (idle),learner.bnsdq.ozxfs.fkiya.kvugl,0.014997199320418061
1759315807,44955,1,101,101,101,101,102,102,102,102,16568320,16564224,7528448,135168,626688,1,systemd-network,S (sleeping),learner.bnsdq.ozxfs.fkiya.kvugl,1.3766120984039756
1759315807,44984,44932,0,0,0,0,0,0,0,0,5492736,5492736,520192,135168,180224,1,sleep,S (sleeping),learner.bnsdq.ozxfs.fkiya.kvugl,0.0
1759315807,44932,1,0,0,0,0,0,0,0,0,6979584,6979584,3248128,135168,278528,1,bash,S (sleeping),learner.bnsdq.ozxfs.fkiya.kvugl,0.0
1759315807,44937,1,0,0,0,0,0,0,0,0,6979584,6979584,3330048,135168,278528,1,bash,S (sleeping),learner.bnsdq.ozxfs.fkiya.kvugl,0.0
1759315807,44946,1,0,0,0,0,0,0,0,0,6979584,6979584,3297280,135168,278528,1,bash,S (sleeping),learner.bnsdq.ozxfs.fkiya.kvugl,0.0
1759315807,44982,44946,0,0,0,0,0,0,0,0,5492736,5492736,577536,135168,180224,1,sleep,S (sleeping),learner.bnsdq.ozxfs.fkiya.kvugl,0.0
1759315807,44985,44944,0,0,0,0,0,0,0,0,5492736,5492736,512000,135168,180224,1,sleep,S (sleeping),learner.bnsdq.ozxfs.fkiya.kvugl,0.0
1759315807,43087,2,0,0,0,0,0,0,0,0,N/A,N/A,N/A,N/A,N/A,1,kworker/2,I (idle),learner.bnsdq.ozxfs.fkiya.kvugl,0.022495401019632252
1759315807,43195,1,0,0,0,0,0,0,0,0,1799233536,1732124672,24354816,135168,99774464,7,discern-interfa,S (sleeping),learner.bnsdq.ozxfs.fkiya.kvugl,0.015703409784327448
1759315807,44944,1,0,0,0,0,0,0,0,0,6979584,6979584,3371008,135168,278528,1,bash,S (sleeping),learner.bnsdq.ozxfs.fkiya.kvugl,0.0
1759315807,44983,44937,0,0,0,0,0,0,0,0,5492736,5492736,581632,135168,180224,1,sleep,S (sleeping),learner.bnsdq.ozxfs.fkiya.kvugl,0.0
1759315807,44910,1,1001,1001,1001,1001,1001,1001,1001,1001,15544320,15511552,8519680,135168,729088,1,systemd,S (sleeping),learner.bnsdq.ozxfs.fkiya.kvugl,1.1190359615304555
1759315807,44940,1,0,0,0,0,0,0,0,0,6979584,6979584,3317760,135168,278528,1,bash,S (sleeping),learner.bnsdq.ozxfs.fkiya.kvugl,0.0
1759315807,44911,44910,1001,1001,1001,1001,1001,1001,1001,1001,172527616,172527616,3653632,1056768,20037632,1,(sd-pam),S (sleeping),learner.bnsdq.ozxfs.fkiya.kvugl,0.0
1759315807,44931,1,0,0,0,0,0,0,0,0,728662016,728662016,10022912,135168,105742336,6,foundryc,S (sleeping),learner.bnsdq.ozxfs.fkiya.kvugl,0.0
1759315807,44986,44940,0,0,0,0,0,0,0,0,5492736,5492736,516096,135168,180224,1,sleep,S (sleeping),learner.bnsdq.ozxfs.fkiya.kvugl,0.0
1759315807,43214,2,0,0,0,0,0,0,0,0,N/A,N/A,N/A,N/A,N/A,1,kworker/3,I (idle),learner.bnsdq.ozxfs.fkiya.kvugl,0.007976742360602784
1759315812,45019,1,101,101,101,101,102,102,102,102,16568320,16564224,7315456,135168,626688,1,systemd-network,S (sleeping),learner.bnsdq.ozxfs.fkiya.kvugl,1.356241357764471
1759315812,45031,241,0,0,0,0,0,0,0,0,23040000,21975040,4079616,135168,724992,1,systemd-udevd,S (sleeping),learner.bnsdq.ozxfs.fkiya.kvugl,0.0
1759315812,44910,1,1001,1001,1001,1001,1001,1001,1001,1001,15544320,15511552,8519680,135168,729088,1,systemd,S (sleeping),learner.bnsdq.ozxfs.fkiya.kvugl,0.5755618068389252
1759315812,44911,44910,1001,1001,1001,1001,1001,1001,1001,1001,172527616,172527616,3653632,1056768,20037632,1,(sd-pam),S (sleeping),learner.bnsdq.ozxfs.fkiya.kvugl,0.0
1759315812,43084,2,0,0,0,0,0,0,0,0,N/A,N/A,N/A,N/A,N/A,1,kworker/0,I (idle),learner.bnsdq.ozxfs.fkiya.kvugl,0.014448237164268263
1759315812,43195,1,0,0,0,0,0,0,0,0,1799233536,1732124672,24354816,135168,99774464,7,discern-interfa,S (sleeping),learner.bnsdq.ozxfs.fkiya.kvugl,0.015102832359265708
1759315812,43087,2,0,0,0,0,0,0,0,0,N/A,N/A,N/A,N/A,N/A,1,kworker/2,I (idle),learner.bnsdq.ozxfs.fkiya.kvugl,0.02167226745362099
1759315812,43214,2,0,0,0,0,0,0,0,0,N/A,N/A,N/A,N/A,N/A,1,kworker/3,I (idle),learner.bnsdq.ozxfs.fkiya.kvugl,0.007667180027691643
1759315817,45061,1,0,0,0,0,0,0,0,0,728399872,728399872,7921664,135168,105480192,6,foundryc,S (sleeping),learner.bnsdq.ozxfs.fkiya.kvugl,0.0
1759315817,45062,1,0,0,0,0,0,0,0,0,6979584,6979584,3149824,135168,278528,1,bash,S (sleeping),learner.bnsdq.ozxfs.fkiya.kvugl,0.0
1759315817,45119,45070,0,0,0,0,0,0,0,0,7221248,7221248,757760,135168,204800,1,systemctl,R (running),learner.bnsdq.ozxfs.fkiya.kvugl,0.0
1759315817,45070,1,0,0,0,0,0,0,0,0,6979584,6979584,3211264,135168,278528,1,bash,S (sleeping),learner.bnsdq.ozxfs.fkiya.kvugl,0.0
1759315817,45075,1,0,0,0,0,0,0,0,0,6979584,6979584,3252224,135168,278528,1,bash,S (sleeping),learner.bnsdq.ozxfs.fkiya.kvugl,0.0
1759315817,43084,2,0,0,0,0,0,0,0,0,N/A,N/A,N/A,N/A,N/A,1,kworker/0,I (idle),learner.bnsdq.ozxfs.fkiya.kvugl,0.013941290537817787
1759315817,45085,1,101,101,101,101,102,102,102,102,16568320,16564224,7475200,135168,626688,1,systemd-network,S (sleeping),learner.bnsdq.ozxfs.fkiya.kvugl,1.345570299485129
1759315817,43195,1,0,0,0,0,0,0,0,0,1799233536,1732124672,24354816,135168,99774464,7,discern-interfa,S (sleeping),learner.bnsdq.ozxfs.fkiya.kvugl,0.014549676234115648
1759315817,45118,45062,0,0,0,0,0,0,0,0,10379264,10379264,1175552,135168,294912,1,systemctl,S (sleeping),learner.bnsdq.ozxfs.fkiya.kvugl,0.0
1759315817,45073,1,0,0,0,0,0,0,0,0,6979584,6979584,3346432,135168,278528,1,bash,S (sleeping),learner.bnsdq.ozxfs.fkiya.kvugl,0.0
1759315817,43214,2,0,0,0,0,0,0,0,0,N/A,N/A,N/A,N/A,N/A,1,kworker/3,I (idle),learner.bnsdq.ozxfs.fkiya.kvugl,0.007382199454784886
1759315817,43087,2,0,0,0,0,0,0,0,0,N/A,N/A,N/A,N/A,N/A,1,kworker/2,I (idle),learner.bnsdq.ozxfs.fkiya.kvugl,0.02091156719769239
1759315817,45067,1,0,0,0,0,0,0,0,0,6979584,6979584,3416064,135168,278528,1,bash,S (sleeping),learner.bnsdq.ozxfs.fkiya.kvugl,0.0
1759315817,45117,45073,0,0,0,0,0,0,0,0,10379264,10379264,1245184,135168,294912,1,systemctl,S (sleeping),learner.bnsdq.ozxfs.fkiya.kvugl,0.0
1759315817,45120,45067,0,0,0,0,0,0,0,0,10379264,10379264,1249280,135168,294912,1,systemctl,S (sleeping),learner.bnsdq.ozxfs.fkiya.kvugl,0.0
1759315822,45150,1,101,101,101,101,102,102,102,102,16568320,16564224,7467008,135168,626688,1,systemd-network,S (sleeping),learner.bnsdq.ozxfs.fkiya.kvugl,1.3300371401211388
1759315822,43195,1,0,0,0,0,0,0,0,0,1799233536,1732124672,24354816,135168,99774464,7,discern-interfa,S (sleeping),learner.bnsdq.ozxfs.fkiya.kvugl,0.014033959183640898
1759315822,43084,2,0,0,0,0,0,0,0,0,N/A,N/A,N/A,N/A,N/A,1,kworker/0,I (idle),learner.bnsdq.ozxfs.fkiya.kvugl,0.01346695047155378
1759315822,43214,2,0,0,0,0,0,0,0,0,N/A,N/A,N/A,N/A,N/A,1,kworker/3,I (idle),learner.bnsdq.ozxfs.fkiya.kvugl,0.007116829237521754
1759315822,43087,2,0,0,0,0,0,0,0,0,N/A,N/A,N/A,N/A,N/A,1,kworker/2,I (idle),learner.bnsdq.ozxfs.fkiya.kvugl,0.020200260642469596
1759315827,45213,1,101,101,101,101,102,102,102,102,16568320,16564224,7471104,135168,626688,1,systemd-network,S (sleeping),learner.bnsdq.ozxfs.fkiya.kvugl,1.084507869967239
1759315827,45203,1,0,0,0,0,0,0,0,0,6979584,6979584,3153920,135168,278528,1,bash,S (sleeping),learner.bnsdq.ozxfs.fkiya.kvugl,0.0
1759315827,45200,1,0,0,0,0,0,0,0,0,6979584,6979584,3158016,135168,278528,1,bash,S (sleeping),learner.bnsdq.ozxfs.fkiya.kvugl,0.0
1759315827,43084,2,0,0,0,0,0,0,0,0,N/A,N/A,N/A,N/A,N/A,1,kworker/0,I (idle),learner.bnsdq.ozxfs.fkiya.kvugl,0.013026486683617396
1759315827,45195,1,0,0,0,0,0,0,0,0,6979584,6979584,3354624,135168,278528,1,bash,S (sleeping),learner.bnsdq.ozxfs.fkiya.kvugl,0.0
1759315827,45198,1,0,0,0,0,0,0,0,0,6979584,6979584,3252224,135168,278528,1,bash,S (sleeping),learner.bnsdq.ozxfs.fkiya.kvugl,0.0
1759315827,43087,2,0,0,0,0,0,0,0,0,N/A,N/A,N/A,N/A,N/A,1,kworker/2,I (idle),learner.bnsdq.ozxfs.fkiya.kvugl,0.019539622229839678
1759315827,45246,45190,0,0,0,0,0,0,0,0,5492736,5492736,520192,135168,180224,1,sleep,S (sleeping),learner.bnsdq.ozxfs.fkiya.kvugl,0.0
1759315827,45252,45195,0,0,0,0,0,0,0,0,5492736,5492736,516096,135168,180224,1,sleep,S (sleeping),learner.bnsdq.ozxfs.fkiya.kvugl,0.0
1759315827,43214,2,0,0,0,0,0,0,0,0,N/A,N/A,N/A,N/A,N/A,1,kworker/3,I (idle),learner.bnsdq.ozxfs.fkiya.kvugl,0.006871194620264223
1759315827,45254,45198,0,0,0,0,0,0,0,0,5492736,5492736,516096,135168,180224,1,sleep,S (sleeping),learner.bnsdq.ozxfs.fkiya.kvugl,0.0
1759315827,45190,1,0,0,0,0,0,0,0,0,6979584,6979584,3272704,135168,278528,1,bash,S (sleeping),learner.bnsdq.ozxfs.fkiya.kvugl,0.0
1759315827,45251,45203,0,0,0,0,0,0,0,0,5492736,5492736,512000,135168,180224,1,sleep,S (sleeping),learner.bnsdq.ozxfs.fkiya.kvugl,0.0
1759315827,43195,1,0,0,0,0,0,0,0,0,1799233536,1732124672,24354816,135168,99774464,7,discern-interfa,S (sleeping),learner.bnsdq.ozxfs.fkiya.kvugl,0.013555988168095159
1759315827,45189,1,0,0,0,0,0,0,0,0,728662016,728662016,7925760,135168,105742336,6,foundryc,S (sleeping),learner.bnsdq.ozxfs.fkiya.kvugl,0.0
1759315827,45253,45200,0,0,0,0,0,0,0,0,5492736,5492736,516096,135168,180224,1,sleep,S (sleeping),learner.bnsdq.ozxfs.fkiya.kvugl,0.0
1759315832,43195,1,0,0,0,0,0,0,0,0,1799233536,1732124672,24354816,135168,99774464,7,discern-interfa,S (sleeping),learner.bnsdq.ozxfs.fkiya.kvugl,0.013106989227096286
1759315832,45333,1,0,0,0,0,0,0,0,0,6979584,6979584,3190784,135168,278528,1,bash,S (sleeping),learner.bnsdq.ozxfs.fkiya.kvugl,0.0
1759315832,45342,45333,0,0,0,0,0,0,0,0,5492736,5492736,577536,135168,180224,1,sleep,S (sleeping),learner.bnsdq.ozxfs.fkiya.kvugl,0.0
1759315832,43084,2,0,0,0,0,0,0,0,0,N/A,N/A,N/A,N/A,N/A,1,kworker/0,I (idle),learner.bnsdq.ozxfs.fkiya.kvugl,0.012611034198666706
1759315832,45327,1,0,0,0,0,0,0,0,0,6979584,6979584,3411968,135168,278528,1,bash,S (sleeping),learner.bnsdq.ozxfs.fkiya.kvugl,0.0
1759315832,45331,1,0,0,0,0,0,0,0,0,6979584,6979584,3219456,135168,278528,1,bash,S (sleeping),learner.bnsdq.ozxfs.fkiya.kvugl,0.0
1759315832,45338,45327,0,0,0,0,0,0,0,0,5492736,5492736,520192,135168,180224,1,sleep,S (sleeping),learner.bnsdq.ozxfs.fkiya.kvugl,0.0
1759315832,45318,1,0,0,0,0,0,0,0,0,728662016,728662016,10022912,135168,105742336,7,foundryc,S (sleeping),learner.bnsdq.ozxfs.fkiya.kvugl,0.0
1759315832,45319,1,0,0,0,0,0,0,0,0,6979584,6979584,3178496,135168,278528,1,bash,S (sleeping),learner.bnsdq.ozxfs.fkiya.kvugl,0.0
1759315832,45341,45331,0,0,0,0,0,0,0,0,5492736,5492736,516096,135168,180224,1,sleep,S (sleeping),learner.bnsdq.ozxfs.fkiya.kvugl,0.0
1759315832,45343,1,101,101,101,101,102,102,102,102,16568320,16564224,7458816,135168,626688,1,systemd-network,S (sleeping),learner.bnsdq.ozxfs.fkiya.kvugl,3.7657805150162393
1759315832,45324,1,0,0,0,0,0,0,0,0,6979584,6979584,3387392,135168,278528,1,bash,S (sleeping),learner.bnsdq.ozxfs.fkiya.kvugl,0.0
1759315832,45340,45319,0,0,0,0,0,0,0,0,5492736,5492736,507904,135168,180224,1,sleep,S (sleeping),learner.bnsdq.ozxfs.fkiya.kvugl,0.0
1759315832,43087,2,0,0,0,0,0,0,0,0,N/A,N/A,N/A,N/A,N/A,1,kworker/2,I (idle),learner.bnsdq.ozxfs.fkiya.kvugl,0.01891620824347263
1759315832,43214,2,0,0,0,0,0,0,0,0,N/A,N/A,N/A,N/A,N/A,1,kworker/3,I (idle),learner.bnsdq.ozxfs.fkiya.kvugl,0.006640352682736797
1759315832,45339,45324,0,0,0,0,0,0,0,0,5492736,5492736,516096,135168,180224,1,sleep,S (sleeping),learner.bnsdq.ozxfs.fkiya.kvugl,0.0
1759315837,45324,1,0,0,0,0,0,0,0,0,6979584,6979584,3411968,135168,278528,1,bash,S (sleeping),learner.bnsdq.ozxfs.fkiya.kvugl,0.0
1759315837,45327,1,0,0,0,0,0,0,0,0,6979584,6979584,3444736,135168,278528,1,bash,S (sleeping),learner.bnsdq.ozxfs.fkiya.kvugl,0.0
1759315837,45333,1,0,0,0,0,0,0,0,0,6979584,6979584,3260416,135168,278528,1,bash,S (sleeping),learner.bnsdq.ozxfs.fkiya.kvugl,0.0
1759315837,45407,1,101,101,101,101,102,102,102,102,16568320,16564224,7380992,135168,626688,1,systemd-network,S (sleeping),learner.bnsdq.ozxfs.fkiya.kvugl,4.25042661850752
1759315837,45390,45324,0,0,0,0,0,0,0,0,5492736,5492736,585728,135168,180224,1,sleep,S (sleeping),learner.bnsdq.ozxfs.fkiya.kvugl,0.0
1759315837,43214,2,0,0,0,0,0,0,0,0,N/A,N/A,N/A,N/A,N/A,1,kworker/3,I (idle),learner.bnsdq.ozxfs.fkiya.kvugl,0.012849552536356734
1759315837,43195,1,0,0,0,0,0,0,0,0,1799233536,1732124672,24354816,135168,99774464,7,discern-interfa,S (sleeping),learner.bnsdq.ozxfs.fkiya.kvugl,0.012686512488235753
1759315837,43087,2,0,0,0,0,0,0,0,0,N/A,N/A,N/A,N/A,N/A,1,kworker/2,I (idle),learner.bnsdq.ozxfs.fkiya.kvugl,0.018332030025011884
1759315837,45331,1,0,0,0,0,0,0,0,0,6979584,6979584,3227648,135168,278528,1,bash,S (sleeping),learner.bnsdq.ozxfs.fkiya.kvugl,0.0
1759315837,43084,2,0,0,0,0,0,0,0,0,N/A,N/A,N/A,N/A,N/A,1,kworker/0,I (idle),learner.bnsdq.ozxfs.fkiya.kvugl,0.01222131307586371
1759315837,45319,1,0,0,0,0,0,0,0,0,6979584,6979584,3248128,135168,278528,1,bash,S (sleeping),learner.bnsdq.ozxfs.fkiya.kvugl,0.0
1759315837,45418,241,0,0,0,0,0,0,0,0,23040000,21975040,4079616,135168,724992,1,systemd-udevd,S (sleeping),learner.bnsdq.ozxfs.fkiya.kvugl,0.0
1759315837,45391,45333,0,0,0,0,0,0,0,0,5492736,5492736,512000,135168,180224,1,sleep,S (sleeping),learner.bnsdq.ozxfs.fkiya.kvugl,0.0
1759315837,45393,45331,0,0,0,0,0,0,0,0,5492736,5492736,581632,135168,180224,1,sleep,S (sleeping),learner.bnsdq.ozxfs.fkiya.kvugl,0.0
1759315837,45392,45319,0,0,0,0,0,0,0,0,5492736,5492736,581632,135168,180224,1,sleep,S (sleeping),learner.bnsdq.ozxfs.fkiya.kvugl,0.0
1759315837,45394,45327,0,0,0,0,0,0,0,0,5492736,5492736,503808,135168,180224,1,sleep,S (sleeping),learner.bnsdq.ozxfs.fkiya.kvugl,0.0
1759315842,43195,1,0,0,0,0,0,0,0,0,1799233536,1732124672,24354816,135168,99774464,7,discern-interfa,S (sleeping),learner.bnsdq.ozxfs.fkiya.kvugl,0.012292208364036576
1759315842,45448,1,0,0,0,0,0,0,0,0,6979584,6979584,3305472,135168,278528,1,bash,S (sleeping),learner.bnsdq.ozxfs.fkiya.kvugl,0.0
1759315842,45456,1,0,0,0,0,0,0,0,0,6979584,6979584,3272704,135168,278528,1,bash,S (sleeping),learner.bnsdq.ozxfs.fkiya.kvugl,0.0
1759315842,45462,1,0,0,0,0,0,0,0,0,6979584,6979584,3211264,135168,278528,1,bash,S (sleeping),learner.bnsdq.ozxfs.fkiya.kvugl,0.0
1759315842,45482,45453,0,0,0,0,0,0,0,0,5492736,5492736,577536,135168,180224,1,sleep,S (sleeping),learner.bnsdq.ozxfs.fkiya.kvugl,0.0
1759315842,43084,2,0,0,0,0,0,0,0,0,N/A,N/A,N/A,N/A,N/A,1,kworker/0,I (idle),learner.bnsdq.ozxfs.fkiya.kvugl,0.011854934246596295
1759315842,45453,1,0,0,0,0,0,0,0,0,6979584,6979584,3280896,135168,278528,1,bash,S (sleeping),learner.bnsdq.ozxfs.fkiya.kvugl,0.0
1759315842,43087,2,0,0,0,0,0,0,0,0,N/A,N/A,N/A,N/A,N/A,1,kworker/2,I (idle),learner.bnsdq.ozxfs.fkiya.kvugl,0.017782342488339615
1759315842,45481,45462,0,0,0,0,0,0,0,0,5492736,5492736,516096,135168,180224,1,sleep,S (sleeping),learner.bnsdq.ozxfs.fkiya.kvugl,0.0
1759315842,45478,45448,0,0,0,0,0,0,0,0,5492736,5492736,516096,135168,180224,1,sleep,S (sleeping),learner.bnsdq.ozxfs.fkiya.kvugl,0.0
1759315842,45447,1,0,0,0,0,0,0,0,0,729841664,729841664,7729152,135168,106921984,6,foundryc,S (sleeping),learner.bnsdq.ozxfs.fkiya.kvugl,0.0
1759315842,45471,1,101,101,101,101,102,102,102,102,16568320,16564224,7360512,135168,626688,1,systemd-network,S (sleeping),learner.bnsdq.ozxfs.fkiya.kvugl,2.215743490017483
1759315842,45480,45456,0,0,0,0,0,0,0,0,5492736,5492736,512000,135168,180224,1,sleep,S (sleeping),learner.bnsdq.ozxfs.fkiya.kvugl,0.0
1759315842,43214,2,0,0,0,0,0,0,0,0,N/A,N/A,N/A,N/A,N/A,1,kworker/3,I (idle),learner.bnsdq.ozxfs.fkiya.kvugl,0.01244489768583716
1759315842,45479,45460,0,0,0,0,0,0,0,0,5492736,5492736,581632,135168,180224,1,sleep,S (sleeping),learner.bnsdq.ozxfs.fkiya.kvugl,0.0
1759315842,45460,1,0,0,0,0,0,0,0,0,6979584,6979584,3239936,135168,278528,1,bash,S (sleeping),learner.bnsdq.ozxfs.fkiya.kvugl,0.0
1759315847,45539,45538,1001,1001,1001,1001,1001,1001,1001,1001,172380160,172380160,3600384,1056768,19890176,1,(sd-pam),S (sleeping),learner.bnsdq.ozxfs.fkiya.kvugl,0.0
1759315847,45538,1,1001,1001,1001,1001,1001,1001,1001,1001,15544320,15544320,8470528,135168,761856,1,systemd,S (sleeping),learner.bnsdq.ozxfs.fkiya.kvugl,1.4488602407620903
1759315847,45568,241,0,0,0,0,0,0,0,0,23040000,21975040,4083712,135168,724992,1,systemd-udevd,S (sleeping),learner.bnsdq.ozxfs.fkiya.kvugl,0.0
1759315847,43084,2,0,0,0,0,0,0,0,0,N/A,N/A,N/A,N/A,N/A,1,kworker/0,I (idle),learner.bnsdq.ozxfs.fkiya.kvugl,0.011510040164449805
1759315847,43214,2,0,0,0,0,0,0,0,0,N/A,N/A,N/A,N/A,N/A,1,kworker/3,I (idle),learner.bnsdq.ozxfs.fkiya.kvugl,0.01206552031753412
1759315847,45542,1,101,101,101,101,102,102,102,102,16568320,16564224,7471104,135168,626688,1,systemd-network,S (sleeping),learner.bnsdq.ozxfs.fkiya.kvugl,2.1724095031190545
1759315847,43087,2,0,0,0,0,0,0,0,0,N/A,N/A,N/A,N/A,N/A,1,kworker/2,I (idle),learner.bnsdq.ozxfs.fkiya.kvugl,0.0172649777935284
1759315847,43195,1,0,0,0,0,0,0,0,0,1799233536,1732124672,24354816,135168,99774464,7,discern-interfa,S (sleeping),learner.bnsdq.ozxfs.fkiya.kvugl,0.011921618788319358
1759315852,45599,1,0,0,0,0,0,0,0,0,6979584,6979584,3223552,135168,278528,1,bash,S (sleeping),learner.bnsdq.ozxfs.fkiya.kvugl,0.0
1759315852,45604,1,0,0,0,0,0,0,0,0,6979584,6979584,3416064,135168,278528,1,bash,S (sleeping),learner.bnsdq.ozxfs.fkiya.kvugl,0.0
1759315852,45642,45604,0,0,0,0,0,0,0,0,5492736,5492736,577536,135168,180224,1,sleep,S (sleeping),learner.bnsdq.ozxfs.fkiya.kvugl,0.0
1759315852,45610,1,0,0,0,0,0,0,0,0,6979584,6979584,3244032,135168,278528,1,bash,S (sleeping),learner.bnsdq.ozxfs.fkiya.kvugl,0.0
1759315852,45622,1,101,101,101,101,102,102,102,102,16568320,16564224,7462912,135168,626688,1,systemd-network,S (sleeping),learner.bnsdq.ozxfs.fkiya.kvugl,1.7912025508008258
1759315852,45539,45538,1001,1001,1001,1001,1001,1001,1001,1001,172380160,172380160,3600384,1056768,19890176,1,(sd-pam),S (sleeping),learner.bnsdq.ozxfs.fkiya.kvugl,0.0
1759315852,43214,2,0,0,0,0,0,0,0,0,N/A,N/A,N/A,N/A,N/A,1,kworker/3,I (idle),learner.bnsdq.ozxfs.fkiya.kvugl,0.01171014977176723
1759315852,45612,1,0,0,0,0,0,0,0,0,6979584,6979584,3358720,135168,278528,1,bash,S (sleeping),learner.bnsdq.ozxfs.fkiya.kvugl,0.0
1759315852,43195,1,0,0,0,0,0,0,0,0,1799233536,1732124672,24354816,135168,99774464,7,discern-interfa,S (sleeping),learner.bnsdq.ozxfs.fkiya.kvugl,0.01157456829199737
1759315852,45640,45612,0,0,0,0,0,0,0,0,5492736,5492736,581632,135168,180224,1,sleep,S (sleeping),learner.bnsdq.ozxfs.fkiya.kvugl,0.0
1759315852,43084,2,0,0,0,0,0,0,0,0,N/A,N/A,N/A,N/A,N/A,1,kworker/0,I (idle),learner.bnsdq.ozxfs.fkiya.kvugl,0.011186108849699132
1759315852,45538,1,1001,1001,1001,1001,1001,1001,1001,1001,15544320,15544320,8470528,135168,761856,1,systemd,S (sleeping),learner.bnsdq.ozxfs.fkiya.kvugl,0.513250480448546
1759315852,45598,1,0,0,0,0,0,0,0,0,728137728,728137728,7864320,135168,105218048,6,foundryc,S (sleeping),learner.bnsdq.ozxfs.fkiya.kvugl,0.0
1759315852,45643,45599,0,0,0,0,0,0,0,0,5492736,5492736,581632,135168,180224,1,sleep,S (sleeping),learner.bnsdq.ozxfs.fkiya.kvugl,0.0
1759315852,43087,2,0,0,0,0,0,0,0,0,N/A,N/A,N/A,N/A,N/A,1,kworker/2,I (idle),learner.bnsdq.ozxfs.fkiya.kvugl,0.01677905762889796
1759315852,45641,45610,0,0,0,0,0,0,0,0,5492736,5492736,512000,135168,180224,1,sleep,S (sleeping),learner.bnsdq.ozxfs.fkiya.kvugl,0.0
1759315852,45607,1,0,0,0,0,0,0,0,0,6979584,6979584,3313664,135168,278528,1,bash,S (sleeping),learner.bnsdq.ozxfs.fkiya.kvugl,0.0
1759315852,45639,45607,0,0,0,0,0,0,0,0,5492736,5492736,512000,135168,180224,1,sleep,S (sleeping),learner.bnsdq.ozxfs.fkiya.kvugl,0.0
1759315857,45698,241,0,0,0,0,0,0,0,0,23040000,21975040,4079616,135168,724992,1,systemd-udevd,S (sleeping),learner.bnsdq.ozxfs.fkiya.kvugl,0.0
1759315857,43087,2,0,0,0,0,0,0,0,0,N/A,N/A,N/A,N/A,N/A,1,kworker/2,I (idle),learner.bnsdq.ozxfs.fkiya.kvugl,0.01631715798758995
1759315857,45686,1,101,101,101,101,102,102,102,102,16568320,16564224,7479296,135168,626688,1,systemd-network,S (sleeping),learner.bnsdq.ozxfs.fkiya.kvugl,2.100893478588086
1759315857,43214,2,0,0,0,0,0,0,0,0,N/A,N/A,N/A,N/A,N/A,1,kworker/3,I (idle),learner.bnsdq.ozxfs.fkiya.kvugl,0.011372926307473552
1759315857,43084,2,0,0,0,0,0,0,0,0,N/A,N/A,N/A,N/A,N/A,1,kworker/0,I (idle),learner.bnsdq.ozxfs.fkiya.kvugl,0.010878046977059113
1759315857,43195,1,0,0,0,0,0,0,0,0,1799233536,1732124672,24354816,135168,99774464,7,discern-interfa,S (sleeping),learner.bnsdq.ozxfs.fkiya.kvugl,0.011244999169076031
1759315862,43214,2,0,0,0,0,0,0,0,0,N/A,N/A,N/A,N/A,N/A,1,kworker/3,I (idle),learner.bnsdq.ozxfs.fkiya.kvugl,0.011057196617969538
1759315862,45751,1,101,101,101,101,102,102,102,102,16568320,16564224,7290880,135168,626688,1,systemd-network,S (sleeping),learner.bnsdq.ozxfs.fkiya.kvugl,1.8050661689526433
1759315862,45736,1,0,0,0,0,0,0,0,0,6979584,6979584,3235840,135168,278528,1,bash,S (sleeping),learner.bnsdq.ozxfs.fkiya.kvugl,0.0
1759315862,45727,1,0,0,0,0,0,0,0,0,728399872,728399872,7921664,135168,105480192,6,foundryc,S (sleeping),learner.bnsdq.ozxfs.fkiya.kvugl,0.0
1759315862,43087,2,0,0,0,0,0,0,0,0,N/A,N/A,N/A,N/A,N/A,1,kworker/2,I (idle),learner.bnsdq.ozxfs.fkiya.kvugl,0.02117759110184316
1759315862,43084,2,0,0,0,0,0,0,0,0,N/A,N/A,N/A,N/A,N/A,1,kworker/0,I (idle),learner.bnsdq.ozxfs.fkiya.kvugl,0.010588780176526012
1759315862,45728,1,0,0,0,0,0,0,0,0,6979584,6979584,3248128,135168,278528,1,bash,S (sleeping),learner.bnsdq.ozxfs.fkiya.kvugl,0.0
1759315862,45779,45728,0,0,0,0,0,0,0,0,5492736,5492736,520192,135168,180224,1,sleep,S (sleeping),learner.bnsdq.ozxfs.fkiya.kvugl,0.0
1759315862,45742,1,0,0,0,0,0,0,0,0,6979584,6979584,3227648,135168,278528,1,bash,S (sleeping),learner.bnsdq.ozxfs.fkiya.kvugl,0.0
1759315862,45782,45733,0,0,0,0,0,0,0,0,5492736,5492736,520192,135168,180224,1,sleep,S (sleeping),learner.bnsdq.ozxfs.fkiya.kvugl,0.0
1759315862,43195,1,0,0,0,0,0,0,0,0,1799233536,1732124672,24354816,135168,99774464,7,discern-interfa,S (sleeping),learner.bnsdq.ozxfs.fkiya.kvugl,0.010936095314963123
1759315862,45733,1,0,0,0,0,0,0,0,0,6979584,6979584,3272704,135168,278528,1,bash,S (sleeping),learner.bnsdq.ozxfs.fkiya.kvugl,0.0
1759315862,45778,45736,0,0,0,0,0,0,0,0,5492736,5492736,516096,135168,180224,1,sleep,S (sleeping),learner.bnsdq.ozxfs.fkiya.kvugl,0.0
1759315862,45780,45740,0,0,0,0,0,0,0,0,5492736,5492736,512000,135168,180224,1,sleep,S (sleeping),learner.bnsdq.ozxfs.fkiya.kvugl,0.0
1759315862,45740,1,0,0,0,0,0,0,0,0,6979584,6979584,3203072,135168,278528,1,bash,S (sleeping),learner.bnsdq.ozxfs.fkiya.kvugl,0.0
1759315862,45781,45742,0,0,0,0,0,0,0,0,5492736,5492736,577536,135168,180224,1,sleep,S (sleeping),learner.bnsdq.ozxfs.fkiya.kvugl,0.0
1759315867,43214,2,0,0,0,0,0,0,0,0,N/A,N/A,N/A,N/A,N/A,1,kworker/3,I (idle),learner.bnsdq.ozxfs.fkiya.kvugl,0.010756673949372063
1759315867,43084,2,0,0,0,0,0,0,0,0,N/A,N/A,N/A,N/A,N/A,1,kworker/0,I (idle),learner.bnsdq.ozxfs.fkiya.kvugl,0.010312928352938547
1759315867,45815,1,101,101,101,101,102,102,102,102,16568320,16564224,7352320,135168,626688,1,systemd-network,S (sleeping),learner.bnsdq.ozxfs.fkiya.kvugl,1.526076846896282
1759315867,43087,2,0,0,0,0,0,0,0,0,N/A,N/A,N/A,N/A,N/A,1,kworker/2,I (idle),learner.bnsdq.ozxfs.fkiya.kvugl,0.02062579590024226
1759315867,43195,1,0,0,0,0,0,0,0,0,1799233536,1732124672,24354816,135168,99774464,7,discern-interfa,S (sleeping),learner.bnsdq.ozxfs.fkiya.kvugl,0.010642136347988197
1759315867,45827,241,0,0,0,0,0,0,0,0,23040000,21975040,4083712,135168,724992,1,systemd-udevd,S (sleeping),learner.bnsdq.ozxfs.fkiya.kvugl,0.0
1759315872,45879,1,101,101,101,101,102,102,102,102,16568320,16564224,7397376,135168,626688,1,systemd-network,S (sleeping),learner.bnsdq.ozxfs.fkiya.kvugl,1.2110982165416715
1759315872,45906,45863,0,0,0,0,0,0,0,0,5492736,5492736,585728,135168,180224,1,sleep,S (sleeping),learner.bnsdq.ozxfs.fkiya.kvugl,0.0
1759315872,45856,1,0,0,0,0,0,0,0,0,6979584,6979584,3239936,135168,278528,1,bash,S (sleeping),learner.bnsdq.ozxfs.fkiya.kvugl,0.0
1759315872,45909,45871,0,0,0,0,0,0,0,0,5492736,5492736,516096,135168,180224,1,sleep,S (sleeping),learner.bnsdq.ozxfs.fkiya.kvugl,0.0
1759315872,45855,1,0,0,0,0,0,0,0,0,728662016,728662016,10018816,135168,105742336,6,foundryc,S (sleeping),learner.bnsdq.ozxfs.fkiya.kvugl,0.0
1759315872,45871,1,0,0,0,0,0,0,0,0,6979584,6979584,3297280,135168,278528,1,bash,S (sleeping),learner.bnsdq.ozxfs.fkiya.kvugl,0.0
1759315872,43087,2,0,0,0,0,0,0,0,0,N/A,N/A,N/A,N/A,N/A,1,kworker/2,I (idle),learner.bnsdq.ozxfs.fkiya.kvugl,0.020104639333471404
1759315872,43195,1,0,0,0,0,0,0,0,0,1799233536,1732124672,24354816,135168,99774464,7,discern-interfa,S (sleeping),learner.bnsdq.ozxfs.fkiya.kvugl,0.010364871178452181
1759315872,45861,1,0,0,0,0,0,0,0,0,6979584,6979584,3256320,135168,278528,1,bash,S (sleeping),learner.bnsdq.ozxfs.fkiya.kvugl,0.0
1759315872,45863,1,0,0,0,0,0,0,0,0,6979584,6979584,3354624,135168,278528,1,bash,S (sleeping),learner.bnsdq.ozxfs.fkiya.kvugl,0.0
1759315872,43214,2,0,0,0,0,0,0,0,0,N/A,N/A,N/A,N/A,N/A,1,kworker/3,I (idle),learner.bnsdq.ozxfs.fkiya.kvugl,0.015710013123285623
1759315872,45868,1,0,0,0,0,0,0,0,0,6979584,6979584,3280896,135168,278528,1,bash,S (sleeping),learner.bnsdq.ozxfs.fkiya.kvugl,0.0
1759315873,43084,2,0,0,0,0,0,0,0,0,N/A,N/A,N/A,N/A,N/A,1,kworker/0,I (idle),learner.bnsdq.ozxfs.fkiya.kvugl,0.010052176984053826
1759315878,43214,2,0,0,0,0,0,0,0,0,N/A,N/A,N/A,N/A,N/A,1,kworker/3,I (idle),learner.bnsdq.ozxfs.fkiya.kvugl,0.015305785156875815
1759315878,45943,1,101,101,101,101,102,102,102,102,16568320,16564224,7397376,135168,626688,1,systemd-network,S (sleeping),learner.bnsdq.ozxfs.fkiya.kvugl,1.1988844794732532
1759315878,43087,2,0,0,0,0,0,0,0,0,N/A,N/A,N/A,N/A,N/A,1,kworker/2,I (idle),learner.bnsdq.ozxfs.fkiya.kvugl,0.019607367110557338
1759315878,43195,1,0,0,0,0,0,0,0,0,1799233536,1732124672,24354816,135168,99774464,7,discern-interfa,S (sleeping),learner.bnsdq.ozxfs.fkiya.kvugl,0.010100741322579132
1759315878,45955,241,0,0,0,0,0,0,0,0,23040000,21975040,4079616,135168,724992,1,systemd-udevd,S (sleeping),learner.bnsdq.ozxfs.fkiya.kvugl,0.0
1759315878,43084,2,0,0,0,0,0,0,0,0,N/A,N/A,N/A,N/A,N/A,1,kworker/0,I (idle),learner.bnsdq.ozxfs.fkiya.kvugl,0.009803638115509989
1759315883,46048,45985,0,0,0,0,0,0,0,0,5492736,5492736,520192,135168,180224,1,sleep,S (sleeping),learner.bnsdq.ozxfs.fkiya.kvugl,0.0
1759315883,45996,1,0,0,0,0,0,0,0,0,6979584,6979584,3330048,135168,278528,1,bash,S (sleeping),learner.bnsdq.ozxfs.fkiya.kvugl,0.0
1759315883,46000,1,0,0,0,0,0,0,0,0,6979584,6979584,3215360,135168,278528,1,bash,S (sleeping),learner.bnsdq.ozxfs.fkiya.kvugl,0.0
1759315883,46046,45996,0,0,0,0,0,0,0,0,5492736,5492736,581632,135168,180224,1,sleep,S (sleeping),learner.bnsdq.ozxfs.fkiya.kvugl,0.0
1759315883,45994,1,0,0,0,0,0,0,0,0,6979584,6979584,3248128,135168,278528,1,bash,S (sleeping),learner.bnsdq.ozxfs.fkiya.kvugl,0.0
1759315883,43084,2,0,0,0,0,0,0,0,0,N/A,N/A,N/A,N/A,N/A,1,kworker/0,I (idle),learner.bnsdq.ozxfs.fkiya.kvugl,0.009567825241165047
1759315883,43195,1,0,0,0,0,0,0,0,0,1799233536,1732124672,24354816,135168,99774464,7,discern-interfa,S (sleeping),learner.bnsdq.ozxfs.fkiya.kvugl,0.00985055818665495
1759315883,45985,1,0,0,0,0,0,0,0,0,6979584,6979584,3420160,135168,278528,1,bash,S (sleeping),learner.bnsdq.ozxfs.fkiya.kvugl,0.0
1759315883,46047,46000,0,0,0,0,0,0,0,0,5492736,5492736,516096,135168,180224,1,sleep,S (sleeping),learner.bnsdq.ozxfs.fkiya.kvugl,0.0
1759315883,45990,1,0,0,0,0,0,0,0,0,6979584,6979584,3379200,135168,278528,1,bash,S (sleeping),learner.bnsdq.ozxfs.fkiya.kvugl,0.0
1759315883,43087,2,0,0,0,0,0,0,0,0,N/A,N/A,N/A,N/A,N/A,1,kworker/2,I (idle),learner.bnsdq.ozxfs.fkiya.kvugl,0.01913552660786423
1759315883,43214,2,0,0,0,0,0,0,0,0,N/A,N/A,N/A,N/A,N/A,1,kworker/3,I (idle),learner.bnsdq.ozxfs.fkiya.kvugl,0.014922735533769731
1759315883,46008,1,101,101,101,101,102,102,102,102,16568320,16564224,7340032,135168,626688,1,systemd-network,S (sleeping),learner.bnsdq.ozxfs.fkiya.kvugl,0.994070907480098
1759315883,46045,45990,0,0,0,0,0,0,0,0,5492736,5492736,581632,135168,180224,1,sleep,S (sleeping),learner.bnsdq.ozxfs.fkiya.kvugl,0.0
1759315883,46049,45994,0,0,0,0,0,0,0,0,5492736,5492736,577536,135168,180224,1,sleep,S (sleeping),learner.bnsdq.ozxfs.fkiya.kvugl,0.0
1759315883,45984,1,0,0,0,0,0,0,0,0,728399872,728399872,7864320,135168,105480192,6,foundryc,S (sleeping),learner.bnsdq.ozxfs.fkiya.kvugl,0.0
1759315888,46131,46121,0,0,0,0,0,0,0,0,5492736,5492736,581632,135168,180224,1,sleep,S (sleeping),learner.bnsdq.ozxfs.fkiya.kvugl,0.0
1759315888,46121,1,0,0,0,0,0,0,0,0,6979584,6979584,3289088,135168,278528,1,bash,S (sleeping),learner.bnsdq.ozxfs.fkiya.kvugl,0.0
1759315888,46119,1,0,0,0,0,0,0,0,0,6979584,6979584,3219456,135168,278528,1,bash,S (sleeping),learner.bnsdq.ozxfs.fkiya.kvugl,0.0
1759315888,46124,1,0,0,0,0,0,0,0,0,6979584,6979584,3342336,135168,278528,1,bash,S (sleeping),learner.bnsdq.ozxfs.fkiya.kvugl,0.0
1759315888,43084,2,0,0,0,0,0,0,0,0,N/A,N/A,N/A,N/A,N/A,1,kworker/0,I (idle),learner.bnsdq.ozxfs.fkiya.kvugl,0.009341455568750627
1759315888,43195,1,0,0,0,0,0,0,0,0,1799233536,1732124672,24354816,135168,99774464,7,discern-interfa,S (sleeping),learner.bnsdq.ozxfs.fkiya.kvugl,0.009610779090954235
1759315888,46132,46119,0,0,0,0,0,0,0,0,5492736,5492736,577536,135168,180224,1,sleep,S (sleeping),learner.bnsdq.ozxfs.fkiya.kvugl,0.0
1759315888,46133,46124,0,0,0,0,0,0,0,0,5492736,5492736,516096,135168,180224,1,sleep,S (sleeping),learner.bnsdq.ozxfs.fkiya.kvugl,0.0
1759315888,46110,1,0,0,0,0,0,0,0,0,728662016,728662016,7925760,135168,105742336,6,foundryc,S (sleeping),learner.bnsdq.ozxfs.fkiya.kvugl,0.0
1759315888,46129,46111,0,0,0,0,0,0,0,0,5492736,5492736,512000,135168,180224,1,sleep,S (sleeping),learner.bnsdq.ozxfs.fkiya.kvugl,0.0
1759315888,43087,2,0,0,0,0,0,0,0,0,N/A,N/A,N/A,N/A,N/A,1,kworker/2,I (idle),learner.bnsdq.ozxfs.fkiya.kvugl,0.01868277111911771
1759315888,46134,1,101,101,101,101,102,102,102,102,16568320,16564224,7327744,135168,626688,1,systemd-network,S (sleeping),learner.bnsdq.ozxfs.fkiya.kvugl,4.54022673440105
1759315888,46116,1,0,0,0,0,0,0,0,0,6979584,6979584,3325952,135168,278528,1,bash,S (sleeping),learner.bnsdq.ozxfs.fkiya.kvugl,0.0
1759315888,43214,2,0,0,0,0,0,0,0,0,N/A,N/A,N/A,N/A,N/A,1,kworker/3,I (idle),learner.bnsdq.ozxfs.fkiya.kvugl,0.014555914353947125
1759315888,46130,46116,0,0,0,0,0,0,0,0,5492736,5492736,581632,135168,180224,1,sleep,S (sleeping),learner.bnsdq.ozxfs.fkiya.kvugl,0.0
1759315888,46111,1,0,0,0,0,0,0,0,0,6979584,6979584,3403776,135168,278528,1,bash,S (sleeping),learner.bnsdq.ozxfs.fkiya.kvugl,0.0
1759315893,46119,1,0,0,0,0,0,0,0,0,6979584,6979584,3235840,135168,278528,1,bash,S (sleeping),learner.bnsdq.ozxfs.fkiya.kvugl,0.0
1759315893,46181,46121,0,0,0,0,0,0,0,0,5492736,5492736,516096,135168,180224,1,sleep,S (sleeping),learner.bnsdq.ozxfs.fkiya.kvugl,0.0
1759315893,46121,1,0,0,0,0,0,0,0,0,6979584,6979584,3293184,135168,278528,1,bash,S (sleeping),learner.bnsdq.ozxfs.fkiya.kvugl,0.0
1759315893,46183,46124,0,0,0,0,0,0,0,0,5492736,5492736,585728,135168,180224,1,sleep,S (sleeping),learner.bnsdq.ozxfs.fkiya.kvugl,0.0
1759315893,46111,1,0,0,0,0,0,0,0,0,6979584,6979584,3424256,135168,278528,1,bash,S (sleeping),learner.bnsdq.ozxfs.fkiya.kvugl,0.0
1759315893,46182,46116,0,0,0,0,0,0,0,0,5492736,5492736,585728,135168,180224,1,sleep,S (sleeping),learner.bnsdq.ozxfs.fkiya.kvugl,0.0
1759315893,46211,241,0,0,0,0,0,0,0,0,23040000,21975040,4079616,135168,724992,1,systemd-udevd,S (sleeping),learner.bnsdq.ozxfs.fkiya.kvugl,0.0
1759315893,46198,1,101,101,101,101,102,102,102,102,16568320,16564224,7487488,135168,626688,1,systemd-network,S (sleeping),learner.bnsdq.ozxfs.fkiya.kvugl,5.177798091602907
1759315893,43214,2,0,0,0,0,0,0,0,0,N/A,N/A,N/A,N/A,N/A,1,kworker/3,I (idle),learner.bnsdq.ozxfs.fkiya.kvugl,0.014207295992363858
1759315893,46124,1,0,0,0,0,0,0,0,0,6979584,6979584,3350528,135168,278528,1,bash,S (sleeping),learner.bnsdq.ozxfs.fkiya.kvugl,0.0
1759315893,46116,1,0,0,0,0,0,0,0,0,6979584,6979584,3411968,135168,278528,1,bash,S (sleeping),learner.bnsdq.ozxfs.fkiya.kvugl,0.0
1759315893,43195,1,0,0,0,0,0,0,0,0,1799233536,1732124672,24354816,135168,99774464,7,discern-interfa,S (sleeping),learner.bnsdq.ozxfs.fkiya.kvugl,0.009382623900323643
1759315893,43084,2,0,0,0,0,0,0,0,0,N/A,N/A,N/A,N/A,N/A,1,kworker/0,I (idle),learner.bnsdq.ozxfs.fkiya.kvugl,0.009125742764216904
1759315893,46184,46119,0,0,0,0,0,0,0,0,5492736,5492736,577536,135168,180224,1,sleep,S (sleeping),learner.bnsdq.ozxfs.fkiya.kvugl,0.0
1759315893,46185,46111,0,0,0,0,0,0,0,0,5492736,5492736,516096,135168,180224,1,sleep,S (sleeping),learner.bnsdq.ozxfs.fkiya.kvugl,0.0
1759315893,43087,2,0,0,0,0,0,0,0,0,N/A,N/A,N/A,N/A,N/A,1,kworker/2,I (idle),learner.bnsdq.ozxfs.fkiya.kvugl,0.0228142533717761
1759315898,43087,2,0,0,0,0,0,0,0,0,N/A,N/A,N/A,N/A,N/A,1,kworker/2,I (idle),learner.bnsdq.ozxfs.fkiya.kvugl,0.02230033213606325
1759315898,46270,46240,0,0,0,0,0,0,0,0,5492736,5492736,585728,135168,180224,1,sleep,S (sleeping),learner.bnsdq.ozxfs.fkiya.kvugl,0.0
1759315898,43214,2,0,0,0,0,0,0,0,0,N/A,N/A,N/A,N/A,N/A,1,kworker/3,I (idle),learner.bnsdq.ozxfs.fkiya.kvugl,0.01387523626639925
1759315898,46240,1,0,0,0,0,0,0,0,0,6979584,6979584,3219456,135168,278528,1,bash,S (sleeping),learner.bnsdq.ozxfs.fkiya.kvugl,0.0
1759315898,46263,1,101,101,101,101,102,102,102,102,16568320,16564224,7471104,135168,626688,1,systemd-network,S (sleeping),learner.bnsdq.ozxfs.fkiya.kvugl,2.71115315581483
1759315898,46274,46250,0,0,0,0,0,0,0,0,5492736,5492736,585728,135168,180224,1,sleep,S (sleeping),learner.bnsdq.ozxfs.fkiya.kvugl,0.0
1759315898,43084,2,0,0,0,0,0,0,0,0,N/A,N/A,N/A,N/A,N/A,1,kworker/0,I (idle),learner.bnsdq.ozxfs.fkiya.kvugl,0.008920064780520067
1759315898,46245,1,0,0,0,0,0,0,0,0,6979584,6979584,3309568,135168,278528,1,bash,S (sleeping),learner.bnsdq.ozxfs.fkiya.kvugl,0.0
1759315898,46247,1,0,0,0,0,0,0,0,0,6979584,6979584,3411968,135168,278528,1,bash,S (sleeping),learner.bnsdq.ozxfs.fkiya.kvugl,0.0
1759315898,46271,46245,0,0,0,0,0,0,0,0,5492736,5492736,512000,135168,180224,1,sleep,S (sleeping),learner.bnsdq.ozxfs.fkiya.kvugl,0.0
1759315898,43195,1,0,0,0,0,0,0,0,0,1799233536,1732124672,24354816,135168,99774464,7,discern-interfa,S (sleeping),learner.bnsdq.ozxfs.fkiya.kvugl,0.009165284596611364
1759315898,46239,1,0,0,0,0,0,0,0,0,728662016,728662016,7921664,135168,105742336,6,foundryc,S (sleeping),learner.bnsdq.ozxfs.fkiya.kvugl,0.0
1759315898,46253,1,0,0,0,0,0,0,0,0,6979584,6979584,3457024,135168,278528,1,bash,S (sleeping),learner.bnsdq.ozxfs.fkiya.kvugl,0.0
1759315898,46272,46247,0,0,0,0,0,0,0,0,5492736,5492736,581632,135168,180224,1,sleep,S (sleeping),learner.bnsdq.ozxfs.fkiya.kvugl,0.0
1759315898,46273,46253,0,0,0,0,0,0,0,0,5492736,5492736,585728,135168,180224,1,sleep,S (sleeping),learner.bnsdq.ozxfs.fkiya.kvugl,0.0
1759315898,46250,1,0,0,0,0,0,0,0,0,6979584,6979584,3481600,135168,278528,1,bash,S (sleeping),learner.bnsdq.ozxfs.fkiya.kvugl,0.0
1759315903,43214,2,0,0,0,0,0,0,0,0,N/A,N/A,N/A,N/A,N/A,1,kworker/3,I (idle),learner.bnsdq.ozxfs.fkiya.kvugl,0.013558026763445316
1759315903,46339,241,0,0,0,0,0,0,0,0,23040000,21975040,4079616,135168,724992,1,systemd-udevd,S (sleeping),learner.bnsdq.ozxfs.fkiya.kvugl,0.0
1759315903,43087,2,0,0,0,0,0,0,0,0,N/A,N/A,N/A,N/A,N/A,1,kworker/2,I (idle),learner.bnsdq.ozxfs.fkiya.kvugl,0.02180818698743299
1759315903,43195,1,0,0,0,0,0,0,0,0,1799233536,1732124672,24354816,135168,99774464,7,discern-interfa,S (sleeping),learner.bnsdq.ozxfs.fkiya.kvugl,0.0089576851397165
1759315903,46327,1,101,101,101,101,102,102,102,102,16568320,16564224,7544832,135168,626688,1,systemd-network,S (sleeping),learner.bnsdq.ozxfs.fkiya.kvugl,2.2004701203190438
1759315903,43084,2,0,0,0,0,0,0,0,0,N/A,N/A,N/A,N/A,N/A,1,kworker/0,R (running),learner.bnsdq.ozxfs.fkiya.kvugl,0.013084865788756315
1759315908,46409,46379,0,0,0,0,0,0,0,0,5492736,5492736,581632,135168,180224,1,sleep,S (sleeping),learner.bnsdq.ozxfs.fkiya.kvugl,0.0
1759315908,46368,1,0,0,0,0,0,0,0,0,6979584,6979584,3248128,135168,278528,1,bash,S (sleeping),learner.bnsdq.ozxfs.fkiya.kvugl,0.0
1759315908,46376,1,0,0,0,0,0,0,0,0,6979584,6979584,3330048,135168,278528,1,bash,S (sleeping),learner.bnsdq.ozxfs.fkiya.kvugl,0.0
1759315908,46367,1,0,0,0,0,0,0,0,0,728662016,728662016,10022912,135168,105742336,6,foundryc,S (sleeping),learner.bnsdq.ozxfs.fkiya.kvugl,0.0
1759315908,46404,46368,0,0,0,0,0,0,0,0,5492736,5492736,520192,135168,180224,1,sleep,S (sleeping),learner.bnsdq.ozxfs.fkiya.kvugl,0.0
1759315908,46411,46373,0,0,0,0,0,0,0,0,5492736,5492736,581632,135168,180224,1,sleep,S (sleeping),learner.bnsdq.ozxfs.fkiya.kvugl,0.0
1759315908,46412,46382,0,0,0,0,0,0,0,0,5492736,5492736,581632,135168,180224,1,sleep,S (sleeping),learner.bnsdq.ozxfs.fkiya.kvugl,0.0
1759315908,43084,2,0,0,0,0,0,0,0,0,N/A,N/A,N/A,N/A,N/A,1,kworker/0,I (idle),learner.bnsdq.ozxfs.fkiya.kvugl,0.012804206830280492
1759315908,43195,1,0,0,0,0,0,0,0,0,1799233536,1732124672,24354816,135168,99774464,7,discern-interfa,S (sleeping),learner.bnsdq.ozxfs.fkiya.kvugl,0.008760469351314028
1759315908,46379,1,0,0,0,0,0,0,0,0,6979584,6979584,3485696,135168,278528,1,bash,S (sleeping),learner.bnsdq.ozxfs.fkiya.kvugl,0.0
1759315908,43214,2,0,0,0,0,0,0,0,0,N/A,N/A,N/A,N/A,N/A,1,kworker/3,I (idle),learner.bnsdq.ozxfs.fkiya.kvugl,0.013256804554051638
1759315908,43087,2,0,0,0,0,0,0,0,0,N/A,N/A,N/A,N/A,N/A,1,kworker/2,I (idle),learner.bnsdq.ozxfs.fkiya.kvugl,0.02134024060027914
1759315908,46382,1,0,0,0,0,0,0,0,0,6979584,6979584,3325952,135168,278528,1,bash,S (sleeping),learner.bnsdq.ozxfs.fkiya.kvugl,0.0
1759315908,46391,1,101,101,101,101,102,102,102,102,16568320,16564224,7368704,135168,626688,1,systemd-network,S (sleeping),learner.bnsdq.ozxfs.fkiya.kvugl,1.818339248340904
1759315908,46373,1,0,0,0,0,0,0,0,0,6979584,6979584,3362816,135168,278528,1,bash,S (sleeping),learner.bnsdq.ozxfs.fkiya.kvugl,0.0
1759315908,46410,46376,0,0,0,0,0,0,0,0,5492736,5492736,585728,135168,180224,1,sleep,S (sleeping),learner.bnsdq.ozxfs.fkiya.kvugl,0.0
1759315913,43195,1,0,0,0,0,0,0,0,0,1799233536,1732124672,24354816,135168,99774464,7,discern-interfa,S (sleeping),learner.bnsdq.ozxfs.fkiya.kvugl,0.00857058510098121
1759315913,46455,1,101,101,101,101,102,102,102,102,16568320,16564224,7426048,135168,626688,1,systemd-network,S (sleeping),learner.bnsdq.ozxfs.fkiya.kvugl,1.787518595280371
1759315913,43084,2,0,0,0,0,0,0,0,0,N/A,N/A,N/A,N/A,N/A,1,kworker/0,I (idle),learner.bnsdq.ozxfs.fkiya.kvugl,0.012533586345279119
1759315913,43087,2,0,0,0,0,0,0,0,0,N/A,N/A,N/A,N/A,N/A,1,kworker/2,I (idle),learner.bnsdq.ozxfs.fkiya.kvugl,0.02088928664410763
1759315913,43214,2,0,0,0,0,0,0,0,0,N/A,N/A,N/A,N/A,N/A,1,kworker/3,I (idle),learner.bnsdq.ozxfs.fkiya.kvugl,0.012966949855381169
1759315913,46466,241,0,0,0,0,0,0,0,0,23040000,21975040,4079616,135168,724992,1,systemd-udevd,S (sleeping),learner.bnsdq.ozxfs.fkiya.kvugl,0.0
1759315918,43087,2,0,0,0,0,0,0,0,0,N/A,N/A,N/A,N/A,N/A,1,kworker/2,I (idle),learner.bnsdq.ozxfs.fkiya.kvugl,0.0204594972693944
1759315918,46506,1,0,0,0,0,0,0,0,0,6979584,6979584,3375104,135168,278528,1,bash,S (sleeping),learner.bnsdq.ozxfs.fkiya.kvugl,0.0
1759315918,43195,1,0,0,0,0,0,0,0,0,1799233536,1732124672,24354816,135168,99774464,7,discern-interfa,S (sleeping),learner.bnsdq.ozxfs.fkiya.kvugl,0.008389757345176871
1759315918,46495,1,0,0,0,0,0,0,0,0,6979584,6979584,3284992,135168,278528,1,bash,S (sleeping),learner.bnsdq.ozxfs.fkiya.kvugl,0.0
1759315918,46541,46500,0,0,0,0,0,0,0,0,5492736,5492736,581632,135168,180224,1,sleep,S (sleeping),learner.bnsdq.ozxfs.fkiya.kvugl,0.0
1759315918,43214,2,0,0,0,0,0,0,0,0,N/A,N/A,N/A,N/A,N/A,1,kworker/3,I (idle),learner.bnsdq.ozxfs.fkiya.kvugl,0.012691059512766476
1759315918,46549,46495,0,0,0,0,0,0,0,0,5492736,5492736,512000,135168,180224,1,sleep,S (sleeping),learner.bnsdq.ozxfs.fkiya.kvugl,0.0
1759315918,46548,46508,0,0,0,0,0,0,0,0,5492736,5492736,516096,135168,180224,1,sleep,S (sleeping),learner.bnsdq.ozxfs.fkiya.kvugl,0.0
1759315918,46518,1,101,101,101,101,102,102,102,102,16568320,16564224,7254016,135168,626688,1,systemd-network,S (sleeping),learner.bnsdq.ozxfs.fkiya.kvugl,1.367408228709929
1759315918,46547,46506,0,0,0,0,0,0,0,0,5492736,5492736,516096,135168,180224,1,sleep,S (sleeping),learner.bnsdq.ozxfs.fkiya.kvugl,0.0
1759315918,46494,1,0,0,0,0,0,0,0,0,728399872,728399872,7921664,135168,105480192,6,foundryc,S (sleeping),learner.bnsdq.ozxfs.fkiya.kvugl,0.0
1759315918,46502,1,0,0,0,0,0,0,0,0,6979584,6979584,3297280,135168,278528,1,bash,S (sleeping),learner.bnsdq.ozxfs.fkiya.kvugl,0.0
1759315918,46500,1,0,0,0,0,0,0,0,0,6979584,6979584,3284992,135168,278528,1,bash,S (sleeping),learner.bnsdq.ozxfs.fkiya.kvugl,0.0
1759315918,46546,46502,0,0,0,0,0,0,0,0,5492736,5492736,512000,135168,180224,1,sleep,S (sleeping),learner.bnsdq.ozxfs.fkiya.kvugl,0.0
1759315918,46508,1,0,0,0,0,0,0,0,0,6979584,6979584,3452928,135168,278528,1,bash,S (sleeping),learner.bnsdq.ozxfs.fkiya.kvugl,0.0
1759315918,43084,2,0,0,0,0,0,0,0,0,N/A,N/A,N/A,N/A,N/A,1,kworker/0,I (idle),learner.bnsdq.ozxfs.fkiya.kvugl,0.012275470063020332
1759315923,43084,2,0,0,0,0,0,0,0,0,N/A,N/A,N/A,N/A,N/A,1,kworker/0,I (idle),learner.bnsdq.ozxfs.fkiya.kvugl,0.012026669438462794
1759315923,46582,1,101,101,101,101,102,102,102,102,16568320,16564224,7483392,135168,626688,1,systemd-network,S (sleeping),learner.bnsdq.ozxfs.fkiya.kvugl,1.349554896518066
1759315923,43087,2,0,0,0,0,0,0,0,0,N/A,N/A,N/A,N/A,N/A,1,kworker/2,I (idle),learner.bnsdq.ozxfs.fkiya.kvugl,0.02004440444517578
1759315923,46593,241,0,0,0,0,0,0,0,0,23040000,21975040,4079616,135168,724992,1,systemd-udevd,S (sleeping),learner.bnsdq.ozxfs.fkiya.kvugl,0.0
1759315923,43195,1,0,0,0,0,0,0,0,0,1799233536,1732124672,24354816,135168,99774464,7,discern-interfa,S (sleeping),learner.bnsdq.ozxfs.fkiya.kvugl,0.008215347856473673
1759315923,43214,2,0,0,0,0,0,0,0,0,N/A,N/A,N/A,N/A,N/A,1,kworker/3,I (idle),learner.bnsdq.ozxfs.fkiya.kvugl,0.012425082671679268
1759315928,46672,46628,0,0,0,0,0,0,0,0,5492736,5492736,585728,135168,180224,1,sleep,S (sleeping),learner.bnsdq.ozxfs.fkiya.kvugl,0.0
1759315928,43087,2,0,0,0,0,0,0,0,0,N/A,N/A,N/A,N/A,N/A,1,kworker/2,I (idle),learner.bnsdq.ozxfs.fkiya.kvugl,0.01964861298014075
1759315928,46644,1,101,101,101,101,102,102,102,102,16568320,16564224,7405568,135168,626688,1,systemd-network,S (sleeping),learner.bnsdq.ozxfs.fkiya.kvugl,1.5655879968671038
1759315928,43195,1,0,0,0,0,0,0,0,0,1799233536,1732124672,24354816,135168,99774464,7,discern-interfa,S (sleeping),learner.bnsdq.ozxfs.fkiya.kvugl,0.008049214467041493
1759315928,46625,1,0,0,0,0,0,0,0,0,6979584,6979584,3334144,135168,278528,1,bash,S (sleeping),learner.bnsdq.ozxfs.fkiya.kvugl,0.0
1759315928,46630,1,0,0,0,0,0,0,0,0,6979584,6979584,3358720,135168,278528,1,bash,S (sleeping),learner.bnsdq.ozxfs.fkiya.kvugl,0.0
1759315928,46628,1,0,0,0,0,0,0,0,0,6979584,6979584,3325952,135168,278528,1,bash,S (sleeping),learner.bnsdq.ozxfs.fkiya.kvugl,0.0
1759315928,46671,46621,0,0,0,0,0,0,0,0,5492736,5492736,581632,135168,180224,1,sleep,S (sleeping),learner.bnsdq.ozxfs.fkiya.kvugl,0.0
1759315928,46621,1,0,0,0,0,0,0,0,0,6979584,6979584,3366912,135168,278528,1,bash,S (sleeping),learner.bnsdq.ozxfs.fkiya.kvugl,0.0
1759315928,46622,1,0,0,0,0,0,0,0,0,6979584,6979584,3260416,135168,278528,1,bash,S (sleeping),learner.bnsdq.ozxfs.fkiya.kvugl,0.0
1759315928,43214,2,0,0,0,0,0,0,0,0,N/A,N/A,N/A,N/A,N/A,1,kworker/3,I (idle),learner.bnsdq.ozxfs.fkiya.kvugl,0.012171706044357645
1759315928,46673,46622,0,0,0,0,0,0,0,0,5492736,5492736,516096,135168,180224,1,sleep,S (sleeping),learner.bnsdq.ozxfs.fkiya.kvugl,0.0
1759315928,46620,1,0,0,0,0,0,0,0,0,730103808,730103808,7929856,135168,107184128,6,foundryc,S (sleeping),learner.bnsdq.ozxfs.fkiya.kvugl,0.0
1759315928,46674,46625,0,0,0,0,0,0,0,0,5492736,5492736,512000,135168,180224,1,sleep,S (sleeping),learner.bnsdq.ozxfs.fkiya.kvugl,0.0
1759315928,46675,46630,0,0,0,0,0,0,0,0,5492736,5492736,569344,135168,180224,1,sleep,S (sleeping),learner.bnsdq.ozxfs.fkiya.kvugl,0.0
1759315928,43084,2,0,0,0,0,0,0,0,0,N/A,N/A,N/A,N/A,N/A,1,kworker/0,I (idle),learner.bnsdq.ozxfs.fkiya.kvugl,0.011788998368163588
1759315933,43084,2,0,0,0,0,0,0,0,0,N/A,N/A,N/A,N/A,N/A,1,kworker/0,I (idle),learner.bnsdq.ozxfs.fkiya.kvugl,0.011559262124422907
1759315933,43214,2,0,0,0,0,0,0,0,0,N/A,N/A,N/A,N/A,N/A,1,kworker/3,I (idle),learner.bnsdq.ozxfs.fkiya.kvugl,0.011926892880094849
1759315933,46708,1,101,101,101,101,102,102,102,102,16568320,16564224,7376896,135168,626688,1,systemd-network,S (sleeping),learner.bnsdq.ozxfs.fkiya.kvugl,1.3237154150962385
1759315933,43195,1,0,0,0,0,0,0,0,0,1799233536,1732124672,24354816,135168,99774464,7,discern-interfa,S (sleeping),learner.bnsdq.ozxfs.fkiya.kvugl,0.007888520183719248
1759315933,43087,2,0,0,0,0,0,0,0,0,N/A,N/A,N/A,N/A,N/A,1,kworker/2,I (idle),learner.bnsdq.ozxfs.fkiya.kvugl,0.023118426129558875
1759315938,46811,46763,0,0,0,0,0,0,0,0,5492736,5492736,581632,135168,180224,1,sleep,S (sleeping),learner.bnsdq.ozxfs.fkiya.kvugl,0.0
1759315938,46809,46757,0,0,0,0,0,0,0,0,5492736,5492736,503808,135168,180224,1,sleep,S (sleeping),learner.bnsdq.ozxfs.fkiya.kvugl,0.0
1759315938,43195,1,0,0,0,0,0,0,0,0,1799233536,1732124672,24354816,135168,99774464,7,discern-interfa,S (sleeping),learner.bnsdq.ozxfs.fkiya.kvugl,0.007735354648739782
1759315938,46748,1,0,0,0,0,0,0,0,0,6979584,6979584,3366912,135168,278528,1,bash,S (sleeping),learner.bnsdq.ozxfs.fkiya.kvugl,0.0
1759315938,46763,1,0,0,0,0,0,0,0,0,6979584,6979584,3358720,135168,278528,1,bash,S (sleeping),learner.bnsdq.ozxfs.fkiya.kvugl,0.0
1759315938,46810,46760,0,0,0,0,0,0,0,0,5492736,5492736,512000,135168,180224,1,sleep,S (sleeping),learner.bnsdq.ozxfs.fkiya.kvugl,0.0
1759315938,46753,1,0,0,0,0,0,0,0,0,6979584,6979584,3321856,135168,278528,1,bash,S (sleeping),learner.bnsdq.ozxfs.fkiya.kvugl,0.0
1759315938,46757,1,0,0,0,0,0,0,0,0,6979584,6979584,3436544,135168,278528,1,bash,S (sleeping),learner.bnsdq.ozxfs.fkiya.kvugl,0.0
1759315938,43084,2,0,0,0,0,0,0,0,0,N/A,N/A,N/A,N/A,N/A,1,kworker/0,I (idle),learner.bnsdq.ozxfs.fkiya.kvugl,0.011339800660231708
1759315938,43214,2,0,0,0,0,0,0,0,0,N/A,N/A,N/A,N/A,N/A,1,kworker/3,I (idle),learner.bnsdq.ozxfs.fkiya.kvugl,0.011693390306281295
1759315938,46771,1,101,101,101,101,102,102,102,102,16568320,16564224,7442432,135168,626688,1,systemd-network,S (sleeping),learner.bnsdq.ozxfs.fkiya.kvugl,1.0800122583335343
1759315938,46760,1,0,0,0,0,0,0,0,0,6979584,6979584,3383296,135168,278528,1,bash,S (sleeping),learner.bnsdq.ozxfs.fkiya.kvugl,0.0
1759315938,46808,46753,0,0,0,0,0,0,0,0,5492736,5492736,585728,135168,180224,1,sleep,S (sleeping),learner.bnsdq.ozxfs.fkiya.kvugl,0.0
1759315938,46812,46748,0,0,0,0,0,0,0,0,5492736,5492736,581632,135168,180224,1,sleep,S (sleeping),learner.bnsdq.ozxfs.fkiya.kvugl,0.0
1759315938,43087,2,0,0,0,0,0,0,0,0,N/A,N/A,N/A,N/A,N/A,1,kworker/2,I (idle),learner.bnsdq.ozxfs.fkiya.kvugl,0.022679456679825568
1759315938,46747,1,0,0,0,0,0,0,0,0,728399872,728399872,7921664,135168,105480192,6,foundryc,S (sleeping),learner.bnsdq.ozxfs.fkiya.kvugl,0.0
1759315943,46874,1,0,0,0,0,0,0,0,0,728662016,728662016,10018816,135168,105742336,6,foundryc,S (sleeping),learner.bnsdq.ozxfs.fkiya.kvugl,0.0
1759315943,46880,1,0,0,0,0,0,0,0,0,6979584,6979584,3194880,135168,278528,1,bash,S (sleeping),learner.bnsdq.ozxfs.fkiya.kvugl,0.0
1759315943,43087,2,0,0,0,0,0,0,0,0,N/A,N/A,N/A,N/A,N/A,1,kworker/2,I (idle),learner.bnsdq.ozxfs.fkiya.kvugl,0.02225440484185587
1759315943,43084,2,0,0,0,0,0,0,0,0,N/A,N/A,N/A,N/A,N/A,1,kworker/0,I (idle),learner.bnsdq.ozxfs.fkiya.kvugl,0.011127191688108032
1759315943,46894,46880,0,0,0,0,0,0,0,0,5492736,5492736,516096,135168,180224,1,sleep,S (sleeping),learner.bnsdq.ozxfs.fkiya.kvugl,0.0
1759315943,46896,46887,0,0,0,0,0,0,0,0,5492736,5492736,512000,135168,180224,1,sleep,S (sleeping),learner.bnsdq.ozxfs.fkiya.kvugl,0.0
1759315943,46875,1,0,0,0,0,0,0,0,0,6979584,6979584,3284992,135168,278528,1,bash,S (sleeping),learner.bnsdq.ozxfs.fkiya.kvugl,0.0
1759315943,46895,46884,0,0,0,0,0,0,0,0,5492736,5492736,516096,135168,180224,1,sleep,S (sleeping),learner.bnsdq.ozxfs.fkiya.kvugl,0.0
1759315943,43214,2,0,0,0,0,0,0,0,0,N/A,N/A,N/A,N/A,N/A,1,kworker/3,I (idle),learner.bnsdq.ozxfs.fkiya.kvugl,0.011467396525274806
1759315943,46897,46889,0,0,0,0,0,0,0,0,5492736,5492736,581632,135168,180224,1,sleep,S (sleeping),learner.bnsdq.ozxfs.fkiya.kvugl,0.0
1759315943,46887,1,0,0,0,0,0,0,0,0,6979584,6979584,3289088,135168,278528,1,bash,S (sleeping),learner.bnsdq.ozxfs.fkiya.kvugl,0.0
1759315943,46898,1,101,101,101,101,102,102,102,102,16568320,16564224,7507968,135168,626688,1,systemd-network,S (sleeping),learner.bnsdq.ozxfs.fkiya.kvugl,3.101526478721246
1759315943,46884,1,0,0,0,0,0,0,0,0,6979584,6979584,3309568,135168,278528,1,bash,S (sleeping),learner.bnsdq.ozxfs.fkiya.kvugl,0.0
1759315943,46889,1,0,0,0,0,0,0,0,0,6979584,6979584,3133440,135168,278528,1,bash,S (sleeping),learner.bnsdq.ozxfs.fkiya.kvugl,0.0
1759315943,46893,46875,0,0,0,0,0,0,0,0,5492736,5492736,512000,135168,180224,1,sleep,S (sleeping),learner.bnsdq.ozxfs.fkiya.kvugl,0.0
1759315943,43195,1,0,0,0,0,0,0,0,0,1799233536,1732124672,24354816,135168,99774464,7,discern-interfa,S (sleeping),learner.bnsdq.ozxfs.fkiya.kvugl,0.007586872409907104
1759315948,46884,1,0,0,0,0,0,0,0,0,6979584,6979584,3387392,135168,278528,1,bash,S (sleeping),learner.bnsdq.ozxfs.fkiya.kvugl,0.0
1759315948,43214,2,0,0,0,0,0,0,0,0,N/A,N/A,N/A,N/A,N/A,1,kworker/3,I (idle),learner.bnsdq.ozxfs.fkiya.kvugl,0.011249979801195641
1759315948,46887,1,0,0,0,0,0,0,0,0,6979584,6979584,3297280,135168,278528,1,bash,S (sleeping),learner.bnsdq.ozxfs.fkiya.kvugl,0.0
1759315948,46962,1,101,101,101,101,102,102,102,102,16568320,16564224,7311360,135168,626688,1,systemd-network,S (sleeping),learner.bnsdq.ozxfs.fkiya.kvugl,2.99811910659315
1759315948,43087,2,0,0,0,0,0,0,0,0,N/A,N/A,N/A,N/A,N/A,1,kworker/2,I (idle),learner.bnsdq.ozxfs.fkiya.kvugl,0.02184455658573449
1759315948,46875,1,0,0,0,0,0,0,0,0,6979584,6979584,3284992,135168,278528,1,bash,S (sleeping),learner.bnsdq.ozxfs.fkiya.kvugl,0.0
1759315948,46974,241,0,0,0,0,0,0,0,0,23040000,21975040,4083712,135168,724992,1,systemd-udevd,S (sleeping),learner.bnsdq.ozxfs.fkiya.kvugl,0.0
1759315948,46946,46889,0,0,0,0,0,0,0,0,5492736,5492736,516096,135168,180224,1,sleep,S (sleeping),learner.bnsdq.ozxfs.fkiya.kvugl,0.0
1759315948,46880,1,0,0,0,0,0,0,0,0,6979584,6979584,3211264,135168,278528,1,bash,S (sleeping),learner.bnsdq.ozxfs.fkiya.kvugl,0.0
1759315948,43195,1,0,0,0,0,0,0,0,0,1799233536,1732124672,24354816,135168,99774464,7,discern-interfa,S (sleeping),learner.bnsdq.ozxfs.fkiya.kvugl,0.007444066223095815
1759315948,46948,46884,0,0,0,0,0,0,0,0,5492736,5492736,581632,135168,180224,1,sleep,S (sleeping),learner.bnsdq.ozxfs.fkiya.kvugl,0.0
1759315948,46945,46887,0,0,0,0,0,0,0,0,5492736,5492736,577536,135168,180224,1,sleep,S (sleeping),learner.bnsdq.ozxfs.fkiya.kvugl,0.0
1759315948,46889,1,0,0,0,0,0,0,0,0,6979584,6979584,3207168,135168,278528,1,bash,S (sleeping),learner.bnsdq.ozxfs.fkiya.kvugl,0.0
1759315948,43084,2,0,0,0,0,0,0,0,0,N/A,N/A,N/A,N/A,N/A,1,kworker/0,I (idle),learner.bnsdq.ozxfs.fkiya.kvugl,0.010922136627449086
1759315948,46947,46880,0,0,0,0,0,0,0,0,5492736,5492736,577536,135168,180224,1,sleep,S (sleeping),learner.bnsdq.ozxfs.fkiya.kvugl,0.0
1759315948,46949,46875,0,0,0,0,0,0,0,0,5492736,5492736,516096,135168,180224,1,sleep,S (sleeping),learner.bnsdq.ozxfs.fkiya.kvugl,0.0
1759315953,43084,2,0,0,0,0,0,0,0,0,N/A,N/A,N/A,N/A,N/A,1,kworker/0,I (idle),learner.bnsdq.ozxfs.fkiya.kvugl,0.010724794496137868
1759315953,47002,1,0,0,0,0,0,0,0,0,728662016,728662016,7925760,135168,105742336,6,foundryc,S (sleeping),learner.bnsdq.ozxfs.fkiya.kvugl,0.0
1759315953,47037,47016,0,0,0,0,0,0,0,0,5492736,5492736,512000,135168,180224,1,sleep,S (sleeping),learner.bnsdq.ozxfs.fkiya.kvugl,0.0
1759315953,47003,1,0,0,0,0,0,0,0,0,6979584,6979584,3215360,135168,278528,1,bash,S (sleeping),learner.bnsdq.ozxfs.fkiya.kvugl,0.0
1759315953,43087,2,0,0,0,0,0,0,0,0,N/A,N/A,N/A,N/A,N/A,1,kworker/2,I (idle),learner.bnsdq.ozxfs.fkiya.kvugl,0.021449500699362474
1759315953,47015,1,0,0,0,0,0,0,0,0,6979584,6979584,3477504,135168,278528,1,bash,S (sleeping),learner.bnsdq.ozxfs.fkiya.kvugl,0.0
1759315953,47036,47015,0,0,0,0,0,0,0,0,5492736,5492736,520192,135168,180224,1,sleep,S (sleeping),learner.bnsdq.ozxfs.fkiya.kvugl,0.0
1759315953,47033,47008,0,0,0,0,0,0,0,0,5492736,5492736,577536,135168,180224,1,sleep,S (sleeping),learner.bnsdq.ozxfs.fkiya.kvugl,0.0
1759315953,47016,1,0,0,0,0,0,0,0,0,6979584,6979584,3371008,135168,278528,1,bash,S (sleeping),learner.bnsdq.ozxfs.fkiya.kvugl,0.0
1759315953,43195,1,0,0,0,0,0,0,0,0,1799233536,1732124672,24354816,135168,99774464,7,discern-interfa,S (sleeping),learner.bnsdq.ozxfs.fkiya.kvugl,0.007306515772367717
1759315953,47026,1,101,101,101,101,102,102,102,102,16568320,16564224,7311360,135168,626688,1,systemd-network,S (sleeping),learner.bnsdq.ozxfs.fkiya.kvugl,2.1989456438987034
1759315953,43214,2,0,0,0,0,0,0,0,0,N/A,N/A,N/A,N/A,N/A,1,kworker/3,I (idle),learner.bnsdq.ozxfs.fkiya.kvugl,0.011040418086531232
1759315953,47008,1,0,0,0,0,0,0,0,0,6979584,6979584,3407872,135168,278528,1,bash,S (sleeping),learner.bnsdq.ozxfs.fkiya.kvugl,0.0
1759315953,47011,1,0,0,0,0,0,0,0,0,6979584,6979584,3272704,135168,278528,1,bash,S (sleeping),learner.bnsdq.ozxfs.fkiya.kvugl,0.0
1759315953,47034,47011,0,0,0,0,0,0,0,0,5492736,5492736,512000,135168,180224,1,sleep,S (sleeping),learner.bnsdq.ozxfs.fkiya.kvugl,0.0
1759315953,47035,47003,0,0,0,0,0,0,0,0,5492736,5492736,520192,135168,180224,1,sleep,S (sleeping),learner.bnsdq.ozxfs.fkiya.kvugl,0.0
1759315958,43087,2,0,0,0,0,0,0,0,0,N/A,N/A,N/A,N/A,N/A,1,kworker/2,I (idle),learner.bnsdq.ozxfs.fkiya.kvugl,0.02458032729885949
1759315958,43214,2,0,0,0,0,0,0,0,0,N/A,N/A,N/A,N/A,N/A,1,kworker/3,I (idle),learner.bnsdq.ozxfs.fkiya.kvugl,0.01083890014762428
1759315958,47090,1,101,101,101,101,102,102,102,102,16568320,16564224,7348224,135168,626688,1,systemd-network,S (sleeping),learner.bnsdq.ozxfs.fkiya.kvugl,2.15738820801737
1759315958,47102,241,0,0,0,0,0,0,0,0,23040000,21975040,4079616,135168,724992,1,systemd-udevd,S (sleeping),learner.bnsdq.ozxfs.fkiya.kvugl,0.0
1759315958,43084,2,0,0,0,0,0,0,0,0,N/A,N/A,N/A,N/A,N/A,1,kworker/0,I (idle),learner.bnsdq.ozxfs.fkiya.kvugl,0.010534354165810061
1759315958,43195,1,0,0,0,0,0,0,0,0,1799233536,1732124672,24354816,135168,99774464,7,discern-interfa,S (sleeping),learner.bnsdq.ozxfs.fkiya.kvugl,0.007174039778037535
1759315963,47182,1,0,0,0,0,0,0,0,0,6979584,6979584,3424256,135168,278528,1,bash,S (sleeping),learner.bnsdq.ozxfs.fkiya.kvugl,0.0
1759315963,47211,47180,0,0,0,0,0,0,0,0,5492736,5492736,581632,135168,180224,1,sleep,S (sleeping),learner.bnsdq.ozxfs.fkiya.kvugl,0.0
1759315963,47134,47133,1001,1001,1001,1001,1001,1001,1001,1001,172433408,172433408,3649536,1056768,19943424,1,(sd-pam),S (sleeping),learner.bnsdq.ozxfs.fkiya.kvugl,0.0
1759315963,47184,1,0,0,0,0,0,0,0,0,6979584,6979584,3256320,135168,278528,1,bash,S (sleeping),learner.bnsdq.ozxfs.fkiya.kvugl,0.0
1759315963,43195,1,0,0,0,0,0,0,0,0,1799233536,1732124672,24354816,135168,99774464,7,discern-interfa,S (sleeping),learner.bnsdq.ozxfs.fkiya.kvugl,0.007047091276236359
1759315963,47133,1,1001,1001,1001,1001,1001,1001,1001,1001,15548416,15515648,8568832,135168,733184,1,systemd,S (sleeping),learner.bnsdq.ozxfs.fkiya.kvugl,0.8612782897727914
1759315963,47180,1,0,0,0,0,0,0,0,0,6979584,6979584,3313664,135168,278528,1,bash,S (sleeping),learner.bnsdq.ozxfs.fkiya.kvugl,0.0
1759315963,43087,2,0,0,0,0,0,0,0,0,N/A,N/A,N/A,N/A,N/A,1,kworker/2,I (idle),learner.bnsdq.ozxfs.fkiya.kvugl,0.0241541018901957
1759315963,47215,47176,0,0,0,0,0,0,0,0,5492736,5492736,516096,135168,180224,1,sleep,S (sleeping),learner.bnsdq.ozxfs.fkiya.kvugl,0.0
1759315963,47194,1,101,101,101,101,102,102,102,102,16568320,16564224,7376896,135168,626688,1,systemd-network,S (sleeping),learner.bnsdq.ozxfs.fkiya.kvugl,2.1379320742549646
1759315963,43214,2,0,0,0,0,0,0,0,0,N/A,N/A,N/A,N/A,N/A,1,kworker/3,I (idle),learner.bnsdq.ozxfs.fkiya.kvugl,0.010645594574565714
1759315963,47170,1,0,0,0,0,0,0,0,0,728399872,728399872,7921664,135168,105480192,6,foundryc,S (sleeping),learner.bnsdq.ozxfs.fkiya.kvugl,0.0
1759315963,43084,2,0,0,0,0,0,0,0,0,N/A,N/A,N/A,N/A,N/A,1,kworker/0,I (idle),learner.bnsdq.ozxfs.fkiya.kvugl,0.010351706879371595
1759315963,47171,1,0,0,0,0,0,0,0,0,6979584,6979584,3424256,135168,278528,1,bash,S (sleeping),learner.bnsdq.ozxfs.fkiya.kvugl,0.0
1759315963,47212,47171,0,0,0,0,0,0,0,0,5492736,5492736,516096,135168,180224,1,sleep,S (sleeping),learner.bnsdq.ozxfs.fkiya.kvugl,0.0
1759315963,47213,47182,0,0,0,0,0,0,0,0,5492736,5492736,585728,135168,180224,1,sleep,S (sleeping),learner.bnsdq.ozxfs.fkiya.kvugl,0.0
1759315963,47176,1,0,0,0,0,0,0,0,0,6979584,6979584,3330048,135168,278528,1,bash,S (sleeping),learner.bnsdq.ozxfs.fkiya.kvugl,0.0
1759315963,47214,47184,0,0,0,0,0,0,0,0,5492736,5492736,577536,135168,180224,1,sleep,S (sleeping),learner.bnsdq.ozxfs.fkiya.kvugl,0.0
1759315968,43195,1,0,0,0,0,0,0,0,0,1799233536,1732124672,24354816,135168,99774464,7,discern-interfa,S (sleeping),learner.bnsdq.ozxfs.fkiya.kvugl,0.006923636305285064
1759315968,47259,2,0,0,0,0,0,0,0,0,N/A,N/A,N/A,N/A,N/A,1,kworker/1,I (idle),learner.bnsdq.ozxfs.fkiya.kvugl,0.0
1759315968,47133,1,1001,1001,1001,1001,1001,1001,1001,1001,15548416,15515648,8568832,135168,733184,1,systemd,S (sleeping),learner.bnsdq.ozxfs.fkiya.kvugl,0.46014747386764565
1759315968,47258,1,101,101,101,101,102,102,102,102,16568320,16564224,7249920,135168,626688,1,systemd-network,S (sleeping),learner.bnsdq.ozxfs.fkiya.kvugl,2.093250393440541
1759315968,43084,2,0,0,0,0,0,0,0,0,N/A,N/A,N/A,N/A,N/A,1,kworker/0,I (idle),learner.bnsdq.ozxfs.fkiya.kvugl,0.010174092237517692
1759315968,47134,47133,1001,1001,1001,1001,1001,1001,1001,1001,172433408,172433408,3649536,1056768,19943424,1,(sd-pam),S (sleeping),learner.bnsdq.ozxfs.fkiya.kvugl,0.0
1759315968,47271,241,0,0,0,0,0,0,0,0,23040000,21975040,4083712,135168,724992,1,systemd-udevd,S (sleeping),learner.bnsdq.ozxfs.fkiya.kvugl,0.0
1759315968,43087,2,0,0,0,0,0,0,0,0,N/A,N/A,N/A,N/A,N/A,1,kworker/2,I (idle),learner.bnsdq.ozxfs.fkiya.kvugl,0.02373947982066976
1759315968,43214,2,0,0,0,0,0,0,0,0,N/A,N/A,N/A,N/A,N/A,1,kworker/3,I (idle),learner.bnsdq.ozxfs.fkiya.kvugl,0.01394370993777535
1759315973,47351,47306,0,0,0,0,0,0,0,0,5492736,5492736,585728,135168,180224,1,sleep,S (sleeping),learner.bnsdq.ozxfs.fkiya.kvugl,0.0
1759315973,47259,2,0,0,0,0,0,0,0,0,N/A,N/A,N/A,N/A,N/A,1,kworker/1,I (idle),learner.bnsdq.ozxfs.fkiya.kvugl,0.0
1759315973,47300,1,0,0,0,0,0,0,0,0,728662016,728662016,7921664,135168,105742336,6,foundryc,S (sleeping),learner.bnsdq.ozxfs.fkiya.kvugl,0.0
1759315973,43214,2,0,0,0,0,0,0,0,0,N/A,N/A,N/A,N/A,N/A,1,kworker/3,I (idle),learner.bnsdq.ozxfs.fkiya.kvugl,0.013703437402693312
1759315973,47352,47313,0,0,0,0,0,0,0,0,5492736,5492736,520192,135168,180224,1,sleep,S (sleeping),learner.bnsdq.ozxfs.fkiya.kvugl,0.0
1759315973,47353,47301,0,0,0,0,0,0,0,0,5492736,5492736,516096,135168,180224,1,sleep,S (sleeping),learner.bnsdq.ozxfs.fkiya.kvugl,0.0
1759315973,47301,1,0,0,0,0,0,0,0,0,6979584,6979584,3313664,135168,278528,1,bash,S (sleeping),learner.bnsdq.ozxfs.fkiya.kvugl,0.0
1759315973,47313,1,0,0,0,0,0,0,0,0,6979584,6979584,3293184,135168,278528,1,bash,S (sleeping),learner.bnsdq.ozxfs.fkiya.kvugl,0.0
1759315973,47306,1,0,0,0,0,0,0,0,0,6979584,6979584,3313664,135168,278528,1,bash,S (sleeping),learner.bnsdq.ozxfs.fkiya.kvugl,0.0
1759315973,43087,2,0,0,0,0,0,0,0,0,N/A,N/A,N/A,N/A,N/A,1,kworker/2,I (idle),learner.bnsdq.ozxfs.fkiya.kvugl,0.02334117223954281
1759315973,47309,1,0,0,0,0,0,0,0,0,6979584,6979584,3420160,135168,278528,1,bash,S (sleeping),learner.bnsdq.ozxfs.fkiya.kvugl,0.0
1759315973,43084,2,0,0,0,0,0,0,0,0,N/A,N/A,N/A,N/A,N/A,1,kworker/0,I (idle),learner.bnsdq.ozxfs.fkiya.kvugl,0.013337788523712403
1759315973,47324,1,101,101,101,101,102,102,102,102,16568320,16564224,7536640,135168,626688,1,systemd-network,S (sleeping),learner.bnsdq.ozxfs.fkiya.kvugl,1.5384362039674966
1759315973,47355,47309,0,0,0,0,0,0,0,0,5492736,5492736,516096,135168,180224,1,sleep,S (sleeping),learner.bnsdq.ozxfs.fkiya.kvugl,0.0
1759315973,47354,47315,0,0,0,0,0,0,0,0,5492736,5492736,516096,135168,180224,1,sleep,S (sleeping),learner.bnsdq.ozxfs.fkiya.kvugl,0.0
1759315973,43195,1,0,0,0,0,0,0,0,0,1799233536,1732124672,24354816,135168,99774464,7,discern-interfa,S (sleeping),learner.bnsdq.ozxfs.fkiya.kvugl,0.006805013564182432
1759315973,47315,1,0,0,0,0,0,0,0,0,6979584,6979584,3383296,135168,278528,1,bash,S (sleeping),learner.bnsdq.ozxfs.fkiya.kvugl,0.0
1759315978,47400,241,0,0,0,0,0,0,0,0,23040000,21975040,4079616,135168,724992,1,systemd-udevd,S (sleeping),learner.bnsdq.ozxfs.fkiya.kvugl,0.0
1759315978,47259,2,0,0,0,0,0,0,0,0,N/A,N/A,N/A,N/A,N/A,1,kworker/1,I (idle),learner.bnsdq.ozxfs.fkiya.kvugl,0.0
1759315978,43087,2,0,0,0,0,0,0,0,0,N/A,N/A,N/A,N/A,N/A,1,kworker/2,I (idle),learner.bnsdq.ozxfs.fkiya.kvugl,0.022954112846922836
1759315978,43084,2,0,0,0,0,0,0,0,0,N/A,N/A,N/A,N/A,N/A,1,kworker/0,I (idle),learner.bnsdq.ozxfs.fkiya.kvugl,0.013116623767156551
1759315978,43214,2,0,0,0,0,0,0,0,0,N/A,N/A,N/A,N/A,N/A,1,kworker/3,I (idle),learner.bnsdq.ozxfs.fkiya.kvugl,0.013469973405518304
1759315978,47388,1,101,101,101,101,102,102,102,102,16568320,16564224,7397376,135168,626688,1,systemd-network,S (sleeping),learner.bnsdq.ozxfs.fkiya.kvugl,1.5162742120574162
1759315978,43195,1,0,0,0,0,0,0,0,0,1799233536,1732124672,24354816,135168,99774464,7,discern-interfa,S (sleeping),learner.bnsdq.ozxfs.fkiya.kvugl,0.006689917196765354
1759315983,47451,1,101,101,101,101,102,102,102,102,16568320,16564224,7372800,135168,626688,1,systemd-network,S (sleeping),learner.bnsdq.ozxfs.fkiya.kvugl,1.2043040057246317
1759315983,47493,47440,0,0,0,0,0,0,0,0,5492736,5492736,516096,135168,180224,1,sleep,S (sleeping),learner.bnsdq.ozxfs.fkiya.kvugl,0.0
1759315983,47489,47439,0,0,0,0,0,0,0,0,5492736,5492736,577536,135168,180224,1,sleep,S (sleeping),learner.bnsdq.ozxfs.fkiya.kvugl,0.0
1759315983,43084,2,0,0,0,0,0,0,0,0,N/A,N/A,N/A,N/A,N/A,1,kworker/0,I (idle),learner.bnsdq.ozxfs.fkiya.kvugl,0.01290392885532837
1759315984,43087,2,0,0,0,0,0,0,0,0,N/A,N/A,N/A,N/A,N/A,1,kworker/2,I (idle),learner.bnsdq.ozxfs.fkiya.kvugl,0.02258185570347816
1759315984,43195,1,0,0,0,0,0,0,0,0,1799233536,1732124672,24354816,135168,99774464,7,discern-interfa,S (sleeping),learner.bnsdq.ozxfs.fkiya.kvugl,0.00657930118417175
1759315984,47427,1,0,0,0,0,0,0,0,0,728662016,728662016,10022912,135168,105742336,6,foundryc,S (sleeping),learner.bnsdq.ozxfs.fkiya.kvugl,0.0
1759315984,47428,1,0,0,0,0,0,0,0,0,6979584,6979584,3211264,135168,278528,1,bash,S (sleeping),learner.bnsdq.ozxfs.fkiya.kvugl,0.0
1759315984,47490,47433,0,0,0,0,0,0,0,0,5492736,5492736,577536,135168,180224,1,sleep,S (sleeping),learner.bnsdq.ozxfs.fkiya.kvugl,0.0
1759315984,47433,1,0,0,0,0,0,0,0,0,6979584,6979584,3235840,135168,278528,1,bash,S (sleeping),learner.bnsdq.ozxfs.fkiya.kvugl,0.0
1759315984,47492,47428,0,0,0,0,0,0,0,0,5492736,5492736,516096,135168,180224,1,sleep,S (sleeping),learner.bnsdq.ozxfs.fkiya.kvugl,0.0
1759315984,47491,47436,0,0,0,0,0,0,0,0,5492736,5492736,581632,135168,180224,1,sleep,S (sleeping),learner.bnsdq.ozxfs.fkiya.kvugl,0.0
1759315984,47440,1,0,0,0,0,0,0,0,0,6979584,6979584,3260416,135168,278528,1,bash,S (sleeping),learner.bnsdq.ozxfs.fkiya.kvugl,0.0
1759315984,47436,1,0,0,0,0,0,0,0,0,6979584,6979584,3362816,135168,278528,1,bash,S (sleeping),learner.bnsdq.ozxfs.fkiya.kvugl,0.0
1759315984,47439,1,0,0,0,0,0,0,0,0,6979584,6979584,3375104,135168,278528,1,bash,S (sleeping),learner.bnsdq.ozxfs.fkiya.kvugl,0.0
1759315984,43214,2,0,0,0,0,0,0,0,0,N/A,N/A,N/A,N/A,N/A,1,kworker/3,I (idle),learner.bnsdq.ozxfs.fkiya.kvugl,0.013245632600791472
1759315984,47259,2,0,0,0,0,0,0,0,0,N/A,N/A,N/A,N/A,N/A,1,kworker/1,I (idle),learner.bnsdq.ozxfs.fkiya.kvugl,0.0
1759315984,47452,2,0,0,0,0,0,0,0,0,N/A,N/A,N/A,N/A,N/A,1,kworker/2,I (idle),learner.bnsdq.ozxfs.fkiya.kvugl,0.0
1759315989,43195,1,0,0,0,0,0,0,0,0,1799233536,1732124672,24354816,135168,99774464,7,discern-interfa,S (sleeping),learner.bnsdq.ozxfs.fkiya.kvugl,0.0064715558578701295
1759315989,47516,1,101,101,101,101,102,102,102,102,16568320,16564224,7483392,135168,626688,1,systemd-network,S (sleeping),learner.bnsdq.ozxfs.fkiya.kvugl,1.1892989176359432
1759315989,47452,2,0,0,0,0,0,0,0,0,N/A,N/A,N/A,N/A,N/A,1,kworker/2,I (idle),learner.bnsdq.ozxfs.fkiya.kvugl,0.0
1759315989,47528,241,0,0,0,0,0,0,0,0,23040000,21975040,4079616,135168,724992,1,systemd-udevd,S (sleeping),learner.bnsdq.ozxfs.fkiya.kvugl,0.0
1759315989,43084,2,0,0,0,0,0,0,0,0,N/A,N/A,N/A,N/A,N/A,1,kworker/0,I (idle),learner.bnsdq.ozxfs.fkiya.kvugl,0.012696565196543335
1759315989,47259,2,0,0,0,0,0,0,0,0,N/A,N/A,N/A,N/A,N/A,1,kworker/1,I (idle),learner.bnsdq.ozxfs.fkiya.kvugl,0.0
1759315989,43214,2,0,0,0,0,0,0,0,0,N/A,N/A,N/A,N/A,N/A,1,kworker/3,I (idle),learner.bnsdq.ozxfs.fkiya.kvugl,0.013027349096413256
1759315989,43087,2,0,0,0,0,0,0,0,0,N/A,N/A,N/A,N/A,N/A,1,kworker/2,I (idle),learner.bnsdq.ozxfs.fkiya.kvugl,0.022218934835941916
1759315994,43087,2,0,0,0,0,0,0,0,0,N/A,N/A,N/A,N/A,N/A,1,kworker/2,I (idle),learner.bnsdq.ozxfs.fkiya.kvugl,0.024994249529817488
1759315994,47620,47566,0,0,0,0,0,0,0,0,5492736,5492736,516096,135168,180224,1,sleep,S (sleeping),learner.bnsdq.ozxfs.fkiya.kvugl,0.0
1759315994,47571,1,0,0,0,0,0,0,0,0,6979584,6979584,3215360,135168,278528,1,bash,S (sleeping),learner.bnsdq.ozxfs.fkiya.kvugl,0.0
1759315994,47622,47571,0,0,0,0,0,0,0,0,5492736,5492736,581632,135168,180224,1,sleep,S (sleeping),learner.bnsdq.ozxfs.fkiya.kvugl,0.0
1759315994,47621,47558,0,0,0,0,0,0,0,0,5492736,5492736,581632,135168,180224,1,sleep,S (sleeping),learner.bnsdq.ozxfs.fkiya.kvugl,0.0
1759315994,47566,1,0,0,0,0,0,0,0,0,6979584,6979584,3330048,135168,278528,1,bash,S (sleeping),learner.bnsdq.ozxfs.fkiya.kvugl,0.0
1759315994,47569,1,0,0,0,0,0,0,0,0,6979584,6979584,3256320,135168,278528,1,bash,S (sleeping),learner.bnsdq.ozxfs.fkiya.kvugl,0.0
1759315994,47619,47563,0,0,0,0,0,0,0,0,5492736,5492736,577536,135168,180224,1,sleep,S (sleeping),learner.bnsdq.ozxfs.fkiya.kvugl,0.0
1759315994,43214,2,0,0,0,0,0,0,0,0,N/A,N/A,N/A,N/A,N/A,1,kworker/3,I (idle),learner.bnsdq.ozxfs.fkiya.kvugl,0.012817393065602804
1759315994,47452,2,0,0,0,0,0,0,0,0,N/A,N/A,N/A,N/A,N/A,1,kworker/2,I (idle),learner.bnsdq.ozxfs.fkiya.kvugl,0.0
1759315994,47259,2,0,0,0,0,0,0,0,0,N/A,N/A,N/A,N/A,N/A,1,kworker/1,I (idle),learner.bnsdq.ozxfs.fkiya.kvugl,0.0
1759315994,43084,2,0,0,0,0,0,0,0,0,N/A,N/A,N/A,N/A,N/A,1,kworker/0,I (idle),learner.bnsdq.ozxfs.fkiya.kvugl,0.012497003252244862
1759315994,47563,1,0,0,0,0,0,0,0,0,6979584,6979584,3342336,135168,278528,1,bash,S (sleeping),learner.bnsdq.ozxfs.fkiya.kvugl,0.0
1759315994,47581,1,101,101,101,101,102,102,102,102,16568320,16564224,7409664,135168,626688,1,systemd-network,S (sleeping),learner.bnsdq.ozxfs.fkiya.kvugl,0.9872875167786964
1759315994,47558,1,0,0,0,0,0,0,0,0,6979584,6979584,3358720,135168,278528,1,bash,S (sleeping),learner.bnsdq.ozxfs.fkiya.kvugl,0.0
1759315994,47557,1,0,0,0,0,0,0,0,0,728399872,728399872,7921664,135168,105480192,6,foundryc,S (sleeping),learner.bnsdq.ozxfs.fkiya.kvugl,0.0
1759315994,43195,1,0,0,0,0,0,0,0,0,1799233536,1732124672,24354816,135168,99774464,7,discern-interfa,S (sleeping),learner.bnsdq.ozxfs.fkiya.kvugl,0.006367844156313568
1759315994,47618,47569,0,0,0,0,0,0,0,0,5492736,5492736,577536,135168,180224,1,sleep,S (sleeping),learner.bnsdq.ozxfs.fkiya.kvugl,0.0
1759315999,47259,2,0,0,0,0,0,0,0,0,N/A,N/A,N/A,N/A,N/A,1,kworker/1,I (idle),learner.bnsdq.ozxfs.fkiya.kvugl,0.0
1759315999,47691,1,0,0,0,0,0,0,0,0,6979584,6979584,3411968,135168,278528,1,bash,S (sleeping),learner.bnsdq.ozxfs.fkiya.kvugl,0.0
1759315999,47697,1,0,0,0,0,0,0,0,0,6979584,6979584,3346432,135168,278528,1,bash,S (sleeping),learner.bnsdq.ozxfs.fkiya.kvugl,0.0
1759315999,43087,2,0,0,0,0,0,0,0,0,N/A,N/A,N/A,N/A,N/A,1,kworker/2,I (idle),learner.bnsdq.ozxfs.fkiya.kvugl,0.02460498589695595
1759315999,47686,1,0,0,0,0,0,0,0,0,6979584,6979584,3350528,135168,278528,1,bash,S (sleeping),learner.bnsdq.ozxfs.fkiya.kvugl,0.0
1759315999,47705,47697,0,0,0,0,0,0,0,0,5492736,5492736,585728,135168,180224,1,sleep,S (sleeping),learner.bnsdq.ozxfs.fkiya.kvugl,0.0
1759315999,47704,47686,0,0,0,0,0,0,0,0,5492736,5492736,577536,135168,180224,1,sleep,S (sleeping),learner.bnsdq.ozxfs.fkiya.kvugl,0.0
1759315999,43214,2,0,0,0,0,0,0,0,0,N/A,N/A,N/A,N/A,N/A,1,kworker/3,I (idle),learner.bnsdq.ozxfs.fkiya.kvugl,0.012612789607258533
1759315999,43195,1,0,0,0,0,0,0,0,0,1799233536,1732124672,24354816,135168,99774464,7,discern-interfa,S (sleeping),learner.bnsdq.ozxfs.fkiya.kvugl,0.006266868377287074
1759315999,47685,1,0,0,0,0,0,0,0,0,728662016,728662016,7921664,135168,105742336,6,foundryc,S (sleeping),learner.bnsdq.ozxfs.fkiya.kvugl,0.0
1759315999,47707,47699,0,0,0,0,0,0,0,0,5492736,5492736,585728,135168,180224,1,sleep,S (sleeping),learner.bnsdq.ozxfs.fkiya.kvugl,0.0
1759315999,47709,1,101,101,101,101,102,102,102,102,16568320,16564224,7311360,135168,626688,1,systemd-network,S (sleeping),learner.bnsdq.ozxfs.fkiya.kvugl,7.898311853613895
1759315999,47700,1,0,0,0,0,0,0,0,0,6979584,6979584,3219456,135168,278528,1,bash,S (sleeping),learner.bnsdq.ozxfs.fkiya.kvugl,0.0
1759315999,47452,2,0,0,0,0,0,0,0,0,N/A,N/A,N/A,N/A,N/A,1,kworker/2,I (idle),learner.bnsdq.ozxfs.fkiya.kvugl,0.0
1759315999,47706,47691,0,0,0,0,0,0,0,0,5492736,5492736,577536,135168,180224,1,sleep,S (sleeping),learner.bnsdq.ozxfs.fkiya.kvugl,0.0
1759315999,47708,47700,0,0,0,0,0,0,0,0,5492736,5492736,516096,135168,180224,1,sleep,S (sleeping),learner.bnsdq.ozxfs.fkiya.kvugl,0.0
1759315999,43084,2,0,0,0,0,0,0,0,0,N/A,N/A,N/A,N/A,N/A,1,kworker/0,I (idle),learner.bnsdq.ozxfs.fkiya.kvugl,0.01230236516535068
1759315999,47699,1,0,0,0,0,0,0,0,0,6979584,6979584,3235840,135168,278528,1,bash,S (sleeping),learner.bnsdq.ozxfs.fkiya.kvugl,0.0
1759316004,47697,1,0,0,0,0,0,0,0,0,6979584,6979584,3358720,135168,278528,1,bash,S (sleeping),learner.bnsdq.ozxfs.fkiya.kvugl,0.0
1759316004,47785,241,0,0,0,0,0,0,0,0,23040000,21975040,4079616,135168,724992,1,systemd-udevd,S (sleeping),learner.bnsdq.ozxfs.fkiya.kvugl,0.0
1759316004,47691,1,0,0,0,0,0,0,0,0,6979584,6979584,3440640,135168,278528,1,bash,S (sleeping),learner.bnsdq.ozxfs.fkiya.kvugl,0.0
1759316004,47761,47686,0,0,0,0,0,0,0,0,5492736,5492736,516096,135168,180224,1,sleep,S (sleeping),learner.bnsdq.ozxfs.fkiya.kvugl,0.0
1759316004,47699,1,0,0,0,0,0,0,0,0,6979584,6979584,3244032,135168,278528,1,bash,S (sleeping),learner.bnsdq.ozxfs.fkiya.kvugl,0.0
1759316004,47259,2,0,0,0,0,0,0,0,0,N/A,N/A,N/A,N/A,N/A,1,kworker/1,I (idle),learner.bnsdq.ozxfs.fkiya.kvugl,0.0
1759316004,43214,2,0,0,0,0,0,0,0,0,N/A,N/A,N/A,N/A,N/A,1,kworker/3,I (idle),learner.bnsdq.ozxfs.fkiya.kvugl,0.01241448423412562
1759316004,47757,47699,0,0,0,0,0,0,0,0,5492736,5492736,516096,135168,180224,1,sleep,S (sleeping),learner.bnsdq.ozxfs.fkiya.kvugl,0.0
1759316004,47758,47691,0,0,0,0,0,0,0,0,5492736,5492736,581632,135168,180224,1,sleep,S (sleeping),learner.bnsdq.ozxfs.fkiya.kvugl,0.0
1759316004,43195,1,0,0,0,0,0,0,0,0,1799233536,1732124672,24354816,135168,99774464,7,discern-interfa,S (sleeping),learner.bnsdq.ozxfs.fkiya.kvugl,0.006168933062193142
1759316004,47773,1,101,101,101,101,102,102,102,102,16568320,16564224,7360512,135168,626688,1,systemd-network,S (sleeping),learner.bnsdq.ozxfs.fkiya.kvugl,4.147720129976143
1759316004,47686,1,0,0,0,0,0,0,0,0,6979584,6979584,3371008,135168,278528,1,bash,S (sleeping),learner.bnsdq.ozxfs.fkiya.kvugl,0.0
1759316004,47756,47697,0,0,0,0,0,0,0,0,5492736,5492736,512000,135168,180224,1,sleep,S (sleeping),learner.bnsdq.ozxfs.fkiya.kvugl,0.0
1759316004,43087,2,0,0,0,0,0,0,0,0,N/A,N/A,N/A,N/A,N/A,1,kworker/2,I (idle),learner.bnsdq.ozxfs.fkiya.kvugl,0.02422727773132444
1759316004,47700,1,0,0,0,0,0,0,0,0,6979584,6979584,3231744,135168,278528,1,bash,S (sleeping),learner.bnsdq.ozxfs.fkiya.kvugl,0.0
1759316004,47759,47700,0,0,0,0,0,0,0,0,5492736,5492736,585728,135168,180224,1,sleep,S (sleeping),learner.bnsdq.ozxfs.fkiya.kvugl,0.0
1759316004,47452,2,0,0,0,0,0,0,0,0,N/A,N/A,N/A,N/A,N/A,1,kworker/2,I (idle),learner.bnsdq.ozxfs.fkiya.kvugl,0.0
1759316004,43084,2,0,0,0,0,0,0,0,0,N/A,N/A,N/A,N/A,N/A,1,kworker/0,I (idle),learner.bnsdq.ozxfs.fkiya.kvugl,0.0121135975228394
1759316009,47812,1,0,0,0,0,0,0,0,0,728662016,728662016,10018816,135168,105742336,6,foundryc,S (sleeping),learner.bnsdq.ozxfs.fkiya.kvugl,0.0
1759316009,43084,2,0,0,0,0,0,0,0,0,N/A,N/A,N/A,N/A,N/A,1,kworker/0,I (idle),learner.bnsdq.ozxfs.fkiya.kvugl,0.014913343256119605
1759316009,47259,2,0,0,0,0,0,0,0,0,N/A,N/A,N/A,N/A,N/A,1,kworker/1,I (idle),learner.bnsdq.ozxfs.fkiya.kvugl,0.0
1759316009,47847,47826,0,0,0,0,0,0,0,0,5492736,5492736,516096,135168,180224,1,sleep,S (sleeping),learner.bnsdq.ozxfs.fkiya.kvugl,0.0
1759316009,47826,1,0,0,0,0,0,0,0,0,6979584,6979584,3272704,135168,278528,1,bash,S (sleeping),learner.bnsdq.ozxfs.fkiya.kvugl,0.0
1759316009,47846,47818,0,0,0,0,0,0,0,0,5492736,5492736,581632,135168,180224,1,sleep,S (sleeping),learner.bnsdq.ozxfs.fkiya.kvugl,0.0
1759316009,43214,2,0,0,0,0,0,0,0,0,N/A,N/A,N/A,N/A,N/A,1,kworker/3,I (idle),learner.bnsdq.ozxfs.fkiya.kvugl,0.012222260573543796
1759316009,47818,1,0,0,0,0,0,0,0,0,6979584,6979584,3215360,135168,278528,1,bash,S (sleeping),learner.bnsdq.ozxfs.fkiya.kvugl,0.0
1759316009,47820,1,0,0,0,0,0,0,0,0,6979584,6979584,3194880,135168,278528,1,bash,S (sleeping),learner.bnsdq.ozxfs.fkiya.kvugl,0.0
1759316009,47452,2,0,0,0,0,0,0,0,0,N/A,N/A,N/A,N/A,N/A,1,kworker/2,I (idle),learner.bnsdq.ozxfs.fkiya.kvugl,0.0
1759316009,47836,1,101,101,101,101,102,102,102,102,16568320,16564224,7290880,135168,626688,1,systemd-network,S (sleeping),learner.bnsdq.ozxfs.fkiya.kvugl,2.6398868228777252
1759316009,47813,1,0,0,0,0,0,0,0,0,6979584,6979584,3411968,135168,278528,1,bash,S (sleeping),learner.bnsdq.ozxfs.fkiya.kvugl,0.0
1759316009,47843,47823,0,0,0,0,0,0,0,0,5492736,5492736,536576,135168,180224,1,sleep,S (sleeping),learner.bnsdq.ozxfs.fkiya.kvugl,0.0
1759316009,43195,1,0,0,0,0,0,0,0,0,1799233536,1732124672,24354816,135168,99774464,7,discern-interfa,S (sleeping),learner.bnsdq.ozxfs.fkiya.kvugl,0.006073974289651942
1759316009,47844,47813,0,0,0,0,0,0,0,0,5492736,5492736,544768,135168,180224,1,sleep,S (sleeping),learner.bnsdq.ozxfs.fkiya.kvugl,0.0
1759316009,47845,47820,0,0,0,0,0,0,0,0,5492736,5492736,512000,135168,180224,1,sleep,S (sleeping),learner.bnsdq.ozxfs.fkiya.kvugl,0.0
1759316009,43087,2,0,0,0,0,0,0,0,0,N/A,N/A,N/A,N/A,N/A,1,kworker/2,I (idle),learner.bnsdq.ozxfs.fkiya.kvugl,0.02386104161201636
1759316009,47823,1,0,0,0,0,0,0,0,0,6979584,6979584,3231744,135168,278528,1,bash,S (sleeping),learner.bnsdq.ozxfs.fkiya.kvugl,0.0
1759316014,43195,1,0,0,0,0,0,0,0,0,1799233536,1732124672,24354816,135168,99774464,7,discern-interfa,S (sleeping),learner.bnsdq.ozxfs.fkiya.kvugl,0.005982024579984836
1759316014,43214,2,0,0,0,0,0,0,0,0,N/A,N/A,N/A,N/A,N/A,1,kworker/3,I (idle),learner.bnsdq.ozxfs.fkiya.kvugl,0.012036038570264295
1759316014,43084,2,0,0,0,0,0,0,0,0,N/A,N/A,N/A,N/A,N/A,1,kworker/0,I (idle),learner.bnsdq.ozxfs.fkiya.kvugl,0.014691383273738676
1759316014,47259,2,0,0,0,0,0,0,0,0,N/A,N/A,N/A,N/A,N/A,1,kworker/1,I (idle),learner.bnsdq.ozxfs.fkiya.kvugl,0.0
1759316014,47452,2,0,0,0,0,0,0,0,0,N/A,N/A,N/A,N/A,N/A,1,kworker/2,I (idle),learner.bnsdq.ozxfs.fkiya.kvugl,0.0
1759316014,47900,1,101,101,101,101,102,102,102,102,16568320,16564224,7450624,135168,626688,1,systemd-network,S (sleeping),learner.bnsdq.ozxfs.fkiya.kvugl,2.5680518349347117
1759316014,47911,241,0,0,0,0,0,0,0,0,23040000,21975040,4079616,135168,724992,1,systemd-udevd,S (sleeping),learner.bnsdq.ozxfs.fkiya.kvugl,0.0
1759316014,43087,2,0,0,0,0,0,0,0,0,N/A,N/A,N/A,N/A,N/A,1,kworker/2,I (idle),learner.bnsdq.ozxfs.fkiya.kvugl,0.023506113613274798
1759316019,43195,1,0,0,0,0,0,0,0,0,1799233536,1732124672,24354816,135168,99774464,7,discern-interfa,S (sleeping),learner.bnsdq.ozxfs.fkiya.kvugl,0.005893317076750815
1759316019,47948,1,0,0,0,0,0,0,0,0,6979584,6979584,3371008,135168,278528,1,bash,S (sleeping),learner.bnsdq.ozxfs.fkiya.kvugl,0.0
1759316019,47945,1,0,0,0,0,0,0,0,0,6979584,6979584,3239936,135168,278528,1,bash,S (sleeping),learner.bnsdq.ozxfs.fkiya.kvugl,0.0
1759316019,47981,47940,0,0,0,0,0,0,0,0,5492736,5492736,512000,135168,180224,1,sleep,S (sleeping),learner.bnsdq.ozxfs.fkiya.kvugl,0.0
1759316019,47963,1,101,101,101,101,102,102,102,102,16568320,16564224,7622656,135168,626688,1,systemd-network,S (sleeping),learner.bnsdq.ozxfs.fkiya.kvugl,1.4843111846381611
1759316019,47939,1,0,0,0,0,0,0,0,0,728662016,728662016,7925760,135168,105742336,6,foundryc,S (sleeping),learner.bnsdq.ozxfs.fkiya.kvugl,0.0
1759316019,47951,1,0,0,0,0,0,0,0,0,6979584,6979584,3264512,135168,278528,1,bash,S (sleeping),learner.bnsdq.ozxfs.fkiya.kvugl,0.0
1759316019,47982,47948,0,0,0,0,0,0,0,0,5492736,5492736,516096,135168,180224,1,sleep,S (sleeping),learner.bnsdq.ozxfs.fkiya.kvugl,0.0
1759316019,47940,1,0,0,0,0,0,0,0,0,6979584,6979584,3334144,135168,278528,1,bash,S (sleeping),learner.bnsdq.ozxfs.fkiya.kvugl,0.0
1759316019,43084,2,0,0,0,0,0,0,0,0,N/A,N/A,N/A,N/A,N/A,1,kworker/0,I (idle),learner.bnsdq.ozxfs.fkiya.kvugl,0.014477229893597536
1759316019,47452,2,0,0,0,0,0,0,0,0,N/A,N/A,N/A,N/A,N/A,1,kworker/2,I (idle),learner.bnsdq.ozxfs.fkiya.kvugl,0.0
1759316019,47983,47953,0,0,0,0,0,0,0,0,5492736,5492736,520192,135168,180224,1,sleep,S (sleeping),learner.bnsdq.ozxfs.fkiya.kvugl,0.0
1759316019,47980,47951,0,0,0,0,0,0,0,0,5492736,5492736,520192,135168,180224,1,sleep,S (sleeping),learner.bnsdq.ozxfs.fkiya.kvugl,0.0
1759316019,43214,2,0,0,0,0,0,0,0,0,N/A,N/A,N/A,N/A,N/A,1,kworker/3,I (idle),learner.bnsdq.ozxfs.fkiya.kvugl,0.011856382838673176
1759316019,47259,2,0,0,0,0,0,0,0,0,N/A,N/A,N/A,N/A,N/A,1,kworker/1,I (idle),learner.bnsdq.ozxfs.fkiya.kvugl,0.0
1759316019,47953,1,0,0,0,0,0,0,0,0,6979584,6979584,3235840,135168,278528,1,bash,S (sleeping),learner.bnsdq.ozxfs.fkiya.kvugl,0.0
1759316019,47984,47945,0,0,0,0,0,0,0,0,5492736,5492736,581632,135168,180224,1,sleep,S (sleeping),learner.bnsdq.ozxfs.fkiya.kvugl,0.0
1759316019,43087,2,0,0,0,0,0,0,0,0,N/A,N/A,N/A,N/A,N/A,1,kworker/2,I (idle),learner.bnsdq.ozxfs.fkiya.kvugl,0.02605885355672146
1759316024,48041,2,0,0,0,0,0,0,0,0,N/A,N/A,N/A,N/A,N/A,1,kworker/1,I (idle),learner.bnsdq.ozxfs.fkiya.kvugl,0.0
1759316024,47259,2,0,0,0,0,0,0,0,0,N/A,N/A,N/A,N/A,N/A,1,kworker/1,I (idle),learner.bnsdq.ozxfs.fkiya.kvugl,0.0
1759316024,43195,1,0,0,0,0,0,0,0,0,1799233536,1732124672,24354816,135168,99774464,7,discern-interfa,S (sleeping),learner.bnsdq.ozxfs.fkiya.kvugl,0.005806714752399669
1759316024,43214,2,0,0,0,0,0,0,0,0,N/A,N/A,N/A,N/A,N/A,1,kworker/3,I (idle),learner.bnsdq.ozxfs.fkiya.kvugl,0.011681250376710486
1759316024,43084,2,0,0,0,0,0,0,0,0,N/A,N/A,N/A,N/A,N/A,1,kworker/0,I (idle),learner.bnsdq.ozxfs.fkiya.kvugl,0.014268210142657401
1759316024,43087,2,0,0,0,0,0,0,0,0,N/A,N/A,N/A,N/A,N/A,1,kworker/2,I (idle),learner.bnsdq.ozxfs.fkiya.kvugl,0.02568275877096414
1759316024,47452,2,0,0,0,0,0,0,0,0,N/A,N/A,N/A,N/A,N/A,1,kworker/2,I (idle),learner.bnsdq.ozxfs.fkiya.kvugl,0.0
1759316024,48027,1,101,101,101,101,102,102,102,102,16568320,16564224,7491584,135168,626688,1,systemd-network,S (sleeping),learner.bnsdq.ozxfs.fkiya.kvugl,1.7491745795296685
1759316024,48039,241,0,0,0,0,0,0,0,0,23040000,21975040,4079616,135168,724992,1,systemd-udevd,S (sleeping),learner.bnsdq.ozxfs.fkiya.kvugl,0.0
1759316029,48097,1,1001,1001,1001,1001,1001,1001,1001,1001,15548416,15515648,8888320,135168,733184,1,systemd,S (sleeping),learner.bnsdq.ozxfs.fkiya.kvugl,2.0217843830237356
1759316029,48211,48180,0,0,0,0,0,0,0,0,886059008,881643520,194064384,147456,526671872,1,python3,R (running),learner.bnsdq.ozxfs.fkiya.kvugl,70.65698006412211
1759316029,48041,2,0,0,0,0,0,0,0,0,N/A,N/A,N/A,N/A,N/A,1,kworker/1,I (idle),learner.bnsdq.ozxfs.fkiya.kvugl,0.0
1759316029,48126,48115,1001,1001,1001,1001,1001,1001,1001,1001,6979584,6979584,3268608,135168,278528,1,bash,S (sleeping),learner.bnsdq.ozxfs.fkiya.kvugl,0.0
1759316029,48068,1,0,0,0,0,0,0,0,0,729841664,729841664,9842688,135168,106921984,6,foundryc,S (sleeping),learner.bnsdq.ozxfs.fkiya.kvugl,0.0
1759316029,48077,1,0,0,0,0,0,0,0,0,6979584,6979584,3276800,135168,278528,1,bash,S (sleeping),learner.bnsdq.ozxfs.fkiya.kvugl,0.0
1759316029,43087,2,0,0,0,0,0,0,0,0,N/A,N/A,N/A,N/A,N/A,1,kworker/2,I (idle),learner.bnsdq.ozxfs.fkiya.kvugl,0.07595706539637007
1759316029,48139,2,0,0,0,0,0,0,0,0,N/A,N/A,N/A,N/A,N/A,1,kworker/u8,I (idle),learner.bnsdq.ozxfs.fkiya.kvugl,0.0
1759316029,48160,1,0,0,0,0,0,0,0,0,1410498560,1410498560,12894208,135168,182779904,10,containerd-shim,S (sleeping),learner.bnsdq.ozxfs.fkiya.kvugl,0.2886397678564097
1759316029,48180,48160,0,0,0,0,0,0,0,0,5939200,5926912,3379200,135168,307200,1,bash,S (sleeping),learner.bnsdq.ozxfs.fkiya.kvugl,1.6228548182520808
1759316029,43195,1,0,0,0,0,0,0,0,0,1799233536,1732124672,24354816,135168,99774464,7,discern-interfa,S (sleeping),learner.bnsdq.ozxfs.fkiya.kvugl,0.005723032678261277
1759316029,48256,48077,0,0,0,0,0,0,0,0,5492736,5492736,520192,135168,180224,1,sleep,S (sleeping),learner.bnsdq.ozxfs.fkiya.kvugl,0.0
1759316029,48137,2,0,0,0,0,0,0,0,0,N/A,N/A,N/A,N/A,N/A,1,kworker/u8,I (idle),learner.bnsdq.ozxfs.fkiya.kvugl,0.0
1759316029,48151,241,0,0,0,0,0,0,0,0,21975040,21975040,2977792,135168,724992,1,systemd-udevd,S (sleeping),learner.bnsdq.ozxfs.fkiya.kvugl,0.0
1759316029,48084,1,0,0,0,0,0,0,0,0,6979584,6979584,3293184,135168,278528,1,bash,S (sleeping),learner.bnsdq.ozxfs.fkiya.kvugl,0.0
1759316029,48128,48127,0,0,0,0,0,0,0,0,1448742912,1382223872,56872960,135168,177422336,9,docker,S (sleeping),learner.bnsdq.ozxfs.fkiya.kvugl,1.442378445408527
1759316029,47259,2,0,0,0,0,0,0,0,0,N/A,N/A,N/A,N/A,N/A,1,kworker/1,I (idle),learner.bnsdq.ozxfs.fkiya.kvugl,0.0
1759316029,48115,48094,1001,1001,1001,1001,1001,1001,1001,1001,15069184,15069184,4825088,135168,1175552,1,sshd,S (sleeping),learner.bnsdq.ozxfs.fkiya.kvugl,0.0
1759316029,48254,48084,0,0,0,0,0,0,0,0,5492736,5492736,581632,135168,180224,1,sleep,S (sleeping),learner.bnsdq.ozxfs.fkiya.kvugl,0.0
1759316029,48092,1,101,101,101,101,102,102,102,102,16568320,16564224,7286784,135168,626688,1,systemd-network,S (sleeping),learner.bnsdq.ozxfs.fkiya.kvugl,1.5668329656992195
1759316029,48094,2699,0,0,0,0,0,0,0,0,15106048,15069184,9199616,135168,1175552,1,sshd,S (sleeping),learner.bnsdq.ozxfs.fkiya.kvugl,0.2883607200952322
1759316029,48143,241,0,0,0,0,0,0,0,0,21975040,21975040,3174400,135168,724992,1,systemd-udevd,S (sleeping),learner.bnsdq.ozxfs.fkiya.kvugl,0.0
1759316029,43214,2,0,0,0,0,0,0,0,0,N/A,N/A,N/A,N/A,N/A,1,kworker/3,I (idle),learner.bnsdq.ozxfs.fkiya.kvugl,0.011511837685188006
1759316029,48135,2,0,0,0,0,0,0,0,0,N/A,N/A,N/A,N/A,N/A,1,kworker/u8,I (idle),learner.bnsdq.ozxfs.fkiya.kvugl,0.0
1759316029,48081,1,0,0,0,0,0,0,0,0,6979584,6979584,3289088,135168,278528,1,bash,S (sleeping),learner.bnsdq.ozxfs.fkiya.kvugl,0.0
1759316029,48142,241,0,0,0,0,0,0,0,0,21975040,21975040,3108864,135168,724992,1,systemd-udevd,S (sleeping),learner.bnsdq.ozxfs.fkiya.kvugl,0.0
1759316029,48255,48069,0,0,0,0,0,0,0,0,5492736,5492736,516096,135168,180224,1,sleep,S (sleeping),learner.bnsdq.ozxfs.fkiya.kvugl,0.0
1759316029,43084,2,0,0,0,0,0,0,0,0,N/A,N/A,N/A,N/A,N/A,1,kworker/0,I (idle),learner.bnsdq.ozxfs.fkiya.kvugl,0.10690078377048222
1759316029,48069,1,0,0,0,0,0,0,0,0,6979584,6979584,3362816,135168,278528,1,bash,S (sleeping),learner.bnsdq.ozxfs.fkiya.kvugl,0.0
1759316029,48074,1,0,0,0,0,0,0,0,0,6979584,6979584,3448832,135168,278528,1,bash,S (sleeping),learner.bnsdq.ozxfs.fkiya.kvugl,0.0
1759316029,48127,48126,1001,0,0,0,0,0,0,0,11055104,11034624,5169152,135168,659456,1,sudo,S (sleeping),learner.bnsdq.ozxfs.fkiya.kvugl,0.0
1759316029,48257,48081,0,0,0,0,0,0,0,0,5492736,5492736,577536,135168,180224,1,sleep,S (sleeping),learner.bnsdq.ozxfs.fkiya.kvugl,0.0
1759316029,48212,48180,0,0,0,0,0,0,0,0,4386816,4386816,577536,135168,180224,1,tee,S (sleeping),learner.bnsdq.ozxfs.fkiya.kvugl,0.0
1759316029,48136,2,0,0,0,0,0,0,0,0,N/A,N/A,N/A,N/A,N/A,1,kworker/u8,I (idle),learner.bnsdq.ozxfs.fkiya.kvugl,0.0
1759316029,48138,2,0,0,0,0,0,0,0,0,N/A,N/A,N/A,N/A,N/A,1,kworker/u8,I (idle),learner.bnsdq.ozxfs.fkiya.kvugl,0.0
1759316029,48098,48097,1001,1001,1001,1001,1001,1001,1001,1001,172527616,172527616,3649536,1056768,20037632,1,(sd-pam),S (sleeping),learner.bnsdq.ozxfs.fkiya.kvugl,0.0
1759316029,48258,48074,0,0,0,0,0,0,0,0,5492736,5492736,581632,135168,180224,1,sleep,S (sleeping),learner.bnsdq.ozxfs.fkiya.kvugl,0.0
1759316029,47452,2,0,0,0,0,0,0,0,0,N/A,N/A,N/A,N/A,N/A,1,kworker/2,I (idle),learner.bnsdq.ozxfs.fkiya.kvugl,0.0
1759316034,48212,48180,0,0,0,0,0,0,0,0,4386816,4386816,577536,135168,180224,1,tee,S (sleeping),learner.bnsdq.ozxfs.fkiya.kvugl,0.0
1759316034,48097,1,1001,1001,1001,1001,1001,1001,1001,1001,15548416,15515648,8888320,135168,733184,1,systemd,S (sleeping),learner.bnsdq.ozxfs.fkiya.kvugl,0.8150760726491559
1759316034,48094,2699,0,0,0,0,0,0,0,0,15106048,15069184,9199616,135168,1175552,1,sshd,S (sleeping),learner.bnsdq.ozxfs.fkiya.kvugl,0.11643551324059961
1759316034,48041,2,0,0,0,0,0,0,0,0,N/A,N/A,N/A,N/A,N/A,1,kworker/1,I (idle),learner.bnsdq.ozxfs.fkiya.kvugl,0.0
1759316034,48128,48127,0,0,0,0,0,0,0,0,1448742912,1382223872,56872960,135168,177422336,9,docker,S (sleeping),learner.bnsdq.ozxfs.fkiya.kvugl,0.582141022953297
1759316034,47452,2,0,0,0,0,0,0,0,0,N/A,N/A,N/A,N/A,N/A,1,kworker/2,I (idle),learner.bnsdq.ozxfs.fkiya.kvugl,0.0
1759316034,47259,2,0,0,0,0,0,0,0,0,N/A,N/A,N/A,N/A,N/A,1,kworker/1,I (idle),learner.bnsdq.ozxfs.fkiya.kvugl,0.0
1759316034,48136,2,0,0,0,0,0,0,0,0,N/A,N/A,N/A,N/A,N/A,1,kworker/u8,I (idle),learner.bnsdq.ozxfs.fkiya.kvugl,0.0
1759316034,48138,2,0,0,0,0,0,0,0,0,N/A,N/A,N/A,N/A,N/A,1,kworker/u8,I (idle),learner.bnsdq.ozxfs.fkiya.kvugl,0.0
1759316034,48139,2,0,0,0,0,0,0,0,0,N/A,N/A,N/A,N/A,N/A,1,kworker/u8,I (idle),learner.bnsdq.ozxfs.fkiya.kvugl,0.0
1759316034,48115,48094,1001,1001,1001,1001,1001,1001,1001,1001,15069184,15069184,6053888,135168,1175552,1,sshd,S (sleeping),learner.bnsdq.ozxfs.fkiya.kvugl,0.0
1759316034,48098,48097,1001,1001,1001,1001,1001,1001,1001,1001,172527616,172527616,3649536,1056768,20037632,1,(sd-pam),S (sleeping),learner.bnsdq.ozxfs.fkiya.kvugl,0.0
1759316034,48321,241,0,0,0,0,0,0,0,0,23040000,21975040,4091904,135168,724992,1,systemd-udevd,S (sleeping),learner.bnsdq.ozxfs.fkiya.kvugl,0.0
1759316034,48135,2,0,0,0,0,0,0,0,0,N/A,N/A,N/A,N/A,N/A,1,kworker/u8,I (idle),learner.bnsdq.ozxfs.fkiya.kvugl,0.0
1759316034,48180,48160,0,0,0,0,0,0,0,0,5939200,5926912,3379200,135168,307200,1,bash,S (sleeping),learner.bnsdq.ozxfs.fkiya.kvugl,0.5268927571478795
1759316034,48211,48180,0,0,0,0,0,0,0,0,3262738432,3254329344,851009536,147456,1313280000,17,python3,R (running),learner.bnsdq.ozxfs.fkiya.kvugl,95.75930503786851
1759316034,48127,48126,1001,0,0,0,0,0,0,0,11055104,11034624,5169152,135168,659456,1,sudo,S (sleeping),learner.bnsdq.ozxfs.fkiya.kvugl,0.0
1759316034,43195,1,0,0,0,0,0,0,0,0,1799233536,1732124672,24354816,135168,99774464,7,discern-interfa,S (sleeping),learner.bnsdq.ozxfs.fkiya.kvugl,0.005640277185665258
1759316034,48126,48115,1001,1001,1001,1001,1001,1001,1001,1001,6979584,6979584,3268608,135168,278528,1,bash,S (sleeping),learner.bnsdq.ozxfs.fkiya.kvugl,0.0
1759316034,43084,2,0,0,0,0,0,0,0,0,N/A,N/A,N/A,N/A,N/A,1,kworker/0,I (idle),learner.bnsdq.ozxfs.fkiya.kvugl,0.10538196355438843
1759316034,43214,2,0,0,0,0,0,0,0,0,N/A,N/A,N/A,N/A,N/A,1,kworker/3,I (idle),learner.bnsdq.ozxfs.fkiya.kvugl,0.011344516430700662
1759316034,48137,2,0,0,0,0,0,0,0,0,N/A,N/A,N/A,N/A,N/A,1,kworker/u8,I (idle),learner.bnsdq.ozxfs.fkiya.kvugl,0.0
1759316034,48160,1,0,0,0,0,0,0,0,0,1410498560,1410498560,12894208,135168,182779904,10,containerd-shim,S (sleeping),learner.bnsdq.ozxfs.fkiya.kvugl,0.11636307604707494
1759316034,43087,2,0,0,0,0,0,0,0,0,N/A,N/A,N/A,N/A,N/A,1,kworker/2,I (idle),learner.bnsdq.ozxfs.fkiya.kvugl,0.07764964961697612
1759316034,48310,1,101,101,101,101,102,102,102,102,16568320,16568320,7483392,135168,630784,1,systemd-network,S (sleeping),learner.bnsdq.ozxfs.fkiya.kvugl,1.305967307881451
1759316039,48135,2,0,0,0,0,0,0,0,0,N/A,N/A,N/A,N/A,N/A,1,kworker/u8,I (idle),learner.bnsdq.ozxfs.fkiya.kvugl,0.0
1759316039,48451,48404,0,0,0,0,0,0,0,0,5492736,5492736,516096,135168,180224,1,sleep,S (sleeping),learner.bnsdq.ozxfs.fkiya.kvugl,0.0
1759316039,48139,2,0,0,0,0,0,0,0,0,N/A,N/A,N/A,N/A,N/A,1,kworker/u8,I (idle),learner.bnsdq.ozxfs.fkiya.kvugl,0.0
1759316039,48400,1,0,0,0,0,0,0,0,0,6979584,6979584,3420160,135168,278528,1,bash,S (sleeping),learner.bnsdq.ozxfs.fkiya.kvugl,0.0
1759316039,48444,48393,0,0,0,0,0,0,0,0,5492736,5492736,516096,135168,180224,1,sleep,S (sleeping),learner.bnsdq.ozxfs.fkiya.kvugl,0.0
1759316039,48180,48160,0,0,0,0,0,0,0,0,5939200,5926912,3379200,135168,307200,1,bash,S (sleeping),learner.bnsdq.ozxfs.fkiya.kvugl,0.31567148489577956
1759316039,48115,48094,1001,1001,1001,1001,1001,1001,1001,1001,15069184,15069184,6053888,135168,1175552,1,sshd,S (sleeping),learner.bnsdq.ozxfs.fkiya.kvugl,0.0
1759316039,48387,1,0,0,0,0,0,0,0,0,729841664,729841664,11878400,135168,106921984,6,foundryc,S (sleeping),learner.bnsdq.ozxfs.fkiya.kvugl,0.0
1759316039,48160,1,0,0,0,0,0,0,0,0,1410498560,1410498560,12894208,135168,182779904,10,containerd-shim,S (sleeping),learner.bnsdq.ozxfs.fkiya.kvugl,0.07314151685724454
1759316039,48212,48180,0,0,0,0,0,0,0,0,4386816,4386816,577536,135168,180224,1,tee,S (sleeping),learner.bnsdq.ozxfs.fkiya.kvugl,0.0
1759316039,48404,1,0,0,0,0,0,0,0,0,6979584,6979584,3231744,135168,278528,1,bash,S (sleeping),learner.bnsdq.ozxfs.fkiya.kvugl,0.0
1759316039,47452,2,0,0,0,0,0,0,0,0,N/A,N/A,N/A,N/A,N/A,1,kworker/2,I (idle),learner.bnsdq.ozxfs.fkiya.kvugl,0.0
1759316039,47259,2,0,0,0,0,0,0,0,0,N/A,N/A,N/A,N/A,N/A,1,kworker/1,I (idle),learner.bnsdq.ozxfs.fkiya.kvugl,0.0
1759316039,48388,1,0,0,0,0,0,0,0,0,6979584,6979584,3239936,135168,278528,1,bash,S (sleeping),learner.bnsdq.ozxfs.fkiya.kvugl,0.0
1759316039,48393,1,0,0,0,0,0,0,0,0,6979584,6979584,3395584,135168,278528,1,bash,S (sleeping),learner.bnsdq.ozxfs.fkiya.kvugl,0.0
1759316039,43214,2,0,0,0,0,0,0,0,0,N/A,N/A,N/A,N/A,N/A,1,kworker/3,I (idle),learner.bnsdq.ozxfs.fkiya.kvugl,0.011183376991606106
1759316039,48136,2,0,0,0,0,0,0,0,0,N/A,N/A,N/A,N/A,N/A,1,kworker/u8,I (idle),learner.bnsdq.ozxfs.fkiya.kvugl,0.0
1759316039,43084,2,0,0,0,0,0,0,0,0,N/A,N/A,N/A,N/A,N/A,1,kworker/0,I (idle),learner.bnsdq.ozxfs.fkiya.kvugl,0.10391766179759225
1759316039,43195,1,0,0,0,0,0,0,0,0,1799233536,1732124672,24354816,135168,99774464,7,discern-interfa,S (sleeping),learner.bnsdq.ozxfs.fkiya.kvugl,0.005560585267824559
1759316039,48094,2699,0,0,0,0,0,0,0,0,15106048,15069184,9199616,135168,1175552,1,sshd,S (sleeping),learner.bnsdq.ozxfs.fkiya.kvugl,0.07312828965860521
1759316039,48138,2,0,0,0,0,0,0,0,0,N/A,N/A,N/A,N/A,N/A,1,kworker/u8,I (idle),learner.bnsdq.ozxfs.fkiya.kvugl,0.0
1759316039,48450,48400,0,0,0,0,0,0,0,0,5492736,5492736,516096,135168,180224,1,sleep,S (sleeping),learner.bnsdq.ozxfs.fkiya.kvugl,0.0
1759316039,48411,1,101,101,101,101,102,102,102,102,16568320,16568320,7540736,135168,630784,1,systemd-network,S (sleeping),learner.bnsdq.ozxfs.fkiya.kvugl,1.2833383379571552
1759316039,48137,2,0,0,0,0,0,0,0,0,N/A,N/A,N/A,N/A,N/A,1,kworker/u8,I (idle),learner.bnsdq.ozxfs.fkiya.kvugl,0.0
1759316039,48126,48115,1001,1001,1001,1001,1001,1001,1001,1001,6979584,6979584,3268608,135168,278528,1,bash,S (sleeping),learner.bnsdq.ozxfs.fkiya.kvugl,0.0
1759316039,48041,2,0,0,0,0,0,0,0,0,N/A,N/A,N/A,N/A,N/A,1,kworker/1,I (idle),learner.bnsdq.ozxfs.fkiya.kvugl,0.0
1759316039,48452,48396,0,0,0,0,0,0,0,0,5492736,5492736,581632,135168,180224,1,sleep,S (sleeping),learner.bnsdq.ozxfs.fkiya.kvugl,0.0
1759316039,43087,2,0,0,0,0,0,0,0,0,N/A,N/A,N/A,N/A,N/A,1,kworker/2,I (idle),learner.bnsdq.ozxfs.fkiya.kvugl,0.07657042580133502
1759316039,48128,48127,0,0,0,0,0,0,0,0,1448742912,1382223872,56872960,135168,177422336,9,docker,S (sleeping),learner.bnsdq.ozxfs.fkiya.kvugl,0.36558638174800123
1759316039,48449,48388,0,0,0,0,0,0,0,0,5492736,5492736,581632,135168,180224,1,sleep,S (sleeping),learner.bnsdq.ozxfs.fkiya.kvugl,0.0
1759316039,48098,48097,1001,1001,1001,1001,1001,1001,1001,1001,172527616,172527616,3649536,1056768,20037632,1,(sd-pam),S (sleeping),learner.bnsdq.ozxfs.fkiya.kvugl,0.0
1759316039,48396,1,0,0,0,0,0,0,0,0,6979584,6979584,3383296,135168,278528,1,bash,S (sleeping),learner.bnsdq.ozxfs.fkiya.kvugl,0.0
1759316039,48097,1,1001,1001,1001,1001,1001,1001,1001,1001,15548416,15515648,8888320,135168,733184,1,systemd,S (sleeping),learner.bnsdq.ozxfs.fkiya.kvugl,0.5117859134880931
1759316039,48127,48126,1001,0,0,0,0,0,0,0,11055104,11034624,5169152,135168,659456,1,sudo,S (sleeping),learner.bnsdq.ozxfs.fkiya.kvugl,0.0
1759316039,48211,48180,0,0,0,0,0,0,0,0,3265617920,3260010496,899325952,147456,1353834496,17,python3,S (sleeping),learner.bnsdq.ozxfs.fkiya.kvugl,111.1283551979575
1759316044,48538,48523,0,0,0,0,0,0,0,0,5492736,5492736,516096,135168,180224,1,sleep,S (sleeping),learner.bnsdq.ozxfs.fkiya.kvugl,0.0
1759316044,47259,2,0,0,0,0,0,0,0,0,N/A,N/A,N/A,N/A,N/A,1,kworker/1,I (idle),learner.bnsdq.ozxfs.fkiya.kvugl,0.0
1759316045,48515,1,0,0,0,0,0,0,0,0,728399872,728399872,7925760,135168,105480192,6,foundryc,S (sleeping),learner.bnsdq.ozxfs.fkiya.kvugl,0.0
1759316045,43214,2,0,0,0,0,0,0,0,0,N/A,N/A,N/A,N/A,N/A,1,kworker/3,I (idle),learner.bnsdq.ozxfs.fkiya.kvugl,0.011025703971060586
1759316045,43087,2,0,0,0,0,0,0,0,0,N/A,N/A,N/A,N/A,N/A,1,kworker/2,I (idle),learner.bnsdq.ozxfs.fkiya.kvugl,0.07821162630413962
1759316045,47452,2,0,0,0,0,0,0,0,0,N/A,N/A,N/A,N/A,N/A,1,kworker/2,I (idle),learner.bnsdq.ozxfs.fkiya.kvugl,0.0
1759316045,48536,48521,0,0,0,0,0,0,0,0,5492736,5492736,581632,135168,180224,1,sleep,S (sleeping),learner.bnsdq.ozxfs.fkiya.kvugl,0.0
1759316045,48128,48127,0,0,0,0,0,0,0,0,1448742912,1382223872,56872960,135168,177422336,9,docker,S (sleeping),learner.bnsdq.ozxfs.fkiya.kvugl,0.26610404446079916
1759316045,48537,48526,0,0,0,0,0,0,0,0,5492736,5492736,581632,135168,180224,1,sleep,S (sleeping),learner.bnsdq.ozxfs.fkiya.kvugl,0.0
1759316045,43084,2,0,0,0,0,0,0,0,0,N/A,N/A,N/A,N/A,N/A,1,kworker/0,I (idle),learner.bnsdq.ozxfs.fkiya.kvugl,0.10248383944388448
1759316045,48137,2,0,0,0,0,0,0,0,0,N/A,N/A,N/A,N/A,N/A,1,kworker/u8,I (idle),learner.bnsdq.ozxfs.fkiya.kvugl,0.0
1759316045,48530,1,0,0,0,0,0,0,0,0,6979584,6979584,3391488,135168,278528,1,bash,S (sleeping),learner.bnsdq.ozxfs.fkiya.kvugl,0.0
1759316045,48212,48180,0,0,0,0,0,0,0,0,4386816,4386816,577536,135168,180224,1,tee,S (sleeping),learner.bnsdq.ozxfs.fkiya.kvugl,0.0
1759316045,48535,48530,0,0,0,0,0,0,0,0,5492736,5492736,516096,135168,180224,1,sleep,S (sleeping),learner.bnsdq.ozxfs.fkiya.kvugl,0.0
1759316045,48098,48097,1001,1001,1001,1001,1001,1001,1001,1001,172527616,172527616,3649536,1056768,20037632,1,(sd-pam),S (sleeping),learner.bnsdq.ozxfs.fkiya.kvugl,0.0
1759316045,48160,1,0,0,0,0,0,0,0,0,1410498560,1410498560,12894208,135168,182779904,10,containerd-shim,S (sleeping),learner.bnsdq.ozxfs.fkiya.kvugl,0.05321414485929502
1759316045,48523,1,0,0,0,0,0,0,0,0,6979584,6979584,3080192,135168,278528,1,bash,S (sleeping),learner.bnsdq.ozxfs.fkiya.kvugl,0.0
1759316045,48521,1,0,0,0,0,0,0,0,0,6979584,6979584,3403776,135168,278528,1,bash,S (sleeping),learner.bnsdq.ozxfs.fkiya.kvugl,0.0
1759316045,48139,2,0,0,0,0,0,0,0,0,N/A,N/A,N/A,N/A,N/A,1,kworker/u8,I (idle),learner.bnsdq.ozxfs.fkiya.kvugl,0.0
1759316045,48135,2,0,0,0,0,0,0,0,0,N/A,N/A,N/A,N/A,N/A,1,kworker/u8,I (idle),learner.bnsdq.ozxfs.fkiya.kvugl,0.0
1759316045,43195,1,0,0,0,0,0,0,0,0,1799233536,1732124672,24354816,135168,99774464,7,discern-interfa,S (sleeping),learner.bnsdq.ozxfs.fkiya.kvugl,0.005482557274205369
1759316045,48138,2,0,0,0,0,0,0,0,0,N/A,N/A,N/A,N/A,N/A,1,kworker/u8,I (idle),learner.bnsdq.ozxfs.fkiya.kvugl,0.0
1759316045,48126,48115,1001,1001,1001,1001,1001,1001,1001,1001,6979584,6979584,3268608,135168,278528,1,bash,S (sleeping),learner.bnsdq.ozxfs.fkiya.kvugl,0.0
1759316045,48534,48516,0,0,0,0,0,0,0,0,5492736,5492736,512000,135168,180224,1,sleep,S (sleeping),learner.bnsdq.ozxfs.fkiya.kvugl,0.0
1759316045,48211,48180,0,0,0,0,0,0,0,0,3276677120,3265540096,941805568,147456,1389277184,17,python3,S (sleeping),learner.bnsdq.ozxfs.fkiya.kvugl,120.48799526777734
1759316045,48526,1,0,0,0,0,0,0,0,0,6979584,6979584,3072000,135168,278528,1,bash,S (sleeping),learner.bnsdq.ozxfs.fkiya.kvugl,0.0
1759316045,48041,2,0,0,0,0,0,0,0,0,N/A,N/A,N/A,N/A,N/A,1,kworker/1,I (idle),learner.bnsdq.ozxfs.fkiya.kvugl,0.0
1759316045,48180,48160,0,0,0,0,0,0,0,0,5939200,5926912,3379200,135168,307200,1,bash,S (sleeping),learner.bnsdq.ozxfs.fkiya.kvugl,0.22478210551462977
1759316045,48094,2699,0,0,0,0,0,0,0,0,15106048,15069184,9199616,135168,1175552,1,sshd,S (sleeping),learner.bnsdq.ozxfs.fkiya.kvugl,0.053205001833187646
1759316045,48136,2,0,0,0,0,0,0,0,0,N/A,N/A,N/A,N/A,N/A,1,kworker/u8,I (idle),learner.bnsdq.ozxfs.fkiya.kvugl,0.0
1759316045,48097,1,1001,1001,1001,1001,1001,1001,1001,1001,15548416,15515648,8888320,135168,733184,1,systemd,S (sleeping),learner.bnsdq.ozxfs.fkiya.kvugl,0.3724262273246852
1759316045,48115,48094,1001,1001,1001,1001,1001,1001,1001,1001,15069184,15069184,6053888,135168,1175552,1,sshd,S (sleeping),learner.bnsdq.ozxfs.fkiya.kvugl,0.0
1759316045,48127,48126,1001,0,0,0,0,0,0,0,11055104,11034624,5169152,135168,659456,1,sudo,S (sleeping),learner.bnsdq.ozxfs.fkiya.kvugl,0.0
1759316045,48516,1,0,0,0,0,0,0,0,0,6979584,6979584,3088384,135168,278528,1,bash,S (sleeping),learner.bnsdq.ozxfs.fkiya.kvugl,0.0
1759316045,48539,1,101,101,101,101,102,102,102,102,16568320,16568320,7462912,135168,630784,1,systemd-network,D (disk sleep),learner.bnsdq.ozxfs.fkiya.kvugl,6.277131724918763
1759316050,48041,2,0,0,0,0,0,0,0,0,N/A,N/A,N/A,N/A,N/A,1,kworker/1,I (idle),learner.bnsdq.ozxfs.fkiya.kvugl,0.0
1759316050,48115,48094,1001,1001,1001,1001,1001,1001,1001,1001,15069184,15069184,6053888,135168,1175552,1,sshd,S (sleeping),learner.bnsdq.ozxfs.fkiya.kvugl,0.0
1759316050,43087,2,0,0,0,0,0,0,0,0,N/A,N/A,N/A,N/A,N/A,1,kworker/2,I (idle),learner.bnsdq.ozxfs.fkiya.kvugl,0.07710458162340793
1759316050,48139,2,0,0,0,0,0,0,0,0,N/A,N/A,N/A,N/A,N/A,1,kworker/u8,I (idle),learner.bnsdq.ozxfs.fkiya.kvugl,0.0
1759316050,48516,1,0,0,0,0,0,0,0,0,6979584,6979584,3162112,135168,278528,1,bash,S (sleeping),learner.bnsdq.ozxfs.fkiya.kvugl,0.0
1759316050,48097,1,1001,1001,1001,1001,1001,1001,1001,1001,15548416,15515648,8888320,135168,733184,1,systemd,S (sleeping),learner.bnsdq.ozxfs.fkiya.kvugl,0.29029647534666186
1759316050,47259,2,0,0,0,0,0,0,0,0,N/A,N/A,N/A,N/A,N/A,1,kworker/1,I (idle),learner.bnsdq.ozxfs.fkiya.kvugl,0.0
1759316050,48211,48180,0,0,0,0,0,0,0,0,3288031232,3271217152,997388288,147456,1437655040,17,python3,S (sleeping),learner.bnsdq.ozxfs.fkiya.kvugl,127.6729186809707
1759316050,48587,48521,0,0,0,0,0,0,0,0,5492736,5492736,581632,135168,180224,1,sleep,S (sleeping),learner.bnsdq.ozxfs.fkiya.kvugl,0.0
1759316050,43195,1,0,0,0,0,0,0,0,0,1799233536,1732124672,24354816,135168,99774464,7,discern-interfa,S (sleeping),learner.bnsdq.ozxfs.fkiya.kvugl,0.00540373727953533
1759316050,48586,48530,0,0,0,0,0,0,0,0,5492736,5492736,512000,135168,180224,1,sleep,S (sleeping),learner.bnsdq.ozxfs.fkiya.kvugl,0.0
1759316050,48589,48516,0,0,0,0,0,0,0,0,5492736,5492736,581632,135168,180224,1,sleep,S (sleeping),learner.bnsdq.ozxfs.fkiya.kvugl,0.0
1759316050,48094,2699,0,0,0,0,0,0,0,0,15106048,15069184,9199616,135168,1175552,1,sshd,S (sleeping),learner.bnsdq.ozxfs.fkiya.kvugl,0.04146786921612493
1759316050,48526,1,0,0,0,0,0,0,0,0,6979584,6979584,3145728,135168,278528,1,bash,S (sleeping),learner.bnsdq.ozxfs.fkiya.kvugl,0.0
1759316050,48590,48523,0,0,0,0,0,0,0,0,5492736,5492736,581632,135168,180224,1,sleep,S (sleeping),learner.bnsdq.ozxfs.fkiya.kvugl,0.0
1759316050,47452,2,0,0,0,0,0,0,0,0,N/A,N/A,N/A,N/A,N/A,1,kworker/2,I (idle),learner.bnsdq.ozxfs.fkiya.kvugl,0.0
1759316050,48126,48115,1001,1001,1001,1001,1001,1001,1001,1001,6979584,6979584,3268608,135168,278528,1,bash,S (sleeping),learner.bnsdq.ozxfs.fkiya.kvugl,0.0
1759316050,48160,1,0,0,0,0,0,0,0,0,1410498560,1410498560,12894208,135168,182779904,10,containerd-shim,S (sleeping),learner.bnsdq.ozxfs.fkiya.kvugl,0.041465526764087664
1759316050,48615,241,0,0,0,0,0,0,0,0,23040000,21975040,4087808,135168,724992,1,systemd-udevd,S (sleeping),learner.bnsdq.ozxfs.fkiya.kvugl,0.0
1759316050,48098,48097,1001,1001,1001,1001,1001,1001,1001,1001,172527616,172527616,3649536,1056768,20037632,1,(sd-pam),S (sleeping),learner.bnsdq.ozxfs.fkiya.kvugl,0.0
1759316050,48128,48127,0,0,0,0,0,0,0,0,1448742912,1382223872,56872960,135168,177422336,9,docker,S (sleeping),learner.bnsdq.ozxfs.fkiya.kvugl,0.20732074466031966
1759316050,48212,48180,0,0,0,0,0,0,0,0,4386816,4386816,577536,135168,180224,1,tee,S (sleeping),learner.bnsdq.ozxfs.fkiya.kvugl,0.0
1759316050,48523,1,0,0,0,0,0,0,0,0,6979584,6979584,3149824,135168,278528,1,bash,S (sleeping),learner.bnsdq.ozxfs.fkiya.kvugl,0.0
1759316050,48136,2,0,0,0,0,0,0,0,0,N/A,N/A,N/A,N/A,N/A,1,kworker/u8,I (idle),learner.bnsdq.ozxfs.fkiya.kvugl,0.0
1759316050,48521,1,0,0,0,0,0,0,0,0,6979584,6979584,3420160,135168,278528,1,bash,S (sleeping),learner.bnsdq.ozxfs.fkiya.kvugl,0.0
1759316050,48127,48126,1001,0,0,0,0,0,0,0,11055104,11034624,5169152,135168,659456,1,sudo,S (sleeping),learner.bnsdq.ozxfs.fkiya.kvugl,0.0
1759316050,48137,2,0,0,0,0,0,0,0,0,N/A,N/A,N/A,N/A,N/A,1,kworker/u8,I (idle),learner.bnsdq.ozxfs.fkiya.kvugl,0.0
1759316050,48588,48526,0,0,0,0,0,0,0,0,5492736,5492736,577536,135168,180224,1,sleep,S (sleeping),learner.bnsdq.ozxfs.fkiya.kvugl,0.0
1759316050,48135,2,0,0,0,0,0,0,0,0,N/A,N/A,N/A,N/A,N/A,1,kworker/u8,I (idle),learner.bnsdq.ozxfs.fkiya.kvugl,0.0
1759316050,43214,2,0,0,0,0,0,0,0,0,N/A,N/A,N/A,N/A,N/A,1,kworker/3,I (idle),learner.bnsdq.ozxfs.fkiya.kvugl,0.010866027657895667
1759316050,48603,1,101,101,101,101,102,102,102,102,16568320,16568320,7368704,135168,630784,1,systemd-network,S (sleeping),learner.bnsdq.ozxfs.fkiya.kvugl,4.463893959763309
1759316050,48180,48160,0,0,0,0,0,0,0,0,5939200,5926912,3379200,135168,307200,1,bash,S (sleeping),learner.bnsdq.ozxfs.fkiya.kvugl,0.1730073719483124
1759316050,48530,1,0,0,0,0,0,0,0,0,6979584,6979584,3485696,135168,278528,1,bash,S (sleeping),learner.bnsdq.ozxfs.fkiya.kvugl,0.0
1759316050,43084,2,0,0,0,0,0,0,0,0,N/A,N/A,N/A,N/A,N/A,1,kworker/0,I (idle),learner.bnsdq.ozxfs.fkiya.kvugl,0.1010311760301682
1759316050,48138,2,0,0,0,0,0,0,0,0,N/A,N/A,N/A,N/A,N/A,1,kworker/u8,I (idle),learner.bnsdq.ozxfs.fkiya.kvugl,0.0
1759316055,48097,1,1001,1001,1001,1001,1001,1001,1001,1001,15548416,15515648,8888320,135168,733184,1,systemd,S (sleeping),learner.bnsdq.ozxfs.fkiya.kvugl,0.23946268263384304
1759316055,48211,48180,0,0,0,0,0,0,0,0,3298500608,3276599296,1041199104,147456,1488621568,17,python3,S (sleeping),learner.bnsdq.ozxfs.fkiya.kvugl,133.64071268698507
1759316055,48135,2,0,0,0,0,0,0,0,0,N/A,N/A,N/A,N/A,N/A,1,kworker/u8,I (idle),learner.bnsdq.ozxfs.fkiya.kvugl,0.0
1759316055,48645,1,0,0,0,0,0,0,0,0,6979584,6979584,3354624,135168,278528,1,bash,S (sleeping),learner.bnsdq.ozxfs.fkiya.kvugl,0.0
1759316055,48126,48115,1001,1001,1001,1001,1001,1001,1001,1001,6979584,6979584,3268608,135168,278528,1,bash,S (sleeping),learner.bnsdq.ozxfs.fkiya.kvugl,0.0
1759316055,48127,48126,1001,0,0,0,0,0,0,0,11055104,11034624,5169152,135168,659456,1,sudo,S (sleeping),learner.bnsdq.ozxfs.fkiya.kvugl,0.0
1759316055,48160,1,0,0,0,0,0,0,0,0,1410498560,1410498560,12894208,135168,182779904,10,containerd-shim,S (sleeping),learner.bnsdq.ozxfs.fkiya.kvugl,0.034207017298022335
1759316055,48138,2,0,0,0,0,0,0,0,0,N/A,N/A,N/A,N/A,N/A,1,kworker/u8,I (idle),learner.bnsdq.ozxfs.fkiya.kvugl,0.0
1759316055,48671,48645,0,0,0,0,0,0,0,0,5492736,5492736,520192,135168,180224,1,sleep,S (sleeping),learner.bnsdq.ozxfs.fkiya.kvugl,0.0
1759316055,48098,48097,1001,1001,1001,1001,1001,1001,1001,1001,172527616,172527616,3649536,1056768,20037632,1,(sd-pam),S (sleeping),learner.bnsdq.ozxfs.fkiya.kvugl,0.0
1759316055,48648,1,0,0,0,0,0,0,0,0,6979584,6979584,3264512,135168,278528,1,bash,S (sleeping),learner.bnsdq.ozxfs.fkiya.kvugl,0.0
1759316055,47452,2,0,0,0,0,0,0,0,0,N/A,N/A,N/A,N/A,N/A,1,kworker/2,I (idle),learner.bnsdq.ozxfs.fkiya.kvugl,0.0
1759316055,43195,1,0,0,0,0,0,0,0,0,1799233536,1732124672,24354816,135168,99774464,7,discern-interfa,S (sleeping),learner.bnsdq.ozxfs.fkiya.kvugl,0.005329973807776104
1759316055,48139,2,0,0,0,0,0,0,0,0,N/A,N/A,N/A,N/A,N/A,1,kworker/u8,I (idle),learner.bnsdq.ozxfs.fkiya.kvugl,0.0
1759316055,48643,1,0,0,0,0,0,0,0,0,728399872,728399872,7925760,135168,105480192,5,foundryc,S (sleeping),learner.bnsdq.ozxfs.fkiya.kvugl,0.0
1759316055,48652,1,0,0,0,0,0,0,0,0,6979584,6979584,3321856,135168,278528,1,bash,S (sleeping),learner.bnsdq.ozxfs.fkiya.kvugl,0.0
1759316055,43087,2,0,0,0,0,0,0,0,0,N/A,N/A,N/A,N/A,N/A,1,kworker/2,I (idle),learner.bnsdq.ozxfs.fkiya.kvugl,0.07606804545742388
1759316055,48128,48127,0,0,0,0,0,0,0,0,1448742912,1382223872,56872960,135168,177422336,9,docker,S (sleeping),learner.bnsdq.ozxfs.fkiya.kvugl,0.17101062737126657
1759316055,48676,48644,0,0,0,0,0,0,0,0,5492736,5492736,581632,135168,180224,1,sleep,S (sleeping),learner.bnsdq.ozxfs.fkiya.kvugl,0.0
1759316055,48644,1,0,0,0,0,0,0,0,0,6979584,6979584,3387392,135168,278528,1,bash,S (sleeping),learner.bnsdq.ozxfs.fkiya.kvugl,0.0
1759316055,48666,1,101,101,101,101,102,102,102,102,16568320,16568320,7450624,135168,630784,1,systemd-network,S (sleeping),learner.bnsdq.ozxfs.fkiya.kvugl,2.232782619137697
1759316055,43214,2,0,0,0,0,0,0,0,0,N/A,N/A,N/A,N/A,N/A,1,kworker/3,I (idle),learner.bnsdq.ozxfs.fkiya.kvugl,0.010716975142020378
1759316055,48136,2,0,0,0,0,0,0,0,0,N/A,N/A,N/A,N/A,N/A,1,kworker/u8,I (idle),learner.bnsdq.ozxfs.fkiya.kvugl,0.0
1759316055,48677,48646,0,0,0,0,0,0,0,0,5492736,5492736,516096,135168,180224,1,sleep,S (sleeping),learner.bnsdq.ozxfs.fkiya.kvugl,0.0
1759316055,48041,2,0,0,0,0,0,0,0,0,N/A,N/A,N/A,N/A,N/A,1,kworker/1,I (idle),learner.bnsdq.ozxfs.fkiya.kvugl,0.0
1759316055,48212,48180,0,0,0,0,0,0,0,0,4386816,4386816,577536,135168,180224,1,tee,S (sleeping),learner.bnsdq.ozxfs.fkiya.kvugl,0.0
1759316055,48137,2,0,0,0,0,0,0,0,0,N/A,N/A,N/A,N/A,N/A,1,kworker/u8,I (idle),learner.bnsdq.ozxfs.fkiya.kvugl,0.0
1759316055,43084,2,0,0,0,0,0,0,0,0,N/A,N/A,N/A,N/A,N/A,1,kworker/0,I (idle),learner.bnsdq.ozxfs.fkiya.kvugl,0.0996744798670498
1759316055,48115,48094,1001,1001,1001,1001,1001,1001,1001,1001,15069184,15069184,6053888,135168,1175552,1,sshd,S (sleeping),learner.bnsdq.ozxfs.fkiya.kvugl,0.0
1759316055,48646,1,0,0,0,0,0,0,0,0,6979584,6979584,3239936,135168,278528,1,bash,S (sleeping),learner.bnsdq.ozxfs.fkiya.kvugl,0.0
1759316055,48672,48652,0,0,0,0,0,0,0,0,5492736,5492736,577536,135168,180224,1,sleep,S (sleeping),learner.bnsdq.ozxfs.fkiya.kvugl,0.0
1759316055,47259,2,0,0,0,0,0,0,0,0,N/A,N/A,N/A,N/A,N/A,1,kworker/1,I (idle),learner.bnsdq.ozxfs.fkiya.kvugl,0.0
1759316055,48094,2699,0,0,0,0,0,0,0,0,15106048,15069184,9199616,135168,1175552,1,sshd,S (sleeping),learner.bnsdq.ozxfs.fkiya.kvugl,0.03419714897570144
1759316055,48673,48648,0,0,0,0,0,0,0,0,5492736,5492736,577536,135168,180224,1,sleep,S (sleeping),learner.bnsdq.ozxfs.fkiya.kvugl,0.0
1759316055,48180,48160,0,0,0,0,0,0,0,0,5939200,5926912,3379200,135168,307200,1,bash,S (sleeping),learner.bnsdq.ozxfs.fkiya.kvugl,0.14162958077239704
1759316060,48160,1,0,0,0,0,0,0,0,0,1561829376,1561829376,13737984,135168,200155136,12,containerd-shim,S (sleeping),learner.bnsdq.ozxfs.fkiya.kvugl,0.029110262736815933
1759316060,48135,2,0,0,0,0,0,0,0,0,N/A,N/A,N/A,N/A,N/A,1,kworker/u8,I (idle),learner.bnsdq.ozxfs.fkiya.kvugl,0.0
1759316060,47259,2,0,0,0,0,0,0,0,0,N/A,N/A,N/A,N/A,N/A,1,kworker/1,I (idle),learner.bnsdq.ozxfs.fkiya.kvugl,0.0
1759316060,47452,2,0,0,0,0,0,0,0,0,N/A,N/A,N/A,N/A,N/A,1,kworker/2,I (idle),learner.bnsdq.ozxfs.fkiya.kvugl,0.0
1759316060,48128,48127,0,0,0,0,0,0,0,0,1448742912,1382223872,56872960,135168,177422336,9,docker,S (sleeping),learner.bnsdq.ozxfs.fkiya.kvugl,0.14554585952957405
1759316060,48180,48160,0,0,0,0,0,0,0,0,5939200,5926912,3379200,135168,307200,1,bash,S (sleeping),learner.bnsdq.ozxfs.fkiya.kvugl,0.11992665555221621
1759316060,43087,2,0,0,0,0,0,0,0,0,N/A,N/A,N/A,N/A,N/A,1,kworker/2,I (idle),learner.bnsdq.ozxfs.fkiya.kvugl,0.07506069910965513
1759316060,43214,2,0,0,0,0,0,0,0,0,N/A,N/A,N/A,N/A,N/A,1,kworker/3,I (idle),learner.bnsdq.ozxfs.fkiya.kvugl,0.010572102969778119
1759316060,48098,48097,1001,1001,1001,1001,1001,1001,1001,1001,172527616,172527616,3649536,1056768,20037632,1,(sd-pam),S (sleeping),learner.bnsdq.ozxfs.fkiya.kvugl,0.0
1759316060,48136,2,0,0,0,0,0,0,0,0,N/A,N/A,N/A,N/A,N/A,1,kworker/u8,I (idle),learner.bnsdq.ozxfs.fkiya.kvugl,0.0
1759316060,48733,1,101,101,101,101,102,102,102,102,16568320,16568320,7462912,135168,630784,1,systemd-network,S (sleeping),learner.bnsdq.ozxfs.fkiya.kvugl,2.1230452665775887
1759316060,48745,241,0,0,0,0,0,0,0,0,23040000,21975040,4083712,135168,724992,1,systemd-udevd,S (sleeping),learner.bnsdq.ozxfs.fkiya.kvugl,0.0
1759316060,48211,48180,0,0,0,0,0,0,0,0,3415904256,3281907712,1090670592,147456,1525575680,17,python3,S (sleeping),learner.bnsdq.ozxfs.fkiya.kvugl,138.6269244744583
1759316060,43084,2,0,0,0,0,0,0,0,0,N/A,N/A,N/A,N/A,N/A,1,kworker/0,I (idle),learner.bnsdq.ozxfs.fkiya.kvugl,0.09835488477850331
1759316060,48138,2,0,0,0,0,0,0,0,0,N/A,N/A,N/A,N/A,N/A,1,kworker/u8,I (idle),learner.bnsdq.ozxfs.fkiya.kvugl,0.0
1759316060,43195,1,0,0,0,0,0,0,0,0,1799233536,1732124672,24354816,135168,99774464,7,discern-interfa,S (sleeping),learner.bnsdq.ozxfs.fkiya.kvugl,0.005258223307048633
1759316060,48212,48180,0,0,0,0,0,0,0,0,4386816,4386816,577536,135168,180224,1,tee,S (sleeping),learner.bnsdq.ozxfs.fkiya.kvugl,0.0
1759316060,48041,2,0,0,0,0,0,0,0,0,N/A,N/A,N/A,N/A,N/A,1,kworker/1,I (idle),learner.bnsdq.ozxfs.fkiya.kvugl,0.0
1759316060,48139,2,0,0,0,0,0,0,0,0,N/A,N/A,N/A,N/A,N/A,1,kworker/u8,I (idle),learner.bnsdq.ozxfs.fkiya.kvugl,0.0
1759316060,48115,48094,1001,1001,1001,1001,1001,1001,1001,1001,15069184,15069184,6053888,135168,1175552,1,sshd,S (sleeping),learner.bnsdq.ozxfs.fkiya.kvugl,0.0
1759316060,48126,48115,1001,1001,1001,1001,1001,1001,1001,1001,6979584,6979584,3268608,135168,278528,1,bash,S (sleeping),learner.bnsdq.ozxfs.fkiya.kvugl,0.0
1759316060,48094,2699,0,0,0,0,0,0,0,0,15106048,15069184,9199616,135168,1175552,1,sshd,S (sleeping),learner.bnsdq.ozxfs.fkiya.kvugl,0.029105109401393686
1759316060,48137,2,0,0,0,0,0,0,0,0,N/A,N/A,N/A,N/A,N/A,1,kworker/u8,I (idle),learner.bnsdq.ozxfs.fkiya.kvugl,0.0
1759316060,48127,48126,1001,0,0,0,0,0,0,0,11055104,11034624,5169152,135168,659456,1,sudo,S (sleeping),learner.bnsdq.ozxfs.fkiya.kvugl,0.0
1759316060,48097,1,1001,1001,1001,1001,1001,1001,1001,1001,15548416,15515648,8888320,135168,733184,1,systemd,S (sleeping),learner.bnsdq.ozxfs.fkiya.kvugl,0.20373087929562675
1759316065,48041,2,0,0,0,0,0,0,0,0,N/A,N/A,N/A,N/A,N/A,1,kworker/1,I (idle),learner.bnsdq.ozxfs.fkiya.kvugl,0.0
1759316065,48180,48160,0,0,0,0,0,0,0,0,5939200,5926912,3379200,135168,307200,1,bash,S (sleeping),learner.bnsdq.ozxfs.fkiya.kvugl,0.10406041634222102
1759316065,48115,48094,1001,1001,1001,1001,1001,1001,1001,1001,15069184,15069184,6053888,135168,1175552,1,sshd,S (sleeping),learner.bnsdq.ozxfs.fkiya.kvugl,0.0
1759316065,48127,48126,1001,0,0,0,0,0,0,0,11055104,11034624,5169152,135168,659456,1,sudo,S (sleeping),learner.bnsdq.ozxfs.fkiya.kvugl,0.0
1759316065,48135,2,0,0,0,0,0,0,0,0,N/A,N/A,N/A,N/A,N/A,1,kworker/u8,I (idle),learner.bnsdq.ozxfs.fkiya.kvugl,0.0
1759316065,43084,2,0,0,0,0,0,0,0,0,N/A,N/A,N/A,N/A,N/A,1,kworker/0,I (idle),learner.bnsdq.ozxfs.fkiya.kvugl,0.09707737032204602
1759316065,43195,1,0,0,0,0,0,0,0,0,1799233536,1732124672,24354816,135168,99774464,7,discern-interfa,S (sleeping),learner.bnsdq.ozxfs.fkiya.kvugl,0.005188866296996168
1759316065,48136,2,0,0,0,0,0,0,0,0,N/A,N/A,N/A,N/A,N/A,1,kworker/u8,I (idle),learner.bnsdq.ozxfs.fkiya.kvugl,0.0
1759316065,48138,2,0,0,0,0,0,0,0,0,N/A,N/A,N/A,N/A,N/A,1,kworker/u8,I (idle),learner.bnsdq.ozxfs.fkiya.kvugl,0.0
1759316065,47452,2,0,0,0,0,0,0,0,0,N/A,N/A,N/A,N/A,N/A,1,kworker/2,I (idle),learner.bnsdq.ozxfs.fkiya.kvugl,0.0
1759316065,48097,1,1001,1001,1001,1001,1001,1001,1001,1001,15548416,15515648,8888320,135168,733184,1,systemd,S (sleeping),learner.bnsdq.ozxfs.fkiya.kvugl,0.17747773641368036
1759316065,48817,48785,0,0,0,0,0,0,0,0,5492736,5492736,577536,135168,180224,1,sleep,S (sleeping),learner.bnsdq.ozxfs.fkiya.kvugl,0.0
1759316065,48812,48781,0,0,0,0,0,0,0,0,5492736,5492736,516096,135168,180224,1,sleep,S (sleeping),learner.bnsdq.ozxfs.fkiya.kvugl,0.0
1759316065,48785,1,0,0,0,0,0,0,0,0,6979584,6979584,3207168,135168,278528,1,bash,S (sleeping),learner.bnsdq.ozxfs.fkiya.kvugl,0.0
1759316065,48784,1,0,0,0,0,0,0,0,0,6979584,6979584,3416064,135168,278528,1,bash,S (sleeping),learner.bnsdq.ozxfs.fkiya.kvugl,0.0
1759316065,43087,2,0,0,0,0,0,0,0,0,N/A,N/A,N/A,N/A,N/A,1,kworker/2,I (idle),learner.bnsdq.ozxfs.fkiya.kvugl,0.07408490443460564
1759316065,43214,2,0,0,0,0,0,0,0,0,N/A,N/A,N/A,N/A,N/A,1,kworker/3,I (idle),learner.bnsdq.ozxfs.fkiya.kvugl,0.01043179797904047
1759316065,48126,48115,1001,1001,1001,1001,1001,1001,1001,1001,6979584,6979584,3268608,135168,278528,1,bash,S (sleeping),learner.bnsdq.ozxfs.fkiya.kvugl,0.0
1759316065,48139,2,0,0,0,0,0,0,0,0,N/A,N/A,N/A,N/A,N/A,1,kworker/u8,I (idle),learner.bnsdq.ozxfs.fkiya.kvugl,0.0
1759316065,48137,2,0,0,0,0,0,0,0,0,N/A,N/A,N/A,N/A,N/A,1,kworker/u8,I (idle),learner.bnsdq.ozxfs.fkiya.kvugl,0.0
1759316065,48094,2699,0,0,0,0,0,0,0,0,15106048,15069184,9199616,135168,1175552,1,sshd,S (sleeping),learner.bnsdq.ozxfs.fkiya.kvugl,0.025352401864905533
1759316065,47259,2,0,0,0,0,0,0,0,0,N/A,N/A,N/A,N/A,N/A,1,kworker/1,I (idle),learner.bnsdq.ozxfs.fkiya.kvugl,0.0
1759316065,48797,1,101,101,101,101,102,102,102,102,16568320,16568320,7512064,135168,630784,1,systemd-network,S (sleeping),learner.bnsdq.ozxfs.fkiya.kvugl,1.4516095673333684
1759316065,48211,48180,0,0,0,0,0,0,0,0,3420917760,3286994944,1115992064,147456,1559097344,17,python3,S (sleeping),learner.bnsdq.ozxfs.fkiya.kvugl,143.29678691585616
1759316065,48098,48097,1001,1001,1001,1001,1001,1001,1001,1001,172527616,172527616,3649536,1056768,20037632,1,(sd-pam),S (sleeping),learner.bnsdq.ozxfs.fkiya.kvugl,0.0
1759316065,48781,1,0,0,0,0,0,0,0,0,6979584,6979584,3309568,135168,278528,1,bash,S (sleeping),learner.bnsdq.ozxfs.fkiya.kvugl,0.0
1759316065,48128,48127,0,0,0,0,0,0,0,0,1448742912,1382223872,56872960,135168,177422336,9,docker,S (sleeping),learner.bnsdq.ozxfs.fkiya.kvugl,0.1267575575190477
1759316065,48212,48180,0,0,0,0,0,0,0,0,4386816,4386816,577536,135168,180224,1,tee,S (sleeping),learner.bnsdq.ozxfs.fkiya.kvugl,0.0
1759316065,48779,1,0,0,0,0,0,0,0,0,6979584,6979584,3264512,135168,278528,1,bash,S (sleeping),learner.bnsdq.ozxfs.fkiya.kvugl,0.0
1759316065,48813,48774,0,0,0,0,0,0,0,0,5492736,5492736,512000,135168,180224,1,sleep,S (sleeping),learner.bnsdq.ozxfs.fkiya.kvugl,0.0
1759316065,48774,1,0,0,0,0,0,0,0,0,6979584,6979584,3235840,135168,278528,1,bash,S (sleeping),learner.bnsdq.ozxfs.fkiya.kvugl,0.0
1759316065,48818,48779,0,0,0,0,0,0,0,0,5492736,5492736,581632,135168,180224,1,sleep,S (sleeping),learner.bnsdq.ozxfs.fkiya.kvugl,0.0
1759316065,48160,1,0,0,0,0,0,0,0,0,1561829376,1561829376,13737984,135168,200155136,12,containerd-shim,S (sleeping),learner.bnsdq.ozxfs.fkiya.kvugl,0.02534991427729138
1759316065,48773,1,0,0,0,0,0,0,0,0,729841664,729841664,9842688,135168,106921984,6,foundryc,S (sleeping),learner.bnsdq.ozxfs.fkiya.kvugl,0.0
1759316065,48816,48784,0,0,0,0,0,0,0,0,5492736,5492736,520192,135168,180224,1,sleep,S (sleeping),learner.bnsdq.ozxfs.fkiya.kvugl,0.0
1759316070,48138,2,0,0,0,0,0,0,0,0,N/A,N/A,N/A,N/A,N/A,1,kworker/u8,I (idle),learner.bnsdq.ozxfs.fkiya.kvugl,0.0
1759316070,48180,48160,0,0,0,0,0,0,0,0,5939200,5926912,3379200,135168,307200,1,bash,S (sleeping),learner.bnsdq.ozxfs.fkiya.kvugl,0.09181848173834847
1759316070,48098,48097,1001,1001,1001,1001,1001,1001,1001,1001,172527616,172527616,3739648,1056768,20037632,1,(sd-pam),S (sleeping),learner.bnsdq.ozxfs.fkiya.kvugl,0.0
1759316070,48137,2,0,0,0,0,0,0,0,0,N/A,N/A,N/A,N/A,N/A,1,kworker/u8,I (idle),learner.bnsdq.ozxfs.fkiya.kvugl,0.0
1759316070,43084,2,0,0,0,0,0,0,0,0,N/A,N/A,N/A,N/A,N/A,1,kworker/0,I (idle),learner.bnsdq.ozxfs.fkiya.kvugl,0.09582287637539434
1759316070,43214,2,0,0,0,0,0,0,0,0,N/A,N/A,N/A,N/A,N/A,1,kworker/3,I (idle),learner.bnsdq.ozxfs.fkiya.kvugl,0.010294281045271449
1759316070,48861,1,101,101,101,101,102,102,102,102,16568320,16568320,7352320,135168,630784,1,systemd-network,S (sleeping),learner.bnsdq.ozxfs.fkiya.kvugl,1.1218462312727013
1759316070,43195,1,0,0,0,0,0,0,0,0,1799233536,1732124672,26415104,135168,99774464,7,discern-interfa,S (sleeping),learner.bnsdq.ozxfs.fkiya.kvugl,0.005120775556989214
1759316070,48139,2,0,0,0,0,0,0,0,0,N/A,N/A,N/A,N/A,N/A,1,kworker/u8,I (idle),learner.bnsdq.ozxfs.fkiya.kvugl,0.0
1759316070,48136,2,0,0,0,0,0,0,0,0,N/A,N/A,N/A,N/A,N/A,1,kworker/u8,I (idle),learner.bnsdq.ozxfs.fkiya.kvugl,0.0
1759316070,43087,2,0,0,0,0,0,0,0,0,N/A,N/A,N/A,N/A,N/A,1,kworker/2,I (idle),learner.bnsdq.ozxfs.fkiya.kvugl,0.07312769101018061
1759316070,48097,1,1001,1001,1001,1001,1001,1001,1001,1001,15548416,15515648,8888320,135168,733184,1,systemd,S (sleeping),learner.bnsdq.ozxfs.fkiya.kvugl,0.15706719575874065
1759316070,48115,48094,1001,1001,1001,1001,1001,1001,1001,1001,15069184,15069184,6053888,135168,1175552,1,sshd,S (sleeping),learner.bnsdq.ozxfs.fkiya.kvugl,0.0
1759316070,48211,48180,0,0,0,0,0,0,0,0,3432493056,3299971072,1165053952,147456,1584324608,17,python3,S (sleeping),learner.bnsdq.ozxfs.fkiya.kvugl,146.80667927727717
1759316070,48094,2699,0,0,0,0,0,0,0,0,15106048,15069184,9199616,135168,1175552,1,sshd,S (sleeping),learner.bnsdq.ozxfs.fkiya.kvugl,0.02243774103339286
1759316070,48135,2,0,0,0,0,0,0,0,0,N/A,N/A,N/A,N/A,N/A,1,kworker/u8,I (idle),learner.bnsdq.ozxfs.fkiya.kvugl,0.0
1759316070,48873,241,0,0,0,0,0,0,0,0,23040000,21975040,4079616,135168,724992,1,systemd-udevd,S (sleeping),learner.bnsdq.ozxfs.fkiya.kvugl,0.0
1759316070,48212,48180,0,0,0,0,0,0,0,0,4386816,4386816,577536,135168,180224,1,tee,S (sleeping),learner.bnsdq.ozxfs.fkiya.kvugl,0.0
1759316070,48160,1,0,0,0,0,0,0,0,0,1561829376,1561829376,13737984,135168,200155136,12,containerd-shim,S (sleeping),learner.bnsdq.ozxfs.fkiya.kvugl,0.02243719750342952
1759316070,47452,2,0,0,0,0,0,0,0,0,N/A,N/A,N/A,N/A,N/A,1,kworker/2,I (idle),learner.bnsdq.ozxfs.fkiya.kvugl,0.0
1759316070,47259,2,0,0,0,0,0,0,0,0,N/A,N/A,N/A,N/A,N/A,1,kworker/1,I (idle),learner.bnsdq.ozxfs.fkiya.kvugl,0.0
1759316070,48041,2,0,0,0,0,0,0,0,0,N/A,N/A,N/A,N/A,N/A,1,kworker/1,I (idle),learner.bnsdq.ozxfs.fkiya.kvugl,0.0
1759316070,48128,48127,0,0,0,0,0,0,0,0,1448742912,1382223872,56872960,135168,177422336,9,docker,S (sleeping),learner.bnsdq.ozxfs.fkiya.kvugl,0.11218347531497887
1759316070,48126,48115,1001,1001,1001,1001,1001,1001,1001,1001,6979584,6979584,3268608,135168,278528,1,bash,S (sleeping),learner.bnsdq.ozxfs.fkiya.kvugl,0.0
1759316070,48127,48126,1001,0,0,0,0,0,0,0,11055104,11034624,5169152,135168,659456,1,sudo,S (sleeping),learner.bnsdq.ozxfs.fkiya.kvugl,0.0
1759316075,48948,48910,0,0,0,0,0,0,0,0,5492736,5492736,512000,135168,180224,1,sleep,S (sleeping),learner.bnsdq.ozxfs.fkiya.kvugl,0.0
1759316075,48094,2699,0,0,0,0,0,0,0,0,15106048,15069184,9199616,135168,1175552,1,sshd,S (sleeping),learner.bnsdq.ozxfs.fkiya.kvugl,0.020139719094585166
1759316075,43087,2,0,0,0,0,0,0,0,0,N/A,N/A,N/A,N/A,N/A,1,kworker/2,I (idle),learner.bnsdq.ozxfs.fkiya.kvugl,0.07469126557183055
1759316075,48098,48097,1001,1001,1001,1001,1001,1001,1001,1001,172527616,172527616,3739648,1056768,20037632,1,(sd-pam),S (sleeping),learner.bnsdq.ozxfs.fkiya.kvugl,0.0
1759316075,48922,1,101,101,101,101,102,102,102,102,16568320,16568320,7520256,135168,630784,1,systemd-network,S (sleeping),learner.bnsdq.ozxfs.fkiya.kvugl,1.094696427065488
1759316075,48139,2,0,0,0,0,0,0,0,0,N/A,N/A,N/A,N/A,N/A,1,kworker/u8,I (idle),learner.bnsdq.ozxfs.fkiya.kvugl,0.0
1759316075,48180,48160,0,0,0,0,0,0,0,0,5939200,5926912,3379200,135168,307200,1,bash,S (sleeping),learner.bnsdq.ozxfs.fkiya.kvugl,0.08221227008314434
1759316075,48097,1,1001,1001,1001,1001,1001,1001,1001,1001,15548416,15515648,8888320,135168,733184,1,systemd,S (sleeping),learner.bnsdq.ozxfs.fkiya.kvugl,0.1409732175790928
1759316075,48899,1,0,0,0,0,0,0,0,0,728399872,728399872,7925760,135168,105480192,5,foundryc,S (sleeping),learner.bnsdq.ozxfs.fkiya.kvugl,0.0
1759316075,48160,1,0,0,0,0,0,0,0,0,1561829376,1561829376,13737984,135168,200155136,12,containerd-shim,S (sleeping),learner.bnsdq.ozxfs.fkiya.kvugl,0.02013878715614132
1759316075,48041,2,0,0,0,0,0,0,0,0,N/A,N/A,N/A,N/A,N/A,1,kworker/1,I (idle),learner.bnsdq.ozxfs.fkiya.kvugl,0.0
1759316075,47259,2,0,0,0,0,0,0,0,0,N/A,N/A,N/A,N/A,N/A,1,kworker/1,I (idle),learner.bnsdq.ozxfs.fkiya.kvugl,0.0
1759316075,48127,48126,1001,0,0,0,0,0,0,0,11055104,11034624,5169152,135168,659456,1,sudo,S (sleeping),learner.bnsdq.ozxfs.fkiya.kvugl,0.0
1759316075,43084,2,0,0,0,0,0,0,0,0,N/A,N/A,N/A,N/A,N/A,1,kworker/0,I (idle),learner.bnsdq.ozxfs.fkiya.kvugl,0.09460820374502023
1759316075,48952,48907,0,0,0,0,0,0,0,0,5492736,5492736,516096,135168,180224,1,sleep,S (sleeping),learner.bnsdq.ozxfs.fkiya.kvugl,0.0
1759316075,48951,48905,0,0,0,0,0,0,0,0,5492736,5492736,516096,135168,180224,1,sleep,S (sleeping),learner.bnsdq.ozxfs.fkiya.kvugl,0.0
1759316075,48904,1,0,0,0,0,0,0,0,0,6979584,6979584,3321856,135168,278528,1,bash,S (sleeping),learner.bnsdq.ozxfs.fkiya.kvugl,0.0
1759316075,48910,1,0,0,0,0,0,0,0,0,6979584,6979584,3170304,135168,278528,1,bash,S (sleeping),learner.bnsdq.ozxfs.fkiya.kvugl,0.0
1759316075,48947,48904,0,0,0,0,0,0,0,0,5492736,5492736,512000,135168,180224,1,sleep,S (sleeping),learner.bnsdq.ozxfs.fkiya.kvugl,0.0
1759316075,48211,48180,0,0,0,0,0,0,0,0,3450347520,3316277248,1196482560,147456,1611436032,17,python3,S (sleeping),learner.bnsdq.ozxfs.fkiya.kvugl,149.9644742298953
1759316075,43195,1,0,0,0,0,0,0,0,0,1799233536,1732124672,26415104,135168,99774464,7,discern-interfa,S (sleeping),learner.bnsdq.ozxfs.fkiya.kvugl,0.005054864432172601
1759316075,48115,48094,1001,1001,1001,1001,1001,1001,1001,1001,15069184,15069184,6053888,135168,1175552,1,sshd,S (sleeping),learner.bnsdq.ozxfs.fkiya.kvugl,0.0
1759316075,48907,1,0,0,0,0,0,0,0,0,6979584,6979584,3407872,135168,278528,1,bash,S (sleeping),learner.bnsdq.ozxfs.fkiya.kvugl,0.0
1759316075,48137,2,0,0,0,0,0,0,0,0,N/A,N/A,N/A,N/A,N/A,1,kworker/u8,I (idle),learner.bnsdq.ozxfs.fkiya.kvugl,0.0
1759316075,48135,2,0,0,0,0,0,0,0,0,N/A,N/A,N/A,N/A,N/A,1,kworker/u8,I (idle),learner.bnsdq.ozxfs.fkiya.kvugl,0.0
1759316075,48126,48115,1001,1001,1001,1001,1001,1001,1001,1001,6979584,6979584,3268608,135168,278528,1,bash,S (sleeping),learner.bnsdq.ozxfs.fkiya.kvugl,0.0
1759316075,48900,1,0,0,0,0,0,0,0,0,6979584,6979584,3313664,135168,278528,1,bash,S (sleeping),learner.bnsdq.ozxfs.fkiya.kvugl,0.0
1759316075,48136,2,0,0,0,0,0,0,0,0,N/A,N/A,N/A,N/A,N/A,1,kworker/u8,I (idle),learner.bnsdq.ozxfs.fkiya.kvugl,0.0
1759316075,48212,48180,0,0,0,0,0,0,0,0,4386816,4386816,577536,135168,180224,1,tee,S (sleeping),learner.bnsdq.ozxfs.fkiya.kvugl,0.0
1759316075,48128,48127,0,0,0,0,0,0,0,0,1448742912,1382223872,56872960,135168,177422336,9,docker,S (sleeping),learner.bnsdq.ozxfs.fkiya.kvugl,0.1006826408155544
1759316075,43214,2,0,0,0,0,0,0,0,0,N/A,N/A,N/A,N/A,N/A,1,kworker/3,I (idle),learner.bnsdq.ozxfs.fkiya.kvugl,0.010161020510764649
1759316075,48953,48900,0,0,0,0,0,0,0,0,5492736,5492736,581632,135168,180224,1,sleep,S (sleeping),learner.bnsdq.ozxfs.fkiya.kvugl,0.0
1759316075,47452,2,0,0,0,0,0,0,0,0,N/A,N/A,N/A,N/A,N/A,1,kworker/2,I (idle),learner.bnsdq.ozxfs.fkiya.kvugl,0.0
1759316075,48138,2,0,0,0,0,0,0,0,0,N/A,N/A,N/A,N/A,N/A,1,kworker/u8,I (idle),learner.bnsdq.ozxfs.fkiya.kvugl,0.0
1759316075,48905,1,0,0,0,0,0,0,0,0,6979584,6979584,3411968,135168,278528,1,bash,S (sleeping),learner.bnsdq.ozxfs.fkiya.kvugl,0.0
1759316080,48097,1,1001,1001,1001,1001,1001,1001,1001,1001,15548416,15515648,8888320,135168,733184,1,systemd,S (sleeping),learner.bnsdq.ozxfs.fkiya.kvugl,0.12779002060232353
1759316080,48999,241,0,0,0,0,0,0,0,0,23040000,21975040,4083712,135168,724992,1,systemd-udevd,S (sleeping),learner.bnsdq.ozxfs.fkiya.kvugl,0.0
1759316080,48098,48097,1001,1001,1001,1001,1001,1001,1001,1001,172527616,172527616,3739648,1056768,20037632,1,(sd-pam),S (sleeping),learner.bnsdq.ozxfs.fkiya.kvugl,0.0
1759316080,48041,2,0,0,0,0,0,0,0,0,N/A,N/A,N/A,N/A,N/A,1,kworker/1,I (idle),learner.bnsdq.ozxfs.fkiya.kvugl,0.0
1759316080,48135,2,0,0,0,0,0,0,0,0,N/A,N/A,N/A,N/A,N/A,1,kworker/u8,I (idle),learner.bnsdq.ozxfs.fkiya.kvugl,0.0
1759316080,48139,2,0,0,0,0,0,0,0,0,N/A,N/A,N/A,N/A,N/A,1,kworker/u8,I (idle),learner.bnsdq.ozxfs.fkiya.kvugl,0.0
1759316080,43214,2,0,0,0,0,0,0,0,0,N/A,N/A,N/A,N/A,N/A,1,kworker/3,I (idle),learner.bnsdq.ozxfs.fkiya.kvugl,0.010030624865389736
1759316080,47452,2,0,0,0,0,0,0,0,0,N/A,N/A,N/A,N/A,N/A,1,kworker/2,I (idle),learner.bnsdq.ozxfs.fkiya.kvugl,0.0
1759316080,48138,2,0,0,0,0,0,0,0,0,N/A,N/A,N/A,N/A,N/A,1,kworker/u8,I (idle),learner.bnsdq.ozxfs.fkiya.kvugl,0.0
1759316080,48180,48160,0,0,0,0,0,0,0,0,5939200,5926912,3379200,135168,307200,1,bash,S (sleeping),learner.bnsdq.ozxfs.fkiya.kvugl,0.07437772638152426
1759316080,48211,48180,0,0,0,0,0,0,0,0,3486380032,3339382784,1235677184,147456,1634541568,17,python3,S (sleeping),learner.bnsdq.ozxfs.fkiya.kvugl,153.0314977096338
1759316080,48126,48115,1001,1001,1001,1001,1001,1001,1001,1001,6979584,6979584,3268608,135168,278528,1,bash,S (sleeping),learner.bnsdq.ozxfs.fkiya.kvugl,0.0
1759316080,48987,1,101,101,101,101,102,102,102,102,16568320,16568320,7610368,135168,630784,1,systemd-network,S (sleeping),learner.bnsdq.ozxfs.fkiya.kvugl,1.05813508991659
1759316080,48115,48094,1001,1001,1001,1001,1001,1001,1001,1001,15069184,15069184,6053888,135168,1175552,1,sshd,S (sleeping),learner.bnsdq.ozxfs.fkiya.kvugl,0.0
1759316080,43087,2,0,0,0,0,0,0,0,0,N/A,N/A,N/A,N/A,N/A,1,kworker/2,I (idle),learner.bnsdq.ozxfs.fkiya.kvugl,0.07374981210733021
1759316080,43084,2,0,0,0,0,0,0,0,0,N/A,N/A,N/A,N/A,N/A,1,kworker/0,I (idle),learner.bnsdq.ozxfs.fkiya.kvugl,0.09341638121389975
1759316080,48127,48126,1001,0,0,0,0,0,0,0,11055104,11034624,5169152,135168,659456,1,sudo,S (sleeping),learner.bnsdq.ozxfs.fkiya.kvugl,0.0
1759316080,48137,2,0,0,0,0,0,0,0,0,N/A,N/A,N/A,N/A,N/A,1,kworker/u8,I (idle),learner.bnsdq.ozxfs.fkiya.kvugl,0.0
1759316080,43195,1,0,0,0,0,0,0,0,0,1799233536,1732124672,26415104,135168,99774464,7,discern-interfa,S (sleeping),learner.bnsdq.ozxfs.fkiya.kvugl,0.004990249244365045
1759316080,47259,2,0,0,0,0,0,0,0,0,N/A,N/A,N/A,N/A,N/A,1,kworker/1,I (idle),learner.bnsdq.ozxfs.fkiya.kvugl,0.0
1759316080,48160,1,0,0,0,0,0,0,0,0,1561829376,1561829376,13737984,135168,200155136,12,containerd-shim,S (sleeping),learner.bnsdq.ozxfs.fkiya.kvugl,0.018254153834576927
1759316080,48136,2,0,0,0,0,0,0,0,0,N/A,N/A,N/A,N/A,N/A,1,kworker/u8,I (idle),learner.bnsdq.ozxfs.fkiya.kvugl,0.0
1759316080,48212,48180,0,0,0,0,0,0,0,0,4386816,4386816,577536,135168,180224,1,tee,S (sleeping),learner.bnsdq.ozxfs.fkiya.kvugl,0.0
1759316080,48094,2699,0,0,0,0,0,0,0,0,15106048,15069184,9199616,135168,1175552,1,sshd,S (sleeping),learner.bnsdq.ozxfs.fkiya.kvugl,0.01825392676363298
1759316080,48128,48127,0,0,0,0,0,0,0,0,1448742912,1382223872,56872960,135168,177422336,9,docker,S (sleeping),learner.bnsdq.ozxfs.fkiya.kvugl,0.0912691711058877
1759316085,48138,2,0,0,0,0,0,0,0,0,N/A,N/A,N/A,N/A,N/A,1,kworker/u8,I (idle),learner.bnsdq.ozxfs.fkiya.kvugl,0.0
1759316085,43084,2,0,0,0,0,0,0,0,0,N/A,N/A,N/A,N/A,N/A,1,kworker/0,I (idle),learner.bnsdq.ozxfs.fkiya.kvugl,0.09226348521440729
1759316085,47259,2,0,0,0,0,0,0,0,0,N/A,N/A,N/A,N/A,N/A,1,kworker/1,I (idle),learner.bnsdq.ozxfs.fkiya.kvugl,0.0
1759316085,48097,1,1001,1001,1001,1001,1001,1001,1001,1001,15548416,15515648,8888320,135168,733184,1,systemd,S (sleeping),learner.bnsdq.ozxfs.fkiya.kvugl,0.11693075284455752
1759316085,49090,49032,0,0,0,0,0,0,0,0,5492736,5492736,520192,135168,180224,1,sleep,S (sleeping),learner.bnsdq.ozxfs.fkiya.kvugl,0.0
1759316085,48139,2,0,0,0,0,0,0,0,0,N/A,N/A,N/A,N/A,N/A,1,kworker/u8,I (idle),learner.bnsdq.ozxfs.fkiya.kvugl,0.0
1759316085,48135,2,0,0,0,0,0,0,0,0,N/A,N/A,N/A,N/A,N/A,1,kworker/u8,I (idle),learner.bnsdq.ozxfs.fkiya.kvugl,0.0
1759316085,49086,49027,0,0,0,0,0,0,0,0,5492736,5492736,581632,135168,180224,1,sleep,S (sleeping),learner.bnsdq.ozxfs.fkiya.kvugl,0.0
1759316085,43214,2,0,0,0,0,0,0,0,0,N/A,N/A,N/A,N/A,N/A,1,kworker/3,I (idle),learner.bnsdq.ozxfs.fkiya.kvugl,0.009904280705910136
1759316085,49032,1,0,0,0,0,0,0,0,0,6979584,6979584,3272704,135168,278528,1,bash,S (sleeping),learner.bnsdq.ozxfs.fkiya.kvugl,0.0
1759316085,49033,1,0,0,0,0,0,0,0,0,6979584,6979584,3264512,135168,278528,1,bash,S (sleeping),learner.bnsdq.ozxfs.fkiya.kvugl,0.0
1759316085,48180,48160,0,0,0,0,0,0,0,0,5939200,5926912,3379200,135168,307200,1,bash,S (sleeping),learner.bnsdq.ozxfs.fkiya.kvugl,0.0679502655129224
1759316085,49087,49039,0,0,0,0,0,0,0,0,5492736,5492736,516096,135168,180224,1,sleep,S (sleeping),learner.bnsdq.ozxfs.fkiya.kvugl,0.0
1759316085,43087,2,0,0,0,0,0,0,0,0,N/A,N/A,N/A,N/A,N/A,1,kworker/2,I (idle),learner.bnsdq.ozxfs.fkiya.kvugl,0.07283898322185241
1759316085,47452,2,0,0,0,0,0,0,0,0,N/A,N/A,N/A,N/A,N/A,1,kworker/2,I (idle),learner.bnsdq.ozxfs.fkiya.kvugl,0.0
1759316085,48094,2699,0,0,0,0,0,0,0,0,15106048,15069184,9199616,135168,1175552,1,sshd,S (sleeping),learner.bnsdq.ozxfs.fkiya.kvugl,0.0167033949081868
1759316085,48126,48115,1001,1001,1001,1001,1001,1001,1001,1001,6979584,6979584,3268608,135168,278528,1,bash,S (sleeping),learner.bnsdq.ozxfs.fkiya.kvugl,0.0
1759316085,48137,2,0,0,0,0,0,0,0,0,N/A,N/A,N/A,N/A,N/A,1,kworker/u8,I (idle),learner.bnsdq.ozxfs.fkiya.kvugl,0.0
1759316085,49037,1,0,0,0,0,0,0,0,0,6979584,6979584,3358720,135168,278528,1,bash,S (sleeping),learner.bnsdq.ozxfs.fkiya.kvugl,0.0
1759316085,49039,1,0,0,0,0,0,0,0,0,6979584,6979584,3330048,135168,278528,1,bash,S (sleeping),learner.bnsdq.ozxfs.fkiya.kvugl,0.0
1759316085,48127,48126,1001,0,0,0,0,0,0,0,11055104,11034624,5169152,135168,659456,1,sudo,S (sleeping),learner.bnsdq.ozxfs.fkiya.kvugl,0.0
1759316085,48211,48180,0,0,0,0,0,0,0,0,3486380032,3401748480,1238876160,147456,1697472512,17,python3,S (sleeping),learner.bnsdq.ozxfs.fkiya.kvugl,155.7335959745369
1759316085,48136,2,0,0,0,0,0,0,0,0,N/A,N/A,N/A,N/A,N/A,1,kworker/u8,I (idle),learner.bnsdq.ozxfs.fkiya.kvugl,0.0
1759316085,48160,1,0,0,0,0,0,0,0,0,1561829376,1561829376,13737984,135168,200155136,12,containerd-shim,S (sleeping),learner.bnsdq.ozxfs.fkiya.kvugl,0.0167027722245459
1759316085,49026,1,0,0,0,0,0,0,0,0,728399872,728399872,7921664,135168,105480192,6,foundryc,S (sleeping),learner.bnsdq.ozxfs.fkiya.kvugl,0.0
1759316085,49027,1,0,0,0,0,0,0,0,0,6979584,6979584,3244032,135168,278528,1,bash,S (sleeping),learner.bnsdq.ozxfs.fkiya.kvugl,0.0
1759316085,48128,48127,0,0,0,0,0,0,0,0,1448742912,1382223872,56872960,135168,177422336,9,docker,S (sleeping),learner.bnsdq.ozxfs.fkiya.kvugl,0.08351260195514457
1759316085,43195,1,0,0,0,0,0,0,0,0,1799233536,1732124672,26415104,135168,99774464,7,discern-interfa,S (sleeping),learner.bnsdq.ozxfs.fkiya.kvugl,0.0049276683358405364
1759316085,48098,48097,1001,1001,1001,1001,1001,1001,1001,1001,172527616,172527616,3739648,1056768,20037632,1,(sd-pam),S (sleeping),learner.bnsdq.ozxfs.fkiya.kvugl,0.0
1759316085,49088,49037,0,0,0,0,0,0,0,0,5492736,5492736,516096,135168,180224,1,sleep,S (sleeping),learner.bnsdq.ozxfs.fkiya.kvugl,0.0
1759316085,48115,48094,1001,1001,1001,1001,1001,1001,1001,1001,15069184,15069184,6053888,135168,1175552,1,sshd,S (sleeping),learner.bnsdq.ozxfs.fkiya.kvugl,0.0
1759316085,49091,49033,0,0,0,0,0,0,0,0,5492736,5492736,577536,135168,180224,1,sleep,S (sleeping),learner.bnsdq.ozxfs.fkiya.kvugl,0.0
1759316085,48041,2,0,0,0,0,0,0,0,0,N/A,N/A,N/A,N/A,N/A,1,kworker/1,I (idle),learner.bnsdq.ozxfs.fkiya.kvugl,0.0
1759316085,48212,48180,0,0,0,0,0,0,0,0,4386816,4386816,577536,135168,180224,1,tee,S (sleeping),learner.bnsdq.ozxfs.fkiya.kvugl,0.0
1759316085,49050,1,101,101,101,101,102,102,102,102,16568320,16568320,7430144,135168,630784,1,systemd-network,S (sleeping),learner.bnsdq.ozxfs.fkiya.kvugl,1.0259712917978414
1759316091,43195,1,0,0,0,0,0,0,0,0,1799233536,1732124672,26415104,135168,99774464,7,discern-interfa,S (sleeping),learner.bnsdq.ozxfs.fkiya.kvugl,0.004866295730172858
1759316091,48098,48097,1001,1001,1001,1001,1001,1001,1001,1001,172527616,172527616,3739648,1056768,20037632,1,(sd-pam),S (sleeping),learner.bnsdq.ozxfs.fkiya.kvugl,0.0
1759316091,43084,2,0,0,0,0,0,0,0,0,N/A,N/A,N/A,N/A,N/A,1,kworker/0,I (idle),learner.bnsdq.ozxfs.fkiya.kvugl,0.09112907148667944
1759316091,47259,2,0,0,0,0,0,0,0,0,N/A,N/A,N/A,N/A,N/A,1,kworker/1,I (idle),learner.bnsdq.ozxfs.fkiya.kvugl,0.0
1759316091,48115,48094,1001,1001,1001,1001,1001,1001,1001,1001,15069184,15069184,6053888,135168,1175552,1,sshd,S (sleeping),learner.bnsdq.ozxfs.fkiya.kvugl,0.0
1759316091,48136,2,0,0,0,0,0,0,0,0,N/A,N/A,N/A,N/A,N/A,1,kworker/u8,I (idle),learner.bnsdq.ozxfs.fkiya.kvugl,0.015386542499589807
1759316091,48041,2,0,0,0,0,0,0,0,0,N/A,N/A,N/A,N/A,N/A,1,kworker/1,I (idle),learner.bnsdq.ozxfs.fkiya.kvugl,0.0
1759316091,48212,48180,0,0,0,0,0,0,0,0,4386816,4386816,577536,135168,180224,1,tee,S (sleeping),learner.bnsdq.ozxfs.fkiya.kvugl,0.0
1759316091,48128,48127,0,0,0,0,0,0,0,0,1448742912,1382223872,56872960,135168,177422336,9,docker,S (sleeping),learner.bnsdq.ozxfs.fkiya.kvugl,0.07693150783518497
1759316091,48160,1,0,0,0,0,0,0,0,0,1562157056,1562157056,14106624,135168,200482816,12,containerd-shim,S (sleeping),learner.bnsdq.ozxfs.fkiya.kvugl,0.01538622638477291
1759316091,49153,1,0,0,0,0,0,0,0,0,728137728,728137728,7925760,135168,105218048,5,foundryc,S (sleeping),learner.bnsdq.ozxfs.fkiya.kvugl,0.0
1759316091,49161,49153,0,0,0,0,0,0,0,0,10379264,10379264,4042752,135168,294912,1,systemctl,S (sleeping),learner.bnsdq.ozxfs.fkiya.kvugl,0.0
1759316091,49158,1,0,0,0,0,0,0,0,0,6979584,6979584,3198976,135168,278528,1,bash,S (sleeping),learner.bnsdq.ozxfs.fkiya.kvugl,0.0
1759316091,49175,49154,0,0,0,0,0,0,0,0,5492736,5492736,516096,135168,180224,1,sleep,S (sleeping),learner.bnsdq.ozxfs.fkiya.kvugl,0.0
1759316091,48211,48180,0,0,0,0,0,0,0,0,3493343232,3414646784,1254051840,147456,1711108096,17,python3,S (sleeping),learner.bnsdq.ozxfs.fkiya.kvugl,158.30959492364622
1759316091,47452,2,0,0,0,0,0,0,0,0,N/A,N/A,N/A,N/A,N/A,1,kworker/2,I (idle),learner.bnsdq.ozxfs.fkiya.kvugl,0.0
1759316091,48097,1,1001,1001,1001,1001,1001,1001,1001,1001,15548416,15515648,8888320,135168,733184,1,systemd,S (sleeping),learner.bnsdq.ozxfs.fkiya.kvugl,0.1077000594090544
1759316091,48135,2,0,0,0,0,0,0,0,0,N/A,N/A,N/A,N/A,N/A,1,kworker/u8,I (idle),learner.bnsdq.ozxfs.fkiya.kvugl,0.0
1759316091,49160,1,0,0,0,0,0,0,0,0,6979584,6979584,3133440,135168,278528,1,bash,S (sleeping),learner.bnsdq.ozxfs.fkiya.kvugl,0.0
1759316091,48137,2,0,0,0,0,0,0,0,0,N/A,N/A,N/A,N/A,N/A,1,kworker/u8,I (idle),learner.bnsdq.ozxfs.fkiya.kvugl,0.0
1759316091,48126,48115,1001,1001,1001,1001,1001,1001,1001,1001,6979584,6979584,3268608,135168,278528,1,bash,S (sleeping),learner.bnsdq.ozxfs.fkiya.kvugl,0.0
1759316091,49172,49164,0,0,0,0,0,0,0,0,5492736,5492736,581632,135168,180224,1,sleep,S (sleeping),learner.bnsdq.ozxfs.fkiya.kvugl,0.0
1759316091,48127,48126,1001,0,0,0,0,0,0,0,11055104,11034624,5169152,135168,659456,1,sudo,S (sleeping),learner.bnsdq.ozxfs.fkiya.kvugl,0.0
1759316091,48180,48160,0,0,0,0,0,0,0,0,5939200,5926912,3379200,135168,307200,1,bash,S (sleeping),learner.bnsdq.ozxfs.fkiya.kvugl,0.06250222697973881
1759316091,49174,49167,0,0,0,0,0,0,0,0,5492736,5492736,581632,135168,180224,1,sleep,S (sleeping),learner.bnsdq.ozxfs.fkiya.kvugl,0.0
1759316091,43214,2,0,0,0,0,0,0,0,0,N/A,N/A,N/A,N/A,N/A,1,kworker/3,I (idle),learner.bnsdq.ozxfs.fkiya.kvugl,0.009779992784869298
1759316091,49164,1,0,0,0,0,0,0,0,0,6979584,6979584,3301376,135168,278528,1,bash,S (sleeping),learner.bnsdq.ozxfs.fkiya.kvugl,0.0
1759316091,49173,49160,0,0,0,0,0,0,0,0,5492736,5492736,581632,135168,180224,1,sleep,S (sleeping),learner.bnsdq.ozxfs.fkiya.kvugl,0.0
1759316091,48094,2699,0,0,0,0,0,0,0,0,15106048,15069184,9199616,135168,1175552,1,sshd,S (sleeping),learner.bnsdq.ozxfs.fkiya.kvugl,0.015384445046146363
1759316091,43087,2,0,0,0,0,0,0,0,0,N/A,N/A,N/A,N/A,N/A,1,kworker/2,I (idle),learner.bnsdq.ozxfs.fkiya.kvugl,0.07194227890020373
1759316091,48138,2,0,0,0,0,0,0,0,0,N/A,N/A,N/A,N/A,N/A,1,kworker/u8,I (idle),learner.bnsdq.ozxfs.fkiya.kvugl,0.0
1759316091,48139,2,0,0,0,0,0,0,0,0,N/A,N/A,N/A,N/A,N/A,1,kworker/u8,I (idle),learner.bnsdq.ozxfs.fkiya.kvugl,0.0
1759316091,49167,1,0,0,0,0,0,0,0,0,6979584,6979584,3342336,135168,278528,1,bash,S (sleeping),learner.bnsdq.ozxfs.fkiya.kvugl,0.0
1759316091,49154,1,0,0,0,0,0,0,0,0,6979584,6979584,3170304,135168,278528,1,bash,S (sleeping),learner.bnsdq.ozxfs.fkiya.kvugl,0.0
1759316091,49171,49158,0,0,0,0,0,0,0,0,5492736,5492736,585728,135168,180224,1,sleep,S (sleeping),learner.bnsdq.ozxfs.fkiya.kvugl,0.0
1759316096,49253,241,0,0,0,0,0,0,0,0,23040000,21975040,4083712,135168,724992,1,systemd-udevd,S (sleeping),learner.bnsdq.ozxfs.fkiya.kvugl,0.0
1759316096,47259,2,0,0,0,0,0,0,0,0,N/A,N/A,N/A,N/A,N/A,1,kworker/1,I (idle),learner.bnsdq.ozxfs.fkiya.kvugl,0.0
1759316096,48097,1,1001,1001,1001,1001,1001,1001,1001,1001,15548416,15515648,8888320,135168,733184,1,systemd,S (sleeping),learner.bnsdq.ozxfs.fkiya.kvugl,0.09962866864047383
1759316096,49223,49164,0,0,0,0,0,0,0,0,5492736,5492736,577536,135168,180224,1,sleep,S (sleeping),learner.bnsdq.ozxfs.fkiya.kvugl,0.0
1759316096,48126,48115,1001,1001,1001,1001,1001,1001,1001,1001,6979584,6979584,3268608,135168,278528,1,bash,S (sleeping),learner.bnsdq.ozxfs.fkiya.kvugl,0.0
1759316096,48160,1,0,0,0,0,0,0,0,0,1562157056,1562157056,14106624,135168,200482816,12,containerd-shim,S (sleeping),learner.bnsdq.ozxfs.fkiya.kvugl,0.014232575221819867
1759316096,48136,2,0,0,0,0,0,0,0,0,N/A,N/A,N/A,N/A,N/A,1,kworker/u8,I (idle),learner.bnsdq.ozxfs.fkiya.kvugl,0.014232547173951744
1759316096,49224,49158,0,0,0,0,0,0,0,0,5492736,5492736,520192,135168,180224,1,sleep,S (sleeping),learner.bnsdq.ozxfs.fkiya.kvugl,0.0
1759316096,43087,2,0,0,0,0,0,0,0,0,N/A,N/A,N/A,N/A,N/A,1,kworker/2,I (idle),learner.bnsdq.ozxfs.fkiya.kvugl,0.07104597470008511
1759316096,43214,2,0,0,0,0,0,0,0,0,N/A,N/A,N/A,N/A,N/A,1,kworker/3,I (idle),learner.bnsdq.ozxfs.fkiya.kvugl,0.009655726778943633
1759316096,48138,2,0,0,0,0,0,0,0,0,N/A,N/A,N/A,N/A,N/A,1,kworker/u8,I (idle),learner.bnsdq.ozxfs.fkiya.kvugl,0.0
1759316096,49154,1,0,0,0,0,0,0,0,0,6979584,6979584,3248128,135168,278528,1,bash,S (sleeping),learner.bnsdq.ozxfs.fkiya.kvugl,0.0
1759316096,48139,2,0,0,0,0,0,0,0,0,N/A,N/A,N/A,N/A,N/A,1,kworker/u8,I (idle),learner.bnsdq.ozxfs.fkiya.kvugl,0.0
1759316096,43195,1,0,0,0,0,0,0,0,0,1799233536,1732124672,26415104,135168,99774464,7,discern-interfa,S (sleeping),learner.bnsdq.ozxfs.fkiya.kvugl,0.00480466058611576
1759316096,48212,48180,0,0,0,0,0,0,0,0,4386816,4386816,577536,135168,180224,1,tee,S (sleeping),learner.bnsdq.ozxfs.fkiya.kvugl,0.0
1759316096,48041,2,0,0,0,0,0,0,0,0,N/A,N/A,N/A,N/A,N/A,1,kworker/1,I (idle),learner.bnsdq.ozxfs.fkiya.kvugl,0.0
1759316096,48127,48126,1001,0,0,0,0,0,0,0,11055104,11034624,5169152,135168,659456,1,sudo,S (sleeping),learner.bnsdq.ozxfs.fkiya.kvugl,0.0
1759316096,48180,48160,0,0,0,0,0,0,0,0,5939200,5926912,3379200,135168,307200,1,bash,S (sleeping),learner.bnsdq.ozxfs.fkiya.kvugl,0.05775080943857552
1759316096,49167,1,0,0,0,0,0,0,0,0,6979584,6979584,3350528,135168,278528,1,bash,S (sleeping),learner.bnsdq.ozxfs.fkiya.kvugl,0.0
1759316096,47452,2,0,0,0,0,0,0,0,0,N/A,N/A,N/A,N/A,N/A,1,kworker/2,I (idle),learner.bnsdq.ozxfs.fkiya.kvugl,0.0
1759316096,48115,48094,1001,1001,1001,1001,1001,1001,1001,1001,15069184,15069184,6053888,135168,1175552,1,sshd,S (sleeping),learner.bnsdq.ozxfs.fkiya.kvugl,0.0
1759316096,43084,2,0,0,0,0,0,0,0,0,N/A,N/A,N/A,N/A,N/A,1,kworker/0,I (idle),learner.bnsdq.ozxfs.fkiya.kvugl,0.08999116764084811
1759316096,48094,2699,0,0,0,0,0,0,0,0,15106048,15069184,9199616,135168,1175552,1,sshd,S (sleeping),learner.bnsdq.ozxfs.fkiya.kvugl,0.014232078992046272
1759316096,48137,2,0,0,0,0,0,0,0,0,N/A,N/A,N/A,N/A,N/A,1,kworker/u8,I (idle),learner.bnsdq.ozxfs.fkiya.kvugl,0.0
1759316096,49158,1,0,0,0,0,0,0,0,0,6979584,6979584,3207168,135168,278528,1,bash,S (sleeping),learner.bnsdq.ozxfs.fkiya.kvugl,0.0
1759316096,49226,49154,0,0,0,0,0,0,0,0,5492736,5492736,516096,135168,180224,1,sleep,S (sleeping),learner.bnsdq.ozxfs.fkiya.kvugl,0.0
1759316096,48135,2,0,0,0,0,0,0,0,0,N/A,N/A,N/A,N/A,N/A,1,kworker/u8,I (idle),learner.bnsdq.ozxfs.fkiya.kvugl,0.0
1759316096,49241,1,101,101,101,101,102,102,102,102,16568320,16568320,7462912,135168,630784,1,systemd-network,S (sleeping),learner.bnsdq.ozxfs.fkiya.kvugl,3.1632956079120906
1759316096,48211,48180,0,0,0,0,0,0,0,0,3524161536,3389943808,1289940992,147456,1686589440,17,python3,S (sleeping),learner.bnsdq.ozxfs.fkiya.kvugl,161.29437049501644
1759316096,48098,48097,1001,1001,1001,1001,1001,1001,1001,1001,172527616,172527616,3739648,1056768,20037632,1,(sd-pam),S (sleeping),learner.bnsdq.ozxfs.fkiya.kvugl,0.0
1759316096,49164,1,0,0,0,0,0,0,0,0,6979584,6979584,3317760,135168,278528,1,bash,S (sleeping),learner.bnsdq.ozxfs.fkiya.kvugl,0.0
1759316096,49160,1,0,0,0,0,0,0,0,0,6979584,6979584,3207168,135168,278528,1,bash,S (sleeping),learner.bnsdq.ozxfs.fkiya.kvugl,0.0
1759316096,49225,49167,0,0,0,0,0,0,0,0,5492736,5492736,520192,135168,180224,1,sleep,S (sleeping),learner.bnsdq.ozxfs.fkiya.kvugl,0.0
1759316096,49227,49160,0,0,0,0,0,0,0,0,5492736,5492736,581632,135168,180224,1,sleep,S (sleeping),learner.bnsdq.ozxfs.fkiya.kvugl,0.0
1759316096,48128,48127,0,0,0,0,0,0,0,0,1448742912,1382223872,56872960,135168,177422336,9,docker,S (sleeping),learner.bnsdq.ozxfs.fkiya.kvugl,0.07115862487334437
1759316101,48136,2,0,0,0,0,0,0,0,0,N/A,N/A,N/A,N/A,N/A,1,kworker/u8,I (idle),learner.bnsdq.ozxfs.fkiya.kvugl,0.013267629952099685
1759316101,48115,48094,1001,1001,1001,1001,1001,1001,1001,1001,15069184,15069184,6053888,135168,1175552,1,sshd,S (sleeping),learner.bnsdq.ozxfs.fkiya.kvugl,0.0
1759316101,49311,49283,0,0,0,0,0,0,0,0,5492736,5492736,516096,135168,180224,1,sleep,S (sleeping),learner.bnsdq.ozxfs.fkiya.kvugl,0.0
1759316101,47259,2,0,0,0,0,0,0,0,0,N/A,N/A,N/A,N/A,N/A,1,kworker/1,I (idle),learner.bnsdq.ozxfs.fkiya.kvugl,0.0
1759316101,48212,48180,0,0,0,0,0,0,0,0,4386816,4386816,577536,135168,180224,1,tee,S (sleeping),learner.bnsdq.ozxfs.fkiya.kvugl,0.0
1759316101,49304,1,101,101,101,101,102,102,102,102,16568320,16568320,7524352,135168,630784,1,systemd-network,S (sleeping),learner.bnsdq.ozxfs.fkiya.kvugl,1.6857894160985312
1759316101,48127,48126,1001,0,0,0,0,0,0,0,11055104,11034624,5169152,135168,659456,1,sudo,S (sleeping),learner.bnsdq.ozxfs.fkiya.kvugl,0.0
1759316101,49291,1,0,0,0,0,0,0,0,0,6979584,6979584,3149824,135168,278528,1,bash,S (sleeping),learner.bnsdq.ozxfs.fkiya.kvugl,0.0
1759316101,49315,49282,0,0,0,0,0,0,0,0,5492736,5492736,581632,135168,180224,1,sleep,S (sleeping),learner.bnsdq.ozxfs.fkiya.kvugl,0.0
1759316101,48211,48180,0,0,0,0,0,0,0,0,3528437760,3394220032,1298571264,147456,1690935296,17,python3,S (sleeping),learner.bnsdq.ozxfs.fkiya.kvugl,163.70014021772957
1759316101,48126,48115,1001,1001,1001,1001,1001,1001,1001,1001,6979584,6979584,3268608,135168,278528,1,bash,S (sleeping),learner.bnsdq.ozxfs.fkiya.kvugl,0.0
1759316101,47452,2,0,0,0,0,0,0,0,0,N/A,N/A,N/A,N/A,N/A,1,kworker/2,I (idle),learner.bnsdq.ozxfs.fkiya.kvugl,0.0
1759316101,48139,2,0,0,0,0,0,0,0,0,N/A,N/A,N/A,N/A,N/A,1,kworker/u8,I (idle),learner.bnsdq.ozxfs.fkiya.kvugl,0.0
1759316101,43087,2,0,0,0,0,0,0,0,0,N/A,N/A,N/A,N/A,N/A,1,kworker/2,I (idle),learner.bnsdq.ozxfs.fkiya.kvugl,0.07019594429879299
1759316101,48137,2,0,0,0,0,0,0,0,0,N/A,N/A,N/A,N/A,N/A,1,kworker/u8,I (idle),learner.bnsdq.ozxfs.fkiya.kvugl,0.0
1759316101,49314,49281,0,0,0,0,0,0,0,0,5492736,5492736,577536,135168,180224,1,sleep,S (sleeping),learner.bnsdq.ozxfs.fkiya.kvugl,0.0
1759316101,48094,2699,0,0,0,0,0,0,0,0,15106048,15069184,9199616,135168,1175552,1,sshd,S (sleeping),learner.bnsdq.ozxfs.fkiya.kvugl,0.013266688149999406
1759316101,48097,1,1001,1001,1001,1001,1001,1001,1001,1001,15548416,15515648,8888320,135168,733184,1,systemd,S (sleeping),learner.bnsdq.ozxfs.fkiya.kvugl,0.09286646535828381
1759316101,49313,49289,0,0,0,0,0,0,0,0,5492736,5492736,577536,135168,180224,1,sleep,S (sleeping),learner.bnsdq.ozxfs.fkiya.kvugl,0.0
1759316101,48041,2,0,0,0,0,0,0,0,0,N/A,N/A,N/A,N/A,N/A,1,kworker/1,I (idle),learner.bnsdq.ozxfs.fkiya.kvugl,0.0
1759316101,48180,48160,0,0,0,0,0,0,0,0,5939200,5926912,3379200,135168,307200,1,bash,S (sleeping),learner.bnsdq.ozxfs.fkiya.kvugl,0.05377939840257789
1759316101,49283,1,0,0,0,0,0,0,0,0,6979584,6979584,3293184,135168,278528,1,bash,S (sleeping),learner.bnsdq.ozxfs.fkiya.kvugl,0.0
1759316101,43195,1,0,0,0,0,0,0,0,0,1799233536,1732124672,26415104,135168,99774464,7,discern-interfa,S (sleeping),learner.bnsdq.ozxfs.fkiya.kvugl,0.004746326731975407
1759316101,49280,1,0,0,0,0,0,0,0,0,728662016,728662016,10022912,135168,105742336,6,foundryc,S (sleeping),learner.bnsdq.ozxfs.fkiya.kvugl,0.0
1759316101,48128,48127,0,0,0,0,0,0,0,0,1448742912,1382223872,56872960,135168,177422336,9,docker,S (sleeping),learner.bnsdq.ozxfs.fkiya.kvugl,0.0663312094458024
1759316101,48160,1,0,0,0,0,0,0,0,0,1562157056,1562157056,14106624,135168,200482816,12,containerd-shim,S (sleeping),learner.bnsdq.ozxfs.fkiya.kvugl,0.01326618979256971
1759316101,49312,49291,0,0,0,0,0,0,0,0,5492736,5492736,581632,135168,180224,1,sleep,S (sleeping),learner.bnsdq.ozxfs.fkiya.kvugl,0.0
1759316101,49281,1,0,0,0,0,0,0,0,0,6979584,6979584,3411968,135168,278528,1,bash,S (sleeping),learner.bnsdq.ozxfs.fkiya.kvugl,0.0
1759316101,49289,1,0,0,0,0,0,0,0,0,6979584,6979584,3158016,135168,278528,1,bash,S (sleeping),learner.bnsdq.ozxfs.fkiya.kvugl,0.0
1759316101,49282,1,0,0,0,0,0,0,0,0,6979584,6979584,3411968,135168,278528,1,bash,S (sleeping),learner.bnsdq.ozxfs.fkiya.kvugl,0.0
1759316101,43084,2,0,0,0,0,0,0,0,0,N/A,N/A,N/A,N/A,N/A,1,kworker/0,I (idle),learner.bnsdq.ozxfs.fkiya.kvugl,0.08891362972199493
1759316101,43214,2,0,0,0,0,0,0,0,0,N/A,N/A,N/A,N/A,N/A,1,kworker/3,I (idle),learner.bnsdq.ozxfs.fkiya.kvugl,0.009537859738154332
1759316101,48135,2,0,0,0,0,0,0,0,0,N/A,N/A,N/A,N/A,N/A,1,kworker/u8,I (idle),learner.bnsdq.ozxfs.fkiya.kvugl,0.0
1759316101,48098,48097,1001,1001,1001,1001,1001,1001,1001,1001,172527616,172527616,3739648,1056768,20037632,1,(sd-pam),S (sleeping),learner.bnsdq.ozxfs.fkiya.kvugl,0.0
1759316101,48138,2,0,0,0,0,0,0,0,0,N/A,N/A,N/A,N/A,N/A,1,kworker/u8,I (idle),learner.bnsdq.ozxfs.fkiya.kvugl,0.0
1759316106,48128,48127,0,0,0,0,0,0,0,0,1448742912,1382223872,56872960,135168,177422336,9,docker,S (sleeping),learner.bnsdq.ozxfs.fkiya.kvugl,0.062112846699437674
1759316106,48180,48160,0,0,0,0,0,0,0,0,5939200,5926912,3379200,135168,307200,1,bash,S (sleeping),learner.bnsdq.ozxfs.fkiya.kvugl,0.050315117812343636
1759316106,48211,48180,0,0,0,0,0,0,0,0,3603230720,3409604608,1342996480,147456,1706319872,17,python3,S (sleeping),learner.bnsdq.ozxfs.fkiya.kvugl,165.98898426702257
1759316106,48137,2,0,0,0,0,0,0,0,0,N/A,N/A,N/A,N/A,N/A,1,kworker/u8,I (idle),learner.bnsdq.ozxfs.fkiya.kvugl,0.0
1759316106,47452,2,0,0,0,0,0,0,0,0,N/A,N/A,N/A,N/A,N/A,1,kworker/2,I (idle),learner.bnsdq.ozxfs.fkiya.kvugl,0.0
1759316106,43214,2,0,0,0,0,0,0,0,0,N/A,N/A,N/A,N/A,N/A,1,kworker/3,I (idle),learner.bnsdq.ozxfs.fkiya.kvugl,0.009422852009228893
1759316106,48126,48115,1001,1001,1001,1001,1001,1001,1001,1001,6979584,6979584,3268608,135168,278528,1,bash,S (sleeping),learner.bnsdq.ozxfs.fkiya.kvugl,0.0
1759316106,47259,2,0,0,0,0,0,0,0,0,N/A,N/A,N/A,N/A,N/A,1,kworker/1,I (idle),learner.bnsdq.ozxfs.fkiya.kvugl,0.0
1759316106,48094,2699,0,0,0,0,0,0,0,0,15106048,15069184,9199616,135168,1175552,1,sshd,S (sleeping),learner.bnsdq.ozxfs.fkiya.kvugl,0.012422261095347968
1759316106,43087,2,0,0,0,0,0,0,0,0,N/A,N/A,N/A,N/A,N/A,1,kworker/2,I (idle),learner.bnsdq.ozxfs.fkiya.kvugl,0.07167614977506151
1759316106,48135,2,0,0,0,0,0,0,0,0,N/A,N/A,N/A,N/A,N/A,1,kworker/u8,I (idle),learner.bnsdq.ozxfs.fkiya.kvugl,0.0
1759316106,48041,2,0,0,0,0,0,0,0,0,N/A,N/A,N/A,N/A,N/A,1,kworker/1,I (idle),learner.bnsdq.ozxfs.fkiya.kvugl,0.0
1759316106,48138,2,0,0,0,0,0,0,0,0,N/A,N/A,N/A,N/A,N/A,1,kworker/u8,I (idle),learner.bnsdq.ozxfs.fkiya.kvugl,0.0
1759316106,48160,1,0,0,0,0,0,0,0,0,1562157056,1562157056,14106624,135168,200482816,12,containerd-shim,S (sleeping),learner.bnsdq.ozxfs.fkiya.kvugl,0.012422055164161174
1759316106,43084,2,0,0,0,0,0,0,0,0,N/A,N/A,N/A,N/A,N/A,1,kworker/0,I (idle),learner.bnsdq.ozxfs.fkiya.kvugl,0.08786081877033625
1759316106,48097,1,1001,1001,1001,1001,1001,1001,1001,1001,15548416,15515648,8888320,135168,733184,1,systemd,S (sleeping),learner.bnsdq.ozxfs.fkiya.kvugl,0.08695381539938166
1759316106,49368,1,101,101,101,101,102,102,102,102,16568320,16568320,7360512,135168,630784,1,systemd-network,S (sleeping),learner.bnsdq.ozxfs.fkiya.kvugl,1.997763121414163
1759316106,48098,48097,1001,1001,1001,1001,1001,1001,1001,1001,172527616,172527616,3739648,1056768,20037632,1,(sd-pam),S (sleeping),learner.bnsdq.ozxfs.fkiya.kvugl,0.0
1759316106,43195,1,0,0,0,0,0,0,0,0,1799233536,1732124672,26415104,135168,99774464,7,discern-interfa,S (sleeping),learner.bnsdq.ozxfs.fkiya.kvugl,0.004689294813071207
1759316106,48127,48126,1001,0,0,0,0,0,0,0,11055104,11034624,5169152,135168,659456,1,sudo,S (sleeping),learner.bnsdq.ozxfs.fkiya.kvugl,0.0
1759316106,48139,2,0,0,0,0,0,0,0,0,N/A,N/A,N/A,N/A,N/A,1,kworker/u8,I (idle),learner.bnsdq.ozxfs.fkiya.kvugl,0.0
1759316106,48212,48180,0,0,0,0,0,0,0,0,4386816,4386816,577536,135168,180224,1,tee,S (sleeping),learner.bnsdq.ozxfs.fkiya.kvugl,0.0
1759316106,48136,2,0,0,0,0,0,0,0,0,N/A,N/A,N/A,N/A,N/A,1,kworker/u8,I (idle),learner.bnsdq.ozxfs.fkiya.kvugl,0.012421700191549156
1759316106,49380,241,0,0,0,0,0,0,0,0,23040000,21975040,4087808,135168,724992,1,systemd-udevd,S (sleeping),learner.bnsdq.ozxfs.fkiya.kvugl,0.0
1759316106,48115,48094,1001,1001,1001,1001,1001,1001,1001,1001,15069184,15069184,6053888,135168,1175552,1,sshd,S (sleeping),learner.bnsdq.ozxfs.fkiya.kvugl,0.0
1759316111,47259,2,0,0,0,0,0,0,0,0,N/A,N/A,N/A,N/A,N/A,1,kworker/1,I (idle),learner.bnsdq.ozxfs.fkiya.kvugl,0.0
1759316111,49432,1,101,101,101,101,102,102,102,102,16568320,16568320,7553024,135168,630784,1,systemd-network,S (sleeping),learner.bnsdq.ozxfs.fkiya.kvugl,1.160553787377284
1759316111,48137,2,0,0,0,0,0,0,0,0,N/A,N/A,N/A,N/A,N/A,1,kworker/u8,I (idle),learner.bnsdq.ozxfs.fkiya.kvugl,0.0
1759316111,49452,49410,0,0,0,0,0,0,0,0,5492736,5492736,581632,135168,180224,1,sleep,S (sleeping),learner.bnsdq.ozxfs.fkiya.kvugl,0.0
1759316111,49411,1,0,0,0,0,0,0,0,0,6979584,6979584,3284992,135168,278528,1,bash,S (sleeping),learner.bnsdq.ozxfs.fkiya.kvugl,0.0
1759316111,48127,48126,1001,0,0,0,0,0,0,0,11055104,11034624,5169152,135168,659456,1,sudo,S (sleeping),learner.bnsdq.ozxfs.fkiya.kvugl,0.0
1759316111,49409,1,0,0,0,0,0,0,0,0,6979584,6979584,3346432,135168,278528,1,bash,S (sleeping),learner.bnsdq.ozxfs.fkiya.kvugl,0.0
1759316111,49413,1,0,0,0,0,0,0,0,0,6979584,6979584,3334144,135168,278528,1,bash,S (sleeping),learner.bnsdq.ozxfs.fkiya.kvugl,0.0
1759316111,43214,2,0,0,0,0,0,0,0,0,N/A,N/A,N/A,N/A,N/A,1,kworker/3,I (idle),learner.bnsdq.ozxfs.fkiya.kvugl,0.009311268695562466
1759316111,48115,48094,1001,1001,1001,1001,1001,1001,1001,1001,15069184,15069184,6053888,135168,1175552,1,sshd,S (sleeping),learner.bnsdq.ozxfs.fkiya.kvugl,0.0
1759316111,43087,2,0,0,0,0,0,0,0,0,N/A,N/A,N/A,N/A,N/A,1,kworker/2,I (idle),learner.bnsdq.ozxfs.fkiya.kvugl,0.070842974009897
1759316111,48135,2,0,0,0,0,0,0,0,0,N/A,N/A,N/A,N/A,N/A,1,kworker/u8,I (idle),learner.bnsdq.ozxfs.fkiya.kvugl,0.0
1759316111,48097,1,1001,1001,1001,1001,1001,1001,1001,1001,15548416,15515648,8888320,135168,733184,1,systemd,S (sleeping),learner.bnsdq.ozxfs.fkiya.kvugl,0.08178720054078661
1759316111,49449,49409,0,0,0,0,0,0,0,0,5492736,5492736,581632,135168,180224,1,sleep,S (sleeping),learner.bnsdq.ozxfs.fkiya.kvugl,0.0
1759316111,48126,48115,1001,1001,1001,1001,1001,1001,1001,1001,6979584,6979584,3268608,135168,278528,1,bash,S (sleeping),learner.bnsdq.ozxfs.fkiya.kvugl,0.0
1759316111,49408,1,0,0,0,0,0,0,0,0,728399872,728399872,7921664,135168,105480192,6,foundryc,S (sleeping),learner.bnsdq.ozxfs.fkiya.kvugl,0.0
1759316111,49450,49413,0,0,0,0,0,0,0,0,5492736,5492736,516096,135168,180224,1,sleep,S (sleeping),learner.bnsdq.ozxfs.fkiya.kvugl,0.0
1759316111,48136,2,0,0,0,0,0,0,0,0,N/A,N/A,N/A,N/A,N/A,1,kworker/u8,I (idle),learner.bnsdq.ozxfs.fkiya.kvugl,0.011683261691911452
1759316111,43084,2,0,0,0,0,0,0,0,0,N/A,N/A,N/A,N/A,N/A,1,kworker/0,I (idle),learner.bnsdq.ozxfs.fkiya.kvugl,0.08683872413827018
1759316111,49453,49411,0,0,0,0,0,0,0,0,5492736,5492736,516096,135168,180224,1,sleep,S (sleeping),learner.bnsdq.ozxfs.fkiya.kvugl,0.0
1759316111,49412,1,0,0,0,0,0,0,0,0,6979584,6979584,3215360,135168,278528,1,bash,S (sleeping),learner.bnsdq.ozxfs.fkiya.kvugl,0.0
1759316111,48160,1,0,0,0,0,0,0,0,0,1562157056,1562157056,14106624,135168,200482816,12,containerd-shim,S (sleeping),learner.bnsdq.ozxfs.fkiya.kvugl,0.011683105264558498
1759316111,49410,1,0,0,0,0,0,0,0,0,6979584,6979584,3375104,135168,278528,1,bash,S (sleeping),learner.bnsdq.ozxfs.fkiya.kvugl,0.0
1759316111,48098,48097,1001,1001,1001,1001,1001,1001,1001,1001,172527616,172527616,3739648,1056768,20037632,1,(sd-pam),S (sleeping),learner.bnsdq.ozxfs.fkiya.kvugl,0.0
1759316111,48139,2,0,0,0,0,0,0,0,0,N/A,N/A,N/A,N/A,N/A,1,kworker/u8,I (idle),learner.bnsdq.ozxfs.fkiya.kvugl,0.0
1759316111,48094,2699,0,0,0,0,0,0,0,0,15106048,15069184,9199616,135168,1175552,1,sshd,S (sleeping),learner.bnsdq.ozxfs.fkiya.kvugl,0.01168253594962305
1759316111,48128,48127,0,0,0,0,0,0,0,0,1448742912,1382223872,56872960,135168,177422336,9,docker,S (sleeping),learner.bnsdq.ozxfs.fkiya.kvugl,0.05841238125063219
1759316111,48138,2,0,0,0,0,0,0,0,0,N/A,N/A,N/A,N/A,N/A,1,kworker/u8,I (idle),learner.bnsdq.ozxfs.fkiya.kvugl,0.0
1759316111,49451,49412,0,0,0,0,0,0,0,0,5492736,5492736,577536,135168,180224,1,sleep,S (sleeping),learner.bnsdq.ozxfs.fkiya.kvugl,0.0
1759316111,48180,48160,0,0,0,0,0,0,0,0,5939200,5926912,3379200,135168,307200,1,bash,S (sleeping),learner.bnsdq.ozxfs.fkiya.kvugl,0.04728144324874071
1759316111,48211,48180,0,0,0,0,0,0,0,0,3603230720,3502632960,1342996480,147456,1799348224,17,python3,S (sleeping),learner.bnsdq.ozxfs.fkiya.kvugl,168.2032030128716
1759316111,47452,2,0,0,0,0,0,0,0,0,N/A,N/A,N/A,N/A,N/A,1,kworker/2,I (idle),learner.bnsdq.ozxfs.fkiya.kvugl,0.0
1759316111,48212,48180,0,0,0,0,0,0,0,0,4386816,4386816,577536,135168,180224,1,tee,S (sleeping),learner.bnsdq.ozxfs.fkiya.kvugl,0.0
1759316111,48041,2,0,0,0,0,0,0,0,0,N/A,N/A,N/A,N/A,N/A,1,kworker/1,I (idle),learner.bnsdq.ozxfs.fkiya.kvugl,0.0
1759316111,43195,1,0,0,0,0,0,0,0,0,1799233536,1732124672,26415104,135168,99774464,7,discern-interfa,S (sleeping),learner.bnsdq.ozxfs.fkiya.kvugl,0.004633908674554011
1759316116,49496,1,101,101,101,101,102,102,102,102,16568320,16568320,7458816,135168,630784,1,systemd-network,S (sleeping),learner.bnsdq.ozxfs.fkiya.kvugl,0.7374769254393907
1759316116,49507,241,0,0,0,0,0,0,0,0,23040000,21975040,4083712,135168,724992,1,systemd-udevd,S (sleeping),learner.bnsdq.ozxfs.fkiya.kvugl,0.0
1759316116,48137,2,0,0,0,0,0,0,0,0,N/A,N/A,N/A,N/A,N/A,1,kworker/u8,I (idle),learner.bnsdq.ozxfs.fkiya.kvugl,0.0
1759316116,48126,48115,1001,1001,1001,1001,1001,1001,1001,1001,6979584,6979584,3268608,135168,278528,1,bash,S (sleeping),learner.bnsdq.ozxfs.fkiya.kvugl,0.0
1759316116,43087,2,0,0,0,0,0,0,0,0,N/A,N/A,N/A,N/A,N/A,1,kworker/2,I (idle),learner.bnsdq.ozxfs.fkiya.kvugl,0.0700227818305937
1759316116,48127,48126,1001,0,0,0,0,0,0,0,11055104,11034624,5169152,135168,659456,1,sudo,S (sleeping),learner.bnsdq.ozxfs.fkiya.kvugl,0.0
1759316116,43084,2,0,0,0,0,0,0,0,0,N/A,N/A,N/A,N/A,N/A,1,kworker/0,I (idle),learner.bnsdq.ozxfs.fkiya.kvugl,0.08583427645315203
1759316116,48128,48127,0,0,0,0,0,0,0,0,1448742912,1382223872,56872960,135168,177422336,9,docker,S (sleeping),learner.bnsdq.ozxfs.fkiya.kvugl,0.05511834647579708
1759316116,48139,2,0,0,0,0,0,0,0,0,N/A,N/A,N/A,N/A,N/A,1,kworker/u8,I (idle),learner.bnsdq.ozxfs.fkiya.kvugl,0.0
1759316116,43195,1,0,0,0,0,0,0,0,0,1799233536,1732124672,26415104,135168,99774464,7,discern-interfa,S (sleeping),learner.bnsdq.ozxfs.fkiya.kvugl,0.0045796516012157175
1759316116,48212,48180,0,0,0,0,0,0,0,0,4386816,4386816,577536,135168,180224,1,tee,S (sleeping),learner.bnsdq.ozxfs.fkiya.kvugl,0.0
1759316116,47452,2,0,0,0,0,0,0,0,0,N/A,N/A,N/A,N/A,N/A,1,kworker/2,I (idle),learner.bnsdq.ozxfs.fkiya.kvugl,0.0
1759316116,48180,48160,0,0,0,0,0,0,0,0,5939200,5926912,3379200,135168,307200,1,bash,S (sleeping),learner.bnsdq.ozxfs.fkiya.kvugl,0.044585470889190695
1759316116,48094,2699,0,0,0,0,0,0,0,0,15106048,15069184,9199616,135168,1175552,1,sshd,S (sleeping),learner.bnsdq.ozxfs.fkiya.kvugl,0.011023462230668414
1759316116,48098,48097,1001,1001,1001,1001,1001,1001,1001,1001,172527616,172527616,3739648,1056768,20037632,1,(sd-pam),S (sleeping),learner.bnsdq.ozxfs.fkiya.kvugl,0.0
1759316116,47259,2,0,0,0,0,0,0,0,0,N/A,N/A,N/A,N/A,N/A,1,kworker/1,I (idle),learner.bnsdq.ozxfs.fkiya.kvugl,0.0
1759316116,48041,2,0,0,0,0,0,0,0,0,N/A,N/A,N/A,N/A,N/A,1,kworker/1,I (idle),learner.bnsdq.ozxfs.fkiya.kvugl,0.0
1759316116,43214,2,0,0,0,0,0,0,0,0,N/A,N/A,N/A,N/A,N/A,1,kworker/3,I (idle),learner.bnsdq.ozxfs.fkiya.kvugl,0.009201393753521993
1759316116,48135,2,0,0,0,0,0,0,0,0,N/A,N/A,N/A,N/A,N/A,1,kworker/u8,I (idle),learner.bnsdq.ozxfs.fkiya.kvugl,0.0
1759316116,48211,48180,0,0,0,0,0,0,0,0,3603230720,3356864512,1347567616,147456,1653579776,17,python3,S (sleeping),learner.bnsdq.ozxfs.fkiya.kvugl,168.62958940029944
1759316116,48115,48094,1001,1001,1001,1001,1001,1001,1001,1001,15069184,15069184,6053888,135168,1175552,1,sshd,S (sleeping),learner.bnsdq.ozxfs.fkiya.kvugl,0.0
1759316116,48138,2,0,0,0,0,0,0,0,0,N/A,N/A,N/A,N/A,N/A,1,kworker/u8,I (idle),learner.bnsdq.ozxfs.fkiya.kvugl,0.0
1759316116,48136,2,0,0,0,0,0,0,0,0,N/A,N/A,N/A,N/A,N/A,1,kworker/u8,I (idle),learner.bnsdq.ozxfs.fkiya.kvugl,0.011023150972192928
1759316116,48097,1,1001,1001,1001,1001,1001,1001,1001,1001,15548416,15515648,8888320,135168,733184,1,systemd,S (sleeping),learner.bnsdq.ozxfs.fkiya.kvugl,0.08818494178257512
1759316116,48160,1,0,0,0,0,0,0,0,0,1562157056,1562157056,14106624,135168,200482816,12,containerd-shim,S (sleeping),learner.bnsdq.ozxfs.fkiya.kvugl,0.01102308297788334
1759316121,48160,1,0,0,0,0,0,0,0,0,1562157056,1562157056,14106624,135168,200482816,12,containerd-shim,S (sleeping),learner.bnsdq.ozxfs.fkiya.kvugl,0.03131473638989499
1759316121,48097,1,1001,1001,1001,1001,1001,1001,1001,1001,15548416,15515648,8888320,135168,733184,1,systemd,S (sleeping),learner.bnsdq.ozxfs.fkiya.kvugl,0.08350569067157655
1759316121,49592,49546,0,0,0,0,0,0,0,0,5492736,5492736,512000,135168,180224,1,sleep,S (sleeping),learner.bnsdq.ozxfs.fkiya.kvugl,0.0
1759316121,49547,1,0,0,0,0,0,0,0,0,6979584,6979584,3317760,135168,278528,1,bash,S (sleeping),learner.bnsdq.ozxfs.fkiya.kvugl,0.0
1759316121,48180,48160,0,0,0,0,0,0,0,0,5939200,5926912,3379200,135168,307200,1,bash,S (sleeping),learner.bnsdq.ozxfs.fkiya.kvugl,0.042192877294716616
1759316121,48135,2,0,0,0,0,0,0,0,0,N/A,N/A,N/A,N/A,N/A,1,kworker/u8,I (idle),learner.bnsdq.ozxfs.fkiya.kvugl,0.0
1759316121,48137,2,0,0,0,0,0,0,0,0,N/A,N/A,N/A,N/A,N/A,1,kworker/u8,I (idle),learner.bnsdq.ozxfs.fkiya.kvugl,0.010438053736332345
1759316121,49561,1,101,101,101,101,102,102,102,102,16568320,16568320,7340032,135168,630784,1,systemd-network,S (sleeping),learner.bnsdq.ozxfs.fkiya.kvugl,1.314543079631219
1759316121,43195,1,0,0,0,0,0,0,0,0,1799233536,1732124672,26415104,135168,99774464,7,discern-interfa,S (sleeping),learner.bnsdq.ozxfs.fkiya.kvugl,0.004526895011466243
1759316121,48128,48127,0,0,0,0,0,0,0,0,1448742912,1382223872,56872960,135168,177422336,9,docker,S (sleeping),learner.bnsdq.ozxfs.fkiya.kvugl,0.06262771777344081
1759316121,43084,2,0,0,0,0,0,0,0,0,N/A,N/A,N/A,N/A,N/A,1,kworker/0,I (idle),learner.bnsdq.ozxfs.fkiya.kvugl,0.0848584576432607
1759316121,49536,1,0,0,0,0,0,0,0,0,728662016,728662016,9900032,135168,105742336,7,foundryc,S (sleeping),learner.bnsdq.ozxfs.fkiya.kvugl,0.0
1759316121,49542,1,0,0,0,0,0,0,0,0,6979584,6979584,3317760,135168,278528,1,bash,S (sleeping),learner.bnsdq.ozxfs.fkiya.kvugl,0.0
1759316121,49591,49547,0,0,0,0,0,0,0,0,5492736,5492736,512000,135168,180224,1,sleep,S (sleeping),learner.bnsdq.ozxfs.fkiya.kvugl,0.0
1759316121,43214,2,0,0,0,0,0,0,0,0,N/A,N/A,N/A,N/A,N/A,1,kworker/3,I (idle),learner.bnsdq.ozxfs.fkiya.kvugl,0.0090949228910524
1759316121,47452,2,0,0,0,0,0,0,0,0,N/A,N/A,N/A,N/A,N/A,1,kworker/2,I (idle),learner.bnsdq.ozxfs.fkiya.kvugl,0.0
1759316121,48212,48180,0,0,0,0,0,0,0,0,4386816,4386816,577536,135168,180224,1,tee,S (sleeping),learner.bnsdq.ozxfs.fkiya.kvugl,0.0
1759316121,49537,1,0,0,0,0,0,0,0,0,6979584,6979584,3276800,135168,278528,1,bash,S (sleeping),learner.bnsdq.ozxfs.fkiya.kvugl,0.0
1759316121,48094,2699,0,0,0,0,0,0,0,0,15106048,15069184,9199616,135168,1175552,1,sshd,S (sleeping),learner.bnsdq.ozxfs.fkiya.kvugl,0.010437651947098055
1759316121,47259,2,0,0,0,0,0,0,0,0,N/A,N/A,N/A,N/A,N/A,1,kworker/1,I (idle),learner.bnsdq.ozxfs.fkiya.kvugl,0.0
1759316121,49546,1,0,0,0,0,0,0,0,0,6979584,6979584,3387392,135168,278528,1,bash,S (sleeping),learner.bnsdq.ozxfs.fkiya.kvugl,0.0
1759316121,48127,48126,1001,0,0,0,0,0,0,0,11055104,11034624,5169152,135168,659456,1,sudo,S (sleeping),learner.bnsdq.ozxfs.fkiya.kvugl,0.0
1759316121,49589,49537,0,0,0,0,0,0,0,0,5492736,5492736,581632,135168,180224,1,sleep,S (sleeping),learner.bnsdq.ozxfs.fkiya.kvugl,0.0
1759316121,48098,48097,1001,1001,1001,1001,1001,1001,1001,1001,172527616,172527616,3739648,1056768,20037632,1,(sd-pam),S (sleeping),learner.bnsdq.ozxfs.fkiya.kvugl,0.0
1759316121,48115,48094,1001,1001,1001,1001,1001,1001,1001,1001,15069184,15069184,6053888,135168,1175552,1,sshd,S (sleeping),learner.bnsdq.ozxfs.fkiya.kvugl,0.0
1759316121,48211,48180,0,0,0,0,0,0,0,0,3603230720,3356864512,1347567616,147456,1653579776,17,python3,S (sleeping),learner.bnsdq.ozxfs.fkiya.kvugl,166.67204675356484
1759316121,49584,49541,0,0,0,0,0,0,0,0,5492736,5492736,516096,135168,180224,1,sleep,S (sleeping),learner.bnsdq.ozxfs.fkiya.kvugl,0.0
1759316121,48139,2,0,0,0,0,0,0,0,0,N/A,N/A,N/A,N/A,N/A,1,kworker/u8,I (idle),learner.bnsdq.ozxfs.fkiya.kvugl,0.0
1759316121,49541,1,0,0,0,0,0,0,0,0,6979584,6979584,3305472,135168,278528,1,bash,S (sleeping),learner.bnsdq.ozxfs.fkiya.kvugl,0.0
1759316121,48126,48115,1001,1001,1001,1001,1001,1001,1001,1001,6979584,6979584,3268608,135168,278528,1,bash,S (sleeping),learner.bnsdq.ozxfs.fkiya.kvugl,0.0
1759316121,49590,49542,0,0,0,0,0,0,0,0,5492736,5492736,581632,135168,180224,1,sleep,S (sleeping),learner.bnsdq.ozxfs.fkiya.kvugl,0.0
1759316121,43087,2,0,0,0,0,0,0,0,0,N/A,N/A,N/A,N/A,N/A,1,kworker/2,I (idle),learner.bnsdq.ozxfs.fkiya.kvugl,0.0692256975200629
1759316121,48136,2,0,0,0,0,0,0,0,0,N/A,N/A,N/A,N/A,N/A,1,kworker/u8,I (idle),learner.bnsdq.ozxfs.fkiya.kvugl,0.01043720059691832
1759316121,48138,2,0,0,0,0,0,0,0,0,N/A,N/A,N/A,N/A,N/A,1,kworker/u8,I (idle),learner.bnsdq.ozxfs.fkiya.kvugl,0.0
1759316121,48041,2,0,0,0,0,0,0,0,0,N/A,N/A,N/A,N/A,N/A,1,kworker/1,I (idle),learner.bnsdq.ozxfs.fkiya.kvugl,0.0
1759316126,48127,48126,1001,0,0,0,0,0,0,0,11055104,11034624,5169152,135168,659456,1,sudo,S (sleeping),learner.bnsdq.ozxfs.fkiya.kvugl,0.0
1759316126,48115,48094,1001,1001,1001,1001,1001,1001,1001,1001,15069184,15069184,6053888,135168,1175552,1,sshd,S (sleeping),learner.bnsdq.ozxfs.fkiya.kvugl,0.0
1759316126,48041,2,0,0,0,0,0,0,0,0,N/A,N/A,N/A,N/A,N/A,1,kworker/1,I (idle),learner.bnsdq.ozxfs.fkiya.kvugl,0.0
1759316126,48097,1,1001,1001,1001,1001,1001,1001,1001,1001,15548416,15515648,8888320,135168,733184,1,systemd,S (sleeping),learner.bnsdq.ozxfs.fkiya.kvugl,0.07926896442535061
1759316126,48211,48180,0,0,0,0,0,0,0,0,3603230720,3356864512,1347567616,147456,1653579776,17,python3,S (sleeping),learner.bnsdq.ozxfs.fkiya.kvugl,165.2680489306892
1759316126,48137,2,0,0,0,0,0,0,0,0,N/A,N/A,N/A,N/A,N/A,1,kworker/u8,I (idle),learner.bnsdq.ozxfs.fkiya.kvugl,0.009908563707521445
1759316126,48180,48160,0,0,0,0,0,0,0,0,5939200,5926912,3379200,135168,307200,1,bash,S (sleeping),learner.bnsdq.ozxfs.fkiya.kvugl,0.0400307798471633
1759316126,48139,2,0,0,0,0,0,0,0,0,N/A,N/A,N/A,N/A,N/A,1,kworker/u8,I (idle),learner.bnsdq.ozxfs.fkiya.kvugl,0.0
1759316126,48128,48127,0,0,0,0,0,0,0,0,1448742912,1382223872,56872960,135168,177422336,9,docker,S (sleeping),learner.bnsdq.ozxfs.fkiya.kvugl,0.05945092394141408
1759316126,48126,48115,1001,1001,1001,1001,1001,1001,1001,1001,6979584,6979584,3268608,135168,278528,1,bash,S (sleeping),learner.bnsdq.ozxfs.fkiya.kvugl,0.0
1759316126,49625,1,101,101,101,101,102,102,102,102,16568320,16568320,7417856,135168,630784,1,systemd-network,S (sleeping),learner.bnsdq.ozxfs.fkiya.kvugl,1.529001986597114
1759316126,47452,2,0,0,0,0,0,0,0,0,N/A,N/A,N/A,N/A,N/A,1,kworker/2,I (idle),learner.bnsdq.ozxfs.fkiya.kvugl,0.0
1759316126,48136,2,0,0,0,0,0,0,0,0,N/A,N/A,N/A,N/A,N/A,1,kworker/u8,I (idle),learner.bnsdq.ozxfs.fkiya.kvugl,0.009908380133463344
1759316126,48135,2,0,0,0,0,0,0,0,0,N/A,N/A,N/A,N/A,N/A,1,kworker/u8,I (idle),learner.bnsdq.ozxfs.fkiya.kvugl,0.0
1759316126,49636,241,0,0,0,0,0,0,0,0,23040000,21975040,4087808,135168,724992,1,systemd-udevd,S (sleeping),learner.bnsdq.ozxfs.fkiya.kvugl,0.0
1759316126,43084,2,0,0,0,0,0,0,0,0,N/A,N/A,N/A,N/A,N/A,1,kworker/0,I (idle),learner.bnsdq.ozxfs.fkiya.kvugl,0.083898856617328
1759316126,43195,1,0,0,0,0,0,0,0,0,1799233536,1732124672,26415104,135168,99774464,7,discern-interfa,S (sleeping),learner.bnsdq.ozxfs.fkiya.kvugl,0.004475007033427849
1759316126,47259,2,0,0,0,0,0,0,0,0,N/A,N/A,N/A,N/A,N/A,1,kworker/1,I (idle),learner.bnsdq.ozxfs.fkiya.kvugl,0.0
1759316126,43087,2,0,0,0,0,0,0,0,0,N/A,N/A,N/A,N/A,N/A,1,kworker/2,I (idle),learner.bnsdq.ozxfs.fkiya.kvugl,0.06844361922328948
1759316126,48094,2699,0,0,0,0,0,0,0,0,15106048,15069184,9199616,135168,1175552,1,sshd,S (sleeping),learner.bnsdq.ozxfs.fkiya.kvugl,0.009908071777947917
1759316126,48098,48097,1001,1001,1001,1001,1001,1001,1001,1001,172527616,172527616,3739648,1056768,20037632,1,(sd-pam),S (sleeping),learner.bnsdq.ozxfs.fkiya.kvugl,0.0
1759316126,48160,1,0,0,0,0,0,0,0,0,1562157056,1562157056,14106624,135168,200482816,12,containerd-shim,S (sleeping),learner.bnsdq.ozxfs.fkiya.kvugl,0.02972406607680351
1759316126,43214,2,0,0,0,0,0,0,0,0,N/A,N/A,N/A,N/A,N/A,1,kworker/3,I (idle),learner.bnsdq.ozxfs.fkiya.kvugl,0.008990207435232824
1759316127,48212,48180,0,0,0,0,0,0,0,0,4386816,4386816,577536,135168,180224,1,tee,S (sleeping),learner.bnsdq.ozxfs.fkiya.kvugl,0.0
1759316127,48138,2,0,0,0,0,0,0,0,0,N/A,N/A,N/A,N/A,N/A,1,kworker/u8,I (idle),learner.bnsdq.ozxfs.fkiya.kvugl,0.0
1759316132,43084,2,0,0,0,0,0,0,0,0,N/A,N/A,N/A,N/A,N/A,1,kworker/0,I (idle),learner.bnsdq.ozxfs.fkiya.kvugl,0.08296743037879074
1759316132,48115,48094,1001,1001,1001,1001,1001,1001,1001,1001,15069184,15069184,6053888,135168,1175552,1,sshd,S (sleeping),learner.bnsdq.ozxfs.fkiya.kvugl,0.0
1759316132,49689,1,101,101,101,101,102,102,102,102,16568320,16568320,7462912,135168,630784,1,systemd-network,S (sleeping),learner.bnsdq.ozxfs.fkiya.kvugl,0.9977088291190449
1759316132,48137,2,0,0,0,0,0,0,0,0,N/A,N/A,N/A,N/A,N/A,1,kworker/u8,I (idle),learner.bnsdq.ozxfs.fkiya.kvugl,0.018865847370741536
1759316132,43195,1,0,0,0,0,0,0,0,0,1799233536,1732124672,26415104,135168,99774464,7,discern-interfa,S (sleeping),learner.bnsdq.ozxfs.fkiya.kvugl,0.00442465501894736
1759316132,49673,1,0,0,0,0,0,0,0,0,6979584,6979584,3244032,135168,278528,1,bash,S (sleeping),learner.bnsdq.ozxfs.fkiya.kvugl,0.0
1759316132,48097,1,1001,1001,1001,1001,1001,1001,1001,1001,15548416,15515648,8888320,135168,733184,1,systemd,S (sleeping),learner.bnsdq.ozxfs.fkiya.kvugl,0.07546166468684473
1759316132,48180,48160,0,0,0,0,0,0,0,0,5939200,5926912,3379200,135168,307200,1,bash,S (sleeping),learner.bnsdq.ozxfs.fkiya.kvugl,0.03808997053853154
1759316132,48212,48180,0,0,0,0,0,0,0,0,4386816,4386816,577536,135168,180224,1,tee,S (sleeping),learner.bnsdq.ozxfs.fkiya.kvugl,0.0
1759316132,49665,1,0,0,0,0,0,0,0,0,730103808,730103808,9904128,135168,107184128,6,foundryc,S (sleeping),learner.bnsdq.ozxfs.fkiya.kvugl,0.0
1759316132,49666,1,0,0,0,0,0,0,0,0,6979584,6979584,3411968,135168,278528,1,bash,S (sleeping),learner.bnsdq.ozxfs.fkiya.kvugl,0.0
1759316132,48041,2,0,0,0,0,0,0,0,0,N/A,N/A,N/A,N/A,N/A,1,kworker/1,I (idle),learner.bnsdq.ozxfs.fkiya.kvugl,0.0
1759316132,48211,48180,0,0,0,0,0,0,0,0,3603230720,3267084288,1347567616,147456,1563799552,17,python3,S (sleeping),learner.bnsdq.ozxfs.fkiya.kvugl,164.27973483372418
1759316132,49730,49671,0,0,0,0,0,0,0,0,5492736,5492736,520192,135168,180224,1,sleep,S (sleeping),learner.bnsdq.ozxfs.fkiya.kvugl,0.0
1759316132,49728,49673,0,0,0,0,0,0,0,0,5492736,5492736,512000,135168,180224,1,sleep,S (sleeping),learner.bnsdq.ozxfs.fkiya.kvugl,0.0
1759316132,48136,2,0,0,0,0,0,0,0,0,N/A,N/A,N/A,N/A,N/A,1,kworker/u8,I (idle),learner.bnsdq.ozxfs.fkiya.kvugl,0.009432462953252932
1759316132,49724,49676,0,0,0,0,0,0,0,0,5492736,5492736,512000,135168,180224,1,sleep,S (sleeping),learner.bnsdq.ozxfs.fkiya.kvugl,0.0
1759316132,48135,2,0,0,0,0,0,0,0,0,N/A,N/A,N/A,N/A,N/A,1,kworker/u8,I (idle),learner.bnsdq.ozxfs.fkiya.kvugl,0.0
1759316132,49723,49666,0,0,0,0,0,0,0,0,5492736,5492736,581632,135168,180224,1,sleep,S (sleeping),learner.bnsdq.ozxfs.fkiya.kvugl,0.0
1759316132,49680,1,0,0,0,0,0,0,0,0,6979584,6979584,3289088,135168,278528,1,bash,S (sleeping),learner.bnsdq.ozxfs.fkiya.kvugl,0.0
1759316132,48098,48097,1001,1001,1001,1001,1001,1001,1001,1001,172527616,172527616,3739648,1056768,20037632,1,(sd-pam),S (sleeping),learner.bnsdq.ozxfs.fkiya.kvugl,0.0
1759316132,48126,48115,1001,1001,1001,1001,1001,1001,1001,1001,6979584,6979584,3268608,135168,278528,1,bash,S (sleeping),learner.bnsdq.ozxfs.fkiya.kvugl,0.0
1759316132,48127,48126,1001,0,0,0,0,0,0,0,11055104,11034624,5169152,135168,659456,1,sudo,S (sleeping),learner.bnsdq.ozxfs.fkiya.kvugl,0.0
1759316132,49671,1,0,0,0,0,0,0,0,0,6979584,6979584,3354624,135168,278528,1,bash,S (sleeping),learner.bnsdq.ozxfs.fkiya.kvugl,0.0
1759316132,48139,2,0,0,0,0,0,0,0,0,N/A,N/A,N/A,N/A,N/A,1,kworker/u8,I (idle),learner.bnsdq.ozxfs.fkiya.kvugl,0.0
1759316132,48128,48127,0,0,0,0,0,0,0,0,1448742912,1382223872,56872960,135168,177422336,9,docker,S (sleeping),learner.bnsdq.ozxfs.fkiya.kvugl,0.05659327725219744
1759316132,47452,2,0,0,0,0,0,0,0,0,N/A,N/A,N/A,N/A,N/A,1,kworker/2,I (idle),learner.bnsdq.ozxfs.fkiya.kvugl,0.0
1759316132,48094,2699,0,0,0,0,0,0,0,0,15106048,15069184,9199616,135168,1175552,1,sshd,S (sleeping),learner.bnsdq.ozxfs.fkiya.kvugl,0.009432164052328478
1759316132,43087,2,0,0,0,0,0,0,0,0,N/A,N/A,N/A,N/A,N/A,1,kworker/2,I (idle),learner.bnsdq.ozxfs.fkiya.kvugl,0.06986587301521448
1759316132,47259,2,0,0,0,0,0,0,0,0,N/A,N/A,N/A,N/A,N/A,1,kworker/1,I (idle),learner.bnsdq.ozxfs.fkiya.kvugl,0.0
1759316132,48160,1,0,0,0,0,0,0,0,0,1562157056,1562157056,14106624,135168,200482816,12,containerd-shim,S (sleeping),learner.bnsdq.ozxfs.fkiya.kvugl,0.02829627536876229
1759316132,49676,1,0,0,0,0,0,0,0,0,6979584,6979584,3338240,135168,278528,1,bash,S (sleeping),learner.bnsdq.ozxfs.fkiya.kvugl,0.0
1759316132,43214,2,0,0,0,0,0,0,0,0,N/A,N/A,N/A,N/A,N/A,1,kworker/3,I (idle),learner.bnsdq.ozxfs.fkiya.kvugl,0.00888846325967039
1759316132,48138,2,0,0,0,0,0,0,0,0,N/A,N/A,N/A,N/A,N/A,1,kworker/u8,I (idle),learner.bnsdq.ozxfs.fkiya.kvugl,0.0
1759316132,49729,49680,0,0,0,0,0,0,0,0,5492736,5492736,516096,135168,180224,1,sleep,S (sleeping),learner.bnsdq.ozxfs.fkiya.kvugl,0.0
1759316137,48098,48097,1001,1001,1001,1001,1001,1001,1001,1001,172527616,172527616,3739648,1056768,20037632,1,(sd-pam),S (sleeping),learner.bnsdq.ozxfs.fkiya.kvugl,0.0
1759316137,49794,1,0,0,0,0,0,0,0,0,6979584,6979584,3387392,135168,278528,1,bash,S (sleeping),learner.bnsdq.ozxfs.fkiya.kvugl,0.0
1759316137,48127,48126,1001,0,0,0,0,0,0,0,11055104,11034624,5169152,135168,659456,1,sudo,S (sleeping),learner.bnsdq.ozxfs.fkiya.kvugl,0.0
1759316137,48136,2,0,0,0,0,0,0,0,0,N/A,N/A,N/A,N/A,N/A,1,kworker/u8,I (idle),learner.bnsdq.ozxfs.fkiya.kvugl,0.00899763771842637
1759316137,48041,2,0,0,0,0,0,0,0,0,N/A,N/A,N/A,N/A,N/A,1,kworker/1,I (idle),learner.bnsdq.ozxfs.fkiya.kvugl,0.0
1759316137,48139,2,0,0,0,0,0,0,0,0,N/A,N/A,N/A,N/A,N/A,1,kworker/u8,I (idle),learner.bnsdq.ozxfs.fkiya.kvugl,0.0
1759316137,47259,2,0,0,0,0,0,0,0,0,N/A,N/A,N/A,N/A,N/A,1,kworker/1,I (idle),learner.bnsdq.ozxfs.fkiya.kvugl,0.0
1759316137,48138,2,0,0,0,0,0,0,0,0,N/A,N/A,N/A,N/A,N/A,1,kworker/u8,I (idle),learner.bnsdq.ozxfs.fkiya.kvugl,0.0
1759316137,48180,48160,0,0,0,0,0,0,0,0,5939200,5926912,3379200,135168,307200,1,bash,S (sleeping),learner.bnsdq.ozxfs.fkiya.kvugl,0.036316948086225875
1759316137,49793,1,0,0,0,0,0,0,0,0,1597440,1417216,4096,135168,94208,1,bash,R (running),learner.bnsdq.ozxfs.fkiya.kvugl,0.0
1759316137,47452,2,0,0,0,0,0,0,0,0,N/A,N/A,N/A,N/A,N/A,1,kworker/2,I (idle),learner.bnsdq.ozxfs.fkiya.kvugl,0.0
1759316137,48097,1,1001,1001,1001,1001,1001,1001,1001,1001,15548416,15515648,8888320,135168,733184,1,systemd,S (sleeping),learner.bnsdq.ozxfs.fkiya.kvugl,0.07197995680011107
1759316137,48135,2,0,0,0,0,0,0,0,0,N/A,N/A,N/A,N/A,N/A,1,kworker/u8,I (idle),learner.bnsdq.ozxfs.fkiya.kvugl,0.0
1759316137,49753,1,101,101,101,101,102,102,102,102,16568320,16568320,7491584,135168,630784,1,systemd-network,S (sleeping),learner.bnsdq.ozxfs.fkiya.kvugl,0.7778421161457525
1759316137,48212,48180,0,0,0,0,0,0,0,0,4386816,4386816,577536,135168,180224,1,tee,S (sleeping),learner.bnsdq.ozxfs.fkiya.kvugl,0.0
1759316137,43214,2,0,0,0,0,0,0,0,0,N/A,N/A,N/A,N/A,N/A,1,kworker/3,I (idle),learner.bnsdq.ozxfs.fkiya.kvugl,0.008788407781615479
1759316137,43087,2,0,0,0,0,0,0,0,0,N/A,N/A,N/A,N/A,N/A,1,kworker/2,I (idle),learner.bnsdq.ozxfs.fkiya.kvugl,0.06909277742560213
1759316137,48211,48180,0,0,0,0,0,0,0,0,3603230720,3306749952,1347567616,147456,1603465216,17,python3,S (sleeping),learner.bnsdq.ozxfs.fkiya.kvugl,163.68327227507845
1759316137,43084,2,0,0,0,0,0,0,0,0,N/A,N/A,N/A,N/A,N/A,1,kworker/0,I (idle),learner.bnsdq.ozxfs.fkiya.kvugl,0.08204757953708575
1759316137,48094,2699,0,0,0,0,0,0,0,0,15106048,15069184,9199616,135168,1175552,1,sshd,S (sleeping),learner.bnsdq.ozxfs.fkiya.kvugl,0.008997163384872692
1759316137,48137,2,0,0,0,0,0,0,0,0,N/A,N/A,N/A,N/A,N/A,1,kworker/u8,I (idle),learner.bnsdq.ozxfs.fkiya.kvugl,0.01799429123889337
1759316137,49792,1,0,0,0,0,0,0,0,0,169697280,169697280,5369856,1056768,20037632,1,(foundryc),R (running),learner.bnsdq.ozxfs.fkiya.kvugl,0.0
1759316137,48126,48115,1001,1001,1001,1001,1001,1001,1001,1001,6979584,6979584,3268608,135168,278528,1,bash,S (sleeping),learner.bnsdq.ozxfs.fkiya.kvugl,0.0
1759316137,48115,48094,1001,1001,1001,1001,1001,1001,1001,1001,15069184,15069184,6053888,135168,1175552,1,sshd,S (sleeping),learner.bnsdq.ozxfs.fkiya.kvugl,0.0
1759316137,43195,1,0,0,0,0,0,0,0,0,1799233536,1732124672,26415104,135168,99774464,7,discern-interfa,S (sleeping),learner.bnsdq.ozxfs.fkiya.kvugl,0.004374955724352963
1759316137,48128,48127,0,0,0,0,0,0,0,0,1448742912,1382223872,56872960,135168,177422336,9,docker,S (sleeping),learner.bnsdq.ozxfs.fkiya.kvugl,0.06297921212018484
1759316137,48160,1,0,0,0,0,0,0,0,0,1562157056,1562157056,14106624,135168,200482816,12,containerd-shim,S (sleeping),learner.bnsdq.ozxfs.fkiya.kvugl,0.026991020957410024
1759316142,48126,48115,1001,1001,1001,1001,1001,1001,1001,1001,6979584,6979584,3268608,135168,278528,1,bash,S (sleeping),learner.bnsdq.ozxfs.fkiya.kvugl,0.0
1759316142,49794,1,0,0,0,0,0,0,0,0,6979584,6979584,3407872,135168,278528,1,bash,S (sleeping),learner.bnsdq.ozxfs.fkiya.kvugl,0.0
1759316142,47259,2,0,0,0,0,0,0,0,0,N/A,N/A,N/A,N/A,N/A,1,kworker/1,I (idle),learner.bnsdq.ozxfs.fkiya.kvugl,0.0
1759316142,48139,2,0,0,0,0,0,0,0,0,N/A,N/A,N/A,N/A,N/A,1,kworker/u8,I (idle),learner.bnsdq.ozxfs.fkiya.kvugl,0.0
1759316142,49799,1,0,0,0,0,0,0,0,0,6979584,6979584,3358720,135168,278528,1,bash,S (sleeping),learner.bnsdq.ozxfs.fkiya.kvugl,0.0
1759316142,48127,48126,1001,0,0,0,0,0,0,0,11055104,11034624,5169152,135168,659456,1,sudo,S (sleeping),learner.bnsdq.ozxfs.fkiya.kvugl,0.0
1759316142,49862,49795,0,0,0,0,0,0,0,0,10379264,10379264,1249280,135168,294912,1,systemctl,R (running),learner.bnsdq.ozxfs.fkiya.kvugl,0.0
1759316142,43214,2,0,0,0,0,0,0,0,0,N/A,N/A,N/A,N/A,N/A,1,kworker/3,I (idle),learner.bnsdq.ozxfs.fkiya.kvugl,0.008691111837198185
1759316142,49793,1,0,0,0,0,0,0,0,0,6979584,6979584,3248128,135168,278528,1,bash,S (sleeping),learner.bnsdq.ozxfs.fkiya.kvugl,0.0
1759316142,48135,2,0,0,0,0,0,0,0,0,N/A,N/A,N/A,N/A,N/A,1,kworker/u8,I (idle),learner.bnsdq.ozxfs.fkiya.kvugl,0.0
1759316142,49795,1,0,0,0,0,0,0,0,0,6979584,6979584,3252224,135168,278528,1,bash,S (sleeping),learner.bnsdq.ozxfs.fkiya.kvugl,0.0
1759316142,48041,2,0,0,0,0,0,0,0,0,N/A,N/A,N/A,N/A,N/A,1,kworker/1,I (idle),learner.bnsdq.ozxfs.fkiya.kvugl,0.0
1759316142,48160,1,0,0,0,0,0,0,0,0,1562157056,1562157056,14106624,135168,200482816,12,containerd-shim,S (sleeping),learner.bnsdq.ozxfs.fkiya.kvugl,0.02580834257007168
1759316142,47452,2,0,0,0,0,0,0,0,0,N/A,N/A,N/A,N/A,N/A,1,kworker/2,I (idle),learner.bnsdq.ozxfs.fkiya.kvugl,0.0
1759316142,49797,1,0,0,0,0,0,0,0,0,6979584,6979584,3153920,135168,278528,1,bash,S (sleeping),learner.bnsdq.ozxfs.fkiya.kvugl,0.0
1759316142,48115,48094,1001,1001,1001,1001,1001,1001,1001,1001,15069184,15069184,6053888,135168,1175552,1,sshd,S (sleeping),learner.bnsdq.ozxfs.fkiya.kvugl,0.0
1759316142,48211,48180,0,0,0,0,0,0,0,0,3603230720,3324960768,1347567616,147456,1621676032,17,python3,S (sleeping),learner.bnsdq.ozxfs.fkiya.kvugl,163.46390965800575
1759316142,48212,48180,0,0,0,0,0,0,0,0,4386816,4386816,577536,135168,180224,1,tee,S (sleeping),learner.bnsdq.ozxfs.fkiya.kvugl,0.0
1759316142,49863,49799,0,0,0,0,0,0,0,0,10379264,10379264,1249280,135168,294912,1,systemctl,S (sleeping),learner.bnsdq.ozxfs.fkiya.kvugl,0.0
1759316142,49792,1,0,0,0,0,0,0,0,0,729841664,729841664,7860224,135168,106921984,6,foundryc,S (sleeping),learner.bnsdq.ozxfs.fkiya.kvugl,0.0
1759316142,43195,1,0,0,0,0,0,0,0,0,1799233536,1732124672,26415104,135168,99774464,7,discern-interfa,S (sleeping),learner.bnsdq.ozxfs.fkiya.kvugl,0.004326692068072066
1759316142,43084,2,0,0,0,0,0,0,0,0,N/A,N/A,N/A,N/A,N/A,1,kworker/0,I (idle),learner.bnsdq.ozxfs.fkiya.kvugl,0.081153728193408
1759316142,49816,1,101,101,101,101,102,102,102,102,16568320,16568320,7467008,135168,630784,1,systemd-network,S (sleeping),learner.bnsdq.ozxfs.fkiya.kvugl,0.4802021190695572
1759316142,48136,2,0,0,0,0,0,0,0,0,N/A,N/A,N/A,N/A,N/A,1,kworker/u8,I (idle),learner.bnsdq.ozxfs.fkiya.kvugl,0.00860232885455075
1759316142,48180,48160,0,0,0,0,0,0,0,0,5939200,5926912,3379200,135168,307200,1,bash,S (sleeping),learner.bnsdq.ozxfs.fkiya.kvugl,0.03470780459115656
1759316142,48138,2,0,0,0,0,0,0,0,0,N/A,N/A,N/A,N/A,N/A,1,kworker/u8,I (idle),learner.bnsdq.ozxfs.fkiya.kvugl,0.0
1759316142,43087,2,0,0,0,0,0,0,0,0,N/A,N/A,N/A,N/A,N/A,1,kworker/2,I (idle),learner.bnsdq.ozxfs.fkiya.kvugl,0.06833981229332751
1759316142,48137,2,0,0,0,0,0,0,0,0,N/A,N/A,N/A,N/A,N/A,1,kworker/u8,I (idle),learner.bnsdq.ozxfs.fkiya.kvugl,0.01720452237855713
1759316142,48128,48127,0,0,0,0,0,0,0,0,1448742912,1382223872,56872960,135168,177422336,9,docker,S (sleeping),learner.bnsdq.ozxfs.fkiya.kvugl,0.06021570581225442
1759316142,48094,2699,0,0,0,0,0,0,0,0,15106048,15069184,9199616,135168,1175552,1,sshd,S (sleeping),learner.bnsdq.ozxfs.fkiya.kvugl,0.008602224433369207
1759316142,48098,48097,1001,1001,1001,1001,1001,1001,1001,1001,172527616,172527616,3739648,1056768,20037632,1,(sd-pam),S (sleeping),learner.bnsdq.ozxfs.fkiya.kvugl,0.0
1759316142,48097,1,1001,1001,1001,1001,1001,1001,1001,1001,15548416,15515648,8888320,135168,733184,1,systemd,S (sleeping),learner.bnsdq.ozxfs.fkiya.kvugl,0.06881747143717988
1759316147,48094,2699,0,0,0,0,0,0,0,0,15106048,15069184,9199616,135168,1175552,1,sshd,S (sleeping),learner.bnsdq.ozxfs.fkiya.kvugl,0.008240121560833636
1759316147,49925,1,0,0,0,0,0,0,0,0,6979584,6979584,3194880,135168,278528,1,bash,S (sleeping),learner.bnsdq.ozxfs.fkiya.kvugl,0.0
1759316147,48128,48127,0,0,0,0,0,0,0,0,1448742912,1382223872,56872960,135168,177422336,9,docker,S (sleeping),learner.bnsdq.ozxfs.fkiya.kvugl,0.05768055431099907
1759316147,48135,2,0,0,0,0,0,0,0,0,N/A,N/A,N/A,N/A,N/A,1,kworker/u8,I (idle),learner.bnsdq.ozxfs.fkiya.kvugl,0.0
1759316147,49942,49925,0,0,0,0,0,0,0,0,5492736,5492736,512000,135168,180224,1,sleep,S (sleeping),learner.bnsdq.ozxfs.fkiya.kvugl,0.0
1759316147,43087,2,0,0,0,0,0,0,0,0,N/A,N/A,N/A,N/A,N/A,1,kworker/2,I (idle),learner.bnsdq.ozxfs.fkiya.kvugl,0.06760198106873477
1759316147,49932,49923,0,0,0,0,0,0,0,0,5492736,5492736,516096,135168,180224,1,sleep,S (sleeping),learner.bnsdq.ozxfs.fkiya.kvugl,0.0
1759316147,49929,1,0,0,0,0,0,0,0,0,6979584,6979584,3313664,135168,278528,1,bash,S (sleeping),learner.bnsdq.ozxfs.fkiya.kvugl,0.0
1759316147,49934,49924,0,0,0,0,0,0,0,0,5492736,5492736,516096,135168,180224,1,sleep,S (sleeping),learner.bnsdq.ozxfs.fkiya.kvugl,0.0
1759316147,48138,2,0,0,0,0,0,0,0,0,N/A,N/A,N/A,N/A,N/A,1,kworker/u8,I (idle),learner.bnsdq.ozxfs.fkiya.kvugl,0.0
1759316147,49922,1,0,0,0,0,0,0,0,0,728399872,728399872,7925760,135168,105480192,6,foundryc,S (sleeping),learner.bnsdq.ozxfs.fkiya.kvugl,0.0
1759316147,49946,1,101,101,101,101,102,102,102,102,16568320,16568320,7446528,135168,630784,1,systemd-network,S (sleeping),learner.bnsdq.ozxfs.fkiya.kvugl,3.6750848272422076
1759316147,48137,2,0,0,0,0,0,0,0,0,N/A,N/A,N/A,N/A,N/A,1,kworker/u8,I (idle),learner.bnsdq.ozxfs.fkiya.kvugl,0.01647979447665977
1759316147,47452,2,0,0,0,0,0,0,0,0,N/A,N/A,N/A,N/A,N/A,1,kworker/2,I (idle),learner.bnsdq.ozxfs.fkiya.kvugl,0.0
1759316147,48041,2,0,0,0,0,0,0,0,0,N/A,N/A,N/A,N/A,N/A,1,kworker/1,I (idle),learner.bnsdq.ozxfs.fkiya.kvugl,0.0
1759316147,48097,1,1001,1001,1001,1001,1001,1001,1001,1001,15548416,15515648,8888320,135168,733184,1,systemd,S (sleeping),learner.bnsdq.ozxfs.fkiya.kvugl,0.0659187993565442
1759316147,48098,48097,1001,1001,1001,1001,1001,1001,1001,1001,172527616,172527616,3739648,1056768,20037632,1,(sd-pam),S (sleeping),learner.bnsdq.ozxfs.fkiya.kvugl,0.0
1759316147,48115,48094,1001,1001,1001,1001,1001,1001,1001,1001,15069184,15069184,6053888,135168,1175552,1,sshd,S (sleeping),learner.bnsdq.ozxfs.fkiya.kvugl,0.0
1759316147,48127,48126,1001,0,0,0,0,0,0,0,11055104,11034624,5169152,135168,659456,1,sudo,S (sleeping),learner.bnsdq.ozxfs.fkiya.kvugl,0.0
1759316147,48126,48115,1001,1001,1001,1001,1001,1001,1001,1001,6979584,6979584,3268608,135168,278528,1,bash,S (sleeping),learner.bnsdq.ozxfs.fkiya.kvugl,0.0
1759316147,48180,48160,0,0,0,0,0,0,0,0,5939200,5926912,3379200,135168,307200,1,bash,S (sleeping),learner.bnsdq.ozxfs.fkiya.kvugl,0.033232899096718525
1759316147,48212,48180,0,0,0,0,0,0,0,0,4386816,4386816,577536,135168,180224,1,tee,S (sleeping),learner.bnsdq.ozxfs.fkiya.kvugl,0.0
1759316147,43214,2,0,0,0,0,0,0,0,0,N/A,N/A,N/A,N/A,N/A,1,kworker/3,I (idle),learner.bnsdq.ozxfs.fkiya.kvugl,0.00859543735122522
1759316147,49928,1,0,0,0,0,0,0,0,0,6979584,6979584,3223552,135168,278528,1,bash,S (sleeping),learner.bnsdq.ozxfs.fkiya.kvugl,0.0
1759316147,49944,49929,0,0,0,0,0,0,0,0,5492736,5492736,581632,135168,180224,1,sleep,S (sleeping),learner.bnsdq.ozxfs.fkiya.kvugl,0.0
1759316147,48136,2,0,0,0,0,0,0,0,0,N/A,N/A,N/A,N/A,N/A,1,kworker/u8,I (idle),learner.bnsdq.ozxfs.fkiya.kvugl,0.008239683363424703
1759316147,49923,1,0,0,0,0,0,0,0,0,6979584,6979584,3137536,135168,278528,1,bash,S (sleeping),learner.bnsdq.ozxfs.fkiya.kvugl,0.0
1759316147,48139,2,0,0,0,0,0,0,0,0,N/A,N/A,N/A,N/A,N/A,1,kworker/u8,I (idle),learner.bnsdq.ozxfs.fkiya.kvugl,0.0
1759316147,47259,2,0,0,0,0,0,0,0,0,N/A,N/A,N/A,N/A,N/A,1,kworker/1,I (idle),learner.bnsdq.ozxfs.fkiya.kvugl,0.0
1759316147,43084,2,0,0,0,0,0,0,0,0,N/A,N/A,N/A,N/A,N/A,1,kworker/0,I (idle),learner.bnsdq.ozxfs.fkiya.kvugl,0.08027635734556732
1759316147,49940,49928,0,0,0,0,0,0,0,0,5492736,5492736,577536,135168,180224,1,sleep,S (sleeping),learner.bnsdq.ozxfs.fkiya.kvugl,0.0
1759316147,43195,1,0,0,0,0,0,0,0,0,1799233536,1732124672,26415104,135168,99774464,7,discern-interfa,S (sleeping),learner.bnsdq.ozxfs.fkiya.kvugl,0.0042793078306886025
1759316147,48160,1,0,0,0,0,0,0,0,0,1562157056,1562157056,14106624,135168,200482816,12,containerd-shim,S (sleeping),learner.bnsdq.ozxfs.fkiya.kvugl,0.024718712683727297
1759316147,48211,48180,0,0,0,0,0,0,0,0,3603230720,3285417984,1347567616,147456,1582182400,17,python3,S (sleeping),learner.bnsdq.ozxfs.fkiya.kvugl,163.45176266482878
1759316147,49924,1,0,0,0,0,0,0,0,0,6979584,6979584,3088384,135168,278528,1,bash,S (sleeping),learner.bnsdq.ozxfs.fkiya.kvugl,0.0
1759316152,48160,1,0,0,0,0,0,0,0,0,1562157056,1562157056,14106624,135168,200482816,12,containerd-shim,S (sleeping),learner.bnsdq.ozxfs.fkiya.kvugl,0.023719180209366905
1759316152,48139,2,0,0,0,0,0,0,0,0,N/A,N/A,N/A,N/A,N/A,1,kworker/u8,I (idle),learner.bnsdq.ozxfs.fkiya.kvugl,0.0
1759316152,49925,1,0,0,0,0,0,0,0,0,6979584,6979584,3264512,135168,278528,1,bash,S (sleeping),learner.bnsdq.ozxfs.fkiya.kvugl,0.0
1759316152,48212,48180,0,0,0,0,0,0,0,0,4386816,4386816,577536,135168,180224,1,tee,S (sleeping),learner.bnsdq.ozxfs.fkiya.kvugl,0.0
1759316152,48127,48126,1001,0,0,0,0,0,0,0,11055104,11034624,5169152,135168,659456,1,sudo,S (sleeping),learner.bnsdq.ozxfs.fkiya.kvugl,0.0
1759316152,48115,48094,1001,1001,1001,1001,1001,1001,1001,1001,15069184,15069184,6053888,135168,1175552,1,sshd,S (sleeping),learner.bnsdq.ozxfs.fkiya.kvugl,0.0
1759316152,50021,241,0,0,0,0,0,0,0,0,23040000,21975040,4083712,135168,724992,1,systemd-udevd,S (sleeping),learner.bnsdq.ozxfs.fkiya.kvugl,0.0
1759316152,48211,48180,0,0,0,0,0,0,0,0,3603230720,3318329344,1347567616,147456,1615093760,17,python3,S (sleeping),learner.bnsdq.ozxfs.fkiya.kvugl,163.48207963562106
1759316152,47452,2,0,0,0,0,0,0,0,0,N/A,N/A,N/A,N/A,N/A,1,kworker/2,I (idle),learner.bnsdq.ozxfs.fkiya.kvugl,0.0
1759316152,48126,48115,1001,1001,1001,1001,1001,1001,1001,1001,6979584,6979584,3268608,135168,278528,1,bash,S (sleeping),learner.bnsdq.ozxfs.fkiya.kvugl,0.0
1759316152,43087,2,0,0,0,0,0,0,0,0,N/A,N/A,N/A,N/A,N/A,1,kworker/2,I (idle),learner.bnsdq.ozxfs.fkiya.kvugl,0.06687811043017552
1759316152,48094,2699,0,0,0,0,0,0,0,0,15106048,15069184,9199616,135168,1175552,1,sshd,S (sleeping),learner.bnsdq.ozxfs.fkiya.kvugl,0.007906222288809224
1759316152,49928,1,0,0,0,0,0,0,0,0,N/A,N/A,N/A,N/A,N/A,1,bash,Z (zombie),learner.bnsdq.ozxfs.fkiya.kvugl,0.0
1759316152,50010,1,101,101,101,101,102,102,102,102,16568320,16568320,7376896,135168,630784,1,systemd-network,S (sleeping),learner.bnsdq.ozxfs.fkiya.kvugl,2.696921890719325
1759316152,47259,2,0,0,0,0,0,0,0,0,N/A,N/A,N/A,N/A,N/A,1,kworker/1,I (idle),learner.bnsdq.ozxfs.fkiya.kvugl,0.0
1759316152,48180,48160,0,0,0,0,0,0,0,0,5939200,5926912,3379200,135168,307200,1,bash,S (sleeping),learner.bnsdq.ozxfs.fkiya.kvugl,0.031876660593211495
1759316152,43195,1,0,0,0,0,0,0,0,0,1799233536,1732124672,26415104,135168,99774464,7,discern-interfa,S (sleeping),learner.bnsdq.ozxfs.fkiya.kvugl,0.004232948040902575
1759316152,43214,2,0,0,0,0,0,0,0,0,N/A,N/A,N/A,N/A,N/A,1,kworker/3,I (idle),learner.bnsdq.ozxfs.fkiya.kvugl,0.008501766138183034
1759316152,48128,48127,0,0,0,0,0,0,0,0,1448742912,1382223872,62930944,135168,177422336,9,docker,S (sleeping),learner.bnsdq.ozxfs.fkiya.kvugl,0.0632457193991719
1759316152,48138,2,0,0,0,0,0,0,0,0,N/A,N/A,N/A,N/A,N/A,1,kworker/u8,I (idle),learner.bnsdq.ozxfs.fkiya.kvugl,0.0
1759316152,48135,2,0,0,0,0,0,0,0,0,N/A,N/A,N/A,N/A,N/A,1,kworker/u8,I (idle),learner.bnsdq.ozxfs.fkiya.kvugl,0.0
1759316152,48098,48097,1001,1001,1001,1001,1001,1001,1001,1001,172527616,172527616,3739648,1056768,20037632,1,(sd-pam),S (sleeping),learner.bnsdq.ozxfs.fkiya.kvugl,0.0
1759316152,43084,2,0,0,0,0,0,0,0,0,N/A,N/A,N/A,N/A,N/A,1,kworker/0,I (idle),learner.bnsdq.ozxfs.fkiya.kvugl,0.07941616053019424
1759316152,48041,2,0,0,0,0,0,0,0,0,N/A,N/A,N/A,N/A,N/A,1,kworker/1,I (idle),learner.bnsdq.ozxfs.fkiya.kvugl,0.0
1759316152,48097,1,1001,1001,1001,1001,1001,1001,1001,1001,15548416,15515648,8888320,135168,733184,1,systemd,S (sleeping),learner.bnsdq.ozxfs.fkiya.kvugl,0.06324485188601202
1759316152,48136,2,0,0,0,0,0,0,0,0,N/A,N/A,N/A,N/A,N/A,1,kworker/u8,I (idle),learner.bnsdq.ozxfs.fkiya.kvugl,0.007905594464536389
1759316152,48137,2,0,0,0,0,0,0,0,0,N/A,N/A,N/A,N/A,N/A,1,kworker/u8,I (idle),learner.bnsdq.ozxfs.fkiya.kvugl,0.015811157401680744
1759316157,48212,48180,0,0,0,0,0,0,0,0,4386816,4386816,577536,135168,180224,1,tee,S (sleeping),learner.bnsdq.ozxfs.fkiya.kvugl,0.0
1759316157,50089,50057,0,0,0,0,0,0,0,0,5492736,5492736,581632,135168,180224,1,sleep,S (sleeping),learner.bnsdq.ozxfs.fkiya.kvugl,0.0
1759316157,43195,1,0,0,0,0,0,0,0,0,1799233536,1732124672,26415104,135168,99774464,7,discern-interfa,S (sleeping),learner.bnsdq.ozxfs.fkiya.kvugl,0.004187851655831522
1759316157,48127,48126,1001,0,0,0,0,0,0,0,11055104,11034624,5169152,135168,659456,1,sudo,S (sleeping),learner.bnsdq.ozxfs.fkiya.kvugl,0.0
1759316157,50090,50061,0,0,0,0,0,0,0,0,5492736,5492736,520192,135168,180224,1,sleep,S (sleeping),learner.bnsdq.ozxfs.fkiya.kvugl,0.0
1759316157,43214,2,0,0,0,0,0,0,0,0,N/A,N/A,N/A,N/A,N/A,1,kworker/3,I (idle),learner.bnsdq.ozxfs.fkiya.kvugl,0.010513642817487113
1759316157,48137,2,0,0,0,0,0,0,0,0,N/A,N/A,N/A,N/A,N/A,1,kworker/u8,I (idle),learner.bnsdq.ozxfs.fkiya.kvugl,0.015200713487715126
1759316157,50062,1,0,0,0,0,0,0,0,0,6979584,6979584,3358720,135168,278528,1,bash,S (sleeping),learner.bnsdq.ozxfs.fkiya.kvugl,0.0
1759316157,50067,1,0,0,0,0,0,0,0,0,6979584,6979584,3293184,135168,278528,1,bash,S (sleeping),learner.bnsdq.ozxfs.fkiya.kvugl,0.0
1759316157,50087,50067,0,0,0,0,0,0,0,0,5492736,5492736,577536,135168,180224,1,sleep,S (sleeping),learner.bnsdq.ozxfs.fkiya.kvugl,0.0
1759316157,48097,1,1001,1001,1001,1001,1001,1001,1001,1001,15548416,15515648,8888320,135168,733184,1,systemd,S (sleeping),learner.bnsdq.ozxfs.fkiya.kvugl,0.06080227178726278
1759316157,48135,2,0,0,0,0,0,0,0,0,N/A,N/A,N/A,N/A,N/A,1,kworker/u8,I (idle),learner.bnsdq.ozxfs.fkiya.kvugl,0.0
1759316157,48094,2699,0,0,0,0,0,0,0,0,15106048,15069184,9199616,135168,1175552,1,sshd,S (sleeping),learner.bnsdq.ozxfs.fkiya.kvugl,0.007600254731374899
1759316157,48136,2,0,0,0,0,0,0,0,0,N/A,N/A,N/A,N/A,N/A,1,kworker/u8,I (idle),learner.bnsdq.ozxfs.fkiya.kvugl,0.015200484665337648
1759316157,48128,48127,0,0,0,0,0,0,0,0,1448742912,1382223872,62930944,135168,177422336,9,docker,S (sleeping),learner.bnsdq.ozxfs.fkiya.kvugl,0.06080177431764566
1759316157,48139,2,0,0,0,0,0,0,0,0,N/A,N/A,N/A,N/A,N/A,1,kworker/u8,I (idle),learner.bnsdq.ozxfs.fkiya.kvugl,0.0
1759316157,50064,1,0,0,0,0,0,0,0,0,6979584,6979584,3330048,135168,278528,1,bash,S (sleeping),learner.bnsdq.ozxfs.fkiya.kvugl,0.0
1759316157,50079,1,101,101,101,101,102,102,102,102,16568320,16568320,7446528,135168,630784,1,systemd-network,S (sleeping),learner.bnsdq.ozxfs.fkiya.kvugl,1.1646589510229188
1759316157,48211,48180,0,0,0,0,0,0,0,0,3603230720,3322974208,1347567616,147456,1619746816,17,python3,S (sleeping),learner.bnsdq.ozxfs.fkiya.kvugl,163.8200530706276
1759316157,50086,50062,0,0,0,0,0,0,0,0,5492736,5492736,577536,135168,180224,1,sleep,S (sleeping),learner.bnsdq.ozxfs.fkiya.kvugl,0.0
1759316157,48098,48097,1001,1001,1001,1001,1001,1001,1001,1001,172527616,172527616,3739648,1056768,20037632,1,(sd-pam),S (sleeping),learner.bnsdq.ozxfs.fkiya.kvugl,0.0
1759316157,47259,2,0,0,0,0,0,0,0,0,N/A,N/A,N/A,N/A,N/A,1,kworker/1,I (idle),learner.bnsdq.ozxfs.fkiya.kvugl,0.0
1759316157,48180,48160,0,0,0,0,0,0,0,0,5939200,5926912,3379200,135168,307200,1,bash,S (sleeping),learner.bnsdq.ozxfs.fkiya.kvugl,0.030633208526111393
1759316157,43087,2,0,0,0,0,0,0,0,0,N/A,N/A,N/A,N/A,N/A,1,kworker/2,I (idle),learner.bnsdq.ozxfs.fkiya.kvugl,0.06617346339263704
1759316157,48041,2,0,0,0,0,0,0,0,0,N/A,N/A,N/A,N/A,N/A,1,kworker/1,I (idle),learner.bnsdq.ozxfs.fkiya.kvugl,0.0
1759316157,48126,48115,1001,1001,1001,1001,1001,1001,1001,1001,6979584,6979584,3268608,135168,278528,1,bash,S (sleeping),learner.bnsdq.ozxfs.fkiya.kvugl,0.0
1759316157,48115,48094,1001,1001,1001,1001,1001,1001,1001,1001,15069184,15069184,6053888,135168,1175552,1,sshd,S (sleeping),learner.bnsdq.ozxfs.fkiya.kvugl,0.0
1759316157,48160,1,0,0,0,0,0,0,0,0,1562157056,1562157056,14106624,135168,200482816,12,containerd-shim,S (sleeping),learner.bnsdq.ozxfs.fkiya.kvugl,0.022800044171483173
1759316157,50061,1,0,0,0,0,0,0,0,0,6979584,6979584,3424256,135168,278528,1,bash,S (sleeping),learner.bnsdq.ozxfs.fkiya.kvugl,0.0
1759316157,50056,1,0,0,0,0,0,0,0,0,728399872,728399872,7921664,135168,105480192,5,foundryc,S (sleeping),learner.bnsdq.ozxfs.fkiya.kvugl,0.0
1759316157,47452,2,0,0,0,0,0,0,0,0,N/A,N/A,N/A,N/A,N/A,1,kworker/2,I (idle),learner.bnsdq.ozxfs.fkiya.kvugl,0.0
1759316157,50088,50064,0,0,0,0,0,0,0,0,5492736,5492736,585728,135168,180224,1,sleep,S (sleeping),learner.bnsdq.ozxfs.fkiya.kvugl,0.0
1759316157,43084,2,0,0,0,0,0,0,0,0,N/A,N/A,N/A,N/A,N/A,1,kworker/0,I (idle),learner.bnsdq.ozxfs.fkiya.kvugl,0.07858055218355918
1759316157,50057,1,0,0,0,0,0,0,0,0,6979584,6979584,3268608,135168,278528,1,bash,S (sleeping),learner.bnsdq.ozxfs.fkiya.kvugl,0.0
1759316157,48138,2,0,0,0,0,0,0,0,0,N/A,N/A,N/A,N/A,N/A,1,kworker/u8,I (idle),learner.bnsdq.ozxfs.fkiya.kvugl,0.0
1759316162,48135,2,0,0,0,0,0,0,0,0,N/A,N/A,N/A,N/A,N/A,1,kworker/u8,I (idle),learner.bnsdq.ozxfs.fkiya.kvugl,0.0
1759316162,47452,2,0,0,0,0,0,0,0,0,N/A,N/A,N/A,N/A,N/A,1,kworker/2,I (idle),learner.bnsdq.ozxfs.fkiya.kvugl,0.005444068292921958
1759316162,50144,1,101,101,101,101,102,102,102,102,16568320,16568320,7532544,135168,630784,1,systemd-network,S (sleeping),learner.bnsdq.ozxfs.fkiya.kvugl,1.4889608699806585
1759316162,48211,48180,0,0,0,0,0,0,0,0,3603230720,3327987712,1347567616,147456,1624760320,17,python3,S (sleeping),learner.bnsdq.ozxfs.fkiya.kvugl,164.518687146534
1759316162,47259,2,0,0,0,0,0,0,0,0,N/A,N/A,N/A,N/A,N/A,1,kworker/1,I (idle),learner.bnsdq.ozxfs.fkiya.kvugl,0.0
1759316162,48097,1,1001,1001,1001,1001,1001,1001,1001,1001,15548416,15515648,8888320,135168,733184,1,systemd,S (sleeping),learner.bnsdq.ozxfs.fkiya.kvugl,0.0585277521485125
1759316162,48139,2,0,0,0,0,0,0,0,0,N/A,N/A,N/A,N/A,N/A,1,kworker/u8,I (idle),learner.bnsdq.ozxfs.fkiya.kvugl,0.0
1759316162,43084,2,0,0,0,0,0,0,0,0,N/A,N/A,N/A,N/A,N/A,1,kworker/0,I (idle),learner.bnsdq.ozxfs.fkiya.kvugl,0.07775925970263176
1759316162,48136,2,0,0,0,0,0,0,0,0,N/A,N/A,N/A,N/A,N/A,1,kworker/u8,I (idle),learner.bnsdq.ozxfs.fkiya.kvugl,0.014631858600587204
1759316162,48137,2,0,0,0,0,0,0,0,0,N/A,N/A,N/A,N/A,N/A,1,kworker/u8,I (idle),learner.bnsdq.ozxfs.fkiya.kvugl,0.01463183256970222
1759316162,48180,48160,0,0,0,0,0,0,0,0,5939200,5926912,3379200,135168,307200,1,bash,S (sleeping),learner.bnsdq.ozxfs.fkiya.kvugl,0.029479274801420898
1759316162,48041,2,0,0,0,0,0,0,0,0,N/A,N/A,N/A,N/A,N/A,1,kworker/1,I (idle),learner.bnsdq.ozxfs.fkiya.kvugl,0.0
1759316162,48094,2699,0,0,0,0,0,0,0,0,15106048,15069184,9199616,135168,1175552,1,sshd,S (sleeping),learner.bnsdq.ozxfs.fkiya.kvugl,0.007315873932156614
1759316162,48126,48115,1001,1001,1001,1001,1001,1001,1001,1001,6979584,6979584,3268608,135168,278528,1,bash,S (sleeping),learner.bnsdq.ozxfs.fkiya.kvugl,0.0
1759316162,48115,48094,1001,1001,1001,1001,1001,1001,1001,1001,15069184,15069184,6053888,135168,1175552,1,sshd,S (sleeping),learner.bnsdq.ozxfs.fkiya.kvugl,0.0
1759316162,43195,1,0,0,0,0,0,0,0,0,1799233536,1732124672,26415104,135168,99774464,7,discern-interfa,S (sleeping),learner.bnsdq.ozxfs.fkiya.kvugl,0.0041434471649533745
1759316162,43214,2,0,0,0,0,0,0,0,0,N/A,N/A,N/A,N/A,N/A,1,kworker/3,I (idle),learner.bnsdq.ozxfs.fkiya.kvugl,0.010401709986636814
1759316162,48127,48126,1001,0,0,0,0,0,0,0,11055104,11034624,5169152,135168,659456,1,sudo,S (sleeping),learner.bnsdq.ozxfs.fkiya.kvugl,0.0
1759316162,48098,48097,1001,1001,1001,1001,1001,1001,1001,1001,172527616,172527616,3739648,1056768,20037632,1,(sd-pam),S (sleeping),learner.bnsdq.ozxfs.fkiya.kvugl,0.0
1759316162,48212,48180,0,0,0,0,0,0,0,0,4386816,4386816,577536,135168,180224,1,tee,S (sleeping),learner.bnsdq.ozxfs.fkiya.kvugl,0.0
1759316162,48160,1,0,0,0,0,0,0,0,0,1562157056,1562157056,14106624,135168,200482816,12,containerd-shim,S (sleeping),learner.bnsdq.ozxfs.fkiya.kvugl,0.02194725639054773
1759316162,50156,241,0,0,0,0,0,0,0,0,23040000,21975040,4087808,135168,724992,1,systemd-udevd,S (sleeping),learner.bnsdq.ozxfs.fkiya.kvugl,0.0
1759316162,43087,2,0,0,0,0,0,0,0,0,N/A,N/A,N/A,N/A,N/A,1,kworker/2,I (idle),learner.bnsdq.ozxfs.fkiya.kvugl,0.0654807984724023
1759316162,48128,48127,0,0,0,0,0,0,0,0,1448742912,1382223872,65024000,135168,177422336,9,docker,S (sleeping),learner.bnsdq.ozxfs.fkiya.kvugl,0.058525229254414064
1759316162,48138,2,0,0,0,0,0,0,0,0,N/A,N/A,N/A,N/A,N/A,1,kworker/u8,I (idle),learner.bnsdq.ozxfs.fkiya.kvugl,0.0
1759316167,48097,1,1001,1001,1001,1001,1001,1001,1001,1001,15548416,15515648,8888320,135168,733184,1,systemd,S (sleeping),learner.bnsdq.ozxfs.fkiya.kvugl,0.05642810547280529
1759316167,50228,50185,0,0,0,0,0,0,0,0,5492736,5492736,516096,135168,180224,1,sleep,S (sleeping),learner.bnsdq.ozxfs.fkiya.kvugl,0.0
1759316167,48139,2,0,0,0,0,0,0,0,0,N/A,N/A,N/A,N/A,N/A,1,kworker/u8,I (idle),learner.bnsdq.ozxfs.fkiya.kvugl,0.0
1759316167,48180,48160,0,0,0,0,0,0,0,0,5939200,5926912,3379200,135168,307200,1,bash,S (sleeping),learner.bnsdq.ozxfs.fkiya.kvugl,0.028414285620492793
1759316167,48160,1,0,0,0,0,0,0,0,0,1562157056,1562157056,14106624,135168,200482816,12,containerd-shim,S (sleeping),learner.bnsdq.ozxfs.fkiya.kvugl,0.021160361843607527
1759316167,48135,2,0,0,0,0,0,0,0,0,N/A,N/A,N/A,N/A,N/A,1,kworker/u8,I (idle),learner.bnsdq.ozxfs.fkiya.kvugl,0.0
1759316167,50209,1,101,101,101,101,102,102,102,102,16568320,16568320,7585792,135168,630784,1,systemd-network,S (sleeping),learner.bnsdq.ozxfs.fkiya.kvugl,1.0595215497188575
1759316167,47452,2,0,0,0,0,0,0,0,0,N/A,N/A,N/A,N/A,N/A,1,kworker/2,I (idle),learner.bnsdq.ozxfs.fkiya.kvugl,0.005297295868331406
1759316167,48136,2,0,0,0,0,0,0,0,0,N/A,N/A,N/A,N/A,N/A,1,kworker/u8,I (idle),learner.bnsdq.ozxfs.fkiya.kvugl,0.014106780836265903
1759316167,48138,2,0,0,0,0,0,0,0,0,N/A,N/A,N/A,N/A,N/A,1,kworker/u8,I (idle),learner.bnsdq.ozxfs.fkiya.kvugl,0.0
1759316167,50185,1,0,0,0,0,0,0,0,0,6979584,6979584,3280896,135168,278528,1,bash,S (sleeping),learner.bnsdq.ozxfs.fkiya.kvugl,0.0
1759316167,50190,1,0,0,0,0,0,0,0,0,6979584,6979584,3235840,135168,278528,1,bash,S (sleeping),learner.bnsdq.ozxfs.fkiya.kvugl,0.0
1759316167,43087,2,0,0,0,0,0,0,0,0,N/A,N/A,N/A,N/A,N/A,1,kworker/2,I (idle),learner.bnsdq.ozxfs.fkiya.kvugl,0.0648066179767882
1759316167,48098,48097,1001,1001,1001,1001,1001,1001,1001,1001,172527616,172527616,3739648,1056768,20037632,1,(sd-pam),S (sleeping),learner.bnsdq.ozxfs.fkiya.kvugl,0.0
1759316167,48212,48180,0,0,0,0,0,0,0,0,4386816,4386816,577536,135168,180224,1,tee,S (sleeping),learner.bnsdq.ozxfs.fkiya.kvugl,0.0
1759316167,50198,1,0,0,0,0,0,0,0,0,6979584,6979584,3350528,135168,278528,1,bash,S (sleeping),learner.bnsdq.ozxfs.fkiya.kvugl,0.0
1759316167,48115,48094,1001,1001,1001,1001,1001,1001,1001,1001,15069184,15069184,6053888,135168,1175552,1,sshd,S (sleeping),learner.bnsdq.ozxfs.fkiya.kvugl,0.0
1759316167,50184,1,0,0,0,0,0,0,0,0,729841664,729841664,7864320,135168,106921984,7,foundryc,S (sleeping),learner.bnsdq.ozxfs.fkiya.kvugl,0.0
1759316167,50230,50198,0,0,0,0,0,0,0,0,5492736,5492736,577536,135168,180224,1,sleep,S (sleeping),learner.bnsdq.ozxfs.fkiya.kvugl,0.0
1759316167,43195,1,0,0,0,0,0,0,0,0,1799233536,1732124672,26415104,135168,99774464,7,discern-interfa,S (sleeping),learner.bnsdq.ozxfs.fkiya.kvugl,0.004100222297261317
1759316167,48041,2,0,0,0,0,0,0,0,0,N/A,N/A,N/A,N/A,N/A,1,kworker/1,I (idle),learner.bnsdq.ozxfs.fkiya.kvugl,0.0
1759316167,48126,48115,1001,1001,1001,1001,1001,1001,1001,1001,6979584,6979584,3268608,135168,278528,1,bash,S (sleeping),learner.bnsdq.ozxfs.fkiya.kvugl,0.0
1759316167,50189,1,0,0,0,0,0,0,0,0,6979584,6979584,3313664,135168,278528,1,bash,S (sleeping),learner.bnsdq.ozxfs.fkiya.kvugl,0.0
1759316167,48127,48126,1001,0,0,0,0,0,0,0,11055104,11034624,5169152,135168,659456,1,sudo,S (sleeping),learner.bnsdq.ozxfs.fkiya.kvugl,0.0
1759316167,48094,2699,0,0,0,0,0,0,0,0,15106048,15069184,9199616,135168,1175552,1,sshd,S (sleeping),learner.bnsdq.ozxfs.fkiya.kvugl,0.00705319018600764
1759316167,50226,50190,0,0,0,0,0,0,0,0,5492736,5492736,516096,135168,180224,1,sleep,S (sleeping),learner.bnsdq.ozxfs.fkiya.kvugl,0.0
1759316167,48128,48127,0,0,0,0,0,0,0,0,1448742912,1382223872,65024000,135168,177422336,9,docker,S (sleeping),learner.bnsdq.ozxfs.fkiya.kvugl,0.056425283467215905
1759316167,50196,1,0,0,0,0,0,0,0,0,6979584,6979584,3366912,135168,278528,1,bash,S (sleeping),learner.bnsdq.ozxfs.fkiya.kvugl,0.0
1759316167,43214,2,0,0,0,0,0,0,0,0,N/A,N/A,N/A,N/A,N/A,1,kworker/3,I (idle),learner.bnsdq.ozxfs.fkiya.kvugl,0.010292704242592281
1759316167,50227,50196,0,0,0,0,0,0,0,0,5492736,5492736,516096,135168,180224,1,sleep,S (sleeping),learner.bnsdq.ozxfs.fkiya.kvugl,0.0
1759316167,48211,48180,0,0,0,0,0,0,0,0,3603230720,3343683584,1347567616,147456,1640456192,17,python3,S (sleeping),learner.bnsdq.ozxfs.fkiya.kvugl,165.24897948464576
1759316167,47259,2,0,0,0,0,0,0,0,0,N/A,N/A,N/A,N/A,N/A,1,kworker/1,I (idle),learner.bnsdq.ozxfs.fkiya.kvugl,0.0
1759316167,50229,50189,0,0,0,0,0,0,0,0,5492736,5492736,581632,135168,180224,1,sleep,S (sleeping),learner.bnsdq.ozxfs.fkiya.kvugl,0.0
1759316167,43084,2,0,0,0,0,0,0,0,0,N/A,N/A,N/A,N/A,N/A,1,kworker/0,I (idle),learner.bnsdq.ozxfs.fkiya.kvugl,0.07695700528903845
1759316167,48137,2,0,0,0,0,0,0,0,0,N/A,N/A,N/A,N/A,N/A,1,kworker/u8,I (idle),learner.bnsdq.ozxfs.fkiya.kvugl,0.014106121037835024
1759316172,48098,48097,1001,1001,1001,1001,1001,1001,1001,1001,172527616,172527616,3739648,1056768,20037632,1,(sd-pam),S (sleeping),learner.bnsdq.ozxfs.fkiya.kvugl,0.0
1759316172,48180,48160,0,0,0,0,0,0,0,0,5939200,5926912,3379200,135168,307200,1,bash,S (sleeping),learner.bnsdq.ozxfs.fkiya.kvugl,0.027416262430254922
1759316172,48127,48126,1001,0,0,0,0,0,0,0,11055104,11034624,5169152,135168,659456,1,sudo,S (sleeping),learner.bnsdq.ozxfs.fkiya.kvugl,0.0
1759316172,48136,2,0,0,0,0,0,0,0,0,N/A,N/A,N/A,N/A,N/A,1,kworker/u8,I (idle),learner.bnsdq.ozxfs.fkiya.kvugl,0.013614753070321253
1759316172,47452,2,0,0,0,0,0,0,0,0,N/A,N/A,N/A,N/A,N/A,1,kworker/2,I (idle),learner.bnsdq.ozxfs.fkiya.kvugl,0.005157305992798839
1759316172,48212,48180,0,0,0,0,0,0,0,0,4386816,4386816,577536,135168,180224,1,tee,S (sleeping),learner.bnsdq.ozxfs.fkiya.kvugl,0.0
1759316172,43214,2,0,0,0,0,0,0,0,0,N/A,N/A,N/A,N/A,N/A,1,kworker/3,I (idle),learner.bnsdq.ozxfs.fkiya.kvugl,0.010185370909506775
1759316172,48041,2,0,0,0,0,0,0,0,0,N/A,N/A,N/A,N/A,N/A,1,kworker/1,I (idle),learner.bnsdq.ozxfs.fkiya.kvugl,0.006583263124791726
1759316172,48128,48127,0,0,0,0,0,0,0,0,1448742912,1382223872,65024000,135168,177422336,9,docker,S (sleeping),learner.bnsdq.ozxfs.fkiya.kvugl,0.054458598658763326
1759316172,50284,241,0,0,0,0,0,0,0,0,23040000,21975040,4083712,135168,724992,1,systemd-udevd,S (sleeping),learner.bnsdq.ozxfs.fkiya.kvugl,0.0
1759316172,43195,1,0,0,0,0,0,0,0,0,1799233536,1732124672,26415104,135168,99774464,7,discern-interfa,S (sleeping),learner.bnsdq.ozxfs.fkiya.kvugl,0.004057609272718447
1759316172,48211,48180,0,0,0,0,0,0,0,0,3603230720,3354419200,1347567616,147456,1651191808,17,python3,S (sleeping),learner.bnsdq.ozxfs.fkiya.kvugl,165.94776843563088
1759316172,47259,2,0,0,0,0,0,0,0,0,N/A,N/A,N/A,N/A,N/A,1,kworker/1,I (idle),learner.bnsdq.ozxfs.fkiya.kvugl,0.0
1759316172,48097,1,1001,1001,1001,1001,1001,1001,1001,1001,15548416,15515648,8888320,135168,733184,1,systemd,S (sleeping),learner.bnsdq.ozxfs.fkiya.kvugl,0.05445815823229407
1759316172,48094,2699,0,0,0,0,0,0,0,0,15106048,15069184,9199616,135168,1175552,1,sshd,S (sleeping),learner.bnsdq.ozxfs.fkiya.kvugl,0.00680725834233203
1759316172,48137,2,0,0,0,0,0,0,0,0,N/A,N/A,N/A,N/A,N/A,1,kworker/u8,I (idle),learner.bnsdq.ozxfs.fkiya.kvugl,0.013614497052254643
1759316172,48126,48115,1001,1001,1001,1001,1001,1001,1001,1001,6979584,6979584,3268608,135168,278528,1,bash,S (sleeping),learner.bnsdq.ozxfs.fkiya.kvugl,0.0
1759316172,48135,2,0,0,0,0,0,0,0,0,N/A,N/A,N/A,N/A,N/A,1,kworker/u8,I (idle),learner.bnsdq.ozxfs.fkiya.kvugl,0.0
1759316172,50273,1,101,101,101,101,102,102,102,102,16568320,16568320,7548928,135168,630784,1,systemd-network,S (sleeping),learner.bnsdq.ozxfs.fkiya.kvugl,0.768651424235646
1759316172,48138,2,0,0,0,0,0,0,0,0,N/A,N/A,N/A,N/A,N/A,1,kworker/u8,I (idle),learner.bnsdq.ozxfs.fkiya.kvugl,0.0
1759316172,48160,1,0,0,0,0,0,0,0,0,1562157056,1562157056,14106624,135168,200482816,12,containerd-shim,S (sleeping),learner.bnsdq.ozxfs.fkiya.kvugl,0.020421582463018242
1759316172,48115,48094,1001,1001,1001,1001,1001,1001,1001,1001,15069184,15069184,6053888,135168,1175552,1,sshd,S (sleeping),learner.bnsdq.ozxfs.fkiya.kvugl,0.0
1759316172,43084,2,0,0,0,0,0,0,0,0,N/A,N/A,N/A,N/A,N/A,1,kworker/0,I (idle),learner.bnsdq.ozxfs.fkiya.kvugl,0.0761669816011589
1759316172,43087,2,0,0,0,0,0,0,0,0,N/A,N/A,N/A,N/A,N/A,1,kworker/2,I (idle),learner.bnsdq.ozxfs.fkiya.kvugl,0.06614497806428
1759316172,48139,2,0,0,0,0,0,0,0,0,N/A,N/A,N/A,N/A,N/A,1,kworker/u8,I (idle),learner.bnsdq.ozxfs.fkiya.kvugl,0.0
1759316177,50322,1,0,0,0,0,0,0,0,0,6979584,6979584,3256320,135168,278528,1,bash,S (sleeping),learner.bnsdq.ozxfs.fkiya.kvugl,0.0
1759316177,48098,48097,1001,1001,1001,1001,1001,1001,1001,1001,172527616,172527616,3739648,1056768,20037632,1,(sd-pam),S (sleeping),learner.bnsdq.ozxfs.fkiya.kvugl,0.0
1759316177,50368,50315,0,0,0,0,0,0,0,0,5492736,5492736,581632,135168,180224,1,sleep,S (sleeping),learner.bnsdq.ozxfs.fkiya.kvugl,0.0
1759316178,50326,1,0,0,0,0,0,0,0,0,6979584,6979584,3280896,135168,278528,1,bash,S (sleeping),learner.bnsdq.ozxfs.fkiya.kvugl,0.0
1759316178,50366,50322,0,0,0,0,0,0,0,0,5492736,5492736,516096,135168,180224,1,sleep,S (sleeping),learner.bnsdq.ozxfs.fkiya.kvugl,0.0
1759316178,50370,50316,0,0,0,0,0,0,0,0,5492736,5492736,516096,135168,180224,1,sleep,S (sleeping),learner.bnsdq.ozxfs.fkiya.kvugl,0.0
1759316178,48127,48126,1001,0,0,0,0,0,0,0,11055104,11034624,5169152,135168,659456,1,sudo,S (sleeping),learner.bnsdq.ozxfs.fkiya.kvugl,0.0
1759316178,48136,2,0,0,0,0,0,0,0,0,N/A,N/A,N/A,N/A,N/A,1,kworker/u8,I (idle),learner.bnsdq.ozxfs.fkiya.kvugl,0.013159128603574499
1759316178,50315,1,0,0,0,0,0,0,0,0,6979584,6979584,3297280,135168,278528,1,bash,S (sleeping),learner.bnsdq.ozxfs.fkiya.kvugl,0.0
1759316178,48126,48115,1001,1001,1001,1001,1001,1001,1001,1001,6979584,6979584,3268608,135168,278528,1,bash,S (sleeping),learner.bnsdq.ozxfs.fkiya.kvugl,0.0
1759316178,50324,1,0,0,0,0,0,0,0,0,6979584,6979584,3289088,135168,278528,1,bash,S (sleeping),learner.bnsdq.ozxfs.fkiya.kvugl,0.0
1759316178,48139,2,0,0,0,0,0,0,0,0,N/A,N/A,N/A,N/A,N/A,1,kworker/u8,I (idle),learner.bnsdq.ozxfs.fkiya.kvugl,0.0
1759316178,50314,1,0,0,0,0,0,0,0,0,728662016,728662016,7925760,135168,105742336,7,foundryc,S (sleeping),learner.bnsdq.ozxfs.fkiya.kvugl,0.0
1759316178,50367,50324,0,0,0,0,0,0,0,0,5492736,5492736,581632,135168,180224,1,sleep,S (sleeping),learner.bnsdq.ozxfs.fkiya.kvugl,0.0
1759316178,47259,2,0,0,0,0,0,0,0,0,N/A,N/A,N/A,N/A,N/A,1,kworker/1,I (idle),learner.bnsdq.ozxfs.fkiya.kvugl,0.0
1759316178,48097,1,1001,1001,1001,1001,1001,1001,1001,1001,15548416,15515648,8888320,135168,733184,1,systemd,S (sleeping),learner.bnsdq.ozxfs.fkiya.kvugl,0.05263574127062973
1759316178,48135,2,0,0,0,0,0,0,0,0,N/A,N/A,N/A,N/A,N/A,1,kworker/u8,I (idle),learner.bnsdq.ozxfs.fkiya.kvugl,0.0
1759316178,48041,2,0,0,0,0,0,0,0,0,N/A,N/A,N/A,N/A,N/A,1,kworker/1,I (idle),learner.bnsdq.ozxfs.fkiya.kvugl,0.006369896139014549
1759316178,48115,48094,1001,1001,1001,1001,1001,1001,1001,1001,15069184,15069184,6053888,135168,1175552,1,sshd,S (sleeping),learner.bnsdq.ozxfs.fkiya.kvugl,0.0
1759316178,47452,2,0,0,0,0,0,0,0,0,N/A,N/A,N/A,N/A,N/A,1,kworker/2,I (idle),learner.bnsdq.ozxfs.fkiya.kvugl,0.0050254065561199535
1759316178,48094,2699,0,0,0,0,0,0,0,0,15106048,15069184,9199616,135168,1175552,1,sshd,S (sleeping),learner.bnsdq.ozxfs.fkiya.kvugl,0.006579418016310724
1759316178,48128,48127,0,0,0,0,0,0,0,0,1448742912,1382223872,65024000,135168,177422336,9,docker,S (sleeping),learner.bnsdq.ozxfs.fkiya.kvugl,0.05263526441525494
1759316178,43087,2,0,0,0,0,0,0,0,0,N/A,N/A,N/A,N/A,N/A,1,kworker/2,I (idle),learner.bnsdq.ozxfs.fkiya.kvugl,0.06547754651371038
1759316178,48160,1,0,0,0,0,0,0,0,0,1562157056,1562157056,14106624,135168,200482816,12,containerd-shim,S (sleeping),learner.bnsdq.ozxfs.fkiya.kvugl,0.019738163295325517
1759316178,48180,48160,0,0,0,0,0,0,0,0,5939200,5926912,3379200,135168,307200,1,bash,S (sleeping),learner.bnsdq.ozxfs.fkiya.kvugl,0.026491806934780236
1759316178,50369,50326,0,0,0,0,0,0,0,0,5492736,5492736,516096,135168,180224,1,sleep,S (sleeping),learner.bnsdq.ozxfs.fkiya.kvugl,0.0
1759316178,50339,1,101,101,101,101,102,102,102,102,16568320,16568320,7512064,135168,630784,1,systemd-network,S (sleeping),learner.bnsdq.ozxfs.fkiya.kvugl,1.0018506650343222
1759316178,43084,2,0,0,0,0,0,0,0,0,N/A,N/A,N/A,N/A,N/A,1,kworker/0,I (idle),learner.bnsdq.ozxfs.fkiya.kvugl,0.07539815787136878
1759316178,43214,2,0,0,0,0,0,0,0,0,N/A,N/A,N/A,N/A,N/A,1,kworker/3,I (idle),learner.bnsdq.ozxfs.fkiya.kvugl,0.010080817841716402
1759316178,48137,2,0,0,0,0,0,0,0,0,N/A,N/A,N/A,N/A,N/A,1,kworker/u8,I (idle),learner.bnsdq.ozxfs.fkiya.kvugl,0.01315860602503108
1759316178,43195,1,0,0,0,0,0,0,0,0,1799233536,1732124672,26415104,135168,99774464,7,discern-interfa,S (sleeping),learner.bnsdq.ozxfs.fkiya.kvugl,0.004016128053625469
1759316178,50316,1,0,0,0,0,0,0,0,0,6979584,6979584,3448832,135168,278528,1,bash,S (sleeping),learner.bnsdq.ozxfs.fkiya.kvugl,0.0
1759316178,48212,48180,0,0,0,0,0,0,0,0,4386816,4386816,577536,135168,180224,1,tee,S (sleeping),learner.bnsdq.ozxfs.fkiya.kvugl,0.0
1759316178,48138,2,0,0,0,0,0,0,0,0,N/A,N/A,N/A,N/A,N/A,1,kworker/u8,I (idle),learner.bnsdq.ozxfs.fkiya.kvugl,0.0
1759316178,48211,48180,0,0,0,0,0,0,0,0,3603230720,3323293696,1347567616,147456,1620066304,17,python3,S (sleeping),learner.bnsdq.ozxfs.fkiya.kvugl,166.70287743000904
1759316183,47452,2,0,0,0,0,0,0,0,0,N/A,N/A,N/A,N/A,N/A,1,kworker/2,I (idle),learner.bnsdq.ozxfs.fkiya.kvugl,0.004899412730475661
1759316183,48137,2,0,0,0,0,0,0,0,0,N/A,N/A,N/A,N/A,N/A,1,kworker/u8,I (idle),learner.bnsdq.ozxfs.fkiya.kvugl,0.012730232280790878
1759316183,48128,48127,0,0,0,0,0,0,0,0,1448742912,1382223872,65024000,135168,177422336,9,docker,S (sleeping),learner.bnsdq.ozxfs.fkiya.kvugl,0.05092084874989749
1759316183,48180,48160,0,0,0,0,0,0,0,0,5939200,5926912,3379200,135168,307200,1,bash,S (sleeping),learner.bnsdq.ozxfs.fkiya.kvugl,0.02562348165475487
1759316183,50403,1,101,101,101,101,102,102,102,102,16568320,16568320,7462912,135168,630784,1,systemd-network,S (sleeping),learner.bnsdq.ozxfs.fkiya.kvugl,0.7832186551203231
1759316183,47259,2,0,0,0,0,0,0,0,0,N/A,N/A,N/A,N/A,N/A,1,kworker/1,I (idle),learner.bnsdq.ozxfs.fkiya.kvugl,0.0
1759316183,48041,2,0,0,0,0,0,0,0,0,N/A,N/A,N/A,N/A,N/A,1,kworker/1,I (idle),learner.bnsdq.ozxfs.fkiya.kvugl,0.006168743308187318
1759316183,48115,48094,1001,1001,1001,1001,1001,1001,1001,1001,15069184,15069184,6053888,135168,1175552,1,sshd,S (sleeping),learner.bnsdq.ozxfs.fkiya.kvugl,0.0
1759316183,48139,2,0,0,0,0,0,0,0,0,N/A,N/A,N/A,N/A,N/A,1,kworker/u8,I (idle),learner.bnsdq.ozxfs.fkiya.kvugl,0.0
1759316183,43214,2,0,0,0,0,0,0,0,0,N/A,N/A,N/A,N/A,N/A,1,kworker/3,I (idle),learner.bnsdq.ozxfs.fkiya.kvugl,0.009977883646148957
1759316183,48212,48180,0,0,0,0,0,0,0,0,4386816,4386816,577536,135168,180224,1,tee,S (sleeping),learner.bnsdq.ozxfs.fkiya.kvugl,0.0
1759316183,43087,2,0,0,0,0,0,0,0,0,N/A,N/A,N/A,N/A,N/A,1,kworker/2,I (idle),learner.bnsdq.ozxfs.fkiya.kvugl,0.06481915893215519
1759316183,48094,2699,0,0,0,0,0,0,0,0,15106048,15069184,9199616,135168,1175552,1,sshd,S (sleeping),learner.bnsdq.ozxfs.fkiya.kvugl,0.006365008825480704
1759316183,48127,48126,1001,0,0,0,0,0,0,0,11055104,11034624,5169152,135168,659456,1,sudo,S (sleeping),learner.bnsdq.ozxfs.fkiya.kvugl,0.0
1759316183,48135,2,0,0,0,0,0,0,0,0,N/A,N/A,N/A,N/A,N/A,1,kworker/u8,I (idle),learner.bnsdq.ozxfs.fkiya.kvugl,0.0
1759316183,48211,48180,0,0,0,0,0,0,0,0,3603230720,3384713216,1347567616,147456,1681485824,17,python3,S (sleeping),learner.bnsdq.ozxfs.fkiya.kvugl,167.68978334985113
1759316183,50414,241,0,0,0,0,0,0,0,0,23040000,21975040,4087808,135168,724992,1,systemd-udevd,S (sleeping),learner.bnsdq.ozxfs.fkiya.kvugl,0.0
1759316183,43084,2,0,0,0,0,0,0,0,0,N/A,N/A,N/A,N/A,N/A,1,kworker/0,I (idle),learner.bnsdq.ozxfs.fkiya.kvugl,0.07464003279845709
1759316183,48098,48097,1001,1001,1001,1001,1001,1001,1001,1001,172527616,172527616,3739648,1056768,20037632,1,(sd-pam),S (sleeping),learner.bnsdq.ozxfs.fkiya.kvugl,0.0
1759316183,48138,2,0,0,0,0,0,0,0,0,N/A,N/A,N/A,N/A,N/A,1,kworker/u8,I (idle),learner.bnsdq.ozxfs.fkiya.kvugl,0.0
1759316183,48097,1,1001,1001,1001,1001,1001,1001,1001,1001,15548416,15515648,8888320,135168,733184,1,systemd,S (sleeping),learner.bnsdq.ozxfs.fkiya.kvugl,0.05091877217574264
1759316183,48126,48115,1001,1001,1001,1001,1001,1001,1001,1001,6979584,6979584,3268608,135168,278528,1,bash,S (sleeping),learner.bnsdq.ozxfs.fkiya.kvugl,0.0
1759316183,48160,1,0,0,0,0,0,0,0,0,1562157056,1562157056,14106624,135168,200482816,12,containerd-shim,S (sleeping),learner.bnsdq.ozxfs.fkiya.kvugl,0.019094466273273897
1759316183,48136,2,0,0,0,0,0,0,0,0,N/A,N/A,N/A,N/A,N/A,1,kworker/u8,I (idle),learner.bnsdq.ozxfs.fkiya.kvugl,0.012729625720959674
1759316183,43195,1,0,0,0,0,0,0,0,0,1799233536,1732124672,26415104,135168,99774464,7,discern-interfa,S (sleeping),learner.bnsdq.ozxfs.fkiya.kvugl,0.003975241645889519
1759316188,50443,1,0,0,0,0,0,0,0,0,6979584,6979584,3231744,135168,278528,1,bash,S (sleeping),learner.bnsdq.ozxfs.fkiya.kvugl,0.0
1759316188,50450,1,0,0,0,0,0,0,0,0,6979584,6979584,3452928,135168,278528,1,bash,S (sleeping),learner.bnsdq.ozxfs.fkiya.kvugl,0.0
1759316188,50442,1,0,0,0,0,0,0,0,0,728137728,728137728,7925760,135168,105218048,6,foundryc,S (sleeping),learner.bnsdq.ozxfs.fkiya.kvugl,0.0
1759316188,48115,48094,1001,1001,1001,1001,1001,1001,1001,1001,15069184,15069184,6053888,135168,1175552,1,sshd,S (sleeping),learner.bnsdq.ozxfs.fkiya.kvugl,0.0
1759316188,48136,2,0,0,0,0,0,0,0,0,N/A,N/A,N/A,N/A,N/A,1,kworker/u8,I (idle),learner.bnsdq.ozxfs.fkiya.kvugl,0.012330937280006738
1759316188,48139,2,0,0,0,0,0,0,0,0,N/A,N/A,N/A,N/A,N/A,1,kworker/u8,I (idle),learner.bnsdq.ozxfs.fkiya.kvugl,0.0
1759316188,47259,2,0,0,0,0,0,0,0,0,N/A,N/A,N/A,N/A,N/A,1,kworker/1,I (idle),learner.bnsdq.ozxfs.fkiya.kvugl,0.0
1759316188,48211,48180,0,0,0,0,0,0,0,0,3603230720,3389919232,1347567616,147456,1686691840,17,python3,S (sleeping),learner.bnsdq.ozxfs.fkiya.kvugl,168.67213153583796
1759316188,47452,2,0,0,0,0,0,0,0,0,N/A,N/A,N/A,N/A,N/A,1,kworker/2,I (idle),learner.bnsdq.ozxfs.fkiya.kvugl,0.0047802381448919335
1759316188,48126,48115,1001,1001,1001,1001,1001,1001,1001,1001,6979584,6979584,3268608,135168,278528,1,bash,S (sleeping),learner.bnsdq.ozxfs.fkiya.kvugl,0.0
1759316188,48127,48126,1001,0,0,0,0,0,0,0,11055104,11034624,5169152,135168,659456,1,sudo,S (sleeping),learner.bnsdq.ozxfs.fkiya.kvugl,0.0
1759316188,48212,48180,0,0,0,0,0,0,0,0,4386816,4386816,577536,135168,180224,1,tee,S (sleeping),learner.bnsdq.ozxfs.fkiya.kvugl,0.0
1759316188,50466,1,101,101,101,101,102,102,102,102,16568320,16568320,7401472,135168,630784,1,systemd-network,S (sleeping),learner.bnsdq.ozxfs.fkiya.kvugl,0.7698795987354965
1759316188,50502,50456,0,0,0,0,0,0,0,0,5492736,5492736,516096,135168,180224,1,sleep,S (sleeping),learner.bnsdq.ozxfs.fkiya.kvugl,0.0
1759316188,43214,2,0,0,0,0,0,0,0,0,N/A,N/A,N/A,N/A,N/A,1,kworker/3,I (idle),learner.bnsdq.ozxfs.fkiya.kvugl,0.00987759562559482
1759316188,50501,50448,0,0,0,0,0,0,0,0,5492736,5492736,516096,135168,180224,1,sleep,S (sleeping),learner.bnsdq.ozxfs.fkiya.kvugl,0.0
1759316188,48094,2699,0,0,0,0,0,0,0,0,15106048,15069184,9199616,135168,1175552,1,sshd,S (sleeping),learner.bnsdq.ozxfs.fkiya.kvugl,0.006165359265265945
1759316188,50456,1,0,0,0,0,0,0,0,0,6979584,6979584,3260416,135168,278528,1,bash,S (sleeping),learner.bnsdq.ozxfs.fkiya.kvugl,0.0
1759316188,50506,50454,0,0,0,0,0,0,0,0,5492736,5492736,581632,135168,180224,1,sleep,S (sleeping),learner.bnsdq.ozxfs.fkiya.kvugl,0.0
1759316188,50507,50450,0,0,0,0,0,0,0,0,5492736,5492736,577536,135168,180224,1,sleep,S (sleeping),learner.bnsdq.ozxfs.fkiya.kvugl,0.0
1759316188,48137,2,0,0,0,0,0,0,0,0,N/A,N/A,N/A,N/A,N/A,1,kworker/u8,I (idle),learner.bnsdq.ozxfs.fkiya.kvugl,0.0123306142674208
1759316188,50454,1,0,0,0,0,0,0,0,0,6979584,6979584,3493888,135168,278528,1,bash,S (sleeping),learner.bnsdq.ozxfs.fkiya.kvugl,0.0
1759316188,43084,2,0,0,0,0,0,0,0,0,N/A,N/A,N/A,N/A,N/A,1,kworker/0,I (idle),learner.bnsdq.ozxfs.fkiya.kvugl,0.07584621165512569
1759316188,48041,2,0,0,0,0,0,0,0,0,N/A,N/A,N/A,N/A,N/A,1,kworker/1,I (idle),learner.bnsdq.ozxfs.fkiya.kvugl,0.011961822301933477
1759316188,48098,48097,1001,1001,1001,1001,1001,1001,1001,1001,172527616,172527616,3739648,1056768,20037632,1,(sd-pam),S (sleeping),learner.bnsdq.ozxfs.fkiya.kvugl,0.0
1759316188,43087,2,0,0,0,0,0,0,0,0,N/A,N/A,N/A,N/A,N/A,1,kworker/2,I (idle),learner.bnsdq.ozxfs.fkiya.kvugl,0.06417731783689527
1759316188,48128,48127,0,0,0,0,0,0,0,0,1448742912,1382223872,65024000,135168,177422336,9,docker,S (sleeping),learner.bnsdq.ozxfs.fkiya.kvugl,0.04932163350461448
1759316188,50504,50443,0,0,0,0,0,0,0,0,5492736,5492736,512000,135168,180224,1,sleep,S (sleeping),learner.bnsdq.ozxfs.fkiya.kvugl,0.0
1759316188,48180,48160,0,0,0,0,0,0,0,0,5939200,5926912,3379200,135168,307200,1,bash,S (sleeping),learner.bnsdq.ozxfs.fkiya.kvugl,0.024813716106165905
1759316188,48135,2,0,0,0,0,0,0,0,0,N/A,N/A,N/A,N/A,N/A,1,kworker/u8,I (idle),learner.bnsdq.ozxfs.fkiya.kvugl,0.0
1759316188,48097,1,1001,1001,1001,1001,1001,1001,1001,1001,15548416,15515648,8888320,135168,733184,1,systemd,S (sleeping),learner.bnsdq.ozxfs.fkiya.kvugl,0.04932131548188478
1759316188,48160,1,0,0,0,0,0,0,0,0,1562157056,1562157056,14106624,135168,200482816,12,containerd-shim,S (sleeping),learner.bnsdq.ozxfs.fkiya.kvugl,0.01849546333629595
1759316188,43195,1,0,0,0,0,0,0,0,0,1799233536,1732124672,26415104,135168,99774464,7,discern-interfa,S (sleeping),learner.bnsdq.ozxfs.fkiya.kvugl,0.003935441135932469
1759316188,48138,2,0,0,0,0,0,0,0,0,N/A,N/A,N/A,N/A,N/A,1,kworker/u8,I (idle),learner.bnsdq.ozxfs.fkiya.kvugl,0.0
1759316188,50448,1,0,0,0,0,0,0,0,0,6979584,6979584,3420160,135168,278528,1,bash,S (sleeping),learner.bnsdq.ozxfs.fkiya.kvugl,0.0
1759316193,50590,50575,0,0,0,0,0,0,0,0,5492736,5492736,516096,135168,180224,1,sleep,S (sleeping),learner.bnsdq.ozxfs.fkiya.kvugl,0.0
1759316193,50575,1,0,0,0,0,0,0,0,0,6979584,6979584,3137536,135168,278528,1,bash,S (sleeping),learner.bnsdq.ozxfs.fkiya.kvugl,0.0
1759316193,50593,1,101,101,101,101,102,102,102,102,16568320,16568320,7385088,135168,630784,1,systemd-network,S (sleeping),learner.bnsdq.ozxfs.fkiya.kvugl,2.2804218011373876
1759316193,48128,48127,0,0,0,0,0,0,0,0,1448742912,1382223872,65024000,135168,177422336,9,docker,S (sleeping),learner.bnsdq.ozxfs.fkiya.kvugl,0.04781376884430861
1759316193,48180,48160,0,0,0,0,0,0,0,0,5939200,5926912,3379200,135168,307200,1,bash,S (sleeping),learner.bnsdq.ozxfs.fkiya.kvugl,0.024050589799949094
1759316193,50569,1,0,0,0,0,0,0,0,0,728399872,728399872,10014720,135168,105480192,6,foundryc,S (sleeping),learner.bnsdq.ozxfs.fkiya.kvugl,0.0
1759316193,47452,2,0,0,0,0,0,0,0,0,N/A,N/A,N/A,N/A,N/A,1,kworker/2,I (idle),learner.bnsdq.ozxfs.fkiya.kvugl,0.0046659934137089805
1759316193,43084,2,0,0,0,0,0,0,0,0,N/A,N/A,N/A,N/A,N/A,1,kworker/0,I (idle),learner.bnsdq.ozxfs.fkiya.kvugl,0.07509865641894022
1759316193,43214,2,0,0,0,0,0,0,0,0,N/A,N/A,N/A,N/A,N/A,1,kworker/3,I (idle),learner.bnsdq.ozxfs.fkiya.kvugl,0.009778667801724645
1759316193,48139,2,0,0,0,0,0,0,0,0,N/A,N/A,N/A,N/A,N/A,1,kworker/u8,I (idle),learner.bnsdq.ozxfs.fkiya.kvugl,0.0
1759316193,50583,50574,0,0,0,0,0,0,0,0,5492736,5492736,585728,135168,180224,1,sleep,S (sleeping),learner.bnsdq.ozxfs.fkiya.kvugl,0.0
1759316193,50591,50570,0,0,0,0,0,0,0,0,5492736,5492736,520192,135168,180224,1,sleep,S (sleeping),learner.bnsdq.ozxfs.fkiya.kvugl,0.0
1759316193,48098,48097,1001,1001,1001,1001,1001,1001,1001,1001,172527616,172527616,3739648,1056768,20037632,1,(sd-pam),S (sleeping),learner.bnsdq.ozxfs.fkiya.kvugl,0.0
1759316193,48137,2,0,0,0,0,0,0,0,0,N/A,N/A,N/A,N/A,N/A,1,kworker/u8,I (idle),learner.bnsdq.ozxfs.fkiya.kvugl,0.011953267456972144
1759316193,47259,2,0,0,0,0,0,0,0,0,N/A,N/A,N/A,N/A,N/A,1,kworker/1,I (idle),learner.bnsdq.ozxfs.fkiya.kvugl,0.0
1759316193,43087,2,0,0,0,0,0,0,0,0,N/A,N/A,N/A,N/A,N/A,1,kworker/2,I (idle),learner.bnsdq.ozxfs.fkiya.kvugl,0.06354479298145246
1759316193,48211,48180,0,0,0,0,0,0,0,0,3603230720,3396321280,1347567616,147456,1693097984,17,python3,S (sleeping),learner.bnsdq.ozxfs.fkiya.kvugl,169.5897375401247
1759316193,48160,1,0,0,0,0,0,0,0,0,1562157056,1562157056,14106624,135168,200482816,12,containerd-shim,S (sleeping),learner.bnsdq.ozxfs.fkiya.kvugl,0.01792979262346885
1759316193,48094,2699,0,0,0,0,0,0,0,0,15106048,15069184,9199616,135168,1175552,1,sshd,S (sleeping),learner.bnsdq.ozxfs.fkiya.kvugl,0.005976588974651433
1759316193,48138,2,0,0,0,0,0,0,0,0,N/A,N/A,N/A,N/A,N/A,1,kworker/u8,I (idle),learner.bnsdq.ozxfs.fkiya.kvugl,0.0
1759316193,50577,1,0,0,0,0,0,0,0,0,6979584,6979584,3395584,135168,278528,1,bash,S (sleeping),learner.bnsdq.ozxfs.fkiya.kvugl,0.0
1759316193,50570,1,0,0,0,0,0,0,0,0,6979584,6979584,3141632,135168,278528,1,bash,S (sleeping),learner.bnsdq.ozxfs.fkiya.kvugl,0.0
1759316193,48135,2,0,0,0,0,0,0,0,0,N/A,N/A,N/A,N/A,N/A,1,kworker/u8,I (idle),learner.bnsdq.ozxfs.fkiya.kvugl,0.0
1759316193,50580,1,0,0,0,0,0,0,0,0,6979584,6979584,3342336,135168,278528,1,bash,S (sleeping),learner.bnsdq.ozxfs.fkiya.kvugl,0.0
1759316193,48097,1,1001,1001,1001,1001,1001,1001,1001,1001,15548416,15515648,8888320,135168,733184,1,systemd,S (sleeping),learner.bnsdq.ozxfs.fkiya.kvugl,0.04781231215663155
1759316193,48041,2,0,0,0,0,0,0,0,0,N/A,N/A,N/A,N/A,N/A,1,kworker/1,I (idle),learner.bnsdq.ozxfs.fkiya.kvugl,0.011606236475644165
1759316193,48127,48126,1001,0,0,0,0,0,0,0,11055104,11034624,5169152,135168,659456,1,sudo,S (sleeping),learner.bnsdq.ozxfs.fkiya.kvugl,0.0
1759316193,50589,50577,0,0,0,0,0,0,0,0,5492736,5492736,512000,135168,180224,1,sleep,S (sleeping),learner.bnsdq.ozxfs.fkiya.kvugl,0.0
1759316193,43195,1,0,0,0,0,0,0,0,0,1799233536,1732124672,26415104,135168,99774464,7,discern-interfa,S (sleeping),learner.bnsdq.ozxfs.fkiya.kvugl,0.003896191064028095
1759316193,48212,48180,0,0,0,0,0,0,0,0,4386816,4386816,577536,135168,180224,1,tee,S (sleeping),learner.bnsdq.ozxfs.fkiya.kvugl,0.0
1759316193,50574,1,0,0,0,0,0,0,0,0,6979584,6979584,3198976,135168,278528,1,bash,S (sleeping),learner.bnsdq.ozxfs.fkiya.kvugl,0.0
1759316193,48136,2,0,0,0,0,0,0,0,0,N/A,N/A,N/A,N/A,N/A,1,kworker/u8,I (idle),learner.bnsdq.ozxfs.fkiya.kvugl,0.011952961887824395
1759316193,48115,48094,1001,1001,1001,1001,1001,1001,1001,1001,15069184,15069184,6053888,135168,1175552,1,sshd,S (sleeping),learner.bnsdq.ozxfs.fkiya.kvugl,0.0
1759316193,50592,50580,0,0,0,0,0,0,0,0,5492736,5492736,577536,135168,180224,1,sleep,S (sleeping),learner.bnsdq.ozxfs.fkiya.kvugl,0.0
1759316193,48126,48115,1001,1001,1001,1001,1001,1001,1001,1001,6979584,6979584,3268608,135168,278528,1,bash,S (sleeping),learner.bnsdq.ozxfs.fkiya.kvugl,0.0
1759316198,48135,2,0,0,0,0,0,0,0,0,N/A,N/A,N/A,N/A,N/A,1,kworker/u8,I (idle),learner.bnsdq.ozxfs.fkiya.kvugl,0.0
1759316198,48180,48160,0,0,0,0,0,0,0,0,5939200,5926912,3379200,135168,307200,1,bash,S (sleeping),learner.bnsdq.ozxfs.fkiya.kvugl,0.023332796461339178
1759316198,43087,2,0,0,0,0,0,0,0,0,N/A,N/A,N/A,N/A,N/A,1,kworker/2,I (idle),learner.bnsdq.ozxfs.fkiya.kvugl,0.06292513214159336
1759316198,48212,48180,0,0,0,0,0,0,0,0,4386816,4386816,577536,135168,180224,1,tee,S (sleeping),learner.bnsdq.ozxfs.fkiya.kvugl,0.0
1759316198,50638,50570,0,0,0,0,0,0,0,0,5492736,5492736,512000,135168,180224,1,sleep,S (sleeping),learner.bnsdq.ozxfs.fkiya.kvugl,0.0
1759316198,50641,50575,0,0,0,0,0,0,0,0,5492736,5492736,516096,135168,180224,1,sleep,S (sleeping),learner.bnsdq.ozxfs.fkiya.kvugl,0.0
1759316198,50575,1,0,0,0,0,0,0,0,0,6979584,6979584,3215360,135168,278528,1,bash,S (sleeping),learner.bnsdq.ozxfs.fkiya.kvugl,0.0
1759316198,48136,2,0,0,0,0,0,0,0,0,N/A,N/A,N/A,N/A,N/A,1,kworker/u8,I (idle),learner.bnsdq.ozxfs.fkiya.kvugl,0.011598642972041119
1759316198,48211,48180,0,0,0,0,0,0,0,0,3614015488,3479797760,1380356096,147456,1740304384,17,python3,S (sleeping),learner.bnsdq.ozxfs.fkiya.kvugl,170.72843995104589
1759316198,50642,50574,0,0,0,0,0,0,0,0,5492736,5492736,512000,135168,180224,1,sleep,S (sleeping),learner.bnsdq.ozxfs.fkiya.kvugl,0.0
1759316198,50644,50580,0,0,0,0,0,0,0,0,5492736,5492736,516096,135168,180224,1,sleep,S (sleeping),learner.bnsdq.ozxfs.fkiya.kvugl,0.0
1759316198,43195,1,0,0,0,0,0,0,0,0,1799233536,1732124672,26415104,135168,99774464,7,discern-interfa,S (sleeping),learner.bnsdq.ozxfs.fkiya.kvugl,0.003857743700398766
1759316198,48041,2,0,0,0,0,0,0,0,0,N/A,N/A,N/A,N/A,N/A,1,kworker/1,I (idle),learner.bnsdq.ozxfs.fkiya.kvugl,0.011271541207670953
1759316198,50643,50577,0,0,0,0,0,0,0,0,5492736,5492736,516096,135168,180224,1,sleep,S (sleeping),learner.bnsdq.ozxfs.fkiya.kvugl,0.0
1759316198,48098,48097,1001,1001,1001,1001,1001,1001,1001,1001,172527616,172527616,3739648,1056768,20037632,1,(sd-pam),S (sleeping),learner.bnsdq.ozxfs.fkiya.kvugl,0.0
1759316198,50574,1,0,0,0,0,0,0,0,0,6979584,6979584,3272704,135168,278528,1,bash,S (sleeping),learner.bnsdq.ozxfs.fkiya.kvugl,0.0
1759316198,48094,2699,0,0,0,0,0,0,0,0,15106048,15069184,9199616,135168,1175552,1,sshd,S (sleeping),learner.bnsdq.ozxfs.fkiya.kvugl,0.0057991416564964
1759316198,48160,1,0,0,0,0,0,0,0,0,1562157056,1562157056,14106624,135168,200482816,12,containerd-shim,S (sleeping),learner.bnsdq.ozxfs.fkiya.kvugl,0.017397394079306145
1759316198,50580,1,0,0,0,0,0,0,0,0,6979584,6979584,3366912,135168,278528,1,bash,S (sleeping),learner.bnsdq.ozxfs.fkiya.kvugl,0.0
1759316198,48137,2,0,0,0,0,0,0,0,0,N/A,N/A,N/A,N/A,N/A,1,kworker/u8,I (idle),learner.bnsdq.ozxfs.fkiya.kvugl,0.011598224763314586
1759316198,48115,48094,1001,1001,1001,1001,1001,1001,1001,1001,15069184,15069184,6053888,135168,1175552,1,sshd,S (sleeping),learner.bnsdq.ozxfs.fkiya.kvugl,0.0
1759316198,47259,2,0,0,0,0,0,0,0,0,N/A,N/A,N/A,N/A,N/A,1,kworker/1,I (idle),learner.bnsdq.ozxfs.fkiya.kvugl,0.0
1759316198,50577,1,0,0,0,0,0,0,0,0,6979584,6979584,3485696,135168,278528,1,bash,S (sleeping),learner.bnsdq.ozxfs.fkiya.kvugl,0.0
1759316198,50657,1,101,101,101,101,102,102,102,102,16568320,16568320,7593984,135168,630784,1,systemd-network,S (sleeping),learner.bnsdq.ozxfs.fkiya.kvugl,2.775132531085024
1759316198,50669,241,0,0,0,0,0,0,0,0,23040000,21975040,4087808,135168,724992,1,systemd-udevd,S (sleeping),learner.bnsdq.ozxfs.fkiya.kvugl,0.0
1759316198,50570,1,0,0,0,0,0,0,0,0,6979584,6979584,3219456,135168,278528,1,bash,S (sleeping),learner.bnsdq.ozxfs.fkiya.kvugl,0.0
1759316198,43214,2,0,0,0,0,0,0,0,0,N/A,N/A,N/A,N/A,N/A,1,kworker/3,I (idle),learner.bnsdq.ozxfs.fkiya.kvugl,0.00968162558786329
1759316198,48138,2,0,0,0,0,0,0,0,0,N/A,N/A,N/A,N/A,N/A,1,kworker/u8,I (idle),learner.bnsdq.ozxfs.fkiya.kvugl,0.0
1759316198,48126,48115,1001,1001,1001,1001,1001,1001,1001,1001,6979584,6979584,3268608,135168,278528,1,bash,S (sleeping),learner.bnsdq.ozxfs.fkiya.kvugl,0.0
1759316198,48127,48126,1001,0,0,0,0,0,0,0,11055104,11034624,5169152,135168,659456,1,sudo,S (sleeping),learner.bnsdq.ozxfs.fkiya.kvugl,0.0
1759316198,43084,2,0,0,0,0,0,0,0,0,N/A,N/A,N/A,N/A,N/A,1,kworker/0,I (idle),learner.bnsdq.ozxfs.fkiya.kvugl,0.07436455645775705
1759316198,48128,48127,0,0,0,0,0,0,0,0,1448742912,1382223872,65024000,135168,177422336,9,docker,S (sleeping),learner.bnsdq.ozxfs.fkiya.kvugl,0.04639196187797358
1759316198,48097,1,1001,1001,1001,1001,1001,1001,1001,1001,15548416,15515648,8888320,135168,733184,1,systemd,S (sleeping),learner.bnsdq.ozxfs.fkiya.kvugl,0.04639188551565887
1759316198,47452,2,0,0,0,0,0,0,0,0,N/A,N/A,N/A,N/A,N/A,1,kworker/2,I (idle),learner.bnsdq.ozxfs.fkiya.kvugl,0.009113932925633126
1759316198,48139,2,0,0,0,0,0,0,0,0,N/A,N/A,N/A,N/A,N/A,1,kworker/u8,I (idle),learner.bnsdq.ozxfs.fkiya.kvugl,0.0
1759316203,48127,48126,1001,0,0,0,0,0,0,0,11055104,11034624,5169152,135168,659456,1,sudo,S (sleeping),learner.bnsdq.ozxfs.fkiya.kvugl,0.0
1759316203,48160,1,0,0,0,0,0,0,0,0,1562157056,1562157056,14106624,135168,200482816,12,containerd-shim,S (sleeping),learner.bnsdq.ozxfs.fkiya.kvugl,0.016896293844701718
1759316203,50697,1,0,0,0,0,0,0,0,0,728399872,728399872,7925760,135168,105480192,6,foundryc,S (sleeping),learner.bnsdq.ozxfs.fkiya.kvugl,0.0
1759316203,48098,48097,1001,1001,1001,1001,1001,1001,1001,1001,172527616,172527616,3739648,1056768,20037632,1,(sd-pam),S (sleeping),learner.bnsdq.ozxfs.fkiya.kvugl,0.0
1759316203,48212,48180,0,0,0,0,0,0,0,0,4386816,4386816,577536,135168,180224,1,tee,S (sleeping),learner.bnsdq.ozxfs.fkiya.kvugl,0.0
1759316203,48211,48180,0,0,0,0,0,0,0,0,3614457856,3313324032,1380356096,147456,1610215424,17,python3,S (sleeping),learner.bnsdq.ozxfs.fkiya.kvugl,170.3492191184169
1759316203,50705,1,0,0,0,0,0,0,0,0,6979584,6979584,3252224,135168,278528,1,bash,S (sleeping),learner.bnsdq.ozxfs.fkiya.kvugl,0.0
1759316203,50708,1,0,0,0,0,0,0,0,0,6979584,6979584,3227648,135168,278528,1,bash,S (sleeping),learner.bnsdq.ozxfs.fkiya.kvugl,0.0
1759316203,47452,2,0,0,0,0,0,0,0,0,N/A,N/A,N/A,N/A,N/A,1,kworker/2,I (idle),learner.bnsdq.ozxfs.fkiya.kvugl,0.00890647111234408
1759316203,48138,2,0,0,0,0,0,0,0,0,N/A,N/A,N/A,N/A,N/A,1,kworker/u8,I (idle),learner.bnsdq.ozxfs.fkiya.kvugl,0.0
1759316203,50728,50708,0,0,0,0,0,0,0,0,5492736,5492736,581632,135168,180224,1,sleep,S (sleeping),learner.bnsdq.ozxfs.fkiya.kvugl,0.0
1759316203,50732,50703,0,0,0,0,0,0,0,0,5492736,5492736,512000,135168,180224,1,sleep,S (sleeping),learner.bnsdq.ozxfs.fkiya.kvugl,0.0
1759316203,50721,1,101,101,101,101,102,102,102,102,16568320,16568320,7434240,135168,630784,1,systemd-network,S (sleeping),learner.bnsdq.ozxfs.fkiya.kvugl,1.9554590404938408
1759316203,48128,48127,0,0,0,0,0,0,0,0,1448742912,1382223872,65024000,135168,177422336,9,docker,S (sleeping),learner.bnsdq.ozxfs.fkiya.kvugl,0.04505589217091818
1759316203,50731,50698,0,0,0,0,0,0,0,0,5492736,5492736,516096,135168,180224,1,sleep,S (sleeping),learner.bnsdq.ozxfs.fkiya.kvugl,0.0
1759316203,48139,2,0,0,0,0,0,0,0,0,N/A,N/A,N/A,N/A,N/A,1,kworker/u8,I (idle),learner.bnsdq.ozxfs.fkiya.kvugl,0.0
1759316203,48135,2,0,0,0,0,0,0,0,0,N/A,N/A,N/A,N/A,N/A,1,kworker/u8,I (idle),learner.bnsdq.ozxfs.fkiya.kvugl,0.0
1759316203,48180,48160,0,0,0,0,0,0,0,0,5939200,5926912,3379200,135168,307200,1,bash,S (sleeping),learner.bnsdq.ozxfs.fkiya.kvugl,0.022655401267397166
1759316203,43084,2,0,0,0,0,0,0,0,0,N/A,N/A,N/A,N/A,N/A,1,kworker/0,I (idle),learner.bnsdq.ozxfs.fkiya.kvugl,0.073646241090201
1759316203,48097,1,1001,1001,1001,1001,1001,1001,1001,1001,15548416,15515648,8888320,135168,733184,1,systemd,S (sleeping),learner.bnsdq.ozxfs.fkiya.kvugl,0.04505546686998999
1759316203,43195,1,0,0,0,0,0,0,0,0,1799233536,1732124672,26415104,135168,99774464,7,discern-interfa,S (sleeping),learner.bnsdq.ozxfs.fkiya.kvugl,0.0038200072651982824
1759316203,47259,2,0,0,0,0,0,0,0,0,N/A,N/A,N/A,N/A,N/A,1,kworker/1,I (idle),learner.bnsdq.ozxfs.fkiya.kvugl,0.0
1759316203,48041,2,0,0,0,0,0,0,0,0,N/A,N/A,N/A,N/A,N/A,1,kworker/1,I (idle),learner.bnsdq.ozxfs.fkiya.kvugl,0.010955317579450428
1759316203,48126,48115,1001,1001,1001,1001,1001,1001,1001,1001,6979584,6979584,3268608,135168,278528,1,bash,S (sleeping),learner.bnsdq.ozxfs.fkiya.kvugl,0.0
1759316203,50703,1,0,0,0,0,0,0,0,0,6979584,6979584,3350528,135168,278528,1,bash,S (sleeping),learner.bnsdq.ozxfs.fkiya.kvugl,0.0
1759316203,48136,2,0,0,0,0,0,0,0,0,N/A,N/A,N/A,N/A,N/A,1,kworker/u8,I (idle),learner.bnsdq.ozxfs.fkiya.kvugl,0.011263761181451956
1759316203,48137,2,0,0,0,0,0,0,0,0,N/A,N/A,N/A,N/A,N/A,1,kworker/u8,I (idle),learner.bnsdq.ozxfs.fkiya.kvugl,0.011263744841843833
1759316203,50730,50711,0,0,0,0,0,0,0,0,5492736,5492736,516096,135168,180224,1,sleep,S (sleeping),learner.bnsdq.ozxfs.fkiya.kvugl,0.0
1759316203,43214,2,0,0,0,0,0,0,0,0,N/A,N/A,N/A,N/A,N/A,1,kworker/3,I (idle),learner.bnsdq.ozxfs.fkiya.kvugl,0.009586599208835976
1759316203,50698,1,0,0,0,0,0,0,0,0,6979584,6979584,3366912,135168,278528,1,bash,S (sleeping),learner.bnsdq.ozxfs.fkiya.kvugl,0.0
1759316203,43087,2,0,0,0,0,0,0,0,0,N/A,N/A,N/A,N/A,N/A,1,kworker/2,I (idle),learner.bnsdq.ozxfs.fkiya.kvugl,0.06231565819970867
1759316203,48094,2699,0,0,0,0,0,0,0,0,15106048,15069184,9199616,135168,1175552,1,sshd,S (sleeping),learner.bnsdq.ozxfs.fkiya.kvugl,0.005631828676607021
1759316203,50729,50705,0,0,0,0,0,0,0,0,5492736,5492736,512000,135168,180224,1,sleep,S (sleeping),learner.bnsdq.ozxfs.fkiya.kvugl,0.0
1759316203,48115,48094,1001,1001,1001,1001,1001,1001,1001,1001,15069184,15069184,6053888,135168,1175552,1,sshd,S (sleeping),learner.bnsdq.ozxfs.fkiya.kvugl,0.0
1759316203,50711,1,0,0,0,0,0,0,0,0,6979584,6979584,3325952,135168,278528,1,bash,S (sleeping),learner.bnsdq.ozxfs.fkiya.kvugl,0.0
1759316208,48097,1,1001,1001,1001,1001,1001,1001,1001,1001,15548416,15515648,8888320,135168,733184,1,systemd,S (sleeping),learner.bnsdq.ozxfs.fkiya.kvugl,0.04379195359903348
1759316208,48098,48097,1001,1001,1001,1001,1001,1001,1001,1001,172527616,172527616,3739648,1056768,20037632,1,(sd-pam),S (sleeping),learner.bnsdq.ozxfs.fkiya.kvugl,0.0
1759316208,50825,2,0,0,0,0,0,0,0,0,N/A,N/A,N/A,N/A,N/A,1,kworker/0,I (idle),learner.bnsdq.ozxfs.fkiya.kvugl,0.0
1759316208,43084,2,0,0,0,0,0,0,0,0,N/A,N/A,N/A,N/A,N/A,1,kworker/0,I (idle),learner.bnsdq.ozxfs.fkiya.kvugl,0.07481071224245017
1759316208,48138,2,0,0,0,0,0,0,0,0,N/A,N/A,N/A,N/A,N/A,1,kworker/u8,I (idle),learner.bnsdq.ozxfs.fkiya.kvugl,0.0
1759316208,48094,2699,0,0,0,0,0,0,0,0,15106048,15069184,9199616,135168,1175552,1,sshd,S (sleeping),learner.bnsdq.ozxfs.fkiya.kvugl,0.005473951001856331
1759316208,47259,2,0,0,0,0,0,0,0,0,N/A,N/A,N/A,N/A,N/A,1,kworker/1,I (idle),learner.bnsdq.ozxfs.fkiya.kvugl,0.0
1759316208,50785,1,101,101,101,101,102,102,102,102,16568320,16568320,7573504,135168,630784,1,systemd-network,S (sleeping),learner.bnsdq.ozxfs.fkiya.kvugl,1.8629332654400967
1759316208,50797,241,0,0,0,0,0,0,0,0,23040000,21975040,4083712,135168,724992,1,systemd-udevd,S (sleeping),learner.bnsdq.ozxfs.fkiya.kvugl,0.0
1759316208,48139,2,0,0,0,0,0,0,0,0,N/A,N/A,N/A,N/A,N/A,1,kworker/u8,I (idle),learner.bnsdq.ozxfs.fkiya.kvugl,0.0
1759316208,43214,2,0,0,0,0,0,0,0,0,N/A,N/A,N/A,N/A,N/A,1,kworker/3,I (idle),learner.bnsdq.ozxfs.fkiya.kvugl,0.011392013996850312
1759316208,48137,2,0,0,0,0,0,0,0,0,N/A,N/A,N/A,N/A,N/A,1,kworker/u8,I (idle),learner.bnsdq.ozxfs.fkiya.kvugl,0.010947806088143665
1759316208,48126,48115,1001,1001,1001,1001,1001,1001,1001,1001,6979584,6979584,3268608,135168,278528,1,bash,S (sleeping),learner.bnsdq.ozxfs.fkiya.kvugl,0.0
1759316208,48128,48127,0,0,0,0,0,0,0,0,1448742912,1382223872,65024000,135168,177422336,9,docker,S (sleeping),learner.bnsdq.ozxfs.fkiya.kvugl,0.04379108679508631
1759316208,48127,48126,1001,0,0,0,0,0,0,0,11055104,11034624,5169152,135168,659456,1,sudo,S (sleeping),learner.bnsdq.ozxfs.fkiya.kvugl,0.0
1759316208,48211,48180,0,0,0,0,0,0,0,0,3614457856,3313324032,1380356096,147456,1610215424,17,python3,S (sleeping),learner.bnsdq.ozxfs.fkiya.kvugl,169.3139653518774
1759316208,48136,2,0,0,0,0,0,0,0,0,N/A,N/A,N/A,N/A,N/A,1,kworker/u8,I (idle),learner.bnsdq.ozxfs.fkiya.kvugl,0.010947722104671655
1759316208,48212,48180,0,0,0,0,0,0,0,0,4386816,4386816,577536,135168,180224,1,tee,S (sleeping),learner.bnsdq.ozxfs.fkiya.kvugl,0.0
1759316208,43195,1,0,0,0,0,0,0,0,0,1799233536,1732124672,26415104,135168,99774464,7,discern-interfa,S (sleeping),learner.bnsdq.ozxfs.fkiya.kvugl,0.0037829567039563785
1759316208,47452,2,0,0,0,0,0,0,0,0,N/A,N/A,N/A,N/A,N/A,1,kworker/2,I (idle),learner.bnsdq.ozxfs.fkiya.kvugl,0.008707493335244678
1759316208,48041,2,0,0,0,0,0,0,0,0,N/A,N/A,N/A,N/A,N/A,1,kworker/1,I (idle),learner.bnsdq.ozxfs.fkiya.kvugl,0.01598402093019488
1759316208,48115,48094,1001,1001,1001,1001,1001,1001,1001,1001,15069184,15069184,6053888,135168,1175552,1,sshd,S (sleeping),learner.bnsdq.ozxfs.fkiya.kvugl,0.0
1759316208,48160,1,0,0,0,0,0,0,0,0,1562157056,1562157056,14106624,135168,200482816,12,containerd-shim,S (sleeping),learner.bnsdq.ozxfs.fkiya.kvugl,0.016421391627894185
1759316208,48135,2,0,0,0,0,0,0,0,0,N/A,N/A,N/A,N/A,N/A,1,kworker/u8,I (idle),learner.bnsdq.ozxfs.fkiya.kvugl,0.0
1759316208,48180,48160,0,0,0,0,0,0,0,0,5939200,5926912,3379200,135168,307200,1,bash,S (sleeping),learner.bnsdq.ozxfs.fkiya.kvugl,0.022015637432722456
1759316208,43087,2,0,0,0,0,0,0,0,0,N/A,N/A,N/A,N/A,N/A,1,kworker/2,I (idle),learner.bnsdq.ozxfs.fkiya.kvugl,0.06171808562721902
1759316213,48126,48115,1001,1001,1001,1001,1001,1001,1001,1001,6979584,6979584,3268608,135168,278528,1,bash,S (sleeping),learner.bnsdq.ozxfs.fkiya.kvugl,0.0
1759316213,48135,2,0,0,0,0,0,0,0,0,N/A,N/A,N/A,N/A,N/A,1,kworker/u8,I (idle),learner.bnsdq.ozxfs.fkiya.kvugl,0.0
1759316213,50871,50836,0,0,0,0,0,0,0,0,5492736,5492736,520192,135168,180224,1,sleep,S (sleeping),learner.bnsdq.ozxfs.fkiya.kvugl,0.0
1759316213,47452,2,0,0,0,0,0,0,0,0,N/A,N/A,N/A,N/A,N/A,1,kworker/2,I (idle),learner.bnsdq.ozxfs.fkiya.kvugl,0.008518854975721909
1759316213,48097,1,1001,1001,1001,1001,1001,1001,1001,1001,15548416,15515648,8888320,135168,733184,1,systemd,S (sleeping),learner.bnsdq.ozxfs.fkiya.kvugl,0.04260451239254505
1759316213,48180,48160,0,0,0,0,0,0,0,0,5939200,5926912,3379200,135168,307200,1,bash,S (sleeping),learner.bnsdq.ozxfs.fkiya.kvugl,0.02141629186791992
1759316213,48160,1,0,0,0,0,0,0,0,0,1562157056,1562157056,14106624,135168,200482816,12,containerd-shim,S (sleeping),learner.bnsdq.ozxfs.fkiya.kvugl,0.015976664955138508
1759316213,48136,2,0,0,0,0,0,0,0,0,N/A,N/A,N/A,N/A,N/A,1,kworker/u8,I (idle),learner.bnsdq.ozxfs.fkiya.kvugl,0.01065110011877868
1759316213,50839,1,0,0,0,0,0,0,0,0,6979584,6979584,3239936,135168,278528,1,bash,S (sleeping),learner.bnsdq.ozxfs.fkiya.kvugl,0.0
1759316213,43087,2,0,0,0,0,0,0,0,0,N/A,N/A,N/A,N/A,N/A,1,kworker/2,I (idle),learner.bnsdq.ozxfs.fkiya.kvugl,0.06113665472958684
1759316213,48098,48097,1001,1001,1001,1001,1001,1001,1001,1001,172527616,172527616,3739648,1056768,20037632,1,(sd-pam),S (sleeping),learner.bnsdq.ozxfs.fkiya.kvugl,0.0
1759316213,48139,2,0,0,0,0,0,0,0,0,N/A,N/A,N/A,N/A,N/A,1,kworker/u8,I (idle),learner.bnsdq.ozxfs.fkiya.kvugl,0.0
1759316213,48115,48094,1001,1001,1001,1001,1001,1001,1001,1001,15069184,15069184,6053888,135168,1175552,1,sshd,S (sleeping),learner.bnsdq.ozxfs.fkiya.kvugl,0.0
1759316213,50870,50839,0,0,0,0,0,0,0,0,5492736,5492736,512000,135168,180224,1,sleep,S (sleeping),learner.bnsdq.ozxfs.fkiya.kvugl,0.0
1759316213,50836,1,0,0,0,0,0,0,0,0,6979584,6979584,3276800,135168,278528,1,bash,S (sleeping),learner.bnsdq.ozxfs.fkiya.kvugl,0.0
1759316213,48137,2,0,0,0,0,0,0,0,0,N/A,N/A,N/A,N/A,N/A,1,kworker/u8,I (idle),learner.bnsdq.ozxfs.fkiya.kvugl,0.010650996682276623
1759316213,48138,2,0,0,0,0,0,0,0,0,N/A,N/A,N/A,N/A,N/A,1,kworker/u8,I (idle),learner.bnsdq.ozxfs.fkiya.kvugl,0.0
1759316213,50831,1,0,0,0,0,0,0,0,0,6979584,6979584,3289088,135168,278528,1,bash,S (sleeping),learner.bnsdq.ozxfs.fkiya.kvugl,0.0
1759316213,48127,48126,1001,0,0,0,0,0,0,0,11055104,11034624,5169152,135168,659456,1,sudo,S (sleeping),learner.bnsdq.ozxfs.fkiya.kvugl,0.0
1759316213,43195,1,0,0,0,0,0,0,0,0,1799233536,1732124672,26415104,135168,99774464,7,discern-interfa,S (sleeping),learner.bnsdq.ozxfs.fkiya.kvugl,0.0037468856750394585
1759316213,50825,2,0,0,0,0,0,0,0,0,N/A,N/A,N/A,N/A,N/A,1,kworker/0,I (idle),learner.bnsdq.ozxfs.fkiya.kvugl,0.0
1759316213,48094,2699,0,0,0,0,0,0,0,0,15106048,15069184,9199616,135168,1175552,1,sshd,S (sleeping),learner.bnsdq.ozxfs.fkiya.kvugl,0.005325468618309473
1759316213,43214,2,0,0,0,0,0,0,0,0,N/A,N/A,N/A,N/A,N/A,1,kworker/3,I (idle),learner.bnsdq.ozxfs.fkiya.kvugl,0.011282921122549958
1759316213,48041,2,0,0,0,0,0,0,0,0,N/A,N/A,N/A,N/A,N/A,1,kworker/1,I (idle),learner.bnsdq.ozxfs.fkiya.kvugl,0.01556199156137396
1759316213,50827,1,0,0,0,0,0,0,0,0,6979584,6979584,3227648,135168,278528,1,bash,S (sleeping),learner.bnsdq.ozxfs.fkiya.kvugl,0.0
1759316213,50868,50833,0,0,0,0,0,0,0,0,5492736,5492736,581632,135168,180224,1,sleep,S (sleeping),learner.bnsdq.ozxfs.fkiya.kvugl,0.0
1759316213,50867,50827,0,0,0,0,0,0,0,0,5492736,5492736,516096,135168,180224,1,sleep,S (sleeping),learner.bnsdq.ozxfs.fkiya.kvugl,0.0
1759316213,50850,1,101,101,101,101,102,102,102,102,16568320,16568320,7405568,135168,630784,1,systemd-network,S (sleeping),learner.bnsdq.ozxfs.fkiya.kvugl,1.3232796624608514
1759316213,43084,2,0,0,0,0,0,0,0,0,N/A,N/A,N/A,N/A,N/A,1,kworker/0,I (idle),learner.bnsdq.ozxfs.fkiya.kvugl,0.07410444321089556
1759316213,50869,50831,0,0,0,0,0,0,0,0,5492736,5492736,512000,135168,180224,1,sleep,S (sleeping),learner.bnsdq.ozxfs.fkiya.kvugl,0.0
1759316213,48211,48180,0,0,0,0,0,0,0,0,3614457856,3313324032,1380356096,147456,1610215424,17,python3,S (sleeping),learner.bnsdq.ozxfs.fkiya.kvugl,168.51996767835354
1759316213,48212,48180,0,0,0,0,0,0,0,0,4386816,4386816,577536,135168,180224,1,tee,S (sleeping),learner.bnsdq.ozxfs.fkiya.kvugl,0.0
1759316213,47259,2,0,0,0,0,0,0,0,0,N/A,N/A,N/A,N/A,N/A,1,kworker/1,I (idle),learner.bnsdq.ozxfs.fkiya.kvugl,0.0
1759316213,50833,1,0,0,0,0,0,0,0,0,6979584,6979584,3145728,135168,278528,1,bash,S (sleeping),learner.bnsdq.ozxfs.fkiya.kvugl,0.0
1759316213,48128,48127,0,0,0,0,0,0,0,0,1448742912,1382223872,65024000,135168,177422336,9,docker,S (sleeping),learner.bnsdq.ozxfs.fkiya.kvugl,0.042603097902636576
1759316213,50826,1,0,0,0,0,0,0,0,0,728399872,728399872,7860224,135168,105480192,6,foundryc,S (sleeping),learner.bnsdq.ozxfs.fkiya.kvugl,0.0
1759316218,48180,48160,0,0,0,0,0,0,0,0,5939200,5926912,3379200,135168,307200,1,bash,S (sleeping),learner.bnsdq.ozxfs.fkiya.kvugl,0.020844841454913797
1759316218,47452,2,0,0,0,0,0,0,0,0,N/A,N/A,N/A,N/A,N/A,1,kworker/2,I (idle),learner.bnsdq.ozxfs.fkiya.kvugl,0.008337007985973888
1759316218,43084,2,0,0,0,0,0,0,0,0,N/A,N/A,N/A,N/A,N/A,1,kworker/0,I (idle),learner.bnsdq.ozxfs.fkiya.kvugl,0.07340871312673648
1759316218,43195,1,0,0,0,0,0,0,0,0,1799233536,1732124672,26415104,135168,99774464,7,discern-interfa,S (sleeping),learner.bnsdq.ozxfs.fkiya.kvugl,0.003711300401464136
1759316218,48127,48126,1001,0,0,0,0,0,0,0,11055104,11034624,5169152,135168,659456,1,sudo,S (sleeping),learner.bnsdq.ozxfs.fkiya.kvugl,0.0
1759316218,47259,2,0,0,0,0,0,0,0,0,N/A,N/A,N/A,N/A,N/A,1,kworker/1,I (idle),learner.bnsdq.ozxfs.fkiya.kvugl,0.0
1759316218,48128,48127,0,0,0,0,0,0,0,0,1448742912,1382223872,65024000,135168,177422336,9,docker,S (sleeping),learner.bnsdq.ozxfs.fkiya.kvugl,0.041473261705489324
1759316218,48097,1,1001,1001,1001,1001,1001,1001,1001,1001,15548416,15515648,8888320,135168,733184,1,systemd,S (sleeping),learner.bnsdq.ozxfs.fkiya.kvugl,0.041473212988666165
1759316218,48098,48097,1001,1001,1001,1001,1001,1001,1001,1001,172527616,172527616,3739648,1056768,20037632,1,(sd-pam),S (sleeping),learner.bnsdq.ozxfs.fkiya.kvugl,0.0
1759316218,48137,2,0,0,0,0,0,0,0,0,N/A,N/A,N/A,N/A,N/A,1,kworker/u8,I (idle),learner.bnsdq.ozxfs.fkiya.kvugl,0.010368227624241126
1759316218,50926,241,0,0,0,0,0,0,0,0,23040000,21975040,4087808,135168,724992,1,systemd-udevd,S (sleeping),learner.bnsdq.ozxfs.fkiya.kvugl,0.0
1759316218,48160,1,0,0,0,0,0,0,0,0,1562157056,1562157056,14106624,135168,200482816,12,containerd-shim,S (sleeping),learner.bnsdq.ozxfs.fkiya.kvugl,0.015552304873686772
1759316218,48094,2699,0,0,0,0,0,0,0,0,15106048,15069184,9199616,135168,1175552,1,sshd,S (sleeping),learner.bnsdq.ozxfs.fkiya.kvugl,0.005184095719990082
1759316218,43087,2,0,0,0,0,0,0,0,0,N/A,N/A,N/A,N/A,N/A,1,kworker/2,I (idle),learner.bnsdq.ozxfs.fkiya.kvugl,0.06239701095846657
1759316218,48041,2,0,0,0,0,0,0,0,0,N/A,N/A,N/A,N/A,N/A,1,kworker/1,I (idle),learner.bnsdq.ozxfs.fkiya.kvugl,0.015159317275583954
1759316218,48126,48115,1001,1001,1001,1001,1001,1001,1001,1001,6979584,6979584,3268608,135168,278528,1,bash,S (sleeping),learner.bnsdq.ozxfs.fkiya.kvugl,0.0
1759316218,50825,2,0,0,0,0,0,0,0,0,N/A,N/A,N/A,N/A,N/A,1,kworker/0,I (idle),learner.bnsdq.ozxfs.fkiya.kvugl,0.0
1759316218,48135,2,0,0,0,0,0,0,0,0,N/A,N/A,N/A,N/A,N/A,1,kworker/u8,I (idle),learner.bnsdq.ozxfs.fkiya.kvugl,0.0
1759316218,48115,48094,1001,1001,1001,1001,1001,1001,1001,1001,15069184,15069184,6053888,135168,1175552,1,sshd,S (sleeping),learner.bnsdq.ozxfs.fkiya.kvugl,0.0
1759316218,48138,2,0,0,0,0,0,0,0,0,N/A,N/A,N/A,N/A,N/A,1,kworker/u8,I (idle),learner.bnsdq.ozxfs.fkiya.kvugl,0.0
1759316218,48212,48180,0,0,0,0,0,0,0,0,4386816,4386816,577536,135168,180224,1,tee,S (sleeping),learner.bnsdq.ozxfs.fkiya.kvugl,0.0
1759316218,48211,48180,0,0,0,0,0,0,0,0,3614457856,3313324032,1380356096,147456,1610215424,17,python3,S (sleeping),learner.bnsdq.ozxfs.fkiya.kvugl,167.9627026612367
1759316218,48136,2,0,0,0,0,0,0,0,0,N/A,N/A,N/A,N/A,N/A,1,kworker/u8,I (idle),learner.bnsdq.ozxfs.fkiya.kvugl,0.015552105327462942
1759316218,48139,2,0,0,0,0,0,0,0,0,N/A,N/A,N/A,N/A,N/A,1,kworker/u8,I (idle),learner.bnsdq.ozxfs.fkiya.kvugl,0.0
1759316218,43214,2,0,0,0,0,0,0,0,0,N/A,N/A,N/A,N/A,N/A,1,kworker/3,I (idle),learner.bnsdq.ozxfs.fkiya.kvugl,0.011175258259576501
1759316218,50914,1,101,101,101,101,102,102,102,102,16568320,16568320,7528448,135168,630784,1,systemd-network,S (sleeping),learner.bnsdq.ozxfs.fkiya.kvugl,1.2818627134724754
1759316224,48136,2,0,0,0,0,0,0,0,0,N/A,N/A,N/A,N/A,N/A,1,kworker/u8,I (idle),learner.bnsdq.ozxfs.fkiya.kvugl,0.015151350739463916
1759316224,43084,2,0,0,0,0,0,0,0,0,N/A,N/A,N/A,N/A,N/A,1,kworker/0,I (idle),learner.bnsdq.ozxfs.fkiya.kvugl,0.07272695007257196
1759316224,48094,2699,0,0,0,0,0,0,0,0,15106048,15069184,9199616,135168,1175552,1,sshd,S (sleeping),learner.bnsdq.ozxfs.fkiya.kvugl,0.005050435282185106
1759316224,51004,50961,0,0,0,0,0,0,0,0,5492736,5492736,581632,135168,180224,1,sleep,S (sleeping),learner.bnsdq.ozxfs.fkiya.kvugl,0.0
1759316224,50961,1,0,0,0,0,0,0,0,0,6979584,6979584,3297280,135168,278528,1,bash,S (sleeping),learner.bnsdq.ozxfs.fkiya.kvugl,0.0
1759316224,48137,2,0,0,0,0,0,0,0,0,N/A,N/A,N/A,N/A,N/A,1,kworker/u8,I (idle),learner.bnsdq.ozxfs.fkiya.kvugl,0.015151233606471429
1759316224,48180,48160,0,0,0,0,0,0,0,0,5939200,5926912,3379200,135168,307200,1,bash,S (sleeping),learner.bnsdq.ozxfs.fkiya.kvugl,0.02030415972314238
1759316224,50825,2,0,0,0,0,0,0,0,0,N/A,N/A,N/A,N/A,N/A,1,kworker/0,I (idle),learner.bnsdq.ozxfs.fkiya.kvugl,0.0
1759316224,51003,50958,0,0,0,0,0,0,0,0,5492736,5492736,516096,135168,180224,1,sleep,S (sleeping),learner.bnsdq.ozxfs.fkiya.kvugl,0.0
1759316224,47452,2,0,0,0,0,0,0,0,0,N/A,N/A,N/A,N/A,N/A,1,kworker/2,I (idle),learner.bnsdq.ozxfs.fkiya.kvugl,0.008163105554546572
1759316224,48139,2,0,0,0,0,0,0,0,0,N/A,N/A,N/A,N/A,N/A,1,kworker/u8,I (idle),learner.bnsdq.ozxfs.fkiya.kvugl,0.0
1759316224,51007,50962,0,0,0,0,0,0,0,0,5492736,5492736,581632,135168,180224,1,sleep,S (sleeping),learner.bnsdq.ozxfs.fkiya.kvugl,0.0
1759316224,48211,48180,0,0,0,0,0,0,0,0,3614457856,3314786304,1380356096,147456,1611677696,17,python3,S (sleeping),learner.bnsdq.ozxfs.fkiya.kvugl,167.63985870257125
1759316224,51005,50953,0,0,0,0,0,0,0,0,5492736,5492736,577536,135168,180224,1,sleep,S (sleeping),learner.bnsdq.ozxfs.fkiya.kvugl,0.0
1759316224,47259,2,0,0,0,0,0,0,0,0,N/A,N/A,N/A,N/A,N/A,1,kworker/1,I (idle),learner.bnsdq.ozxfs.fkiya.kvugl,0.0
1759316224,48127,48126,1001,0,0,0,0,0,0,0,11055104,11034624,5169152,135168,659456,1,sudo,S (sleeping),learner.bnsdq.ozxfs.fkiya.kvugl,0.0
1759316224,48126,48115,1001,1001,1001,1001,1001,1001,1001,1001,6979584,6979584,3268608,135168,278528,1,bash,S (sleeping),learner.bnsdq.ozxfs.fkiya.kvugl,0.0
1759316224,50958,1,0,0,0,0,0,0,0,0,6979584,6979584,3215360,135168,278528,1,bash,S (sleeping),learner.bnsdq.ozxfs.fkiya.kvugl,0.0
1759316224,48135,2,0,0,0,0,0,0,0,0,N/A,N/A,N/A,N/A,N/A,1,kworker/u8,I (idle),learner.bnsdq.ozxfs.fkiya.kvugl,0.0
1759316224,48097,1,1001,1001,1001,1001,1001,1001,1001,1001,15548416,15515648,8888320,135168,733184,1,systemd,S (sleeping),learner.bnsdq.ozxfs.fkiya.kvugl,0.040402475336618136
1759316224,43087,2,0,0,0,0,0,0,0,0,N/A,N/A,N/A,N/A,N/A,1,kworker/2,I (idle),learner.bnsdq.ozxfs.fkiya.kvugl,0.06181729054255611
1759316224,51006,50959,0,0,0,0,0,0,0,0,5492736,5492736,577536,135168,180224,1,sleep,S (sleeping),learner.bnsdq.ozxfs.fkiya.kvugl,0.0
1759316224,48041,2,0,0,0,0,0,0,0,0,N/A,N/A,N/A,N/A,N/A,1,kworker/1,I (idle),learner.bnsdq.ozxfs.fkiya.kvugl,0.014777622696884339
1759316224,50959,1,0,0,0,0,0,0,0,0,6979584,6979584,3334144,135168,278528,1,bash,S (sleeping),learner.bnsdq.ozxfs.fkiya.kvugl,0.0
1759316224,43214,2,0,0,0,0,0,0,0,0,N/A,N/A,N/A,N/A,N/A,1,kworker/3,I (idle),learner.bnsdq.ozxfs.fkiya.kvugl,0.011069901596486745
1759316224,48160,1,0,0,0,0,0,0,0,0,1562157056,1562157056,14106624,135168,200482816,12,containerd-shim,S (sleeping),learner.bnsdq.ozxfs.fkiya.kvugl,0.015150707432638934
1759316224,50952,1,0,0,0,0,0,0,0,0,728399872,728399872,9961472,135168,105480192,6,foundryc,S (sleeping),learner.bnsdq.ozxfs.fkiya.kvugl,0.0
1759316224,50976,1,101,101,101,101,102,102,102,102,16568320,16568320,7442432,135168,630784,1,systemd-network,S (sleeping),learner.bnsdq.ozxfs.fkiya.kvugl,1.2464945516180614
1759316224,48212,48180,0,0,0,0,0,0,0,0,4386816,4386816,577536,135168,180224,1,tee,S (sleeping),learner.bnsdq.ozxfs.fkiya.kvugl,0.0
1759316224,48138,2,0,0,0,0,0,0,0,0,N/A,N/A,N/A,N/A,N/A,1,kworker/u8,I (idle),learner.bnsdq.ozxfs.fkiya.kvugl,0.0
1759316224,48115,48094,1001,1001,1001,1001,1001,1001,1001,1001,15069184,15069184,6053888,135168,1175552,1,sshd,S (sleeping),learner.bnsdq.ozxfs.fkiya.kvugl,0.0
1759316224,48128,48127,0,0,0,0,0,0,0,0,1448742912,1382223872,65024000,135168,177422336,9,docker,S (sleeping),learner.bnsdq.ozxfs.fkiya.kvugl,0.04040149750909738
1759316224,50962,1,0,0,0,0,0,0,0,0,6979584,6979584,3330048,135168,278528,1,bash,S (sleeping),learner.bnsdq.ozxfs.fkiya.kvugl,0.0
1759316224,48098,48097,1001,1001,1001,1001,1001,1001,1001,1001,172527616,172527616,3739648,1056768,20037632,1,(sd-pam),S (sleeping),learner.bnsdq.ozxfs.fkiya.kvugl,0.0
1759316224,43195,1,0,0,0,0,0,0,0,0,1799233536,1732124672,26415104,135168,99774464,7,discern-interfa,S (sleeping),learner.bnsdq.ozxfs.fkiya.kvugl,0.0036763800304394512
1759316224,50953,1,0,0,0,0,0,0,0,0,6979584,6979584,3248128,135168,278528,1,bash,S (sleeping),learner.bnsdq.ozxfs.fkiya.kvugl,0.0
1759316229,48094,2699,0,0,0,0,0,0,0,0,15106048,15069184,9199616,135168,1175552,1,sshd,S (sleeping),learner.bnsdq.ozxfs.fkiya.kvugl,0.004921747832654675
1759316229,48127,48126,1001,0,0,0,0,0,0,0,11055104,11034624,5169152,135168,659456,1,sudo,S (sleeping),learner.bnsdq.ozxfs.fkiya.kvugl,0.0
1759316229,48136,2,0,0,0,0,0,0,0,0,N/A,N/A,N/A,N/A,N/A,1,kworker/u8,I (idle),learner.bnsdq.ozxfs.fkiya.kvugl,0.014765207240117548
1759316229,43214,2,0,0,0,0,0,0,0,0,N/A,N/A,N/A,N/A,N/A,1,kworker/3,I (idle),learner.bnsdq.ozxfs.fkiya.kvugl,0.010965301713893098
1759316229,43087,2,0,0,0,0,0,0,0,0,N/A,N/A,N/A,N/A,N/A,1,kworker/2,I (idle),learner.bnsdq.ozxfs.fkiya.kvugl,0.06124131306292286
1759316229,48097,1,1001,1001,1001,1001,1001,1001,1001,1001,15548416,15515648,8888320,135168,733184,1,systemd,S (sleeping),learner.bnsdq.ozxfs.fkiya.kvugl,0.039373756931313716
1759316229,48098,48097,1001,1001,1001,1001,1001,1001,1001,1001,172527616,172527616,3739648,1056768,20037632,1,(sd-pam),S (sleeping),learner.bnsdq.ozxfs.fkiya.kvugl,0.0
1759316229,48115,48094,1001,1001,1001,1001,1001,1001,1001,1001,15069184,15069184,6053888,135168,1175552,1,sshd,S (sleeping),learner.bnsdq.ozxfs.fkiya.kvugl,0.0
1759316229,51040,1,101,101,101,101,102,102,102,102,16568320,16568320,7561216,135168,630784,1,systemd-network,S (sleeping),learner.bnsdq.ozxfs.fkiya.kvugl,1.195471795281155
1759316229,43195,1,0,0,0,0,0,0,0,0,1799233536,1732124672,26415104,135168,99774464,7,discern-interfa,S (sleeping),learner.bnsdq.ozxfs.fkiya.kvugl,0.003641772329068582
1759316229,48212,48180,0,0,0,0,0,0,0,0,4386816,4386816,577536,135168,180224,1,tee,S (sleeping),learner.bnsdq.ozxfs.fkiya.kvugl,0.0
1759316229,47259,2,0,0,0,0,0,0,0,0,N/A,N/A,N/A,N/A,N/A,1,kworker/1,I (idle),learner.bnsdq.ozxfs.fkiya.kvugl,0.0
1759316229,47452,2,0,0,0,0,0,0,0,0,N/A,N/A,N/A,N/A,N/A,1,kworker/2,I (idle),learner.bnsdq.ozxfs.fkiya.kvugl,0.007994115509030397
1759316229,48128,48127,0,0,0,0,0,0,0,0,1448742912,1382223872,65024000,135168,177422336,9,docker,S (sleeping),learner.bnsdq.ozxfs.fkiya.kvugl,0.03937312137910597
1759316229,48135,2,0,0,0,0,0,0,0,0,N/A,N/A,N/A,N/A,N/A,1,kworker/u8,I (idle),learner.bnsdq.ozxfs.fkiya.kvugl,0.0
1759316229,43084,2,0,0,0,0,0,0,0,0,N/A,N/A,N/A,N/A,N/A,1,kworker/0,I (idle),learner.bnsdq.ozxfs.fkiya.kvugl,0.0720480771108895
1759316229,48139,2,0,0,0,0,0,0,0,0,N/A,N/A,N/A,N/A,N/A,1,kworker/u8,I (idle),learner.bnsdq.ozxfs.fkiya.kvugl,0.0
1759316229,48180,48160,0,0,0,0,0,0,0,0,5939200,5926912,3379200,135168,307200,1,bash,S (sleeping),learner.bnsdq.ozxfs.fkiya.kvugl,0.0197838252564846
1759316229,48137,2,0,0,0,0,0,0,0,0,N/A,N/A,N/A,N/A,N/A,1,kworker/u8,I (idle),learner.bnsdq.ozxfs.fkiya.kvugl,0.014764820832751805
1759316229,48138,2,0,0,0,0,0,0,0,0,N/A,N/A,N/A,N/A,N/A,1,kworker/u8,I (idle),learner.bnsdq.ozxfs.fkiya.kvugl,0.0
1759316229,48160,1,0,0,0,0,0,0,0,0,1562157056,1562157056,14106624,135168,200482816,12,containerd-shim,S (sleeping),learner.bnsdq.ozxfs.fkiya.kvugl,0.01476477753191519
1759316229,48126,48115,1001,1001,1001,1001,1001,1001,1001,1001,6979584,6979584,3268608,135168,278528,1,bash,S (sleeping),learner.bnsdq.ozxfs.fkiya.kvugl,0.0
1759316229,48041,2,0,0,0,0,0,0,0,0,N/A,N/A,N/A,N/A,N/A,1,kworker/1,I (idle),learner.bnsdq.ozxfs.fkiya.kvugl,0.019213519933457334
1759316229,48211,48180,0,0,0,0,0,0,0,0,3614457856,3303874560,1380356096,147456,1600765952,17,python3,S (sleeping),learner.bnsdq.ozxfs.fkiya.kvugl,167.52310953309544
1759316229,50825,2,0,0,0,0,0,0,0,0,N/A,N/A,N/A,N/A,N/A,1,kworker/0,I (idle),learner.bnsdq.ozxfs.fkiya.kvugl,0.0
1759316234,48211,48180,0,0,0,0,0,0,0,0,3614457856,3347116032,1380356096,147456,1644027904,17,python3,S (sleeping),learner.bnsdq.ozxfs.fkiya.kvugl,167.4725271621175
1759316234,51145,51090,0,0,0,0,0,0,0,0,5492736,5492736,516096,135168,180224,1,sleep,S (sleeping),learner.bnsdq.ozxfs.fkiya.kvugl,0.0
1759316234,48041,2,0,0,0,0,0,0,0,0,N/A,N/A,N/A,N/A,N/A,1,kworker/1,I (idle),learner.bnsdq.ozxfs.fkiya.kvugl,0.018753960451874035
1759316234,51094,1,0,0,0,0,0,0,0,0,6979584,6979584,3239936,135168,278528,1,bash,S (sleeping),learner.bnsdq.ozxfs.fkiya.kvugl,0.0
1759316234,51086,1,0,0,0,0,0,0,0,0,6979584,6979584,3264512,135168,278528,1,bash,S (sleeping),learner.bnsdq.ozxfs.fkiya.kvugl,0.0
1759316234,51143,51088,0,0,0,0,0,0,0,0,5492736,5492736,581632,135168,180224,1,sleep,S (sleeping),learner.bnsdq.ozxfs.fkiya.kvugl,0.0
1759316234,50825,2,0,0,0,0,0,0,0,0,N/A,N/A,N/A,N/A,N/A,1,kworker/0,I (idle),learner.bnsdq.ozxfs.fkiya.kvugl,0.0
1759316234,43084,2,0,0,0,0,0,0,0,0,N/A,N/A,N/A,N/A,N/A,1,kworker/0,I (idle),learner.bnsdq.ozxfs.fkiya.kvugl,0.0713916540201168
1759316234,43214,2,0,0,0,0,0,0,0,0,N/A,N/A,N/A,N/A,N/A,1,kworker/3,I (idle),learner.bnsdq.ozxfs.fkiya.kvugl,0.010863861857085978
1759316234,51090,1,0,0,0,0,0,0,0,0,6979584,6979584,3256320,135168,278528,1,bash,S (sleeping),learner.bnsdq.ozxfs.fkiya.kvugl,0.0
1759316234,48115,48094,1001,1001,1001,1001,1001,1001,1001,1001,15069184,15069184,6053888,135168,1175552,1,sshd,S (sleeping),learner.bnsdq.ozxfs.fkiya.kvugl,0.0
1759316234,48160,1,0,0,0,0,0,0,0,0,1562157056,1562157056,14106624,135168,200482816,12,containerd-shim,S (sleeping),learner.bnsdq.ozxfs.fkiya.kvugl,0.014402959866140869
1759316234,51081,1,0,0,0,0,0,0,0,0,6979584,6979584,3403776,135168,278528,1,bash,S (sleeping),learner.bnsdq.ozxfs.fkiya.kvugl,0.0
1759316234,48138,2,0,0,0,0,0,0,0,0,N/A,N/A,N/A,N/A,N/A,1,kworker/u8,I (idle),learner.bnsdq.ozxfs.fkiya.kvugl,0.0
1759316234,48128,48127,0,0,0,0,0,0,0,0,1448742912,1382223872,65024000,135168,177422336,9,docker,S (sleeping),learner.bnsdq.ozxfs.fkiya.kvugl,0.043208705388468605
1759316234,51144,51086,0,0,0,0,0,0,0,0,5492736,5492736,577536,135168,180224,1,sleep,S (sleeping),learner.bnsdq.ozxfs.fkiya.kvugl,0.0
1759316234,48135,2,0,0,0,0,0,0,0,0,N/A,N/A,N/A,N/A,N/A,1,kworker/u8,I (idle),learner.bnsdq.ozxfs.fkiya.kvugl,0.0
1759316234,48094,2699,0,0,0,0,0,0,0,0,15106048,15069184,9199616,135168,1175552,1,sshd,S (sleeping),learner.bnsdq.ozxfs.fkiya.kvugl,0.00480094753407853
1759316234,48127,48126,1001,0,0,0,0,0,0,0,11055104,11034624,5169152,135168,659456,1,sudo,S (sleeping),learner.bnsdq.ozxfs.fkiya.kvugl,0.0
1759316234,48137,2,0,0,0,0,0,0,0,0,N/A,N/A,N/A,N/A,N/A,1,kworker/u8,I (idle),learner.bnsdq.ozxfs.fkiya.kvugl,0.014402802742043882
1759316234,48098,48097,1001,1001,1001,1001,1001,1001,1001,1001,172527616,172527616,3739648,1056768,20037632,1,(sd-pam),S (sleeping),learner.bnsdq.ozxfs.fkiya.kvugl,0.0
1759316234,51138,51094,0,0,0,0,0,0,0,0,5492736,5492736,581632,135168,180224,1,sleep,S (sleeping),learner.bnsdq.ozxfs.fkiya.kvugl,0.0
1759316234,43195,1,0,0,0,0,0,0,0,0,1799233536,1732124672,26415104,135168,99774464,7,discern-interfa,S (sleeping),learner.bnsdq.ozxfs.fkiya.kvugl,0.003608195680678218
1759316234,48139,2,0,0,0,0,0,0,0,0,N/A,N/A,N/A,N/A,N/A,1,kworker/u8,I (idle),learner.bnsdq.ozxfs.fkiya.kvugl,0.0
1759316234,47452,2,0,0,0,0,0,0,0,0,N/A,N/A,N/A,N/A,N/A,1,kworker/2,I (idle),learner.bnsdq.ozxfs.fkiya.kvugl,0.007834100042039665
1759316234,51088,1,0,0,0,0,0,0,0,0,6979584,6979584,3215360,135168,278528,1,bash,S (sleeping),learner.bnsdq.ozxfs.fkiya.kvugl,0.0
1759316234,48180,48160,0,0,0,0,0,0,0,0,5939200,5926912,3379200,135168,307200,1,bash,S (sleeping),learner.bnsdq.ozxfs.fkiya.kvugl,0.019296197851391302
1759316234,51104,1,101,101,101,101,102,102,102,102,16568320,16568320,7618560,135168,630784,1,systemd-network,S (sleeping),learner.bnsdq.ozxfs.fkiya.kvugl,0.9442818022176681
1759316234,48126,48115,1001,1001,1001,1001,1001,1001,1001,1001,6979584,6979584,3268608,135168,278528,1,bash,S (sleeping),learner.bnsdq.ozxfs.fkiya.kvugl,0.0
1759316234,48136,2,0,0,0,0,0,0,0,0,N/A,N/A,N/A,N/A,N/A,1,kworker/u8,I (idle),learner.bnsdq.ozxfs.fkiya.kvugl,0.01920347997828863
1759316234,48212,48180,0,0,0,0,0,0,0,0,4386816,4386816,577536,135168,180224,1,tee,S (sleeping),learner.bnsdq.ozxfs.fkiya.kvugl,0.0
1759316234,43087,2,0,0,0,0,0,0,0,0,N/A,N/A,N/A,N/A,N/A,1,kworker/2,I (idle),learner.bnsdq.ozxfs.fkiya.kvugl,0.060682200734360245
1759316234,47259,2,0,0,0,0,0,0,0,0,N/A,N/A,N/A,N/A,N/A,1,kworker/1,I (idle),learner.bnsdq.ozxfs.fkiya.kvugl,0.0
1759316234,48097,1,1001,1001,1001,1001,1001,1001,1001,1001,15548416,15515648,8888320,135168,733184,1,systemd,S (sleeping),learner.bnsdq.ozxfs.fkiya.kvugl,0.038406766444136126
1759316234,51080,1,0,0,0,0,0,0,0,0,730103808,730103808,7929856,135168,107184128,6,foundryc,S (sleeping),learner.bnsdq.ozxfs.fkiya.kvugl,0.0
1759316234,51142,51081,0,0,0,0,0,0,0,0,5492736,5492736,581632,135168,180224,1,sleep,S (sleeping),learner.bnsdq.ozxfs.fkiya.kvugl,0.0
1759316239,48138,2,0,0,0,0,0,0,0,0,N/A,N/A,N/A,N/A,N/A,1,kworker/u8,I (idle),learner.bnsdq.ozxfs.fkiya.kvugl,0.0
1759316239,48139,2,0,0,0,0,0,0,0,0,N/A,N/A,N/A,N/A,N/A,1,kworker/u8,I (idle),learner.bnsdq.ozxfs.fkiya.kvugl,0.0
1759316239,48180,48160,0,0,0,0,0,0,0,0,5939200,5926912,3379200,135168,307200,1,bash,S (sleeping),learner.bnsdq.ozxfs.fkiya.kvugl,0.018830968164456084
1759316239,48211,48180,0,0,0,0,0,0,0,0,3614457856,3308306432,1380356096,147456,1605218304,17,python3,S (sleeping),learner.bnsdq.ozxfs.fkiya.kvugl,167.5342170292822
1759316239,51229,51215,0,0,0,0,0,0,0,0,5492736,5492736,512000,135168,180224,1,sleep,S (sleeping),learner.bnsdq.ozxfs.fkiya.kvugl,0.0
1759316239,48136,2,0,0,0,0,0,0,0,0,N/A,N/A,N/A,N/A,N/A,1,kworker/u8,I (idle),learner.bnsdq.ozxfs.fkiya.kvugl,0.01874266408279696
1759316239,51232,51219,0,0,0,0,0,0,0,0,5492736,5492736,512000,135168,180224,1,sleep,S (sleeping),learner.bnsdq.ozxfs.fkiya.kvugl,0.0
1759316239,48128,48127,0,0,0,0,0,0,0,0,1448742912,1382223872,65024000,135168,177422336,9,docker,S (sleeping),learner.bnsdq.ozxfs.fkiya.kvugl,0.04217089705208805
1759316239,51233,1,101,101,101,101,102,102,102,102,16568320,16568320,7335936,135168,630784,1,systemd-network,S (sleeping),learner.bnsdq.ozxfs.fkiya.kvugl,2.1162600500360904
1759316239,51230,51224,0,0,0,0,0,0,0,0,5492736,5492736,512000,135168,180224,1,sleep,S (sleeping),learner.bnsdq.ozxfs.fkiya.kvugl,0.0
1759316239,48160,1,0,0,0,0,0,0,0,0,1562157056,1562157056,14106624,135168,200482816,12,containerd-shim,S (sleeping),learner.bnsdq.ozxfs.fkiya.kvugl,0.018742553865863806
1759316239,43214,2,0,0,0,0,0,0,0,0,N/A,N/A,N/A,N/A,N/A,1,kworker/3,I (idle),learner.bnsdq.ozxfs.fkiya.kvugl,0.010763909076247172
1759316239,47452,2,0,0,0,0,0,0,0,0,N/A,N/A,N/A,N/A,N/A,1,kworker/2,I (idle),learner.bnsdq.ozxfs.fkiya.kvugl,0.007679944707779737
1759316239,48098,48097,1001,1001,1001,1001,1001,1001,1001,1001,172527616,172527616,3739648,1056768,20037632,1,(sd-pam),S (sleeping),learner.bnsdq.ozxfs.fkiya.kvugl,0.0
1759316239,48115,48094,1001,1001,1001,1001,1001,1001,1001,1001,15069184,15069184,6053888,135168,1175552,1,sshd,S (sleeping),learner.bnsdq.ozxfs.fkiya.kvugl,0.0
1759316239,48097,1,1001,1001,1001,1001,1001,1001,1001,1001,15548416,15515648,8888320,135168,733184,1,systemd,S (sleeping),learner.bnsdq.ozxfs.fkiya.kvugl,0.03748489077320026
1759316239,48212,48180,0,0,0,0,0,0,0,0,4386816,4386816,577536,135168,180224,1,tee,S (sleeping),learner.bnsdq.ozxfs.fkiya.kvugl,0.0
1759316239,51231,51217,0,0,0,0,0,0,0,0,5492736,5492736,516096,135168,180224,1,sleep,S (sleeping),learner.bnsdq.ozxfs.fkiya.kvugl,0.0
1759316239,48094,2699,0,0,0,0,0,0,0,0,15106048,15069184,9199616,135168,1175552,1,sshd,S (sleeping),learner.bnsdq.ozxfs.fkiya.kvugl,0.004685595106846622
1759316239,48126,48115,1001,1001,1001,1001,1001,1001,1001,1001,6979584,6979584,3268608,135168,278528,1,bash,S (sleeping),learner.bnsdq.ozxfs.fkiya.kvugl,0.0
1759316239,48137,2,0,0,0,0,0,0,0,0,N/A,N/A,N/A,N/A,N/A,1,kworker/u8,I (idle),learner.bnsdq.ozxfs.fkiya.kvugl,0.014056754075062732
1759316239,51210,1,0,0,0,0,0,0,0,0,6979584,6979584,3338240,135168,278528,1,bash,S (sleeping),learner.bnsdq.ozxfs.fkiya.kvugl,0.0
1759316239,51215,1,0,0,0,0,0,0,0,0,6979584,6979584,3239936,135168,278528,1,bash,S (sleeping),learner.bnsdq.ozxfs.fkiya.kvugl,0.0
1759316239,43084,2,0,0,0,0,0,0,0,0,N/A,N/A,N/A,N/A,N/A,1,kworker/0,I (idle),learner.bnsdq.ozxfs.fkiya.kvugl,0.07074371680551661
1759316239,43195,1,0,0,0,0,0,0,0,0,1799233536,1732124672,26415104,135168,99774464,7,discern-interfa,S (sleeping),learner.bnsdq.ozxfs.fkiya.kvugl,0.0035751218150896756
1759316239,48041,2,0,0,0,0,0,0,0,0,N/A,N/A,N/A,N/A,N/A,1,kworker/1,I (idle),learner.bnsdq.ozxfs.fkiya.kvugl,0.018313197820902
1759316239,48135,2,0,0,0,0,0,0,0,0,N/A,N/A,N/A,N/A,N/A,1,kworker/u8,I (idle),learner.bnsdq.ozxfs.fkiya.kvugl,0.0
1759316239,51224,1,0,0,0,0,0,0,0,0,6979584,6979584,3276800,135168,278528,1,bash,S (sleeping),learner.bnsdq.ozxfs.fkiya.kvugl,0.0
1759316239,50825,2,0,0,0,0,0,0,0,0,N/A,N/A,N/A,N/A,N/A,1,kworker/0,I (idle),learner.bnsdq.ozxfs.fkiya.kvugl,0.0
1759316239,43087,2,0,0,0,0,0,0,0,0,N/A,N/A,N/A,N/A,N/A,1,kworker/2,I (idle),learner.bnsdq.ozxfs.fkiya.kvugl,0.060132012544799385
1759316239,51209,1,0,0,0,0,0,0,0,0,728662016,728662016,7925760,135168,105742336,6,foundryc,S (sleeping),learner.bnsdq.ozxfs.fkiya.kvugl,0.0
1759316239,51219,1,0,0,0,0,0,0,0,0,6979584,6979584,3342336,135168,278528,1,bash,S (sleeping),learner.bnsdq.ozxfs.fkiya.kvugl,0.0
1759316239,51217,1,0,0,0,0,0,0,0,0,6979584,6979584,3289088,135168,278528,1,bash,S (sleeping),learner.bnsdq.ozxfs.fkiya.kvugl,0.0
1759316239,48127,48126,1001,0,0,0,0,0,0,0,11055104,11034624,5169152,135168,659456,1,sudo,S (sleeping),learner.bnsdq.ozxfs.fkiya.kvugl,0.0
1759316239,47259,2,0,0,0,0,0,0,0,0,N/A,N/A,N/A,N/A,N/A,1,kworker/1,I (idle),learner.bnsdq.ozxfs.fkiya.kvugl,0.0
1759316239,51227,51210,0,0,0,0,0,0,0,0,5492736,5492736,516096,135168,180224,1,sleep,S (sleeping),learner.bnsdq.ozxfs.fkiya.kvugl,0.0
1759316244,51217,1,0,0,0,0,0,0,0,0,6979584,6979584,3301376,135168,278528,1,bash,S (sleeping),learner.bnsdq.ozxfs.fkiya.kvugl,0.0
1759316244,51283,51224,0,0,0,0,0,0,0,0,5492736,5492736,581632,135168,180224,1,sleep,S (sleeping),learner.bnsdq.ozxfs.fkiya.kvugl,0.0
1759316244,51210,1,0,0,0,0,0,0,0,0,6979584,6979584,3350528,135168,278528,1,bash,S (sleeping),learner.bnsdq.ozxfs.fkiya.kvugl,0.0
1759316244,48138,2,0,0,0,0,0,0,0,0,N/A,N/A,N/A,N/A,N/A,1,kworker/u8,I (idle),learner.bnsdq.ozxfs.fkiya.kvugl,0.0
1759316244,48128,48127,0,0,0,0,0,0,0,0,1448742912,1382223872,65024000,135168,177422336,9,docker,S (sleeping),learner.bnsdq.ozxfs.fkiya.kvugl,0.04118294259099767
1759316244,51219,1,0,0,0,0,0,0,0,0,6979584,6979584,3354624,135168,278528,1,bash,S (sleeping),learner.bnsdq.ozxfs.fkiya.kvugl,0.0
1759316244,48097,1,1001,1001,1001,1001,1001,1001,1001,1001,15548416,15515648,8888320,135168,733184,1,systemd,S (sleeping),learner.bnsdq.ozxfs.fkiya.kvugl,0.03660697532892785
1759316244,51276,51210,0,0,0,0,0,0,0,0,5492736,5492736,516096,135168,180224,1,sleep,S (sleeping),learner.bnsdq.ozxfs.fkiya.kvugl,0.0
1759316244,51282,51219,0,0,0,0,0,0,0,0,5492736,5492736,516096,135168,180224,1,sleep,S (sleeping),learner.bnsdq.ozxfs.fkiya.kvugl,0.0
1759316244,48137,2,0,0,0,0,0,0,0,0,N/A,N/A,N/A,N/A,N/A,1,kworker/u8,I (idle),learner.bnsdq.ozxfs.fkiya.kvugl,0.013727572721662116
1759316244,48126,48115,1001,1001,1001,1001,1001,1001,1001,1001,6979584,6979584,3268608,135168,278528,1,bash,S (sleeping),learner.bnsdq.ozxfs.fkiya.kvugl,0.0
1759316244,47452,2,0,0,0,0,0,0,0,0,N/A,N/A,N/A,N/A,N/A,1,kworker/2,I (idle),learner.bnsdq.ozxfs.fkiya.kvugl,0.007531857592669259
1759316244,43214,2,0,0,0,0,0,0,0,0,N/A,N/A,N/A,N/A,N/A,1,kworker/3,I (idle),learner.bnsdq.ozxfs.fkiya.kvugl,0.010665927193231872
1759316244,48136,2,0,0,0,0,0,0,0,0,N/A,N/A,N/A,N/A,N/A,1,kworker/u8,I (idle),learner.bnsdq.ozxfs.fkiya.kvugl,0.018303351498218774
1759316244,51215,1,0,0,0,0,0,0,0,0,6979584,6979584,3321856,135168,278528,1,bash,S (sleeping),learner.bnsdq.ozxfs.fkiya.kvugl,0.0
1759316244,48135,2,0,0,0,0,0,0,0,0,N/A,N/A,N/A,N/A,N/A,1,kworker/u8,I (idle),learner.bnsdq.ozxfs.fkiya.kvugl,0.0
1759316244,48212,48180,0,0,0,0,0,0,0,0,4386816,4386816,577536,135168,180224,1,tee,S (sleeping),learner.bnsdq.ozxfs.fkiya.kvugl,0.0
1759316244,50825,2,0,0,0,0,0,0,0,0,N/A,N/A,N/A,N/A,N/A,1,kworker/0,I (idle),learner.bnsdq.ozxfs.fkiya.kvugl,0.0
1759316244,51224,1,0,0,0,0,0,0,0,0,6979584,6979584,3297280,135168,278528,1,bash,S (sleeping),learner.bnsdq.ozxfs.fkiya.kvugl,0.0
1759316244,48098,48097,1001,1001,1001,1001,1001,1001,1001,1001,172527616,172527616,3739648,1056768,20037632,1,(sd-pam),S (sleeping),learner.bnsdq.ozxfs.fkiya.kvugl,0.0
1759316244,43195,1,0,0,0,0,0,0,0,0,1799233536,1732124672,26415104,135168,99774464,7,discern-interfa,S (sleeping),learner.bnsdq.ozxfs.fkiya.kvugl,0.0035427018068831286
1759316244,51284,51217,0,0,0,0,0,0,0,0,5492736,5492736,512000,135168,180224,1,sleep,S (sleeping),learner.bnsdq.ozxfs.fkiya.kvugl,0.0
1759316244,51309,241,0,0,0,0,0,0,0,0,23040000,21975040,4083712,135168,724992,1,systemd-udevd,S (sleeping),learner.bnsdq.ozxfs.fkiya.kvugl,0.0
1759316244,48115,48094,1001,1001,1001,1001,1001,1001,1001,1001,15069184,15069184,6053888,135168,1175552,1,sshd,S (sleeping),learner.bnsdq.ozxfs.fkiya.kvugl,0.0
1759316244,51281,51215,0,0,0,0,0,0,0,0,5492736,5492736,581632,135168,180224,1,sleep,S (sleeping),learner.bnsdq.ozxfs.fkiya.kvugl,0.0
1759316244,48127,48126,1001,0,0,0,0,0,0,0,11055104,11034624,5169152,135168,659456,1,sudo,S (sleeping),learner.bnsdq.ozxfs.fkiya.kvugl,0.0
1759316244,48160,1,0,0,0,0,0,0,0,0,1562157056,1562157056,16146432,135168,200482816,12,containerd-shim,S (sleeping),learner.bnsdq.ozxfs.fkiya.kvugl,0.0183030926962106
1759316244,48041,2,0,0,0,0,0,0,0,0,N/A,N/A,N/A,N/A,N/A,1,kworker/1,I (idle),learner.bnsdq.ozxfs.fkiya.kvugl,0.017893684977537922
1759316244,48180,48160,0,0,0,0,0,0,0,0,5939200,5926912,3379200,135168,307200,1,bash,S (sleeping),learner.bnsdq.ozxfs.fkiya.kvugl,0.018387186237679876
1759316244,51297,1,101,101,101,101,102,102,102,102,16568320,16568320,7454720,135168,630784,1,systemd-network,S (sleeping),learner.bnsdq.ozxfs.fkiya.kvugl,1.9441144976123974
1759316244,43084,2,0,0,0,0,0,0,0,0,N/A,N/A,N/A,N/A,N/A,1,kworker/0,I (idle),learner.bnsdq.ozxfs.fkiya.kvugl,0.07010860861363848
1759316244,43087,2,0,0,0,0,0,0,0,0,N/A,N/A,N/A,N/A,N/A,1,kworker/2,I (idle),learner.bnsdq.ozxfs.fkiya.kvugl,0.06134500687548731
1759316244,47259,2,0,0,0,0,0,0,0,0,N/A,N/A,N/A,N/A,N/A,1,kworker/1,I (idle),learner.bnsdq.ozxfs.fkiya.kvugl,0.0
1759316244,48211,48180,0,0,0,0,0,0,0,0,3614457856,3316350976,1380356096,147456,1613262848,17,python3,S (sleeping),learner.bnsdq.ozxfs.fkiya.kvugl,167.64881189143603
1759316244,48094,2699,0,0,0,0,0,0,0,0,15106048,15069184,9199616,135168,1175552,1,sshd,S (sleeping),learner.bnsdq.ozxfs.fkiya.kvugl,0.004575731801929062
1759316244,48139,2,0,0,0,0,0,0,0,0,N/A,N/A,N/A,N/A,N/A,1,kworker/u8,I (idle),learner.bnsdq.ozxfs.fkiya.kvugl,0.0
1759316249,48136,2,0,0,0,0,0,0,0,0,N/A,N/A,N/A,N/A,N/A,1,kworker/u8,I (idle),learner.bnsdq.ozxfs.fkiya.kvugl,0.017884304367673586
1759316249,48137,2,0,0,0,0,0,0,0,0,N/A,N/A,N/A,N/A,N/A,1,kworker/u8,I (idle),learner.bnsdq.ozxfs.fkiya.kvugl,0.013413215116447642
1759316249,51370,51339,0,0,0,0,0,0,0,0,5492736,5492736,581632,135168,180224,1,sleep,S (sleeping),learner.bnsdq.ozxfs.fkiya.kvugl,0.0
1759316249,51372,51351,0,0,0,0,0,0,0,0,5492736,5492736,516096,135168,180224,1,sleep,S (sleeping),learner.bnsdq.ozxfs.fkiya.kvugl,0.0
1759316249,48160,1,0,0,0,0,0,0,0,0,1562157056,1562157056,16146432,135168,200482816,12,containerd-shim,S (sleeping),learner.bnsdq.ozxfs.fkiya.kvugl,0.0178842198579837
1759316249,50825,2,0,0,0,0,0,0,0,0,N/A,N/A,N/A,N/A,N/A,1,kworker/0,I (idle),learner.bnsdq.ozxfs.fkiya.kvugl,0.0
1759316249,51371,51344,0,0,0,0,0,0,0,0,5492736,5492736,577536,135168,180224,1,sleep,S (sleeping),learner.bnsdq.ozxfs.fkiya.kvugl,0.0
1759316249,51373,51346,0,0,0,0,0,0,0,0,5492736,5492736,581632,135168,180224,1,sleep,S (sleeping),learner.bnsdq.ozxfs.fkiya.kvugl,0.0
1759316249,47259,2,0,0,0,0,0,0,0,0,N/A,N/A,N/A,N/A,N/A,1,kworker/1,I (idle),learner.bnsdq.ozxfs.fkiya.kvugl,0.0
1759316249,48098,48097,1001,1001,1001,1001,1001,1001,1001,1001,172527616,172527616,3739648,1056768,20037632,1,(sd-pam),S (sleeping),learner.bnsdq.ozxfs.fkiya.kvugl,0.0
1759316249,48126,48115,1001,1001,1001,1001,1001,1001,1001,1001,6979584,6979584,3268608,135168,278528,1,bash,S (sleeping),learner.bnsdq.ozxfs.fkiya.kvugl,0.0
1759316249,48211,48180,0,0,0,0,0,0,0,0,3614457856,3335360512,1380356096,147456,1632272384,17,python3,S (sleeping),learner.bnsdq.ozxfs.fkiya.kvugl,167.7963408583352
1759316249,51362,1,101,101,101,101,102,102,102,102,16568320,16568320,7393280,135168,630784,1,systemd-network,S (sleeping),learner.bnsdq.ozxfs.fkiya.kvugl,1.126494624760234
1759316249,51348,1,0,0,0,0,0,0,0,0,6979584,6979584,3403776,135168,278528,1,bash,S (sleeping),learner.bnsdq.ozxfs.fkiya.kvugl,0.0
1759316249,48138,2,0,0,0,0,0,0,0,0,N/A,N/A,N/A,N/A,N/A,1,kworker/u8,I (idle),learner.bnsdq.ozxfs.fkiya.kvugl,0.0
1759316249,51346,1,0,0,0,0,0,0,0,0,6979584,6979584,3358720,135168,278528,1,bash,S (sleeping),learner.bnsdq.ozxfs.fkiya.kvugl,0.0
1759316249,48212,48180,0,0,0,0,0,0,0,0,4386816,4386816,577536,135168,180224,1,tee,S (sleeping),learner.bnsdq.ozxfs.fkiya.kvugl,0.0
1759316249,43214,2,0,0,0,0,0,0,0,0,N/A,N/A,N/A,N/A,N/A,1,kworker/3,I (idle),learner.bnsdq.ozxfs.fkiya.kvugl,0.010569626652025675
1759316249,51369,51348,0,0,0,0,0,0,0,0,5492736,5492736,516096,135168,180224,1,sleep,S (sleeping),learner.bnsdq.ozxfs.fkiya.kvugl,0.0
1759316249,51339,1,0,0,0,0,0,0,0,0,6979584,6979584,3166208,135168,278528,1,bash,S (sleeping),learner.bnsdq.ozxfs.fkiya.kvugl,0.0
1759316249,43087,2,0,0,0,0,0,0,0,0,N/A,N/A,N/A,N/A,N/A,1,kworker/2,I (idle),learner.bnsdq.ozxfs.fkiya.kvugl,0.06079924436377199
1759316249,48041,2,0,0,0,0,0,0,0,0,N/A,N/A,N/A,N/A,N/A,1,kworker/1,I (idle),learner.bnsdq.ozxfs.fkiya.kvugl,0.021866024220418955
1759316249,48139,2,0,0,0,0,0,0,0,0,N/A,N/A,N/A,N/A,N/A,1,kworker/u8,I (idle),learner.bnsdq.ozxfs.fkiya.kvugl,0.0
1759316249,48097,1,1001,1001,1001,1001,1001,1001,1001,1001,15548416,15515648,8888320,135168,733184,1,systemd,S (sleeping),learner.bnsdq.ozxfs.fkiya.kvugl,0.035767657754754566
1759316249,43084,2,0,0,0,0,0,0,0,0,N/A,N/A,N/A,N/A,N/A,1,kworker/0,I (idle),learner.bnsdq.ozxfs.fkiya.kvugl,0.06948473746789002
1759316249,48135,2,0,0,0,0,0,0,0,0,N/A,N/A,N/A,N/A,N/A,1,kworker/u8,I (idle),learner.bnsdq.ozxfs.fkiya.kvugl,0.0
1759316249,48128,48127,0,0,0,0,0,0,0,0,1448742912,1382223872,65024000,135168,177422336,9,docker,S (sleeping),learner.bnsdq.ozxfs.fkiya.kvugl,0.04023847421502156
1759316249,43195,1,0,0,0,0,0,0,0,0,1799233536,1732124672,26415104,135168,99774464,7,discern-interfa,S (sleeping),learner.bnsdq.ozxfs.fkiya.kvugl,0.0035108242619226507
1759316249,47452,2,0,0,0,0,0,0,0,0,N/A,N/A,N/A,N/A,N/A,1,kworker/2,I (idle),learner.bnsdq.ozxfs.fkiya.kvugl,0.0073891511914926595
1759316249,48115,48094,1001,1001,1001,1001,1001,1001,1001,1001,15069184,15069184,6053888,135168,1175552,1,sshd,S (sleeping),learner.bnsdq.ozxfs.fkiya.kvugl,0.0
1759316249,48094,2699,0,0,0,0,0,0,0,0,15106048,15069184,9199616,135168,1175552,1,sshd,S (sleeping),learner.bnsdq.ozxfs.fkiya.kvugl,0.004470918879891772
1759316249,48127,48126,1001,0,0,0,0,0,0,0,11055104,11034624,5169152,135168,659456,1,sudo,S (sleeping),learner.bnsdq.ozxfs.fkiya.kvugl,0.0
1759316249,51344,1,0,0,0,0,0,0,0,0,6979584,6979584,3407872,135168,278528,1,bash,S (sleeping),learner.bnsdq.ozxfs.fkiya.kvugl,0.0
1759316249,51338,1,0,0,0,0,0,0,0,0,730103808,730103808,7737344,135168,107184128,6,foundryc,S (sleeping),learner.bnsdq.ozxfs.fkiya.kvugl,0.37474913201645976
1759316249,48180,48160,0,0,0,0,0,0,0,0,5939200,5926912,3379200,135168,307200,1,bash,S (sleeping),learner.bnsdq.ozxfs.fkiya.kvugl,0.017963906564305517
1759316249,51351,1,0,0,0,0,0,0,0,0,6979584,6979584,3207168,135168,278528,1,bash,S (sleeping),learner.bnsdq.ozxfs.fkiya.kvugl,0.0
1759316254,47452,2,0,0,0,0,0,0,0,0,N/A,N/A,N/A,N/A,N/A,1,kworker/2,I (idle),learner.bnsdq.ozxfs.fkiya.kvugl,0.00725216163193311
1759316254,48126,48115,1001,1001,1001,1001,1001,1001,1001,1001,6979584,6979584,3268608,135168,278528,1,bash,S (sleeping),learner.bnsdq.ozxfs.fkiya.kvugl,0.0
1759316254,43214,2,0,0,0,0,0,0,0,0,N/A,N/A,N/A,N/A,N/A,1,kworker/3,I (idle),learner.bnsdq.ozxfs.fkiya.kvugl,0.010475220376511617
1759316254,48115,48094,1001,1001,1001,1001,1001,1001,1001,1001,15069184,15069184,6053888,135168,1175552,1,sshd,S (sleeping),learner.bnsdq.ozxfs.fkiya.kvugl,0.0
1759316254,48212,48180,0,0,0,0,0,0,0,0,4386816,4386816,577536,135168,180224,1,tee,S (sleeping),learner.bnsdq.ozxfs.fkiya.kvugl,0.0
1759316254,48136,2,0,0,0,0,0,0,0,0,N/A,N/A,N/A,N/A,N/A,1,kworker/u8,I (idle),learner.bnsdq.ozxfs.fkiya.kvugl,0.017483968143248846
1759316254,48138,2,0,0,0,0,0,0,0,0,N/A,N/A,N/A,N/A,N/A,1,kworker/u8,I (idle),learner.bnsdq.ozxfs.fkiya.kvugl,0.0
1759316254,48139,2,0,0,0,0,0,0,0,0,N/A,N/A,N/A,N/A,N/A,1,kworker/u8,I (idle),learner.bnsdq.ozxfs.fkiya.kvugl,0.0
1759316254,50825,2,0,0,0,0,0,0,0,0,N/A,N/A,N/A,N/A,N/A,1,kworker/0,I (idle),learner.bnsdq.ozxfs.fkiya.kvugl,0.0
1759316254,43084,2,0,0,0,0,0,0,0,0,N/A,N/A,N/A,N/A,N/A,1,kworker/0,I (idle),learner.bnsdq.ozxfs.fkiya.kvugl,0.0688726723609894
1759316254,47259,2,0,0,0,0,0,0,0,0,N/A,N/A,N/A,N/A,N/A,1,kworker/1,I (idle),learner.bnsdq.ozxfs.fkiya.kvugl,0.0
1759316254,48041,2,0,0,0,0,0,0,0,0,N/A,N/A,N/A,N/A,N/A,1,kworker/1,I (idle),learner.bnsdq.ozxfs.fkiya.kvugl,0.021387419748584848
1759316254,48211,48180,0,0,0,0,0,0,0,0,3614457856,3342401536,1380356096,147456,1639317504,17,python3,S (sleeping),learner.bnsdq.ozxfs.fkiya.kvugl,168.00233117463867
1759316254,48128,48127,0,0,0,0,0,0,0,0,1448742912,1382223872,65024000,135168,177422336,9,docker,S (sleeping),learner.bnsdq.ozxfs.fkiya.kvugl,0.03933862445832026
1759316254,48127,48126,1001,0,0,0,0,0,0,0,11055104,11034624,5169152,135168,659456,1,sudo,S (sleeping),learner.bnsdq.ozxfs.fkiya.kvugl,0.0
1759316254,51426,1,101,101,101,101,102,102,102,102,16568320,16568320,7430144,135168,630784,1,systemd-network,S (sleeping),learner.bnsdq.ozxfs.fkiya.kvugl,1.4371233456671821
1759316254,48160,1,0,0,0,0,0,0,0,0,1562157056,1562157056,16146432,135168,200482816,12,containerd-shim,S (sleeping),learner.bnsdq.ozxfs.fkiya.kvugl,0.01748377139269705
1759316254,48098,48097,1001,1001,1001,1001,1001,1001,1001,1001,172527616,172527616,3739648,1056768,20037632,1,(sd-pam),S (sleeping),learner.bnsdq.ozxfs.fkiya.kvugl,0.0
1759316254,48097,1,1001,1001,1001,1001,1001,1001,1001,1001,15548416,15515648,8888320,135168,733184,1,systemd,S (sleeping),learner.bnsdq.ozxfs.fkiya.kvugl,0.034967471895987146
1759316254,43087,2,0,0,0,0,0,0,0,0,N/A,N/A,N/A,N/A,N/A,1,kworker/2,I (idle),learner.bnsdq.ozxfs.fkiya.kvugl,0.060263340364845944
1759316254,48137,2,0,0,0,0,0,0,0,0,N/A,N/A,N/A,N/A,N/A,1,kworker/u8,I (idle),learner.bnsdq.ozxfs.fkiya.kvugl,0.013112777770532658
1759316254,48094,2699,0,0,0,0,0,0,0,0,15106048,15069184,9199616,135168,1175552,1,sshd,S (sleeping),learner.bnsdq.ozxfs.fkiya.kvugl,0.004370920996758943
1759316254,51438,241,0,0,0,0,0,0,0,0,23040000,21975040,4087808,135168,724992,1,systemd-udevd,S (sleeping),learner.bnsdq.ozxfs.fkiya.kvugl,0.0
1759316254,48135,2,0,0,0,0,0,0,0,0,N/A,N/A,N/A,N/A,N/A,1,kworker/u8,I (idle),learner.bnsdq.ozxfs.fkiya.kvugl,0.0
1759316254,43195,1,0,0,0,0,0,0,0,0,1799233536,1732124672,26415104,135168,99774464,7,discern-interfa,S (sleeping),learner.bnsdq.ozxfs.fkiya.kvugl,0.0034795594301249263
1759316254,48180,48160,0,0,0,0,0,0,0,0,5939200,5926912,3379200,135168,307200,1,bash,S (sleeping),learner.bnsdq.ozxfs.fkiya.kvugl,0.01756036827865424
1759316259,51511,51474,0,0,0,0,0,0,0,0,5492736,5492736,507904,135168,180224,1,sleep,S (sleeping),learner.bnsdq.ozxfs.fkiya.kvugl,0.0
1759316259,48128,48127,0,0,0,0,0,0,0,0,1448742912,1382223872,65024000,135168,177422336,9,docker,S (sleeping),learner.bnsdq.ozxfs.fkiya.kvugl,0.03848313329102629
1759316259,51478,1,0,0,0,0,0,0,0,0,6979584,6979584,3284992,135168,278528,1,bash,S (sleeping),learner.bnsdq.ozxfs.fkiya.kvugl,0.0
1759316259,48160,1,0,0,0,0,0,0,0,0,1562157056,1562157056,16146432,135168,200482816,12,containerd-shim,S (sleeping),learner.bnsdq.ozxfs.fkiya.kvugl,0.017103561471025337
1759316259,47259,2,0,0,0,0,0,0,0,0,N/A,N/A,N/A,N/A,N/A,1,kworker/1,I (idle),learner.bnsdq.ozxfs.fkiya.kvugl,0.0
1759316259,51466,1,0,0,0,0,0,0,0,0,6979584,6979584,3235840,135168,278528,1,bash,S (sleeping),learner.bnsdq.ozxfs.fkiya.kvugl,0.0
1759316259,51471,1,0,0,0,0,0,0,0,0,6979584,6979584,3264512,135168,278528,1,bash,S (sleeping),learner.bnsdq.ozxfs.fkiya.kvugl,0.0
1759316259,51510,51466,0,0,0,0,0,0,0,0,5492736,5492736,516096,135168,180224,1,sleep,S (sleeping),learner.bnsdq.ozxfs.fkiya.kvugl,0.0
1759316259,50825,2,0,0,0,0,0,0,0,0,N/A,N/A,N/A,N/A,N/A,1,kworker/0,I (idle),learner.bnsdq.ozxfs.fkiya.kvugl,0.0
1759316259,43214,2,0,0,0,0,0,0,0,0,N/A,N/A,N/A,N/A,N/A,1,kworker/3,I (idle),learner.bnsdq.ozxfs.fkiya.kvugl,0.010382932626628172
1759316259,48126,48115,1001,1001,1001,1001,1001,1001,1001,1001,6979584,6979584,3268608,135168,278528,1,bash,S (sleeping),learner.bnsdq.ozxfs.fkiya.kvugl,0.0
1759316259,48098,48097,1001,1001,1001,1001,1001,1001,1001,1001,172527616,172527616,3739648,1056768,20037632,1,(sd-pam),S (sleeping),learner.bnsdq.ozxfs.fkiya.kvugl,0.0
1759316259,51506,51480,0,0,0,0,0,0,0,0,5492736,5492736,516096,135168,180224,1,sleep,S (sleeping),learner.bnsdq.ozxfs.fkiya.kvugl,0.0
1759316259,48137,2,0,0,0,0,0,0,0,0,N/A,N/A,N/A,N/A,N/A,1,kworker/u8,I (idle),learner.bnsdq.ozxfs.fkiya.kvugl,0.012827426188224453
1759316259,47452,2,0,0,0,0,0,0,0,0,N/A,N/A,N/A,N/A,N/A,1,kworker/2,I (idle),learner.bnsdq.ozxfs.fkiya.kvugl,0.007120624077552508
1759316259,51465,1,0,0,0,0,0,0,0,0,730103808,730103808,9777152,135168,107184128,7,foundryc,S (sleeping),learner.bnsdq.ozxfs.fkiya.kvugl,0.0
1759316259,48211,48180,0,0,0,0,0,0,0,0,3614457856,3372646400,1380356096,147456,1669574656,17,python3,S (sleeping),learner.bnsdq.ozxfs.fkiya.kvugl,168.38212639554652
1759316259,51480,1,0,0,0,0,0,0,0,0,6979584,6979584,3371008,135168,278528,1,bash,S (sleeping),learner.bnsdq.ozxfs.fkiya.kvugl,0.0
1759316259,51490,1,101,101,101,101,102,102,102,102,16568320,16568320,7557120,135168,630784,1,systemd-network,D (disk sleep),learner.bnsdq.ozxfs.fkiya.kvugl,1.7384106481212462
1759316259,51474,1,0,0,0,0,0,0,0,0,6979584,6979584,3330048,135168,278528,1,bash,S (sleeping),learner.bnsdq.ozxfs.fkiya.kvugl,0.0
1759316259,51507,51471,0,0,0,0,0,0,0,0,5492736,5492736,512000,135168,180224,1,sleep,S (sleeping),learner.bnsdq.ozxfs.fkiya.kvugl,0.0
1759316259,48115,48094,1001,1001,1001,1001,1001,1001,1001,1001,15069184,15069184,6053888,135168,1175552,1,sshd,S (sleeping),learner.bnsdq.ozxfs.fkiya.kvugl,0.0
1759316259,48041,2,0,0,0,0,0,0,0,0,N/A,N/A,N/A,N/A,N/A,1,kworker/1,I (idle),learner.bnsdq.ozxfs.fkiya.kvugl,0.02093123614376717
1759316259,48127,48126,1001,0,0,0,0,0,0,0,11055104,11034624,5169152,135168,659456,1,sudo,S (sleeping),learner.bnsdq.ozxfs.fkiya.kvugl,0.0
1759316259,48135,2,0,0,0,0,0,0,0,0,N/A,N/A,N/A,N/A,N/A,1,kworker/u8,I (idle),learner.bnsdq.ozxfs.fkiya.kvugl,0.0
1759316259,43084,2,0,0,0,0,0,0,0,0,N/A,N/A,N/A,N/A,N/A,1,kworker/0,I (idle),learner.bnsdq.ozxfs.fkiya.kvugl,0.06827355075437554
1759316259,48094,2699,0,0,0,0,0,0,0,0,15106048,15069184,9199616,135168,1175552,1,sshd,S (sleeping),learner.bnsdq.ozxfs.fkiya.kvugl,0.004275720633201219
1759316259,48139,2,0,0,0,0,0,0,0,0,N/A,N/A,N/A,N/A,N/A,1,kworker/u8,I (idle),learner.bnsdq.ozxfs.fkiya.kvugl,0.0
1759316259,48180,48160,0,0,0,0,0,0,0,0,5939200,5926912,3379200,135168,307200,1,bash,S (sleeping),learner.bnsdq.ozxfs.fkiya.kvugl,0.017176282547605476
1759316259,43195,1,0,0,0,0,0,0,0,0,1799233536,1732124672,26415104,135168,99774464,7,discern-interfa,S (sleeping),learner.bnsdq.ozxfs.fkiya.kvugl,0.0034489920602674487
1759316259,48138,2,0,0,0,0,0,0,0,0,N/A,N/A,N/A,N/A,N/A,1,kworker/u8,I (idle),learner.bnsdq.ozxfs.fkiya.kvugl,0.0
1759316259,48212,48180,0,0,0,0,0,0,0,0,4386816,4386816,577536,135168,180224,1,tee,S (sleeping),learner.bnsdq.ozxfs.fkiya.kvugl,0.0
1759316259,43087,2,0,0,0,0,0,0,0,0,N/A,N/A,N/A,N/A,N/A,1,kworker/2,I (idle),learner.bnsdq.ozxfs.fkiya.kvugl,0.05973915911703116
1759316259,48097,1,1001,1001,1001,1001,1001,1001,1001,1001,15548416,15515648,8888320,135168,733184,1,systemd,S (sleeping),learner.bnsdq.ozxfs.fkiya.kvugl,0.034205479775292716
1759316259,51508,51478,0,0,0,0,0,0,0,0,5492736,5492736,581632,135168,180224,1,sleep,S (sleeping),learner.bnsdq.ozxfs.fkiya.kvugl,0.0
1759316259,48136,2,0,0,0,0,0,0,0,0,N/A,N/A,N/A,N/A,N/A,1,kworker/u8,I (idle),learner.bnsdq.ozxfs.fkiya.kvugl,0.01710270061889385
1759316265,48137,2,0,0,0,0,0,0,0,0,N/A,N/A,N/A,N/A,N/A,1,kworker/u8,I (idle),learner.bnsdq.ozxfs.fkiya.kvugl,0.012552612268993372
1759316265,48138,2,0,0,0,0,0,0,0,0,N/A,N/A,N/A,N/A,N/A,1,kworker/u8,I (idle),learner.bnsdq.ozxfs.fkiya.kvugl,0.0
1759316265,48180,48160,0,0,0,0,0,0,0,0,5939200,5926912,3379200,135168,307200,1,bash,S (sleeping),learner.bnsdq.ozxfs.fkiya.kvugl,0.016807102991798578
1759316265,48115,48094,1001,1001,1001,1001,1001,1001,1001,1001,15069184,15069184,6053888,135168,1175552,1,sshd,S (sleeping),learner.bnsdq.ozxfs.fkiya.kvugl,0.0
1759316265,48136,2,0,0,0,0,0,0,0,0,N/A,N/A,N/A,N/A,N/A,1,kworker/u8,I (idle),learner.bnsdq.ozxfs.fkiya.kvugl,0.01673674221389309
1759316265,48097,1,1001,1001,1001,1001,1001,1001,1001,1001,15548416,15515648,8888320,135168,733184,1,systemd,S (sleeping),learner.bnsdq.ozxfs.fkiya.kvugl,0.03347345037577076
1759316265,48135,2,0,0,0,0,0,0,0,0,N/A,N/A,N/A,N/A,N/A,1,kworker/u8,I (idle),learner.bnsdq.ozxfs.fkiya.kvugl,0.0
1759316265,48211,48180,0,0,0,0,0,0,0,0,3614457856,3383406592,1380356096,147456,1680334848,17,python3,S (sleeping),learner.bnsdq.ozxfs.fkiya.kvugl,168.77602995686271
1759316265,43214,2,0,0,0,0,0,0,0,0,N/A,N/A,N/A,N/A,N/A,1,kworker/3,I (idle),learner.bnsdq.ozxfs.fkiya.kvugl,0.012006941607100084
1759316265,43084,2,0,0,0,0,0,0,0,0,N/A,N/A,N/A,N/A,N/A,1,kworker/0,I (idle),learner.bnsdq.ozxfs.fkiya.kvugl,0.06768231882217059
1759316265,47259,2,0,0,0,0,0,0,0,0,N/A,N/A,N/A,N/A,N/A,1,kworker/1,I (idle),learner.bnsdq.ozxfs.fkiya.kvugl,0.0
1759316265,48098,48097,1001,1001,1001,1001,1001,1001,1001,1001,172527616,172527616,3739648,1056768,20037632,1,(sd-pam),S (sleeping),learner.bnsdq.ozxfs.fkiya.kvugl,0.0
1759316265,48127,48126,1001,0,0,0,0,0,0,0,11055104,11034624,5169152,135168,659456,1,sudo,S (sleeping),learner.bnsdq.ozxfs.fkiya.kvugl,0.0
1759316265,47452,2,0,0,0,0,0,0,0,0,N/A,N/A,N/A,N/A,N/A,1,kworker/2,I (idle),learner.bnsdq.ozxfs.fkiya.kvugl,0.006993075312345283
1759316265,48041,2,0,0,0,0,0,0,0,0,N/A,N/A,N/A,N/A,N/A,1,kworker/1,I (idle),learner.bnsdq.ozxfs.fkiya.kvugl,0.02459042462739419
1759316265,48094,2699,0,0,0,0,0,0,0,0,15106048,15069184,9199616,135168,1175552,1,sshd,S (sleeping),learner.bnsdq.ozxfs.fkiya.kvugl,0.004184141309112699
1759316265,51554,1,101,101,101,101,102,102,102,102,16568320,16568320,7507968,135168,630784,1,systemd-network,S (sleeping),learner.bnsdq.ozxfs.fkiya.kvugl,1.6678361639477892
1759316265,43087,2,0,0,0,0,0,0,0,0,N/A,N/A,N/A,N/A,N/A,1,kworker/2,I (idle),learner.bnsdq.ozxfs.fkiya.kvugl,0.05922184818961774
1759316265,48139,2,0,0,0,0,0,0,0,0,N/A,N/A,N/A,N/A,N/A,1,kworker/u8,I (idle),learner.bnsdq.ozxfs.fkiya.kvugl,0.0
1759316265,50825,2,0,0,0,0,0,0,0,0,N/A,N/A,N/A,N/A,N/A,1,kworker/0,I (idle),learner.bnsdq.ozxfs.fkiya.kvugl,0.01724182048750746
1759316265,43195,1,0,0,0,0,0,0,0,0,1799233536,1732124672,26415104,135168,99774464,7,discern-interfa,S (sleeping),learner.bnsdq.ozxfs.fkiya.kvugl,0.00341881043820566
1759316265,51565,241,0,0,0,0,0,0,0,0,23040000,21975040,4083712,135168,724992,1,systemd-udevd,S (sleeping),learner.bnsdq.ozxfs.fkiya.kvugl,0.0
1759316265,48128,48127,0,0,0,0,0,0,0,0,1448742912,1382223872,65024000,135168,177422336,9,docker,S (sleeping),learner.bnsdq.ozxfs.fkiya.kvugl,0.037657003930169616
1759316265,48160,1,0,0,0,0,0,0,0,0,1562157056,1562157056,20156416,135168,200482816,12,containerd-shim,S (sleeping),learner.bnsdq.ozxfs.fkiya.kvugl,0.016736428319084454
1759316265,48212,48180,0,0,0,0,0,0,0,0,4386816,4386816,577536,135168,180224,1,tee,S (sleeping),learner.bnsdq.ozxfs.fkiya.kvugl,0.0
1759316265,48126,48115,1001,1001,1001,1001,1001,1001,1001,1001,6979584,6979584,3268608,135168,278528,1,bash,S (sleeping),learner.bnsdq.ozxfs.fkiya.kvugl,0.0
1759316270,48212,48180,0,0,0,0,0,0,0,0,4386816,4386816,577536,135168,180224,1,tee,S (sleeping),learner.bnsdq.ozxfs.fkiya.kvugl,0.0
1759316270,43214,2,0,0,0,0,0,0,0,0,N/A,N/A,N/A,N/A,N/A,1,kworker/3,I (idle),learner.bnsdq.ozxfs.fkiya.kvugl,0.011902906153594862
1759316270,48098,48097,1001,1001,1001,1001,1001,1001,1001,1001,172527616,172527616,3739648,1056768,20037632,1,(sd-pam),S (sleeping),learner.bnsdq.ozxfs.fkiya.kvugl,0.0
1759316270,51603,1,0,0,0,0,0,0,0,0,6979584,6979584,3284992,135168,278528,1,bash,S (sleeping),learner.bnsdq.ozxfs.fkiya.kvugl,0.0
1759316270,51606,1,0,0,0,0,0,0,0,0,6979584,6979584,3350528,135168,278528,1,bash,S (sleeping),learner.bnsdq.ozxfs.fkiya.kvugl,0.0
1759316270,48139,2,0,0,0,0,0,0,0,0,N/A,N/A,N/A,N/A,N/A,1,kworker/u8,I (idle),learner.bnsdq.ozxfs.fkiya.kvugl,0.0
1759316270,51646,51603,0,0,0,0,0,0,0,0,5492736,5492736,512000,135168,180224,1,sleep,S (sleeping),learner.bnsdq.ozxfs.fkiya.kvugl,0.0
1759316270,43087,2,0,0,0,0,0,0,0,0,N/A,N/A,N/A,N/A,N/A,1,kworker/2,I (idle),learner.bnsdq.ozxfs.fkiya.kvugl,0.058715651468799916
1759316270,48041,2,0,0,0,0,0,0,0,0,N/A,N/A,N/A,N/A,N/A,1,kworker/1,I (idle),learner.bnsdq.ozxfs.fkiya.kvugl,0.024087349516701714
1759316270,51595,1,0,0,0,0,0,0,0,0,6979584,6979584,3313664,135168,278528,1,bash,S (sleeping),learner.bnsdq.ozxfs.fkiya.kvugl,0.0
1759316270,48115,48094,1001,1001,1001,1001,1001,1001,1001,1001,15069184,15069184,6053888,135168,1175552,1,sshd,S (sleeping),learner.bnsdq.ozxfs.fkiya.kvugl,0.0
1759316270,48135,2,0,0,0,0,0,0,0,0,N/A,N/A,N/A,N/A,N/A,1,kworker/u8,I (idle),learner.bnsdq.ozxfs.fkiya.kvugl,0.0
1759316270,51600,1,0,0,0,0,0,0,0,0,6979584,6979584,3317760,135168,278528,1,bash,S (sleeping),learner.bnsdq.ozxfs.fkiya.kvugl,0.0
1759316270,43084,2,0,0,0,0,0,0,0,0,N/A,N/A,N/A,N/A,N/A,1,kworker/0,I (idle),learner.bnsdq.ozxfs.fkiya.kvugl,0.06710343821296567
1759316270,48094,2699,0,0,0,0,0,0,0,0,15106048,15069184,9199616,135168,1175552,1,sshd,S (sleeping),learner.bnsdq.ozxfs.fkiya.kvugl,0.004096766852784982
1759316270,48180,48160,0,0,0,0,0,0,0,0,5939200,5926912,3379200,135168,307200,1,bash,S (sleeping),learner.bnsdq.ozxfs.fkiya.kvugl,0.016454461527108215
1759316270,51601,1,0,0,0,0,0,0,0,0,6979584,6979584,3215360,135168,278528,1,bash,S (sleeping),learner.bnsdq.ozxfs.fkiya.kvugl,0.0
1759316270,48127,48126,1001,0,0,0,0,0,0,0,11055104,11034624,5169152,135168,659456,1,sudo,S (sleeping),learner.bnsdq.ozxfs.fkiya.kvugl,0.0
1759316270,48137,2,0,0,0,0,0,0,0,0,N/A,N/A,N/A,N/A,N/A,1,kworker/u8,I (idle),learner.bnsdq.ozxfs.fkiya.kvugl,0.012290253009796312
1759316270,51618,1,101,101,101,101,102,102,102,102,16568320,16568320,7569408,135168,630784,1,systemd-network,S (sleeping),learner.bnsdq.ozxfs.fkiya.kvugl,1.220671687637779
1759316270,43195,1,0,0,0,0,0,0,0,0,1799233536,1732124672,26415104,135168,99774464,7,discern-interfa,S (sleeping),learner.bnsdq.ozxfs.fkiya.kvugl,0.0033892770779816754
1759316270,47259,2,0,0,0,0,0,0,0,0,N/A,N/A,N/A,N/A,N/A,1,kworker/1,I (idle),learner.bnsdq.ozxfs.fkiya.kvugl,0.0
1759316270,48128,48127,0,0,0,0,0,0,0,0,1448742912,1382223872,65024000,135168,177422336,9,docker,S (sleeping),learner.bnsdq.ozxfs.fkiya.kvugl,0.03687061756753164
1759316270,51647,51600,0,0,0,0,0,0,0,0,5492736,5492736,520192,135168,180224,1,sleep,S (sleeping),learner.bnsdq.ozxfs.fkiya.kvugl,0.0
1759316270,48097,1,1001,1001,1001,1001,1001,1001,1001,1001,15548416,15515648,8888320,135168,733184,1,systemd,S (sleeping),learner.bnsdq.ozxfs.fkiya.kvugl,0.03277381941879866
1759316270,51645,51601,0,0,0,0,0,0,0,0,5492736,5492736,516096,135168,180224,1,sleep,S (sleeping),learner.bnsdq.ozxfs.fkiya.kvugl,0.0
1759316270,51594,1,0,0,0,0,0,0,0,0,728662016,728662016,7925760,135168,105742336,6,foundryc,S (sleeping),learner.bnsdq.ozxfs.fkiya.kvugl,0.0
1759316270,50825,2,0,0,0,0,0,0,0,0,N/A,N/A,N/A,N/A,N/A,1,kworker/0,I (idle),learner.bnsdq.ozxfs.fkiya.kvugl,0.01584836809122933
1759316270,48138,2,0,0,0,0,0,0,0,0,N/A,N/A,N/A,N/A,N/A,1,kworker/u8,I (idle),learner.bnsdq.ozxfs.fkiya.kvugl,0.0
1759316270,48211,48180,0,0,0,0,0,0,0,0,3614457856,3449323520,1380356096,147456,1746251776,17,python3,S (sleeping),learner.bnsdq.ozxfs.fkiya.kvugl,169.2853380556101
1759316270,47452,2,0,0,0,0,0,0,0,0,N/A,N/A,N/A,N/A,N/A,1,kworker/2,I (idle),learner.bnsdq.ozxfs.fkiya.kvugl,0.010305784184410203
1759316270,48160,1,0,0,0,0,0,0,0,0,1562157056,1562157056,20156416,135168,200482816,12,containerd-shim,S (sleeping),learner.bnsdq.ozxfs.fkiya.kvugl,0.016386793036547
1759316270,48136,2,0,0,0,0,0,0,0,0,N/A,N/A,N/A,N/A,N/A,1,kworker/u8,I (idle),learner.bnsdq.ozxfs.fkiya.kvugl,0.016386777711323453
1759316270,51649,51606,0,0,0,0,0,0,0,0,5492736,5492736,581632,135168,180224,1,sleep,S (sleeping),learner.bnsdq.ozxfs.fkiya.kvugl,0.0
1759316270,48126,48115,1001,1001,1001,1001,1001,1001,1001,1001,6979584,6979584,3268608,135168,278528,1,bash,S (sleeping),learner.bnsdq.ozxfs.fkiya.kvugl,0.0
1759316270,51648,51595,0,0,0,0,0,0,0,0,5492736,5492736,581632,135168,180224,1,sleep,S (sleeping),learner.bnsdq.ozxfs.fkiya.kvugl,0.0
1759316275,48098,48097,1001,1001,1001,1001,1001,1001,1001,1001,172527616,172527616,3739648,1056768,20037632,1,(sd-pam),S (sleeping),learner.bnsdq.ozxfs.fkiya.kvugl,0.0
1759316275,48160,1,0,0,0,0,0,0,0,0,1562157056,1562157056,22249472,135168,200482816,12,containerd-shim,S (sleeping),learner.bnsdq.ozxfs.fkiya.kvugl,0.016050492859955294
1759316275,43214,2,0,0,0,0,0,0,0,0,N/A,N/A,N/A,N/A,N/A,1,kworker/3,I (idle),learner.bnsdq.ozxfs.fkiya.kvugl,0.011800128186294478
1759316275,48136,2,0,0,0,0,0,0,0,0,N/A,N/A,N/A,N/A,N/A,1,kworker/u8,I (idle),learner.bnsdq.ozxfs.fkiya.kvugl,0.01605045010012945
1759316275,47259,2,0,0,0,0,0,0,0,0,N/A,N/A,N/A,N/A,N/A,1,kworker/1,I (idle),learner.bnsdq.ozxfs.fkiya.kvugl,0.0
1759316275,51696,2,0,0,0,0,0,0,0,0,N/A,N/A,N/A,N/A,N/A,1,kworker/0,I (idle),learner.bnsdq.ozxfs.fkiya.kvugl,0.0
1759316275,48135,2,0,0,0,0,0,0,0,0,N/A,N/A,N/A,N/A,N/A,1,kworker/u8,I (idle),learner.bnsdq.ozxfs.fkiya.kvugl,0.0
1759316275,43084,2,0,0,0,0,0,0,0,0,N/A,N/A,N/A,N/A,N/A,1,kworker/0,I (idle),learner.bnsdq.ozxfs.fkiya.kvugl,0.06653190607346642
1759316275,47452,2,0,0,0,0,0,0,0,0,N/A,N/A,N/A,N/A,N/A,1,kworker/2,I (idle),learner.bnsdq.ozxfs.fkiya.kvugl,0.010127757275035051
1759316275,48211,48180,0,0,0,0,0,0,0,0,3614457856,3391811584,1380356096,147456,1688739840,17,python3,S (sleeping),learner.bnsdq.ozxfs.fkiya.kvugl,169.819849628846
1759316275,48094,2699,0,0,0,0,0,0,0,0,15106048,15069184,9199616,135168,1175552,1,sshd,S (sleeping),learner.bnsdq.ozxfs.fkiya.kvugl,0.004012579294250824
1759316275,48180,48160,0,0,0,0,0,0,0,0,5939200,5926912,3379200,135168,307200,1,bash,S (sleeping),learner.bnsdq.ozxfs.fkiya.kvugl,0.016114961929689725
1759316275,51682,1,101,101,101,101,102,102,102,102,16568320,16568320,7479296,135168,630784,1,systemd-network,S (sleeping),learner.bnsdq.ozxfs.fkiya.kvugl,1.1857224704312723
1759316275,48137,2,0,0,0,0,0,0,0,0,N/A,N/A,N/A,N/A,N/A,1,kworker/u8,I (idle),learner.bnsdq.ozxfs.fkiya.kvugl,0.01203769472743757
1759316275,48138,2,0,0,0,0,0,0,0,0,N/A,N/A,N/A,N/A,N/A,1,kworker/u8,I (idle),learner.bnsdq.ozxfs.fkiya.kvugl,0.0
1759316275,48139,2,0,0,0,0,0,0,0,0,N/A,N/A,N/A,N/A,N/A,1,kworker/u8,I (idle),learner.bnsdq.ozxfs.fkiya.kvugl,0.0
1759316275,43195,1,0,0,0,0,0,0,0,0,1799233536,1732124672,26415104,135168,99774464,7,discern-interfa,S (sleeping),learner.bnsdq.ozxfs.fkiya.kvugl,0.0033601130119185266
1759316275,48127,48126,1001,0,0,0,0,0,0,0,11055104,11034624,5169152,135168,659456,1,sudo,S (sleeping),learner.bnsdq.ozxfs.fkiya.kvugl,0.0
1759316275,48041,2,0,0,0,0,0,0,0,0,N/A,N/A,N/A,N/A,N/A,1,kworker/1,I (idle),learner.bnsdq.ozxfs.fkiya.kvugl,0.023601723221985817
1759316275,48128,48127,0,0,0,0,0,0,0,0,1448742912,1382223872,65024000,135168,177422336,9,docker,S (sleeping),learner.bnsdq.ozxfs.fkiya.kvugl,0.0401253393198808
1759316275,48212,48180,0,0,0,0,0,0,0,0,4386816,4386816,577536,135168,180224,1,tee,S (sleeping),learner.bnsdq.ozxfs.fkiya.kvugl,0.0
1759316275,43087,2,0,0,0,0,0,0,0,0,N/A,N/A,N/A,N/A,N/A,1,kworker/2,I (idle),learner.bnsdq.ozxfs.fkiya.kvugl,0.058215000794980216
1759316275,48126,48115,1001,1001,1001,1001,1001,1001,1001,1001,6979584,6979584,3268608,135168,278528,1,bash,S (sleeping),learner.bnsdq.ozxfs.fkiya.kvugl,0.0
1759316275,48097,1,1001,1001,1001,1001,1001,1001,1001,1001,15548416,15515648,8888320,135168,733184,1,systemd,S (sleeping),learner.bnsdq.ozxfs.fkiya.kvugl,0.03210012879514935
1759316275,48115,48094,1001,1001,1001,1001,1001,1001,1001,1001,15069184,15069184,6053888,135168,1175552,1,sshd,S (sleeping),learner.bnsdq.ozxfs.fkiya.kvugl,0.0
1759316275,50825,2,0,0,0,0,0,0,0,0,N/A,N/A,N/A,N/A,N/A,1,kworker/0,I (idle),learner.bnsdq.ozxfs.fkiya.kvugl,0.014658287338444256
1759316280,51733,1,0,0,0,0,0,0,0,0,6979584,6979584,3399680,135168,278528,1,bash,S (sleeping),learner.bnsdq.ozxfs.fkiya.kvugl,0.0
1759316280,43087,2,0,0,0,0,0,0,0,0,N/A,N/A,N/A,N/A,N/A,1,kworker/2,I (idle),learner.bnsdq.ozxfs.fkiya.kvugl,0.057726999335012255
1759316280,48135,2,0,0,0,0,0,0,0,0,N/A,N/A,N/A,N/A,N/A,1,kworker/u8,I (idle),learner.bnsdq.ozxfs.fkiya.kvugl,0.0
1759316280,48211,48180,0,0,0,0,0,0,0,0,3614457856,3395731456,1380356096,147456,1692659712,17,python3,S (sleeping),learner.bnsdq.ozxfs.fkiya.kvugl,170.44044639199183
1759316280,51738,1,0,0,0,0,0,0,0,0,6979584,6979584,3407872,135168,278528,1,bash,S (sleeping),learner.bnsdq.ozxfs.fkiya.kvugl,0.0
1759316280,48115,48094,1001,1001,1001,1001,1001,1001,1001,1001,15069184,15069184,6053888,135168,1175552,1,sshd,S (sleeping),learner.bnsdq.ozxfs.fkiya.kvugl,0.0
1759316280,51788,51738,0,0,0,0,0,0,0,0,5492736,5492736,581632,135168,180224,1,sleep,S (sleeping),learner.bnsdq.ozxfs.fkiya.kvugl,0.0
1759316280,51696,2,0,0,0,0,0,0,0,0,N/A,N/A,N/A,N/A,N/A,1,kworker/0,I (idle),learner.bnsdq.ozxfs.fkiya.kvugl,0.0
1759316280,47452,2,0,0,0,0,0,0,0,0,N/A,N/A,N/A,N/A,N/A,1,kworker/2,I (idle),learner.bnsdq.ozxfs.fkiya.kvugl,0.009956726696098244
1759316280,51791,51733,0,0,0,0,0,0,0,0,5492736,5492736,585728,135168,180224,1,sleep,S (sleeping),learner.bnsdq.ozxfs.fkiya.kvugl,0.0
1759316280,43084,2,0,0,0,0,0,0,0,0,N/A,N/A,N/A,N/A,N/A,1,kworker/0,I (idle),learner.bnsdq.ozxfs.fkiya.kvugl,0.06597346733661928
1759316280,48139,2,0,0,0,0,0,0,0,0,N/A,N/A,N/A,N/A,N/A,1,kworker/u8,I (idle),learner.bnsdq.ozxfs.fkiya.kvugl,0.0
1759316280,48136,2,0,0,0,0,0,0,0,0,N/A,N/A,N/A,N/A,N/A,1,kworker/u8,I (idle),learner.bnsdq.ozxfs.fkiya.kvugl,0.019661445536044556
1759316280,51726,1,0,0,0,0,0,0,0,0,728662016,728662016,7921664,135168,105742336,7,foundryc,S (sleeping),learner.bnsdq.ozxfs.fkiya.kvugl,0.0
1759316280,51734,1,0,0,0,0,0,0,0,0,6979584,6979584,3330048,135168,278528,1,bash,S (sleeping),learner.bnsdq.ozxfs.fkiya.kvugl,0.0
1759316280,51792,51727,0,0,0,0,0,0,0,0,5492736,5492736,577536,135168,180224,1,sleep,S (sleeping),learner.bnsdq.ozxfs.fkiya.kvugl,0.0
1759316280,48041,2,0,0,0,0,0,0,0,0,N/A,N/A,N/A,N/A,N/A,1,kworker/1,I (idle),learner.bnsdq.ozxfs.fkiya.kvugl,0.026995151925841447
1759316280,50825,2,0,0,0,0,0,0,0,0,N/A,N/A,N/A,N/A,N/A,1,kworker/0,I (idle),learner.bnsdq.ozxfs.fkiya.kvugl,0.013641440291919592
1759316280,48127,48126,1001,0,0,0,0,0,0,0,11055104,11034624,5169152,135168,659456,1,sudo,S (sleeping),learner.bnsdq.ozxfs.fkiya.kvugl,0.0
1759316280,48138,2,0,0,0,0,0,0,0,0,N/A,N/A,N/A,N/A,N/A,1,kworker/u8,I (idle),learner.bnsdq.ozxfs.fkiya.kvugl,0.0
1759316280,48212,48180,0,0,0,0,0,0,0,0,4386816,4386816,577536,135168,180224,1,tee,S (sleeping),learner.bnsdq.ozxfs.fkiya.kvugl,0.0
1759316280,47259,2,0,0,0,0,0,0,0,0,N/A,N/A,N/A,N/A,N/A,1,kworker/1,I (idle),learner.bnsdq.ozxfs.fkiya.kvugl,0.0
1759316280,43195,1,0,0,0,0,0,0,0,0,1799233536,1732124672,26415104,135168,99774464,7,discern-interfa,S (sleeping),learner.bnsdq.ozxfs.fkiya.kvugl,0.003331627106249423
1759316280,48126,48115,1001,1001,1001,1001,1001,1001,1001,1001,6979584,6979584,3268608,135168,278528,1,bash,S (sleeping),learner.bnsdq.ozxfs.fkiya.kvugl,0.0
1759316280,51751,1,101,101,101,101,102,102,102,102,16568320,16568320,7417856,135168,630784,1,systemd-network,S (sleeping),learner.bnsdq.ozxfs.fkiya.kvugl,0.753612212076694
1759316280,51790,51734,0,0,0,0,0,0,0,0,5492736,5492736,516096,135168,180224,1,sleep,S (sleeping),learner.bnsdq.ozxfs.fkiya.kvugl,0.0
1759316280,48094,2699,0,0,0,0,0,0,0,0,15106048,15069184,9199616,135168,1175552,1,sshd,S (sleeping),learner.bnsdq.ozxfs.fkiya.kvugl,0.003932235947521562
1759316280,48180,48160,0,0,0,0,0,0,0,0,5939200,5926912,3379200,135168,307200,1,bash,S (sleeping),learner.bnsdq.ozxfs.fkiya.kvugl,0.01579102378909612
1759316280,51727,1,0,0,0,0,0,0,0,0,6979584,6979584,3198976,135168,278528,1,bash,S (sleeping),learner.bnsdq.ozxfs.fkiya.kvugl,0.0
1759316280,48137,2,0,0,0,0,0,0,0,0,N/A,N/A,N/A,N/A,N/A,1,kworker/u8,I (idle),learner.bnsdq.ozxfs.fkiya.kvugl,0.011796674758301259
1759316280,51739,1,0,0,0,0,0,0,0,0,6979584,6979584,3297280,135168,278528,1,bash,S (sleeping),learner.bnsdq.ozxfs.fkiya.kvugl,0.0
1759316280,51789,51739,0,0,0,0,0,0,0,0,5492736,5492736,512000,135168,180224,1,sleep,S (sleeping),learner.bnsdq.ozxfs.fkiya.kvugl,0.0
1759316280,48097,1,1001,1001,1001,1001,1001,1001,1001,1001,15548416,15515648,8888320,135168,733184,1,systemd,S (sleeping),learner.bnsdq.ozxfs.fkiya.kvugl,0.031457712407583056
1759316280,48098,48097,1001,1001,1001,1001,1001,1001,1001,1001,172527616,172527616,3739648,1056768,20037632,1,(sd-pam),S (sleeping),learner.bnsdq.ozxfs.fkiya.kvugl,0.0
1759316280,48128,48127,0,0,0,0,0,0,0,0,1448742912,1382223872,65024000,135168,177422336,9,docker,S (sleeping),learner.bnsdq.ozxfs.fkiya.kvugl,0.04325426711222549
1759316280,48160,1,0,0,0,0,0,0,0,0,1562157056,1562157056,22249472,135168,200482816,12,containerd-shim,S (sleeping),learner.bnsdq.ozxfs.fkiya.kvugl,0.0157288066676009
1759316280,43214,2,0,0,0,0,0,0,0,0,N/A,N/A,N/A,N/A,N/A,1,kworker/3,I (idle),learner.bnsdq.ozxfs.fkiya.kvugl,0.011699606624564197
1759316285,47452,2,0,0,0,0,0,0,0,0,N/A,N/A,N/A,N/A,N/A,1,kworker/2,I (idle),learner.bnsdq.ozxfs.fkiya.kvugl,0.0097901623276717
1759316285,51875,51854,0,0,0,0,0,0,0,0,5492736,5492736,516096,135168,180224,1,sleep,S (sleeping),learner.bnsdq.ozxfs.fkiya.kvugl,0.0
1759316285,50825,2,0,0,0,0,0,0,0,0,N/A,N/A,N/A,N/A,N/A,1,kworker/0,I (idle),learner.bnsdq.ozxfs.fkiya.kvugl,0.012750137906027099
1759316285,48138,2,0,0,0,0,0,0,0,0,N/A,N/A,N/A,N/A,N/A,1,kworker/u8,I (idle),learner.bnsdq.ozxfs.fkiya.kvugl,0.0
1759316285,43195,1,0,0,0,0,0,0,0,0,1799233536,1732124672,28663808,135168,99774464,7,discern-interfa,S (sleeping),learner.bnsdq.ozxfs.fkiya.kvugl,0.0033034316053350077
1759316285,51877,1,101,101,101,101,102,102,102,102,16568320,16568320,7630848,135168,630784,1,systemd-network,S (sleeping),learner.bnsdq.ozxfs.fkiya.kvugl,2.0960500515288754
1759316285,48180,48160,0,0,0,0,0,0,0,0,5939200,5926912,3379200,135168,307200,1,bash,S (sleeping),learner.bnsdq.ozxfs.fkiya.kvugl,0.015477989789490823
1759316285,51856,1,0,0,0,0,0,0,0,0,6979584,6979584,3223552,135168,278528,1,bash,S (sleeping),learner.bnsdq.ozxfs.fkiya.kvugl,0.0
1759316285,51866,1,0,0,0,0,0,0,0,0,6979584,6979584,3174400,135168,278528,1,bash,S (sleeping),learner.bnsdq.ozxfs.fkiya.kvugl,0.0
1759316285,47259,2,0,0,0,0,0,0,0,0,N/A,N/A,N/A,N/A,N/A,1,kworker/1,I (idle),learner.bnsdq.ozxfs.fkiya.kvugl,0.0
1759316285,48135,2,0,0,0,0,0,0,0,0,N/A,N/A,N/A,N/A,N/A,1,kworker/u8,I (idle),learner.bnsdq.ozxfs.fkiya.kvugl,0.0
1759316285,51872,51853,0,0,0,0,0,0,0,0,5492736,5492736,581632,135168,180224,1,sleep,S (sleeping),learner.bnsdq.ozxfs.fkiya.kvugl,0.0
1759316285,51696,2,0,0,0,0,0,0,0,0,N/A,N/A,N/A,N/A,N/A,1,kworker/0,I (idle),learner.bnsdq.ozxfs.fkiya.kvugl,0.0
1759316285,51876,51856,0,0,0,0,0,0,0,0,5492736,5492736,516096,135168,180224,1,sleep,S (sleeping),learner.bnsdq.ozxfs.fkiya.kvugl,0.0
1759316285,48139,2,0,0,0,0,0,0,0,0,N/A,N/A,N/A,N/A,N/A,1,kworker/u8,I (idle),learner.bnsdq.ozxfs.fkiya.kvugl,0.0
1759316285,43087,2,0,0,0,0,0,0,0,0,N/A,N/A,N/A,N/A,N/A,1,kworker/2,I (idle),learner.bnsdq.ozxfs.fkiya.kvugl,0.05887802988292664
1759316285,48126,48115,1001,1001,1001,1001,1001,1001,1001,1001,6979584,6979584,3268608,135168,278528,1,bash,S (sleeping),learner.bnsdq.ozxfs.fkiya.kvugl,0.0
1759316285,51873,51863,0,0,0,0,0,0,0,0,5492736,5492736,520192,135168,180224,1,sleep,S (sleeping),learner.bnsdq.ozxfs.fkiya.kvugl,0.0
1759316285,51874,51866,0,0,0,0,0,0,0,0,5492736,5492736,516096,135168,180224,1,sleep,S (sleeping),learner.bnsdq.ozxfs.fkiya.kvugl,0.0
1759316285,48137,2,0,0,0,0,0,0,0,0,N/A,N/A,N/A,N/A,N/A,1,kworker/u8,I (idle),learner.bnsdq.ozxfs.fkiya.kvugl,0.011563615570446599
1759316285,48211,48180,0,0,0,0,0,0,0,0,3614457856,3407839232,1380356096,147456,1704767488,17,python3,S (sleeping),learner.bnsdq.ozxfs.fkiya.kvugl,171.16898678421123
1759316285,51854,1,0,0,0,0,0,0,0,0,6979584,6979584,3186688,135168,278528,1,bash,S (sleeping),learner.bnsdq.ozxfs.fkiya.kvugl,0.0
1759316285,48094,2699,0,0,0,0,0,0,0,0,15106048,15069184,9199616,135168,1175552,1,sshd,S (sleeping),learner.bnsdq.ozxfs.fkiya.kvugl,0.0038545067863066168
1759316285,48127,48126,1001,0,0,0,0,0,0,0,11055104,11034624,5169152,135168,659456,1,sudo,S (sleeping),learner.bnsdq.ozxfs.fkiya.kvugl,0.0
1759316285,48136,2,0,0,0,0,0,0,0,0,N/A,N/A,N/A,N/A,N/A,1,kworker/u8,I (idle),learner.bnsdq.ozxfs.fkiya.kvugl,0.01927249135855301
1759316285,48041,2,0,0,0,0,0,0,0,0,N/A,N/A,N/A,N/A,N/A,1,kworker/1,I (idle),learner.bnsdq.ozxfs.fkiya.kvugl,0.026471297111227213
1759316285,51853,1,0,0,0,0,0,0,0,0,6979584,6979584,3280896,135168,278528,1,bash,S (sleeping),learner.bnsdq.ozxfs.fkiya.kvugl,0.0
1759316285,43214,2,0,0,0,0,0,0,0,0,N/A,N/A,N/A,N/A,N/A,1,kworker/3,I (idle),learner.bnsdq.ozxfs.fkiya.kvugl,0.011600201292067359
1759316285,48115,48094,1001,1001,1001,1001,1001,1001,1001,1001,15069184,15069184,6053888,135168,1175552,1,sshd,S (sleeping),learner.bnsdq.ozxfs.fkiya.kvugl,0.0
1759316285,43084,2,0,0,0,0,0,0,0,0,N/A,N/A,N/A,N/A,N/A,1,kworker/0,I (idle),learner.bnsdq.ozxfs.fkiya.kvugl,0.06541952392539825
1759316285,51852,1,0,0,0,0,0,0,0,0,729841664,729841664,9842688,135168,106921984,7,foundryc,S (sleeping),learner.bnsdq.ozxfs.fkiya.kvugl,0.0
1759316285,48097,1,1001,1001,1001,1001,1001,1001,1001,1001,15548416,15515648,8888320,135168,733184,1,systemd,S (sleeping),learner.bnsdq.ozxfs.fkiya.kvugl,0.030835794319775667
1759316285,48128,48127,0,0,0,0,0,0,0,0,1448742912,1382223872,65024000,135168,177422336,9,docker,S (sleeping),learner.bnsdq.ozxfs.fkiya.kvugl,0.042399174096241055
1759316285,48160,1,0,0,0,0,0,0,0,0,1562157056,1562157056,22249472,135168,200482816,12,containerd-shim,S (sleeping),learner.bnsdq.ozxfs.fkiya.kvugl,0.015417868948213507
1759316285,48212,48180,0,0,0,0,0,0,0,0,4386816,4386816,577536,135168,180224,1,tee,S (sleeping),learner.bnsdq.ozxfs.fkiya.kvugl,0.0
1759316285,48098,48097,1001,1001,1001,1001,1001,1001,1001,1001,172527616,172527616,3739648,1056768,20037632,1,(sd-pam),S (sleeping),learner.bnsdq.ozxfs.fkiya.kvugl,0.0
1759316285,51863,1,0,0,0,0,0,0,0,0,6979584,6979584,3420160,135168,278528,1,bash,S (sleeping),learner.bnsdq.ozxfs.fkiya.kvugl,0.0
1759316290,43084,2,0,0,0,0,0,0,0,0,N/A,N/A,N/A,N/A,N/A,1,kworker/0,I (idle),learner.bnsdq.ozxfs.fkiya.kvugl,0.06487692519345245
1759316290,48126,48115,1001,1001,1001,1001,1001,1001,1001,1001,6979584,6979584,3268608,135168,278528,1,bash,S (sleeping),learner.bnsdq.ozxfs.fkiya.kvugl,0.0
1759316290,43195,1,0,0,0,0,0,0,0,0,1799233536,1732124672,28663808,135168,99774464,7,discern-interfa,S (sleeping),learner.bnsdq.ozxfs.fkiya.kvugl,0.003275721293747811
1759316290,51866,1,0,0,0,0,0,0,0,0,6979584,6979584,3186688,135168,278528,1,bash,S (sleeping),learner.bnsdq.ozxfs.fkiya.kvugl,0.0
1759316290,43214,2,0,0,0,0,0,0,0,0,N/A,N/A,N/A,N/A,N/A,1,kworker/3,I (idle),learner.bnsdq.ozxfs.fkiya.kvugl,0.011502694926418339
1759316290,51920,51853,0,0,0,0,0,0,0,0,5492736,5492736,512000,135168,180224,1,sleep,S (sleeping),learner.bnsdq.ozxfs.fkiya.kvugl,0.0
1759316290,47452,2,0,0,0,0,0,0,0,0,N/A,N/A,N/A,N/A,N/A,1,kworker/2,I (idle),learner.bnsdq.ozxfs.fkiya.kvugl,0.009629164308226922
1759316290,48212,48180,0,0,0,0,0,0,0,0,4386816,4386816,577536,135168,180224,1,tee,S (sleeping),learner.bnsdq.ozxfs.fkiya.kvugl,0.0
1759316290,51941,1,101,101,101,101,102,102,102,102,16568320,16568320,7573504,135168,630784,1,systemd-network,S (sleeping),learner.bnsdq.ozxfs.fkiya.kvugl,3.8608449253722226
1759316290,48138,2,0,0,0,0,0,0,0,0,N/A,N/A,N/A,N/A,N/A,1,kworker/u8,I (idle),learner.bnsdq.ozxfs.fkiya.kvugl,0.0
1759316290,48098,48097,1001,1001,1001,1001,1001,1001,1001,1001,172527616,172527616,3739648,1056768,20037632,1,(sd-pam),S (sleeping),learner.bnsdq.ozxfs.fkiya.kvugl,0.0
1759316290,48139,2,0,0,0,0,0,0,0,0,N/A,N/A,N/A,N/A,N/A,1,kworker/u8,I (idle),learner.bnsdq.ozxfs.fkiya.kvugl,0.0
1759316290,51696,2,0,0,0,0,0,0,0,0,N/A,N/A,N/A,N/A,N/A,1,kworker/0,I (idle),learner.bnsdq.ozxfs.fkiya.kvugl,0.0
1759316290,48135,2,0,0,0,0,0,0,0,0,N/A,N/A,N/A,N/A,N/A,1,kworker/u8,I (idle),learner.bnsdq.ozxfs.fkiya.kvugl,0.0
1759316290,48137,2,0,0,0,0,0,0,0,0,N/A,N/A,N/A,N/A,N/A,1,kworker/u8,I (idle),learner.bnsdq.ozxfs.fkiya.kvugl,0.011339777809171515
1759316290,47259,2,0,0,0,0,0,0,0,0,N/A,N/A,N/A,N/A,N/A,1,kworker/1,I (idle),learner.bnsdq.ozxfs.fkiya.kvugl,0.0
1759316290,48041,2,0,0,0,0,0,0,0,0,N/A,N/A,N/A,N/A,N/A,1,kworker/1,I (idle),learner.bnsdq.ozxfs.fkiya.kvugl,0.02596864057315791
1759316290,48097,1,1001,1001,1001,1001,1001,1001,1001,1001,15548416,15515648,8888320,135168,733184,1,systemd,S (sleeping),learner.bnsdq.ozxfs.fkiya.kvugl,0.03023933038179088
1759316290,48211,48180,0,0,0,0,0,0,0,0,3614457856,3342696448,1380356096,147456,1639624704,17,python3,S (sleeping),learner.bnsdq.ozxfs.fkiya.kvugl,171.07536024179515
1759316290,48180,48160,0,0,0,0,0,0,0,0,5939200,5926912,3379200,135168,307200,1,bash,S (sleeping),learner.bnsdq.ozxfs.fkiya.kvugl,0.015176976244911659
1759316290,51856,1,0,0,0,0,0,0,0,0,6979584,6979584,3301376,135168,278528,1,bash,S (sleeping),learner.bnsdq.ozxfs.fkiya.kvugl,0.0
1759316290,51928,51854,0,0,0,0,0,0,0,0,5492736,5492736,512000,135168,180224,1,sleep,S (sleeping),learner.bnsdq.ozxfs.fkiya.kvugl,0.0
1759316290,48128,48127,0,0,0,0,0,0,0,0,1448742912,1382223872,65024000,135168,177422336,9,docker,S (sleeping),learner.bnsdq.ozxfs.fkiya.kvugl,0.04157874756486107
1759316290,50825,2,0,0,0,0,0,0,0,0,N/A,N/A,N/A,N/A,N/A,1,kworker/0,I (idle),learner.bnsdq.ozxfs.fkiya.kvugl,0.011967659564784303
1759316290,51943,2,0,0,0,0,0,0,0,0,N/A,N/A,N/A,N/A,N/A,1,kworker/2,I (idle),learner.bnsdq.ozxfs.fkiya.kvugl,0.0
1759316290,51953,241,0,0,0,0,0,0,0,0,23040000,21975040,4087808,135168,724992,1,systemd-udevd,S (sleeping),learner.bnsdq.ozxfs.fkiya.kvugl,0.0
1759316290,43087,2,0,0,0,0,0,0,0,0,N/A,N/A,N/A,N/A,N/A,1,kworker/2,I (idle),learner.bnsdq.ozxfs.fkiya.kvugl,0.05838852434120231
1759316290,51853,1,0,0,0,0,0,0,0,0,6979584,6979584,3297280,135168,278528,1,bash,S (sleeping),learner.bnsdq.ozxfs.fkiya.kvugl,0.0
1759316290,48160,1,0,0,0,0,0,0,0,0,1562157056,1562157056,22249472,135168,200482816,12,containerd-shim,S (sleeping),learner.bnsdq.ozxfs.fkiya.kvugl,0.015119432779987887
1759316290,48136,2,0,0,0,0,0,0,0,0,N/A,N/A,N/A,N/A,N/A,1,kworker/u8,I (idle),learner.bnsdq.ozxfs.fkiya.kvugl,0.01889926747878885
1759316290,51854,1,0,0,0,0,0,0,0,0,6979584,6979584,3203072,135168,278528,1,bash,S (sleeping),learner.bnsdq.ozxfs.fkiya.kvugl,0.0
1759316290,51922,51863,0,0,0,0,0,0,0,0,5492736,5492736,581632,135168,180224,1,sleep,S (sleeping),learner.bnsdq.ozxfs.fkiya.kvugl,0.0
1759316290,51863,1,0,0,0,0,0,0,0,0,6979584,6979584,3444736,135168,278528,1,bash,S (sleeping),learner.bnsdq.ozxfs.fkiya.kvugl,0.0
1759316290,51927,51856,0,0,0,0,0,0,0,0,5492736,5492736,577536,135168,180224,1,sleep,S (sleeping),learner.bnsdq.ozxfs.fkiya.kvugl,0.0
1759316290,48127,48126,1001,0,0,0,0,0,0,0,11055104,11034624,5169152,135168,659456,1,sudo,S (sleeping),learner.bnsdq.ozxfs.fkiya.kvugl,0.0
1759316290,48115,48094,1001,1001,1001,1001,1001,1001,1001,1001,15069184,15069184,6053888,135168,1175552,1,sshd,S (sleeping),learner.bnsdq.ozxfs.fkiya.kvugl,0.0
1759316290,48094,2699,0,0,0,0,0,0,0,0,15106048,15069184,9199616,135168,1175552,1,sshd,S (sleeping),learner.bnsdq.ozxfs.fkiya.kvugl,0.003779819726000689
1759316290,51924,51866,0,0,0,0,0,0,0,0,5492736,5492736,585728,135168,180224,1,sleep,S (sleeping),learner.bnsdq.ozxfs.fkiya.kvugl,0.0
1759316295,47259,2,0,0,0,0,0,0,0,0,N/A,N/A,N/A,N/A,N/A,1,kworker/1,I (idle),learner.bnsdq.ozxfs.fkiya.kvugl,0.0
1759316295,48094,2699,0,0,0,0,0,0,0,0,15106048,15069184,9199616,135168,1175552,1,sshd,S (sleeping),learner.bnsdq.ozxfs.fkiya.kvugl,0.0037081317771210987
1759316295,43195,1,0,0,0,0,0,0,0,0,1799233536,1732124672,28663808,135168,99774464,7,discern-interfa,S (sleeping),learner.bnsdq.ozxfs.fkiya.kvugl,0.00324845205410175
1759316295,48115,48094,1001,1001,1001,1001,1001,1001,1001,1001,15069184,15069184,6053888,135168,1175552,1,sshd,S (sleeping),learner.bnsdq.ozxfs.fkiya.kvugl,0.0
1759316295,51985,1,0,0,0,0,0,0,0,0,6979584,6979584,3366912,135168,278528,1,bash,S (sleeping),learner.bnsdq.ozxfs.fkiya.kvugl,0.0
1759316295,51980,1,0,0,0,0,0,0,0,0,728662016,728662016,7798784,135168,105742336,6,foundryc,S (sleeping),learner.bnsdq.ozxfs.fkiya.kvugl,0.0
1759316295,48138,2,0,0,0,0,0,0,0,0,N/A,N/A,N/A,N/A,N/A,1,kworker/u8,I (idle),learner.bnsdq.ozxfs.fkiya.kvugl,0.0
1759316295,52012,51983,0,0,0,0,0,0,0,0,5492736,5492736,577536,135168,180224,1,sleep,S (sleeping),learner.bnsdq.ozxfs.fkiya.kvugl,0.0
1759316295,48098,48097,1001,1001,1001,1001,1001,1001,1001,1001,172527616,172527616,3739648,1056768,20037632,1,(sd-pam),S (sleeping),learner.bnsdq.ozxfs.fkiya.kvugl,0.0
1759316295,43214,2,0,0,0,0,0,0,0,0,N/A,N/A,N/A,N/A,N/A,1,kworker/3,I (idle),learner.bnsdq.ozxfs.fkiya.kvugl,0.011406601137693487
1759316295,51696,2,0,0,0,0,0,0,0,0,N/A,N/A,N/A,N/A,N/A,1,kworker/0,I (idle),learner.bnsdq.ozxfs.fkiya.kvugl,0.0
1759316295,48126,48115,1001,1001,1001,1001,1001,1001,1001,1001,6979584,6979584,3268608,135168,278528,1,bash,S (sleeping),learner.bnsdq.ozxfs.fkiya.kvugl,0.0
1759316295,48211,48180,0,0,0,0,0,0,0,0,3614457856,3342696448,1380356096,147456,1639624704,17,python3,S (sleeping),learner.bnsdq.ozxfs.fkiya.kvugl,170.38447641873043
1759316295,43084,2,0,0,0,0,0,0,0,0,N/A,N/A,N/A,N/A,N/A,1,kworker/0,I (idle),learner.bnsdq.ozxfs.fkiya.kvugl,0.06434169517062184
1759316295,48135,2,0,0,0,0,0,0,0,0,N/A,N/A,N/A,N/A,N/A,1,kworker/u8,I (idle),learner.bnsdq.ozxfs.fkiya.kvugl,0.0
1759316295,50825,2,0,0,0,0,0,0,0,0,N/A,N/A,N/A,N/A,N/A,1,kworker/0,I (idle),learner.bnsdq.ozxfs.fkiya.kvugl,0.011276326477753534
1759316295,43087,2,0,0,0,0,0,0,0,0,N/A,N/A,N/A,N/A,N/A,1,kworker/2,I (idle),learner.bnsdq.ozxfs.fkiya.kvugl,0.05790745511643718
1759316295,52014,51982,0,0,0,0,0,0,0,0,5492736,5492736,516096,135168,180224,1,sleep,S (sleeping),learner.bnsdq.ozxfs.fkiya.kvugl,0.0
1759316295,48136,2,0,0,0,0,0,0,0,0,N/A,N/A,N/A,N/A,N/A,1,kworker/u8,I (idle),learner.bnsdq.ozxfs.fkiya.kvugl,0.018540343255909034
1759316295,51982,1,0,0,0,0,0,0,0,0,6979584,6979584,3260416,135168,278528,1,bash,S (sleeping),learner.bnsdq.ozxfs.fkiya.kvugl,0.0
1759316295,48160,1,0,0,0,0,0,0,0,0,1562157056,1562157056,22249472,135168,200482816,12,containerd-shim,S (sleeping),learner.bnsdq.ozxfs.fkiya.kvugl,0.014832244147117337
1759316295,48180,48160,0,0,0,0,0,0,0,0,5939200,5926912,3379200,135168,307200,1,bash,S (sleeping),learner.bnsdq.ozxfs.fkiya.kvugl,0.0148874308627145
1759316295,48041,2,0,0,0,0,0,0,0,0,N/A,N/A,N/A,N/A,N/A,1,kworker/1,I (idle),learner.bnsdq.ozxfs.fkiya.kvugl,0.029124455438069533
1759316295,48127,48126,1001,0,0,0,0,0,0,0,11055104,11034624,5169152,135168,659456,1,sudo,S (sleeping),learner.bnsdq.ozxfs.fkiya.kvugl,0.0
1759316295,48139,2,0,0,0,0,0,0,0,0,N/A,N/A,N/A,N/A,N/A,1,kworker/u8,I (idle),learner.bnsdq.ozxfs.fkiya.kvugl,0.0
1759316295,47452,2,0,0,0,0,0,0,0,0,N/A,N/A,N/A,N/A,N/A,1,kworker/2,I (idle),learner.bnsdq.ozxfs.fkiya.kvugl,0.00947316776403311
1759316295,52015,51981,0,0,0,0,0,0,0,0,5492736,5492736,585728,135168,180224,1,sleep,S (sleeping),learner.bnsdq.ozxfs.fkiya.kvugl,0.0
1759316295,48137,2,0,0,0,0,0,0,0,0,N/A,N/A,N/A,N/A,N/A,1,kworker/u8,I (idle),learner.bnsdq.ozxfs.fkiya.kvugl,0.01112411440803435
1759316295,51981,1,0,0,0,0,0,0,0,0,6979584,6979584,3338240,135168,278528,1,bash,S (sleeping),learner.bnsdq.ozxfs.fkiya.kvugl,0.0
1759316295,51988,1,0,0,0,0,0,0,0,0,6979584,6979584,3268608,135168,278528,1,bash,S (sleeping),learner.bnsdq.ozxfs.fkiya.kvugl,0.0
1759316295,52004,1,101,101,101,101,102,102,102,102,16568320,16568320,7467008,135168,630784,1,systemd-network,S (sleeping),learner.bnsdq.ozxfs.fkiya.kvugl,2.9671314652985346
1759316295,52011,51985,0,0,0,0,0,0,0,0,5492736,5492736,585728,135168,180224,1,sleep,S (sleeping),learner.bnsdq.ozxfs.fkiya.kvugl,0.0
1759316295,48097,1,1001,1001,1001,1001,1001,1001,1001,1001,15548416,15515648,8888320,135168,733184,1,systemd,S (sleeping),learner.bnsdq.ozxfs.fkiya.kvugl,0.029664171387880953
1759316295,51983,1,0,0,0,0,0,0,0,0,6979584,6979584,3248128,135168,278528,1,bash,S (sleeping),learner.bnsdq.ozxfs.fkiya.kvugl,0.0
1759316295,48128,48127,0,0,0,0,0,0,0,0,1448742912,1382223872,65024000,135168,177422336,9,docker,S (sleeping),learner.bnsdq.ozxfs.fkiya.kvugl,0.04078815904978954
1759316295,51943,2,0,0,0,0,0,0,0,0,N/A,N/A,N/A,N/A,N/A,1,kworker/2,I (idle),learner.bnsdq.ozxfs.fkiya.kvugl,0.0
1759316295,48212,48180,0,0,0,0,0,0,0,0,4386816,4386816,577536,135168,180224,1,tee,S (sleeping),learner.bnsdq.ozxfs.fkiya.kvugl,0.0
1759316295,52013,51988,0,0,0,0,0,0,0,0,5492736,5492736,581632,135168,180224,1,sleep,S (sleeping),learner.bnsdq.ozxfs.fkiya.kvugl,0.0
1759316300,48138,2,0,0,0,0,0,0,0,0,N/A,N/A,N/A,N/A,N/A,1,kworker/u8,I (idle),learner.bnsdq.ozxfs.fkiya.kvugl,0.0
1759316300,48135,2,0,0,0,0,0,0,0,0,N/A,N/A,N/A,N/A,N/A,1,kworker/u8,I (idle),learner.bnsdq.ozxfs.fkiya.kvugl,0.0
1759316300,48127,48126,1001,0,0,0,0,0,0,0,11055104,11034624,5169152,135168,659456,1,sudo,S (sleeping),learner.bnsdq.ozxfs.fkiya.kvugl,0.0
1759316300,47452,2,0,0,0,0,0,0,0,0,N/A,N/A,N/A,N/A,N/A,1,kworker/2,I (idle),learner.bnsdq.ozxfs.fkiya.kvugl,0.009322511347450331
1759316300,48098,48097,1001,1001,1001,1001,1001,1001,1001,1001,172527616,172527616,3739648,1056768,20037632,1,(sd-pam),S (sleeping),learner.bnsdq.ozxfs.fkiya.kvugl,0.0
1759316300,52080,241,0,0,0,0,0,0,0,0,23040000,21975040,4083712,135168,724992,1,systemd-udevd,S (sleeping),learner.bnsdq.ozxfs.fkiya.kvugl,0.0
1759316300,48041,2,0,0,0,0,0,0,0,0,N/A,N/A,N/A,N/A,N/A,1,kworker/1,I (idle),learner.bnsdq.ozxfs.fkiya.kvugl,0.028591592546490623
1759316300,51943,2,0,0,0,0,0,0,0,0,N/A,N/A,N/A,N/A,N/A,1,kworker/2,I (idle),learner.bnsdq.ozxfs.fkiya.kvugl,0.0
1759316300,48211,48180,0,0,0,0,0,0,0,0,3614457856,3342696448,1380356096,147456,1639624704,17,python3,S (sleeping),learner.bnsdq.ozxfs.fkiya.kvugl,169.84466598270527
1759316300,48094,2699,0,0,0,0,0,0,0,0,15106048,15069184,9199616,135168,1175552,1,sshd,S (sleeping),learner.bnsdq.ozxfs.fkiya.kvugl,0.0036389651896366814
1759316300,48115,48094,1001,1001,1001,1001,1001,1001,1001,1001,15069184,15069184,6053888,135168,1175552,1,sshd,S (sleeping),learner.bnsdq.ozxfs.fkiya.kvugl,0.0
1759316300,48097,1,1001,1001,1001,1001,1001,1001,1001,1001,15548416,15515648,8888320,135168,733184,1,systemd,S (sleeping),learner.bnsdq.ozxfs.fkiya.kvugl,0.029111661093558238
1759316300,48180,48160,0,0,0,0,0,0,0,0,5939200,5926912,3379200,135168,307200,1,bash,S (sleeping),learner.bnsdq.ozxfs.fkiya.kvugl,0.014608977429032987
1759316300,48160,1,0,0,0,0,0,0,0,0,1562157056,1562157056,22249472,135168,200482816,12,containerd-shim,S (sleeping),learner.bnsdq.ozxfs.fkiya.kvugl,0.014555801374948486
1759316300,48126,48115,1001,1001,1001,1001,1001,1001,1001,1001,6979584,6979584,3268608,135168,278528,1,bash,S (sleeping),learner.bnsdq.ozxfs.fkiya.kvugl,0.0
1759316300,47259,2,0,0,0,0,0,0,0,0,N/A,N/A,N/A,N/A,N/A,1,kworker/1,I (idle),learner.bnsdq.ozxfs.fkiya.kvugl,0.0
1759316300,48136,2,0,0,0,0,0,0,0,0,N/A,N/A,N/A,N/A,N/A,1,kworker/u8,I (idle),learner.bnsdq.ozxfs.fkiya.kvugl,0.018194697729919884
1759316300,52068,1,101,101,101,101,102,102,102,102,16568320,16568320,7479296,135168,630784,1,systemd-network,S (sleeping),learner.bnsdq.ozxfs.fkiya.kvugl,1.6614876545751747
1759316300,48128,48127,0,0,0,0,0,0,0,0,1448742912,1382223872,65024000,135168,177422336,9,docker,S (sleeping),learner.bnsdq.ozxfs.fkiya.kvugl,0.04002825208194667
1759316300,48137,2,0,0,0,0,0,0,0,0,N/A,N/A,N/A,N/A,N/A,1,kworker/u8,I (idle),learner.bnsdq.ozxfs.fkiya.kvugl,0.010916786146723256
1759316300,43214,2,0,0,0,0,0,0,0,0,N/A,N/A,N/A,N/A,N/A,1,kworker/3,I (idle),learner.bnsdq.ozxfs.fkiya.kvugl,0.011312100129323977
1759316300,43084,2,0,0,0,0,0,0,0,0,N/A,N/A,N/A,N/A,N/A,1,kworker/0,I (idle),learner.bnsdq.ozxfs.fkiya.kvugl,0.06381553218152987
1759316300,48212,48180,0,0,0,0,0,0,0,0,4386816,4386816,577536,135168,180224,1,tee,S (sleeping),learner.bnsdq.ozxfs.fkiya.kvugl,0.0
1759316300,50825,2,0,0,0,0,0,0,0,0,N/A,N/A,N/A,N/A,N/A,1,kworker/0,I (idle),learner.bnsdq.ozxfs.fkiya.kvugl,0.010660159564042981
1759316300,43087,2,0,0,0,0,0,0,0,0,N/A,N/A,N/A,N/A,N/A,1,kworker/2,I (idle),learner.bnsdq.ozxfs.fkiya.kvugl,0.057433903774874624
1759316300,51696,2,0,0,0,0,0,0,0,0,N/A,N/A,N/A,N/A,N/A,1,kworker/0,I (idle),learner.bnsdq.ozxfs.fkiya.kvugl,0.0
1759316300,43195,1,0,0,0,0,0,0,0,0,1799233536,1732124672,28663808,135168,99774464,7,discern-interfa,S (sleeping),learner.bnsdq.ozxfs.fkiya.kvugl,0.003221607926084445
1759316300,48139,2,0,0,0,0,0,0,0,0,N/A,N/A,N/A,N/A,N/A,1,kworker/u8,I (idle),learner.bnsdq.ozxfs.fkiya.kvugl,0.0
1759316305,47259,2,0,0,0,0,0,0,0,0,N/A,N/A,N/A,N/A,N/A,1,kworker/1,I (idle),learner.bnsdq.ozxfs.fkiya.kvugl,0.0
1759316305,48136,2,0,0,0,0,0,0,0,0,N/A,N/A,N/A,N/A,N/A,1,kworker/u8,I (idle),learner.bnsdq.ozxfs.fkiya.kvugl,0.01786326343475109
1759316305,52162,52131,0,0,0,0,0,0,0,0,5492736,5492736,516096,135168,180224,1,sleep,S (sleeping),learner.bnsdq.ozxfs.fkiya.kvugl,0.0
1759316305,48097,1,1001,1001,1001,1001,1001,1001,1001,1001,15548416,15515648,8888320,135168,733184,1,systemd,S (sleeping),learner.bnsdq.ozxfs.fkiya.kvugl,0.028581163406429994
1759316305,52127,1,0,0,0,0,0,0,0,0,6979584,6979584,3321856,135168,278528,1,bash,S (sleeping),learner.bnsdq.ozxfs.fkiya.kvugl,0.0
1759316305,48115,48094,1001,1001,1001,1001,1001,1001,1001,1001,15069184,15069184,6053888,135168,1175552,1,sshd,S (sleeping),learner.bnsdq.ozxfs.fkiya.kvugl,0.0
1759316305,52164,52129,0,0,0,0,0,0,0,0,5492736,5492736,516096,135168,180224,1,sleep,S (sleeping),learner.bnsdq.ozxfs.fkiya.kvugl,0.0
1759316305,48127,48126,1001,0,0,0,0,0,0,0,11055104,11034624,5169152,135168,659456,1,sudo,S (sleeping),learner.bnsdq.ozxfs.fkiya.kvugl,0.0
1759316305,51696,2,0,0,0,0,0,0,0,0,N/A,N/A,N/A,N/A,N/A,1,kworker/0,I (idle),learner.bnsdq.ozxfs.fkiya.kvugl,0.02864750058750416
1759316305,48098,48097,1001,1001,1001,1001,1001,1001,1001,1001,172527616,172527616,3739648,1056768,20037632,1,(sd-pam),S (sleeping),learner.bnsdq.ozxfs.fkiya.kvugl,0.0
1759316305,43214,2,0,0,0,0,0,0,0,0,N/A,N/A,N/A,N/A,N/A,1,kworker/3,I (idle),learner.bnsdq.ozxfs.fkiya.kvugl,0.011219611383067448
1759316305,48212,48180,0,0,0,0,0,0,0,0,4386816,4386816,577536,135168,180224,1,tee,S (sleeping),learner.bnsdq.ozxfs.fkiya.kvugl,0.0
1759316305,43087,2,0,0,0,0,0,0,0,0,N/A,N/A,N/A,N/A,N/A,1,kworker/2,I (idle),learner.bnsdq.ozxfs.fkiya.kvugl,0.056970312761260924
1759316305,48135,2,0,0,0,0,0,0,0,0,N/A,N/A,N/A,N/A,N/A,1,kworker/u8,I (idle),learner.bnsdq.ozxfs.fkiya.kvugl,0.0
1759316305,51943,2,0,0,0,0,0,0,0,0,N/A,N/A,N/A,N/A,N/A,1,kworker/2,I (idle),learner.bnsdq.ozxfs.fkiya.kvugl,0.0
1759316305,43195,1,0,0,0,0,0,0,0,0,1799233536,1732124672,28663808,135168,99774464,7,discern-interfa,S (sleeping),learner.bnsdq.ozxfs.fkiya.kvugl,0.003195353948998124
1759316305,48211,48180,0,0,0,0,0,0,0,0,3614457856,3268927488,1380356096,147456,1565855744,17,python3,S (sleeping),learner.bnsdq.ozxfs.fkiya.kvugl,169.44952082618963
1759316305,52109,1,0,0,0,0,0,0,0,0,728399872,728399872,7925760,135168,105480192,5,foundryc,S (sleeping),learner.bnsdq.ozxfs.fkiya.kvugl,0.0
1759316305,48126,48115,1001,1001,1001,1001,1001,1001,1001,1001,6979584,6979584,3268608,135168,278528,1,bash,S (sleeping),learner.bnsdq.ozxfs.fkiya.kvugl,0.0
1759316305,48139,2,0,0,0,0,0,0,0,0,N/A,N/A,N/A,N/A,N/A,1,kworker/u8,I (idle),learner.bnsdq.ozxfs.fkiya.kvugl,0.0
1759316305,52160,52130,0,0,0,0,0,0,0,0,5492736,5492736,577536,135168,180224,1,sleep,S (sleeping),learner.bnsdq.ozxfs.fkiya.kvugl,0.0
1759316305,48128,48127,0,0,0,0,0,0,0,0,1448742912,1382223872,65024000,135168,177422336,9,docker,S (sleeping),learner.bnsdq.ozxfs.fkiya.kvugl,0.03929830879929754
1759316305,52120,1,101,101,101,101,102,102,102,102,16568320,16568320,7565312,135168,630784,1,systemd-network,S (sleeping),learner.bnsdq.ozxfs.fkiya.kvugl,1.015141058650025
1759316305,48094,2699,0,0,0,0,0,0,0,0,15106048,15069184,9199616,135168,1175552,1,sshd,S (sleeping),learner.bnsdq.ozxfs.fkiya.kvugl,0.0035725671942839726
1759316305,48137,2,0,0,0,0,0,0,0,0,N/A,N/A,N/A,N/A,N/A,1,kworker/u8,I (idle),learner.bnsdq.ozxfs.fkiya.kvugl,0.010717691229439455
1759316305,52163,52127,0,0,0,0,0,0,0,0,5492736,5492736,512000,135168,180224,1,sleep,S (sleeping),learner.bnsdq.ozxfs.fkiya.kvugl,0.0
1759316306,47452,2,0,0,0,0,0,0,0,0,N/A,N/A,N/A,N/A,N/A,1,kworker/2,I (idle),learner.bnsdq.ozxfs.fkiya.kvugl,0.009176795558970913
1759316306,52130,1,0,0,0,0,0,0,0,0,6979584,6979584,3211264,135168,278528,1,bash,S (sleeping),learner.bnsdq.ozxfs.fkiya.kvugl,0.0
1759316306,48160,1,0,0,0,0,0,0,0,0,1562157056,1562157056,22249472,135168,200482816,12,containerd-shim,S (sleeping),learner.bnsdq.ozxfs.fkiya.kvugl,0.014290205219360476
1759316306,48138,2,0,0,0,0,0,0,0,0,N/A,N/A,N/A,N/A,N/A,1,kworker/u8,I (idle),learner.bnsdq.ozxfs.fkiya.kvugl,0.0
1759316306,52129,1,0,0,0,0,0,0,0,0,6979584,6979584,3317760,135168,278528,1,bash,S (sleeping),learner.bnsdq.ozxfs.fkiya.kvugl,0.0
1759316306,52131,1,0,0,0,0,0,0,0,0,6979584,6979584,3215360,135168,278528,1,bash,S (sleeping),learner.bnsdq.ozxfs.fkiya.kvugl,0.0
1759316306,48041,2,0,0,0,0,0,0,0,0,N/A,N/A,N/A,N/A,N/A,1,kworker/1,I (idle),learner.bnsdq.ozxfs.fkiya.kvugl,0.02807875237449385
1759316306,48180,48160,0,0,0,0,0,0,0,0,5939200,5926912,3379200,135168,307200,1,bash,S (sleeping),learner.bnsdq.ozxfs.fkiya.kvugl,0.014341380246348423
1759316306,50825,2,0,0,0,0,0,0,0,0,N/A,N/A,N/A,N/A,N/A,1,kworker/0,I (idle),learner.bnsdq.ozxfs.fkiya.kvugl,0.010109853976503203
1759316306,52161,52126,0,0,0,0,0,0,0,0,5492736,5492736,516096,135168,180224,1,sleep,S (sleeping),learner.bnsdq.ozxfs.fkiya.kvugl,0.0
1759316306,43084,2,0,0,0,0,0,0,0,0,N/A,N/A,N/A,N/A,N/A,1,kworker/0,I (idle),learner.bnsdq.ozxfs.fkiya.kvugl,0.06329976611483484
1759316306,52110,1,0,0,0,0,0,0,0,0,6979584,6979584,3420160,135168,278528,1,bash,S (sleeping),learner.bnsdq.ozxfs.fkiya.kvugl,0.0
1759316306,52126,1,0,0,0,0,0,0,0,0,6979584,6979584,3477504,135168,278528,1,bash,S (sleeping),learner.bnsdq.ozxfs.fkiya.kvugl,0.0
1759316306,52154,52110,0,0,0,0,0,0,0,0,5492736,5492736,520192,135168,180224,1,sleep,S (sleeping),learner.bnsdq.ozxfs.fkiya.kvugl,0.0
1759316311,48211,48180,0,0,0,0,0,0,0,0,3614457856,3325513728,1380356096,147456,1622441984,17,python3,S (sleeping),learner.bnsdq.ozxfs.fkiya.kvugl,168.95906455530402
1759316311,51696,2,0,0,0,0,0,0,0,0,N/A,N/A,N/A,N/A,N/A,1,kworker/0,I (idle),learner.bnsdq.ozxfs.fkiya.kvugl,0.024971751953565834
1759316311,48138,2,0,0,0,0,0,0,0,0,N/A,N/A,N/A,N/A,N/A,1,kworker/u8,I (idle),learner.bnsdq.ozxfs.fkiya.kvugl,0.0
1759316311,43087,2,0,0,0,0,0,0,0,0,N/A,N/A,N/A,N/A,N/A,1,kworker/2,I (idle),learner.bnsdq.ozxfs.fkiya.kvugl,0.05651088099197817
1759316311,48160,1,0,0,0,0,0,0,0,0,1562157056,1562157056,22249472,135168,200482816,12,containerd-shim,S (sleeping),learner.bnsdq.ozxfs.fkiya.kvugl,0.014032843530337118
1759316311,52251,1,101,101,101,101,102,102,102,102,16568320,16568320,7397376,135168,630784,1,systemd-network,S (sleeping),learner.bnsdq.ozxfs.fkiya.kvugl,1.4664947359318443
1759316311,48137,2,0,0,0,0,0,0,0,0,N/A,N/A,N/A,N/A,N/A,1,kworker/u8,I (idle),learner.bnsdq.ozxfs.fkiya.kvugl,0.010524624280500593
1759316311,48128,48127,0,0,0,0,0,0,0,0,1448742912,1382223872,65024000,135168,177422336,9,docker,S (sleeping),learner.bnsdq.ozxfs.fkiya.kvugl,0.038590273348070636
1759316311,48139,2,0,0,0,0,0,0,0,0,N/A,N/A,N/A,N/A,N/A,1,kworker/u8,I (idle),learner.bnsdq.ozxfs.fkiya.kvugl,0.0
1759316311,43084,2,0,0,0,0,0,0,0,0,N/A,N/A,N/A,N/A,N/A,1,kworker/0,I (idle),learner.bnsdq.ozxfs.fkiya.kvugl,0.06278980013527632
1759316311,52220,1,0,0,0,0,0,0,0,0,1602510848,1602510848,219254784,135168,350195712,7,discern-file-so,S (sleeping),learner.bnsdq.ozxfs.fkiya.kvugl,95.51633449032269
1759316311,52227,1,0,0,0,0,0,0,0,0,728399872,728399872,7929856,135168,105480192,6,foundryc,S (sleeping),learner.bnsdq.ozxfs.fkiya.kvugl,0.0
1759316311,52228,1,0,0,0,0,0,0,0,0,6979584,6979584,3211264,135168,278528,1,bash,S (sleeping),learner.bnsdq.ozxfs.fkiya.kvugl,0.0
1759316311,52256,52231,0,0,0,0,0,0,0,0,5492736,5492736,581632,135168,180224,1,sleep,S (sleeping),learner.bnsdq.ozxfs.fkiya.kvugl,0.0
1759316311,52260,52233,0,0,0,0,0,0,0,0,5492736,5492736,512000,135168,180224,1,sleep,S (sleeping),learner.bnsdq.ozxfs.fkiya.kvugl,0.0
1759316311,48212,48180,0,0,0,0,0,0,0,0,4386816,4386816,577536,135168,180224,1,tee,S (sleeping),learner.bnsdq.ozxfs.fkiya.kvugl,0.0
1759316311,43195,1,0,0,0,0,0,0,0,0,1799233536,1732124672,28663808,135168,99774464,7,discern-interfa,S (sleeping),learner.bnsdq.ozxfs.fkiya.kvugl,0.0031693358423722754
1759316311,50825,2,0,0,0,0,0,0,0,0,N/A,N/A,N/A,N/A,N/A,1,kworker/0,I (idle),learner.bnsdq.ozxfs.fkiya.kvugl,0.009611023841208828
1759316311,52261,52229,0,0,0,0,0,0,0,0,5492736,5492736,516096,135168,180224,1,sleep,S (sleeping),learner.bnsdq.ozxfs.fkiya.kvugl,0.0
1759316311,48135,2,0,0,0,0,0,0,0,0,N/A,N/A,N/A,N/A,N/A,1,kworker/u8,I (idle),learner.bnsdq.ozxfs.fkiya.kvugl,0.0
1759316311,52193,2,0,0,0,0,0,0,0,0,N/A,N/A,N/A,N/A,N/A,1,kworker/3,I (idle),learner.bnsdq.ozxfs.fkiya.kvugl,0.0
1759316311,52230,1,0,0,0,0,0,0,0,0,6979584,6979584,3325952,135168,278528,1,bash,S (sleeping),learner.bnsdq.ozxfs.fkiya.kvugl,0.0
1759316311,48094,2699,0,0,0,0,0,0,0,0,15106048,15069184,9199616,135168,1175552,1,sshd,S (sleeping),learner.bnsdq.ozxfs.fkiya.kvugl,0.003508180672415614
1759316311,52231,1,0,0,0,0,0,0,0,0,6979584,6979584,3334144,135168,278528,1,bash,S (sleeping),learner.bnsdq.ozxfs.fkiya.kvugl,0.0
1759316311,52259,52228,0,0,0,0,0,0,0,0,5492736,5492736,585728,135168,180224,1,sleep,S (sleeping),learner.bnsdq.ozxfs.fkiya.kvugl,0.0
1759316311,48098,48097,1001,1001,1001,1001,1001,1001,1001,1001,172527616,172527616,3739648,1056768,20037632,1,(sd-pam),S (sleeping),learner.bnsdq.ozxfs.fkiya.kvugl,0.0
1759316311,48126,48115,1001,1001,1001,1001,1001,1001,1001,1001,6979584,6979584,3268608,135168,278528,1,bash,S (sleeping),learner.bnsdq.ozxfs.fkiya.kvugl,0.0
1759316311,47259,2,0,0,0,0,0,0,0,0,N/A,N/A,N/A,N/A,N/A,1,kworker/1,I (idle),learner.bnsdq.ozxfs.fkiya.kvugl,0.0
1759316311,43214,2,0,0,0,0,0,0,0,0,N/A,N/A,N/A,N/A,N/A,1,kworker/3,I (idle),learner.bnsdq.ozxfs.fkiya.kvugl,0.011127908402097307
1759316311,52229,1,0,0,0,0,0,0,0,0,6979584,6979584,3350528,135168,278528,1,bash,S (sleeping),learner.bnsdq.ozxfs.fkiya.kvugl,0.0
1759316311,48115,48094,1001,1001,1001,1001,1001,1001,1001,1001,15069184,15069184,6053888,135168,1175552,1,sshd,S (sleeping),learner.bnsdq.ozxfs.fkiya.kvugl,0.0
1759316311,48127,48126,1001,0,0,0,0,0,0,0,11055104,11034624,5169152,135168,659456,1,sudo,S (sleeping),learner.bnsdq.ozxfs.fkiya.kvugl,0.0
1759316311,52262,52230,0,0,0,0,0,0,0,0,5492736,5492736,516096,135168,180224,1,sleep,S (sleeping),learner.bnsdq.ozxfs.fkiya.kvugl,0.0
1759316311,47452,2,0,0,0,0,0,0,0,0,N/A,N/A,N/A,N/A,N/A,1,kworker/2,I (idle),learner.bnsdq.ozxfs.fkiya.kvugl,0.009034767404989508
1759316311,52233,1,0,0,0,0,0,0,0,0,6979584,6979584,3321856,135168,278528,1,bash,S (sleeping),learner.bnsdq.ozxfs.fkiya.kvugl,0.0
1759316311,48136,2,0,0,0,0,0,0,0,0,N/A,N/A,N/A,N/A,N/A,1,kworker/u8,I (idle),learner.bnsdq.ozxfs.fkiya.kvugl,0.017540721921887582
1759316311,48180,48160,0,0,0,0,0,0,0,0,5939200,5926912,3379200,135168,307200,1,bash,S (sleeping),learner.bnsdq.ozxfs.fkiya.kvugl,0.014081970583679602
1759316311,48097,1,1001,1001,1001,1001,1001,1001,1001,1001,15548416,15515648,8888320,135168,733184,1,systemd,S (sleeping),learner.bnsdq.ozxfs.fkiya.kvugl,0.028065124675588252
1759316311,48041,2,0,0,0,0,0,0,0,0,N/A,N/A,N/A,N/A,N/A,1,kworker/1,I (idle),learner.bnsdq.ozxfs.fkiya.kvugl,0.027581314860460004
1759316311,51943,2,0,0,0,0,0,0,0,0,N/A,N/A,N/A,N/A,N/A,1,kworker/2,I (idle),learner.bnsdq.ozxfs.fkiya.kvugl,0.0
1759316316,48211,48180,0,0,0,0,0,0,0,0,3614457856,3305496576,1380356096,147456,1602424832,17,python3,S (sleeping),learner.bnsdq.ozxfs.fkiya.kvugl,168.52792288714036
1759316316,48128,48127,0,0,0,0,0,0,0,0,1448742912,1382223872,65024000,135168,177422336,9,docker,S (sleeping),learner.bnsdq.ozxfs.fkiya.kvugl,0.03790893981340403
1759316316,48180,48160,0,0,0,0,0,0,0,0,5939200,5926912,3379200,135168,307200,1,bash,S (sleeping),learner.bnsdq.ozxfs.fkiya.kvugl,0.013832726543056884
1759316316,48115,48094,1001,1001,1001,1001,1001,1001,1001,1001,15069184,15069184,6053888,135168,1175552,1,sshd,S (sleeping),learner.bnsdq.ozxfs.fkiya.kvugl,0.0
1759316316,48041,2,0,0,0,0,0,0,0,0,N/A,N/A,N/A,N/A,N/A,1,kworker/1,I (idle),learner.bnsdq.ozxfs.fkiya.kvugl,0.03049091600316981
1759316316,48139,2,0,0,0,0,0,0,0,0,N/A,N/A,N/A,N/A,N/A,1,kworker/u8,I (idle),learner.bnsdq.ozxfs.fkiya.kvugl,0.0
1759316316,43214,2,0,0,0,0,0,0,0,0,N/A,N/A,N/A,N/A,N/A,1,kworker/3,I (idle),learner.bnsdq.ozxfs.fkiya.kvugl,0.012614905037759992
1759316316,51696,2,0,0,0,0,0,0,0,0,N/A,N/A,N/A,N/A,N/A,1,kworker/0,I (idle),learner.bnsdq.ozxfs.fkiya.kvugl,0.022138238561060116
1759316316,48097,1,1001,1001,1001,1001,1001,1001,1001,1001,15548416,15515648,8888320,135168,733184,1,systemd,S (sleeping),learner.bnsdq.ozxfs.fkiya.kvugl,0.027569943740300085
1759316316,52193,2,0,0,0,0,0,0,0,0,N/A,N/A,N/A,N/A,N/A,1,kworker/3,I (idle),learner.bnsdq.ozxfs.fkiya.kvugl,0.0
1759316316,48138,2,0,0,0,0,0,0,0,0,N/A,N/A,N/A,N/A,N/A,1,kworker/u8,I (idle),learner.bnsdq.ozxfs.fkiya.kvugl,0.0
1759316316,47452,2,0,0,0,0,0,0,0,0,N/A,N/A,N/A,N/A,N/A,1,kworker/2,I (idle),learner.bnsdq.ozxfs.fkiya.kvugl,0.008897539184757476
1759316316,48127,48126,1001,0,0,0,0,0,0,0,11055104,11034624,5169152,135168,659456,1,sudo,S (sleeping),learner.bnsdq.ozxfs.fkiya.kvugl,0.0
1759316316,48160,1,0,0,0,0,0,0,0,0,1562157056,1562157056,22249472,135168,200482816,12,containerd-shim,S (sleeping),learner.bnsdq.ozxfs.fkiya.kvugl,0.013784905769734356
1759316316,48094,2699,0,0,0,0,0,0,0,0,15106048,15069184,9199616,135168,1175552,1,sshd,S (sleeping),learner.bnsdq.ozxfs.fkiya.kvugl,0.003446223157545784
1759316316,48136,2,0,0,0,0,0,0,0,0,N/A,N/A,N/A,N/A,N/A,1,kworker/u8,I (idle),learner.bnsdq.ozxfs.fkiya.kvugl,0.01723109927187269
1759316316,43084,2,0,0,0,0,0,0,0,0,N/A,N/A,N/A,N/A,N/A,1,kworker/0,I (idle),learner.bnsdq.ozxfs.fkiya.kvugl,0.06228848461396022
1759316316,48135,2,0,0,0,0,0,0,0,0,N/A,N/A,N/A,N/A,N/A,1,kworker/u8,I (idle),learner.bnsdq.ozxfs.fkiya.kvugl,0.0
1759316316,48137,2,0,0,0,0,0,0,0,0,N/A,N/A,N/A,N/A,N/A,1,kworker/u8,I (idle),learner.bnsdq.ozxfs.fkiya.kvugl,0.010338631752004893
1759316316,52315,1,101,101,101,101,102,102,102,102,16568320,16568320,7368704,135168,630784,1,systemd-network,S (sleeping),learner.bnsdq.ozxfs.fkiya.kvugl,1.3798843868834034
1759316316,51943,2,0,0,0,0,0,0,0,0,N/A,N/A,N/A,N/A,N/A,1,kworker/2,I (idle),learner.bnsdq.ozxfs.fkiya.kvugl,0.0
1759316316,48126,48115,1001,1001,1001,1001,1001,1001,1001,1001,6979584,6979584,3268608,135168,278528,1,bash,S (sleeping),learner.bnsdq.ozxfs.fkiya.kvugl,0.0
1759316316,48098,48097,1001,1001,1001,1001,1001,1001,1001,1001,172527616,172527616,3739648,1056768,20037632,1,(sd-pam),S (sleeping),learner.bnsdq.ozxfs.fkiya.kvugl,0.0
1759316316,48212,48180,0,0,0,0,0,0,0,0,4386816,4386816,577536,135168,180224,1,tee,S (sleeping),learner.bnsdq.ozxfs.fkiya.kvugl,0.0
1759316316,52327,241,0,0,0,0,0,0,0,0,23040000,21975040,4087808,135168,724992,1,systemd-udevd,S (sleeping),learner.bnsdq.ozxfs.fkiya.kvugl,0.0
1759316316,43195,1,0,0,0,0,0,0,0,0,1799233536,1732124672,28663808,135168,99774464,7,discern-interfa,S (sleeping),learner.bnsdq.ozxfs.fkiya.kvugl,0.003143784760171543
1759316316,43087,2,0,0,0,0,0,0,0,0,N/A,N/A,N/A,N/A,N/A,1,kworker/2,I (idle),learner.bnsdq.ozxfs.fkiya.kvugl,0.05605938401372515
1759316316,47259,2,0,0,0,0,0,0,0,0,N/A,N/A,N/A,N/A,N/A,1,kworker/1,I (idle),learner.bnsdq.ozxfs.fkiya.kvugl,0.0
1759316316,50825,2,0,0,0,0,0,0,0,0,N/A,N/A,N/A,N/A,N/A,1,kworker/0,I (idle),learner.bnsdq.ozxfs.fkiya.kvugl,0.009159465545117663
1759316321,43084,2,0,0,0,0,0,0,0,0,N/A,N/A,N/A,N/A,N/A,1,kworker/0,I (idle),learner.bnsdq.ozxfs.fkiya.kvugl,0.06179803499193994
1759316321,48211,48180,0,0,0,0,0,0,0,0,3614457856,3349229568,1380356096,147456,1646157824,17,python3,S (sleeping),learner.bnsdq.ozxfs.fkiya.kvugl,168.53889149492588
1759316321,43087,2,0,0,0,0,0,0,0,0,N/A,N/A,N/A,N/A,N/A,1,kworker/2,I (idle),learner.bnsdq.ozxfs.fkiya.kvugl,0.05561814558623767
1759316321,52397,52357,0,0,0,0,0,0,0,0,5492736,5492736,577536,135168,180224,1,sleep,S (sleeping),learner.bnsdq.ozxfs.fkiya.kvugl,0.0
1759316321,48180,48160,0,0,0,0,0,0,0,0,5939200,5926912,3379200,135168,307200,1,bash,S (sleeping),learner.bnsdq.ozxfs.fkiya.kvugl,0.013592889968036702
1759316321,52395,52355,0,0,0,0,0,0,0,0,5492736,5492736,516096,135168,180224,1,sleep,S (sleeping),learner.bnsdq.ozxfs.fkiya.kvugl,0.0
1759316321,48097,1,1001,1001,1001,1001,1001,1001,1001,1001,15548416,15515648,8888320,135168,733184,1,systemd,S (sleeping),learner.bnsdq.ozxfs.fkiya.kvugl,0.027093654568711188
1759316321,48135,2,0,0,0,0,0,0,0,0,N/A,N/A,N/A,N/A,N/A,1,kworker/u8,I (idle),learner.bnsdq.ozxfs.fkiya.kvugl,0.0
1759316321,48128,48127,0,0,0,0,0,0,0,0,1448742912,1382223872,65024000,135168,177422336,9,docker,S (sleeping),learner.bnsdq.ozxfs.fkiya.kvugl,0.037253704744637406
1759316321,48139,2,0,0,0,0,0,0,0,0,N/A,N/A,N/A,N/A,N/A,1,kworker/u8,I (idle),learner.bnsdq.ozxfs.fkiya.kvugl,0.0
1759316321,51696,2,0,0,0,0,0,0,0,0,N/A,N/A,N/A,N/A,N/A,1,kworker/0,I (idle),learner.bnsdq.ozxfs.fkiya.kvugl,0.01989133714554275
1759316321,48136,2,0,0,0,0,0,0,0,0,N/A,N/A,N/A,N/A,N/A,1,kworker/u8,I (idle),learner.bnsdq.ozxfs.fkiya.kvugl,0.01693345912344593
1759316321,48041,2,0,0,0,0,0,0,0,0,N/A,N/A,N/A,N/A,N/A,1,kworker/1,I (idle),learner.bnsdq.ozxfs.fkiya.kvugl,0.029972657850903296
1759316321,52354,1,0,0,0,0,0,0,0,0,728399872,728399872,7921664,135168,105480192,6,foundryc,S (sleeping),learner.bnsdq.ozxfs.fkiya.kvugl,0.0
1759316321,52355,1,0,0,0,0,0,0,0,0,6979584,6979584,3284992,135168,278528,1,bash,S (sleeping),learner.bnsdq.ozxfs.fkiya.kvugl,0.0
1759316321,52399,52364,0,0,0,0,0,0,0,0,5492736,5492736,581632,135168,180224,1,sleep,S (sleeping),learner.bnsdq.ozxfs.fkiya.kvugl,0.0
1759316321,50825,2,0,0,0,0,0,0,0,0,N/A,N/A,N/A,N/A,N/A,1,kworker/0,I (idle),learner.bnsdq.ozxfs.fkiya.kvugl,0.008750838711535099
1759316321,48098,48097,1001,1001,1001,1001,1001,1001,1001,1001,172527616,172527616,3739648,1056768,20037632,1,(sd-pam),S (sleeping),learner.bnsdq.ozxfs.fkiya.kvugl,0.0
1759316321,48138,2,0,0,0,0,0,0,0,0,N/A,N/A,N/A,N/A,N/A,1,kworker/u8,I (idle),learner.bnsdq.ozxfs.fkiya.kvugl,0.0
1759316321,52356,1,0,0,0,0,0,0,0,0,6979584,6979584,3153920,135168,278528,1,bash,S (sleeping),learner.bnsdq.ozxfs.fkiya.kvugl,0.0
1759316321,52367,1,0,0,0,0,0,0,0,0,6979584,6979584,3391488,135168,278528,1,bash,S (sleeping),learner.bnsdq.ozxfs.fkiya.kvugl,0.0
1759316321,43195,1,0,0,0,0,0,0,0,0,1799233536,1732124672,28663808,135168,99774464,7,discern-interfa,S (sleeping),learner.bnsdq.ozxfs.fkiya.kvugl,0.003118780831755784
1759316321,48126,48115,1001,1001,1001,1001,1001,1001,1001,1001,6979584,6979584,3268608,135168,278528,1,bash,S (sleeping),learner.bnsdq.ozxfs.fkiya.kvugl,0.0
1759316321,48137,2,0,0,0,0,0,0,0,0,N/A,N/A,N/A,N/A,N/A,1,kworker/u8,I (idle),learner.bnsdq.ozxfs.fkiya.kvugl,0.010159959280044421
1759316321,48115,48094,1001,1001,1001,1001,1001,1001,1001,1001,15069184,15069184,6053888,135168,1175552,1,sshd,S (sleeping),learner.bnsdq.ozxfs.fkiya.kvugl,0.0
1759316321,51943,2,0,0,0,0,0,0,0,0,N/A,N/A,N/A,N/A,N/A,1,kworker/2,I (idle),learner.bnsdq.ozxfs.fkiya.kvugl,0.031972025043863574
1759316321,43214,2,0,0,0,0,0,0,0,0,N/A,N/A,N/A,N/A,N/A,1,kworker/3,I (idle),learner.bnsdq.ozxfs.fkiya.kvugl,0.01251412513445547
1759316321,48212,48180,0,0,0,0,0,0,0,0,4386816,4386816,577536,135168,180224,1,tee,S (sleeping),learner.bnsdq.ozxfs.fkiya.kvugl,0.0
1759316321,48094,2699,0,0,0,0,0,0,0,0,15106048,15069184,9199616,135168,1175552,1,sshd,S (sleeping),learner.bnsdq.ozxfs.fkiya.kvugl,0.0033866365203593933
1759316321,48127,48126,1001,0,0,0,0,0,0,0,11055104,11034624,5169152,135168,659456,1,sudo,S (sleeping),learner.bnsdq.ozxfs.fkiya.kvugl,0.0
1759316321,52398,52367,0,0,0,0,0,0,0,0,5492736,5492736,516096,135168,180224,1,sleep,S (sleeping),learner.bnsdq.ozxfs.fkiya.kvugl,0.0
1759316321,52357,1,0,0,0,0,0,0,0,0,6979584,6979584,3411968,135168,278528,1,bash,S (sleeping),learner.bnsdq.ozxfs.fkiya.kvugl,0.0
1759316321,48160,1,0,0,0,0,0,0,0,0,1562157056,1562157056,22249472,135168,200482816,12,containerd-shim,S (sleeping),learner.bnsdq.ozxfs.fkiya.kvugl,0.013546489678602995
1759316321,52364,1,0,0,0,0,0,0,0,0,6979584,6979584,3252224,135168,278528,1,bash,S (sleeping),learner.bnsdq.ozxfs.fkiya.kvugl,0.0
1759316321,52378,1,101,101,101,101,102,102,102,102,16568320,16568320,7467008,135168,630784,1,systemd-network,S (sleeping),learner.bnsdq.ozxfs.fkiya.kvugl,1.524396973557371
1759316321,52396,52356,0,0,0,0,0,0,0,0,5492736,5492736,516096,135168,180224,1,sleep,S (sleeping),learner.bnsdq.ozxfs.fkiya.kvugl,0.0
1759316321,47452,2,0,0,0,0,0,0,0,0,N/A,N/A,N/A,N/A,N/A,1,kworker/2,I (idle),learner.bnsdq.ozxfs.fkiya.kvugl,0.008764740940858703
1759316321,47259,2,0,0,0,0,0,0,0,0,N/A,N/A,N/A,N/A,N/A,1,kworker/1,I (idle),learner.bnsdq.ozxfs.fkiya.kvugl,0.0
1759316321,52193,2,0,0,0,0,0,0,0,0,N/A,N/A,N/A,N/A,N/A,1,kworker/3,I (idle),learner.bnsdq.ozxfs.fkiya.kvugl,0.0
1759316326,43195,1,0,0,0,0,0,0,0,0,1799233536,1732124672,28663808,135168,99774464,7,discern-interfa,S (sleeping),learner.bnsdq.ozxfs.fkiya.kvugl,0.0030940528040963684
1759316326,48126,48115,1001,1001,1001,1001,1001,1001,1001,1001,6979584,6979584,3268608,135168,278528,1,bash,S (sleeping),learner.bnsdq.ozxfs.fkiya.kvugl,0.0
1759316326,48139,2,0,0,0,0,0,0,0,0,N/A,N/A,N/A,N/A,N/A,1,kworker/u8,I (idle),learner.bnsdq.ozxfs.fkiya.kvugl,0.0
1759316326,52454,241,0,0,0,0,0,0,0,0,23040000,21975040,4083712,135168,724992,1,systemd-udevd,S (sleeping),learner.bnsdq.ozxfs.fkiya.kvugl,0.0
1759316326,47452,2,0,0,0,0,0,0,0,0,N/A,N/A,N/A,N/A,N/A,1,kworker/2,I (idle),learner.bnsdq.ozxfs.fkiya.kvugl,0.008635520592192553
1759316326,48160,1,0,0,0,0,0,0,0,0,1562157056,1562157056,22249472,135168,200482816,12,containerd-shim,S (sleeping),learner.bnsdq.ozxfs.fkiya.kvugl,0.013315465078567077
1759316326,43087,2,0,0,0,0,0,0,0,0,N/A,N/A,N/A,N/A,N/A,1,kworker/2,I (idle),learner.bnsdq.ozxfs.fkiya.kvugl,0.05518063486658501
1759316326,48136,2,0,0,0,0,0,0,0,0,N/A,N/A,N/A,N/A,N/A,1,kworker/u8,I (idle),learner.bnsdq.ozxfs.fkiya.kvugl,0.01664430461488121
1759316326,48115,48094,1001,1001,1001,1001,1001,1001,1001,1001,15069184,15069184,6053888,135168,1175552,1,sshd,S (sleeping),learner.bnsdq.ozxfs.fkiya.kvugl,0.0
1759316326,43214,2,0,0,0,0,0,0,0,0,N/A,N/A,N/A,N/A,N/A,1,kworker/3,I (idle),learner.bnsdq.ozxfs.fkiya.kvugl,0.012414581315419494
1759316326,48212,48180,0,0,0,0,0,0,0,0,4386816,4386816,577536,135168,180224,1,tee,S (sleeping),learner.bnsdq.ozxfs.fkiya.kvugl,0.0
1759316326,48098,48097,1001,1001,1001,1001,1001,1001,1001,1001,172527616,172527616,3739648,1056768,20037632,1,(sd-pam),S (sleeping),learner.bnsdq.ozxfs.fkiya.kvugl,0.0
1759316326,50825,2,0,0,0,0,0,0,0,0,N/A,N/A,N/A,N/A,N/A,1,kworker/0,I (idle),learner.bnsdq.ozxfs.fkiya.kvugl,0.008374912774562164
1759316326,48094,2699,0,0,0,0,0,0,0,0,15106048,15069184,9199616,135168,1175552,1,sshd,S (sleeping),learner.bnsdq.ozxfs.fkiya.kvugl,0.0033288453242256693
1759316326,48127,48126,1001,0,0,0,0,0,0,0,11055104,11034624,5169152,135168,659456,1,sudo,S (sleeping),learner.bnsdq.ozxfs.fkiya.kvugl,0.0
1759316326,48211,48180,0,0,0,0,0,0,0,0,3614457856,3313598464,1380356096,147456,1610526720,17,python3,S (sleeping),learner.bnsdq.ozxfs.fkiya.kvugl,168.6010963458378
1759316326,48137,2,0,0,0,0,0,0,0,0,N/A,N/A,N/A,N/A,N/A,1,kworker/u8,I (idle),learner.bnsdq.ozxfs.fkiya.kvugl,0.009986512738456363
1759316326,51696,2,0,0,0,0,0,0,0,0,N/A,N/A,N/A,N/A,N/A,1,kworker/0,I (idle),learner.bnsdq.ozxfs.fkiya.kvugl,0.018048791360784182
1759316326,48180,48160,0,0,0,0,0,0,0,0,5939200,5926912,3379200,135168,307200,1,bash,S (sleeping),learner.bnsdq.ozxfs.fkiya.kvugl,0.01335980372549151
1759316326,48138,2,0,0,0,0,0,0,0,0,N/A,N/A,N/A,N/A,N/A,1,kworker/u8,I (idle),learner.bnsdq.ozxfs.fkiya.kvugl,0.0
1759316326,48041,2,0,0,0,0,0,0,0,0,N/A,N/A,N/A,N/A,N/A,1,kworker/1,I (idle),learner.bnsdq.ozxfs.fkiya.kvugl,0.029468845225311003
1759316326,48097,1,1001,1001,1001,1001,1001,1001,1001,1001,15548416,15515648,8888320,135168,733184,1,systemd,S (sleeping),learner.bnsdq.ozxfs.fkiya.kvugl,0.026630484728064712
1759316326,48135,2,0,0,0,0,0,0,0,0,N/A,N/A,N/A,N/A,N/A,1,kworker/u8,I (idle),learner.bnsdq.ozxfs.fkiya.kvugl,0.0
1759316326,52442,1,101,101,101,101,102,102,102,102,16568320,16568320,7454720,135168,630784,1,systemd-network,S (sleeping),learner.bnsdq.ozxfs.fkiya.kvugl,1.1736593165512563
1759316326,48128,48127,0,0,0,0,0,0,0,0,1448742912,1382223872,65024000,135168,177422336,9,docker,S (sleeping),learner.bnsdq.ozxfs.fkiya.kvugl,0.03661681897982711
1759316326,43084,2,0,0,0,0,0,0,0,0,N/A,N/A,N/A,N/A,N/A,1,kworker/0,I (idle),learner.bnsdq.ozxfs.fkiya.kvugl,0.061311265410790114
1759316326,51943,2,0,0,0,0,0,0,0,0,N/A,N/A,N/A,N/A,N/A,1,kworker/2,I (idle),learner.bnsdq.ozxfs.fkiya.kvugl,0.02746576034078431
1759316326,52193,2,0,0,0,0,0,0,0,0,N/A,N/A,N/A,N/A,N/A,1,kworker/3,I (idle),learner.bnsdq.ozxfs.fkiya.kvugl,0.0
1759316331,48126,48115,1001,1001,1001,1001,1001,1001,1001,1001,6979584,6979584,3268608,135168,278528,1,bash,S (sleeping),learner.bnsdq.ozxfs.fkiya.kvugl,0.0
1759316331,52532,52483,0,0,0,0,0,0,0,0,5492736,5492736,503808,135168,180224,1,sleep,S (sleeping),learner.bnsdq.ozxfs.fkiya.kvugl,0.0
1759316331,52489,1,0,0,0,0,0,0,0,0,6979584,6979584,3264512,135168,278528,1,bash,S (sleeping),learner.bnsdq.ozxfs.fkiya.kvugl,0.0
1759316331,43084,2,0,0,0,0,0,0,0,0,N/A,N/A,N/A,N/A,N/A,1,kworker/0,I (idle),learner.bnsdq.ozxfs.fkiya.kvugl,0.06083680649016584
1759316331,52488,1,0,0,0,0,0,0,0,0,6979584,6979584,3440640,135168,278528,1,bash,S (sleeping),learner.bnsdq.ozxfs.fkiya.kvugl,0.0
1759316331,48128,48127,0,0,0,0,0,0,0,0,1448742912,1382223872,65024000,135168,177422336,9,docker,S (sleeping),learner.bnsdq.ozxfs.fkiya.kvugl,0.03600686859009441
1759316331,52483,1,0,0,0,0,0,0,0,0,6979584,6979584,3293184,135168,278528,1,bash,S (sleeping),learner.bnsdq.ozxfs.fkiya.kvugl,0.0
1759316331,48094,2699,0,0,0,0,0,0,0,0,15106048,15069184,9199616,135168,1175552,1,sshd,S (sleeping),learner.bnsdq.ozxfs.fkiya.kvugl,0.0032733457920831877
1759316331,52491,1,0,0,0,0,0,0,0,0,6979584,6979584,3248128,135168,278528,1,bash,S (sleeping),learner.bnsdq.ozxfs.fkiya.kvugl,0.0
1759316331,52534,52491,0,0,0,0,0,0,0,0,5492736,5492736,577536,135168,180224,1,sleep,S (sleeping),learner.bnsdq.ozxfs.fkiya.kvugl,0.0
1759316331,47452,2,0,0,0,0,0,0,0,0,N/A,N/A,N/A,N/A,N/A,1,kworker/2,I (idle),learner.bnsdq.ozxfs.fkiya.kvugl,0.008510671560087748
1759316331,48136,2,0,0,0,0,0,0,0,0,N/A,N/A,N/A,N/A,N/A,1,kworker/u8,I (idle),learner.bnsdq.ozxfs.fkiya.kvugl,0.01636667059554115
1759316331,48211,48180,0,0,0,0,0,0,0,0,3614457856,3288182784,1380356096,147456,1585111040,17,python3,S (sleeping),learner.bnsdq.ozxfs.fkiya.kvugl,168.716365802369
1759316331,48212,48180,0,0,0,0,0,0,0,0,4386816,4386816,577536,135168,180224,1,tee,S (sleeping),learner.bnsdq.ozxfs.fkiya.kvugl,0.0
1759316331,51943,2,0,0,0,0,0,0,0,0,N/A,N/A,N/A,N/A,N/A,1,kworker/2,I (idle),learner.bnsdq.ozxfs.fkiya.kvugl,0.024096543710720314
1759316331,48041,2,0,0,0,0,0,0,0,0,N/A,N/A,N/A,N/A,N/A,1,kworker/1,I (idle),learner.bnsdq.ozxfs.fkiya.kvugl,0.028985509209176544
1759316331,52481,1,0,0,0,0,0,0,0,0,729841664,729841664,9949184,135168,106921984,6,foundryc,S (sleeping),learner.bnsdq.ozxfs.fkiya.kvugl,0.0
1759316331,52482,1,0,0,0,0,0,0,0,0,6979584,6979584,3411968,135168,278528,1,bash,S (sleeping),learner.bnsdq.ozxfs.fkiya.kvugl,0.0
1759316331,43214,2,0,0,0,0,0,0,0,0,N/A,N/A,N/A,N/A,N/A,1,kworker/3,I (idle),learner.bnsdq.ozxfs.fkiya.kvugl,0.01231715257790928
1759316331,51696,2,0,0,0,0,0,0,0,0,N/A,N/A,N/A,N/A,N/A,1,kworker/0,I (idle),learner.bnsdq.ozxfs.fkiya.kvugl,0.01652865013450071
1759316331,48137,2,0,0,0,0,0,0,0,0,N/A,N/A,N/A,N/A,N/A,1,kworker/u8,I (idle),learner.bnsdq.ozxfs.fkiya.kvugl,0.009819926570524998
1759316331,52193,2,0,0,0,0,0,0,0,0,N/A,N/A,N/A,N/A,N/A,1,kworker/3,I (idle),learner.bnsdq.ozxfs.fkiya.kvugl,0.0
1759316331,43087,2,0,0,0,0,0,0,0,0,N/A,N/A,N/A,N/A,N/A,1,kworker/2,I (idle),learner.bnsdq.ozxfs.fkiya.kvugl,0.054752706770577274
1759316331,48115,48094,1001,1001,1001,1001,1001,1001,1001,1001,15069184,15069184,6053888,135168,1175552,1,sshd,S (sleeping),learner.bnsdq.ozxfs.fkiya.kvugl,0.0
1759316331,50825,2,0,0,0,0,0,0,0,0,N/A,N/A,N/A,N/A,N/A,1,kworker/0,I (idle),learner.bnsdq.ozxfs.fkiya.kvugl,0.008031979987650002
1759316331,52533,52482,0,0,0,0,0,0,0,0,5492736,5492736,516096,135168,180224,1,sleep,S (sleeping),learner.bnsdq.ozxfs.fkiya.kvugl,0.0
1759316331,52536,52489,0,0,0,0,0,0,0,0,5492736,5492736,516096,135168,180224,1,sleep,S (sleeping),learner.bnsdq.ozxfs.fkiya.kvugl,0.0
1759316331,43195,1,0,0,0,0,0,0,0,0,1799233536,1732124672,28663808,135168,99774464,7,discern-interfa,S (sleeping),learner.bnsdq.ozxfs.fkiya.kvugl,0.0030698233884800543
1759316331,48160,1,0,0,0,0,0,0,0,0,1562157056,1562157056,22249472,135168,200482816,12,containerd-shim,S (sleeping),learner.bnsdq.ozxfs.fkiya.kvugl,0.013093136860497961
1759316331,52505,1,101,101,101,101,102,102,102,102,16568320,16568320,7589888,135168,630784,1,systemd-network,S (sleeping),learner.bnsdq.ozxfs.fkiya.kvugl,1.1416022375760035
1759316331,52535,52488,0,0,0,0,0,0,0,0,5492736,5492736,516096,135168,180224,1,sleep,S (sleeping),learner.bnsdq.ozxfs.fkiya.kvugl,0.0
1759316331,48098,48097,1001,1001,1001,1001,1001,1001,1001,1001,172527616,172527616,3739648,1056768,20037632,1,(sd-pam),S (sleeping),learner.bnsdq.ozxfs.fkiya.kvugl,0.0
1759316331,48127,48126,1001,0,0,0,0,0,0,0,11055104,11034624,5169152,135168,659456,1,sudo,S (sleeping),learner.bnsdq.ozxfs.fkiya.kvugl,0.0
1759316331,48097,1,1001,1001,1001,1001,1001,1001,1001,1001,15548416,15515648,8888320,135168,733184,1,systemd,S (sleeping),learner.bnsdq.ozxfs.fkiya.kvugl,0.02618615272266807
1759316331,48180,48160,0,0,0,0,0,0,0,0,5939200,5926912,3379200,135168,307200,1,bash,S (sleeping),learner.bnsdq.ozxfs.fkiya.kvugl,0.013136062022262002
1759316336,48128,48127,0,0,0,0,0,0,0,0,1448742912,1382223872,65024000,135168,177422336,9,docker,S (sleeping),learner.bnsdq.ozxfs.fkiya.kvugl,0.035413213672306515
1759316336,51943,2,0,0,0,0,0,0,0,0,N/A,N/A,N/A,N/A,N/A,1,kworker/2,I (idle),learner.bnsdq.ozxfs.fkiya.kvugl,0.02145057854298759
1759316336,48127,48126,1001,0,0,0,0,0,0,0,11055104,11034624,5169152,135168,659456,1,sudo,S (sleeping),learner.bnsdq.ozxfs.fkiya.kvugl,0.0
1759316336,48160,1,0,0,0,0,0,0,0,0,1562157056,1562157056,22249472,135168,200482816,12,containerd-shim,S (sleeping),learner.bnsdq.ozxfs.fkiya.kvugl,0.012877497868539194
1759316336,48211,48180,0,0,0,0,0,0,0,0,3614457856,3334365184,1380356096,147456,1631293440,17,python3,S (sleeping),learner.bnsdq.ozxfs.fkiya.kvugl,168.92019041436723
1759316336,43214,2,0,0,0,0,0,0,0,0,N/A,N/A,N/A,N/A,N/A,1,kworker/3,I (idle),learner.bnsdq.ozxfs.fkiya.kvugl,0.012220834012366134
1759316336,48098,48097,1001,1001,1001,1001,1001,1001,1001,1001,172527616,172527616,3739648,1056768,20037632,1,(sd-pam),S (sleeping),learner.bnsdq.ozxfs.fkiya.kvugl,0.0
1759316336,48137,2,0,0,0,0,0,0,0,0,N/A,N/A,N/A,N/A,N/A,1,kworker/u8,I (idle),learner.bnsdq.ozxfs.fkiya.kvugl,0.009658094607181698
1759316336,43087,2,0,0,0,0,0,0,0,0,N/A,N/A,N/A,N/A,N/A,1,kworker/2,I (idle),learner.bnsdq.ozxfs.fkiya.kvugl,0.05432974177461015
1759316336,47452,2,0,0,0,0,0,0,0,0,N/A,N/A,N/A,N/A,N/A,1,kworker/2,I (idle),learner.bnsdq.ozxfs.fkiya.kvugl,0.008388776314326428
1759316336,48136,2,0,0,0,0,0,0,0,0,N/A,N/A,N/A,N/A,N/A,1,kworker/u8,I (idle),learner.bnsdq.ozxfs.fkiya.kvugl,0.016096791814027307
1759316336,48126,48115,1001,1001,1001,1001,1001,1001,1001,1001,6979584,6979584,3268608,135168,278528,1,bash,S (sleeping),learner.bnsdq.ozxfs.fkiya.kvugl,0.0
1759316336,51696,2,0,0,0,0,0,0,0,0,N/A,N/A,N/A,N/A,N/A,1,kworker/0,I (idle),learner.bnsdq.ozxfs.fkiya.kvugl,0.030477876531361605
1759316336,52580,241,0,0,0,0,0,0,0,0,23040000,21975040,4091904,135168,724992,1,systemd-udevd,S (sleeping),learner.bnsdq.ozxfs.fkiya.kvugl,0.0
1759316336,52193,2,0,0,0,0,0,0,0,0,N/A,N/A,N/A,N/A,N/A,1,kworker/3,I (idle),learner.bnsdq.ozxfs.fkiya.kvugl,0.0
1759316336,50825,2,0,0,0,0,0,0,0,0,N/A,N/A,N/A,N/A,N/A,1,kworker/0,I (idle),learner.bnsdq.ozxfs.fkiya.kvugl,0.007714738510361214
1759316336,43084,2,0,0,0,0,0,0,0,0,N/A,N/A,N/A,N/A,N/A,1,kworker/0,I (idle),learner.bnsdq.ozxfs.fkiya.kvugl,0.060366219490773226
1759316336,48097,1,1001,1001,1001,1001,1001,1001,1001,1001,15548416,15515648,8888320,135168,733184,1,systemd,S (sleeping),learner.bnsdq.ozxfs.fkiya.kvugl,0.025754736032747045
1759316336,52569,1,101,101,101,101,102,102,102,102,16568320,16568320,7417856,135168,630784,1,systemd-network,S (sleeping),learner.bnsdq.ozxfs.fkiya.kvugl,0.8281082755942751
1759316336,48180,48160,0,0,0,0,0,0,0,0,5939200,5926912,3379200,135168,307200,1,bash,S (sleeping),learner.bnsdq.ozxfs.fkiya.kvugl,0.012918937393910526
1759316336,43195,1,0,0,0,0,0,0,0,0,1799233536,1732124672,28663808,135168,99774464,7,discern-interfa,S (sleeping),learner.bnsdq.ozxfs.fkiya.kvugl,0.0030458866983131792
1759316336,48212,48180,0,0,0,0,0,0,0,0,4386816,4386816,577536,135168,180224,1,tee,S (sleeping),learner.bnsdq.ozxfs.fkiya.kvugl,0.0
1759316336,48041,2,0,0,0,0,0,0,0,0,N/A,N/A,N/A,N/A,N/A,1,kworker/1,I (idle),learner.bnsdq.ozxfs.fkiya.kvugl,0.028514971091369804
1759316336,48094,2699,0,0,0,0,0,0,0,0,15106048,15069184,9199616,135168,1175552,1,sshd,S (sleeping),learner.bnsdq.ozxfs.fkiya.kvugl,0.0032193272166668994
1759316336,48115,48094,1001,1001,1001,1001,1001,1001,1001,1001,15069184,15069184,6053888,135168,1175552,1,sshd,S (sleeping),learner.bnsdq.ozxfs.fkiya.kvugl,0.0
1759316341,48041,2,0,0,0,0,0,0,0,0,N/A,N/A,N/A,N/A,N/A,1,kworker/1,I (idle),learner.bnsdq.ozxfs.fkiya.kvugl,0.02806293459973042
1759316341,48094,2699,0,0,0,0,0,0,0,0,15106048,15069184,9199616,135168,1175552,1,sshd,S (sleeping),learner.bnsdq.ozxfs.fkiya.kvugl,0.0031674840967070603
1759316341,48127,48126,1001,0,0,0,0,0,0,0,11055104,11034624,5169152,135168,659456,1,sudo,S (sleeping),learner.bnsdq.ozxfs.fkiya.kvugl,0.0
1759316341,51943,2,0,0,0,0,0,0,0,0,N/A,N/A,N/A,N/A,N/A,1,kworker/2,I (idle),learner.bnsdq.ozxfs.fkiya.kvugl,0.019339198405587215
1759316341,52631,1,101,101,101,101,102,102,102,102,16568320,16568320,7360512,135168,630784,1,systemd-network,S (sleeping),learner.bnsdq.ozxfs.fkiya.kvugl,0.8494924707870402
1759316341,48137,2,0,0,0,0,0,0,0,0,N/A,N/A,N/A,N/A,N/A,1,kworker/u8,I (idle),learner.bnsdq.ozxfs.fkiya.kvugl,0.009502424391082143
1759316341,52620,1,0,0,0,0,0,0,0,0,6979584,6979584,3244032,135168,278528,1,bash,S (sleeping),learner.bnsdq.ozxfs.fkiya.kvugl,0.0
1759316341,52662,52618,0,0,0,0,0,0,0,0,5492736,5492736,516096,135168,180224,1,sleep,S (sleeping),learner.bnsdq.ozxfs.fkiya.kvugl,0.0
1759316341,43195,1,0,0,0,0,0,0,0,0,1799233536,1732124672,28663808,135168,99774464,7,discern-interfa,S (sleeping),learner.bnsdq.ozxfs.fkiya.kvugl,0.0030224732410068654
1759316341,43084,2,0,0,0,0,0,0,0,0,N/A,N/A,N/A,N/A,N/A,1,kworker/0,I (idle),learner.bnsdq.ozxfs.fkiya.kvugl,0.059906250443804876
1759316341,48128,48127,0,0,0,0,0,0,0,0,1448742912,1382223872,65024000,135168,177422336,9,docker,S (sleeping),learner.bnsdq.ozxfs.fkiya.kvugl,0.038009542014214054
1759316341,43214,2,0,0,0,0,0,0,0,0,N/A,N/A,N/A,N/A,N/A,1,kworker/3,I (idle),learner.bnsdq.ozxfs.fkiya.kvugl,0.01212653267470305
1759316341,48212,48180,0,0,0,0,0,0,0,0,4386816,4386816,577536,135168,180224,1,tee,S (sleeping),learner.bnsdq.ozxfs.fkiya.kvugl,0.0
1759316341,52665,52608,0,0,0,0,0,0,0,0,10379264,10379264,1179648,135168,294912,1,systemctl,S (sleeping),learner.bnsdq.ozxfs.fkiya.kvugl,0.0
1759316341,48098,48097,1001,1001,1001,1001,1001,1001,1001,1001,172527616,172527616,3739648,1056768,20037632,1,(sd-pam),S (sleeping),learner.bnsdq.ozxfs.fkiya.kvugl,0.0
1759316341,48126,48115,1001,1001,1001,1001,1001,1001,1001,1001,6979584,6979584,3268608,135168,278528,1,bash,S (sleeping),learner.bnsdq.ozxfs.fkiya.kvugl,0.0
1759316341,47452,2,0,0,0,0,0,0,0,0,N/A,N/A,N/A,N/A,N/A,1,kworker/2,I (idle),learner.bnsdq.ozxfs.fkiya.kvugl,0.00827098011711037
1759316341,51696,2,0,0,0,0,0,0,0,0,N/A,N/A,N/A,N/A,N/A,1,kworker/0,I (idle),learner.bnsdq.ozxfs.fkiya.kvugl,0.028282844807666015
1759316341,43087,2,0,0,0,0,0,0,0,0,N/A,N/A,N/A,N/A,N/A,1,kworker/2,I (idle),learner.bnsdq.ozxfs.fkiya.kvugl,0.053915258815288226
1759316341,48115,48094,1001,1001,1001,1001,1001,1001,1001,1001,15069184,15069184,6053888,135168,1175552,1,sshd,S (sleeping),learner.bnsdq.ozxfs.fkiya.kvugl,0.0
1759316341,52613,1,0,0,0,0,0,0,0,0,6979584,6979584,3317760,135168,278528,1,bash,S (sleeping),learner.bnsdq.ozxfs.fkiya.kvugl,0.0
1759316341,52664,52613,0,0,0,0,0,0,0,0,7221248,7200768,1241088,135168,159744,1,systemctl,R (running),learner.bnsdq.ozxfs.fkiya.kvugl,0.0
1759316341,48097,1,1001,1001,1001,1001,1001,1001,1001,1001,15548416,15515648,8888320,135168,733184,1,systemd,S (sleeping),learner.bnsdq.ozxfs.fkiya.kvugl,0.025339036022057972
1759316341,48136,2,0,0,0,0,0,0,0,0,N/A,N/A,N/A,N/A,N/A,1,kworker/u8,I (idle),learner.bnsdq.ozxfs.fkiya.kvugl,0.015836884428326266
1759316341,52608,1,0,0,0,0,0,0,0,0,6979584,6979584,3256320,135168,278528,1,bash,S (sleeping),learner.bnsdq.ozxfs.fkiya.kvugl,0.0
1759316341,52607,1,0,0,0,0,0,0,0,0,728399872,728399872,7925760,135168,105480192,6,foundryc,S (sleeping),learner.bnsdq.ozxfs.fkiya.kvugl,0.0
1759316341,52618,1,0,0,0,0,0,0,0,0,6979584,6979584,3330048,135168,278528,1,bash,S (sleeping),learner.bnsdq.ozxfs.fkiya.kvugl,0.0
1759316341,48211,48180,0,0,0,0,0,0,0,0,3614457856,3355070464,1380356096,147456,1651998720,17,python3,S (sleeping),learner.bnsdq.ozxfs.fkiya.kvugl,169.23570106817814
1759316341,50825,2,0,0,0,0,0,0,0,0,N/A,N/A,N/A,N/A,N/A,1,kworker/0,I (idle),learner.bnsdq.ozxfs.fkiya.kvugl,0.007422743101406645
1759316341,52193,2,0,0,0,0,0,0,0,0,N/A,N/A,N/A,N/A,N/A,1,kworker/3,I (idle),learner.bnsdq.ozxfs.fkiya.kvugl,0.0
1759316341,48180,48160,0,0,0,0,0,0,0,0,5939200,5926912,3379200,135168,307200,1,bash,S (sleeping),learner.bnsdq.ozxfs.fkiya.kvugl,0.012709641874882412
1759316341,48160,1,0,0,0,0,0,0,0,0,1562157056,1562157056,22249472,135168,200482816,12,containerd-shim,S (sleeping),learner.bnsdq.ozxfs.fkiya.kvugl,0.012669364465516739
1759316341,52614,1,0,0,0,0,0,0,0,0,6979584,6979584,3239936,135168,278528,1,bash,S (sleeping),learner.bnsdq.ozxfs.fkiya.kvugl,0.0
1759316346,48094,2699,0,0,0,0,0,0,0,0,15106048,15069184,9199616,135168,1175552,1,sshd,S (sleeping),learner.bnsdq.ozxfs.fkiya.kvugl,0.003116975278882758
1759316346,48041,2,0,0,0,0,0,0,0,0,N/A,N/A,N/A,N/A,N/A,1,kworker/1,I (idle),learner.bnsdq.ozxfs.fkiya.kvugl,0.027622268429311984
1759316346,52695,1,101,101,101,101,102,102,102,102,16568320,16568320,7397376,135168,630784,1,systemd-network,S (sleeping),learner.bnsdq.ozxfs.fkiya.kvugl,0.8291296664797871
1759316346,48127,48126,1001,0,0,0,0,0,0,0,11055104,11034624,5169152,135168,659456,1,sudo,S (sleeping),learner.bnsdq.ozxfs.fkiya.kvugl,0.0
1759316346,48212,48180,0,0,0,0,0,0,0,0,4386816,4386816,577536,135168,180224,1,tee,S (sleeping),learner.bnsdq.ozxfs.fkiya.kvugl,0.0
1759316346,48137,2,0,0,0,0,0,0,0,0,N/A,N/A,N/A,N/A,N/A,1,kworker/u8,I (idle),learner.bnsdq.ozxfs.fkiya.kvugl,0.00935089193364467
1759316346,48180,48160,0,0,0,0,0,0,0,0,5939200,5926912,3379200,135168,307200,1,bash,S (sleeping),learner.bnsdq.ozxfs.fkiya.kvugl,0.012506830046800097
1759316346,51943,2,0,0,0,0,0,0,0,0,N/A,N/A,N/A,N/A,N/A,1,kworker/2,I (idle),learner.bnsdq.ozxfs.fkiya.kvugl,0.03519548084991526
1759316346,50825,2,0,0,0,0,0,0,0,0,N/A,N/A,N/A,N/A,N/A,1,kworker/0,I (idle),learner.bnsdq.ozxfs.fkiya.kvugl,0.007151761453671838
1759316346,48115,48094,1001,1001,1001,1001,1001,1001,1001,1001,15069184,15069184,6053888,135168,1175552,1,sshd,S (sleeping),learner.bnsdq.ozxfs.fkiya.kvugl,0.0
1759316346,48211,48180,0,0,0,0,0,0,0,0,3614457856,3424481280,1380356096,147456,1721409536,17,python3,S (sleeping),learner.bnsdq.ozxfs.fkiya.kvugl,169.68279821093742
1759316346,48098,48097,1001,1001,1001,1001,1001,1001,1001,1001,172527616,172527616,3739648,1056768,20037632,1,(sd-pam),S (sleeping),learner.bnsdq.ozxfs.fkiya.kvugl,0.0
1759316346,48160,1,0,0,0,0,0,0,0,0,1562157056,1562157056,22249472,135168,200482816,12,containerd-shim,S (sleeping),learner.bnsdq.ozxfs.fkiya.kvugl,0.01246779184668388
1759316346,48128,48127,0,0,0,0,0,0,0,0,1448742912,1382223872,65024000,135168,177422336,9,docker,S (sleeping),learner.bnsdq.ozxfs.fkiya.kvugl,0.03740334379438641
1759316346,51696,2,0,0,0,0,0,0,0,0,N/A,N/A,N/A,N/A,N/A,1,kworker/0,I (idle),learner.bnsdq.ozxfs.fkiya.kvugl,0.026375778446662328
1759316346,52193,2,0,0,0,0,0,0,0,0,N/A,N/A,N/A,N/A,N/A,1,kworker/3,I (idle),learner.bnsdq.ozxfs.fkiya.kvugl,0.0
1759316346,48126,48115,1001,1001,1001,1001,1001,1001,1001,1001,6979584,6979584,3268608,135168,278528,1,bash,S (sleeping),learner.bnsdq.ozxfs.fkiya.kvugl,0.0
1759316346,43087,2,0,0,0,0,0,0,0,0,N/A,N/A,N/A,N/A,N/A,1,kworker/2,I (idle),learner.bnsdq.ozxfs.fkiya.kvugl,0.05350551498022502
1759316346,43195,1,0,0,0,0,0,0,0,0,1799233536,1732124672,28663808,135168,99774464,7,discern-interfa,S (sleeping),learner.bnsdq.ozxfs.fkiya.kvugl,0.0029992738485363707
1759316346,47452,2,0,0,0,0,0,0,0,0,N/A,N/A,N/A,N/A,N/A,1,kworker/2,I (idle),learner.bnsdq.ozxfs.fkiya.kvugl,0.008155979276374962
1759316346,43214,2,0,0,0,0,0,0,0,0,N/A,N/A,N/A,N/A,N/A,1,kworker/3,I (idle),learner.bnsdq.ozxfs.fkiya.kvugl,0.012033178322470724
1759316346,48097,1,1001,1001,1001,1001,1001,1001,1001,1001,15548416,15515648,8888320,135168,733184,1,systemd,S (sleeping),learner.bnsdq.ozxfs.fkiya.kvugl,0.028052349379933502
1759316346,43084,2,0,0,0,0,0,0,0,0,N/A,N/A,N/A,N/A,N/A,1,kworker/0,I (idle),learner.bnsdq.ozxfs.fkiya.kvugl,0.059450473562140484
1759316346,48136,2,0,0,0,0,0,0,0,0,N/A,N/A,N/A,N/A,N/A,1,kworker/u8,I (idle),learner.bnsdq.ozxfs.fkiya.kvugl,0.018701541763750596
1759316351,48128,48127,0,0,0,0,0,0,0,0,1448742912,1382223872,65024000,135168,177422336,9,docker,S (sleeping),learner.bnsdq.ozxfs.fkiya.kvugl,0.03682004306123306
1759316351,52798,52744,0,0,0,0,0,0,0,0,5492736,5492736,516096,135168,180224,1,sleep,S (sleeping),learner.bnsdq.ozxfs.fkiya.kvugl,0.0
1759316351,52795,52734,0,0,0,0,0,0,0,0,5492736,5492736,577536,135168,180224,1,sleep,S (sleeping),learner.bnsdq.ozxfs.fkiya.kvugl,0.0
1759316351,52797,52739,0,0,0,0,0,0,0,0,5492736,5492736,516096,135168,180224,1,sleep,S (sleeping),learner.bnsdq.ozxfs.fkiya.kvugl,0.0
1759316351,51943,2,0,0,0,0,0,0,0,0,N/A,N/A,N/A,N/A,N/A,1,kworker/2,I (idle),learner.bnsdq.ozxfs.fkiya.kvugl,0.0323047412104899
1759316351,51696,2,0,0,0,0,0,0,0,0,N/A,N/A,N/A,N/A,N/A,1,kworker/0,I (idle),learner.bnsdq.ozxfs.fkiya.kvugl,0.024718627711215538
1759316351,52193,2,0,0,0,0,0,0,0,0,N/A,N/A,N/A,N/A,N/A,1,kworker/3,I (idle),learner.bnsdq.ozxfs.fkiya.kvugl,0.0
1759316351,52734,1,0,0,0,0,0,0,0,0,6979584,6979584,3235840,135168,278528,1,bash,S (sleeping),learner.bnsdq.ozxfs.fkiya.kvugl,0.0
1759316351,48098,48097,1001,1001,1001,1001,1001,1001,1001,1001,172527616,172527616,3739648,1056768,20037632,1,(sd-pam),S (sleeping),learner.bnsdq.ozxfs.fkiya.kvugl,0.0
1759316351,48160,1,0,0,0,0,0,0,0,0,1562157056,1562157056,22249472,135168,200482816,12,containerd-shim,S (sleeping),learner.bnsdq.ozxfs.fkiya.kvugl,0.01227326274364949
1759316351,52794,52745,0,0,0,0,0,0,0,0,5492736,5492736,499712,135168,180224,1,sleep,S (sleeping),learner.bnsdq.ozxfs.fkiya.kvugl,0.0
1759316351,48137,2,0,0,0,0,0,0,0,0,N/A,N/A,N/A,N/A,N/A,1,kworker/u8,I (idle),learner.bnsdq.ozxfs.fkiya.kvugl,0.009204934630476691
1759316351,52757,1,101,101,101,101,102,102,102,102,16568320,16568320,7618560,135168,630784,1,systemd-network,S (sleeping),learner.bnsdq.ozxfs.fkiya.kvugl,0.6765439658008324
1759316351,52744,1,0,0,0,0,0,0,0,0,6979584,6979584,3371008,135168,278528,1,bash,S (sleeping),learner.bnsdq.ozxfs.fkiya.kvugl,0.0
1759316351,43087,2,0,0,0,0,0,0,0,0,N/A,N/A,N/A,N/A,N/A,1,kworker/2,I (idle),learner.bnsdq.ozxfs.fkiya.kvugl,0.053104170426373616
1759316351,48180,48160,0,0,0,0,0,0,0,0,5939200,5926912,3379200,135168,307200,1,bash,S (sleeping),learner.bnsdq.ozxfs.fkiya.kvugl,0.012310983698276457
1759316351,52740,1,0,0,0,0,0,0,0,0,6979584,6979584,3334144,135168,278528,1,bash,S (sleeping),learner.bnsdq.ozxfs.fkiya.kvugl,0.0
1759316351,43195,1,0,0,0,0,0,0,0,0,1799233536,1732124672,28663808,135168,99774464,7,discern-interfa,S (sleeping),learner.bnsdq.ozxfs.fkiya.kvugl,0.0029765692536064293
1759316351,48136,2,0,0,0,0,0,0,0,0,N/A,N/A,N/A,N/A,N/A,1,kworker/u8,I (idle),learner.bnsdq.ozxfs.fkiya.kvugl,0.018409725089595735
1759316351,50825,2,0,0,0,0,0,0,0,0,N/A,N/A,N/A,N/A,N/A,1,kworker/0,I (idle),learner.bnsdq.ozxfs.fkiya.kvugl,0.006900599606539421
1759316351,43214,2,0,0,0,0,0,0,0,0,N/A,N/A,N/A,N/A,N/A,1,kworker/3,I (idle),learner.bnsdq.ozxfs.fkiya.kvugl,0.011941810864874558
1759316351,52733,1,0,0,0,0,0,0,0,0,729841664,729841664,8351744,135168,106921984,6,foundryc,S (sleeping),learner.bnsdq.ozxfs.fkiya.kvugl,0.0
1759316351,52739,1,0,0,0,0,0,0,0,0,6979584,6979584,3325952,135168,278528,1,bash,S (sleeping),learner.bnsdq.ozxfs.fkiya.kvugl,0.0
1759316351,47452,2,0,0,0,0,0,0,0,0,N/A,N/A,N/A,N/A,N/A,1,kworker/2,I (idle),learner.bnsdq.ozxfs.fkiya.kvugl,0.00804471093001811
1759316351,48115,48094,1001,1001,1001,1001,1001,1001,1001,1001,15069184,15069184,6053888,135168,1175552,1,sshd,S (sleeping),learner.bnsdq.ozxfs.fkiya.kvugl,0.0
1759316351,48211,48180,0,0,0,0,0,0,0,0,3614457856,3385954304,1380356096,147456,1682882560,17,python3,S (sleeping),learner.bnsdq.ozxfs.fkiya.kvugl,170.21613611936013
1759316352,52745,1,0,0,0,0,0,0,0,0,6979584,6979584,3325952,135168,278528,1,bash,S (sleeping),learner.bnsdq.ozxfs.fkiya.kvugl,0.0
1759316352,43084,2,0,0,0,0,0,0,0,0,N/A,N/A,N/A,N/A,N/A,1,kworker/0,I (idle),learner.bnsdq.ozxfs.fkiya.kvugl,0.05900429355825738
1759316352,48097,1,1001,1001,1001,1001,1001,1001,1001,1001,15548416,15515648,8888320,135168,733184,1,systemd,S (sleeping),learner.bnsdq.ozxfs.fkiya.kvugl,0.027614392276251218
1759316352,48212,48180,0,0,0,0,0,0,0,0,4386816,4386816,577536,135168,180224,1,tee,S (sleeping),learner.bnsdq.ozxfs.fkiya.kvugl,0.0
1759316352,48041,2,0,0,0,0,0,0,0,0,N/A,N/A,N/A,N/A,N/A,1,kworker/1,I (idle),learner.bnsdq.ozxfs.fkiya.kvugl,0.027197114860532518
1759316352,48127,48126,1001,0,0,0,0,0,0,0,11055104,11034624,5169152,135168,659456,1,sudo,S (sleeping),learner.bnsdq.ozxfs.fkiya.kvugl,0.0
1759316352,48094,2699,0,0,0,0,0,0,0,0,15106048,15069184,9199616,135168,1175552,1,sshd,S (sleeping),learner.bnsdq.ozxfs.fkiya.kvugl,0.003068257331853437
1759316352,48126,48115,1001,1001,1001,1001,1001,1001,1001,1001,6979584,6979584,3268608,135168,278528,1,bash,S (sleeping),learner.bnsdq.ozxfs.fkiya.kvugl,0.0
1759316352,52796,52740,0,0,0,0,0,0,0,0,5492736,5492736,581632,135168,180224,1,sleep,S (sleeping),learner.bnsdq.ozxfs.fkiya.kvugl,0.0
1759316357,48211,48180,0,0,0,0,0,0,0,0,3614457856,3472510976,1380356096,147456,1769439232,17,python3,S (sleeping),learner.bnsdq.ozxfs.fkiya.kvugl,170.73191781785926
1759316357,48136,2,0,0,0,0,0,0,0,0,N/A,N/A,N/A,N/A,N/A,1,kworker/u8,I (idle),learner.bnsdq.ozxfs.fkiya.kvugl,0.018125120041807205
1759316357,48180,48160,0,0,0,0,0,0,0,0,5939200,5926912,3379200,135168,307200,1,bash,S (sleeping),learner.bnsdq.ozxfs.fkiya.kvugl,0.012120015239554086
1759316357,52882,52871,0,0,0,0,0,0,0,0,5492736,5492736,581632,135168,180224,1,sleep,S (sleeping),learner.bnsdq.ozxfs.fkiya.kvugl,0.0
1759316357,52864,1,0,0,0,0,0,0,0,0,6979584,6979584,3252224,135168,278528,1,bash,S (sleeping),learner.bnsdq.ozxfs.fkiya.kvugl,0.0
1759316357,52873,1,0,0,0,0,0,0,0,0,6979584,6979584,3289088,135168,278528,1,bash,S (sleeping),learner.bnsdq.ozxfs.fkiya.kvugl,0.0
1759316357,48097,1,1001,1001,1001,1001,1001,1001,1001,1001,15548416,15515648,8888320,135168,733184,1,systemd,S (sleeping),learner.bnsdq.ozxfs.fkiya.kvugl,0.02718755393766014
1759316357,52883,52873,0,0,0,0,0,0,0,0,5492736,5492736,577536,135168,180224,1,sleep,S (sleeping),learner.bnsdq.ozxfs.fkiya.kvugl,0.0
1759316357,52886,52876,0,0,0,0,0,0,0,0,5492736,5492736,577536,135168,180224,1,sleep,S (sleeping),learner.bnsdq.ozxfs.fkiya.kvugl,0.0
1759316357,52884,52869,0,0,0,0,0,0,0,0,5492736,5492736,577536,135168,180224,1,sleep,S (sleeping),learner.bnsdq.ozxfs.fkiya.kvugl,0.0
1759316357,48212,48180,0,0,0,0,0,0,0,0,4386816,4386816,577536,135168,180224,1,tee,S (sleeping),learner.bnsdq.ozxfs.fkiya.kvugl,0.0
1759316357,48094,2699,0,0,0,0,0,0,0,0,15106048,15069184,9199616,135168,1175552,1,sshd,S (sleeping),learner.bnsdq.ozxfs.fkiya.kvugl,0.00302082629081083
1759316357,51696,2,0,0,0,0,0,0,0,0,N/A,N/A,N/A,N/A,N/A,1,kworker/0,I (idle),learner.bnsdq.ozxfs.fkiya.kvugl,0.023246212036949095
1759316357,52863,1,0,0,0,0,0,0,0,0,729841664,729841664,9834496,135168,106921984,6,foundryc,S (sleeping),learner.bnsdq.ozxfs.fkiya.kvugl,0.0
1759316357,43084,2,0,0,0,0,0,0,0,0,N/A,N/A,N/A,N/A,N/A,1,kworker/0,I (idle),learner.bnsdq.ozxfs.fkiya.kvugl,0.058562062247492795
1759316357,48127,48126,1001,0,0,0,0,0,0,0,11055104,11034624,5169152,135168,659456,1,sudo,S (sleeping),learner.bnsdq.ozxfs.fkiya.kvugl,0.0
1759316357,52876,1,0,0,0,0,0,0,0,0,6979584,6979584,3264512,135168,278528,1,bash,S (sleeping),learner.bnsdq.ozxfs.fkiya.kvugl,0.0
1759316357,43195,1,0,0,0,0,0,0,0,0,1799233536,1732124672,28663808,135168,99774464,7,discern-interfa,S (sleeping),learner.bnsdq.ozxfs.fkiya.kvugl,0.0029540487578033924
1759316357,43214,2,0,0,0,0,0,0,0,0,N/A,N/A,N/A,N/A,N/A,1,kworker/3,I (idle),learner.bnsdq.ozxfs.fkiya.kvugl,0.011851199611512486
1759316357,48126,48115,1001,1001,1001,1001,1001,1001,1001,1001,6979584,6979584,3268608,135168,278528,1,bash,S (sleeping),learner.bnsdq.ozxfs.fkiya.kvugl,0.0
1759316357,48041,2,0,0,0,0,0,0,0,0,N/A,N/A,N/A,N/A,N/A,1,kworker/1,I (idle),learner.bnsdq.ozxfs.fkiya.kvugl,0.02678270497643964
1759316357,48115,48094,1001,1001,1001,1001,1001,1001,1001,1001,15069184,15069184,6053888,135168,1175552,1,sshd,S (sleeping),learner.bnsdq.ozxfs.fkiya.kvugl,0.0
1759316357,51943,2,0,0,0,0,0,0,0,0,N/A,N/A,N/A,N/A,N/A,1,kworker/2,I (idle),learner.bnsdq.ozxfs.fkiya.kvugl,0.02983369511276334
1759316357,52193,2,0,0,0,0,0,0,0,0,N/A,N/A,N/A,N/A,N/A,1,kworker/3,I (idle),learner.bnsdq.ozxfs.fkiya.kvugl,0.0
1759316357,52871,1,0,0,0,0,0,0,0,0,6979584,6979584,3346432,135168,278528,1,bash,S (sleeping),learner.bnsdq.ozxfs.fkiya.kvugl,0.0
1759316357,47452,2,0,0,0,0,0,0,0,0,N/A,N/A,N/A,N/A,N/A,1,kworker/2,I (idle),learner.bnsdq.ozxfs.fkiya.kvugl,0.007935686079551417
1759316357,48098,48097,1001,1001,1001,1001,1001,1001,1001,1001,172527616,172527616,3739648,1056768,20037632,1,(sd-pam),S (sleeping),learner.bnsdq.ozxfs.fkiya.kvugl,0.0
1759316357,48160,1,0,0,0,0,0,0,0,0,1562157056,1562157056,22249472,135168,200482816,12,containerd-shim,S (sleeping),learner.bnsdq.ozxfs.fkiya.kvugl,0.012083141871095732
1759316357,52869,1,0,0,0,0,0,0,0,0,6979584,6979584,3350528,135168,278528,1,bash,S (sleeping),learner.bnsdq.ozxfs.fkiya.kvugl,0.0
1759316357,48137,2,0,0,0,0,0,0,0,0,N/A,N/A,N/A,N/A,N/A,1,kworker/u8,I (idle),learner.bnsdq.ozxfs.fkiya.kvugl,0.009062341715713218
1759316357,52887,1,101,101,101,101,102,102,102,102,16568320,16568320,7577600,135168,630784,1,systemd-network,S (sleeping),learner.bnsdq.ozxfs.fkiya.kvugl,1.9602253439379291
1759316357,48128,48127,0,0,0,0,0,0,0,0,1448742912,1382223872,65024000,135168,177422336,9,docker,S (sleeping),learner.bnsdq.ozxfs.fkiya.kvugl,0.03624930099821909
1759316357,50825,2,0,0,0,0,0,0,0,0,N/A,N/A,N/A,N/A,N/A,1,kworker/0,I (idle),learner.bnsdq.ozxfs.fkiya.kvugl,0.006664839592289607
1759316357,52885,52864,0,0,0,0,0,0,0,0,5492736,5492736,581632,135168,180224,1,sleep,S (sleeping),learner.bnsdq.ozxfs.fkiya.kvugl,0.0
1759316357,43087,2,0,0,0,0,0,0,0,0,N/A,N/A,N/A,N/A,N/A,1,kworker/2,I (idle),learner.bnsdq.ozxfs.fkiya.kvugl,0.0527054231427729
1759316362,48160,1,0,0,0,0,0,0,0,0,1562157056,1562157056,22249472,135168,200482816,12,containerd-shim,S (sleeping),learner.bnsdq.ozxfs.fkiya.kvugl,0.017849055638191984
1759316362,48212,48180,0,0,0,0,0,0,0,0,4386816,4386816,577536,135168,180224,1,tee,S (sleeping),learner.bnsdq.ozxfs.fkiya.kvugl,0.0
1759316362,52962,241,0,0,0,0,0,0,0,0,23040000,21975040,4083712,135168,724992,1,systemd-udevd,S (sleeping),learner.bnsdq.ozxfs.fkiya.kvugl,0.0
1759316362,48115,48094,1001,1001,1001,1001,1001,1001,1001,1001,15069184,15069184,6053888,135168,1175552,1,sshd,S (sleeping),learner.bnsdq.ozxfs.fkiya.kvugl,0.0
1759316362,52871,1,0,0,0,0,0,0,0,0,6979584,6979584,3358720,135168,278528,1,bash,S (sleeping),learner.bnsdq.ozxfs.fkiya.kvugl,0.0
1759316362,52876,1,0,0,0,0,0,0,0,0,6979584,6979584,3280896,135168,278528,1,bash,S (sleeping),learner.bnsdq.ozxfs.fkiya.kvugl,0.0
1759316362,48094,2699,0,0,0,0,0,0,0,0,15106048,15069184,9199616,135168,1175552,1,sshd,S (sleeping),learner.bnsdq.ozxfs.fkiya.kvugl,0.0029748311494610853
1759316362,48180,48160,0,0,0,0,0,0,0,0,5939200,5926912,3379200,135168,307200,1,bash,S (sleeping),learner.bnsdq.ozxfs.fkiya.kvugl,0.011934821125692203
1759316362,48128,48127,0,0,0,0,0,0,0,0,1448742912,1382223872,65024000,135168,177422336,9,docker,S (sleeping),learner.bnsdq.ozxfs.fkiya.kvugl,0.035697929280387466
1759316362,50825,2,0,0,0,0,0,0,0,0,N/A,N/A,N/A,N/A,N/A,1,kworker/0,I (idle),learner.bnsdq.ozxfs.fkiya.kvugl,0.0064452035727413474
1759316362,43214,2,0,0,0,0,0,0,0,0,N/A,N/A,N/A,N/A,N/A,1,kworker/3,I (idle),learner.bnsdq.ozxfs.fkiya.kvugl,0.01176203667671958
1759316362,52936,52876,0,0,0,0,0,0,0,0,5492736,5492736,585728,135168,180224,1,sleep,S (sleeping),learner.bnsdq.ozxfs.fkiya.kvugl,0.0
1759316362,48127,48126,1001,0,0,0,0,0,0,0,11055104,11034624,5169152,135168,659456,1,sudo,S (sleeping),learner.bnsdq.ozxfs.fkiya.kvugl,0.0
1759316362,51696,2,0,0,0,0,0,0,0,0,N/A,N/A,N/A,N/A,N/A,1,kworker/0,I (idle),learner.bnsdq.ozxfs.fkiya.kvugl,0.03291099119994515
1759316362,43087,2,0,0,0,0,0,0,0,0,N/A,N/A,N/A,N/A,N/A,1,kworker/2,I (idle),learner.bnsdq.ozxfs.fkiya.kvugl,0.05231378465819891
1759316362,52869,1,0,0,0,0,0,0,0,0,6979584,6979584,3358720,135168,278528,1,bash,S (sleeping),learner.bnsdq.ozxfs.fkiya.kvugl,0.0
1759316362,52934,52869,0,0,0,0,0,0,0,0,5492736,5492736,581632,135168,180224,1,sleep,S (sleeping),learner.bnsdq.ozxfs.fkiya.kvugl,0.0
1759316362,52938,52873,0,0,0,0,0,0,0,0,5492736,5492736,520192,135168,180224,1,sleep,S (sleeping),learner.bnsdq.ozxfs.fkiya.kvugl,0.0
1759316362,52951,1,101,101,101,101,102,102,102,102,16568320,16568320,7446528,135168,630784,1,systemd-network,S (sleeping),learner.bnsdq.ozxfs.fkiya.kvugl,2.319154324049276
1759316362,51943,2,0,0,0,0,0,0,0,0,N/A,N/A,N/A,N/A,N/A,1,kworker/2,I (idle),learner.bnsdq.ozxfs.fkiya.kvugl,0.02771766153068418
1759316362,48098,48097,1001,1001,1001,1001,1001,1001,1001,1001,172527616,172527616,3739648,1056768,20037632,1,(sd-pam),S (sleeping),learner.bnsdq.ozxfs.fkiya.kvugl,0.0
1759316362,48126,48115,1001,1001,1001,1001,1001,1001,1001,1001,6979584,6979584,3268608,135168,278528,1,bash,S (sleeping),learner.bnsdq.ozxfs.fkiya.kvugl,0.0
1759316362,52864,1,0,0,0,0,0,0,0,0,6979584,6979584,3330048,135168,278528,1,bash,S (sleeping),learner.bnsdq.ozxfs.fkiya.kvugl,0.0
1759316362,52937,52871,0,0,0,0,0,0,0,0,5492736,5492736,585728,135168,180224,1,sleep,S (sleeping),learner.bnsdq.ozxfs.fkiya.kvugl,0.0
1759316362,52935,52864,0,0,0,0,0,0,0,0,5492736,5492736,516096,135168,180224,1,sleep,S (sleeping),learner.bnsdq.ozxfs.fkiya.kvugl,0.0
1759316362,47452,2,0,0,0,0,0,0,0,0,N/A,N/A,N/A,N/A,N/A,1,kworker/2,I (idle),learner.bnsdq.ozxfs.fkiya.kvugl,0.007829682972479905
1759316362,52873,1,0,0,0,0,0,0,0,0,6979584,6979584,3289088,135168,278528,1,bash,S (sleeping),learner.bnsdq.ozxfs.fkiya.kvugl,0.0
1759316362,48136,2,0,0,0,0,0,0,0,0,N/A,N/A,N/A,N/A,N/A,1,kworker/u8,I (idle),learner.bnsdq.ozxfs.fkiya.kvugl,0.01784877292745805
1759316362,43084,2,0,0,0,0,0,0,0,0,N/A,N/A,N/A,N/A,N/A,1,kworker/0,I (idle),learner.bnsdq.ozxfs.fkiya.kvugl,0.05812621175588403
1759316362,48097,1,1001,1001,1001,1001,1001,1001,1001,1001,15548416,15515648,8888320,135168,733184,1,systemd,S (sleeping),learner.bnsdq.ozxfs.fkiya.kvugl,0.026773137188739436
1759316362,48041,2,0,0,0,0,0,0,0,0,N/A,N/A,N/A,N/A,N/A,1,kworker/1,I (idle),learner.bnsdq.ozxfs.fkiya.kvugl,0.02638074079434451
1759316362,48137,2,0,0,0,0,0,0,0,0,N/A,N/A,N/A,N/A,N/A,1,kworker/u8,I (idle),learner.bnsdq.ozxfs.fkiya.kvugl,0.008924371991890499
1759316362,43195,1,0,0,0,0,0,0,0,0,1799233536,1732124672,28663808,135168,99774464,7,discern-interfa,S (sleeping),learner.bnsdq.ozxfs.fkiya.kvugl,0.002931871019220378
1759316362,48211,48180,0,0,0,0,0,0,0,0,3614457856,3414188032,1380356096,147456,1711116288,17,python3,S (sleeping),learner.bnsdq.ozxfs.fkiya.kvugl,171.41446968390713
1759316362,52193,2,0,0,0,0,0,0,0,0,N/A,N/A,N/A,N/A,N/A,1,kworker/3,I (idle),learner.bnsdq.ozxfs.fkiya.kvugl,0.0
1759316367,48098,48097,1001,1001,1001,1001,1001,1001,1001,1001,172527616,172527616,3739648,1056768,20037632,1,(sd-pam),S (sleeping),learner.bnsdq.ozxfs.fkiya.kvugl,0.0
1759316367,48041,2,0,0,0,0,0,0,0,0,N/A,N/A,N/A,N/A,N/A,1,kworker/1,I (idle),learner.bnsdq.ozxfs.fkiya.kvugl,0.025990456960821116
1759316367,48127,48126,1001,0,0,0,0,0,0,0,11055104,11034624,5169152,135168,659456,1,sudo,S (sleeping),learner.bnsdq.ozxfs.fkiya.kvugl,0.0
1759316367,48160,1,0,0,0,0,0,0,0,0,1562157056,1562157056,22249472,135168,200482816,12,containerd-shim,S (sleeping),learner.bnsdq.ozxfs.fkiya.kvugl,0.01758079785003949
1759316367,48136,2,0,0,0,0,0,0,0,0,N/A,N/A,N/A,N/A,N/A,1,kworker/u8,I (idle),learner.bnsdq.ozxfs.fkiya.kvugl,0.017580790526028855
1759316367,52193,2,0,0,0,0,0,0,0,0,N/A,N/A,N/A,N/A,N/A,1,kworker/3,I (idle),learner.bnsdq.ozxfs.fkiya.kvugl,0.0
1759316367,48115,48094,1001,1001,1001,1001,1001,1001,1001,1001,15069184,15069184,6053888,135168,1175552,1,sshd,S (sleeping),learner.bnsdq.ozxfs.fkiya.kvugl,0.0
1759316367,50825,2,0,0,0,0,0,0,0,0,N/A,N/A,N/A,N/A,N/A,1,kworker/0,I (idle),learner.bnsdq.ozxfs.fkiya.kvugl,0.006239004386818371
1759316367,43195,1,0,0,0,0,0,0,0,0,1799233536,1732124672,28663808,135168,99774464,7,discern-interfa,S (sleeping),learner.bnsdq.ozxfs.fkiya.kvugl,0.002910013070455457
1759316367,52991,1,0,0,0,0,0,0,0,0,6979584,6979584,3260416,135168,278528,1,bash,S (sleeping),learner.bnsdq.ozxfs.fkiya.kvugl,0.0
1759316367,53024,52993,0,0,0,0,0,0,0,0,5492736,5492736,516096,135168,180224,1,sleep,S (sleeping),learner.bnsdq.ozxfs.fkiya.kvugl,0.0
1759316367,48128,48127,0,0,0,0,0,0,0,0,1448742912,1382223872,65024000,135168,177422336,9,docker,S (sleeping),learner.bnsdq.ozxfs.fkiya.kvugl,0.03516147939270522
1759316367,48126,48115,1001,1001,1001,1001,1001,1001,1001,1001,6979584,6979584,3268608,135168,278528,1,bash,S (sleeping),learner.bnsdq.ozxfs.fkiya.kvugl,0.0
1759316367,52990,1,0,0,0,0,0,0,0,0,728662016,728662016,8167424,135168,105742336,7,foundryc,S (sleeping),learner.bnsdq.ozxfs.fkiya.kvugl,0.0
1759316367,43087,2,0,0,0,0,0,0,0,0,N/A,N/A,N/A,N/A,N/A,1,kworker/2,I (idle),learner.bnsdq.ozxfs.fkiya.kvugl,0.05192684377895823
1759316367,47452,2,0,0,0,0,0,0,0,0,N/A,N/A,N/A,N/A,N/A,1,kworker/2,I (idle),learner.bnsdq.ozxfs.fkiya.kvugl,0.007726316378425949
1759316367,52992,1,0,0,0,0,0,0,0,0,6979584,6979584,3317760,135168,278528,1,bash,S (sleeping),learner.bnsdq.ozxfs.fkiya.kvugl,0.0
1759316367,52993,1,0,0,0,0,0,0,0,0,6979584,6979584,3194880,135168,278528,1,bash,S (sleeping),learner.bnsdq.ozxfs.fkiya.kvugl,0.0
1759316367,51696,2,0,0,0,0,0,0,0,0,N/A,N/A,N/A,N/A,N/A,1,kworker/0,I (idle),learner.bnsdq.ozxfs.fkiya.kvugl,0.031157889119317397
1759316367,53025,53000,0,0,0,0,0,0,0,0,5492736,5492736,577536,135168,180224,1,sleep,S (sleeping),learner.bnsdq.ozxfs.fkiya.kvugl,0.0
1759316367,48180,48160,0,0,0,0,0,0,0,0,5939200,5926912,3379200,135168,307200,1,bash,S (sleeping),learner.bnsdq.ozxfs.fkiya.kvugl,0.011754884156279307
1759316367,43214,2,0,0,0,0,0,0,0,0,N/A,N/A,N/A,N/A,N/A,1,kworker/3,I (idle),learner.bnsdq.ozxfs.fkiya.kvugl,0.011673988337963301
1759316367,43084,2,0,0,0,0,0,0,0,0,N/A,N/A,N/A,N/A,N/A,1,kworker/0,I (idle),learner.bnsdq.ozxfs.fkiya.kvugl,0.05769638304755929
1759316367,48212,48180,0,0,0,0,0,0,0,0,4386816,4386816,577536,135168,180224,1,tee,S (sleeping),learner.bnsdq.ozxfs.fkiya.kvugl,0.0
1759316367,53023,52992,0,0,0,0,0,0,0,0,5492736,5492736,512000,135168,180224,1,sleep,S (sleeping),learner.bnsdq.ozxfs.fkiya.kvugl,0.0
1759316367,48137,2,0,0,0,0,0,0,0,0,N/A,N/A,N/A,N/A,N/A,1,kworker/u8,I (idle),learner.bnsdq.ozxfs.fkiya.kvugl,0.008790312674638827
1759316367,53015,1,101,101,101,101,102,102,102,102,16568320,16568320,7380992,135168,630784,1,systemd-network,S (sleeping),learner.bnsdq.ozxfs.fkiya.kvugl,1.3129449410390017
1759316367,48097,1,1001,1001,1001,1001,1001,1001,1001,1001,15548416,15515648,8888320,135168,733184,1,systemd,S (sleeping),learner.bnsdq.ozxfs.fkiya.kvugl,0.02637091537405354
1759316367,48211,48180,0,0,0,0,0,0,0,0,3614457856,3391139840,1380356096,147456,1688068096,17,python3,S (sleeping),learner.bnsdq.ozxfs.fkiya.kvugl,172.21435345381366
1759316367,51943,2,0,0,0,0,0,0,0,0,N/A,N/A,N/A,N/A,N/A,1,kworker/2,I (idle),learner.bnsdq.ozxfs.fkiya.kvugl,0.03881718407139961
1759316367,53026,52991,0,0,0,0,0,0,0,0,5492736,5492736,577536,135168,180224,1,sleep,S (sleeping),learner.bnsdq.ozxfs.fkiya.kvugl,0.0
1759316367,52994,1,0,0,0,0,0,0,0,0,6979584,6979584,3321856,135168,278528,1,bash,S (sleeping),learner.bnsdq.ozxfs.fkiya.kvugl,0.0
1759316367,53000,1,0,0,0,0,0,0,0,0,6979584,6979584,3305472,135168,278528,1,bash,S (sleeping),learner.bnsdq.ozxfs.fkiya.kvugl,0.0
1759316367,53022,52994,0,0,0,0,0,0,0,0,5492736,5492736,516096,135168,180224,1,sleep,S (sleeping),learner.bnsdq.ozxfs.fkiya.kvugl,0.0
1759316367,48094,2699,0,0,0,0,0,0,0,0,15106048,15069184,9199616,135168,1175552,1,sshd,S (sleeping),learner.bnsdq.ozxfs.fkiya.kvugl,0.0029300930531379285
1759316372,53090,241,0,0,0,0,0,0,0,0,23040000,21975040,4083712,135168,724992,1,systemd-udevd,S (sleeping),learner.bnsdq.ozxfs.fkiya.kvugl,0.0
1759316372,48115,48094,1001,1001,1001,1001,1001,1001,1001,1001,15069184,15069184,6053888,135168,1175552,1,sshd,S (sleeping),learner.bnsdq.ozxfs.fkiya.kvugl,0.0
1759316372,51696,2,0,0,0,0,0,0,0,0,N/A,N/A,N/A,N/A,N/A,1,kworker/0,I (idle),learner.bnsdq.ozxfs.fkiya.kvugl,0.02958692800692755
1759316372,52193,2,0,0,0,0,0,0,0,0,N/A,N/A,N/A,N/A,N/A,1,kworker/3,I (idle),learner.bnsdq.ozxfs.fkiya.kvugl,0.0
1759316372,43087,2,0,0,0,0,0,0,0,0,N/A,N/A,N/A,N/A,N/A,1,kworker/2,I (idle),learner.bnsdq.ozxfs.fkiya.kvugl,0.051546643013382146
1759316372,43084,2,0,0,0,0,0,0,0,0,N/A,N/A,N/A,N/A,N/A,1,kworker/0,I (idle),learner.bnsdq.ozxfs.fkiya.kvugl,0.05727403012429329
1759316372,48127,48126,1001,0,0,0,0,0,0,0,11055104,11034624,5169152,135168,659456,1,sudo,S (sleeping),learner.bnsdq.ozxfs.fkiya.kvugl,0.0
1759316372,48094,2699,0,0,0,0,0,0,0,0,15106048,15069184,9199616,135168,1175552,1,sshd,S (sleeping),learner.bnsdq.ozxfs.fkiya.kvugl,0.002886858582088018
1759316372,48180,48160,0,0,0,0,0,0,0,0,5939200,5926912,3379200,135168,307200,1,bash,S (sleeping),learner.bnsdq.ozxfs.fkiya.kvugl,0.011580857948215499
1759316372,43195,1,0,0,0,0,0,0,0,0,1799233536,1732124672,28663808,135168,99774464,7,discern-interfa,S (sleeping),learner.bnsdq.ozxfs.fkiya.kvugl,0.0028885129508678096
1759316372,48041,2,0,0,0,0,0,0,0,0,N/A,N/A,N/A,N/A,N/A,1,kworker/1,I (idle),learner.bnsdq.ozxfs.fkiya.kvugl,0.025611982584146577
1759316372,48136,2,0,0,0,0,0,0,0,0,N/A,N/A,N/A,N/A,N/A,1,kworker/u8,I (idle),learner.bnsdq.ozxfs.fkiya.kvugl,0.01732110440930821
1759316372,48097,1,1001,1001,1001,1001,1001,1001,1001,1001,15548416,15515648,8888320,135168,733184,1,systemd,S (sleeping),learner.bnsdq.ozxfs.fkiya.kvugl,0.025981638606209875
1759316372,47452,2,0,0,0,0,0,0,0,0,N/A,N/A,N/A,N/A,N/A,1,kworker/2,I (idle),learner.bnsdq.ozxfs.fkiya.kvugl,0.0076258510406945436
1759316372,48212,48180,0,0,0,0,0,0,0,0,4386816,4386816,577536,135168,180224,1,tee,S (sleeping),learner.bnsdq.ozxfs.fkiya.kvugl,0.0
1759316372,51943,2,0,0,0,0,0,0,0,0,N/A,N/A,N/A,N/A,N/A,1,kworker/2,I (idle),learner.bnsdq.ozxfs.fkiya.kvugl,0.036408107772389245
1759316372,48137,2,0,0,0,0,0,0,0,0,N/A,N/A,N/A,N/A,N/A,1,kworker/u8,I (idle),learner.bnsdq.ozxfs.fkiya.kvugl,0.008660521979303415
1759316372,43214,2,0,0,0,0,0,0,0,0,N/A,N/A,N/A,N/A,N/A,1,kworker/3,I (idle),learner.bnsdq.ozxfs.fkiya.kvugl,0.013035927370106514
1759316372,53079,1,101,101,101,101,102,102,102,102,16568320,16568320,7593984,135168,630784,1,systemd-network,S (sleeping),learner.bnsdq.ozxfs.fkiya.kvugl,1.2500411680224668
1759316372,48128,48127,0,0,0,0,0,0,0,0,1448742912,1382223872,65024000,135168,177422336,9,docker,S (sleeping),learner.bnsdq.ozxfs.fkiya.kvugl,0.03464201602691459
1759316372,48160,1,0,0,0,0,0,0,0,0,1562157056,1562157056,22249472,135168,200482816,12,containerd-shim,S (sleeping),learner.bnsdq.ozxfs.fkiya.kvugl,0.017320996259436765
1759316372,48126,48115,1001,1001,1001,1001,1001,1001,1001,1001,6979584,6979584,3268608,135168,278528,1,bash,S (sleeping),learner.bnsdq.ozxfs.fkiya.kvugl,0.0
1759316372,48098,48097,1001,1001,1001,1001,1001,1001,1001,1001,172527616,172527616,3739648,1056768,20037632,1,(sd-pam),S (sleeping),learner.bnsdq.ozxfs.fkiya.kvugl,0.0
1759316372,48211,48180,0,0,0,0,0,0,0,0,3614457856,3411349504,1380356096,147456,1708277760,17,python3,S (sleeping),learner.bnsdq.ozxfs.fkiya.kvugl,172.97568702461896
1759316372,50825,2,0,0,0,0,0,0,0,0,N/A,N/A,N/A,N/A,N/A,1,kworker/0,I (idle),learner.bnsdq.ozxfs.fkiya.kvugl,0.006045892162663375
1759316377,48094,2699,0,0,0,0,0,0,0,0,15106048,15069184,9199616,135168,1175552,1,sshd,S (sleeping),learner.bnsdq.ozxfs.fkiya.kvugl,0.0028450942244324044
1759316377,48115,48094,1001,1001,1001,1001,1001,1001,1001,1001,15069184,15069184,6053888,135168,1175552,1,sshd,S (sleeping),learner.bnsdq.ozxfs.fkiya.kvugl,0.0
1759316377,48180,48160,0,0,0,0,0,0,0,0,5939200,5926912,3379200,135168,307200,1,bash,S (sleeping),learner.bnsdq.ozxfs.fkiya.kvugl,0.011412828101421149
1759316377,53118,1,0,0,0,0,0,0,0,0,6979584,6979584,3215360,135168,278528,1,bash,S (sleeping),learner.bnsdq.ozxfs.fkiya.kvugl,0.0
1759316377,53123,1,0,0,0,0,0,0,0,0,6979584,6979584,3321856,135168,278528,1,bash,S (sleeping),learner.bnsdq.ozxfs.fkiya.kvugl,0.0
1759316377,53161,53123,0,0,0,0,0,0,0,0,5492736,5492736,581632,135168,180224,1,sleep,S (sleeping),learner.bnsdq.ozxfs.fkiya.kvugl,0.0
1759316377,48127,48126,1001,0,0,0,0,0,0,0,11055104,11034624,5169152,135168,659456,1,sudo,S (sleeping),learner.bnsdq.ozxfs.fkiya.kvugl,0.0
1759316377,47452,2,0,0,0,0,0,0,0,0,N/A,N/A,N/A,N/A,N/A,1,kworker/2,I (idle),learner.bnsdq.ozxfs.fkiya.kvugl,0.00752853008342462
1759316377,48098,48097,1001,1001,1001,1001,1001,1001,1001,1001,172527616,172527616,3739648,1056768,20037632,1,(sd-pam),S (sleeping),learner.bnsdq.ozxfs.fkiya.kvugl,0.0
1759316377,43195,1,0,0,0,0,0,0,0,0,1799233536,1732124672,28663808,135168,99774464,7,discern-interfa,S (sleeping),learner.bnsdq.ozxfs.fkiya.kvugl,0.0028674465245896825
1759316377,48097,1,1001,1001,1001,1001,1001,1001,1001,1001,15548416,15515648,8888320,135168,733184,1,systemd,S (sleeping),learner.bnsdq.ozxfs.fkiya.kvugl,0.02560565110734818
1759316377,48137,2,0,0,0,0,0,0,0,0,N/A,N/A,N/A,N/A,N/A,1,kworker/u8,I (idle),learner.bnsdq.ozxfs.fkiya.kvugl,0.0085352118666948
1759316377,53159,53131,0,0,0,0,0,0,0,0,5492736,5492736,516096,135168,180224,1,sleep,S (sleeping),learner.bnsdq.ozxfs.fkiya.kvugl,0.0
1759316377,53125,1,0,0,0,0,0,0,0,0,6979584,6979584,3260416,135168,278528,1,bash,S (sleeping),learner.bnsdq.ozxfs.fkiya.kvugl,0.0
1759316377,43084,2,0,0,0,0,0,0,0,0,N/A,N/A,N/A,N/A,N/A,1,kworker/0,I (idle),learner.bnsdq.ozxfs.fkiya.kvugl,0.056859707750575986
1759316377,48041,2,0,0,0,0,0,0,0,0,N/A,N/A,N/A,N/A,N/A,1,kworker/1,I (idle),learner.bnsdq.ozxfs.fkiya.kvugl,0.025246428803763554
1759316377,48136,2,0,0,0,0,0,0,0,0,N/A,N/A,N/A,N/A,N/A,1,kworker/u8,I (idle),learner.bnsdq.ozxfs.fkiya.kvugl,0.017070367810489026
1759316377,48126,48115,1001,1001,1001,1001,1001,1001,1001,1001,6979584,6979584,3268608,135168,278528,1,bash,S (sleeping),learner.bnsdq.ozxfs.fkiya.kvugl,0.0
1759316377,51696,2,0,0,0,0,0,0,0,0,N/A,N/A,N/A,N/A,N/A,1,kworker/0,I (idle),learner.bnsdq.ozxfs.fkiya.kvugl,0.028172513822046646
1759316377,53117,1,0,0,0,0,0,0,0,0,730103808,730103808,9777152,135168,107184128,6,foundryc,S (sleeping),learner.bnsdq.ozxfs.fkiya.kvugl,0.0
1759316377,53141,1,101,101,101,101,102,102,102,102,16568320,16568320,7446528,135168,630784,1,systemd-network,S (sleeping),learner.bnsdq.ozxfs.fkiya.kvugl,1.7204993724882858
1759316377,53158,53118,0,0,0,0,0,0,0,0,5492736,5492736,577536,135168,180224,1,sleep,S (sleeping),learner.bnsdq.ozxfs.fkiya.kvugl,0.0
1759316377,52193,2,0,0,0,0,0,0,0,0,N/A,N/A,N/A,N/A,N/A,1,kworker/3,I (idle),learner.bnsdq.ozxfs.fkiya.kvugl,0.0
1759316377,51943,2,0,0,0,0,0,0,0,0,N/A,N/A,N/A,N/A,N/A,1,kworker/2,I (idle),learner.bnsdq.ozxfs.fkiya.kvugl,0.03429035983354349
1759316377,43087,2,0,0,0,0,0,0,0,0,N/A,N/A,N/A,N/A,N/A,1,kworker/2,I (idle),learner.bnsdq.ozxfs.fkiya.kvugl,0.05117355205793337
1759316377,50825,2,0,0,0,0,0,0,0,0,N/A,N/A,N/A,N/A,N/A,1,kworker/0,I (idle),learner.bnsdq.ozxfs.fkiya.kvugl,0.005865493207696149
1759316377,53131,1,0,0,0,0,0,0,0,0,6979584,6979584,3153920,135168,278528,1,bash,S (sleeping),learner.bnsdq.ozxfs.fkiya.kvugl,0.0
1759316377,48212,48180,0,0,0,0,0,0,0,0,4386816,4386816,577536,135168,180224,1,tee,S (sleeping),learner.bnsdq.ozxfs.fkiya.kvugl,0.0
1759316377,48128,48127,0,0,0,0,0,0,0,0,1448742912,1382223872,65024000,135168,177422336,9,docker,S (sleeping),learner.bnsdq.ozxfs.fkiya.kvugl,0.03414043711418739
1759316377,53129,1,0,0,0,0,0,0,0,0,6979584,6979584,3293184,135168,278528,1,bash,S (sleeping),learner.bnsdq.ozxfs.fkiya.kvugl,0.0
1759316377,48211,48180,0,0,0,0,0,0,0,0,3614457856,3336658944,1380356096,147456,1633587200,17,python3,S (sleeping),learner.bnsdq.ozxfs.fkiya.kvugl,172.57275995001217
1759316377,53160,53125,0,0,0,0,0,0,0,0,5492736,5492736,581632,135168,180224,1,sleep,S (sleeping),learner.bnsdq.ozxfs.fkiya.kvugl,0.0
1759316377,48160,1,0,0,0,0,0,0,0,0,1562157056,1562157056,22249472,135168,200482816,12,containerd-shim,S (sleeping),learner.bnsdq.ozxfs.fkiya.kvugl,0.017070171235251053
1759316377,43214,2,0,0,0,0,0,0,0,0,N/A,N/A,N/A,N/A,N/A,1,kworker/3,I (idle),learner.bnsdq.ozxfs.fkiya.kvugl,0.012940506810493012
1759316377,53162,53129,0,0,0,0,0,0,0,0,5492736,5492736,581632,135168,180224,1,sleep,S (sleeping),learner.bnsdq.ozxfs.fkiya.kvugl,0.0
1759316382,48136,2,0,0,0,0,0,0,0,0,N/A,N/A,N/A,N/A,N/A,1,kworker/u8,I (idle),learner.bnsdq.ozxfs.fkiya.kvugl,0.016825399787310825
1759316382,48115,48094,1001,1001,1001,1001,1001,1001,1001,1001,15069184,15069184,6053888,135168,1175552,1,sshd,S (sleeping),learner.bnsdq.ozxfs.fkiya.kvugl,0.0
1759316382,48137,2,0,0,0,0,0,0,0,0,N/A,N/A,N/A,N/A,N/A,1,kworker/u8,I (idle),learner.bnsdq.ozxfs.fkiya.kvugl,0.008412687054037466
1759316382,52193,2,0,0,0,0,0,0,0,0,N/A,N/A,N/A,N/A,N/A,1,kworker/3,I (idle),learner.bnsdq.ozxfs.fkiya.kvugl,0.0
1759316382,48094,2699,0,0,0,0,0,0,0,0,15106048,15069184,9199616,135168,1175552,1,sshd,S (sleeping),learner.bnsdq.ozxfs.fkiya.kvugl,0.002804224768034874
1759316382,48041,2,0,0,0,0,0,0,0,0,N/A,N/A,N/A,N/A,N/A,1,kworker/1,I (idle),learner.bnsdq.ozxfs.fkiya.kvugl,0.02488903360097203
1759316382,48212,48180,0,0,0,0,0,0,0,0,4386816,4386816,577536,135168,180224,1,tee,S (sleeping),learner.bnsdq.ozxfs.fkiya.kvugl,0.0
1759316382,48180,48160,0,0,0,0,0,0,0,0,5939200,5926912,3379200,135168,307200,1,bash,S (sleeping),learner.bnsdq.ozxfs.fkiya.kvugl,0.01124841755832186
1759316382,51696,2,0,0,0,0,0,0,0,0,N/A,N/A,N/A,N/A,N/A,1,kworker/0,I (idle),learner.bnsdq.ozxfs.fkiya.kvugl,0.026880320336347154
1759316382,51943,2,0,0,0,0,0,0,0,0,N/A,N/A,N/A,N/A,N/A,1,kworker/2,I (idle),learner.bnsdq.ozxfs.fkiya.kvugl,0.03239530035919729
1759316382,53216,241,0,0,0,0,0,0,0,0,23040000,21975040,4087808,135168,724992,1,systemd-udevd,S (sleeping),learner.bnsdq.ozxfs.fkiya.kvugl,0.0
1759316382,48126,48115,1001,1001,1001,1001,1001,1001,1001,1001,6979584,6979584,3268608,135168,278528,1,bash,S (sleeping),learner.bnsdq.ozxfs.fkiya.kvugl,0.0
1759316382,50825,2,0,0,0,0,0,0,0,0,N/A,N/A,N/A,N/A,N/A,1,kworker/0,I (idle),learner.bnsdq.ozxfs.fkiya.kvugl,0.005694542038496909
1759316382,48097,1,1001,1001,1001,1001,1001,1001,1001,1001,15548416,15515648,8888320,135168,733184,1,systemd,S (sleeping),learner.bnsdq.ozxfs.fkiya.kvugl,0.025237864875297313
1759316382,48098,48097,1001,1001,1001,1001,1001,1001,1001,1001,172527616,172527616,3739648,1056768,20037632,1,(sd-pam),S (sleeping),learner.bnsdq.ozxfs.fkiya.kvugl,0.0
1759316382,48128,48127,0,0,0,0,0,0,0,0,1448742912,1382223872,65024000,135168,177422336,9,docker,S (sleeping),learner.bnsdq.ozxfs.fkiya.kvugl,0.033650441823002225
1759316382,43087,2,0,0,0,0,0,0,0,0,N/A,N/A,N/A,N/A,N/A,1,kworker/2,I (idle),learner.bnsdq.ozxfs.fkiya.kvugl,0.05080384788710136
1759316382,47452,2,0,0,0,0,0,0,0,0,N/A,N/A,N/A,N/A,N/A,1,kworker/2,I (idle),learner.bnsdq.ozxfs.fkiya.kvugl,0.007432955701379443
1759316382,43195,1,0,0,0,0,0,0,0,0,1799233536,1732124672,28663808,135168,99774464,7,discern-interfa,S (sleeping),learner.bnsdq.ozxfs.fkiya.kvugl,0.002846536746953263
1759316382,43084,2,0,0,0,0,0,0,0,0,N/A,N/A,N/A,N/A,N/A,1,kworker/0,I (idle),learner.bnsdq.ozxfs.fkiya.kvugl,0.05644866847082314
1759316382,48127,48126,1001,0,0,0,0,0,0,0,11055104,11034624,5169152,135168,659456,1,sudo,S (sleeping),learner.bnsdq.ozxfs.fkiya.kvugl,0.0
1759316382,48211,48180,0,0,0,0,0,0,0,0,3614457856,3336658944,1380356096,147456,1633587200,17,python3,S (sleeping),learner.bnsdq.ozxfs.fkiya.kvugl,172.014821189931
1759316382,48160,1,0,0,0,0,0,0,0,0,1562157056,1562157056,22249472,135168,200482816,12,containerd-shim,S (sleeping),learner.bnsdq.ozxfs.fkiya.kvugl,0.016825133639066438
1759316382,43214,2,0,0,0,0,0,0,0,0,N/A,N/A,N/A,N/A,N/A,1,kworker/3,I (idle),learner.bnsdq.ozxfs.fkiya.kvugl,0.012845935062659148
1759316382,53205,1,101,101,101,101,102,102,102,102,16568320,16568320,7483392,135168,630784,1,systemd-network,S (sleeping),learner.bnsdq.ozxfs.fkiya.kvugl,1.6615580992124492
1759316387,48115,48094,1001,1001,1001,1001,1001,1001,1001,1001,15069184,15069184,6053888,135168,1175552,1,sshd,S (sleeping),learner.bnsdq.ozxfs.fkiya.kvugl,0.0
1759316387,51696,2,0,0,0,0,0,0,0,0,N/A,N/A,N/A,N/A,N/A,1,kworker/0,I (idle),learner.bnsdq.ozxfs.fkiya.kvugl,0.02570842798455146
1759316387,53250,1,0,0,0,0,0,0,0,0,6979584,6979584,3284992,135168,278528,1,bash,S (sleeping),learner.bnsdq.ozxfs.fkiya.kvugl,0.0
1759316387,43084,2,0,0,0,0,0,0,0,0,N/A,N/A,N/A,N/A,N/A,1,kworker/0,I (idle),learner.bnsdq.ozxfs.fkiya.kvugl,0.056046445259141875
1759316387,43195,1,0,0,0,0,0,0,0,0,1799233536,1732124672,28663808,135168,99774464,7,discern-interfa,S (sleeping),learner.bnsdq.ozxfs.fkiya.kvugl,0.002826080047906114
1759316387,48212,48180,0,0,0,0,0,0,0,0,4386816,4386816,577536,135168,180224,1,tee,S (sleeping),learner.bnsdq.ozxfs.fkiya.kvugl,0.0
1759316387,52193,2,0,0,0,0,0,0,0,0,N/A,N/A,N/A,N/A,N/A,1,kworker/3,I (idle),learner.bnsdq.ozxfs.fkiya.kvugl,0.0
1759316387,51943,2,0,0,0,0,0,0,0,0,N/A,N/A,N/A,N/A,N/A,1,kworker/2,I (idle),learner.bnsdq.ozxfs.fkiya.kvugl,0.030707853349084158
1759316387,53300,53260,0,0,0,0,0,0,0,0,5492736,5492736,581632,135168,180224,1,sleep,S (sleeping),learner.bnsdq.ozxfs.fkiya.kvugl,0.0
1759316387,53297,53251,0,0,0,0,0,0,0,0,5492736,5492736,516096,135168,180224,1,sleep,S (sleeping),learner.bnsdq.ozxfs.fkiya.kvugl,0.0
1759316387,43087,2,0,0,0,0,0,0,0,0,N/A,N/A,N/A,N/A,N/A,1,kworker/2,I (idle),learner.bnsdq.ozxfs.fkiya.kvugl,0.0504416669153463
1759316387,53269,1,101,101,101,101,102,102,102,102,16568320,16568320,7454720,135168,630784,1,systemd-network,S (sleeping),learner.bnsdq.ozxfs.fkiya.kvugl,1.06475345700676
1759316387,48211,48180,0,0,0,0,0,0,0,0,3614457856,3263840256,1380356096,147456,1560768512,17,python3,S (sleeping),learner.bnsdq.ozxfs.fkiya.kvugl,171.58485664064372
1759316387,53246,1,0,0,0,0,0,0,0,0,6979584,6979584,3403776,135168,278528,1,bash,S (sleeping),learner.bnsdq.ozxfs.fkiya.kvugl,0.0
1759316387,50825,2,0,0,0,0,0,0,0,0,N/A,N/A,N/A,N/A,N/A,1,kworker/0,I (idle),learner.bnsdq.ozxfs.fkiya.kvugl,0.005534137725334263
1759316387,48126,48115,1001,1001,1001,1001,1001,1001,1001,1001,6979584,6979584,3268608,135168,278528,1,bash,S (sleeping),learner.bnsdq.ozxfs.fkiya.kvugl,0.0
1759316387,48180,48160,0,0,0,0,0,0,0,0,5939200,5926912,3379200,135168,307200,1,bash,S (sleeping),learner.bnsdq.ozxfs.fkiya.kvugl,0.011089636604270118
1759316387,53298,53246,0,0,0,0,0,0,0,0,5492736,5492736,520192,135168,180224,1,sleep,S (sleeping),learner.bnsdq.ozxfs.fkiya.kvugl,0.0
1759316387,48041,2,0,0,0,0,0,0,0,0,N/A,N/A,N/A,N/A,N/A,1,kworker/1,I (idle),learner.bnsdq.ozxfs.fkiya.kvugl,0.02454338558100099
1759316387,48097,1,1001,1001,1001,1001,1001,1001,1001,1001,15548416,15515648,8888320,135168,733184,1,systemd,S (sleeping),learner.bnsdq.ozxfs.fkiya.kvugl,0.02488264755821647
1759316387,53260,1,0,0,0,0,0,0,0,0,6979584,6979584,3395584,135168,278528,1,bash,S (sleeping),learner.bnsdq.ozxfs.fkiya.kvugl,0.0
1759316387,48136,2,0,0,0,0,0,0,0,0,N/A,N/A,N/A,N/A,N/A,1,kworker/u8,I (idle),learner.bnsdq.ozxfs.fkiya.kvugl,0.016588410910723547
1759316387,43214,2,0,0,0,0,0,0,0,0,N/A,N/A,N/A,N/A,N/A,1,kworker/3,I (idle),learner.bnsdq.ozxfs.fkiya.kvugl,0.012753321341460577
1759316387,48137,2,0,0,0,0,0,0,0,0,N/A,N/A,N/A,N/A,N/A,1,kworker/u8,I (idle),learner.bnsdq.ozxfs.fkiya.kvugl,0.008294195088761563
1759316387,53251,1,0,0,0,0,0,0,0,0,6979584,6979584,3346432,135168,278528,1,bash,S (sleeping),learner.bnsdq.ozxfs.fkiya.kvugl,0.0
1759316387,47452,2,0,0,0,0,0,0,0,0,N/A,N/A,N/A,N/A,N/A,1,kworker/2,I (idle),learner.bnsdq.ozxfs.fkiya.kvugl,0.007340361104715089
1759316387,48094,2699,0,0,0,0,0,0,0,0,15106048,15069184,9199616,135168,1175552,1,sshd,S (sleeping),learner.bnsdq.ozxfs.fkiya.kvugl,0.002764726141932716
1759316387,48127,48126,1001,0,0,0,0,0,0,0,11055104,11034624,5169152,135168,659456,1,sudo,S (sleeping),learner.bnsdq.ozxfs.fkiya.kvugl,0.0
1759316387,48128,48127,0,0,0,0,0,0,0,0,1448742912,1382223872,65024000,135168,177422336,9,docker,S (sleeping),learner.bnsdq.ozxfs.fkiya.kvugl,0.03317655659724831
1759316387,48160,1,0,0,0,0,0,0,0,0,1562157056,1562157056,22249472,135168,200482816,12,containerd-shim,S (sleeping),learner.bnsdq.ozxfs.fkiya.kvugl,0.016588256210083044
1759316387,53299,53250,0,0,0,0,0,0,0,0,5492736,5492736,585728,135168,180224,1,sleep,S (sleeping),learner.bnsdq.ozxfs.fkiya.kvugl,0.0
1759316387,48098,48097,1001,1001,1001,1001,1001,1001,1001,1001,172527616,172527616,3739648,1056768,20037632,1,(sd-pam),S (sleeping),learner.bnsdq.ozxfs.fkiya.kvugl,0.0
1759316387,53245,1,0,0,0,0,0,0,0,0,728399872,728399872,7925760,135168,105480192,6,foundryc,S (sleeping),learner.bnsdq.ozxfs.fkiya.kvugl,0.0
1759316387,53253,1,0,0,0,0,0,0,0,0,6979584,6979584,3170304,135168,278528,1,bash,S (sleeping),learner.bnsdq.ozxfs.fkiya.kvugl,0.0
1759316387,53296,53253,0,0,0,0,0,0,0,0,5492736,5492736,581632,135168,180224,1,sleep,S (sleeping),learner.bnsdq.ozxfs.fkiya.kvugl,0.0
1759316392,53333,1,101,101,101,101,102,102,102,102,16568320,16568320,7540736,135168,630784,1,systemd-network,S (sleeping),learner.bnsdq.ozxfs.fkiya.kvugl,0.8304695061283739
1759316392,48180,48160,0,0,0,0,0,0,0,0,5939200,5926912,3379200,135168,307200,1,bash,S (sleeping),learner.bnsdq.ozxfs.fkiya.kvugl,0.010934433668559285
1759316392,50825,2,0,0,0,0,0,0,0,0,N/A,N/A,N/A,N/A,N/A,1,kworker/0,I (idle),learner.bnsdq.ozxfs.fkiya.kvugl,0.005381636906707387
1759316392,48211,48180,0,0,0,0,0,0,0,0,3614457856,3286622208,1380356096,147456,1583550464,17,python3,S (sleeping),learner.bnsdq.ozxfs.fkiya.kvugl,171.25487843966155
1759316392,48137,2,0,0,0,0,0,0,0,0,N/A,N/A,N/A,N/A,N/A,1,kworker/u8,I (idle),learner.bnsdq.ozxfs.fkiya.kvugl,0.010904604047068963
1759316392,48126,48115,1001,1001,1001,1001,1001,1001,1001,1001,6979584,6979584,3268608,135168,278528,1,bash,S (sleeping),learner.bnsdq.ozxfs.fkiya.kvugl,0.0
1759316392,48041,2,0,0,0,0,0,0,0,0,N/A,N/A,N/A,N/A,N/A,1,kworker/1,I (idle),learner.bnsdq.ozxfs.fkiya.kvugl,0.024205389655778054
1759316392,48098,48097,1001,1001,1001,1001,1001,1001,1001,1001,172527616,172527616,3739648,1056768,20037632,1,(sd-pam),S (sleeping),learner.bnsdq.ozxfs.fkiya.kvugl,0.0
1759316392,48127,48126,1001,0,0,0,0,0,0,0,11055104,11034624,5169152,135168,659456,1,sudo,S (sleeping),learner.bnsdq.ozxfs.fkiya.kvugl,0.0
1759316392,47452,2,0,0,0,0,0,0,0,0,N/A,N/A,N/A,N/A,N/A,1,kworker/2,I (idle),learner.bnsdq.ozxfs.fkiya.kvugl,0.007249549804288654
1759316392,48128,48127,0,0,0,0,0,0,0,0,1448742912,1382223872,65024000,135168,177422336,9,docker,S (sleeping),learner.bnsdq.ozxfs.fkiya.kvugl,0.0327136725666304
1759316392,48160,1,0,0,0,0,0,0,0,0,1562157056,1562157056,22249472,135168,200482816,12,containerd-shim,S (sleeping),learner.bnsdq.ozxfs.fkiya.kvugl,0.016356825812147497
1759316392,48212,48180,0,0,0,0,0,0,0,0,4386816,4386816,577536,135168,180224,1,tee,S (sleeping),learner.bnsdq.ozxfs.fkiya.kvugl,0.0
1759316392,48097,1,1001,1001,1001,1001,1001,1001,1001,1001,15548416,15515648,8888320,135168,733184,1,systemd,S (sleeping),learner.bnsdq.ozxfs.fkiya.kvugl,0.02453520575970582
1759316392,43084,2,0,0,0,0,0,0,0,0,N/A,N/A,N/A,N/A,N/A,1,kworker/0,I (idle),learner.bnsdq.ozxfs.fkiya.kvugl,0.055646750208680096
1759316392,51696,2,0,0,0,0,0,0,0,0,N/A,N/A,N/A,N/A,N/A,1,kworker/0,I (idle),learner.bnsdq.ozxfs.fkiya.kvugl,0.02462644415757621
1759316392,53345,241,0,0,0,0,0,0,0,0,23040000,21975040,4083712,135168,724992,1,systemd-udevd,S (sleeping),learner.bnsdq.ozxfs.fkiya.kvugl,0.0
1759316392,51943,2,0,0,0,0,0,0,0,0,N/A,N/A,N/A,N/A,N/A,1,kworker/2,I (idle),learner.bnsdq.ozxfs.fkiya.kvugl,0.0291769910857008
1759316392,48115,48094,1001,1001,1001,1001,1001,1001,1001,1001,15069184,15069184,6053888,135168,1175552,1,sshd,S (sleeping),learner.bnsdq.ozxfs.fkiya.kvugl,0.0
1759316392,48136,2,0,0,0,0,0,0,0,0,N/A,N/A,N/A,N/A,N/A,1,kworker/u8,I (idle),learner.bnsdq.ozxfs.fkiya.kvugl,0.01635674259407042
1759316392,43087,2,0,0,0,0,0,0,0,0,N/A,N/A,N/A,N/A,N/A,1,kworker/2,I (idle),learner.bnsdq.ozxfs.fkiya.kvugl,0.05008198021174219
1759316392,48094,2699,0,0,0,0,0,0,0,0,15106048,15069184,9199616,135168,1175552,1,sshd,S (sleeping),learner.bnsdq.ozxfs.fkiya.kvugl,0.002726120339177398
1759316392,43195,1,0,0,0,0,0,0,0,0,1799233536,1732124672,28663808,135168,99774464,7,discern-interfa,S (sleeping),learner.bnsdq.ozxfs.fkiya.kvugl,0.002805749836831556
1759316392,43214,2,0,0,0,0,0,0,0,0,N/A,N/A,N/A,N/A,N/A,1,kworker/3,I (idle),learner.bnsdq.ozxfs.fkiya.kvugl,0.012661395237122543
1759316392,52193,2,0,0,0,0,0,0,0,0,N/A,N/A,N/A,N/A,N/A,1,kworker/3,I (idle),learner.bnsdq.ozxfs.fkiya.kvugl,0.0
1759316397,48137,2,0,0,0,0,0,0,0,0,N/A,N/A,N/A,N/A,N/A,1,kworker/u8,I (idle),learner.bnsdq.ozxfs.fkiya.kvugl,0.010755577510890593
1759316397,51943,2,0,0,0,0,0,0,0,0,N/A,N/A,N/A,N/A,N/A,1,kworker/2,I (idle),learner.bnsdq.ozxfs.fkiya.kvugl,0.027803430910907416
1759316397,53433,53382,0,0,0,0,0,0,0,0,5492736,5492736,577536,135168,180224,1,sleep,S (sleeping),learner.bnsdq.ozxfs.fkiya.kvugl,0.0
1759316397,53436,53383,0,0,0,0,0,0,0,0,5492736,5492736,577536,135168,180224,1,sleep,S (sleeping),learner.bnsdq.ozxfs.fkiya.kvugl,0.0
1759316397,48180,48160,0,0,0,0,0,0,0,0,5939200,5926912,3379200,135168,307200,1,bash,S (sleeping),learner.bnsdq.ozxfs.fkiya.kvugl,0.010784539818657188
1759316397,53382,1,0,0,0,0,0,0,0,0,6979584,6979584,3313664,135168,278528,1,bash,S (sleeping),learner.bnsdq.ozxfs.fkiya.kvugl,0.0
1759316397,48097,1,1001,1001,1001,1001,1001,1001,1001,1001,15548416,15515648,8888320,135168,733184,1,systemd,S (sleeping),learner.bnsdq.ozxfs.fkiya.kvugl,0.024199926658265872
1759316397,50825,2,0,0,0,0,0,0,0,0,N/A,N/A,N/A,N/A,N/A,1,kworker/0,I (idle),learner.bnsdq.ozxfs.fkiya.kvugl,0.005238283459674953
1759316397,53372,1,0,0,0,0,0,0,0,0,6979584,6979584,3244032,135168,278528,1,bash,S (sleeping),learner.bnsdq.ozxfs.fkiya.kvugl,0.0
1759316397,53377,1,0,0,0,0,0,0,0,0,6979584,6979584,3248128,135168,278528,1,bash,S (sleeping),learner.bnsdq.ozxfs.fkiya.kvugl,0.0
1759316397,53379,1,0,0,0,0,0,0,0,0,6979584,6979584,3346432,135168,278528,1,bash,S (sleeping),learner.bnsdq.ozxfs.fkiya.kvugl,0.0
1759316397,53371,1,0,0,0,0,0,0,0,0,728662016,728662016,7921664,135168,105742336,6,foundryc,S (sleeping),learner.bnsdq.ozxfs.fkiya.kvugl,0.0
1759316397,48126,48115,1001,1001,1001,1001,1001,1001,1001,1001,6979584,6979584,3268608,135168,278528,1,bash,S (sleeping),learner.bnsdq.ozxfs.fkiya.kvugl,0.0
1759316397,48212,48180,0,0,0,0,0,0,0,0,4386816,4386816,577536,135168,180224,1,tee,S (sleeping),learner.bnsdq.ozxfs.fkiya.kvugl,0.0
1759316397,48136,2,0,0,0,0,0,0,0,0,N/A,N/A,N/A,N/A,N/A,1,kworker/u8,I (idle),learner.bnsdq.ozxfs.fkiya.kvugl,0.01613317892558826
1759316397,48160,1,0,0,0,0,0,0,0,0,1562157056,1562157056,22249472,135168,200482816,12,containerd-shim,S (sleeping),learner.bnsdq.ozxfs.fkiya.kvugl,0.016133166189777188
1759316397,43087,2,0,0,0,0,0,0,0,0,N/A,N/A,N/A,N/A,N/A,1,kworker/2,I (idle),learner.bnsdq.ozxfs.fkiya.kvugl,0.04973028288753054
1759316397,48098,48097,1001,1001,1001,1001,1001,1001,1001,1001,172527616,172527616,3739648,1056768,20037632,1,(sd-pam),S (sleeping),learner.bnsdq.ozxfs.fkiya.kvugl,0.0
1759316397,48127,48126,1001,0,0,0,0,0,0,0,11055104,11034624,5169152,135168,659456,1,sudo,S (sleeping),learner.bnsdq.ozxfs.fkiya.kvugl,0.0
1759316397,48115,48094,1001,1001,1001,1001,1001,1001,1001,1001,15069184,15069184,6053888,135168,1175552,1,sshd,S (sleeping),learner.bnsdq.ozxfs.fkiya.kvugl,0.0
1759316397,48128,48127,0,0,0,0,0,0,0,0,1448742912,1382223872,65024000,135168,177422336,9,docker,S (sleeping),learner.bnsdq.ozxfs.fkiya.kvugl,0.03226620299761253
1759316397,48041,2,0,0,0,0,0,0,0,0,N/A,N/A,N/A,N/A,N/A,1,kworker/1,I (idle),learner.bnsdq.ozxfs.fkiya.kvugl,0.023878605791626536
1759316397,52193,2,0,0,0,0,0,0,0,0,N/A,N/A,N/A,N/A,N/A,1,kworker/3,I (idle),learner.bnsdq.ozxfs.fkiya.kvugl,0.0
1759316397,53383,1,0,0,0,0,0,0,0,0,6979584,6979584,3166208,135168,278528,1,bash,S (sleeping),learner.bnsdq.ozxfs.fkiya.kvugl,0.0
1759316397,53432,53379,0,0,0,0,0,0,0,0,5492736,5492736,516096,135168,180224,1,sleep,S (sleeping),learner.bnsdq.ozxfs.fkiya.kvugl,0.0
1759316397,53395,1,101,101,101,101,102,102,102,102,16568320,16568320,7548928,135168,630784,1,systemd-network,S (sleeping),learner.bnsdq.ozxfs.fkiya.kvugl,0.8463688845807523
1759316397,43195,1,0,0,0,0,0,0,0,0,1799233536,1732124672,28663808,135168,99774464,7,discern-interfa,S (sleeping),learner.bnsdq.ozxfs.fkiya.kvugl,0.0027858727348700736
1759316397,48094,2699,0,0,0,0,0,0,0,0,15106048,15069184,9199616,135168,1175552,1,sshd,S (sleeping),learner.bnsdq.ozxfs.fkiya.kvugl,0.0026888358557088615
1759316397,53434,53372,0,0,0,0,0,0,0,0,5492736,5492736,577536,135168,180224,1,sleep,S (sleeping),learner.bnsdq.ozxfs.fkiya.kvugl,0.0
1759316397,48211,48180,0,0,0,0,0,0,0,0,3614457856,3318104064,1380356096,147456,1615032320,17,python3,S (sleeping),learner.bnsdq.ozxfs.fkiya.kvugl,171.04147640222976
1759316398,51696,2,0,0,0,0,0,0,0,0,N/A,N/A,N/A,N/A,N/A,1,kworker/0,I (idle),learner.bnsdq.ozxfs.fkiya.kvugl,0.02363873979510969
1759316398,43214,2,0,0,0,0,0,0,0,0,N/A,N/A,N/A,N/A,N/A,1,kworker/3,I (idle),learner.bnsdq.ozxfs.fkiya.kvugl,0.012571402591452584
1759316398,47452,2,0,0,0,0,0,0,0,0,N/A,N/A,N/A,N/A,N/A,1,kworker/2,I (idle),learner.bnsdq.ozxfs.fkiya.kvugl,0.007161419165769535
1759316398,43084,2,0,0,0,0,0,0,0,0,N/A,N/A,N/A,N/A,N/A,1,kworker/0,I (idle),learner.bnsdq.ozxfs.fkiya.kvugl,0.05525536268826689
1759316398,53435,53377,0,0,0,0,0,0,0,0,5492736,5492736,581632,135168,180224,1,sleep,S (sleeping),learner.bnsdq.ozxfs.fkiya.kvugl,0.0
1759316403,53496,1,0,0,0,0,0,0,0,0,728399872,728399872,7864320,135168,105480192,7,foundryc,S (sleeping),learner.bnsdq.ozxfs.fkiya.kvugl,0.0
1759316403,53506,1,0,0,0,0,0,0,0,0,6979584,6979584,3174400,135168,278528,1,bash,S (sleeping),learner.bnsdq.ozxfs.fkiya.kvugl,0.0
1759316403,43195,1,0,0,0,0,0,0,0,0,1799233536,1732124672,28663808,135168,99774464,7,discern-interfa,S (sleeping),learner.bnsdq.ozxfs.fkiya.kvugl,0.0027661750324118207
1759316403,53516,53497,0,0,0,0,0,0,0,0,5492736,5492736,520192,135168,180224,1,sleep,S (sleeping),learner.bnsdq.ozxfs.fkiya.kvugl,0.0
1759316403,52193,2,0,0,0,0,0,0,0,0,N/A,N/A,N/A,N/A,N/A,1,kworker/3,I (idle),learner.bnsdq.ozxfs.fkiya.kvugl,0.0
1759316403,48128,48127,0,0,0,0,0,0,0,0,1448742912,1382223872,65290240,135168,177422336,9,docker,S (sleeping),learner.bnsdq.ozxfs.fkiya.kvugl,0.03448086186259361
1759316403,48212,48180,0,0,0,0,0,0,0,0,4386816,4386816,577536,135168,180224,1,tee,S (sleeping),learner.bnsdq.ozxfs.fkiya.kvugl,0.0
1759316403,53509,1,0,0,0,0,0,0,0,0,6979584,6979584,3403776,135168,278528,1,bash,S (sleeping),learner.bnsdq.ozxfs.fkiya.kvugl,0.0
1759316403,53503,1,0,0,0,0,0,0,0,0,6979584,6979584,3346432,135168,278528,1,bash,S (sleeping),learner.bnsdq.ozxfs.fkiya.kvugl,0.0
1759316403,53504,1,0,0,0,0,0,0,0,0,6979584,6979584,3194880,135168,278528,1,bash,S (sleeping),learner.bnsdq.ozxfs.fkiya.kvugl,0.0
1759316403,47452,2,0,0,0,0,0,0,0,0,N/A,N/A,N/A,N/A,N/A,1,kworker/2,I (idle),learner.bnsdq.ozxfs.fkiya.kvugl,0.00707510560556747
1759316403,51943,2,0,0,0,0,0,0,0,0,N/A,N/A,N/A,N/A,N/A,1,kworker/2,I (idle),learner.bnsdq.ozxfs.fkiya.kvugl,0.03539129191103913
1759316403,53521,1,101,101,101,101,102,102,102,102,16568320,16568320,7561216,135168,630784,1,systemd-network,S (sleeping),learner.bnsdq.ozxfs.fkiya.kvugl,4.890511253616088
1759316403,43084,2,0,0,0,0,0,0,0,0,N/A,N/A,N/A,N/A,N/A,1,kworker/0,I (idle),learner.bnsdq.ozxfs.fkiya.kvugl,0.05486798357887765
1759316403,53517,53506,0,0,0,0,0,0,0,0,5492736,5492736,581632,135168,180224,1,sleep,S (sleeping),learner.bnsdq.ozxfs.fkiya.kvugl,0.0
1759316403,53518,53504,0,0,0,0,0,0,0,0,5492736,5492736,581632,135168,180224,1,sleep,S (sleeping),learner.bnsdq.ozxfs.fkiya.kvugl,0.0
1759316403,48041,2,0,0,0,0,0,0,0,0,N/A,N/A,N/A,N/A,N/A,1,kworker/1,I (idle),learner.bnsdq.ozxfs.fkiya.kvugl,0.02355876759204564
1759316403,53497,1,0,0,0,0,0,0,0,0,6979584,6979584,3153920,135168,278528,1,bash,S (sleeping),learner.bnsdq.ozxfs.fkiya.kvugl,0.0
1759316403,53520,53503,0,0,0,0,0,0,0,0,5492736,5492736,577536,135168,180224,1,sleep,S (sleeping),learner.bnsdq.ozxfs.fkiya.kvugl,0.0
1759316403,48211,48180,0,0,0,0,0,0,0,0,3614457856,3278069760,1380356096,147456,1574998016,17,python3,S (sleeping),learner.bnsdq.ozxfs.fkiya.kvugl,170.90659320348172
1759316403,43087,2,0,0,0,0,0,0,0,0,N/A,N/A,N/A,N/A,N/A,1,kworker/2,I (idle),learner.bnsdq.ozxfs.fkiya.kvugl,0.04938106836014843
1759316403,43214,2,0,0,0,0,0,0,0,0,N/A,N/A,N/A,N/A,N/A,1,kworker/3,I (idle),learner.bnsdq.ozxfs.fkiya.kvugl,0.01248223820414711
1759316403,48115,48094,1001,1001,1001,1001,1001,1001,1001,1001,15069184,15069184,6053888,135168,1175552,1,sshd,S (sleeping),learner.bnsdq.ozxfs.fkiya.kvugl,0.0
1759316403,50825,2,0,0,0,0,0,0,0,0,N/A,N/A,N/A,N/A,N/A,1,kworker/0,I (idle),learner.bnsdq.ozxfs.fkiya.kvugl,0.005101387525482458
1759316403,48136,2,0,0,0,0,0,0,0,0,N/A,N/A,N/A,N/A,N/A,1,kworker/u8,I (idle),learner.bnsdq.ozxfs.fkiya.kvugl,0.015914051133261664
1759316403,48160,1,0,0,0,0,0,0,0,0,1562157056,1562157056,22249472,135168,200482816,12,containerd-shim,S (sleeping),learner.bnsdq.ozxfs.fkiya.kvugl,0.01591404147885653
1759316403,48180,48160,0,0,0,0,0,0,0,0,5939200,5926912,3379200,135168,307200,1,bash,S (sleeping),learner.bnsdq.ozxfs.fkiya.kvugl,0.010637568929676008
1759316403,53519,53509,0,0,0,0,0,0,0,0,5492736,5492736,516096,135168,180224,1,sleep,S (sleeping),learner.bnsdq.ozxfs.fkiya.kvugl,0.0
1759316403,48097,1,1001,1001,1001,1001,1001,1001,1001,1001,15548416,15515648,8888320,135168,733184,1,systemd,S (sleeping),learner.bnsdq.ozxfs.fkiya.kvugl,0.023871016865728057
1759316403,48126,48115,1001,1001,1001,1001,1001,1001,1001,1001,6979584,6979584,3268608,135168,278528,1,bash,S (sleeping),learner.bnsdq.ozxfs.fkiya.kvugl,0.0
1759316403,51696,2,0,0,0,0,0,0,0,0,N/A,N/A,N/A,N/A,N/A,1,kworker/0,I (idle),learner.bnsdq.ozxfs.fkiya.kvugl,0.030296903945197042
1759316403,48098,48097,1001,1001,1001,1001,1001,1001,1001,1001,172527616,172527616,3739648,1056768,20037632,1,(sd-pam),S (sleeping),learner.bnsdq.ozxfs.fkiya.kvugl,0.0
1759316403,48137,2,0,0,0,0,0,0,0,0,N/A,N/A,N/A,N/A,N/A,1,kworker/u8,I (idle),learner.bnsdq.ozxfs.fkiya.kvugl,0.010609314313767122
1759316403,48094,2699,0,0,0,0,0,0,0,0,15106048,15069184,9199616,135168,1175552,1,sshd,S (sleeping),learner.bnsdq.ozxfs.fkiya.kvugl,0.002652326941518338
1759316403,48127,48126,1001,0,0,0,0,0,0,0,11055104,11034624,5169152,135168,659456,1,sudo,S (sleeping),learner.bnsdq.ozxfs.fkiya.kvugl,0.0
1759316408,48126,48115,1001,1001,1001,1001,1001,1001,1001,1001,6979584,6979584,3268608,135168,278528,1,bash,S (sleeping),learner.bnsdq.ozxfs.fkiya.kvugl,0.0
1759316408,50825,2,0,0,0,0,0,0,0,0,N/A,N/A,N/A,N/A,N/A,1,kworker/0,I (idle),learner.bnsdq.ozxfs.fkiya.kvugl,0.004971710029285826
1759316408,48041,2,0,0,0,0,0,0,0,0,N/A,N/A,N/A,N/A,N/A,1,kworker/1,I (idle),learner.bnsdq.ozxfs.fkiya.kvugl,0.023247508856278604
1759316408,53568,53504,0,0,0,0,0,0,0,0,5492736,5492736,577536,135168,180224,1,sleep,S (sleeping),learner.bnsdq.ozxfs.fkiya.kvugl,0.0
1759316408,48160,1,0,0,0,0,0,0,0,0,1562157056,1562157056,22249472,135168,200482816,12,containerd-shim,S (sleeping),learner.bnsdq.ozxfs.fkiya.kvugl,0.01570110639519088
1759316408,43214,2,0,0,0,0,0,0,0,0,N/A,N/A,N/A,N/A,N/A,1,kworker/3,I (idle),learner.bnsdq.ozxfs.fkiya.kvugl,0.013771469004669558
1759316408,48128,48127,0,0,0,0,0,0,0,0,1448742912,1382223872,65290240,135168,177422336,9,docker,S (sleeping),learner.bnsdq.ozxfs.fkiya.kvugl,0.03401901824947045
1759316408,51943,2,0,0,0,0,0,0,0,0,N/A,N/A,N/A,N/A,N/A,1,kworker/2,I (idle),learner.bnsdq.ozxfs.fkiya.kvugl,0.03385830185661434
1759316408,53509,1,0,0,0,0,0,0,0,0,6979584,6979584,3432448,135168,278528,1,bash,S (sleeping),learner.bnsdq.ozxfs.fkiya.kvugl,0.0
1759316408,48098,48097,1001,1001,1001,1001,1001,1001,1001,1001,172527616,172527616,3739648,1056768,20037632,1,(sd-pam),S (sleeping),learner.bnsdq.ozxfs.fkiya.kvugl,0.0
1759316408,48211,48180,0,0,0,0,0,0,0,0,3614457856,3345309696,1380356096,147456,1642237952,17,python3,S (sleeping),learner.bnsdq.ozxfs.fkiya.kvugl,170.82430831651163
1759316408,52193,2,0,0,0,0,0,0,0,0,N/A,N/A,N/A,N/A,N/A,1,kworker/3,I (idle),learner.bnsdq.ozxfs.fkiya.kvugl,0.0
1759316408,48115,48094,1001,1001,1001,1001,1001,1001,1001,1001,15069184,15069184,6053888,135168,1175552,1,sshd,S (sleeping),learner.bnsdq.ozxfs.fkiya.kvugl,0.0
1759316408,48136,2,0,0,0,0,0,0,0,0,N/A,N/A,N/A,N/A,N/A,1,kworker/u8,I (idle),learner.bnsdq.ozxfs.fkiya.kvugl,0.015701022470399794
1759316408,48137,2,0,0,0,0,0,0,0,0,N/A,N/A,N/A,N/A,N/A,1,kworker/u8,I (idle),learner.bnsdq.ozxfs.fkiya.kvugl,0.01308417836831487
1759316408,53506,1,0,0,0,0,0,0,0,0,6979584,6979584,3178496,135168,278528,1,bash,S (sleeping),learner.bnsdq.ozxfs.fkiya.kvugl,0.0
1759316408,53572,53506,0,0,0,0,0,0,0,0,5492736,5492736,516096,135168,180224,1,sleep,S (sleeping),learner.bnsdq.ozxfs.fkiya.kvugl,0.0
1759316408,43087,2,0,0,0,0,0,0,0,0,N/A,N/A,N/A,N/A,N/A,1,kworker/2,I (idle),learner.bnsdq.ozxfs.fkiya.kvugl,0.04903686662254353
1759316408,53596,241,0,0,0,0,0,0,0,0,23040000,21975040,4083712,135168,724992,1,systemd-udevd,S (sleeping),learner.bnsdq.ozxfs.fkiya.kvugl,0.0
1759316408,53570,53497,0,0,0,0,0,0,0,0,5492736,5492736,581632,135168,180224,1,sleep,S (sleeping),learner.bnsdq.ozxfs.fkiya.kvugl,0.0
1759316408,43084,2,0,0,0,0,0,0,0,0,N/A,N/A,N/A,N/A,N/A,1,kworker/0,I (idle),learner.bnsdq.ozxfs.fkiya.kvugl,0.05448536175476145
1759316408,48097,1,1001,1001,1001,1001,1001,1001,1001,1001,15548416,15515648,8888320,135168,733184,1,systemd,S (sleeping),learner.bnsdq.ozxfs.fkiya.kvugl,0.02355143337719971
1759316408,48212,48180,0,0,0,0,0,0,0,0,4386816,4386816,577536,135168,180224,1,tee,S (sleeping),learner.bnsdq.ozxfs.fkiya.kvugl,0.0
1759316408,51696,2,0,0,0,0,0,0,0,0,N/A,N/A,N/A,N/A,N/A,1,kworker/0,I (idle),learner.bnsdq.ozxfs.fkiya.kvugl,0.02916669185465717
1759316408,53497,1,0,0,0,0,0,0,0,0,6979584,6979584,3231744,135168,278528,1,bash,S (sleeping),learner.bnsdq.ozxfs.fkiya.kvugl,0.0
1759316408,48094,2699,0,0,0,0,0,0,0,0,15106048,15069184,9199616,135168,1175552,1,sshd,S (sleeping),learner.bnsdq.ozxfs.fkiya.kvugl,0.002616819901989061
1759316408,53504,1,0,0,0,0,0,0,0,0,6979584,6979584,3264512,135168,278528,1,bash,S (sleeping),learner.bnsdq.ozxfs.fkiya.kvugl,0.0
1759316408,53569,53503,0,0,0,0,0,0,0,0,5492736,5492736,577536,135168,180224,1,sleep,S (sleeping),learner.bnsdq.ozxfs.fkiya.kvugl,0.0
1759316408,47452,2,0,0,0,0,0,0,0,0,N/A,N/A,N/A,N/A,N/A,1,kworker/2,I (idle),learner.bnsdq.ozxfs.fkiya.kvugl,0.006990663497239371
1759316408,53503,1,0,0,0,0,0,0,0,0,6979584,6979584,3354624,135168,278528,1,bash,S (sleeping),learner.bnsdq.ozxfs.fkiya.kvugl,0.0
1759316408,48180,48160,0,0,0,0,0,0,0,0,5939200,5926912,3379200,135168,307200,1,bash,S (sleeping),learner.bnsdq.ozxfs.fkiya.kvugl,0.010494714684806809
1759316408,53585,1,101,101,101,101,102,102,102,102,16568320,16568320,7454720,135168,630784,1,systemd-network,S (sleeping),learner.bnsdq.ozxfs.fkiya.kvugl,4.368958518965283
1759316408,48127,48126,1001,0,0,0,0,0,0,0,11055104,11034624,5169152,135168,659456,1,sudo,S (sleeping),learner.bnsdq.ozxfs.fkiya.kvugl,0.0
1759316408,43195,1,0,0,0,0,0,0,0,0,1799233536,1732124672,28663808,135168,99774464,7,discern-interfa,S (sleeping),learner.bnsdq.ozxfs.fkiya.kvugl,0.00274670614103077
1759316408,53567,53509,0,0,0,0,0,0,0,0,5492736,5492736,516096,135168,180224,1,sleep,S (sleeping),learner.bnsdq.ozxfs.fkiya.kvugl,0.0
1759316413,48137,2,0,0,0,0,0,0,0,0,N/A,N/A,N/A,N/A,N/A,1,kworker/u8,I (idle),learner.bnsdq.ozxfs.fkiya.kvugl,0.01291143636896567
1759316413,53687,1,0,0,0,0,0,0,0,0,6979584,6979584,3264512,135168,278528,1,bash,S (sleeping),learner.bnsdq.ozxfs.fkiya.kvugl,0.0
1759316413,53715,53683,0,0,0,0,0,0,0,0,5492736,5492736,516096,135168,180224,1,sleep,S (sleeping),learner.bnsdq.ozxfs.fkiya.kvugl,0.0
1759316413,48098,48097,1001,1001,1001,1001,1001,1001,1001,1001,172527616,172527616,3739648,1056768,20037632,1,(sd-pam),S (sleeping),learner.bnsdq.ozxfs.fkiya.kvugl,0.0
1759316413,53711,53681,0,0,0,0,0,0,0,0,5492736,5492736,512000,135168,180224,1,sleep,S (sleeping),learner.bnsdq.ozxfs.fkiya.kvugl,0.0
1759316413,53671,241,0,0,0,0,0,0,0,0,21975040,21975040,2977792,135168,724992,1,systemd-udevd,S (sleeping),learner.bnsdq.ozxfs.fkiya.kvugl,0.0
1759316413,43084,2,0,0,0,0,0,0,0,0,N/A,N/A,N/A,N/A,N/A,1,kworker/0,I (idle),learner.bnsdq.ozxfs.fkiya.kvugl,0.055461111794191345
1759316413,53704,1,101,101,101,101,102,102,102,102,16568320,16564224,7393280,135168,626688,1,systemd-network,S (sleeping),learner.bnsdq.ozxfs.fkiya.kvugl,2.2152896004276212
1759316413,53678,2,0,0,0,0,0,0,0,0,N/A,N/A,N/A,N/A,N/A,1,kworker/u8,I (idle),learner.bnsdq.ozxfs.fkiya.kvugl,0.0
1759316413,48041,2,0,0,0,0,0,0,0,0,N/A,N/A,N/A,N/A,N/A,1,kworker/1,I (idle),learner.bnsdq.ozxfs.fkiya.kvugl,0.02294410623254861
1759316413,51943,2,0,0,0,0,0,0,0,0,N/A,N/A,N/A,N/A,N/A,1,kworker/2,I (idle),learner.bnsdq.ozxfs.fkiya.kvugl,0.17848760829869906
1759316413,53680,1,0,0,0,0,0,0,0,0,729841664,729841664,7794688,135168,106921984,6,foundryc,S (sleeping),learner.bnsdq.ozxfs.fkiya.kvugl,0.44283909780286096
1759316413,43087,2,0,0,0,0,0,0,0,0,N/A,N/A,N/A,N/A,N/A,1,kworker/2,I (idle),learner.bnsdq.ozxfs.fkiya.kvugl,0.07169346806358814
1759316413,53712,53687,0,0,0,0,0,0,0,0,5492736,5492736,581632,135168,180224,1,sleep,S (sleeping),learner.bnsdq.ozxfs.fkiya.kvugl,0.0
1759316413,53596,241,0,0,0,0,0,0,0,0,23040000,21975040,4083712,135168,724992,1,systemd-udevd,S (sleeping),learner.bnsdq.ozxfs.fkiya.kvugl,0.0
1759316413,53677,2,0,0,0,0,0,0,0,0,N/A,N/A,N/A,N/A,N/A,1,kworker/u8,I (idle),learner.bnsdq.ozxfs.fkiya.kvugl,0.0
1759316413,53676,2,0,0,0,0,0,0,0,0,N/A,N/A,N/A,N/A,N/A,1,kworker/u8,I (idle),learner.bnsdq.ozxfs.fkiya.kvugl,0.0
1759316413,53688,1,0,0,0,0,0,0,0,0,6979584,6979584,3416064,135168,278528,1,bash,S (sleeping),learner.bnsdq.ozxfs.fkiya.kvugl,0.0
1759316413,48136,2,0,0,0,0,0,0,0,0,N/A,N/A,N/A,N/A,N/A,1,kworker/u8,I (idle),learner.bnsdq.ozxfs.fkiya.kvugl,0.015493460691537422
1759316413,53679,2,0,0,0,0,0,0,0,0,N/A,N/A,N/A,N/A,N/A,1,kworker/1,I (idle),learner.bnsdq.ozxfs.fkiya.kvugl,0.0
1759316413,51696,2,0,0,0,0,0,0,0,0,N/A,N/A,N/A,N/A,N/A,1,kworker/0,I (idle),learner.bnsdq.ozxfs.fkiya.kvugl,0.028117395788347883
1759316413,47452,2,0,0,0,0,0,0,0,0,N/A,N/A,N/A,N/A,N/A,1,kworker/2,I (idle),learner.bnsdq.ozxfs.fkiya.kvugl,0.006908288558729665
1759316413,52193,2,0,0,0,0,0,0,0,0,N/A,N/A,N/A,N/A,N/A,1,kworker/3,I (idle),learner.bnsdq.ozxfs.fkiya.kvugl,0.15849158693963905
1759316413,53681,1,0,0,0,0,0,0,0,0,6979584,6979584,3305472,135168,278528,1,bash,S (sleeping),learner.bnsdq.ozxfs.fkiya.kvugl,0.0
1759316413,53683,1,0,0,0,0,0,0,0,0,6979584,6979584,3334144,135168,278528,1,bash,S (sleeping),learner.bnsdq.ozxfs.fkiya.kvugl,0.0
1759316413,48097,1,1001,1001,1001,1001,1001,1001,1001,1001,15548416,15515648,8888320,135168,733184,1,systemd,S (sleeping),learner.bnsdq.ozxfs.fkiya.kvugl,0.025822306193440715
1759316413,53672,241,0,0,0,0,0,0,0,0,21975040,21975040,2449408,135168,724992,1,systemd-udevd,S (sleeping),learner.bnsdq.ozxfs.fkiya.kvugl,0.0
1759316413,53682,1,0,0,0,0,0,0,0,0,6979584,6979584,3272704,135168,278528,1,bash,S (sleeping),learner.bnsdq.ozxfs.fkiya.kvugl,0.0
1759316413,53714,53682,0,0,0,0,0,0,0,0,5492736,5492736,516096,135168,180224,1,sleep,S (sleeping),learner.bnsdq.ozxfs.fkiya.kvugl,0.0
1759316413,43195,1,0,0,0,0,0,0,0,0,1799233536,1732124672,28663808,135168,99774464,7,discern-interfa,S (sleeping),learner.bnsdq.ozxfs.fkiya.kvugl,0.00272753328231585
1759316413,50825,2,0,0,0,0,0,0,0,0,N/A,N/A,N/A,N/A,N/A,1,kworker/0,I (idle),learner.bnsdq.ozxfs.fkiya.kvugl,0.0048481664957063355
1759316413,53713,53688,0,0,0,0,0,0,0,0,5492736,5492736,577536,135168,180224,1,sleep,S (sleeping),learner.bnsdq.ozxfs.fkiya.kvugl,0.0
1759316413,43214,2,0,0,0,0,0,0,0,0,N/A,N/A,N/A,N/A,N/A,1,kworker/3,I (idle),learner.bnsdq.ozxfs.fkiya.kvugl,0.01367494986801094
1759316413,53675,2,0,0,0,0,0,0,0,0,N/A,N/A,N/A,N/A,N/A,1,kworker/u8,I (idle),learner.bnsdq.ozxfs.fkiya.kvugl,0.0
1759316418,43087,2,0,0,0,0,0,0,0,0,N/A,N/A,N/A,N/A,N/A,1,kworker/2,I (idle),learner.bnsdq.ozxfs.fkiya.kvugl,0.07120046955700292
1759316418,43084,2,0,0,0,0,0,0,0,0,N/A,N/A,N/A,N/A,N/A,1,kworker/0,I (idle),learner.bnsdq.ozxfs.fkiya.kvugl,0.05507959879543361
1759316418,47452,2,0,0,0,0,0,0,0,0,N/A,N/A,N/A,N/A,N/A,1,kworker/2,I (idle),learner.bnsdq.ozxfs.fkiya.kvugl,0.006827843712130742
1759316418,53679,2,0,0,0,0,0,0,0,0,N/A,N/A,N/A,N/A,N/A,1,kworker/1,I (idle),learner.bnsdq.ozxfs.fkiya.kvugl,0.0
1759316418,50825,2,0,0,0,0,0,0,0,0,N/A,N/A,N/A,N/A,N/A,1,kworker/0,I (idle),learner.bnsdq.ozxfs.fkiya.kvugl,0.004730869474561955
1759316418,53768,1,101,101,101,101,102,102,102,102,16568320,16564224,7475200,135168,626688,1,systemd-network,S (sleeping),learner.bnsdq.ozxfs.fkiya.kvugl,2.523359902309837
1759316418,53677,2,0,0,0,0,0,0,0,0,N/A,N/A,N/A,N/A,N/A,1,kworker/u8,I (idle),learner.bnsdq.ozxfs.fkiya.kvugl,0.0
1759316418,43214,2,0,0,0,0,0,0,0,0,N/A,N/A,N/A,N/A,N/A,1,kworker/3,I (idle),learner.bnsdq.ozxfs.fkiya.kvugl,0.013579977344037118
1759316418,48136,2,0,0,0,0,0,0,0,0,N/A,N/A,N/A,N/A,N/A,1,kworker/u8,I (idle),learner.bnsdq.ozxfs.fkiya.kvugl,0.01529136216144325
1759316418,48137,2,0,0,0,0,0,0,0,0,N/A,N/A,N/A,N/A,N/A,1,kworker/u8,I (idle),learner.bnsdq.ozxfs.fkiya.kvugl,0.012742797353513611
1759316418,48097,1,1001,1001,1001,1001,1001,1001,1001,1001,15548416,15515648,8888320,135168,733184,1,systemd,S (sleeping),learner.bnsdq.ozxfs.fkiya.kvugl,0.025485585097838173
1759316418,51696,2,0,0,0,0,0,0,0,0,N/A,N/A,N/A,N/A,N/A,1,kworker/0,I (idle),learner.bnsdq.ozxfs.fkiya.kvugl,0.027140945043000696
1759316418,43195,1,0,0,0,0,0,0,0,0,1799233536,1732124672,28663808,135168,99774464,7,discern-interfa,S (sleeping),learner.bnsdq.ozxfs.fkiya.kvugl,0.0027086361592540513
1759316418,53675,2,0,0,0,0,0,0,0,0,N/A,N/A,N/A,N/A,N/A,1,kworker/u8,I (idle),learner.bnsdq.ozxfs.fkiya.kvugl,0.0
1759316418,48098,48097,1001,1001,1001,1001,1001,1001,1001,1001,172527616,172527616,3739648,1056768,20037632,1,(sd-pam),S (sleeping),learner.bnsdq.ozxfs.fkiya.kvugl,0.0
1759316418,53676,2,0,0,0,0,0,0,0,0,N/A,N/A,N/A,N/A,N/A,1,kworker/u8,I (idle),learner.bnsdq.ozxfs.fkiya.kvugl,0.0
1759316418,48041,2,0,0,0,0,0,0,0,0,N/A,N/A,N/A,N/A,N/A,1,kworker/1,I (idle),learner.bnsdq.ozxfs.fkiya.kvugl,0.022648373607940676
1759316418,53678,2,0,0,0,0,0,0,0,0,N/A,N/A,N/A,N/A,N/A,1,kworker/u8,I (idle),learner.bnsdq.ozxfs.fkiya.kvugl,0.0
1759316418,52193,2,0,0,0,0,0,0,0,0,N/A,N/A,N/A,N/A,N/A,1,kworker/3,I (idle),learner.bnsdq.ozxfs.fkiya.kvugl,0.15127274951719258
1759316418,53780,241,0,0,0,0,0,0,0,0,23040000,21975040,4079616,135168,724992,1,systemd-udevd,S (sleeping),learner.bnsdq.ozxfs.fkiya.kvugl,0.0
1759316418,51943,2,0,0,0,0,0,0,0,0,N/A,N/A,N/A,N/A,N/A,1,kworker/2,I (idle),learner.bnsdq.ozxfs.fkiya.kvugl,0.17136614291852342
