Name,TimeWeightedAvgVmSizeMiB,MaxVmPeakMiB,MaxVmHwmMiB,DataPoints,PeakDuration
dbus-daemon,106.86190445058777,131.96875,120.33984375,995,5019.0
discern-file-so,1494.5694830907535,1591.1796875,291.046875,112,584.0
discern-interfa,1508.2103399603725,1508.39453125,22.62890625,624,3249.0
discern-logs-so,1260.446524545656,1269.49609375,89.20703125,995,5076.0
discern-network,1825.57421875,1863.1875,44.98046875,995,5119.0
discern-proc-so,1205.92578125,1205.92578125,16.4296875,2,11.0
python3,178.71484375,242.71484375,27.09375,825,4311.0
systemd-journal,122.01079256221719,153.32421875,31.64453125,427,2210.0
