Name,TimeWeightedAvgVmSizeMiB,MaxVmPeakMiB,MaxVmHwmMiB,DataPoints,PeakDuration
dbus-daemon,67.73322940626797,75.734375,66.28515625,326,1739.0
discern-ansible,1205.09375,1205.09375,10.45703125,3,15.0
discern-cpu-sor,1205.359375,1205.359375,11.734375,1,6.0
discern-file-so,1525.7316851602382,1526.98828125,344.30859375,326,1763.0
discern-logs-so,1626.4867101349391,1717.9609375,498.84375,323,1723.0
discern-network,1833.58203125,1863.1875,56.01953125,326,1755.0
discern-os-sorc,1205.66015625,1205.66015625,10.21484375,2,11.0
discern-proc-so,1205.92578125,1205.92578125,15.19921875,310,1683.0
systemd-journal,120.00091911764706,169.31640625,21.57421875,13,68.0
