Name,TimeWeightedAvgVmSizeMiB,MaxVmPeakMiB,MaxVmHwmMiB,DataPoints,PeakDuration
containerd,1233.62890625,1233.62890625,33.34375,770,4012.0
dbus-daemon,113.00148886388233,137.55859375,125.3046875,1011,5082.0
discern-file-so,1490.2322205583182,1591.1796875,294.9765625,108,553.0
discern-logs-so,1268.7294237659235,1269.49609375,80.8046875,1011,5181.0
discern-network,1898.5234375,1898.5234375,138.8125,1011,5261.0
dockerd,1350.61328125,1414.36328125,103.4296875,1011,5178.0
systemd-journal,121.49788107014389,169.4140625,33.625,133,695.0
