Name,Duration,AvgCpuPercent,MaxCpuUsage,DataPoints
server.py,908.0,60.783732348086886,65.58580037927554,175
discern-file-so,1157.0,38.52380147893628,85.44095685501952,225
discern-proc-so,1152.0,2.1235911707335786,2.47424068486903,224
jbd2/vda2-8,1173.0,0.7366504771755441,1.883267092060209,225
discern-network,657.0,0.7272314469713728,1.6887821205536049,127
kswapd0,727.0,0.6167464485476665,0.6672849721634138,143
systemd,31.0,0.9602221139866162,1.5204507687083972,6
