Name,TimeWeightedAvgVmSizeMiB,MaxVmPeakMiB,MaxVmHwmMiB,DataPoints,PeakDuration
dbus-daemon,19.521115672831634,21.85546875,15.39453125,76,392.0
discern-file-so,1570.6170938570206,1591.6796875,292.3828125,225,1168.0
discern-logs-so,1205.4296875,1205.4296875,32.48046875,225,1176.0
discern-network,1898.2109375,1898.2109375,92.8828125,225,1172.0
discern-proc-so,1205.92578125,1205.92578125,16.62890625,6,31.0
python3,125.86320903361344,232.35546875,16.8828125,112,595.0
server.py,174.2890625,238.2890625,24.91015625,175,926.0
systemd-journal,139.9020057091346,145.64453125,24.12890625,81,416.0
