Name,Duration,AvgCpuPercent,MaxCpuUsage,DataPoints
discern-file-so,2079.0,33.66313804880776,89.47019563596334,393
discern-proc-so,2074.0,2.526911101687793,4.239186649047067,393
kswapd0,2082.0,0.6942774140928114,0.7013508065549653,393
discern-logs-so,2082.0,0.1822545254745005,0.19457181928974948,393
systemd,2579.0,0.14672303640725326,3.179760918418995,393
