Name,TimeWeightedAvgVmSizeMiB,MaxVmPeakMiB,MaxVmHwmMiB,DataPoints,PeakDuration
dbus-daemon,91.35294894890424,104.09765625,97.63671875,393,2099.0
discern-file-so,1462.7539859693877,1527.36328125,286.76171875,393,2107.0
discern-logs-so,1205.4296875,1205.4296875,33.234375,393,2123.0
discern-network,1833.33203125,1863.1875,35.19921875,393,2107.0
discern-proc-so,1205.92578125,1205.92578125,17.05078125,4,21.0
named,406.5234375,406.5234375,19.53125,384,2547.0
systemd-journal,103.375,103.375,19.47265625,5,21.0
