Name,TimeWeightedAvgVmSizeMiB,MaxVmPeakMiB,MaxVmHwmMiB,DataPoints,PeakDuration
dbus-daemon,35.76855141044463,41.1171875,33.70703125,234,1192.0
discern-file-so,1526.5444087658898,1591.6796875,355.09375,234,1180.0
discern-logs-so,1205.4296875,1205.4296875,21.00390625,234,1200.0
discern-network,1898.2109375,1898.2109375,99.6015625,234,1184.0
discern-proc-so,1205.92578125,1205.92578125,16.2265625,158,814.0
systemd-journal,82.79333306347151,83.37109375,22.15625,76,386.0
