Name,Duration,AvgCpuPercent,MaxCpuUsage,DataPoints
discern-file-so,1793.0,31.979703563618514,86.41312826953063,355
discern-proc-so,1798.0,2.4077109550657907,5.300550320095994,354
discern-logs-so,1812.0,1.1400167966566348,1.3274652465976182,354
discern-network,1815.0,0.8212012307334242,0.8662996801689865,353
kswapd0,1822.0,0.7886074576641338,0.8126174984698413,352
systemd,15.0,1.352994210081117,1.6955144231706571,3
sshd,5.0,0.8470993579313,0.8470993579313,1
