Name,TimeWeightedAvgVmSizeMiB,MaxVmPeakMiB,MaxVmHwmMiB,DataPoints,PeakDuration
dbus-daemon,51.480818563432834,58.6796875,51.51953125,354,1809.0
discern-cpu-sor,1205.359375,1205.359375,11.734375,4,21.0
discern-file-so,1525.7512243150684,1527.23828125,278.30078125,354,1825.0
discern-logs-so,1501.1098478275958,1589.828125,337.51171875,354,1801.0
discern-network,1833.58203125,1863.1875,56.01953125,354,1821.0
discern-proc-so,1205.92578125,1205.92578125,15.328125,313,1627.0
systemd-journal,120.81405845207254,169.31640625,21.57421875,37,193.0
