Name,TimeWeightedAvgVmSizeMiB,MaxVmPeakMiB,MaxVmHwmMiB,DataPoints,PeakDuration
dbus-daemon,69.38338990991583,84.9921875,77.64453125,740,3802.0
discern-file-so,1565.1053381789693,1591.4296875,288.65234375,71,359.0
discern-logs-so,1205.4296875,1205.4296875,51.53125,682,3598.0
discern-network,1825.88671875,1825.88671875,60.4453125,727,3778.0
python3,122.73819739115122,122.86328125,106.47265625,1480,7453.0
