Name,TimeWeightedAvgVmSizeMiB,MaxVmPeakMiB,MaxVmHwmMiB,DataPoints,PeakDuration
dbus-daemon,108.09060985354031,128.01953125,115.11328125,716,3559.0
discern-file-so,1542.4454345703125,1655.12109375,306.86328125,44,224.0
discern-logs-so,1269.49609375,1269.49609375,94.89453125,716,3707.0
discern-network,1898.2109375,1898.2109375,117.9765625,672,3527.0
dockerd,1350.86328125,1414.36328125,100.18359375,716,3692.0
mariadbd,1050.94140625,1113.66796875,91.1484375,716,3606.0
