Name,TimeWeightedAvgVmSizeMiB,MaxVmPeakMiB,MaxVmHwmMiB,DataPoints,PeakDuration
dbus-daemon,106.71708520440714,131.890625,120.49609375,996,5094.0
discern-file-so,1481.3874757751937,1591.4296875,288.2421875,74,387.0
discern-logs-so,1233.4966344021095,1269.49609375,77.8125,971,5072.0
discern-network,1833.89453125,1863.1875,61.1171875,947,4936.0
python3,125.61328125,125.61328125,109.40625,1992,10161.0
