Name,TimeWeightedAvgVmSizeMiB,MaxVmPeakMiB,MaxVmHwmMiB,DataPoints,PeakDuration
dbus-daemon,37.1400462962963,42.30859375,34.9296875,229,1188.0
discern-file-so,1572.4719840271832,1591.6796875,359.78125,229,1168.0
discern-jupyter,1205.33203125,1205.33203125,11.22265625,3,16.0
discern-logs-so,1205.4296875,1205.4296875,39.6875,229,1188.0
discern-network,1834.39453125,1834.39453125,85.05859375,229,1176.0
discern-proc-so,1205.92578125,1205.92578125,16.19140625,24,116.0
python3,138.1671931407942,232.35546875,32.06640625,53,277.0
server.py,171.75390625,235.75390625,19.77734375,134,704.0
systemd-journal,121.04296875,164.8828125,30.6875,15,79.0
