Name,TimeWeightedAvgVmSizeMiB,MaxVmPeakMiB,MaxVmHwmMiB,DataPoints,PeakDuration
dbus-daemon,107.19836622860339,132.40234375,121.08203125,1004,5141.0
discern-file-so,1526.561363260582,1591.0546875,300.36328125,35,189.0
discern-interfa,1436.2779947916667,1436.390625,22.72265625,127,672.0
discern-logs-so,1240.8911676592998,1269.49609375,82.65625,1002,5226.0
discern-network,1906.46484375,1906.46484375,94.86328125,1004,5193.0
discern-proc-so,1205.92578125,1205.92578125,18.43359375,132,698.0
java,2257.703125,10959.44921875,203.640625,1004,5072.0
systemd-journal,128.9907491317103,169.31640625,33.01171875,712,3707.0
