Name,TimeWeightedAvgVmSizeMiB,MaxVmPeakMiB,MaxVmHwmMiB,DataPoints,PeakDuration
dbus-daemon,23.21890521523179,30.3671875,24.5859375,348,1812.0
discern-file-so,1463.156885494403,1526.67578125,279.69921875,394,2010.0
discern-logs-so,1205.4296875,1205.4296875,53.546875,390,2018.0
discern-network,1833.3076045301596,1863.44140625,37.87109375,394,2006.0
discern-proc-so,1205.92578125,1205.92578125,18.8671875,179,923.0
systemd-journal,107.52525449810607,145.265625,33.3359375,256,1320.0
systemd-resolve,23.53515625,23.59765625,11.62109375,9,45.0
