Name,Duration,AvgCpuPercent,MaxCpuUsage,DataPoints
discern-file-so,852.0,43.713752263890896,84.25054406279233,168
discern-proc-so,860.0,2.0082607479371446,4.967835401941651,168
jbd2/vda2-8,860.0,1.2288411138087487,2.717516325141801,168
kswapd0,832.0,0.5984376885901301,0.6777900003617034,162
systemd,866.0,0.4610867197311176,1.1078602932644237,169
discern-network,22.0,0.5307708617472646,0.5629235037380822,5
