Name,Duration,AvgCpuPercent,MaxCpuUsage,DataPoints
discern-file-so,633.0,46.76988773906228,90.94328685605659,123
discern-proc-so,628.0,2.3716816936142386,2.542820940942182,122
kswapd0,633.0,0.7117508731725395,0.7222707100276706,123
jbd2/vda2-8,633.0,0.39372752019488844,0.4411603071874097,123
python3,161.0,1.0136086766738774,6.7013622324754625,31
discern-logs-so,462.0,0.3104758147822095,0.3282319212360215,90
systemd,15.0,2.8564075464287595,7.563420920004008,3
