Name,TimeWeightedAvgVmSizeMiB,MaxVmPeakMiB,MaxVmHwmMiB,DataPoints,PeakDuration
dbus-daemon,70.14786965363422,85.921875,79.26171875,744,3811.0
discern-file-so,1575.454372829861,1655.05859375,369.19921875,27,144.0
discern-interfa,1435.515625,1435.515625,22.72265625,82,424.0
discern-logs-so,1205.4296875,1205.4296875,60.40234375,744,3891.0
discern-network,1906.46484375,1906.46484375,94.86328125,744,3837.0
discern-proc-so,1205.92578125,1205.92578125,17.640625,90,468.0
java,2257.703125,10959.44921875,203.640625,744,3733.0
systemd-journal,124.52757918037756,169.31640625,30.7734375,545,2887.0
