Name,TimeWeightedAvgVmSizeMiB,MaxVmPeakMiB,MaxVmHwmMiB,DataPoints,PeakDuration
dbus-daemon,46.6890964673913,56.48828125,49.99609375,488,2530.0
discern-file-so,1491.1462535933783,1591.6796875,363.52734375,488,2522.0
discern-logs-so,1205.4296875,1205.4296875,27.5703125,488,2538.0
discern-network,1833.33203125,1833.33203125,35.625,488,2534.0
discern-proc-so,1205.92578125,1205.92578125,17.0390625,253,1316.0
ettercap,309.46670494116233,392.40234375,24.2734375,197,1041.0
systemd-journal,114.72692681347151,117.296875,17.50390625,38,193.0
