Name,Duration,AvgCpuPercent,MaxCpuUsage,DataPoints
discern-file-so,146.0,85.62757593173569,90.29892471143472,29
discern-proc-so,1159.0,2.483548325311584,3.5616697838445135,229
python3,596.0,0.6998829343751966,13.555392975911623,117
jbd2/vda2-8,1159.0,0.3563192214806145,0.46397121553287307,229
discern-logs-so,1157.0,0.2793039180040992,0.29042997247539815,227
discern-network,874.0,0.22078923770482148,0.2346329430564801,170
systemd,722.0,0.2529658188391855,2.67160241056192,142
sshd,10.0,0.6036619190057739,0.9346499118556904,2
