Name,TimeWeightedAvgVmSizeMiB,MaxVmPeakMiB,MaxVmHwmMiB,DataPoints,PeakDuration
dbus-daemon,27.903541042380137,32.3046875,26.765625,228,1168.0
discern-file-so,1445.2399711879432,1591.4296875,290.609375,28,141.0
discern-interfa,1435.3185325309819,1435.515625,22.68359375,205,1049.0
discern-logs-so,1205.4296875,1205.4296875,26.703125,229,1173.0
discern-network,1897.9609375,1897.9609375,89.7890625,229,1169.0
discern-proc-so,1205.92578125,1205.92578125,16.12890625,18,93.0
python3,677.2464642262895,984.57421875,91.64453125,117,601.0
systemd-journal,121.86249662526998,125.4921875,24.59375,91,463.0
