Name,TimeWeightedAvgVmSizeMiB,MaxVmPeakMiB,MaxVmHwmMiB,DataPoints,PeakDuration
dbus-daemon,35.347458042331816,42.83203125,35.34375,339,1754.0
discern-cpu-sor,1205.359375,1205.359375,11.98046875,1,5.0
discern-file-so,1580.8101346237024,1591.4296875,285.78125,339,1734.0
discern-logs-so,1262.59720832727,1269.49609375,96.40625,339,1718.0
discern-network,1833.9563153278923,1863.81640625,52.83984375,339,1746.0
discern-proc-so,1205.92578125,1205.92578125,16.40234375,159,823.0
systemd-journal,95.55657342069892,163.38671875,34.171875,179,930.0
