Name,Duration,AvgCpuPercent,MaxCpuUsage,DataPoints
discern-file-so,1789.0,35.433680429620246,93.05001640311056,351
discern-proc-so,1791.0,2.748353176565023,2.9109618288342416,350
discern-network,1826.0,0.9686833272843182,0.9986834537648297,351
kswapd0,1826.0,0.77646512841648,0.7833734978176274,351
discern-logs-so,1694.0,0.5508825439498096,0.605104735806641,324
flooder,131.0,0.5580731346893995,0.6771785665281737,25
systemd,5.0,0.6555399959045884,1.0072023595395285,2
systemd-journal,6.0,0.36953270182765824,0.36953270182765824,1
