Name,TimeWeightedAvgVmSizeMiB,MaxVmPeakMiB,MaxVmHwmMiB,DataPoints,PeakDuration
dbus-daemon,75.59750299384125,84.08203125,76.80078125,428,2192.0
discern-file-so,1479.627098289696,1591.1796875,353.13671875,56,296.0
discern-interfa,1507.51953125,1571.26953125,22.578125,357,1839.0
discern-logs-so,1205.4296875,1205.4296875,54.03125,428,2204.0
discern-network,1834.14453125,1863.44140625,80.875,428,2188.0
discern-proc-so,1205.9398657570423,1206.17578125,16.12109375,55,284.0
systemd-journal,116.52306463955522,147.34765625,28.65234375,388,2001.0
