Name,Duration,AvgCpuPercent,MaxCpuUsage,DataPoints
discern-file-so,302.0,81.57347911033074,90.86258997538027,57
discern-proc-so,2183.0,2.6771188043400107,2.857829516005895,427
discern-logs-so,2196.0,0.3638491188611361,0.3846829882172119,428
systemd-journal,2200.0,0.19214345823487844,0.19374456304752635,428
discern-network,2197.0,0.17561718396301604,0.17782181911952466,426
kswapd0,1899.0,0.16669321836646342,0.17738217693810296,369
systemd,27.0,0.7673016882746451,1.7805499669318336,5
