Name,Duration,AvgCpuPercent,MaxCpuUsage,DataPoints
discern-file-so,625.0,41.46956834134653,72.73836570010975,120
server.py,456.0,56.72843313098694,64.10362432104662,86
discern-proc-so,620.0,2.29743502092207,3.4048818541152026,119
kswapd0,619.0,0.666268850040169,0.683786045628261,119
discern-network,619.0,0.5005724825987938,0.5207259715013725,119
jbd2/vda2-8,169.0,0.39281743048106443,0.46485708644945173,34
python3,12.0,0.8148073948062168,0.8148301138437205,2
discern-logs-so,5.0,0.2644928900875342,0.2644928900875342,1
