Name,TimeWeightedAvgVmSizeMiB,MaxVmPeakMiB,MaxVmHwmMiB,DataPoints,PeakDuration
dbus-daemon,28.73065655048077,31.26953125,25.140625,120,624.0
discern-file-so,1554.640152469758,1591.6796875,292.6875,120,620.0
discern-logs-so,1205.4296875,1205.4296875,42.23828125,120,620.0
discern-network,1898.2109375,1898.2109375,89.6328125,120,620.0
discern-proc-so,1205.9074885670732,1205.92578125,15.80078125,17,82.0
python3,176.609375,232.35546875,16.12109375,16,83.0
server.py,171.75390625,235.75390625,19.94140625,86,456.0
