Name,Duration,AvgCpuPercent,MaxCpuUsage,DataPoints
discern-file-so,504.0,49.349971197962866,92.14875125770936,101
discern-proc-so,504.0,2.1385920448574685,5.011460868556563,101
jbd2/vda2-8,504.0,0.7230418893895848,0.8944496174917699,101
kswapd0,507.0,0.6543963213392182,0.6811787253881787,100
python3,176.0,1.6198069547816958,28.336941634326223,35
systemd,327.0,0.30773941335173927,1.1720509131673404,64
discern-logs-so,10.0,0.2548496365817504,0.25555141345153193,3
