Name,TimeWeightedAvgVmSizeMiB,MaxVmPeakMiB,MaxVmHwmMiB,DataPoints,PeakDuration
dbus-daemon,18.825736667798914,20.19921875,14.5078125,72,368.0
discern-file-so,1585.8559095330738,1591.6796875,292.96875,101,514.0
discern-logs-so,1205.4296875,1205.4296875,22.68359375,101,514.0
discern-network,1898.2109375,1898.2109375,89.0625,101,514.0
discern-proc-so,1205.92578125,1205.92578125,16.2578125,44,218.0
python3,649.6967905405405,1016.58984375,48.9140625,57,296.0
systemd-journal,79.63002996575342,101.60546875,15.96875,29,146.0
