Name,Duration,AvgCpuPercent,MaxCpuUsage,DataPoints
discern-file-so,391.0,48.97935626314878,83.70141871923906,81
discern-proc-so,386.0,2.155420160544558,2.3757630164230754,80
python3,172.0,1.6227391133259699,14.723663036400408,34
kswapd0,399.0,0.687229740867348,0.7026971753145071,81
jbd2/vda2-8,402.0,0.5049549347430917,0.5693316644145255,80
discern-logs-so,225.0,0.2733009331131613,0.28699329889976727,45
systemd,20.0,0.5205997241489523,0.901388067044563,4
