Name,TimeWeightedAvgVmSizeMiB,MaxVmPeakMiB,MaxVmHwmMiB,DataPoints,PeakDuration
dbus-daemon,23.20564236111111,24.8203125,18.39453125,80,405.0
discern-file-so,1587.4593788965087,1591.6796875,292.96875,80,401.0
discern-logs-so,1205.4296875,1205.4296875,26.33984375,80,401.0
discern-network,1898.2109375,1898.2109375,89.0625,80,401.0
discern-proc-so,1205.92578125,1205.92578125,16.2578125,43,217.0
python3,660.1465174788135,976.5703125,48.37890625,34,177.0
systemd-journal,117.60546875,117.60546875,15.96875,3,15.0
