Name,Duration,AvgCpuPercent,MaxCpuUsage,DataPoints
discern-file-so,311.0,83.57027464611305,91.2344991767898,59
discern-proc-so,2153.0,2.666780288405108,3.9000224259089533,423
discern-logs-so,2161.0,0.37559423916298373,0.3977389394411707,423
systemd-journal,2147.0,0.2598303664007574,0.27455449568155044,418
jbd2/vda2-8,1971.0,0.24906430651848258,0.3218539535053786,383
python3,511.0,0.8191839807126022,16.0094761754468,100
discern-network,1557.0,0.25792356780219927,0.2635734776435497,303
systemd,25.0,0.6710579605477092,1.7210341734964947,5
sshd,5.0,0.4212174926471521,0.42121749264715214,1
