Name,TimeWeightedAvgVmSizeMiB,MaxVmPeakMiB,MaxVmHwmMiB,DataPoints,PeakDuration
dbus-daemon,38.890812904717855,47.6953125,41.140625,423,2162.0
discern-file-so,1509.1535376868771,1591.0546875,294.5546875,59,301.0
discern-interfa,1507.4947036637932,1571.26953125,26.58984375,142,725.0
discern-logs-so,1205.4296875,1205.4296875,53.90234375,423,2162.0
discern-network,1898.2109375,1898.2109375,95.53515625,423,2142.0
discern-proc-so,1205.9459425403227,1206.17578125,17.421875,12,62.0
python3,659.0019250690608,1048.61328125,48.203125,353,1810.0
systemd-journal,123.99177344839609,147.21875,25.6171875,280,1434.0
