Name,TimeWeightedAvgVmSizeMiB,MaxVmPeakMiB,MaxVmHwmMiB,DataPoints,PeakDuration
dbus-daemon,21.931044894672702,27.78515625,21.2734375,276,1436.0
discern-cpu-sor,1204.796875,1204.796875,10.65625,1,5.0
discern-file-so,1462.980167207997,1526.67578125,281.69921875,392,1982.0
discern-logs-so,1229.5678385416666,1269.49609375,118.58203125,390,1980.0
discern-network,1833.3324395414572,1863.1875,40.4765625,392,1990.0
discern-proc-so,1205.92578125,1205.92578125,16.57421875,301,1556.0
systemd-journal,94.23083254938852,165.265625,21.57421875,206,1063.0
systemd-resolve,23.53515625,23.59765625,11.7109375,2,10.0
