Name,TimeWeightedAvgVmSizeMiB,MaxVmPeakMiB,MaxVmHwmMiB,DataPoints,PeakDuration
dbus-daemon,106.9204792562549,132.2734375,120.01953125,1004,5116.0
discern-file-so,1522.4008731617646,1591.1796875,288.3359375,64,340.0
discern-logs-so,1269.49609375,1269.49609375,98.4765625,1003,5224.0
discern-network,1841.8984375,1863.1875,55.4140625,941,4919.0
python3,125.57421875,125.57421875,110.0625,2008,10206.0
