Name,TimeWeightedAvgVmSizeMiB,MaxVmPeakMiB,MaxVmHwmMiB,DataPoints,PeakDuration
dbus-daemon,27.796727362204724,30.234375,24.1953125,125,635.0
discern-ansible,1205.34375,1205.34375,11.453125,1,5.0
discern-file-so,1570.4610994816587,1591.6796875,295.72265625,125,627.0
discern-jupyter,1205.33203125,1205.33203125,11.0,9,46.0
discern-logs-so,1205.4296875,1205.4296875,20.53515625,125,635.0
discern-network,1889.703125,1889.703125,89.43359375,125,631.0
discern-proc-so,1205.92578125,1205.92578125,17.09765625,61,307.0
systemd-journal,73.23828125,73.23828125,16.7890625,54,277.0
