Name,Duration,AvgCpuPercent,MaxCpuUsage,DataPoints
discern-file-so,1734.0,33.89177214325813,85.25589279487465,339
discern-proc-so,1742.0,2.757816230305142,4.8974404995481775,339
kswapd0,1762.0,0.7066363284551466,0.7181333186057793,339
discern-network,1762.0,0.5024267141739069,0.5639874046144648,339
discern-logs-so,1042.0,0.4349827390599501,0.48061210893048384,199
systemd-journal,697.0,0.4036516038213055,0.43696193511312076,134
systemd,31.0,0.8357308462739691,1.4930747988185353,6
