Name,TimeWeightedAvgVmSizeMiB,MaxVmPeakMiB,MaxVmHwmMiB,DataPoints,PeakDuration
dbus-daemon,37.956813358932905,52.58984375,46.43359375,726,3711.0
discern-file-so,1502.7244409236596,1591.4296875,294.8046875,84,429.0
discern-interfa,1435.4985237730061,1499.265625,24.84765625,631,3260.0
discern-logs-so,1205.4296875,1205.4296875,39.6328125,706,3650.0
discern-network,1833.58203125,1833.58203125,39.65234375,726,3689.0
discern-proc-so,1205.988467077552,1206.17578125,17.85546875,195,1009.0
systemd-journal,105.32713592180464,133.25,28.41796875,562,2887.0
