Name,TimeWeightedAvgVmSizeMiB,MaxVmPeakMiB,MaxVmHwmMiB,DataPoints,PeakDuration
dbus-daemon,37.90123428254438,52.59765625,46.0,725,3718.0
discern-file-so,1502.8334328556264,1591.4296875,293.89453125,89,471.0
discern-interfa,1507.5002332599038,1571.26953125,22.6875,663,3433.0
discern-logs-so,1205.4296875,1205.4296875,36.703125,715,3717.0
discern-network,1833.83203125,1863.1875,41.18359375,725,3694.0
discern-proc-so,1206.1092413260455,1206.17578125,19.6328125,100,526.0
systemd-journal,103.01266082365574,129.23828125,31.81640625,608,3143.0
