Name,TimeWeightedAvgVmSizeMiB,MaxVmPeakMiB,MaxVmHwmMiB,DataPoints,PeakDuration
dbus-daemon,107.66869774979976,132.3828125,121.58984375,991,4994.0
discern-file-so,1471.3637924706377,1591.4296875,293.28125,114,596.0
discern-interfa,1508.092227469437,1571.26953125,23.69921875,935,4867.0
discern-logs-so,1254.2121127637026,1269.49609375,78.71484375,991,5072.0
discern-network,1833.83203125,1863.1875,44.42578125,991,5097.0
discern-proc-so,1205.934243671113,1206.17578125,18.48046875,331,1743.0
systemd-journal,99.16323658575536,165.296875,36.12109375,602,3131.0
