Name,TimeWeightedAvgVmSizeMiB,MaxVmPeakMiB,MaxVmHwmMiB,DataPoints,PeakDuration
dbus-daemon,31.10625,34.4921875,28.43359375,173,885.0
discern-file-so,1576.688185932155,1591.7421875,357.13671875,173,877.0
discern-logs-so,1205.4296875,1205.4296875,35.46484375,173,885.0
discern-network,1825.57421875,1863.1875,84.7890625,173,877.0
discern-proc-so,1205.92578125,1205.92578125,15.703125,64,322.0
python3,656.7109375,1056.7734375,44.57421875,106,554.0
systemd-journal,133.4140625,133.4140625,26.6796875,3,13.0
