Name,TimeWeightedAvgVmSizeMiB,MaxVmPeakMiB,MaxVmHwmMiB,DataPoints,PeakDuration
dbus-daemon,47.81396034760589,61.43359375,51.94140625,417,2172.0
discern-file-so,1476.0319403286637,1591.4296875,285.625,86,464.0
discern-interfa,1507.5129953022877,1571.26953125,22.5625,90,459.0
discern-logs-so,1269.49609375,1269.49609375,120.96875,417,2164.0
discern-network,1906.21484375,1906.21484375,90.765625,417,2168.0
server.py,171.75390625,235.75390625,21.82421875,337,1770.0
systemd-journal,129.69973551187613,169.26953125,43.265625,321,1663.0
