Name,TimeWeightedAvgVmSizeMiB,MaxVmPeakMiB,MaxVmHwmMiB,DataPoints,PeakDuration
dbus-daemon,15.4296875,15.81640625,10.18359375,17,82.0
discern-ansible,1205.34375,1205.34375,11.453125,30,157.0
discern-file-so,1522.3345144052046,1527.61328125,372.46875,108,538.0
discern-logs-so,1205.4296875,1205.4296875,18.11328125,108,542.0
discern-network,1889.703125,1889.703125,89.43359375,108,538.0
discern-proc-so,1205.92578125,1205.92578125,16.3515625,106,537.0
systemd-journal,63.25853776465798,65.23828125,16.7890625,60,307.0
