Name,Duration,AvgCpuPercent,MaxCpuUsage,DataPoints
server.py,791.0,59.566741721452885,64.96672106429745,151
discern-file-so,1211.0,37.26090508574638,76.29754673798158,231
discern-proc-so,1206.0,2.3082201909263453,2.8951653777189286,230
kswapd0,1206.0,0.7113710099286615,0.7231633479543634,230
discern-network,1206.0,0.4992984839954348,0.5095797641920371,230
discern-logs-so,408.0,0.30477179746558863,0.31223631641070243,79
python3,10.0,1.070038455987262,1.2229955093054148,2
systemd,4.0,0.3132874060418468,0.3132874060418468,1
jbd2/vda2-8,5.0,0.2444891116484711,0.2444891116484711,1
