Name,TimeWeightedAvgVmSizeMiB,MaxVmPeakMiB,MaxVmHwmMiB,DataPoints,PeakDuration
dbus-daemon,18.785355294585987,20.5859375,14.3515625,91,471.0
discern-ansible,1205.34375,1205.34375,11.28125,2,10.0
discern-file-so,1525.765503255788,1527.61328125,295.9296875,217,1123.0
discern-logs-so,1205.4296875,1205.4296875,38.1640625,217,1128.0
discern-network,1889.902190836299,1889.953125,96.0859375,217,1124.0
discern-proc-so,1206.089177731732,1206.17578125,16.3125,143,739.0
python3,661.4249346657833,1112.875,356.07421875,163,849.0
systemd-journal,83.8918978230337,127.41015625,22.46484375,35,178.0
