Name,TimeWeightedAvgVmSizeMiB,MaxVmPeakMiB,MaxVmHwmMiB,DataPoints,PeakDuration
dbus-daemon,101.95668284592942,115.83984375,109.171875,714,3599.0
discern-file-so,1484.5127747252748,1527.11328125,289.4765625,88,455.0
discern-interfa,1507.7698497664212,1508.39453125,24.62109375,338,1766.0
discern-logs-so,1259.199395387837,1269.49609375,86.109375,714,3671.0
discern-network,1841.8359375,1841.8359375,55.55078125,714,3730.0
discern-proc-so,1205.92578125,1205.92578125,17.4375,17,87.0
mariadbd,1050.94140625,1113.66796875,97.5859375,714,3616.0
systemd-journal,127.70180484472588,165.1640625,32.57421875,271,1441.0
