Name,Duration,AvgCpuPercent,MaxCpuUsage,DataPoints
discern-file-so,2932.0,31.156809838459996,91.90523251463156,570
discern-proc-so,2936.0,1.9827423596434315,2.9190304412658543,570
kswapd0,2926.0,0.6583418788858222,0.7341662910446236,568
systemd,3023.0,0.3246872160996339,2.275518014565022,587
jbd2/vda2-8,2389.0,0.3705328751451739,1.1865200835441592,464
systemd-journal,239.0,0.1774919964922169,0.17891886454117892,46
discern-logs-so,220.0,0.18044880612605788,0.18323687379050818,42
named,11.0,0.35110820039869456,0.3679017296659764,2
sshd,0.0,,0.5321457922423878,1
