Name,TimeWeightedAvgVmSizeMiB,MaxVmPeakMiB,MaxVmHwmMiB,DataPoints,PeakDuration
dbus-daemon,106.62971940977704,132.1484375,120.41015625,1007,5068.0
discern-file-so,1484.0161207170052,1591.1796875,284.42578125,36,197.0
discern-logs-so,1269.49609375,1269.49609375,97.0,995,5160.0
discern-network,1833.83203125,1833.83203125,59.87109375,983,5115.0
python3,126.07421875,126.07421875,110.59765625,2014,10177.0
