Name,Duration,AvgCpuPercent,MaxCpuUsage,DataPoints
discern-file-so,1204.0,40.64790847680159,90.38125362467296,234
discern-proc-so,1204.0,2.0660001258365637,2.6788057947790334,234
kswapd0,1204.0,0.7235073224204867,0.7360609002277391,234
jbd2/vda2-8,1204.0,0.2696276489238422,0.32090288840478653,234
discern-logs-so,1187.0,0.23119343913515858,0.24116489244054173,230
systemd,17.0,0.7349344204349435,1.339490173108959,4
