Name,Duration,AvgCpuPercent,MaxCpuUsage,DataPoints
discern-file-so,285.0,81.4028782321795,89.56474630343631,57
discern-proc-so,2109.0,2.4440155902392537,2.8025000270959715,413
jbd2/vda2-8,2121.0,0.6366492998670383,2.0293662116005136,413
systemd,2135.0,0.35405830931021576,1.6814003925183258,415
discern-logs-so,1592.0,0.26885914749812495,0.28663777468233936,309
discern-network,1172.0,0.2542519919663453,0.5355612107987962,229
kswapd0,892.0,0.29347993152691043,0.5092347500628868,173
systemd-journal,291.0,0.20168084478764775,0.20349331889171032,56
