Name,TimeWeightedAvgVmSizeMiB,MaxVmPeakMiB,MaxVmHwmMiB,DataPoints,PeakDuration
dbus-daemon,25.10959852837711,29.3359375,23.3203125,208,1066.0
discern-ansible,1205.34375,1205.34375,10.98828125,24,124.0
discern-file-so,1483.5873026600345,1591.4296875,297.09765625,55,289.0
discern-interfa,1507.26953125,1571.26953125,22.60546875,333,1715.0
discern-logs-so,1205.4296875,1205.4296875,22.38671875,413,2110.0
discern-network,1833.8927209461065,1833.89453125,83.35546875,413,2106.0
discern-proc-so,1205.92578125,1205.92578125,17.22265625,293,1505.0
systemd-journal,89.25813199626866,113.234375,22.34765625,326,1675.0
