Name,TimeWeightedAvgVmSizeMiB,MaxVmPeakMiB,MaxVmHwmMiB,DataPoints,PeakDuration
dbus-daemon,109.28090957925245,116.3203125,109.71484375,540,5003.0
discern-file-so,1464.191362341931,1526.98828125,278.32421875,35,2491.0
discern-logs-so,1269.49609375,1269.49609375,94.25,540,5129.0
discern-network,1898.8359375,1898.8359375,143.24609375,505,2691.0
dockerd,1350.61328125,1414.36328125,100.37109375,540,5125.0
mariadbd,1058.9453125,1113.66796875,89.7734375,540,5071.0
