Name,TimeWeightedAvgVmSizeMiB,MaxVmPeakMiB,MaxVmHwmMiB,DataPoints,PeakDuration
dbus-daemon,37.857962294515566,51.56640625,44.921875,670,3437.0
discern-file-so,1495.3122356031658,1591.1796875,287.6796875,89,458.0
discern-interfa,1507.51953125,1571.26953125,24.58984375,36,184.0
discern-logs-so,1205.4296875,1205.4296875,36.20703125,592,3075.0
discern-network,1825.57421875,1825.57421875,60.4453125,734,3754.0
python3,122.73405256258458,122.86328125,106.47265625,1468,7390.0
systemd-journal,130.9009060986683,164.984375,32.625,81,413.0
