timestamp,pid,ppid,real_uid,effective_uid,saved_uid,filesystem_uid,real_gid,effective_gid,saved_gid,filesystem_gid,vm_peak,vm_size,vm_hwm,vm_stk,vm_data,threads,name,state,device_id,cpu,malicious
1759295943,29505,1,N/A,N/A,N/A,N/A,N/A,N/A,N/A,N/A,1264619520,1264619520,17244160,135168,45826048,4,discern-proc-so,R (running),learner-attacker.bnsdq.ozxfs.igokp-owcwb.kvugl,2.2888377615168594,0
1759295943,1,N/A,N/A,N/A,N/A,N/A,N/A,N/A,N/A,N/A,234917888,169361408,10801152,1060864,19697664,1,systemd,S (sleeping),learner-attacker.bnsdq.ozxfs.igokp-owcwb.kvugl,1.4030749180308129,0
1759295943,32037,1,1001,1001,1001,1001,1001,1001,1001,1001,15548416,15548416,8773632,135168,765952,1,systemd,S (sleeping),learner-attacker.bnsdq.ozxfs.igokp-owcwb.kvugl,0.385061182534944,0
1759295943,32003,1,101,101,101,101,102,102,102,102,16568320,16568320,6135808,135168,630784,1,systemd-network,S (sleeping),learner-attacker.bnsdq.ozxfs.igokp-owcwb.kvugl,0.3573286829892458,0
1759295943,3277,1,N/A,N/A,N/A,N/A,N/A,N/A,N/A,N/A,1953140736,1921835008,46366720,135168,178851840,13,discern-network,S (sleeping),learner-attacker.bnsdq.ozxfs.igokp-owcwb.kvugl,0.33708610450312776,0
1759295953,32255,1,N/A,N/A,N/A,N/A,N/A,N/A,N/A,N/A,1264357376,1264357376,16162816,135168,45563904,3,discern-proc-so,R (running),learner-attacker.bnsdq.ozxfs.igokp-owcwb.kvugl,4.28576033559684,0
1759295953,1,N/A,N/A,N/A,N/A,N/A,N/A,N/A,N/A,N/A,234917888,169230336,10801152,1060864,19566592,1,systemd,S (sleeping),learner-attacker.bnsdq.ozxfs.igokp-owcwb.kvugl,1.4083370751318134,0
1759295953,32224,1,101,101,101,101,102,102,102,102,16568320,16568320,6209536,135168,630784,1,systemd-network,S (sleeping),learner-attacker.bnsdq.ozxfs.igokp-owcwb.kvugl,1.3844830005638682,0
1759295953,3277,1,N/A,N/A,N/A,N/A,N/A,N/A,N/A,N/A,1953140736,1921835008,46366720,135168,178851840,13,discern-network,S (sleeping),learner-attacker.bnsdq.ozxfs.igokp-owcwb.kvugl,0.33694873007578907,0
1759295953,140,2,N/A,N/A,N/A,N/A,N/A,N/A,N/A,N/A,N/A,N/A,N/A,N/A,N/A,1,jbd2/vda2-8,S (sleeping),learner-attacker.bnsdq.ozxfs.igokp-owcwb.kvugl,0.3333026787935091,0
1759295958,32255,1,N/A,N/A,N/A,N/A,N/A,N/A,N/A,N/A,1264619520,1264619520,16453632,135168,45826048,4,discern-proc-so,S (sleeping),learner-attacker.bnsdq.ozxfs.igokp-owcwb.kvugl,3.3173580569344057,0
1759295958,1,N/A,N/A,N/A,N/A,N/A,N/A,N/A,N/A,N/A,234917888,169500672,10801152,1060864,19836928,1,systemd,S (sleeping),learner-attacker.bnsdq.ozxfs.igokp-owcwb.kvugl,1.408735920066625,0
1759295958,32278,1,101,101,101,101,102,102,102,102,16568320,16568320,6090752,135168,630784,1,systemd-network,S (sleeping),learner-attacker.bnsdq.ozxfs.igokp-owcwb.kvugl,0.37518427025359796,0
1759295958,3277,1,N/A,N/A,N/A,N/A,N/A,N/A,N/A,N/A,1953140736,1921835008,46366720,135168,178851840,13,discern-network,S (sleeping),learner-attacker.bnsdq.ozxfs.igokp-owcwb.kvugl,0.33710640806695735,0
1759295958,140,2,N/A,N/A,N/A,N/A,N/A,N/A,N/A,N/A,N/A,N/A,N/A,N/A,N/A,1,jbd2/vda2-8,S (sleeping),learner-attacker.bnsdq.ozxfs.igokp-owcwb.kvugl,0.3329071812982713,0
1759295963,32381,1,N/A,N/A,N/A,N/A,N/A,N/A,N/A,N/A,1331765248,1331765248,106057728,135168,138170368,4,discern-file-so,S (sleeping),learner-attacker.bnsdq.ozxfs.igokp-owcwb.kvugl,46.666107751879245,0
1759295963,32255,1,N/A,N/A,N/A,N/A,N/A,N/A,N/A,N/A,1264619520,1264619520,16986112,135168,45826048,4,discern-proc-so,S (sleeping),learner-attacker.bnsdq.ozxfs.igokp-owcwb.kvugl,2.6086145108792986,0
1759295963,32406,1,101,101,101,101,102,102,102,102,16568320,16568320,6131712,135168,630784,1,systemd-network,S (sleeping),learner-attacker.bnsdq.ozxfs.igokp-owcwb.kvugl,1.5995811893351861,0
1759295963,1,N/A,N/A,N/A,N/A,N/A,N/A,N/A,N/A,N/A,234917888,169488384,10801152,1060864,19824640,1,systemd,S (sleeping),learner-attacker.bnsdq.ozxfs.igokp-owcwb.kvugl,1.4107672378836333,0
1759295963,3277,1,N/A,N/A,N/A,N/A,N/A,N/A,N/A,N/A,1953140736,1921835008,46366720,135168,178851840,13,discern-network,S (sleeping),learner-attacker.bnsdq.ozxfs.igokp-owcwb.kvugl,0.33726175893401433,0
1759295968,32381,1,N/A,N/A,N/A,N/A,N/A,N/A,N/A,N/A,1332027392,1332027392,106078208,135168,138432512,4,discern-file-so,S (sleeping),learner-attacker.bnsdq.ozxfs.igokp-owcwb.kvugl,59.11061236060611,0
1759295968,32255,1,N/A,N/A,N/A,N/A,N/A,N/A,N/A,N/A,1264619520,1264619520,16986112,135168,45826048,4,discern-proc-so,S (sleeping),learner-attacker.bnsdq.ozxfs.igokp-owcwb.kvugl,2.738834002375644,0
1759295968,1,N/A,N/A,N/A,N/A,N/A,N/A,N/A,N/A,N/A,234917888,169365504,10801152,1060864,19701760,1,systemd,S (sleeping),learner-attacker.bnsdq.ozxfs.igokp-owcwb.kvugl,1.4105111968137838,0
1759295968,32486,1,101,101,101,101,102,102,102,102,16568320,16568320,7401472,135168,630784,1,systemd-network,S (sleeping),learner-attacker.bnsdq.ozxfs.igokp-owcwb.kvugl,1.0728286120009265,0
1759295968,32499,1,N/A,N/A,N/A,N/A,N/A,N/A,N/A,N/A,1647706112,1580597248,22192128,135168,82202624,5,discern-interfa,S (sleeping),learner-attacker.bnsdq.ozxfs.igokp-owcwb.kvugl,0.5565830056194395,0
1759295974,32381,1,N/A,N/A,N/A,N/A,N/A,N/A,N/A,N/A,1601003520,1601003520,189849600,135168,315133952,4,discern-file-so,S (sleeping),learner-attacker.bnsdq.ozxfs.igokp-owcwb.kvugl,65.25799775176131,0
1759295974,32255,1,N/A,N/A,N/A,N/A,N/A,N/A,N/A,N/A,1264619520,1264619520,16986112,135168,45826048,4,discern-proc-so,S (sleeping),learner-attacker.bnsdq.ozxfs.igokp-owcwb.kvugl,2.672245721014046,0
1759295974,1,N/A,N/A,N/A,N/A,N/A,N/A,N/A,N/A,N/A,234917888,169168896,10801152,1060864,19505152,1,systemd,S (sleeping),learner-attacker.bnsdq.ozxfs.igokp-owcwb.kvugl,1.408635061920109,0
1759295974,32562,1,101,101,101,101,102,102,102,102,16568320,16568320,6062080,135168,630784,1,systemd-network,S (sleeping),learner-attacker.bnsdq.ozxfs.igokp-owcwb.kvugl,0.7353932423476067,0
1759295974,3277,1,N/A,N/A,N/A,N/A,N/A,N/A,N/A,N/A,1953140736,1921835008,46366720,135168,178851840,13,discern-network,S (sleeping),learner-attacker.bnsdq.ozxfs.igokp-owcwb.kvugl,0.3369207981686551,0
1759295979,32381,1,N/A,N/A,N/A,N/A,N/A,N/A,N/A,N/A,1601265664,1601265664,189849600,135168,315396096,4,discern-file-so,S (sleeping),learner-attacker.bnsdq.ozxfs.igokp-owcwb.kvugl,67.69382005318141,0
1759295979,32255,1,N/A,N/A,N/A,N/A,N/A,N/A,N/A,N/A,1264619520,1264619520,16986112,135168,45826048,4,discern-proc-so,S (sleeping),learner-attacker.bnsdq.ozxfs.igokp-owcwb.kvugl,2.529033020700749,0
1759295979,1,N/A,N/A,N/A,N/A,N/A,N/A,N/A,N/A,N/A,234917888,169168896,10801152,1060864,19505152,1,systemd,S (sleeping),learner-attacker.bnsdq.ozxfs.igokp-owcwb.kvugl,1.4068298809441002,0
1759295979,32636,203,N/A,N/A,N/A,N/A,N/A,N/A,N/A,N/A,23175168,22110208,4026368,135168,860160,1,systemd-udevd,S (sleeping),learner-attacker.bnsdq.ozxfs.igokp-owcwb.kvugl,0.9135589300949234,0
1759295979,32626,1,101,101,101,101,102,102,102,102,16568320,16568320,7213056,135168,630784,1,systemd-network,S (sleeping),learner-attacker.bnsdq.ozxfs.igokp-owcwb.kvugl,0.700252194964372,0
1759295984,32381,1,N/A,N/A,N/A,N/A,N/A,N/A,N/A,N/A,1601462272,1601462272,189849600,135168,315592704,4,discern-file-so,S (sleeping),learner-attacker.bnsdq.ozxfs.igokp-owcwb.kvugl,66.43877210082357,0
1759295984,32255,1,N/A,N/A,N/A,N/A,N/A,N/A,N/A,N/A,1264619520,1264619520,16986112,135168,45826048,4,discern-proc-so,S (sleeping),learner-attacker.bnsdq.ozxfs.igokp-owcwb.kvugl,2.4309598646970523,0
1759295984,1,N/A,N/A,N/A,N/A,N/A,N/A,N/A,N/A,N/A,234917888,169304064,10801152,1060864,19640320,1,systemd,S (sleeping),learner-attacker.bnsdq.ozxfs.igokp-owcwb.kvugl,1.4061082396381366,0
1759295984,32682,1,101,101,101,101,102,102,102,102,16568320,16568320,7356416,135168,630784,1,systemd-network,S (sleeping),learner-attacker.bnsdq.ozxfs.igokp-owcwb.kvugl,0.8892933507692012,0
1759295984,3277,1,N/A,N/A,N/A,N/A,N/A,N/A,N/A,N/A,1953140736,1921835008,46366720,135168,178851840,13,discern-network,S (sleeping),learner-attacker.bnsdq.ozxfs.igokp-owcwb.kvugl,0.33601929336364295,0
1759295989,32381,1,N/A,N/A,N/A,N/A,N/A,N/A,N/A,N/A,1601724416,1601724416,189849600,135168,315854848,4,discern-file-so,S (sleeping),learner-attacker.bnsdq.ozxfs.igokp-owcwb.kvugl,68.68279415995394,0
1759295989,32255,1,N/A,N/A,N/A,N/A,N/A,N/A,N/A,N/A,1264619520,1264619520,16986112,135168,45826048,4,discern-proc-so,S (sleeping),learner-attacker.bnsdq.ozxfs.igokp-owcwb.kvugl,2.3859183690836927,0
1759295989,1,N/A,N/A,N/A,N/A,N/A,N/A,N/A,N/A,N/A,234917888,169304064,10801152,1060864,19640320,1,systemd,S (sleeping),learner-attacker.bnsdq.ozxfs.igokp-owcwb.kvugl,1.4043054295448458,0
1759295989,32747,1,101,101,101,101,102,102,102,102,16568320,16568320,7036928,135168,630784,1,systemd-network,S (sleeping),learner-attacker.bnsdq.ozxfs.igokp-owcwb.kvugl,0.6353017422844491,0
1759295989,3277,1,N/A,N/A,N/A,N/A,N/A,N/A,N/A,N/A,1953140736,1921835008,46366720,135168,178851840,13,discern-network,S (sleeping),learner-attacker.bnsdq.ozxfs.igokp-owcwb.kvugl,0.33556998120024356,0
1759295995,32381,1,N/A,N/A,N/A,N/A,N/A,N/A,N/A,N/A,1601724416,1601724416,237760512,135168,315854848,4,discern-file-so,S (sleeping),learner-attacker.bnsdq.ozxfs.igokp-owcwb.kvugl,70.26098689398063,0
1759295995,32255,1,N/A,N/A,N/A,N/A,N/A,N/A,N/A,N/A,1264619520,1264619520,16986112,135168,45826048,4,discern-proc-so,S (sleeping),learner-attacker.bnsdq.ozxfs.igokp-owcwb.kvugl,2.4405407381148456,0
1759295995,1,N/A,N/A,N/A,N/A,N/A,N/A,N/A,N/A,N/A,234917888,169304064,10801152,1060864,19640320,1,systemd,S (sleeping),learner-attacker.bnsdq.ozxfs.igokp-owcwb.kvugl,1.4029912888953946,0
1759295995,32804,1,101,101,101,101,102,102,102,102,16568320,16568320,7299072,135168,630784,1,systemd-network,S (sleeping),learner-attacker.bnsdq.ozxfs.igokp-owcwb.kvugl,0.4980025854999432,0
1759295995,3277,1,N/A,N/A,N/A,N/A,N/A,N/A,N/A,N/A,1953140736,1921835008,46366720,135168,178851840,13,discern-network,S (sleeping),learner-attacker.bnsdq.ozxfs.igokp-owcwb.kvugl,0.335107856717712,0
1759296000,32381,1,N/A,N/A,N/A,N/A,N/A,N/A,N/A,N/A,1601724416,1601724416,237760512,135168,315854848,4,discern-file-so,S (sleeping),learner-attacker.bnsdq.ozxfs.igokp-owcwb.kvugl,70.58874653344927,0
1759296000,32255,1,N/A,N/A,N/A,N/A,N/A,N/A,N/A,N/A,1264619520,1264619520,16986112,135168,45826048,4,discern-proc-so,S (sleeping),learner-attacker.bnsdq.ozxfs.igokp-owcwb.kvugl,2.402566614509155,0
1759296000,32921,1,101,101,101,101,102,102,102,102,16568320,16568320,7217152,135168,630784,1,systemd-network,S (sleeping),learner-attacker.bnsdq.ozxfs.igokp-owcwb.kvugl,1.7527973677568855,0
1759296000,1,N/A,N/A,N/A,N/A,N/A,N/A,N/A,N/A,N/A,234917888,169484288,10801152,1060864,19820544,1,systemd,S (sleeping),learner-attacker.bnsdq.ozxfs.igokp-owcwb.kvugl,1.4017170766950224,0
1759296000,3277,1,N/A,N/A,N/A,N/A,N/A,N/A,N/A,N/A,1953140736,1921835008,46366720,135168,178851840,13,discern-network,S (sleeping),learner-attacker.bnsdq.ozxfs.igokp-owcwb.kvugl,0.33406595192507194,0
1759296005,32255,1,N/A,N/A,N/A,N/A,N/A,N/A,N/A,N/A,1264619520,1264619520,16986112,135168,45826048,4,discern-proc-so,S (sleeping),learner-attacker.bnsdq.ozxfs.igokp-owcwb.kvugl,2.3563017294208906,0
1759296005,32985,1,101,101,101,101,102,102,102,102,16568320,16568320,7462912,135168,630784,1,systemd-network,S (sleeping),learner-attacker.bnsdq.ozxfs.igokp-owcwb.kvugl,1.616986000704385,0
1759296005,1,N/A,N/A,N/A,N/A,N/A,N/A,N/A,N/A,N/A,234917888,169209856,10801152,1060864,19546112,1,systemd,S (sleeping),learner-attacker.bnsdq.ozxfs.igokp-owcwb.kvugl,1.40317216091061,0
1759296005,3277,1,N/A,N/A,N/A,N/A,N/A,N/A,N/A,N/A,1953140736,1921835008,46366720,135168,178851840,13,discern-network,S (sleeping),learner-attacker.bnsdq.ozxfs.igokp-owcwb.kvugl,0.33422263769091426,0
1759296005,140,2,N/A,N/A,N/A,N/A,N/A,N/A,N/A,N/A,N/A,N/A,N/A,N/A,N/A,1,jbd2/vda2-8,S (sleeping),learner-attacker.bnsdq.ozxfs.igokp-owcwb.kvugl,0.32665515982892246,0
1759296010,32255,1,N/A,N/A,N/A,N/A,N/A,N/A,N/A,N/A,1264619520,1264619520,16986112,135168,45826048,4,discern-proc-so,S (sleeping),learner-attacker.bnsdq.ozxfs.igokp-owcwb.kvugl,2.3697956333638457,0
1759296010,1,N/A,N/A,N/A,N/A,N/A,N/A,N/A,N/A,N/A,234917888,169480192,10801152,1060864,19816448,1,systemd,S (sleeping),learner-attacker.bnsdq.ozxfs.igokp-owcwb.kvugl,1.4024953767417212,0
1759296010,33038,1,101,101,101,101,102,102,102,102,16568320,16568320,6197248,135168,630784,1,systemd-network,S (sleeping),learner-attacker.bnsdq.ozxfs.igokp-owcwb.kvugl,0.5471748764979384,0
1759296010,3277,1,N/A,N/A,N/A,N/A,N/A,N/A,N/A,N/A,1953140736,1921835008,46366720,135168,178851840,13,discern-network,S (sleeping),learner-attacker.bnsdq.ozxfs.igokp-owcwb.kvugl,0.3343803043840683,0
1759296010,140,2,N/A,N/A,N/A,N/A,N/A,N/A,N/A,N/A,N/A,N/A,N/A,N/A,N/A,1,jbd2/vda2-8,S (sleeping),learner-attacker.bnsdq.ozxfs.igokp-owcwb.kvugl,0.32575279741336344,0
1759296015,32255,1,N/A,N/A,N/A,N/A,N/A,N/A,N/A,N/A,1264619520,1264619520,16986112,135168,45826048,4,discern-proc-so,S (sleeping),learner-attacker.bnsdq.ozxfs.igokp-owcwb.kvugl,2.38228949716873,0
1759296015,1,N/A,N/A,N/A,N/A,N/A,N/A,N/A,N/A,N/A,234917888,169480192,10801152,1060864,19816448,1,systemd,S (sleeping),learner-attacker.bnsdq.ozxfs.igokp-owcwb.kvugl,1.402908886900185,0
1759296015,33093,1,101,101,101,101,102,102,102,102,16568320,16568320,6094848,135168,630784,1,systemd-network,S (sleeping),learner-attacker.bnsdq.ozxfs.igokp-owcwb.kvugl,0.5256999835445655,0
1759296015,3277,1,N/A,N/A,N/A,N/A,N/A,N/A,N/A,N/A,1953140736,1921835008,46366720,135168,178851840,13,discern-network,S (sleeping),learner-attacker.bnsdq.ozxfs.igokp-owcwb.kvugl,0.33454328201348543,0
1759296015,140,2,N/A,N/A,N/A,N/A,N/A,N/A,N/A,N/A,N/A,N/A,N/A,N/A,N/A,1,jbd2/vda2-8,S (sleeping),learner-attacker.bnsdq.ozxfs.igokp-owcwb.kvugl,0.32539264084970476,0
1759296020,32255,1,N/A,N/A,N/A,N/A,N/A,N/A,N/A,N/A,1264619520,1264619520,16986112,135168,45826048,4,discern-proc-so,S (sleeping),learner-attacker.bnsdq.ozxfs.igokp-owcwb.kvugl,2.40702885911824,0
1759296020,1,N/A,N/A,N/A,N/A,N/A,N/A,N/A,N/A,N/A,234917888,169480192,10801152,1060864,19816448,1,systemd,S (sleeping),learner-attacker.bnsdq.ozxfs.igokp-owcwb.kvugl,1.403311822348876,0
1759296020,33155,1,101,101,101,101,102,102,102,102,16568320,16568320,6062080,135168,630784,1,systemd-network,S (sleeping),learner-attacker.bnsdq.ozxfs.igokp-owcwb.kvugl,0.40282864907764915,0
1759296020,3277,1,N/A,N/A,N/A,N/A,N/A,N/A,N/A,N/A,1953140736,1921835008,46366720,135168,178851840,13,discern-network,S (sleeping),learner-attacker.bnsdq.ozxfs.igokp-owcwb.kvugl,0.3341189821815854,0
1759296020,140,2,N/A,N/A,N/A,N/A,N/A,N/A,N/A,N/A,N/A,N/A,N/A,N/A,N/A,1,jbd2/vda2-8,S (sleeping),learner-attacker.bnsdq.ozxfs.igokp-owcwb.kvugl,0.32450229734412916,0
1759296026,32255,1,N/A,N/A,N/A,N/A,N/A,N/A,N/A,N/A,1264619520,1264619520,16986112,135168,45826048,4,discern-proc-so,S (sleeping),learner-attacker.bnsdq.ozxfs.igokp-owcwb.kvugl,2.415014675131602,0
1759296026,1,N/A,N/A,N/A,N/A,N/A,N/A,N/A,N/A,N/A,234917888,169480192,10801152,1060864,19816448,1,systemd,S (sleeping),learner-attacker.bnsdq.ozxfs.igokp-owcwb.kvugl,1.4026596390491493,0
1759296026,33213,1,101,101,101,101,102,102,102,102,16568320,16568320,6082560,135168,630784,1,systemd-network,S (sleeping),learner-attacker.bnsdq.ozxfs.igokp-owcwb.kvugl,0.48545195765005766,0
1759296026,3277,1,N/A,N/A,N/A,N/A,N/A,N/A,N/A,N/A,1953140736,1921835008,46366720,135168,178851840,13,discern-network,S (sleeping),learner-attacker.bnsdq.ozxfs.igokp-owcwb.kvugl,0.3342806591124865,0
1759296026,140,2,N/A,N/A,N/A,N/A,N/A,N/A,N/A,N/A,N/A,N/A,N/A,N/A,N/A,1,jbd2/vda2-8,S (sleeping),learner-attacker.bnsdq.ozxfs.igokp-owcwb.kvugl,0.3236177331125113,0
1759296031,32255,1,N/A,N/A,N/A,N/A,N/A,N/A,N/A,N/A,1264619520,1264619520,16986112,135168,45826048,4,discern-proc-so,S (sleeping),learner-attacker.bnsdq.ozxfs.igokp-owcwb.kvugl,2.4594985402930085,0
1759296031,1,N/A,N/A,N/A,N/A,N/A,N/A,N/A,N/A,N/A,234917888,169480192,10801152,1060864,19816448,1,systemd,S (sleeping),learner-attacker.bnsdq.ozxfs.igokp-owcwb.kvugl,1.4035849250464167,0
1759296031,33273,1,101,101,101,101,102,102,102,102,16568320,16568320,6078464,135168,630784,1,systemd-network,S (sleeping),learner-attacker.bnsdq.ozxfs.igokp-owcwb.kvugl,0.37845413979314835,0
1759296031,3277,1,N/A,N/A,N/A,N/A,N/A,N/A,N/A,N/A,1953140736,1921835008,46366720,135168,178851840,13,discern-network,S (sleeping),learner-attacker.bnsdq.ozxfs.igokp-owcwb.kvugl,0.33502009414106176,0
1759296031,140,2,N/A,N/A,N/A,N/A,N/A,N/A,N/A,N/A,N/A,N/A,N/A,N/A,N/A,1,jbd2/vda2-8,S (sleeping),learner-attacker.bnsdq.ozxfs.igokp-owcwb.kvugl,0.32326367197645484,0
1759296036,32255,1,N/A,N/A,N/A,N/A,N/A,N/A,N/A,N/A,1264619520,1264619520,16986112,135168,45826048,4,discern-proc-so,S (sleeping),learner-attacker.bnsdq.ozxfs.igokp-owcwb.kvugl,2.416940890846984,0
1759296036,33388,1,101,101,101,101,102,102,102,102,16568320,16568320,6189056,135168,630784,1,systemd-network,S (sleeping),learner-attacker.bnsdq.ozxfs.igokp-owcwb.kvugl,1.4241682421670263,0
1759296036,1,N/A,N/A,N/A,N/A,N/A,N/A,N/A,N/A,N/A,234917888,169345024,10801152,1060864,19681280,1,systemd,S (sleeping),learner-attacker.bnsdq.ozxfs.igokp-owcwb.kvugl,1.4045383622286791,0
1759296036,3277,1,N/A,N/A,N/A,N/A,N/A,N/A,N/A,N/A,1953140736,1921835008,46366720,135168,178851840,13,discern-network,S (sleeping),learner-attacker.bnsdq.ozxfs.igokp-owcwb.kvugl,0.33460604704258823,0
1759296036,140,2,N/A,N/A,N/A,N/A,N/A,N/A,N/A,N/A,N/A,N/A,N/A,N/A,N/A,1,jbd2/vda2-8,S (sleeping),learner-attacker.bnsdq.ozxfs.igokp-owcwb.kvugl,0.32239324338646674,0
1759296041,32255,1,N/A,N/A,N/A,N/A,N/A,N/A,N/A,N/A,1264619520,1264619520,16986112,135168,45826048,4,discern-proc-so,S (sleeping),learner-attacker.bnsdq.ozxfs.igokp-owcwb.kvugl,2.401089709758726,0
1759296041,33454,1,101,101,101,101,102,102,102,102,16568320,16568320,6078464,135168,630784,1,systemd-network,S (sleeping),learner-attacker.bnsdq.ozxfs.igokp-owcwb.kvugl,1.9445103583042678,0
1759296041,1,N/A,N/A,N/A,N/A,N/A,N/A,N/A,N/A,N/A,234917888,169345024,10801152,1060864,19681280,1,systemd,S (sleeping),learner-attacker.bnsdq.ozxfs.igokp-owcwb.kvugl,1.404948731560709,0
1759296041,3277,1,N/A,N/A,N/A,N/A,N/A,N/A,N/A,N/A,1953140736,1921835008,46366720,135168,178851840,13,discern-network,S (sleeping),learner-attacker.bnsdq.ozxfs.igokp-owcwb.kvugl,0.33419082192782085,0
1759296041,140,2,N/A,N/A,N/A,N/A,N/A,N/A,N/A,N/A,N/A,N/A,N/A,N/A,N/A,1,jbd2/vda2-8,S (sleeping),learner-attacker.bnsdq.ozxfs.igokp-owcwb.kvugl,0.3215243180801166,0
1759296046,32255,1,N/A,N/A,N/A,N/A,N/A,N/A,N/A,N/A,1264619520,1264619520,16986112,135168,45826048,4,discern-proc-so,S (sleeping),learner-attacker.bnsdq.ozxfs.igokp-owcwb.kvugl,2.376654770844357,0
1759296046,1,N/A,N/A,N/A,N/A,N/A,N/A,N/A,N/A,N/A,234917888,169480192,10801152,1060864,19816448,1,systemd,S (sleeping),learner-attacker.bnsdq.ozxfs.igokp-owcwb.kvugl,1.404841668529716,0
1759296046,33506,1,101,101,101,101,102,102,102,102,16568320,16568320,6111232,135168,630784,1,systemd-network,S (sleeping),learner-attacker.bnsdq.ozxfs.igokp-owcwb.kvugl,0.7487361339674151,0
1759296046,3277,1,N/A,N/A,N/A,N/A,N/A,N/A,N/A,N/A,1953140736,1921835008,46366720,135168,178851840,13,discern-network,S (sleeping),learner-attacker.bnsdq.ozxfs.igokp-owcwb.kvugl,0.3343555130779648,0
1759296046,140,2,N/A,N/A,N/A,N/A,N/A,N/A,N/A,N/A,N/A,N/A,N/A,N/A,N/A,1,jbd2/vda2-8,S (sleeping),learner-attacker.bnsdq.ozxfs.igokp-owcwb.kvugl,0.32066179386127935,0
1759296051,32255,1,N/A,N/A,N/A,N/A,N/A,N/A,N/A,N/A,1264619520,1264619520,16986112,135168,45826048,4,discern-proc-so,S (sleeping),learner-attacker.bnsdq.ozxfs.igokp-owcwb.kvugl,2.3548611737603484,0
1759296051,1,N/A,N/A,N/A,N/A,N/A,N/A,N/A,N/A,N/A,234917888,169480192,10801152,1060864,19816448,1,systemd,S (sleeping),learner-attacker.bnsdq.ozxfs.igokp-owcwb.kvugl,1.406303511546855,0
1759296051,33562,1,101,101,101,101,102,102,102,102,16568320,16568320,6098944,135168,630784,1,systemd-network,S (sleeping),learner-attacker.bnsdq.ozxfs.igokp-owcwb.kvugl,1.0738103422106673,0
1759296051,3277,1,N/A,N/A,N/A,N/A,N/A,N/A,N/A,N/A,1953140736,1921835008,46366720,135168,178851840,13,discern-network,S (sleeping),learner-attacker.bnsdq.ozxfs.igokp-owcwb.kvugl,0.334520334703118,0
1759296051,140,2,N/A,N/A,N/A,N/A,N/A,N/A,N/A,N/A,N/A,N/A,N/A,N/A,N/A,1,jbd2/vda2-8,S (sleeping),learner-attacker.bnsdq.ozxfs.igokp-owcwb.kvugl,0.31980484222496697,0
1759296056,32255,1,N/A,N/A,N/A,N/A,N/A,N/A,N/A,N/A,1264619520,1264619520,16986112,135168,45826048,4,discern-proc-so,S (sleeping),learner-attacker.bnsdq.ozxfs.igokp-owcwb.kvugl,2.3629864602979738,0
1759296056,1,N/A,N/A,N/A,N/A,N/A,N/A,N/A,N/A,N/A,234917888,169209856,10801152,1060864,19546112,1,systemd,S (sleeping),learner-attacker.bnsdq.ozxfs.igokp-owcwb.kvugl,1.405651288014393,0
1759296056,33622,1,101,101,101,101,102,102,102,102,16568320,16568320,6201344,135168,630784,1,systemd-network,S (sleeping),learner-attacker.bnsdq.ozxfs.igokp-owcwb.kvugl,0.5060549608910035,0
1759296056,3277,1,N/A,N/A,N/A,N/A,N/A,N/A,N/A,N/A,1953140736,1921835008,46366720,135168,178851840,13,discern-network,S (sleeping),learner-attacker.bnsdq.ozxfs.igokp-owcwb.kvugl,0.3341052386928216,0
1759296056,140,2,N/A,N/A,N/A,N/A,N/A,N/A,N/A,N/A,N/A,N/A,N/A,N/A,N/A,1,jbd2/vda2-8,S (sleeping),learner-attacker.bnsdq.ozxfs.igokp-owcwb.kvugl,0.3194668215750607,0
1759296062,32255,1,N/A,N/A,N/A,N/A,N/A,N/A,N/A,N/A,1264619520,1264619520,16986112,135168,45826048,4,discern-proc-so,S (sleeping),learner-attacker.bnsdq.ozxfs.igokp-owcwb.kvugl,2.3796813620392987,0
1759296062,1,N/A,N/A,N/A,N/A,N/A,N/A,N/A,N/A,N/A,234917888,169209856,10801152,1060864,19546112,1,systemd,S (sleeping),learner-attacker.bnsdq.ozxfs.igokp-owcwb.kvugl,1.4060482275997808,0
1759296062,33685,1,101,101,101,101,102,102,102,102,16568320,16568320,6176768,135168,630784,1,systemd-network,S (sleeping),learner-attacker.bnsdq.ozxfs.igokp-owcwb.kvugl,0.6453651976204152,0
1759296062,3277,1,N/A,N/A,N/A,N/A,N/A,N/A,N/A,N/A,1953140736,1921835008,46366720,135168,178851840,13,discern-network,S (sleeping),learner-attacker.bnsdq.ozxfs.igokp-owcwb.kvugl,0.333694764413737,0
1759296062,140,2,N/A,N/A,N/A,N/A,N/A,N/A,N/A,N/A,N/A,N/A,N/A,N/A,N/A,1,jbd2/vda2-8,S (sleeping),learner-attacker.bnsdq.ozxfs.igokp-owcwb.kvugl,0.31861359081757706,0
1759296067,32255,1,N/A,N/A,N/A,N/A,N/A,N/A,N/A,N/A,1264619520,1264619520,16986112,135168,45826048,4,discern-proc-so,S (sleeping),learner-attacker.bnsdq.ozxfs.igokp-owcwb.kvugl,2.368928376770082,0
1759296067,1,N/A,N/A,N/A,N/A,N/A,N/A,N/A,N/A,N/A,234917888,169480192,10801152,1060864,19816448,1,systemd,S (sleeping),learner-attacker.bnsdq.ozxfs.igokp-owcwb.kvugl,1.4048938112152847,0
1759296067,33738,1,101,101,101,101,102,102,102,102,16568320,16568320,6086656,135168,630784,1,systemd-network,S (sleeping),learner-attacker.bnsdq.ozxfs.igokp-owcwb.kvugl,0.4714380148505907,0
1759296067,3277,1,N/A,N/A,N/A,N/A,N/A,N/A,N/A,N/A,1953140736,1921835008,46366720,135168,178851840,13,discern-network,S (sleeping),learner-attacker.bnsdq.ozxfs.igokp-owcwb.kvugl,0.3332873637517445,0
1759296067,140,2,N/A,N/A,N/A,N/A,N/A,N/A,N/A,N/A,N/A,N/A,N/A,N/A,N/A,1,jbd2/vda2-8,S (sleeping),learner-attacker.bnsdq.ozxfs.igokp-owcwb.kvugl,0.3177654717132445,0
1759296072,32255,1,N/A,N/A,N/A,N/A,N/A,N/A,N/A,N/A,1264619520,1264619520,16986112,135168,45826048,4,discern-proc-so,S (sleeping),learner-attacker.bnsdq.ozxfs.igokp-owcwb.kvugl,2.359257238589771,0
1759296072,1,N/A,N/A,N/A,N/A,N/A,N/A,N/A,N/A,N/A,234917888,169480192,10801152,1060864,19816448,1,systemd,S (sleeping),learner-attacker.bnsdq.ozxfs.igokp-owcwb.kvugl,1.4032358225325625,0
1759296072,33802,1,101,101,101,101,102,102,102,102,16568320,16568320,6070272,135168,630784,1,systemd-network,S (sleeping),learner-attacker.bnsdq.ozxfs.igokp-owcwb.kvugl,0.4569261807635739,0
1759296072,33817,1,1001,1001,1001,1001,1001,1001,1001,1001,15413248,15413248,8650752,135168,630784,1,systemd,S (sleeping),learner-attacker.bnsdq.ozxfs.igokp-owcwb.kvugl,0.45691610393625604,0
1759296072,3277,1,N/A,N/A,N/A,N/A,N/A,N/A,N/A,N/A,1953140736,1921835008,46366720,135168,178851840,13,discern-network,S (sleeping),learner-attacker.bnsdq.ozxfs.igokp-owcwb.kvugl,0.3334510481036232,0
1759296077,32255,1,N/A,N/A,N/A,N/A,N/A,N/A,N/A,N/A,1264619520,1264619520,16986112,135168,45826048,4,discern-proc-so,S (sleeping),learner-attacker.bnsdq.ozxfs.igokp-owcwb.kvugl,2.3740777342769377,0
1759296077,1,N/A,N/A,N/A,N/A,N/A,N/A,N/A,N/A,N/A,234917888,169242624,10801152,1060864,19578880,1,systemd,S (sleeping),learner-attacker.bnsdq.ozxfs.igokp-owcwb.kvugl,1.4036369267008373,0
1759296077,33883,1,101,101,101,101,102,102,102,102,16568320,16568320,6156288,135168,630784,1,systemd-network,S (sleeping),learner-attacker.bnsdq.ozxfs.igokp-owcwb.kvugl,0.3621435535869452,0
1759296077,3277,1,N/A,N/A,N/A,N/A,N/A,N/A,N/A,N/A,1953140736,1921835008,46366720,135168,178851840,13,discern-network,S (sleeping),learner-attacker.bnsdq.ozxfs.igokp-owcwb.kvugl,0.3336117615203146,0
1759296077,140,2,N/A,N/A,N/A,N/A,N/A,N/A,N/A,N/A,N/A,N/A,N/A,N/A,N/A,1,jbd2/vda2-8,S (sleeping),learner-attacker.bnsdq.ozxfs.igokp-owcwb.kvugl,0.31659858889180914,0
1759296082,32255,1,N/A,N/A,N/A,N/A,N/A,N/A,N/A,N/A,1264619520,1264619520,16986112,135168,45826048,4,discern-proc-so,S (sleeping),learner-attacker.bnsdq.ozxfs.igokp-owcwb.kvugl,2.357155859400985,0
1759296082,1,N/A,N/A,N/A,N/A,N/A,N/A,N/A,N/A,N/A,234917888,169377792,10801152,1060864,19714048,1,systemd,S (sleeping),learner-attacker.bnsdq.ozxfs.igokp-owcwb.kvugl,1.4050637280140759,0
1759296082,34001,1,101,101,101,101,102,102,102,102,16568320,16568320,6213632,135168,630784,1,systemd-network,S (sleeping),learner-attacker.bnsdq.ozxfs.igokp-owcwb.kvugl,1.2003648014263637,0
1759296082,3277,1,N/A,N/A,N/A,N/A,N/A,N/A,N/A,N/A,1953140736,1921835008,46366720,135168,178851840,13,discern-network,S (sleeping),learner-attacker.bnsdq.ozxfs.igokp-owcwb.kvugl,0.33377192342327433,0
1759296082,140,2,N/A,N/A,N/A,N/A,N/A,N/A,N/A,N/A,N/A,N/A,N/A,N/A,N/A,1,jbd2/vda2-8,S (sleeping),learner-attacker.bnsdq.ozxfs.igokp-owcwb.kvugl,0.3157625018619108,0
1759296087,32255,1,N/A,N/A,N/A,N/A,N/A,N/A,N/A,N/A,1264619520,1264619520,16986112,135168,45826048,4,discern-proc-so,S (sleeping),learner-attacker.bnsdq.ozxfs.igokp-owcwb.kvugl,2.334381351347086,0
1759296087,1,N/A,N/A,N/A,N/A,N/A,N/A,N/A,N/A,N/A,234917888,169209856,10801152,1060864,19546112,1,systemd,S (sleeping),learner-attacker.bnsdq.ozxfs.igokp-owcwb.kvugl,1.4059807926874572,0
1759296087,34065,1,101,101,101,101,102,102,102,102,16568320,16568320,6205440,135168,630784,1,systemd-network,S (sleeping),learner-attacker.bnsdq.ozxfs.igokp-owcwb.kvugl,1.1133701818893549,0
1759296087,3277,1,N/A,N/A,N/A,N/A,N/A,N/A,N/A,N/A,1953140736,1921835008,46366720,135168,178851840,13,discern-network,S (sleeping),learner-attacker.bnsdq.ozxfs.igokp-owcwb.kvugl,0.3333714772363981,0
1759296087,140,2,N/A,N/A,N/A,N/A,N/A,N/A,N/A,N/A,N/A,N/A,N/A,N/A,N/A,1,jbd2/vda2-8,S (sleeping),learner-attacker.bnsdq.ozxfs.igokp-owcwb.kvugl,0.3149329631883846,0
1759296092,32255,1,N/A,N/A,N/A,N/A,N/A,N/A,N/A,N/A,1264619520,1264619520,16986112,135168,45826048,4,discern-proc-so,S (sleeping),learner-attacker.bnsdq.ozxfs.igokp-owcwb.kvugl,2.334515052799678,0
1759296092,1,N/A,N/A,N/A,N/A,N/A,N/A,N/A,N/A,N/A,234917888,169480192,10801152,1060864,19816448,1,systemd,S (sleeping),learner-attacker.bnsdq.ozxfs.igokp-owcwb.kvugl,1.4058704469466532,0
1759296092,34121,1,101,101,101,101,102,102,102,102,16568320,16568320,6160384,135168,630784,1,systemd-network,S (sleeping),learner-attacker.bnsdq.ozxfs.igokp-owcwb.kvugl,0.682869209097536,0
1759296092,3277,1,N/A,N/A,N/A,N/A,N/A,N/A,N/A,N/A,1953140736,1921835008,46366720,135168,178851840,13,discern-network,S (sleeping),learner-attacker.bnsdq.ozxfs.igokp-owcwb.kvugl,0.3335334698189052,0
1759296092,140,2,N/A,N/A,N/A,N/A,N/A,N/A,N/A,N/A,N/A,N/A,N/A,N/A,N/A,1,jbd2/vda2-8,S (sleeping),learner-attacker.bnsdq.ozxfs.igokp-owcwb.kvugl,0.3141074029191241,0
1759296098,32255,1,N/A,N/A,N/A,N/A,N/A,N/A,N/A,N/A,1264619520,1264619520,16986112,135168,45826048,4,discern-proc-so,S (sleeping),learner-attacker.bnsdq.ozxfs.igokp-owcwb.kvugl,2.3145172139739647,0
1759296098,1,N/A,N/A,N/A,N/A,N/A,N/A,N/A,N/A,N/A,234917888,169480192,10801152,1060864,19816448,1,systemd,S (sleeping),learner-attacker.bnsdq.ozxfs.igokp-owcwb.kvugl,1.4067978322132102,0
1759296098,34176,1,101,101,101,101,102,102,102,102,16568320,16568320,6197248,135168,630784,1,systemd-network,S (sleeping),learner-attacker.bnsdq.ozxfs.igokp-owcwb.kvugl,0.9827827015939135,0
1759296098,3277,1,N/A,N/A,N/A,N/A,N/A,N/A,N/A,N/A,1953140736,1921835008,46366720,135168,178851840,13,discern-network,S (sleeping),learner-attacker.bnsdq.ozxfs.igokp-owcwb.kvugl,0.33314046671592595,0
1759296098,140,2,N/A,N/A,N/A,N/A,N/A,N/A,N/A,N/A,N/A,N/A,N/A,N/A,N/A,1,jbd2/vda2-8,S (sleeping),learner-attacker.bnsdq.ozxfs.igokp-owcwb.kvugl,0.3132903543452636,0
1759296103,32255,1,N/A,N/A,N/A,N/A,N/A,N/A,N/A,N/A,1264619520,1264619520,16986112,135168,45826048,4,discern-proc-so,S (sleeping),learner-attacker.bnsdq.ozxfs.igokp-owcwb.kvugl,2.321707714922989,0
1759296103,1,N/A,N/A,N/A,N/A,N/A,N/A,N/A,N/A,N/A,234917888,169209856,10801152,1060864,19546112,1,systemd,S (sleeping),learner-attacker.bnsdq.ozxfs.igokp-owcwb.kvugl,1.4066755141534557,0
1759296103,34236,1,101,101,101,101,102,102,102,102,16568320,16568320,6209536,135168,630784,1,systemd-network,S (sleeping),learner-attacker.bnsdq.ozxfs.igokp-owcwb.kvugl,0.6285308529900188,0
1759296103,3277,1,N/A,N/A,N/A,N/A,N/A,N/A,N/A,N/A,1953140736,1921835008,46366720,135168,178851840,13,discern-network,S (sleeping),learner-attacker.bnsdq.ozxfs.igokp-owcwb.kvugl,0.33329949835134043,0
1759296103,140,2,N/A,N/A,N/A,N/A,N/A,N/A,N/A,N/A,N/A,N/A,N/A,N/A,N/A,1,jbd2/vda2-8,S (sleeping),learner-attacker.bnsdq.ozxfs.igokp-owcwb.kvugl,0.3124710704772273,0
1759296108,32255,1,N/A,N/A,N/A,N/A,N/A,N/A,N/A,N/A,1264619520,1264619520,16986112,135168,45826048,4,discern-proc-so,S (sleeping),learner-attacker.bnsdq.ozxfs.igokp-owcwb.kvugl,2.328432304730164,0
1759296108,1,N/A,N/A,N/A,N/A,N/A,N/A,N/A,N/A,N/A,234917888,169209856,10801152,1060864,19546112,1,systemd,S (sleeping),learner-attacker.bnsdq.ozxfs.igokp-owcwb.kvugl,1.4070607109059063,0
1759296108,34299,1,101,101,101,101,102,102,102,102,16568320,16568320,6262784,135168,630784,1,systemd-network,S (sleeping),learner-attacker.bnsdq.ozxfs.igokp-owcwb.kvugl,0.6008620369359449,0
1759296108,3277,1,N/A,N/A,N/A,N/A,N/A,N/A,N/A,N/A,1953140736,1921835008,46366720,135168,178851840,13,discern-network,S (sleeping),learner-attacker.bnsdq.ozxfs.igokp-owcwb.kvugl,0.33290194172580323,0
1759296108,140,2,N/A,N/A,N/A,N/A,N/A,N/A,N/A,N/A,N/A,N/A,N/A,N/A,N/A,1,jbd2/vda2-8,S (sleeping),learner-attacker.bnsdq.ozxfs.igokp-owcwb.kvugl,0.31216289021587446,0
1759296113,32255,1,N/A,N/A,N/A,N/A,N/A,N/A,N/A,N/A,1264619520,1264619520,16986112,135168,45826048,4,discern-proc-so,S (sleeping),learner-attacker.bnsdq.ozxfs.igokp-owcwb.kvugl,2.3406704833233936,0
1759296113,1,N/A,N/A,N/A,N/A,N/A,N/A,N/A,N/A,N/A,234917888,169480192,10801152,1060864,19816448,1,systemd,S (sleeping),learner-attacker.bnsdq.ozxfs.igokp-owcwb.kvugl,1.4069264237323365,0
1759296113,34352,1,101,101,101,101,102,102,102,102,16568320,16568320,6266880,135168,630784,1,systemd-network,S (sleeping),learner-attacker.bnsdq.ozxfs.igokp-owcwb.kvugl,0.6677976832517023,0
1759296113,3277,1,N/A,N/A,N/A,N/A,N/A,N/A,N/A,N/A,1953140736,1921835008,46366720,135168,178851840,13,discern-network,S (sleeping),learner-attacker.bnsdq.ozxfs.igokp-owcwb.kvugl,0.33305763764016383,0
1759296113,140,2,N/A,N/A,N/A,N/A,N/A,N/A,N/A,N/A,N/A,N/A,N/A,N/A,N/A,1,jbd2/vda2-8,S (sleeping),learner-attacker.bnsdq.ozxfs.igokp-owcwb.kvugl,0.31134815128982984,0
1759296118,32255,1,N/A,N/A,N/A,N/A,N/A,N/A,N/A,N/A,1264619520,1264619520,16986112,135168,45826048,4,discern-proc-so,S (sleeping),learner-attacker.bnsdq.ozxfs.igokp-owcwb.kvugl,2.3523678458009285,0
1759296118,1,N/A,N/A,N/A,N/A,N/A,N/A,N/A,N/A,N/A,234917888,169230336,10801152,1060864,19566592,1,systemd,S (sleeping),learner-attacker.bnsdq.ozxfs.igokp-owcwb.kvugl,1.4068037606460495,0
1759296118,34416,1,101,101,101,101,102,102,102,102,16568320,16568320,6254592,135168,630784,1,systemd-network,S (sleeping),learner-attacker.bnsdq.ozxfs.igokp-owcwb.kvugl,0.43096054571847814,0
1759296118,3277,1,N/A,N/A,N/A,N/A,N/A,N/A,N/A,N/A,1953140736,1921835008,46366720,135168,178851840,13,discern-network,S (sleeping),learner-attacker.bnsdq.ozxfs.igokp-owcwb.kvugl,0.33266268379067626,0
1759296118,140,2,N/A,N/A,N/A,N/A,N/A,N/A,N/A,N/A,N/A,N/A,N/A,N/A,N/A,1,jbd2/vda2-8,S (sleeping),learner-attacker.bnsdq.ozxfs.igokp-owcwb.kvugl,0.31054006377360527,0
1759296123,32255,1,N/A,N/A,N/A,N/A,N/A,N/A,N/A,N/A,1264619520,1264619520,16986112,135168,45826048,4,discern-proc-so,S (sleeping),learner-attacker.bnsdq.ozxfs.igokp-owcwb.kvugl,2.3688229408459027,0
1759296123,1,N/A,N/A,N/A,N/A,N/A,N/A,N/A,N/A,N/A,234917888,169209856,10801152,1060864,19546112,1,systemd,S (sleeping),learner-attacker.bnsdq.ozxfs.igokp-owcwb.kvugl,1.407668248848912,0
1759296123,34471,1,101,101,101,101,102,102,102,102,16568320,16568320,6057984,135168,630784,1,systemd-network,S (sleeping),learner-attacker.bnsdq.ozxfs.igokp-owcwb.kvugl,0.5158568634256845,0
1759296123,3277,1,N/A,N/A,N/A,N/A,N/A,N/A,N/A,N/A,1953140736,1921835008,46366720,135168,178851840,13,discern-network,S (sleeping),learner-attacker.bnsdq.ozxfs.igokp-owcwb.kvugl,0.33336718378652175,0
1759296123,140,2,N/A,N/A,N/A,N/A,N/A,N/A,N/A,N/A,N/A,N/A,N/A,N/A,N/A,1,jbd2/vda2-8,S (sleeping),learner-attacker.bnsdq.ozxfs.igokp-owcwb.kvugl,0.3097320491962533,0
1759296128,32255,1,N/A,N/A,N/A,N/A,N/A,N/A,N/A,N/A,1264619520,1264619520,16986112,135168,45826048,4,discern-proc-so,S (sleeping),learner-attacker.bnsdq.ozxfs.igokp-owcwb.kvugl,2.373554630969503,0
1759296128,1,N/A,N/A,N/A,N/A,N/A,N/A,N/A,N/A,N/A,234917888,169480192,10801152,1060864,19816448,1,systemd,S (sleeping),learner-attacker.bnsdq.ozxfs.igokp-owcwb.kvugl,1.4080553963112503,0
1759296128,34589,1,101,101,101,101,102,102,102,102,16568320,16568320,6111232,135168,630784,1,systemd-network,S (sleeping),learner-attacker.bnsdq.ozxfs.igokp-owcwb.kvugl,1.0256229588981343,0
1759296128,3277,1,N/A,N/A,N/A,N/A,N/A,N/A,N/A,N/A,1953140736,1921835008,46366720,135168,178851840,13,discern-network,S (sleeping),learner-attacker.bnsdq.ozxfs.igokp-owcwb.kvugl,0.33297615154784976,0
1759296128,140,2,N/A,N/A,N/A,N/A,N/A,N/A,N/A,N/A,N/A,N/A,N/A,N/A,N/A,1,jbd2/vda2-8,S (sleeping),learner-attacker.bnsdq.ozxfs.igokp-owcwb.kvugl,0.3089344865966767,0
1759296134,34653,1,101,101,101,101,102,102,102,102,16568320,16568320,6189056,135168,630784,1,systemd-network,S (sleeping),learner-attacker.bnsdq.ozxfs.igokp-owcwb.kvugl,2.8680230412497014,0
1759296134,32255,1,N/A,N/A,N/A,N/A,N/A,N/A,N/A,N/A,1264619520,1264619520,16986112,135168,45826048,4,discern-proc-so,S (sleeping),learner-attacker.bnsdq.ozxfs.igokp-owcwb.kvugl,2.3565457444209135,0
1759296134,1,N/A,N/A,N/A,N/A,N/A,N/A,N/A,N/A,N/A,234917888,169209856,10801152,1060864,19546112,1,systemd,S (sleeping),learner-attacker.bnsdq.ozxfs.igokp-owcwb.kvugl,1.4089674418670783,0
1759296134,3277,1,N/A,N/A,N/A,N/A,N/A,N/A,N/A,N/A,1953140736,1921835008,46366720,135168,178851840,13,discern-network,S (sleeping),learner-attacker.bnsdq.ozxfs.igokp-owcwb.kvugl,0.33314223101677426,0
1759296134,140,2,N/A,N/A,N/A,N/A,N/A,N/A,N/A,N/A,N/A,N/A,N/A,N/A,N/A,1,jbd2/vda2-8,S (sleeping),learner-attacker.bnsdq.ozxfs.igokp-owcwb.kvugl,0.3081469249584108,0
1759296139,32255,1,N/A,N/A,N/A,N/A,N/A,N/A,N/A,N/A,1264619520,1264619520,16986112,135168,45826048,4,discern-proc-so,S (sleeping),learner-attacker.bnsdq.ozxfs.igokp-owcwb.kvugl,2.345425005173003,0
1759296139,1,N/A,N/A,N/A,N/A,N/A,N/A,N/A,N/A,N/A,234917888,169480192,10801152,1060864,19816448,1,systemd,S (sleeping),learner-attacker.bnsdq.ozxfs.igokp-owcwb.kvugl,1.4088559653872823,0
1759296139,34708,1,101,101,101,101,102,102,102,102,16568320,16568320,6234112,135168,630784,1,systemd-network,S (sleeping),learner-attacker.bnsdq.ozxfs.igokp-owcwb.kvugl,1.380424271052987,0
1759296139,3277,1,N/A,N/A,N/A,N/A,N/A,N/A,N/A,N/A,1953140736,1921835008,46366720,135168,178851840,13,discern-network,S (sleeping),learner-attacker.bnsdq.ozxfs.igokp-owcwb.kvugl,0.3327553585727461,0
1759296139,140,2,N/A,N/A,N/A,N/A,N/A,N/A,N/A,N/A,N/A,N/A,N/A,N/A,N/A,1,jbd2/vda2-8,S (sleeping),learner-attacker.bnsdq.ozxfs.igokp-owcwb.kvugl,0.30785757483037235,0
1759296144,32255,1,N/A,N/A,N/A,N/A,N/A,N/A,N/A,N/A,1264619520,1264619520,16986112,135168,45826048,4,discern-proc-so,S (sleeping),learner-attacker.bnsdq.ozxfs.igokp-owcwb.kvugl,2.3400231921177466,0
1759296144,1,N/A,N/A,N/A,N/A,N/A,N/A,N/A,N/A,N/A,234917888,169480192,10801152,1060864,19816448,1,systemd,S (sleeping),learner-attacker.bnsdq.ozxfs.igokp-owcwb.kvugl,1.4102331481073245,0
1759296144,34772,1,101,101,101,101,102,102,102,102,16568320,16568320,6160384,135168,630784,1,systemd-network,S (sleeping),learner-attacker.bnsdq.ozxfs.igokp-owcwb.kvugl,0.8673075043388054,0
1759296144,3277,1,N/A,N/A,N/A,N/A,N/A,N/A,N/A,N/A,1953140736,1921835008,46366720,135168,178851840,13,discern-network,S (sleeping),learner-attacker.bnsdq.ozxfs.igokp-owcwb.kvugl,0.3329144952928094,0
1759296144,140,2,N/A,N/A,N/A,N/A,N/A,N/A,N/A,N/A,N/A,N/A,N/A,N/A,N/A,1,jbd2/vda2-8,S (sleeping),learner-attacker.bnsdq.ozxfs.igokp-owcwb.kvugl,0.3070711700895638,0
1759296149,32255,1,N/A,N/A,N/A,N/A,N/A,N/A,N/A,N/A,1264619520,1264619520,16986112,135168,45826048,4,discern-proc-so,S (sleeping),learner-attacker.bnsdq.ozxfs.igokp-owcwb.kvugl,2.3447810933194755,0
1759296149,1,N/A,N/A,N/A,N/A,N/A,N/A,N/A,N/A,N/A,234917888,169480192,10801152,1060864,19816448,1,systemd,S (sleeping),learner-attacker.bnsdq.ozxfs.igokp-owcwb.kvugl,1.409603831238738,0
1759296149,34826,1,101,101,101,101,102,102,102,102,16568320,16568320,6205440,135168,630784,1,systemd-network,S (sleeping),learner-attacker.bnsdq.ozxfs.igokp-owcwb.kvugl,0.5780329182452165,0
1759296149,3277,1,N/A,N/A,N/A,N/A,N/A,N/A,N/A,N/A,1953140736,1921835008,46366720,135168,178851840,13,discern-network,S (sleeping),learner-attacker.bnsdq.ozxfs.igokp-owcwb.kvugl,0.3325255430516427,0
1759296149,140,2,N/A,N/A,N/A,N/A,N/A,N/A,N/A,N/A,N/A,N/A,N/A,N/A,N/A,1,jbd2/vda2-8,S (sleeping),learner-attacker.bnsdq.ozxfs.igokp-owcwb.kvugl,0.30628552327838154,0
1759296154,32255,1,N/A,N/A,N/A,N/A,N/A,N/A,N/A,N/A,1264619520,1264619520,16986112,135168,45826048,4,discern-proc-so,S (sleeping),learner-attacker.bnsdq.ozxfs.igokp-owcwb.kvugl,2.3493908238711696,0
1759296154,1,N/A,N/A,N/A,N/A,N/A,N/A,N/A,N/A,N/A,234917888,169361408,10801152,1060864,19697664,1,systemd,S (sleeping),learner-attacker.bnsdq.ozxfs.igokp-owcwb.kvugl,1.4099731808642466,0
1759296154,34889,1,101,101,101,101,102,102,102,102,16568320,16568320,6131712,135168,630784,1,systemd-network,S (sleeping),learner-attacker.bnsdq.ozxfs.igokp-owcwb.kvugl,0.5546459083794495,0
1759296154,3277,1,N/A,N/A,N/A,N/A,N/A,N/A,N/A,N/A,1953140736,1921835008,46366720,135168,178851840,13,discern-network,S (sleeping),learner-attacker.bnsdq.ozxfs.igokp-owcwb.kvugl,0.3326820565963138,0
1759296154,140,2,N/A,N/A,N/A,N/A,N/A,N/A,N/A,N/A,N/A,N/A,N/A,N/A,N/A,1,jbd2/vda2-8,S (sleeping),learner-attacker.bnsdq.ozxfs.igokp-owcwb.kvugl,0.30600026644529654,0
1759296159,32255,1,N/A,N/A,N/A,N/A,N/A,N/A,N/A,N/A,1264619520,1264619520,16986112,135168,45826048,4,discern-proc-so,S (sleeping),learner-attacker.bnsdq.ozxfs.igokp-owcwb.kvugl,2.363164889025019,0
1759296159,1,N/A,N/A,N/A,N/A,N/A,N/A,N/A,N/A,N/A,234917888,169496576,10801152,1060864,19832832,1,systemd,S (sleeping),learner-attacker.bnsdq.ozxfs.igokp-owcwb.kvugl,1.4108199554531222,0
1759296159,34948,1,1001,1001,1001,1001,1001,1001,1001,1001,15548416,15548416,7725056,135168,765952,1,systemd,S (sleeping),learner-attacker.bnsdq.ozxfs.igokp-owcwb.kvugl,0.5301657605875805,0
1759296159,34944,1,101,101,101,101,102,102,102,102,16568320,16568320,6074368,135168,630784,1,systemd-network,S (sleeping),learner-attacker.bnsdq.ozxfs.igokp-owcwb.kvugl,0.41906766719692434,0
1759296159,3277,1,N/A,N/A,N/A,N/A,N/A,N/A,N/A,N/A,1953140736,1921835008,46366720,135168,178851840,13,discern-network,S (sleeping),learner-attacker.bnsdq.ozxfs.igokp-owcwb.kvugl,0.33283397536668163,0
1759296164,32255,1,N/A,N/A,N/A,N/A,N/A,N/A,N/A,N/A,1264619520,1264619520,16986112,135168,45826048,4,discern-proc-so,S (sleeping),learner-attacker.bnsdq.ozxfs.igokp-owcwb.kvugl,2.371810951778051,0
1759296164,1,N/A,N/A,N/A,N/A,N/A,N/A,N/A,N/A,N/A,234917888,169496576,10801152,1060864,19832832,1,systemd,S (sleeping),learner-attacker.bnsdq.ozxfs.igokp-owcwb.kvugl,1.4106924041603637,0
1759296164,35031,1,101,101,101,101,102,102,102,102,16568320,16568320,6217728,135168,630784,1,systemd-network,S (sleeping),learner-attacker.bnsdq.ozxfs.igokp-owcwb.kvugl,0.40669615350293903,0
1759296164,3277,1,N/A,N/A,N/A,N/A,N/A,N/A,N/A,N/A,1953140736,1921835008,46366720,135168,178851840,13,discern-network,S (sleeping),learner-attacker.bnsdq.ozxfs.igokp-owcwb.kvugl,0.3324500712594867,0
1759296164,140,2,N/A,N/A,N/A,N/A,N/A,N/A,N/A,N/A,N/A,N/A,N/A,N/A,N/A,1,jbd2/vda2-8,S (sleeping),learner-attacker.bnsdq.ozxfs.igokp-owcwb.kvugl,0.30444581397363574,0
1759296170,32255,1,N/A,N/A,N/A,N/A,N/A,N/A,N/A,N/A,1264619520,1264619520,16986112,135168,45826048,4,discern-proc-so,S (sleeping),learner-attacker.bnsdq.ozxfs.igokp-owcwb.kvugl,2.3708847075789925,0
1759296170,1,N/A,N/A,N/A,N/A,N/A,N/A,N/A,N/A,N/A,234917888,169496576,10801152,1060864,19832832,1,systemd,S (sleeping),learner-attacker.bnsdq.ozxfs.igokp-owcwb.kvugl,1.4120393867540597,0
1759296170,3277,1,N/A,N/A,N/A,N/A,N/A,N/A,N/A,N/A,1953140736,1921835008,46366720,135168,178851840,13,discern-network,S (sleeping),learner-attacker.bnsdq.ozxfs.igokp-owcwb.kvugl,0.3326057389892362,0
1759296170,35085,1,101,101,101,101,102,102,102,102,16568320,16568320,6201344,135168,630784,1,systemd-network,S (sleeping),learner-attacker.bnsdq.ozxfs.igokp-owcwb.kvugl,0.3299011787633533,0
1759296170,140,2,N/A,N/A,N/A,N/A,N/A,N/A,N/A,N/A,N/A,N/A,N/A,N/A,N/A,1,jbd2/vda2-8,S (sleeping),learner-attacker.bnsdq.ozxfs.igokp-owcwb.kvugl,0.30367617367827054,0
1759296175,32255,1,N/A,N/A,N/A,N/A,N/A,N/A,N/A,N/A,1264619520,1264619520,16986112,135168,45826048,4,discern-proc-so,S (sleeping),learner-attacker.bnsdq.ozxfs.igokp-owcwb.kvugl,2.3746271165289357,0
1759296175,35205,1,101,101,101,101,102,102,102,102,16568320,16568320,6205440,135168,630784,1,systemd-network,S (sleeping),learner-attacker.bnsdq.ozxfs.igokp-owcwb.kvugl,1.6763980076220908,0
1759296175,1,N/A,N/A,N/A,N/A,N/A,N/A,N/A,N/A,N/A,234917888,169480192,10801152,1060864,19816448,1,systemd,S (sleeping),learner-attacker.bnsdq.ozxfs.igokp-owcwb.kvugl,1.4124092227188707,0
1759296175,3277,1,N/A,N/A,N/A,N/A,N/A,N/A,N/A,N/A,1953140736,1921835008,46366720,135168,178851840,13,discern-network,S (sleeping),learner-attacker.bnsdq.ozxfs.igokp-owcwb.kvugl,0.33276297023958235,0
1759296175,140,2,N/A,N/A,N/A,N/A,N/A,N/A,N/A,N/A,N/A,N/A,N/A,N/A,N/A,1,jbd2/vda2-8,S (sleeping),learner-attacker.bnsdq.ozxfs.igokp-owcwb.kvugl,0.3034026225339843,0
1759296180,32255,1,N/A,N/A,N/A,N/A,N/A,N/A,N/A,N/A,1264619520,1264619520,16986112,135168,45826048,4,discern-proc-so,S (sleeping),learner-attacker.bnsdq.ozxfs.igokp-owcwb.kvugl,2.3522271415007716,0
1759296180,35262,1,101,101,101,101,102,102,102,102,16568320,16568320,6262784,135168,630784,1,systemd-network,S (sleeping),learner-attacker.bnsdq.ozxfs.igokp-owcwb.kvugl,1.5451442946674103,0
1759296180,1,N/A,N/A,N/A,N/A,N/A,N/A,N/A,N/A,N/A,234917888,169349120,10801152,1060864,19685376,1,systemd,S (sleeping),learner-attacker.bnsdq.ozxfs.igokp-owcwb.kvugl,1.4132863273181315,0
1759296180,3277,1,N/A,N/A,N/A,N/A,N/A,N/A,N/A,N/A,1953140736,1921835008,46366720,135168,178851840,13,discern-network,S (sleeping),learner-attacker.bnsdq.ozxfs.igokp-owcwb.kvugl,0.33292459919703826,0
1759296180,140,2,N/A,N/A,N/A,N/A,N/A,N/A,N/A,N/A,N/A,N/A,N/A,N/A,N/A,1,jbd2/vda2-8,S (sleeping),learner-attacker.bnsdq.ozxfs.igokp-owcwb.kvugl,0.3026458771699109,0
1759296185,32255,1,N/A,N/A,N/A,N/A,N/A,N/A,N/A,N/A,1264619520,1264619520,16986112,135168,45826048,4,discern-proc-so,S (sleeping),learner-attacker.bnsdq.ozxfs.igokp-owcwb.kvugl,2.3562196643599447,0
1759296185,1,N/A,N/A,N/A,N/A,N/A,N/A,N/A,N/A,N/A,234917888,169349120,10801152,1060864,19685376,1,systemd,S (sleeping),learner-attacker.bnsdq.ozxfs.igokp-owcwb.kvugl,1.4131641023468546,0
1759296185,35321,1,101,101,101,101,102,102,102,102,16568320,16568320,6221824,135168,630784,1,systemd-network,S (sleeping),learner-attacker.bnsdq.ozxfs.igokp-owcwb.kvugl,0.8247389020862211,0
1759296185,3277,1,N/A,N/A,N/A,N/A,N/A,N/A,N/A,N/A,1953140736,1921835008,46366720,135168,178851840,13,discern-network,S (sleeping),learner-attacker.bnsdq.ozxfs.igokp-owcwb.kvugl,0.3325472428888224,0
1759296185,140,2,N/A,N/A,N/A,N/A,N/A,N/A,N/A,N/A,N/A,N/A,N/A,N/A,N/A,1,jbd2/vda2-8,S (sleeping),learner-attacker.bnsdq.ozxfs.igokp-owcwb.kvugl,0.30188860088309527,0
1759296190,32255,1,N/A,N/A,N/A,N/A,N/A,N/A,N/A,N/A,1264619520,1264619520,16986112,135168,45826048,4,discern-proc-so,S (sleeping),learner-attacker.bnsdq.ozxfs.igokp-owcwb.kvugl,2.3517006363593955,0
1759296190,1,N/A,N/A,N/A,N/A,N/A,N/A,N/A,N/A,N/A,234917888,169349120,10801152,1060864,19685376,1,systemd,S (sleeping),learner-attacker.bnsdq.ozxfs.igokp-owcwb.kvugl,1.414504278048575,0
1759296190,35387,1,101,101,101,101,102,102,102,102,16568320,16568320,6082560,135168,630784,1,systemd-network,S (sleeping),learner-attacker.bnsdq.ozxfs.igokp-owcwb.kvugl,1.1759913551558372,0
1759296190,3277,1,N/A,N/A,N/A,N/A,N/A,N/A,N/A,N/A,1953140736,1921835008,46366720,135168,178851840,13,discern-network,S (sleeping),learner-attacker.bnsdq.ozxfs.igokp-owcwb.kvugl,0.3332356948401747,0
1759296190,140,2,N/A,N/A,N/A,N/A,N/A,N/A,N/A,N/A,N/A,N/A,N/A,N/A,N/A,1,jbd2/vda2-8,S (sleeping),learner-attacker.bnsdq.ozxfs.igokp-owcwb.kvugl,0.301135770389263,0
1759296195,32255,1,N/A,N/A,N/A,N/A,N/A,N/A,N/A,N/A,1264619520,1264619520,16986112,135168,45826048,4,discern-proc-so,S (sleeping),learner-attacker.bnsdq.ozxfs.igokp-owcwb.kvugl,2.3553201034951474,0
1759296195,1,N/A,N/A,N/A,N/A,N/A,N/A,N/A,N/A,N/A,234917888,169484288,10801152,1060864,19820544,1,systemd,S (sleeping),learner-attacker.bnsdq.ozxfs.igokp-owcwb.kvugl,1.4138792003819467,0
1759296195,35441,1,101,101,101,101,102,102,102,102,16568320,16568320,6131712,135168,630784,1,systemd-network,S (sleeping),learner-attacker.bnsdq.ozxfs.igokp-owcwb.kvugl,0.8099660400921563,0
1759296195,3277,1,N/A,N/A,N/A,N/A,N/A,N/A,N/A,N/A,1953140736,1921835008,46366720,135168,178851840,13,discern-network,S (sleeping),learner-attacker.bnsdq.ozxfs.igokp-owcwb.kvugl,0.33285560839829126,0
1759296195,140,2,N/A,N/A,N/A,N/A,N/A,N/A,N/A,N/A,N/A,N/A,N/A,N/A,N/A,1,jbd2/vda2-8,S (sleeping),learner-attacker.bnsdq.ozxfs.igokp-owcwb.kvugl,0.30038277119971973,0
1759296200,32255,1,N/A,N/A,N/A,N/A,N/A,N/A,N/A,N/A,1264619520,1264619520,16986112,135168,45826048,4,discern-proc-so,S (sleeping),learner-attacker.bnsdq.ozxfs.igokp-owcwb.kvugl,2.3627217877723345,0
1759296200,1,N/A,N/A,N/A,N/A,N/A,N/A,N/A,N/A,N/A,234917888,169353216,10801152,1060864,19689472,1,systemd,S (sleeping),learner-attacker.bnsdq.ozxfs.igokp-owcwb.kvugl,1.4142186320103436,0
1759296200,35501,1,101,101,101,101,102,102,102,102,16568320,16568320,6275072,135168,630784,1,systemd-network,S (sleeping),learner-attacker.bnsdq.ozxfs.igokp-owcwb.kvugl,0.5173444198242103,0
1759296200,3277,1,N/A,N/A,N/A,N/A,N/A,N/A,N/A,N/A,1953140736,1921835008,46366720,135168,178851840,13,discern-network,S (sleeping),learner-attacker.bnsdq.ozxfs.igokp-owcwb.kvugl,0.3324759616853853,0
1759296200,140,2,N/A,N/A,N/A,N/A,N/A,N/A,N/A,N/A,N/A,N/A,N/A,N/A,N/A,1,jbd2/vda2-8,S (sleeping),learner-attacker.bnsdq.ozxfs.igokp-owcwb.kvugl,0.30011623311657576,0
1759296206,32255,1,N/A,N/A,N/A,N/A,N/A,N/A,N/A,N/A,1264619520,1264619520,16986112,135168,45826048,4,discern-proc-so,S (sleeping),learner-attacker.bnsdq.ozxfs.igokp-owcwb.kvugl,2.369817612567149,0
1759296206,1,N/A,N/A,N/A,N/A,N/A,N/A,N/A,N/A,N/A,234917888,169353216,10801152,1060864,19689472,1,systemd,S (sleeping),learner-attacker.bnsdq.ozxfs.igokp-owcwb.kvugl,1.4145561152043393,0
1759296206,35559,1,101,101,101,101,102,102,102,102,16568320,16568320,6225920,135168,630784,1,systemd-network,S (sleeping),learner-attacker.bnsdq.ozxfs.igokp-owcwb.kvugl,0.39775808634562526,0
1759296206,3277,1,N/A,N/A,N/A,N/A,N/A,N/A,N/A,N/A,1953140736,1921835008,46366720,135168,178851840,13,discern-network,S (sleeping),learner-attacker.bnsdq.ozxfs.igokp-owcwb.kvugl,0.33262551089254405,0
1759296206,140,2,N/A,N/A,N/A,N/A,N/A,N/A,N/A,N/A,N/A,N/A,N/A,N/A,N/A,1,jbd2/vda2-8,S (sleeping),learner-attacker.bnsdq.ozxfs.igokp-owcwb.kvugl,0.2993681841439264,0
1759296211,32255,1,N/A,N/A,N/A,N/A,N/A,N/A,N/A,N/A,1264619520,1264619520,16986112,135168,45826048,4,discern-proc-so,S (sleeping),learner-attacker.bnsdq.ozxfs.igokp-owcwb.kvugl,2.3801757100910748,0
1759296211,1,N/A,N/A,N/A,N/A,N/A,N/A,N/A,N/A,N/A,234917888,169353216,10801152,1060864,19689472,1,systemd,S (sleeping),learner-attacker.bnsdq.ozxfs.igokp-owcwb.kvugl,1.414387217455846,0
1759296211,35623,1,101,101,101,101,102,102,102,102,16568320,16568320,6144000,135168,630784,1,systemd-network,S (sleeping),learner-attacker.bnsdq.ozxfs.igokp-owcwb.kvugl,0.47340064369024026,0
1759296211,3277,1,N/A,N/A,N/A,N/A,N/A,N/A,N/A,N/A,1953140736,1921835008,46366720,135168,178851840,13,discern-network,S (sleeping),learner-attacker.bnsdq.ozxfs.igokp-owcwb.kvugl,0.3322425323123193,0
1759296211,140,2,N/A,N/A,N/A,N/A,N/A,N/A,N/A,N/A,N/A,N/A,N/A,N/A,N/A,1,jbd2/vda2-8,S (sleeping),learner-attacker.bnsdq.ozxfs.igokp-owcwb.kvugl,0.2986188976570728,0
1759296216,32255,1,N/A,N/A,N/A,N/A,N/A,N/A,N/A,N/A,1264619520,1264619520,16986112,135168,45826048,4,discern-proc-so,S (sleeping),learner-attacker.bnsdq.ozxfs.igokp-owcwb.kvugl,2.3830580336127625,0
1759296216,1,N/A,N/A,N/A,N/A,N/A,N/A,N/A,N/A,N/A,234917888,169209856,10801152,1060864,19546112,1,systemd,S (sleeping),learner-attacker.bnsdq.ozxfs.igokp-owcwb.kvugl,1.415216910957118,0
1759296216,35676,1,101,101,101,101,102,102,102,102,16568320,16568320,6213632,135168,630784,1,systemd-network,S (sleeping),learner-attacker.bnsdq.ozxfs.igokp-owcwb.kvugl,0.37268980065159474,0
1759296216,3277,1,N/A,N/A,N/A,N/A,N/A,N/A,N/A,N/A,1953140736,1921835008,46366720,135168,178851840,13,discern-network,S (sleeping),learner-attacker.bnsdq.ozxfs.igokp-owcwb.kvugl,0.3318711970828212,0
1759296216,140,2,N/A,N/A,N/A,N/A,N/A,N/A,N/A,N/A,N/A,N/A,N/A,N/A,N/A,1,jbd2/vda2-8,S (sleeping),learner-attacker.bnsdq.ozxfs.igokp-owcwb.kvugl,0.29884212032121266,0
1759296220,57369,1,N/A,N/A,N/A,N/A,N/A,N/A,N/A,N/A,1534545920,1534545920,234139648,135168,299008000,4,discern-file-so,S (sleeping),learner-attacker.bnsdq.ozxfs.igokp-owcwb.kvugl,66.61181527545035,1
1759296220,57494,1,101,101,101,101,102,102,102,102,16568320,16560128,7393280,135168,622592,1,systemd-network,S (sleeping),learner-attacker.bnsdq.ozxfs.igokp-owcwb.kvugl,2.5452178935628917,1
1759296220,55867,1,N/A,N/A,N/A,N/A,N/A,N/A,N/A,N/A,1264619520,1264619520,16691200,135168,45826048,4,discern-proc-so,R (running),learner-attacker.bnsdq.ozxfs.igokp-owcwb.kvugl,2.288254236029243,1
1759296220,1,N/A,N/A,N/A,N/A,N/A,N/A,N/A,N/A,N/A,234807296,169222144,10608640,1056768,19562496,1,systemd,S (sleeping),learner-attacker.bnsdq.ozxfs.igokp-owcwb.kvugl,1.2560582532123001,1
1759296220,57438,1,1001,1001,1001,1001,1001,1001,1001,1001,15544320,15540224,8724480,135168,757760,1,systemd,S (sleeping),learner-attacker.bnsdq.ozxfs.igokp-owcwb.kvugl,0.6290381166769633,1
1759296221,32255,1,N/A,N/A,N/A,N/A,N/A,N/A,N/A,N/A,1264619520,1264619520,16986112,135168,45826048,4,discern-proc-so,S (sleeping),learner-attacker.bnsdq.ozxfs.igokp-owcwb.kvugl,2.377794072839715,0
1759296221,1,N/A,N/A,N/A,N/A,N/A,N/A,N/A,N/A,N/A,234917888,169480192,10801152,1060864,19816448,1,systemd,S (sleeping),learner-attacker.bnsdq.ozxfs.igokp-owcwb.kvugl,1.4155160958802107,0
1759296221,35795,1,101,101,101,101,102,102,102,102,16568320,16568320,6172672,135168,630784,1,systemd-network,S (sleeping),learner-attacker.bnsdq.ozxfs.igokp-owcwb.kvugl,1.2674767874681387,0
1759296221,3277,1,N/A,N/A,N/A,N/A,N/A,N/A,N/A,N/A,1953140736,1921835008,46366720,135168,178851840,13,discern-network,S (sleeping),learner-attacker.bnsdq.ozxfs.igokp-owcwb.kvugl,0.33253544776428207,0
1759296221,140,2,N/A,N/A,N/A,N/A,N/A,N/A,N/A,N/A,N/A,N/A,N/A,N/A,N/A,1,jbd2/vda2-8,S (sleeping),learner-attacker.bnsdq.ozxfs.igokp-owcwb.kvugl,0.2980957032898951,0
1759296225,57369,1,N/A,N/A,N/A,N/A,N/A,N/A,N/A,N/A,1534873600,1534873600,234139648,135168,299335680,4,discern-file-so,R (running),learner-attacker.bnsdq.ozxfs.igokp-owcwb.kvugl,66.18330072777118,1
1759296225,55867,1,N/A,N/A,N/A,N/A,N/A,N/A,N/A,N/A,1264619520,1264619520,16691200,135168,45826048,4,discern-proc-so,R (running),learner-attacker.bnsdq.ozxfs.igokp-owcwb.kvugl,2.2804824450265713,1
1759296225,57548,1,101,101,101,101,102,102,102,102,16568320,16560128,7225344,135168,622592,1,systemd-network,S (sleeping),learner-attacker.bnsdq.ozxfs.igokp-owcwb.kvugl,1.6579756886722323,1
1759296225,1,N/A,N/A,N/A,N/A,N/A,N/A,N/A,N/A,N/A,234807296,169357312,10608640,1056768,19697664,1,systemd,S (sleeping),learner-attacker.bnsdq.ozxfs.igokp-owcwb.kvugl,1.2553348942947036,1
1759296225,3353,1,N/A,N/A,N/A,N/A,N/A,N/A,N/A,N/A,1931411456,1931411456,59691008,135168,196419584,14,discern-network,S (sleeping),learner-attacker.bnsdq.ozxfs.igokp-owcwb.kvugl,0.42758695629262106,1
1759296226,32255,1,N/A,N/A,N/A,N/A,N/A,N/A,N/A,N/A,1264619520,1264619520,16986112,135168,45826048,4,discern-proc-so,S (sleeping),learner-attacker.bnsdq.ozxfs.igokp-owcwb.kvugl,2.3770589384889944,0
1759296226,1,N/A,N/A,N/A,N/A,N/A,N/A,N/A,N/A,N/A,234917888,169480192,10801152,1060864,19816448,1,systemd,S (sleeping),learner-attacker.bnsdq.ozxfs.igokp-owcwb.kvugl,1.4163457686605139,0
1759296226,35859,1,101,101,101,101,102,102,102,102,16568320,16568320,6119424,135168,630784,1,systemd-network,S (sleeping),learner-attacker.bnsdq.ozxfs.igokp-owcwb.kvugl,1.169978995565989,0
1759296226,3277,1,N/A,N/A,N/A,N/A,N/A,N/A,N/A,N/A,1953140736,1921835008,46366720,135168,178851840,13,discern-network,S (sleeping),learner-attacker.bnsdq.ozxfs.igokp-owcwb.kvugl,0.3316456297497352,0
1759296226,140,2,N/A,N/A,N/A,N/A,N/A,N/A,N/A,N/A,N/A,N/A,N/A,N/A,N/A,1,jbd2/vda2-8,S (sleeping),learner-attacker.bnsdq.ozxfs.igokp-owcwb.kvugl,0.29736440360297606,0
1759296230,57651,1,N/A,N/A,N/A,N/A,N/A,N/A,N/A,N/A,1264357376,1264357376,16396288,135168,45563904,4,discern-proc-so,R (running),learner-attacker.bnsdq.ozxfs.igokp-owcwb.kvugl,6.402438458320991,1
1759296230,57638,1,101,101,101,101,102,102,102,102,16568320,16560128,7368704,135168,622592,1,systemd-network,S (sleeping),learner-attacker.bnsdq.ozxfs.igokp-owcwb.kvugl,1.910736967603674,1
1759296230,1,N/A,N/A,N/A,N/A,N/A,N/A,N/A,N/A,N/A,234807296,169357312,10608640,1056768,19697664,1,systemd,S (sleeping),learner-attacker.bnsdq.ozxfs.igokp-owcwb.kvugl,1.256492416475912,1
1759296230,3353,1,N/A,N/A,N/A,N/A,N/A,N/A,N/A,N/A,1931411456,1931411456,59691008,135168,196419584,14,discern-network,S (sleeping),learner-attacker.bnsdq.ozxfs.igokp-owcwb.kvugl,0.42758660501088513,1
1759296230,376,1,103,103,103,103,109,109,109,109,150896640,150896640,142524416,135168,143167488,1,dbus-daemon,S (sleeping),learner-attacker.bnsdq.ozxfs.igokp-owcwb.kvugl,0.2604595632672448,1
1759296231,32255,1,N/A,N/A,N/A,N/A,N/A,N/A,N/A,N/A,1264619520,1264619520,16986112,135168,45826048,4,discern-proc-so,S (sleeping),learner-attacker.bnsdq.ozxfs.igokp-owcwb.kvugl,2.3761489748881726,0
1759296231,1,N/A,N/A,N/A,N/A,N/A,N/A,N/A,N/A,N/A,234917888,169480192,10801152,1060864,19816448,1,systemd,S (sleeping),learner-attacker.bnsdq.ozxfs.igokp-owcwb.kvugl,1.4162019079255757,0
1759296231,35914,1,101,101,101,101,102,102,102,102,16568320,16568320,6160384,135168,630784,1,systemd-network,S (sleeping),learner-attacker.bnsdq.ozxfs.igokp-owcwb.kvugl,0.6981281657071093,0
1759296231,3277,1,N/A,N/A,N/A,N/A,N/A,N/A,N/A,N/A,1953140736,1921835008,46366720,135168,178851840,13,discern-network,S (sleeping),learner-attacker.bnsdq.ozxfs.igokp-owcwb.kvugl,0.33179658072867774,0
1759296231,140,2,N/A,N/A,N/A,N/A,N/A,N/A,N/A,N/A,N/A,N/A,N/A,N/A,N/A,1,jbd2/vda2-8,S (sleeping),learner-attacker.bnsdq.ozxfs.igokp-owcwb.kvugl,0.2966333084659504,0
1759296235,57651,1,N/A,N/A,N/A,N/A,N/A,N/A,N/A,N/A,1264619520,1264619520,16855040,135168,45826048,4,discern-proc-so,S (sleeping),learner-attacker.bnsdq.ozxfs.igokp-owcwb.kvugl,3.1885908525631645,1
1759296235,1,N/A,N/A,N/A,N/A,N/A,N/A,N/A,N/A,N/A,234807296,169492480,10608640,1056768,19832832,1,systemd,S (sleeping),learner-attacker.bnsdq.ozxfs.igokp-owcwb.kvugl,1.2571909903026013,1
1759296235,3353,1,N/A,N/A,N/A,N/A,N/A,N/A,N/A,N/A,1931411456,1931411456,59691008,135168,196419584,14,discern-network,S (sleeping),learner-attacker.bnsdq.ozxfs.igokp-owcwb.kvugl,0.428114520538383,1
1759296235,57674,2644,N/A,N/A,N/A,N/A,N/A,N/A,N/A,N/A,15106048,15069184,8974336,135168,1175552,1,sshd,S (sleeping),learner-attacker.bnsdq.ozxfs.igokp-owcwb.kvugl,0.37931435885638976,1
1759296235,57694,1,101,101,101,101,102,102,102,102,16568320,16560128,7520256,135168,622592,1,systemd-network,S (sleeping),learner-attacker.bnsdq.ozxfs.igokp-owcwb.kvugl,0.3793068979219298,1
1759296237,32255,1,N/A,N/A,N/A,N/A,N/A,N/A,N/A,N/A,1264619520,1264619520,16986112,135168,45826048,4,discern-proc-so,S (sleeping),learner-attacker.bnsdq.ozxfs.igokp-owcwb.kvugl,2.3787492259637855,0
1759296237,1,N/A,N/A,N/A,N/A,N/A,N/A,N/A,N/A,N/A,234917888,169209856,10801152,1060864,19546112,1,systemd,S (sleeping),learner-attacker.bnsdq.ozxfs.igokp-owcwb.kvugl,1.4170072386161623,0
1759296237,35971,1,101,101,101,101,102,102,102,102,16568320,16568320,6115328,135168,630784,1,systemd-network,S (sleeping),learner-attacker.bnsdq.ozxfs.igokp-owcwb.kvugl,0.9920801238405947,0
1759296237,3277,1,N/A,N/A,N/A,N/A,N/A,N/A,N/A,N/A,1953140736,1921835008,46366720,135168,178851840,13,discern-network,S (sleeping),learner-attacker.bnsdq.ozxfs.igokp-owcwb.kvugl,0.33194606752016775,0
1759296237,140,2,N/A,N/A,N/A,N/A,N/A,N/A,N/A,N/A,N/A,N/A,N/A,N/A,N/A,1,jbd2/vda2-8,S (sleeping),learner-attacker.bnsdq.ozxfs.igokp-owcwb.kvugl,0.29685672525059115,0
1759296240,57798,1,N/A,N/A,N/A,N/A,N/A,N/A,N/A,N/A,1399926784,1399926784,166801408,135168,223109120,4,discern-file-so,S (sleeping),learner-attacker.bnsdq.ozxfs.igokp-owcwb.kvugl,55.191234387716136,1
1759296240,57651,1,N/A,N/A,N/A,N/A,N/A,N/A,N/A,N/A,1264619520,1264619520,16855040,135168,45826048,4,discern-proc-so,R (running),learner-attacker.bnsdq.ozxfs.igokp-owcwb.kvugl,2.7797171574831667,1
1759296240,1,N/A,N/A,N/A,N/A,N/A,N/A,N/A,N/A,N/A,234807296,169492480,10608640,1056768,19832832,1,systemd,S (sleeping),learner-attacker.bnsdq.ozxfs.igokp-owcwb.kvugl,1.2584258280767002,1
1759296240,57823,1,101,101,101,101,102,102,102,102,16568320,16560128,7213056,135168,622592,1,systemd-network,S (sleeping),learner-attacker.bnsdq.ozxfs.igokp-owcwb.kvugl,0.79603385905024,1
1759296240,3353,1,N/A,N/A,N/A,N/A,N/A,N/A,N/A,N/A,1931411456,1931411456,59691008,135168,196419584,14,discern-network,S (sleeping),learner-attacker.bnsdq.ozxfs.igokp-owcwb.kvugl,0.4283378519973862,1
1759296242,32255,1,N/A,N/A,N/A,N/A,N/A,N/A,N/A,N/A,1264619520,1264619520,16986112,135168,45826048,4,discern-proc-so,S (sleeping),learner-attacker.bnsdq.ozxfs.igokp-owcwb.kvugl,2.381292021141254,0
1759296242,1,N/A,N/A,N/A,N/A,N/A,N/A,N/A,N/A,N/A,234917888,169209856,10801152,1060864,19546112,1,systemd,S (sleeping),learner-attacker.bnsdq.ozxfs.igokp-owcwb.kvugl,1.4163884652533099,0
1759296242,36033,1,101,101,101,101,102,102,102,102,16568320,16568320,6123520,135168,630784,1,systemd-network,S (sleeping),learner-attacker.bnsdq.ozxfs.igokp-owcwb.kvugl,0.4786063762261246,0
1759296242,3277,1,N/A,N/A,N/A,N/A,N/A,N/A,N/A,N/A,1953140736,1921835008,46366720,135168,178851840,13,discern-network,S (sleeping),learner-attacker.bnsdq.ozxfs.igokp-owcwb.kvugl,0.33157821109639785,0
1759296242,140,2,N/A,N/A,N/A,N/A,N/A,N/A,N/A,N/A,N/A,N/A,N/A,N/A,N/A,1,jbd2/vda2-8,S (sleeping),learner-attacker.bnsdq.ozxfs.igokp-owcwb.kvugl,0.2961304807782051,0
1759296245,57798,1,N/A,N/A,N/A,N/A,N/A,N/A,N/A,N/A,1467105280,1467105280,229761024,135168,281899008,4,discern-file-so,R (running),learner-attacker.bnsdq.ozxfs.igokp-owcwb.kvugl,67.17172586039088,1
1759296245,57651,1,N/A,N/A,N/A,N/A,N/A,N/A,N/A,N/A,1264619520,1264619520,16855040,135168,45826048,4,discern-proc-so,S (sleeping),learner-attacker.bnsdq.ozxfs.igokp-owcwb.kvugl,2.5715191956265757,1
1759296245,1,N/A,N/A,N/A,N/A,N/A,N/A,N/A,N/A,N/A,234807296,169226240,10608640,1056768,19566592,1,systemd,S (sleeping),learner-attacker.bnsdq.ozxfs.igokp-owcwb.kvugl,1.2579910083715906,1
1759296245,57892,1,101,101,101,101,102,102,102,102,16568320,16560128,7364608,135168,622592,1,systemd-network,S (sleeping),learner-attacker.bnsdq.ozxfs.igokp-owcwb.kvugl,0.7346799203717757,1
1759296245,57927,1,N/A,N/A,N/A,N/A,N/A,N/A,N/A,N/A,1647706112,1580597248,21757952,135168,82202624,5,discern-interfa,S (sleeping),learner-attacker.bnsdq.ozxfs.igokp-owcwb.kvugl,0.5805307667289451,1
1759296247,32255,1,N/A,N/A,N/A,N/A,N/A,N/A,N/A,N/A,1264619520,1264619520,16986112,135168,45826048,4,discern-proc-so,S (sleeping),learner-attacker.bnsdq.ozxfs.igokp-owcwb.kvugl,2.3804906030395907,0
1759296247,1,N/A,N/A,N/A,N/A,N/A,N/A,N/A,N/A,N/A,234917888,169209856,10801152,1060864,19546112,1,systemd,S (sleeping),learner-attacker.bnsdq.ozxfs.igokp-owcwb.kvugl,1.4172031133648604,0
1759296247,36097,1,101,101,101,101,102,102,102,102,16568320,16568320,6193152,135168,630784,1,systemd-network,S (sleeping),learner-attacker.bnsdq.ozxfs.igokp-owcwb.kvugl,0.6028614954112084,0
1759296247,3277,1,N/A,N/A,N/A,N/A,N/A,N/A,N/A,N/A,1953140736,1921835008,46366720,135168,178851840,13,discern-network,S (sleeping),learner-attacker.bnsdq.ozxfs.igokp-owcwb.kvugl,0.33173097553994885,0
1759296247,140,2,N/A,N/A,N/A,N/A,N/A,N/A,N/A,N/A,N/A,N/A,N/A,N/A,N/A,1,jbd2/vda2-8,S (sleeping),learner-attacker.bnsdq.ozxfs.igokp-owcwb.kvugl,0.2958835163038351,0
1759296250,57798,1,N/A,N/A,N/A,N/A,N/A,N/A,N/A,N/A,1467629568,1467629568,229761024,135168,282423296,4,discern-file-so,S (sleeping),learner-attacker.bnsdq.ozxfs.igokp-owcwb.kvugl,67.76965141644517,1
1759296250,57651,1,N/A,N/A,N/A,N/A,N/A,N/A,N/A,N/A,1264619520,1264619520,16855040,135168,45826048,4,discern-proc-so,R (running),learner-attacker.bnsdq.ozxfs.igokp-owcwb.kvugl,2.460350904242646,1
1759296250,1,N/A,N/A,N/A,N/A,N/A,N/A,N/A,N/A,N/A,234807296,169361408,10608640,1056768,19701760,1,systemd,S (sleeping),learner-attacker.bnsdq.ozxfs.igokp-owcwb.kvugl,1.257551490694241,1
1759296250,57954,1,101,101,101,101,102,102,102,102,16568320,16560128,7196672,135168,622592,1,systemd-network,S (sleeping),learner-attacker.bnsdq.ozxfs.igokp-owcwb.kvugl,0.7596587272265037,1
1759296250,3353,1,N/A,N/A,N/A,N/A,N/A,N/A,N/A,N/A,1931411456,1931411456,59691008,135168,196419584,14,discern-network,S (sleeping),learner-attacker.bnsdq.ozxfs.igokp-owcwb.kvugl,0.42790511602373565,1
1759296252,32255,1,N/A,N/A,N/A,N/A,N/A,N/A,N/A,N/A,1264619520,1264619520,16986112,135168,45826048,4,discern-proc-so,S (sleeping),learner-attacker.bnsdq.ozxfs.igokp-owcwb.kvugl,2.3961168968139495,0
1759296252,1,N/A,N/A,N/A,N/A,N/A,N/A,N/A,N/A,N/A,234917888,169209856,10801152,1060864,19546112,1,systemd,S (sleeping),learner-attacker.bnsdq.ozxfs.igokp-owcwb.kvugl,1.417521570132142,0
1759296252,36152,1,101,101,101,101,102,102,102,102,16568320,16568320,6205440,135168,630784,1,systemd-network,S (sleeping),learner-attacker.bnsdq.ozxfs.igokp-owcwb.kvugl,0.44578538819075747,0
1759296252,3277,1,N/A,N/A,N/A,N/A,N/A,N/A,N/A,N/A,1953140736,1921835008,46366720,135168,178851840,13,discern-network,S (sleeping),learner-attacker.bnsdq.ozxfs.igokp-owcwb.kvugl,0.33136323443453763,0
1759296252,140,2,N/A,N/A,N/A,N/A,N/A,N/A,N/A,N/A,N/A,N/A,N/A,N/A,N/A,1,jbd2/vda2-8,S (sleeping),learner-attacker.bnsdq.ozxfs.igokp-owcwb.kvugl,0.2951612427351465,0
1759296256,57651,1,N/A,N/A,N/A,N/A,N/A,N/A,N/A,N/A,1264619520,1264619520,16855040,135168,45826048,4,discern-proc-so,S (sleeping),learner-attacker.bnsdq.ozxfs.igokp-owcwb.kvugl,2.430986492507574,1
1759296256,1,N/A,N/A,N/A,N/A,N/A,N/A,N/A,N/A,N/A,234807296,169361408,10608640,1056768,19701760,1,systemd,S (sleeping),learner-attacker.bnsdq.ozxfs.igokp-owcwb.kvugl,1.2574009232943808,1
1759296256,58022,1,101,101,101,101,102,102,102,102,16568320,16564224,7225344,135168,626688,1,systemd-network,S (sleeping),learner-attacker.bnsdq.ozxfs.igokp-owcwb.kvugl,0.7229438121078363,1
1759296256,3353,1,N/A,N/A,N/A,N/A,N/A,N/A,N/A,N/A,1931411456,1931411456,59691008,135168,196419584,14,discern-network,S (sleeping),learner-attacker.bnsdq.ozxfs.igokp-owcwb.kvugl,0.4278389368141857,1
1759296256,376,1,103,103,103,103,109,109,109,109,152113152,152113152,143831040,135168,144384000,1,dbus-daemon,S (sleeping),learner-attacker.bnsdq.ozxfs.igokp-owcwb.kvugl,0.26135587536169325,1
1759296257,32255,1,N/A,N/A,N/A,N/A,N/A,N/A,N/A,N/A,1264619520,1264619520,16986112,135168,45826048,4,discern-proc-so,S (sleeping),learner-attacker.bnsdq.ozxfs.igokp-owcwb.kvugl,2.39497754173745,0
1759296257,1,N/A,N/A,N/A,N/A,N/A,N/A,N/A,N/A,N/A,234917888,169209856,10801152,1060864,19546112,1,systemd,S (sleeping),learner-attacker.bnsdq.ozxfs.igokp-owcwb.kvugl,1.4169070078541424,0
1759296257,36216,1,101,101,101,101,102,102,102,102,16568320,16568320,6156288,135168,630784,1,systemd-network,S (sleeping),learner-attacker.bnsdq.ozxfs.igokp-owcwb.kvugl,0.4310506308070796,0
1759296257,3277,1,N/A,N/A,N/A,N/A,N/A,N/A,N/A,N/A,1953140736,1921835008,46366720,135168,178851840,13,discern-network,S (sleeping),learner-attacker.bnsdq.ozxfs.igokp-owcwb.kvugl,0.3315132689398926,0
1759296257,140,2,N/A,N/A,N/A,N/A,N/A,N/A,N/A,N/A,N/A,N/A,N/A,N/A,N/A,1,jbd2/vda2-8,S (sleeping),learner-attacker.bnsdq.ozxfs.igokp-owcwb.kvugl,0.29444464701759027,0
1759296261,57651,1,N/A,N/A,N/A,N/A,N/A,N/A,N/A,N/A,1264619520,1264619520,16855040,135168,45826048,4,discern-proc-so,R (running),learner-attacker.bnsdq.ozxfs.igokp-owcwb.kvugl,2.5365028577100976,1
1759296261,1,N/A,N/A,N/A,N/A,N/A,N/A,N/A,N/A,N/A,234807296,169496576,10608640,1056768,19836928,1,systemd,S (sleeping),learner-attacker.bnsdq.ozxfs.igokp-owcwb.kvugl,1.258093279830833,1
1759296261,3353,1,N/A,N/A,N/A,N/A,N/A,N/A,N/A,N/A,1931411456,1931411456,59691008,135168,196419584,14,discern-network,S (sleeping),learner-attacker.bnsdq.ozxfs.igokp-owcwb.kvugl,0.427775708018123,1
1759296261,58078,1,101,101,101,101,102,102,102,102,16568320,16560128,7323648,135168,622592,1,systemd-network,S (sleeping),learner-attacker.bnsdq.ozxfs.igokp-owcwb.kvugl,0.3753554410989297,1
1759296261,376,1,103,103,103,103,109,109,109,109,152248320,152248320,143831040,135168,144519168,1,dbus-daemon,S (sleeping),learner-attacker.bnsdq.ozxfs.igokp-owcwb.kvugl,0.26125743959058406,1
1759296262,32255,1,N/A,N/A,N/A,N/A,N/A,N/A,N/A,N/A,1264619520,1264619520,16986112,135168,45826048,4,discern-proc-so,S (sleeping),learner-attacker.bnsdq.ozxfs.igokp-owcwb.kvugl,2.4066825587378666,0
1759296262,1,N/A,N/A,N/A,N/A,N/A,N/A,N/A,N/A,N/A,234917888,169213952,10801152,1060864,19550208,1,systemd,S (sleeping),learner-attacker.bnsdq.ozxfs.igokp-owcwb.kvugl,1.4186386910580853,0
1759296262,36294,1,1001,1001,1001,1001,1001,1001,1001,1001,15548416,15548416,8486912,135168,765952,1,systemd,S (sleeping),learner-attacker.bnsdq.ozxfs.igokp-owcwb.kvugl,1.0708655890869407,0
1759296262,36270,1,101,101,101,101,102,102,102,102,16568320,16568320,6111232,135168,630784,1,systemd-network,S (sleeping),learner-attacker.bnsdq.ozxfs.igokp-owcwb.kvugl,0.3447344992143092,0
1759296262,3277,1,N/A,N/A,N/A,N/A,N/A,N/A,N/A,N/A,1953140736,1921835008,46366720,135168,178851840,13,discern-network,S (sleeping),learner-attacker.bnsdq.ozxfs.igokp-owcwb.kvugl,0.33166109582626224,0
1759296266,57651,1,N/A,N/A,N/A,N/A,N/A,N/A,N/A,N/A,1264619520,1264619520,16855040,135168,45826048,4,discern-proc-so,S (sleeping),learner-attacker.bnsdq.ozxfs.igokp-owcwb.kvugl,2.507232191474402,1
1759296266,58196,1,101,101,101,101,102,102,102,102,16568320,16560128,7192576,135168,622592,1,systemd-network,S (sleeping),learner-attacker.bnsdq.ozxfs.igokp-owcwb.kvugl,2.0111931735952586,1
1759296266,1,N/A,N/A,N/A,N/A,N/A,N/A,N/A,N/A,N/A,234807296,169484288,10608640,1056768,19824640,1,systemd,S (sleeping),learner-attacker.bnsdq.ozxfs.igokp-owcwb.kvugl,1.2585110090701963,1
1759296266,3353,1,N/A,N/A,N/A,N/A,N/A,N/A,N/A,N/A,1931411456,1931411456,59691008,135168,196419584,14,discern-network,S (sleeping),learner-attacker.bnsdq.ozxfs.igokp-owcwb.kvugl,0.42800746614224117,1
1759296266,376,1,103,103,103,103,109,109,109,109,152653824,152653824,144371712,135168,144924672,1,dbus-daemon,S (sleeping),learner-attacker.bnsdq.ozxfs.igokp-owcwb.kvugl,0.2617166195533752,1
1759296267,32255,1,N/A,N/A,N/A,N/A,N/A,N/A,N/A,N/A,1264619520,1264619520,16986112,135168,45826048,4,discern-proc-so,S (sleeping),learner-attacker.bnsdq.ozxfs.igokp-owcwb.kvugl,2.4085425905704625,0
1759296267,1,N/A,N/A,N/A,N/A,N/A,N/A,N/A,N/A,N/A,234917888,169488384,10801152,1060864,19824640,1,systemd,S (sleeping),learner-attacker.bnsdq.ozxfs.igokp-owcwb.kvugl,1.4189589681164898,0
1759296267,36411,1,101,101,101,101,102,102,102,102,16568320,16568320,6242304,135168,630784,1,systemd-network,S (sleeping),learner-attacker.bnsdq.ozxfs.igokp-owcwb.kvugl,1.0209207342297757,0
1759296267,36294,1,1001,1001,1001,1001,1001,1001,1001,1001,15548416,15548416,8486912,135168,765952,1,systemd,S (sleeping),learner-attacker.bnsdq.ozxfs.igokp-owcwb.kvugl,0.3769257016307031,0
1759296267,3277,1,N/A,N/A,N/A,N/A,N/A,N/A,N/A,N/A,1953140736,1921835008,46366720,135168,178851840,13,discern-network,S (sleeping),learner-attacker.bnsdq.ozxfs.igokp-owcwb.kvugl,0.331808845594458,0
1759296271,57651,1,N/A,N/A,N/A,N/A,N/A,N/A,N/A,N/A,1264619520,1264619520,16855040,135168,45826048,4,discern-proc-so,R (running),learner-attacker.bnsdq.ozxfs.igokp-owcwb.kvugl,2.532335953675394,1
1759296271,1,N/A,N/A,N/A,N/A,N/A,N/A,N/A,N/A,N/A,234807296,169213952,10608640,1056768,19554304,1,systemd,S (sleeping),learner-attacker.bnsdq.ozxfs.igokp-owcwb.kvugl,1.259207392756532,1
1759296271,58261,1,101,101,101,101,102,102,102,102,16568320,16560128,7323648,135168,622592,1,systemd-network,S (sleeping),learner-attacker.bnsdq.ozxfs.igokp-owcwb.kvugl,1.213176658167612,1
1759296271,3353,1,N/A,N/A,N/A,N/A,N/A,N/A,N/A,N/A,1931411456,1931411456,59691008,135168,196419584,14,discern-network,S (sleeping),learner-attacker.bnsdq.ozxfs.igokp-owcwb.kvugl,0.4282393853667932,1
1759296271,376,1,103,103,103,103,109,109,109,109,152653824,152653824,144371712,135168,144924672,1,dbus-daemon,S (sleeping),learner-attacker.bnsdq.ozxfs.igokp-owcwb.kvugl,0.2613417928226967,1
1759296273,32255,1,N/A,N/A,N/A,N/A,N/A,N/A,N/A,N/A,1264619520,1264619520,16986112,135168,45826048,4,discern-proc-so,S (sleeping),learner-attacker.bnsdq.ozxfs.igokp-owcwb.kvugl,2.416581130734563,0
1759296273,1,N/A,N/A,N/A,N/A,N/A,N/A,N/A,N/A,N/A,234917888,169218048,10801152,1060864,19554304,1,systemd,S (sleeping),learner-attacker.bnsdq.ozxfs.igokp-owcwb.kvugl,1.4197460766961543,0
1759296273,36476,1,101,101,101,101,102,102,102,102,16568320,16568320,6189056,135168,630784,1,systemd-network,S (sleeping),learner-attacker.bnsdq.ozxfs.igokp-owcwb.kvugl,0.9455980577370506,0
1759296273,3277,1,N/A,N/A,N/A,N/A,N/A,N/A,N/A,N/A,1953140736,1921835008,46366720,135168,178851840,13,discern-network,S (sleeping),learner-attacker.bnsdq.ozxfs.igokp-owcwb.kvugl,0.3319560957431693,0
1759296273,140,2,N/A,N/A,N/A,N/A,N/A,N/A,N/A,N/A,N/A,N/A,N/A,N/A,N/A,1,jbd2/vda2-8,S (sleeping),learner-attacker.bnsdq.ozxfs.igokp-owcwb.kvugl,0.29278122478427476,0
1759296276,57651,1,N/A,N/A,N/A,N/A,N/A,N/A,N/A,N/A,1264619520,1264619520,16855040,135168,45826048,4,discern-proc-so,R (running),learner-attacker.bnsdq.ozxfs.igokp-owcwb.kvugl,2.5312151483340415,1
1759296276,1,N/A,N/A,N/A,N/A,N/A,N/A,N/A,N/A,N/A,234807296,169484288,10608640,1056768,19824640,1,systemd,S (sleeping),learner-attacker.bnsdq.ozxfs.igokp-owcwb.kvugl,1.2596254468071033,1
1759296276,58315,1,101,101,101,101,102,102,102,102,16568320,16560128,7278592,135168,622592,1,systemd-network,S (sleeping),learner-attacker.bnsdq.ozxfs.igokp-owcwb.kvugl,1.0701360744545463,1
1759296276,3353,1,N/A,N/A,N/A,N/A,N/A,N/A,N/A,N/A,1931411456,1931411456,59691008,135168,196419584,14,discern-network,S (sleeping),learner-attacker.bnsdq.ozxfs.igokp-owcwb.kvugl,0.42817878060232806,1
1759296276,376,1,103,103,103,103,109,109,109,109,152924160,152924160,144642048,135168,145195008,1,dbus-daemon,S (sleeping),learner-attacker.bnsdq.ozxfs.igokp-owcwb.kvugl,0.2618001728442526,1
1759296278,32255,1,N/A,N/A,N/A,N/A,N/A,N/A,N/A,N/A,1264619520,1264619520,16986112,135168,45826048,4,discern-proc-so,S (sleeping),learner-attacker.bnsdq.ozxfs.igokp-owcwb.kvugl,2.4213034767169357,0
1759296278,1,N/A,N/A,N/A,N/A,N/A,N/A,N/A,N/A,N/A,234917888,169488384,10801152,1060864,19824640,1,systemd,S (sleeping),learner-attacker.bnsdq.ozxfs.igokp-owcwb.kvugl,1.4200631977600338,0
1759296278,36532,1,101,101,101,101,102,102,102,102,16568320,16568320,6209536,135168,630784,1,systemd-network,S (sleeping),learner-attacker.bnsdq.ozxfs.igokp-owcwb.kvugl,0.9171747960255991,0
1759296278,3277,1,N/A,N/A,N/A,N/A,N/A,N/A,N/A,N/A,1953140736,1921835008,46366720,135168,178851840,13,discern-network,S (sleeping),learner-attacker.bnsdq.ozxfs.igokp-owcwb.kvugl,0.33159477172599516,0
1759296278,140,2,N/A,N/A,N/A,N/A,N/A,N/A,N/A,N/A,N/A,N/A,N/A,N/A,N/A,1,jbd2/vda2-8,S (sleeping),learner-attacker.bnsdq.ozxfs.igokp-owcwb.kvugl,0.29207689398150566,0
1759296281,57651,1,N/A,N/A,N/A,N/A,N/A,N/A,N/A,N/A,1264619520,1264619520,16855040,135168,45826048,4,discern-proc-so,R (running),learner-attacker.bnsdq.ozxfs.igokp-owcwb.kvugl,2.5490109792169853,1
1759296281,1,N/A,N/A,N/A,N/A,N/A,N/A,N/A,N/A,N/A,234807296,169349120,10608640,1056768,19689472,1,systemd,S (sleeping),learner-attacker.bnsdq.ozxfs.igokp-owcwb.kvugl,1.260317600582229,1
1759296281,58378,1,101,101,101,101,102,102,102,102,16568320,16560128,7319552,135168,622592,1,systemd-network,S (sleeping),learner-attacker.bnsdq.ozxfs.igokp-owcwb.kvugl,1.0128597337706697,1
1759296281,3353,1,N/A,N/A,N/A,N/A,N/A,N/A,N/A,N/A,1931411456,1931411456,59691008,135168,196419584,14,discern-network,S (sleeping),learner-attacker.bnsdq.ozxfs.igokp-owcwb.kvugl,0.4284095292918122,1
1759296281,376,1,103,103,103,103,109,109,109,109,153083904,153083904,144642048,135168,145354752,1,dbus-daemon,S (sleeping),learner-attacker.bnsdq.ozxfs.igokp-owcwb.kvugl,0.26170310582999534,1
1759296283,32255,1,N/A,N/A,N/A,N/A,N/A,N/A,N/A,N/A,1264619520,1264619520,16986112,135168,45826048,4,discern-proc-so,S (sleeping),learner-attacker.bnsdq.ozxfs.igokp-owcwb.kvugl,2.425880412636687,0
1759296283,1,N/A,N/A,N/A,N/A,N/A,N/A,N/A,N/A,N/A,234917888,169209856,10801152,1060864,19546112,1,systemd,S (sleeping),learner-attacker.bnsdq.ozxfs.igokp-owcwb.kvugl,1.421309573947335,0
1759296283,36595,1,101,101,101,101,102,102,102,102,16568320,16568320,6168576,135168,630784,1,systemd-network,S (sleeping),learner-attacker.bnsdq.ozxfs.igokp-owcwb.kvugl,0.8243062307802802,0
1759296283,3277,1,N/A,N/A,N/A,N/A,N/A,N/A,N/A,N/A,1953140736,1921835008,46366720,135168,178851840,13,discern-network,S (sleeping),learner-attacker.bnsdq.ozxfs.igokp-owcwb.kvugl,0.3322483938241145,0
1759296283,140,2,N/A,N/A,N/A,N/A,N/A,N/A,N/A,N/A,N/A,N/A,N/A,N/A,N/A,1,jbd2/vda2-8,S (sleeping),learner-attacker.bnsdq.ozxfs.igokp-owcwb.kvugl,0.2913760375915815,0
1759296287,57651,1,N/A,N/A,N/A,N/A,N/A,N/A,N/A,N/A,1264619520,1264619520,16855040,135168,45826048,4,discern-proc-so,R (running),learner-attacker.bnsdq.ozxfs.igokp-owcwb.kvugl,2.5803132268225277,1
1759296287,1,N/A,N/A,N/A,N/A,N/A,N/A,N/A,N/A,N/A,234807296,169349120,10608640,1056768,19689472,1,systemd,S (sleeping),learner-attacker.bnsdq.ozxfs.igokp-owcwb.kvugl,1.2601748383364402,1
1759296287,58437,1,101,101,101,101,102,102,102,102,16568320,16560128,7315456,135168,622592,1,systemd-network,S (sleeping),learner-attacker.bnsdq.ozxfs.igokp-owcwb.kvugl,0.6384162787964043,1
1759296287,3353,1,N/A,N/A,N/A,N/A,N/A,N/A,N/A,N/A,1931411456,1931411456,59691008,135168,196419584,14,discern-network,S (sleeping),learner-attacker.bnsdq.ozxfs.igokp-owcwb.kvugl,0.4286380462314177,1
1759296287,376,1,103,103,103,103,109,109,109,109,153354240,153354240,144912384,135168,145625088,1,dbus-daemon,S (sleeping),learner-attacker.bnsdq.ozxfs.igokp-owcwb.kvugl,0.2616054244047138,1
1759296288,32255,1,N/A,N/A,N/A,N/A,N/A,N/A,N/A,N/A,1264619520,1264619520,16986112,135168,45826048,4,discern-proc-so,S (sleeping),learner-attacker.bnsdq.ozxfs.igokp-owcwb.kvugl,2.4361114865822073,0
1759296288,1,N/A,N/A,N/A,N/A,N/A,N/A,N/A,N/A,N/A,234917888,169209856,10801152,1060864,19546112,1,systemd,S (sleeping),learner-attacker.bnsdq.ozxfs.igokp-owcwb.kvugl,1.420679941047137,0
1759296288,36650,1,101,101,101,101,102,102,102,102,16568320,16568320,6225920,135168,630784,1,systemd-network,S (sleeping),learner-attacker.bnsdq.ozxfs.igokp-owcwb.kvugl,0.8328197248494825,0
1759296288,3277,1,N/A,N/A,N/A,N/A,N/A,N/A,N/A,N/A,1953140736,1921835008,46366720,135168,178851840,13,discern-network,S (sleeping),learner-attacker.bnsdq.ozxfs.igokp-owcwb.kvugl,0.3318848301989652,0
1759296288,140,2,N/A,N/A,N/A,N/A,N/A,N/A,N/A,N/A,N/A,N/A,N/A,N/A,N/A,1,jbd2/vda2-8,S (sleeping),learner-attacker.bnsdq.ozxfs.igokp-owcwb.kvugl,0.29067573759498827,0
1759296292,57651,1,N/A,N/A,N/A,N/A,N/A,N/A,N/A,N/A,1264619520,1264619520,16855040,135168,45826048,4,discern-proc-so,S (sleeping),learner-attacker.bnsdq.ozxfs.igokp-owcwb.kvugl,2.5912420677038446,1
1759296292,1,N/A,N/A,N/A,N/A,N/A,N/A,N/A,N/A,N/A,234807296,169349120,10608640,1056768,19689472,1,systemd,S (sleeping),learner-attacker.bnsdq.ozxfs.igokp-owcwb.kvugl,1.260312894180725,1
1759296292,58501,1,101,101,101,101,102,102,102,102,16568320,16560128,7225344,135168,622592,1,systemd-network,S (sleeping),learner-attacker.bnsdq.ozxfs.igokp-owcwb.kvugl,0.6078452980615068,1
1759296292,3353,1,N/A,N/A,N/A,N/A,N/A,N/A,N/A,N/A,1931411456,1931411456,59691008,135168,196419584,14,discern-network,S (sleeping),learner-attacker.bnsdq.ozxfs.igokp-owcwb.kvugl,0.4288675337325225,1
1759296292,376,1,103,103,103,103,109,109,109,109,153489408,153489408,145182720,135168,145760256,1,dbus-daemon,S (sleeping),learner-attacker.bnsdq.ozxfs.igokp-owcwb.kvugl,0.2615089831169033,1
1759296293,32255,1,N/A,N/A,N/A,N/A,N/A,N/A,N/A,N/A,1264619520,1264619520,16986112,135168,45826048,4,discern-proc-so,S (sleeping),learner-attacker.bnsdq.ozxfs.igokp-owcwb.kvugl,2.437435293274509,0
1759296293,1,N/A,N/A,N/A,N/A,N/A,N/A,N/A,N/A,N/A,234917888,169209856,10801152,1060864,19546112,1,systemd,S (sleeping),learner-attacker.bnsdq.ozxfs.igokp-owcwb.kvugl,1.421458970132483,0
1759296293,36713,1,101,101,101,101,102,102,102,102,16568320,16568320,6160384,135168,630784,1,systemd-network,S (sleeping),learner-attacker.bnsdq.ozxfs.igokp-owcwb.kvugl,0.7993784962224105,0
1759296293,3277,1,N/A,N/A,N/A,N/A,N/A,N/A,N/A,N/A,1953140736,1921835008,46366720,135168,178851840,13,discern-network,S (sleeping),learner-attacker.bnsdq.ozxfs.igokp-owcwb.kvugl,0.3320312228986088,0
1759296293,140,2,N/A,N/A,N/A,N/A,N/A,N/A,N/A,N/A,N/A,N/A,N/A,N/A,N/A,1,jbd2/vda2-8,S (sleeping),learner-attacker.bnsdq.ozxfs.igokp-owcwb.kvugl,0.29044542905811876,0
1759296297,57651,1,N/A,N/A,N/A,N/A,N/A,N/A,N/A,N/A,1264619520,1264619520,16855040,135168,45826048,4,discern-proc-so,R (running),learner-attacker.bnsdq.ozxfs.igokp-owcwb.kvugl,2.6147287691520074,1
1759296297,1,N/A,N/A,N/A,N/A,N/A,N/A,N/A,N/A,N/A,234807296,169484288,10608640,1056768,19824640,1,systemd,S (sleeping),learner-attacker.bnsdq.ozxfs.igokp-owcwb.kvugl,1.2607223217179773,1
1759296297,58554,1,101,101,101,101,102,102,102,102,16568320,16560128,7270400,135168,622592,1,systemd-network,S (sleeping),learner-attacker.bnsdq.ozxfs.igokp-owcwb.kvugl,0.4485760596245289,1
1759296297,3353,1,N/A,N/A,N/A,N/A,N/A,N/A,N/A,N/A,1931411456,1931411456,59691008,135168,196419584,14,discern-network,S (sleeping),learner-attacker.bnsdq.ozxfs.igokp-owcwb.kvugl,0.4288046830709254,1
1759296297,376,1,103,103,103,103,109,109,109,109,153624576,153624576,145182720,135168,145895424,1,dbus-daemon,S (sleeping),learner-attacker.bnsdq.ozxfs.igokp-owcwb.kvugl,0.2614120458582176,1
1759296298,32255,1,N/A,N/A,N/A,N/A,N/A,N/A,N/A,N/A,1264619520,1264619520,16986112,135168,45826048,4,discern-proc-so,S (sleeping),learner-attacker.bnsdq.ozxfs.igokp-owcwb.kvugl,2.444393703853818,0
1759296298,1,N/A,N/A,N/A,N/A,N/A,N/A,N/A,N/A,N/A,234917888,169226240,10801152,1060864,19562496,1,systemd,S (sleeping),learner-attacker.bnsdq.ozxfs.igokp-owcwb.kvugl,1.4213019952857373,0
1759296298,36769,1,101,101,101,101,102,102,102,102,16568320,16568320,6184960,135168,630784,1,systemd-network,S (sleeping),learner-attacker.bnsdq.ozxfs.igokp-owcwb.kvugl,0.40678638429957265,0
1759296298,3277,1,N/A,N/A,N/A,N/A,N/A,N/A,N/A,N/A,1953140736,1921835008,46366720,135168,178851840,13,discern-network,S (sleeping),learner-attacker.bnsdq.ozxfs.igokp-owcwb.kvugl,0.33217470932298426,0
1759296298,140,2,N/A,N/A,N/A,N/A,N/A,N/A,N/A,N/A,N/A,N/A,N/A,N/A,N/A,1,jbd2/vda2-8,S (sleeping),learner-attacker.bnsdq.ozxfs.igokp-owcwb.kvugl,0.28975236089323886,0
1759296302,57651,1,N/A,N/A,N/A,N/A,N/A,N/A,N/A,N/A,1264619520,1264619520,16855040,135168,45826048,4,discern-proc-so,R (running),learner-attacker.bnsdq.ozxfs.igokp-owcwb.kvugl,2.621267252989897,1
1759296302,1,N/A,N/A,N/A,N/A,N/A,N/A,N/A,N/A,N/A,234807296,169484288,10608640,1056768,19824640,1,systemd,S (sleeping),learner-attacker.bnsdq.ozxfs.igokp-owcwb.kvugl,1.261129896585,1
1759296302,58619,1,101,101,101,101,102,102,102,102,16568320,16560128,7307264,135168,622592,1,systemd-network,S (sleeping),learner-attacker.bnsdq.ozxfs.igokp-owcwb.kvugl,0.43207995991198433,1
1759296302,3353,1,N/A,N/A,N/A,N/A,N/A,N/A,N/A,N/A,1931411456,1931411456,59691008,135168,196419584,14,discern-network,S (sleeping),learner-attacker.bnsdq.ozxfs.igokp-owcwb.kvugl,0.42874177176685974,1
1759296302,376,1,103,103,103,103,109,109,109,109,153759744,153759744,145453056,135168,146030592,1,dbus-daemon,S (sleeping),learner-attacker.bnsdq.ozxfs.igokp-owcwb.kvugl,0.261590592467048,1
1759296304,32255,1,N/A,N/A,N/A,N/A,N/A,N/A,N/A,N/A,1264619520,1264619520,16986112,135168,45826048,4,discern-proc-so,S (sleeping),learner-attacker.bnsdq.ozxfs.igokp-owcwb.kvugl,2.4399295850960185,0
1759296304,1,N/A,N/A,N/A,N/A,N/A,N/A,N/A,N/A,N/A,234917888,169226240,10801152,1060864,19562496,1,systemd,S (sleeping),learner-attacker.bnsdq.ozxfs.igokp-owcwb.kvugl,1.4211591393132232,0
1759296304,36833,1,101,101,101,101,102,102,102,102,16568320,16568320,6209536,135168,630784,1,systemd-network,S (sleeping),learner-attacker.bnsdq.ozxfs.igokp-owcwb.kvugl,0.39527330787085985,0
1759296304,3277,1,N/A,N/A,N/A,N/A,N/A,N/A,N/A,N/A,1953140736,1921835008,46366720,135168,178851840,13,discern-network,S (sleeping),learner-attacker.bnsdq.ozxfs.igokp-owcwb.kvugl,0.33181959416847473,0
1759296304,140,2,N/A,N/A,N/A,N/A,N/A,N/A,N/A,N/A,N/A,N/A,N/A,N/A,N/A,1,jbd2/vda2-8,S (sleeping),learner-attacker.bnsdq.ozxfs.igokp-owcwb.kvugl,0.28906528353146727,0
1759296307,57651,1,N/A,N/A,N/A,N/A,N/A,N/A,N/A,N/A,1264619520,1264619520,16855040,135168,45826048,4,discern-proc-so,S (sleeping),learner-attacker.bnsdq.ozxfs.igokp-owcwb.kvugl,2.639555176975865,1
1759296307,1,N/A,N/A,N/A,N/A,N/A,N/A,N/A,N/A,N/A,234807296,169484288,10608640,1056768,19824640,1,systemd,S (sleeping),learner-attacker.bnsdq.ozxfs.igokp-owcwb.kvugl,1.261535489708869,1
1759296307,58673,1,101,101,101,101,102,102,102,102,16568320,16560128,7180288,135168,622592,1,systemd-network,S (sleeping),learner-attacker.bnsdq.ozxfs.igokp-owcwb.kvugl,0.5171204156617762,1
1759296307,3353,1,N/A,N/A,N/A,N/A,N/A,N/A,N/A,N/A,1931411456,1931411456,59691008,135168,196419584,14,discern-network,S (sleeping),learner-attacker.bnsdq.ozxfs.igokp-owcwb.kvugl,0.42867875862833305,1
1759296307,376,1,103,103,103,103,109,109,109,109,153894912,153894912,145723392,135168,146165760,1,dbus-daemon,S (sleeping),learner-attacker.bnsdq.ozxfs.igokp-owcwb.kvugl,0.26149350877793626,1
1759296309,32255,1,N/A,N/A,N/A,N/A,N/A,N/A,N/A,N/A,1264619520,1264619520,16986112,135168,45826048,4,discern-proc-so,S (sleeping),learner-attacker.bnsdq.ozxfs.igokp-owcwb.kvugl,2.438500067129225,0
1759296309,1,N/A,N/A,N/A,N/A,N/A,N/A,N/A,N/A,N/A,234917888,169213952,10801152,1060864,19550208,1,systemd,S (sleeping),learner-attacker.bnsdq.ozxfs.igokp-owcwb.kvugl,1.4224065157545154,0
1759296309,36921,1,1001,1001,1001,1001,1001,1001,1001,1001,15548416,15548416,8626176,135168,765952,1,systemd,S (sleeping),learner-attacker.bnsdq.ozxfs.igokp-owcwb.kvugl,0.9144767184773678,0
1759296309,3277,1,N/A,N/A,N/A,N/A,N/A,N/A,N/A,N/A,1953140736,1921835008,46366720,135168,178851840,13,discern-network,S (sleeping),learner-attacker.bnsdq.ozxfs.igokp-owcwb.kvugl,0.33196893691881246,0
1759296309,36887,1,101,101,101,101,102,102,102,102,16568320,16568320,6041600,135168,630784,1,systemd-network,S (sleeping),learner-attacker.bnsdq.ozxfs.igokp-owcwb.kvugl,0.32324561258431034,0
1759296312,57651,1,N/A,N/A,N/A,N/A,N/A,N/A,N/A,N/A,1264619520,1264619520,16855040,135168,45826048,4,discern-proc-so,S (sleeping),learner-attacker.bnsdq.ozxfs.igokp-owcwb.kvugl,2.632334928664693,1
1759296312,1,N/A,N/A,N/A,N/A,N/A,N/A,N/A,N/A,N/A,234807296,169484288,10608640,1056768,19824640,1,systemd,S (sleeping),learner-attacker.bnsdq.ozxfs.igokp-owcwb.kvugl,1.2622203926877344,1
1759296312,58794,1,101,101,101,101,102,102,102,102,16568320,16560128,7188480,135168,622592,1,systemd-network,S (sleeping),learner-attacker.bnsdq.ozxfs.igokp-owcwb.kvugl,1.0224426420656278,1
1759296312,3353,1,N/A,N/A,N/A,N/A,N/A,N/A,N/A,N/A,1931411456,1931411456,59691008,135168,196419584,14,discern-network,S (sleeping),learner-attacker.bnsdq.ozxfs.igokp-owcwb.kvugl,0.42890716404246315,1
1759296312,376,1,103,103,103,103,109,109,109,109,154300416,154300416,145993728,135168,146571264,1,dbus-daemon,S (sleeping),learner-attacker.bnsdq.ozxfs.igokp-owcwb.kvugl,0.26167255278998647,1
1759296314,32255,1,N/A,N/A,N/A,N/A,N/A,N/A,N/A,N/A,1264619520,1264619520,16986112,135168,45826048,4,discern-proc-so,S (sleeping),learner-attacker.bnsdq.ozxfs.igokp-owcwb.kvugl,2.439679111648474,0
1759296314,1,N/A,N/A,N/A,N/A,N/A,N/A,N/A,N/A,N/A,234917888,169484288,10801152,1060864,19820544,1,systemd,S (sleeping),learner-attacker.bnsdq.ozxfs.igokp-owcwb.kvugl,1.4231706802740862,0
1759296314,37029,1,101,101,101,101,102,102,102,102,16568320,16568320,6184960,135168,630784,1,systemd-network,S (sleeping),learner-attacker.bnsdq.ozxfs.igokp-owcwb.kvugl,1.280418052465081,0
1759296314,3277,1,N/A,N/A,N/A,N/A,N/A,N/A,N/A,N/A,1953140736,1921835008,46366720,135168,178851840,13,discern-network,S (sleeping),learner-attacker.bnsdq.ozxfs.igokp-owcwb.kvugl,0.33161407884254457,0
1759296314,140,2,N/A,N/A,N/A,N/A,N/A,N/A,N/A,N/A,N/A,N/A,N/A,N/A,N/A,1,jbd2/vda2-8,S (sleeping),learner-attacker.bnsdq.ozxfs.igokp-owcwb.kvugl,0.28770136238295546,0
1759296318,58858,58857,1001,1001,1001,1001,1001,1001,1001,1001,247201792,180092928,20631552,135168,28295168,3,server.py,R (running),learner-attacker.bnsdq.ozxfs.igokp-owcwb.kvugl,45.44863862234212,1
1759296318,57651,1,N/A,N/A,N/A,N/A,N/A,N/A,N/A,N/A,1264619520,1264619520,16855040,135168,45826048,4,discern-proc-so,R (running),learner-attacker.bnsdq.ozxfs.igokp-owcwb.kvugl,2.614025225921881,1
1759296318,58861,58859,1001,1001,1001,1001,1001,1001,1001,1001,25444352,25423872,16695296,135168,8851456,1,python3,S (sleeping),learner-attacker.bnsdq.ozxfs.igokp-owcwb.kvugl,1.8736737756426014,1
1759296318,58863,58860,1001,1001,1001,1001,1001,1001,1001,1001,25444352,25423872,16646144,135168,8851456,1,python3,S (sleeping),learner-attacker.bnsdq.ozxfs.igokp-owcwb.kvugl,1.873495277678107,1
1759296318,58838,1,1001,1001,1001,1001,1001,1001,1001,1001,15548416,15548416,8482816,135168,765952,1,systemd,S (sleeping),learner-attacker.bnsdq.ozxfs.igokp-owcwb.kvugl,1.404913653376994,1
1759296319,32255,1,N/A,N/A,N/A,N/A,N/A,N/A,N/A,N/A,1264619520,1264619520,16986112,135168,45826048,4,discern-proc-so,S (sleeping),learner-attacker.bnsdq.ozxfs.igokp-owcwb.kvugl,2.4409010597641014,0
1759296319,1,N/A,N/A,N/A,N/A,N/A,N/A,N/A,N/A,N/A,234917888,169349120,10801152,1060864,19685376,1,systemd,S (sleeping),learner-attacker.bnsdq.ozxfs.igokp-owcwb.kvugl,1.4234809319063553,0
1759296319,37090,1,101,101,101,101,102,102,102,102,16568320,16568320,6254592,135168,630784,1,systemd-network,S (sleeping),learner-attacker.bnsdq.ozxfs.igokp-owcwb.kvugl,1.3441745048635254,0
1759296319,3277,1,N/A,N/A,N/A,N/A,N/A,N/A,N/A,N/A,1953140736,1921835008,46366720,135168,178851840,13,discern-network,S (sleeping),learner-attacker.bnsdq.ozxfs.igokp-owcwb.kvugl,0.33176022428552215,0
1759296319,140,2,N/A,N/A,N/A,N/A,N/A,N/A,N/A,N/A,N/A,N/A,N/A,N/A,N/A,1,jbd2/vda2-8,S (sleeping),learner-attacker.bnsdq.ozxfs.igokp-owcwb.kvugl,0.2874815019144263,0
1759296323,58858,58857,1001,1001,1001,1001,1001,1001,1001,1001,247201792,180092928,20631552,135168,28295168,3,server.py,R (running),learner-attacker.bnsdq.ozxfs.igokp-owcwb.kvugl,80.52002389543293,1
1759296323,57651,1,N/A,N/A,N/A,N/A,N/A,N/A,N/A,N/A,1264619520,1264619520,16855040,135168,45826048,4,discern-proc-so,S (sleeping),learner-attacker.bnsdq.ozxfs.igokp-owcwb.kvugl,2.586392072967452,1
1759296323,1,N/A,N/A,N/A,N/A,N/A,N/A,N/A,N/A,N/A,234807296,169484288,10608640,1056768,19824640,1,systemd,S (sleeping),learner-attacker.bnsdq.ozxfs.igokp-owcwb.kvugl,1.2619176478132905,1
1759296323,58946,1,101,101,101,101,102,102,102,102,16568320,16560128,7380992,135168,622592,1,systemd-network,S (sleeping),learner-attacker.bnsdq.ozxfs.igokp-owcwb.kvugl,0.8546483738121874,1
1759296323,58863,58860,1001,1001,1001,1001,1001,1001,1001,1001,25444352,25423872,16646144,135168,8851456,1,python3,S (sleeping),learner-attacker.bnsdq.ozxfs.igokp-owcwb.kvugl,0.5449398944340939,1
1759296324,32255,1,N/A,N/A,N/A,N/A,N/A,N/A,N/A,N/A,1264619520,1264619520,16986112,135168,45826048,4,discern-proc-so,S (sleeping),learner-attacker.bnsdq.ozxfs.igokp-owcwb.kvugl,2.4394024751572183,0
1759296324,1,N/A,N/A,N/A,N/A,N/A,N/A,N/A,N/A,N/A,234917888,169484288,10801152,1060864,19820544,1,systemd,S (sleeping),learner-attacker.bnsdq.ozxfs.igokp-owcwb.kvugl,1.423789724532723,0
1759296324,37146,1,101,101,101,101,102,102,102,102,16568320,16568320,6168576,135168,630784,1,systemd-network,S (sleeping),learner-attacker.bnsdq.ozxfs.igokp-owcwb.kvugl,0.7596528487363173,0
1759296324,3277,1,N/A,N/A,N/A,N/A,N/A,N/A,N/A,N/A,1953140736,1921835008,46366720,135168,178851840,13,discern-network,S (sleeping),learner-attacker.bnsdq.ozxfs.igokp-owcwb.kvugl,0.3319056621799102,0
1759296324,140,2,N/A,N/A,N/A,N/A,N/A,N/A,N/A,N/A,N/A,N/A,N/A,N/A,N/A,1,jbd2/vda2-8,S (sleeping),learner-attacker.bnsdq.ozxfs.igokp-owcwb.kvugl,0.2868060265837167,0
1759296328,58858,58857,1001,1001,1001,1001,1001,1001,1001,1001,247201792,180092928,20631552,135168,28295168,3,server.py,R (running),learner-attacker.bnsdq.ozxfs.igokp-owcwb.kvugl,86.07373637468189,1
1759296328,57651,1,N/A,N/A,N/A,N/A,N/A,N/A,N/A,N/A,1264619520,1264619520,16855040,135168,45826048,4,discern-proc-so,R (running),learner-attacker.bnsdq.ozxfs.igokp-owcwb.kvugl,2.551837993036644,1
1759296328,1,N/A,N/A,N/A,N/A,N/A,N/A,N/A,N/A,N/A,234807296,169213952,10608640,1056768,19554304,1,systemd,S (sleeping),learner-attacker.bnsdq.ozxfs.igokp-owcwb.kvugl,1.2614923450271782,1
1759296328,59011,1,101,101,101,101,102,102,102,102,16568320,16560128,7356416,135168,622592,1,systemd-network,S (sleeping),learner-attacker.bnsdq.ozxfs.igokp-owcwb.kvugl,0.7884642607253753,1
1759296328,3353,1,N/A,N/A,N/A,N/A,N/A,N/A,N/A,N/A,1931411456,1931411456,59691008,135168,196419584,14,discern-network,S (sleeping),learner-attacker.bnsdq.ozxfs.igokp-owcwb.kvugl,0.4289984723574401,1
1759296329,32255,1,N/A,N/A,N/A,N/A,N/A,N/A,N/A,N/A,1264619520,1264619520,16986112,135168,45826048,4,discern-proc-so,S (sleeping),learner-attacker.bnsdq.ozxfs.igokp-owcwb.kvugl,2.440577952535519,0
1759296329,1,N/A,N/A,N/A,N/A,N/A,N/A,N/A,N/A,N/A,234917888,169484288,10801152,1060864,19820544,1,systemd,S (sleeping),learner-attacker.bnsdq.ozxfs.igokp-owcwb.kvugl,1.425006432971301,0
1759296329,37208,1,101,101,101,101,102,102,102,102,16568320,16568320,6094848,135168,630784,1,systemd-network,S (sleeping),learner-attacker.bnsdq.ozxfs.igokp-owcwb.kvugl,0.7194753239726066,0
1759296329,3277,1,N/A,N/A,N/A,N/A,N/A,N/A,N/A,N/A,1953140736,1921835008,46366720,135168,178851840,13,discern-network,S (sleeping),learner-attacker.bnsdq.ozxfs.igokp-owcwb.kvugl,0.3320500011238667,0
1759296329,140,2,N/A,N/A,N/A,N/A,N/A,N/A,N/A,N/A,N/A,N/A,N/A,N/A,N/A,1,jbd2/vda2-8,S (sleeping),learner-attacker.bnsdq.ozxfs.igokp-owcwb.kvugl,0.28613344173455213,0
1759296333,58858,58857,1001,1001,1001,1001,1001,1001,1001,1001,247201792,180092928,20631552,135168,28295168,3,server.py,R (running),learner-attacker.bnsdq.ozxfs.igokp-owcwb.kvugl,88.76878352415251,1
1759296333,57651,1,N/A,N/A,N/A,N/A,N/A,N/A,N/A,N/A,1264619520,1264619520,16855040,135168,45826048,4,discern-proc-so,R (running),learner-attacker.bnsdq.ozxfs.igokp-owcwb.kvugl,2.5207252972177185,1
1759296333,1,N/A,N/A,N/A,N/A,N/A,N/A,N/A,N/A,N/A,234807296,169484288,10608640,1056768,19824640,1,systemd,S (sleeping),learner-attacker.bnsdq.ozxfs.igokp-owcwb.kvugl,1.2605229784428122,1
1759296333,59063,1,101,101,101,101,102,102,102,102,16568320,16560128,7331840,135168,622592,1,systemd-network,S (sleeping),learner-attacker.bnsdq.ozxfs.igokp-owcwb.kvugl,0.5358593115395632,1
1759296333,3353,1,N/A,N/A,N/A,N/A,N/A,N/A,N/A,N/A,1931411456,1931411456,59691008,135168,196419584,14,discern-network,S (sleeping),learner-attacker.bnsdq.ozxfs.igokp-owcwb.kvugl,0.4286454050599891,1
1759296334,32255,1,N/A,N/A,N/A,N/A,N/A,N/A,N/A,N/A,1264619520,1264619520,16986112,135168,45826048,4,discern-proc-so,S (sleeping),learner-attacker.bnsdq.ozxfs.igokp-owcwb.kvugl,2.441754440360303,0
1759296334,1,N/A,N/A,N/A,N/A,N/A,N/A,N/A,N/A,N/A,234917888,169226240,10801152,1060864,19562496,1,systemd,S (sleeping),learner-attacker.bnsdq.ozxfs.igokp-owcwb.kvugl,1.4239490155552954,0
1759296334,37264,1,101,101,101,101,102,102,102,102,16568320,16568320,6123520,135168,630784,1,systemd-network,S (sleeping),learner-attacker.bnsdq.ozxfs.igokp-owcwb.kvugl,0.5099952102320845,0
1759296334,3277,1,N/A,N/A,N/A,N/A,N/A,N/A,N/A,N/A,1953140736,1921835008,46366720,135168,178851840,13,discern-network,S (sleeping),learner-attacker.bnsdq.ozxfs.igokp-owcwb.kvugl,0.3321944731451857,0
1759296334,140,2,N/A,N/A,N/A,N/A,N/A,N/A,N/A,N/A,N/A,N/A,N/A,N/A,N/A,1,jbd2/vda2-8,S (sleeping),learner-attacker.bnsdq.ozxfs.igokp-owcwb.kvugl,0.2854646898611542,0
1759296338,58858,58857,1001,1001,1001,1001,1001,1001,1001,1001,247201792,180092928,20631552,135168,28295168,3,server.py,R (running),learner-attacker.bnsdq.ozxfs.igokp-owcwb.kvugl,90.05597528445237,1
1759296338,57651,1,N/A,N/A,N/A,N/A,N/A,N/A,N/A,N/A,1264619520,1264619520,16855040,135168,45826048,4,discern-proc-so,S (sleeping),learner-attacker.bnsdq.ozxfs.igokp-owcwb.kvugl,2.4924847937527095,1
1759296338,1,N/A,N/A,N/A,N/A,N/A,N/A,N/A,N/A,N/A,234807296,169218048,10608640,1056768,19558400,1,systemd,S (sleeping),learner-attacker.bnsdq.ozxfs.igokp-owcwb.kvugl,1.2598277062549077,1
1759296338,59128,1,101,101,101,101,102,102,102,102,16568320,16560128,7430144,135168,622592,1,systemd-network,S (sleeping),learner-attacker.bnsdq.ozxfs.igokp-owcwb.kvugl,0.5087843191199408,1
1759296338,3353,1,N/A,N/A,N/A,N/A,N/A,N/A,N/A,N/A,1931411456,1931411456,59691008,135168,196419584,14,discern-network,S (sleeping),learner-attacker.bnsdq.ozxfs.igokp-owcwb.kvugl,0.4282930167198018,1
1759296340,32255,1,N/A,N/A,N/A,N/A,N/A,N/A,N/A,N/A,1264619520,1264619520,16986112,135168,45826048,4,discern-proc-so,S (sleeping),learner-attacker.bnsdq.ozxfs.igokp-owcwb.kvugl,2.4403405609023627,0
1759296340,1,N/A,N/A,N/A,N/A,N/A,N/A,N/A,N/A,N/A,234917888,169226240,10801152,1060864,19562496,1,systemd,S (sleeping),learner-attacker.bnsdq.ozxfs.igokp-owcwb.kvugl,1.4247114237396454,0
1759296340,37328,1,101,101,101,101,102,102,102,102,16568320,16568320,6221824,135168,630784,1,systemd-network,S (sleeping),learner-attacker.bnsdq.ozxfs.igokp-owcwb.kvugl,0.7387416743961043,0
1759296340,3277,1,N/A,N/A,N/A,N/A,N/A,N/A,N/A,N/A,1953140736,1921835008,46366720,135168,178851840,13,discern-network,S (sleeping),learner-attacker.bnsdq.ozxfs.igokp-owcwb.kvugl,0.3318462397079959,0
1759296340,140,2,N/A,N/A,N/A,N/A,N/A,N/A,N/A,N/A,N/A,N/A,N/A,N/A,N/A,1,jbd2/vda2-8,S (sleeping),learner-attacker.bnsdq.ozxfs.igokp-owcwb.kvugl,0.28525284206377277,0
1759296344,58858,58857,1001,1001,1001,1001,1001,1001,1001,1001,247201792,180092928,20631552,135168,28295168,3,server.py,R (running),learner-attacker.bnsdq.ozxfs.igokp-owcwb.kvugl,90.97978578518926,1
1759296344,57651,1,N/A,N/A,N/A,N/A,N/A,N/A,N/A,N/A,1264619520,1264619520,16855040,135168,45826048,4,discern-proc-so,R (running),learner-attacker.bnsdq.ozxfs.igokp-owcwb.kvugl,2.467066568123464,1
1759296344,1,N/A,N/A,N/A,N/A,N/A,N/A,N/A,N/A,N/A,234807296,169226240,10608640,1056768,19566592,1,systemd,S (sleeping),learner-attacker.bnsdq.ozxfs.igokp-owcwb.kvugl,1.2591387259783329,1
1759296344,3353,1,N/A,N/A,N/A,N/A,N/A,N/A,N/A,N/A,1931411456,1931411456,59691008,135168,196419584,14,discern-network,S (sleeping),learner-attacker.bnsdq.ozxfs.igokp-owcwb.kvugl,0.42822971696699735,1
1759296344,59181,1,101,101,101,101,102,102,102,102,16568320,16560128,7303168,135168,622592,1,systemd-network,S (sleeping),learner-attacker.bnsdq.ozxfs.igokp-owcwb.kvugl,0.39083635430049113,1
1759296345,32255,1,N/A,N/A,N/A,N/A,N/A,N/A,N/A,N/A,1264619520,1264619520,16986112,135168,45826048,4,discern-proc-so,S (sleeping),learner-attacker.bnsdq.ozxfs.igokp-owcwb.kvugl,2.44150577256081,0
1759296345,1,N/A,N/A,N/A,N/A,N/A,N/A,N/A,N/A,N/A,234917888,169496576,10801152,1060864,19832832,1,systemd,S (sleeping),learner-attacker.bnsdq.ozxfs.igokp-owcwb.kvugl,1.4250179583542597,0
1759296345,37382,1,101,101,101,101,102,102,102,102,16568320,16568320,6209536,135168,630784,1,systemd-network,S (sleeping),learner-attacker.bnsdq.ozxfs.igokp-owcwb.kvugl,0.3845852891894139,0
1759296345,3277,1,N/A,N/A,N/A,N/A,N/A,N/A,N/A,N/A,1953140736,1921835008,46366720,135168,178851840,13,discern-network,S (sleeping),learner-attacker.bnsdq.ozxfs.igokp-owcwb.kvugl,0.3319908647569904,0
1759296345,140,2,N/A,N/A,N/A,N/A,N/A,N/A,N/A,N/A,N/A,N/A,N/A,N/A,N/A,1,jbd2/vda2-8,S (sleeping),learner-attacker.bnsdq.ozxfs.igokp-owcwb.kvugl,0.28458952661538933,0
1759296349,58858,58857,1001,1001,1001,1001,1001,1001,1001,1001,247201792,180092928,20631552,135168,28295168,3,server.py,R (running),learner-attacker.bnsdq.ozxfs.igokp-owcwb.kvugl,91.55805400576422,1
1759296349,57651,1,N/A,N/A,N/A,N/A,N/A,N/A,N/A,N/A,1264619520,1264619520,16855040,135168,45826048,4,discern-proc-so,S (sleeping),learner-attacker.bnsdq.ozxfs.igokp-owcwb.kvugl,2.451727796140438,1
1759296349,1,N/A,N/A,N/A,N/A,N/A,N/A,N/A,N/A,N/A,234807296,169226240,10608640,1056768,19566592,1,systemd,S (sleeping),learner-attacker.bnsdq.ozxfs.igokp-owcwb.kvugl,1.2581729354323574,1
1759296349,3353,1,N/A,N/A,N/A,N/A,N/A,N/A,N/A,N/A,1931411456,1931411456,59691008,135168,196419584,14,discern-network,S (sleeping),learner-attacker.bnsdq.ozxfs.igokp-owcwb.kvugl,0.4278779691906342,1
1759296349,59246,1,101,101,101,101,102,102,102,102,16568320,16560128,7278592,135168,622592,1,systemd-network,S (sleeping),learner-attacker.bnsdq.ozxfs.igokp-owcwb.kvugl,0.37564624310824285,1
1759296350,32255,1,N/A,N/A,N/A,N/A,N/A,N/A,N/A,N/A,1264619520,1264619520,16986112,135168,45826048,4,discern-proc-so,S (sleeping),learner-attacker.bnsdq.ozxfs.igokp-owcwb.kvugl,2.440110239968088,0
1759296350,1,N/A,N/A,N/A,N/A,N/A,N/A,N/A,N/A,N/A,234917888,169345024,10801152,1060864,19681280,1,systemd,S (sleeping),learner-attacker.bnsdq.ozxfs.igokp-owcwb.kvugl,1.4244186010571556,0
1759296350,37437,1,101,101,101,101,102,102,102,102,16568320,16568320,6127616,135168,630784,1,systemd-network,S (sleeping),learner-attacker.bnsdq.ozxfs.igokp-owcwb.kvugl,0.3743120501751843,0
1759296350,3277,1,N/A,N/A,N/A,N/A,N/A,N/A,N/A,N/A,1953140736,1921835008,46366720,135168,178851840,13,discern-network,S (sleeping),learner-attacker.bnsdq.ozxfs.igokp-owcwb.kvugl,0.3321342324914472,0
1759296350,140,2,N/A,N/A,N/A,N/A,N/A,N/A,N/A,N/A,N/A,N/A,N/A,N/A,N/A,1,jbd2/vda2-8,S (sleeping),learner-attacker.bnsdq.ozxfs.igokp-owcwb.kvugl,0.2839288806207126,0
1759296354,58858,58857,1001,1001,1001,1001,1001,1001,1001,1001,247201792,180092928,20631552,135168,28295168,3,server.py,R (running),learner-attacker.bnsdq.ozxfs.igokp-owcwb.kvugl,91.92696480479655,1
1759296354,57651,1,N/A,N/A,N/A,N/A,N/A,N/A,N/A,N/A,1264619520,1264619520,16855040,135168,45826048,4,discern-proc-so,S (sleeping),learner-attacker.bnsdq.ozxfs.igokp-owcwb.kvugl,2.4286290024320443,1
1759296354,1,N/A,N/A,N/A,N/A,N/A,N/A,N/A,N/A,N/A,234807296,169213952,10608640,1056768,19554304,1,systemd,S (sleeping),learner-attacker.bnsdq.ozxfs.igokp-owcwb.kvugl,1.258004715891222,1
1759296354,59299,1,101,101,101,101,102,102,102,102,16568320,16560128,7294976,135168,622592,1,systemd-network,S (sleeping),learner-attacker.bnsdq.ozxfs.igokp-owcwb.kvugl,0.4555296258188988,1
1759296354,3353,1,N/A,N/A,N/A,N/A,N/A,N/A,N/A,N/A,1931411456,1931411456,59691008,135168,196419584,14,discern-network,S (sleeping),learner-attacker.bnsdq.ozxfs.igokp-owcwb.kvugl,0.42780615003220185,1
1759296355,32255,1,N/A,N/A,N/A,N/A,N/A,N/A,N/A,N/A,1264619520,1264619520,16986112,135168,45826048,4,discern-proc-so,S (sleeping),learner-attacker.bnsdq.ozxfs.igokp-owcwb.kvugl,2.441225668237148,0
1759296355,1,N/A,N/A,N/A,N/A,N/A,N/A,N/A,N/A,N/A,234917888,169345024,10801152,1060864,19681280,1,systemd,S (sleeping),learner-attacker.bnsdq.ozxfs.igokp-owcwb.kvugl,1.42517219735973,0
1759296355,3277,1,N/A,N/A,N/A,N/A,N/A,N/A,N/A,N/A,1953140736,1921835008,46366720,135168,178851840,13,discern-network,S (sleeping),learner-attacker.bnsdq.ozxfs.igokp-owcwb.kvugl,0.3317882398521389,0
1759296355,37499,1,101,101,101,101,102,102,102,102,16568320,16568320,6234112,135168,630784,1,systemd-network,S (sleeping),learner-attacker.bnsdq.ozxfs.igokp-owcwb.kvugl,0.3083501943690692,0
1759296355,140,2,N/A,N/A,N/A,N/A,N/A,N/A,N/A,N/A,N/A,N/A,N/A,N/A,N/A,1,jbd2/vda2-8,S (sleeping),learner-attacker.bnsdq.ozxfs.igokp-owcwb.kvugl,0.28327129232812853,0
1759296359,58858,58857,1001,1001,1001,1001,1001,1001,1001,1001,247201792,180092928,20631552,135168,28295168,3,server.py,R (running),learner-attacker.bnsdq.ozxfs.igokp-owcwb.kvugl,92.04692005974805,1
1759296359,57651,1,N/A,N/A,N/A,N/A,N/A,N/A,N/A,N/A,1264619520,1264619520,16855040,135168,45826048,4,discern-proc-so,S (sleeping),learner-attacker.bnsdq.ozxfs.igokp-owcwb.kvugl,2.422066209982326,1
1759296359,1,N/A,N/A,N/A,N/A,N/A,N/A,N/A,N/A,N/A,234807296,169234432,10608640,1056768,19574784,1,systemd,S (sleeping),learner-attacker.bnsdq.ozxfs.igokp-owcwb.kvugl,1.257554984976456,1
1759296359,59418,1,101,101,101,101,102,102,102,102,16568320,16560128,7393280,135168,622592,1,systemd-network,S (sleeping),learner-attacker.bnsdq.ozxfs.igokp-owcwb.kvugl,1.0635132755006795,1
1759296359,3353,1,N/A,N/A,N/A,N/A,N/A,N/A,N/A,N/A,1931411456,1931411456,59691008,135168,196419584,14,discern-network,S (sleeping),learner-attacker.bnsdq.ozxfs.igokp-owcwb.kvugl,0.4274453863632122,1
1759296360,32255,1,N/A,N/A,N/A,N/A,N/A,N/A,N/A,N/A,1264619520,1264619520,16986112,135168,45826048,4,discern-proc-so,S (sleeping),learner-attacker.bnsdq.ozxfs.igokp-owcwb.kvugl,2.432755265251462,0
1759296360,1,N/A,N/A,N/A,N/A,N/A,N/A,N/A,N/A,N/A,234917888,169345024,10801152,1060864,19681280,1,systemd,S (sleeping),learner-attacker.bnsdq.ozxfs.igokp-owcwb.kvugl,1.4245997487965758,0
1759296360,37616,1,101,101,101,101,102,102,102,102,16568320,16568320,6123520,135168,630784,1,systemd-network,S (sleeping),learner-attacker.bnsdq.ozxfs.igokp-owcwb.kvugl,1.257538487374106,0
1759296360,3277,1,N/A,N/A,N/A,N/A,N/A,N/A,N/A,N/A,1953140736,1921835008,46366720,135168,178851840,13,discern-network,S (sleeping),learner-attacker.bnsdq.ozxfs.igokp-owcwb.kvugl,0.3314501595619255,0
1759296360,140,2,N/A,N/A,N/A,N/A,N/A,N/A,N/A,N/A,N/A,N/A,N/A,N/A,N/A,1,jbd2/vda2-8,S (sleeping),learner-attacker.bnsdq.ozxfs.igokp-owcwb.kvugl,0.28262161185739515,0
1759296365,32255,1,N/A,N/A,N/A,N/A,N/A,N/A,N/A,N/A,1264619520,1264619520,16986112,135168,45826048,4,discern-proc-so,S (sleeping),learner-attacker.bnsdq.ozxfs.igokp-owcwb.kvugl,2.4173307910308948,0
1759296365,1,N/A,N/A,N/A,N/A,N/A,N/A,N/A,N/A,N/A,234917888,169345024,10801152,1060864,19681280,1,systemd,S (sleeping),learner-attacker.bnsdq.ozxfs.igokp-owcwb.kvugl,1.423591504317966,0
1759296365,37679,1,101,101,101,101,102,102,102,102,16568320,16568320,6115328,135168,630784,1,systemd-network,S (sleeping),learner-attacker.bnsdq.ozxfs.igokp-owcwb.kvugl,1.1907508307762866,0
1759296365,3277,1,N/A,N/A,N/A,N/A,N/A,N/A,N/A,N/A,1953140736,1921835008,46366720,135168,178851840,13,discern-network,S (sleeping),learner-attacker.bnsdq.ozxfs.igokp-owcwb.kvugl,0.33160243556593216,0
1759296365,140,2,N/A,N/A,N/A,N/A,N/A,N/A,N/A,N/A,N/A,N/A,N/A,N/A,N/A,1,jbd2/vda2-8,S (sleeping),learner-attacker.bnsdq.ozxfs.igokp-owcwb.kvugl,0.28242511182550667,0
1759296365,58858,58857,1001,1001,1001,1001,1001,1001,1001,1001,247201792,180092928,20631552,135168,28295168,3,server.py,R (running),learner-attacker.bnsdq.ozxfs.igokp-owcwb.kvugl,92.28165197813419,1
1759296365,57651,1,N/A,N/A,N/A,N/A,N/A,N/A,N/A,N/A,1264619520,1264619520,16855040,135168,45826048,4,discern-proc-so,S (sleeping),learner-attacker.bnsdq.ozxfs.igokp-owcwb.kvugl,2.403028439686643,1
1759296365,1,N/A,N/A,N/A,N/A,N/A,N/A,N/A,N/A,N/A,234807296,169234432,10608640,1056768,19574784,1,systemd,S (sleeping),learner-attacker.bnsdq.ozxfs.igokp-owcwb.kvugl,1.2568689400229434,1
1759296365,59483,1,101,101,101,101,102,102,102,102,16568320,16560128,7421952,135168,622592,1,systemd-network,S (sleeping),learner-attacker.bnsdq.ozxfs.igokp-owcwb.kvugl,0.9621066243544487,1
1759296365,3353,1,N/A,N/A,N/A,N/A,N/A,N/A,N/A,N/A,1931411456,1931411456,59691008,135168,196419584,14,discern-network,S (sleeping),learner-attacker.bnsdq.ozxfs.igokp-owcwb.kvugl,0.4273821801627247,1
1759296370,32255,1,N/A,N/A,N/A,N/A,N/A,N/A,N/A,N/A,1264619520,1264619520,16986112,135168,45826048,4,discern-proc-so,S (sleeping),learner-attacker.bnsdq.ozxfs.igokp-owcwb.kvugl,2.404646524281897,0
1759296370,1,N/A,N/A,N/A,N/A,N/A,N/A,N/A,N/A,N/A,234917888,169345024,10801152,1060864,19681280,1,systemd,S (sleeping),learner-attacker.bnsdq.ozxfs.igokp-owcwb.kvugl,1.4216911931304785,0
1759296370,37734,1,101,101,101,101,102,102,102,102,16568320,16568320,6041600,135168,630784,1,systemd-network,S (sleeping),learner-attacker.bnsdq.ozxfs.igokp-owcwb.kvugl,0.7212993093371576,0
1759296370,3277,1,N/A,N/A,N/A,N/A,N/A,N/A,N/A,N/A,1953140736,1921835008,46366720,135168,178851840,13,discern-network,S (sleeping),learner-attacker.bnsdq.ozxfs.igokp-owcwb.kvugl,0.331268303148206,0
1759296370,140,2,N/A,N/A,N/A,N/A,N/A,N/A,N/A,N/A,N/A,N/A,N/A,N/A,N/A,1,jbd2/vda2-8,S (sleeping),learner-attacker.bnsdq.ozxfs.igokp-owcwb.kvugl,0.2817817429827429,0
1759296370,58858,58857,1001,1001,1001,1001,1001,1001,1001,1001,247201792,180092928,20631552,135168,28295168,3,server.py,R (running),learner-attacker.bnsdq.ozxfs.igokp-owcwb.kvugl,92.57667142421651,1
1759296370,57651,1,N/A,N/A,N/A,N/A,N/A,N/A,N/A,N/A,1264619520,1264619520,16855040,135168,45826048,4,discern-proc-so,R (running),learner-attacker.bnsdq.ozxfs.igokp-owcwb.kvugl,2.378444225914409,1
1759296370,1,N/A,N/A,N/A,N/A,N/A,N/A,N/A,N/A,N/A,234807296,169222144,10608640,1056768,19562496,1,systemd,S (sleeping),learner-attacker.bnsdq.ozxfs.igokp-owcwb.kvugl,1.2559173783794573,1
1759296370,59536,1,101,101,101,101,102,102,102,102,16568320,16560128,7262208,135168,622592,1,systemd-network,S (sleeping),learner-attacker.bnsdq.ozxfs.igokp-owcwb.kvugl,0.917634330522849,1
1759296370,3353,1,N/A,N/A,N/A,N/A,N/A,N/A,N/A,N/A,1931411456,1931411456,59691008,135168,196419584,14,discern-network,S (sleeping),learner-attacker.bnsdq.ozxfs.igokp-owcwb.kvugl,0.42703579390060664,1
1759296375,32255,1,N/A,N/A,N/A,N/A,N/A,N/A,N/A,N/A,1264619520,1264619520,16986112,135168,45826048,4,discern-proc-so,S (sleeping),learner-attacker.bnsdq.ozxfs.igokp-owcwb.kvugl,2.4015331832271625,0
1759296375,1,N/A,N/A,N/A,N/A,N/A,N/A,N/A,N/A,N/A,234917888,169345024,10801152,1060864,19681280,1,systemd,S (sleeping),learner-attacker.bnsdq.ozxfs.igokp-owcwb.kvugl,1.4220106714735183,0
1759296375,37778,1,1001,1001,1001,1001,1001,1001,1001,1001,15413248,15413248,8327168,135168,630784,1,systemd,S (sleeping),learner-attacker.bnsdq.ozxfs.igokp-owcwb.kvugl,1.035884864147279,0
1759296375,37823,1,101,101,101,101,102,102,102,102,16568320,16568320,7315456,135168,630784,1,systemd-network,S (sleeping),learner-attacker.bnsdq.ozxfs.igokp-owcwb.kvugl,0.6905672228808022,0
1759296375,37783,2,N/A,N/A,N/A,N/A,N/A,N/A,N/A,N/A,N/A,N/A,N/A,N/A,N/A,1,kworker/u2,I (idle),learner-attacker.bnsdq.ozxfs.igokp-owcwb.kvugl,0.34527131163304176,0
1759296375,58858,58857,1001,1001,1001,1001,1001,1001,1001,1001,247201792,180092928,20631552,135168,28295168,3,server.py,R (running),learner-attacker.bnsdq.ozxfs.igokp-owcwb.kvugl,92.71970879852992,1
1759296375,57651,1,N/A,N/A,N/A,N/A,N/A,N/A,N/A,N/A,1264619520,1264619520,16855040,135168,45826048,4,discern-proc-so,R (running),learner-attacker.bnsdq.ozxfs.igokp-owcwb.kvugl,2.369088186267593,1
1759296375,1,N/A,N/A,N/A,N/A,N/A,N/A,N/A,N/A,N/A,234807296,169222144,10608640,1056768,19562496,1,systemd,S (sleeping),learner-attacker.bnsdq.ozxfs.igokp-owcwb.kvugl,1.255504237958055,1
1759296375,59601,1,101,101,101,101,102,102,102,102,16568320,16560128,7430144,135168,622592,1,systemd-network,S (sleeping),learner-attacker.bnsdq.ozxfs.igokp-owcwb.kvugl,0.8644417807035959,1
1759296375,3353,1,N/A,N/A,N/A,N/A,N/A,N/A,N/A,N/A,1931411456,1931411456,59691008,135168,196419584,14,discern-network,S (sleeping),learner-attacker.bnsdq.ozxfs.igokp-owcwb.kvugl,0.42668913548036635,1
1759296380,58858,58857,1001,1001,1001,1001,1001,1001,1001,1001,247201792,180092928,20631552,135168,28295168,3,server.py,R (running),learner-attacker.bnsdq.ozxfs.igokp-owcwb.kvugl,92.91878283382636,1
1759296380,57651,1,N/A,N/A,N/A,N/A,N/A,N/A,N/A,N/A,1264619520,1264619520,16855040,135168,45826048,4,discern-proc-so,R (running),learner-attacker.bnsdq.ozxfs.igokp-owcwb.kvugl,2.3473728474684146,1
1759296380,1,N/A,N/A,N/A,N/A,N/A,N/A,N/A,N/A,N/A,234807296,169500672,10608640,1056768,19841024,1,systemd,S (sleeping),learner-attacker.bnsdq.ozxfs.igokp-owcwb.kvugl,1.2548270475878616,1
1759296380,59656,1,101,101,101,101,102,102,102,102,16568320,16560128,7380992,135168,622592,1,systemd-network,S (sleeping),learner-attacker.bnsdq.ozxfs.igokp-owcwb.kvugl,0.6438530913344873,1
1759296380,3353,1,N/A,N/A,N/A,N/A,N/A,N/A,N/A,N/A,1931411456,1931411456,59691008,135168,196419584,14,discern-network,S (sleeping),learner-attacker.bnsdq.ozxfs.igokp-owcwb.kvugl,0.42634496865185095,1
1759296381,32255,1,N/A,N/A,N/A,N/A,N/A,N/A,N/A,N/A,1264619520,1264619520,16986112,135168,45826048,4,discern-proc-so,S (sleeping),learner-attacker.bnsdq.ozxfs.igokp-owcwb.kvugl,2.407566606758751,0
1759296381,1,N/A,N/A,N/A,N/A,N/A,N/A,N/A,N/A,N/A,234917888,169500672,10801152,1060864,19836928,1,systemd,S (sleeping),learner-attacker.bnsdq.ozxfs.igokp-owcwb.kvugl,1.42096522379978,0
1759296381,37878,1,101,101,101,101,102,102,102,102,16568320,16568320,7340032,135168,630784,1,systemd-network,S (sleeping),learner-attacker.bnsdq.ozxfs.igokp-owcwb.kvugl,0.49208737440334305,0
1759296381,37778,1,1001,1001,1001,1001,1001,1001,1001,1001,15413248,15413248,8327168,135168,630784,1,systemd,S (sleeping),learner-attacker.bnsdq.ozxfs.igokp-owcwb.kvugl,0.3720011332315161,0
1759296381,3277,1,N/A,N/A,N/A,N/A,N/A,N/A,N/A,N/A,1953140736,1921835008,46366720,135168,178851840,13,discern-network,S (sleeping),learner-attacker.bnsdq.ozxfs.igokp-owcwb.kvugl,0.3305881378461455,0
1759296385,58858,58857,1001,1001,1001,1001,1001,1001,1001,1001,247201792,180092928,20631552,135168,28295168,3,server.py,R (running),learner-attacker.bnsdq.ozxfs.igokp-owcwb.kvugl,93.04314578204836,1
1759296385,57651,1,N/A,N/A,N/A,N/A,N/A,N/A,N/A,N/A,1264619520,1264619520,16855040,135168,45826048,4,discern-proc-so,S (sleeping),learner-attacker.bnsdq.ozxfs.igokp-owcwb.kvugl,2.339663358785739,1
1759296385,1,N/A,N/A,N/A,N/A,N/A,N/A,N/A,N/A,N/A,234807296,169213952,10608640,1056768,19554304,1,systemd,S (sleeping),learner-attacker.bnsdq.ozxfs.igokp-owcwb.kvugl,1.2538787768127342,1
1759296385,3353,1,N/A,N/A,N/A,N/A,N/A,N/A,N/A,N/A,1931411456,1931411456,59691008,135168,196419584,14,discern-network,S (sleeping),learner-attacker.bnsdq.ozxfs.igokp-owcwb.kvugl,0.42628347204325334,1
1759296385,59721,1,101,101,101,101,102,102,102,102,16568320,16560128,7241728,135168,622592,1,systemd-network,S (sleeping),learner-attacker.bnsdq.ozxfs.igokp-owcwb.kvugl,0.41147801149449714,1
1759296386,32255,1,N/A,N/A,N/A,N/A,N/A,N/A,N/A,N/A,1264619520,1264619520,16986112,135168,45826048,4,discern-proc-so,S (sleeping),learner-attacker.bnsdq.ozxfs.igokp-owcwb.kvugl,2.411251481723354,0
1759296386,1,N/A,N/A,N/A,N/A,N/A,N/A,N/A,N/A,N/A,234917888,169242624,10801152,1060864,19578880,1,systemd,S (sleeping),learner-attacker.bnsdq.ozxfs.igokp-owcwb.kvugl,1.4217118624799334,0
1759296386,37942,1,101,101,101,101,102,102,102,102,16568320,16568320,6119424,135168,630784,1,systemd-network,S (sleeping),learner-attacker.bnsdq.ozxfs.igokp-owcwb.kvugl,0.4745462445221564,0
1759296386,3277,1,N/A,N/A,N/A,N/A,N/A,N/A,N/A,N/A,1953140736,1921835008,46366720,135168,178851840,13,discern-network,S (sleeping),learner-attacker.bnsdq.ozxfs.igokp-owcwb.kvugl,0.3307313477495885,0
1759296386,140,2,N/A,N/A,N/A,N/A,N/A,N/A,N/A,N/A,N/A,N/A,N/A,N/A,N/A,1,jbd2/vda2-8,S (sleeping),learner-attacker.bnsdq.ozxfs.igokp-owcwb.kvugl,0.28029311888303665,0
1759296391,32255,1,N/A,N/A,N/A,N/A,N/A,N/A,N/A,N/A,1264619520,1264619520,16986112,135168,45826048,4,discern-proc-so,S (sleeping),learner-attacker.bnsdq.ozxfs.igokp-owcwb.kvugl,2.417031788606639,0
1759296391,1,N/A,N/A,N/A,N/A,N/A,N/A,N/A,N/A,N/A,234917888,169209856,10801152,1060864,19546112,1,systemd,S (sleeping),learner-attacker.bnsdq.ozxfs.igokp-owcwb.kvugl,1.4220012416978127,0
1759296391,37997,1,101,101,101,101,102,102,102,102,16568320,16568320,6103040,135168,630784,1,systemd-network,S (sleeping),learner-attacker.bnsdq.ozxfs.igokp-owcwb.kvugl,0.3716023222855329,0
1759296391,3277,1,N/A,N/A,N/A,N/A,N/A,N/A,N/A,N/A,1953140736,1921835008,46366720,135168,178851840,13,discern-network,S (sleeping),learner-attacker.bnsdq.ozxfs.igokp-owcwb.kvugl,0.33087105781703996,0
1759296391,140,2,N/A,N/A,N/A,N/A,N/A,N/A,N/A,N/A,N/A,N/A,N/A,N/A,N/A,1,jbd2/vda2-8,S (sleeping),learner-attacker.bnsdq.ozxfs.igokp-owcwb.kvugl,0.2796511934889294,0
1759296391,58858,58857,1001,1001,1001,1001,1001,1001,1001,1001,247201792,180092928,20631552,135168,28295168,3,server.py,R (running),learner-attacker.bnsdq.ozxfs.igokp-owcwb.kvugl,93.18116002720295,1
1759296391,57651,1,N/A,N/A,N/A,N/A,N/A,N/A,N/A,N/A,1264619520,1264619520,16855040,135168,45826048,4,discern-proc-so,S (sleeping),learner-attacker.bnsdq.ozxfs.igokp-owcwb.kvugl,2.320305195171341,1
1759296391,1,N/A,N/A,N/A,N/A,N/A,N/A,N/A,N/A,N/A,234807296,169484288,10608640,1056768,19824640,1,systemd,S (sleeping),learner-attacker.bnsdq.ozxfs.igokp-owcwb.kvugl,1.2532062406968134,1
1759296391,3353,1,N/A,N/A,N/A,N/A,N/A,N/A,N/A,N/A,1931411456,1931411456,59691008,135168,196419584,14,discern-network,S (sleeping),learner-attacker.bnsdq.ozxfs.igokp-owcwb.kvugl,0.42594106776441903,1
1759296391,59773,1,101,101,101,101,102,102,102,102,16568320,16560128,7290880,135168,622592,1,systemd-network,S (sleeping),learner-attacker.bnsdq.ozxfs.igokp-owcwb.kvugl,0.33066530110715053,1
1759296396,32255,1,N/A,N/A,N/A,N/A,N/A,N/A,N/A,N/A,1264619520,1264619520,16986112,135168,45826048,4,discern-proc-so,S (sleeping),learner-attacker.bnsdq.ozxfs.igokp-owcwb.kvugl,2.420526768615891,0
1759296396,1,N/A,N/A,N/A,N/A,N/A,N/A,N/A,N/A,N/A,234917888,169209856,10801152,1060864,19546112,1,systemd,S (sleeping),learner-attacker.bnsdq.ozxfs.igokp-owcwb.kvugl,1.4214167142152758,0
1759296396,38061,1,101,101,101,101,102,102,102,102,16568320,16568320,6242304,135168,630784,1,systemd-network,S (sleeping),learner-attacker.bnsdq.ozxfs.igokp-owcwb.kvugl,0.44135173142568906,0
1759296396,3277,1,N/A,N/A,N/A,N/A,N/A,N/A,N/A,N/A,1953140736,1921835008,46366720,135168,178851840,13,discern-network,S (sleeping),learner-attacker.bnsdq.ozxfs.igokp-owcwb.kvugl,0.3310129482278154,0
1759296396,140,2,N/A,N/A,N/A,N/A,N/A,N/A,N/A,N/A,N/A,N/A,N/A,N/A,N/A,1,jbd2/vda2-8,S (sleeping),learner-attacker.bnsdq.ozxfs.igokp-owcwb.kvugl,0.27901443730923003,0
1759296396,58858,58857,1001,1001,1001,1001,1001,1001,1001,1001,247201792,180092928,20631552,135168,28295168,3,server.py,R (running),learner-attacker.bnsdq.ozxfs.igokp-owcwb.kvugl,93.16679405185498,1
1759296396,57651,1,N/A,N/A,N/A,N/A,N/A,N/A,N/A,N/A,1264619520,1264619520,16855040,135168,45826048,4,discern-proc-so,S (sleeping),learner-attacker.bnsdq.ozxfs.igokp-owcwb.kvugl,2.308011756402883,1
1759296396,59890,1,101,101,101,101,102,102,102,102,16568320,16560128,7290880,135168,622592,1,systemd-network,S (sleeping),learner-attacker.bnsdq.ozxfs.igokp-owcwb.kvugl,1.6079819581208332,1
1759296396,1,N/A,N/A,N/A,N/A,N/A,N/A,N/A,N/A,N/A,234807296,169246720,10608640,1056768,19587072,1,systemd,S (sleeping),learner-attacker.bnsdq.ozxfs.igokp-owcwb.kvugl,1.2528008395999726,1
1759296396,3353,1,N/A,N/A,N/A,N/A,N/A,N/A,N/A,N/A,1931411456,1931411456,59691008,135168,196419584,14,discern-network,S (sleeping),learner-attacker.bnsdq.ozxfs.igokp-owcwb.kvugl,0.4258808830358208,1
1759296401,32255,1,N/A,N/A,N/A,N/A,N/A,N/A,N/A,N/A,1264619520,1264619520,16986112,135168,45826048,4,discern-proc-so,S (sleeping),learner-attacker.bnsdq.ozxfs.igokp-owcwb.kvugl,2.426067666935646,0
1759296401,1,N/A,N/A,N/A,N/A,N/A,N/A,N/A,N/A,N/A,234917888,169480192,10801152,1060864,19816448,1,systemd,S (sleeping),learner-attacker.bnsdq.ozxfs.igokp-owcwb.kvugl,1.422587309742391,0
1759296401,38115,1,101,101,101,101,102,102,102,102,16568320,16568320,6217728,135168,630784,1,systemd-network,S (sleeping),learner-attacker.bnsdq.ozxfs.igokp-owcwb.kvugl,0.35092413788978516,0
1759296401,3277,1,N/A,N/A,N/A,N/A,N/A,N/A,N/A,N/A,1953140736,1921835008,46366720,135168,178851840,13,discern-network,S (sleeping),learner-attacker.bnsdq.ozxfs.igokp-owcwb.kvugl,0.33115124817622404,0
1759296401,140,2,N/A,N/A,N/A,N/A,N/A,N/A,N/A,N/A,N/A,N/A,N/A,N/A,N/A,1,jbd2/vda2-8,S (sleeping),learner-attacker.bnsdq.ozxfs.igokp-owcwb.kvugl,0.27837832492070436,0
1759296401,58858,58857,1001,1001,1001,1001,1001,1001,1001,1001,247201792,180092928,20631552,135168,28295168,3,server.py,R (running),learner-attacker.bnsdq.ozxfs.igokp-owcwb.kvugl,93.24787631961615,1
1759296401,57651,1,N/A,N/A,N/A,N/A,N/A,N/A,N/A,N/A,1264619520,1264619520,16855040,135168,45826048,4,discern-proc-so,R (running),learner-attacker.bnsdq.ozxfs.igokp-owcwb.kvugl,2.3022602372417675,1
1759296401,59955,1,101,101,101,101,102,102,102,102,16568320,16560128,7344128,135168,622592,1,systemd-network,S (sleeping),learner-attacker.bnsdq.ozxfs.igokp-owcwb.kvugl,1.3894118490358258,1
1759296401,1,N/A,N/A,N/A,N/A,N/A,N/A,N/A,N/A,N/A,234807296,169246720,10608640,1056768,19587072,1,systemd,S (sleeping),learner-attacker.bnsdq.ozxfs.igokp-owcwb.kvugl,1.2521289021841995,1
1759296401,3353,1,N/A,N/A,N/A,N/A,N/A,N/A,N/A,N/A,1931411456,1931411456,59691008,135168,196419584,14,discern-network,S (sleeping),learner-attacker.bnsdq.ozxfs.igokp-owcwb.kvugl,0.42582092440052927,1
1759296406,32255,1,N/A,N/A,N/A,N/A,N/A,N/A,N/A,N/A,1264619520,1264619520,16986112,135168,45826048,4,discern-proc-so,S (sleeping),learner-attacker.bnsdq.ozxfs.igokp-owcwb.kvugl,2.4293768164065326,0
1759296406,1,N/A,N/A,N/A,N/A,N/A,N/A,N/A,N/A,N/A,234917888,169480192,10801152,1060864,19816448,1,systemd,S (sleeping),learner-attacker.bnsdq.ozxfs.igokp-owcwb.kvugl,1.4228836312654978,0
1759296406,38233,1,101,101,101,101,102,102,102,102,16568320,16568320,6078464,135168,630784,1,systemd-network,S (sleeping),learner-attacker.bnsdq.ozxfs.igokp-owcwb.kvugl,1.0814619386551563,0
1759296406,3277,1,N/A,N/A,N/A,N/A,N/A,N/A,N/A,N/A,1953140736,1921835008,46366720,135168,178851840,13,discern-network,S (sleeping),learner-attacker.bnsdq.ozxfs.igokp-owcwb.kvugl,0.33129164827055246,0
1759296406,337,1,103,103,103,103,109,109,109,109,95170560,95170560,89169920,135168,87441408,1,dbus-daemon,S (sleeping),learner-attacker.bnsdq.ozxfs.igokp-owcwb.kvugl,0.278873110046522,0
1759296406,58858,58857,1001,1001,1001,1001,1001,1001,1001,1001,247201792,180092928,20631552,135168,28295168,3,server.py,R (running),learner-attacker.bnsdq.ozxfs.igokp-owcwb.kvugl,93.34711780097622,1
1759296406,57651,1,N/A,N/A,N/A,N/A,N/A,N/A,N/A,N/A,1264619520,1264619520,16855040,135168,45826048,4,discern-proc-so,S (sleeping),learner-attacker.bnsdq.ozxfs.igokp-owcwb.kvugl,2.296774396477049,1
1759296406,1,N/A,N/A,N/A,N/A,N/A,N/A,N/A,N/A,N/A,234807296,169500672,10608640,1056768,19841024,1,systemd,S (sleeping),learner-attacker.bnsdq.ozxfs.igokp-owcwb.kvugl,1.2514571214065797,1
1759296406,60008,1,101,101,101,101,102,102,102,102,16568320,16560128,7290880,135168,622592,1,systemd-network,S (sleeping),learner-attacker.bnsdq.ozxfs.igokp-owcwb.kvugl,1.135934531500745,1
1759296406,3353,1,N/A,N/A,N/A,N/A,N/A,N/A,N/A,N/A,1931411456,1931411456,59691008,135168,196419584,14,discern-network,S (sleeping),learner-attacker.bnsdq.ozxfs.igokp-owcwb.kvugl,0.4254790836628003,1
1759296411,32255,1,N/A,N/A,N/A,N/A,N/A,N/A,N/A,N/A,1264619520,1264619520,16986112,135168,45826048,4,discern-proc-so,S (sleeping),learner-attacker.bnsdq.ozxfs.igokp-owcwb.kvugl,2.4282634221293327,0
1759296411,58858,58857,1001,1001,1001,1001,1001,1001,1001,1001,247201792,180092928,20631552,135168,28295168,3,server.py,R (running),learner-attacker.bnsdq.ozxfs.igokp-owcwb.kvugl,93.38668440168189,1
1759296411,57651,1,N/A,N/A,N/A,N/A,N/A,N/A,N/A,N/A,1264619520,1264619520,16855040,135168,45826048,4,discern-proc-so,S (sleeping),learner-attacker.bnsdq.ozxfs.igokp-owcwb.kvugl,2.2861734650455086,1
1759296411,1,N/A,N/A,N/A,N/A,N/A,N/A,N/A,N/A,N/A,234807296,169242624,10608640,1056768,19582976,1,systemd,S (sleeping),learner-attacker.bnsdq.ozxfs.igokp-owcwb.kvugl,1.2510552677302587,1
1759296411,60073,1,101,101,101,101,102,102,102,102,16568320,16560128,7393280,135168,622592,1,systemd-network,S (sleeping),learner-attacker.bnsdq.ozxfs.igokp-owcwb.kvugl,1.0567732419956706,1
1759296411,3353,1,N/A,N/A,N/A,N/A,N/A,N/A,N/A,N/A,1931411456,1931411456,59691008,135168,196419584,14,discern-network,S (sleeping),learner-attacker.bnsdq.ozxfs.igokp-owcwb.kvugl,0.42513864411137553,1
1759296412,1,N/A,N/A,N/A,N/A,N/A,N/A,N/A,N/A,N/A,234917888,169480192,10801152,1060864,19816448,1,systemd,S (sleeping),learner-attacker.bnsdq.ozxfs.igokp-owcwb.kvugl,1.4231784637973208,0
1759296412,38297,1,101,101,101,101,102,102,102,102,16568320,16568320,6250496,135168,630784,1,systemd-network,S (sleeping),learner-attacker.bnsdq.ozxfs.igokp-owcwb.kvugl,1.0001411714265587,0
1759296412,3277,1,N/A,N/A,N/A,N/A,N/A,N/A,N/A,N/A,1953140736,1921835008,46366720,135168,178851840,13,discern-network,S (sleeping),learner-attacker.bnsdq.ozxfs.igokp-owcwb.kvugl,0.3314313175564872,0
1759296412,337,1,103,103,103,103,109,109,109,109,95170560,95170560,89440256,135168,87441408,1,dbus-daemon,S (sleeping),learner-attacker.bnsdq.ozxfs.igokp-owcwb.kvugl,0.27868132774477045,0
1759296417,32255,1,N/A,N/A,N/A,N/A,N/A,N/A,N/A,N/A,1264619520,1264619520,16986112,135168,45826048,4,discern-proc-so,S (sleeping),learner-attacker.bnsdq.ozxfs.igokp-owcwb.kvugl,2.4293797784428115,0
1759296417,1,N/A,N/A,N/A,N/A,N/A,N/A,N/A,N/A,N/A,234917888,169480192,10801152,1060864,19816448,1,systemd,S (sleeping),learner-attacker.bnsdq.ozxfs.igokp-owcwb.kvugl,1.423478527911467,0
1759296417,38352,1,101,101,101,101,102,102,102,102,16568320,16568320,6062080,135168,630784,1,systemd-network,S (sleeping),learner-attacker.bnsdq.ozxfs.igokp-owcwb.kvugl,0.6370299620595912,0
1759296417,3277,1,N/A,N/A,N/A,N/A,N/A,N/A,N/A,N/A,1953140736,1921835008,46366720,135168,178851840,13,discern-network,S (sleeping),learner-attacker.bnsdq.ozxfs.igokp-owcwb.kvugl,0.33109760570436425,0
1759296417,337,1,103,103,103,103,109,109,109,109,95440896,95440896,89710592,135168,87711744,1,dbus-daemon,S (sleeping),learner-attacker.bnsdq.ozxfs.igokp-owcwb.kvugl,0.27893026116117214,0
1759296417,58858,58857,1001,1001,1001,1001,1001,1001,1001,1001,247201792,180092928,20631552,135168,28295168,3,server.py,R (running),learner-attacker.bnsdq.ozxfs.igokp-owcwb.kvugl,93.5007478819753,1
1759296417,57651,1,N/A,N/A,N/A,N/A,N/A,N/A,N/A,N/A,1264619520,1264619520,16855040,135168,45826048,4,discern-proc-so,S (sleeping),learner-attacker.bnsdq.ozxfs.igokp-owcwb.kvugl,2.270961076807977,1
1759296417,1,N/A,N/A,N/A,N/A,N/A,N/A,N/A,N/A,N/A,234807296,169242624,10608640,1056768,19582976,1,systemd,S (sleeping),learner-attacker.bnsdq.ozxfs.igokp-owcwb.kvugl,1.250124530974821,1
1759296417,60126,1,101,101,101,101,102,102,102,102,16568320,16560128,7303168,135168,622592,1,systemd-network,S (sleeping),learner-attacker.bnsdq.ozxfs.igokp-owcwb.kvugl,0.7450292255408163,1
1759296417,3353,1,N/A,N/A,N/A,N/A,N/A,N/A,N/A,N/A,1931411456,1931411456,59691008,135168,196419584,14,discern-network,S (sleeping),learner-attacker.bnsdq.ozxfs.igokp-owcwb.kvugl,0.42480038679795223,1
1759296422,32255,1,N/A,N/A,N/A,N/A,N/A,N/A,N/A,N/A,1264619520,1264619520,16986112,135168,45826048,4,discern-proc-so,S (sleeping),learner-attacker.bnsdq.ozxfs.igokp-owcwb.kvugl,2.4304146324885183,0
1759296422,1,N/A,N/A,N/A,N/A,N/A,N/A,N/A,N/A,N/A,234917888,169209856,10801152,1060864,19546112,1,systemd,S (sleeping),learner-attacker.bnsdq.ozxfs.igokp-owcwb.kvugl,1.4242074591139966,0
1759296422,38407,1,101,101,101,101,102,102,102,102,16568320,16568320,6201344,135168,630784,1,systemd-network,S (sleeping),learner-attacker.bnsdq.ozxfs.igokp-owcwb.kvugl,0.6078447311012573,0
1759296422,3277,1,N/A,N/A,N/A,N/A,N/A,N/A,N/A,N/A,1953140736,1921835008,46366720,135168,178851840,13,discern-network,S (sleeping),learner-attacker.bnsdq.ozxfs.igokp-owcwb.kvugl,0.3312370118319765,0
1759296422,337,1,103,103,103,103,109,109,109,109,95576064,95576064,89710592,135168,87846912,1,dbus-daemon,S (sleeping),learner-attacker.bnsdq.ozxfs.igokp-owcwb.kvugl,0.27873917962432326,0
1759296422,58858,58857,1001,1001,1001,1001,1001,1001,1001,1001,247201792,180092928,20631552,135168,28295168,3,server.py,R (running),learner-attacker.bnsdq.ozxfs.igokp-owcwb.kvugl,93.53249632263642,1
1759296422,57651,1,N/A,N/A,N/A,N/A,N/A,N/A,N/A,N/A,1264619520,1264619520,16855040,135168,45826048,4,discern-proc-so,S (sleeping),learner-attacker.bnsdq.ozxfs.igokp-owcwb.kvugl,2.2664693209687057,1
1759296422,1,N/A,N/A,N/A,N/A,N/A,N/A,N/A,N/A,N/A,234807296,169242624,10608640,1056768,19582976,1,systemd,S (sleeping),learner-attacker.bnsdq.ozxfs.igokp-owcwb.kvugl,1.2494499672841937,1
1759296422,60191,1,101,101,101,101,102,102,102,102,16568320,16560128,7294976,135168,622592,1,systemd-network,S (sleeping),learner-attacker.bnsdq.ozxfs.igokp-owcwb.kvugl,0.4703092335814886,1
1759296422,3353,1,N/A,N/A,N/A,N/A,N/A,N/A,N/A,N/A,1931411456,1931411456,59691008,135168,196419584,14,discern-network,S (sleeping),learner-attacker.bnsdq.ozxfs.igokp-owcwb.kvugl,0.42473875534791133,1
1759296427,32255,1,N/A,N/A,N/A,N/A,N/A,N/A,N/A,N/A,1264619520,1264619520,16986112,135168,45826048,4,discern-proc-so,S (sleeping),learner-attacker.bnsdq.ozxfs.igokp-owcwb.kvugl,2.4355306136530626,0
1759296427,1,N/A,N/A,N/A,N/A,N/A,N/A,N/A,N/A,N/A,234917888,169213952,10801152,1060864,19550208,1,systemd,S (sleeping),learner-attacker.bnsdq.ozxfs.igokp-owcwb.kvugl,1.4236125037889449,0
1759296427,38467,1,101,101,101,101,102,102,102,102,16568320,16568320,6246400,135168,630784,1,systemd-network,S (sleeping),learner-attacker.bnsdq.ozxfs.igokp-owcwb.kvugl,0.4483030225307736,0
1759296427,3277,1,N/A,N/A,N/A,N/A,N/A,N/A,N/A,N/A,1953140736,1921835008,46366720,135168,178851840,13,discern-network,S (sleeping),learner-attacker.bnsdq.ozxfs.igokp-owcwb.kvugl,0.330900535570569,0
1759296427,337,1,103,103,103,103,109,109,109,109,95711232,95711232,89980928,135168,87982080,1,dbus-daemon,S (sleeping),learner-attacker.bnsdq.ozxfs.igokp-owcwb.kvugl,0.27854648945649757,0
1759296427,58858,58857,1001,1001,1001,1001,1001,1001,1001,1001,247201792,180092928,20631552,135168,28295168,3,server.py,R (running),learner-attacker.bnsdq.ozxfs.igokp-owcwb.kvugl,93.6055981954337,1
1759296427,57651,1,N/A,N/A,N/A,N/A,N/A,N/A,N/A,N/A,1264619520,1264619520,16855040,135168,45826048,4,discern-proc-so,S (sleeping),learner-attacker.bnsdq.ozxfs.igokp-owcwb.kvugl,2.2576567612648293,1
1759296427,1,N/A,N/A,N/A,N/A,N/A,N/A,N/A,N/A,N/A,234807296,169222144,10608640,1056768,19562496,1,systemd,S (sleeping),learner-attacker.bnsdq.ozxfs.igokp-owcwb.kvugl,1.2487913259066301,1
1759296427,60243,1,101,101,101,101,102,102,102,102,16568320,16560128,7376896,135168,622592,1,systemd-network,S (sleeping),learner-attacker.bnsdq.ozxfs.igokp-owcwb.kvugl,0.5518364824005445,1
1759296427,3353,1,N/A,N/A,N/A,N/A,N/A,N/A,N/A,N/A,1931411456,1931411456,59691008,135168,196419584,14,discern-network,S (sleeping),learner-attacker.bnsdq.ozxfs.igokp-owcwb.kvugl,0.4246823128591406,1
1759296432,32255,1,N/A,N/A,N/A,N/A,N/A,N/A,N/A,N/A,1264619520,1264619520,16986112,135168,45826048,4,discern-proc-so,S (sleeping),learner-attacker.bnsdq.ozxfs.igokp-owcwb.kvugl,2.4385601623597974,0
1759296432,1,N/A,N/A,N/A,N/A,N/A,N/A,N/A,N/A,N/A,234917888,169213952,10801152,1060864,19550208,1,systemd,S (sleeping),learner-attacker.bnsdq.ozxfs.igokp-owcwb.kvugl,1.424338075545024,0
1759296432,38533,1,101,101,101,101,102,102,102,102,16568320,16568320,6127616,135168,630784,1,systemd-network,S (sleeping),learner-attacker.bnsdq.ozxfs.igokp-owcwb.kvugl,0.5537573414940228,0
1759296432,3277,1,N/A,N/A,N/A,N/A,N/A,N/A,N/A,N/A,1953140736,1921835008,46366720,135168,178851840,13,discern-network,S (sleeping),learner-attacker.bnsdq.ozxfs.igokp-owcwb.kvugl,0.3310397759439473,0
1759296432,337,1,103,103,103,103,109,109,109,109,95846400,95846400,89980928,135168,88117248,1,dbus-daemon,S (sleeping),learner-attacker.bnsdq.ozxfs.igokp-owcwb.kvugl,0.2783571434083583,0
1759296432,58858,58857,1001,1001,1001,1001,1001,1001,1001,1001,247201792,180092928,20631552,135168,28295168,3,server.py,R (running),learner-attacker.bnsdq.ozxfs.igokp-owcwb.kvugl,93.63419287029134,1
1759296432,57651,1,N/A,N/A,N/A,N/A,N/A,N/A,N/A,N/A,1264619520,1264619520,16855040,135168,45826048,4,discern-proc-so,R (running),learner-attacker.bnsdq.ozxfs.igokp-owcwb.kvugl,2.2535619116768797,1
1759296432,1,N/A,N/A,N/A,N/A,N/A,N/A,N/A,N/A,N/A,234807296,169222144,10608640,1056768,19562496,1,systemd,R (running),learner-attacker.bnsdq.ozxfs.igokp-owcwb.kvugl,1.248115324971618,1
1759296432,3353,1,N/A,N/A,N/A,N/A,N/A,N/A,N/A,N/A,1931411456,1931411456,59691008,135168,196419584,14,discern-network,S (sleeping),learner-attacker.bnsdq.ozxfs.igokp-owcwb.kvugl,0.4240605161340696,1
1759296432,60308,1,101,101,101,101,102,102,102,102,16568320,16560128,7290880,135168,622592,1,systemd-network,S (sleeping),learner-attacker.bnsdq.ozxfs.igokp-owcwb.kvugl,0.3522453124163379,1
1759296437,32255,1,N/A,N/A,N/A,N/A,N/A,N/A,N/A,N/A,1264619520,1264619520,16986112,135168,45826048,4,discern-proc-so,S (sleeping),learner-attacker.bnsdq.ozxfs.igokp-owcwb.kvugl,2.4434843762360448,0
1759296437,1,N/A,N/A,N/A,N/A,N/A,N/A,N/A,N/A,N/A,234917888,169484288,10801152,1060864,19820544,1,systemd,S (sleeping),learner-attacker.bnsdq.ozxfs.igokp-owcwb.kvugl,1.424614075065287,0
1759296437,38588,1,101,101,101,101,102,102,102,102,16568320,16568320,6029312,135168,630784,1,systemd-network,S (sleeping),learner-attacker.bnsdq.ozxfs.igokp-owcwb.kvugl,0.41823966307696814,0
1759296437,3277,1,N/A,N/A,N/A,N/A,N/A,N/A,N/A,N/A,1953140736,1921835008,46366720,135168,178851840,13,discern-network,S (sleeping),learner-attacker.bnsdq.ozxfs.igokp-owcwb.kvugl,0.3307055288112281,0
1759296437,337,1,103,103,103,103,109,109,109,109,96116736,96116736,90251264,135168,88387584,1,dbus-daemon,S (sleeping),learner-attacker.bnsdq.ozxfs.igokp-owcwb.kvugl,0.2786009056060369,0
1759296438,58858,58857,1001,1001,1001,1001,1001,1001,1001,1001,247201792,180092928,20631552,135168,28295168,3,server.py,R (running),learner-attacker.bnsdq.ozxfs.igokp-owcwb.kvugl,93.60327771558093,1
1759296438,60425,1,101,101,101,101,102,102,102,102,16568320,16560128,7360512,135168,622592,1,systemd-network,S (sleeping),learner-attacker.bnsdq.ozxfs.igokp-owcwb.kvugl,2.6736302137967063,1
1759296438,57651,1,N/A,N/A,N/A,N/A,N/A,N/A,N/A,N/A,1264619520,1264619520,16855040,135168,45826048,4,discern-proc-so,R (running),learner-attacker.bnsdq.ozxfs.igokp-owcwb.kvugl,2.257052836819232,1
1759296438,1,N/A,N/A,N/A,N/A,N/A,N/A,N/A,N/A,N/A,234807296,169234432,10608640,1056768,19574784,1,systemd,S (sleeping),learner-attacker.bnsdq.ozxfs.igokp-owcwb.kvugl,1.2479042869481145,1
1759296438,3353,1,N/A,N/A,N/A,N/A,N/A,N/A,N/A,N/A,1931411456,1931411456,59691008,135168,196419584,14,discern-network,S (sleeping),learner-attacker.bnsdq.ozxfs.igokp-owcwb.kvugl,0.4239743164648698,1
1759296442,32255,1,N/A,N/A,N/A,N/A,N/A,N/A,N/A,N/A,1264619520,1264619520,16986112,135168,45826048,4,discern-proc-so,S (sleeping),learner-attacker.bnsdq.ozxfs.igokp-owcwb.kvugl,2.446363821928193,0
1759296442,1,N/A,N/A,N/A,N/A,N/A,N/A,N/A,N/A,N/A,234917888,169484288,10801152,1060864,19820544,1,systemd,S (sleeping),learner-attacker.bnsdq.ozxfs.igokp-owcwb.kvugl,1.4240345140730561,0
1759296442,38652,1,101,101,101,101,102,102,102,102,16568320,16568320,6070272,135168,630784,1,systemd-network,S (sleeping),learner-attacker.bnsdq.ozxfs.igokp-owcwb.kvugl,0.40544125238415624,0
1759296442,3277,1,N/A,N/A,N/A,N/A,N/A,N/A,N/A,N/A,1953140736,1921835008,46366720,135168,178851840,13,discern-network,S (sleeping),learner-attacker.bnsdq.ozxfs.igokp-owcwb.kvugl,0.330844501057267,0
1759296442,337,1,103,103,103,103,109,109,109,109,96251904,96251904,90521600,135168,88522752,1,dbus-daemon,S (sleeping),learner-attacker.bnsdq.ozxfs.igokp-owcwb.kvugl,0.2784122399867312,0
1759296443,58858,58857,1001,1001,1001,1001,1001,1001,1001,1001,247201792,180092928,20631552,135168,28295168,3,server.py,R (running),learner-attacker.bnsdq.ozxfs.igokp-owcwb.kvugl,93.64848397958046,1
1759296443,57651,1,N/A,N/A,N/A,N/A,N/A,N/A,N/A,N/A,1264619520,1264619520,16855040,135168,45826048,4,discern-proc-so,R (running),learner-attacker.bnsdq.ozxfs.igokp-owcwb.kvugl,2.2443418435339866,1
1759296443,1,N/A,N/A,N/A,N/A,N/A,N/A,N/A,N/A,N/A,234807296,169369600,10608640,1056768,19709952,1,systemd,S (sleeping),learner-attacker.bnsdq.ozxfs.igokp-owcwb.kvugl,1.2469821795058096,1
1759296443,60478,1,101,101,101,101,102,102,102,102,16568320,16560128,7335936,135168,622592,1,systemd-network,S (sleeping),learner-attacker.bnsdq.ozxfs.igokp-owcwb.kvugl,0.8630783792076602,1
1759296443,3353,1,N/A,N/A,N/A,N/A,N/A,N/A,N/A,N/A,1931411456,1931411456,59691008,135168,196419584,14,discern-network,S (sleeping),learner-attacker.bnsdq.ozxfs.igokp-owcwb.kvugl,0.42391794242403263,1
1759296448,32255,1,N/A,N/A,N/A,N/A,N/A,N/A,N/A,N/A,1264619520,1264619520,16986112,135168,45826048,4,discern-proc-so,S (sleeping),learner-attacker.bnsdq.ozxfs.igokp-owcwb.kvugl,2.453133616345343,0
1759296448,1,N/A,N/A,N/A,N/A,N/A,N/A,N/A,N/A,N/A,234917888,169484288,10801152,1060864,19820544,1,systemd,S (sleeping),learner-attacker.bnsdq.ozxfs.igokp-owcwb.kvugl,1.4247437905027545,0
1759296448,3277,1,N/A,N/A,N/A,N/A,N/A,N/A,N/A,N/A,1953140736,1921835008,46366720,135168,178851840,13,discern-network,S (sleeping),learner-attacker.bnsdq.ozxfs.igokp-owcwb.kvugl,0.3309802607680448,0
1759296448,38707,1,101,101,101,101,102,102,102,102,16568320,16568320,6103040,135168,630784,1,systemd-network,S (sleeping),learner-attacker.bnsdq.ozxfs.igokp-owcwb.kvugl,0.3278434944096618,0
1759296448,337,1,103,103,103,103,109,109,109,109,96387072,96387072,90521600,135168,88657920,1,dbus-daemon,S (sleeping),learner-attacker.bnsdq.ozxfs.igokp-owcwb.kvugl,0.27822242275702724,0
1759296448,58858,58857,1001,1001,1001,1001,1001,1001,1001,1001,247201792,180092928,20758528,135168,28295168,3,server.py,R (running),learner-attacker.bnsdq.ozxfs.igokp-owcwb.kvugl,93.31736974636243,1
1759296448,57651,1,N/A,N/A,N/A,N/A,N/A,N/A,N/A,N/A,1264619520,1264619520,16855040,135168,45826048,4,discern-proc-so,R (running),learner-attacker.bnsdq.ozxfs.igokp-owcwb.kvugl,2.2458519194211157,1
1759296448,1,N/A,N/A,N/A,N/A,N/A,N/A,N/A,N/A,N/A,234807296,169369600,10608640,1056768,19709952,1,systemd,S (sleeping),learner-attacker.bnsdq.ozxfs.igokp-owcwb.kvugl,1.2465899605402742,1
1759296448,60816,1,101,101,101,101,102,102,102,102,16568320,16560128,7364608,135168,622592,1,systemd-network,S (sleeping),learner-attacker.bnsdq.ozxfs.igokp-owcwb.kvugl,1.192231363684022,1
1759296448,3353,1,N/A,N/A,N/A,N/A,N/A,N/A,N/A,N/A,1931411456,1931411456,59691008,135168,196419584,14,discern-network,S (sleeping),learner-attacker.bnsdq.ozxfs.igokp-owcwb.kvugl,0.4308143119917645,1
1759296453,32255,1,N/A,N/A,N/A,N/A,N/A,N/A,N/A,N/A,1264619520,1264619520,16986112,135168,45826048,4,discern-proc-so,S (sleeping),learner-attacker.bnsdq.ozxfs.igokp-owcwb.kvugl,2.453844344567053,0
1759296453,1,N/A,N/A,N/A,N/A,N/A,N/A,N/A,N/A,N/A,234917888,169484288,10801152,1060864,19820544,1,systemd,S (sleeping),learner-attacker.bnsdq.ozxfs.igokp-owcwb.kvugl,1.4250269401199882,0
1759296453,38825,1,101,101,101,101,102,102,102,102,16568320,16568320,6074368,135168,630784,1,systemd-network,S (sleeping),learner-attacker.bnsdq.ozxfs.igokp-owcwb.kvugl,0.8871117729643084,0
1759296453,3277,1,N/A,N/A,N/A,N/A,N/A,N/A,N/A,N/A,1953140736,1921835008,46366720,135168,178851840,13,discern-network,S (sleeping),learner-attacker.bnsdq.ozxfs.igokp-owcwb.kvugl,0.33111738190319506,0
1759296453,337,1,103,103,103,103,109,109,109,109,96817152,96817152,90791936,135168,89088000,1,dbus-daemon,S (sleeping),learner-attacker.bnsdq.ozxfs.igokp-owcwb.kvugl,0.27889850445979947,0
1759296453,58858,58857,1001,1001,1001,1001,1001,1001,1001,1001,247201792,180092928,20758528,135168,28295168,3,server.py,R (running),learner-attacker.bnsdq.ozxfs.igokp-owcwb.kvugl,93.39994198738185,1
1759296453,57651,1,N/A,N/A,N/A,N/A,N/A,N/A,N/A,N/A,1264619520,1264619520,16855040,135168,45826048,4,discern-proc-so,R (running),learner-attacker.bnsdq.ozxfs.igokp-owcwb.kvugl,2.233999874773706,1
1759296453,1,N/A,N/A,N/A,N/A,N/A,N/A,N/A,N/A,N/A,234807296,169369600,10608640,1056768,19709952,1,systemd,S (sleeping),learner-attacker.bnsdq.ozxfs.igokp-owcwb.kvugl,1.2459366632647448,1
1759296453,60975,1,101,101,101,101,102,102,102,102,16568320,16560128,7397376,135168,622592,1,systemd-network,S (sleeping),learner-attacker.bnsdq.ozxfs.igokp-owcwb.kvugl,0.53913800725721,1
1759296453,3353,1,N/A,N/A,N/A,N/A,N/A,N/A,N/A,N/A,1931411456,1931411456,59691008,135168,196419584,14,discern-network,S (sleeping),learner-attacker.bnsdq.ozxfs.igokp-owcwb.kvugl,0.4301929439759892,1
1759296458,32255,1,N/A,N/A,N/A,N/A,N/A,N/A,N/A,N/A,1264619520,1264619520,16986112,135168,45826048,4,discern-proc-so,S (sleeping),learner-attacker.bnsdq.ozxfs.igokp-owcwb.kvugl,2.4526514106636195,0
1759296458,1,N/A,N/A,N/A,N/A,N/A,N/A,N/A,N/A,N/A,234917888,169484288,10801152,1060864,19820544,1,systemd,S (sleeping),learner-attacker.bnsdq.ozxfs.igokp-owcwb.kvugl,1.4248894481457572,0
1759296458,38879,1,101,101,101,101,102,102,102,102,16568320,16568320,6139904,135168,630784,1,systemd-network,S (sleeping),learner-attacker.bnsdq.ozxfs.igokp-owcwb.kvugl,0.8364684106629852,0
1759296458,3277,1,N/A,N/A,N/A,N/A,N/A,N/A,N/A,N/A,1953140736,1921835008,46366720,135168,178851840,13,discern-network,S (sleeping),learner-attacker.bnsdq.ozxfs.igokp-owcwb.kvugl,0.3312566051921253,0
1759296458,337,1,103,103,103,103,109,109,109,109,96817152,96817152,91062272,135168,89088000,1,dbus-daemon,S (sleeping),learner-attacker.bnsdq.ozxfs.igokp-owcwb.kvugl,0.27828140329322376,0
1759296458,58858,58857,1001,1001,1001,1001,1001,1001,1001,1001,247201792,180092928,20758528,135168,28295168,3,server.py,R (running),learner-attacker.bnsdq.ozxfs.igokp-owcwb.kvugl,93.44227436017283,1
1759296458,57651,1,N/A,N/A,N/A,N/A,N/A,N/A,N/A,N/A,1264619520,1264619520,16855040,135168,45826048,4,discern-proc-so,R (running),learner-attacker.bnsdq.ozxfs.igokp-owcwb.kvugl,2.231288021055561,1
1759296458,1,N/A,N/A,N/A,N/A,N/A,N/A,N/A,N/A,N/A,234807296,169222144,10608640,1056768,19562496,1,systemd,S (sleeping),learner-attacker.bnsdq.ozxfs.igokp-owcwb.kvugl,1.245281957111885,1
1759296458,61040,1,101,101,101,101,102,102,102,102,16568320,16560128,7241728,135168,622592,1,systemd-network,S (sleeping),learner-attacker.bnsdq.ozxfs.igokp-owcwb.kvugl,0.5111802082770276,1
1759296458,3353,1,N/A,N/A,N/A,N/A,N/A,N/A,N/A,N/A,1931411456,1931411456,59691008,135168,196419584,14,discern-network,S (sleeping),learner-attacker.bnsdq.ozxfs.igokp-owcwb.kvugl,0.43012687381930836,1
1759296463,32255,1,N/A,N/A,N/A,N/A,N/A,N/A,N/A,N/A,1264619520,1264619520,16986112,135168,45826048,4,discern-proc-so,S (sleeping),learner-attacker.bnsdq.ozxfs.igokp-owcwb.kvugl,2.453366631948604,0
1759296463,1,N/A,N/A,N/A,N/A,N/A,N/A,N/A,N/A,N/A,234917888,169484288,10801152,1060864,19820544,1,systemd,S (sleeping),learner-attacker.bnsdq.ozxfs.igokp-owcwb.kvugl,1.4251727597680872,0
1759296463,38939,1,101,101,101,101,102,102,102,102,16568320,16568320,6160384,135168,630784,1,systemd-network,S (sleeping),learner-attacker.bnsdq.ozxfs.igokp-owcwb.kvugl,0.5646127200850467,0
1759296463,3277,1,N/A,N/A,N/A,N/A,N/A,N/A,N/A,N/A,1953140736,1921835008,46366720,135168,178851840,13,discern-network,S (sleeping),learner-attacker.bnsdq.ozxfs.igokp-owcwb.kvugl,0.3309287452539035,0
1759296463,337,1,103,103,103,103,109,109,109,109,97087488,97087488,91332608,135168,89358336,1,dbus-daemon,S (sleeping),learner-attacker.bnsdq.ozxfs.igokp-owcwb.kvugl,0.2785248930830347,0
1759296464,58858,58857,1001,1001,1001,1001,1001,1001,1001,1001,247201792,180092928,20758528,135168,28295168,3,server.py,R (running),learner-attacker.bnsdq.ozxfs.igokp-owcwb.kvugl,93.48671422266376,1
1759296464,57651,1,N/A,N/A,N/A,N/A,N/A,N/A,N/A,N/A,1264619520,1264619520,16855040,135168,45826048,4,discern-proc-so,R (running),learner-attacker.bnsdq.ozxfs.igokp-owcwb.kvugl,2.22452017795594,1
1759296464,1,N/A,N/A,N/A,N/A,N/A,N/A,N/A,N/A,N/A,234807296,169500672,10608640,1056768,19841024,1,systemd,S (sleeping),learner-attacker.bnsdq.ozxfs.igokp-owcwb.kvugl,1.2443683840254565,1
1759296464,3353,1,N/A,N/A,N/A,N/A,N/A,N/A,N/A,N/A,1931411456,1931411456,59691008,135168,196419584,14,discern-network,S (sleeping),learner-attacker.bnsdq.ozxfs.igokp-owcwb.kvugl,0.42978505727993116,1
1759296464,61092,1,101,101,101,101,102,102,102,102,16568320,16560128,7221248,135168,622592,1,systemd-network,S (sleeping),learner-attacker.bnsdq.ozxfs.igokp-owcwb.kvugl,0.39157345016767797,1
1759296468,32255,1,N/A,N/A,N/A,N/A,N/A,N/A,N/A,N/A,1264619520,1264619520,16986112,135168,45826048,4,discern-proc-so,S (sleeping),learner-attacker.bnsdq.ozxfs.igokp-owcwb.kvugl,2.4560138892643786,0
1759296468,1,N/A,N/A,N/A,N/A,N/A,N/A,N/A,N/A,N/A,234917888,169213952,10801152,1060864,19550208,1,systemd,S (sleeping),learner-attacker.bnsdq.ozxfs.igokp-owcwb.kvugl,1.4263129196987325,0
1759296468,39005,1,101,101,101,101,102,102,102,102,16568320,16568320,6078464,135168,630784,1,systemd-network,S (sleeping),learner-attacker.bnsdq.ozxfs.igokp-owcwb.kvugl,0.7431790564499039,0
1759296468,3277,1,N/A,N/A,N/A,N/A,N/A,N/A,N/A,N/A,1953140736,1921835008,46366720,135168,178851840,13,discern-network,S (sleeping),learner-attacker.bnsdq.ozxfs.igokp-owcwb.kvugl,0.33106584309775594,0
1759296468,337,1,103,103,103,103,109,109,109,109,97222656,97222656,91332608,135168,89493504,1,dbus-daemon,S (sleeping),learner-attacker.bnsdq.ozxfs.igokp-owcwb.kvugl,0.27876760161021125,0
1759296469,58858,58857,1001,1001,1001,1001,1001,1001,1001,1001,247201792,180092928,20758528,135168,28295168,3,server.py,R (running),learner-attacker.bnsdq.ozxfs.igokp-owcwb.kvugl,93.4380452459762,1
1759296469,57651,1,N/A,N/A,N/A,N/A,N/A,N/A,N/A,N/A,1264619520,1264619520,16855040,135168,45826048,4,discern-proc-so,S (sleeping),learner-attacker.bnsdq.ozxfs.igokp-owcwb.kvugl,2.2221266046692616,1
1759296469,1,N/A,N/A,N/A,N/A,N/A,N/A,N/A,N/A,N/A,234807296,169242624,10608640,1056768,19582976,1,systemd,S (sleeping),learner-attacker.bnsdq.ozxfs.igokp-owcwb.kvugl,1.2439804252338145,1
1759296469,3353,1,N/A,N/A,N/A,N/A,N/A,N/A,N/A,N/A,1931411456,1931411456,59691008,135168,196419584,14,discern-network,S (sleeping),learner-attacker.bnsdq.ozxfs.igokp-owcwb.kvugl,0.429443170321185,1
1759296469,61158,1,101,101,101,101,102,102,102,102,16568320,16560128,7217152,135168,622592,1,systemd-network,S (sleeping),learner-attacker.bnsdq.ozxfs.igokp-owcwb.kvugl,0.37656701008777155,1
1759296473,32255,1,N/A,N/A,N/A,N/A,N/A,N/A,N/A,N/A,1264619520,1264619520,16986112,135168,45826048,4,discern-proc-so,S (sleeping),learner-attacker.bnsdq.ozxfs.igokp-owcwb.kvugl,2.458511199196274,0
1759296473,1,N/A,N/A,N/A,N/A,N/A,N/A,N/A,N/A,N/A,234917888,169226240,10801152,1060864,19562496,1,systemd,S (sleeping),learner-attacker.bnsdq.ozxfs.igokp-owcwb.kvugl,1.4252985556293425,0
1759296473,39059,1,101,101,101,101,102,102,102,102,16568320,16568320,6221824,135168,630784,1,systemd-network,S (sleeping),learner-attacker.bnsdq.ozxfs.igokp-owcwb.kvugl,0.5180342041775728,0
1759296473,3277,1,N/A,N/A,N/A,N/A,N/A,N/A,N/A,N/A,1953140736,1921835008,46366720,135168,178851840,13,discern-network,S (sleeping),learner-attacker.bnsdq.ozxfs.igokp-owcwb.kvugl,0.3307371930726007,0
1759296473,337,1,103,103,103,103,109,109,109,109,97357824,97357824,91602944,135168,89628672,1,dbus-daemon,S (sleeping),learner-attacker.bnsdq.ozxfs.igokp-owcwb.kvugl,0.27857883515934406,0
1759296474,58858,58857,1001,1001,1001,1001,1001,1001,1001,1001,247201792,180092928,20758528,135168,28295168,3,server.py,R (running),learner-attacker.bnsdq.ozxfs.igokp-owcwb.kvugl,93.47626683927525,1
1759296474,57651,1,N/A,N/A,N/A,N/A,N/A,N/A,N/A,N/A,1264619520,1264619520,16855040,135168,45826048,4,discern-proc-so,R (running),learner-attacker.bnsdq.ozxfs.igokp-owcwb.kvugl,2.2157864813484096,1
1759296474,1,N/A,N/A,N/A,N/A,N/A,N/A,N/A,N/A,N/A,234807296,169242624,10608640,1056768,19582976,1,systemd,S (sleeping),learner-attacker.bnsdq.ozxfs.igokp-owcwb.kvugl,1.2433318330218583,1
1759296474,3353,1,N/A,N/A,N/A,N/A,N/A,N/A,N/A,N/A,1931411456,1931411456,59691008,135168,196419584,14,discern-network,S (sleeping),learner-attacker.bnsdq.ozxfs.igokp-owcwb.kvugl,0.42910258886677816,1
1759296474,61213,1,101,101,101,101,102,102,102,102,16568320,16560128,7335936,135168,622592,1,systemd-network,S (sleeping),learner-attacker.bnsdq.ozxfs.igokp-owcwb.kvugl,0.3628532998260082,1
1759296479,32255,1,N/A,N/A,N/A,N/A,N/A,N/A,N/A,N/A,1264619520,1264619520,16986112,135168,45826048,4,discern-proc-so,S (sleeping),learner-attacker.bnsdq.ozxfs.igokp-owcwb.kvugl,2.4610522722299026,0
1759296479,1,N/A,N/A,N/A,N/A,N/A,N/A,N/A,N/A,N/A,234917888,169361408,10801152,1060864,19697664,1,systemd,S (sleeping),learner-attacker.bnsdq.ozxfs.igokp-owcwb.kvugl,1.426006435330625,0
1759296479,39123,1,101,101,101,101,102,102,102,102,16568320,16568320,6103040,135168,630784,1,systemd-network,S (sleeping),learner-attacker.bnsdq.ozxfs.igokp-owcwb.kvugl,0.4986808160745693,0
1759296479,3277,1,N/A,N/A,N/A,N/A,N/A,N/A,N/A,N/A,1953140736,1921835008,46366720,135168,178851840,13,discern-network,S (sleeping),learner-attacker.bnsdq.ozxfs.igokp-owcwb.kvugl,0.33133477298077235,0
1759296479,337,1,103,103,103,103,109,109,109,109,97492992,97492992,91873280,135168,89763840,1,dbus-daemon,S (sleeping),learner-attacker.bnsdq.ozxfs.igokp-owcwb.kvugl,0.27882023231969305,0
1759296479,58858,58857,1001,1001,1001,1001,1001,1001,1001,1001,247201792,180092928,20758528,135168,28295168,3,server.py,R (running),learner-attacker.bnsdq.ozxfs.igokp-owcwb.kvugl,93.46654917520578,1
1759296479,57651,1,N/A,N/A,N/A,N/A,N/A,N/A,N/A,N/A,1264619520,1264619520,16855040,135168,45826048,4,discern-proc-so,S (sleeping),learner-attacker.bnsdq.ozxfs.igokp-owcwb.kvugl,2.2136554415633842,1
1759296479,1,N/A,N/A,N/A,N/A,N/A,N/A,N/A,N/A,N/A,234807296,169512960,10608640,1056768,19853312,1,systemd,S (sleeping),learner-attacker.bnsdq.ozxfs.igokp-owcwb.kvugl,1.2429457281022718,1
1759296479,61331,1,101,101,101,101,102,102,102,102,16568320,16560128,7294976,135168,622592,1,systemd-network,S (sleeping),learner-attacker.bnsdq.ozxfs.igokp-owcwb.kvugl,1.1646092193972446,1
1759296479,3353,1,N/A,N/A,N/A,N/A,N/A,N/A,N/A,N/A,1931411456,1931411456,59691008,135168,196419584,14,discern-network,S (sleeping),learner-attacker.bnsdq.ozxfs.igokp-owcwb.kvugl,0.42903804646436866,1
1759296484,32255,1,N/A,N/A,N/A,N/A,N/A,N/A,N/A,N/A,1264619520,1264619520,16986112,135168,45826048,4,discern-proc-so,S (sleeping),learner-attacker.bnsdq.ozxfs.igokp-owcwb.kvugl,2.4653251669336056,0
1759296484,1,N/A,N/A,N/A,N/A,N/A,N/A,N/A,N/A,N/A,234917888,169496576,10801152,1060864,19832832,1,systemd,S (sleeping),learner-attacker.bnsdq.ozxfs.igokp-owcwb.kvugl,1.4262728722990723,0
1759296484,39178,1,101,101,101,101,102,102,102,102,16568320,16568320,6164480,135168,630784,1,systemd-network,S (sleeping),learner-attacker.bnsdq.ozxfs.igokp-owcwb.kvugl,0.3859875608931274,0
1759296484,3277,1,N/A,N/A,N/A,N/A,N/A,N/A,N/A,N/A,1953140736,1921835008,46366720,135168,178851840,13,discern-network,S (sleeping),learner-attacker.bnsdq.ozxfs.igokp-owcwb.kvugl,0.3310068441878264,0
1759296484,337,1,103,103,103,103,109,109,109,109,97763328,97763328,91873280,135168,90034176,1,dbus-daemon,S (sleeping),learner-attacker.bnsdq.ozxfs.igokp-owcwb.kvugl,0.2786320287083198,0
1759296484,58858,58857,1001,1001,1001,1001,1001,1001,1001,1001,247201792,180092928,20758528,135168,28295168,3,server.py,R (running),learner-attacker.bnsdq.ozxfs.igokp-owcwb.kvugl,93.49568063702765,1
1759296484,57651,1,N/A,N/A,N/A,N/A,N/A,N/A,N/A,N/A,1264619520,1264619520,16855040,135168,45826048,4,discern-proc-so,R (running),learner-attacker.bnsdq.ozxfs.igokp-owcwb.kvugl,2.211560866087114,1
1759296484,1,N/A,N/A,N/A,N/A,N/A,N/A,N/A,N/A,N/A,234807296,169226240,10608640,1056768,19566592,1,systemd,S (sleeping),learner-attacker.bnsdq.ozxfs.igokp-owcwb.kvugl,1.242034905280878,1
1759296484,61396,1,101,101,101,101,102,102,102,102,16568320,16560128,7331840,135168,622592,1,systemd-network,S (sleeping),learner-attacker.bnsdq.ozxfs.igokp-owcwb.kvugl,1.037128590062683,1
1759296484,3353,1,N/A,N/A,N/A,N/A,N/A,N/A,N/A,N/A,1931411456,1931411456,59691008,135168,196419584,14,discern-network,S (sleeping),learner-attacker.bnsdq.ozxfs.igokp-owcwb.kvugl,0.4289731909217939,1
1759296489,32255,1,N/A,N/A,N/A,N/A,N/A,N/A,N/A,N/A,1264619520,1264619520,16986112,135168,45826048,4,discern-proc-so,S (sleeping),learner-attacker.bnsdq.ozxfs.igokp-owcwb.kvugl,2.4695753890067267,0
1759296489,1,N/A,N/A,N/A,N/A,N/A,N/A,N/A,N/A,N/A,234917888,169209856,10801152,1060864,19546112,1,systemd,S (sleeping),learner-attacker.bnsdq.ozxfs.igokp-owcwb.kvugl,1.4256968455015184,0
1759296489,39278,1,1001,1001,1001,1001,1001,1001,1001,1001,15413248,15413248,8540160,135168,630784,1,systemd,S (sleeping),learner-attacker.bnsdq.ozxfs.igokp-owcwb.kvugl,0.5988840795912115,0
1759296489,39242,1,101,101,101,101,102,102,102,102,16568320,16568320,6078464,135168,630784,1,systemd-network,S (sleeping),learner-attacker.bnsdq.ozxfs.igokp-owcwb.kvugl,0.3745570172213661,0
1759296489,3277,1,N/A,N/A,N/A,N/A,N/A,N/A,N/A,N/A,1953140736,1921835008,46366720,135168,178851840,13,discern-network,S (sleeping),learner-attacker.bnsdq.ozxfs.igokp-owcwb.kvugl,0.33068241050684805,0
1759296490,58858,58857,1001,1001,1001,1001,1001,1001,1001,1001,247201792,180092928,20758528,135168,28295168,3,server.py,R (running),learner-attacker.bnsdq.ozxfs.igokp-owcwb.kvugl,93.53380894368742,1
1759296490,57651,1,N/A,N/A,N/A,N/A,N/A,N/A,N/A,N/A,1264619520,1264619520,16855040,135168,45826048,4,discern-proc-so,R (running),learner-attacker.bnsdq.ozxfs.igokp-owcwb.kvugl,2.2093581737397154,1
1759296490,1,N/A,N/A,N/A,N/A,N/A,N/A,N/A,N/A,N/A,234807296,169377792,10608640,1056768,19718144,1,systemd,S (sleeping),learner-attacker.bnsdq.ozxfs.igokp-owcwb.kvugl,1.2416423531890892,1
1759296490,61448,1,101,101,101,101,102,102,102,102,16568320,16560128,7340032,135168,622592,1,systemd-network,S (sleeping),learner-attacker.bnsdq.ozxfs.igokp-owcwb.kvugl,0.6324301912827265,1
1759296490,3353,1,N/A,N/A,N/A,N/A,N/A,N/A,N/A,N/A,1931411456,1931411456,59691008,135168,196419584,14,discern-network,S (sleeping),learner-attacker.bnsdq.ozxfs.igokp-owcwb.kvugl,0.4286308231846642,1
1759296494,32255,1,N/A,N/A,N/A,N/A,N/A,N/A,N/A,N/A,1264619520,1264619520,16986112,135168,45826048,4,discern-proc-so,S (sleeping),learner-attacker.bnsdq.ozxfs.igokp-owcwb.kvugl,2.4737058152252294,0
1759296494,1,N/A,N/A,N/A,N/A,N/A,N/A,N/A,N/A,N/A,234917888,169480192,10801152,1060864,19816448,1,systemd,S (sleeping),learner-attacker.bnsdq.ozxfs.igokp-owcwb.kvugl,1.42596545087832,0
1759296494,3277,1,N/A,N/A,N/A,N/A,N/A,N/A,N/A,N/A,1953140736,1921835008,46366720,135168,178851840,13,discern-network,S (sleeping),learner-attacker.bnsdq.ozxfs.igokp-owcwb.kvugl,0.331273382352065,0
1759296494,39321,1,101,101,101,101,102,102,102,102,16568320,16568320,6213632,135168,630784,1,systemd-network,S (sleeping),learner-attacker.bnsdq.ozxfs.igokp-owcwb.kvugl,0.30739890362034217,0
1759296494,337,1,103,103,103,103,109,109,109,109,98168832,98168832,92413952,135168,90439680,1,dbus-daemon,S (sleeping),learner-attacker.bnsdq.ozxfs.igokp-owcwb.kvugl,0.2786843032270135,0
1759296495,58858,58857,1001,1001,1001,1001,1001,1001,1001,1001,247201792,180092928,20758528,135168,28295168,3,server.py,R (running),learner-attacker.bnsdq.ozxfs.igokp-owcwb.kvugl,93.54860478635618,1
1759296495,57651,1,N/A,N/A,N/A,N/A,N/A,N/A,N/A,N/A,1264619520,1264619520,16855040,135168,45826048,4,discern-proc-so,R (running),learner-attacker.bnsdq.ozxfs.igokp-owcwb.kvugl,2.2035943386527754,1
1759296495,1,N/A,N/A,N/A,N/A,N/A,N/A,N/A,N/A,N/A,234807296,169213952,10608640,1056768,19554304,1,systemd,S (sleeping),learner-attacker.bnsdq.ozxfs.igokp-owcwb.kvugl,1.2409938297943033,1
1759296495,61513,1,101,101,101,101,102,102,102,102,16568320,16560128,7311360,135168,622592,1,systemd-network,S (sleeping),learner-attacker.bnsdq.ozxfs.igokp-owcwb.kvugl,0.8866656390330132,1
1759296495,3353,1,N/A,N/A,N/A,N/A,N/A,N/A,N/A,N/A,1931411456,1931411456,59691008,135168,196419584,14,discern-network,S (sleeping),learner-attacker.bnsdq.ozxfs.igokp-owcwb.kvugl,0.42856550403405147,1
1759296499,32255,1,N/A,N/A,N/A,N/A,N/A,N/A,N/A,N/A,1264619520,1264619520,16986112,135168,45826048,4,discern-proc-so,S (sleeping),learner-attacker.bnsdq.ozxfs.igokp-owcwb.kvugl,2.474168835455705,0
1759296499,1,N/A,N/A,N/A,N/A,N/A,N/A,N/A,N/A,N/A,234917888,169385984,10801152,1060864,19722240,1,systemd,S (sleeping),learner-attacker.bnsdq.ozxfs.igokp-owcwb.kvugl,1.4262411997859359,0
1759296499,39439,1,101,101,101,101,102,102,102,102,16568320,16568320,6123520,135168,630784,1,systemd-network,S (sleeping),learner-attacker.bnsdq.ozxfs.igokp-owcwb.kvugl,1.2056334551801358,0
1759296499,3277,1,N/A,N/A,N/A,N/A,N/A,N/A,N/A,N/A,1953140736,1921835008,46366720,135168,178851840,13,discern-network,S (sleeping),learner-attacker.bnsdq.ozxfs.igokp-owcwb.kvugl,0.3314071213147188,0
1759296499,337,1,103,103,103,103,109,109,109,109,98578432,98578432,92684288,135168,90849280,1,dbus-daemon,S (sleeping),learner-attacker.bnsdq.ozxfs.igokp-owcwb.kvugl,0.2793462637467529,0
1759296500,58858,58857,1001,1001,1001,1001,1001,1001,1001,1001,247201792,180092928,20758528,135168,28295168,3,server.py,R (running),learner-attacker.bnsdq.ozxfs.igokp-owcwb.kvugl,93.58822277526141,1
1759296500,57651,1,N/A,N/A,N/A,N/A,N/A,N/A,N/A,N/A,1264619520,1264619520,16855040,135168,45826048,4,discern-proc-so,R (running),learner-attacker.bnsdq.ozxfs.igokp-owcwb.kvugl,2.2018850671700863,1
1759296500,1,N/A,N/A,N/A,N/A,N/A,N/A,N/A,N/A,N/A,234807296,169484288,10608640,1056768,19824640,1,systemd,S (sleeping),learner-attacker.bnsdq.ozxfs.igokp-owcwb.kvugl,1.2406139579060647,1
1759296500,61565,1,101,101,101,101,102,102,102,102,16568320,16560128,7213056,135168,622592,1,systemd-network,S (sleeping),learner-attacker.bnsdq.ozxfs.igokp-owcwb.kvugl,0.6541722525581255,1
1759296500,3353,1,N/A,N/A,N/A,N/A,N/A,N/A,N/A,N/A,1931411456,1931411456,59691008,135168,196419584,14,discern-network,S (sleeping),learner-attacker.bnsdq.ozxfs.igokp-owcwb.kvugl,0.42822839641281285,1
1759296504,32255,1,N/A,N/A,N/A,N/A,N/A,N/A,N/A,N/A,1264619520,1264619520,16986112,135168,45826048,4,discern-proc-so,S (sleeping),learner-attacker.bnsdq.ozxfs.igokp-owcwb.kvugl,2.478241316381227,0
1759296504,1,N/A,N/A,N/A,N/A,N/A,N/A,N/A,N/A,N/A,234917888,169209856,10801152,1060864,19546112,1,systemd,S (sleeping),learner-attacker.bnsdq.ozxfs.igokp-owcwb.kvugl,1.4265157693396169,0
1759296504,39503,1,101,101,101,101,102,102,102,102,16568320,16568320,6090752,135168,630784,1,systemd-network,S (sleeping),learner-attacker.bnsdq.ozxfs.igokp-owcwb.kvugl,1.1039859099956366,0
1759296504,3277,1,N/A,N/A,N/A,N/A,N/A,N/A,N/A,N/A,1953140736,1921835008,46366720,135168,178851840,13,discern-network,S (sleeping),learner-attacker.bnsdq.ozxfs.igokp-owcwb.kvugl,0.33154026179359236,0
1759296504,337,1,103,103,103,103,109,109,109,109,98578432,98578432,92684288,135168,90849280,1,dbus-daemon,S (sleeping),learner-attacker.bnsdq.ozxfs.igokp-owcwb.kvugl,0.2791606938848044,0
1759296505,58858,58857,1001,1001,1001,1001,1001,1001,1001,1001,247201792,180092928,20758528,135168,28295168,3,server.py,R (running),learner-attacker.bnsdq.ozxfs.igokp-owcwb.kvugl,93.61390683785883,1
1759296505,57651,1,N/A,N/A,N/A,N/A,N/A,N/A,N/A,N/A,1264619520,1264619520,16855040,135168,45826048,4,discern-proc-so,S (sleeping),learner-attacker.bnsdq.ozxfs.igokp-owcwb.kvugl,2.196606922895324,1
1759296505,1,N/A,N/A,N/A,N/A,N/A,N/A,N/A,N/A,N/A,234807296,169213952,10608640,1056768,19554304,1,systemd,S (sleeping),learner-attacker.bnsdq.ozxfs.igokp-owcwb.kvugl,1.2397132932256127,1
1759296505,3353,1,N/A,N/A,N/A,N/A,N/A,N/A,N/A,N/A,1931411456,1931411456,59691008,135168,196419584,14,discern-network,S (sleeping),learner-attacker.bnsdq.ozxfs.igokp-owcwb.kvugl,0.427891986537962,1
1759296505,61630,1,101,101,101,101,102,102,102,102,16568320,16560128,7307264,135168,622592,1,systemd-network,S (sleeping),learner-attacker.bnsdq.ozxfs.igokp-owcwb.kvugl,0.41742508447641713,1
1759296509,32255,1,N/A,N/A,N/A,N/A,N/A,N/A,N/A,N/A,1264619520,1264619520,16986112,135168,45826048,4,discern-proc-so,S (sleeping),learner-attacker.bnsdq.ozxfs.igokp-owcwb.kvugl,2.480370893788484,0
1759296509,1,N/A,N/A,N/A,N/A,N/A,N/A,N/A,N/A,N/A,234917888,169480192,10801152,1060864,19816448,1,systemd,S (sleeping),learner-attacker.bnsdq.ozxfs.igokp-owcwb.kvugl,1.426778921592472,0
1759296509,39556,1,101,101,101,101,102,102,102,102,16568320,16568320,6115328,135168,630784,1,systemd-network,S (sleeping),learner-attacker.bnsdq.ozxfs.igokp-owcwb.kvugl,0.6708130909543647,0
1759296509,3277,1,N/A,N/A,N/A,N/A,N/A,N/A,N/A,N/A,1953140736,1921835008,46366720,135168,178851840,13,discern-network,S (sleeping),learner-attacker.bnsdq.ozxfs.igokp-owcwb.kvugl,0.3312158484154414,0
1759296509,337,1,103,103,103,103,109,109,109,109,98848768,98848768,92954624,135168,91119616,1,dbus-daemon,S (sleeping),learner-attacker.bnsdq.ozxfs.igokp-owcwb.kvugl,0.27939531425775876,0
1759296510,58858,58857,1001,1001,1001,1001,1001,1001,1001,1001,247201792,180092928,20758528,135168,28295168,3,server.py,R (running),learner-attacker.bnsdq.ozxfs.igokp-owcwb.kvugl,93.64957342142674,1
1759296510,57651,1,N/A,N/A,N/A,N/A,N/A,N/A,N/A,N/A,1264619520,1264619520,16855040,135168,45826048,4,discern-proc-so,S (sleeping),learner-attacker.bnsdq.ozxfs.igokp-owcwb.kvugl,2.1986352643357723,1
1759296511,1,N/A,N/A,N/A,N/A,N/A,N/A,N/A,N/A,N/A,234807296,169644032,10608640,1056768,19984384,1,systemd,S (sleeping),learner-attacker.bnsdq.ozxfs.igokp-owcwb.kvugl,1.239076012769657,1
1759296511,61682,1,101,101,101,101,102,102,102,102,16568320,16560128,7356416,135168,622592,1,systemd-network,S (sleeping),learner-attacker.bnsdq.ozxfs.igokp-owcwb.kvugl,0.6007612456009446,1
1759296511,3353,1,N/A,N/A,N/A,N/A,N/A,N/A,N/A,N/A,1931411456,1931411456,59691008,135168,196419584,14,discern-network,S (sleeping),learner-attacker.bnsdq.ozxfs.igokp-owcwb.kvugl,0.4275567601658052,1
1759296515,32255,1,N/A,N/A,N/A,N/A,N/A,N/A,N/A,N/A,1264619520,1264619520,16986112,135168,45826048,4,discern-proc-so,S (sleeping),learner-attacker.bnsdq.ozxfs.igokp-owcwb.kvugl,2.4807708341692414,0
1759296515,1,N/A,N/A,N/A,N/A,N/A,N/A,N/A,N/A,N/A,234917888,169480192,10801152,1060864,19816448,1,systemd,S (sleeping),learner-attacker.bnsdq.ozxfs.igokp-owcwb.kvugl,1.4278924817745342,0
1759296515,39620,1,101,101,101,101,102,102,102,102,16568320,16568320,6144000,135168,630784,1,systemd-network,S (sleeping),learner-attacker.bnsdq.ozxfs.igokp-owcwb.kvugl,0.638609750863827,0
1759296515,3277,1,N/A,N/A,N/A,N/A,N/A,N/A,N/A,N/A,1953140736,1921835008,46366720,135168,178851840,13,discern-network,S (sleeping),learner-attacker.bnsdq.ozxfs.igokp-owcwb.kvugl,0.33134917523953134,0
1759296515,337,1,103,103,103,103,109,109,109,109,98983936,98983936,93224960,135168,91254784,1,dbus-daemon,S (sleeping),learner-attacker.bnsdq.ozxfs.igokp-owcwb.kvugl,0.27963123015874924,0
1759296516,58858,58857,1001,1001,1001,1001,1001,1001,1001,1001,247201792,180092928,20758528,135168,28295168,3,server.py,R (running),learner-attacker.bnsdq.ozxfs.igokp-owcwb.kvugl,93.63094379943477,1
1759296516,57651,1,N/A,N/A,N/A,N/A,N/A,N/A,N/A,N/A,1264619520,1264619520,16855040,135168,45826048,4,discern-proc-so,S (sleeping),learner-attacker.bnsdq.ozxfs.igokp-owcwb.kvugl,2.1901023461082842,1
1759296516,61799,1,101,101,101,101,102,102,102,102,16568320,16560128,7360512,135168,622592,1,systemd-network,S (sleeping),learner-attacker.bnsdq.ozxfs.igokp-owcwb.kvugl,1.6647556021494012,1
1759296516,1,N/A,N/A,N/A,N/A,N/A,N/A,N/A,N/A,N/A,234807296,169484288,10608640,1056768,19824640,1,systemd,S (sleeping),learner-attacker.bnsdq.ozxfs.igokp-owcwb.kvugl,1.2386984172342133,1
1759296516,3353,1,N/A,N/A,N/A,N/A,N/A,N/A,N/A,N/A,1931411456,1931411456,59691008,135168,196419584,14,discern-network,S (sleeping),learner-attacker.bnsdq.ozxfs.igokp-owcwb.kvugl,0.4274948598660336,1
1759296520,32255,1,N/A,N/A,N/A,N/A,N/A,N/A,N/A,N/A,1264619520,1264619520,16986112,135168,45826048,4,discern-proc-so,S (sleeping),learner-attacker.bnsdq.ozxfs.igokp-owcwb.kvugl,2.4811247743138174,0
1759296520,1,N/A,N/A,N/A,N/A,N/A,N/A,N/A,N/A,N/A,234917888,169480192,10801152,1060864,19816448,1,systemd,S (sleeping),learner-attacker.bnsdq.ozxfs.igokp-owcwb.kvugl,1.4273197896209453,0
1759296520,39674,1,101,101,101,101,102,102,102,102,16568320,16568320,6217728,135168,630784,1,systemd-network,S (sleeping),learner-attacker.bnsdq.ozxfs.igokp-owcwb.kvugl,0.46610944665110887,0
1759296520,3277,1,N/A,N/A,N/A,N/A,N/A,N/A,N/A,N/A,1953140736,1921835008,46366720,135168,178851840,13,discern-network,S (sleeping),learner-attacker.bnsdq.ozxfs.igokp-owcwb.kvugl,0.3314805695608841,0
1759296520,337,1,103,103,103,103,109,109,109,109,99119104,99119104,93224960,135168,91389952,1,dbus-daemon,S (sleeping),learner-attacker.bnsdq.ozxfs.igokp-owcwb.kvugl,0.27944551176512517,0
1759296521,58858,58857,1001,1001,1001,1001,1001,1001,1001,1001,247201792,180092928,20758528,135168,28295168,3,server.py,R (running),learner-attacker.bnsdq.ozxfs.igokp-owcwb.kvugl,93.65260069330738,1
1759296521,57651,1,N/A,N/A,N/A,N/A,N/A,N/A,N/A,N/A,1264619520,1264619520,16855040,135168,45826048,4,discern-proc-so,R (running),learner-attacker.bnsdq.ozxfs.igokp-owcwb.kvugl,2.192059196895471,1
1759296521,61864,1,101,101,101,101,102,102,102,102,16568320,16560128,7446528,135168,622592,1,systemd-network,S (sleeping),learner-attacker.bnsdq.ozxfs.igokp-owcwb.kvugl,1.4091290103060392,1
1759296521,1,N/A,N/A,N/A,N/A,N/A,N/A,N/A,N/A,N/A,234807296,169234432,10608640,1056768,19574784,1,systemd,S (sleeping),learner-attacker.bnsdq.ozxfs.igokp-owcwb.kvugl,1.23779985116378,1
1759296521,3353,1,N/A,N/A,N/A,N/A,N/A,N/A,N/A,N/A,1931411456,1931411456,59691008,135168,196419584,14,discern-network,S (sleeping),learner-attacker.bnsdq.ozxfs.igokp-owcwb.kvugl,0.4274319870425227,1
1759296525,39728,39727,1001,1001,1001,1001,1001,1001,1001,1001,682844160,636776448,241512448,135168,272601088,1,python3,R (running),learner-attacker.bnsdq.ozxfs.igokp-owcwb.kvugl,67.53546314358674,0
1759296525,32255,1,N/A,N/A,N/A,N/A,N/A,N/A,N/A,N/A,1264619520,1264619520,16986112,135168,45826048,4,discern-proc-so,S (sleeping),learner-attacker.bnsdq.ozxfs.igokp-owcwb.kvugl,2.4763073187513323,0
1759296525,1,N/A,N/A,N/A,N/A,N/A,N/A,N/A,N/A,N/A,234917888,169209856,10801152,1060864,19546112,1,systemd,S (sleeping),learner-attacker.bnsdq.ozxfs.igokp-owcwb.kvugl,1.4263404419856427,0
1759296525,39764,1,101,101,101,101,102,102,102,102,16568320,16568320,7417856,135168,630784,1,systemd-network,S (sleeping),learner-attacker.bnsdq.ozxfs.igokp-owcwb.kvugl,0.45095672016091076,0
1759296525,39708,1,1001,1001,1001,1001,1001,1001,1001,1001,15548416,15548416,8581120,135168,765952,1,systemd,S (sleeping),learner-attacker.bnsdq.ozxfs.igokp-owcwb.kvugl,0.3679713087825008,0
1759296526,58858,58857,1001,1001,1001,1001,1001,1001,1001,1001,247201792,180092928,20758528,135168,28295168,3,server.py,R (running),learner-attacker.bnsdq.ozxfs.igokp-owcwb.kvugl,93.6830269023004,1
1759296526,57651,1,N/A,N/A,N/A,N/A,N/A,N/A,N/A,N/A,1264619520,1264619520,16855040,135168,45826048,4,discern-proc-so,R (running),learner-attacker.bnsdq.ozxfs.igokp-owcwb.kvugl,2.1905951230336065,1
1759296526,1,N/A,N/A,N/A,N/A,N/A,N/A,N/A,N/A,N/A,234807296,169369600,10608640,1056768,19709952,1,systemd,S (sleeping),learner-attacker.bnsdq.ozxfs.igokp-owcwb.kvugl,1.2374223245951925,1
1759296526,61916,1,101,101,101,101,102,102,102,102,16568320,16560128,7368704,135168,622592,1,systemd-network,S (sleeping),learner-attacker.bnsdq.ozxfs.igokp-owcwb.kvugl,0.7585889151382906,1
1759296526,3353,1,N/A,N/A,N/A,N/A,N/A,N/A,N/A,N/A,1931411456,1931411456,59691008,135168,196419584,14,discern-network,S (sleeping),learner-attacker.bnsdq.ozxfs.igokp-owcwb.kvugl,0.4268249996935437,1
1759296530,39728,39727,1001,1001,1001,1001,1001,1001,1001,1001,689913856,643043328,246145024,135168,278867968,1,python3,R (running),learner-attacker.bnsdq.ozxfs.igokp-owcwb.kvugl,80.93340594954567,0
1759296530,32255,1,N/A,N/A,N/A,N/A,N/A,N/A,N/A,N/A,1264619520,1264619520,16986112,135168,45826048,4,discern-proc-so,S (sleeping),learner-attacker.bnsdq.ozxfs.igokp-owcwb.kvugl,2.4696422515697667,0
1759296530,1,N/A,N/A,N/A,N/A,N/A,N/A,N/A,N/A,N/A,234917888,169345024,10801152,1060864,19681280,1,systemd,S (sleeping),learner-attacker.bnsdq.ozxfs.igokp-owcwb.kvugl,1.4249195058206445,0
1759296530,39820,1,101,101,101,101,102,102,102,102,16568320,16568320,7442432,135168,630784,1,systemd-network,S (sleeping),learner-attacker.bnsdq.ozxfs.igokp-owcwb.kvugl,0.3554412131819681,0
1759296530,3277,1,N/A,N/A,N/A,N/A,N/A,N/A,N/A,N/A,1953140736,1921835008,46366720,135168,178851840,13,discern-network,S (sleeping),learner-attacker.bnsdq.ozxfs.igokp-owcwb.kvugl,0.33083859264697957,0
1759296531,58858,58857,1001,1001,1001,1001,1001,1001,1001,1001,247201792,180092928,20758528,135168,28295168,3,server.py,R (running),learner-attacker.bnsdq.ozxfs.igokp-owcwb.kvugl,93.69061194587589,1
1759296531,57651,1,N/A,N/A,N/A,N/A,N/A,N/A,N/A,N/A,1264619520,1264619520,16855040,135168,45826048,4,discern-proc-so,R (running),learner-attacker.bnsdq.ozxfs.igokp-owcwb.kvugl,2.1925116231686785,1
1759296531,1,N/A,N/A,N/A,N/A,N/A,N/A,N/A,N/A,N/A,234807296,169218048,10608640,1056768,19558400,1,systemd,S (sleeping),learner-attacker.bnsdq.ozxfs.igokp-owcwb.kvugl,1.2370469058446605,1
1759296531,61981,1,101,101,101,101,102,102,102,102,16568320,16560128,7294976,135168,622592,1,systemd-network,S (sleeping),learner-attacker.bnsdq.ozxfs.igokp-owcwb.kvugl,0.7018257407110977,1
1759296531,3353,1,N/A,N/A,N/A,N/A,N/A,N/A,N/A,N/A,1931411456,1931411456,59691008,135168,196419584,14,discern-network,S (sleeping),learner-attacker.bnsdq.ozxfs.igokp-owcwb.kvugl,0.42676380780487483,1
1759296535,39728,39727,1001,1001,1001,1001,1001,1001,1001,1001,716877824,653615104,273989632,135168,289439744,1,python3,R (running),learner-attacker.bnsdq.ozxfs.igokp-owcwb.kvugl,85.287161083982,0
1759296535,32255,1,N/A,N/A,N/A,N/A,N/A,N/A,N/A,N/A,1264619520,1264619520,16986112,135168,45826048,4,discern-proc-so,S (sleeping),learner-attacker.bnsdq.ozxfs.igokp-owcwb.kvugl,2.4648611256338997,0
1759296535,1,N/A,N/A,N/A,N/A,N/A,N/A,N/A,N/A,N/A,234917888,169345024,10801152,1060864,19681280,1,systemd,S (sleeping),learner-attacker.bnsdq.ozxfs.igokp-owcwb.kvugl,1.4235121909176598,0
1759296535,39884,1,101,101,101,101,102,102,102,102,16568320,16568320,7299072,135168,630784,1,systemd-network,S (sleeping),learner-attacker.bnsdq.ozxfs.igokp-owcwb.kvugl,0.4161343987802948,0
1759296535,3277,1,N/A,N/A,N/A,N/A,N/A,N/A,N/A,N/A,1953140736,1921835008,46366720,135168,178851840,13,discern-network,S (sleeping),learner-attacker.bnsdq.ozxfs.igokp-owcwb.kvugl,0.33051817362658087,0
1759296537,58858,58857,1001,1001,1001,1001,1001,1001,1001,1001,247201792,180092928,20758528,135168,28295168,3,server.py,R (running),learner-attacker.bnsdq.ozxfs.igokp-owcwb.kvugl,93.72951644920718,1
1759296537,57651,1,N/A,N/A,N/A,N/A,N/A,N/A,N/A,N/A,1264619520,1264619520,16855040,135168,45826048,4,discern-proc-so,S (sleeping),learner-attacker.bnsdq.ozxfs.igokp-owcwb.kvugl,2.187948302306979,1
1759296537,1,N/A,N/A,N/A,N/A,N/A,N/A,N/A,N/A,N/A,234807296,169353216,10608640,1056768,19693568,1,systemd,S (sleeping),learner-attacker.bnsdq.ozxfs.igokp-owcwb.kvugl,1.2361592751741493,1
1759296537,62034,1,101,101,101,101,102,102,102,102,16568320,16560128,7282688,135168,622592,1,systemd-network,S (sleeping),learner-attacker.bnsdq.ozxfs.igokp-owcwb.kvugl,0.4936152012732384,1
1759296537,3353,1,N/A,N/A,N/A,N/A,N/A,N/A,N/A,N/A,1931411456,1931411456,59691008,135168,196419584,14,discern-network,S (sleeping),learner-attacker.bnsdq.ozxfs.igokp-owcwb.kvugl,0.42670407200302785,1
1759296540,39728,39727,1001,1001,1001,1001,1001,1001,1001,1001,716877824,649887744,273989632,135168,285712384,1,python3,R (running),learner-attacker.bnsdq.ozxfs.igokp-owcwb.kvugl,87.57361883350748,0
1759296541,32255,1,N/A,N/A,N/A,N/A,N/A,N/A,N/A,N/A,1264619520,1264619520,16986112,135168,45826048,4,discern-proc-so,S (sleeping),learner-attacker.bnsdq.ozxfs.igokp-owcwb.kvugl,2.460103546578208,0
1759296541,1,N/A,N/A,N/A,N/A,N/A,N/A,N/A,N/A,N/A,234917888,169500672,10801152,1060864,19836928,1,systemd,S (sleeping),learner-attacker.bnsdq.ozxfs.igokp-owcwb.kvugl,1.4225178300344963,0
1759296541,39937,1,101,101,101,101,102,102,102,102,16568320,16568320,6103040,135168,630784,1,systemd-network,S (sleeping),learner-attacker.bnsdq.ozxfs.igokp-owcwb.kvugl,0.3333427905460868,0
1759296541,3277,1,N/A,N/A,N/A,N/A,N/A,N/A,N/A,N/A,1953140736,1921835008,46366720,135168,178851840,13,discern-network,S (sleeping),learner-attacker.bnsdq.ozxfs.igokp-owcwb.kvugl,0.33019714118533994,0
1759296542,58858,58857,1001,1001,1001,1001,1001,1001,1001,1001,247201792,180092928,20758528,135168,28295168,3,server.py,R (running),learner-attacker.bnsdq.ozxfs.igokp-owcwb.kvugl,93.74004727470528,1
1759296542,57651,1,N/A,N/A,N/A,N/A,N/A,N/A,N/A,N/A,1264619520,1264619520,16855040,135168,45826048,4,discern-proc-so,R (running),learner-attacker.bnsdq.ozxfs.igokp-owcwb.kvugl,2.1835341639746293,1
1759296542,1,N/A,N/A,N/A,N/A,N/A,N/A,N/A,N/A,N/A,234807296,169353216,10608640,1056768,19693568,1,systemd,S (sleeping),learner-attacker.bnsdq.ozxfs.igokp-owcwb.kvugl,1.235531953961456,1
1759296542,62099,1,101,101,101,101,102,102,102,102,16568320,16560128,7307264,135168,622592,1,systemd-network,S (sleeping),learner-attacker.bnsdq.ozxfs.igokp-owcwb.kvugl,0.4701272525144464,1
1759296542,3353,1,N/A,N/A,N/A,N/A,N/A,N/A,N/A,N/A,1931411456,1931411456,59691008,135168,196419584,14,discern-network,S (sleeping),learner-attacker.bnsdq.ozxfs.igokp-owcwb.kvugl,0.4263734087410933,1
1759296546,39728,39727,1001,1001,1001,1001,1001,1001,1001,1001,716877824,655646720,273989632,135168,291471360,1,python3,R (running),learner-attacker.bnsdq.ozxfs.igokp-owcwb.kvugl,88.65038049121274,0
1759296546,32255,1,N/A,N/A,N/A,N/A,N/A,N/A,N/A,N/A,1264619520,1264619520,16986112,135168,45826048,4,discern-proc-so,S (sleeping),learner-attacker.bnsdq.ozxfs.igokp-owcwb.kvugl,2.457113804776911,0
1759296546,1,N/A,N/A,N/A,N/A,N/A,N/A,N/A,N/A,N/A,234917888,169357312,10801152,1060864,19693568,1,systemd,S (sleeping),learner-attacker.bnsdq.ozxfs.igokp-owcwb.kvugl,1.4211132677034344,0
1759296546,40053,1,101,101,101,101,102,102,102,102,16568320,16568320,6197248,135168,630784,1,systemd-network,S (sleeping),learner-attacker.bnsdq.ozxfs.igokp-owcwb.kvugl,1.3676305317124813,0
1759296546,3277,1,N/A,N/A,N/A,N/A,N/A,N/A,N/A,N/A,1953140736,1921835008,46366720,135168,178851840,13,discern-network,S (sleeping),learner-attacker.bnsdq.ozxfs.igokp-owcwb.kvugl,0.33032452695524567,0
1759296547,58858,58857,1001,1001,1001,1001,1001,1001,1001,1001,247201792,180092928,20758528,135168,28295168,3,server.py,R (running),learner-attacker.bnsdq.ozxfs.igokp-owcwb.kvugl,93.76842692355507,1
1759296547,57651,1,N/A,N/A,N/A,N/A,N/A,N/A,N/A,N/A,1264619520,1264619520,16855040,135168,45826048,4,discern-proc-so,S (sleeping),learner-attacker.bnsdq.ozxfs.igokp-owcwb.kvugl,2.1824224964927077,1
1759296547,1,N/A,N/A,N/A,N/A,N/A,N/A,N/A,N/A,N/A,234807296,169500672,10608640,1056768,19841024,1,systemd,S (sleeping),learner-attacker.bnsdq.ozxfs.igokp-owcwb.kvugl,1.2346494529082424,1
1759296547,62151,1,101,101,101,101,102,102,102,102,16568320,16560128,7340032,135168,622592,1,systemd-network,S (sleeping),learner-attacker.bnsdq.ozxfs.igokp-owcwb.kvugl,0.6735702180550888,1
1759296547,3353,1,N/A,N/A,N/A,N/A,N/A,N/A,N/A,N/A,1931411456,1931411456,59691008,135168,196419584,14,discern-network,S (sleeping),learner-attacker.bnsdq.ozxfs.igokp-owcwb.kvugl,0.42604398569922247,1
1759296551,39728,39727,1001,1001,1001,1001,1001,1001,1001,1001,718614528,667402240,274972672,135168,303226880,1,python3,R (running),learner-attacker.bnsdq.ozxfs.igokp-owcwb.kvugl,89.45656791449008,0
1759296551,32255,1,N/A,N/A,N/A,N/A,N/A,N/A,N/A,N/A,1264619520,1264619520,16986112,135168,45826048,4,discern-proc-so,S (sleeping),learner-attacker.bnsdq.ozxfs.igokp-owcwb.kvugl,2.4556022130192505,0
1759296551,1,N/A,N/A,N/A,N/A,N/A,N/A,N/A,N/A,N/A,234917888,169357312,10801152,1060864,19693568,1,systemd,S (sleeping),learner-attacker.bnsdq.ozxfs.igokp-owcwb.kvugl,1.420507473969423,0
1759296551,40119,1,101,101,101,101,102,102,102,102,16568320,16568320,6139904,135168,630784,1,systemd-network,S (sleeping),learner-attacker.bnsdq.ozxfs.igokp-owcwb.kvugl,0.8176180534383223,0
1759296551,3277,1,N/A,N/A,N/A,N/A,N/A,N/A,N/A,N/A,1953140736,1921835008,46366720,135168,178851840,13,discern-network,S (sleeping),learner-attacker.bnsdq.ozxfs.igokp-owcwb.kvugl,0.33044266450144977,0
1759296552,58858,58857,1001,1001,1001,1001,1001,1001,1001,1001,247201792,180092928,20758528,135168,28295168,3,server.py,R (running),learner-attacker.bnsdq.ozxfs.igokp-owcwb.kvugl,93.78846862923382,1
1759296552,57651,1,N/A,N/A,N/A,N/A,N/A,N/A,N/A,N/A,1264619520,1264619520,16855040,135168,45826048,4,discern-proc-so,S (sleeping),learner-attacker.bnsdq.ozxfs.igokp-owcwb.kvugl,2.181370298199086,1
1759296552,1,N/A,N/A,N/A,N/A,N/A,N/A,N/A,N/A,N/A,234807296,169213952,10608640,1056768,19554304,1,systemd,S (sleeping),learner-attacker.bnsdq.ozxfs.igokp-owcwb.kvugl,1.2340277591728603,1
1759296552,62216,1,101,101,101,101,102,102,102,102,16568320,16560128,7397376,135168,622592,1,systemd-network,S (sleeping),learner-attacker.bnsdq.ozxfs.igokp-owcwb.kvugl,0.6451165336635573,1
1759296552,3353,1,N/A,N/A,N/A,N/A,N/A,N/A,N/A,N/A,1931411456,1931411456,59691008,135168,196419584,14,discern-network,S (sleeping),learner-attacker.bnsdq.ozxfs.igokp-owcwb.kvugl,0.42598617281774354,1
1759296556,39728,39727,1001,1001,1001,1001,1001,1001,1001,1001,721346560,658173952,277442560,135168,293998592,1,python3,R (running),learner-attacker.bnsdq.ozxfs.igokp-owcwb.kvugl,90.23613076570396,0
1759296556,32255,1,N/A,N/A,N/A,N/A,N/A,N/A,N/A,N/A,1264619520,1264619520,16986112,135168,45826048,4,discern-proc-so,S (sleeping),learner-attacker.bnsdq.ozxfs.igokp-owcwb.kvugl,2.4509657954981985,0
1759296556,1,N/A,N/A,N/A,N/A,N/A,N/A,N/A,N/A,N/A,234917888,169357312,10801152,1060864,19693568,1,systemd,S (sleeping),learner-attacker.bnsdq.ozxfs.igokp-owcwb.kvugl,1.4186886161135503,0
1759296556,40172,1,101,101,101,101,102,102,102,102,16568320,16568320,7512064,135168,630784,1,systemd-network,S (sleeping),learner-attacker.bnsdq.ozxfs.igokp-owcwb.kvugl,0.5464204376617771,0
1759296556,3277,1,N/A,N/A,N/A,N/A,N/A,N/A,N/A,N/A,1953140736,1921835008,46366720,135168,178851840,13,discern-network,S (sleeping),learner-attacker.bnsdq.ozxfs.igokp-owcwb.kvugl,0.3301210400873997,0
1759296557,58858,58857,1001,1001,1001,1001,1001,1001,1001,1001,247201792,180092928,20758528,135168,28295168,3,server.py,R (running),learner-attacker.bnsdq.ozxfs.igokp-owcwb.kvugl,93.7925816273889,1
1759296557,57651,1,N/A,N/A,N/A,N/A,N/A,N/A,N/A,N/A,1264619520,1264619520,16855040,135168,45826048,4,discern-proc-so,S (sleeping),learner-attacker.bnsdq.ozxfs.igokp-owcwb.kvugl,2.177264055520577,1
1759296557,1,N/A,N/A,N/A,N/A,N/A,N/A,N/A,N/A,N/A,234807296,169226240,10608640,1056768,19566592,1,systemd,S (sleeping),learner-attacker.bnsdq.ozxfs.igokp-owcwb.kvugl,1.2336625546973834,1
1759296557,3353,1,N/A,N/A,N/A,N/A,N/A,N/A,N/A,N/A,1931411456,1931411456,59691008,135168,196419584,14,discern-network,S (sleeping),learner-attacker.bnsdq.ozxfs.igokp-owcwb.kvugl,0.42592776441850866,1
1759296557,62269,1,101,101,101,101,102,102,102,102,16568320,16560128,7409664,135168,622592,1,systemd-network,S (sleeping),learner-attacker.bnsdq.ozxfs.igokp-owcwb.kvugl,0.3416548909429192,1
1759296561,39728,39727,1001,1001,1001,1001,1001,1001,1001,1001,721346560,654946304,277442560,135168,290770944,1,python3,R (running),learner-attacker.bnsdq.ozxfs.igokp-owcwb.kvugl,90.76921865438777,0
1759296561,32255,1,N/A,N/A,N/A,N/A,N/A,N/A,N/A,N/A,1264619520,1264619520,16986112,135168,45826048,4,discern-proc-so,S (sleeping),learner-attacker.bnsdq.ozxfs.igokp-owcwb.kvugl,2.446532563382338,0
1759296561,1,N/A,N/A,N/A,N/A,N/A,N/A,N/A,N/A,N/A,234917888,169209856,10801152,1060864,19546112,1,systemd,S (sleeping),learner-attacker.bnsdq.ozxfs.igokp-owcwb.kvugl,1.4177193992790396,0
1759296561,40236,1,101,101,101,101,102,102,102,102,16568320,16568320,6189056,135168,630784,1,systemd-network,S (sleeping),learner-attacker.bnsdq.ozxfs.igokp-owcwb.kvugl,0.5203839934094575,0
1759296561,3277,1,N/A,N/A,N/A,N/A,N/A,N/A,N/A,N/A,1953140736,1921835008,46366720,135168,178851840,13,discern-network,S (sleeping),learner-attacker.bnsdq.ozxfs.igokp-owcwb.kvugl,0.32936153134665214,0
1759296563,58858,58857,1001,1001,1001,1001,1001,1001,1001,1001,247201792,180092928,20758528,135168,28295168,3,server.py,R (running),learner-attacker.bnsdq.ozxfs.igokp-owcwb.kvugl,93.77525878919116,1
1759296563,57651,1,N/A,N/A,N/A,N/A,N/A,N/A,N/A,N/A,1264619520,1264619520,16855040,135168,45826048,4,discern-proc-so,R (running),learner-attacker.bnsdq.ozxfs.igokp-owcwb.kvugl,2.1761920833482415,1
1759296563,1,N/A,N/A,N/A,N/A,N/A,N/A,N/A,N/A,N/A,234807296,169496576,10608640,1056768,19836928,1,systemd,S (sleeping),learner-attacker.bnsdq.ozxfs.igokp-owcwb.kvugl,1.2330374007783178,1
1759296563,62401,1,101,101,101,101,102,102,102,102,16568320,16560128,7307264,135168,622592,1,systemd-network,S (sleeping),learner-attacker.bnsdq.ozxfs.igokp-owcwb.kvugl,0.9660612757219871,1
1759296563,3353,1,N/A,N/A,N/A,N/A,N/A,N/A,N/A,N/A,1931411456,1931411456,59691008,135168,196419584,14,discern-network,S (sleeping),learner-attacker.bnsdq.ozxfs.igokp-owcwb.kvugl,0.42559837638229553,1
1759296567,39728,39727,1001,1001,1001,1001,1001,1001,1001,1001,721346560,654946304,277442560,135168,290770944,1,python3,R (running),learner-attacker.bnsdq.ozxfs.igokp-owcwb.kvugl,91.2414422514037,0
1759296567,32255,1,N/A,N/A,N/A,N/A,N/A,N/A,N/A,N/A,1264619520,1264619520,16986112,135168,45826048,4,discern-proc-so,S (sleeping),learner-attacker.bnsdq.ozxfs.igokp-owcwb.kvugl,2.445368096533987,0
1759296567,1,N/A,N/A,N/A,N/A,N/A,N/A,N/A,N/A,N/A,234917888,169345024,10801152,1060864,19681280,1,systemd,S (sleeping),learner-attacker.bnsdq.ozxfs.igokp-owcwb.kvugl,1.4163347599218337,0
1759296567,40288,1,101,101,101,101,102,102,102,102,16568320,16568320,6078464,135168,630784,1,systemd-network,S (sleeping),learner-attacker.bnsdq.ozxfs.igokp-owcwb.kvugl,0.3967616935078792,0
1759296567,3277,1,N/A,N/A,N/A,N/A,N/A,N/A,N/A,N/A,1953140736,1921835008,46366720,135168,178851840,13,discern-network,S (sleeping),learner-attacker.bnsdq.ozxfs.igokp-owcwb.kvugl,0.32904626866078224,0
1759296568,58858,58857,1001,1001,1001,1001,1001,1001,1001,1001,247201792,180092928,20758528,135168,28295168,3,server.py,R (running),learner-attacker.bnsdq.ozxfs.igokp-owcwb.kvugl,93.77813642462856,1
1759296568,57651,1,N/A,N/A,N/A,N/A,N/A,N/A,N/A,N/A,1264619520,1264619520,16855040,135168,45826048,4,discern-proc-so,R (running),learner-attacker.bnsdq.ozxfs.igokp-owcwb.kvugl,2.175007541998683,1
1759296568,1,N/A,N/A,N/A,N/A,N/A,N/A,N/A,N/A,N/A,234807296,169213952,10608640,1056768,19554304,1,systemd,R (running),learner-attacker.bnsdq.ozxfs.igokp-owcwb.kvugl,1.2329193134035674,1
1759296568,62466,1,101,101,101,101,102,102,102,102,16568320,16560128,7233536,135168,622592,1,systemd-network,S (sleeping),learner-attacker.bnsdq.ozxfs.igokp-owcwb.kvugl,0.8656964635568816,1
1759296568,3353,1,N/A,N/A,N/A,N/A,N/A,N/A,N/A,N/A,1931411456,1931411456,59691008,135168,196419584,14,discern-network,S (sleeping),learner-attacker.bnsdq.ozxfs.igokp-owcwb.kvugl,0.4252672452829026,1
1759296572,39728,39727,1001,1001,1001,1001,1001,1001,1001,1001,974553088,835739648,493842432,135168,471564288,1,python3,R (running),learner-attacker.bnsdq.ozxfs.igokp-owcwb.kvugl,91.37307967211328,0
1759296572,32255,1,N/A,N/A,N/A,N/A,N/A,N/A,N/A,N/A,1264619520,1264619520,16986112,135168,45826048,4,discern-proc-so,S (sleeping),learner-attacker.bnsdq.ozxfs.igokp-owcwb.kvugl,2.439434360379956,0
1759296572,1,N/A,N/A,N/A,N/A,N/A,N/A,N/A,N/A,N/A,234917888,169345024,10801152,1060864,19681280,1,systemd,S (sleeping),learner-attacker.bnsdq.ozxfs.igokp-owcwb.kvugl,1.4149631437164547,0
1759296572,40352,1,101,101,101,101,102,102,102,102,16568320,16568320,7147520,135168,630784,1,systemd-network,S (sleeping),learner-attacker.bnsdq.ozxfs.igokp-owcwb.kvugl,0.7098289741453213,0
1759296572,3277,1,N/A,N/A,N/A,N/A,N/A,N/A,N/A,N/A,1953140736,1921835008,46366720,135168,178851840,13,discern-network,S (sleeping),learner-attacker.bnsdq.ozxfs.igokp-owcwb.kvugl,0.3291760429989147,0
1759296573,58858,58857,1001,1001,1001,1001,1001,1001,1001,1001,247201792,180092928,20758528,135168,28295168,3,server.py,R (running),learner-attacker.bnsdq.ozxfs.igokp-owcwb.kvugl,93.80266741761135,1
1759296573,57651,1,N/A,N/A,N/A,N/A,N/A,N/A,N/A,N/A,1264619520,1264619520,16855040,135168,45826048,4,discern-proc-so,S (sleeping),learner-attacker.bnsdq.ozxfs.igokp-owcwb.kvugl,2.1739071726732857,1
1759296573,1,N/A,N/A,N/A,N/A,N/A,N/A,N/A,N/A,N/A,234807296,169213952,10608640,1056768,19554304,1,systemd,S (sleeping),learner-attacker.bnsdq.ozxfs.igokp-owcwb.kvugl,1.2322921596308702,1
1759296573,62520,1,101,101,101,101,102,102,102,102,16568320,16560128,7319552,135168,622592,1,systemd-network,S (sleeping),learner-attacker.bnsdq.ozxfs.igokp-owcwb.kvugl,0.5647454615752263,1
1759296573,3353,1,N/A,N/A,N/A,N/A,N/A,N/A,N/A,N/A,1931411456,1931411456,59691008,135168,196419584,14,discern-network,S (sleeping),learner-attacker.bnsdq.ozxfs.igokp-owcwb.kvugl,0.425206898975161,1
1759296577,39728,39727,1001,1001,1001,1001,1001,1001,1001,1001,974553088,892362752,493842432,135168,528187392,1,python3,R (running),learner-attacker.bnsdq.ozxfs.igokp-owcwb.kvugl,91.58530204597977,0
1759296577,32255,1,N/A,N/A,N/A,N/A,N/A,N/A,N/A,N/A,1264619520,1264619520,16986112,135168,45826048,4,discern-proc-so,S (sleeping),learner-attacker.bnsdq.ozxfs.igokp-owcwb.kvugl,2.4398665258675716,0
1759296577,1,N/A,N/A,N/A,N/A,N/A,N/A,N/A,N/A,N/A,234917888,169345024,10801152,1060864,19681280,1,systemd,S (sleeping),learner-attacker.bnsdq.ozxfs.igokp-owcwb.kvugl,1.4139874656249891,0
1759296577,40409,1,101,101,101,101,102,102,102,102,16568320,16568320,7278592,135168,630784,1,systemd-network,S (sleeping),learner-attacker.bnsdq.ozxfs.igokp-owcwb.kvugl,0.3673148338998134,0
1759296577,3277,1,N/A,N/A,N/A,N/A,N/A,N/A,N/A,N/A,1953140736,1921835008,46366720,135168,178851840,13,discern-network,S (sleeping),learner-attacker.bnsdq.ozxfs.igokp-owcwb.kvugl,0.32885961893381516,0
1759296578,58858,58857,1001,1001,1001,1001,1001,1001,1001,1001,247201792,180092928,20758528,135168,28295168,3,server.py,R (running),learner-attacker.bnsdq.ozxfs.igokp-owcwb.kvugl,93.80960695937785,1
1759296578,57651,1,N/A,N/A,N/A,N/A,N/A,N/A,N/A,N/A,1264619520,1264619520,16855040,135168,45826048,4,discern-proc-so,S (sleeping),learner-attacker.bnsdq.ozxfs.igokp-owcwb.kvugl,2.1701517005929323,1
1759296578,1,N/A,N/A,N/A,N/A,N/A,N/A,N/A,N/A,N/A,234807296,169213952,10608640,1056768,19554304,1,systemd,S (sleeping),learner-attacker.bnsdq.ozxfs.igokp-owcwb.kvugl,1.2316752450407067,1
1759296578,62585,1,101,101,101,101,102,102,102,102,16568320,16560128,7204864,135168,622592,1,systemd-network,S (sleeping),learner-attacker.bnsdq.ozxfs.igokp-owcwb.kvugl,0.5339426809659371,1
1759296578,3353,1,N/A,N/A,N/A,N/A,N/A,N/A,N/A,N/A,1931411456,1931411456,59691008,135168,196419584,14,discern-network,S (sleeping),learner-attacker.bnsdq.ozxfs.igokp-owcwb.kvugl,0.4251497640550951,1
1759296582,32255,1,N/A,N/A,N/A,N/A,N/A,N/A,N/A,N/A,1264619520,1264619520,16986112,135168,45826048,4,discern-proc-so,S (sleeping),learner-attacker.bnsdq.ozxfs.igokp-owcwb.kvugl,2.4403890888435757,0
1759296582,1,N/A,N/A,N/A,N/A,N/A,N/A,N/A,N/A,N/A,234917888,169484288,10801152,1060864,19820544,1,systemd,S (sleeping),learner-attacker.bnsdq.ozxfs.igokp-owcwb.kvugl,1.4142560318800357,0
1759296582,40528,1,101,101,101,101,102,102,102,102,16568320,16568320,6086656,135168,630784,1,systemd-network,S (sleeping),learner-attacker.bnsdq.ozxfs.igokp-owcwb.kvugl,1.221488647171812,0
1759296582,3277,1,N/A,N/A,N/A,N/A,N/A,N/A,N/A,N/A,1953140736,1921835008,46366720,135168,178851840,13,discern-network,S (sleeping),learner-attacker.bnsdq.ozxfs.igokp-owcwb.kvugl,0.3289882485399952,0
1759296582,337,1,103,103,103,103,109,109,109,109,101564416,101564416,95657984,135168,93835264,1,dbus-daemon,S (sleeping),learner-attacker.bnsdq.ozxfs.igokp-owcwb.kvugl,0.27763721701708566,0
1759296583,58858,58857,1001,1001,1001,1001,1001,1001,1001,1001,247201792,180092928,20758528,135168,28295168,3,server.py,R (running),learner-attacker.bnsdq.ozxfs.igokp-owcwb.kvugl,93.84077342300262,1
1759296583,57651,1,N/A,N/A,N/A,N/A,N/A,N/A,N/A,N/A,1264619520,1264619520,16855040,135168,45826048,4,discern-proc-so,S (sleeping),learner-attacker.bnsdq.ozxfs.igokp-owcwb.kvugl,2.1665421615215297,1
1759296583,1,N/A,N/A,N/A,N/A,N/A,N/A,N/A,N/A,N/A,234807296,169349120,10608640,1056768,19689472,1,systemd,S (sleeping),learner-attacker.bnsdq.ozxfs.igokp-owcwb.kvugl,1.2308065385077431,1
1759296583,62643,1,101,101,101,101,102,102,102,102,16568320,16560128,7282688,135168,622592,1,systemd-network,S (sleeping),learner-attacker.bnsdq.ozxfs.igokp-owcwb.kvugl,0.5070923437457346,1
1759296583,3353,1,N/A,N/A,N/A,N/A,N/A,N/A,N/A,N/A,1931411456,1931411456,59691008,135168,196419584,14,discern-network,S (sleeping),learner-attacker.bnsdq.ozxfs.igokp-owcwb.kvugl,0.42455739337978204,1
1759296587,32255,1,N/A,N/A,N/A,N/A,N/A,N/A,N/A,N/A,1264619520,1264619520,16986112,135168,45826048,4,discern-proc-so,S (sleeping),learner-attacker.bnsdq.ozxfs.igokp-owcwb.kvugl,2.444218703772223,0
1759296587,1,N/A,N/A,N/A,N/A,N/A,N/A,N/A,N/A,N/A,234917888,169209856,10801152,1060864,19546112,1,systemd,S (sleeping),learner-attacker.bnsdq.ozxfs.igokp-owcwb.kvugl,1.4145487278289406,0
1759296587,40592,1,101,101,101,101,102,102,102,102,16568320,16568320,6074368,135168,630784,1,systemd-network,S (sleeping),learner-attacker.bnsdq.ozxfs.igokp-owcwb.kvugl,1.119687321313999,0
1759296587,3277,1,N/A,N/A,N/A,N/A,N/A,N/A,N/A,N/A,1953140736,1921835008,46366720,135168,178851840,13,discern-network,S (sleeping),learner-attacker.bnsdq.ozxfs.igokp-owcwb.kvugl,0.32912256032989096,0
1759296587,337,1,103,103,103,103,109,109,109,109,101564416,101564416,95928320,135168,93835264,1,dbus-daemon,S (sleeping),learner-attacker.bnsdq.ozxfs.igokp-owcwb.kvugl,0.27746195339972535,0
1759296589,58858,58857,1001,1001,1001,1001,1001,1001,1001,1001,247201792,180092928,20758528,135168,28295168,3,server.py,R (running),learner-attacker.bnsdq.ozxfs.igokp-owcwb.kvugl,93.8515023359097,1
1759296589,57651,1,N/A,N/A,N/A,N/A,N/A,N/A,N/A,N/A,1264619520,1264619520,16855040,135168,45826048,4,discern-proc-so,S (sleeping),learner-attacker.bnsdq.ozxfs.igokp-owcwb.kvugl,2.163020419673326,1
1759296589,1,N/A,N/A,N/A,N/A,N/A,N/A,N/A,N/A,N/A,234807296,169349120,10608640,1056768,19689472,1,systemd,S (sleeping),learner-attacker.bnsdq.ozxfs.igokp-owcwb.kvugl,1.2301942715826806,1
1759296589,62708,1,101,101,101,101,102,102,102,102,16568320,16560128,7204864,135168,622592,1,systemd-network,S (sleeping),learner-attacker.bnsdq.ozxfs.igokp-owcwb.kvugl,0.7237625428066763,1
1759296589,3353,1,N/A,N/A,N/A,N/A,N/A,N/A,N/A,N/A,1931411456,1931411456,59691008,135168,196419584,14,discern-network,S (sleeping),learner-attacker.bnsdq.ozxfs.igokp-owcwb.kvugl,0.42450170336435594,1
1759296592,32255,1,N/A,N/A,N/A,N/A,N/A,N/A,N/A,N/A,1264619520,1264619520,16986112,135168,45826048,4,discern-proc-so,S (sleeping),learner-attacker.bnsdq.ozxfs.igokp-owcwb.kvugl,2.444819651025154,0
1759296592,1,N/A,N/A,N/A,N/A,N/A,N/A,N/A,N/A,N/A,234917888,169480192,10801152,1060864,19816448,1,systemd,S (sleeping),learner-attacker.bnsdq.ozxfs.igokp-owcwb.kvugl,1.4152397812373492,0
1759296592,40647,1,101,101,101,101,102,102,102,102,16568320,16568320,6057984,135168,630784,1,systemd-network,S (sleeping),learner-attacker.bnsdq.ozxfs.igokp-owcwb.kvugl,0.6785512088117007,0
1759296592,3277,1,N/A,N/A,N/A,N/A,N/A,N/A,N/A,N/A,1953140736,1921835008,46366720,135168,178851840,13,discern-network,S (sleeping),learner-attacker.bnsdq.ozxfs.igokp-owcwb.kvugl,0.32925448434201926,0
1759296592,337,1,103,103,103,103,109,109,109,109,101990400,101990400,96198656,135168,94261248,1,dbus-daemon,S (sleeping),learner-attacker.bnsdq.ozxfs.igokp-owcwb.kvugl,0.277693197529222,0
1759296594,58858,58857,1001,1001,1001,1001,1001,1001,1001,1001,247201792,180092928,20758528,135168,28295168,3,server.py,R (running),learner-attacker.bnsdq.ozxfs.igokp-owcwb.kvugl,93.87098479527603,1
1759296594,57651,1,N/A,N/A,N/A,N/A,N/A,N/A,N/A,N/A,1264619520,1264619520,16855040,135168,45826048,4,discern-proc-so,S (sleeping),learner-attacker.bnsdq.ozxfs.igokp-owcwb.kvugl,2.1596335538876916,1
1759296594,1,N/A,N/A,N/A,N/A,N/A,N/A,N/A,N/A,N/A,234807296,169349120,10608640,1056768,19689472,1,systemd,S (sleeping),learner-attacker.bnsdq.ozxfs.igokp-owcwb.kvugl,1.2298400307136088,1
1759296594,3353,1,N/A,N/A,N/A,N/A,N/A,N/A,N/A,N/A,1931411456,1931411456,59691008,135168,196419584,14,discern-network,S (sleeping),learner-attacker.bnsdq.ozxfs.igokp-owcwb.kvugl,0.4241795355113439,1
1759296594,62760,1,101,101,101,101,102,102,102,102,16568320,16560128,7311360,135168,622592,1,systemd-network,S (sleeping),learner-attacker.bnsdq.ozxfs.igokp-owcwb.kvugl,0.3744953966636367,1
1759296598,32255,1,N/A,N/A,N/A,N/A,N/A,N/A,N/A,N/A,1264619520,1264619520,16986112,135168,45826048,4,discern-proc-so,S (sleeping),learner-attacker.bnsdq.ozxfs.igokp-owcwb.kvugl,2.447011930600625,0
1759296598,1,N/A,N/A,N/A,N/A,N/A,N/A,N/A,N/A,N/A,234917888,169480192,10801152,1060864,19816448,1,systemd,S (sleeping),learner-attacker.bnsdq.ozxfs.igokp-owcwb.kvugl,1.4163419366074843,0
1759296598,40711,1,101,101,101,101,102,102,102,102,16568320,16568320,6160384,135168,630784,1,systemd-network,S (sleeping),learner-attacker.bnsdq.ozxfs.igokp-owcwb.kvugl,0.6463410148776164,0
1759296598,3277,1,N/A,N/A,N/A,N/A,N/A,N/A,N/A,N/A,1953140736,1921835008,46366720,135168,178851840,13,discern-network,S (sleeping),learner-attacker.bnsdq.ozxfs.igokp-owcwb.kvugl,0.32938789347598624,0
1759296598,337,1,103,103,103,103,109,109,109,109,102125568,102125568,96198656,135168,94396416,1,dbus-daemon,S (sleeping),learner-attacker.bnsdq.ozxfs.igokp-owcwb.kvugl,0.27792511948483684,0
1759296599,58858,58857,1001,1001,1001,1001,1001,1001,1001,1001,247201792,180092928,20758528,135168,28295168,3,server.py,R (running),learner-attacker.bnsdq.ozxfs.igokp-owcwb.kvugl,93.85889215345381,1
1759296599,57651,1,N/A,N/A,N/A,N/A,N/A,N/A,N/A,N/A,1264619520,1264619520,16855040,135168,45826048,4,discern-proc-so,R (running),learner-attacker.bnsdq.ozxfs.igokp-owcwb.kvugl,2.1589939003023426,1
1759296599,62877,1,101,101,101,101,102,102,102,102,16568320,16560128,7356416,135168,622592,1,systemd-network,S (sleeping),learner-attacker.bnsdq.ozxfs.igokp-owcwb.kvugl,1.2960229276201989,1
1759296599,1,N/A,N/A,N/A,N/A,N/A,N/A,N/A,N/A,N/A,234807296,169484288,10608640,1056768,19824640,1,systemd,S (sleeping),learner-attacker.bnsdq.ozxfs.igokp-owcwb.kvugl,1.2292298984851384,1
1759296599,3353,1,N/A,N/A,N/A,N/A,N/A,N/A,N/A,N/A,1931411456,1931411456,59691008,135168,196419584,14,discern-network,S (sleeping),learner-attacker.bnsdq.ozxfs.igokp-owcwb.kvugl,0.42385732077179256,1
1759296603,32255,1,N/A,N/A,N/A,N/A,N/A,N/A,N/A,N/A,1264619520,1264619520,16986112,135168,45826048,4,discern-proc-so,S (sleeping),learner-attacker.bnsdq.ozxfs.igokp-owcwb.kvugl,2.452144910052765,0
1759296603,1,N/A,N/A,N/A,N/A,N/A,N/A,N/A,N/A,N/A,234917888,169226240,10801152,1060864,19562496,1,systemd,S (sleeping),learner-attacker.bnsdq.ozxfs.igokp-owcwb.kvugl,1.4162099358298526,0
1759296603,40765,1,101,101,101,101,102,102,102,102,16568320,16568320,6062080,135168,630784,1,systemd-network,S (sleeping),learner-attacker.bnsdq.ozxfs.igokp-owcwb.kvugl,0.46873748752883193,0
1759296603,3277,1,N/A,N/A,N/A,N/A,N/A,N/A,N/A,N/A,1953140736,1921835008,46366720,135168,178851840,13,discern-network,S (sleeping),learner-attacker.bnsdq.ozxfs.igokp-owcwb.kvugl,0.32951702549628964,0
1759296603,337,1,103,103,103,103,109,109,109,109,102260736,102260736,96468992,135168,94531584,1,dbus-daemon,S (sleeping),learner-attacker.bnsdq.ozxfs.igokp-owcwb.kvugl,0.27774769874541594,0
1759296604,58858,58857,1001,1001,1001,1001,1001,1001,1001,1001,247201792,180092928,20758528,135168,28295168,3,server.py,R (running),learner-attacker.bnsdq.ozxfs.igokp-owcwb.kvugl,93.87396679028379,1
1759296604,57651,1,N/A,N/A,N/A,N/A,N/A,N/A,N/A,N/A,1264619520,1264619520,16855040,135168,45826048,4,discern-proc-so,R (running),learner-attacker.bnsdq.ozxfs.igokp-owcwb.kvugl,2.1530932952119577,1
1759296604,62942,1,101,101,101,101,102,102,102,102,16568320,16560128,7380992,135168,622592,1,systemd-network,S (sleeping),learner-attacker.bnsdq.ozxfs.igokp-owcwb.kvugl,1.725455456096603,1
1759296604,1,N/A,N/A,N/A,N/A,N/A,N/A,N/A,N/A,N/A,234807296,169226240,10608640,1056768,19566592,1,systemd,S (sleeping),learner-attacker.bnsdq.ozxfs.igokp-owcwb.kvugl,1.2286238506980747,1
1759296604,3353,1,N/A,N/A,N/A,N/A,N/A,N/A,N/A,N/A,1931411456,1931411456,59691008,135168,196419584,14,discern-network,S (sleeping),learner-attacker.bnsdq.ozxfs.igokp-owcwb.kvugl,0.4240699838065596,1
1759296608,40853,1,N/A,N/A,N/A,N/A,N/A,N/A,N/A,N/A,1332748288,1332748288,126902272,135168,155930624,4,discern-file-so,S (sleeping),learner-attacker.bnsdq.ozxfs.igokp-owcwb.kvugl,45.52877595840307,0
1759296608,32255,1,N/A,N/A,N/A,N/A,N/A,N/A,N/A,N/A,1264619520,1264619520,16986112,135168,45826048,4,discern-proc-so,S (sleeping),learner-attacker.bnsdq.ozxfs.igokp-owcwb.kvugl,2.4510670913259727,0
1759296608,1,N/A,N/A,N/A,N/A,N/A,N/A,N/A,N/A,N/A,234917888,169226240,10801152,1060864,19562496,1,systemd,S (sleeping),learner-attacker.bnsdq.ozxfs.igokp-owcwb.kvugl,1.4164769134028379,0
1759296608,40840,1,101,101,101,101,102,102,102,102,16568320,16568320,6508544,135168,630784,1,systemd-network,S (sleeping),learner-attacker.bnsdq.ozxfs.igokp-owcwb.kvugl,0.5797755789035239,0
1759296608,3277,1,N/A,N/A,N/A,N/A,N/A,N/A,N/A,N/A,1953140736,1921835008,46366720,135168,178851840,13,discern-network,S (sleeping),learner-attacker.bnsdq.ozxfs.igokp-owcwb.kvugl,0.3300788800429555,0
1759296609,58858,58857,1001,1001,1001,1001,1001,1001,1001,1001,247201792,180092928,20758528,135168,28295168,3,server.py,R (running),learner-attacker.bnsdq.ozxfs.igokp-owcwb.kvugl,93.88183338659131,1
1759296609,57651,1,N/A,N/A,N/A,N/A,N/A,N/A,N/A,N/A,1264619520,1264619520,16855040,135168,45826048,4,discern-proc-so,R (running),learner-attacker.bnsdq.ozxfs.igokp-owcwb.kvugl,2.157554539825791,1
1759296609,1,N/A,N/A,N/A,N/A,N/A,N/A,N/A,N/A,N/A,234807296,169496576,10608640,1056768,19836928,1,systemd,S (sleeping),learner-attacker.bnsdq.ozxfs.igokp-owcwb.kvugl,1.2280029996136101,1
1759296609,62994,1,101,101,101,101,102,102,102,102,16568320,16560128,7344128,135168,622592,1,systemd-network,S (sleeping),learner-attacker.bnsdq.ozxfs.igokp-owcwb.kvugl,0.6694725085181423,1
1759296610,3353,1,N/A,N/A,N/A,N/A,N/A,N/A,N/A,N/A,1931411456,1931411456,59691008,135168,196419584,14,discern-network,S (sleeping),learner-attacker.bnsdq.ozxfs.igokp-owcwb.kvugl,0.4237437408247155,1
1759296613,40853,1,N/A,N/A,N/A,N/A,N/A,N/A,N/A,N/A,1399926784,1399926784,149131264,135168,206331904,4,discern-file-so,S (sleeping),learner-attacker.bnsdq.ozxfs.igokp-owcwb.kvugl,64.01067607406596,0
1759296613,32255,1,N/A,N/A,N/A,N/A,N/A,N/A,N/A,N/A,1264619520,1264619520,16986112,135168,45826048,4,discern-proc-so,S (sleeping),learner-attacker.bnsdq.ozxfs.igokp-owcwb.kvugl,2.452707967746561,0
1759296613,1,N/A,N/A,N/A,N/A,N/A,N/A,N/A,N/A,N/A,234917888,169226240,10801152,1060864,19562496,1,systemd,S (sleeping),learner-attacker.bnsdq.ozxfs.igokp-owcwb.kvugl,1.4150803292775438,0
1759296613,40900,1,101,101,101,101,102,102,102,102,16568320,16568320,7077888,135168,630784,1,systemd-network,S (sleeping),learner-attacker.bnsdq.ozxfs.igokp-owcwb.kvugl,0.6358502250725401,0
1759296613,3277,1,N/A,N/A,N/A,N/A,N/A,N/A,N/A,N/A,1953140736,1921835008,46366720,135168,178851840,13,discern-network,S (sleeping),learner-attacker.bnsdq.ozxfs.igokp-owcwb.kvugl,0.32975830395136374,0
1759296615,58858,58857,1001,1001,1001,1001,1001,1001,1001,1001,247201792,180092928,20758528,135168,28295168,3,server.py,R (running),learner-attacker.bnsdq.ozxfs.igokp-owcwb.kvugl,93.8841052970528,1
1759296615,57651,1,N/A,N/A,N/A,N/A,N/A,N/A,N/A,N/A,1264619520,1264619520,16855040,135168,45826048,4,discern-proc-so,S (sleeping),learner-attacker.bnsdq.ozxfs.igokp-owcwb.kvugl,2.1543899220823883,1
1759296615,1,N/A,N/A,N/A,N/A,N/A,N/A,N/A,N/A,N/A,234807296,169218048,10608640,1056768,19558400,1,systemd,S (sleeping),learner-attacker.bnsdq.ozxfs.igokp-owcwb.kvugl,1.2276516204781893,1
1759296615,63059,1,101,101,101,101,102,102,102,102,16568320,16560128,7458816,135168,622592,1,systemd-network,S (sleeping),learner-attacker.bnsdq.ozxfs.igokp-owcwb.kvugl,0.6272175806779704,1
1759296615,3353,1,N/A,N/A,N/A,N/A,N/A,N/A,N/A,N/A,1931411456,1931411456,59691008,135168,196419584,14,discern-network,S (sleeping),learner-attacker.bnsdq.ozxfs.igokp-owcwb.kvugl,0.42368951057825965,1
1759296618,40853,1,N/A,N/A,N/A,N/A,N/A,N/A,N/A,N/A,1534545920,1534545920,234147840,135168,294813696,4,discern-file-so,S (sleeping),learner-attacker.bnsdq.ozxfs.igokp-owcwb.kvugl,67.32450598673468,0
1759296618,32255,1,N/A,N/A,N/A,N/A,N/A,N/A,N/A,N/A,1264619520,1264619520,16986112,135168,45826048,4,discern-proc-so,S (sleeping),learner-attacker.bnsdq.ozxfs.igokp-owcwb.kvugl,2.4499672064054474,0
1759296618,1,N/A,N/A,N/A,N/A,N/A,N/A,N/A,N/A,N/A,234917888,169226240,10801152,1060864,19562496,1,systemd,S (sleeping),learner-attacker.bnsdq.ozxfs.igokp-owcwb.kvugl,1.4141140921163953,0
1759296618,40963,1,101,101,101,101,102,102,102,102,16568320,16568320,7442432,135168,630784,1,systemd-network,S (sleeping),learner-attacker.bnsdq.ozxfs.igokp-owcwb.kvugl,0.40417810229411855,0
1759296618,3277,1,N/A,N/A,N/A,N/A,N/A,N/A,N/A,N/A,1953140736,1921835008,46366720,135168,178851840,13,discern-network,S (sleeping),learner-attacker.bnsdq.ozxfs.igokp-owcwb.kvugl,0.32901165894925377,0
1759296620,58858,58857,1001,1001,1001,1001,1001,1001,1001,1001,247201792,180092928,20758528,135168,28295168,3,server.py,R (running),learner-attacker.bnsdq.ozxfs.igokp-owcwb.kvugl,93.91075102274698,1
1759296620,57651,1,N/A,N/A,N/A,N/A,N/A,N/A,N/A,N/A,1264619520,1264619520,16855040,135168,45826048,4,discern-proc-so,R (running),learner-attacker.bnsdq.ozxfs.igokp-owcwb.kvugl,2.151334199938453,1
1759296620,1,N/A,N/A,N/A,N/A,N/A,N/A,N/A,N/A,N/A,234807296,169234432,10608640,1056768,19574784,1,systemd,S (sleeping),learner-attacker.bnsdq.ozxfs.igokp-owcwb.kvugl,1.2270495802886134,1
1759296620,63112,1,101,101,101,101,102,102,102,102,16568320,16560128,7397376,135168,622592,1,systemd-network,S (sleeping),learner-attacker.bnsdq.ozxfs.igokp-owcwb.kvugl,0.5906382617614712,1
1759296620,3353,1,N/A,N/A,N/A,N/A,N/A,N/A,N/A,N/A,1931411456,1931411456,59691008,135168,196419584,14,discern-network,S (sleeping),learner-attacker.bnsdq.ozxfs.igokp-owcwb.kvugl,0.42337042420979387,1
1759296624,32255,1,N/A,N/A,N/A,N/A,N/A,N/A,N/A,N/A,1264619520,1264619520,16986112,135168,45826048,4,discern-proc-so,S (sleeping),learner-attacker.bnsdq.ozxfs.igokp-owcwb.kvugl,2.454647441607904,0
1759296624,1,N/A,N/A,N/A,N/A,N/A,N/A,N/A,N/A,N/A,234917888,169226240,10801152,1060864,19562496,1,systemd,S (sleeping),learner-attacker.bnsdq.ozxfs.igokp-owcwb.kvugl,1.41314264373431,0
1759296624,41016,1,101,101,101,101,102,102,102,102,16568320,16568320,7401472,135168,630784,1,systemd-network,S (sleeping),learner-attacker.bnsdq.ozxfs.igokp-owcwb.kvugl,0.6457183959498692,0
1759296624,3277,1,N/A,N/A,N/A,N/A,N/A,N/A,N/A,N/A,1953140736,1921835008,46366720,135168,178851840,13,discern-network,S (sleeping),learner-attacker.bnsdq.ozxfs.igokp-owcwb.kvugl,0.3291299680646921,0
1759296624,337,1,103,103,103,103,109,109,109,109,102944768,102944768,96948224,135168,95215616,1,dbus-daemon,S (sleeping),learner-attacker.bnsdq.ozxfs.igokp-owcwb.kvugl,0.2770188804580019,0
1759296625,58858,58857,1001,1001,1001,1001,1001,1001,1001,1001,247201792,180092928,20758528,135168,28295168,3,server.py,R (running),learner-attacker.bnsdq.ozxfs.igokp-owcwb.kvugl,93.90030855081282,1
1759296625,57651,1,N/A,N/A,N/A,N/A,N/A,N/A,N/A,N/A,1264619520,1264619520,16855040,135168,45826048,4,discern-proc-so,R (running),learner-attacker.bnsdq.ozxfs.igokp-owcwb.kvugl,2.1508678200874294,1
1759296625,1,N/A,N/A,N/A,N/A,N/A,N/A,N/A,N/A,N/A,234807296,169234432,10608640,1056768,19574784,1,systemd,S (sleeping),learner-attacker.bnsdq.ozxfs.igokp-owcwb.kvugl,1.22644852467194,1
1759296625,63192,1,101,101,101,101,102,102,102,102,16568320,16560128,7364608,135168,622592,1,systemd-network,S (sleeping),learner-attacker.bnsdq.ozxfs.igokp-owcwb.kvugl,0.5578665807813958,1
1759296625,3353,1,N/A,N/A,N/A,N/A,N/A,N/A,N/A,N/A,1931411456,1931411456,59691008,135168,196419584,14,discern-network,S (sleeping),learner-attacker.bnsdq.ozxfs.igokp-owcwb.kvugl,0.42305205625359327,1
1759296629,32255,1,N/A,N/A,N/A,N/A,N/A,N/A,N/A,N/A,1264619520,1264619520,16986112,135168,45826048,4,discern-proc-so,S (sleeping),learner-attacker.bnsdq.ozxfs.igokp-owcwb.kvugl,2.4551532268652534,0
1759296629,1,N/A,N/A,N/A,N/A,N/A,N/A,N/A,N/A,N/A,234917888,169496576,10801152,1060864,19832832,1,systemd,S (sleeping),learner-attacker.bnsdq.ozxfs.igokp-owcwb.kvugl,1.4138292098466338,0
1759296629,41135,1,101,101,101,101,102,102,102,102,16568320,16568320,6107136,135168,630784,1,systemd-network,S (sleeping),learner-attacker.bnsdq.ozxfs.igokp-owcwb.kvugl,0.8506645524612829,0
1759296629,3277,1,N/A,N/A,N/A,N/A,N/A,N/A,N/A,N/A,1953140736,1921835008,46366720,135168,178851840,13,discern-network,S (sleeping),learner-attacker.bnsdq.ozxfs.igokp-owcwb.kvugl,0.3292605001663029,0
1759296629,337,1,103,103,103,103,109,109,109,109,103215104,103215104,97488896,135168,95485952,1,dbus-daemon,S (sleeping),learner-attacker.bnsdq.ozxfs.igokp-owcwb.kvugl,0.2776494603928298,0
1759296630,58858,58857,1001,1001,1001,1001,1001,1001,1001,1001,247201792,180092928,20758528,135168,28295168,3,server.py,R (running),learner-attacker.bnsdq.ozxfs.igokp-owcwb.kvugl,93.91898109316283,1
1759296630,57651,1,N/A,N/A,N/A,N/A,N/A,N/A,N/A,N/A,1264619520,1264619520,16855040,135168,45826048,4,discern-proc-so,R (running),learner-attacker.bnsdq.ozxfs.igokp-owcwb.kvugl,2.150418619480472,1
1759296630,1,N/A,N/A,N/A,N/A,N/A,N/A,N/A,N/A,N/A,234807296,169222144,10608640,1056768,19562496,1,systemd,S (sleeping),learner-attacker.bnsdq.ozxfs.igokp-owcwb.kvugl,1.225849320749744,1
1759296630,3353,1,N/A,N/A,N/A,N/A,N/A,N/A,N/A,N/A,1931411456,1931411456,59691008,135168,196419584,14,discern-network,S (sleeping),learner-attacker.bnsdq.ozxfs.igokp-owcwb.kvugl,0.4229994469758354,1
1759296630,63247,1,101,101,101,101,102,102,102,102,16568320,16560128,7307264,135168,622592,1,systemd-network,S (sleeping),learner-attacker.bnsdq.ozxfs.igokp-owcwb.kvugl,0.4181542910658303,1
1759296634,32255,1,N/A,N/A,N/A,N/A,N/A,N/A,N/A,N/A,1264619520,1264619520,16986112,135168,45826048,4,discern-proc-so,S (sleeping),learner-attacker.bnsdq.ozxfs.igokp-owcwb.kvugl,2.452838203725492,0
1759296634,1,N/A,N/A,N/A,N/A,N/A,N/A,N/A,N/A,N/A,234917888,169168896,10801152,1060864,19505152,1,systemd,S (sleeping),learner-attacker.bnsdq.ozxfs.igokp-owcwb.kvugl,1.4133315803687094,0
1759296634,41198,1,101,101,101,101,102,102,102,102,16568320,16568320,6123520,135168,630784,1,systemd-network,S (sleeping),learner-attacker.bnsdq.ozxfs.igokp-owcwb.kvugl,0.8081102144768673,0
1759296634,3277,1,N/A,N/A,N/A,N/A,N/A,N/A,N/A,N/A,1953140736,1921835008,46366720,135168,178851840,13,discern-network,S (sleeping),learner-attacker.bnsdq.ozxfs.igokp-owcwb.kvugl,0.32896503444599573,0
1759296634,337,1,103,103,103,103,109,109,109,109,103350272,103350272,97488896,135168,95621120,1,dbus-daemon,S (sleeping),learner-attacker.bnsdq.ozxfs.igokp-owcwb.kvugl,0.27748023104218983,0
1759296635,58858,58857,1001,1001,1001,1001,1001,1001,1001,1001,247201792,180092928,20758528,135168,28295168,3,server.py,R (running),learner-attacker.bnsdq.ozxfs.igokp-owcwb.kvugl,93.93076148923713,1
1759296635,57651,1,N/A,N/A,N/A,N/A,N/A,N/A,N/A,N/A,1264619520,1264619520,16855040,135168,45826048,4,discern-proc-so,R (running),learner-attacker.bnsdq.ozxfs.igokp-owcwb.kvugl,2.1450654309061448,1
1759296635,1,N/A,N/A,N/A,N/A,N/A,N/A,N/A,N/A,N/A,234807296,169222144,10608640,1056768,19562496,1,systemd,S (sleeping),learner-attacker.bnsdq.ozxfs.igokp-owcwb.kvugl,1.2249995876720108,1
1759296635,3353,1,N/A,N/A,N/A,N/A,N/A,N/A,N/A,N/A,1931411456,1931411456,59691008,135168,196419584,14,discern-network,S (sleeping),learner-attacker.bnsdq.ozxfs.igokp-owcwb.kvugl,0.42268252137255774,1
1759296635,63312,1,101,101,101,101,102,102,102,102,16568320,16560128,7286784,135168,622592,1,systemd-network,S (sleeping),learner-attacker.bnsdq.ozxfs.igokp-owcwb.kvugl,0.40149154421840544,1
1759296639,32255,1,N/A,N/A,N/A,N/A,N/A,N/A,N/A,N/A,1264619520,1264619520,16986112,135168,45826048,4,discern-proc-so,S (sleeping),learner-attacker.bnsdq.ozxfs.igokp-owcwb.kvugl,2.4477298491371475,0
1759296639,1,N/A,N/A,N/A,N/A,N/A,N/A,N/A,N/A,N/A,234917888,169467904,10801152,1060864,19804160,1,systemd,S (sleeping),learner-attacker.bnsdq.ozxfs.igokp-owcwb.kvugl,1.4124496811803764,0
1759296639,41252,1,101,101,101,101,102,102,102,102,16568320,16568320,6217728,135168,630784,1,systemd-network,S (sleeping),learner-attacker.bnsdq.ozxfs.igokp-owcwb.kvugl,0.8389061212152832,0
1759296639,3277,1,N/A,N/A,N/A,N/A,N/A,N/A,N/A,N/A,1953140736,1921835008,46366720,135168,178851840,13,discern-network,S (sleeping),learner-attacker.bnsdq.ozxfs.igokp-owcwb.kvugl,0.3286740875866055,0
1759296639,337,1,103,103,103,103,109,109,109,109,103620608,103620608,97759232,135168,95891456,1,dbus-daemon,S (sleeping),learner-attacker.bnsdq.ozxfs.igokp-owcwb.kvugl,0.27771381193826955,0
1759296641,58858,58857,1001,1001,1001,1001,1001,1001,1001,1001,247201792,180092928,20758528,135168,28295168,3,server.py,R (running),learner-attacker.bnsdq.ozxfs.igokp-owcwb.kvugl,93.94719358329412,1
1759296641,57651,1,N/A,N/A,N/A,N/A,N/A,N/A,N/A,N/A,1264619520,1264619520,16855040,135168,45826048,4,discern-proc-so,S (sleeping),learner-attacker.bnsdq.ozxfs.igokp-owcwb.kvugl,2.144678341915625,1
1759296641,1,N/A,N/A,N/A,N/A,N/A,N/A,N/A,N/A,N/A,234807296,169213952,10608640,1056768,19554304,1,systemd,S (sleeping),learner-attacker.bnsdq.ozxfs.igokp-owcwb.kvugl,1.2246541564423843,1
1759296641,3353,1,N/A,N/A,N/A,N/A,N/A,N/A,N/A,N/A,1931411456,1931411456,59691008,135168,196419584,14,discern-network,S (sleeping),learner-attacker.bnsdq.ozxfs.igokp-owcwb.kvugl,0.4226299964573067,1
1759296641,63364,1,101,101,101,101,102,102,102,102,16568320,16560128,7217152,135168,622592,1,systemd-network,S (sleeping),learner-attacker.bnsdq.ozxfs.igokp-owcwb.kvugl,0.3234290732265608,1
1759296644,32255,1,N/A,N/A,N/A,N/A,N/A,N/A,N/A,N/A,1264619520,1264619520,16986112,135168,45826048,4,discern-proc-so,S (sleeping),learner-attacker.bnsdq.ozxfs.igokp-owcwb.kvugl,2.439792193125248,0
1759296644,1,N/A,N/A,N/A,N/A,N/A,N/A,N/A,N/A,N/A,234917888,169467904,10801152,1060864,19804160,1,systemd,S (sleeping),learner-attacker.bnsdq.ozxfs.igokp-owcwb.kvugl,1.4115686196917714,0
1759296644,41315,1,101,101,101,101,102,102,102,102,16568320,16568320,6152192,135168,630784,1,systemd-network,S (sleeping),learner-attacker.bnsdq.ozxfs.igokp-owcwb.kvugl,0.7456612585837797,0
1759296644,3277,1,N/A,N/A,N/A,N/A,N/A,N/A,N/A,N/A,1953140736,1921835008,46366720,135168,178851840,13,discern-network,S (sleeping),learner-attacker.bnsdq.ozxfs.igokp-owcwb.kvugl,0.32881184164225347,0
1759296644,337,1,103,103,103,103,109,109,109,109,103755776,103755776,97759232,135168,96026624,1,dbus-daemon,S (sleeping),learner-attacker.bnsdq.ozxfs.igokp-owcwb.kvugl,0.27714833367907127,0
1759296646,58858,58857,1001,1001,1001,1001,1001,1001,1001,1001,247201792,180092928,20758528,135168,28295168,3,server.py,R (running),learner-attacker.bnsdq.ozxfs.igokp-owcwb.kvugl,93.93435209049917,1
1759296646,57651,1,N/A,N/A,N/A,N/A,N/A,N/A,N/A,N/A,1264619520,1264619520,16855040,135168,45826048,4,discern-proc-so,R (running),learner-attacker.bnsdq.ozxfs.igokp-owcwb.kvugl,2.144110411075684,1
1759296646,1,N/A,N/A,N/A,N/A,N/A,N/A,N/A,N/A,N/A,234807296,169496576,10608640,1056768,19836928,1,systemd,S (sleeping),learner-attacker.bnsdq.ozxfs.igokp-owcwb.kvugl,1.2240468685351933,1
1759296646,63481,1,101,101,101,101,102,102,102,102,16568320,16560128,7364608,135168,622592,1,systemd-network,S (sleeping),learner-attacker.bnsdq.ozxfs.igokp-owcwb.kvugl,0.825398087155368,1
1759296646,3353,1,N/A,N/A,N/A,N/A,N/A,N/A,N/A,N/A,1931411456,1931411456,59691008,135168,196419584,14,discern-network,S (sleeping),learner-attacker.bnsdq.ozxfs.igokp-owcwb.kvugl,0.4220462211134646,1
1759296649,32255,1,N/A,N/A,N/A,N/A,N/A,N/A,N/A,N/A,1264619520,1264619520,16986112,135168,45826048,4,discern-proc-so,S (sleeping),learner-attacker.bnsdq.ozxfs.igokp-owcwb.kvugl,2.4404073088936284,0
1759296649,1,N/A,N/A,N/A,N/A,N/A,N/A,N/A,N/A,N/A,234917888,169467904,10801152,1060864,19804160,1,systemd,S (sleeping),learner-attacker.bnsdq.ozxfs.igokp-owcwb.kvugl,1.4106651626193094,0
1759296649,41368,1,101,101,101,101,102,102,102,102,16568320,16568320,6234112,135168,630784,1,systemd-network,S (sleeping),learner-attacker.bnsdq.ozxfs.igokp-owcwb.kvugl,0.5215734665922177,0
1759296649,3277,1,N/A,N/A,N/A,N/A,N/A,N/A,N/A,N/A,1953140736,1921835008,46366720,135168,178851840,13,discern-network,S (sleeping),learner-attacker.bnsdq.ozxfs.igokp-owcwb.kvugl,0.3285152926212266,0
1759296649,337,1,103,103,103,103,109,109,109,109,103890944,103890944,98029568,135168,96161792,1,dbus-daemon,S (sleeping),learner-attacker.bnsdq.ozxfs.igokp-owcwb.kvugl,0.27697797706880767,0
1759296651,58858,58857,1001,1001,1001,1001,1001,1001,1001,1001,247201792,180092928,20758528,135168,28295168,3,server.py,R (running),learner-attacker.bnsdq.ozxfs.igokp-owcwb.kvugl,93.9283755294309,1
1759296651,57651,1,N/A,N/A,N/A,N/A,N/A,N/A,N/A,N/A,1264619520,1264619520,16855040,135168,45826048,4,discern-proc-so,S (sleeping),learner-attacker.bnsdq.ozxfs.igokp-owcwb.kvugl,2.1435645082698818,1
1759296651,1,N/A,N/A,N/A,N/A,N/A,N/A,N/A,N/A,N/A,234807296,169213952,10608640,1056768,19554304,1,systemd,S (sleeping),learner-attacker.bnsdq.ozxfs.igokp-owcwb.kvugl,1.2239434726496021,1
1759296651,63546,1,101,101,101,101,102,102,102,102,16568320,16560128,7323648,135168,622592,1,systemd-network,S (sleeping),learner-attacker.bnsdq.ozxfs.igokp-owcwb.kvugl,0.7514724743367182,1
1759296651,3353,1,N/A,N/A,N/A,N/A,N/A,N/A,N/A,N/A,1931411456,1931411456,59691008,135168,196419584,14,discern-network,S (sleeping),learner-attacker.bnsdq.ozxfs.igokp-owcwb.kvugl,0.4219907212344244,1
1759296654,32255,1,N/A,N/A,N/A,N/A,N/A,N/A,N/A,N/A,1264619520,1264619520,16986112,135168,45826048,4,discern-proc-so,S (sleeping),learner-attacker.bnsdq.ozxfs.igokp-owcwb.kvugl,2.4424541892869063,0
1759296654,1,N/A,N/A,N/A,N/A,N/A,N/A,N/A,N/A,N/A,234917888,169168896,10801152,1060864,19505152,1,systemd,S (sleeping),learner-attacker.bnsdq.ozxfs.igokp-owcwb.kvugl,1.4105616844261486,0
1759296654,41423,1,101,101,101,101,102,102,102,102,16568320,16568320,6213632,135168,630784,1,systemd-network,S (sleeping),learner-attacker.bnsdq.ozxfs.igokp-owcwb.kvugl,0.7534524313046501,0
1759296654,3277,1,N/A,N/A,N/A,N/A,N/A,N/A,N/A,N/A,1953140736,1921835008,46366720,135168,178851840,13,discern-network,S (sleeping),learner-attacker.bnsdq.ozxfs.igokp-owcwb.kvugl,0.32864704667452416,0
1759296654,337,1,103,103,103,103,109,109,109,109,104054784,104054784,98299904,135168,96325632,1,dbus-daemon,S (sleeping),learner-attacker.bnsdq.ozxfs.igokp-owcwb.kvugl,0.27680897526008263,0
1759296656,58858,58857,1001,1001,1001,1001,1001,1001,1001,1001,247201792,180092928,20758528,135168,28295168,3,server.py,R (running),learner-attacker.bnsdq.ozxfs.igokp-owcwb.kvugl,93.94787099394992,1
1759296656,57651,1,N/A,N/A,N/A,N/A,N/A,N/A,N/A,N/A,1264619520,1264619520,16855040,135168,45826048,4,discern-proc-so,R (running),learner-attacker.bnsdq.ozxfs.igokp-owcwb.kvugl,2.140889694323058,1
1759296656,1,N/A,N/A,N/A,N/A,N/A,N/A,N/A,N/A,N/A,234807296,169213952,10608640,1056768,19554304,1,systemd,S (sleeping),learner-attacker.bnsdq.ozxfs.igokp-owcwb.kvugl,1.2231006221173175,1
1759296656,63600,1,101,101,101,101,102,102,102,102,16568320,16560128,7389184,135168,622592,1,systemd-network,S (sleeping),learner-attacker.bnsdq.ozxfs.igokp-owcwb.kvugl,1.0489186843083163,1
1759296656,3353,1,N/A,N/A,N/A,N/A,N/A,N/A,N/A,N/A,1931411456,1931411456,59691008,135168,196419584,14,discern-network,S (sleeping),learner-attacker.bnsdq.ozxfs.igokp-owcwb.kvugl,0.42167688583887925,1
1759296660,32255,1,N/A,N/A,N/A,N/A,N/A,N/A,N/A,N/A,1264619520,1264619520,16986112,135168,45826048,4,discern-proc-so,S (sleeping),learner-attacker.bnsdq.ozxfs.igokp-owcwb.kvugl,2.447217925636834,0
1759296660,1,N/A,N/A,N/A,N/A,N/A,N/A,N/A,N/A,N/A,234917888,169467904,10801152,1060864,19804160,1,systemd,S (sleeping),learner-attacker.bnsdq.ozxfs.igokp-owcwb.kvugl,1.4108419312788538,0
1759296660,41484,1,101,101,101,101,102,102,102,102,16568320,16568320,6234112,135168,630784,1,systemd-network,S (sleeping),learner-attacker.bnsdq.ozxfs.igokp-owcwb.kvugl,0.5823791245342442,0
1759296660,3277,1,N/A,N/A,N/A,N/A,N/A,N/A,N/A,N/A,1953140736,1921835008,46366720,135168,178851840,13,discern-network,S (sleeping),learner-attacker.bnsdq.ozxfs.igokp-owcwb.kvugl,0.3287750871730306,0
1759296660,337,1,103,103,103,103,109,109,109,109,104325120,104325120,98299904,135168,96595968,1,dbus-daemon,S (sleeping),learner-attacker.bnsdq.ozxfs.igokp-owcwb.kvugl,0.2770344970355122,0
1759296662,58858,58857,1001,1001,1001,1001,1001,1001,1001,1001,247201792,180092928,20758528,135168,28295168,3,server.py,R (running),learner-attacker.bnsdq.ozxfs.igokp-owcwb.kvugl,93.95536535144343,1
1759296662,57651,1,N/A,N/A,N/A,N/A,N/A,N/A,N/A,N/A,1264619520,1264619520,16855040,135168,45826048,4,discern-proc-so,S (sleeping),learner-attacker.bnsdq.ozxfs.igokp-owcwb.kvugl,2.1382805855744413,1
1759296662,1,N/A,N/A,N/A,N/A,N/A,N/A,N/A,N/A,N/A,234807296,169213952,10608640,1056768,19554304,1,systemd,S (sleeping),learner-attacker.bnsdq.ozxfs.igokp-owcwb.kvugl,1.2227605945216642,1
1759296662,63665,1,101,101,101,101,102,102,102,102,16568320,16560128,7319552,135168,622592,1,systemd-network,S (sleeping),learner-attacker.bnsdq.ozxfs.igokp-owcwb.kvugl,0.6538754519806581,1
1759296662,3353,1,N/A,N/A,N/A,N/A,N/A,N/A,N/A,N/A,1931411456,1931411456,59691008,135168,196419584,14,discern-network,S (sleeping),learner-attacker.bnsdq.ozxfs.igokp-owcwb.kvugl,0.42162644628174767,1
1759296665,32255,1,N/A,N/A,N/A,N/A,N/A,N/A,N/A,N/A,1264619520,1264619520,16986112,135168,45826048,4,discern-proc-so,S (sleeping),learner-attacker.bnsdq.ozxfs.igokp-owcwb.kvugl,2.4491701874995733,0
1759296665,1,N/A,N/A,N/A,N/A,N/A,N/A,N/A,N/A,N/A,234917888,169467904,10801152,1060864,19804160,1,systemd,S (sleeping),learner-attacker.bnsdq.ozxfs.igokp-owcwb.kvugl,1.4107358162532821,0
1759296665,41548,1,101,101,101,101,102,102,102,102,16568320,16568320,6160384,135168,630784,1,systemd-network,S (sleeping),learner-attacker.bnsdq.ozxfs.igokp-owcwb.kvugl,0.37711871450270634,0
1759296665,3277,1,N/A,N/A,N/A,N/A,N/A,N/A,N/A,N/A,1953140736,1921835008,46366720,135168,178851840,13,discern-network,S (sleeping),learner-attacker.bnsdq.ozxfs.igokp-owcwb.kvugl,0.328904988150582,0
1759296665,337,1,103,103,103,103,109,109,109,109,104460288,104460288,98570240,135168,96731136,1,dbus-daemon,S (sleeping),learner-attacker.bnsdq.ozxfs.igokp-owcwb.kvugl,0.2768654603127158,0
1759296667,58858,58857,1001,1001,1001,1001,1001,1001,1001,1001,247201792,180092928,20758528,135168,28295168,3,server.py,R (running),learner-attacker.bnsdq.ozxfs.igokp-owcwb.kvugl,93.97085641495529,1
1759296667,57651,1,N/A,N/A,N/A,N/A,N/A,N/A,N/A,N/A,1264619520,1264619520,16855040,135168,45826048,4,discern-proc-so,S (sleeping),learner-attacker.bnsdq.ozxfs.igokp-owcwb.kvugl,2.1402916140046178,1
1759296667,1,N/A,N/A,N/A,N/A,N/A,N/A,N/A,N/A,N/A,234807296,169369600,10608640,1056768,19709952,1,systemd,S (sleeping),learner-attacker.bnsdq.ozxfs.igokp-owcwb.kvugl,1.2219210867950667,1
1759296667,63717,1,101,101,101,101,102,102,102,102,16568320,16560128,7311360,135168,622592,1,systemd-network,S (sleeping),learner-attacker.bnsdq.ozxfs.igokp-owcwb.kvugl,0.469635839668866,1
1759296667,3353,1,N/A,N/A,N/A,N/A,N/A,N/A,N/A,N/A,1931411456,1931411456,59691008,135168,196419584,14,discern-network,S (sleeping),learner-attacker.bnsdq.ozxfs.igokp-owcwb.kvugl,0.4215759969650426,1
1759296670,32255,1,N/A,N/A,N/A,N/A,N/A,N/A,N/A,N/A,1264619520,1264619520,16986112,135168,45826048,4,discern-proc-so,S (sleeping),learner-attacker.bnsdq.ozxfs.igokp-owcwb.kvugl,2.4538136384301423,0
1759296670,1,N/A,N/A,N/A,N/A,N/A,N/A,N/A,N/A,N/A,234917888,169218048,10801152,1060864,19554304,1,systemd,S (sleeping),learner-attacker.bnsdq.ozxfs.igokp-owcwb.kvugl,1.4114083526734564,0
1759296670,3277,1,N/A,N/A,N/A,N/A,N/A,N/A,N/A,N/A,1953140736,1921835008,46366720,135168,178851840,13,discern-network,S (sleeping),learner-attacker.bnsdq.ozxfs.igokp-owcwb.kvugl,0.32903182715944385,0
1759296670,41601,1,101,101,101,101,102,102,102,102,16568320,16568320,6111232,135168,630784,1,systemd-network,S (sleeping),learner-attacker.bnsdq.ozxfs.igokp-owcwb.kvugl,0.30893851790689636,0
1759296670,337,1,103,103,103,103,109,109,109,109,104595456,104595456,98570240,135168,96866304,1,dbus-daemon,S (sleeping),learner-attacker.bnsdq.ozxfs.igokp-owcwb.kvugl,0.27669517624829565,0
1759296672,58858,58857,1001,1001,1001,1001,1001,1001,1001,1001,247201792,180092928,20758528,135168,28295168,3,server.py,R (running),learner-attacker.bnsdq.ozxfs.igokp-owcwb.kvugl,93.982768909342,1
1759296672,57651,1,N/A,N/A,N/A,N/A,N/A,N/A,N/A,N/A,1264619520,1264619520,16855040,135168,45826048,4,discern-proc-so,R (running),learner-attacker.bnsdq.ozxfs.igokp-owcwb.kvugl,2.1377391020681933,1
1759296672,1,N/A,N/A,N/A,N/A,N/A,N/A,N/A,N/A,N/A,234807296,169213952,10608640,1056768,19554304,1,systemd,S (sleeping),learner-attacker.bnsdq.ozxfs.igokp-owcwb.kvugl,1.2210833874129474,1
1759296672,63782,1,101,101,101,101,102,102,102,102,16568320,16560128,7360512,135168,622592,1,systemd-network,S (sleeping),learner-attacker.bnsdq.ozxfs.igokp-owcwb.kvugl,0.4484552290986949,1
1759296672,3353,1,N/A,N/A,N/A,N/A,N/A,N/A,N/A,N/A,1931411456,1931411456,59691008,135168,196419584,14,discern-network,S (sleeping),learner-attacker.bnsdq.ozxfs.igokp-owcwb.kvugl,0.4212637335914481,1
1759296675,32255,1,N/A,N/A,N/A,N/A,N/A,N/A,N/A,N/A,1264619520,1264619520,16986112,135168,45826048,4,discern-proc-so,S (sleeping),learner-attacker.bnsdq.ozxfs.igokp-owcwb.kvugl,2.4543055492345918,0
1759296675,1,N/A,N/A,N/A,N/A,N/A,N/A,N/A,N/A,N/A,234917888,169488384,10801152,1060864,19824640,1,systemd,S (sleeping),learner-attacker.bnsdq.ozxfs.igokp-owcwb.kvugl,1.4116944900969683,0
1759296675,41718,1,101,101,101,101,102,102,102,102,16568320,16568320,6213632,135168,630784,1,systemd-network,S (sleeping),learner-attacker.bnsdq.ozxfs.igokp-owcwb.kvugl,0.7614623789500353,0
1759296675,3277,1,N/A,N/A,N/A,N/A,N/A,N/A,N/A,N/A,1953140736,1921835008,46366720,135168,178851840,13,discern-network,S (sleeping),learner-attacker.bnsdq.ozxfs.igokp-owcwb.kvugl,0.3291604949842637,0
1759296675,337,1,103,103,103,103,109,109,109,109,104865792,104865792,99110912,135168,97136640,1,dbus-daemon,S (sleeping),learner-attacker.bnsdq.ozxfs.igokp-owcwb.kvugl,0.27731528350489276,0
1759296677,58858,58857,1001,1001,1001,1001,1001,1001,1001,1001,247201792,180092928,20758528,135168,28295168,3,server.py,R (running),learner-attacker.bnsdq.ozxfs.igokp-owcwb.kvugl,93.99336695021832,1
1759296677,57651,1,N/A,N/A,N/A,N/A,N/A,N/A,N/A,N/A,1264619520,1264619520,16855040,135168,45826048,4,discern-proc-so,S (sleeping),learner-attacker.bnsdq.ozxfs.igokp-owcwb.kvugl,2.135225629614961,1
1759296677,1,N/A,N/A,N/A,N/A,N/A,N/A,N/A,N/A,N/A,234807296,169213952,10608640,1056768,19554304,1,systemd,S (sleeping),learner-attacker.bnsdq.ozxfs.igokp-owcwb.kvugl,1.2207452334613884,1
1759296677,3353,1,N/A,N/A,N/A,N/A,N/A,N/A,N/A,N/A,1931411456,1931411456,59691008,135168,196419584,14,discern-network,S (sleeping),learner-attacker.bnsdq.ozxfs.igokp-owcwb.kvugl,0.42095188409440937,1
1759296677,63835,1,101,101,101,101,102,102,102,102,16568320,16560128,7348224,135168,622592,1,systemd-network,S (sleeping),learner-attacker.bnsdq.ozxfs.igokp-owcwb.kvugl,0.35302169286919055,1
1759296680,41817,41816,1001,1001,1001,1001,1001,1001,1001,1001,388538368,388538368,82227200,135168,125390848,1,python3,R (running),learner-attacker.bnsdq.ozxfs.igokp-owcwb.kvugl,28.318024640677056,0
1759296680,32255,1,N/A,N/A,N/A,N/A,N/A,N/A,N/A,N/A,1264619520,1264619520,16986112,135168,45826048,4,discern-proc-so,S (sleeping),learner-attacker.bnsdq.ozxfs.igokp-owcwb.kvugl,2.454715805225702,0
1759296680,1,N/A,N/A,N/A,N/A,N/A,N/A,N/A,N/A,N/A,234917888,169168896,10801152,1060864,19505152,1,systemd,S (sleeping),learner-attacker.bnsdq.ozxfs.igokp-owcwb.kvugl,1.4127523893196552,0
1759296680,41797,1,1001,1001,1001,1001,1001,1001,1001,1001,15548416,15548416,8790016,135168,765952,1,systemd,S (sleeping),learner-attacker.bnsdq.ozxfs.igokp-owcwb.kvugl,1.109948475847667,0
1759296680,41784,1,101,101,101,101,102,102,102,102,16568320,16568320,6205440,135168,630784,1,systemd-network,S (sleeping),learner-attacker.bnsdq.ozxfs.igokp-owcwb.kvugl,1.1097652759491259,0
1759296682,58858,58857,1001,1001,1001,1001,1001,1001,1001,1001,247201792,180092928,20758528,135168,28295168,3,server.py,R (running),learner-attacker.bnsdq.ozxfs.igokp-owcwb.kvugl,93.97788059186746,1
1759296682,57651,1,N/A,N/A,N/A,N/A,N/A,N/A,N/A,N/A,1264619520,1264619520,16855040,135168,45826048,4,discern-proc-so,R (running),learner-attacker.bnsdq.ozxfs.igokp-owcwb.kvugl,2.1370575688132476,1
1759296682,1,N/A,N/A,N/A,N/A,N/A,N/A,N/A,N/A,N/A,234807296,169484288,10608640,1056768,19824640,1,systemd,S (sleeping),learner-attacker.bnsdq.ozxfs.igokp-owcwb.kvugl,1.2204003392936746,1
1759296682,63953,1,101,101,101,101,102,102,102,102,16568320,16560128,7323648,135168,622592,1,systemd-network,S (sleeping),learner-attacker.bnsdq.ozxfs.igokp-owcwb.kvugl,1.0550633723023275,1
1759296682,3353,1,N/A,N/A,N/A,N/A,N/A,N/A,N/A,N/A,1931411456,1931411456,59691008,135168,196419584,14,discern-network,S (sleeping),learner-attacker.bnsdq.ozxfs.igokp-owcwb.kvugl,0.4208991685384932,1
1759296686,41817,41816,1001,1001,1001,1001,1001,1001,1001,1001,610795520,610795520,209567744,135168,258142208,1,python3,R (running),learner-attacker.bnsdq.ozxfs.igokp-owcwb.kvugl,76.59059824893315,0
1759296686,32255,1,N/A,N/A,N/A,N/A,N/A,N/A,N/A,N/A,1264619520,1264619520,16986112,135168,45826048,4,discern-proc-so,S (sleeping),learner-attacker.bnsdq.ozxfs.igokp-owcwb.kvugl,2.4521464507907376,0
1759296686,1,N/A,N/A,N/A,N/A,N/A,N/A,N/A,N/A,N/A,234917888,169304064,10801152,1060864,19640320,1,systemd,S (sleeping),learner-attacker.bnsdq.ozxfs.igokp-owcwb.kvugl,1.4114137263230548,0
1759296686,41861,1,101,101,101,101,102,102,102,102,16568320,16568320,7430144,135168,630784,1,systemd-network,S (sleeping),learner-attacker.bnsdq.ozxfs.igokp-owcwb.kvugl,0.9831428446771676,0
1759296686,3277,1,N/A,N/A,N/A,N/A,N/A,N/A,N/A,N/A,1953140736,1921835008,46366720,135168,178851840,13,discern-network,S (sleeping),learner-attacker.bnsdq.ozxfs.igokp-owcwb.kvugl,0.3293996451452385,0
1759296688,58858,58857,1001,1001,1001,1001,1001,1001,1001,1001,247201792,180092928,20758528,135168,28295168,3,server.py,R (running),learner-attacker.bnsdq.ozxfs.igokp-owcwb.kvugl,93.97857077840027,1
1759296688,57651,1,N/A,N/A,N/A,N/A,N/A,N/A,N/A,N/A,1264619520,1264619520,16855040,135168,45826048,4,discern-proc-so,R (running),learner-attacker.bnsdq.ozxfs.igokp-owcwb.kvugl,2.138888201790536,1
1759296688,1,N/A,N/A,N/A,N/A,N/A,N/A,N/A,N/A,N/A,234807296,169226240,10608640,1056768,19566592,1,systemd,S (sleeping),learner-attacker.bnsdq.ozxfs.igokp-owcwb.kvugl,1.2198102216585547,1
1759296688,64018,1,101,101,101,101,102,102,102,102,16568320,16560128,7299072,135168,622592,1,systemd-network,S (sleeping),learner-attacker.bnsdq.ozxfs.igokp-owcwb.kvugl,0.9445050655605948,1
1759296688,3353,1,N/A,N/A,N/A,N/A,N/A,N/A,N/A,N/A,1931411456,1931411456,59691008,135168,196419584,14,discern-network,S (sleeping),learner-attacker.bnsdq.ozxfs.igokp-owcwb.kvugl,0.42084756759723635,1
1759296691,41817,41816,1001,1001,1001,1001,1001,1001,1001,1001,610795520,610795520,209567744,135168,258142208,1,python3,R (running),learner-attacker.bnsdq.ozxfs.igokp-owcwb.kvugl,83.53486432131653,0
1759296691,32255,1,N/A,N/A,N/A,N/A,N/A,N/A,N/A,N/A,1264619520,1264619520,16986112,135168,45826048,4,discern-proc-so,S (sleeping),learner-attacker.bnsdq.ozxfs.igokp-owcwb.kvugl,2.452377463582318,0
1759296691,1,N/A,N/A,N/A,N/A,N/A,N/A,N/A,N/A,N/A,234917888,169304064,10801152,1060864,19640320,1,systemd,S (sleeping),learner-attacker.bnsdq.ozxfs.igokp-owcwb.kvugl,1.4104814266481935,0
1759296691,41924,1,101,101,101,101,102,102,102,102,16568320,16568320,6115328,135168,630784,1,systemd-network,S (sleeping),learner-attacker.bnsdq.ozxfs.igokp-owcwb.kvugl,0.6091492894105718,0
1759296691,3277,1,N/A,N/A,N/A,N/A,N/A,N/A,N/A,N/A,1953140736,1921835008,46366720,135168,178851840,13,discern-network,S (sleeping),learner-attacker.bnsdq.ozxfs.igokp-owcwb.kvugl,0.3295157669706781,0
1759296693,58858,58857,1001,1001,1001,1001,1001,1001,1001,1001,247201792,180092928,20758528,135168,28295168,3,server.py,R (running),learner-attacker.bnsdq.ozxfs.igokp-owcwb.kvugl,93.990426043953,1
1759296693,57651,1,N/A,N/A,N/A,N/A,N/A,N/A,N/A,N/A,1264619520,1264619520,16855040,135168,45826048,4,discern-proc-so,R (running),learner-attacker.bnsdq.ozxfs.igokp-owcwb.kvugl,2.1385351701728537,1
1759296693,1,N/A,N/A,N/A,N/A,N/A,N/A,N/A,N/A,N/A,234807296,169377792,10608640,1056768,19718144,1,systemd,S (sleeping),learner-attacker.bnsdq.ozxfs.igokp-owcwb.kvugl,1.218974070108163,1
1759296693,64070,1,101,101,101,101,102,102,102,102,16568320,16560128,7196672,135168,622592,1,systemd-network,S (sleeping),learner-attacker.bnsdq.ozxfs.igokp-owcwb.kvugl,0.8558667694486771,1
1759296693,3353,1,N/A,N/A,N/A,N/A,N/A,N/A,N/A,N/A,1931411456,1931411456,59691008,135168,196419584,14,discern-network,S (sleeping),learner-attacker.bnsdq.ozxfs.igokp-owcwb.kvugl,0.42053601605034835,1
1759296696,41817,41816,1001,1001,1001,1001,1001,1001,1001,1001,610795520,610795520,209567744,135168,258142208,1,python3,R (running),learner-attacker.bnsdq.ozxfs.igokp-owcwb.kvugl,86.85789693317604,0
1759296696,32255,1,N/A,N/A,N/A,N/A,N/A,N/A,N/A,N/A,1264619520,1264619520,16986112,135168,45826048,4,discern-proc-so,S (sleeping),learner-attacker.bnsdq.ozxfs.igokp-owcwb.kvugl,2.450041677407053,0
1759296696,1,N/A,N/A,N/A,N/A,N/A,N/A,N/A,N/A,N/A,234917888,169304064,10801152,1060864,19640320,1,systemd,S (sleeping),learner-attacker.bnsdq.ozxfs.igokp-owcwb.kvugl,1.4095733869878655,0
1759296696,41980,1,101,101,101,101,102,102,102,102,16568320,16568320,6197248,135168,630784,1,systemd-network,S (sleeping),learner-attacker.bnsdq.ozxfs.igokp-owcwb.kvugl,0.4466114062627818,0
1759296696,3277,1,N/A,N/A,N/A,N/A,N/A,N/A,N/A,N/A,1953140736,1921835008,46366720,135168,178851840,13,discern-network,S (sleeping),learner-attacker.bnsdq.ozxfs.igokp-owcwb.kvugl,0.3292175282889786,0
1759296698,58858,58857,1001,1001,1001,1001,1001,1001,1001,1001,247201792,180092928,20758528,135168,28295168,3,server.py,R (running),learner-attacker.bnsdq.ozxfs.igokp-owcwb.kvugl,93.98969091140816,1
1759296698,57651,1,N/A,N/A,N/A,N/A,N/A,N/A,N/A,N/A,1264619520,1264619520,16855040,135168,45826048,4,discern-proc-so,R (running),learner-attacker.bnsdq.ozxfs.igokp-owcwb.kvugl,2.1382527563539466,1
1759296698,1,N/A,N/A,N/A,N/A,N/A,N/A,N/A,N/A,N/A,234807296,169222144,10608640,1056768,19562496,1,systemd,S (sleeping),learner-attacker.bnsdq.ozxfs.igokp-owcwb.kvugl,1.2186402511617105,1
1759296698,64135,1,101,101,101,101,102,102,102,102,16568320,16560128,7217152,135168,622592,1,systemd-network,S (sleeping),learner-attacker.bnsdq.ozxfs.igokp-owcwb.kvugl,0.7865535285816367,1
1759296698,3353,1,N/A,N/A,N/A,N/A,N/A,N/A,N/A,N/A,1931411456,1931411456,59691008,135168,196419584,14,discern-network,S (sleeping),learner-attacker.bnsdq.ozxfs.igokp-owcwb.kvugl,0.42048678951411034,1
1759296701,41817,41816,1001,1001,1001,1001,1001,1001,1001,1001,610795520,610795520,209567744,135168,258142208,1,python3,R (running),learner-attacker.bnsdq.ozxfs.igokp-owcwb.kvugl,88.42517346348644,0
1759296701,32255,1,N/A,N/A,N/A,N/A,N/A,N/A,N/A,N/A,1264619520,1264619520,16986112,135168,45826048,4,discern-proc-so,S (sleeping),learner-attacker.bnsdq.ozxfs.igokp-owcwb.kvugl,2.4476909282251254,0
1759296701,1,N/A,N/A,N/A,N/A,N/A,N/A,N/A,N/A,N/A,234917888,169304064,10801152,1060864,19640320,1,systemd,S (sleeping),learner-attacker.bnsdq.ozxfs.igokp-owcwb.kvugl,1.408271625828203,0
1759296701,42044,1,101,101,101,101,102,102,102,102,16568320,16568320,5988352,135168,630784,1,systemd-network,S (sleeping),learner-attacker.bnsdq.ozxfs.igokp-owcwb.kvugl,0.4267293746279244,0
1759296701,3277,1,N/A,N/A,N/A,N/A,N/A,N/A,N/A,N/A,1953140736,1921835008,46366720,135168,178851840,13,discern-network,S (sleeping),learner-attacker.bnsdq.ozxfs.igokp-owcwb.kvugl,0.3289188800192448,0
1759296703,58858,58857,1001,1001,1001,1001,1001,1001,1001,1001,247201792,180092928,20758528,135168,28295168,3,server.py,R (running),learner-attacker.bnsdq.ozxfs.igokp-owcwb.kvugl,94.0066821507424,1
1759296703,57651,1,N/A,N/A,N/A,N/A,N/A,N/A,N/A,N/A,1264619520,1264619520,16855040,135168,45826048,4,discern-proc-so,R (running),learner-attacker.bnsdq.ozxfs.igokp-owcwb.kvugl,2.1359122256186995,1
1759296703,1,N/A,N/A,N/A,N/A,N/A,N/A,N/A,N/A,N/A,234807296,169357312,10608640,1056768,19697664,1,systemd,S (sleeping),learner-attacker.bnsdq.ozxfs.igokp-owcwb.kvugl,1.2180624179761674,1
1759296703,64187,1,101,101,101,101,102,102,102,102,16568320,16560128,7266304,135168,622592,1,systemd-network,S (sleeping),learner-attacker.bnsdq.ozxfs.igokp-owcwb.kvugl,0.5348818423692261,1
1759296703,3353,1,N/A,N/A,N/A,N/A,N/A,N/A,N/A,N/A,1931411456,1931411456,59691008,135168,196419584,14,discern-network,S (sleeping),learner-attacker.bnsdq.ozxfs.igokp-owcwb.kvugl,0.4199193493312607,1
1759296706,41817,41816,1001,1001,1001,1001,1001,1001,1001,1001,610795520,610795520,209567744,135168,258142208,1,python3,R (running),learner-attacker.bnsdq.ozxfs.igokp-owcwb.kvugl,89.42291480403306,0
1759296706,32255,1,N/A,N/A,N/A,N/A,N/A,N/A,N/A,N/A,1264619520,1264619520,16986112,135168,45826048,4,discern-proc-so,S (sleeping),learner-attacker.bnsdq.ozxfs.igokp-owcwb.kvugl,2.4480016996082847,0
1759296706,1,N/A,N/A,N/A,N/A,N/A,N/A,N/A,N/A,N/A,234917888,169304064,10801152,1060864,19640320,1,systemd,S (sleeping),learner-attacker.bnsdq.ozxfs.igokp-owcwb.kvugl,1.407360440504472,0
1759296706,42098,1,101,101,101,101,102,102,102,102,16568320,16568320,6135808,135168,630784,1,systemd-network,S (sleeping),learner-attacker.bnsdq.ozxfs.igokp-owcwb.kvugl,0.5083091779785345,0
1759296706,3277,1,N/A,N/A,N/A,N/A,N/A,N/A,N/A,N/A,1953140736,1921835008,46366720,135168,178851840,13,discern-network,S (sleeping),learner-attacker.bnsdq.ozxfs.igokp-owcwb.kvugl,0.3294546351893918,0
1759296708,58858,58857,1001,1001,1001,1001,1001,1001,1001,1001,247201792,180092928,20758528,135168,28295168,3,server.py,R (running),learner-attacker.bnsdq.ozxfs.igokp-owcwb.kvugl,94.01016890387528,1
1759296708,57651,1,N/A,N/A,N/A,N/A,N/A,N/A,N/A,N/A,1264619520,1264619520,16855040,135168,45826048,4,discern-proc-so,S (sleeping),learner-attacker.bnsdq.ozxfs.igokp-owcwb.kvugl,2.1377354246604554,1
1759296708,1,N/A,N/A,N/A,N/A,N/A,N/A,N/A,N/A,N/A,234807296,169357312,10608640,1056768,19697664,1,systemd,S (sleeping),learner-attacker.bnsdq.ozxfs.igokp-owcwb.kvugl,1.2174824339186456,1
1759296708,64252,1,101,101,101,101,102,102,102,102,16568320,16560128,7335936,135168,622592,1,systemd-network,S (sleeping),learner-attacker.bnsdq.ozxfs.igokp-owcwb.kvugl,0.5066214445016983,1
1759296708,3353,1,N/A,N/A,N/A,N/A,N/A,N/A,N/A,N/A,1931411456,1931411456,59691008,135168,196419584,14,discern-network,S (sleeping),learner-attacker.bnsdq.ozxfs.igokp-owcwb.kvugl,0.4196114772233803,1
1759296712,41817,41816,1001,1001,1001,1001,1001,1001,1001,1001,610795520,610795520,209567744,135168,258142208,1,python3,R (running),learner-attacker.bnsdq.ozxfs.igokp-owcwb.kvugl,89.8084488639658,0
1759296712,32255,1,N/A,N/A,N/A,N/A,N/A,N/A,N/A,N/A,1264619520,1264619520,16986112,135168,45826048,4,discern-proc-so,S (sleeping),learner-attacker.bnsdq.ozxfs.igokp-owcwb.kvugl,2.445681191756007,0
1759296712,42215,1,101,101,101,101,102,102,102,102,16568320,16568320,7569408,135168,630784,1,systemd-network,S (sleeping),learner-attacker.bnsdq.ozxfs.igokp-owcwb.kvugl,1.4179542704491896,0
1759296712,1,N/A,N/A,N/A,N/A,N/A,N/A,N/A,N/A,N/A,234917888,169304064,10801152,1060864,19640320,1,systemd,S (sleeping),learner-attacker.bnsdq.ozxfs.igokp-owcwb.kvugl,1.4064534355334828,0
1759296712,3277,1,N/A,N/A,N/A,N/A,N/A,N/A,N/A,N/A,1953140736,1921835008,46366720,135168,178851840,13,discern-network,S (sleeping),learner-attacker.bnsdq.ozxfs.igokp-owcwb.kvugl,0.3291559585095409,0
1759296714,58858,58857,1001,1001,1001,1001,1001,1001,1001,1001,247201792,180092928,20758528,135168,28295168,3,server.py,R (running),learner-attacker.bnsdq.ozxfs.igokp-owcwb.kvugl,94.0137756666256,1
1759296714,57651,1,N/A,N/A,N/A,N/A,N/A,N/A,N/A,N/A,1264619520,1264619520,16855040,135168,45826048,4,discern-proc-so,R (running),learner-attacker.bnsdq.ozxfs.igokp-owcwb.kvugl,2.135448543224277,1
1759296714,1,N/A,N/A,N/A,N/A,N/A,N/A,N/A,N/A,N/A,234807296,169500672,10608640,1056768,19841024,1,systemd,S (sleeping),learner-attacker.bnsdq.ozxfs.igokp-owcwb.kvugl,1.2169073897532028,1
1759296714,64307,1,101,101,101,101,102,102,102,102,16568320,16560128,7319552,135168,622592,1,systemd-network,S (sleeping),learner-attacker.bnsdq.ozxfs.igokp-owcwb.kvugl,0.5828131584076677,1
1759296714,3353,1,N/A,N/A,N/A,N/A,N/A,N/A,N/A,N/A,1931411456,1931411456,59691008,135168,196419584,14,discern-network,S (sleeping),learner-attacker.bnsdq.ozxfs.igokp-owcwb.kvugl,0.41982337420930355,1
1759296717,41817,41816,1001,1001,1001,1001,1001,1001,1001,1001,610795520,610795520,209567744,135168,258142208,1,python3,R (running),learner-attacker.bnsdq.ozxfs.igokp-owcwb.kvugl,90.31658292388744,0
1759296717,32255,1,N/A,N/A,N/A,N/A,N/A,N/A,N/A,N/A,1264619520,1264619520,16986112,135168,45826048,4,discern-proc-so,S (sleeping),learner-attacker.bnsdq.ozxfs.igokp-owcwb.kvugl,2.445996850413297,0
1759296717,42279,1,101,101,101,101,102,102,102,102,16568320,16568320,6230016,135168,630784,1,systemd-network,S (sleeping),learner-attacker.bnsdq.ozxfs.igokp-owcwb.kvugl,2.251518892657138,0
1759296717,1,N/A,N/A,N/A,N/A,N/A,N/A,N/A,N/A,N/A,234917888,169304064,10801152,1060864,19640320,1,systemd,S (sleeping),learner-attacker.bnsdq.ozxfs.igokp-owcwb.kvugl,1.405548766950953,0
1759296717,3277,1,N/A,N/A,N/A,N/A,N/A,N/A,N/A,N/A,1953140736,1921835008,46366720,135168,178851840,13,discern-network,S (sleeping),learner-attacker.bnsdq.ozxfs.igokp-owcwb.kvugl,0.32927342084545635,0
1759296719,58858,58857,1001,1001,1001,1001,1001,1001,1001,1001,247201792,180092928,20758528,135168,28295168,3,server.py,R (running),learner-attacker.bnsdq.ozxfs.igokp-owcwb.kvugl,94.02223444945514,1
1759296719,57651,1,N/A,N/A,N/A,N/A,N/A,N/A,N/A,N/A,1264619520,1264619520,16855040,135168,45826048,4,discern-proc-so,S (sleeping),learner-attacker.bnsdq.ozxfs.igokp-owcwb.kvugl,2.1351095529406408,1
1759296719,1,N/A,N/A,N/A,N/A,N/A,N/A,N/A,N/A,N/A,234807296,169500672,10608640,1056768,19841024,1,systemd,S (sleeping),learner-attacker.bnsdq.ozxfs.igokp-owcwb.kvugl,1.2160775202023533,1
1759296719,3353,1,N/A,N/A,N/A,N/A,N/A,N/A,N/A,N/A,1931411456,1931411456,59691008,135168,196419584,14,discern-network,S (sleeping),learner-attacker.bnsdq.ozxfs.igokp-owcwb.kvugl,0.4195145725868523,1
1759296719,64384,1,101,101,101,101,102,102,102,102,16568320,16560128,7258112,135168,622592,1,systemd-network,S (sleeping),learner-attacker.bnsdq.ozxfs.igokp-owcwb.kvugl,0.37218095857207095,1
1759296722,41817,41816,1001,1001,1001,1001,1001,1001,1001,1001,610795520,610795520,209567744,135168,258142208,1,python3,R (running),learner-attacker.bnsdq.ozxfs.igokp-owcwb.kvugl,90.76557094301349,0
1759296722,32255,1,N/A,N/A,N/A,N/A,N/A,N/A,N/A,N/A,1264619520,1264619520,16986112,135168,45826048,4,discern-proc-so,S (sleeping),learner-attacker.bnsdq.ozxfs.igokp-owcwb.kvugl,2.4450002847883967,0
1759296722,1,N/A,N/A,N/A,N/A,N/A,N/A,N/A,N/A,N/A,234917888,169439232,10801152,1060864,19775488,1,systemd,S (sleeping),learner-attacker.bnsdq.ozxfs.igokp-owcwb.kvugl,1.4042597997962372,0
1759296722,42332,1,101,101,101,101,102,102,102,102,16568320,16568320,6066176,135168,630784,1,systemd-network,S (sleeping),learner-attacker.bnsdq.ozxfs.igokp-owcwb.kvugl,0.7835014596947553,0
1759296722,3277,1,N/A,N/A,N/A,N/A,N/A,N/A,N/A,N/A,1953140736,1921835008,46366720,135168,178851840,13,discern-network,S (sleeping),learner-attacker.bnsdq.ozxfs.igokp-owcwb.kvugl,0.3289755882666455,0
1759296724,58858,58857,1001,1001,1001,1001,1001,1001,1001,1001,247201792,180092928,20758528,135168,28295168,3,server.py,R (running),learner-attacker.bnsdq.ozxfs.igokp-owcwb.kvugl,94.02052682861824,1
1759296724,57651,1,N/A,N/A,N/A,N/A,N/A,N/A,N/A,N/A,1264619520,1264619520,16855040,135168,45826048,4,discern-proc-so,S (sleeping),learner-attacker.bnsdq.ozxfs.igokp-owcwb.kvugl,2.1324816609713944,1
1759296724,1,N/A,N/A,N/A,N/A,N/A,N/A,N/A,N/A,N/A,234807296,169213952,10608640,1056768,19554304,1,systemd,S (sleeping),learner-attacker.bnsdq.ozxfs.igokp-owcwb.kvugl,1.215969640653655,1
1759296724,3353,1,N/A,N/A,N/A,N/A,N/A,N/A,N/A,N/A,1931411456,1931411456,59691008,135168,196419584,14,discern-network,S (sleeping),learner-attacker.bnsdq.ozxfs.igokp-owcwb.kvugl,0.41945749425016987,1
1759296727,41817,41816,1001,1001,1001,1001,1001,1001,1001,1001,610795520,610795520,209567744,135168,258142208,1,python3,R (running),learner-attacker.bnsdq.ozxfs.igokp-owcwb.kvugl,90.9915333155277,0
1759296727,32255,1,N/A,N/A,N/A,N/A,N/A,N/A,N/A,N/A,1264619520,1264619520,16986112,135168,45826048,4,discern-proc-so,S (sleeping),learner-attacker.bnsdq.ozxfs.igokp-owcwb.kvugl,2.4440448980095524,0
1759296727,1,N/A,N/A,N/A,N/A,N/A,N/A,N/A,N/A,N/A,234917888,169439232,10801152,1060864,19775488,1,systemd,S (sleeping),learner-attacker.bnsdq.ozxfs.igokp-owcwb.kvugl,1.4033662025682792,0
1759296727,42396,1,101,101,101,101,102,102,102,102,16568320,16568320,6213632,135168,630784,1,systemd-network,S (sleeping),learner-attacker.bnsdq.ozxfs.igokp-owcwb.kvugl,1.0855016011318679,0
1759296727,3277,1,N/A,N/A,N/A,N/A,N/A,N/A,N/A,N/A,1953140736,1921835008,46366720,135168,178851840,13,discern-network,S (sleeping),learner-attacker.bnsdq.ozxfs.igokp-owcwb.kvugl,0.3286802670139193,0
1759296732,41817,41816,1001,1001,1001,1001,1001,1001,1001,1001,610795520,610795520,209858560,135168,258142208,1,python3,R (running),learner-attacker.bnsdq.ozxfs.igokp-owcwb.kvugl,91.3865719380757,0
1759296732,32255,1,N/A,N/A,N/A,N/A,N/A,N/A,N/A,N/A,1264619520,1264619520,16986112,135168,45826048,4,discern-proc-so,S (sleeping),learner-attacker.bnsdq.ozxfs.igokp-owcwb.kvugl,2.441838765206037,0
1759296732,1,N/A,N/A,N/A,N/A,N/A,N/A,N/A,N/A,N/A,234917888,169230336,10801152,1060864,19566592,1,systemd,S (sleeping),learner-attacker.bnsdq.ozxfs.igokp-owcwb.kvugl,1.4020943639668926,0
1759296732,42448,1,101,101,101,101,102,102,102,102,16568320,16568320,6242304,135168,630784,1,systemd-network,S (sleeping),learner-attacker.bnsdq.ozxfs.igokp-owcwb.kvugl,0.5038570506637551,0
1759296732,3277,1,N/A,N/A,N/A,N/A,N/A,N/A,N/A,N/A,1953140736,1921835008,46366720,135168,178851840,13,discern-network,S (sleeping),learner-attacker.bnsdq.ozxfs.igokp-owcwb.kvugl,0.32838693626179655,0
1759296734,58858,58857,1001,1001,1001,1001,1001,1001,1001,1001,247201792,180092928,20758528,135168,28295168,3,server.py,R (running),learner-attacker.bnsdq.ozxfs.igokp-owcwb.kvugl,94.04090042413236,1
1759296734,64622,1,101,101,101,101,102,102,102,102,16568320,16560128,7192576,135168,622592,1,systemd-network,S (sleeping),learner-attacker.bnsdq.ozxfs.igokp-owcwb.kvugl,1.4393186537236635,1
1759296734,1,N/A,N/A,N/A,N/A,N/A,N/A,N/A,N/A,N/A,234807296,169349120,10608640,1056768,19689472,1,systemd,S (sleeping),learner-attacker.bnsdq.ozxfs.igokp-owcwb.kvugl,1.2156128011468121,1
1759296734,3353,1,N/A,N/A,N/A,N/A,N/A,N/A,N/A,N/A,1931411456,1931411456,59691008,135168,196419584,14,discern-network,S (sleeping),learner-attacker.bnsdq.ozxfs.igokp-owcwb.kvugl,0.41869737041036825,1
1759296734,376,1,103,103,103,103,109,109,109,109,169705472,169705472,161447936,135168,161976320,1,dbus-daemon,S (sleeping),learner-attacker.bnsdq.ozxfs.igokp-owcwb.kvugl,0.25424030654042395,1
1759296738,41817,41816,1001,1001,1001,1001,1001,1001,1001,1001,610795520,610795520,209858560,135168,258142208,1,python3,R (running),learner-attacker.bnsdq.ozxfs.igokp-owcwb.kvugl,91.56595700146374,0
1759296738,32255,1,N/A,N/A,N/A,N/A,N/A,N/A,N/A,N/A,1264619520,1264619520,16986112,135168,45826048,4,discern-proc-so,S (sleeping),learner-attacker.bnsdq.ozxfs.igokp-owcwb.kvugl,2.440911864782194,0
1759296738,1,N/A,N/A,N/A,N/A,N/A,N/A,N/A,N/A,N/A,234917888,169230336,10801152,1060864,19566592,1,systemd,S (sleeping),learner-attacker.bnsdq.ozxfs.igokp-owcwb.kvugl,1.4008238019729842,0
1759296738,42511,1,101,101,101,101,102,102,102,102,16568320,16568320,6144000,135168,630784,1,systemd-network,S (sleeping),learner-attacker.bnsdq.ozxfs.igokp-owcwb.kvugl,0.47821570604225927,0
1759296738,3277,1,N/A,N/A,N/A,N/A,N/A,N/A,N/A,N/A,1953140736,1921835008,46366720,135168,178851840,13,discern-network,S (sleeping),learner-attacker.bnsdq.ozxfs.igokp-owcwb.kvugl,0.3289172337837976,0
1759296739,58858,58857,1001,1001,1001,1001,1001,1001,1001,1001,247201792,180092928,20758528,135168,28295168,3,server.py,R (running),learner-attacker.bnsdq.ozxfs.igokp-owcwb.kvugl,94.05978570444034,1
1759296739,64653,1,N/A,N/A,N/A,N/A,N/A,N/A,N/A,N/A,1264619520,1264619520,16969728,135168,45826048,4,discern-proc-so,S (sleeping),learner-attacker.bnsdq.ozxfs.igokp-owcwb.kvugl,2.38691634186932,1
1759296739,1,N/A,N/A,N/A,N/A,N/A,N/A,N/A,N/A,N/A,234807296,169218048,10608640,1056768,19558400,1,systemd,S (sleeping),learner-attacker.bnsdq.ozxfs.igokp-owcwb.kvugl,1.2147972628782593,1
1759296739,64679,1,101,101,101,101,102,102,102,102,16568320,16560128,7184384,135168,622592,1,systemd-network,S (sleeping),learner-attacker.bnsdq.ozxfs.igokp-owcwb.kvugl,0.9133164387226365,1
1759296739,3353,1,N/A,N/A,N/A,N/A,N/A,N/A,N/A,N/A,1931411456,1931411456,59691008,135168,196419584,14,discern-network,S (sleeping),learner-attacker.bnsdq.ozxfs.igokp-owcwb.kvugl,0.41865174333534066,1
1759296743,41817,41816,1001,1001,1001,1001,1001,1001,1001,1001,610795520,610795520,209858560,135168,258142208,1,python3,R (running),learner-attacker.bnsdq.ozxfs.igokp-owcwb.kvugl,91.79201134169706,0
1759296743,32255,1,N/A,N/A,N/A,N/A,N/A,N/A,N/A,N/A,1264619520,1264619520,16986112,135168,45826048,4,discern-proc-so,S (sleeping),learner-attacker.bnsdq.ozxfs.igokp-owcwb.kvugl,2.4399924747034896,0
1759296743,1,N/A,N/A,N/A,N/A,N/A,N/A,N/A,N/A,N/A,234917888,169168896,10801152,1060864,19505152,1,systemd,S (sleeping),learner-attacker.bnsdq.ozxfs.igokp-owcwb.kvugl,1.3999407377444069,0
1759296743,42564,1,101,101,101,101,102,102,102,102,16568320,16568320,6098944,135168,630784,1,systemd-network,S (sleeping),learner-attacker.bnsdq.ozxfs.igokp-owcwb.kvugl,0.3706122101424,0
1759296743,3277,1,N/A,N/A,N/A,N/A,N/A,N/A,N/A,N/A,1953140736,1921835008,46366720,135168,178851840,13,discern-network,S (sleeping),learner-attacker.bnsdq.ozxfs.igokp-owcwb.kvugl,0.3286235150317351,0
1759296744,58858,58857,1001,1001,1001,1001,1001,1001,1001,1001,247201792,180092928,20758528,135168,28295168,3,server.py,R (running),learner-attacker.bnsdq.ozxfs.igokp-owcwb.kvugl,94.06596340686309,1
1759296744,64653,1,N/A,N/A,N/A,N/A,N/A,N/A,N/A,N/A,1264619520,1264619520,17031168,135168,45826048,4,discern-proc-so,S (sleeping),learner-attacker.bnsdq.ozxfs.igokp-owcwb.kvugl,2.0893486093312896,1
1759296744,1,N/A,N/A,N/A,N/A,N/A,N/A,N/A,N/A,N/A,234807296,169218048,10608640,1056768,19558400,1,systemd,S (sleeping),learner-attacker.bnsdq.ozxfs.igokp-owcwb.kvugl,1.214228239958801,1
1759296744,64744,1,101,101,101,101,102,102,102,102,16568320,16560128,7282688,135168,622592,1,systemd-network,S (sleeping),learner-attacker.bnsdq.ozxfs.igokp-owcwb.kvugl,0.5735078804529258,1
1759296744,3353,1,N/A,N/A,N/A,N/A,N/A,N/A,N/A,N/A,1931411456,1931411456,59691008,135168,196419584,14,discern-network,S (sleeping),learner-attacker.bnsdq.ozxfs.igokp-owcwb.kvugl,0.4180920415341781,1
1759296748,41817,41816,1001,1001,1001,1001,1001,1001,1001,1001,610795520,610795520,209858560,135168,258142208,1,python3,R (running),learner-attacker.bnsdq.ozxfs.igokp-owcwb.kvugl,91.94421946048685,0
1759296748,32255,1,N/A,N/A,N/A,N/A,N/A,N/A,N/A,N/A,1264619520,1264619520,16986112,135168,45826048,4,discern-proc-so,S (sleeping),learner-attacker.bnsdq.ozxfs.igokp-owcwb.kvugl,2.4378711153776385,0
1759296748,1,N/A,N/A,N/A,N/A,N/A,N/A,N/A,N/A,N/A,234917888,169304064,10801152,1060864,19640320,1,systemd,S (sleeping),learner-attacker.bnsdq.ozxfs.igokp-owcwb.kvugl,1.3983035621219329,0
1759296748,42628,1,101,101,101,101,102,102,102,102,16568320,16568320,6148096,135168,630784,1,systemd-network,S (sleeping),learner-attacker.bnsdq.ozxfs.igokp-owcwb.kvugl,0.3573392240437604,0
1759296748,3277,1,N/A,N/A,N/A,N/A,N/A,N/A,N/A,N/A,1953140736,1921835008,46366720,135168,178851840,13,discern-network,S (sleeping),learner-attacker.bnsdq.ozxfs.igokp-owcwb.kvugl,0.3283329113658691,0
1759296749,64653,1,N/A,N/A,N/A,N/A,N/A,N/A,N/A,N/A,1264619520,1264619520,17031168,135168,45826048,4,discern-proc-so,S (sleeping),learner-attacker.bnsdq.ozxfs.igokp-owcwb.kvugl,2.279729873712993,1
1759296749,1,N/A,N/A,N/A,N/A,N/A,N/A,N/A,N/A,N/A,234807296,169222144,10608640,1056768,19562496,1,systemd,S (sleeping),learner-attacker.bnsdq.ozxfs.igokp-owcwb.kvugl,1.2146466732298882,1
1759296749,64810,1,101,101,101,101,102,102,102,102,16568320,16560128,7258112,135168,622592,1,systemd-network,S (sleeping),learner-attacker.bnsdq.ozxfs.igokp-owcwb.kvugl,0.4283715755763937,1
1759296749,3353,1,N/A,N/A,N/A,N/A,N/A,N/A,N/A,N/A,1931411456,1931411456,59691008,135168,196419584,14,discern-network,S (sleeping),learner-attacker.bnsdq.ozxfs.igokp-owcwb.kvugl,0.4183060006666453,1
1759296749,376,1,103,103,103,103,109,109,109,109,170283008,170283008,161988608,135168,162553856,1,dbus-daemon,S (sleeping),learner-attacker.bnsdq.ozxfs.igokp-owcwb.kvugl,0.25400442909685145,1
1759296753,41817,41816,1001,1001,1001,1001,1001,1001,1001,1001,610795520,610795520,209858560,135168,258142208,1,python3,R (running),learner-attacker.bnsdq.ozxfs.igokp-owcwb.kvugl,92.12380454654301,0
1759296753,32255,1,N/A,N/A,N/A,N/A,N/A,N/A,N/A,N/A,1264619520,1264619520,16986112,135168,45826048,4,discern-proc-so,S (sleeping),learner-attacker.bnsdq.ozxfs.igokp-owcwb.kvugl,2.4369787982377873,0
1759296753,1,N/A,N/A,N/A,N/A,N/A,N/A,N/A,N/A,N/A,234917888,169304064,10801152,1060864,19640320,1,systemd,S (sleeping),learner-attacker.bnsdq.ozxfs.igokp-owcwb.kvugl,1.397809915250022,0
1759296753,3277,1,N/A,N/A,N/A,N/A,N/A,N/A,N/A,N/A,1953140736,1921835008,46366720,135168,178851840,13,discern-network,S (sleeping),learner-attacker.bnsdq.ozxfs.igokp-owcwb.kvugl,0.32804149051520487,0
1759296753,42681,1,101,101,101,101,102,102,102,102,16568320,16568320,6168576,135168,630784,1,systemd-network,S (sleeping),learner-attacker.bnsdq.ozxfs.igokp-owcwb.kvugl,0.29356506422835255,0
1759296754,64653,1,N/A,N/A,N/A,N/A,N/A,N/A,N/A,N/A,1264619520,1264619520,17092608,135168,45826048,4,discern-proc-so,S (sleeping),learner-attacker.bnsdq.ozxfs.igokp-owcwb.kvugl,2.336198957591259,1
1759296754,1,N/A,N/A,N/A,N/A,N/A,N/A,N/A,N/A,N/A,234807296,169222144,10608640,1056768,19562496,1,systemd,S (sleeping),learner-attacker.bnsdq.ozxfs.igokp-owcwb.kvugl,1.2145807096303012,1
1759296754,3353,1,N/A,N/A,N/A,N/A,N/A,N/A,N/A,N/A,1931411456,1931411456,59691008,135168,196419584,14,discern-network,S (sleeping),learner-attacker.bnsdq.ozxfs.igokp-owcwb.kvugl,0.4182652131524125,1
1759296754,64875,1,101,101,101,101,102,102,102,102,16568320,16560128,7401472,135168,622592,1,systemd-network,S (sleeping),learner-attacker.bnsdq.ozxfs.igokp-owcwb.kvugl,0.41401962657762686,1
1759296754,376,1,103,103,103,103,109,109,109,109,170418176,170418176,161988608,135168,162689024,1,dbus-daemon,S (sleeping),learner-attacker.bnsdq.ozxfs.igokp-owcwb.kvugl,0.25392824885650966,1
1759296759,41817,41816,1001,1001,1001,1001,1001,1001,1001,1001,610795520,610795520,209858560,135168,258142208,1,python3,R (running),learner-attacker.bnsdq.ozxfs.igokp-owcwb.kvugl,92.09002226775532,0
1759296759,32255,1,N/A,N/A,N/A,N/A,N/A,N/A,N/A,N/A,1264619520,1264619520,16986112,135168,45826048,4,discern-proc-so,S (sleeping),learner-attacker.bnsdq.ozxfs.igokp-owcwb.kvugl,2.4347538767678203,0
1759296759,42798,1,101,101,101,101,102,102,102,102,16568320,16568320,7405568,135168,630784,1,systemd-network,S (sleeping),learner-attacker.bnsdq.ozxfs.igokp-owcwb.kvugl,1.4540429514012605,0
1759296759,1,N/A,N/A,N/A,N/A,N/A,N/A,N/A,N/A,N/A,234917888,169439232,10801152,1060864,19775488,1,systemd,R (running),learner-attacker.bnsdq.ozxfs.igokp-owcwb.kvugl,1.3969186674554381,0
1759296759,3277,1,N/A,N/A,N/A,N/A,N/A,N/A,N/A,N/A,1953140736,1921835008,46366720,135168,178851840,13,discern-network,S (sleeping),learner-attacker.bnsdq.ozxfs.igokp-owcwb.kvugl,0.3281547623924404,0
1759296759,64653,1,N/A,N/A,N/A,N/A,N/A,N/A,N/A,N/A,1264619520,1264619520,17190912,135168,45826048,4,discern-proc-so,S (sleeping),learner-attacker.bnsdq.ozxfs.igokp-owcwb.kvugl,2.4082056275878223,1
1759296759,1,N/A,N/A,N/A,N/A,N/A,N/A,N/A,N/A,N/A,234807296,169492480,10608640,1056768,19832832,1,systemd,S (sleeping),learner-attacker.bnsdq.ozxfs.igokp-owcwb.kvugl,1.2152481658630925,1
1759296759,3353,1,N/A,N/A,N/A,N/A,N/A,N/A,N/A,N/A,1931411456,1931411456,59691008,135168,196419584,14,discern-network,S (sleeping),learner-attacker.bnsdq.ozxfs.igokp-owcwb.kvugl,0.41822463572087193,1
1759296760,64929,1,101,101,101,101,102,102,102,102,16568320,16560128,7286784,135168,622592,1,systemd-network,S (sleeping),learner-attacker.bnsdq.ozxfs.igokp-owcwb.kvugl,0.33380986722556477,1
1759296760,376,1,103,103,103,103,109,109,109,109,170553344,170553344,162258944,135168,162824192,1,dbus-daemon,S (sleeping),learner-attacker.bnsdq.ozxfs.igokp-owcwb.kvugl,0.25385232247787903,1
1759296764,41817,41816,1001,1001,1001,1001,1001,1001,1001,1001,610795520,610795520,209858560,135168,258142208,1,python3,R (running),learner-attacker.bnsdq.ozxfs.igokp-owcwb.kvugl,92.13171172313467,0
1759296764,32255,1,N/A,N/A,N/A,N/A,N/A,N/A,N/A,N/A,1264619520,1264619520,16986112,135168,45826048,4,discern-proc-so,S (sleeping),learner-attacker.bnsdq.ozxfs.igokp-owcwb.kvugl,2.4350223816724745,0
1759296764,1,N/A,N/A,N/A,N/A,N/A,N/A,N/A,N/A,N/A,234917888,169439232,10801152,1060864,19775488,1,systemd,S (sleeping),learner-attacker.bnsdq.ozxfs.igokp-owcwb.kvugl,1.3964116912297593,0
1759296764,42862,1,101,101,101,101,102,102,102,102,16568320,16568320,6012928,135168,630784,1,systemd-network,S (sleeping),learner-attacker.bnsdq.ozxfs.igokp-owcwb.kvugl,0.8645163202967333,0
1759296764,3277,1,N/A,N/A,N/A,N/A,N/A,N/A,N/A,N/A,1953140736,1921835008,46366720,135168,178851840,13,discern-network,S (sleeping),learner-attacker.bnsdq.ozxfs.igokp-owcwb.kvugl,0.32826762216780486,0
1759296765,64653,1,N/A,N/A,N/A,N/A,N/A,N/A,N/A,N/A,1264619520,1264619520,17199104,135168,45826048,4,discern-proc-so,R (running),learner-attacker.bnsdq.ozxfs.igokp-owcwb.kvugl,2.4867402899953333,1
1759296765,65049,1,101,101,101,101,102,102,102,102,16568320,16560128,7372800,135168,622592,1,systemd-network,S (sleeping),learner-attacker.bnsdq.ozxfs.igokp-owcwb.kvugl,1.7082121075699768,1
1759296765,1,N/A,N/A,N/A,N/A,N/A,N/A,N/A,N/A,N/A,234807296,169644032,10608640,1056768,19984384,1,systemd,S (sleeping),learner-attacker.bnsdq.ozxfs.igokp-owcwb.kvugl,1.2159082884719543,1
1759296765,3353,1,N/A,N/A,N/A,N/A,N/A,N/A,N/A,N/A,1931411456,1931411456,59691008,135168,196419584,14,discern-network,S (sleeping),learner-attacker.bnsdq.ozxfs.igokp-owcwb.kvugl,0.4184377383053084,1
1759296765,376,1,103,103,103,103,109,109,109,109,170827776,170827776,162529280,135168,163098624,1,dbus-daemon,S (sleeping),learner-attacker.bnsdq.ozxfs.igokp-owcwb.kvugl,0.2542639189433685,1
1759296769,41817,41816,1001,1001,1001,1001,1001,1001,1001,1001,610795520,610795520,209858560,135168,258142208,1,python3,R (running),learner-attacker.bnsdq.ozxfs.igokp-owcwb.kvugl,92.27827935409437,0
1759296769,32255,1,N/A,N/A,N/A,N/A,N/A,N/A,N/A,N/A,1264619520,1264619520,16986112,135168,45826048,4,discern-proc-so,S (sleeping),learner-attacker.bnsdq.ozxfs.igokp-owcwb.kvugl,2.43296807293087,0
1759296769,1,N/A,N/A,N/A,N/A,N/A,N/A,N/A,N/A,N/A,234917888,169439232,10801152,1060864,19775488,1,systemd,S (sleeping),learner-attacker.bnsdq.ozxfs.igokp-owcwb.kvugl,1.3951704486203962,0
1759296769,42914,1,101,101,101,101,102,102,102,102,16568320,16568320,6070272,135168,630784,1,systemd-network,S (sleeping),learner-attacker.bnsdq.ozxfs.igokp-owcwb.kvugl,0.8521335590954398,0
1759296769,3277,1,N/A,N/A,N/A,N/A,N/A,N/A,N/A,N/A,1953140736,1921835008,46366720,135168,178851840,13,discern-network,S (sleeping),learner-attacker.bnsdq.ozxfs.igokp-owcwb.kvugl,0.3283857521253906,0
1759296770,64653,1,N/A,N/A,N/A,N/A,N/A,N/A,N/A,N/A,1264619520,1264619520,17211392,135168,45826048,4,discern-proc-so,S (sleeping),learner-attacker.bnsdq.ozxfs.igokp-owcwb.kvugl,2.4907668757004053,1
1759296770,65114,1,101,101,101,101,102,102,102,102,16568320,16560128,7196672,135168,622592,1,systemd-network,S (sleeping),learner-attacker.bnsdq.ozxfs.igokp-owcwb.kvugl,2.2421374132134657,1
1759296770,1,N/A,N/A,N/A,N/A,N/A,N/A,N/A,N/A,N/A,234807296,169226240,10608640,1056768,19566592,1,systemd,S (sleeping),learner-attacker.bnsdq.ozxfs.igokp-owcwb.kvugl,1.2163267659970896,1
1759296770,3353,1,N/A,N/A,N/A,N/A,N/A,N/A,N/A,N/A,1931411456,1931411456,59691008,135168,196419584,14,discern-network,S (sleeping),learner-attacker.bnsdq.ozxfs.igokp-owcwb.kvugl,0.4183963444871112,1
1759296770,376,1,103,103,103,103,109,109,109,109,170962944,170962944,162799616,135168,163233792,1,dbus-daemon,S (sleeping),learner-attacker.bnsdq.ozxfs.igokp-owcwb.kvugl,0.25418736090718114,1
1759296774,41817,41816,1001,1001,1001,1001,1001,1001,1001,1001,610795520,610795520,209858560,135168,258142208,1,python3,R (running),learner-attacker.bnsdq.ozxfs.igokp-owcwb.kvugl,92.32868346010461,0
1759296774,32255,1,N/A,N/A,N/A,N/A,N/A,N/A,N/A,N/A,1264619520,1264619520,16986112,135168,45826048,4,discern-proc-so,S (sleeping),learner-attacker.bnsdq.ozxfs.igokp-owcwb.kvugl,2.4321337024395606,0
1759296774,1,N/A,N/A,N/A,N/A,N/A,N/A,N/A,N/A,N/A,234917888,169439232,10801152,1060864,19775488,1,systemd,S (sleeping),learner-attacker.bnsdq.ozxfs.igokp-owcwb.kvugl,1.3939303138770311,0
1759296774,42978,1,101,101,101,101,102,102,102,102,16568320,16568320,6111232,135168,630784,1,systemd-network,S (sleeping),learner-attacker.bnsdq.ozxfs.igokp-owcwb.kvugl,0.5354920025537196,0
1759296774,3277,1,N/A,N/A,N/A,N/A,N/A,N/A,N/A,N/A,1953140736,1921835008,46366720,135168,178851840,13,discern-network,S (sleeping),learner-attacker.bnsdq.ozxfs.igokp-owcwb.kvugl,0.3280968474455084,0
1759296775,64653,1,N/A,N/A,N/A,N/A,N/A,N/A,N/A,N/A,1264619520,1264619520,17211392,135168,45826048,4,discern-proc-so,S (sleeping),learner-attacker.bnsdq.ozxfs.igokp-owcwb.kvugl,2.517637229908545,1
1759296775,1,N/A,N/A,N/A,N/A,N/A,N/A,N/A,N/A,N/A,234807296,169644032,10608640,1056768,19984384,1,systemd,S (sleeping),learner-attacker.bnsdq.ozxfs.igokp-owcwb.kvugl,1.2167456904738074,1
1759296775,65169,1,101,101,101,101,102,102,102,102,16568320,16560128,7290880,135168,622592,1,systemd-network,S (sleeping),learner-attacker.bnsdq.ozxfs.igokp-owcwb.kvugl,0.7998812361936698,1
1759296775,3353,1,N/A,N/A,N/A,N/A,N/A,N/A,N/A,N/A,1931411456,1931411456,59691008,135168,196419584,14,discern-network,S (sleeping),learner-attacker.bnsdq.ozxfs.igokp-owcwb.kvugl,0.41835559073969875,1
1759296775,376,1,103,103,103,103,109,109,109,109,171233280,171233280,162799616,135168,163504128,1,dbus-daemon,S (sleeping),learner-attacker.bnsdq.ozxfs.igokp-owcwb.kvugl,0.25435494146033827,1
1759296779,41817,41816,1001,1001,1001,1001,1001,1001,1001,1001,610795520,610795520,209858560,135168,258142208,1,python3,R (running),learner-attacker.bnsdq.ozxfs.igokp-owcwb.kvugl,92.43956136112838,0
1759296779,32255,1,N/A,N/A,N/A,N/A,N/A,N/A,N/A,N/A,1264619520,1264619520,16986112,135168,45826048,4,discern-proc-so,S (sleeping),learner-attacker.bnsdq.ozxfs.igokp-owcwb.kvugl,2.431330077312426,0
1759296779,1,N/A,N/A,N/A,N/A,N/A,N/A,N/A,N/A,N/A,234917888,169357312,10801152,1060864,19693568,1,systemd,S (sleeping),learner-attacker.bnsdq.ozxfs.igokp-owcwb.kvugl,1.3930765435187507,0
1759296779,43033,1,101,101,101,101,102,102,102,102,16568320,16568320,6230016,135168,630784,1,systemd-network,S (sleeping),learner-attacker.bnsdq.ozxfs.igokp-owcwb.kvugl,0.6069899003632331,0
1759296779,3277,1,N/A,N/A,N/A,N/A,N/A,N/A,N/A,N/A,1953140736,1921835008,46366720,135168,178851840,13,discern-network,S (sleeping),learner-attacker.bnsdq.ozxfs.igokp-owcwb.kvugl,0.32781010682003664,0
1759296780,64653,1,N/A,N/A,N/A,N/A,N/A,N/A,N/A,N/A,1264619520,1264619520,17211392,135168,45826048,4,discern-proc-so,R (running),learner-attacker.bnsdq.ozxfs.igokp-owcwb.kvugl,2.5595802936588754,1
1759296780,1,N/A,N/A,N/A,N/A,N/A,N/A,N/A,N/A,N/A,234807296,169222144,10608640,1056768,19562496,1,systemd,S (sleeping),learner-attacker.bnsdq.ozxfs.igokp-owcwb.kvugl,1.217649222385891,1
1759296780,65234,1,101,101,101,101,102,102,102,102,16568320,16560128,7323648,135168,622592,1,systemd-network,S (sleeping),learner-attacker.bnsdq.ozxfs.igokp-owcwb.kvugl,0.7506633351036802,1
1759296780,3353,1,N/A,N/A,N/A,N/A,N/A,N/A,N/A,N/A,1931411456,1931411456,59691008,135168,196419584,14,discern-network,S (sleeping),learner-attacker.bnsdq.ozxfs.igokp-owcwb.kvugl,0.4185693642335684,1
1759296780,376,1,103,103,103,103,109,109,109,109,171368448,171368448,163069952,135168,163639296,1,dbus-daemon,S (sleeping),learner-attacker.bnsdq.ozxfs.igokp-owcwb.kvugl,0.25427866165582796,1
1759296785,41817,41816,1001,1001,1001,1001,1001,1001,1001,1001,610795520,610795520,209858560,135168,258142208,1,python3,R (running),learner-attacker.bnsdq.ozxfs.igokp-owcwb.kvugl,92.50184355090707,0
1759296785,32255,1,N/A,N/A,N/A,N/A,N/A,N/A,N/A,N/A,1264619520,1264619520,16986112,135168,45826048,4,discern-proc-so,S (sleeping),learner-attacker.bnsdq.ozxfs.igokp-owcwb.kvugl,2.4293673324066183,0
1759296785,1,N/A,N/A,N/A,N/A,N/A,N/A,N/A,N/A,N/A,234917888,169168896,10801152,1060864,19505152,1,systemd,S (sleeping),learner-attacker.bnsdq.ozxfs.igokp-owcwb.kvugl,1.3914773369713775,0
1759296785,43096,1,101,101,101,101,102,102,102,102,16568320,16568320,6238208,135168,630784,1,systemd-network,S (sleeping),learner-attacker.bnsdq.ozxfs.igokp-owcwb.kvugl,0.3891486848103007,0
1759296785,3277,1,N/A,N/A,N/A,N/A,N/A,N/A,N/A,N/A,1953140736,1921835008,46366720,135168,178851840,13,discern-network,S (sleeping),learner-attacker.bnsdq.ozxfs.igokp-owcwb.kvugl,0.3279297972686731,0
1759296785,64653,1,N/A,N/A,N/A,N/A,N/A,N/A,N/A,N/A,1264619520,1264619520,17211392,135168,45826048,4,discern-proc-so,R (running),learner-attacker.bnsdq.ozxfs.igokp-owcwb.kvugl,2.5747650697040307,1
1759296785,1,N/A,N/A,N/A,N/A,N/A,N/A,N/A,N/A,N/A,234807296,169222144,10608640,1056768,19562496,1,systemd,S (sleeping),learner-attacker.bnsdq.ozxfs.igokp-owcwb.kvugl,1.2175815984027494,1
1759296785,65289,1,101,101,101,101,102,102,102,102,16568320,16560128,7372800,135168,622592,1,systemd-network,S (sleeping),learner-attacker.bnsdq.ozxfs.igokp-owcwb.kvugl,0.5234831887395596,1
1759296785,3353,1,N/A,N/A,N/A,N/A,N/A,N/A,N/A,N/A,1931411456,1931411456,59691008,135168,196419584,14,discern-network,S (sleeping),learner-attacker.bnsdq.ozxfs.igokp-owcwb.kvugl,0.4187833978804214,1
1759296785,376,1,103,103,103,103,109,109,109,109,171503616,171503616,163340288,135168,163774464,1,dbus-daemon,S (sleeping),learner-attacker.bnsdq.ozxfs.igokp-owcwb.kvugl,0.25444607708664424,1
1759296790,41817,41816,1001,1001,1001,1001,1001,1001,1001,1001,610795520,610795520,209858560,135168,258142208,1,python3,R (running),learner-attacker.bnsdq.ozxfs.igokp-owcwb.kvugl,92.58344940812204,0
1759296790,32255,1,N/A,N/A,N/A,N/A,N/A,N/A,N/A,N/A,1264619520,1264619520,16986112,135168,45826048,4,discern-proc-so,S (sleeping),learner-attacker.bnsdq.ozxfs.igokp-owcwb.kvugl,2.4274230180764076,0
1759296790,1,N/A,N/A,N/A,N/A,N/A,N/A,N/A,N/A,N/A,234917888,169304064,10801152,1060864,19640320,1,systemd,S (sleeping),learner-attacker.bnsdq.ozxfs.igokp-owcwb.kvugl,1.3906363323131772,0
1759296790,43151,1,101,101,101,101,102,102,102,102,16568320,16568320,7335936,135168,630784,1,systemd-network,S (sleeping),learner-attacker.bnsdq.ozxfs.igokp-owcwb.kvugl,0.4733122530353002,0
1759296790,3277,1,N/A,N/A,N/A,N/A,N/A,N/A,N/A,N/A,1953140736,1921835008,46366720,135168,178851840,13,discern-network,S (sleeping),learner-attacker.bnsdq.ozxfs.igokp-owcwb.kvugl,0.32724273344892835,0
1759296790,64653,1,N/A,N/A,N/A,N/A,N/A,N/A,N/A,N/A,1264619520,1264619520,17211392,135168,45826048,4,discern-proc-so,R (running),learner-attacker.bnsdq.ozxfs.igokp-owcwb.kvugl,2.5698697208515378,1
1759296790,1,N/A,N/A,N/A,N/A,N/A,N/A,N/A,N/A,N/A,234807296,169222144,10608640,1056768,19562496,1,systemd,S (sleeping),learner-attacker.bnsdq.ozxfs.igokp-owcwb.kvugl,1.2182407073287236,1
1759296790,65354,1,101,101,101,101,102,102,102,102,16568320,16560128,7348224,135168,622592,1,systemd-network,S (sleeping),learner-attacker.bnsdq.ozxfs.igokp-owcwb.kvugl,0.502530273723358,1
1759296790,3353,1,N/A,N/A,N/A,N/A,N/A,N/A,N/A,N/A,1931411456,1931411456,59691008,135168,196419584,14,discern-network,S (sleeping),learner-attacker.bnsdq.ozxfs.igokp-owcwb.kvugl,0.4187426072936668,1
1759296790,376,1,103,103,103,103,109,109,109,109,171773952,171773952,163340288,135168,164044800,1,dbus-daemon,S (sleeping),learner-attacker.bnsdq.ozxfs.igokp-owcwb.kvugl,0.2543701571450295,1
1759296795,41817,41816,1001,1001,1001,1001,1001,1001,1001,1001,610795520,610795520,209858560,135168,258142208,1,python3,R (running),learner-attacker.bnsdq.ozxfs.igokp-owcwb.kvugl,92.58122663036492,0
1759296795,32255,1,N/A,N/A,N/A,N/A,N/A,N/A,N/A,N/A,1264619520,1264619520,16986112,135168,45826048,4,discern-proc-so,S (sleeping),learner-attacker.bnsdq.ozxfs.igokp-owcwb.kvugl,2.425505156053029,0
1759296795,1,N/A,N/A,N/A,N/A,N/A,N/A,N/A,N/A,N/A,234917888,169439232,10801152,1060864,19775488,1,systemd,S (sleeping),learner-attacker.bnsdq.ozxfs.igokp-owcwb.kvugl,1.3897991105962915,0
1759296795,43267,1,101,101,101,101,102,102,102,102,16568320,16568320,6094848,135168,630784,1,systemd-network,S (sleeping),learner-attacker.bnsdq.ozxfs.igokp-owcwb.kvugl,1.3022150410242632,0
1759296795,3277,1,N/A,N/A,N/A,N/A,N/A,N/A,N/A,N/A,1953140736,1921835008,46366720,135168,178851840,13,discern-network,S (sleeping),learner-attacker.bnsdq.ozxfs.igokp-owcwb.kvugl,0.3277652184821317,0
1759296796,64653,1,N/A,N/A,N/A,N/A,N/A,N/A,N/A,N/A,1264619520,1264619520,17211392,135168,45826048,4,discern-proc-so,R (running),learner-attacker.bnsdq.ozxfs.igokp-owcwb.kvugl,2.5810348427741867,1
1759296796,1,N/A,N/A,N/A,N/A,N/A,N/A,N/A,N/A,N/A,234807296,169213952,10608640,1056768,19554304,1,systemd,S (sleeping),learner-attacker.bnsdq.ozxfs.igokp-owcwb.kvugl,1.2184096638171977,1
1759296796,65441,2644,N/A,N/A,N/A,N/A,N/A,N/A,N/A,N/A,15101952,15065088,8871936,135168,1171456,1,sshd,S (sleeping),learner-attacker.bnsdq.ozxfs.igokp-owcwb.kvugl,1.7343549773324747,1
1759296796,3353,1,N/A,N/A,N/A,N/A,N/A,N/A,N/A,N/A,1931411456,1931411456,59691008,135168,196419584,14,discern-network,S (sleeping),learner-attacker.bnsdq.ozxfs.igokp-owcwb.kvugl,0.4189540421062726,1
1759296796,65410,1,101,101,101,101,102,102,102,102,16568320,16560128,7380992,135168,622592,1,systemd-network,S (sleeping),learner-attacker.bnsdq.ozxfs.igokp-owcwb.kvugl,0.38809493272736045,1
1759296800,41817,41816,1001,1001,1001,1001,1001,1001,1001,1001,610795520,610795520,209858560,135168,258142208,1,python3,R (running),learner-attacker.bnsdq.ozxfs.igokp-owcwb.kvugl,92.62421510025135,0
1759296800,32255,1,N/A,N/A,N/A,N/A,N/A,N/A,N/A,N/A,1264619520,1264619520,16986112,135168,45826048,4,discern-proc-so,S (sleeping),learner-attacker.bnsdq.ozxfs.igokp-owcwb.kvugl,2.424741829916457,0
1759296800,43331,1,101,101,101,101,102,102,102,102,16568320,16568320,6201344,135168,630784,1,systemd-network,S (sleeping),learner-attacker.bnsdq.ozxfs.igokp-owcwb.kvugl,1.7140073477392483,0
1759296800,1,N/A,N/A,N/A,N/A,N/A,N/A,N/A,N/A,N/A,234917888,169304064,10801152,1060864,19640320,1,systemd,S (sleeping),learner-attacker.bnsdq.ozxfs.igokp-owcwb.kvugl,1.3889563777047165,0
1759296800,3277,1,N/A,N/A,N/A,N/A,N/A,N/A,N/A,N/A,1953140736,1921835008,46366720,135168,178851840,13,discern-network,S (sleeping),learner-attacker.bnsdq.ozxfs.igokp-owcwb.kvugl,0.327480613235741,0
1759296805,41817,41816,1001,1001,1001,1001,1001,1001,1001,1001,610795520,610795520,209858560,135168,258142208,1,python3,R (running),learner-attacker.bnsdq.ozxfs.igokp-owcwb.kvugl,92.67737942117252,0
1759296805,32255,1,N/A,N/A,N/A,N/A,N/A,N/A,N/A,N/A,1264619520,1264619520,16986112,135168,45826048,4,discern-proc-so,S (sleeping),learner-attacker.bnsdq.ozxfs.igokp-owcwb.kvugl,2.423979479831054,0
1759296805,1,N/A,N/A,N/A,N/A,N/A,N/A,N/A,N/A,N/A,234917888,169304064,10801152,1060864,19640320,1,systemd,S (sleeping),learner-attacker.bnsdq.ozxfs.igokp-owcwb.kvugl,1.3877412602773047,0
1759296805,43383,1,101,101,101,101,102,102,102,102,16568320,16568320,6107136,135168,630784,1,systemd-network,S (sleeping),learner-attacker.bnsdq.ozxfs.igokp-owcwb.kvugl,1.0107660778446186,0
1759296805,3277,1,N/A,N/A,N/A,N/A,N/A,N/A,N/A,N/A,1953140736,1921835008,46366720,135168,178851840,13,discern-network,S (sleeping),learner-attacker.bnsdq.ozxfs.igokp-owcwb.kvugl,0.3271967765960157,0
1759296805,1,N/A,N/A,N/A,N/A,N/A,N/A,N/A,N/A,N/A,234807296,169349120,10608640,1056768,19689472,1,systemd,S (sleeping),learner-attacker.bnsdq.ozxfs.igokp-owcwb.kvugl,1.2207236863929845,1
1759296805,65593,1,101,101,101,101,102,102,102,102,16568320,16560128,7421952,135168,622592,1,systemd-network,S (sleeping),learner-attacker.bnsdq.ozxfs.igokp-owcwb.kvugl,1.1863062576040526,1
1759296805,3353,1,N/A,N/A,N/A,N/A,N/A,N/A,N/A,N/A,1931411456,1931411456,59691008,135168,196419584,14,discern-network,S (sleeping),learner-attacker.bnsdq.ozxfs.igokp-owcwb.kvugl,0.4187192588547542,1
1759296805,376,1,103,103,103,103,109,109,109,109,172457984,172457984,164151296,135168,164728832,1,dbus-daemon,S (sleeping),learner-attacker.bnsdq.ozxfs.igokp-owcwb.kvugl,0.2549262516217604,1
1759296805,282,1,102,102,102,102,103,103,103,103,24743936,24678400,12156928,135168,3698688,1,systemd-resolve,S (sleeping),learner-attacker.bnsdq.ozxfs.igokp-owcwb.kvugl,0.20094163600391177,1
1759296810,65628,1,N/A,N/A,N/A,N/A,N/A,N/A,N/A,N/A,1264619520,1264619520,16961536,135168,45826048,4,discern-proc-so,R (running),learner-attacker.bnsdq.ozxfs.igokp-owcwb.kvugl,2.8467563906806497,1
1759296810,1,N/A,N/A,N/A,N/A,N/A,N/A,N/A,N/A,N/A,234807296,169484288,10608640,1056768,19824640,1,systemd,S (sleeping),learner-attacker.bnsdq.ozxfs.igokp-owcwb.kvugl,1.2206557614072973,1
1759296810,65655,1,101,101,101,101,102,102,102,102,16568320,16560128,7237632,135168,622592,1,systemd-network,S (sleeping),learner-attacker.bnsdq.ozxfs.igokp-owcwb.kvugl,0.8164382897950339,1
1759296810,3353,1,N/A,N/A,N/A,N/A,N/A,N/A,N/A,N/A,1931411456,1931411456,59691008,135168,196419584,14,discern-network,S (sleeping),learner-attacker.bnsdq.ozxfs.igokp-owcwb.kvugl,0.4186802008711681,1
1759296810,376,1,103,103,103,103,109,109,109,109,172593152,172593152,164421632,135168,164864000,1,dbus-daemon,S (sleeping),learner-attacker.bnsdq.ozxfs.igokp-owcwb.kvugl,0.25533407057615637,1
1759296811,41817,41816,1001,1001,1001,1001,1001,1001,1001,1001,610795520,610795520,209858560,135168,258142208,1,python3,R (running),learner-attacker.bnsdq.ozxfs.igokp-owcwb.kvugl,92.69780016200014,0
1759296811,32255,1,N/A,N/A,N/A,N/A,N/A,N/A,N/A,N/A,1264619520,1264619520,16986112,135168,45826048,4,discern-proc-so,S (sleeping),learner-attacker.bnsdq.ozxfs.igokp-owcwb.kvugl,2.423264112832802,0
1759296811,1,N/A,N/A,N/A,N/A,N/A,N/A,N/A,N/A,N/A,234917888,169304064,10801152,1060864,19640320,1,systemd,S (sleeping),learner-attacker.bnsdq.ozxfs.igokp-owcwb.kvugl,1.38691126130633,0
1759296811,43447,1,101,101,101,101,102,102,102,102,16568320,16568320,6172672,135168,630784,1,systemd-network,S (sleeping),learner-attacker.bnsdq.ozxfs.igokp-owcwb.kvugl,0.945680944888666,0
1759296811,3277,1,N/A,N/A,N/A,N/A,N/A,N/A,N/A,N/A,1953140736,1921835008,46366720,135168,178851840,13,discern-network,S (sleeping),learner-attacker.bnsdq.ozxfs.igokp-owcwb.kvugl,0.3273155472809404,0
1759296815,65628,1,N/A,N/A,N/A,N/A,N/A,N/A,N/A,N/A,1264619520,1264619520,17063936,135168,45826048,4,discern-proc-so,R (running),learner-attacker.bnsdq.ozxfs.igokp-owcwb.kvugl,2.704919274160532,1
1759296815,1,N/A,N/A,N/A,N/A,N/A,N/A,N/A,N/A,N/A,234807296,169213952,10608640,1056768,19554304,1,systemd,S (sleeping),learner-attacker.bnsdq.ozxfs.igokp-owcwb.kvugl,1.221067024387906,1
1759296815,65720,1,101,101,101,101,102,102,102,102,16568320,16560128,7303168,135168,622592,1,systemd-network,S (sleeping),learner-attacker.bnsdq.ozxfs.igokp-owcwb.kvugl,0.7831842360223771,1
1759296815,3353,1,N/A,N/A,N/A,N/A,N/A,N/A,N/A,N/A,1931411456,1931411456,59691008,135168,196419584,14,discern-network,S (sleeping),learner-attacker.bnsdq.ozxfs.igokp-owcwb.kvugl,0.41864014173599645,1
1759296815,376,1,103,103,103,103,109,109,109,109,172863488,172863488,164421632,135168,165134336,1,dbus-daemon,S (sleeping),learner-attacker.bnsdq.ozxfs.igokp-owcwb.kvugl,0.25525770631900413,1
1759296816,41817,41816,1001,1001,1001,1001,1001,1001,1001,1001,610795520,610795520,209858560,135168,258142208,1,python3,R (running),learner-attacker.bnsdq.ozxfs.igokp-owcwb.kvugl,92.76960680598113,0
1759296816,32255,1,N/A,N/A,N/A,N/A,N/A,N/A,N/A,N/A,1264619520,1264619520,16986112,135168,45826048,4,discern-proc-so,S (sleeping),learner-attacker.bnsdq.ozxfs.igokp-owcwb.kvugl,2.422535412549317,0
1759296816,1,N/A,N/A,N/A,N/A,N/A,N/A,N/A,N/A,N/A,234917888,169304064,10801152,1060864,19640320,1,systemd,S (sleeping),learner-attacker.bnsdq.ozxfs.igokp-owcwb.kvugl,1.3857076639325465,0
1759296816,43500,1,101,101,101,101,102,102,102,102,16568320,16568320,6172672,135168,630784,1,systemd-network,S (sleeping),learner-attacker.bnsdq.ozxfs.igokp-owcwb.kvugl,0.6842670897541784,0
1759296816,3277,1,N/A,N/A,N/A,N/A,N/A,N/A,N/A,N/A,1953140736,1921835008,46366720,135168,178851840,13,discern-network,S (sleeping),learner-attacker.bnsdq.ozxfs.igokp-owcwb.kvugl,0.327432822129215,0
1759296821,41817,41816,1001,1001,1001,1001,1001,1001,1001,1001,610795520,610795520,209858560,135168,258142208,1,python3,R (running),learner-attacker.bnsdq.ozxfs.igokp-owcwb.kvugl,92.80476614988953,0
1759296821,32255,1,N/A,N/A,N/A,N/A,N/A,N/A,N/A,N/A,1264619520,1264619520,16986112,135168,45826048,4,discern-proc-so,S (sleeping),learner-attacker.bnsdq.ozxfs.igokp-owcwb.kvugl,2.421831278026289,0
1759296821,1,N/A,N/A,N/A,N/A,N/A,N/A,N/A,N/A,N/A,234917888,169443328,10801152,1060864,19779584,1,systemd,S (sleeping),learner-attacker.bnsdq.ozxfs.igokp-owcwb.kvugl,1.3848837543129129,0
1759296821,43564,1,101,101,101,101,102,102,102,102,16568320,16568320,6168576,135168,630784,1,systemd-network,S (sleeping),learner-attacker.bnsdq.ozxfs.igokp-owcwb.kvugl,0.43568035771793695,0
1759296821,3277,1,N/A,N/A,N/A,N/A,N/A,N/A,N/A,N/A,1953140736,1921835008,46366720,135168,178851840,13,discern-network,S (sleeping),learner-attacker.bnsdq.ozxfs.igokp-owcwb.kvugl,0.3271523533391013,0
1759296821,65628,1,N/A,N/A,N/A,N/A,N/A,N/A,N/A,N/A,1264619520,1264619520,17121280,135168,45826048,4,discern-proc-so,S (sleeping),learner-attacker.bnsdq.ozxfs.igokp-owcwb.kvugl,2.7642841456023537,1
1759296821,1,N/A,N/A,N/A,N/A,N/A,N/A,N/A,N/A,N/A,234807296,169213952,10608640,1056768,19554304,1,systemd,S (sleeping),learner-attacker.bnsdq.ozxfs.igokp-owcwb.kvugl,1.2217132099618295,1
1759296821,3353,1,N/A,N/A,N/A,N/A,N/A,N/A,N/A,N/A,1931411456,1931411456,59691008,135168,196419584,14,discern-network,S (sleeping),learner-attacker.bnsdq.ozxfs.igokp-owcwb.kvugl,0.41859848976949804,1
1759296821,65774,1,101,101,101,101,102,102,102,102,16568320,16560128,7217152,135168,622592,1,systemd-network,S (sleeping),learner-attacker.bnsdq.ozxfs.igokp-owcwb.kvugl,0.39976328904313807,1
1759296821,376,1,103,103,103,103,109,109,109,109,172998656,172998656,164691968,135168,165269504,1,dbus-daemon,S (sleeping),learner-attacker.bnsdq.ozxfs.igokp-owcwb.kvugl,0.2551805332531384,1
1759296826,41817,41816,1001,1001,1001,1001,1001,1001,1001,1001,610795520,610795520,209858560,135168,258142208,1,python3,R (running),learner-attacker.bnsdq.ozxfs.igokp-owcwb.kvugl,92.85139027647254,0
1759296826,32255,1,N/A,N/A,N/A,N/A,N/A,N/A,N/A,N/A,1264619520,1264619520,16986112,135168,45826048,4,discern-proc-so,S (sleeping),learner-attacker.bnsdq.ozxfs.igokp-owcwb.kvugl,2.419993902943469,0
1759296826,1,N/A,N/A,N/A,N/A,N/A,N/A,N/A,N/A,N/A,234917888,169443328,10801152,1060864,19779584,1,systemd,S (sleeping),learner-attacker.bnsdq.ozxfs.igokp-owcwb.kvugl,1.3836919514068549,0
1759296826,43616,1,101,101,101,101,102,102,102,102,16568320,16568320,6053888,135168,630784,1,systemd-network,S (sleeping),learner-attacker.bnsdq.ozxfs.igokp-owcwb.kvugl,0.5175796775082109,0
1759296826,3277,1,N/A,N/A,N/A,N/A,N/A,N/A,N/A,N/A,1953140736,1921835008,46366720,135168,178851840,13,discern-network,S (sleeping),learner-attacker.bnsdq.ozxfs.igokp-owcwb.kvugl,0.32687307140910005,0
1759296826,65628,1,N/A,N/A,N/A,N/A,N/A,N/A,N/A,N/A,1264619520,1264619520,17121280,135168,45826048,4,discern-proc-so,S (sleeping),learner-attacker.bnsdq.ozxfs.igokp-owcwb.kvugl,2.7527985681766456,1
1759296826,1,N/A,N/A,N/A,N/A,N/A,N/A,N/A,N/A,N/A,234807296,169213952,10608640,1056768,19554304,1,systemd,S (sleeping),learner-attacker.bnsdq.ozxfs.igokp-owcwb.kvugl,1.221641076163273,1
1759296826,3353,1,N/A,N/A,N/A,N/A,N/A,N/A,N/A,N/A,1931411456,1931411456,59691008,135168,196419584,14,discern-network,S (sleeping),learner-attacker.bnsdq.ozxfs.igokp-owcwb.kvugl,0.418810266778132,1
1759296826,65839,1,101,101,101,101,102,102,102,102,16568320,16560128,7286784,135168,622592,1,systemd-network,S (sleeping),learner-attacker.bnsdq.ozxfs.igokp-owcwb.kvugl,0.38762551905920584,1
1759296826,376,1,103,103,103,103,109,109,109,109,173133824,173133824,164962304,135168,165404672,1,dbus-daemon,S (sleeping),learner-attacker.bnsdq.ozxfs.igokp-owcwb.kvugl,0.25534517821460234,1
1759296831,65628,1,N/A,N/A,N/A,N/A,N/A,N/A,N/A,N/A,1264619520,1264619520,17121280,135168,45826048,4,discern-proc-so,S (sleeping),learner-attacker.bnsdq.ozxfs.igokp-owcwb.kvugl,2.7440085768745814,1
1759296831,1,N/A,N/A,N/A,N/A,N/A,N/A,N/A,N/A,N/A,234807296,169213952,10608640,1056768,19554304,1,systemd,S (sleeping),learner-attacker.bnsdq.ozxfs.igokp-owcwb.kvugl,1.2222847597238025,1
1759296831,65894,1,101,101,101,101,102,102,102,102,16568320,16560128,7311360,135168,622592,1,systemd-network,S (sleeping),learner-attacker.bnsdq.ozxfs.igokp-owcwb.kvugl,0.4737483000191684,1
1759296831,3353,1,N/A,N/A,N/A,N/A,N/A,N/A,N/A,N/A,1931411456,1931411456,59691008,135168,196419584,14,discern-network,S (sleeping),learner-attacker.bnsdq.ozxfs.igokp-owcwb.kvugl,0.4187684083484794,1
1759296831,376,1,103,103,103,103,109,109,109,109,173268992,173268992,164962304,135168,165539840,1,dbus-daemon,S (sleeping),learner-attacker.bnsdq.ozxfs.igokp-owcwb.kvugl,0.25502768255829794,1
1759296832,41817,41816,1001,1001,1001,1001,1001,1001,1001,1001,610795520,610795520,209858560,135168,258142208,1,python3,R (running),learner-attacker.bnsdq.ozxfs.igokp-owcwb.kvugl,92.85410186608227,0
1759296832,32255,1,N/A,N/A,N/A,N/A,N/A,N/A,N/A,N/A,1264619520,1264619520,16986112,135168,45826048,4,discern-proc-so,S (sleeping),learner-attacker.bnsdq.ozxfs.igokp-owcwb.kvugl,2.419098393393862,0
1759296832,1,N/A,N/A,N/A,N/A,N/A,N/A,N/A,N/A,N/A,234917888,169443328,10801152,1060864,19779584,1,systemd,S (sleeping),learner-attacker.bnsdq.ozxfs.igokp-owcwb.kvugl,1.3832057004938398,0
1759296836,65628,1,N/A,N/A,N/A,N/A,N/A,N/A,N/A,N/A,1264619520,1264619520,17121280,135168,45826048,4,discern-proc-so,S (sleeping),learner-attacker.bnsdq.ozxfs.igokp-owcwb.kvugl,2.708539132368703,1
1759296836,66015,1,101,101,101,101,102,102,102,102,16568320,16560128,7286784,135168,622592,1,systemd-network,S (sleeping),learner-attacker.bnsdq.ozxfs.igokp-owcwb.kvugl,1.3423333761479512,1
1759296836,1,N/A,N/A,N/A,N/A,N/A,N/A,N/A,N/A,N/A,234807296,169484288,10608640,1056768,19824640,1,systemd,S (sleeping),learner-attacker.bnsdq.ozxfs.igokp-owcwb.kvugl,1.2226914910842968,1
1759296836,3353,1,N/A,N/A,N/A,N/A,N/A,N/A,N/A,N/A,1931411456,1931411456,59691008,135168,196419584,14,discern-network,S (sleeping),learner-attacker.bnsdq.ozxfs.igokp-owcwb.kvugl,0.4187282854987499,1
1759296836,376,1,103,103,103,103,109,109,109,109,173674496,173674496,165232640,135168,165945344,1,dbus-daemon,S (sleeping),learner-attacker.bnsdq.ozxfs.igokp-owcwb.kvugl,0.25567218571390943,1
1759296838,41817,41816,1001,1001,1001,1001,1001,1001,1001,1001,610795520,610795520,209858560,135168,258142208,1,python3,R (running),learner-attacker.bnsdq.ozxfs.igokp-owcwb.kvugl,92.89025735053451,0
1759296838,1,N/A,N/A,N/A,N/A,N/A,N/A,N/A,N/A,N/A,234917888,169443328,10801152,1060864,19779584,1,systemd,S (sleeping),learner-attacker.bnsdq.ozxfs.igokp-owcwb.kvugl,1.3826150272540159,0
1759296838,43805,1,101,101,101,101,102,102,102,102,16568320,16568320,6082560,135168,630784,1,systemd-network,S (sleeping),learner-attacker.bnsdq.ozxfs.igokp-owcwb.kvugl,0.8710510339005793,0
1759296838,3277,1,N/A,N/A,N/A,N/A,N/A,N/A,N/A,N/A,1953140736,1921835008,46366720,135168,178851840,13,discern-network,S (sleeping),learner-attacker.bnsdq.ozxfs.igokp-owcwb.kvugl,0.3265730501827464,0
1759296838,337,1,103,103,103,103,109,109,109,109,110735360,110735360,104833024,135168,103006208,1,dbus-daemon,S (sleeping),learner-attacker.bnsdq.ozxfs.igokp-owcwb.kvugl,0.27246175192958894,0
1759296841,65628,1,N/A,N/A,N/A,N/A,N/A,N/A,N/A,N/A,1264619520,1264619520,17223680,135168,45826048,4,discern-proc-so,R (running),learner-attacker.bnsdq.ozxfs.igokp-owcwb.kvugl,2.68314458083543,1
1759296841,66080,1,101,101,101,101,102,102,102,102,16568320,16560128,7344128,135168,622592,1,systemd-network,S (sleeping),learner-attacker.bnsdq.ozxfs.igokp-owcwb.kvugl,1.2176325305872717,1
1759296841,1,N/A,N/A,N/A,N/A,N/A,N/A,N/A,N/A,N/A,234807296,169349120,10608640,1056768,19689472,1,systemd,S (sleeping),learner-attacker.bnsdq.ozxfs.igokp-owcwb.kvugl,1.2230987055638576,1
1759296841,3353,1,N/A,N/A,N/A,N/A,N/A,N/A,N/A,N/A,1931411456,1931411456,59691008,135168,196419584,14,discern-network,S (sleeping),learner-attacker.bnsdq.ozxfs.igokp-owcwb.kvugl,0.41893950149661807,1
1759296841,376,1,103,103,103,103,109,109,109,109,173674496,173674496,165502976,135168,165945344,1,dbus-daemon,S (sleeping),learner-attacker.bnsdq.ozxfs.igokp-owcwb.kvugl,0.255356318325037,1
1759296843,41817,41816,1001,1001,1001,1001,1001,1001,1001,1001,610795520,610795520,209858560,135168,258142208,1,python3,R (running),learner-attacker.bnsdq.ozxfs.igokp-owcwb.kvugl,92.96200838830413,0
1759296843,43836,1,N/A,N/A,N/A,N/A,N/A,N/A,N/A,N/A,1264619520,1264619520,16441344,135168,45826048,4,discern-proc-so,R (running),learner-attacker.bnsdq.ozxfs.igokp-owcwb.kvugl,2.3085746175634103,0
1759296843,1,N/A,N/A,N/A,N/A,N/A,N/A,N/A,N/A,N/A,234917888,169230336,10801152,1060864,19566592,1,systemd,S (sleeping),learner-attacker.bnsdq.ozxfs.igokp-owcwb.kvugl,1.3810676961925328,0
1759296843,43862,1,101,101,101,101,102,102,102,102,16568320,16568320,6144000,135168,630784,1,systemd-network,S (sleeping),learner-attacker.bnsdq.ozxfs.igokp-owcwb.kvugl,0.8575895760430692,0
1759296843,3277,1,N/A,N/A,N/A,N/A,N/A,N/A,N/A,N/A,1953140736,1921835008,46366720,135168,178851840,13,discern-network,S (sleeping),learner-attacker.bnsdq.ozxfs.igokp-owcwb.kvugl,0.32629729448596323,0
1759296846,65628,1,N/A,N/A,N/A,N/A,N/A,N/A,N/A,N/A,1264619520,1264619520,17223680,135168,45826048,4,discern-proc-so,R (running),learner-attacker.bnsdq.ozxfs.igokp-owcwb.kvugl,2.6870571703657444,1
1759296846,1,N/A,N/A,N/A,N/A,N/A,N/A,N/A,N/A,N/A,234807296,169484288,10608640,1056768,19824640,1,systemd,S (sleeping),learner-attacker.bnsdq.ozxfs.igokp-owcwb.kvugl,1.2232649008256278,1
1759296846,66133,1,101,101,101,101,102,102,102,102,16568320,16560128,7180288,135168,622592,1,systemd-network,S (sleeping),learner-attacker.bnsdq.ozxfs.igokp-owcwb.kvugl,0.7148078564065443,1
1759296846,3353,1,N/A,N/A,N/A,N/A,N/A,N/A,N/A,N/A,1931411456,1931411456,59691008,135168,196419584,14,discern-network,S (sleeping),learner-attacker.bnsdq.ozxfs.igokp-owcwb.kvugl,0.4188994983331868,1
1759296846,376,1,103,103,103,103,109,109,109,109,173944832,173944832,165773312,135168,166215680,1,dbus-daemon,S (sleeping),learner-attacker.bnsdq.ozxfs.igokp-owcwb.kvugl,0.2557594890356769,1
1759296848,41817,41816,1001,1001,1001,1001,1001,1001,1001,1001,610795520,610795520,209858560,135168,258142208,1,python3,R (running),learner-attacker.bnsdq.ozxfs.igokp-owcwb.kvugl,92.96374494849972,0
1759296848,43836,1,N/A,N/A,N/A,N/A,N/A,N/A,N/A,N/A,1264619520,1264619520,16531456,135168,45826048,4,discern-proc-so,R (running),learner-attacker.bnsdq.ozxfs.igokp-owcwb.kvugl,2.464854301229827,0
1759296848,1,N/A,N/A,N/A,N/A,N/A,N/A,N/A,N/A,N/A,234917888,169230336,10801152,1060864,19566592,1,systemd,S (sleeping),learner-attacker.bnsdq.ozxfs.igokp-owcwb.kvugl,1.3802296060878148,0
1759296848,43926,1,101,101,101,101,102,102,102,102,16568320,16568320,6852608,135168,630784,1,systemd-network,S (sleeping),learner-attacker.bnsdq.ozxfs.igokp-owcwb.kvugl,0.7966024755717734,0
1759296848,3277,1,N/A,N/A,N/A,N/A,N/A,N/A,N/A,N/A,1953140736,1921835008,46366720,135168,178851840,13,discern-network,S (sleeping),learner-attacker.bnsdq.ozxfs.igokp-owcwb.kvugl,0.32601425654377014,0
1759296851,65628,1,N/A,N/A,N/A,N/A,N/A,N/A,N/A,N/A,1264619520,1264619520,17223680,135168,45826048,4,discern-proc-so,R (running),learner-attacker.bnsdq.ozxfs.igokp-owcwb.kvugl,2.6900121641955947,1
1759296851,1,N/A,N/A,N/A,N/A,N/A,N/A,N/A,N/A,N/A,234807296,169213952,10608640,1056768,19554304,1,systemd,S (sleeping),learner-attacker.bnsdq.ozxfs.igokp-owcwb.kvugl,1.224146886256895,1
1759296851,66198,1,101,101,101,101,102,102,102,102,16568320,16560128,7196672,135168,622592,1,systemd-network,S (sleeping),learner-attacker.bnsdq.ozxfs.igokp-owcwb.kvugl,0.6767107026377939,1
1759296851,3353,1,N/A,N/A,N/A,N/A,N/A,N/A,N/A,N/A,1931411456,1931411456,59691008,135168,196419584,14,discern-network,S (sleeping),learner-attacker.bnsdq.ozxfs.igokp-owcwb.kvugl,0.41910942911580396,1
1759296851,376,1,103,103,103,103,109,109,109,109,174080000,174080000,165773312,135168,166350848,1,dbus-daemon,S (sleeping),learner-attacker.bnsdq.ozxfs.igokp-owcwb.kvugl,0.2556831668065003,1
1759296853,41817,41816,1001,1001,1001,1001,1001,1001,1001,1001,610795520,610795520,209858560,135168,258142208,1,python3,R (running),learner-attacker.bnsdq.ozxfs.igokp-owcwb.kvugl,93.0161262717203,0
1759296853,43836,1,N/A,N/A,N/A,N/A,N/A,N/A,N/A,N/A,1264619520,1264619520,16977920,135168,45826048,4,discern-proc-so,R (running),learner-attacker.bnsdq.ozxfs.igokp-owcwb.kvugl,2.3571058426553586,0
1759296853,1,N/A,N/A,N/A,N/A,N/A,N/A,N/A,N/A,N/A,234917888,169365504,10801152,1060864,19701760,1,systemd,S (sleeping),learner-attacker.bnsdq.ozxfs.igokp-owcwb.kvugl,1.3790591949189823,0
1759296853,43982,1,101,101,101,101,102,102,102,102,16568320,16568320,7475200,135168,630784,1,systemd-network,S (sleeping),learner-attacker.bnsdq.ozxfs.igokp-owcwb.kvugl,0.6035644149582053,0
1759296853,3277,1,N/A,N/A,N/A,N/A,N/A,N/A,N/A,N/A,1953140736,1921835008,46366720,135168,178851840,13,discern-network,S (sleeping),learner-attacker.bnsdq.ozxfs.igokp-owcwb.kvugl,0.3253475582223979,0
1759296857,65628,1,N/A,N/A,N/A,N/A,N/A,N/A,N/A,N/A,1264619520,1264619520,17223680,135168,45826048,4,discern-proc-so,R (running),learner-attacker.bnsdq.ozxfs.igokp-owcwb.kvugl,2.7291426601432196,1
1759296857,1,N/A,N/A,N/A,N/A,N/A,N/A,N/A,N/A,N/A,234807296,169349120,10608640,1056768,19689472,1,systemd,S (sleeping),learner-attacker.bnsdq.ozxfs.igokp-owcwb.kvugl,1.2245442475437405,1
1759296857,66238,1,101,101,101,101,102,102,102,102,16568320,16560128,7294976,135168,622592,1,systemd-network,S (sleeping),learner-attacker.bnsdq.ozxfs.igokp-owcwb.kvugl,0.7263162318308511,1
1759296857,3353,1,N/A,N/A,N/A,N/A,N/A,N/A,N/A,N/A,1931411456,1931411456,59691008,135168,196419584,14,discern-network,S (sleeping),learner-attacker.bnsdq.ozxfs.igokp-owcwb.kvugl,0.41931699979964154,1
1759296857,376,1,103,103,103,103,109,109,109,109,174350336,174350336,166043648,135168,166621184,1,dbus-daemon,S (sleeping),learner-attacker.bnsdq.ozxfs.igokp-owcwb.kvugl,0.2556059751114091,1
1759296859,41817,41816,1001,1001,1001,1001,1001,1001,1001,1001,610795520,610795520,209858560,135168,258142208,1,python3,R (running),learner-attacker.bnsdq.ozxfs.igokp-owcwb.kvugl,93.03819994490406,0
1759296859,43836,1,N/A,N/A,N/A,N/A,N/A,N/A,N/A,N/A,1264619520,1264619520,16977920,135168,45826048,4,discern-proc-so,R (running),learner-attacker.bnsdq.ozxfs.igokp-owcwb.kvugl,2.428274192373396,0
1759296859,1,N/A,N/A,N/A,N/A,N/A,N/A,N/A,N/A,N/A,234917888,169168896,10801152,1060864,19505152,1,systemd,S (sleeping),learner-attacker.bnsdq.ozxfs.igokp-owcwb.kvugl,1.3778611135759486,0
1759296859,44046,1,101,101,101,101,102,102,102,102,16568320,16568320,6070272,135168,630784,1,systemd-network,S (sleeping),learner-attacker.bnsdq.ozxfs.igokp-owcwb.kvugl,0.38177512022581006,0
1759296859,3277,1,N/A,N/A,N/A,N/A,N/A,N/A,N/A,N/A,1953140736,1921835008,46366720,135168,178851840,13,discern-network,S (sleeping),learner-attacker.bnsdq.ozxfs.igokp-owcwb.kvugl,0.32545968802141306,0
1759296862,66352,1,N/A,N/A,N/A,N/A,N/A,N/A,N/A,N/A,1400188928,1400188928,152801280,135168,185622528,4,discern-file-so,S (sleeping),learner-attacker.bnsdq.ozxfs.igokp-owcwb.kvugl,57.39331809736657,1
1759296862,65628,1,N/A,N/A,N/A,N/A,N/A,N/A,N/A,N/A,1264619520,1264619520,17223680,135168,45826048,4,discern-proc-so,R (running),learner-attacker.bnsdq.ozxfs.igokp-owcwb.kvugl,2.674521797763474,1
1759296862,1,N/A,N/A,N/A,N/A,N/A,N/A,N/A,N/A,N/A,234807296,169349120,10608640,1056768,19689472,1,systemd,S (sleeping),learner-attacker.bnsdq.ozxfs.igokp-owcwb.kvugl,1.2251722514511405,1
1759296862,66318,1,101,101,101,101,102,102,102,102,16568320,16560128,7262208,135168,622592,1,systemd-network,S (sleeping),learner-attacker.bnsdq.ozxfs.igokp-owcwb.kvugl,0.6930283966867811,1
1759296862,3353,1,N/A,N/A,N/A,N/A,N/A,N/A,N/A,N/A,1931411456,1931411456,59691008,135168,196419584,14,discern-network,S (sleeping),learner-attacker.bnsdq.ozxfs.igokp-owcwb.kvugl,0.41902271068563474,1
1759296864,41817,41816,1001,1001,1001,1001,1001,1001,1001,1001,610795520,610795520,209858560,135168,258142208,1,python3,R (running),learner-attacker.bnsdq.ozxfs.igokp-owcwb.kvugl,93.0686347126589,0
1759296864,43836,1,N/A,N/A,N/A,N/A,N/A,N/A,N/A,N/A,1264619520,1264619520,17092608,135168,45826048,4,discern-proc-so,R (running),learner-attacker.bnsdq.ozxfs.igokp-owcwb.kvugl,2.3684524221606336,0
1759296864,1,N/A,N/A,N/A,N/A,N/A,N/A,N/A,N/A,N/A,234917888,169357312,10801152,1060864,19693568,1,systemd,S (sleeping),learner-attacker.bnsdq.ozxfs.igokp-owcwb.kvugl,1.3774314624021635,0
1759296864,44099,1,101,101,101,101,102,102,102,102,16568320,16568320,6123520,135168,630784,1,systemd-network,S (sleeping),learner-attacker.bnsdq.ozxfs.igokp-owcwb.kvugl,0.4655130256451936,0
1759296864,3277,1,N/A,N/A,N/A,N/A,N/A,N/A,N/A,N/A,1953140736,1921835008,46366720,135168,178851840,13,discern-network,S (sleeping),learner-attacker.bnsdq.ozxfs.igokp-owcwb.kvugl,0.32518799971374207,0
1759296867,66352,1,N/A,N/A,N/A,N/A,N/A,N/A,N/A,N/A,1534545920,1534545920,235569152,135168,303202304,4,discern-file-so,R (running),learner-attacker.bnsdq.ozxfs.igokp-owcwb.kvugl,66.00005645617331,1
1759296867,65628,1,N/A,N/A,N/A,N/A,N/A,N/A,N/A,N/A,1264619520,1264619520,17223680,135168,45826048,4,discern-proc-so,R (running),learner-attacker.bnsdq.ozxfs.igokp-owcwb.kvugl,2.6519070429390554,1
1759296867,1,N/A,N/A,N/A,N/A,N/A,N/A,N/A,N/A,N/A,234807296,169349120,10608640,1056768,19689472,1,systemd,S (sleeping),learner-attacker.bnsdq.ozxfs.igokp-owcwb.kvugl,1.225263086349428,1
1759296869,41817,41816,1001,1001,1001,1001,1001,1001,1001,1001,610795520,610795520,209858560,135168,258142208,1,python3,R (running),learner-attacker.bnsdq.ozxfs.igokp-owcwb.kvugl,93.03463213268881,0
1759296869,43836,1,N/A,N/A,N/A,N/A,N/A,N/A,N/A,N/A,1264619520,1264619520,17092608,135168,45826048,4,discern-proc-so,R (running),learner-attacker.bnsdq.ozxfs.igokp-owcwb.kvugl,2.44381282137522,0
1759296869,44217,1,101,101,101,101,102,102,102,102,16568320,16568320,6086656,135168,630784,1,systemd-network,S (sleeping),learner-attacker.bnsdq.ozxfs.igokp-owcwb.kvugl,1.7280810355537588,0
1759296869,1,N/A,N/A,N/A,N/A,N/A,N/A,N/A,N/A,N/A,234917888,169439232,10801152,1060864,19775488,1,systemd,S (sleeping),learner-attacker.bnsdq.ozxfs.igokp-owcwb.kvugl,1.3762291638833668,0
1759296869,3277,1,N/A,N/A,N/A,N/A,N/A,N/A,N/A,N/A,1953140736,1921835008,46366720,135168,178851840,13,discern-network,S (sleeping),learner-attacker.bnsdq.ozxfs.igokp-owcwb.kvugl,0.32490651988640457,0
1759296875,41817,41816,1001,1001,1001,1001,1001,1001,1001,1001,610795520,610795520,209858560,135168,258142208,1,python3,R (running),learner-attacker.bnsdq.ozxfs.igokp-owcwb.kvugl,93.03668981588363,0
1759296875,43836,1,N/A,N/A,N/A,N/A,N/A,N/A,N/A,N/A,1264619520,1264619520,17117184,135168,45826048,4,discern-proc-so,S (sleeping),learner-attacker.bnsdq.ozxfs.igokp-owcwb.kvugl,2.497986386058549,0
1759296875,1,N/A,N/A,N/A,N/A,N/A,N/A,N/A,N/A,N/A,234917888,169439232,10801152,1060864,19775488,1,systemd,S (sleeping),learner-attacker.bnsdq.ozxfs.igokp-owcwb.kvugl,1.3750300681923382,0
1759296875,44281,1,101,101,101,101,102,102,102,102,16568320,16568320,6156288,135168,630784,1,systemd-network,S (sleeping),learner-attacker.bnsdq.ozxfs.igokp-owcwb.kvugl,0.9846018684856611,0
1759296875,3277,1,N/A,N/A,N/A,N/A,N/A,N/A,N/A,N/A,1953140736,1921835008,46366720,135168,178851840,13,discern-network,S (sleeping),learner-attacker.bnsdq.ozxfs.igokp-owcwb.kvugl,0.3250154875218398,0
1759296877,66597,1,N/A,N/A,N/A,N/A,N/A,N/A,N/A,N/A,1264357376,1264357376,16527360,135168,45563904,4,discern-proc-so,S (sleeping),learner-attacker.bnsdq.ozxfs.igokp-owcwb.kvugl,6.682769206400182,1
1759296877,66563,1,101,101,101,101,102,102,102,102,16568320,16560128,7344128,135168,622592,1,systemd-network,S (sleeping),learner-attacker.bnsdq.ozxfs.igokp-owcwb.kvugl,1.4651462991337536,1
1759296877,1,N/A,N/A,N/A,N/A,N/A,N/A,N/A,N/A,N/A,234807296,169349120,10608640,1056768,19689472,1,systemd,S (sleeping),learner-attacker.bnsdq.ozxfs.igokp-owcwb.kvugl,1.2256393268776042,1
1759296877,3353,1,N/A,N/A,N/A,N/A,N/A,N/A,N/A,N/A,1931411456,1931411456,59691008,135168,196419584,14,discern-network,S (sleeping),learner-attacker.bnsdq.ozxfs.igokp-owcwb.kvugl,0.41848409712999934,1
1759296877,376,1,103,103,103,103,109,109,109,109,175177728,175177728,166850560,135168,167448576,1,dbus-daemon,S (sleeping),learner-attacker.bnsdq.ozxfs.igokp-owcwb.kvugl,0.25605985294571926,1
1759296880,41817,41816,1001,1001,1001,1001,1001,1001,1001,1001,610795520,610795520,209858560,135168,258142208,1,python3,R (running),learner-attacker.bnsdq.ozxfs.igokp-owcwb.kvugl,93.05417610995559,0
1759296880,43836,1,N/A,N/A,N/A,N/A,N/A,N/A,N/A,N/A,1264619520,1264619520,17117184,135168,45826048,4,discern-proc-so,R (running),learner-attacker.bnsdq.ozxfs.igokp-owcwb.kvugl,2.5365036501805167,0
1759296880,1,N/A,N/A,N/A,N/A,N/A,N/A,N/A,N/A,N/A,234917888,169230336,10801152,1060864,19566592,1,systemd,S (sleeping),learner-attacker.bnsdq.ozxfs.igokp-owcwb.kvugl,1.3741789123369197,0
1759296880,44333,1,101,101,101,101,102,102,102,102,16568320,16568320,5947392,135168,630784,1,systemd-network,S (sleeping),learner-attacker.bnsdq.ozxfs.igokp-owcwb.kvugl,0.5939002269788971,0
1759296880,3277,1,N/A,N/A,N/A,N/A,N/A,N/A,N/A,N/A,1953140736,1921835008,46366720,135168,178851840,13,discern-network,S (sleeping),learner-attacker.bnsdq.ozxfs.igokp-owcwb.kvugl,0.3247299004501105,0
1759296882,66597,1,N/A,N/A,N/A,N/A,N/A,N/A,N/A,N/A,1264619520,1264619520,17002496,135168,45826048,4,discern-proc-so,R (running),learner-attacker.bnsdq.ozxfs.igokp-owcwb.kvugl,3.540544612288633,1
1759296882,1,N/A,N/A,N/A,N/A,N/A,N/A,N/A,N/A,N/A,234807296,169484288,10608640,1056768,19824640,1,systemd,S (sleeping),learner-attacker.bnsdq.ozxfs.igokp-owcwb.kvugl,1.2257978129970855,1
1759296882,66623,1,101,101,101,101,102,102,102,102,16568320,16560128,7393280,135168,622592,1,systemd-network,S (sleeping),learner-attacker.bnsdq.ozxfs.igokp-owcwb.kvugl,0.6222718276857424,1
1759296882,3353,1,N/A,N/A,N/A,N/A,N/A,N/A,N/A,N/A,1931411456,1931411456,59691008,135168,196419584,14,discern-network,S (sleeping),learner-attacker.bnsdq.ozxfs.igokp-owcwb.kvugl,0.4186920680877625,1
1759296882,376,1,103,103,103,103,109,109,109,109,175460352,175460352,167120896,135168,167731200,1,dbus-daemon,S (sleeping),learner-attacker.bnsdq.ozxfs.igokp-owcwb.kvugl,0.25574571480626784,1
1759296885,41817,41816,1001,1001,1001,1001,1001,1001,1001,1001,610795520,610795520,209858560,135168,258142208,1,python3,R (running),learner-attacker.bnsdq.ozxfs.igokp-owcwb.kvugl,93.0391606456128,0
1759296885,43836,1,N/A,N/A,N/A,N/A,N/A,N/A,N/A,N/A,1264619520,1264619520,17117184,135168,45826048,4,discern-proc-so,S (sleeping),learner-attacker.bnsdq.ozxfs.igokp-owcwb.kvugl,2.5291182435447213,0
1759296885,1,N/A,N/A,N/A,N/A,N/A,N/A,N/A,N/A,N/A,234917888,169230336,10801152,1060864,19566592,1,systemd,S (sleeping),learner-attacker.bnsdq.ozxfs.igokp-owcwb.kvugl,1.3733659552767656,0
1759296885,44397,1,101,101,101,101,102,102,102,102,16568320,16568320,7356416,135168,630784,1,systemd-network,S (sleeping),learner-attacker.bnsdq.ozxfs.igokp-owcwb.kvugl,0.5503882330306914,0
1759296885,3277,1,N/A,N/A,N/A,N/A,N/A,N/A,N/A,N/A,1953140736,1921835008,46366720,135168,178851840,13,discern-network,S (sleeping),learner-attacker.bnsdq.ozxfs.igokp-owcwb.kvugl,0.3244543161087353,0
1759296887,66597,1,N/A,N/A,N/A,N/A,N/A,N/A,N/A,N/A,1264619520,1264619520,17002496,135168,45826048,4,discern-proc-so,R (running),learner-attacker.bnsdq.ozxfs.igokp-owcwb.kvugl,2.9911471832345287,1
1759296887,1,N/A,N/A,N/A,N/A,N/A,N/A,N/A,N/A,N/A,234807296,169484288,10608640,1056768,19824640,1,systemd,S (sleeping),learner-attacker.bnsdq.ozxfs.igokp-owcwb.kvugl,1.225959737485934,1
1759296887,66690,1,101,101,101,101,102,102,102,102,16568320,16560128,7266304,135168,622592,1,systemd-network,S (sleeping),learner-attacker.bnsdq.ozxfs.igokp-owcwb.kvugl,0.5939770511988741,1
1759296887,3353,1,N/A,N/A,N/A,N/A,N/A,N/A,N/A,N/A,1931411456,1931411456,59691008,135168,196419584,14,discern-network,S (sleeping),learner-attacker.bnsdq.ozxfs.igokp-owcwb.kvugl,0.41865301274687555,1
1759296887,376,1,103,103,103,103,109,109,109,109,175595520,175595520,167391232,135168,167866368,1,dbus-daemon,S (sleeping),learner-attacker.bnsdq.ozxfs.igokp-owcwb.kvugl,0.25590748515846984,1
1759296890,43836,1,N/A,N/A,N/A,N/A,N/A,N/A,N/A,N/A,1264619520,1264619520,17117184,135168,45826048,4,discern-proc-so,S (sleeping),learner-attacker.bnsdq.ozxfs.igokp-owcwb.kvugl,2.473364878001534,0
1759296890,1,N/A,N/A,N/A,N/A,N/A,N/A,N/A,N/A,N/A,234917888,169365504,10801152,1060864,19701760,1,systemd,S (sleeping),learner-attacker.bnsdq.ozxfs.igokp-owcwb.kvugl,1.3726193654965275,0
1759296890,44451,1,101,101,101,101,102,102,102,102,16568320,16568320,7397376,135168,630784,1,systemd-network,S (sleeping),learner-attacker.bnsdq.ozxfs.igokp-owcwb.kvugl,0.6285235285658509,0
1759296890,3277,1,N/A,N/A,N/A,N/A,N/A,N/A,N/A,N/A,1953140736,1921835008,46366720,135168,178851840,13,discern-network,S (sleeping),learner-attacker.bnsdq.ozxfs.igokp-owcwb.kvugl,0.3241957895575659,0
1759296890,337,1,103,103,103,103,109,109,109,109,118935552,118935552,106725376,135168,111206400,1,dbus-daemon,S (sleeping),learner-attacker.bnsdq.ozxfs.igokp-owcwb.kvugl,0.27090102227811147,0
1759296895,43836,1,N/A,N/A,N/A,N/A,N/A,N/A,N/A,N/A,1264619520,1264619520,17117184,135168,45826048,4,discern-proc-so,R (running),learner-attacker.bnsdq.ozxfs.igokp-owcwb.kvugl,2.444394390395674,0
1759296895,1,N/A,N/A,N/A,N/A,N/A,N/A,N/A,N/A,N/A,234917888,169168896,10801152,1060864,19505152,1,systemd,S (sleeping),learner-attacker.bnsdq.ozxfs.igokp-owcwb.kvugl,1.3726006222003502,0
1759296895,44515,1,101,101,101,101,102,102,102,102,16568320,16568320,6225920,135168,630784,1,systemd-network,S (sleeping),learner-attacker.bnsdq.ozxfs.igokp-owcwb.kvugl,0.40728622437682915,0
1759296895,3277,1,N/A,N/A,N/A,N/A,N/A,N/A,N/A,N/A,1953140736,1921835008,46366720,135168,178851840,13,discern-network,S (sleeping),learner-attacker.bnsdq.ozxfs.igokp-owcwb.kvugl,0.32393851712142485,0
1759296895,337,1,103,103,103,103,109,109,109,109,119070720,119070720,107020288,135168,111341568,1,dbus-daemon,S (sleeping),learner-attacker.bnsdq.ozxfs.igokp-owcwb.kvugl,0.2707590308282845,0
1759296901,43836,1,N/A,N/A,N/A,N/A,N/A,N/A,N/A,N/A,1264619520,1264619520,17133568,135168,45826048,4,discern-proc-so,R (running),learner-attacker.bnsdq.ozxfs.igokp-owcwb.kvugl,2.389896153183453,0
1759296901,1,N/A,N/A,N/A,N/A,N/A,N/A,N/A,N/A,N/A,234917888,169242624,10801152,1060864,19578880,1,systemd,S (sleeping),learner-attacker.bnsdq.ozxfs.igokp-owcwb.kvugl,1.3725959803369119,0
1759296901,44570,1,101,101,101,101,102,102,102,102,16568320,16568320,6213632,135168,630784,1,systemd-network,S (sleeping),learner-attacker.bnsdq.ozxfs.igokp-owcwb.kvugl,0.3322419844199215,0
1759296901,3277,1,N/A,N/A,N/A,N/A,N/A,N/A,N/A,N/A,1953140736,1921835008,46366720,135168,178851840,13,discern-network,S (sleeping),learner-attacker.bnsdq.ozxfs.igokp-owcwb.kvugl,0.3236857984944593,0
1759296901,337,1,103,103,103,103,109,109,109,109,119205888,119205888,107290624,135168,111476736,1,dbus-daemon,S (sleeping),learner-attacker.bnsdq.ozxfs.igokp-owcwb.kvugl,0.2709821301431813,0
1759296906,43836,1,N/A,N/A,N/A,N/A,N/A,N/A,N/A,N/A,1264619520,1264619520,17133568,135168,45826048,4,discern-proc-so,R (running),learner-attacker.bnsdq.ozxfs.igokp-owcwb.kvugl,2.3416722754199846,0
1759296906,1,N/A,N/A,N/A,N/A,N/A,N/A,N/A,N/A,N/A,234917888,169377792,10801152,1060864,19714048,1,systemd,S (sleeping),learner-attacker.bnsdq.ozxfs.igokp-owcwb.kvugl,1.3718438342696737,0
1759296906,3277,1,N/A,N/A,N/A,N/A,N/A,N/A,N/A,N/A,1953140736,1921835008,46366720,135168,178851840,13,discern-network,S (sleeping),learner-attacker.bnsdq.ozxfs.igokp-owcwb.kvugl,0.3234275278278205,0
1759296906,337,1,103,103,103,103,109,109,109,109,119644160,119644160,107560960,135168,111915008,1,dbus-daemon,S (sleeping),learner-attacker.bnsdq.ozxfs.igokp-owcwb.kvugl,0.271199257656559,0
1759296906,140,2,N/A,N/A,N/A,N/A,N/A,N/A,N/A,N/A,N/A,N/A,N/A,N/A,N/A,1,jbd2/vda2-8,S (sleeping),learner-attacker.bnsdq.ozxfs.igokp-owcwb.kvugl,0.23600040282268597,0
1759296911,43836,1,N/A,N/A,N/A,N/A,N/A,N/A,N/A,N/A,1264619520,1264619520,17133568,135168,45826048,4,discern-proc-so,S (sleeping),learner-attacker.bnsdq.ozxfs.igokp-owcwb.kvugl,2.3143564455943513,0
1759296911,44751,1,101,101,101,101,102,102,102,102,16568320,16568320,6103040,135168,630784,1,systemd-network,S (sleeping),learner-attacker.bnsdq.ozxfs.igokp-owcwb.kvugl,1.5165134821233237,0
1759296911,1,N/A,N/A,N/A,N/A,N/A,N/A,N/A,N/A,N/A,234917888,169209856,10801152,1060864,19546112,1,systemd,S (sleeping),learner-attacker.bnsdq.ozxfs.igokp-owcwb.kvugl,1.3721866739449453,0
1759296911,3277,1,N/A,N/A,N/A,N/A,N/A,N/A,N/A,N/A,1953140736,1921835008,46366720,135168,178851840,13,discern-network,S (sleeping),learner-attacker.bnsdq.ozxfs.igokp-owcwb.kvugl,0.3231732834854075,0
1759296911,337,1,103,103,103,103,109,109,109,109,119644160,119644160,107560960,135168,111915008,1,dbus-daemon,S (sleeping),learner-attacker.bnsdq.ozxfs.igokp-owcwb.kvugl,0.27105749245938604,0
1759296916,43836,1,N/A,N/A,N/A,N/A,N/A,N/A,N/A,N/A,1264619520,1264619520,17133568,135168,45826048,4,discern-proc-so,R (running),learner-attacker.bnsdq.ozxfs.igokp-owcwb.kvugl,2.2907004095242596,0
1759296916,1,N/A,N/A,N/A,N/A,N/A,N/A,N/A,N/A,N/A,234917888,169480192,10801152,1060864,19816448,1,systemd,S (sleeping),learner-attacker.bnsdq.ozxfs.igokp-owcwb.kvugl,1.372171129462798,0
1759296916,44806,1,101,101,101,101,102,102,102,102,16568320,16568320,6172672,135168,630784,1,systemd-network,S (sleeping),learner-attacker.bnsdq.ozxfs.igokp-owcwb.kvugl,0.8157028186007685,0
1759296916,3277,1,N/A,N/A,N/A,N/A,N/A,N/A,N/A,N/A,1953140736,1921835008,46366720,135168,178851840,13,discern-network,S (sleeping),learner-attacker.bnsdq.ozxfs.igokp-owcwb.kvugl,0.32330413408748976,0
1759296916,337,1,103,103,103,103,109,109,109,109,119914496,119914496,107831296,135168,112185344,1,dbus-daemon,S (sleeping),learner-attacker.bnsdq.ozxfs.igokp-owcwb.kvugl,0.27127649035853335,0
1759296921,43836,1,N/A,N/A,N/A,N/A,N/A,N/A,N/A,N/A,1264619520,1264619520,17133568,135168,45826048,4,discern-proc-so,S (sleeping),learner-attacker.bnsdq.ozxfs.igokp-owcwb.kvugl,2.3051655599343293,0
1759296921,1,N/A,N/A,N/A,N/A,N/A,N/A,N/A,N/A,N/A,234917888,169168896,10801152,1060864,19505152,1,systemd,S (sleeping),learner-attacker.bnsdq.ozxfs.igokp-owcwb.kvugl,1.3732278658561898,0
1759296921,44860,1,101,101,101,101,102,102,102,102,16568320,16568320,6037504,135168,630784,1,systemd-network,S (sleeping),learner-attacker.bnsdq.ozxfs.igokp-owcwb.kvugl,1.157043792111245,0
1759296921,3277,1,N/A,N/A,N/A,N/A,N/A,N/A,N/A,N/A,1953140736,1921835008,46366720,135168,178851840,13,discern-network,S (sleeping),learner-attacker.bnsdq.ozxfs.igokp-owcwb.kvugl,0.3234334734612683,0
1759296921,337,1,103,103,103,103,109,109,109,109,120049664,120049664,108101632,135168,112320512,1,dbus-daemon,S (sleeping),learner-attacker.bnsdq.ozxfs.igokp-owcwb.kvugl,0.2711347756356422,0
1759296926,43836,1,N/A,N/A,N/A,N/A,N/A,N/A,N/A,N/A,1264619520,1264619520,17133568,135168,45826048,4,discern-proc-so,S (sleeping),learner-attacker.bnsdq.ozxfs.igokp-owcwb.kvugl,2.3174713317949545,0
1759296926,1,N/A,N/A,N/A,N/A,N/A,N/A,N/A,N/A,N/A,234917888,169205760,10801152,1060864,19542016,1,systemd,S (sleeping),learner-attacker.bnsdq.ozxfs.igokp-owcwb.kvugl,1.3728388645464649,0
1759296926,44922,1,101,101,101,101,102,102,102,102,16568320,16568320,6139904,135168,630784,1,systemd-network,S (sleeping),learner-attacker.bnsdq.ozxfs.igokp-owcwb.kvugl,0.5328786065611095,0
1759296926,3277,1,N/A,N/A,N/A,N/A,N/A,N/A,N/A,N/A,1953140736,1921835008,46366720,135168,178851840,13,discern-network,S (sleeping),learner-attacker.bnsdq.ozxfs.igokp-owcwb.kvugl,0.32317789512669004,0
1759296926,337,1,103,103,103,103,109,109,109,109,120184832,120184832,108101632,135168,112455680,1,dbus-daemon,S (sleeping),learner-attacker.bnsdq.ozxfs.igokp-owcwb.kvugl,0.2713501495357635,0
1759296931,43836,1,N/A,N/A,N/A,N/A,N/A,N/A,N/A,N/A,1264619520,1264619520,17137664,135168,45826048,4,discern-proc-so,S (sleeping),learner-attacker.bnsdq.ozxfs.igokp-owcwb.kvugl,2.297930947860285,0
1759296931,1,N/A,N/A,N/A,N/A,N/A,N/A,N/A,N/A,N/A,234917888,169205760,10801152,1060864,19542016,1,systemd,S (sleeping),learner-attacker.bnsdq.ozxfs.igokp-owcwb.kvugl,1.3721161245207032,0
1759296931,44985,1,101,101,101,101,102,102,102,102,16568320,16568320,6057984,135168,630784,1,systemd-network,S (sleeping),learner-attacker.bnsdq.ozxfs.igokp-owcwb.kvugl,0.517028114127545,0
1759296931,3277,1,N/A,N/A,N/A,N/A,N/A,N/A,N/A,N/A,1953140736,1921835008,46366720,135168,178851840,13,discern-network,S (sleeping),learner-attacker.bnsdq.ozxfs.igokp-owcwb.kvugl,0.3229289011198185,0
1759296931,337,1,103,103,103,103,109,109,109,109,120320000,120320000,108371968,135168,112590848,1,dbus-daemon,S (sleeping),learner-attacker.bnsdq.ozxfs.igokp-owcwb.kvugl,0.2712113312782853,0
1759296936,43836,1,N/A,N/A,N/A,N/A,N/A,N/A,N/A,N/A,1264619520,1264619520,17137664,135168,45826048,4,discern-proc-so,R (running),learner-attacker.bnsdq.ozxfs.igokp-owcwb.kvugl,2.270336152532015,0
1759296936,1,N/A,N/A,N/A,N/A,N/A,N/A,N/A,N/A,N/A,234917888,169340928,10801152,1060864,19677184,1,systemd,S (sleeping),learner-attacker.bnsdq.ozxfs.igokp-owcwb.kvugl,1.3706814709567536,0
1759296936,45042,1,101,101,101,101,102,102,102,102,16568320,16568320,6160384,135168,630784,1,systemd-network,S (sleeping),learner-attacker.bnsdq.ozxfs.igokp-owcwb.kvugl,0.6017537494424646,0
1759296936,3277,1,N/A,N/A,N/A,N/A,N/A,N/A,N/A,N/A,1953140736,1921835008,46366720,135168,178851840,13,discern-network,S (sleeping),learner-attacker.bnsdq.ozxfs.igokp-owcwb.kvugl,0.3223000969366564,0
1759296936,337,1,103,103,103,103,109,109,109,109,120590336,120590336,108642304,135168,112861184,1,dbus-daemon,S (sleeping),learner-attacker.bnsdq.ozxfs.igokp-owcwb.kvugl,0.2707156712981958,0
1759296942,43836,1,N/A,N/A,N/A,N/A,N/A,N/A,N/A,N/A,1264619520,1264619520,17137664,135168,45826048,4,discern-proc-so,S (sleeping),learner-attacker.bnsdq.ozxfs.igokp-owcwb.kvugl,2.23629310021538,0
1759296942,1,N/A,N/A,N/A,N/A,N/A,N/A,N/A,N/A,N/A,234917888,169168896,10801152,1060864,19505152,1,systemd,S (sleeping),learner-attacker.bnsdq.ozxfs.igokp-owcwb.kvugl,1.3692606861881456,0
1759296942,45105,1,101,101,101,101,102,102,102,102,16568320,16568320,6053888,135168,630784,1,systemd-network,S (sleeping),learner-attacker.bnsdq.ozxfs.igokp-owcwb.kvugl,0.48961917228114826,0
1759296942,3277,1,N/A,N/A,N/A,N/A,N/A,N/A,N/A,N/A,1953140736,1921835008,46366720,135168,178851840,13,discern-network,S (sleeping),learner-attacker.bnsdq.ozxfs.igokp-owcwb.kvugl,0.32205568828272946,0
1759296942,337,1,103,103,103,103,109,109,109,109,120725504,120725504,108642304,135168,112996352,1,dbus-daemon,S (sleeping),learner-attacker.bnsdq.ozxfs.igokp-owcwb.kvugl,0.270580024671276,0
1759296947,43836,1,N/A,N/A,N/A,N/A,N/A,N/A,N/A,N/A,1264619520,1264619520,17137664,135168,45826048,4,discern-proc-so,R (running),learner-attacker.bnsdq.ozxfs.igokp-owcwb.kvugl,2.214153484794593,0
1759296947,1,N/A,N/A,N/A,N/A,N/A,N/A,N/A,N/A,N/A,234917888,169168896,10801152,1060864,19505152,1,systemd,S (sleeping),learner-attacker.bnsdq.ozxfs.igokp-owcwb.kvugl,1.3685481519352722,0
1759296947,45158,1,101,101,101,101,102,102,102,102,16568320,16568320,6094848,135168,630784,1,systemd-network,S (sleeping),learner-attacker.bnsdq.ozxfs.igokp-owcwb.kvugl,0.38458896032147455,0
1759296947,3277,1,N/A,N/A,N/A,N/A,N/A,N/A,N/A,N/A,1953140736,1921835008,46366720,135168,178851840,13,discern-network,S (sleeping),learner-attacker.bnsdq.ozxfs.igokp-owcwb.kvugl,0.32181026845019994,0
1759296947,337,1,103,103,103,103,109,109,109,109,120860672,120860672,108912640,135168,113131520,1,dbus-daemon,S (sleeping),learner-attacker.bnsdq.ozxfs.igokp-owcwb.kvugl,0.2700874831688063,0
1759296952,43836,1,N/A,N/A,N/A,N/A,N/A,N/A,N/A,N/A,1264619520,1264619520,17137664,135168,45826048,4,discern-proc-so,S (sleeping),learner-attacker.bnsdq.ozxfs.igokp-owcwb.kvugl,2.1845262896380846,0
1759296952,1,N/A,N/A,N/A,N/A,N/A,N/A,N/A,N/A,N/A,234917888,169320448,10801152,1060864,19656704,1,systemd,S (sleeping),learner-attacker.bnsdq.ozxfs.igokp-owcwb.kvugl,1.3674633194967278,0
1759296952,3277,1,N/A,N/A,N/A,N/A,N/A,N/A,N/A,N/A,1953140736,1921835008,46366720,135168,178851840,13,discern-network,S (sleeping),learner-attacker.bnsdq.ozxfs.igokp-owcwb.kvugl,0.3211824319780565,0
1759296952,337,1,103,103,103,103,109,109,109,109,121151488,121151488,109182976,135168,113422336,1,dbus-daemon,S (sleeping),learner-attacker.bnsdq.ozxfs.igokp-owcwb.kvugl,0.270303107441991,0
1759296952,140,2,N/A,N/A,N/A,N/A,N/A,N/A,N/A,N/A,N/A,N/A,N/A,N/A,N/A,1,jbd2/vda2-8,S (sleeping),learner-attacker.bnsdq.ozxfs.igokp-owcwb.kvugl,0.2328422305603722,0
1759296957,43836,1,N/A,N/A,N/A,N/A,N/A,N/A,N/A,N/A,1264619520,1264619520,17137664,135168,45826048,4,discern-proc-so,S (sleeping),learner-attacker.bnsdq.ozxfs.igokp-owcwb.kvugl,2.1574882036340814,0
1759296957,1,N/A,N/A,N/A,N/A,N/A,N/A,N/A,N/A,N/A,234917888,169168896,10801152,1060864,19505152,1,systemd,S (sleeping),learner-attacker.bnsdq.ozxfs.igokp-owcwb.kvugl,1.3667382689841994,0
1759296957,45339,1,101,101,101,101,102,102,102,102,16568320,16568320,6152192,135168,630784,1,systemd-network,S (sleeping),learner-attacker.bnsdq.ozxfs.igokp-owcwb.kvugl,1.323881376336469,0
1759296957,3277,1,N/A,N/A,N/A,N/A,N/A,N/A,N/A,N/A,1953140736,1921835008,46366720,135168,178851840,13,discern-network,S (sleeping),learner-attacker.bnsdq.ozxfs.igokp-owcwb.kvugl,0.32093506946371897,0
1759296957,337,1,103,103,103,103,109,109,109,109,121286656,121286656,111546368,135168,113557504,1,dbus-daemon,S (sleeping),learner-attacker.bnsdq.ozxfs.igokp-owcwb.kvugl,0.27016381954544627,0
1759296962,43836,1,N/A,N/A,N/A,N/A,N/A,N/A,N/A,N/A,1264619520,1264619520,17137664,135168,45826048,4,discern-proc-so,S (sleeping),learner-attacker.bnsdq.ozxfs.igokp-owcwb.kvugl,2.1415588391654476,0
1759296962,1,N/A,N/A,N/A,N/A,N/A,N/A,N/A,N/A,N/A,234917888,169320448,10801152,1060864,19656704,1,systemd,S (sleeping),learner-attacker.bnsdq.ozxfs.igokp-owcwb.kvugl,1.3656886672321769,0
1759296962,45393,1,101,101,101,101,102,102,102,102,16568320,16568320,6086656,135168,630784,1,systemd-network,S (sleeping),learner-attacker.bnsdq.ozxfs.igokp-owcwb.kvugl,0.7663852483046686,0
1759296962,3277,1,N/A,N/A,N/A,N/A,N/A,N/A,N/A,N/A,1953140736,1921835008,46366720,135168,178851840,13,discern-network,S (sleeping),learner-attacker.bnsdq.ozxfs.igokp-owcwb.kvugl,0.32107207775704266,0
1759296962,337,1,103,103,103,103,109,109,109,109,121556992,121556992,111816704,135168,113827840,1,dbus-daemon,S (sleeping),learner-attacker.bnsdq.ozxfs.igokp-owcwb.kvugl,0.27003020068087,0
