Name,Duration,AvgCpuPercent,MaxCpuUsage,DataPoints
discern-file-so,543.0,47.09708387832304,89.48866066004467,108
discern-proc-so,532.0,2.021434786972561,2.9036014804993564,106
jbd2/vda2-8,547.0,1.3718662329474731,2.5620026135958693,108
systemd,558.0,0.5407503352507192,1.1730565651201317,110
kswapd0,508.0,0.5477798596850098,0.6359597876290546,100
discern-network,39.0,0.4901997277724964,0.5742850998130382,8
