Name,TimeWeightedAvgVmSizeMiB,MaxVmPeakMiB,MaxVmHwmMiB,DataPoints,PeakDuration
dbus-daemon,72.90299974726452,83.4765625,76.6953125,402,2102.0
discern-file-so,1460.9576908580043,1591.1796875,287.625,86,456.0
discern-interfa,1507.51953125,1571.26953125,22.5625,338,1772.0
discern-logs-so,1333.5625,1333.5625,169.8984375,402,2094.0
discern-network,1906.21484375,1906.21484375,90.765625,402,2102.0
discern-proc-so,1205.92578125,1205.92578125,16.4296875,6,32.0
server.py,171.75390625,235.75390625,19.71875,111,585.0
systemd-journal,126.89882274292965,169.26953125,43.265625,263,1379.0
