Name,TimeWeightedAvgVmSizeMiB,MaxVmPeakMiB,MaxVmHwmMiB,DataPoints,PeakDuration
dbus-daemon,48.979392164288505,59.328125,53.078125,496,2558.0
discern-file-so,1526.3077431709344,1527.36328125,280.2890625,496,2558.0
discern-logs-so,1205.4296875,1205.4296875,38.4140625,496,2562.0
discern-network,1833.70703125,1863.81640625,39.97265625,496,2562.0
discern-proc-so,1205.9283008468644,1206.17578125,16.04296875,172,893.0
named,386.27223899147725,406.5234375,19.93359375,17,88.0
systemd-journal,85.79128864247312,101.28515625,26.15234375,307,1581.0
