Name,TimeWeightedAvgVmSizeMiB,MaxVmPeakMiB,MaxVmHwmMiB,DataPoints,PeakDuration
dbus-daemon,23.724691123444572,37.15625,31.07421875,328,1768.0
discern-file-so,1526.37466507105,1527.36328125,295.5546875,391,2076.0
discern-logs-so,1205.4296875,1205.4296875,15.1640625,136,946.0
discern-network,1833.3104381597889,1863.1875,35.19921875,391,2084.0
discern-proc-so,1205.9382940181308,1206.17578125,18.63671875,322,1958.0
named,406.5234375,406.5234375,19.53125,335,1811.0
systemd-journal,55.10199322718631,55.40625,11.6953125,52,263.0
