Name,TimeWeightedAvgVmSizeMiB,MaxVmPeakMiB,MaxVmHwmMiB,DataPoints,PeakDuration
dbus-daemon,70.04103007729915,85.5390625,78.6796875,737,3784.0
discern-file-so,1502.197210109819,1527.36328125,287.50390625,76,387.0
discern-logs-so,1205.4296875,1205.4296875,46.87890625,647,3413.0
discern-network,1833.89453125,1863.1875,61.1171875,737,3840.0
python3,125.61328125,125.61328125,109.40625,1474,7454.0
systemd-journal,109.265625,157.4453125,32.65234375,14,72.0
