Name,TimeWeightedAvgVmSizeMiB,MaxVmPeakMiB,MaxVmHwmMiB,DataPoints,PeakDuration
dbus-daemon,39.02868829676846,52.36328125,45.64453125,651,3373.0
discern-file-so,1498.00395538522,1527.36328125,288.12109375,91,477.0
discern-interfa,1507.51953125,1571.26953125,22.63671875,55,286.0
discern-logs-so,1205.4296875,1205.4296875,45.3828125,518,2702.0
discern-network,1841.8359375,1863.1875,50.31640625,741,3819.0
python3,125.57421875,125.57421875,110.0625,1482,7566.0
systemd-journal,132.91605162730414,145.08984375,31.8828125,167,868.0
