Name,Duration,AvgCpuPercent,MaxCpuUsage,DataPoints
discern-file-so,148.0,85.4124622771005,91.39789575887718,29
discern-proc-so,1151.0,2.772509401078665,2.876797832950324,227
jbd2/vda2-8,1164.0,0.3957814727421273,0.5113948808096637,228
python3,662.0,0.6895663160884699,13.161236836300208,128
discern-logs-so,1159.0,0.33166746352087406,0.34674833917420067,227
discern-network,998.0,0.22800612146031293,0.2460507995343723,195
systemd,529.0,0.2288379217854293,2.030814603978952,105
sshd,5.0,0.35019133342600917,0.35019133342600917,1
