Name,TimeWeightedAvgVmSizeMiB,MaxVmPeakMiB,MaxVmHwmMiB,DataPoints,PeakDuration
dbus-daemon,27.705589458154506,32.17578125,26.1484375,228,1165.0
discern-cpu-sor,1205.359375,1205.359375,13.05078125,4,20.0
discern-file-so,1445.6788692989865,1591.4296875,291.35546875,29,148.0
discern-interfa,1507.4278407055874,1571.26953125,22.6328125,69,349.0
discern-logs-so,1205.4296875,1205.4296875,31.01953125,226,1155.0
discern-network,1906.21484375,1906.21484375,104.1640625,228,1157.0
discern-proc-so,1205.92578125,1205.92578125,16.21875,44,227.0
python3,681.7056715171756,1000.58203125,96.89453125,128,655.0
systemd-journal,117.20935846560846,117.34375,26.48828125,184,945.0
