Name,Duration,AvgCpuPercent,MaxCpuUsage,DataPoints
discern-file-so,2899.0,30.02010417760063,80.4318609762671,568
discern-proc-so,2895.0,2.2025626697968193,4.313193474091446,566
kswapd0,2911.0,0.6509355787834825,0.70371203216468,566
jbd2/vda2-8,2903.0,0.29811669067817137,1.0988740039809117,562
systemd,2950.0,0.28137289797770715,2.467871255082183,573
sshd,5.0,0.4162411904716491,0.4162411904716491,1
