Name,TimeWeightedAvgVmSizeMiB,MaxVmPeakMiB,MaxVmHwmMiB,DataPoints,PeakDuration
dbus-daemon,18.873248922413794,21.59765625,15.140625,102,522.0
discern-ansible,1205.34375,1205.34375,11.2578125,10,51.0
discern-file-so,1579.1847688533057,1591.6796875,352.90234375,239,1210.0
discern-jupyter,1205.33203125,1205.33203125,10.8203125,8,41.0
discern-logs-so,1205.4296875,1205.4296875,22.42578125,239,1214.0
discern-network,1881.6953125,1881.6953125,90.55078125,239,1210.0
discern-proc-so,1205.92578125,1205.92578125,15.94921875,223,1140.0
systemd-journal,91.47388744627507,93.34375,27.08203125,135,698.0
