Name,Duration,AvgCpuPercent,MaxCpuUsage,DataPoints
server.py,418.0,56.47906687453589,64.2619813633023,80
discern-file-so,526.0,43.435578997537135,82.78105007348213,102
discern-proc-so,516.0,2.1792920729117427,2.5900508823736246,100
jbd2/vda2-8,526.0,1.523954727030902,2.7578496759419373,102
discern-network,525.0,0.8018557059293481,1.5332116391971768,101
kswapd0,89.0,0.5892920319476231,0.6090689826202292,18
python3,10.0,2.5839935492873662,2.736224676005004,2
systemd,19.0,0.9235024017983353,0.9451688395195543,4
systemd-journal,5.0,0.5579477529983075,0.5579477529983075,1
