Name,TimeWeightedAvgVmSizeMiB,MaxVmPeakMiB,MaxVmHwmMiB,DataPoints,PeakDuration
dbus-daemon,15.8203125,15.94921875,10.2890625,5,21.0
discern-file-so,1546.3251971655598,1591.6796875,347.3203125,102,527.0
discern-logs-so,1205.4296875,1205.4296875,24.6015625,102,531.0
discern-network,1898.2079726043644,1898.2109375,89.6328125,102,527.0
discern-proc-so,1205.92578125,1205.92578125,16.671875,15,72.0
python3,229.20575833757638,376.36328125,17.04296875,93,491.0
server.py,174.2890625,238.2890625,23.01171875,80,418.0
systemd-journal,108.79366629464286,121.2265625,22.98828125,11,56.0
