Name,TimeWeightedAvgVmSizeMiB,MaxVmPeakMiB,MaxVmHwmMiB,DataPoints,PeakDuration
dbus-daemon,39.02178346978782,47.7265625,41.90625,424,2168.0
discern-cpu-sor,1205.359375,1205.359375,12.0390625,33,170.0
discern-file-so,1499.6691487630208,1591.1796875,291.484375,55,288.0
discern-interfa,1507.5064783130892,1571.26953125,22.60546875,267,1379.0
discern-logs-so,1205.4296875,1205.4296875,30.75,424,2180.0
discern-network,1833.89453125,1833.89453125,83.35546875,424,2164.0
discern-proc-so,1205.9283800025987,1206.17578125,18.0546875,187,962.0
systemd-journal,113.84479282260621,125.26953125,25.75,306,1577.0
