Name,Duration,AvgCpuPercent,MaxCpuUsage,DataPoints
discern-file-so,945.0,42.50965420396892,91.25146717661539,187
discern-proc-so,949.0,2.4860627870943826,5.641010388312115,187
kswapd0,957.0,0.6955056743400239,0.7171768277122086,187
jbd2/vda2-8,960.0,0.4936968618485905,0.6566851806217066,186
discern-network,792.0,0.36121102637290853,0.3760107986201883,153
python3,156.0,1.5974836979050828,10.335328587200188,30
systemd,22.0,0.9211476237266527,1.590101407572395,4
sshd,0.0,,2.909300533892045,1
