Name,Duration,AvgCpuPercent,MaxCpuUsage,DataPoints
discern-file-so,306.0,83.0501196668115,88.55047605100181,59
discern-proc-so,2178.0,2.7152525079327323,8.807708901415879,426
discern-logs-so,2186.0,0.4947059192739702,0.5264375421950077,426
python3,1780.0,0.39257920717569855,12.631016612793232,346
discern-network,2186.0,0.25468425750433,0.2565824758926649,426
systemd-journal,2111.0,0.25305676676189487,0.2573657747026441,410
kswapd0,165.0,0.17782910295539187,0.18601970377215488,33
systemd,18.0,0.5135913905502475,0.9313447298742709,4
