Name,TimeWeightedAvgVmSizeMiB,MaxVmPeakMiB,MaxVmHwmMiB,DataPoints,PeakDuration
dbus-daemon,105.41196748947523,130.984375,119.42578125,1001,5107.0
discern-file-so,1512.6131473214286,1590.7421875,310.3984375,33,175.0
discern-interfa,1507.6271000573395,1571.26953125,23.89453125,104,545.0
discern-logs-so,1269.4392315742355,1269.49609375,96.91015625,999,5166.0
discern-network,1890.265625,1890.265625,90.91015625,1001,5171.0
java,2257.703125,10959.44921875,198.2734375,1001,5051.0
systemd-journal,111.33867839685853,131.08984375,35.15234375,866,4552.0
