Name,TimeWeightedAvgVmSizeMiB,MaxVmPeakMiB,MaxVmHwmMiB,DataPoints,PeakDuration
dbus-daemon,37.631140347184804,52.109375,45.375,714,3712.0
discern-file-so,1493.9130243188335,1591.1796875,288.578125,100,523.0
discern-logs-so,1205.4296875,1205.4296875,30.98046875,284,1484.0
discern-network,1833.83203125,1833.83203125,46.09375,730,3763.0
python3,125.58984375,125.58984375,109.2734375,1460,7383.0
systemd-journal,99.27310452184336,125.29296875,28.8359375,362,1877.0
