Name,Duration,AvgCpuPercent,MaxCpuUsage,DataPoints
discern-file-so,1120.0,42.73181339176072,91.05319075296856,221
discern-proc-so,1115.0,2.045511313660564,2.356681567264841,220
jbd2/vda2-8,1132.0,1.2017448776890836,2.7888663479480273,221
kswapd0,1021.0,0.6291790182295633,0.7016696409682086,199
discern-network,775.0,0.3786645003586573,0.6823694863129135,151
systemd,481.0,0.5270291576929059,1.153201460118187,93
