Name,Duration,AvgCpuPercent,MaxCpuUsage,DataPoints
discern-file-so,627.0,43.808274118024514,88.55283075109823,125
discern-proc-so,626.0,1.9518580425095815,2.050481870967613,124
kswapd0,631.0,0.7023945342391759,0.7153393099270866,125
jbd2/vda2-8,635.0,0.3446847063031958,0.39119706560035206,125
discern-logs-so,568.0,0.2197929267227846,0.2285057856206259,111
systemd,72.0,0.4011633206376752,2.3635100817224264,15
