Name,TimeWeightedAvgVmSizeMiB,MaxVmPeakMiB,MaxVmHwmMiB,DataPoints,PeakDuration
dbus-daemon,102.70042637416294,116.734375,109.94140625,712,3584.0
discern-file-so,1496.0175260416668,1591.4296875,300.50390625,85,450.0
discern-interfa,1507.9663397606382,1571.26953125,22.546875,259,1363.0
discern-logs-so,1268.2433014496198,1269.49609375,75.94140625,712,3682.0
discern-network,1833.83203125,1863.1875,47.65234375,712,3719.0
discern-proc-so,1206.17578125,1206.17578125,18.0703125,7,36.0
mariadbd,1058.9453125,1121.671875,92.875,712,3638.0
systemd-journal,125.95380033171308,161.21484375,34.61328125,361,1903.0
