Name,TimeWeightedAvgVmSizeMiB,MaxVmPeakMiB,MaxVmHwmMiB,DataPoints,PeakDuration
dbus-daemon,24.007764125387,29.17578125,23.19140625,251,1292.0
discern-file-so,1479.0882978136042,1591.1171875,302.71875,55,283.0
discern-interfa,1507.26953125,1571.26953125,26.58984375,356,1831.0
discern-logs-so,1205.4296875,1205.4296875,28.7421875,410,2097.0
discern-network,1898.2109375,1898.2109375,95.53515625,412,2068.0
discern-proc-so,1205.990152507485,1206.17578125,18.12890625,33,167.0
python3,658.7281388966093,1040.53125,48.31640625,357,1799.0
systemd-journal,93.23782338965152,115.24609375,25.58984375,186,947.0
