Name,Duration,AvgCpuPercent,MaxCpuUsage,DataPoints
discern-file-so,2923.0,36.745596517352844,89.85429167346989,562
ettercap,1161.0,71.17581952388626,84.67362863398735,221
discern-proc-so,2927.0,2.495634489934477,4.927029389084866,562
kswapd0,2927.0,0.7729984491441559,0.7787650148474821,561
discern-logs-so,2929.0,0.2935211808949416,0.300206527142391,560
discern-network,1745.0,0.22399917945177594,0.22909258771394492,335
systemd,35.0,0.5649401467353891,1.5327627101983456,7
