Name,Duration,AvgCpuPercent,MaxCpuUsage,DataPoints
discern-file-so,1187.0,40.460559107974255,89.28862483034004,234
discern-proc-so,1203.0,2.6689792947304483,2.7475632643208563,234
kswapd0,1211.0,0.7355734091603662,0.7404970038149133,234
discern-logs-so,1211.0,0.2502108765653224,0.25870770898021744,234
jbd2/vda2-8,1187.0,0.20170928589337375,0.22667851866981942,229
systemd,24.0,0.7418091463340298,1.7433883794305773,5
