Name,TimeWeightedAvgVmSizeMiB,MaxVmPeakMiB,MaxVmHwmMiB,DataPoints,PeakDuration
dbus-daemon,56.076500423531755,73.37890625,65.73046875,737,3763.0
discern-file-so,1481.434791143216,1591.1796875,288.07421875,78,398.0
discern-logs-so,1205.4296875,1205.4296875,68.44140625,715,3735.0
discern-network,1841.5859375,1863.44140625,40.0703125,666,3499.0
python3,124.86328125,124.86328125,109.23046875,1474,7411.0
systemd-journal,95.4296875,143.3828125,28.25,15,76.0
