Name,TimeWeightedAvgVmSizeMiB,MaxVmPeakMiB,MaxVmHwmMiB,DataPoints,PeakDuration
dbus-daemon,40.169243762993766,43.98828125,36.66796875,187,962.0
discern-file-so,1577.4769860197368,1591.7421875,304.72265625,187,950.0
discern-logs-so,1205.4296875,1205.4296875,39.078125,187,966.0
discern-network,1825.57421875,1863.1875,84.7890625,187,954.0
discern-proc-so,1205.92578125,1205.92578125,15.89453125,61,316.0
python3,656.328125,1000.49609375,45.05859375,118,606.0
systemd-journal,129.1484375,165.33984375,26.6796875,8,36.0
