Name,Duration,AvgCpuPercent,MaxCpuUsage,DataPoints
discern-file-so,1189.0,41.33595220172752,83.34776662146255,232
discern-proc-so,1189.0,2.093506697251436,2.368995120621023,232
jbd2/vda2-8,1193.0,0.5886878471096001,1.5076529215780496,232
kswapd0,1153.0,0.602303270931913,0.6844668451801673,224
systemd,985.0,0.4415079286818548,1.7769623526572138,191
discern-logs-so,218.0,0.27334457806396134,0.27836154146056646,43
discern-network,30.0,0.5009522074232767,0.532014501016091,6
