Name,TimeWeightedAvgVmSizeMiB,MaxVmPeakMiB,MaxVmHwmMiB,DataPoints,PeakDuration
dbus-daemon,18.104942375886523,21.4765625,15.1640625,137,705.0
discern-ansible,1205.34375,1205.34375,11.6875,11,57.0
discern-file-so,1579.9617426049617,1591.7421875,359.11328125,232,1179.0
discern-jupyter,1205.33203125,1205.33203125,10.1875,29,149.0
discern-logs-so,1205.4296875,1205.4296875,20.20703125,232,1191.0
discern-network,1889.953125,1889.953125,96.25,232,1183.0
discern-proc-so,1205.92578125,1205.92578125,16.62109375,170,869.0
systemd-journal,74.63563440635451,83.37109375,24.41796875,117,598.0
