Name,TimeWeightedAvgVmSizeMiB,MaxVmPeakMiB,MaxVmHwmMiB,DataPoints,PeakDuration
dbus-daemon,38.73494757736157,53.2734375,46.73046875,718,3684.0
discern-file-so,1474.470659189673,1591.4296875,294.0390625,93,489.0
discern-interfa,1507.51953125,1571.26953125,22.546875,131,680.0
discern-logs-so,1205.4296875,1205.4296875,28.94921875,679,3541.0
discern-network,1833.83203125,1863.1875,44.1328125,718,3678.0
discern-proc-so,1205.92578125,1205.92578125,16.84375,1,5.0
mariadbd,1058.9406163674032,1121.671875,92.875,718,3620.0
systemd-journal,108.70335820895522,133.078125,32.5703125,532,2747.0
