Name,TimeWeightedAvgVmSizeMiB,MaxVmPeakMiB,MaxVmHwmMiB,DataPoints,PeakDuration
dbus-daemon,19.475413602941178,20.328125,14.14453125,38,187.0
discern-file-so,1579.2047301136363,1591.6796875,295.25,215,1100.0
discern-logs-so,1205.4296875,1205.4296875,31.21875,215,1108.0
discern-network,1834.1987926136364,1863.44140625,87.984375,215,1100.0
discern-proc-so,1205.92578125,1205.92578125,16.0234375,186,965.0
python3,662.991730628655,1056.59765625,346.22265625,165,855.0
systemd-journal,72.38481235047847,97.1484375,25.16796875,41,209.0
