Name,Duration,AvgCpuPercent,MaxCpuUsage,DataPoints
discern-file-so,1111.0,40.35546903497686,82.25392371225104,215
discern-proc-so,1111.0,2.5760925664846597,3.153231037604688,215
python3,825.0,1.0407152835230244,10.685679336245318,158
jbd2/vda2-8,1115.0,0.7559607526280984,1.8436792333124834,215
kswapd0,915.0,0.6439981964675555,0.7053580106585967,176
systemd,241.0,0.6729975862105494,1.5763859838777252,47
discern-network,249.0,0.45251726483760735,0.718633815546107,49
