Name,TimeWeightedAvgVmSizeMiB,MaxVmPeakMiB,MaxVmHwmMiB,DataPoints,PeakDuration
dbus-daemon,76.50922530715074,91.046875,83.96875,713,3622.0
discern-file-so,1521.3190286276224,1655.05859375,333.48046875,54,286.0
discern-logs-so,1215.2749205508474,1269.49609375,57.5546875,675,3540.0
discern-network,1898.8359375,1898.8359375,143.24609375,697,3657.0
dockerd,1350.61328125,1414.36328125,100.37109375,713,3668.0
mariadbd,1058.9453125,1113.66796875,89.7734375,713,3570.0
