Name,TimeWeightedAvgVmSizeMiB,MaxVmPeakMiB,MaxVmHwmMiB,DataPoints,PeakDuration
dbus-daemon,69.60735223190527,84.37109375,75.60546875,708,3758.0
discern-file-so,1401.6169747412855,1655.24609375,386.8515625,51,459.0
discern-interfa,1507.51953125,1571.26953125,22.57421875,325,1697.0
discern-logs-so,1235.3847479565134,1269.49609375,69.03515625,708,3869.0
discern-network,1890.265625,1890.265625,90.91015625,708,3791.0
discern-proc-so,1206.1519717261904,1206.17578125,18.06640625,41,210.0
java,2257.703125,10959.44921875,198.2734375,708,3692.0
systemd-journal,120.4222603017521,163.37109375,33.88671875,291,1541.0
