Name,Duration,AvgCpuPercent,MaxCpuUsage,DataPoints
server.py,874.0,61.316553881113,65.81548393538765,172
discern-file-so,1077.0,37.18049218860565,80.73075120001891,211
discern-proc-so,1075.0,2.142817948231788,2.3977550434857604,210
jbd2/vda2-8,1097.0,0.8430861536813898,2.1131982811431222,211
kswapd0,746.0,0.6056487868971989,0.6570128387174814,144
discern-network,527.0,0.6664729331756661,1.3923297252756903,101
systemd,21.0,0.9367067458804864,0.9596211513770013,4
python3,6.0,1.2545569983459723,1.2545569983459723,1
systemd-journal,6.0,0.5939388885472263,0.5939388885472263,1
