Name,TimeWeightedAvgVmSizeMiB,MaxVmPeakMiB,MaxVmHwmMiB,DataPoints,PeakDuration
dbus-daemon,18.557208166332664,21.2109375,14.8046875,96,499.0
discern-file-so,1569.7988528481012,1591.6796875,289.53125,211,1106.0
discern-logs-so,1205.4296875,1205.4296875,26.8515625,211,1110.0
discern-network,1889.952898139746,1889.953125,95.7890625,211,1102.0
discern-proc-so,1205.92578125,1205.92578125,16.7109375,80,413.0
python3,147.2102568655303,232.60546875,16.921875,49,264.0
server.py,174.2890625,238.2890625,23.078125,172,912.0
systemd-journal,122.57469223484848,133.53125,23.58984375,25,132.0
