Name,TimeWeightedAvgVmSizeMiB,MaxVmPeakMiB,MaxVmHwmMiB,DataPoints,PeakDuration
dbus-daemon,70.44811371276035,86.0546875,79.265625,741,3793.0
discern-file-so,1491.149241449758,1591.1796875,286.14453125,79,413.0
discern-logs-so,1269.49609375,1269.49609375,96.59765625,741,3858.0
discern-network,1833.83203125,1863.1875,48.8828125,662,3488.0
python3,125.328125,125.328125,109.1484375,1482,7445.0
