Name,Duration,AvgCpuPercent,MaxCpuUsage,DataPoints
discern-file-so,294.0,83.01350729566089,91.31473358873393,58
discern-proc-so,2097.0,2.3396130556869226,2.5366319481488144,414
jbd2/vda2-8,2115.0,0.6982162115770421,2.23637011353426,415
systemd,2143.0,0.3448262856635594,3.270415242562987,418
discern-logs-so,1734.0,0.2894909634601229,0.3185338104543297,338
systemd-journal,1115.0,0.2127278754687811,0.22952106109927692,217
kswapd0,759.0,0.30584508424727536,0.4974624604793377,148
discern-network,342.0,0.30890205939684257,0.5075013775238408,67
