Name,TimeWeightedAvgVmSizeMiB,MaxVmPeakMiB,MaxVmHwmMiB,DataPoints,PeakDuration
apt-get,57.0,57.0,49.30078125,1,5.0
dbus-daemon,23.87303543649341,29.171875,22.7734375,266,1366.0
discern-file-so,1500.8067165415193,1591.1796875,287.60546875,55,283.0
discern-interfa,1507.26953125,1571.26953125,22.578125,364,1863.0
discern-jupyter,1205.33203125,1205.33203125,10.8984375,19,98.0
discern-logs-so,1205.4296875,1205.4296875,23.6484375,415,2126.0
discern-network,1834.1424066041077,1863.44140625,80.875,415,2118.0
discern-proc-so,1205.92578125,1205.92578125,16.46484375,166,849.0
systemd-journal,78.61682498044838,101.41796875,27.44921875,374,1918.0
