Name,Duration,AvgCpuPercent,MaxCpuUsage,DataPoints
discern-file-so,515.0,45.05454766668053,82.50734691118367,102
discern-proc-so,514.0,2.0022839760420865,2.164486218167102,101
kswapd0,519.0,0.6528678467403787,0.6793803429782399,102
jbd2/vda2-8,519.0,0.6197882415851083,0.7821034069614129,102
systemd,524.0,0.3050568310308704,1.838977828742637,103
