Name,TimeWeightedAvgVmSizeMiB,MaxVmPeakMiB,MaxVmHwmMiB,DataPoints,PeakDuration
dbus-daemon,18.3829296875,20.328125,14.6953125,98,500.0
discern-file-so,1562.4920266544118,1591.4296875,372.46875,102,510.0
discern-logs-so,1205.4296875,1205.4296875,19.19140625,102,518.0
discern-network,1889.703125,1889.703125,89.43359375,102,518.0
discern-proc-so,1205.92578125,1205.92578125,16.65625,103,524.0
systemd-journal,65.23828125,65.23828125,16.7890625,5,24.0
