Name,TimeWeightedAvgVmSizeMiB,MaxVmPeakMiB,MaxVmHwmMiB,DataPoints,PeakDuration
dbus-daemon,19.12159416826004,21.85546875,14.87890625,101,523.0
discern-ansible,1205.34375,1205.34375,11.203125,2,11.0
discern-file-so,1579.8476885865066,1591.7421875,295.25,236,1208.0
discern-logs-so,1205.4296875,1205.4296875,30.40625,236,1220.0
discern-network,1881.6677631578948,1881.6953125,101.45703125,236,1216.0
discern-proc-so,1205.923470001926,1205.92578125,16.66015625,126,649.0
python3,663.6961714433702,1112.81640625,341.74609375,177,905.0
systemd-journal,88.79841632153614,129.2421875,27.10546875,66,332.0
