Name,TimeWeightedAvgVmSizeMiB,MaxVmPeakMiB,MaxVmHwmMiB,DataPoints,PeakDuration
dbus-daemon,37.87923626449476,51.984375,44.8984375,699,3622.0
discern-file-so,1517.110430518617,1591.4296875,285.37109375,90,470.0
discern-interfa,1507.51953125,1571.26953125,24.59375,58,300.0
discern-logs-so,1205.4296875,1205.4296875,32.47265625,472,2473.0
discern-network,1833.58203125,1863.1875,61.1171875,730,3758.0
discern-proc-so,1206.17578125,1206.17578125,21.94921875,1,5.0
python3,125.61328125,125.61328125,109.40625,1460,7423.0
systemd-journal,125.93957182320442,141.4375,32.22265625,140,724.0
