Name,Duration,AvgCpuPercent,MaxCpuUsage,DataPoints
discern-file-so,2534.0,32.89002548887727,82.169663174333,493
discern-proc-so,2535.0,2.7542995569631734,6.810560128081755,492
kswapd0,2543.0,0.7142859512410225,0.7210760322881812,492
systemd,2579.0,0.16241888415202946,1.9762680796266712,497
discern-logs-so,2068.0,0.13998645480945587,0.1573426549806559,397
jbd2/vda2-8,467.0,0.12663238181927644,0.13236283887397038,90
