Name,TimeWeightedAvgVmSizeMiB,MaxVmPeakMiB,MaxVmHwmMiB,DataPoints,PeakDuration
dbus-daemon,69.51321886491988,85.23828125,78.0546875,743,3807.0
discern-file-so,1506.1345685206422,1591.1796875,289.609375,65,327.0
discern-logs-so,1214.4923023897059,1269.49609375,54.9609375,678,3570.0
discern-network,1833.83203125,1833.83203125,50.96875,743,3865.0
python3,124.828125,124.828125,108.69140625,1486,7469.0
