Name,Duration,AvgCpuPercent,MaxCpuUsage,DataPoints
discern-file-so,1684.0,33.835624585889,88.34934151126704,316
discern-proc-so,1679.0,2.5907860120455863,2.844324870747126,316
kswapd0,1679.0,0.6911704171318799,0.7005311511127111,316
systemd,1725.0,0.17646399172747876,2.6816141172409598,324
discern-logs-so,1299.0,0.1302836332372523,0.1381145183377863,147
jbd2/vda2-8,838.0,0.13544786085900426,0.14726280208287487,160
sshd,5.0,1.2201820051054928,1.2201820051054928,1
