Name,TimeWeightedAvgVmSizeMiB,MaxVmPeakMiB,MaxVmHwmMiB,DataPoints,PeakDuration
dbus-daemon,76.36176408071904,90.9453125,84.59375,713,3602.0
discern-file-so,1547.1892475328948,1655.12109375,284.4140625,50,266.0
discern-logs-so,1215.0748696081196,1269.49609375,74.0,675,3547.0
discern-network,1898.2109375,1898.2109375,117.9765625,701,3644.0
dockerd,1350.86328125,1414.36328125,100.18359375,713,3651.0
mariadbd,1050.94140625,1113.66796875,91.1484375,713,3546.0
