Name,Duration,AvgCpuPercent,MaxCpuUsage,DataPoints
discern-file-so,1723.0,34.25979647772238,85.15125196456361,339
discern-proc-so,1735.0,2.661108761421303,4.066017056469894,339
discern-network,1747.0,0.9663479394021345,0.992756367261273,339
kswapd0,1746.0,0.7767455682200647,0.7819336855614444,338
discern-logs-so,1748.0,0.6713129218610079,0.733360770966853,336
systemd,15.0,0.835764833519561,1.0020239849070338,3
sshd,5.0,1.0020817654107894,1.0020817654107894,1
