Name,TimeWeightedAvgVmSizeMiB,MaxVmPeakMiB,MaxVmHwmMiB,DataPoints,PeakDuration
dbus-daemon,66.10306318090596,74.578125,66.0625,339,1744.0
discern-file-so,1526.7433562464246,1591.6796875,362.87109375,339,1748.0
discern-logs-so,1333.5625,1333.5625,163.62890625,339,1728.0
discern-network,1833.58203125,1833.58203125,55.60546875,339,1760.0
discern-os-sorc,1205.66015625,1205.66015625,10.828125,9,46.0
discern-proc-so,1205.9273256515444,1206.17578125,17.328125,249,1295.0
systemd-journal,125.67874556737588,169.3359375,34.78515625,81,423.0
