Name,Duration,AvgCpuPercent,MaxCpuUsage,DataPoints
discern-file-so,1804.0,32.03891670175365,82.6553299419011,357
discern-proc-so,1812.0,2.5851587288377154,3.8653272818027107,357
kswapd0,1824.0,0.7258952374434928,0.7333102172121387,357
discern-logs-so,1840.0,0.560549362790303,0.6390825835863698,357
discern-network,1837.0,0.4880050934331455,0.5179897587043709,354
systemd,15.0,1.3022989090427284,1.66327542134041,3
