Name,TimeWeightedAvgVmSizeMiB,MaxVmPeakMiB,MaxVmHwmMiB,DataPoints,PeakDuration
dbus-daemon,53.63329313950351,60.6171875,54.05078125,357,1853.0
discern-ansible,1205.34375,1205.34375,10.28125,2,11.0
discern-file-so,1463.6885662950026,1591.4296875,281.87109375,357,1861.0
discern-logs-so,1320.4997443719578,1333.5625,139.77734375,357,1849.0
discern-network,1833.58203125,1863.44140625,50.2734375,357,1857.0
discern-proc-so,1205.9601196084589,1206.17578125,15.890625,231,1194.0
systemd-journal,117.2410322980183,165.08984375,33.3359375,124,656.0
