Name,TimeWeightedAvgVmSizeMiB,MaxVmPeakMiB,MaxVmHwmMiB,DataPoints,PeakDuration
dbus-daemon,106.819010929197,131.8984375,119.828125,995,5081.0
discern-file-so,1499.490484375,1591.4296875,302.0625,94,500.0
discern-logs-so,1269.49609375,1269.49609375,84.0546875,994,5187.0
discern-network,1834.14453125,1834.14453125,58.81640625,902,4732.0
python3,125.58984375,125.58984375,109.2734375,1990,10214.0
