Name,TimeWeightedAvgVmSizeMiB,MaxVmPeakMiB,MaxVmHwmMiB,DataPoints,PeakDuration
dbus-daemon,19.392513499540442,22.11328125,15.36328125,105,544.0
discern-ansible,1205.34375,1205.34375,10.28125,3,11.0
discern-file-so,1571.6732158550456,1591.6796875,296.73046875,234,1209.0
discern-jupyter,1205.33203125,1205.33203125,8.78515625,2,11.0
discern-logs-so,1205.4296875,1205.4296875,28.8046875,234,1213.0
discern-network,1906.21484375,1906.21484375,88.86328125,234,1209.0
discern-proc-so,1205.92578125,1205.92578125,16.140625,36,176.0
python3,149.1607228053435,232.35546875,16.625,124,655.0
server.py,174.2890625,238.2890625,22.78515625,198,1041.0
