Name,TimeWeightedAvgVmSizeMiB,MaxVmPeakMiB,MaxVmHwmMiB,DataPoints,PeakDuration
dbus-daemon,56.106246270883055,64.0625,58.0,412,2095.0
discern-file-so,1472.6119167380136,1591.4296875,294.34765625,56,292.0
discern-interfa,1507.51953125,1571.26953125,22.578125,354,1813.0
discern-logs-so,1205.4296875,1205.4296875,30.17578125,412,2098.0
discern-network,1834.14453125,1863.44140625,80.875,412,2091.0
discern-proc-so,1205.92578125,1205.92578125,16.12109375,163,839.0
systemd-journal,114.70868530273438,147.34765625,27.98828125,251,1280.0
