Name,Duration,AvgCpuPercent,MaxCpuUsage,DataPoints
discern-file-so,276.0,84.01316249962993,90.78193815229122,56
discern-proc-so,2095.0,2.6422438550310647,5.086510138588164,412
discern-logs-so,2103.0,0.333842567944457,0.34116545546571375,412
systemd-journal,2115.0,0.19368748344938017,0.19878983556383273,412
discern-network,1820.0,0.1770387385208583,0.18335599470608968,353
jbd2/vda2-8,1098.0,0.18068828871852138,0.1971000423505471,214
kswapd0,1016.0,0.17053246753465548,0.18625741633963439,196
systemd,11.0,0.4806963547271507,2.034355005370438,3
sshd,1.0,1.2926907985280052,1.2926907985280052,2
