Name,TimeWeightedAvgVmSizeMiB,MaxVmPeakMiB,MaxVmHwmMiB,DataPoints,PeakDuration
dbus-daemon,38.8353591954023,47.5625,41.58984375,425,2175.0
discern-cpu-sor,1205.359375,1205.359375,13.08203125,25,129.0
discern-file-so,1478.9228748933447,1591.0546875,293.9921875,56,293.0
discern-interfa,1507.5149131771093,1571.26953125,22.578125,389,2003.0
discern-logs-so,1205.4296875,1205.4296875,28.23828125,425,2183.0
discern-network,1834.14453125,1863.44140625,80.875,425,2163.0
discern-proc-so,1205.936481639105,1206.17578125,18.30859375,50,257.0
systemd-journal,113.70653257978724,125.35546875,27.44921875,330,1692.0
