timestamp,pid,ppid,real_uid,effective_uid,saved_uid,filesystem_uid,real_gid,effective_gid,saved_gid,filesystem_gid,vm_peak,vm_size,vm_hwm,rss_shmem,vm_stk,vm_data,threads,name,state,device_id,cpu,malicious
1759278624,341,1,103,103,103,103,109,109,109,109,107515904,107515904,101335040,N/A,135168,99786752,1,dbus-daemon,S (sleeping),client-compromised.bnsdq.ozxfs.vcwss-bomyo.kvugl,0.2596277245194197,0
1759278624,153885,1,N/A,N/A,N/A,N/A,N/A,N/A,N/A,N/A,1953267712,1930625024,37605376,N/A,135168,170467328,14,discern-network,S (sleeping),client-compromised.bnsdq.ozxfs.vcwss-bomyo.kvugl,0.5150458010343557,0
1759278624,183,1,N/A,N/A,N/A,N/A,N/A,N/A,N/A,N/A,160686080,122888192,43958272,4096,135168,30134272,1,systemd-journal,S (sleeping),client-compromised.bnsdq.ozxfs.vcwss-bomyo.kvugl,0.21077456070163042,0
1759278624,153646,1,N/A,N/A,N/A,N/A,N/A,N/A,N/A,N/A,1647706112,1580597248,22335488,N/A,135168,82202624,5,discern-interfa,S (sleeping),client-compromised.bnsdq.ozxfs.vcwss-bomyo.kvugl,0.0068452964373532914,0
1759278624,153650,1,N/A,N/A,N/A,N/A,N/A,N/A,N/A,N/A,1264619520,1264619520,15114240,N/A,135168,45826048,4,discern-proc-so,R (running),client-compromised.bnsdq.ozxfs.vcwss-bomyo.kvugl,2.5053768422751057,0
1759278629,341,1,103,103,103,103,109,109,109,109,107515904,107515904,101335040,N/A,135168,99786752,1,dbus-daemon,S (sleeping),client-compromised.bnsdq.ozxfs.vcwss-bomyo.kvugl,0.25969508105584804,0
1759278629,153885,1,N/A,N/A,N/A,N/A,N/A,N/A,N/A,N/A,1953267712,1930625024,37605376,N/A,135168,170467328,14,discern-network,S (sleeping),client-compromised.bnsdq.ozxfs.vcwss-bomyo.kvugl,0.5102741070418839,0
1759278629,183,1,N/A,N/A,N/A,N/A,N/A,N/A,N/A,N/A,160686080,122888192,43958272,4096,135168,30134272,1,systemd-journal,S (sleeping),client-compromised.bnsdq.ozxfs.vcwss-bomyo.kvugl,0.21076622256473254,0
1759278629,153646,1,N/A,N/A,N/A,N/A,N/A,N/A,N/A,N/A,1647706112,1580597248,22335488,N/A,135168,82202624,5,discern-interfa,S (sleeping),client-compromised.bnsdq.ozxfs.vcwss-bomyo.kvugl,0.006612809414179752,0
1759278629,153650,1,N/A,N/A,N/A,N/A,N/A,N/A,N/A,N/A,1264619520,1264619520,15114240,N/A,135168,45826048,4,discern-proc-so,S (sleeping),client-compromised.bnsdq.ozxfs.vcwss-bomyo.kvugl,2.493027396495167,0
1759278634,341,1,103,103,103,103,109,109,109,109,107515904,107515904,101335040,N/A,135168,99786752,1,dbus-daemon,S (sleeping),client-compromised.bnsdq.ozxfs.vcwss-bomyo.kvugl,0.2597621811699935,0
1759278634,153885,1,N/A,N/A,N/A,N/A,N/A,N/A,N/A,N/A,1953267712,1930625024,37605376,N/A,135168,170467328,14,discern-network,S (sleeping),client-compromised.bnsdq.ozxfs.vcwss-bomyo.kvugl,0.5129503563753341,0
1759278634,183,1,N/A,N/A,N/A,N/A,N/A,N/A,N/A,N/A,160686080,122888192,43958272,4096,135168,30134272,1,systemd-journal,S (sleeping),client-compromised.bnsdq.ozxfs.vcwss-bomyo.kvugl,0.21075774229354458,0
1759278634,153646,1,N/A,N/A,N/A,N/A,N/A,N/A,N/A,N/A,1647706112,1580597248,22335488,N/A,135168,82202624,5,discern-interfa,S (sleeping),client-compromised.bnsdq.ozxfs.vcwss-bomyo.kvugl,0.006395306101420311,0
1759278634,153650,1,N/A,N/A,N/A,N/A,N/A,N/A,N/A,N/A,1264619520,1264619520,15114240,N/A,135168,45826048,4,discern-proc-so,R (running),client-compromised.bnsdq.ozxfs.vcwss-bomyo.kvugl,2.4941677225356655,0
1759278639,341,1,103,103,103,103,109,109,109,109,107515904,107515904,101335040,N/A,135168,99786752,1,dbus-daemon,S (sleeping),client-compromised.bnsdq.ozxfs.vcwss-bomyo.kvugl,0.2597280987897629,0
1759278639,153885,1,N/A,N/A,N/A,N/A,N/A,N/A,N/A,N/A,1953267712,1930625024,38133760,N/A,135168,170467328,14,discern-network,S (sleeping),client-compromised.bnsdq.ozxfs.vcwss-bomyo.kvugl,0.5085424244674452,0
1759278639,183,1,N/A,N/A,N/A,N/A,N/A,N/A,N/A,N/A,160686080,122888192,43958272,4096,135168,30134272,1,systemd-journal,S (sleeping),client-compromised.bnsdq.ozxfs.vcwss-bomyo.kvugl,0.2106482007124246,0
1759278639,153646,1,N/A,N/A,N/A,N/A,N/A,N/A,N/A,N/A,1647706112,1580597248,22335488,N/A,135168,82202624,5,discern-interfa,S (sleeping),client-compromised.bnsdq.ozxfs.vcwss-bomyo.kvugl,0.00619140973434933,0
1759278639,153650,1,N/A,N/A,N/A,N/A,N/A,N/A,N/A,N/A,1264619520,1264619520,15114240,N/A,135168,45826048,4,discern-proc-so,S (sleeping),client-compromised.bnsdq.ozxfs.vcwss-bomyo.kvugl,2.495136713089646,0
1759278644,341,1,103,103,103,103,109,109,109,109,107515904,107515904,101335040,N/A,135168,99786752,1,dbus-daemon,S (sleeping),client-compromised.bnsdq.ozxfs.vcwss-bomyo.kvugl,0.25969415421530545,0
1759278644,153885,1,N/A,N/A,N/A,N/A,N/A,N/A,N/A,N/A,1953267712,1930625024,38133760,N/A,135168,170467328,14,discern-network,S (sleeping),client-compromised.bnsdq.ozxfs.vcwss-bomyo.kvugl,0.5044487954934409,0
1759278644,183,1,N/A,N/A,N/A,N/A,N/A,N/A,N/A,N/A,160686080,122888192,43958272,4096,135168,30134272,1,systemd-journal,S (sleeping),client-compromised.bnsdq.ozxfs.vcwss-bomyo.kvugl,0.2106397355340652,0
1759278644,153646,1,N/A,N/A,N/A,N/A,N/A,N/A,N/A,N/A,1647706112,1580597248,22335488,N/A,135168,82202624,5,discern-interfa,S (sleeping),client-compromised.bnsdq.ozxfs.vcwss-bomyo.kvugl,0.006000249920741629,0
1759278644,153650,1,N/A,N/A,N/A,N/A,N/A,N/A,N/A,N/A,1264619520,1264619520,15114240,N/A,135168,45826048,4,discern-proc-so,R (running),client-compromised.bnsdq.ozxfs.vcwss-bomyo.kvugl,2.4961004694866427,0
1759278649,341,1,103,103,103,103,109,109,109,109,107515904,107515904,101335040,N/A,135168,99786752,1,dbus-daemon,S (sleeping),client-compromised.bnsdq.ozxfs.vcwss-bomyo.kvugl,0.2596599724582029,0
1759278649,153885,1,N/A,N/A,N/A,N/A,N/A,N/A,N/A,N/A,1953267712,1930625024,38133760,N/A,135168,170467328,14,discern-network,S (sleeping),client-compromised.bnsdq.ozxfs.vcwss-bomyo.kvugl,0.5070100612339328,0
1759278649,183,1,N/A,N/A,N/A,N/A,N/A,N/A,N/A,N/A,160686080,122888192,43958272,4096,135168,30134272,1,systemd-journal,S (sleeping),client-compromised.bnsdq.ozxfs.vcwss-bomyo.kvugl,0.21053023115497446,0
1759278649,153646,1,N/A,N/A,N/A,N/A,N/A,N/A,N/A,N/A,1647706112,1580597248,22335488,N/A,135168,82202624,5,discern-interfa,S (sleeping),client-compromised.bnsdq.ozxfs.vcwss-bomyo.kvugl,0.00582019179137208,0
1759278649,153650,1,N/A,N/A,N/A,N/A,N/A,N/A,N/A,N/A,1264619520,1264619520,15114240,N/A,135168,45826048,4,discern-proc-so,S (sleeping),client-compromised.bnsdq.ozxfs.vcwss-bomyo.kvugl,2.502681086351796,0
1759278654,341,1,103,103,103,103,109,109,109,109,107515904,107515904,101335040,N/A,135168,99786752,1,dbus-daemon,S (sleeping),client-compromised.bnsdq.ozxfs.vcwss-bomyo.kvugl,0.2598273399024587,0
1759278654,153885,1,N/A,N/A,N/A,N/A,N/A,N/A,N/A,N/A,1953267712,1930625024,38133760,N/A,135168,170467328,14,discern-network,S (sleeping),client-compromised.bnsdq.ozxfs.vcwss-bomyo.kvugl,0.5156120447103131,0
1759278654,183,1,N/A,N/A,N/A,N/A,N/A,N/A,N/A,N/A,160686080,122888192,43958272,4096,135168,30134272,1,systemd-journal,S (sleeping),client-compromised.bnsdq.ozxfs.vcwss-bomyo.kvugl,0.21062234277163153,0
1759278654,153646,1,N/A,N/A,N/A,N/A,N/A,N/A,N/A,N/A,1647706112,1580597248,22335488,N/A,135168,82202624,5,discern-interfa,S (sleeping),client-compromised.bnsdq.ozxfs.vcwss-bomyo.kvugl,0.00565054883994897,0
1759278654,153650,1,N/A,N/A,N/A,N/A,N/A,N/A,N/A,N/A,1264619520,1264619520,15114240,N/A,135168,45826048,4,discern-proc-so,R (running),client-compromised.bnsdq.ozxfs.vcwss-bomyo.kvugl,2.5088417061764865,0
1759278660,341,1,103,103,103,103,109,109,109,109,107515904,107515904,101335040,N/A,135168,99786752,1,dbus-daemon,S (sleeping),client-compromised.bnsdq.ozxfs.vcwss-bomyo.kvugl,0.2597947729877297,0
1759278660,153885,1,N/A,N/A,N/A,N/A,N/A,N/A,N/A,N/A,1953267712,1930625024,38133760,N/A,135168,170467328,14,discern-network,S (sleeping),client-compromised.bnsdq.ozxfs.vcwss-bomyo.kvugl,0.5178643138311813,0
1759278660,183,1,N/A,N/A,N/A,N/A,N/A,N/A,N/A,N/A,160686080,122888192,43958272,4096,135168,30134272,1,systemd-journal,S (sleeping),client-compromised.bnsdq.ozxfs.vcwss-bomyo.kvugl,0.21061502125652046,0
1759278660,153646,1,N/A,N/A,N/A,N/A,N/A,N/A,N/A,N/A,1647706112,1580597248,22335488,N/A,135168,82202624,5,discern-interfa,S (sleeping),client-compromised.bnsdq.ozxfs.vcwss-bomyo.kvugl,0.005492483985110847,0
1759278660,153650,1,N/A,N/A,N/A,N/A,N/A,N/A,N/A,N/A,1264619520,1264619520,15114240,N/A,135168,45826048,4,discern-proc-so,S (sleeping),client-compromised.bnsdq.ozxfs.vcwss-bomyo.kvugl,2.4826012448224644,0
1759278665,341,1,103,103,103,103,109,109,109,109,107515904,107515904,101335040,N/A,135168,99786752,1,dbus-daemon,S (sleeping),client-compromised.bnsdq.ozxfs.vcwss-bomyo.kvugl,0.2597606891375046,0
1759278665,153885,1,N/A,N/A,N/A,N/A,N/A,N/A,N/A,N/A,1953267712,1930625024,38133760,N/A,135168,170467328,14,discern-network,S (sleeping),client-compromised.bnsdq.ozxfs.vcwss-bomyo.kvugl,0.5081214661377983,0
1759278665,183,1,N/A,N/A,N/A,N/A,N/A,N/A,N/A,N/A,160686080,122888192,43958272,4096,135168,30134272,1,systemd-journal,S (sleeping),client-compromised.bnsdq.ozxfs.vcwss-bomyo.kvugl,0.21060645086121385,0
1759278665,153646,1,N/A,N/A,N/A,N/A,N/A,N/A,N/A,N/A,1647706112,1580597248,22335488,N/A,135168,82202624,5,discern-interfa,S (sleeping),client-compromised.bnsdq.ozxfs.vcwss-bomyo.kvugl,0.005341335348543328,0
1759278665,153650,1,N/A,N/A,N/A,N/A,N/A,N/A,N/A,N/A,1264619520,1264619520,15114240,N/A,135168,45826048,4,discern-proc-so,R (running),client-compromised.bnsdq.ozxfs.vcwss-bomyo.kvugl,2.483719687485805,0
1759278670,341,1,103,103,103,103,109,109,109,109,107515904,107515904,101335040,N/A,135168,99786752,1,dbus-daemon,S (sleeping),client-compromised.bnsdq.ozxfs.vcwss-bomyo.kvugl,0.25982748445668535,0
1759278670,153885,1,N/A,N/A,N/A,N/A,N/A,N/A,N/A,N/A,1953267712,1930625024,38133760,N/A,135168,170467328,14,discern-network,S (sleeping),client-compromised.bnsdq.ozxfs.vcwss-bomyo.kvugl,0.5103111749659262,0
1759278670,183,1,N/A,N/A,N/A,N/A,N/A,N/A,N/A,N/A,160686080,122888192,43958272,4096,135168,30134272,1,systemd-journal,S (sleeping),client-compromised.bnsdq.ozxfs.vcwss-bomyo.kvugl,0.21059806167548928,0
1759278670,153646,1,N/A,N/A,N/A,N/A,N/A,N/A,N/A,N/A,1647706112,1580597248,22335488,N/A,135168,82202624,5,discern-interfa,S (sleeping),client-compromised.bnsdq.ozxfs.vcwss-bomyo.kvugl,0.0051985003308064074,0
1759278670,153650,1,N/A,N/A,N/A,N/A,N/A,N/A,N/A,N/A,1264619520,1264619520,15114240,N/A,135168,45826048,4,discern-proc-so,R (running),client-compromised.bnsdq.ozxfs.vcwss-bomyo.kvugl,2.479683462678076,0
1759278675,341,1,103,103,103,103,109,109,109,109,107515904,107515904,101335040,N/A,135168,99786752,1,dbus-daemon,S (sleeping),client-compromised.bnsdq.ozxfs.vcwss-bomyo.kvugl,0.2597934296784108,0
1759278675,153885,1,N/A,N/A,N/A,N/A,N/A,N/A,N/A,N/A,1953267712,1930625024,38133760,N/A,135168,170467328,14,discern-network,S (sleeping),client-compromised.bnsdq.ozxfs.vcwss-bomyo.kvugl,0.5123548153061704,0
1759278675,183,1,N/A,N/A,N/A,N/A,N/A,N/A,N/A,N/A,160686080,122888192,43958272,4096,135168,30134272,1,systemd-journal,S (sleeping),client-compromised.bnsdq.ozxfs.vcwss-bomyo.kvugl,0.21058951597972014,0
1759278675,153646,1,N/A,N/A,N/A,N/A,N/A,N/A,N/A,N/A,1647706112,1580597248,22335488,N/A,135168,82202624,5,discern-interfa,S (sleeping),client-compromised.bnsdq.ozxfs.vcwss-bomyo.kvugl,0.005062905210023833,0
1759278675,153650,1,N/A,N/A,N/A,N/A,N/A,N/A,N/A,N/A,1264619520,1264619520,15114240,N/A,135168,45826048,4,discern-proc-so,S (sleeping),client-compromised.bnsdq.ozxfs.vcwss-bomyo.kvugl,2.480822217238322,0
1759278680,341,1,103,103,103,103,109,109,109,109,107515904,107515904,101335040,N/A,135168,99786752,1,dbus-daemon,S (sleeping),client-compromised.bnsdq.ozxfs.vcwss-bomyo.kvugl,0.25975958136928157,0
1759278680,153885,1,N/A,N/A,N/A,N/A,N/A,N/A,N/A,N/A,1953267712,1930625024,38133760,N/A,135168,170467328,14,discern-network,S (sleeping),client-compromised.bnsdq.ozxfs.vcwss-bomyo.kvugl,0.5089464159278578,0
1759278680,183,1,N/A,N/A,N/A,N/A,N/A,N/A,N/A,N/A,160686080,122888192,43958272,4096,135168,30134272,1,systemd-journal,S (sleeping),client-compromised.bnsdq.ozxfs.vcwss-bomyo.kvugl,0.2104806026174481,0
1759278680,153646,1,N/A,N/A,N/A,N/A,N/A,N/A,N/A,N/A,1647706112,1580597248,22335488,N/A,135168,82202624,5,discern-interfa,S (sleeping),client-compromised.bnsdq.ozxfs.vcwss-bomyo.kvugl,0.004934364473293288,0
1759278680,153650,1,N/A,N/A,N/A,N/A,N/A,N/A,N/A,N/A,1264619520,1264619520,15114240,N/A,135168,45826048,4,discern-proc-so,S (sleeping),client-compromised.bnsdq.ozxfs.vcwss-bomyo.kvugl,2.4770496663116255,0
1759278685,341,1,103,103,103,103,109,109,109,109,107515904,107515904,101335040,N/A,135168,99786752,1,dbus-daemon,S (sleeping),client-compromised.bnsdq.ozxfs.vcwss-bomyo.kvugl,0.25972545577311773,0
1759278685,153885,1,N/A,N/A,N/A,N/A,N/A,N/A,N/A,N/A,1953267712,1930625024,38133760,N/A,135168,170467328,14,discern-network,S (sleeping),client-compromised.bnsdq.ozxfs.vcwss-bomyo.kvugl,0.5056893366970607,0
1759278685,183,1,N/A,N/A,N/A,N/A,N/A,N/A,N/A,N/A,160686080,122888192,43958272,4096,135168,30134272,1,systemd-journal,S (sleeping),client-compromised.bnsdq.ozxfs.vcwss-bomyo.kvugl,0.21047201302207733,0
1759278685,153646,1,N/A,N/A,N/A,N/A,N/A,N/A,N/A,N/A,1647706112,1580597248,22335488,N/A,135168,82202624,5,discern-interfa,S (sleeping),client-compromised.bnsdq.ozxfs.vcwss-bomyo.kvugl,0.004811912842993875,0
1759278685,153650,1,N/A,N/A,N/A,N/A,N/A,N/A,N/A,N/A,1264619520,1264619520,15114240,N/A,135168,45826048,4,discern-proc-so,R (running),client-compromised.bnsdq.ozxfs.vcwss-bomyo.kvugl,2.482945874017995,0
1759278690,341,1,103,103,103,103,109,109,109,109,107515904,107515904,101335040,N/A,135168,99786752,1,dbus-daemon,S (sleeping),client-compromised.bnsdq.ozxfs.vcwss-bomyo.kvugl,0.2598920205788562,0
1759278690,153885,1,N/A,N/A,N/A,N/A,N/A,N/A,N/A,N/A,1953267712,1930625024,38133760,N/A,135168,170467328,14,discern-network,S (sleeping),client-compromised.bnsdq.ozxfs.vcwss-bomyo.kvugl,0.5076609072993307,0
1759278690,183,1,N/A,N/A,N/A,N/A,N/A,N/A,N/A,N/A,160686080,122888192,43958272,4096,135168,30134272,1,systemd-journal,S (sleeping),client-compromised.bnsdq.ozxfs.vcwss-bomyo.kvugl,0.210563690046024,0
1759278690,153646,1,N/A,N/A,N/A,N/A,N/A,N/A,N/A,N/A,1647706112,1580597248,22335488,N/A,135168,82202624,5,discern-interfa,S (sleeping),client-compromised.bnsdq.ozxfs.vcwss-bomyo.kvugl,0.004695229806122396,0
1759278690,153650,1,N/A,N/A,N/A,N/A,N/A,N/A,N/A,N/A,1264619520,1264619520,15114240,N/A,135168,45826048,4,discern-proc-so,S (sleeping),client-compromised.bnsdq.ozxfs.vcwss-bomyo.kvugl,2.493165737730273,0
1759278696,341,1,103,103,103,103,109,109,109,109,107515904,107515904,101335040,N/A,135168,99786752,1,dbus-daemon,S (sleeping),client-compromised.bnsdq.ozxfs.vcwss-bomyo.kvugl,0.2600530391591821,0
1759278696,153885,1,N/A,N/A,N/A,N/A,N/A,N/A,N/A,N/A,1953267712,1930625024,38133760,N/A,135168,170467328,14,discern-network,S (sleeping),client-compromised.bnsdq.ozxfs.vcwss-bomyo.kvugl,0.5090134375195885,0
1759278696,183,1,N/A,N/A,N/A,N/A,N/A,N/A,N/A,N/A,160686080,122888192,43958272,4096,135168,30134272,1,systemd-journal,S (sleeping),client-compromised.bnsdq.ozxfs.vcwss-bomyo.kvugl,0.21055056377368542,0
1759278696,153646,1,N/A,N/A,N/A,N/A,N/A,N/A,N/A,N/A,1647706112,1580597248,22335488,N/A,135168,82202624,5,discern-interfa,S (sleeping),client-compromised.bnsdq.ozxfs.vcwss-bomyo.kvugl,0.0045797522994545726,0
1759278696,156581,1,N/A,N/A,N/A,N/A,N/A,N/A,N/A,N/A,1264619520,1264619520,16478208,N/A,135168,45826048,4,discern-proc-so,R (running),client-compromised.bnsdq.ozxfs.vcwss-bomyo.kvugl,8.87236277907239,0
1759278701,341,1,103,103,103,103,109,109,109,109,107515904,107515904,101335040,N/A,135168,99786752,1,dbus-daemon,S (sleeping),client-compromised.bnsdq.ozxfs.vcwss-bomyo.kvugl,0.2602195647053239,0
1759278701,153885,1,N/A,N/A,N/A,N/A,N/A,N/A,N/A,N/A,1953267712,1930625024,38625280,N/A,135168,170467328,14,discern-network,S (sleeping),client-compromised.bnsdq.ozxfs.vcwss-bomyo.kvugl,0.510831114541809,0
1759278701,183,1,N/A,N/A,N/A,N/A,N/A,N/A,N/A,N/A,160686080,122888192,43958272,4096,135168,30134272,1,systemd-journal,S (sleeping),client-compromised.bnsdq.ozxfs.vcwss-bomyo.kvugl,0.2107426581350129,0
1759278701,153646,1,N/A,N/A,N/A,N/A,N/A,N/A,N/A,N/A,1647706112,1580597248,22335488,N/A,135168,82202624,5,discern-interfa,S (sleeping),client-compromised.bnsdq.ozxfs.vcwss-bomyo.kvugl,0.004474169451837482,0
1759278701,156581,1,N/A,N/A,N/A,N/A,N/A,N/A,N/A,N/A,1264619520,1264619520,17129472,N/A,135168,45826048,4,discern-proc-so,S (sleeping),client-compromised.bnsdq.ozxfs.vcwss-bomyo.kvugl,3.996763628645232,0
1759278706,341,1,103,103,103,103,109,109,109,109,107515904,107515904,101335040,N/A,135168,99786752,1,dbus-daemon,S (sleeping),client-compromised.bnsdq.ozxfs.vcwss-bomyo.kvugl,0.2603837848756274,0
1759278706,156707,1,N/A,N/A,N/A,N/A,N/A,N/A,N/A,N/A,1399205888,1399205888,109113344,N/A,135168,188833792,4,discern-file-so,R (running),client-compromised.bnsdq.ozxfs.vcwss-bomyo.kvugl,70.06284004046746,0
1759278706,153885,1,N/A,N/A,N/A,N/A,N/A,N/A,N/A,N/A,1953267712,1930625024,38625280,N/A,135168,170467328,14,discern-network,S (sleeping),client-compromised.bnsdq.ozxfs.vcwss-bomyo.kvugl,0.5076628387843839,0
1759278706,183,1,N/A,N/A,N/A,N/A,N/A,N/A,N/A,N/A,160686080,122888192,43958272,4096,135168,30134272,1,systemd-journal,S (sleeping),client-compromised.bnsdq.ozxfs.vcwss-bomyo.kvugl,0.2107323150391569,0
1759278706,156581,1,N/A,N/A,N/A,N/A,N/A,N/A,N/A,N/A,1264619520,1264619520,17129472,N/A,135168,45826048,4,discern-proc-so,S (sleeping),client-compromised.bnsdq.ozxfs.vcwss-bomyo.kvugl,3.236831009002976,0
1759278711,341,1,103,103,103,103,109,109,109,109,107515904,107515904,101335040,N/A,135168,99786752,1,dbus-daemon,S (sleeping),client-compromised.bnsdq.ozxfs.vcwss-bomyo.kvugl,0.2604477617495184,0
1759278711,153885,1,N/A,N/A,N/A,N/A,N/A,N/A,N/A,N/A,1953267712,1930625024,38625280,N/A,135168,170467328,14,discern-network,S (sleeping),client-compromised.bnsdq.ozxfs.vcwss-bomyo.kvugl,0.5046595401909285,0
1759278711,156854,1,N/A,N/A,N/A,N/A,N/A,N/A,N/A,N/A,1647706112,1580597248,21172224,N/A,135168,82202624,5,discern-interfa,S (sleeping),client-compromised.bnsdq.ozxfs.vcwss-bomyo.kvugl,1.0157233507462782,0
1759278711,156707,1,N/A,N/A,N/A,N/A,N/A,N/A,N/A,N/A,1399468032,1399468032,109113344,N/A,135168,189095936,4,discern-file-so,R (running),client-compromised.bnsdq.ozxfs.vcwss-bomyo.kvugl,81.38829061855387,0
1759278711,183,1,N/A,N/A,N/A,N/A,N/A,N/A,N/A,N/A,160686080,122888192,43958272,4096,135168,30134272,1,systemd-journal,S (sleeping),client-compromised.bnsdq.ozxfs.vcwss-bomyo.kvugl,0.21092247945449852,0
1759278717,341,1,103,103,103,103,109,109,109,109,107515904,107515904,101335040,N/A,135168,99786752,1,dbus-daemon,S (sleeping),client-compromised.bnsdq.ozxfs.vcwss-bomyo.kvugl,0.2604081888357722,0
1759278717,153885,1,N/A,N/A,N/A,N/A,N/A,N/A,N/A,N/A,1953267712,1930625024,38625280,N/A,135168,170467328,14,discern-network,S (sleeping),client-compromised.bnsdq.ozxfs.vcwss-bomyo.kvugl,0.5059877656580776,0
1759278717,156707,1,N/A,N/A,N/A,N/A,N/A,N/A,N/A,N/A,1533825024,1533825024,201768960,N/A,135168,277315584,4,discern-file-so,S (sleeping),client-compromised.bnsdq.ozxfs.vcwss-bomyo.kvugl,79.01620414887677,0
1759278717,156854,1,N/A,N/A,N/A,N/A,N/A,N/A,N/A,N/A,1647706112,1580597248,21172224,N/A,135168,82202624,5,discern-interfa,S (sleeping),client-compromised.bnsdq.ozxfs.vcwss-bomyo.kvugl,0.272988047339008,0
1759278717,183,1,N/A,N/A,N/A,N/A,N/A,N/A,N/A,N/A,160686080,122888192,43958272,4096,135168,30134272,1,systemd-journal,S (sleeping),client-compromised.bnsdq.ozxfs.vcwss-bomyo.kvugl,0.21100961569134605,0
1759278722,341,1,103,103,103,103,109,109,109,109,107515904,107515904,101335040,N/A,135168,99786752,1,dbus-daemon,S (sleeping),client-compromised.bnsdq.ozxfs.vcwss-bomyo.kvugl,0.26037138632484125,0
1759278722,156707,1,N/A,N/A,N/A,N/A,N/A,N/A,N/A,N/A,1533825024,1533825024,201768960,N/A,135168,277315584,4,discern-file-so,R (running),client-compromised.bnsdq.ozxfs.vcwss-bomyo.kvugl,76.4159302523445,0
1759278722,153885,1,N/A,N/A,N/A,N/A,N/A,N/A,N/A,N/A,1953267712,1930625024,38625280,N/A,135168,170467328,14,discern-network,S (sleeping),client-compromised.bnsdq.ozxfs.vcwss-bomyo.kvugl,0.49873743387738695,0
1759278722,156854,1,N/A,N/A,N/A,N/A,N/A,N/A,N/A,N/A,1647706112,1580597248,21172224,N/A,135168,82202624,5,discern-interfa,S (sleeping),client-compromised.bnsdq.ozxfs.vcwss-bomyo.kvugl,0.15901669597540627,0
1759278722,183,1,N/A,N/A,N/A,N/A,N/A,N/A,N/A,N/A,160686080,122888192,43958272,4096,135168,30134272,1,systemd-journal,S (sleeping),client-compromised.bnsdq.ozxfs.vcwss-bomyo.kvugl,0.21099881528706987,0
1759278727,156707,1,N/A,N/A,N/A,N/A,N/A,N/A,N/A,N/A,1534545920,1534545920,201768960,N/A,135168,278036480,4,discern-file-so,D (disk sleep),client-compromised.bnsdq.ozxfs.vcwss-bomyo.kvugl,77.23380100111375,0
1759278727,341,1,103,103,103,103,109,109,109,109,107515904,107515904,101335040,N/A,135168,99786752,1,dbus-daemon,S (sleeping),client-compromised.bnsdq.ozxfs.vcwss-bomyo.kvugl,0.26033246545204164,0
1759278727,153885,1,N/A,N/A,N/A,N/A,N/A,N/A,N/A,N/A,1953267712,1930625024,38625280,N/A,135168,170467328,14,discern-network,S (sleeping),client-compromised.bnsdq.ozxfs.vcwss-bomyo.kvugl,0.4959131699135361,0
1759278727,183,1,N/A,N/A,N/A,N/A,N/A,N/A,N/A,N/A,160686080,122888192,43958272,4096,135168,30134272,1,systemd-journal,S (sleeping),client-compromised.bnsdq.ozxfs.vcwss-bomyo.kvugl,0.21108628614683275,0
1759278727,156854,1,N/A,N/A,N/A,N/A,N/A,N/A,N/A,N/A,1647706112,1580597248,21172224,N/A,135168,82202624,5,discern-interfa,S (sleeping),client-compromised.bnsdq.ozxfs.vcwss-bomyo.kvugl,0.11165335583220508,0
1759278733,156707,1,N/A,N/A,N/A,N/A,N/A,N/A,N/A,N/A,1534545920,1534545920,201768960,N/A,135168,278036480,4,discern-file-so,S (sleeping),client-compromised.bnsdq.ozxfs.vcwss-bomyo.kvugl,74.63903196915427,0
1759278733,341,1,103,103,103,103,109,109,109,109,107515904,107515904,101335040,N/A,135168,99786752,1,dbus-daemon,S (sleeping),client-compromised.bnsdq.ozxfs.vcwss-bomyo.kvugl,0.2603941208364864,0
1759278733,153885,1,N/A,N/A,N/A,N/A,N/A,N/A,N/A,N/A,1953267712,1930625024,38625280,N/A,135168,170467328,14,discern-network,S (sleeping),client-compromised.bnsdq.ozxfs.vcwss-bomyo.kvugl,0.4890771178913433,0
1759278733,183,1,N/A,N/A,N/A,N/A,N/A,N/A,N/A,N/A,160686080,122888192,43958272,4096,135168,30134272,1,systemd-journal,S (sleeping),client-compromised.bnsdq.ozxfs.vcwss-bomyo.kvugl,0.21117410563576755,0
1759278733,156581,1,N/A,N/A,N/A,N/A,N/A,N/A,N/A,N/A,1264619520,1264619520,17129472,N/A,135168,45826048,4,discern-proc-so,R (running),client-compromised.bnsdq.ozxfs.vcwss-bomyo.kvugl,2.7467973476568828,0
1759278738,341,1,103,103,103,103,109,109,109,109,107515904,107515904,101335040,N/A,135168,99786752,1,dbus-daemon,S (sleeping),client-compromised.bnsdq.ozxfs.vcwss-bomyo.kvugl,0.2602561430890889,0
1759278738,156707,1,N/A,N/A,N/A,N/A,N/A,N/A,N/A,N/A,1534545920,1534545920,226082816,N/A,135168,278036480,4,discern-file-so,R (running),client-compromised.bnsdq.ozxfs.vcwss-bomyo.kvugl,74.84278188388659,0
1759278738,153885,1,N/A,N/A,N/A,N/A,N/A,N/A,N/A,N/A,1953267712,1930625024,38625280,N/A,135168,170467328,14,discern-network,S (sleeping),client-compromised.bnsdq.ozxfs.vcwss-bomyo.kvugl,0.4866516286818215,0
1759278738,156581,1,N/A,N/A,N/A,N/A,N/A,N/A,N/A,N/A,1264619520,1264619520,17129472,N/A,135168,45826048,4,discern-proc-so,R (running),client-compromised.bnsdq.ozxfs.vcwss-bomyo.kvugl,2.7338417706957037,0
1759278738,183,1,N/A,N/A,N/A,N/A,N/A,N/A,N/A,N/A,160686080,122888192,43958272,4096,135168,30134272,1,systemd-journal,S (sleeping),client-compromised.bnsdq.ozxfs.vcwss-bomyo.kvugl,0.2110622039120948,0
1759278743,341,1,103,103,103,103,109,109,109,109,107515904,107515904,101335040,N/A,135168,99786752,1,dbus-daemon,S (sleeping),client-compromised.bnsdq.ozxfs.vcwss-bomyo.kvugl,0.26032135452674443,0
1759278743,153885,1,N/A,N/A,N/A,N/A,N/A,N/A,N/A,N/A,1953267712,1930625024,38625280,N/A,135168,170467328,14,discern-network,S (sleeping),client-compromised.bnsdq.ozxfs.vcwss-bomyo.kvugl,0.48457372961860257,0
1759278743,183,1,N/A,N/A,N/A,N/A,N/A,N/A,N/A,N/A,160686080,122888192,43958272,4096,135168,30134272,1,systemd-journal,S (sleeping),client-compromised.bnsdq.ozxfs.vcwss-bomyo.kvugl,0.21115286451165646,0
1759278743,156581,1,N/A,N/A,N/A,N/A,N/A,N/A,N/A,N/A,1264619520,1264619520,17129472,N/A,135168,45826048,4,discern-proc-so,R (running),client-compromised.bnsdq.ozxfs.vcwss-bomyo.kvugl,2.7513028673486213,0
1759278743,156854,1,N/A,N/A,N/A,N/A,N/A,N/A,N/A,N/A,1647706112,1580597248,21172224,N/A,135168,82202624,5,discern-interfa,S (sleeping),client-compromised.bnsdq.ozxfs.vcwss-bomyo.kvugl,0.059339622861270376,0
1759278748,341,1,103,103,103,103,109,109,109,109,107515904,107515904,101335040,N/A,135168,99786752,1,dbus-daemon,S (sleeping),client-compromised.bnsdq.ozxfs.vcwss-bomyo.kvugl,0.26038731285220823,0
1759278748,153885,1,N/A,N/A,N/A,N/A,N/A,N/A,N/A,N/A,1953267712,1930625024,38625280,N/A,135168,170467328,14,discern-network,S (sleeping),client-compromised.bnsdq.ozxfs.vcwss-bomyo.kvugl,0.48656249893064896,0
1759278748,183,1,N/A,N/A,N/A,N/A,N/A,N/A,N/A,N/A,160686080,122888192,43958272,4096,135168,30134272,1,systemd-journal,S (sleeping),client-compromised.bnsdq.ozxfs.vcwss-bomyo.kvugl,0.21114423960406165,0
1759278748,156581,1,N/A,N/A,N/A,N/A,N/A,N/A,N/A,N/A,1264619520,1264619520,17129472,N/A,135168,45826048,4,discern-proc-so,R (running),client-compromised.bnsdq.ozxfs.vcwss-bomyo.kvugl,2.748408086395264,0
1759278748,156854,1,N/A,N/A,N/A,N/A,N/A,N/A,N/A,N/A,1647706112,1580597248,21172224,N/A,135168,82202624,5,discern-interfa,S (sleeping),client-compromised.bnsdq.ozxfs.vcwss-bomyo.kvugl,0.05148075988976058,0
1759278754,341,1,103,103,103,103,109,109,109,109,107515904,107515904,101335040,N/A,135168,99786752,1,dbus-daemon,S (sleeping),client-compromised.bnsdq.ozxfs.vcwss-bomyo.kvugl,0.2603525792892584,0
1759278754,153885,1,N/A,N/A,N/A,N/A,N/A,N/A,N/A,N/A,1953267712,1930625024,38625280,N/A,135168,170467328,14,discern-network,S (sleeping),client-compromised.bnsdq.ozxfs.vcwss-bomyo.kvugl,0.4807207112192349,0
1759278754,183,1,N/A,N/A,N/A,N/A,N/A,N/A,N/A,N/A,160686080,122888192,43958272,4096,135168,30134272,1,systemd-journal,S (sleeping),client-compromised.bnsdq.ozxfs.vcwss-bomyo.kvugl,0.21113494650847037,0
1759278754,156581,1,N/A,N/A,N/A,N/A,N/A,N/A,N/A,N/A,1264619520,1264619520,17129472,N/A,135168,45826048,4,discern-proc-so,R (running),client-compromised.bnsdq.ozxfs.vcwss-bomyo.kvugl,2.795356094761718,0
1759278754,156854,1,N/A,N/A,N/A,N/A,N/A,N/A,N/A,N/A,1647706112,1580597248,21172224,N/A,135168,82202624,5,discern-interfa,S (sleeping),client-compromised.bnsdq.ozxfs.vcwss-bomyo.kvugl,0.045427111002166114,0
1759278759,341,1,103,103,103,103,109,109,109,109,107515904,107515904,101335040,N/A,135168,99786752,1,dbus-daemon,S (sleeping),client-compromised.bnsdq.ozxfs.vcwss-bomyo.kvugl,0.2604187546503896,0
1759278759,153885,1,N/A,N/A,N/A,N/A,N/A,N/A,N/A,N/A,1953267712,1930625024,38625280,N/A,135168,170467328,14,discern-network,S (sleeping),client-compromised.bnsdq.ozxfs.vcwss-bomyo.kvugl,0.4827279303092945,0
1759278759,183,1,N/A,N/A,N/A,N/A,N/A,N/A,N/A,N/A,160686080,122888192,43958272,4096,135168,30134272,1,systemd-journal,S (sleeping),client-compromised.bnsdq.ozxfs.vcwss-bomyo.kvugl,0.2112263131736415,0
1759278759,156581,1,N/A,N/A,N/A,N/A,N/A,N/A,N/A,N/A,1264619520,1264619520,17129472,N/A,135168,45826048,4,discern-proc-so,S (sleeping),client-compromised.bnsdq.ozxfs.vcwss-bomyo.kvugl,2.7431456857590133,0
1759278759,156854,1,N/A,N/A,N/A,N/A,N/A,N/A,N/A,N/A,1647706112,1580597248,21172224,N/A,135168,82202624,5,discern-interfa,S (sleeping),client-compromised.bnsdq.ozxfs.vcwss-bomyo.kvugl,0.04068346523631911,0
1759278764,341,1,103,103,103,103,109,109,109,109,107515904,107515904,101335040,N/A,135168,99786752,1,dbus-daemon,S (sleeping),client-compromised.bnsdq.ozxfs.vcwss-bomyo.kvugl,0.26038399724341915,0
1759278764,153885,1,N/A,N/A,N/A,N/A,N/A,N/A,N/A,N/A,1953267712,1930625024,38625280,N/A,135168,170467328,14,discern-network,S (sleeping),client-compromised.bnsdq.ozxfs.vcwss-bomyo.kvugl,0.48087853960262805,0
1759278764,183,1,N/A,N/A,N/A,N/A,N/A,N/A,N/A,N/A,160686080,122888192,43958272,4096,135168,30134272,1,systemd-journal,S (sleeping),client-compromised.bnsdq.ozxfs.vcwss-bomyo.kvugl,0.21121695331875096,0
1759278764,156581,1,N/A,N/A,N/A,N/A,N/A,N/A,N/A,N/A,1264619520,1264619520,17129472,N/A,135168,45826048,4,discern-proc-so,S (sleeping),client-compromised.bnsdq.ozxfs.vcwss-bomyo.kvugl,2.7834374289959625,0
1759278764,156854,1,N/A,N/A,N/A,N/A,N/A,N/A,N/A,N/A,1647706112,1580597248,21172224,N/A,135168,82202624,5,discern-interfa,S (sleeping),client-compromised.bnsdq.ozxfs.vcwss-bomyo.kvugl,0.036806101715778,0
1759278769,341,1,103,103,103,103,109,109,109,109,107515904,107515904,101335040,N/A,135168,99786752,1,dbus-daemon,S (sleeping),client-compromised.bnsdq.ozxfs.vcwss-bomyo.kvugl,0.2603501271326926,0
1759278769,153885,1,N/A,N/A,N/A,N/A,N/A,N/A,N/A,N/A,1953267712,1930625024,38625280,N/A,135168,170467328,14,discern-network,S (sleeping),client-compromised.bnsdq.ozxfs.vcwss-bomyo.kvugl,0.48641566719887547,0
1759278769,183,1,N/A,N/A,N/A,N/A,N/A,N/A,N/A,N/A,160686080,122888192,43958272,4096,135168,30134272,1,systemd-journal,S (sleeping),client-compromised.bnsdq.ozxfs.vcwss-bomyo.kvugl,0.21110866656752258,0
1759278769,156581,1,N/A,N/A,N/A,N/A,N/A,N/A,N/A,N/A,1264619520,1264619520,17129472,N/A,135168,45826048,4,discern-proc-so,S (sleeping),client-compromised.bnsdq.ozxfs.vcwss-bomyo.kvugl,2.7522413442099505,0
1759278769,156854,1,N/A,N/A,N/A,N/A,N/A,N/A,N/A,N/A,1647706112,1580597248,21172224,N/A,135168,82202624,5,discern-interfa,S (sleeping),client-compromised.bnsdq.ozxfs.vcwss-bomyo.kvugl,0.033621978248023904,0
1759278774,341,1,103,103,103,103,109,109,109,109,107515904,107515904,101335040,N/A,135168,99786752,1,dbus-daemon,S (sleeping),client-compromised.bnsdq.ozxfs.vcwss-bomyo.kvugl,0.2603153683895798,0
1759278774,153885,1,N/A,N/A,N/A,N/A,N/A,N/A,N/A,N/A,1953267712,1930625024,38625280,N/A,135168,170467328,14,discern-network,S (sleeping),client-compromised.bnsdq.ozxfs.vcwss-bomyo.kvugl,0.48456144060142514,0
1759278774,183,1,N/A,N/A,N/A,N/A,N/A,N/A,N/A,N/A,160686080,122888192,43958272,4096,135168,30134272,1,systemd-journal,S (sleeping),client-compromised.bnsdq.ozxfs.vcwss-bomyo.kvugl,0.21109931798226023,0
1759278774,156581,1,N/A,N/A,N/A,N/A,N/A,N/A,N/A,N/A,1264619520,1264619520,17129472,N/A,135168,45826048,4,discern-proc-so,R (running),client-compromised.bnsdq.ozxfs.vcwss-bomyo.kvugl,2.7740684238166406,0
1759278774,156854,1,N/A,N/A,N/A,N/A,N/A,N/A,N/A,N/A,1647706112,1580597248,21172224,N/A,135168,82202624,5,discern-interfa,S (sleeping),client-compromised.bnsdq.ozxfs.vcwss-bomyo.kvugl,0.030927923139054157,0
1759278779,341,1,103,103,103,103,109,109,109,109,107515904,107515904,101335040,N/A,135168,99786752,1,dbus-daemon,S (sleeping),client-compromised.bnsdq.ozxfs.vcwss-bomyo.kvugl,0.26048022560330847,0
1759278779,153885,1,N/A,N/A,N/A,N/A,N/A,N/A,N/A,N/A,1953267712,1930625024,38625280,N/A,135168,170467328,14,discern-network,S (sleeping),client-compromised.bnsdq.ozxfs.vcwss-bomyo.kvugl,0.4863064280865884,0
1759278779,183,1,N/A,N/A,N/A,N/A,N/A,N/A,N/A,N/A,160686080,122888192,43958272,4096,135168,30134272,1,systemd-journal,S (sleeping),client-compromised.bnsdq.ozxfs.vcwss-bomyo.kvugl,0.2111899185395673,0
1759278779,156581,1,N/A,N/A,N/A,N/A,N/A,N/A,N/A,N/A,1264619520,1264619520,17129472,N/A,135168,45826048,4,discern-proc-so,S (sleeping),client-compromised.bnsdq.ozxfs.vcwss-bomyo.kvugl,2.770304885490277,0
1759278779,156854,1,N/A,N/A,N/A,N/A,N/A,N/A,N/A,N/A,1647706112,1580597248,21172224,N/A,135168,82202624,5,discern-interfa,S (sleeping),client-compromised.bnsdq.ozxfs.vcwss-bomyo.kvugl,0.028641679937166348,0
1759278784,341,1,103,103,103,103,109,109,109,109,107515904,107515904,101335040,N/A,135168,99786752,1,dbus-daemon,S (sleeping),client-compromised.bnsdq.ozxfs.vcwss-bomyo.kvugl,0.26034673440478356,0
1759278784,153885,1,N/A,N/A,N/A,N/A,N/A,N/A,N/A,N/A,1953267712,1930625024,38625280,N/A,135168,170467328,14,discern-network,S (sleeping),client-compromised.bnsdq.ozxfs.vcwss-bomyo.kvugl,0.48457029460572354,0
1759278784,183,1,N/A,N/A,N/A,N/A,N/A,N/A,N/A,N/A,160686080,122888192,43958272,4096,135168,30134272,1,systemd-journal,S (sleeping),client-compromised.bnsdq.ozxfs.vcwss-bomyo.kvugl,0.2111811716462676,0
1759278784,156581,1,N/A,N/A,N/A,N/A,N/A,N/A,N/A,N/A,1264619520,1264619520,17129472,N/A,135168,45826048,4,discern-proc-so,S (sleeping),client-compromised.bnsdq.ozxfs.vcwss-bomyo.kvugl,2.7561789425658025,0
1759278784,156854,1,N/A,N/A,N/A,N/A,N/A,N/A,N/A,N/A,1647706112,1580597248,21172224,N/A,135168,82202624,5,discern-interfa,S (sleeping),client-compromised.bnsdq.ozxfs.vcwss-bomyo.kvugl,0.026673873519442688,0
1759278790,341,1,103,103,103,103,109,109,109,109,107515904,107515904,101335040,N/A,135168,99786752,1,dbus-daemon,S (sleeping),client-compromised.bnsdq.ozxfs.vcwss-bomyo.kvugl,0.2604121851166348,0
1759278790,153885,1,N/A,N/A,N/A,N/A,N/A,N/A,N/A,N/A,1953267712,1930625024,38625280,N/A,135168,170467328,14,discern-network,S (sleeping),client-compromised.bnsdq.ozxfs.vcwss-bomyo.kvugl,0.4828908223528583,0
1759278790,183,1,N/A,N/A,N/A,N/A,N/A,N/A,N/A,N/A,160686080,122888192,43958272,4096,135168,30134272,1,systemd-journal,S (sleeping),client-compromised.bnsdq.ozxfs.vcwss-bomyo.kvugl,0.2110729633854385,0
1759278790,156581,1,N/A,N/A,N/A,N/A,N/A,N/A,N/A,N/A,1264619520,1264619520,17129472,N/A,135168,45826048,4,discern-proc-so,S (sleeping),client-compromised.bnsdq.ozxfs.vcwss-bomyo.kvugl,2.7435160036331596,0
1759278790,156854,1,N/A,N/A,N/A,N/A,N/A,N/A,N/A,N/A,1647706112,1580597248,21172224,N/A,135168,82202624,5,discern-interfa,S (sleeping),client-compromised.bnsdq.ozxfs.vcwss-bomyo.kvugl,0.024958352455866625,0
1759278795,341,1,103,103,103,103,109,109,109,109,107515904,107515904,101335040,N/A,135168,99786752,1,dbus-daemon,S (sleeping),client-compromised.bnsdq.ozxfs.vcwss-bomyo.kvugl,0.2604770614108892,0
1759278795,153885,1,N/A,N/A,N/A,N/A,N/A,N/A,N/A,N/A,1953267712,1930625024,38625280,N/A,135168,170467328,14,discern-network,S (sleeping),client-compromised.bnsdq.ozxfs.vcwss-bomyo.kvugl,0.4845564194607097,0
1759278795,183,1,N/A,N/A,N/A,N/A,N/A,N/A,N/A,N/A,160686080,122888192,43958272,4096,135168,30134272,1,systemd-journal,S (sleeping),client-compromised.bnsdq.ozxfs.vcwss-bomyo.kvugl,0.2111631957825703,0
1759278795,156581,1,N/A,N/A,N/A,N/A,N/A,N/A,N/A,N/A,1264619520,1264619520,17129472,N/A,135168,45826048,4,discern-proc-so,R (running),client-compromised.bnsdq.ozxfs.vcwss-bomyo.kvugl,2.75155839823582,0
1759278795,156854,1,N/A,N/A,N/A,N/A,N/A,N/A,N/A,N/A,1647706112,1580597248,21172224,N/A,135168,82202624,5,discern-interfa,S (sleeping),client-compromised.bnsdq.ozxfs.vcwss-bomyo.kvugl,0.023444762853627343,0
1759278800,341,1,103,103,103,103,109,109,109,109,107515904,107515904,101335040,N/A,135168,99786752,1,dbus-daemon,S (sleeping),client-compromised.bnsdq.ozxfs.vcwss-bomyo.kvugl,0.2604431230832269,0
1759278800,153885,1,N/A,N/A,N/A,N/A,N/A,N/A,N/A,N/A,1953267712,1930625024,38625280,N/A,135168,170467328,14,discern-network,S (sleeping),client-compromised.bnsdq.ozxfs.vcwss-bomyo.kvugl,0.48293824994596596,0
1759278800,183,1,N/A,N/A,N/A,N/A,N/A,N/A,N/A,N/A,160686080,122888192,43958272,4096,135168,30134272,1,systemd-journal,S (sleeping),client-compromised.bnsdq.ozxfs.vcwss-bomyo.kvugl,0.21115448890686211,0
1759278800,156581,1,N/A,N/A,N/A,N/A,N/A,N/A,N/A,N/A,1264619520,1264619520,17129472,N/A,135168,45826048,4,discern-proc-so,S (sleeping),client-compromised.bnsdq.ozxfs.vcwss-bomyo.kvugl,2.740437358657969,0
1759278800,156854,1,N/A,N/A,N/A,N/A,N/A,N/A,N/A,N/A,1647706112,1580597248,21172224,N/A,135168,82202624,5,discern-interfa,S (sleeping),client-compromised.bnsdq.ozxfs.vcwss-bomyo.kvugl,0.022109775711485306,0
1759278805,341,1,103,103,103,103,109,109,109,109,107515904,107515904,101335040,N/A,135168,99786752,1,dbus-daemon,S (sleeping),client-compromised.bnsdq.ozxfs.vcwss-bomyo.kvugl,0.2604084895881735,0
1759278805,153885,1,N/A,N/A,N/A,N/A,N/A,N/A,N/A,N/A,1953267712,1930625024,38625280,N/A,135168,170467328,14,discern-network,S (sleeping),client-compromised.bnsdq.ozxfs.vcwss-bomyo.kvugl,0.48453900638914976,0
1759278805,183,1,N/A,N/A,N/A,N/A,N/A,N/A,N/A,N/A,160686080,122888192,43958272,4096,135168,30134272,1,systemd-journal,S (sleeping),client-compromised.bnsdq.ozxfs.vcwss-bomyo.kvugl,0.21114520004327705,0
1759278805,156581,1,N/A,N/A,N/A,N/A,N/A,N/A,N/A,N/A,1264619520,1264619520,17129472,N/A,135168,45826048,4,discern-proc-so,R (running),client-compromised.bnsdq.ozxfs.vcwss-bomyo.kvugl,2.756771797631376,0
1759278805,156854,1,N/A,N/A,N/A,N/A,N/A,N/A,N/A,N/A,1647706112,1580597248,21172224,N/A,135168,82202624,5,discern-interfa,S (sleeping),client-compromised.bnsdq.ozxfs.vcwss-bomyo.kvugl,0.02091246096424749,0
1759278810,341,1,103,103,103,103,109,109,109,109,107515904,107515904,101335040,N/A,135168,99786752,1,dbus-daemon,S (sleeping),client-compromised.bnsdq.ozxfs.vcwss-bomyo.kvugl,0.2604737258021958,0
1759278810,153885,1,N/A,N/A,N/A,N/A,N/A,N/A,N/A,N/A,1953267712,1930625024,38625280,N/A,135168,170467328,14,discern-network,S (sleeping),client-compromised.bnsdq.ozxfs.vcwss-bomyo.kvugl,0.48296676882207973,0
1759278810,183,1,N/A,N/A,N/A,N/A,N/A,N/A,N/A,N/A,160686080,122888192,43958272,4096,135168,30134272,1,systemd-journal,S (sleeping),client-compromised.bnsdq.ozxfs.vcwss-bomyo.kvugl,0.21123563061794226,0
1759278810,156854,1,N/A,N/A,N/A,N/A,N/A,N/A,N/A,N/A,1647706112,1580597248,21172224,N/A,135168,82202624,5,discern-interfa,S (sleeping),client-compromised.bnsdq.ozxfs.vcwss-bomyo.kvugl,0.01984281149642197,0
1759278810,156581,1,N/A,N/A,N/A,N/A,N/A,N/A,N/A,N/A,1264619520,1264619520,17129472,N/A,135168,45826048,4,discern-proc-so,R (running),client-compromised.bnsdq.ozxfs.vcwss-bomyo.kvugl,2.746297549058706,0
1759278815,341,1,103,103,103,103,109,109,109,109,107515904,107515904,101335040,N/A,135168,99786752,1,dbus-daemon,S (sleeping),client-compromised.bnsdq.ozxfs.vcwss-bomyo.kvugl,0.2605389254124596,0
1759278815,153885,1,N/A,N/A,N/A,N/A,N/A,N/A,N/A,N/A,1953267712,1930625024,38625280,N/A,135168,170467328,14,discern-network,S (sleeping),client-compromised.bnsdq.ozxfs.vcwss-bomyo.kvugl,0.4845526546849628,0
1759278815,183,1,N/A,N/A,N/A,N/A,N/A,N/A,N/A,N/A,160686080,122888192,43958272,4096,135168,30134272,1,systemd-journal,S (sleeping),client-compromised.bnsdq.ozxfs.vcwss-bomyo.kvugl,0.21122682382502636,0
1759278815,156854,1,N/A,N/A,N/A,N/A,N/A,N/A,N/A,N/A,1647706112,1580597248,21172224,N/A,135168,82202624,5,discern-interfa,S (sleeping),client-compromised.bnsdq.ozxfs.vcwss-bomyo.kvugl,0.0188774249701447,0
1759278815,156581,1,N/A,N/A,N/A,N/A,N/A,N/A,N/A,N/A,1264619520,1264619520,17129472,N/A,135168,45826048,4,discern-proc-so,S (sleeping),client-compromised.bnsdq.ozxfs.vcwss-bomyo.kvugl,2.7450081932947503,0
1759278821,341,1,103,103,103,103,109,109,109,109,107515904,107515904,101335040,N/A,135168,99786752,1,dbus-daemon,S (sleeping),client-compromised.bnsdq.ozxfs.vcwss-bomyo.kvugl,0.2605050247877539,0
1759278821,153885,1,N/A,N/A,N/A,N/A,N/A,N/A,N/A,N/A,1953267712,1930625024,38625280,N/A,135168,170467328,14,discern-network,S (sleeping),client-compromised.bnsdq.ozxfs.vcwss-bomyo.kvugl,0.4860939531989705,0
1759278821,183,1,N/A,N/A,N/A,N/A,N/A,N/A,N/A,N/A,160686080,122888192,43958272,4096,135168,30134272,1,systemd-journal,S (sleeping),client-compromised.bnsdq.ozxfs.vcwss-bomyo.kvugl,0.21111898538890447,0
1759278821,156854,1,N/A,N/A,N/A,N/A,N/A,N/A,N/A,N/A,1647706112,1580597248,21172224,N/A,135168,82202624,5,discern-interfa,S (sleeping),client-compromised.bnsdq.ozxfs.vcwss-bomyo.kvugl,0.01800221046108879,0
1759278821,156581,1,N/A,N/A,N/A,N/A,N/A,N/A,N/A,N/A,1264619520,1264619520,17129472,N/A,135168,45826048,4,discern-proc-so,S (sleeping),client-compromised.bnsdq.ozxfs.vcwss-bomyo.kvugl,2.7359767251527733,0
1759278826,341,1,103,103,103,103,109,109,109,109,107515904,107515904,101335040,N/A,135168,99786752,1,dbus-daemon,S (sleeping),client-compromised.bnsdq.ozxfs.vcwss-bomyo.kvugl,0.26057013675918533,0
1759278826,153885,1,N/A,N/A,N/A,N/A,N/A,N/A,N/A,N/A,1953267712,1930625024,38625280,N/A,135168,170467328,14,discern-network,S (sleeping),client-compromised.bnsdq.ozxfs.vcwss-bomyo.kvugl,0.48457209896005043,0
1759278826,183,1,N/A,N/A,N/A,N/A,N/A,N/A,N/A,N/A,160686080,122888192,43958272,4096,135168,30134272,1,systemd-journal,S (sleeping),client-compromised.bnsdq.ozxfs.vcwss-bomyo.kvugl,0.2111102437710897,0
1759278826,156854,1,N/A,N/A,N/A,N/A,N/A,N/A,N/A,N/A,1647706112,1580597248,21172224,N/A,135168,82202624,5,discern-interfa,S (sleeping),client-compromised.bnsdq.ozxfs.vcwss-bomyo.kvugl,0.017203991120025276,0
1759278826,156581,1,N/A,N/A,N/A,N/A,N/A,N/A,N/A,N/A,1264619520,1264619520,17129472,N/A,135168,45826048,4,discern-proc-so,R (running),client-compromised.bnsdq.ozxfs.vcwss-bomyo.kvugl,2.7275734780021916,0
1759278831,341,1,103,103,103,103,109,109,109,109,107515904,107515904,101335040,N/A,135168,99786752,1,dbus-daemon,S (sleeping),client-compromised.bnsdq.ozxfs.vcwss-bomyo.kvugl,0.26053544213462976,0
1759278831,153885,1,N/A,N/A,N/A,N/A,N/A,N/A,N/A,N/A,1953267712,1930625024,38625280,N/A,135168,170467328,14,discern-network,S (sleeping),client-compromised.bnsdq.ozxfs.vcwss-bomyo.kvugl,0.4830570848196455,0
1759278831,183,1,N/A,N/A,N/A,N/A,N/A,N/A,N/A,N/A,160686080,122888192,43958272,4096,135168,30134272,1,systemd-journal,S (sleeping),client-compromised.bnsdq.ozxfs.vcwss-bomyo.kvugl,0.2111999466040985,0
1759278831,156854,1,N/A,N/A,N/A,N/A,N/A,N/A,N/A,N/A,1647706112,1580597248,21172224,N/A,135168,82202624,5,discern-interfa,S (sleeping),client-compromised.bnsdq.ozxfs.vcwss-bomyo.kvugl,0.016469784774941258,0
1759278831,156581,1,N/A,N/A,N/A,N/A,N/A,N/A,N/A,N/A,1264619520,1264619520,17129472,N/A,135168,45826048,4,discern-proc-so,S (sleeping),client-compromised.bnsdq.ozxfs.vcwss-bomyo.kvugl,2.741240010379384,0
1759278836,341,1,103,103,103,103,109,109,109,109,107515904,107515904,101335040,N/A,135168,99786752,1,dbus-daemon,S (sleeping),client-compromised.bnsdq.ozxfs.vcwss-bomyo.kvugl,0.26050156228248694,0
1759278836,153885,1,N/A,N/A,N/A,N/A,N/A,N/A,N/A,N/A,1953267712,1930625024,38625280,N/A,135168,170467328,14,discern-network,S (sleeping),client-compromised.bnsdq.ozxfs.vcwss-bomyo.kvugl,0.48163039688324694,0
1759278836,183,1,N/A,N/A,N/A,N/A,N/A,N/A,N/A,N/A,160686080,122888192,43958272,4096,135168,30134272,1,systemd-journal,S (sleeping),client-compromised.bnsdq.ozxfs.vcwss-bomyo.kvugl,0.21119122596252812,0
1759278836,156854,1,N/A,N/A,N/A,N/A,N/A,N/A,N/A,N/A,1647706112,1580597248,21172224,N/A,135168,82202624,5,discern-interfa,S (sleeping),client-compromised.bnsdq.ozxfs.vcwss-bomyo.kvugl,0.0157994673013054,0
1759278836,156581,1,N/A,N/A,N/A,N/A,N/A,N/A,N/A,N/A,1264619520,1264619520,17129472,N/A,135168,45826048,4,discern-proc-so,R (running),client-compromised.bnsdq.ozxfs.vcwss-bomyo.kvugl,2.7262458740768754,0
1759278841,341,1,103,103,103,103,109,109,109,109,107515904,107515904,101335040,N/A,135168,99786752,1,dbus-daemon,S (sleeping),client-compromised.bnsdq.ozxfs.vcwss-bomyo.kvugl,0.26056613594248634,0
1759278841,153885,1,N/A,N/A,N/A,N/A,N/A,N/A,N/A,N/A,1953267712,1930625024,38625280,N/A,135168,170467328,14,discern-network,S (sleeping),client-compromised.bnsdq.ozxfs.vcwss-bomyo.kvugl,0.48021890465470424,0
1759278841,183,1,N/A,N/A,N/A,N/A,N/A,N/A,N/A,N/A,160686080,122888192,43958272,4096,135168,30134272,1,systemd-journal,S (sleeping),client-compromised.bnsdq.ozxfs.vcwss-bomyo.kvugl,0.21108318789566377,0
1759278841,156854,1,N/A,N/A,N/A,N/A,N/A,N/A,N/A,N/A,1647706112,1580597248,21172224,N/A,135168,82202624,5,discern-interfa,S (sleeping),client-compromised.bnsdq.ozxfs.vcwss-bomyo.kvugl,0.015179301085356619,0
1759278841,156581,1,N/A,N/A,N/A,N/A,N/A,N/A,N/A,N/A,1264619520,1264619520,17129472,N/A,135168,45826048,4,discern-proc-so,R (running),client-compromised.bnsdq.ozxfs.vcwss-bomyo.kvugl,2.739192939287774,0
1759278846,341,1,103,103,103,103,109,109,109,109,107515904,107515904,101335040,N/A,135168,99786752,1,dbus-daemon,S (sleeping),client-compromised.bnsdq.ozxfs.vcwss-bomyo.kvugl,0.26053217084536556,0
1759278846,153885,1,N/A,N/A,N/A,N/A,N/A,N/A,N/A,N/A,1953267712,1930625024,38625280,N/A,135168,170467328,14,discern-network,S (sleeping),client-compromised.bnsdq.ozxfs.vcwss-bomyo.kvugl,0.4817034505225756,0
1759278846,183,1,N/A,N/A,N/A,N/A,N/A,N/A,N/A,N/A,160686080,122888192,43958272,4096,135168,30134272,1,systemd-journal,S (sleeping),client-compromised.bnsdq.ozxfs.vcwss-bomyo.kvugl,0.21107445072212716,0
1759278846,156854,1,N/A,N/A,N/A,N/A,N/A,N/A,N/A,N/A,1647706112,1580597248,21172224,N/A,135168,82202624,5,discern-interfa,S (sleeping),client-compromised.bnsdq.ozxfs.vcwss-bomyo.kvugl,0.014607654906915589,0
1759278846,156581,1,N/A,N/A,N/A,N/A,N/A,N/A,N/A,N/A,1264619520,1264619520,17129472,N/A,135168,45826048,4,discern-proc-so,S (sleeping),client-compromised.bnsdq.ozxfs.vcwss-bomyo.kvugl,2.731797637185612,0
1759278852,341,1,103,103,103,103,109,109,109,109,107515904,107515904,101335040,N/A,135168,99786752,1,dbus-daemon,S (sleeping),client-compromised.bnsdq.ozxfs.vcwss-bomyo.kvugl,0.2605965423885989,0
1759278852,153885,1,N/A,N/A,N/A,N/A,N/A,N/A,N/A,N/A,1953267712,1930625024,38625280,N/A,135168,170467328,14,discern-network,S (sleeping),client-compromised.bnsdq.ozxfs.vcwss-bomyo.kvugl,0.4831179381774506,0
1759278852,183,1,N/A,N/A,N/A,N/A,N/A,N/A,N/A,N/A,160686080,122888192,43958272,4096,135168,30134272,1,systemd-journal,S (sleeping),client-compromised.bnsdq.ozxfs.vcwss-bomyo.kvugl,0.2110653017638802,0
1759278852,156854,1,N/A,N/A,N/A,N/A,N/A,N/A,N/A,N/A,1647706112,1580597248,21172224,N/A,135168,82202624,5,discern-interfa,S (sleeping),client-compromised.bnsdq.ozxfs.vcwss-bomyo.kvugl,0.014075506232602517,0
1759278852,156581,1,N/A,N/A,N/A,N/A,N/A,N/A,N/A,N/A,1264619520,1264619520,17129472,N/A,135168,45826048,4,discern-proc-so,S (sleeping),client-compromised.bnsdq.ozxfs.vcwss-bomyo.kvugl,2.743634072501612,0
1759278857,341,1,103,103,103,103,109,109,109,109,107515904,107515904,101335040,N/A,135168,99786752,1,dbus-daemon,S (sleeping),client-compromised.bnsdq.ozxfs.vcwss-bomyo.kvugl,0.26056297694085473,0
1759278857,153885,1,N/A,N/A,N/A,N/A,N/A,N/A,N/A,N/A,1953267712,1930625024,38625280,N/A,135168,170467328,14,discern-network,S (sleeping),client-compromised.bnsdq.ozxfs.vcwss-bomyo.kvugl,0.4817857652988735,0
1759278857,183,1,N/A,N/A,N/A,N/A,N/A,N/A,N/A,N/A,160686080,122888192,43958272,4096,135168,30134272,1,systemd-journal,S (sleeping),client-compromised.bnsdq.ozxfs.vcwss-bomyo.kvugl,0.2110568906700823,0
1759278857,156854,1,N/A,N/A,N/A,N/A,N/A,N/A,N/A,N/A,1647706112,1580597248,21172224,N/A,135168,82202624,5,discern-interfa,S (sleeping),client-compromised.bnsdq.ozxfs.vcwss-bomyo.kvugl,0.013583987483437254,0
1759278857,156581,1,N/A,N/A,N/A,N/A,N/A,N/A,N/A,N/A,1264619520,1264619520,17129472,N/A,135168,45826048,4,discern-proc-so,R (running),client-compromised.bnsdq.ozxfs.vcwss-bomyo.kvugl,2.73065285726568,0
1759278862,341,1,103,103,103,103,109,109,109,109,107515904,107515904,101335040,N/A,135168,99786752,1,dbus-daemon,S (sleeping),client-compromised.bnsdq.ozxfs.vcwss-bomyo.kvugl,0.2606279029121195,0
1759278862,153885,1,N/A,N/A,N/A,N/A,N/A,N/A,N/A,N/A,1953267712,1930625024,38625280,N/A,135168,170467328,14,discern-network,S (sleeping),client-compromised.bnsdq.ozxfs.vcwss-bomyo.kvugl,0.4831918757989964,0
1759278862,183,1,N/A,N/A,N/A,N/A,N/A,N/A,N/A,N/A,160686080,122888192,43958272,4096,135168,30134272,1,systemd-journal,S (sleeping),client-compromised.bnsdq.ozxfs.vcwss-bomyo.kvugl,0.2110482730188487,0
1759278862,156854,1,N/A,N/A,N/A,N/A,N/A,N/A,N/A,N/A,1647706112,1580597248,21172224,N/A,135168,82202624,5,discern-interfa,S (sleeping),client-compromised.bnsdq.ozxfs.vcwss-bomyo.kvugl,0.013124741332409446,0
1759278862,156581,1,N/A,N/A,N/A,N/A,N/A,N/A,N/A,N/A,1264619520,1264619520,17129472,N/A,135168,45826048,4,discern-proc-so,S (sleeping),client-compromised.bnsdq.ozxfs.vcwss-bomyo.kvugl,2.730247936992223,0
1759278867,341,1,103,103,103,103,109,109,109,109,107515904,107515904,101335040,N/A,135168,99786752,1,dbus-daemon,S (sleeping),client-compromised.bnsdq.ozxfs.vcwss-bomyo.kvugl,0.26059407889163577,0
1759278867,153885,1,N/A,N/A,N/A,N/A,N/A,N/A,N/A,N/A,1953267712,1930625024,38625280,N/A,135168,170467328,14,discern-network,S (sleeping),client-compromised.bnsdq.ozxfs.vcwss-bomyo.kvugl,0.4818814885065094,0
1759278867,183,1,N/A,N/A,N/A,N/A,N/A,N/A,N/A,N/A,160686080,122888192,43958272,4096,135168,30134272,1,systemd-journal,S (sleeping),client-compromised.bnsdq.ozxfs.vcwss-bomyo.kvugl,0.2110396536062033,0
1759278867,156854,1,N/A,N/A,N/A,N/A,N/A,N/A,N/A,N/A,1647706112,1580597248,21172224,N/A,135168,82202624,5,discern-interfa,S (sleeping),client-compromised.bnsdq.ozxfs.vcwss-bomyo.kvugl,0.012695504705682549,0
1759278867,156581,1,N/A,N/A,N/A,N/A,N/A,N/A,N/A,N/A,1264619520,1264619520,17129472,N/A,135168,45826048,4,discern-proc-so,R (running),client-compromised.bnsdq.ozxfs.vcwss-bomyo.kvugl,2.72406632094512,0
1759278872,341,1,103,103,103,103,109,109,109,109,107515904,107515904,101335040,N/A,135168,99786752,1,dbus-daemon,S (sleeping),client-compromised.bnsdq.ozxfs.vcwss-bomyo.kvugl,0.26065883157783093,0
1759278872,153885,1,N/A,N/A,N/A,N/A,N/A,N/A,N/A,N/A,1953267712,1930625024,38625280,N/A,135168,170467328,14,discern-network,S (sleeping),client-compromised.bnsdq.ozxfs.vcwss-bomyo.kvugl,0.48060283192724174,0
1759278872,183,1,N/A,N/A,N/A,N/A,N/A,N/A,N/A,N/A,160686080,122888192,43958272,4096,135168,30134272,1,systemd-journal,S (sleeping),client-compromised.bnsdq.ozxfs.vcwss-bomyo.kvugl,0.21103097974120422,0
1759278872,156854,1,N/A,N/A,N/A,N/A,N/A,N/A,N/A,N/A,1647706112,1580597248,21172224,N/A,135168,82202624,5,discern-interfa,S (sleeping),client-compromised.bnsdq.ozxfs.vcwss-bomyo.kvugl,0.01229321281498801,0
1759278872,156581,1,N/A,N/A,N/A,N/A,N/A,N/A,N/A,N/A,1264619520,1264619520,17129472,N/A,135168,45826048,4,discern-proc-so,S (sleeping),client-compromised.bnsdq.ozxfs.vcwss-bomyo.kvugl,2.7294490727684324,0
1759278877,341,1,103,103,103,103,109,109,109,109,107515904,107515904,101335040,N/A,135168,99786752,1,dbus-daemon,S (sleeping),client-compromised.bnsdq.ozxfs.vcwss-bomyo.kvugl,0.2607228563207503,0
1759278877,153885,1,N/A,N/A,N/A,N/A,N/A,N/A,N/A,N/A,1953267712,1930625024,38625280,N/A,135168,170467328,14,discern-network,S (sleeping),client-compromised.bnsdq.ozxfs.vcwss-bomyo.kvugl,0.4845363937150863,0
1759278877,183,1,N/A,N/A,N/A,N/A,N/A,N/A,N/A,N/A,160686080,122888192,43958272,4096,135168,30134272,1,systemd-journal,S (sleeping),client-compromised.bnsdq.ozxfs.vcwss-bomyo.kvugl,0.21102177891283802,0
1759278877,156854,1,N/A,N/A,N/A,N/A,N/A,N/A,N/A,N/A,1647706112,1580597248,21172224,N/A,135168,82202624,5,discern-interfa,S (sleeping),client-compromised.bnsdq.ozxfs.vcwss-bomyo.kvugl,0.01191381436336644,0
1759278877,156581,1,N/A,N/A,N/A,N/A,N/A,N/A,N/A,N/A,1264619520,1264619520,17129472,N/A,135168,45826048,4,discern-proc-so,R (running),client-compromised.bnsdq.ozxfs.vcwss-bomyo.kvugl,2.7396143366624055,0
1759278882,341,1,103,103,103,103,109,109,109,109,107515904,107515904,101335040,N/A,135168,99786752,1,dbus-daemon,S (sleeping),client-compromised.bnsdq.ozxfs.vcwss-bomyo.kvugl,0.2606896688710266,0
1759278883,153885,1,N/A,N/A,N/A,N/A,N/A,N/A,N/A,N/A,1953267712,1930625024,38625280,N/A,135168,170467328,14,discern-network,S (sleeping),client-compromised.bnsdq.ozxfs.vcwss-bomyo.kvugl,0.4858617205355711,0
1759278883,183,1,N/A,N/A,N/A,N/A,N/A,N/A,N/A,N/A,160686080,122888192,43958272,4096,135168,30134272,1,systemd-journal,S (sleeping),client-compromised.bnsdq.ozxfs.vcwss-bomyo.kvugl,0.21101370016679297,0
1759278883,156854,1,N/A,N/A,N/A,N/A,N/A,N/A,N/A,N/A,1647706112,1580597248,21172224,N/A,135168,82202624,5,discern-interfa,S (sleeping),client-compromised.bnsdq.ozxfs.vcwss-bomyo.kvugl,0.011560709582834639,0
1759278883,156581,1,N/A,N/A,N/A,N/A,N/A,N/A,N/A,N/A,1264619520,1264619520,17129472,N/A,135168,45826048,4,discern-proc-so,R (running),client-compromised.bnsdq.ozxfs.vcwss-bomyo.kvugl,2.723406309042743,0
1759278888,341,1,103,103,103,103,109,109,109,109,107515904,107515904,101335040,N/A,135168,99786752,1,dbus-daemon,S (sleeping),client-compromised.bnsdq.ozxfs.vcwss-bomyo.kvugl,0.2606553283377638,0
1759278888,153885,1,N/A,N/A,N/A,N/A,N/A,N/A,N/A,N/A,1953267712,1930625024,38625280,N/A,135168,170467328,14,discern-network,S (sleeping),client-compromised.bnsdq.ozxfs.vcwss-bomyo.kvugl,0.4820214959642994,0
1759278888,183,1,N/A,N/A,N/A,N/A,N/A,N/A,N/A,N/A,160686080,122888192,43958272,4096,135168,30134272,1,systemd-journal,S (sleeping),client-compromised.bnsdq.ozxfs.vcwss-bomyo.kvugl,0.21100466813264696,0
1759278888,156854,1,N/A,N/A,N/A,N/A,N/A,N/A,N/A,N/A,1647706112,1580597248,21172224,N/A,135168,82202624,5,discern-interfa,S (sleeping),client-compromised.bnsdq.ozxfs.vcwss-bomyo.kvugl,0.011225007776095653,0
1759278888,156581,1,N/A,N/A,N/A,N/A,N/A,N/A,N/A,N/A,1264619520,1264619520,17129472,N/A,135168,45826048,4,discern-proc-so,S (sleeping),client-compromised.bnsdq.ozxfs.vcwss-bomyo.kvugl,2.728114610575128,0
1759278893,341,1,103,103,103,103,109,109,109,109,107515904,107515904,101335040,N/A,135168,99786752,1,dbus-daemon,S (sleeping),client-compromised.bnsdq.ozxfs.vcwss-bomyo.kvugl,0.26071994941004595,0
1759278893,153885,1,N/A,N/A,N/A,N/A,N/A,N/A,N/A,N/A,1953267712,1930625024,38625280,N/A,135168,170467328,14,discern-network,S (sleeping),client-compromised.bnsdq.ozxfs.vcwss-bomyo.kvugl,0.4833127532482021,0
1759278893,183,1,N/A,N/A,N/A,N/A,N/A,N/A,N/A,N/A,160686080,122888192,43958272,4096,135168,30134272,1,systemd-journal,S (sleeping),client-compromised.bnsdq.ozxfs.vcwss-bomyo.kvugl,0.21089764205899122,0
1759278893,156854,1,N/A,N/A,N/A,N/A,N/A,N/A,N/A,N/A,1647706112,1580597248,21172224,N/A,135168,82202624,5,discern-interfa,S (sleeping),client-compromised.bnsdq.ozxfs.vcwss-bomyo.kvugl,0.010909435107877846,0
1759278893,156581,1,N/A,N/A,N/A,N/A,N/A,N/A,N/A,N/A,1264619520,1264619520,17129472,N/A,135168,45826048,4,discern-proc-so,R (running),client-compromised.bnsdq.ozxfs.vcwss-bomyo.kvugl,2.7278092566513323,0
1759278898,341,1,103,103,103,103,109,109,109,109,107515904,107515904,101335040,N/A,135168,99786752,1,dbus-daemon,S (sleeping),client-compromised.bnsdq.ozxfs.vcwss-bomyo.kvugl,0.2607838571447325,0
1759278898,153885,1,N/A,N/A,N/A,N/A,N/A,N/A,N/A,N/A,1953267712,1930625024,38625280,N/A,135168,170467328,14,discern-network,S (sleeping),client-compromised.bnsdq.ozxfs.vcwss-bomyo.kvugl,0.48206873690379204,0
1759278898,183,1,N/A,N/A,N/A,N/A,N/A,N/A,N/A,N/A,160686080,122888192,43958272,4096,135168,30134272,1,systemd-journal,S (sleeping),client-compromised.bnsdq.ozxfs.vcwss-bomyo.kvugl,0.2108885633483782,0
1759278898,156854,1,N/A,N/A,N/A,N/A,N/A,N/A,N/A,N/A,1647706112,1580597248,21172224,N/A,135168,82202624,5,discern-interfa,S (sleeping),client-compromised.bnsdq.ozxfs.vcwss-bomyo.kvugl,0.010609694463218647,0
1759278898,156581,1,N/A,N/A,N/A,N/A,N/A,N/A,N/A,N/A,1264619520,1264619520,17129472,N/A,135168,45826048,4,discern-proc-so,S (sleeping),client-compromised.bnsdq.ozxfs.vcwss-bomyo.kvugl,2.732093452139154,0
1759278902,340,1,103,103,103,103,109,109,109,109,83681280,83681280,78184448,N/A,135168,75952128,1,dbus-daemon,S (sleeping),client-compromised.bnsdq.ozxfs.vcwss-bomyo.kvugl,0.29966248119478356,1
1759278902,179,1,N/A,N/A,N/A,N/A,N/A,N/A,N/A,N/A,101969920,101969920,43786240,4096,135168,21749760,1,systemd-journal,S (sleeping),client-compromised.bnsdq.ozxfs.vcwss-bomyo.kvugl,0.19933213189672827,1
1759278902,3292,1,N/A,N/A,N/A,N/A,N/A,N/A,N/A,N/A,1953800192,1922494464,40435712,N/A,135168,170729472,13,discern-network,S (sleeping),client-compromised.bnsdq.ozxfs.vcwss-bomyo.kvugl,0.5780302270354394,1
1759278902,36417,1,N/A,N/A,N/A,N/A,N/A,N/A,N/A,N/A,1264357376,1264357376,16834560,N/A,135168,45563904,4,discern-proc-so,R (running),client-compromised.bnsdq.ozxfs.vcwss-bomyo.kvugl,3.2599804374441916,1
1759278902,3931,1,N/A,N/A,N/A,N/A,N/A,N/A,N/A,N/A,1647706112,1580597248,26558464,N/A,135168,82202624,5,discern-interfa,S (sleeping),client-compromised.bnsdq.ozxfs.vcwss-bomyo.kvugl,0.0017245999594057938,1
1759278903,341,1,103,103,103,103,109,109,109,109,107515904,107515904,101335040,N/A,135168,99786752,1,dbus-daemon,S (sleeping),client-compromised.bnsdq.ozxfs.vcwss-bomyo.kvugl,0.26075002281598597,0
1759278903,153885,1,N/A,N/A,N/A,N/A,N/A,N/A,N/A,N/A,1953267712,1930625024,38625280,N/A,135168,170467328,14,discern-network,S (sleeping),client-compromised.bnsdq.ozxfs.vcwss-bomyo.kvugl,0.48332643128872743,0
1759278903,183,1,N/A,N/A,N/A,N/A,N/A,N/A,N/A,N/A,160686080,122888192,43958272,4096,135168,30134272,1,systemd-journal,S (sleeping),client-compromised.bnsdq.ozxfs.vcwss-bomyo.kvugl,0.21088000938052778,0
1759278903,156854,1,N/A,N/A,N/A,N/A,N/A,N/A,N/A,N/A,1647706112,1580597248,21172224,N/A,135168,82202624,5,discern-interfa,S (sleeping),client-compromised.bnsdq.ozxfs.vcwss-bomyo.kvugl,0.010327309532402391,0
1759278903,156581,1,N/A,N/A,N/A,N/A,N/A,N/A,N/A,N/A,1264619520,1264619520,17129472,N/A,135168,45826048,4,discern-proc-so,R (running),client-compromised.bnsdq.ozxfs.vcwss-bomyo.kvugl,2.73169832090259,0
1759278907,340,1,103,103,103,103,109,109,109,109,83816448,83816448,78454784,N/A,135168,76087296,1,dbus-daemon,S (sleeping),client-compromised.bnsdq.ozxfs.vcwss-bomyo.kvugl,0.29989311291283327,1
1759278907,179,1,N/A,N/A,N/A,N/A,N/A,N/A,N/A,N/A,101969920,101969920,43786240,4096,135168,21749760,1,systemd-journal,S (sleeping),client-compromised.bnsdq.ozxfs.vcwss-bomyo.kvugl,0.19931705271032232,1
1759278907,3292,1,N/A,N/A,N/A,N/A,N/A,N/A,N/A,N/A,1953800192,1922494464,40435712,N/A,135168,170729472,13,discern-network,S (sleeping),client-compromised.bnsdq.ozxfs.vcwss-bomyo.kvugl,0.5774754897957486,1
1759278907,36417,1,N/A,N/A,N/A,N/A,N/A,N/A,N/A,N/A,1264619520,1264619520,17166336,N/A,135168,45826048,4,discern-proc-so,S (sleeping),client-compromised.bnsdq.ozxfs.vcwss-bomyo.kvugl,2.53773709213515,1
1759278907,3931,1,N/A,N/A,N/A,N/A,N/A,N/A,N/A,N/A,1647706112,1580597248,26558464,N/A,135168,82202624,5,discern-interfa,S (sleeping),client-compromised.bnsdq.ozxfs.vcwss-bomyo.kvugl,0.0017194943312511823,1
1759278908,341,1,103,103,103,103,109,109,109,109,107515904,107515904,101335040,N/A,135168,99786752,1,dbus-daemon,S (sleeping),client-compromised.bnsdq.ozxfs.vcwss-bomyo.kvugl,0.2608144980429393,0
1759278908,153885,1,N/A,N/A,N/A,N/A,N/A,N/A,N/A,N/A,1953267712,1930625024,38625280,N/A,135168,170467328,14,discern-network,S (sleeping),client-compromised.bnsdq.ozxfs.vcwss-bomyo.kvugl,0.482142884169807,0
1759278908,183,1,N/A,N/A,N/A,N/A,N/A,N/A,N/A,N/A,160686080,122888192,43958272,4096,135168,30134272,1,systemd-journal,S (sleeping),client-compromised.bnsdq.ozxfs.vcwss-bomyo.kvugl,0.21087147802957407,0
1759278908,156854,1,N/A,N/A,N/A,N/A,N/A,N/A,N/A,N/A,1647706112,1580597248,21172224,N/A,135168,82202624,5,discern-interfa,S (sleeping),client-compromised.bnsdq.ozxfs.vcwss-bomyo.kvugl,0.010059602882764314,0
1759278908,156581,1,N/A,N/A,N/A,N/A,N/A,N/A,N/A,N/A,1264619520,1264619520,17129472,N/A,135168,45826048,4,discern-proc-so,S (sleeping),client-compromised.bnsdq.ozxfs.vcwss-bomyo.kvugl,2.7266547696772183,0
1759278912,340,1,103,103,103,103,109,109,109,109,84086784,84086784,78454784,N/A,135168,76357632,1,dbus-daemon,S (sleeping),client-compromised.bnsdq.ozxfs.vcwss-bomyo.kvugl,0.3001256208558793,1
1759278912,179,1,N/A,N/A,N/A,N/A,N/A,N/A,N/A,N/A,101969920,101969920,43872256,4096,135168,21749760,1,systemd-journal,S (sleeping),client-compromised.bnsdq.ozxfs.vcwss-bomyo.kvugl,0.19930410321637765,1
1759278912,3292,1,N/A,N/A,N/A,N/A,N/A,N/A,N/A,N/A,1953800192,1922494464,40435712,N/A,135168,170729472,13,discern-network,S (sleeping),client-compromised.bnsdq.ozxfs.vcwss-bomyo.kvugl,0.5769305140224569,1
1759278912,36417,1,N/A,N/A,N/A,N/A,N/A,N/A,N/A,N/A,1264619520,1264619520,17219584,N/A,135168,45826048,4,discern-proc-so,S (sleeping),client-compromised.bnsdq.ozxfs.vcwss-bomyo.kvugl,2.4485403077150636,1
1759278912,3931,1,N/A,N/A,N/A,N/A,N/A,N/A,N/A,N/A,1647706112,1580597248,26558464,N/A,135168,82202624,5,discern-interfa,S (sleeping),client-compromised.bnsdq.ozxfs.vcwss-bomyo.kvugl,0.0017144386584865233,1
1759278913,341,1,103,103,103,103,109,109,109,109,107515904,107515904,101335040,N/A,135168,99786752,1,dbus-daemon,S (sleeping),client-compromised.bnsdq.ozxfs.vcwss-bomyo.kvugl,0.2608784589487894,0
1759278913,153885,1,N/A,N/A,N/A,N/A,N/A,N/A,N/A,N/A,1953267712,1930625024,38625280,N/A,135168,170467328,14,discern-network,S (sleeping),client-compromised.bnsdq.ozxfs.vcwss-bomyo.kvugl,0.48334900084031435,0
1759278913,183,1,N/A,N/A,N/A,N/A,N/A,N/A,N/A,N/A,160686080,122888192,43958272,4096,135168,30134272,1,systemd-journal,S (sleeping),client-compromised.bnsdq.ozxfs.vcwss-bomyo.kvugl,0.2108625850831272,0
1759278913,156854,1,N/A,N/A,N/A,N/A,N/A,N/A,N/A,N/A,1647706112,1580597248,21172224,N/A,135168,82202624,5,discern-interfa,S (sleeping),client-compromised.bnsdq.ozxfs.vcwss-bomyo.kvugl,0.00980456271387921,0
1759278913,156581,1,N/A,N/A,N/A,N/A,N/A,N/A,N/A,N/A,1264619520,1264619520,17129472,N/A,135168,45826048,4,discern-proc-so,S (sleeping),client-compromised.bnsdq.ozxfs.vcwss-bomyo.kvugl,2.735324923887157,0
1759278918,340,1,103,103,103,103,109,109,109,109,84221952,84221952,78725120,N/A,135168,76492800,1,dbus-daemon,S (sleeping),client-compromised.bnsdq.ozxfs.vcwss-bomyo.kvugl,0.2998468780045482,1
1759278918,179,1,N/A,N/A,N/A,N/A,N/A,N/A,N/A,N/A,101969920,101969920,43954176,4096,135168,21749760,1,systemd-journal,S (sleeping),client-compromised.bnsdq.ozxfs.vcwss-bomyo.kvugl,0.19928944215421568,1
1759278918,3292,1,N/A,N/A,N/A,N/A,N/A,N/A,N/A,N/A,1953800192,1922494464,40435712,N/A,135168,170729472,13,discern-network,S (sleeping),client-compromised.bnsdq.ozxfs.vcwss-bomyo.kvugl,0.576942570360703,1
1759278918,36417,1,N/A,N/A,N/A,N/A,N/A,N/A,N/A,N/A,1264619520,1264619520,17219584,N/A,135168,45826048,4,discern-proc-so,R (running),client-compromised.bnsdq.ozxfs.vcwss-bomyo.kvugl,2.4108581620910616,1
1759278918,3931,1,N/A,N/A,N/A,N/A,N/A,N/A,N/A,N/A,1647706112,1580597248,26558464,N/A,135168,82202624,5,discern-interfa,S (sleeping),client-compromised.bnsdq.ozxfs.vcwss-bomyo.kvugl,0.0017093953786758917,1
1759278919,341,1,103,103,103,103,109,109,109,109,107515904,107515904,101335040,N/A,135168,99786752,1,dbus-daemon,S (sleeping),client-compromised.bnsdq.ozxfs.vcwss-bomyo.kvugl,0.26084461042309787,0
1759278919,153885,1,N/A,N/A,N/A,N/A,N/A,N/A,N/A,N/A,1953267712,1930625024,38625280,N/A,135168,170467328,14,discern-network,S (sleeping),client-compromised.bnsdq.ozxfs.vcwss-bomyo.kvugl,0.48454492836203655,0
1759278919,183,1,N/A,N/A,N/A,N/A,N/A,N/A,N/A,N/A,160686080,122888192,43958272,4096,135168,30134272,1,systemd-journal,S (sleeping),client-compromised.bnsdq.ozxfs.vcwss-bomyo.kvugl,0.21085405046500416,0
1759278919,156854,1,N/A,N/A,N/A,N/A,N/A,N/A,N/A,N/A,1647706112,1580597248,21172224,N/A,135168,82202624,5,discern-interfa,S (sleeping),client-compromised.bnsdq.ozxfs.vcwss-bomyo.kvugl,0.009562908925321564,0
1759278919,156581,1,N/A,N/A,N/A,N/A,N/A,N/A,N/A,N/A,1264619520,1264619520,17129472,N/A,135168,45826048,4,discern-proc-so,R (running),client-compromised.bnsdq.ozxfs.vcwss-bomyo.kvugl,2.730418280027184,0
1759278923,340,1,103,103,103,103,109,109,109,109,84357120,84357120,78995456,N/A,135168,76627968,1,dbus-daemon,S (sleeping),client-compromised.bnsdq.ozxfs.vcwss-bomyo.kvugl,0.3000783514192738,1
1759278923,179,1,N/A,N/A,N/A,N/A,N/A,N/A,N/A,N/A,101969920,101969920,44019712,4096,135168,21749760,1,systemd-journal,S (sleeping),client-compromised.bnsdq.ozxfs.vcwss-bomyo.kvugl,0.19877089028605366,1
1759278923,3292,1,N/A,N/A,N/A,N/A,N/A,N/A,N/A,N/A,1953800192,1922494464,40435712,N/A,135168,170729472,13,discern-network,S (sleeping),client-compromised.bnsdq.ozxfs.vcwss-bomyo.kvugl,0.576402392633836,1
1759278923,36417,1,N/A,N/A,N/A,N/A,N/A,N/A,N/A,N/A,1264619520,1264619520,17219584,N/A,135168,45826048,4,discern-proc-so,S (sleeping),client-compromised.bnsdq.ozxfs.vcwss-bomyo.kvugl,2.3475352577265016,1
1759278923,3931,1,N/A,N/A,N/A,N/A,N/A,N/A,N/A,N/A,1647706112,1580597248,26558464,N/A,135168,82202624,5,discern-interfa,S (sleeping),client-compromised.bnsdq.ozxfs.vcwss-bomyo.kvugl,0.0017043992235639478,1
1759278924,341,1,103,103,103,103,109,109,109,109,107515904,107515904,101335040,N/A,135168,99786752,1,dbus-daemon,S (sleeping),client-compromised.bnsdq.ozxfs.vcwss-bomyo.kvugl,0.2608100981697143,0
1759278924,153885,1,N/A,N/A,N/A,N/A,N/A,N/A,N/A,N/A,1953267712,1930625024,38625280,N/A,135168,170467328,14,discern-network,S (sleeping),client-compromised.bnsdq.ozxfs.vcwss-bomyo.kvugl,0.4833575129910159,0
1759278924,183,1,N/A,N/A,N/A,N/A,N/A,N/A,N/A,N/A,160686080,122888192,43958272,4096,135168,30134272,1,systemd-journal,S (sleeping),client-compromised.bnsdq.ozxfs.vcwss-bomyo.kvugl,0.21094306820429712,0
1759278924,156854,1,N/A,N/A,N/A,N/A,N/A,N/A,N/A,N/A,1647706112,1580597248,21172224,N/A,135168,82202624,5,discern-interfa,S (sleeping),client-compromised.bnsdq.ozxfs.vcwss-bomyo.kvugl,0.009331681215369536,0
1759278924,156581,1,N/A,N/A,N/A,N/A,N/A,N/A,N/A,N/A,1264619520,1264619520,17129472,N/A,135168,45826048,4,discern-proc-so,S (sleeping),client-compromised.bnsdq.ozxfs.vcwss-bomyo.kvugl,2.7428470158338825,0
1759278928,340,1,103,103,103,103,109,109,109,109,84492288,84492288,78995456,N/A,135168,76763136,1,dbus-daemon,S (sleeping),client-compromised.bnsdq.ozxfs.vcwss-bomyo.kvugl,0.29980569799018947,1
1759278928,179,1,N/A,N/A,N/A,N/A,N/A,N/A,N/A,N/A,101969920,101969920,44032000,4096,135168,21749760,1,systemd-journal,S (sleeping),client-compromised.bnsdq.ozxfs.vcwss-bomyo.kvugl,0.19926515810367373,1
1759278928,3292,1,N/A,N/A,N/A,N/A,N/A,N/A,N/A,N/A,1953800192,1922494464,40435712,N/A,135168,170729472,13,discern-network,S (sleeping),client-compromised.bnsdq.ozxfs.vcwss-bomyo.kvugl,0.5764255022439495,1
1759278928,36417,1,N/A,N/A,N/A,N/A,N/A,N/A,N/A,N/A,1264619520,1264619520,17219584,N/A,135168,45826048,4,discern-proc-so,S (sleeping),client-compromised.bnsdq.ozxfs.vcwss-bomyo.kvugl,2.3090856255218157,1
1759278928,3931,1,N/A,N/A,N/A,N/A,N/A,N/A,N/A,N/A,1647706112,1580597248,26558464,N/A,135168,82202624,5,discern-interfa,S (sleeping),client-compromised.bnsdq.ozxfs.vcwss-bomyo.kvugl,0.001699443627061903,1
1759278929,341,1,103,103,103,103,109,109,109,109,107515904,107515904,101335040,N/A,135168,99786752,1,dbus-daemon,S (sleeping),client-compromised.bnsdq.ozxfs.vcwss-bomyo.kvugl,0.26077632537623197,0
1759278929,153885,1,N/A,N/A,N/A,N/A,N/A,N/A,N/A,N/A,1953267712,1930625024,38625280,N/A,135168,170467328,14,discern-network,S (sleeping),client-compromised.bnsdq.ozxfs.vcwss-bomyo.kvugl,0.4845252118828066,0
1759278929,183,1,N/A,N/A,N/A,N/A,N/A,N/A,N/A,N/A,160686080,122888192,43958272,4096,135168,30134272,1,systemd-journal,S (sleeping),client-compromised.bnsdq.ozxfs.vcwss-bomyo.kvugl,0.210934508417349,0
1759278929,156854,1,N/A,N/A,N/A,N/A,N/A,N/A,N/A,N/A,1647706112,1580597248,21172224,N/A,135168,82202624,5,discern-interfa,S (sleeping),client-compromised.bnsdq.ozxfs.vcwss-bomyo.kvugl,0.009112528420526,0
1759278929,156581,1,N/A,N/A,N/A,N/A,N/A,N/A,N/A,N/A,1264619520,1264619520,17129472,N/A,135168,45826048,4,discern-proc-so,S (sleeping),client-compromised.bnsdq.ozxfs.vcwss-bomyo.kvugl,2.74225980700029,0
1759278934,341,1,103,103,103,103,109,109,109,109,107515904,107515904,101335040,N/A,135168,99786752,1,dbus-daemon,S (sleeping),client-compromised.bnsdq.ozxfs.vcwss-bomyo.kvugl,0.2610366868508218,0
1759278934,153885,1,N/A,N/A,N/A,N/A,N/A,N/A,N/A,N/A,1953267712,1930625024,38625280,N/A,135168,170467328,14,discern-network,S (sleeping),client-compromised.bnsdq.ozxfs.vcwss-bomyo.kvugl,0.4856668408608824,0
1759278934,183,1,N/A,N/A,N/A,N/A,N/A,N/A,N/A,N/A,160686080,122888192,43958272,4096,135168,30134272,1,systemd-journal,S (sleeping),client-compromised.bnsdq.ozxfs.vcwss-bomyo.kvugl,0.21092597672346308,0
1759278934,156854,1,N/A,N/A,N/A,N/A,N/A,N/A,N/A,N/A,1647706112,1580597248,21172224,N/A,135168,82202624,5,discern-interfa,S (sleeping),client-compromised.bnsdq.ozxfs.vcwss-bomyo.kvugl,0.008903469183233802,0
1759278934,156581,1,N/A,N/A,N/A,N/A,N/A,N/A,N/A,N/A,1264619520,1264619520,17129472,N/A,135168,45826048,4,discern-proc-so,R (running),client-compromised.bnsdq.ozxfs.vcwss-bomyo.kvugl,2.733361848551735,0
1759278937,340,1,103,103,103,103,109,109,109,109,85168128,85168128,79806464,N/A,135168,77438976,1,dbus-daemon,S (sleeping),client-compromised.bnsdq.ozxfs.vcwss-bomyo.kvugl,0.3014042513801353,1
1759278937,179,1,N/A,N/A,N/A,N/A,N/A,N/A,N/A,N/A,101969920,101969920,44232704,4096,135168,21749760,1,systemd-journal,S (sleeping),client-compromised.bnsdq.ozxfs.vcwss-bomyo.kvugl,0.19983109364183305,1
1759278937,3292,1,N/A,N/A,N/A,N/A,N/A,N/A,N/A,N/A,1953800192,1922494464,40435712,N/A,135168,170729472,13,discern-network,S (sleeping),client-compromised.bnsdq.ozxfs.vcwss-bomyo.kvugl,0.5756408236235402,1
1759278937,36928,1,N/A,N/A,N/A,N/A,N/A,N/A,N/A,N/A,1264619520,1264619520,17223680,N/A,135168,45826048,3,discern-proc-so,R (running),client-compromised.bnsdq.ozxfs.vcwss-bomyo.kvugl,13.191767686169959,1
1759278937,3931,1,N/A,N/A,N/A,N/A,N/A,N/A,N/A,N/A,1647706112,1580597248,26558464,N/A,135168,82202624,5,discern-interfa,S (sleeping),client-compromised.bnsdq.ozxfs.vcwss-bomyo.kvugl,0.0016904433753005112,1
1759278939,341,1,103,103,103,103,109,109,109,109,107515904,107515904,101335040,N/A,135168,99786752,1,dbus-daemon,S (sleeping),client-compromised.bnsdq.ozxfs.vcwss-bomyo.kvugl,0.2610030197711089,0
1759278939,153885,1,N/A,N/A,N/A,N/A,N/A,N/A,N/A,N/A,1953267712,1930625024,38625280,N/A,135168,170467328,14,discern-network,S (sleeping),client-compromised.bnsdq.ozxfs.vcwss-bomyo.kvugl,0.48454550093412974,0
1759278939,183,1,N/A,N/A,N/A,N/A,N/A,N/A,N/A,N/A,160686080,131276800,43958272,4096,135168,30134272,1,systemd-journal,S (sleeping),client-compromised.bnsdq.ozxfs.vcwss-bomyo.kvugl,0.21091758117957785,0
1759278939,156854,1,N/A,N/A,N/A,N/A,N/A,N/A,N/A,N/A,1647706112,1580597248,21172224,N/A,135168,82202624,5,discern-interfa,S (sleeping),client-compromised.bnsdq.ozxfs.vcwss-bomyo.kvugl,0.008704021578464382,0
1759278939,156581,1,N/A,N/A,N/A,N/A,N/A,N/A,N/A,N/A,1264619520,1264619520,17129472,N/A,135168,45826048,4,discern-proc-so,S (sleeping),client-compromised.bnsdq.ozxfs.vcwss-bomyo.kvugl,2.7330778854006983,0
1759278942,340,1,103,103,103,103,109,109,109,109,85303296,85303296,79806464,N/A,135168,77574144,1,dbus-daemon,S (sleeping),client-compromised.bnsdq.ozxfs.vcwss-bomyo.kvugl,0.30213014577883107,1
1759278942,179,1,N/A,N/A,N/A,N/A,N/A,N/A,N/A,N/A,101969920,101969920,44249088,4096,135168,21749760,1,systemd-journal,S (sleeping),client-compromised.bnsdq.ozxfs.vcwss-bomyo.kvugl,0.19931603983233534,1
1759278942,3292,1,N/A,N/A,N/A,N/A,N/A,N/A,N/A,N/A,1953800192,1922494464,40435712,N/A,135168,170729472,13,discern-network,S (sleeping),client-compromised.bnsdq.ozxfs.vcwss-bomyo.kvugl,0.5762133613525757,1
1759278942,36928,1,N/A,N/A,N/A,N/A,N/A,N/A,N/A,N/A,1264619520,1264619520,17235968,N/A,135168,45826048,3,discern-proc-so,R (running),client-compromised.bnsdq.ozxfs.vcwss-bomyo.kvugl,3.774221482169519,1
1759278942,3931,1,N/A,N/A,N/A,N/A,N/A,N/A,N/A,N/A,1647706112,1580597248,26558464,N/A,135168,82202624,5,discern-interfa,S (sleeping),client-compromised.bnsdq.ozxfs.vcwss-bomyo.kvugl,0.0016855550684674253,1
1759278944,341,1,103,103,103,103,109,109,109,109,107515904,107515904,101335040,N/A,135168,99786752,1,dbus-daemon,S (sleeping),client-compromised.bnsdq.ozxfs.vcwss-bomyo.kvugl,0.26106731932582583,0
1759278944,153885,1,N/A,N/A,N/A,N/A,N/A,N/A,N/A,N/A,1953267712,1930625024,38625280,N/A,135168,170467328,14,discern-network,S (sleeping),client-compromised.bnsdq.ozxfs.vcwss-bomyo.kvugl,0.485667765356697,0
1759278944,183,1,N/A,N/A,N/A,N/A,N/A,N/A,N/A,N/A,160686080,131276800,43958272,4096,135168,30134272,1,systemd-journal,S (sleeping),client-compromised.bnsdq.ozxfs.vcwss-bomyo.kvugl,0.21090920227664967,0
1759278944,156854,1,N/A,N/A,N/A,N/A,N/A,N/A,N/A,N/A,1647706112,1580597248,21172224,N/A,135168,82202624,5,discern-interfa,S (sleeping),client-compromised.bnsdq.ozxfs.vcwss-bomyo.kvugl,0.00851332844430736,0
1759278944,156581,1,N/A,N/A,N/A,N/A,N/A,N/A,N/A,N/A,1264619520,1264619520,17129472,N/A,135168,45826048,4,discern-proc-so,S (sleeping),client-compromised.bnsdq.ozxfs.vcwss-bomyo.kvugl,2.728809471148983,0
1759278948,340,1,103,103,103,103,109,109,109,109,85708800,85708800,80343040,N/A,135168,77979648,1,dbus-daemon,S (sleeping),client-compromised.bnsdq.ozxfs.vcwss-bomyo.kvugl,0.3023372870176093,1
1759278948,37053,1,N/A,N/A,N/A,N/A,N/A,N/A,N/A,N/A,1331765248,1331765248,92487680,N/A,135168,138170368,4,discern-file-so,S (sleeping),client-compromised.bnsdq.ozxfs.vcwss-bomyo.kvugl,51.022039571955055,1
1759278948,179,1,N/A,N/A,N/A,N/A,N/A,N/A,N/A,N/A,101969920,101969920,44314624,4096,135168,21749760,1,systemd-journal,S (sleeping),client-compromised.bnsdq.ozxfs.vcwss-bomyo.kvugl,0.2002920001230782,1
1759278948,3292,1,N/A,N/A,N/A,N/A,N/A,N/A,N/A,N/A,1953800192,1922494464,40435712,N/A,135168,170729472,13,discern-network,S (sleeping),client-compromised.bnsdq.ozxfs.vcwss-bomyo.kvugl,0.576200044623089,1
1759278948,36928,1,N/A,N/A,N/A,N/A,N/A,N/A,N/A,N/A,1264619520,1264619520,17235968,N/A,135168,45826048,4,discern-proc-so,R (running),client-compromised.bnsdq.ozxfs.vcwss-bomyo.kvugl,2.979011482924743,1
1759278950,341,1,103,103,103,103,109,109,109,109,107515904,107515904,101335040,N/A,135168,99786752,1,dbus-daemon,S (sleeping),client-compromised.bnsdq.ozxfs.vcwss-bomyo.kvugl,0.2610329651359283,0
1759278950,153885,1,N/A,N/A,N/A,N/A,N/A,N/A,N/A,N/A,1953267712,1930625024,38625280,N/A,135168,170467328,14,discern-network,S (sleeping),client-compromised.bnsdq.ozxfs.vcwss-bomyo.kvugl,0.4845423806484693,0
1759278950,183,1,N/A,N/A,N/A,N/A,N/A,N/A,N/A,N/A,160686080,131276800,43958272,4096,135168,30134272,1,systemd-journal,S (sleeping),client-compromised.bnsdq.ozxfs.vcwss-bomyo.kvugl,0.21090025381246952,0
1759278950,156854,1,N/A,N/A,N/A,N/A,N/A,N/A,N/A,N/A,1647706112,1580597248,21172224,N/A,135168,82202624,5,discern-interfa,S (sleeping),client-compromised.bnsdq.ozxfs.vcwss-bomyo.kvugl,0.008329839994017544,0
1759278950,156581,1,N/A,N/A,N/A,N/A,N/A,N/A,N/A,N/A,1264619520,1264619520,17129472,N/A,135168,45826048,4,discern-proc-so,S (sleeping),client-compromised.bnsdq.ozxfs.vcwss-bomyo.kvugl,2.7322538563076164,0
1759278953,340,1,103,103,103,103,109,109,109,109,85979136,85979136,80343040,N/A,135168,78249984,1,dbus-daemon,S (sleeping),client-compromised.bnsdq.ozxfs.vcwss-bomyo.kvugl,0.3025385325319656,1
1759278953,3292,1,N/A,N/A,N/A,N/A,N/A,N/A,N/A,N/A,1953800192,1922494464,40435712,N/A,135168,170729472,13,discern-network,S (sleeping),client-compromised.bnsdq.ozxfs.vcwss-bomyo.kvugl,0.5750796366974191,1
1759278953,37174,1,N/A,N/A,N/A,N/A,N/A,N/A,N/A,N/A,1647706112,1580597248,22380544,N/A,135168,82202624,5,discern-interfa,S (sleeping),client-compromised.bnsdq.ozxfs.vcwss-bomyo.kvugl,0.7371355581529263,1
1759278953,37053,1,N/A,N/A,N/A,N/A,N/A,N/A,N/A,N/A,1399205888,1399205888,108961792,N/A,135168,188833792,4,discern-file-so,R (running),client-compromised.bnsdq.ozxfs.vcwss-bomyo.kvugl,64.65816862845911,1
1759278953,179,1,N/A,N/A,N/A,N/A,N/A,N/A,N/A,N/A,101969920,101969920,44314624,4096,135168,21749760,1,systemd-journal,S (sleeping),client-compromised.bnsdq.ozxfs.vcwss-bomyo.kvugl,0.2002633111380247,1
1759278955,341,1,103,103,103,103,109,109,109,109,107515904,107515904,101335040,N/A,135168,99786752,1,dbus-daemon,S (sleeping),client-compromised.bnsdq.ozxfs.vcwss-bomyo.kvugl,0.26099924081054604,0
1759278955,153885,1,N/A,N/A,N/A,N/A,N/A,N/A,N/A,N/A,1953267712,1930625024,38625280,N/A,135168,170467328,14,discern-network,S (sleeping),client-compromised.bnsdq.ozxfs.vcwss-bomyo.kvugl,0.4878026996271517,0
1759278955,183,1,N/A,N/A,N/A,N/A,N/A,N/A,N/A,N/A,160686080,131276800,43958272,4096,135168,30134272,1,systemd-journal,S (sleeping),client-compromised.bnsdq.ozxfs.vcwss-bomyo.kvugl,0.21089179513337786,0
1759278955,156854,1,N/A,N/A,N/A,N/A,N/A,N/A,N/A,N/A,1647706112,1580597248,21172224,N/A,135168,82202624,5,discern-interfa,S (sleeping),client-compromised.bnsdq.ozxfs.vcwss-bomyo.kvugl,0.008154868871860897,0
1759278955,156581,1,N/A,N/A,N/A,N/A,N/A,N/A,N/A,N/A,1264619520,1264619520,17129472,N/A,135168,45826048,4,discern-proc-so,S (sleeping),client-compromised.bnsdq.ozxfs.vcwss-bomyo.kvugl,2.7319635884179734,0
1759278958,340,1,103,103,103,103,109,109,109,109,86114304,86114304,80437248,N/A,135168,78385152,1,dbus-daemon,S (sleeping),client-compromised.bnsdq.ozxfs.vcwss-bomyo.kvugl,0.30175483969557365,1
1759278958,37053,1,N/A,N/A,N/A,N/A,N/A,N/A,N/A,N/A,1533825024,1533825024,194486272,N/A,135168,277315584,4,discern-file-so,S (sleeping),client-compromised.bnsdq.ozxfs.vcwss-bomyo.kvugl,69.95160772079024,1
1759278958,3292,1,N/A,N/A,N/A,N/A,N/A,N/A,N/A,N/A,1953800192,1922494464,40435712,N/A,135168,170729472,13,discern-network,S (sleeping),client-compromised.bnsdq.ozxfs.vcwss-bomyo.kvugl,0.5745341247588185,1
1759278958,37174,1,N/A,N/A,N/A,N/A,N/A,N/A,N/A,N/A,1647706112,1580597248,22380544,N/A,135168,82202624,5,discern-interfa,S (sleeping),client-compromised.bnsdq.ozxfs.vcwss-bomyo.kvugl,0.15224998185416205,1
1759278958,36928,1,N/A,N/A,N/A,N/A,N/A,N/A,N/A,N/A,1264619520,1264619520,17235968,N/A,135168,45826048,4,discern-proc-so,R (running),client-compromised.bnsdq.ozxfs.vcwss-bomyo.kvugl,2.6427274757512076,1
1759278960,341,1,103,103,103,103,109,109,109,109,107515904,107515904,101335040,N/A,135168,99786752,1,dbus-daemon,S (sleeping),client-compromised.bnsdq.ozxfs.vcwss-bomyo.kvugl,0.26116109280677985,0
1759278960,153885,1,N/A,N/A,N/A,N/A,N/A,N/A,N/A,N/A,1953267712,1930625024,38625280,N/A,135168,170467328,14,discern-network,S (sleeping),client-compromised.bnsdq.ozxfs.vcwss-bomyo.kvugl,0.4867024205409672,0
1759278960,183,1,N/A,N/A,N/A,N/A,N/A,N/A,N/A,N/A,160686080,131276800,43958272,4096,135168,30134272,1,systemd-journal,S (sleeping),client-compromised.bnsdq.ozxfs.vcwss-bomyo.kvugl,0.21088333601934434,0
1759278960,156854,1,N/A,N/A,N/A,N/A,N/A,N/A,N/A,N/A,1647706112,1580597248,21172224,N/A,135168,82202624,5,discern-interfa,S (sleeping),client-compromised.bnsdq.ozxfs.vcwss-bomyo.kvugl,0.007987083136374928,0
1759278960,156581,1,N/A,N/A,N/A,N/A,N/A,N/A,N/A,N/A,1264619520,1264619520,17129472,N/A,135168,45826048,4,discern-proc-so,S (sleeping),client-compromised.bnsdq.ozxfs.vcwss-bomyo.kvugl,2.727912360226523,0
1759278963,340,1,103,103,103,103,109,109,109,109,86249472,86249472,80490496,N/A,135168,78520320,1,dbus-daemon,S (sleeping),client-compromised.bnsdq.ozxfs.vcwss-bomyo.kvugl,0.3019555043714155,1
1759278963,37053,1,N/A,N/A,N/A,N/A,N/A,N/A,N/A,N/A,1533825024,1533825024,194486272,N/A,135168,277315584,4,discern-file-so,S (sleeping),client-compromised.bnsdq.ozxfs.vcwss-bomyo.kvugl,70.21313522272595,1
1759278963,3292,1,N/A,N/A,N/A,N/A,N/A,N/A,N/A,N/A,1953800192,1922494464,40435712,N/A,135168,170729472,13,discern-network,S (sleeping),client-compromised.bnsdq.ozxfs.vcwss-bomyo.kvugl,0.5739681806654207,1
1759278963,37174,1,N/A,N/A,N/A,N/A,N/A,N/A,N/A,N/A,1647706112,1580597248,22380544,N/A,135168,82202624,5,discern-interfa,S (sleeping),client-compromised.bnsdq.ozxfs.vcwss-bomyo.kvugl,0.08435613721984776,1
1759278963,36928,1,N/A,N/A,N/A,N/A,N/A,N/A,N/A,N/A,1264619520,1264619520,17235968,N/A,135168,45826048,4,discern-proc-so,S (sleeping),client-compromised.bnsdq.ozxfs.vcwss-bomyo.kvugl,2.643852242363629,1
1759278965,341,1,103,103,103,103,109,109,109,109,107515904,107515904,101335040,N/A,135168,99786752,1,dbus-daemon,S (sleeping),client-compromised.bnsdq.ozxfs.vcwss-bomyo.kvugl,0.26112763392813826,0
1759278965,153885,1,N/A,N/A,N/A,N/A,N/A,N/A,N/A,N/A,1953267712,1930625024,38625280,N/A,135168,170467328,14,discern-network,S (sleeping),client-compromised.bnsdq.ozxfs.vcwss-bomyo.kvugl,0.48563858052572006,0
1759278965,183,1,N/A,N/A,N/A,N/A,N/A,N/A,N/A,N/A,160686080,131276800,43958272,4096,135168,30134272,1,systemd-journal,S (sleeping),client-compromised.bnsdq.ozxfs.vcwss-bomyo.kvugl,0.2107774160473822,0
1759278965,156854,1,N/A,N/A,N/A,N/A,N/A,N/A,N/A,N/A,1647706112,1580597248,21172224,N/A,135168,82202624,5,discern-interfa,S (sleeping),client-compromised.bnsdq.ozxfs.vcwss-bomyo.kvugl,0.007826432178301363,0
1759278965,156581,1,N/A,N/A,N/A,N/A,N/A,N/A,N/A,N/A,1264619520,1264619520,17129472,N/A,135168,45826048,4,discern-proc-so,R (running),client-compromised.bnsdq.ozxfs.vcwss-bomyo.kvugl,2.7204407940307855,0
1759278969,37053,1,N/A,N/A,N/A,N/A,N/A,N/A,N/A,N/A,1534545920,1534545920,194486272,N/A,135168,278036480,4,discern-file-so,S (sleeping),client-compromised.bnsdq.ozxfs.vcwss-bomyo.kvugl,69.93466758152,1
1759278969,340,1,103,103,103,103,109,109,109,109,86519808,86519808,80490496,N/A,135168,78790656,1,dbus-daemon,S (sleeping),client-compromised.bnsdq.ozxfs.vcwss-bomyo.kvugl,0.3016758657136503,1
1759278969,3292,1,N/A,N/A,N/A,N/A,N/A,N/A,N/A,N/A,1953800192,1922494464,40435712,N/A,135168,170729472,13,discern-network,S (sleeping),client-compromised.bnsdq.ozxfs.vcwss-bomyo.kvugl,0.5728935178715279,1
1759278969,37174,1,N/A,N/A,N/A,N/A,N/A,N/A,N/A,N/A,1647706112,1580597248,22380544,N/A,135168,82202624,5,discern-interfa,S (sleeping),client-compromised.bnsdq.ozxfs.vcwss-bomyo.kvugl,0.05869223777939173,1
1759278969,36928,1,N/A,N/A,N/A,N/A,N/A,N/A,N/A,N/A,1264619520,1264619520,17235968,N/A,135168,45826048,4,discern-proc-so,S (sleeping),client-compromised.bnsdq.ozxfs.vcwss-bomyo.kvugl,2.5282359294844876,1
1759278970,341,1,103,103,103,103,109,109,109,109,107515904,107515904,101335040,N/A,135168,99786752,1,dbus-daemon,S (sleeping),client-compromised.bnsdq.ozxfs.vcwss-bomyo.kvugl,0.2611920482846255,0
1759278970,153885,1,N/A,N/A,N/A,N/A,N/A,N/A,N/A,N/A,1953267712,1930625024,38625280,N/A,135168,170467328,14,discern-network,S (sleeping),client-compromised.bnsdq.ozxfs.vcwss-bomyo.kvugl,0.48460409707713525,0
1759278970,183,1,N/A,N/A,N/A,N/A,N/A,N/A,N/A,N/A,160686080,131276800,43958272,4096,135168,30134272,1,systemd-journal,S (sleeping),client-compromised.bnsdq.ozxfs.vcwss-bomyo.kvugl,0.2108670697032947,0
1759278970,156854,1,N/A,N/A,N/A,N/A,N/A,N/A,N/A,N/A,1647706112,1580597248,21172224,N/A,135168,82202624,5,discern-interfa,S (sleeping),client-compromised.bnsdq.ozxfs.vcwss-bomyo.kvugl,0.007672301692058074,0
1759278970,156581,1,N/A,N/A,N/A,N/A,N/A,N/A,N/A,N/A,1264619520,1264619520,17129472,N/A,135168,45826048,4,discern-proc-so,S (sleeping),client-compromised.bnsdq.ozxfs.vcwss-bomyo.kvugl,2.7096823954297715,0
1759278974,37053,1,N/A,N/A,N/A,N/A,N/A,N/A,N/A,N/A,1534545920,1534545920,194486272,N/A,135168,278036480,4,discern-file-so,S (sleeping),client-compromised.bnsdq.ozxfs.vcwss-bomyo.kvugl,70.2178604930092,1
1759278974,340,1,103,103,103,103,109,109,109,109,86654976,86654976,80490496,N/A,135168,78925824,1,dbus-daemon,S (sleeping),client-compromised.bnsdq.ozxfs.vcwss-bomyo.kvugl,0.30138308562711963,1
1759278974,3292,1,N/A,N/A,N/A,N/A,N/A,N/A,N/A,N/A,1953800192,1922494464,40435712,N/A,135168,170729472,13,discern-network,S (sleeping),client-compromised.bnsdq.ozxfs.vcwss-bomyo.kvugl,0.5723367305619604,1
1759278974,37174,1,N/A,N/A,N/A,N/A,N/A,N/A,N/A,N/A,1647706112,1580597248,22380544,N/A,135168,82202624,5,discern-interfa,S (sleeping),client-compromised.bnsdq.ozxfs.vcwss-bomyo.kvugl,0.044801396336086985,1
1759278974,36928,1,N/A,N/A,N/A,N/A,N/A,N/A,N/A,N/A,1264619520,1264619520,17235968,N/A,135168,45826048,4,discern-proc-so,R (running),client-compromised.bnsdq.ozxfs.vcwss-bomyo.kvugl,2.491893274463512,1
1759278975,341,1,103,103,103,103,109,109,109,109,107515904,107515904,101335040,N/A,135168,99786752,1,dbus-daemon,S (sleeping),client-compromised.bnsdq.ozxfs.vcwss-bomyo.kvugl,0.26115775321783824,0
1759278975,153885,1,N/A,N/A,N/A,N/A,N/A,N/A,N/A,N/A,1953267712,1930887168,38625280,N/A,135168,170729472,14,discern-network,S (sleeping),client-compromised.bnsdq.ozxfs.vcwss-bomyo.kvugl,0.4835516741563947,0
1759278975,183,1,N/A,N/A,N/A,N/A,N/A,N/A,N/A,N/A,160686080,131276800,43958272,4096,135168,30134272,1,systemd-journal,S (sleeping),client-compromised.bnsdq.ozxfs.vcwss-bomyo.kvugl,0.21085819301898592,0
1759278975,156854,1,N/A,N/A,N/A,N/A,N/A,N/A,N/A,N/A,1647706112,1580597248,21172224,N/A,135168,82202624,5,discern-interfa,S (sleeping),client-compromised.bnsdq.ozxfs.vcwss-bomyo.kvugl,0.007522995968349132,0
1759278975,156581,1,N/A,N/A,N/A,N/A,N/A,N/A,N/A,N/A,1264619520,1264619520,17129472,N/A,135168,45826048,4,discern-proc-so,R (running),client-compromised.bnsdq.ozxfs.vcwss-bomyo.kvugl,2.7167368455146934,0
1759278979,340,1,103,103,103,103,109,109,109,109,86790144,86790144,80621568,N/A,135168,79060992,1,dbus-daemon,S (sleeping),client-compromised.bnsdq.ozxfs.vcwss-bomyo.kvugl,0.30109825490471964,1
1759278979,37053,1,N/A,N/A,N/A,N/A,N/A,N/A,N/A,N/A,1534808064,1534808064,236511232,N/A,135168,307658752,4,discern-file-so,S (sleeping),client-compromised.bnsdq.ozxfs.vcwss-bomyo.kvugl,71.96375939902737,1
1759278979,3292,1,N/A,N/A,N/A,N/A,N/A,N/A,N/A,N/A,1953800192,1922494464,40435712,N/A,135168,170729472,13,discern-network,S (sleeping),client-compromised.bnsdq.ozxfs.vcwss-bomyo.kvugl,0.5717964529009122,1
1759278979,37174,1,N/A,N/A,N/A,N/A,N/A,N/A,N/A,N/A,1647706112,1580597248,22380544,N/A,135168,82202624,5,discern-interfa,S (sleeping),client-compromised.bnsdq.ozxfs.vcwss-bomyo.kvugl,0.03628418128062058,1
1759278979,36928,1,N/A,N/A,N/A,N/A,N/A,N/A,N/A,N/A,1264619520,1264619520,17235968,N/A,135168,45826048,4,discern-proc-so,S (sleeping),client-compromised.bnsdq.ozxfs.vcwss-bomyo.kvugl,2.443577651578087,1
1759278981,341,1,103,103,103,103,109,109,109,109,107515904,107515904,101335040,N/A,135168,99786752,1,dbus-daemon,S (sleeping),client-compromised.bnsdq.ozxfs.vcwss-bomyo.kvugl,0.2611240434016229,0
1759278981,153885,1,N/A,N/A,N/A,N/A,N/A,N/A,N/A,N/A,1953267712,1930887168,38625280,N/A,135168,170729472,14,discern-network,S (sleeping),client-compromised.bnsdq.ozxfs.vcwss-bomyo.kvugl,0.4866495559295953,0
1759278981,183,1,N/A,N/A,N/A,N/A,N/A,N/A,N/A,N/A,160686080,131276800,43958272,4096,135168,30134272,1,systemd-journal,S (sleeping),client-compromised.bnsdq.ozxfs.vcwss-bomyo.kvugl,0.2108497662773437,0
1759278981,156854,1,N/A,N/A,N/A,N/A,N/A,N/A,N/A,N/A,1647706112,1580597248,21172224,N/A,135168,82202624,5,discern-interfa,S (sleeping),client-compromised.bnsdq.ozxfs.vcwss-bomyo.kvugl,0.007379974604565849,0
1759278981,156581,1,N/A,N/A,N/A,N/A,N/A,N/A,N/A,N/A,1264619520,1264619520,17129472,N/A,135168,45826048,4,discern-proc-so,S (sleeping),client-compromised.bnsdq.ozxfs.vcwss-bomyo.kvugl,2.7167476253565135,0
1759278984,340,1,103,103,103,103,109,109,109,109,87244800,87244800,80891904,N/A,135168,79515648,1,dbus-daemon,S (sleeping),client-compromised.bnsdq.ozxfs.vcwss-bomyo.kvugl,0.3013178929138558,1
1759278984,3292,1,N/A,N/A,N/A,N/A,N/A,N/A,N/A,N/A,1953800192,1922756608,40435712,N/A,135168,170991616,13,discern-network,S (sleeping),client-compromised.bnsdq.ozxfs.vcwss-bomyo.kvugl,0.5718246473238688,1
1759278984,37174,1,N/A,N/A,N/A,N/A,N/A,N/A,N/A,N/A,1647706112,1580597248,22380544,N/A,135168,82202624,5,discern-interfa,S (sleeping),client-compromised.bnsdq.ozxfs.vcwss-bomyo.kvugl,0.030566805911817138,1
1759278984,36928,1,N/A,N/A,N/A,N/A,N/A,N/A,N/A,N/A,1264619520,1264619520,17235968,N/A,135168,45826048,4,discern-proc-so,S (sleeping),client-compromised.bnsdq.ozxfs.vcwss-bomyo.kvugl,2.452042555855369,1
1759278984,179,1,N/A,N/A,N/A,N/A,N/A,N/A,N/A,N/A,101969920,101969920,44314624,4096,135168,21749760,1,systemd-journal,S (sleeping),client-compromised.bnsdq.ozxfs.vcwss-bomyo.kvugl,0.1996355138717051,1
1759278986,341,1,103,103,103,103,109,109,109,109,107515904,107515904,101335040,N/A,135168,99786752,1,dbus-daemon,S (sleeping),client-compromised.bnsdq.ozxfs.vcwss-bomyo.kvugl,0.2611873724634,0
1759278986,153885,1,N/A,N/A,N/A,N/A,N/A,N/A,N/A,N/A,1953267712,1930887168,38625280,N/A,135168,170729472,14,discern-network,S (sleeping),client-compromised.bnsdq.ozxfs.vcwss-bomyo.kvugl,0.48559892092872525,0
1759278986,183,1,N/A,N/A,N/A,N/A,N/A,N/A,N/A,N/A,160686080,131276800,43958272,4096,135168,30134272,1,systemd-journal,S (sleeping),client-compromised.bnsdq.ozxfs.vcwss-bomyo.kvugl,0.21084093329882997,0
1759278986,156854,1,N/A,N/A,N/A,N/A,N/A,N/A,N/A,N/A,1647706112,1580597248,21172224,N/A,135168,82202624,5,discern-interfa,S (sleeping),client-compromised.bnsdq.ozxfs.vcwss-bomyo.kvugl,0.007241761104553018,0
1759278986,156581,1,N/A,N/A,N/A,N/A,N/A,N/A,N/A,N/A,1264619520,1264619520,17129472,N/A,135168,45826048,4,discern-proc-so,S (sleeping),client-compromised.bnsdq.ozxfs.vcwss-bomyo.kvugl,2.7200043169941326,0
1759278989,340,1,103,103,103,103,109,109,109,109,87408640,87408640,81162240,N/A,135168,79679488,1,dbus-daemon,S (sleeping),client-compromised.bnsdq.ozxfs.vcwss-bomyo.kvugl,0.30103972043477517,1
1759278989,3292,1,N/A,N/A,N/A,N/A,N/A,N/A,N/A,N/A,1953800192,1922756608,40435712,N/A,135168,170991616,13,discern-network,S (sleeping),client-compromised.bnsdq.ozxfs.vcwss-bomyo.kvugl,0.57183744464015,1
1759278989,37174,1,N/A,N/A,N/A,N/A,N/A,N/A,N/A,N/A,1647706112,1580597248,22380544,N/A,135168,82202624,5,discern-interfa,S (sleeping),client-compromised.bnsdq.ozxfs.vcwss-bomyo.kvugl,0.026371312268834473,1
1759278989,36928,1,N/A,N/A,N/A,N/A,N/A,N/A,N/A,N/A,1264619520,1264619520,17235968,N/A,135168,45826048,4,discern-proc-so,R (running),client-compromised.bnsdq.ozxfs.vcwss-bomyo.kvugl,2.475430342514423,1
1759278989,179,1,N/A,N/A,N/A,N/A,N/A,N/A,N/A,N/A,101969920,101969920,44314624,4096,135168,21749760,1,systemd-journal,S (sleeping),client-compromised.bnsdq.ozxfs.vcwss-bomyo.kvugl,0.19961640455301743,1
1759278991,341,1,103,103,103,103,109,109,109,109,107515904,107515904,101335040,N/A,135168,99786752,1,dbus-daemon,S (sleeping),client-compromised.bnsdq.ozxfs.vcwss-bomyo.kvugl,0.26115362064632386,0
1759278991,153885,1,N/A,N/A,N/A,N/A,N/A,N/A,N/A,N/A,1953267712,1930887168,38625280,N/A,135168,170729472,14,discern-network,S (sleeping),client-compromised.bnsdq.ozxfs.vcwss-bomyo.kvugl,0.4865984210101426,0
1759278991,183,1,N/A,N/A,N/A,N/A,N/A,N/A,N/A,N/A,160686080,131276800,43958272,4096,135168,30134272,1,systemd-journal,S (sleeping),client-compromised.bnsdq.ozxfs.vcwss-bomyo.kvugl,0.2107350067709024,0
1759278991,156854,1,N/A,N/A,N/A,N/A,N/A,N/A,N/A,N/A,1647706112,1580597248,21172224,N/A,135168,82202624,5,discern-interfa,S (sleeping),client-compromised.bnsdq.ozxfs.vcwss-bomyo.kvugl,0.007109083842474601,0
1759278991,156581,1,N/A,N/A,N/A,N/A,N/A,N/A,N/A,N/A,1264619520,1264619520,17129472,N/A,135168,45826048,4,discern-proc-so,R (running),client-compromised.bnsdq.ozxfs.vcwss-bomyo.kvugl,2.7199378935644667,0
1759278995,340,1,103,103,103,103,109,109,109,109,87678976,87678976,81432576,N/A,135168,79949824,1,dbus-daemon,S (sleeping),client-compromised.bnsdq.ozxfs.vcwss-bomyo.kvugl,0.30125623680712127,1
1759278995,3292,1,N/A,N/A,N/A,N/A,N/A,N/A,N/A,N/A,1953800192,1922756608,40435712,N/A,135168,170991616,13,discern-network,S (sleeping),client-compromised.bnsdq.ozxfs.vcwss-bomyo.kvugl,0.5718606548008048,1
1759278995,37174,1,N/A,N/A,N/A,N/A,N/A,N/A,N/A,N/A,1647706112,1580597248,22380544,N/A,135168,82202624,5,discern-interfa,S (sleeping),client-compromised.bnsdq.ozxfs.vcwss-bomyo.kvugl,0.023206929485882932,1
1759278995,36928,1,N/A,N/A,N/A,N/A,N/A,N/A,N/A,N/A,1264619520,1264619520,17235968,N/A,135168,45826048,4,discern-proc-so,S (sleeping),client-compromised.bnsdq.ozxfs.vcwss-bomyo.kvugl,2.496097822300887,1
1759278995,179,1,N/A,N/A,N/A,N/A,N/A,N/A,N/A,N/A,101969920,101969920,44314624,4096,135168,21749760,1,systemd-journal,S (sleeping),client-compromised.bnsdq.ozxfs.vcwss-bomyo.kvugl,0.19960072380012303,1
1759278996,341,1,103,103,103,103,109,109,109,109,107515904,107515904,101335040,N/A,135168,99786752,1,dbus-daemon,S (sleeping),client-compromised.bnsdq.ozxfs.vcwss-bomyo.kvugl,0.2613147708556579,0
1759278996,153885,1,N/A,N/A,N/A,N/A,N/A,N/A,N/A,N/A,1953267712,1930887168,38625280,N/A,135168,170729472,14,discern-network,S (sleeping),client-compromised.bnsdq.ozxfs.vcwss-bomyo.kvugl,0.4855873943895073,0
1759278996,183,1,N/A,N/A,N/A,N/A,N/A,N/A,N/A,N/A,160686080,131276800,43958272,4096,135168,30134272,1,systemd-journal,S (sleeping),client-compromised.bnsdq.ozxfs.vcwss-bomyo.kvugl,0.21082403509606806,0
1759278996,156854,1,N/A,N/A,N/A,N/A,N/A,N/A,N/A,N/A,1647706112,1580597248,21172224,N/A,135168,82202624,5,discern-interfa,S (sleeping),client-compromised.bnsdq.ozxfs.vcwss-bomyo.kvugl,0.006981182887757785,0
1759278996,156581,1,N/A,N/A,N/A,N/A,N/A,N/A,N/A,N/A,1264619520,1264619520,17129472,N/A,135168,45826048,4,discern-proc-so,S (sleeping),client-compromised.bnsdq.ozxfs.vcwss-bomyo.kvugl,2.7165575263946113,0
1759279000,340,1,103,103,103,103,109,109,109,109,87814144,87814144,81432576,N/A,135168,80084992,1,dbus-daemon,S (sleeping),client-compromised.bnsdq.ozxfs.vcwss-bomyo.kvugl,0.30098306922352086,1
1759279000,3292,1,N/A,N/A,N/A,N/A,N/A,N/A,N/A,N/A,1953800192,1922756608,40435712,N/A,135168,170991616,13,discern-network,S (sleeping),client-compromised.bnsdq.ozxfs.vcwss-bomyo.kvugl,0.5713454978692994,1
1759279000,37174,1,N/A,N/A,N/A,N/A,N/A,N/A,N/A,N/A,1647706112,1580597248,22380544,N/A,135168,82202624,5,discern-interfa,S (sleeping),client-compromised.bnsdq.ozxfs.vcwss-bomyo.kvugl,0.020716003241743105,1
1759279000,36928,1,N/A,N/A,N/A,N/A,N/A,N/A,N/A,N/A,1264619520,1264619520,17235968,N/A,135168,45826048,4,discern-proc-so,S (sleeping),client-compromised.bnsdq.ozxfs.vcwss-bomyo.kvugl,2.544569308740527,1
1759279000,179,1,N/A,N/A,N/A,N/A,N/A,N/A,N/A,N/A,101969920,101969920,44314624,4096,135168,21749760,1,systemd-journal,S (sleeping),client-compromised.bnsdq.ozxfs.vcwss-bomyo.kvugl,0.19958407550933882,1
1759279001,341,1,103,103,103,103,109,109,109,109,107515904,107515904,101335040,N/A,135168,99786752,1,dbus-daemon,S (sleeping),client-compromised.bnsdq.ozxfs.vcwss-bomyo.kvugl,0.26137791043285424,0
1759279001,153885,1,N/A,N/A,N/A,N/A,N/A,N/A,N/A,N/A,1953267712,1930887168,38625280,N/A,135168,170729472,14,discern-network,S (sleeping),client-compromised.bnsdq.ozxfs.vcwss-bomyo.kvugl,0.4865492962750915,0
1759279001,183,1,N/A,N/A,N/A,N/A,N/A,N/A,N/A,N/A,160686080,131276800,43958272,4096,135168,30134272,1,systemd-journal,S (sleeping),client-compromised.bnsdq.ozxfs.vcwss-bomyo.kvugl,0.21081522466011124,0
1759279001,156854,1,N/A,N/A,N/A,N/A,N/A,N/A,N/A,N/A,1647706112,1580597248,21172224,N/A,135168,82202624,5,discern-interfa,S (sleeping),client-compromised.bnsdq.ozxfs.vcwss-bomyo.kvugl,0.006857372055219156,0
1759279001,156581,1,N/A,N/A,N/A,N/A,N/A,N/A,N/A,N/A,1264619520,1264619520,17129472,N/A,135168,45826048,4,discern-proc-so,S (sleeping),client-compromised.bnsdq.ozxfs.vcwss-bomyo.kvugl,2.719650839378259,0
1759279005,340,1,103,103,103,103,109,109,109,109,87949312,87949312,81702912,N/A,135168,80220160,1,dbus-daemon,S (sleeping),client-compromised.bnsdq.ozxfs.vcwss-bomyo.kvugl,0.3007131911938839,1
1759279005,3292,1,N/A,N/A,N/A,N/A,N/A,N/A,N/A,N/A,1953800192,1922756608,40435712,N/A,135168,170991616,13,discern-network,S (sleeping),client-compromised.bnsdq.ozxfs.vcwss-bomyo.kvugl,0.5713706745803301,1
1759279005,37174,1,N/A,N/A,N/A,N/A,N/A,N/A,N/A,N/A,1647706112,1580597248,22380544,N/A,135168,82202624,5,discern-interfa,S (sleeping),client-compromised.bnsdq.ozxfs.vcwss-bomyo.kvugl,0.018712566454505877,1
1759279005,36928,1,N/A,N/A,N/A,N/A,N/A,N/A,N/A,N/A,1264619520,1264619520,17235968,N/A,135168,45826048,4,discern-proc-so,S (sleeping),client-compromised.bnsdq.ozxfs.vcwss-bomyo.kvugl,2.5423680526025603,1
1759279005,179,1,N/A,N/A,N/A,N/A,N/A,N/A,N/A,N/A,101969920,101969920,44314624,4096,135168,21749760,1,systemd-journal,S (sleeping),client-compromised.bnsdq.ozxfs.vcwss-bomyo.kvugl,0.19956879013220694,1
1759279006,341,1,103,103,103,103,109,109,109,109,107515904,107515904,101335040,N/A,135168,99786752,1,dbus-daemon,S (sleeping),client-compromised.bnsdq.ozxfs.vcwss-bomyo.kvugl,0.2613442949080016,0
1759279006,153885,1,N/A,N/A,N/A,N/A,N/A,N/A,N/A,N/A,1953267712,1930887168,38625280,N/A,135168,170729472,14,discern-network,S (sleeping),client-compromised.bnsdq.ozxfs.vcwss-bomyo.kvugl,0.48361570527796666,0
1759279006,183,1,N/A,N/A,N/A,N/A,N/A,N/A,N/A,N/A,160686080,131276800,43958272,4096,135168,30134272,1,systemd-journal,S (sleeping),client-compromised.bnsdq.ozxfs.vcwss-bomyo.kvugl,0.21080694192815724,0
1759279006,156854,1,N/A,N/A,N/A,N/A,N/A,N/A,N/A,N/A,1647706112,1580597248,21172224,N/A,135168,82202624,5,discern-interfa,S (sleeping),client-compromised.bnsdq.ozxfs.vcwss-bomyo.kvugl,0.006738452641907269,0
1759279006,156581,1,N/A,N/A,N/A,N/A,N/A,N/A,N/A,N/A,1264619520,1264619520,17129472,N/A,135168,45826048,4,discern-proc-so,R (running),client-compromised.bnsdq.ozxfs.vcwss-bomyo.kvugl,2.7164488878966915,0
1759279010,340,1,103,103,103,103,109,109,109,109,88084480,88084480,81702912,N/A,135168,80355328,1,dbus-daemon,S (sleeping),client-compromised.bnsdq.ozxfs.vcwss-bomyo.kvugl,0.3004420523175736,1
1759279010,3292,1,N/A,N/A,N/A,N/A,N/A,N/A,N/A,N/A,1953800192,1922756608,40435712,N/A,135168,170991616,13,discern-network,S (sleeping),client-compromised.bnsdq.ozxfs.vcwss-bomyo.kvugl,0.5719222875302852,1
1759279010,37174,1,N/A,N/A,N/A,N/A,N/A,N/A,N/A,N/A,1647706112,1580597248,22380544,N/A,135168,82202624,5,discern-interfa,S (sleeping),client-compromised.bnsdq.ozxfs.vcwss-bomyo.kvugl,0.01705724977051652,1
1759279010,36928,1,N/A,N/A,N/A,N/A,N/A,N/A,N/A,N/A,1264619520,1264619520,17235968,N/A,135168,45826048,4,discern-proc-so,R (running),client-compromised.bnsdq.ozxfs.vcwss-bomyo.kvugl,2.580603265717682,1
1759279010,179,1,N/A,N/A,N/A,N/A,N/A,N/A,N/A,N/A,101969920,101969920,44314624,4096,135168,21749760,1,systemd-journal,S (sleeping),client-compromised.bnsdq.ozxfs.vcwss-bomyo.kvugl,0.1990675028403846,1
1759279011,341,1,103,103,103,103,109,109,109,109,107515904,107515904,101335040,N/A,135168,99786752,1,dbus-daemon,S (sleeping),client-compromised.bnsdq.ozxfs.vcwss-bomyo.kvugl,0.26130956569971825,0
1759279011,153885,1,N/A,N/A,N/A,N/A,N/A,N/A,N/A,N/A,1953267712,1930887168,38625280,N/A,135168,170729472,14,discern-network,S (sleeping),client-compromised.bnsdq.ozxfs.vcwss-bomyo.kvugl,0.4864900697159465,0
1759279012,183,1,N/A,N/A,N/A,N/A,N/A,N/A,N/A,N/A,160686080,131276800,43958272,4096,135168,30134272,1,systemd-journal,S (sleeping),client-compromised.bnsdq.ozxfs.vcwss-bomyo.kvugl,0.21079774164076345,0
1759279012,156854,1,N/A,N/A,N/A,N/A,N/A,N/A,N/A,N/A,1647706112,1580597248,21172224,N/A,135168,82202624,5,discern-interfa,S (sleeping),client-compromised.bnsdq.ozxfs.vcwss-bomyo.kvugl,0.006622596076148893,0
1759279012,156581,1,N/A,N/A,N/A,N/A,N/A,N/A,N/A,N/A,1264619520,1264619520,17129472,N/A,135168,45826048,4,discern-proc-so,S (sleeping),client-compromised.bnsdq.ozxfs.vcwss-bomyo.kvugl,2.725582429367845,0
1759279015,340,1,103,103,103,103,109,109,109,109,88219648,88219648,81973248,N/A,135168,80490496,1,dbus-daemon,S (sleeping),client-compromised.bnsdq.ozxfs.vcwss-bomyo.kvugl,0.3006608366458924,1
1759279015,3292,1,N/A,N/A,N/A,N/A,N/A,N/A,N/A,N/A,1953800192,1922756608,40435712,N/A,135168,170991616,13,discern-network,S (sleeping),client-compromised.bnsdq.ozxfs.vcwss-bomyo.kvugl,0.5714205805882768,1
1759279015,37174,1,N/A,N/A,N/A,N/A,N/A,N/A,N/A,N/A,1647706112,1580597248,22380544,N/A,135168,82202624,5,discern-interfa,S (sleeping),client-compromised.bnsdq.ozxfs.vcwss-bomyo.kvugl,0.01567976766496987,1
1759279015,36928,1,N/A,N/A,N/A,N/A,N/A,N/A,N/A,N/A,1264619520,1264619520,17235968,N/A,135168,45826048,4,discern-proc-so,R (running),client-compromised.bnsdq.ozxfs.vcwss-bomyo.kvugl,2.5642147499625825,1
1759279015,179,1,N/A,N/A,N/A,N/A,N/A,N/A,N/A,N/A,101969920,101969920,44314624,4096,135168,21749760,1,systemd-journal,S (sleeping),client-compromised.bnsdq.ozxfs.vcwss-bomyo.kvugl,0.19905529321220788,1
1759279017,341,1,103,103,103,103,109,109,109,109,107515904,107515904,101335040,N/A,135168,99786752,1,dbus-daemon,S (sleeping),client-compromised.bnsdq.ozxfs.vcwss-bomyo.kvugl,0.26137339354372957,0
1759279017,153885,1,N/A,N/A,N/A,N/A,N/A,N/A,N/A,N/A,1953267712,1930887168,38625280,N/A,135168,170729472,14,discern-network,S (sleeping),client-compromised.bnsdq.ozxfs.vcwss-bomyo.kvugl,0.48553161349836965,0
1759279017,183,1,N/A,N/A,N/A,N/A,N/A,N/A,N/A,N/A,160686080,131276800,43958272,4096,135168,30134272,1,systemd-journal,S (sleeping),client-compromised.bnsdq.ozxfs.vcwss-bomyo.kvugl,0.21078958723227756,0
1759279017,156854,1,N/A,N/A,N/A,N/A,N/A,N/A,N/A,N/A,1647706112,1580597248,21172224,N/A,135168,82202624,5,discern-interfa,S (sleeping),client-compromised.bnsdq.ozxfs.vcwss-bomyo.kvugl,0.006511726341612165,0
1759279017,156581,1,N/A,N/A,N/A,N/A,N/A,N/A,N/A,N/A,1264619520,1264619520,17129472,N/A,135168,45826048,4,discern-proc-so,S (sleeping),client-compromised.bnsdq.ozxfs.vcwss-bomyo.kvugl,2.7193256834391746,0
1759279020,340,1,103,103,103,103,109,109,109,109,88625152,88625152,82243584,N/A,135168,80896000,1,dbus-daemon,S (sleeping),client-compromised.bnsdq.ozxfs.vcwss-bomyo.kvugl,0.30087388442423596,1
1759279020,3292,1,N/A,N/A,N/A,N/A,N/A,N/A,N/A,N/A,1953800192,1922756608,40435712,N/A,135168,170991616,13,discern-network,S (sleeping),client-compromised.bnsdq.ozxfs.vcwss-bomyo.kvugl,0.5719701488336965,1
1759279020,37174,1,N/A,N/A,N/A,N/A,N/A,N/A,N/A,N/A,1647706112,1580597248,22380544,N/A,135168,82202624,5,discern-interfa,S (sleeping),client-compromised.bnsdq.ozxfs.vcwss-bomyo.kvugl,0.014501398340099569,1
1759279020,36928,1,N/A,N/A,N/A,N/A,N/A,N/A,N/A,N/A,1264619520,1264619520,17235968,N/A,135168,45826048,4,discern-proc-so,S (sleeping),client-compromised.bnsdq.ozxfs.vcwss-bomyo.kvugl,2.5369537640369098,1
1759279020,179,1,N/A,N/A,N/A,N/A,N/A,N/A,N/A,N/A,101969920,101969920,44314624,4096,135168,21749760,1,systemd-journal,S (sleeping),client-compromised.bnsdq.ozxfs.vcwss-bomyo.kvugl,0.19952200945937315,1
1759279022,341,1,103,103,103,103,109,109,109,109,107515904,107515904,101335040,N/A,135168,99786752,1,dbus-daemon,S (sleeping),client-compromised.bnsdq.ozxfs.vcwss-bomyo.kvugl,0.26143696123080623,0
1759279022,153885,1,N/A,N/A,N/A,N/A,N/A,N/A,N/A,N/A,1953267712,1930887168,38625280,N/A,135168,170729472,14,discern-network,S (sleeping),client-compromised.bnsdq.ozxfs.vcwss-bomyo.kvugl,0.48458472470734487,0
1759279022,183,1,N/A,N/A,N/A,N/A,N/A,N/A,N/A,N/A,160686080,131276800,43958272,4096,135168,30134272,1,systemd-journal,S (sleeping),client-compromised.bnsdq.ozxfs.vcwss-bomyo.kvugl,0.21097564089192747,0
1759279022,156854,1,N/A,N/A,N/A,N/A,N/A,N/A,N/A,N/A,1647706112,1580597248,21172224,N/A,135168,82202624,5,discern-interfa,S (sleeping),client-compromised.bnsdq.ozxfs.vcwss-bomyo.kvugl,0.0064043512879631385,0
1759279022,156581,1,N/A,N/A,N/A,N/A,N/A,N/A,N/A,N/A,1264619520,1264619520,17129472,N/A,135168,45826048,4,discern-proc-so,R (running),client-compromised.bnsdq.ozxfs.vcwss-bomyo.kvugl,2.7132084666682745,0
1759279026,340,1,103,103,103,103,109,109,109,109,88625152,88625152,82513920,N/A,135168,80896000,1,dbus-daemon,S (sleeping),client-compromised.bnsdq.ozxfs.vcwss-bomyo.kvugl,0.300610113782543,1
1759279026,3292,1,N/A,N/A,N/A,N/A,N/A,N/A,N/A,N/A,1953800192,1922756608,40435712,N/A,135168,170991616,13,discern-network,S (sleeping),client-compromised.bnsdq.ozxfs.vcwss-bomyo.kvugl,0.5709445788451648,1
1759279026,37174,1,N/A,N/A,N/A,N/A,N/A,N/A,N/A,N/A,1647706112,1580597248,22380544,N/A,135168,82202624,5,discern-interfa,S (sleeping),client-compromised.bnsdq.ozxfs.vcwss-bomyo.kvugl,0.013494325523756758,1
1759279026,36928,1,N/A,N/A,N/A,N/A,N/A,N/A,N/A,N/A,1264619520,1264619520,17235968,N/A,135168,45826048,4,discern-proc-so,S (sleeping),client-compromised.bnsdq.ozxfs.vcwss-bomyo.kvugl,2.4802111794362056,1
1759279026,3684,1,N/A,N/A,N/A,N/A,N/A,N/A,N/A,N/A,1264021504,1264021504,13393920,N/A,135168,45559808,4,discern-cpu-sor,S (sleeping),client-compromised.bnsdq.ozxfs.vcwss-bomyo.kvugl,0.01865566707747893,1
1759279027,341,1,103,103,103,103,109,109,109,109,107515904,107515904,101335040,N/A,135168,99786752,1,dbus-daemon,S (sleeping),client-compromised.bnsdq.ozxfs.vcwss-bomyo.kvugl,0.26150014424411944,0
1759279027,153885,1,N/A,N/A,N/A,N/A,N/A,N/A,N/A,N/A,1953267712,1930887168,38625280,N/A,135168,170729472,14,discern-network,S (sleeping),client-compromised.bnsdq.ozxfs.vcwss-bomyo.kvugl,0.4855192604107371,0
1759279027,183,1,N/A,N/A,N/A,N/A,N/A,N/A,N/A,N/A,160686080,131276800,43958272,4096,135168,30134272,1,systemd-journal,S (sleeping),client-compromised.bnsdq.ozxfs.vcwss-bomyo.kvugl,0.21086985864215918,0
1759279027,156854,1,N/A,N/A,N/A,N/A,N/A,N/A,N/A,N/A,1647706112,1580597248,21172224,N/A,135168,82202624,5,discern-interfa,S (sleeping),client-compromised.bnsdq.ozxfs.vcwss-bomyo.kvugl,0.0063002109794451176,0
1759279027,156581,1,N/A,N/A,N/A,N/A,N/A,N/A,N/A,N/A,1264619520,1264619520,17129472,N/A,135168,45826048,4,discern-proc-so,S (sleeping),client-compromised.bnsdq.ozxfs.vcwss-bomyo.kvugl,2.710183780031309,0
1759279031,340,1,103,103,103,103,109,109,109,109,88895488,88895488,82513920,N/A,135168,81166336,1,dbus-daemon,S (sleeping),client-compromised.bnsdq.ozxfs.vcwss-bomyo.kvugl,0.30034720754693817,1
1759279031,3292,1,N/A,N/A,N/A,N/A,N/A,N/A,N/A,N/A,1953800192,1922756608,40435712,N/A,135168,170991616,13,discern-network,S (sleeping),client-compromised.bnsdq.ozxfs.vcwss-bomyo.kvugl,0.5709761406460705,1
1759279031,37174,1,N/A,N/A,N/A,N/A,N/A,N/A,N/A,N/A,1647706112,1580597248,22380544,N/A,135168,82202624,5,discern-interfa,S (sleeping),client-compromised.bnsdq.ozxfs.vcwss-bomyo.kvugl,0.012617559654772677,1
1759279031,36928,1,N/A,N/A,N/A,N/A,N/A,N/A,N/A,N/A,1264619520,1264619520,17235968,N/A,135168,45826048,4,discern-proc-so,R (running),client-compromised.bnsdq.ozxfs.vcwss-bomyo.kvugl,2.461415164565081,1
1759279031,3684,1,N/A,N/A,N/A,N/A,N/A,N/A,N/A,N/A,1264021504,1264021504,13393920,N/A,135168,45559808,4,discern-cpu-sor,S (sleeping),client-compromised.bnsdq.ozxfs.vcwss-bomyo.kvugl,0.01860460342885213,1
1759279032,341,1,103,103,103,103,109,109,109,109,107515904,107515904,101335040,N/A,135168,99786752,1,dbus-daemon,S (sleeping),client-compromised.bnsdq.ozxfs.vcwss-bomyo.kvugl,0.2614662370411288,0
1759279032,153885,1,N/A,N/A,N/A,N/A,N/A,N/A,N/A,N/A,1953267712,1930887168,38625280,N/A,135168,170729472,14,discern-network,S (sleeping),client-compromised.bnsdq.ozxfs.vcwss-bomyo.kvugl,0.48458150690500595,0
1759279032,183,1,N/A,N/A,N/A,N/A,N/A,N/A,N/A,N/A,160686080,131276800,43958272,4096,135168,30134272,1,systemd-journal,S (sleeping),client-compromised.bnsdq.ozxfs.vcwss-bomyo.kvugl,0.2108613150941438,0
1759279032,156854,1,N/A,N/A,N/A,N/A,N/A,N/A,N/A,N/A,1647706112,1580597248,21172224,N/A,135168,82202624,5,discern-interfa,S (sleeping),client-compromised.bnsdq.ozxfs.vcwss-bomyo.kvugl,0.006199448673171751,0
1759279032,156581,1,N/A,N/A,N/A,N/A,N/A,N/A,N/A,N/A,1264619520,1264619520,17129472,N/A,135168,45826048,4,discern-proc-so,R (running),client-compromised.bnsdq.ozxfs.vcwss-bomyo.kvugl,2.710232272058326,0
1759279036,340,1,103,103,103,103,109,109,109,109,89165824,89165824,82784256,N/A,135168,81436672,1,dbus-daemon,S (sleeping),client-compromised.bnsdq.ozxfs.vcwss-bomyo.kvugl,0.30056029790546224,1
1759279036,3292,1,N/A,N/A,N/A,N/A,N/A,N/A,N/A,N/A,1953800192,1922756608,40435712,N/A,135168,170991616,13,discern-network,S (sleeping),client-compromised.bnsdq.ozxfs.vcwss-bomyo.kvugl,0.5709993933509754,1
1759279036,37174,1,N/A,N/A,N/A,N/A,N/A,N/A,N/A,N/A,1647706112,1580597248,22380544,N/A,135168,82202624,5,discern-interfa,S (sleeping),client-compromised.bnsdq.ozxfs.vcwss-bomyo.kvugl,0.011843962515496563,1
1759279036,36928,1,N/A,N/A,N/A,N/A,N/A,N/A,N/A,N/A,1264619520,1264619520,17235968,N/A,135168,45826048,4,discern-proc-so,S (sleeping),client-compromised.bnsdq.ozxfs.vcwss-bomyo.kvugl,2.494184193825516,1
1759279036,3684,1,N/A,N/A,N/A,N/A,N/A,N/A,N/A,N/A,1264021504,1264021504,13393920,N/A,135168,45559808,4,discern-cpu-sor,S (sleeping),client-compromised.bnsdq.ozxfs.vcwss-bomyo.kvugl,0.019083651295941036,1
1759279037,341,1,103,103,103,103,109,109,109,109,107515904,107515904,101335040,N/A,135168,99786752,1,dbus-daemon,S (sleeping),client-compromised.bnsdq.ozxfs.vcwss-bomyo.kvugl,0.2615290121368818,0
1759279037,153885,1,N/A,N/A,N/A,N/A,N/A,N/A,N/A,N/A,1953267712,1930887168,38625280,N/A,135168,170729472,14,discern-network,S (sleeping),client-compromised.bnsdq.ozxfs.vcwss-bomyo.kvugl,0.4854867028273225,0
1759279037,183,1,N/A,N/A,N/A,N/A,N/A,N/A,N/A,N/A,160686080,131276800,43958272,4096,135168,30134272,1,systemd-journal,S (sleeping),client-compromised.bnsdq.ozxfs.vcwss-bomyo.kvugl,0.21085246245402192,0
1759279037,156854,1,N/A,N/A,N/A,N/A,N/A,N/A,N/A,N/A,1647706112,1580597248,21172224,N/A,135168,82202624,5,discern-interfa,S (sleeping),client-compromised.bnsdq.ozxfs.vcwss-bomyo.kvugl,0.006101571017745949,0
1759279037,156581,1,N/A,N/A,N/A,N/A,N/A,N/A,N/A,N/A,1264619520,1264619520,17129472,N/A,135168,45826048,4,discern-proc-so,R (running),client-compromised.bnsdq.ozxfs.vcwss-bomyo.kvugl,2.7218263478019993,0
1759279041,340,1,103,103,103,103,109,109,109,109,89300992,89300992,83054592,N/A,135168,81571840,1,dbus-daemon,S (sleeping),client-compromised.bnsdq.ozxfs.vcwss-bomyo.kvugl,0.3007753346511932,1
1759279041,3292,1,N/A,N/A,N/A,N/A,N/A,N/A,N/A,N/A,1953800192,1922756608,40435712,N/A,135168,170991616,13,discern-network,S (sleeping),client-compromised.bnsdq.ozxfs.vcwss-bomyo.kvugl,0.5710287664549888,1
1759279041,37174,1,N/A,N/A,N/A,N/A,N/A,N/A,N/A,N/A,1647706112,1580597248,22380544,N/A,135168,82202624,5,discern-interfa,S (sleeping),client-compromised.bnsdq.ozxfs.vcwss-bomyo.kvugl,0.011162339996194284,1
1759279041,36928,1,N/A,N/A,N/A,N/A,N/A,N/A,N/A,N/A,1264619520,1264619520,17235968,N/A,135168,45826048,4,discern-proc-so,R (running),client-compromised.bnsdq.ozxfs.vcwss-bomyo.kvugl,2.505090046618752,1
1759279041,3684,1,N/A,N/A,N/A,N/A,N/A,N/A,N/A,N/A,1264021504,1264021504,13393920,N/A,135168,45559808,4,discern-cpu-sor,S (sleeping),client-compromised.bnsdq.ozxfs.vcwss-bomyo.kvugl,0.01903163685135014,1
1759279042,341,1,103,103,103,103,109,109,109,109,107515904,107515904,101335040,N/A,135168,99786752,1,dbus-daemon,S (sleeping),client-compromised.bnsdq.ozxfs.vcwss-bomyo.kvugl,0.2614952619383491,0
1759279042,153885,1,N/A,N/A,N/A,N/A,N/A,N/A,N/A,N/A,1953267712,1930887168,38625280,N/A,135168,170729472,14,discern-network,S (sleeping),client-compromised.bnsdq.ozxfs.vcwss-bomyo.kvugl,0.486393413826737,0
1759279042,183,1,N/A,N/A,N/A,N/A,N/A,N/A,N/A,N/A,160686080,131276800,43958272,4096,135168,30134272,1,systemd-journal,S (sleeping),client-compromised.bnsdq.ozxfs.vcwss-bomyo.kvugl,0.21074706307129454,0
1759279042,156854,1,N/A,N/A,N/A,N/A,N/A,N/A,N/A,N/A,1647706112,1580597248,21172224,N/A,135168,82202624,5,discern-interfa,S (sleeping),client-compromised.bnsdq.ozxfs.vcwss-bomyo.kvugl,0.00600711402051417,0
1759279042,156581,1,N/A,N/A,N/A,N/A,N/A,N/A,N/A,N/A,1264619520,1264619520,17129472,N/A,135168,45826048,4,discern-proc-so,R (running),client-compromised.bnsdq.ozxfs.vcwss-bomyo.kvugl,2.718869763093711,0
1759279046,340,1,103,103,103,103,109,109,109,109,89436160,89436160,83054592,N/A,135168,81707008,1,dbus-daemon,S (sleeping),client-compromised.bnsdq.ozxfs.vcwss-bomyo.kvugl,0.30003715139647025,1
1759279046,3292,1,N/A,N/A,N/A,N/A,N/A,N/A,N/A,N/A,1953800192,1922756608,40435712,N/A,135168,170991616,13,discern-network,S (sleeping),client-compromised.bnsdq.ozxfs.vcwss-bomyo.kvugl,0.5705366904081494,1
1759279046,37174,1,N/A,N/A,N/A,N/A,N/A,N/A,N/A,N/A,1647706112,1580597248,22380544,N/A,135168,82202624,5,discern-interfa,S (sleeping),client-compromised.bnsdq.ozxfs.vcwss-bomyo.kvugl,0.010555185103144259,1
1759279046,36928,1,N/A,N/A,N/A,N/A,N/A,N/A,N/A,N/A,1264619520,1264619520,17235968,N/A,135168,45826048,4,discern-proc-so,R (running),client-compromised.bnsdq.ozxfs.vcwss-bomyo.kvugl,2.4968046220444102,1
1759279046,3684,1,N/A,N/A,N/A,N/A,N/A,N/A,N/A,N/A,1264021504,1264021504,13393920,N/A,135168,45559808,4,discern-cpu-sor,S (sleeping),client-compromised.bnsdq.ozxfs.vcwss-bomyo.kvugl,0.01897993036210091,1
1759279048,341,1,103,103,103,103,109,109,109,109,107515904,107515904,101335040,N/A,135168,99786752,1,dbus-daemon,S (sleeping),client-compromised.bnsdq.ozxfs.vcwss-bomyo.kvugl,0.26165563741029335,0
1759279048,153885,1,N/A,N/A,N/A,N/A,N/A,N/A,N/A,N/A,1953267712,1930887168,38625280,N/A,135168,170729472,14,discern-network,S (sleeping),client-compromised.bnsdq.ozxfs.vcwss-bomyo.kvugl,0.48548546055818603,0
1759279048,183,1,N/A,N/A,N/A,N/A,N/A,N/A,N/A,N/A,160686080,131276800,43958272,4096,135168,30134272,1,systemd-journal,S (sleeping),client-compromised.bnsdq.ozxfs.vcwss-bomyo.kvugl,0.21083580336643146,0
1759279048,156854,1,N/A,N/A,N/A,N/A,N/A,N/A,N/A,N/A,1647706112,1580597248,21172224,N/A,135168,82202624,5,discern-interfa,S (sleeping),client-compromised.bnsdq.ozxfs.vcwss-bomyo.kvugl,0.005915676083468643,0
1759279048,156581,1,N/A,N/A,N/A,N/A,N/A,N/A,N/A,N/A,1264619520,1264619520,17129472,N/A,135168,45826048,4,discern-proc-so,S (sleeping),client-compromised.bnsdq.ozxfs.vcwss-bomyo.kvugl,2.7132281414993016,0
1759279051,340,1,103,103,103,103,109,109,109,109,89571328,89571328,83324928,N/A,135168,81842176,1,dbus-daemon,S (sleeping),client-compromised.bnsdq.ozxfs.vcwss-bomyo.kvugl,0.29977652245475583,1
1759279051,3292,1,N/A,N/A,N/A,N/A,N/A,N/A,N/A,N/A,1953800192,1922756608,40435712,N/A,135168,170991616,13,discern-network,S (sleeping),client-compromised.bnsdq.ozxfs.vcwss-bomyo.kvugl,0.5700448503676687,1
1759279051,37174,1,N/A,N/A,N/A,N/A,N/A,N/A,N/A,N/A,1647706112,1580597248,22380544,N/A,135168,82202624,5,discern-interfa,S (sleeping),client-compromised.bnsdq.ozxfs.vcwss-bomyo.kvugl,0.010009850418024999,1
1759279051,36928,1,N/A,N/A,N/A,N/A,N/A,N/A,N/A,N/A,1264619520,1264619520,17235968,N/A,135168,45826048,4,discern-proc-so,R (running),client-compromised.bnsdq.ozxfs.vcwss-bomyo.kvugl,2.515193469006348,1
1759279051,3684,1,N/A,N/A,N/A,N/A,N/A,N/A,N/A,N/A,1264021504,1264021504,13393920,N/A,135168,45559808,4,discern-cpu-sor,S (sleeping),client-compromised.bnsdq.ozxfs.vcwss-bomyo.kvugl,0.018928422016168827,1
1759279053,341,1,103,103,103,103,109,109,109,109,107515904,107515904,101335040,N/A,135168,99786752,1,dbus-daemon,S (sleeping),client-compromised.bnsdq.ozxfs.vcwss-bomyo.kvugl,0.26162222768056376,0
1759279053,153885,1,N/A,N/A,N/A,N/A,N/A,N/A,N/A,N/A,1953267712,1930887168,38625280,N/A,135168,170729472,14,discern-network,S (sleeping),client-compromised.bnsdq.ozxfs.vcwss-bomyo.kvugl,0.48638816918691835,0
1759279053,183,1,N/A,N/A,N/A,N/A,N/A,N/A,N/A,N/A,160686080,131276800,43958272,4096,135168,30134272,1,systemd-journal,S (sleeping),client-compromised.bnsdq.ozxfs.vcwss-bomyo.kvugl,0.21082770335366904,0
1759279053,156854,1,N/A,N/A,N/A,N/A,N/A,N/A,N/A,N/A,1647706112,1580597248,21172224,N/A,135168,82202624,5,discern-interfa,S (sleeping),client-compromised.bnsdq.ozxfs.vcwss-bomyo.kvugl,0.005827092733322483,0
1759279053,156581,1,N/A,N/A,N/A,N/A,N/A,N/A,N/A,N/A,1264619520,1264619520,17129472,N/A,135168,45826048,4,discern-proc-so,R (running),client-compromised.bnsdq.ozxfs.vcwss-bomyo.kvugl,2.7077997006710675,0
1759279057,340,1,103,103,103,103,109,109,109,109,89706496,89706496,83595264,N/A,135168,81977344,1,dbus-daemon,S (sleeping),client-compromised.bnsdq.ozxfs.vcwss-bomyo.kvugl,0.2999884458144932,1
1759279057,3292,1,N/A,N/A,N/A,N/A,N/A,N/A,N/A,N/A,1953800192,1922756608,40435712,N/A,135168,170991616,13,discern-network,S (sleeping),client-compromised.bnsdq.ozxfs.vcwss-bomyo.kvugl,0.570588563954404,1
1759279057,37174,1,N/A,N/A,N/A,N/A,N/A,N/A,N/A,N/A,1647706112,1580597248,22380544,N/A,135168,82202624,5,discern-interfa,S (sleeping),client-compromised.bnsdq.ozxfs.vcwss-bomyo.kvugl,0.009516422248685593,1
1759279057,36928,1,N/A,N/A,N/A,N/A,N/A,N/A,N/A,N/A,1264619520,1264619520,17235968,N/A,135168,45826048,4,discern-proc-so,R (running),client-compromised.bnsdq.ozxfs.vcwss-bomyo.kvugl,2.53993948364603,1
1759279057,3684,1,N/A,N/A,N/A,N/A,N/A,N/A,N/A,N/A,1264021504,1264021504,13393920,N/A,135168,45559808,4,discern-cpu-sor,S (sleeping),client-compromised.bnsdq.ozxfs.vcwss-bomyo.kvugl,0.018877009887794054,1
1759279058,341,1,103,103,103,103,109,109,109,109,107515904,107515904,101335040,N/A,135168,99786752,1,dbus-daemon,S (sleeping),client-compromised.bnsdq.ozxfs.vcwss-bomyo.kvugl,0.26168563348402524,0
1759279058,153885,1,N/A,N/A,N/A,N/A,N/A,N/A,N/A,N/A,1953267712,1930887168,38625280,N/A,135168,170729472,14,discern-network,S (sleeping),client-compromised.bnsdq.ozxfs.vcwss-bomyo.kvugl,0.4855002587435772,0
1759279058,183,1,N/A,N/A,N/A,N/A,N/A,N/A,N/A,N/A,160686080,131276800,43958272,4096,135168,30134272,1,systemd-journal,S (sleeping),client-compromised.bnsdq.ozxfs.vcwss-bomyo.kvugl,0.21081955292547494,0
1759279058,156854,1,N/A,N/A,N/A,N/A,N/A,N/A,N/A,N/A,1647706112,1580597248,21172224,N/A,135168,82202624,5,discern-interfa,S (sleeping),client-compromised.bnsdq.ozxfs.vcwss-bomyo.kvugl,0.005741075782692852,0
1759279058,156581,1,N/A,N/A,N/A,N/A,N/A,N/A,N/A,N/A,1264619520,1264619520,17129472,N/A,135168,45826048,4,discern-proc-so,S (sleeping),client-compromised.bnsdq.ozxfs.vcwss-bomyo.kvugl,2.7025029006548853,0
1759279062,340,1,103,103,103,103,109,109,109,109,89976832,89976832,83595264,N/A,135168,82247680,1,dbus-daemon,S (sleeping),client-compromised.bnsdq.ozxfs.vcwss-bomyo.kvugl,0.29972896606686955,1
1759279062,3292,1,N/A,N/A,N/A,N/A,N/A,N/A,N/A,N/A,1953800192,1922756608,40435712,N/A,135168,170991616,13,discern-network,S (sleeping),client-compromised.bnsdq.ozxfs.vcwss-bomyo.kvugl,0.5695809280222837,1
1759279062,37174,1,N/A,N/A,N/A,N/A,N/A,N/A,N/A,N/A,1647706112,1580597248,22380544,N/A,135168,82202624,5,discern-interfa,S (sleeping),client-compromised.bnsdq.ozxfs.vcwss-bomyo.kvugl,0.009070736321943712,1
1759279062,36928,1,N/A,N/A,N/A,N/A,N/A,N/A,N/A,N/A,1264619520,1264619520,17235968,N/A,135168,45826048,4,discern-proc-so,S (sleeping),client-compromised.bnsdq.ozxfs.vcwss-bomyo.kvugl,2.5470130751789224,1
1759279062,3684,1,N/A,N/A,N/A,N/A,N/A,N/A,N/A,N/A,1264021504,1264021504,13393920,N/A,135168,45559808,4,discern-cpu-sor,S (sleeping),client-compromised.bnsdq.ozxfs.vcwss-bomyo.kvugl,0.01882604100546157,1
1759279063,341,1,103,103,103,103,109,109,109,109,107515904,107515904,101335040,N/A,135168,99786752,1,dbus-daemon,S (sleeping),client-compromised.bnsdq.ozxfs.vcwss-bomyo.kvugl,0.26174907989009644,0
1759279063,153885,1,N/A,N/A,N/A,N/A,N/A,N/A,N/A,N/A,1953267712,1930887168,38625280,N/A,135168,170729472,14,discern-network,S (sleeping),client-compromised.bnsdq.ozxfs.vcwss-bomyo.kvugl,0.4863878004557171,0
1759279063,183,1,N/A,N/A,N/A,N/A,N/A,N/A,N/A,N/A,160686080,131276800,43958272,4096,135168,30134272,1,systemd-journal,S (sleeping),client-compromised.bnsdq.ozxfs.vcwss-bomyo.kvugl,0.2108115034768518,0
1759279063,156854,1,N/A,N/A,N/A,N/A,N/A,N/A,N/A,N/A,1647706112,1580597248,21172224,N/A,135168,82202624,5,discern-interfa,S (sleeping),client-compromised.bnsdq.ozxfs.vcwss-bomyo.kvugl,0.005657634786621019,0
1759279063,156581,1,N/A,N/A,N/A,N/A,N/A,N/A,N/A,N/A,1264619520,1264619520,17129472,N/A,135168,45826048,4,discern-proc-so,S (sleeping),client-compromised.bnsdq.ozxfs.vcwss-bomyo.kvugl,2.700101100644796,0
1759279067,340,1,103,103,103,103,109,109,109,109,90247168,90247168,83865600,N/A,135168,82518016,1,dbus-daemon,S (sleeping),client-compromised.bnsdq.ozxfs.vcwss-bomyo.kvugl,0.3008861875645301,1
1759279067,3292,1,N/A,N/A,N/A,N/A,N/A,N/A,N/A,N/A,1953800192,1922756608,40435712,N/A,135168,170991616,13,discern-network,S (sleeping),client-compromised.bnsdq.ozxfs.vcwss-bomyo.kvugl,0.5701292016592107,1
1759279067,37174,1,N/A,N/A,N/A,N/A,N/A,N/A,N/A,N/A,1647706112,1580597248,22380544,N/A,135168,82202624,5,discern-interfa,S (sleeping),client-compromised.bnsdq.ozxfs.vcwss-bomyo.kvugl,0.008665265216460603,1
1759279067,36928,1,N/A,N/A,N/A,N/A,N/A,N/A,N/A,N/A,1264619520,1264619520,17235968,N/A,135168,45826048,4,discern-proc-so,S (sleeping),client-compromised.bnsdq.ozxfs.vcwss-bomyo.kvugl,2.545946478796336,1
1759279067,3684,1,N/A,N/A,N/A,N/A,N/A,N/A,N/A,N/A,1264021504,1264021504,13393920,N/A,135168,45559808,4,discern-cpu-sor,S (sleeping),client-compromised.bnsdq.ozxfs.vcwss-bomyo.kvugl,0.01877539114902365,1
1759279068,341,1,103,103,103,103,109,109,109,109,107515904,107515904,101335040,N/A,135168,99786752,1,dbus-daemon,S (sleeping),client-compromised.bnsdq.ozxfs.vcwss-bomyo.kvugl,0.26171551811286414,0
1759279068,153885,1,N/A,N/A,N/A,N/A,N/A,N/A,N/A,N/A,1953267712,1930887168,38625280,N/A,135168,170729472,14,discern-network,S (sleeping),client-compromised.bnsdq.ozxfs.vcwss-bomyo.kvugl,0.4872529690334392,0
1759279068,183,1,N/A,N/A,N/A,N/A,N/A,N/A,N/A,N/A,160686080,131276800,43958272,4096,135168,30134272,1,systemd-journal,S (sleeping),client-compromised.bnsdq.ozxfs.vcwss-bomyo.kvugl,0.2108033010815279,0
1759279068,156854,1,N/A,N/A,N/A,N/A,N/A,N/A,N/A,N/A,1647706112,1580597248,21172224,N/A,135168,82202624,5,discern-interfa,S (sleeping),client-compromised.bnsdq.ozxfs.vcwss-bomyo.kvugl,0.0055764613902099395,0
1759279068,156581,1,N/A,N/A,N/A,N/A,N/A,N/A,N/A,N/A,1264619520,1264619520,17129472,N/A,135168,45826048,4,discern-proc-so,R (running),client-compromised.bnsdq.ozxfs.vcwss-bomyo.kvugl,2.695031383550712,0
1759279072,340,1,103,103,103,103,109,109,109,109,90406912,90406912,84135936,N/A,135168,82677760,1,dbus-daemon,S (sleeping),client-compromised.bnsdq.ozxfs.vcwss-bomyo.kvugl,0.30015656578109057,1
1759279072,3292,1,N/A,N/A,N/A,N/A,N/A,N/A,N/A,N/A,1953800192,1922756608,40435712,N/A,135168,170991616,13,discern-network,S (sleeping),client-compromised.bnsdq.ozxfs.vcwss-bomyo.kvugl,0.5696457529872875,1
1759279072,37174,1,N/A,N/A,N/A,N/A,N/A,N/A,N/A,N/A,1647706112,1580597248,22380544,N/A,135168,82202624,5,discern-interfa,S (sleeping),client-compromised.bnsdq.ozxfs.vcwss-bomyo.kvugl,0.008294787903179147,1
1759279072,36928,1,N/A,N/A,N/A,N/A,N/A,N/A,N/A,N/A,1264619520,1264619520,17235968,N/A,135168,45826048,4,discern-proc-so,S (sleeping),client-compromised.bnsdq.ozxfs.vcwss-bomyo.kvugl,2.552417891717119,1
1759279072,3684,1,N/A,N/A,N/A,N/A,N/A,N/A,N/A,N/A,1264021504,1264021504,13393920,N/A,135168,45559808,4,discern-cpu-sor,S (sleeping),client-compromised.bnsdq.ozxfs.vcwss-bomyo.kvugl,0.01872505427765197,1
1759279073,341,1,103,103,103,103,109,109,109,109,107515904,107515904,101335040,N/A,135168,99786752,1,dbus-daemon,S (sleeping),client-compromised.bnsdq.ozxfs.vcwss-bomyo.kvugl,0.2617761281077724,0
1759279073,153885,1,N/A,N/A,N/A,N/A,N/A,N/A,N/A,N/A,1953267712,1930887168,38625280,N/A,135168,170729472,14,discern-network,S (sleeping),client-compromised.bnsdq.ozxfs.vcwss-bomyo.kvugl,0.4862928848114955,0
1759279073,183,1,N/A,N/A,N/A,N/A,N/A,N/A,N/A,N/A,160686080,131276800,43958272,4096,135168,30134272,1,systemd-journal,S (sleeping),client-compromised.bnsdq.ozxfs.vcwss-bomyo.kvugl,0.21079303178571335,0
1759279073,156854,1,N/A,N/A,N/A,N/A,N/A,N/A,N/A,N/A,1647706112,1580597248,21172224,N/A,135168,82202624,5,discern-interfa,S (sleeping),client-compromised.bnsdq.ozxfs.vcwss-bomyo.kvugl,0.0054960442337264525,0
1759279073,156581,1,N/A,N/A,N/A,N/A,N/A,N/A,N/A,N/A,1264619520,1264619520,17129472,N/A,135168,45826048,4,discern-proc-so,R (running),client-compromised.bnsdq.ozxfs.vcwss-bomyo.kvugl,2.702570397209073,0
1759279077,340,1,103,103,103,103,109,109,109,109,90685440,90685440,84406272,N/A,135168,82956288,1,dbus-daemon,S (sleeping),client-compromised.bnsdq.ozxfs.vcwss-bomyo.kvugl,0.2998990012390207,1
1759279077,3292,1,N/A,N/A,N/A,N/A,N/A,N/A,N/A,N/A,1953800192,1922756608,40435712,N/A,135168,170991616,13,discern-network,S (sleeping),client-compromised.bnsdq.ozxfs.vcwss-bomyo.kvugl,0.5691632262370866,1
1759279077,37174,1,N/A,N/A,N/A,N/A,N/A,N/A,N/A,N/A,1647706112,1580597248,22380544,N/A,135168,82202624,5,discern-interfa,S (sleeping),client-compromised.bnsdq.ozxfs.vcwss-bomyo.kvugl,0.007954337499735493,1
1759279077,36928,1,N/A,N/A,N/A,N/A,N/A,N/A,N/A,N/A,1264619520,1264619520,17235968,N/A,135168,45826048,4,discern-proc-so,S (sleeping),client-compromised.bnsdq.ozxfs.vcwss-bomyo.kvugl,2.558312376208104,1
1759279077,3684,1,N/A,N/A,N/A,N/A,N/A,N/A,N/A,N/A,1264021504,1264021504,13393920,N/A,135168,45559808,4,discern-cpu-sor,S (sleeping),client-compromised.bnsdq.ozxfs.vcwss-bomyo.kvugl,0.01867493172198255,1
1759279079,341,1,103,103,103,103,109,109,109,109,107515904,107515904,101335040,N/A,135168,99786752,1,dbus-daemon,S (sleeping),client-compromised.bnsdq.ozxfs.vcwss-bomyo.kvugl,0.2617385199642878,0
1759279079,153885,1,N/A,N/A,N/A,N/A,N/A,N/A,N/A,N/A,1953267712,1930887168,38625280,N/A,135168,170729472,14,discern-network,S (sleeping),client-compromised.bnsdq.ozxfs.vcwss-bomyo.kvugl,0.4870096571901466,0
1759279079,183,1,N/A,N/A,N/A,N/A,N/A,N/A,N/A,N/A,160686080,131276800,43958272,4096,135168,30134272,1,systemd-journal,S (sleeping),client-compromised.bnsdq.ozxfs.vcwss-bomyo.kvugl,0.21078156307678206,0
1759279079,156854,1,N/A,N/A,N/A,N/A,N/A,N/A,N/A,N/A,1647706112,1580597248,21172224,N/A,135168,82202624,5,discern-interfa,S (sleeping),client-compromised.bnsdq.ozxfs.vcwss-bomyo.kvugl,0.005416985551349131,0
1759279079,156581,1,N/A,N/A,N/A,N/A,N/A,N/A,N/A,N/A,1264619520,1264619520,17129472,N/A,135168,45826048,4,discern-proc-so,S (sleeping),client-compromised.bnsdq.ozxfs.vcwss-bomyo.kvugl,2.699050746128951,0
1759279082,340,1,103,103,103,103,109,109,109,109,90820608,90820608,84406272,N/A,135168,83091456,1,dbus-daemon,S (sleeping),client-compromised.bnsdq.ozxfs.vcwss-bomyo.kvugl,0.3001081599660118,1
1759279082,3292,1,N/A,N/A,N/A,N/A,N/A,N/A,N/A,N/A,1953800192,1922756608,40435712,N/A,135168,170991616,13,discern-network,S (sleeping),client-compromised.bnsdq.ozxfs.vcwss-bomyo.kvugl,0.5697022758673966,1
1759279082,37174,1,N/A,N/A,N/A,N/A,N/A,N/A,N/A,N/A,1647706112,1580597248,22380544,N/A,135168,82202624,5,discern-interfa,S (sleeping),client-compromised.bnsdq.ozxfs.vcwss-bomyo.kvugl,0.007639601439136015,1
1759279082,36928,1,N/A,N/A,N/A,N/A,N/A,N/A,N/A,N/A,1264619520,1264619520,17235968,N/A,135168,45826048,4,discern-proc-so,S (sleeping),client-compromised.bnsdq.ozxfs.vcwss-bomyo.kvugl,2.5703061860268432,1
1759279082,3684,1,N/A,N/A,N/A,N/A,N/A,N/A,N/A,N/A,1264021504,1264021504,13393920,N/A,135168,45559808,4,discern-cpu-sor,S (sleeping),client-compromised.bnsdq.ozxfs.vcwss-bomyo.kvugl,0.018624891924909057,1
1759279084,341,1,103,103,103,103,109,109,109,109,107515904,107515904,101335040,N/A,135168,99786752,1,dbus-daemon,S (sleeping),client-compromised.bnsdq.ozxfs.vcwss-bomyo.kvugl,0.2617957700615533,0
1759279084,153885,1,N/A,N/A,N/A,N/A,N/A,N/A,N/A,N/A,1953267712,1930887168,38625280,N/A,135168,170729472,14,discern-network,S (sleeping),client-compromised.bnsdq.ozxfs.vcwss-bomyo.kvugl,0.48596239462815466,0
1759279084,183,1,N/A,N/A,N/A,N/A,N/A,N/A,N/A,N/A,160686080,131276800,43958272,4096,135168,30134272,1,systemd-journal,S (sleeping),client-compromised.bnsdq.ozxfs.vcwss-bomyo.kvugl,0.21086529438668317,0
1759279084,156854,1,N/A,N/A,N/A,N/A,N/A,N/A,N/A,N/A,1647706112,1580597248,21172224,N/A,135168,82202624,5,discern-interfa,S (sleeping),client-compromised.bnsdq.ozxfs.vcwss-bomyo.kvugl,0.005339299304289057,0
1759279084,156581,1,N/A,N/A,N/A,N/A,N/A,N/A,N/A,N/A,1264619520,1264619520,17129472,N/A,135168,45826048,4,discern-proc-so,S (sleeping),client-compromised.bnsdq.ozxfs.vcwss-bomyo.kvugl,2.6926357886042758,0
1759279088,340,1,103,103,103,103,109,109,109,109,90955776,90955776,84676608,N/A,135168,83226624,1,dbus-daemon,S (sleeping),client-compromised.bnsdq.ozxfs.vcwss-bomyo.kvugl,0.3007865624466473,1
1759279088,38941,38940,N/A,N/A,N/A,N/A,N/A,N/A,N/A,N/A,1015513088,948371456,47353856,N/A,135168,343117824,34,python3,S (sleeping),client-compromised.bnsdq.ozxfs.vcwss-bomyo.kvugl,14.124242473833716,1
1759279088,3292,1,N/A,N/A,N/A,N/A,N/A,N/A,N/A,N/A,1953800192,1922756608,40435712,N/A,135168,170991616,13,discern-network,S (sleeping),client-compromised.bnsdq.ozxfs.vcwss-bomyo.kvugl,0.5733109004295419,1
1759279088,37174,1,N/A,N/A,N/A,N/A,N/A,N/A,N/A,N/A,1647706112,1580597248,22380544,N/A,135168,82202624,5,discern-interfa,S (sleeping),client-compromised.bnsdq.ozxfs.vcwss-bomyo.kvugl,0.007350049615447479,1
1759279088,36928,1,N/A,N/A,N/A,N/A,N/A,N/A,N/A,N/A,1264619520,1264619520,17235968,N/A,135168,45826048,4,discern-proc-so,R (running),client-compromised.bnsdq.ozxfs.vcwss-bomyo.kvugl,2.5686241939013086,1
1759279089,341,1,103,103,103,103,109,109,109,109,107515904,107515904,101335040,N/A,135168,99786752,1,dbus-daemon,S (sleeping),client-compromised.bnsdq.ozxfs.vcwss-bomyo.kvugl,0.26176192864404885,0
1759279089,153885,1,N/A,N/A,N/A,N/A,N/A,N/A,N/A,N/A,1953267712,1930887168,38625280,N/A,135168,170729472,14,discern-network,S (sleeping),client-compromised.bnsdq.ozxfs.vcwss-bomyo.kvugl,0.48679019830781556,0
1759279089,183,1,N/A,N/A,N/A,N/A,N/A,N/A,N/A,N/A,160686080,131276800,43958272,4096,135168,30134272,1,systemd-journal,S (sleeping),client-compromised.bnsdq.ozxfs.vcwss-bomyo.kvugl,0.21076027684851667,0
1759279089,156854,1,N/A,N/A,N/A,N/A,N/A,N/A,N/A,N/A,1647706112,1580597248,21172224,N/A,135168,82202624,5,discern-interfa,S (sleeping),client-compromised.bnsdq.ozxfs.vcwss-bomyo.kvugl,0.005266770017505589,0
1759279089,156581,1,N/A,N/A,N/A,N/A,N/A,N/A,N/A,N/A,1264619520,1264619520,17129472,N/A,135168,45826048,4,discern-proc-so,R (running),client-compromised.bnsdq.ozxfs.vcwss-bomyo.kvugl,2.6929147891113487,0
1759279093,340,1,103,103,103,103,109,109,109,109,91226112,91226112,85057536,N/A,135168,83496960,1,dbus-daemon,S (sleeping),client-compromised.bnsdq.ozxfs.vcwss-bomyo.kvugl,0.30053011598894336,1
1759279093,38941,38940,N/A,N/A,N/A,N/A,N/A,N/A,N/A,N/A,1091186688,688599040,49143808,N/A,135168,83472384,3,python3,S (sleeping),client-compromised.bnsdq.ozxfs.vcwss-bomyo.kvugl,7.76952359777258,1
1759279093,3292,1,N/A,N/A,N/A,N/A,N/A,N/A,N/A,N/A,1953800192,1922756608,40435712,N/A,135168,170991616,13,discern-network,S (sleeping),client-compromised.bnsdq.ozxfs.vcwss-bomyo.kvugl,0.5850552756754718,1
1759279093,37174,1,N/A,N/A,N/A,N/A,N/A,N/A,N/A,N/A,1647706112,1580597248,22380544,N/A,135168,82202624,5,discern-interfa,S (sleeping),client-compromised.bnsdq.ozxfs.vcwss-bomyo.kvugl,0.0070817547053965806,1
1759279093,36928,1,N/A,N/A,N/A,N/A,N/A,N/A,N/A,N/A,1264619520,1264619520,17235968,N/A,135168,45826048,4,discern-proc-so,S (sleeping),client-compromised.bnsdq.ozxfs.vcwss-bomyo.kvugl,2.5734907973336236,1
1759279094,341,1,103,103,103,103,109,109,109,109,107515904,107515904,101335040,N/A,135168,99786752,1,dbus-daemon,S (sleeping),client-compromised.bnsdq.ozxfs.vcwss-bomyo.kvugl,0.2618250225419259,0
1759279094,153885,1,N/A,N/A,N/A,N/A,N/A,N/A,N/A,N/A,1953267712,1930887168,38625280,N/A,135168,170729472,14,discern-network,S (sleeping),client-compromised.bnsdq.ozxfs.vcwss-bomyo.kvugl,0.48428798025587916,0
1759279094,183,1,N/A,N/A,N/A,N/A,N/A,N/A,N/A,N/A,160686080,131276800,43958272,4096,135168,30134272,1,systemd-journal,S (sleeping),client-compromised.bnsdq.ozxfs.vcwss-bomyo.kvugl,0.21075217778349395,0
1759279094,156854,1,N/A,N/A,N/A,N/A,N/A,N/A,N/A,N/A,1647706112,1580597248,21172224,N/A,135168,82202624,5,discern-interfa,S (sleeping),client-compromised.bnsdq.ozxfs.vcwss-bomyo.kvugl,0.005196393356467296,0
1759279094,156581,1,N/A,N/A,N/A,N/A,N/A,N/A,N/A,N/A,1264619520,1264619520,17129472,N/A,135168,45826048,4,discern-proc-so,R (running),client-compromised.bnsdq.ozxfs.vcwss-bomyo.kvugl,2.688290176094131,0
1759279098,340,1,103,103,103,103,109,109,109,109,91361280,91361280,85057536,N/A,135168,83632128,1,dbus-daemon,S (sleeping),client-compromised.bnsdq.ozxfs.vcwss-bomyo.kvugl,0.300274009377517,1
1759279098,38941,38940,N/A,N/A,N/A,N/A,N/A,N/A,N/A,N/A,1091186688,688599040,49143808,N/A,135168,83472384,3,python3,S (sleeping),client-compromised.bnsdq.ozxfs.vcwss-bomyo.kvugl,4.527650943609391,1
1759279098,3292,1,N/A,N/A,N/A,N/A,N/A,N/A,N/A,N/A,1953800192,1922756608,40435712,N/A,135168,170991616,13,discern-network,S (sleeping),client-compromised.bnsdq.ozxfs.vcwss-bomyo.kvugl,0.5860620300471058,1
1759279098,37174,1,N/A,N/A,N/A,N/A,N/A,N/A,N/A,N/A,1647706112,1580597248,22380544,N/A,135168,82202624,5,discern-interfa,S (sleeping),client-compromised.bnsdq.ozxfs.vcwss-bomyo.kvugl,0.006832064908863336,1
1759279098,36928,1,N/A,N/A,N/A,N/A,N/A,N/A,N/A,N/A,1264619520,1264619520,17235968,N/A,135168,45826048,4,discern-proc-so,R (running),client-compromised.bnsdq.ozxfs.vcwss-bomyo.kvugl,2.584143862767978,1
1759279100,341,1,103,103,103,103,109,109,109,109,107515904,107515904,101335040,N/A,135168,99786752,1,dbus-daemon,S (sleeping),client-compromised.bnsdq.ozxfs.vcwss-bomyo.kvugl,0.2618882406188782,0
1759279100,153885,1,N/A,N/A,N/A,N/A,N/A,N/A,N/A,N/A,1953267712,1930887168,38625280,N/A,135168,170729472,14,discern-network,S (sleeping),client-compromised.bnsdq.ozxfs.vcwss-bomyo.kvugl,0.485134343199115,0
1759279100,183,1,N/A,N/A,N/A,N/A,N/A,N/A,N/A,N/A,160686080,131276800,43958272,4096,135168,30134272,1,systemd-journal,S (sleeping),client-compromised.bnsdq.ozxfs.vcwss-bomyo.kvugl,0.21074423665449304,0
1759279100,156854,1,N/A,N/A,N/A,N/A,N/A,N/A,N/A,N/A,1647706112,1580597248,21172224,N/A,135168,82202624,5,discern-interfa,S (sleeping),client-compromised.bnsdq.ozxfs.vcwss-bomyo.kvugl,0.005127969599351755,0
1759279100,156581,1,N/A,N/A,N/A,N/A,N/A,N/A,N/A,N/A,1264619520,1264619520,17129472,N/A,135168,45826048,4,discern-proc-so,S (sleeping),client-compromised.bnsdq.ozxfs.vcwss-bomyo.kvugl,2.6813622532589685,0
1759279103,340,1,103,103,103,103,109,109,109,109,91496448,91496448,85327872,N/A,135168,83767296,1,dbus-daemon,S (sleeping),client-compromised.bnsdq.ozxfs.vcwss-bomyo.kvugl,0.3000204251923111,1
1759279103,38941,38940,N/A,N/A,N/A,N/A,N/A,N/A,N/A,N/A,1091186688,688599040,49143808,N/A,135168,83472384,3,python3,S (sleeping),client-compromised.bnsdq.ozxfs.vcwss-bomyo.kvugl,3.2534321289148562,1
1759279103,3292,1,N/A,N/A,N/A,N/A,N/A,N/A,N/A,N/A,1953800192,1922756608,40435712,N/A,135168,170991616,13,discern-network,S (sleeping),client-compromised.bnsdq.ozxfs.vcwss-bomyo.kvugl,0.5855453627455915,1
1759279103,37174,1,N/A,N/A,N/A,N/A,N/A,N/A,N/A,N/A,1647706112,1580597248,22380544,N/A,135168,82202624,5,discern-interfa,S (sleeping),client-compromised.bnsdq.ozxfs.vcwss-bomyo.kvugl,0.006599779611015894,1
1759279103,36928,1,N/A,N/A,N/A,N/A,N/A,N/A,N/A,N/A,1264619520,1264619520,17235968,N/A,135168,45826048,4,discern-proc-so,S (sleeping),client-compromised.bnsdq.ozxfs.vcwss-bomyo.kvugl,2.59427803689322,1
1759279105,341,1,103,103,103,103,109,109,109,109,107515904,107515904,101335040,N/A,135168,99786752,1,dbus-daemon,S (sleeping),client-compromised.bnsdq.ozxfs.vcwss-bomyo.kvugl,0.2618559691819454,0
1759279105,153885,1,N/A,N/A,N/A,N/A,N/A,N/A,N/A,N/A,1953267712,1930887168,38625280,N/A,135168,170729472,14,discern-network,S (sleeping),client-compromised.bnsdq.ozxfs.vcwss-bomyo.kvugl,0.48599749977331486,0
1759279105,183,1,N/A,N/A,N/A,N/A,N/A,N/A,N/A,N/A,160686080,131276800,43958272,4096,135168,30134272,1,systemd-journal,S (sleeping),client-compromised.bnsdq.ozxfs.vcwss-bomyo.kvugl,0.21073709635610205,0
1759279105,156854,1,N/A,N/A,N/A,N/A,N/A,N/A,N/A,N/A,1647706112,1580597248,21172224,N/A,135168,82202624,5,discern-interfa,S (sleeping),client-compromised.bnsdq.ozxfs.vcwss-bomyo.kvugl,0.005061824431246904,0
1759279105,156581,1,N/A,N/A,N/A,N/A,N/A,N/A,N/A,N/A,1264619520,1264619520,17129472,N/A,135168,45826048,4,discern-proc-so,S (sleeping),client-compromised.bnsdq.ozxfs.vcwss-bomyo.kvugl,2.6699856298201605,0
1759279108,340,1,103,103,103,103,109,109,109,109,91631616,91631616,85598208,N/A,135168,83902464,1,dbus-daemon,S (sleeping),client-compromised.bnsdq.ozxfs.vcwss-bomyo.kvugl,0.3002287773467245,1
1759279108,38941,38940,N/A,N/A,N/A,N/A,N/A,N/A,N/A,N/A,1091186688,688599040,49143808,N/A,135168,83472384,3,python3,S (sleeping),client-compromised.bnsdq.ozxfs.vcwss-bomyo.kvugl,2.5126779186651156,1
1759279108,3292,1,N/A,N/A,N/A,N/A,N/A,N/A,N/A,N/A,1953800192,1922756608,40435712,N/A,135168,170991616,13,discern-network,S (sleeping),client-compromised.bnsdq.ozxfs.vcwss-bomyo.kvugl,0.5860386888991476,1
1759279108,37174,1,N/A,N/A,N/A,N/A,N/A,N/A,N/A,N/A,1647706112,1580597248,22380544,N/A,135168,82202624,5,discern-interfa,S (sleeping),client-compromised.bnsdq.ozxfs.vcwss-bomyo.kvugl,0.006382222138345414,1
1759279108,36928,1,N/A,N/A,N/A,N/A,N/A,N/A,N/A,N/A,1264619520,1264619520,17235968,N/A,135168,45826048,4,discern-proc-so,R (running),client-compromised.bnsdq.ozxfs.vcwss-bomyo.kvugl,2.6036002096412134,1
1759279110,341,1,103,103,103,103,109,109,109,109,107515904,107515904,101335040,N/A,135168,99786752,1,dbus-daemon,S (sleeping),client-compromised.bnsdq.ozxfs.vcwss-bomyo.kvugl,0.2619190623829464,0
1759279110,153885,1,N/A,N/A,N/A,N/A,N/A,N/A,N/A,N/A,1953267712,1930887168,38625280,N/A,135168,170729472,14,discern-network,S (sleeping),client-compromised.bnsdq.ozxfs.vcwss-bomyo.kvugl,0.48681409169665113,0
1759279110,183,1,N/A,N/A,N/A,N/A,N/A,N/A,N/A,N/A,160686080,131276800,43958272,4096,135168,30134272,1,systemd-journal,S (sleeping),client-compromised.bnsdq.ozxfs.vcwss-bomyo.kvugl,0.21072913294551518,0
1759279110,156854,1,N/A,N/A,N/A,N/A,N/A,N/A,N/A,N/A,1647706112,1580597248,21172224,N/A,135168,82202624,5,discern-interfa,S (sleeping),client-compromised.bnsdq.ozxfs.vcwss-bomyo.kvugl,0.00499685284999576,0
1759279110,156581,1,N/A,N/A,N/A,N/A,N/A,N/A,N/A,N/A,1264619520,1264619520,17129472,N/A,135168,45826048,4,discern-proc-so,R (running),client-compromised.bnsdq.ozxfs.vcwss-bomyo.kvugl,2.661034514502188,0
1759279113,340,1,103,103,103,103,109,109,109,109,92037120,92037120,85868544,N/A,135168,84307968,1,dbus-daemon,S (sleeping),client-compromised.bnsdq.ozxfs.vcwss-bomyo.kvugl,0.3008997283357175,1
1759279113,38941,38940,N/A,N/A,N/A,N/A,N/A,N/A,N/A,N/A,1091186688,688599040,49143808,N/A,135168,83472384,3,python3,S (sleeping),client-compromised.bnsdq.ozxfs.vcwss-bomyo.kvugl,2.0477898065170965,1
1759279113,3292,1,N/A,N/A,N/A,N/A,N/A,N/A,N/A,N/A,1953800192,1922756608,40435712,N/A,135168,170991616,13,discern-network,S (sleeping),client-compromised.bnsdq.ozxfs.vcwss-bomyo.kvugl,0.5860296035485496,1
1759279113,37174,1,N/A,N/A,N/A,N/A,N/A,N/A,N/A,N/A,1647706112,1580597248,22380544,N/A,135168,82202624,5,discern-interfa,S (sleeping),client-compromised.bnsdq.ozxfs.vcwss-bomyo.kvugl,0.006179130064833417,1
1759279113,36928,1,N/A,N/A,N/A,N/A,N/A,N/A,N/A,N/A,1264619520,1264619520,17235968,N/A,135168,45826048,4,discern-proc-so,S (sleeping),client-compromised.bnsdq.ozxfs.vcwss-bomyo.kvugl,2.601292324562537,1
1759279115,341,1,103,103,103,103,109,109,109,109,107515904,107515904,101335040,N/A,135168,99786752,1,dbus-daemon,S (sleeping),client-compromised.bnsdq.ozxfs.vcwss-bomyo.kvugl,0.2618850919707799,0
1759279115,153885,1,N/A,N/A,N/A,N/A,N/A,N/A,N/A,N/A,1953267712,1930887168,38625280,N/A,135168,170729472,14,discern-network,S (sleeping),client-compromised.bnsdq.ozxfs.vcwss-bomyo.kvugl,0.48759589712722406,0
1759279115,183,1,N/A,N/A,N/A,N/A,N/A,N/A,N/A,N/A,160686080,131276800,43958272,4096,135168,30134272,1,systemd-journal,S (sleeping),client-compromised.bnsdq.ozxfs.vcwss-bomyo.kvugl,0.2107206252669842,0
1759279115,156854,1,N/A,N/A,N/A,N/A,N/A,N/A,N/A,N/A,1647706112,1580597248,21172224,N/A,135168,82202624,5,discern-interfa,S (sleeping),client-compromised.bnsdq.ozxfs.vcwss-bomyo.kvugl,0.004933197926806793,0
1759279115,156581,1,N/A,N/A,N/A,N/A,N/A,N/A,N/A,N/A,1264619520,1264619520,17129472,N/A,135168,45826048,4,discern-proc-so,R (running),client-compromised.bnsdq.ozxfs.vcwss-bomyo.kvugl,2.6664025005083047,0
1759279118,340,1,103,103,103,103,109,109,109,109,92037120,92037120,85868544,N/A,135168,84307968,1,dbus-daemon,S (sleeping),client-compromised.bnsdq.ozxfs.vcwss-bomyo.kvugl,0.3006452076953214,1
1759279119,38941,38940,N/A,N/A,N/A,N/A,N/A,N/A,N/A,N/A,1091186688,688599040,49143808,N/A,135168,83472384,3,python3,S (sleeping),client-compromised.bnsdq.ozxfs.vcwss-bomyo.kvugl,1.7275098926562433,1
1759279119,3292,1,N/A,N/A,N/A,N/A,N/A,N/A,N/A,N/A,1953800192,1922756608,40435712,N/A,135168,170991616,13,discern-network,S (sleeping),client-compromised.bnsdq.ozxfs.vcwss-bomyo.kvugl,0.5865203950618562,1
1759279119,37174,1,N/A,N/A,N/A,N/A,N/A,N/A,N/A,N/A,1647706112,1580597248,22380544,N/A,135168,82202624,5,discern-interfa,S (sleeping),client-compromised.bnsdq.ozxfs.vcwss-bomyo.kvugl,0.0059881755121367316,1
1759279119,36928,1,N/A,N/A,N/A,N/A,N/A,N/A,N/A,N/A,1264619520,1264619520,17235968,N/A,135168,45826048,4,discern-proc-so,S (sleeping),client-compromised.bnsdq.ozxfs.vcwss-bomyo.kvugl,2.615443808195106,1
1759279120,341,1,103,103,103,103,109,109,109,109,107515904,107515904,101335040,N/A,135168,99786752,1,dbus-daemon,S (sleeping),client-compromised.bnsdq.ozxfs.vcwss-bomyo.kvugl,0.2620443007515791,0
1759279120,153885,1,N/A,N/A,N/A,N/A,N/A,N/A,N/A,N/A,1953267712,1930887168,38625280,N/A,135168,170729472,14,discern-network,S (sleeping),client-compromised.bnsdq.ozxfs.vcwss-bomyo.kvugl,0.4867875640447804,0
1759279120,183,1,N/A,N/A,N/A,N/A,N/A,N/A,N/A,N/A,160686080,131276800,43958272,4096,135168,30134272,1,systemd-journal,S (sleeping),client-compromised.bnsdq.ozxfs.vcwss-bomyo.kvugl,0.21071261838214067,0
1759279120,156854,1,N/A,N/A,N/A,N/A,N/A,N/A,N/A,N/A,1647706112,1580597248,21172224,N/A,135168,82202624,5,discern-interfa,S (sleeping),client-compromised.bnsdq.ozxfs.vcwss-bomyo.kvugl,0.004871431218848579,0
1759279120,156581,1,N/A,N/A,N/A,N/A,N/A,N/A,N/A,N/A,1264619520,1264619520,17129472,N/A,135168,45826048,4,discern-proc-so,R (running),client-compromised.bnsdq.ozxfs.vcwss-bomyo.kvugl,2.66004281477242,0
1759279124,340,1,103,103,103,103,109,109,109,109,92307456,92307456,86138880,N/A,135168,84578304,1,dbus-daemon,S (sleeping),client-compromised.bnsdq.ozxfs.vcwss-bomyo.kvugl,0.3008507778504168,1
1759279124,38941,38940,N/A,N/A,N/A,N/A,N/A,N/A,N/A,N/A,1091186688,688599040,49143808,N/A,135168,83472384,3,python3,S (sleeping),client-compromised.bnsdq.ozxfs.vcwss-bomyo.kvugl,1.493742907779594,1
1759279124,3292,1,N/A,N/A,N/A,N/A,N/A,N/A,N/A,N/A,1953800192,1922756608,40435712,N/A,135168,170991616,13,discern-network,S (sleeping),client-compromised.bnsdq.ozxfs.vcwss-bomyo.kvugl,0.5865060638941765,1
1759279124,37174,1,N/A,N/A,N/A,N/A,N/A,N/A,N/A,N/A,1647706112,1580597248,22380544,N/A,135168,82202624,5,discern-interfa,S (sleeping),client-compromised.bnsdq.ozxfs.vcwss-bomyo.kvugl,0.005808571262323016,1
1759279124,36928,1,N/A,N/A,N/A,N/A,N/A,N/A,N/A,N/A,1264619520,1264619520,17235968,N/A,135168,45826048,4,discern-proc-so,S (sleeping),client-compromised.bnsdq.ozxfs.vcwss-bomyo.kvugl,2.6180878918541253,1
1759279125,341,1,103,103,103,103,109,109,109,109,107515904,107515904,101335040,N/A,135168,99786752,1,dbus-daemon,S (sleeping),client-compromised.bnsdq.ozxfs.vcwss-bomyo.kvugl,0.26201022978224237,0
1759279125,153885,1,N/A,N/A,N/A,N/A,N/A,N/A,N/A,N/A,1953267712,1930887168,38625280,N/A,135168,170729472,14,discern-network,S (sleeping),client-compromised.bnsdq.ozxfs.vcwss-bomyo.kvugl,0.48755462082935497,0
1759279125,183,1,N/A,N/A,N/A,N/A,N/A,N/A,N/A,N/A,160686080,131276800,43958272,4096,135168,30134272,1,systemd-journal,S (sleeping),client-compromised.bnsdq.ozxfs.vcwss-bomyo.kvugl,0.21070407101303282,0
1759279125,156854,1,N/A,N/A,N/A,N/A,N/A,N/A,N/A,N/A,1647706112,1580597248,21172224,N/A,135168,82202624,5,discern-interfa,S (sleeping),client-compromised.bnsdq.ozxfs.vcwss-bomyo.kvugl,0.004810880805241156,0
1759279125,156581,1,N/A,N/A,N/A,N/A,N/A,N/A,N/A,N/A,1264619520,1264619520,17129472,N/A,135168,45826048,4,discern-proc-so,S (sleeping),client-compromised.bnsdq.ozxfs.vcwss-bomyo.kvugl,2.667599145039684,0
1759279129,340,1,103,103,103,103,109,109,109,109,92442624,92442624,86409216,N/A,135168,84713472,1,dbus-daemon,S (sleeping),client-compromised.bnsdq.ozxfs.vcwss-bomyo.kvugl,0.3006006810231381,1
1759279129,38941,38940,N/A,N/A,N/A,N/A,N/A,N/A,N/A,N/A,1091186688,688599040,49143808,N/A,135168,83472384,3,python3,S (sleeping),client-compromised.bnsdq.ozxfs.vcwss-bomyo.kvugl,1.3164811046585596,1
1759279129,3292,1,N/A,N/A,N/A,N/A,N/A,N/A,N/A,N/A,1953800192,1922756608,40435712,N/A,135168,170991616,13,discern-network,S (sleeping),client-compromised.bnsdq.ozxfs.vcwss-bomyo.kvugl,0.5859988757334362,1
1759279129,37174,1,N/A,N/A,N/A,N/A,N/A,N/A,N/A,N/A,1647706112,1580597248,22380544,N/A,135168,82202624,5,discern-interfa,S (sleeping),client-compromised.bnsdq.ozxfs.vcwss-bomyo.kvugl,0.00564023732671589,1
1759279129,36928,1,N/A,N/A,N/A,N/A,N/A,N/A,N/A,N/A,1264619520,1264619520,17235968,N/A,135168,45826048,4,discern-proc-so,R (running),client-compromised.bnsdq.ozxfs.vcwss-bomyo.kvugl,2.6157370585366166,1
1759279130,341,1,103,103,103,103,109,109,109,109,107515904,107515904,101335040,N/A,135168,99786752,1,dbus-daemon,S (sleeping),client-compromised.bnsdq.ozxfs.vcwss-bomyo.kvugl,0.2619767360671744,0
1759279130,153885,1,N/A,N/A,N/A,N/A,N/A,N/A,N/A,N/A,1953267712,1930887168,38625280,N/A,135168,170729472,14,discern-network,S (sleeping),client-compromised.bnsdq.ozxfs.vcwss-bomyo.kvugl,0.48832576124489435,0
1759279130,183,1,N/A,N/A,N/A,N/A,N/A,N/A,N/A,N/A,160686080,131276800,43958272,4096,135168,30134272,1,systemd-journal,S (sleeping),client-compromised.bnsdq.ozxfs.vcwss-bomyo.kvugl,0.21069596894131842,0
1759279130,156854,1,N/A,N/A,N/A,N/A,N/A,N/A,N/A,N/A,1647706112,1580597248,21172224,N/A,135168,82202624,5,discern-interfa,S (sleeping),client-compromised.bnsdq.ozxfs.vcwss-bomyo.kvugl,0.004752059569821914,0
1759279130,156581,1,N/A,N/A,N/A,N/A,N/A,N/A,N/A,N/A,1264619520,1264619520,17129472,N/A,135168,45826048,4,discern-proc-so,R (running),client-compromised.bnsdq.ozxfs.vcwss-bomyo.kvugl,2.6636366740010313,0
1759279134,340,1,103,103,103,103,109,109,109,109,92712960,92712960,86409216,N/A,135168,84983808,1,dbus-daemon,S (sleeping),client-compromised.bnsdq.ozxfs.vcwss-bomyo.kvugl,0.3003487044105207,1
1759279134,38941,38940,N/A,N/A,N/A,N/A,N/A,N/A,N/A,N/A,1091186688,688599040,49143808,N/A,135168,83472384,3,python3,S (sleeping),client-compromised.bnsdq.ozxfs.vcwss-bomyo.kvugl,1.1762881656063073,1
1759279134,3292,1,N/A,N/A,N/A,N/A,N/A,N/A,N/A,N/A,1953800192,1922756608,40435712,N/A,135168,170991616,13,discern-network,S (sleeping),client-compromised.bnsdq.ozxfs.vcwss-bomyo.kvugl,0.5859869432975114,1
1759279134,37174,1,N/A,N/A,N/A,N/A,N/A,N/A,N/A,N/A,1647706112,1580597248,22380544,N/A,135168,82202624,5,discern-interfa,S (sleeping),client-compromised.bnsdq.ozxfs.vcwss-bomyo.kvugl,0.005480722361067126,1
1759279134,36928,1,N/A,N/A,N/A,N/A,N/A,N/A,N/A,N/A,1264619520,1264619520,17235968,N/A,135168,45826048,4,discern-proc-so,R (running),client-compromised.bnsdq.ozxfs.vcwss-bomyo.kvugl,2.6182810660803844,1
1759279136,341,1,103,103,103,103,109,109,109,109,107515904,107515904,101335040,N/A,135168,99786752,1,dbus-daemon,S (sleeping),client-compromised.bnsdq.ozxfs.vcwss-bomyo.kvugl,0.26213569296973155,0
1759279136,153885,1,N/A,N/A,N/A,N/A,N/A,N/A,N/A,N/A,1953267712,1930887168,38625280,N/A,135168,170729472,14,discern-network,S (sleeping),client-compromised.bnsdq.ozxfs.vcwss-bomyo.kvugl,0.4875319431128697,0
1759279136,183,1,N/A,N/A,N/A,N/A,N/A,N/A,N/A,N/A,160686080,131276800,43958272,4096,135168,30134272,1,systemd-journal,S (sleeping),client-compromised.bnsdq.ozxfs.vcwss-bomyo.kvugl,0.2106880077433973,0
1759279136,156854,1,N/A,N/A,N/A,N/A,N/A,N/A,N/A,N/A,1647706112,1580597248,21172224,N/A,135168,82202624,5,discern-interfa,S (sleeping),client-compromised.bnsdq.ozxfs.vcwss-bomyo.kvugl,0.00469473156868675,0
1759279136,156581,1,N/A,N/A,N/A,N/A,N/A,N/A,N/A,N/A,1264619520,1264619520,17129472,N/A,135168,45826048,4,discern-proc-so,R (running),client-compromised.bnsdq.ozxfs.vcwss-bomyo.kvugl,2.659806316730872,0
1759279139,340,1,103,103,103,103,109,109,109,109,92848128,92848128,86679552,N/A,135168,85118976,1,dbus-daemon,S (sleeping),client-compromised.bnsdq.ozxfs.vcwss-bomyo.kvugl,0.30009821363033085,1
1759279139,38941,38940,N/A,N/A,N/A,N/A,N/A,N/A,N/A,N/A,1091186688,691949568,49971200,N/A,135168,85934080,3,python3,S (sleeping),client-compromised.bnsdq.ozxfs.vcwss-bomyo.kvugl,1.3428909521176267,1
1759279139,3292,1,N/A,N/A,N/A,N/A,N/A,N/A,N/A,N/A,1953800192,1922756608,40435712,N/A,135168,170991616,13,discern-network,S (sleeping),client-compromised.bnsdq.ozxfs.vcwss-bomyo.kvugl,0.5864735348378958,1
1759279139,37174,1,N/A,N/A,N/A,N/A,N/A,N/A,N/A,N/A,1647706112,1580597248,22380544,N/A,135168,82202624,5,discern-interfa,S (sleeping),client-compromised.bnsdq.ozxfs.vcwss-bomyo.kvugl,0.005330038875220949,1
1759279139,36928,1,N/A,N/A,N/A,N/A,N/A,N/A,N/A,N/A,1264619520,1264619520,17235968,N/A,135168,45826048,4,discern-proc-so,R (running),client-compromised.bnsdq.ozxfs.vcwss-bomyo.kvugl,2.625655422316539,1
1759279141,341,1,103,103,103,103,109,109,109,109,107515904,107515904,101335040,N/A,135168,99786752,1,dbus-daemon,S (sleeping),client-compromised.bnsdq.ozxfs.vcwss-bomyo.kvugl,0.2621015668438333,0
1759279141,153885,1,N/A,N/A,N/A,N/A,N/A,N/A,N/A,N/A,1953267712,1930887168,38625280,N/A,135168,170729472,14,discern-network,S (sleeping),client-compromised.bnsdq.ozxfs.vcwss-bomyo.kvugl,0.4882729455543468,0
1759279141,183,1,N/A,N/A,N/A,N/A,N/A,N/A,N/A,N/A,160686080,131276800,43958272,4096,135168,30134272,1,systemd-journal,S (sleeping),client-compromised.bnsdq.ozxfs.vcwss-bomyo.kvugl,0.21077550675300727,0
1759279141,156854,1,N/A,N/A,N/A,N/A,N/A,N/A,N/A,N/A,1647706112,1580597248,21172224,N/A,135168,82202624,5,discern-interfa,S (sleeping),client-compromised.bnsdq.ozxfs.vcwss-bomyo.kvugl,0.004638442730031995,0
1759279141,156581,1,N/A,N/A,N/A,N/A,N/A,N/A,N/A,N/A,1264619520,1264619520,17129472,N/A,135168,45826048,4,discern-proc-so,R (running),client-compromised.bnsdq.ozxfs.vcwss-bomyo.kvugl,2.660365540175698,0
1759279144,340,1,103,103,103,103,109,109,109,109,92983296,92983296,86949888,N/A,135168,85254144,1,dbus-daemon,S (sleeping),client-compromised.bnsdq.ozxfs.vcwss-bomyo.kvugl,0.3003032836221297,1
1759279144,38941,38940,N/A,N/A,N/A,N/A,N/A,N/A,N/A,N/A,1091186688,691949568,49971200,N/A,135168,85934080,3,python3,S (sleeping),client-compromised.bnsdq.ozxfs.vcwss-bomyo.kvugl,1.2249424069713195,1
1759279144,3292,1,N/A,N/A,N/A,N/A,N/A,N/A,N/A,N/A,1953800192,1922756608,40435712,N/A,135168,170991616,13,discern-network,S (sleeping),client-compromised.bnsdq.ozxfs.vcwss-bomyo.kvugl,0.5859631913244191,1
1759279144,37174,1,N/A,N/A,N/A,N/A,N/A,N/A,N/A,N/A,1647706112,1580597248,22380544,N/A,135168,82202624,5,discern-interfa,S (sleeping),client-compromised.bnsdq.ozxfs.vcwss-bomyo.kvugl,0.00518730143936996,1
1759279144,36928,1,N/A,N/A,N/A,N/A,N/A,N/A,N/A,N/A,1264619520,1264619520,17235968,N/A,135168,45826048,4,discern-proc-so,S (sleeping),client-compromised.bnsdq.ozxfs.vcwss-bomyo.kvugl,2.6277976372393574,1
1759279146,341,1,103,103,103,103,109,109,109,109,107515904,107515904,101335040,N/A,135168,99786752,1,dbus-daemon,S (sleeping),client-compromised.bnsdq.ozxfs.vcwss-bomyo.kvugl,0.26216438718828344,0
1759279146,153885,1,N/A,N/A,N/A,N/A,N/A,N/A,N/A,N/A,1953267712,1930887168,38625280,N/A,135168,170729472,14,discern-network,S (sleeping),client-compromised.bnsdq.ozxfs.vcwss-bomyo.kvugl,0.48749541673072444,0
1759279146,183,1,N/A,N/A,N/A,N/A,N/A,N/A,N/A,N/A,160686080,131276800,43958272,4096,135168,30134272,1,systemd-journal,S (sleeping),client-compromised.bnsdq.ozxfs.vcwss-bomyo.kvugl,0.21067158255088786,0
1759279146,156854,1,N/A,N/A,N/A,N/A,N/A,N/A,N/A,N/A,1647706112,1580597248,21172224,N/A,135168,82202624,5,discern-interfa,S (sleeping),client-compromised.bnsdq.ozxfs.vcwss-bomyo.kvugl,0.004583854206693967,0
1759279146,156581,1,N/A,N/A,N/A,N/A,N/A,N/A,N/A,N/A,1264619520,1264619520,17129472,N/A,135168,45826048,4,discern-proc-so,S (sleeping),client-compromised.bnsdq.ozxfs.vcwss-bomyo.kvugl,2.654469784088004,0
1759279149,340,1,103,103,103,103,109,109,109,109,93147136,93147136,86949888,N/A,135168,85417984,1,dbus-daemon,S (sleeping),client-compromised.bnsdq.ozxfs.vcwss-bomyo.kvugl,0.30005420887920015,1
1759279149,38941,38940,N/A,N/A,N/A,N/A,N/A,N/A,N/A,N/A,1091186688,691949568,49971200,N/A,135168,85934080,3,python3,S (sleeping),client-compromised.bnsdq.ozxfs.vcwss-bomyo.kvugl,1.1261370376746858,1
1759279149,3292,1,N/A,N/A,N/A,N/A,N/A,N/A,N/A,N/A,1953800192,1922756608,40435712,N/A,135168,170991616,13,discern-network,S (sleeping),client-compromised.bnsdq.ozxfs.vcwss-bomyo.kvugl,0.5864476399938136,1
1759279149,37174,1,N/A,N/A,N/A,N/A,N/A,N/A,N/A,N/A,1647706112,1580597248,22380544,N/A,135168,82202624,5,discern-interfa,S (sleeping),client-compromised.bnsdq.ozxfs.vcwss-bomyo.kvugl,0.005052146291131926,1
1759279149,36928,1,N/A,N/A,N/A,N/A,N/A,N/A,N/A,N/A,1264619520,1264619520,17235968,N/A,135168,45826048,4,discern-proc-so,S (sleeping),client-compromised.bnsdq.ozxfs.vcwss-bomyo.kvugl,2.629900867860245,1
1759279151,341,1,103,103,103,103,109,109,109,109,107515904,107515904,101335040,N/A,135168,99786752,1,dbus-daemon,S (sleeping),client-compromised.bnsdq.ozxfs.vcwss-bomyo.kvugl,0.26213042368739703,0
1759279151,153885,1,N/A,N/A,N/A,N/A,N/A,N/A,N/A,N/A,1953267712,1930887168,38625280,N/A,135168,170729472,14,discern-network,S (sleeping),client-compromised.bnsdq.ozxfs.vcwss-bomyo.kvugl,0.4867083752615985,0
1759279151,183,1,N/A,N/A,N/A,N/A,N/A,N/A,N/A,N/A,160686080,131276800,43958272,4096,135168,30134272,1,systemd-journal,S (sleeping),client-compromised.bnsdq.ozxfs.vcwss-bomyo.kvugl,0.21066314445493023,0
1759279151,156854,1,N/A,N/A,N/A,N/A,N/A,N/A,N/A,N/A,1647706112,1580597248,21172224,N/A,135168,82202624,5,discern-interfa,S (sleeping),client-compromised.bnsdq.ozxfs.vcwss-bomyo.kvugl,0.00453023605316981,0
1759279151,156581,1,N/A,N/A,N/A,N/A,N/A,N/A,N/A,N/A,1264619520,1264619520,17129472,N/A,135168,45826048,4,discern-proc-so,R (running),client-compromised.bnsdq.ozxfs.vcwss-bomyo.kvugl,2.655110406515014,0
1759279155,340,1,103,103,103,103,109,109,109,109,93421568,93421568,87220224,N/A,135168,85692416,1,dbus-daemon,S (sleeping),client-compromised.bnsdq.ozxfs.vcwss-bomyo.kvugl,0.2998056213649111,1
1759279155,38941,38940,N/A,N/A,N/A,N/A,N/A,N/A,N/A,N/A,1091186688,691949568,49971200,N/A,135168,85934080,3,python3,S (sleeping),client-compromised.bnsdq.ozxfs.vcwss-bomyo.kvugl,1.0420044124674277,1
1759279155,3292,1,N/A,N/A,N/A,N/A,N/A,N/A,N/A,N/A,1953800192,1922756608,40435712,N/A,135168,170991616,13,discern-network,S (sleeping),client-compromised.bnsdq.ozxfs.vcwss-bomyo.kvugl,0.5864341359375008,1
1759279155,37174,1,N/A,N/A,N/A,N/A,N/A,N/A,N/A,N/A,1647706112,1580597248,22380544,N/A,135168,82202624,5,discern-interfa,S (sleeping),client-compromised.bnsdq.ozxfs.vcwss-bomyo.kvugl,0.004923733544740795,1
1759279155,36928,1,N/A,N/A,N/A,N/A,N/A,N/A,N/A,N/A,1264619520,1264619520,17235968,N/A,135168,45826048,4,discern-proc-so,S (sleeping),client-compromised.bnsdq.ozxfs.vcwss-bomyo.kvugl,2.6410143628674856,1
1759279156,341,1,103,103,103,103,109,109,109,109,107515904,107515904,101335040,N/A,135168,99786752,1,dbus-daemon,S (sleeping),client-compromised.bnsdq.ozxfs.vcwss-bomyo.kvugl,0.2620977139498715,0
1759279156,153885,1,N/A,N/A,N/A,N/A,N/A,N/A,N/A,N/A,1953267712,1930887168,38625280,N/A,135168,170729472,14,discern-network,S (sleeping),client-compromised.bnsdq.ozxfs.vcwss-bomyo.kvugl,0.48596915125600504,0
1759279156,183,1,N/A,N/A,N/A,N/A,N/A,N/A,N/A,N/A,160686080,131276800,43958272,4096,135168,30134272,1,systemd-journal,S (sleeping),client-compromised.bnsdq.ozxfs.vcwss-bomyo.kvugl,0.21065569188642308,0
1759279156,156854,1,N/A,N/A,N/A,N/A,N/A,N/A,N/A,N/A,1647706112,1580597248,21172224,N/A,135168,82202624,5,discern-interfa,S (sleeping),client-compromised.bnsdq.ozxfs.vcwss-bomyo.kvugl,0.004478342322843217,0
1759279156,156581,1,N/A,N/A,N/A,N/A,N/A,N/A,N/A,N/A,1264619520,1264619520,17129472,N/A,135168,45826048,4,discern-proc-so,S (sleeping),client-compromised.bnsdq.ozxfs.vcwss-bomyo.kvugl,2.647348521432354,0
1759279160,340,1,103,103,103,103,109,109,109,109,93691904,93691904,87490560,N/A,135168,85962752,1,dbus-daemon,S (sleeping),client-compromised.bnsdq.ozxfs.vcwss-bomyo.kvugl,0.30046141520309544,1
1759279160,38941,38940,N/A,N/A,N/A,N/A,N/A,N/A,N/A,N/A,1091186688,691949568,49971200,N/A,135168,85934080,3,python3,S (sleeping),client-compromised.bnsdq.ozxfs.vcwss-bomyo.kvugl,0.9695310897175011,1
1759279160,3292,1,N/A,N/A,N/A,N/A,N/A,N/A,N/A,N/A,1953800192,1922756608,40435712,N/A,135168,170991616,13,discern-network,S (sleeping),client-compromised.bnsdq.ozxfs.vcwss-bomyo.kvugl,0.5864198528165183,1
1759279160,37174,1,N/A,N/A,N/A,N/A,N/A,N/A,N/A,N/A,1647706112,1580597248,22380544,N/A,135168,82202624,5,discern-interfa,S (sleeping),client-compromised.bnsdq.ozxfs.vcwss-bomyo.kvugl,0.0048016228450063056,1
1759279160,36928,1,N/A,N/A,N/A,N/A,N/A,N/A,N/A,N/A,1264619520,1264619520,17235968,N/A,135168,45826048,4,discern-proc-so,R (running),client-compromised.bnsdq.ozxfs.vcwss-bomyo.kvugl,2.647101301533962,1
1759279161,341,1,103,103,103,103,109,109,109,109,107515904,107515904,101335040,N/A,135168,99786752,1,dbus-daemon,S (sleeping),client-compromised.bnsdq.ozxfs.vcwss-bomyo.kvugl,0.26235279679255363,0
1759279161,153885,1,N/A,N/A,N/A,N/A,N/A,N/A,N/A,N/A,1953267712,1930887168,38625280,N/A,135168,170729472,14,discern-network,S (sleeping),client-compromised.bnsdq.ozxfs.vcwss-bomyo.kvugl,0.4867415939991467,0
1759279161,183,1,N/A,N/A,N/A,N/A,N/A,N/A,N/A,N/A,160686080,131276800,43958272,4096,135168,30134272,1,systemd-journal,S (sleeping),client-compromised.bnsdq.ozxfs.vcwss-bomyo.kvugl,0.2107442050332535,0
1759279161,156854,1,N/A,N/A,N/A,N/A,N/A,N/A,N/A,N/A,1647706112,1580597248,21172224,N/A,135168,82202624,5,discern-interfa,S (sleeping),client-compromised.bnsdq.ozxfs.vcwss-bomyo.kvugl,0.004427662281667256,0
1759279161,156581,1,N/A,N/A,N/A,N/A,N/A,N/A,N/A,N/A,1264619520,1264619520,17129472,N/A,135168,45826048,4,discern-proc-so,R (running),client-compromised.bnsdq.ozxfs.vcwss-bomyo.kvugl,2.637636290007887,0
1759279165,340,1,103,103,103,103,109,109,109,109,93827072,93827072,87490560,N/A,135168,86097920,1,dbus-daemon,S (sleeping),client-compromised.bnsdq.ozxfs.vcwss-bomyo.kvugl,0.29976166370677526,1
1759279165,38941,38940,N/A,N/A,N/A,N/A,N/A,N/A,N/A,N/A,1091186688,691949568,49971200,N/A,135168,85934080,3,python3,S (sleeping),client-compromised.bnsdq.ozxfs.vcwss-bomyo.kvugl,0.9064675771011179,1
1759279165,3292,1,N/A,N/A,N/A,N/A,N/A,N/A,N/A,N/A,1953800192,1922756608,40435712,N/A,135168,170991616,13,discern-network,S (sleeping),client-compromised.bnsdq.ozxfs.vcwss-bomyo.kvugl,0.5864052353574688,1
1759279165,37174,1,N/A,N/A,N/A,N/A,N/A,N/A,N/A,N/A,1647706112,1580597248,22380544,N/A,135168,82202624,5,discern-interfa,S (sleeping),client-compromised.bnsdq.ozxfs.vcwss-bomyo.kvugl,0.004685388753622255,1
1759279165,36928,1,N/A,N/A,N/A,N/A,N/A,N/A,N/A,N/A,1264619520,1264619520,17235968,N/A,135168,45826048,4,discern-proc-so,R (running),client-compromised.bnsdq.ozxfs.vcwss-bomyo.kvugl,2.657274191018318,1
1759279166,341,1,103,103,103,103,109,109,109,109,107515904,107515904,101335040,N/A,135168,99786752,1,dbus-daemon,S (sleeping),client-compromised.bnsdq.ozxfs.vcwss-bomyo.kvugl,0.2623193650520841,0
1759279166,153885,1,N/A,N/A,N/A,N/A,N/A,N/A,N/A,N/A,1953267712,1930887168,38625280,N/A,135168,170729472,14,discern-network,S (sleeping),client-compromised.bnsdq.ozxfs.vcwss-bomyo.kvugl,0.48748106254057677,0
1759279166,183,1,N/A,N/A,N/A,N/A,N/A,N/A,N/A,N/A,160686080,131276800,43958272,4096,135168,30134272,1,systemd-journal,S (sleeping),client-compromised.bnsdq.ozxfs.vcwss-bomyo.kvugl,0.21073620330782905,0
1759279166,156854,1,N/A,N/A,N/A,N/A,N/A,N/A,N/A,N/A,1647706112,1580597248,21172224,N/A,135168,82202624,5,discern-interfa,S (sleeping),client-compromised.bnsdq.ozxfs.vcwss-bomyo.kvugl,0.004377834017083761,0
1759279166,156581,1,N/A,N/A,N/A,N/A,N/A,N/A,N/A,N/A,1264619520,1264619520,17129472,N/A,135168,45826048,4,discern-proc-so,S (sleeping),client-compromised.bnsdq.ozxfs.vcwss-bomyo.kvugl,2.6343278362405598,0
1759279170,340,1,103,103,103,103,109,109,109,109,93962240,93962240,87760896,N/A,135168,86233088,1,dbus-daemon,S (sleeping),client-compromised.bnsdq.ozxfs.vcwss-bomyo.kvugl,0.2999650276846378,1
1759279170,38941,38940,N/A,N/A,N/A,N/A,N/A,N/A,N/A,N/A,1091186688,691949568,49971200,N/A,135168,85934080,3,python3,S (sleeping),client-compromised.bnsdq.ozxfs.vcwss-bomyo.kvugl,0.8511371576981254,1
1759279170,3292,1,N/A,N/A,N/A,N/A,N/A,N/A,N/A,N/A,1953800192,1922756608,40435712,N/A,135168,170991616,13,discern-network,S (sleeping),client-compromised.bnsdq.ozxfs.vcwss-bomyo.kvugl,0.5863915522415298,1
1759279170,37174,1,N/A,N/A,N/A,N/A,N/A,N/A,N/A,N/A,1647706112,1580597248,22380544,N/A,135168,82202624,5,discern-interfa,S (sleeping),client-compromised.bnsdq.ozxfs.vcwss-bomyo.kvugl,0.0045747134260530125,1
1759279170,36928,1,N/A,N/A,N/A,N/A,N/A,N/A,N/A,N/A,1264619520,1264619520,17235968,N/A,135168,45826048,4,discern-proc-so,S (sleeping),client-compromised.bnsdq.ozxfs.vcwss-bomyo.kvugl,2.6584689863343596,1
1759279171,341,1,103,103,103,103,109,109,109,109,107515904,107515904,101335040,N/A,135168,99786752,1,dbus-daemon,S (sleeping),client-compromised.bnsdq.ozxfs.vcwss-bomyo.kvugl,0.2622862596747349,0
1759279171,153885,1,N/A,N/A,N/A,N/A,N/A,N/A,N/A,N/A,1953267712,1930887168,38625280,N/A,135168,170729472,14,discern-network,S (sleeping),client-compromised.bnsdq.ozxfs.vcwss-bomyo.kvugl,0.48674270487971616,0
1759279171,183,1,N/A,N/A,N/A,N/A,N/A,N/A,N/A,N/A,160686080,131276800,43958272,4096,135168,30134272,1,systemd-journal,S (sleeping),client-compromised.bnsdq.ozxfs.vcwss-bomyo.kvugl,0.21072844627410275,0
1759279171,156854,1,N/A,N/A,N/A,N/A,N/A,N/A,N/A,N/A,1647706112,1580597248,21172224,N/A,135168,82202624,5,discern-interfa,S (sleeping),client-compromised.bnsdq.ozxfs.vcwss-bomyo.kvugl,0.004329224020096942,0
1759279171,156581,1,N/A,N/A,N/A,N/A,N/A,N/A,N/A,N/A,1264619520,1264619520,17129472,N/A,135168,45826048,4,discern-proc-so,R (running),client-compromised.bnsdq.ozxfs.vcwss-bomyo.kvugl,2.6290594456441916,0
1759279175,340,1,103,103,103,103,109,109,109,109,94232576,94232576,88031232,N/A,135168,86503424,1,dbus-daemon,S (sleeping),client-compromised.bnsdq.ozxfs.vcwss-bomyo.kvugl,0.3001684770757003,1
1759279175,38941,38940,N/A,N/A,N/A,N/A,N/A,N/A,N/A,N/A,1091186688,691949568,49971200,N/A,135168,85934080,3,python3,S (sleeping),client-compromised.bnsdq.ozxfs.vcwss-bomyo.kvugl,0.8022421853556941,1
1759279175,3292,1,N/A,N/A,N/A,N/A,N/A,N/A,N/A,N/A,1953800192,1922756608,40435712,N/A,135168,170991616,13,discern-network,S (sleeping),client-compromised.bnsdq.ozxfs.vcwss-bomyo.kvugl,0.586869222879605,1
1759279175,37174,1,N/A,N/A,N/A,N/A,N/A,N/A,N/A,N/A,1647706112,1580597248,22380544,N/A,135168,82202624,5,discern-interfa,S (sleeping),client-compromised.bnsdq.ozxfs.vcwss-bomyo.kvugl,0.00446930045311428,1
1759279175,36928,1,N/A,N/A,N/A,N/A,N/A,N/A,N/A,N/A,1264619520,1264619520,17235968,N/A,135168,45826048,4,discern-proc-so,S (sleeping),client-compromised.bnsdq.ozxfs.vcwss-bomyo.kvugl,2.659699560263201,1
1759279177,341,1,103,103,103,103,109,109,109,109,107515904,107515904,101335040,N/A,135168,99786752,1,dbus-daemon,S (sleeping),client-compromised.bnsdq.ozxfs.vcwss-bomyo.kvugl,0.2623480075473028,0
1759279177,153885,1,N/A,N/A,N/A,N/A,N/A,N/A,N/A,N/A,1953267712,1930887168,38625280,N/A,135168,170729472,14,discern-network,S (sleeping),client-compromised.bnsdq.ozxfs.vcwss-bomyo.kvugl,0.48452541940336386,0
1759279177,183,1,N/A,N/A,N/A,N/A,N/A,N/A,N/A,N/A,160686080,131276800,43958272,4096,135168,30134272,1,systemd-journal,S (sleeping),client-compromised.bnsdq.ozxfs.vcwss-bomyo.kvugl,0.21062421495866065,0
1759279177,156854,1,N/A,N/A,N/A,N/A,N/A,N/A,N/A,N/A,1647706112,1580597248,21172224,N/A,135168,82202624,5,discern-interfa,S (sleeping),client-compromised.bnsdq.ozxfs.vcwss-bomyo.kvugl,0.0042813453379620245,0
1759279177,156581,1,N/A,N/A,N/A,N/A,N/A,N/A,N/A,N/A,1264619520,1264619520,17129472,N/A,135168,45826048,4,discern-proc-so,R (running),client-compromised.bnsdq.ozxfs.vcwss-bomyo.kvugl,2.6299252802243336,0
1759279180,340,1,103,103,103,103,109,109,109,109,94367744,94367744,88301568,N/A,135168,86638592,1,dbus-daemon,S (sleeping),client-compromised.bnsdq.ozxfs.vcwss-bomyo.kvugl,0.2999219837071387,1
1759279180,38941,38940,N/A,N/A,N/A,N/A,N/A,N/A,N/A,N/A,1091186688,691949568,49971200,N/A,135168,85934080,3,python3,S (sleeping),client-compromised.bnsdq.ozxfs.vcwss-bomyo.kvugl,0.758578379351699,1
1759279180,3292,1,N/A,N/A,N/A,N/A,N/A,N/A,N/A,N/A,1953800192,1922756608,40435712,N/A,135168,170991616,13,discern-network,S (sleeping),client-compromised.bnsdq.ozxfs.vcwss-bomyo.kvugl,0.5868537484819955,1
1759279180,37174,1,N/A,N/A,N/A,N/A,N/A,N/A,N/A,N/A,1647706112,1580597248,22380544,N/A,135168,82202624,5,discern-interfa,S (sleeping),client-compromised.bnsdq.ozxfs.vcwss-bomyo.kvugl,0.004368441597016261,1
1759279180,36928,1,N/A,N/A,N/A,N/A,N/A,N/A,N/A,N/A,1264619520,1264619520,17235968,N/A,135168,45826048,4,discern-proc-so,R (running),client-compromised.bnsdq.ozxfs.vcwss-bomyo.kvugl,2.6689659935576127,1
1759279182,341,1,103,103,103,103,109,109,109,109,107515904,107515904,101335040,N/A,135168,99786752,1,dbus-daemon,S (sleeping),client-compromised.bnsdq.ozxfs.vcwss-bomyo.kvugl,0.2623145869395853,0
1759279182,153885,1,N/A,N/A,N/A,N/A,N/A,N/A,N/A,N/A,1953267712,1930887168,38625280,N/A,135168,170729472,14,discern-network,S (sleeping),client-compromised.bnsdq.ozxfs.vcwss-bomyo.kvugl,0.4852637036882804,0
1759279182,183,1,N/A,N/A,N/A,N/A,N/A,N/A,N/A,N/A,160686080,131276800,43958272,4096,135168,30134272,1,systemd-journal,S (sleeping),client-compromised.bnsdq.ozxfs.vcwss-bomyo.kvugl,0.21061625231248807,0
1759279182,156854,1,N/A,N/A,N/A,N/A,N/A,N/A,N/A,N/A,1647706112,1580597248,21172224,N/A,135168,82202624,5,discern-interfa,S (sleeping),client-compromised.bnsdq.ozxfs.vcwss-bomyo.kvugl,0.004234724446960559,0
1759279182,156581,1,N/A,N/A,N/A,N/A,N/A,N/A,N/A,N/A,1264619520,1264619520,17129472,N/A,135168,45826048,4,discern-proc-so,S (sleeping),client-compromised.bnsdq.ozxfs.vcwss-bomyo.kvugl,2.628847142004331,0
1759279186,340,1,103,103,103,103,109,109,109,109,94502912,94502912,88301568,N/A,135168,86773760,1,dbus-daemon,S (sleeping),client-compromised.bnsdq.ozxfs.vcwss-bomyo.kvugl,0.2996780611010475,1
1759279186,38941,38940,N/A,N/A,N/A,N/A,N/A,N/A,N/A,N/A,1091186688,691949568,49971200,N/A,135168,85934080,3,python3,S (sleeping),client-compromised.bnsdq.ozxfs.vcwss-bomyo.kvugl,0.7294921007249863,1
1759279186,3292,1,N/A,N/A,N/A,N/A,N/A,N/A,N/A,N/A,1953800192,1922756608,40435712,N/A,135168,170991616,13,discern-network,S (sleeping),client-compromised.bnsdq.ozxfs.vcwss-bomyo.kvugl,0.5863548023789553,1
1759279186,37174,1,N/A,N/A,N/A,N/A,N/A,N/A,N/A,N/A,1647706112,1580597248,22380544,N/A,135168,82202624,5,discern-interfa,S (sleeping),client-compromised.bnsdq.ozxfs.vcwss-bomyo.kvugl,0.0042722296429089065,1
1759279186,36928,1,N/A,N/A,N/A,N/A,N/A,N/A,N/A,N/A,1264619520,1264619520,17235968,N/A,135168,45826048,4,discern-proc-so,S (sleeping),client-compromised.bnsdq.ozxfs.vcwss-bomyo.kvugl,2.6739480739819714,1
1759279187,341,1,103,103,103,103,109,109,109,109,107515904,107515904,101335040,N/A,135168,99786752,1,dbus-daemon,S (sleeping),client-compromised.bnsdq.ozxfs.vcwss-bomyo.kvugl,0.2623740000889138,0
1759279187,153885,1,N/A,N/A,N/A,N/A,N/A,N/A,N/A,N/A,1953267712,1930887168,38625280,N/A,135168,170729472,14,discern-network,S (sleeping),client-compromised.bnsdq.ozxfs.vcwss-bomyo.kvugl,0.48446950842940606,0
1759279187,183,1,N/A,N/A,N/A,N/A,N/A,N/A,N/A,N/A,160686080,131276800,43958272,4096,135168,30134272,1,systemd-journal,S (sleeping),client-compromised.bnsdq.ozxfs.vcwss-bomyo.kvugl,0.21070165065464397,0
1759279187,156854,1,N/A,N/A,N/A,N/A,N/A,N/A,N/A,N/A,1647706112,1580597248,21172224,N/A,135168,82202624,5,discern-interfa,S (sleeping),client-compromised.bnsdq.ozxfs.vcwss-bomyo.kvugl,0.004188110691731902,0
1759279187,156581,1,N/A,N/A,N/A,N/A,N/A,N/A,N/A,N/A,1264619520,1264619520,17129472,N/A,135168,45826048,4,discern-proc-so,S (sleeping),client-compromised.bnsdq.ozxfs.vcwss-bomyo.kvugl,2.6292153055959355,0
1759279191,340,1,103,103,103,103,109,109,109,109,94638080,94638080,88571904,N/A,135168,86908928,1,dbus-daemon,S (sleeping),client-compromised.bnsdq.ozxfs.vcwss-bomyo.kvugl,0.29987958508709756,1
1759279191,38941,38940,N/A,N/A,N/A,N/A,N/A,N/A,N/A,N/A,1091186688,691949568,49971200,N/A,135168,85934080,3,python3,S (sleeping),client-compromised.bnsdq.ozxfs.vcwss-bomyo.kvugl,0.6936905623744095,1
1759279191,3292,1,N/A,N/A,N/A,N/A,N/A,N/A,N/A,N/A,1953800192,1922756608,40435712,N/A,135168,170991616,13,discern-network,S (sleeping),client-compromised.bnsdq.ozxfs.vcwss-bomyo.kvugl,0.5863410636468234,1
1759279191,37174,1,N/A,N/A,N/A,N/A,N/A,N/A,N/A,N/A,1647706112,1580597248,22380544,N/A,135168,82202624,5,discern-interfa,S (sleeping),client-compromised.bnsdq.ozxfs.vcwss-bomyo.kvugl,0.004179998362273549,1
1759279191,36928,1,N/A,N/A,N/A,N/A,N/A,N/A,N/A,N/A,1264619520,1264619520,17235968,N/A,135168,45826048,4,discern-proc-so,S (sleeping),client-compromised.bnsdq.ozxfs.vcwss-bomyo.kvugl,2.674694431241984,1
1759279192,341,1,103,103,103,103,109,109,109,109,107515904,107515904,101335040,N/A,135168,99786752,1,dbus-daemon,S (sleeping),client-compromised.bnsdq.ozxfs.vcwss-bomyo.kvugl,0.2623400725924799,0
1759279192,153885,1,N/A,N/A,N/A,N/A,N/A,N/A,N/A,N/A,1953267712,1930887168,38625280,N/A,135168,170729472,14,discern-network,S (sleeping),client-compromised.bnsdq.ozxfs.vcwss-bomyo.kvugl,0.485182623712879,0
1759279192,183,1,N/A,N/A,N/A,N/A,N/A,N/A,N/A,N/A,160686080,131276800,43958272,4096,135168,30134272,1,systemd-journal,S (sleeping),client-compromised.bnsdq.ozxfs.vcwss-bomyo.kvugl,0.21069323447105626,0
1759279192,156854,1,N/A,N/A,N/A,N/A,N/A,N/A,N/A,N/A,1647706112,1580597248,21172224,N/A,135168,82202624,5,discern-interfa,S (sleeping),client-compromised.bnsdq.ozxfs.vcwss-bomyo.kvugl,0.004143307217469413,0
1759279192,156581,1,N/A,N/A,N/A,N/A,N/A,N/A,N/A,N/A,1264619520,1264619520,17129472,N/A,135168,45826048,4,discern-proc-so,S (sleeping),client-compromised.bnsdq.ozxfs.vcwss-bomyo.kvugl,2.62001921922456,0
1759279196,340,1,103,103,103,103,109,109,109,109,94908416,94908416,88571904,N/A,135168,87179264,1,dbus-daemon,S (sleeping),client-compromised.bnsdq.ozxfs.vcwss-bomyo.kvugl,0.29963630029048144,1
1759279196,38941,38940,N/A,N/A,N/A,N/A,N/A,N/A,N/A,N/A,1091186688,691949568,49971200,N/A,135168,85934080,3,python3,S (sleeping),client-compromised.bnsdq.ozxfs.vcwss-bomyo.kvugl,0.6612690607543106,1
1759279196,3292,1,N/A,N/A,N/A,N/A,N/A,N/A,N/A,N/A,1953800192,1922756608,40435712,N/A,135168,170991616,13,discern-network,S (sleeping),client-compromised.bnsdq.ozxfs.vcwss-bomyo.kvugl,0.5868130056057297,1
1759279196,37174,1,N/A,N/A,N/A,N/A,N/A,N/A,N/A,N/A,1647706112,1580597248,22380544,N/A,135168,82202624,5,discern-interfa,S (sleeping),client-compromised.bnsdq.ozxfs.vcwss-bomyo.kvugl,0.004091753520553056,1
1759279196,36928,1,N/A,N/A,N/A,N/A,N/A,N/A,N/A,N/A,1264619520,1264619520,17235968,N/A,135168,45826048,4,discern-proc-so,R (running),client-compromised.bnsdq.ozxfs.vcwss-bomyo.kvugl,2.6793207095021936,1
1759279197,341,1,103,103,103,103,109,109,109,109,107515904,107515904,101335040,N/A,135168,99786752,1,dbus-daemon,S (sleeping),client-compromised.bnsdq.ozxfs.vcwss-bomyo.kvugl,0.26240222361289045,0
1759279197,153885,1,N/A,N/A,N/A,N/A,N/A,N/A,N/A,N/A,1953267712,1930887168,38625280,N/A,135168,170729472,14,discern-network,S (sleeping),client-compromised.bnsdq.ozxfs.vcwss-bomyo.kvugl,0.48589867965951933,0
1759279197,183,1,N/A,N/A,N/A,N/A,N/A,N/A,N/A,N/A,160686080,131276800,43958272,4096,135168,30134272,1,systemd-journal,S (sleeping),client-compromised.bnsdq.ozxfs.vcwss-bomyo.kvugl,0.2106852178379973,0
1759279197,156854,1,N/A,N/A,N/A,N/A,N/A,N/A,N/A,N/A,1647706112,1580597248,21172224,N/A,135168,82202624,5,discern-interfa,S (sleeping),client-compromised.bnsdq.ozxfs.vcwss-bomyo.kvugl,0.004099615500695269,0
1759279197,156581,1,N/A,N/A,N/A,N/A,N/A,N/A,N/A,N/A,1264619520,1264619520,17129472,N/A,135168,45826048,4,discern-proc-so,R (running),client-compromised.bnsdq.ozxfs.vcwss-bomyo.kvugl,2.6210561957805476,0
1759279201,340,1,103,103,103,103,109,109,109,109,95043584,95043584,88842240,N/A,135168,87314432,1,dbus-daemon,S (sleeping),client-compromised.bnsdq.ozxfs.vcwss-bomyo.kvugl,0.2998369869954451,1
1759279201,38941,38940,N/A,N/A,N/A,N/A,N/A,N/A,N/A,N/A,1091186688,691949568,49971200,N/A,135168,85934080,3,python3,S (sleeping),client-compromised.bnsdq.ozxfs.vcwss-bomyo.kvugl,0.6317146435124135,1
1759279201,3292,1,N/A,N/A,N/A,N/A,N/A,N/A,N/A,N/A,1953800192,1922756608,40435712,N/A,135168,170991616,13,discern-network,S (sleeping),client-compromised.bnsdq.ozxfs.vcwss-bomyo.kvugl,0.587281129766559,1
1759279201,37174,1,N/A,N/A,N/A,N/A,N/A,N/A,N/A,N/A,1647706112,1580597248,22380544,N/A,135168,82202624,5,discern-interfa,S (sleeping),client-compromised.bnsdq.ozxfs.vcwss-bomyo.kvugl,0.0040070729571971084,1
1759279201,36928,1,N/A,N/A,N/A,N/A,N/A,N/A,N/A,N/A,1264619520,1264619520,17235968,N/A,135168,45826048,4,discern-proc-so,R (running),client-compromised.bnsdq.ozxfs.vcwss-bomyo.kvugl,2.6837132504255776,1
1759279203,341,1,103,103,103,103,109,109,109,109,107515904,107515904,101335040,N/A,135168,99786752,1,dbus-daemon,S (sleeping),client-compromised.bnsdq.ozxfs.vcwss-bomyo.kvugl,0.2624640947696257,0
1759279203,153885,1,N/A,N/A,N/A,N/A,N/A,N/A,N/A,N/A,1953267712,1930887168,38625280,N/A,135168,170729472,14,discern-network,S (sleeping),client-compromised.bnsdq.ozxfs.vcwss-bomyo.kvugl,0.48659835230028664,0
1759279203,183,1,N/A,N/A,N/A,N/A,N/A,N/A,N/A,N/A,160686080,131276800,43958272,4096,135168,30134272,1,systemd-journal,S (sleeping),client-compromised.bnsdq.ozxfs.vcwss-bomyo.kvugl,0.21067703317315054,0
1759279203,156854,1,N/A,N/A,N/A,N/A,N/A,N/A,N/A,N/A,1647706112,1580597248,21172224,N/A,135168,82202624,5,discern-interfa,S (sleeping),client-compromised.bnsdq.ozxfs.vcwss-bomyo.kvugl,0.004056763672170203,0
1759279203,156581,1,N/A,N/A,N/A,N/A,N/A,N/A,N/A,N/A,1264619520,1264619520,17129472,N/A,135168,45826048,4,discern-proc-so,R (running),client-compromised.bnsdq.ozxfs.vcwss-bomyo.kvugl,2.6220270306300355,0
1759279206,340,1,103,103,103,103,109,109,109,109,95313920,95313920,89112576,N/A,135168,87584768,1,dbus-daemon,S (sleeping),client-compromised.bnsdq.ozxfs.vcwss-bomyo.kvugl,0.30003673430615263,1
1759279206,38941,38940,N/A,N/A,N/A,N/A,N/A,N/A,N/A,N/A,1091186688,691949568,49971200,N/A,135168,85934080,3,python3,S (sleeping),client-compromised.bnsdq.ozxfs.vcwss-bomyo.kvugl,0.6046879642862916,1
1759279206,3292,1,N/A,N/A,N/A,N/A,N/A,N/A,N/A,N/A,1953800192,1922756608,40435712,N/A,135168,170991616,13,discern-network,S (sleeping),client-compromised.bnsdq.ozxfs.vcwss-bomyo.kvugl,0.587265105785128,1
1759279206,37174,1,N/A,N/A,N/A,N/A,N/A,N/A,N/A,N/A,1647706112,1580597248,22380544,N/A,135168,82202624,5,discern-interfa,S (sleeping),client-compromised.bnsdq.ozxfs.vcwss-bomyo.kvugl,0.003925823316817699,1
1759279206,36928,1,N/A,N/A,N/A,N/A,N/A,N/A,N/A,N/A,1264619520,1264619520,17235968,N/A,135168,45826048,4,discern-proc-so,R (running),client-compromised.bnsdq.ozxfs.vcwss-bomyo.kvugl,2.691642904017698,1
1759279208,341,1,103,103,103,103,109,109,109,109,107515904,107515904,101335040,N/A,135168,99786752,1,dbus-daemon,S (sleeping),client-compromised.bnsdq.ozxfs.vcwss-bomyo.kvugl,0.26252609131017574,0
1759279208,153885,1,N/A,N/A,N/A,N/A,N/A,N/A,N/A,N/A,1953267712,1930887168,38625280,N/A,135168,170729472,14,discern-network,S (sleeping),client-compromised.bnsdq.ozxfs.vcwss-bomyo.kvugl,0.48589273459713805,0
1759279208,183,1,N/A,N/A,N/A,N/A,N/A,N/A,N/A,N/A,160686080,131276800,43958272,4096,135168,30134272,1,systemd-journal,S (sleeping),client-compromised.bnsdq.ozxfs.vcwss-bomyo.kvugl,0.21066900612021675,0
1759279208,156854,1,N/A,N/A,N/A,N/A,N/A,N/A,N/A,N/A,1647706112,1580597248,21172224,N/A,135168,82202624,5,discern-interfa,S (sleeping),client-compromised.bnsdq.ozxfs.vcwss-bomyo.kvugl,0.004014858355736404,0
1759279208,156581,1,N/A,N/A,N/A,N/A,N/A,N/A,N/A,N/A,1264619520,1264619520,17129472,N/A,135168,45826048,4,discern-proc-so,R (running),client-compromised.bnsdq.ozxfs.vcwss-bomyo.kvugl,2.621067636246596,0
1759279211,340,1,103,103,103,103,109,109,109,109,95449088,95449088,89382912,N/A,135168,87719936,1,dbus-daemon,S (sleeping),client-compromised.bnsdq.ozxfs.vcwss-bomyo.kvugl,0.29979332246552237,1
1759279211,38941,38940,N/A,N/A,N/A,N/A,N/A,N/A,N/A,N/A,1091186688,691949568,49971200,N/A,135168,85934080,3,python3,S (sleeping),client-compromised.bnsdq.ozxfs.vcwss-bomyo.kvugl,0.5798538814607029,1
1759279211,3292,1,N/A,N/A,N/A,N/A,N/A,N/A,N/A,N/A,1953800192,1922756608,40435712,N/A,135168,170991616,13,discern-network,S (sleeping),client-compromised.bnsdq.ozxfs.vcwss-bomyo.kvugl,0.5872476066106093,1
1759279211,37174,1,N/A,N/A,N/A,N/A,N/A,N/A,N/A,N/A,1647706112,1580597248,22380544,N/A,135168,82202624,5,discern-interfa,S (sleeping),client-compromised.bnsdq.ozxfs.vcwss-bomyo.kvugl,0.003847721444823392,1
1759279211,36928,1,N/A,N/A,N/A,N/A,N/A,N/A,N/A,N/A,1264619520,1264619520,17235968,N/A,135168,45826048,4,discern-proc-so,S (sleeping),client-compromised.bnsdq.ozxfs.vcwss-bomyo.kvugl,2.6992205071489823,1
1759279213,341,1,103,103,103,103,109,109,109,109,107515904,107515904,101335040,N/A,135168,99786752,1,dbus-daemon,S (sleeping),client-compromised.bnsdq.ozxfs.vcwss-bomyo.kvugl,0.262491909151446,0
1759279213,153885,1,N/A,N/A,N/A,N/A,N/A,N/A,N/A,N/A,1953267712,1930887168,38625280,N/A,135168,170729472,14,discern-network,S (sleeping),client-compromised.bnsdq.ozxfs.vcwss-bomyo.kvugl,0.4865685293705713,0
1759279213,183,1,N/A,N/A,N/A,N/A,N/A,N/A,N/A,N/A,160686080,131276800,43958272,4096,135168,30134272,1,systemd-journal,S (sleeping),client-compromised.bnsdq.ozxfs.vcwss-bomyo.kvugl,0.21066042441672536,0
1759279213,156854,1,N/A,N/A,N/A,N/A,N/A,N/A,N/A,N/A,1647706112,1580597248,21172224,N/A,135168,82202624,5,discern-interfa,S (sleeping),client-compromised.bnsdq.ozxfs.vcwss-bomyo.kvugl,0.003973588953185795,0
1759279213,156581,1,N/A,N/A,N/A,N/A,N/A,N/A,N/A,N/A,1264619520,1264619520,17129472,N/A,135168,45826048,4,discern-proc-so,S (sleeping),client-compromised.bnsdq.ozxfs.vcwss-bomyo.kvugl,2.623844415457186,0
1759279217,340,1,103,103,103,103,109,109,109,109,95719424,95719424,89653248,N/A,135168,87990272,1,dbus-daemon,S (sleeping),client-compromised.bnsdq.ozxfs.vcwss-bomyo.kvugl,0.2999923600214855,1
1759279217,38941,38940,N/A,N/A,N/A,N/A,N/A,N/A,N/A,N/A,1091186688,691949568,49971200,N/A,135168,85934080,3,python3,S (sleeping),client-compromised.bnsdq.ozxfs.vcwss-bomyo.kvugl,0.5570056672295309,1
1759279217,3292,1,N/A,N/A,N/A,N/A,N/A,N/A,N/A,N/A,1953800192,1922756608,40435712,N/A,135168,170991616,13,discern-network,S (sleeping),client-compromised.bnsdq.ozxfs.vcwss-bomyo.kvugl,0.5877113640250687,1
1759279217,37174,1,N/A,N/A,N/A,N/A,N/A,N/A,N/A,N/A,1647706112,1580597248,22380544,N/A,135168,82202624,5,discern-interfa,S (sleeping),client-compromised.bnsdq.ozxfs.vcwss-bomyo.kvugl,0.0037727575663211495,1
1759279217,36928,1,N/A,N/A,N/A,N/A,N/A,N/A,N/A,N/A,1264619520,1264619520,17235968,N/A,135168,45826048,4,discern-proc-so,R (running),client-compromised.bnsdq.ozxfs.vcwss-bomyo.kvugl,2.699438810995066,1
1759279218,341,1,103,103,103,103,109,109,109,109,107515904,107515904,101335040,N/A,135168,99786752,1,dbus-daemon,S (sleeping),client-compromised.bnsdq.ozxfs.vcwss-bomyo.kvugl,0.26255381933092986,0
1759279218,153885,1,N/A,N/A,N/A,N/A,N/A,N/A,N/A,N/A,1953267712,1930887168,38625280,N/A,135168,170729472,14,discern-network,S (sleeping),client-compromised.bnsdq.ozxfs.vcwss-bomyo.kvugl,0.48725318659616473,0
1759279218,183,1,N/A,N/A,N/A,N/A,N/A,N/A,N/A,N/A,160686080,131276800,43958272,4096,135168,30134272,1,systemd-journal,S (sleeping),client-compromised.bnsdq.ozxfs.vcwss-bomyo.kvugl,0.21055704320879104,0
1759279218,156854,1,N/A,N/A,N/A,N/A,N/A,N/A,N/A,N/A,1647706112,1580597248,21172224,N/A,135168,82202624,5,discern-interfa,S (sleeping),client-compromised.bnsdq.ozxfs.vcwss-bomyo.kvugl,0.003933372308327487,0
1759279218,156581,1,N/A,N/A,N/A,N/A,N/A,N/A,N/A,N/A,1264619520,1264619520,17129472,N/A,135168,45826048,4,discern-proc-so,R (running),client-compromised.bnsdq.ozxfs.vcwss-bomyo.kvugl,2.6228833001013623,0
1759279222,340,1,103,103,103,103,109,109,109,109,95854592,95854592,89653248,N/A,135168,88125440,1,dbus-daemon,S (sleeping),client-compromised.bnsdq.ozxfs.vcwss-bomyo.kvugl,0.2997516409205391,1
1759279222,38941,38940,N/A,N/A,N/A,N/A,N/A,N/A,N/A,N/A,1091186688,691949568,49971200,N/A,135168,85934080,3,python3,S (sleeping),client-compromised.bnsdq.ozxfs.vcwss-bomyo.kvugl,0.5359096165919303,1
1759279222,3292,1,N/A,N/A,N/A,N/A,N/A,N/A,N/A,N/A,1953800192,1922756608,40435712,N/A,135168,170991616,13,discern-network,S (sleeping),client-compromised.bnsdq.ozxfs.vcwss-bomyo.kvugl,0.5876960325763896,1
1759279222,37174,1,N/A,N/A,N/A,N/A,N/A,N/A,N/A,N/A,1647706112,1580597248,22380544,N/A,135168,82202624,5,discern-interfa,S (sleeping),client-compromised.bnsdq.ozxfs.vcwss-bomyo.kvugl,0.0037007265874776773,1
1759279222,36928,1,N/A,N/A,N/A,N/A,N/A,N/A,N/A,N/A,1264619520,1264619520,17235968,N/A,135168,45826048,4,discern-proc-so,S (sleeping),client-compromised.bnsdq.ozxfs.vcwss-bomyo.kvugl,2.703202091605161,1
1759279223,341,1,103,103,103,103,109,109,109,109,107515904,107515904,101335040,N/A,135168,99786752,1,dbus-daemon,S (sleeping),client-compromised.bnsdq.ozxfs.vcwss-bomyo.kvugl,0.2626155170679861,0
1759279223,183,1,N/A,N/A,N/A,N/A,N/A,N/A,N/A,N/A,160686080,131276800,43958272,4096,135168,30134272,1,systemd-journal,S (sleeping),client-compromised.bnsdq.ozxfs.vcwss-bomyo.kvugl,0.21064427158641835,0
1759279223,153885,1,N/A,N/A,N/A,N/A,N/A,N/A,N/A,N/A,1953267712,1930887168,38625280,N/A,135168,170729472,14,discern-network,S (sleeping),client-compromised.bnsdq.ozxfs.vcwss-bomyo.kvugl,0.4879240451155779,0
1759279223,156854,1,N/A,N/A,N/A,N/A,N/A,N/A,N/A,N/A,1647706112,1580597248,21172224,N/A,135168,82202624,5,discern-interfa,S (sleeping),client-compromised.bnsdq.ozxfs.vcwss-bomyo.kvugl,0.003893915230062706,0
1759279223,156581,1,N/A,N/A,N/A,N/A,N/A,N/A,N/A,N/A,1264619520,1264619520,17129472,N/A,135168,45826048,4,discern-proc-so,S (sleeping),client-compromised.bnsdq.ozxfs.vcwss-bomyo.kvugl,2.6219114587158456,0
1759279227,340,1,103,103,103,103,109,109,109,109,95989760,95989760,89923584,N/A,135168,88260608,1,dbus-daemon,S (sleeping),client-compromised.bnsdq.ozxfs.vcwss-bomyo.kvugl,0.29992674961923604,1
1759279227,38941,38940,N/A,N/A,N/A,N/A,N/A,N/A,N/A,N/A,1091186688,691949568,49971200,N/A,135168,85934080,3,python3,S (sleeping),client-compromised.bnsdq.ozxfs.vcwss-bomyo.kvugl,0.5156935602268853,1
1759279227,3292,1,N/A,N/A,N/A,N/A,N/A,N/A,N/A,N/A,1953800192,1922756608,40435712,N/A,135168,170991616,13,discern-network,S (sleeping),client-compromised.bnsdq.ozxfs.vcwss-bomyo.kvugl,0.5871531188852113,1
1759279227,37174,1,N/A,N/A,N/A,N/A,N/A,N/A,N/A,N/A,1647706112,1580597248,22380544,N/A,135168,82202624,5,discern-interfa,S (sleeping),client-compromised.bnsdq.ozxfs.vcwss-bomyo.kvugl,0.0036290115923638777,1
1759279227,179,1,N/A,N/A,N/A,N/A,N/A,N/A,N/A,N/A,118755328,118755328,44314624,4096,135168,38526976,1,systemd-journal,S (sleeping),client-compromised.bnsdq.ozxfs.vcwss-bomyo.kvugl,0.1967954149243406,1
1759279228,341,1,103,103,103,103,109,109,109,109,107515904,107515904,101335040,N/A,135168,99786752,1,dbus-daemon,S (sleeping),client-compromised.bnsdq.ozxfs.vcwss-bomyo.kvugl,0.262676660958327,0
1759279228,183,1,N/A,N/A,N/A,N/A,N/A,N/A,N/A,N/A,160686080,131276800,43958272,4096,135168,30134272,1,systemd-journal,S (sleeping),client-compromised.bnsdq.ozxfs.vcwss-bomyo.kvugl,0.21073101662198948,0
1759279228,153885,1,N/A,N/A,N/A,N/A,N/A,N/A,N/A,N/A,1953267712,1930887168,38625280,N/A,135168,170729472,14,discern-network,S (sleeping),client-compromised.bnsdq.ozxfs.vcwss-bomyo.kvugl,0.48721151414928277,0
1759279228,156854,1,N/A,N/A,N/A,N/A,N/A,N/A,N/A,N/A,1647706112,1580597248,21172224,N/A,135168,82202624,5,discern-interfa,S (sleeping),client-compromised.bnsdq.ozxfs.vcwss-bomyo.kvugl,0.00385509518900387,0
1759279228,156581,1,N/A,N/A,N/A,N/A,N/A,N/A,N/A,N/A,1264619520,1264619520,17129472,N/A,135168,45826048,4,discern-proc-so,R (running),client-compromised.bnsdq.ozxfs.vcwss-bomyo.kvugl,2.626481061465631,0
1759279232,38941,38940,N/A,N/A,N/A,N/A,N/A,N/A,N/A,N/A,1091186688,704839680,363245568,N/A,135168,224755712,3,python3,S (sleeping),client-compromised.bnsdq.ozxfs.vcwss-bomyo.kvugl,1.2741797676190179,1
1759279232,340,1,103,103,103,103,109,109,109,109,96153600,96153600,89923584,N/A,135168,88424448,1,dbus-daemon,S (sleeping),client-compromised.bnsdq.ozxfs.vcwss-bomyo.kvugl,0.2996813496034194,1
1759279232,3292,1,N/A,N/A,N/A,N/A,N/A,N/A,N/A,N/A,1953800192,1922756608,40435712,N/A,135168,170991616,13,discern-network,S (sleeping),client-compromised.bnsdq.ozxfs.vcwss-bomyo.kvugl,0.5890297425765576,1
1759279232,37174,1,N/A,N/A,N/A,N/A,N/A,N/A,N/A,N/A,1647706112,1580597248,22380544,N/A,135168,82202624,5,discern-interfa,S (sleeping),client-compromised.bnsdq.ozxfs.vcwss-bomyo.kvugl,0.003561741103614081,1
1759279232,36928,1,N/A,N/A,N/A,N/A,N/A,N/A,N/A,N/A,1264619520,1264619520,17235968,N/A,135168,45826048,4,discern-proc-so,S (sleeping),client-compromised.bnsdq.ozxfs.vcwss-bomyo.kvugl,2.7116427752746324,1
1759279233,341,1,103,103,103,103,109,109,109,109,107515904,107515904,101335040,N/A,135168,99786752,1,dbus-daemon,S (sleeping),client-compromised.bnsdq.ozxfs.vcwss-bomyo.kvugl,0.262643163636497,0
1759279233,183,1,N/A,N/A,N/A,N/A,N/A,N/A,N/A,N/A,160686080,131276800,43958272,4096,135168,30134272,1,systemd-journal,S (sleeping),client-compromised.bnsdq.ozxfs.vcwss-bomyo.kvugl,0.21062775633827016,0
1759279233,153885,1,N/A,N/A,N/A,N/A,N/A,N/A,N/A,N/A,1953267712,1930887168,38625280,N/A,135168,170729472,14,discern-network,S (sleeping),client-compromised.bnsdq.ozxfs.vcwss-bomyo.kvugl,0.4865260469831492,0
1759279233,156854,1,N/A,N/A,N/A,N/A,N/A,N/A,N/A,N/A,1647706112,1580597248,21172224,N/A,135168,82202624,5,discern-interfa,S (sleeping),client-compromised.bnsdq.ozxfs.vcwss-bomyo.kvugl,0.0038172310509893615,0
1759279233,156581,1,N/A,N/A,N/A,N/A,N/A,N/A,N/A,N/A,1264619520,1264619520,17129472,N/A,135168,45826048,4,discern-proc-so,S (sleeping),client-compromised.bnsdq.ozxfs.vcwss-bomyo.kvugl,2.627379190001266,0
1759279237,38941,38940,N/A,N/A,N/A,N/A,N/A,N/A,N/A,N/A,1091186688,704839680,363245568,N/A,135168,224755712,3,python3,S (sleeping),client-compromised.bnsdq.ozxfs.vcwss-bomyo.kvugl,1.230791372385032,1
1759279237,340,1,103,103,103,103,109,109,109,109,96428032,96428032,90189824,N/A,135168,88698880,1,dbus-daemon,S (sleeping),client-compromised.bnsdq.ozxfs.vcwss-bomyo.kvugl,0.29944107204004977,1
1759279237,3292,1,N/A,N/A,N/A,N/A,N/A,N/A,N/A,N/A,1953800192,1922756608,40435712,N/A,135168,170991616,13,discern-network,S (sleeping),client-compromised.bnsdq.ozxfs.vcwss-bomyo.kvugl,0.5890072532508125,1
1759279237,37174,1,N/A,N/A,N/A,N/A,N/A,N/A,N/A,N/A,1647706112,1580597248,22380544,N/A,135168,82202624,5,discern-interfa,S (sleeping),client-compromised.bnsdq.ozxfs.vcwss-bomyo.kvugl,0.0034972968122090717,1
1759279237,36928,1,N/A,N/A,N/A,N/A,N/A,N/A,N/A,N/A,1264619520,1264619520,17235968,N/A,135168,45826048,4,discern-proc-so,S (sleeping),client-compromised.bnsdq.ozxfs.vcwss-bomyo.kvugl,2.7115469224831505,1
1759279239,341,1,103,103,103,103,109,109,109,109,107515904,107515904,101335040,N/A,135168,99786752,1,dbus-daemon,S (sleeping),client-compromised.bnsdq.ozxfs.vcwss-bomyo.kvugl,0.26270423043412566,0
1759279239,183,1,N/A,N/A,N/A,N/A,N/A,N/A,N/A,N/A,160686080,131276800,43958272,4096,135168,30134272,1,systemd-journal,S (sleeping),client-compromised.bnsdq.ozxfs.vcwss-bomyo.kvugl,0.21071442191758732,0
1759279239,153885,1,N/A,N/A,N/A,N/A,N/A,N/A,N/A,N/A,1953267712,1930887168,38625280,N/A,135168,170729472,14,discern-network,S (sleeping),client-compromised.bnsdq.ozxfs.vcwss-bomyo.kvugl,0.48717510638416955,0
1759279239,156854,1,N/A,N/A,N/A,N/A,N/A,N/A,N/A,N/A,1647706112,1580597248,21172224,N/A,135168,82202624,5,discern-interfa,S (sleeping),client-compromised.bnsdq.ozxfs.vcwss-bomyo.kvugl,0.003779917551697309,0
1759279239,156581,1,N/A,N/A,N/A,N/A,N/A,N/A,N/A,N/A,1264619520,1264619520,17129472,N/A,135168,45826048,4,discern-proc-so,R (running),client-compromised.bnsdq.ozxfs.vcwss-bomyo.kvugl,2.6299723440562253,0
1759279244,341,1,103,103,103,103,109,109,109,109,107515904,107515904,101335040,N/A,135168,99786752,1,dbus-daemon,S (sleeping),client-compromised.bnsdq.ozxfs.vcwss-bomyo.kvugl,0.262670731570531,0
1759279244,183,1,N/A,N/A,N/A,N/A,N/A,N/A,N/A,N/A,160686080,131276800,43958272,4096,135168,30134272,1,systemd-journal,S (sleeping),client-compromised.bnsdq.ozxfs.vcwss-bomyo.kvugl,0.21070638099047592,0
1759279244,153885,1,N/A,N/A,N/A,N/A,N/A,N/A,N/A,N/A,1953267712,1930887168,38625280,N/A,135168,170729472,14,discern-network,S (sleeping),client-compromised.bnsdq.ozxfs.vcwss-bomyo.kvugl,0.4878316179553802,0
1759279244,156854,1,N/A,N/A,N/A,N/A,N/A,N/A,N/A,N/A,1647706112,1580597248,21172224,N/A,135168,82202624,5,discern-interfa,S (sleeping),client-compromised.bnsdq.ozxfs.vcwss-bomyo.kvugl,0.0037435028250804377,0
1759279244,156581,1,N/A,N/A,N/A,N/A,N/A,N/A,N/A,N/A,1264619520,1264619520,17129472,N/A,135168,45826048,4,discern-proc-so,R (running),client-compromised.bnsdq.ozxfs.vcwss-bomyo.kvugl,2.628996115800607,0
1759279249,341,1,103,103,103,103,109,109,109,109,107515904,107515904,101335040,N/A,135168,99786752,1,dbus-daemon,S (sleeping),client-compromised.bnsdq.ozxfs.vcwss-bomyo.kvugl,0.2628274013570542,0
1759279249,183,1,N/A,N/A,N/A,N/A,N/A,N/A,N/A,N/A,160686080,131276800,43958272,4096,135168,30134272,1,systemd-journal,S (sleeping),client-compromised.bnsdq.ozxfs.vcwss-bomyo.kvugl,0.21069831330021002,0
1759279249,153885,1,N/A,N/A,N/A,N/A,N/A,N/A,N/A,N/A,1953267712,1930887168,38625280,N/A,135168,170729472,14,discern-network,S (sleeping),client-compromised.bnsdq.ozxfs.vcwss-bomyo.kvugl,0.488478042537236,0
1759279249,156854,1,N/A,N/A,N/A,N/A,N/A,N/A,N/A,N/A,1647706112,1580597248,21172224,N/A,135168,82202624,5,discern-interfa,S (sleeping),client-compromised.bnsdq.ozxfs.vcwss-bomyo.kvugl,0.0037077708983944534,0
1759279249,156581,1,N/A,N/A,N/A,N/A,N/A,N/A,N/A,N/A,1264619520,1264619520,17129472,N/A,135168,45826048,4,discern-proc-so,R (running),client-compromised.bnsdq.ozxfs.vcwss-bomyo.kvugl,2.628029598986493,0
1759279249,38941,38940,N/A,N/A,N/A,N/A,N/A,N/A,N/A,N/A,1091186688,704839680,363245568,N/A,135168,224755712,3,python3,S (sleeping),client-compromised.bnsdq.ozxfs.vcwss-bomyo.kvugl,1.144839877015201,1
1759279249,340,1,103,103,103,103,109,109,109,109,96845824,96845824,90730496,N/A,135168,89116672,1,dbus-daemon,S (sleeping),client-compromised.bnsdq.ozxfs.vcwss-bomyo.kvugl,0.2996948684076388,1
1759279249,3292,1,N/A,N/A,N/A,N/A,N/A,N/A,N/A,N/A,1953800192,1922756608,40435712,N/A,135168,170991616,13,discern-network,S (sleeping),client-compromised.bnsdq.ozxfs.vcwss-bomyo.kvugl,0.5881959118857827,1
1759279249,37174,1,N/A,N/A,N/A,N/A,N/A,N/A,N/A,N/A,1647706112,1580597248,22380544,N/A,135168,82202624,5,discern-interfa,S (sleeping),client-compromised.bnsdq.ozxfs.vcwss-bomyo.kvugl,0.0033631314559251354,1
1759279249,41788,1,N/A,N/A,N/A,N/A,N/A,N/A,N/A,N/A,1264357376,1264357376,16842752,N/A,135168,45563904,4,discern-proc-so,R (running),client-compromised.bnsdq.ozxfs.vcwss-bomyo.kvugl,4.470843380364711,1
1759279254,341,1,103,103,103,103,109,109,109,109,107515904,107515904,101335040,N/A,135168,99786752,1,dbus-daemon,S (sleeping),client-compromised.bnsdq.ozxfs.vcwss-bomyo.kvugl,0.26279322245415915,0
1759279254,183,1,N/A,N/A,N/A,N/A,N/A,N/A,N/A,N/A,160686080,131276800,43958272,4096,135168,30134272,1,systemd-journal,S (sleeping),client-compromised.bnsdq.ozxfs.vcwss-bomyo.kvugl,0.210689765231375,0
1759279254,153885,1,N/A,N/A,N/A,N/A,N/A,N/A,N/A,N/A,1953267712,1930887168,38625280,N/A,135168,170729472,14,discern-network,S (sleeping),client-compromised.bnsdq.ozxfs.vcwss-bomyo.kvugl,0.4877852992524669,0
1759279254,156854,1,N/A,N/A,N/A,N/A,N/A,N/A,N/A,N/A,1647706112,1580597248,21172224,N/A,135168,82202624,5,discern-interfa,S (sleeping),client-compromised.bnsdq.ozxfs.vcwss-bomyo.kvugl,0.0036725507629012675,0
1759279254,156581,1,N/A,N/A,N/A,N/A,N/A,N/A,N/A,N/A,1264619520,1264619520,17129472,N/A,135168,45826048,4,discern-proc-so,R (running),client-compromised.bnsdq.ozxfs.vcwss-bomyo.kvugl,2.6305409422989503,0
1759279254,38941,38940,N/A,N/A,N/A,N/A,N/A,N/A,N/A,N/A,1091186688,704839680,363245568,N/A,135168,224755712,3,python3,S (sleeping),client-compromised.bnsdq.ozxfs.vcwss-bomyo.kvugl,1.115753210149573,1
1759279254,340,1,103,103,103,103,109,109,109,109,97128448,97128448,91000832,N/A,135168,89399296,1,dbus-daemon,S (sleeping),client-compromised.bnsdq.ozxfs.vcwss-bomyo.kvugl,0.2994587857559576,1
1759279254,3292,1,N/A,N/A,N/A,N/A,N/A,N/A,N/A,N/A,1953800192,1922756608,40435712,N/A,135168,170991616,13,discern-network,S (sleeping),client-compromised.bnsdq.ozxfs.vcwss-bomyo.kvugl,0.5881809226964221,1
1759279254,41788,1,N/A,N/A,N/A,N/A,N/A,N/A,N/A,N/A,1264619520,1264619520,16904192,N/A,135168,45826048,4,discern-proc-so,S (sleeping),client-compromised.bnsdq.ozxfs.vcwss-bomyo.kvugl,2.77077681623043,1
1759279254,37174,1,N/A,N/A,N/A,N/A,N/A,N/A,N/A,N/A,1647706112,1580597248,22380544,N/A,135168,82202624,5,discern-interfa,S (sleeping),client-compromised.bnsdq.ozxfs.vcwss-bomyo.kvugl,0.003305823559274819,1
1759279259,341,1,103,103,103,103,109,109,109,109,107515904,107515904,101335040,N/A,135168,99786752,1,dbus-daemon,S (sleeping),client-compromised.bnsdq.ozxfs.vcwss-bomyo.kvugl,0.262854727216564,0
1759279259,183,1,N/A,N/A,N/A,N/A,N/A,N/A,N/A,N/A,160686080,131276800,43958272,4096,135168,30134272,1,systemd-journal,S (sleeping),client-compromised.bnsdq.ozxfs.vcwss-bomyo.kvugl,0.21068174932924844,0
1759279259,153885,1,N/A,N/A,N/A,N/A,N/A,N/A,N/A,N/A,1953267712,1930887168,38625280,N/A,135168,170729472,14,discern-network,S (sleeping),client-compromised.bnsdq.ozxfs.vcwss-bomyo.kvugl,0.48842448609778166,0
1759279259,156854,1,N/A,N/A,N/A,N/A,N/A,N/A,N/A,N/A,1647706112,1580597248,21172224,N/A,135168,82202624,5,discern-interfa,S (sleeping),client-compromised.bnsdq.ozxfs.vcwss-bomyo.kvugl,0.0036381663897611287,0
1759279259,156581,1,N/A,N/A,N/A,N/A,N/A,N/A,N/A,N/A,1264619520,1264619520,17129472,N/A,135168,45826048,4,discern-proc-so,S (sleeping),client-compromised.bnsdq.ozxfs.vcwss-bomyo.kvugl,2.631357314182953,0
1759279259,38941,38940,N/A,N/A,N/A,N/A,N/A,N/A,N/A,N/A,1091186688,704839680,363245568,N/A,135168,224755712,3,python3,S (sleeping),client-compromised.bnsdq.ozxfs.vcwss-bomyo.kvugl,1.0826453819958681,1
1759279259,340,1,103,103,103,103,109,109,109,109,97263616,97263616,91000832,N/A,135168,89534464,1,dbus-daemon,S (sleeping),client-compromised.bnsdq.ozxfs.vcwss-bomyo.kvugl,0.29922398508767073,1
1759279259,3292,1,N/A,N/A,N/A,N/A,N/A,N/A,N/A,N/A,1953800192,1922756608,40435712,N/A,135168,170991616,13,discern-network,S (sleeping),client-compromised.bnsdq.ozxfs.vcwss-bomyo.kvugl,0.5881665036006412,1
1759279259,41788,1,N/A,N/A,N/A,N/A,N/A,N/A,N/A,N/A,1264619520,1264619520,16977920,N/A,135168,45826048,4,discern-proc-so,S (sleeping),client-compromised.bnsdq.ozxfs.vcwss-bomyo.kvugl,2.5753219732085646,1
1759279259,37174,1,N/A,N/A,N/A,N/A,N/A,N/A,N/A,N/A,1647706112,1580597248,22380544,N/A,135168,82202624,5,discern-interfa,S (sleeping),client-compromised.bnsdq.ozxfs.vcwss-bomyo.kvugl,0.0032504561716479355,1
1759279264,341,1,103,103,103,103,109,109,109,109,107515904,107515904,101335040,N/A,135168,99786752,1,dbus-daemon,S (sleeping),client-compromised.bnsdq.ozxfs.vcwss-bomyo.kvugl,0.26291561921693524,0
1759279264,183,1,N/A,N/A,N/A,N/A,N/A,N/A,N/A,N/A,160686080,131276800,43958272,4096,135168,30134272,1,systemd-journal,S (sleeping),client-compromised.bnsdq.ozxfs.vcwss-bomyo.kvugl,0.21067329859571585,0
1759279264,153885,1,N/A,N/A,N/A,N/A,N/A,N/A,N/A,N/A,1953267712,1930887168,38625280,N/A,135168,170729472,14,discern-network,S (sleeping),client-compromised.bnsdq.ozxfs.vcwss-bomyo.kvugl,0.48904109378643784,0
1759279264,156854,1,N/A,N/A,N/A,N/A,N/A,N/A,N/A,N/A,1647706112,1580597248,21172224,N/A,135168,82202624,5,discern-interfa,S (sleeping),client-compromised.bnsdq.ozxfs.vcwss-bomyo.kvugl,0.003604276052399583,0
1759279264,156581,1,N/A,N/A,N/A,N/A,N/A,N/A,N/A,N/A,1264619520,1264619520,17129472,N/A,135168,45826048,4,discern-proc-so,S (sleeping),client-compromised.bnsdq.ozxfs.vcwss-bomyo.kvugl,2.6355660699947543,0
1759279264,38941,38940,N/A,N/A,N/A,N/A,N/A,N/A,N/A,N/A,1091186688,704839680,363245568,N/A,135168,224755712,3,python3,S (sleeping),client-compromised.bnsdq.ozxfs.vcwss-bomyo.kvugl,1.0514752118123385,1
1759279264,340,1,103,103,103,103,109,109,109,109,97398784,97398784,91271168,N/A,135168,89669632,1,dbus-daemon,S (sleeping),client-compromised.bnsdq.ozxfs.vcwss-bomyo.kvugl,0.29942231565082983,1
1759279264,3292,1,N/A,N/A,N/A,N/A,N/A,N/A,N/A,N/A,1953800192,1922756608,40435712,N/A,135168,170991616,13,discern-network,S (sleeping),client-compromised.bnsdq.ozxfs.vcwss-bomyo.kvugl,0.5876848744279444,1
1759279264,41788,1,N/A,N/A,N/A,N/A,N/A,N/A,N/A,N/A,1264619520,1264619520,17035264,N/A,135168,45826048,4,discern-proc-so,S (sleeping),client-compromised.bnsdq.ozxfs.vcwss-bomyo.kvugl,2.5600240598634056,1
1759279264,37174,1,N/A,N/A,N/A,N/A,N/A,N/A,N/A,N/A,1647706112,1580597248,22380544,N/A,135168,82202624,5,discern-interfa,S (sleeping),client-compromised.bnsdq.ozxfs.vcwss-bomyo.kvugl,0.003196963545518292,1
1759279269,38941,38940,N/A,N/A,N/A,N/A,N/A,N/A,N/A,N/A,1091186688,704839680,363245568,N/A,135168,224755712,3,python3,S (sleeping),client-compromised.bnsdq.ozxfs.vcwss-bomyo.kvugl,1.0219968941923836,1
1759279269,340,1,103,103,103,103,109,109,109,109,97533952,97533952,91271168,N/A,135168,89804800,1,dbus-daemon,S (sleeping),client-compromised.bnsdq.ozxfs.vcwss-bomyo.kvugl,0.2996185402052059,1
1759279269,3292,1,N/A,N/A,N/A,N/A,N/A,N/A,N/A,N/A,1953800192,1922756608,40435712,N/A,135168,170991616,13,discern-network,S (sleeping),client-compromised.bnsdq.ozxfs.vcwss-bomyo.kvugl,0.5876704726442437,1
1759279269,41788,1,N/A,N/A,N/A,N/A,N/A,N/A,N/A,N/A,1264619520,1264619520,17051648,N/A,135168,45826048,4,discern-proc-so,R (running),client-compromised.bnsdq.ozxfs.vcwss-bomyo.kvugl,2.550797983970692,1
1759279269,37174,1,N/A,N/A,N/A,N/A,N/A,N/A,N/A,N/A,1647706112,1580597248,22380544,N/A,135168,82202624,5,discern-interfa,S (sleeping),client-compromised.bnsdq.ozxfs.vcwss-bomyo.kvugl,0.0031451089264932504,1
1759279270,341,1,103,103,103,103,109,109,109,109,107515904,107515904,101335040,N/A,135168,99786752,1,dbus-daemon,S (sleeping),client-compromised.bnsdq.ozxfs.vcwss-bomyo.kvugl,0.26288216225629496,0
1759279270,183,1,N/A,N/A,N/A,N/A,N/A,N/A,N/A,N/A,160686080,131276800,43958272,4096,135168,30134272,1,systemd-journal,S (sleeping),client-compromised.bnsdq.ozxfs.vcwss-bomyo.kvugl,0.2106653482699983,0
1759279270,153885,1,N/A,N/A,N/A,N/A,N/A,N/A,N/A,N/A,1953267712,1930887168,38625280,N/A,135168,170729472,14,discern-network,S (sleeping),client-compromised.bnsdq.ozxfs.vcwss-bomyo.kvugl,0.48837642948862636,0
1759279270,156854,1,N/A,N/A,N/A,N/A,N/A,N/A,N/A,N/A,1647706112,1580597248,21172224,N/A,135168,82202624,5,discern-interfa,S (sleeping),client-compromised.bnsdq.ozxfs.vcwss-bomyo.kvugl,0.0035711679503910927,0
1759279270,156581,1,N/A,N/A,N/A,N/A,N/A,N/A,N/A,N/A,1264619520,1264619520,17129472,N/A,135168,45826048,4,discern-proc-so,R (running),client-compromised.bnsdq.ozxfs.vcwss-bomyo.kvugl,2.6345944879504675,0
1759279275,341,1,103,103,103,103,109,109,109,109,107515904,107515904,101335040,N/A,135168,99786752,1,dbus-daemon,S (sleeping),client-compromised.bnsdq.ozxfs.vcwss-bomyo.kvugl,0.2629431209510086,0
1759279275,183,1,N/A,N/A,N/A,N/A,N/A,N/A,N/A,N/A,160686080,131276800,43958272,4096,135168,30134272,1,systemd-journal,S (sleeping),client-compromised.bnsdq.ozxfs.vcwss-bomyo.kvugl,0.21065702567513542,0
1759279275,153885,1,N/A,N/A,N/A,N/A,N/A,N/A,N/A,N/A,1953267712,1930887168,38625280,N/A,135168,170729472,14,discern-network,S (sleeping),client-compromised.bnsdq.ozxfs.vcwss-bomyo.kvugl,0.4889887175735087,0
1759279275,156854,1,N/A,N/A,N/A,N/A,N/A,N/A,N/A,N/A,1647706112,1580597248,21172224,N/A,135168,82202624,5,discern-interfa,S (sleeping),client-compromised.bnsdq.ozxfs.vcwss-bomyo.kvugl,0.003538544015317435,0
1759279275,156581,1,N/A,N/A,N/A,N/A,N/A,N/A,N/A,N/A,1264619520,1264619520,17129472,N/A,135168,45826048,4,discern-proc-so,S (sleeping),client-compromised.bnsdq.ozxfs.vcwss-bomyo.kvugl,2.6335549967213727,0
1759279275,38941,38940,N/A,N/A,N/A,N/A,N/A,N/A,N/A,N/A,1091186688,704839680,363245568,N/A,135168,224755712,3,python3,S (sleeping),client-compromised.bnsdq.ozxfs.vcwss-bomyo.kvugl,0.994106147901497,1
1759279275,340,1,103,103,103,103,109,109,109,109,97669120,97669120,91541504,N/A,135168,89939968,1,dbus-daemon,S (sleeping),client-compromised.bnsdq.ozxfs.vcwss-bomyo.kvugl,0.29895433506678926,1
1759279275,3292,1,N/A,N/A,N/A,N/A,N/A,N/A,N/A,N/A,1953800192,1922756608,40435712,N/A,135168,170991616,13,discern-network,S (sleeping),client-compromised.bnsdq.ozxfs.vcwss-bomyo.kvugl,0.5876550820921085,1
1759279275,41788,1,N/A,N/A,N/A,N/A,N/A,N/A,N/A,N/A,1264619520,1264619520,17051648,N/A,135168,45826048,4,discern-proc-so,R (running),client-compromised.bnsdq.ozxfs.vcwss-bomyo.kvugl,2.5815916773953576,1
1759279275,37174,1,N/A,N/A,N/A,N/A,N/A,N/A,N/A,N/A,1647706112,1580597248,22380544,N/A,135168,82202624,5,discern-interfa,S (sleeping),client-compromised.bnsdq.ozxfs.vcwss-bomyo.kvugl,0.0030948717783070177,1
1759279280,341,1,103,103,103,103,109,109,109,109,107515904,107515904,101335040,N/A,135168,99786752,1,dbus-daemon,S (sleeping),client-compromised.bnsdq.ozxfs.vcwss-bomyo.kvugl,0.2630044351568432,0
1759279280,183,1,N/A,N/A,N/A,N/A,N/A,N/A,N/A,N/A,160686080,131276800,43958272,4096,135168,30134272,1,systemd-journal,S (sleeping),client-compromised.bnsdq.ozxfs.vcwss-bomyo.kvugl,0.21064904392278913,0
1759279280,153885,1,N/A,N/A,N/A,N/A,N/A,N/A,N/A,N/A,1953267712,1930887168,38625280,N/A,135168,170729472,14,discern-network,S (sleeping),client-compromised.bnsdq.ozxfs.vcwss-bomyo.kvugl,0.4896033400380404,0
1759279280,156854,1,N/A,N/A,N/A,N/A,N/A,N/A,N/A,N/A,1647706112,1580597248,21172224,N/A,135168,82202624,5,discern-interfa,S (sleeping),client-compromised.bnsdq.ozxfs.vcwss-bomyo.kvugl,0.003506612967107204,0
1759279280,156581,1,N/A,N/A,N/A,N/A,N/A,N/A,N/A,N/A,1264619520,1264619520,17129472,N/A,135168,45826048,4,discern-proc-so,S (sleeping),client-compromised.bnsdq.ozxfs.vcwss-bomyo.kvugl,2.632608304183735,0
1759279280,38941,38940,N/A,N/A,N/A,N/A,N/A,N/A,N/A,N/A,1091186688,704839680,363245568,N/A,135168,224755712,3,python3,S (sleeping),client-compromised.bnsdq.ozxfs.vcwss-bomyo.kvugl,0.9674836960621069,1
1759279280,340,1,103,103,103,103,109,109,109,109,97939456,97939456,91811840,N/A,135168,90210304,1,dbus-daemon,S (sleeping),client-compromised.bnsdq.ozxfs.vcwss-bomyo.kvugl,0.2995732821054052,1
1759279280,3292,1,N/A,N/A,N/A,N/A,N/A,N/A,N/A,N/A,1953800192,1922756608,40435712,N/A,135168,170991616,13,discern-network,S (sleeping),client-compromised.bnsdq.ozxfs.vcwss-bomyo.kvugl,0.5866974055266448,1
1759279280,41788,1,N/A,N/A,N/A,N/A,N/A,N/A,N/A,N/A,1264619520,1264619520,17051648,N/A,135168,45826048,4,discern-proc-so,R (running),client-compromised.bnsdq.ozxfs.vcwss-bomyo.kvugl,2.5680475224664265,1
1759279280,37174,1,N/A,N/A,N/A,N/A,N/A,N/A,N/A,N/A,1647706112,1580597248,22380544,N/A,135168,82202624,5,discern-interfa,S (sleeping),client-compromised.bnsdq.ozxfs.vcwss-bomyo.kvugl,0.003045799218430161,1
1759279285,341,1,103,103,103,103,109,109,109,109,107515904,107515904,101335040,N/A,135168,99786752,1,dbus-daemon,S (sleeping),client-compromised.bnsdq.ozxfs.vcwss-bomyo.kvugl,0.26306578159732247,0
1759279285,183,1,N/A,N/A,N/A,N/A,N/A,N/A,N/A,N/A,160686080,131276800,43958272,4096,135168,30134272,1,systemd-journal,S (sleeping),client-compromised.bnsdq.ozxfs.vcwss-bomyo.kvugl,0.21064114363934225,0
1759279285,153885,1,N/A,N/A,N/A,N/A,N/A,N/A,N/A,N/A,1953267712,1930887168,38625280,N/A,135168,170729472,14,discern-network,S (sleeping),client-compromised.bnsdq.ozxfs.vcwss-bomyo.kvugl,0.4889488223734026,0
1759279285,156854,1,N/A,N/A,N/A,N/A,N/A,N/A,N/A,N/A,1647706112,1580597248,21172224,N/A,135168,82202624,5,discern-interfa,S (sleeping),client-compromised.bnsdq.ozxfs.vcwss-bomyo.kvugl,0.003475275330191699,0
1759279285,156581,1,N/A,N/A,N/A,N/A,N/A,N/A,N/A,N/A,1264619520,1264619520,17129472,N/A,135168,45826048,4,discern-proc-so,R (running),client-compromised.bnsdq.ozxfs.vcwss-bomyo.kvugl,2.631694540598138,0
1759279290,341,1,103,103,103,103,109,109,109,109,107515904,107515904,101335040,N/A,135168,99786752,1,dbus-daemon,S (sleeping),client-compromised.bnsdq.ozxfs.vcwss-bomyo.kvugl,0.26312618919113884,0
1759279290,183,1,N/A,N/A,N/A,N/A,N/A,N/A,N/A,N/A,160686080,131276800,43958272,4096,135168,30134272,1,systemd-journal,S (sleeping),client-compromised.bnsdq.ozxfs.vcwss-bomyo.kvugl,0.2107272561949717,0
1759279290,153885,1,N/A,N/A,N/A,N/A,N/A,N/A,N/A,N/A,1953267712,1930887168,38625280,N/A,135168,170729472,14,discern-network,S (sleeping),client-compromised.bnsdq.ozxfs.vcwss-bomyo.kvugl,0.48953635339197926,0
1759279290,156854,1,N/A,N/A,N/A,N/A,N/A,N/A,N/A,N/A,1647706112,1580597248,21172224,N/A,135168,82202624,5,discern-interfa,S (sleeping),client-compromised.bnsdq.ozxfs.vcwss-bomyo.kvugl,0.0034442834718164356,0
1759279290,156581,1,N/A,N/A,N/A,N/A,N/A,N/A,N/A,N/A,1264619520,1264619520,17129472,N/A,135168,45826048,4,discern-proc-so,R (running),client-compromised.bnsdq.ozxfs.vcwss-bomyo.kvugl,2.635676962432007,0
1759279294,38941,38940,N/A,N/A,N/A,N/A,N/A,N/A,N/A,N/A,1091186688,704839680,363245568,N/A,135168,225345536,3,python3,S (sleeping),client-compromised.bnsdq.ozxfs.vcwss-bomyo.kvugl,1.0002812046758491,1
1759279294,340,1,103,103,103,103,109,109,109,109,98615296,98615296,92352512,N/A,135168,90886144,1,dbus-daemon,S (sleeping),client-compromised.bnsdq.ozxfs.vcwss-bomyo.kvugl,0.29941122764819905,1
1759279294,3292,1,N/A,N/A,N/A,N/A,N/A,N/A,N/A,N/A,1953800192,1922756608,40435712,N/A,135168,170991616,13,discern-network,S (sleeping),client-compromised.bnsdq.ozxfs.vcwss-bomyo.kvugl,0.5859677821001554,1
1759279294,37174,1,N/A,N/A,N/A,N/A,N/A,N/A,N/A,N/A,1647706112,1580597248,22380544,N/A,135168,82202624,5,discern-interfa,S (sleeping),client-compromised.bnsdq.ozxfs.vcwss-bomyo.kvugl,0.0029159484110243593,1
1759279294,42397,1,N/A,N/A,N/A,N/A,N/A,N/A,N/A,N/A,1264619520,1264619520,16101376,N/A,135168,45826048,4,discern-proc-so,S (sleeping),client-compromised.bnsdq.ozxfs.vcwss-bomyo.kvugl,10.619067204804605,1
1759279295,341,1,103,103,103,103,109,109,109,109,107515904,107515904,101335040,N/A,135168,99786752,1,dbus-daemon,S (sleeping),client-compromised.bnsdq.ozxfs.vcwss-bomyo.kvugl,0.26309278758486665,0
1759279295,183,1,N/A,N/A,N/A,N/A,N/A,N/A,N/A,N/A,160686080,131276800,43958272,4096,135168,30134272,1,systemd-journal,S (sleeping),client-compromised.bnsdq.ozxfs.vcwss-bomyo.kvugl,0.21062469699817582,0
1759279295,153885,1,N/A,N/A,N/A,N/A,N/A,N/A,N/A,N/A,1953267712,1930887168,38625280,N/A,135168,170729472,14,discern-network,S (sleeping),client-compromised.bnsdq.ozxfs.vcwss-bomyo.kvugl,0.4913860790331266,0
1759279295,156854,1,N/A,N/A,N/A,N/A,N/A,N/A,N/A,N/A,1647706112,1580597248,21172224,N/A,135168,82202624,5,discern-interfa,S (sleeping),client-compromised.bnsdq.ozxfs.vcwss-bomyo.kvugl,0.0034140551868284672,0
1759279295,156581,1,N/A,N/A,N/A,N/A,N/A,N/A,N/A,N/A,1264619520,1264619520,17129472,N/A,135168,45826048,4,discern-proc-so,S (sleeping),client-compromised.bnsdq.ozxfs.vcwss-bomyo.kvugl,2.634760131513507,0
1759279300,341,1,103,103,103,103,109,109,109,109,107515904,107515904,101335040,N/A,135168,99786752,1,dbus-daemon,S (sleeping),client-compromised.bnsdq.ozxfs.vcwss-bomyo.kvugl,0.2630587153176399,0
1759279300,183,1,N/A,N/A,N/A,N/A,N/A,N/A,N/A,N/A,160686080,131276800,43958272,4096,135168,30134272,1,systemd-journal,S (sleeping),client-compromised.bnsdq.ozxfs.vcwss-bomyo.kvugl,0.2107109079726832,0
1759279300,153885,1,N/A,N/A,N/A,N/A,N/A,N/A,N/A,N/A,1953267712,1930887168,38625280,N/A,135168,170729472,14,discern-network,S (sleeping),client-compromised.bnsdq.ozxfs.vcwss-bomyo.kvugl,0.4907166075191198,0
1759279300,156854,1,N/A,N/A,N/A,N/A,N/A,N/A,N/A,N/A,1647706112,1580597248,21172224,N/A,135168,82202624,5,discern-interfa,S (sleeping),client-compromised.bnsdq.ozxfs.vcwss-bomyo.kvugl,0.003384191075711397,0
1759279300,156581,1,N/A,N/A,N/A,N/A,N/A,N/A,N/A,N/A,1264619520,1264619520,17129472,N/A,135168,45826048,4,discern-proc-so,R (running),client-compromised.bnsdq.ozxfs.vcwss-bomyo.kvugl,2.6370364631584953,0
1759279300,38941,38940,N/A,N/A,N/A,N/A,N/A,N/A,N/A,N/A,1091186688,704839680,363245568,N/A,135168,225345536,3,python3,S (sleeping),client-compromised.bnsdq.ozxfs.vcwss-bomyo.kvugl,0.97620106873842,1
1759279300,340,1,103,103,103,103,109,109,109,109,98750464,98750464,92622848,N/A,135168,91021312,1,dbus-daemon,S (sleeping),client-compromised.bnsdq.ozxfs.vcwss-bomyo.kvugl,0.2991803967119902,1
1759279300,3292,1,N/A,N/A,N/A,N/A,N/A,N/A,N/A,N/A,1953800192,1922756608,40435712,N/A,135168,170991616,13,discern-network,S (sleeping),client-compromised.bnsdq.ozxfs.vcwss-bomyo.kvugl,0.5859585153426522,1
1759279300,42397,1,N/A,N/A,N/A,N/A,N/A,N/A,N/A,N/A,1264619520,1264619520,17137664,N/A,135168,45826048,4,discern-proc-so,S (sleeping),client-compromised.bnsdq.ozxfs.vcwss-bomyo.kvugl,3.9372339271756576,1
1759279300,37174,1,N/A,N/A,N/A,N/A,N/A,N/A,N/A,N/A,1647706112,1580597248,22380544,N/A,135168,82202624,5,discern-interfa,S (sleeping),client-compromised.bnsdq.ozxfs.vcwss-bomyo.kvugl,0.002872772735067626,1
1759279305,38941,38940,N/A,N/A,N/A,N/A,N/A,N/A,N/A,N/A,1091186688,704839680,363245568,N/A,135168,225345536,3,python3,S (sleeping),client-compromised.bnsdq.ozxfs.vcwss-bomyo.kvugl,0.9532800360817016,1
1759279305,340,1,103,103,103,103,109,109,109,109,98885632,98885632,92893184,N/A,135168,91156480,1,dbus-daemon,S (sleeping),client-compromised.bnsdq.ozxfs.vcwss-bomyo.kvugl,0.29937540669383017,1
1759279305,3292,1,N/A,N/A,N/A,N/A,N/A,N/A,N/A,N/A,1953800192,1922756608,40435712,N/A,135168,170991616,13,discern-network,S (sleeping),client-compromised.bnsdq.ozxfs.vcwss-bomyo.kvugl,0.5854910640607678,1
1759279305,42397,1,N/A,N/A,N/A,N/A,N/A,N/A,N/A,N/A,1264619520,1264619520,17186816,N/A,135168,45826048,4,discern-proc-so,S (sleeping),client-compromised.bnsdq.ozxfs.vcwss-bomyo.kvugl,3.2018877188695365,1
1759279305,37174,1,N/A,N/A,N/A,N/A,N/A,N/A,N/A,N/A,1647706112,1580597248,22380544,N/A,135168,82202624,5,discern-interfa,S (sleeping),client-compromised.bnsdq.ozxfs.vcwss-bomyo.kvugl,0.0028309083396343797,1
1759279306,341,1,103,103,103,103,109,109,109,109,107515904,107515904,101335040,N/A,135168,99786752,1,dbus-daemon,S (sleeping),client-compromised.bnsdq.ozxfs.vcwss-bomyo.kvugl,0.2630250552927916,0
1759279306,183,1,N/A,N/A,N/A,N/A,N/A,N/A,N/A,N/A,160686080,131276800,43958272,4096,135168,30134272,1,systemd-journal,S (sleeping),client-compromised.bnsdq.ozxfs.vcwss-bomyo.kvugl,0.21060819728019803,0
1759279306,153885,1,N/A,N/A,N/A,N/A,N/A,N/A,N/A,N/A,1953267712,1930887168,38625280,N/A,135168,170729472,14,discern-network,S (sleeping),client-compromised.bnsdq.ozxfs.vcwss-bomyo.kvugl,0.4900648397849437,0
1759279306,156854,1,N/A,N/A,N/A,N/A,N/A,N/A,N/A,N/A,1647706112,1580597248,21172224,N/A,135168,82202624,5,discern-interfa,S (sleeping),client-compromised.bnsdq.ozxfs.vcwss-bomyo.kvugl,0.003354930443879503,0
1759279306,156581,1,N/A,N/A,N/A,N/A,N/A,N/A,N/A,N/A,1264619520,1264619520,17129472,N/A,135168,45826048,4,discern-proc-so,R (running),client-compromised.bnsdq.ozxfs.vcwss-bomyo.kvugl,2.6377036622405634,0
1759279310,38941,38940,N/A,N/A,N/A,N/A,N/A,N/A,N/A,N/A,1091186688,704839680,363245568,N/A,135168,225345536,3,python3,S (sleeping),client-compromised.bnsdq.ozxfs.vcwss-bomyo.kvugl,0.9313541505126545,1
1759279310,340,1,103,103,103,103,109,109,109,109,99155968,99155968,92893184,N/A,135168,91426816,1,dbus-daemon,S (sleeping),client-compromised.bnsdq.ozxfs.vcwss-bomyo.kvugl,0.2995678422847461,1
1759279310,3292,1,N/A,N/A,N/A,N/A,N/A,N/A,N/A,N/A,1953800192,1922756608,40435712,N/A,135168,170991616,13,discern-network,S (sleeping),client-compromised.bnsdq.ozxfs.vcwss-bomyo.kvugl,0.5850221495246976,1
1759279310,42397,1,N/A,N/A,N/A,N/A,N/A,N/A,N/A,N/A,1264619520,1264619520,17186816,N/A,135168,45826048,4,discern-proc-so,S (sleeping),client-compromised.bnsdq.ozxfs.vcwss-bomyo.kvugl,2.9869364135374257,1
1759279310,37174,1,N/A,N/A,N/A,N/A,N/A,N/A,N/A,N/A,1647706112,1580597248,22380544,N/A,135168,82202624,5,discern-interfa,S (sleeping),client-compromised.bnsdq.ozxfs.vcwss-bomyo.kvugl,0.0027901406309576993,1
1759279311,341,1,103,103,103,103,109,109,109,109,107515904,107515904,101335040,N/A,135168,99786752,1,dbus-daemon,S (sleeping),client-compromised.bnsdq.ozxfs.vcwss-bomyo.kvugl,0.2632753954019837,0
1759279311,183,1,N/A,N/A,N/A,N/A,N/A,N/A,N/A,N/A,160686080,131276800,43958272,4096,135168,30134272,1,systemd-journal,S (sleeping),client-compromised.bnsdq.ozxfs.vcwss-bomyo.kvugl,0.2106949289526045,0
1759279311,153885,1,N/A,N/A,N/A,N/A,N/A,N/A,N/A,N/A,1953267712,1930887168,38625280,N/A,135168,170729472,14,discern-network,S (sleeping),client-compromised.bnsdq.ozxfs.vcwss-bomyo.kvugl,0.49065370215629156,0
1759279311,156854,1,N/A,N/A,N/A,N/A,N/A,N/A,N/A,N/A,1647706112,1580597248,21172224,N/A,135168,82202624,5,discern-interfa,S (sleeping),client-compromised.bnsdq.ozxfs.vcwss-bomyo.kvugl,0.0033262531196668744,0
1759279311,156581,1,N/A,N/A,N/A,N/A,N/A,N/A,N/A,N/A,1264619520,1264619520,17129472,N/A,135168,45826048,4,discern-proc-so,R (running),client-compromised.bnsdq.ozxfs.vcwss-bomyo.kvugl,2.636800177956306,0
1759279315,38941,38940,N/A,N/A,N/A,N/A,N/A,N/A,N/A,N/A,1091186688,704839680,363245568,N/A,135168,225345536,3,python3,S (sleeping),client-compromised.bnsdq.ozxfs.vcwss-bomyo.kvugl,0.9104773539387447,1
1759279315,340,1,103,103,103,103,109,109,109,109,99291136,99291136,93163520,N/A,135168,91561984,1,dbus-daemon,S (sleeping),client-compromised.bnsdq.ozxfs.vcwss-bomyo.kvugl,0.29891705440888067,1
1759279315,3292,1,N/A,N/A,N/A,N/A,N/A,N/A,N/A,N/A,1953800192,1922756608,40435712,N/A,135168,170991616,13,discern-network,S (sleeping),client-compromised.bnsdq.ozxfs.vcwss-bomyo.kvugl,0.5850174685107448,1
1759279315,42397,1,N/A,N/A,N/A,N/A,N/A,N/A,N/A,N/A,1264619520,1264619520,17264640,N/A,135168,45826048,4,discern-proc-so,S (sleeping),client-compromised.bnsdq.ozxfs.vcwss-bomyo.kvugl,2.8305916377793636,1
1759279315,37174,1,N/A,N/A,N/A,N/A,N/A,N/A,N/A,N/A,1647706112,1580597248,22380544,N/A,135168,82202624,5,discern-interfa,S (sleeping),client-compromised.bnsdq.ozxfs.vcwss-bomyo.kvugl,0.002750650407871237,1
1759279316,341,1,103,103,103,103,109,109,109,109,107515904,107515904,101335040,N/A,135168,99786752,1,dbus-daemon,S (sleeping),client-compromised.bnsdq.ozxfs.vcwss-bomyo.kvugl,0.2632413230600015,0
1759279316,183,1,N/A,N/A,N/A,N/A,N/A,N/A,N/A,N/A,160686080,131276800,43958272,4096,135168,30134272,1,systemd-journal,S (sleeping),client-compromised.bnsdq.ozxfs.vcwss-bomyo.kvugl,0.21068653188842698,0
1759279316,153885,1,N/A,N/A,N/A,N/A,N/A,N/A,N/A,N/A,1953267712,1930887168,38625280,N/A,135168,170729472,14,discern-network,S (sleeping),client-compromised.bnsdq.ozxfs.vcwss-bomyo.kvugl,0.4924341043573297,0
1759279316,156854,1,N/A,N/A,N/A,N/A,N/A,N/A,N/A,N/A,1647706112,1580597248,21172224,N/A,135168,82202624,5,discern-interfa,S (sleeping),client-compromised.bnsdq.ozxfs.vcwss-bomyo.kvugl,0.003297907397298522,0
1759279316,156581,1,N/A,N/A,N/A,N/A,N/A,N/A,N/A,N/A,1264619520,1264619520,17129472,N/A,135168,45826048,4,discern-proc-so,S (sleeping),client-compromised.bnsdq.ozxfs.vcwss-bomyo.kvugl,2.6406187312850053,0
1759279320,38941,38940,N/A,N/A,N/A,N/A,N/A,N/A,N/A,N/A,1091186688,704839680,363245568,N/A,135168,225345536,3,python3,S (sleeping),client-compromised.bnsdq.ozxfs.vcwss-bomyo.kvugl,0.8904185258149147,1
1759279320,340,1,103,103,103,103,109,109,109,109,99426304,99426304,93163520,N/A,135168,91697152,1,dbus-daemon,S (sleeping),client-compromised.bnsdq.ozxfs.vcwss-bomyo.kvugl,0.2986871440693332,1
1759279320,3292,1,N/A,N/A,N/A,N/A,N/A,N/A,N/A,N/A,1953800192,1922756608,40435712,N/A,135168,170991616,13,discern-network,S (sleeping),client-compromised.bnsdq.ozxfs.vcwss-bomyo.kvugl,0.5850059614227122,1
1759279320,42397,1,N/A,N/A,N/A,N/A,N/A,N/A,N/A,N/A,1264619520,1264619520,17264640,N/A,135168,45826048,4,discern-proc-so,R (running),client-compromised.bnsdq.ozxfs.vcwss-bomyo.kvugl,2.7693192586420343,1
1759279320,37174,1,N/A,N/A,N/A,N/A,N/A,N/A,N/A,N/A,1647706112,1580597248,22380544,N/A,135168,82202624,5,discern-interfa,S (sleeping),client-compromised.bnsdq.ozxfs.vcwss-bomyo.kvugl,0.0027120739407959465,1
1759279321,341,1,103,103,103,103,109,109,109,109,107515904,107515904,101335040,N/A,135168,99786752,1,dbus-daemon,S (sleeping),client-compromised.bnsdq.ozxfs.vcwss-bomyo.kvugl,0.2632081530283089,0
1759279321,183,1,N/A,N/A,N/A,N/A,N/A,N/A,N/A,N/A,160686080,139632640,43958272,4096,135168,30134272,1,systemd-journal,S (sleeping),client-compromised.bnsdq.ozxfs.vcwss-bomyo.kvugl,0.21067884158248545,0
1759279321,153885,1,N/A,N/A,N/A,N/A,N/A,N/A,N/A,N/A,1953267712,1930887168,38625280,N/A,135168,170729472,14,discern-network,S (sleeping),client-compromised.bnsdq.ozxfs.vcwss-bomyo.kvugl,0.4917965587159276,0
1759279321,156854,1,N/A,N/A,N/A,N/A,N/A,N/A,N/A,N/A,1647706112,1580597248,21172224,N/A,135168,82202624,5,discern-interfa,S (sleeping),client-compromised.bnsdq.ozxfs.vcwss-bomyo.kvugl,0.0032702284501408287,0
1759279321,156581,1,N/A,N/A,N/A,N/A,N/A,N/A,N/A,N/A,1264619520,1264619520,17129472,N/A,135168,45826048,4,discern-proc-so,R (running),client-compromised.bnsdq.ozxfs.vcwss-bomyo.kvugl,2.6365425727393417,0
1759279325,38941,38940,N/A,N/A,N/A,N/A,N/A,N/A,N/A,N/A,1091186688,704839680,363245568,N/A,135168,225345536,3,python3,S (sleeping),client-compromised.bnsdq.ozxfs.vcwss-bomyo.kvugl,0.8709151218614867,1
1759279325,340,1,103,103,103,103,109,109,109,109,99696640,99696640,93704192,N/A,135168,91967488,1,dbus-daemon,S (sleeping),client-compromised.bnsdq.ozxfs.vcwss-bomyo.kvugl,0.2997085852555525,1
1759279325,3292,1,N/A,N/A,N/A,N/A,N/A,N/A,N/A,N/A,1953800192,1922756608,40435712,N/A,135168,170991616,13,discern-network,S (sleeping),client-compromised.bnsdq.ozxfs.vcwss-bomyo.kvugl,0.5840606116526207,1
1759279325,42397,1,N/A,N/A,N/A,N/A,N/A,N/A,N/A,N/A,1264619520,1264619520,17264640,N/A,135168,45826048,4,discern-proc-so,R (running),client-compromised.bnsdq.ozxfs.vcwss-bomyo.kvugl,2.6580970952244956,1
1759279325,37174,1,N/A,N/A,N/A,N/A,N/A,N/A,N/A,N/A,1647706112,1580597248,22380544,N/A,135168,82202624,5,discern-interfa,S (sleeping),client-compromised.bnsdq.ozxfs.vcwss-bomyo.kvugl,0.0026739550970998416,1
1759279326,341,1,103,103,103,103,109,109,109,109,107515904,107515904,101335040,N/A,135168,99786752,1,dbus-daemon,S (sleeping),client-compromised.bnsdq.ozxfs.vcwss-bomyo.kvugl,0.2632684038307999,0
1759279326,183,1,N/A,N/A,N/A,N/A,N/A,N/A,N/A,N/A,160686080,139632640,43958272,4096,135168,30134272,1,systemd-journal,S (sleeping),client-compromised.bnsdq.ozxfs.vcwss-bomyo.kvugl,0.21067035075905813,0
1759279326,153885,1,N/A,N/A,N/A,N/A,N/A,N/A,N/A,N/A,1953267712,1930887168,38625280,N/A,135168,170729472,14,discern-network,S (sleeping),client-compromised.bnsdq.ozxfs.vcwss-bomyo.kvugl,0.49234373827065203,0
1759279326,156854,1,N/A,N/A,N/A,N/A,N/A,N/A,N/A,N/A,1647706112,1580597248,21172224,N/A,135168,82202624,5,discern-interfa,S (sleeping),client-compromised.bnsdq.ozxfs.vcwss-bomyo.kvugl,0.0032427965042312566,0
1759279326,156581,1,N/A,N/A,N/A,N/A,N/A,N/A,N/A,N/A,1264619520,1264619520,17129472,N/A,135168,45826048,4,discern-proc-so,S (sleeping),client-compromised.bnsdq.ozxfs.vcwss-bomyo.kvugl,2.6386948606261216,0
1759279331,341,1,103,103,103,103,109,109,109,109,107515904,107515904,101335040,N/A,135168,99786752,1,dbus-daemon,S (sleeping),client-compromised.bnsdq.ozxfs.vcwss-bomyo.kvugl,0.2632348141986419,0
1759279331,183,1,N/A,N/A,N/A,N/A,N/A,N/A,N/A,N/A,160686080,139632640,43958272,4096,135168,30134272,1,systemd-journal,S (sleeping),client-compromised.bnsdq.ozxfs.vcwss-bomyo.kvugl,0.210662322881325,0
1759279331,153885,1,N/A,N/A,N/A,N/A,N/A,N/A,N/A,N/A,1953267712,1930887168,38625280,N/A,135168,170729472,14,discern-network,S (sleeping),client-compromised.bnsdq.ozxfs.vcwss-bomyo.kvugl,0.4917041555935023,0
1759279331,156854,1,N/A,N/A,N/A,N/A,N/A,N/A,N/A,N/A,1647706112,1580597248,21172224,N/A,135168,82202624,5,discern-interfa,S (sleeping),client-compromised.bnsdq.ozxfs.vcwss-bomyo.kvugl,0.0032159391305500605,0
1759279331,156581,1,N/A,N/A,N/A,N/A,N/A,N/A,N/A,N/A,1264619520,1264619520,17129472,N/A,135168,45826048,4,discern-proc-so,S (sleeping),client-compromised.bnsdq.ozxfs.vcwss-bomyo.kvugl,2.6409068644659244,0
1759279331,38941,38940,N/A,N/A,N/A,N/A,N/A,N/A,N/A,N/A,1091186688,704839680,363245568,N/A,135168,225345536,3,python3,S (sleeping),client-compromised.bnsdq.ozxfs.vcwss-bomyo.kvugl,0.8524187803784188,1
1759279331,340,1,103,103,103,103,109,109,109,109,99831808,99831808,93704192,N/A,135168,92102656,1,dbus-daemon,S (sleeping),client-compromised.bnsdq.ozxfs.vcwss-bomyo.kvugl,0.29947343546646144,1
1759279331,3292,1,N/A,N/A,N/A,N/A,N/A,N/A,N/A,N/A,1953800192,1922756608,40435712,N/A,135168,170991616,13,discern-network,S (sleeping),client-compromised.bnsdq.ozxfs.vcwss-bomyo.kvugl,0.5840418355129986,1
1759279331,42397,1,N/A,N/A,N/A,N/A,N/A,N/A,N/A,N/A,1264619520,1264619520,17264640,N/A,135168,45826048,4,discern-proc-so,R (running),client-compromised.bnsdq.ozxfs.vcwss-bomyo.kvugl,2.608582402726153,1
1759279331,37174,1,N/A,N/A,N/A,N/A,N/A,N/A,N/A,N/A,1647706112,1580597248,22380544,N/A,135168,82202624,5,discern-interfa,S (sleeping),client-compromised.bnsdq.ozxfs.vcwss-bomyo.kvugl,0.0026372348462496914,1
1759279336,38941,38940,N/A,N/A,N/A,N/A,N/A,N/A,N/A,N/A,1091186688,704839680,363245568,N/A,135168,225345536,3,python3,S (sleeping),client-compromised.bnsdq.ozxfs.vcwss-bomyo.kvugl,0.8348453004996651,1
1759279336,340,1,103,103,103,103,109,109,109,109,100102144,100102144,93974528,N/A,135168,92372992,1,dbus-daemon,S (sleeping),client-compromised.bnsdq.ozxfs.vcwss-bomyo.kvugl,0.29924508010108297,1
1759279336,3292,1,N/A,N/A,N/A,N/A,N/A,N/A,N/A,N/A,1953800192,1922756608,40435712,N/A,135168,170991616,13,discern-network,S (sleeping),client-compromised.bnsdq.ozxfs.vcwss-bomyo.kvugl,0.5835819000790223,1
1759279336,42397,1,N/A,N/A,N/A,N/A,N/A,N/A,N/A,N/A,1264619520,1264619520,17264640,N/A,135168,45826048,4,discern-proc-so,R (running),client-compromised.bnsdq.ozxfs.vcwss-bomyo.kvugl,2.6212579072395794,1
1759279336,37174,1,N/A,N/A,N/A,N/A,N/A,N/A,N/A,N/A,1647706112,1580597248,22380544,N/A,135168,82202624,5,discern-interfa,S (sleeping),client-compromised.bnsdq.ozxfs.vcwss-bomyo.kvugl,0.0026018210951977926,1
1759279337,341,1,103,103,103,103,109,109,109,109,107515904,107515904,101335040,N/A,135168,99786752,1,dbus-daemon,S (sleeping),client-compromised.bnsdq.ozxfs.vcwss-bomyo.kvugl,0.26339011269526574,0
1759279337,183,1,N/A,N/A,N/A,N/A,N/A,N/A,N/A,N/A,160686080,139632640,43958272,4096,135168,30134272,1,systemd-journal,S (sleeping),client-compromised.bnsdq.ozxfs.vcwss-bomyo.kvugl,0.210748795774108,0
1759279337,153885,1,N/A,N/A,N/A,N/A,N/A,N/A,N/A,N/A,1953267712,1930887168,38625280,N/A,135168,170729472,14,discern-network,S (sleeping),client-compromised.bnsdq.ozxfs.vcwss-bomyo.kvugl,0.49226438359885777,0
1759279337,156854,1,N/A,N/A,N/A,N/A,N/A,N/A,N/A,N/A,1647706112,1580597248,21172224,N/A,135168,82202624,5,discern-interfa,S (sleeping),client-compromised.bnsdq.ozxfs.vcwss-bomyo.kvugl,0.0031895736140708825,0
1759279337,156581,1,N/A,N/A,N/A,N/A,N/A,N/A,N/A,N/A,1264619520,1264619520,17129472,N/A,135168,45826048,4,discern-proc-so,R (running),client-compromised.bnsdq.ozxfs.vcwss-bomyo.kvugl,2.638451870467391,0
1759279341,38941,38940,N/A,N/A,N/A,N/A,N/A,N/A,N/A,N/A,1091186688,704839680,363245568,N/A,135168,225345536,3,python3,S (sleeping),client-compromised.bnsdq.ozxfs.vcwss-bomyo.kvugl,0.8179958190493198,1
1759279341,340,1,103,103,103,103,109,109,109,109,100237312,100237312,93974528,N/A,135168,92508160,1,dbus-daemon,S (sleeping),client-compromised.bnsdq.ozxfs.vcwss-bomyo.kvugl,0.2994358789002712,1
1759279341,3292,1,N/A,N/A,N/A,N/A,N/A,N/A,N/A,N/A,1953800192,1922756608,40435712,N/A,135168,170991616,13,discern-network,S (sleeping),client-compromised.bnsdq.ozxfs.vcwss-bomyo.kvugl,0.5840300385183924,1
1759279341,42397,1,N/A,N/A,N/A,N/A,N/A,N/A,N/A,N/A,1264619520,1264619520,17264640,N/A,135168,45826048,4,discern-proc-so,S (sleeping),client-compromised.bnsdq.ozxfs.vcwss-bomyo.kvugl,2.589318950434911,1
1759279341,37174,1,N/A,N/A,N/A,N/A,N/A,N/A,N/A,N/A,1647706112,1580597248,22380544,N/A,135168,82202624,5,discern-interfa,S (sleeping),client-compromised.bnsdq.ozxfs.vcwss-bomyo.kvugl,0.002567374731859945,1
1759279342,341,1,103,103,103,103,109,109,109,109,107515904,107515904,101335040,N/A,135168,99786752,1,dbus-daemon,S (sleeping),client-compromised.bnsdq.ozxfs.vcwss-bomyo.kvugl,0.26335596934915917,0
1759279342,183,1,N/A,N/A,N/A,N/A,N/A,N/A,N/A,N/A,160686080,139632640,43958272,4096,135168,30134272,1,systemd-journal,S (sleeping),client-compromised.bnsdq.ozxfs.vcwss-bomyo.kvugl,0.21064606697194727,0
1759279342,153885,1,N/A,N/A,N/A,N/A,N/A,N/A,N/A,N/A,1953267712,1930887168,38625280,N/A,135168,170729472,14,discern-network,S (sleeping),client-compromised.bnsdq.ozxfs.vcwss-bomyo.kvugl,0.49397863810775966,0
1759279342,156854,1,N/A,N/A,N/A,N/A,N/A,N/A,N/A,N/A,1647706112,1580597248,21172224,N/A,135168,82202624,5,discern-interfa,S (sleeping),client-compromised.bnsdq.ozxfs.vcwss-bomyo.kvugl,0.0031634811937662375,0
1759279342,156581,1,N/A,N/A,N/A,N/A,N/A,N/A,N/A,N/A,1264619520,1264619520,17129472,N/A,135168,45826048,4,discern-proc-so,R (running),client-compromised.bnsdq.ozxfs.vcwss-bomyo.kvugl,2.6420895137161216,0
1759279346,38941,38940,N/A,N/A,N/A,N/A,N/A,N/A,N/A,N/A,1091186688,704839680,363245568,N/A,135168,225345536,3,python3,S (sleeping),client-compromised.bnsdq.ozxfs.vcwss-bomyo.kvugl,0.8017951420130358,1
1759279346,340,1,103,103,103,103,109,109,109,109,100372480,100372480,94244864,N/A,135168,92643328,1,dbus-daemon,S (sleeping),client-compromised.bnsdq.ozxfs.vcwss-bomyo.kvugl,0.29920840787636005,1
1759279346,3292,1,N/A,N/A,N/A,N/A,N/A,N/A,N/A,N/A,1953800192,1922756608,40435712,N/A,135168,170991616,13,discern-network,S (sleeping),client-compromised.bnsdq.ozxfs.vcwss-bomyo.kvugl,0.5835718982044231,1
1759279346,42397,1,N/A,N/A,N/A,N/A,N/A,N/A,N/A,N/A,1264619520,1264619520,17264640,N/A,135168,45826048,4,discern-proc-so,S (sleeping),client-compromised.bnsdq.ozxfs.vcwss-bomyo.kvugl,2.620313751600785,1
1759279346,37174,1,N/A,N/A,N/A,N/A,N/A,N/A,N/A,N/A,1647706112,1580597248,22380544,N/A,135168,82202624,5,discern-interfa,S (sleeping),client-compromised.bnsdq.ozxfs.vcwss-bomyo.kvugl,0.0025337909631756167,1
1759279347,341,1,103,103,103,103,109,109,109,109,107515904,107515904,101335040,N/A,135168,99786752,1,dbus-daemon,S (sleeping),client-compromised.bnsdq.ozxfs.vcwss-bomyo.kvugl,0.26341682282432294,0
1759279347,183,1,N/A,N/A,N/A,N/A,N/A,N/A,N/A,N/A,160686080,139632640,43958272,4096,135168,30134272,1,systemd-journal,S (sleeping),client-compromised.bnsdq.ozxfs.vcwss-bomyo.kvugl,0.21063824189194835,0
1759279347,153885,1,N/A,N/A,N/A,N/A,N/A,N/A,N/A,N/A,1953267712,1930887168,38625280,N/A,135168,170729472,14,discern-network,S (sleeping),client-compromised.bnsdq.ozxfs.vcwss-bomyo.kvugl,0.49334599592623274,0
1759279347,156854,1,N/A,N/A,N/A,N/A,N/A,N/A,N/A,N/A,1647706112,1580597248,21172224,N/A,135168,82202624,5,discern-interfa,S (sleeping),client-compromised.bnsdq.ozxfs.vcwss-bomyo.kvugl,0.0031379608709319598,0
1759279347,156581,1,N/A,N/A,N/A,N/A,N/A,N/A,N/A,N/A,1264619520,1264619520,17129472,N/A,135168,45826048,4,discern-proc-so,S (sleeping),client-compromised.bnsdq.ozxfs.vcwss-bomyo.kvugl,2.6411931814213183,0
1759279351,340,1,103,103,103,103,109,109,109,109,100507648,100507648,94515200,N/A,135168,92778496,1,dbus-daemon,S (sleeping),client-compromised.bnsdq.ozxfs.vcwss-bomyo.kvugl,0.2989835850928913,1
1759279351,38941,38940,N/A,N/A,N/A,N/A,N/A,N/A,N/A,N/A,1091186688,705101824,363245568,N/A,135168,255709184,4,python3,S (sleeping),client-compromised.bnsdq.ozxfs.vcwss-bomyo.kvugl,1.068413886760652,1
1759279351,3292,1,N/A,N/A,N/A,N/A,N/A,N/A,N/A,N/A,1953800192,1922756608,40435712,N/A,135168,170991616,13,discern-network,S (sleeping),client-compromised.bnsdq.ozxfs.vcwss-bomyo.kvugl,0.5849204422802479,1
1759279351,42397,1,N/A,N/A,N/A,N/A,N/A,N/A,N/A,N/A,1264619520,1264619520,17264640,N/A,135168,45826048,4,discern-proc-so,R (running),client-compromised.bnsdq.ozxfs.vcwss-bomyo.kvugl,2.5252875689899397,1
1759279351,37174,1,N/A,N/A,N/A,N/A,N/A,N/A,N/A,N/A,1647706112,1580597248,22380544,N/A,135168,82202624,5,discern-interfa,S (sleeping),client-compromised.bnsdq.ozxfs.vcwss-bomyo.kvugl,0.0025011536935829744,1
1759279352,341,1,103,103,103,103,109,109,109,109,107515904,107515904,101335040,N/A,135168,99786752,1,dbus-daemon,S (sleeping),client-compromised.bnsdq.ozxfs.vcwss-bomyo.kvugl,0.26347560338416187,0
1759279352,165184,1,N/A,N/A,N/A,N/A,N/A,N/A,N/A,N/A,1399861248,1399861248,130682880,N/A,135168,181100544,4,discern-file-so,S (sleeping),client-compromised.bnsdq.ozxfs.vcwss-bomyo.kvugl,57.53516667101015,0
1759279352,183,1,N/A,N/A,N/A,N/A,N/A,N/A,N/A,N/A,160686080,139632640,43958272,4096,135168,30134272,1,systemd-journal,S (sleeping),client-compromised.bnsdq.ozxfs.vcwss-bomyo.kvugl,0.21072296803941334,0
1759279352,153885,1,N/A,N/A,N/A,N/A,N/A,N/A,N/A,N/A,1953267712,1930887168,38625280,N/A,135168,170729472,14,discern-network,S (sleeping),client-compromised.bnsdq.ozxfs.vcwss-bomyo.kvugl,0.4926742557975519,0
1759279352,156854,1,N/A,N/A,N/A,N/A,N/A,N/A,N/A,N/A,1647706112,1580597248,21172224,N/A,135168,82202624,5,discern-interfa,S (sleeping),client-compromised.bnsdq.ozxfs.vcwss-bomyo.kvugl,0.003112454864432708,0
1759279356,38941,38940,N/A,N/A,N/A,N/A,N/A,N/A,N/A,N/A,1091186688,707461120,363245568,N/A,135168,258068480,3,python3,S (sleeping),client-compromised.bnsdq.ozxfs.vcwss-bomyo.kvugl,2.2584402554353677,1
1759279356,340,1,103,103,103,103,109,109,109,109,100777984,100777984,94515200,N/A,135168,93048832,1,dbus-daemon,S (sleeping),client-compromised.bnsdq.ozxfs.vcwss-bomyo.kvugl,0.29875722150610556,1
1759279356,3292,1,N/A,N/A,N/A,N/A,N/A,N/A,N/A,N/A,1953800192,1922756608,40435712,N/A,135168,170991616,13,discern-network,S (sleeping),client-compromised.bnsdq.ozxfs.vcwss-bomyo.kvugl,0.5894023433127424,1
1759279356,42397,1,N/A,N/A,N/A,N/A,N/A,N/A,N/A,N/A,1264619520,1264619520,17264640,N/A,135168,45826048,4,discern-proc-so,R (running),client-compromised.bnsdq.ozxfs.vcwss-bomyo.kvugl,2.556213380189824,1
1759279356,37174,1,N/A,N/A,N/A,N/A,N/A,N/A,N/A,N/A,1647706112,1580597248,22380544,N/A,135168,82202624,5,discern-interfa,S (sleeping),client-compromised.bnsdq.ozxfs.vcwss-bomyo.kvugl,0.002469234041847828,1
1759279357,341,1,103,103,103,103,109,109,109,109,107515904,107515904,101335040,N/A,135168,99786752,1,dbus-daemon,S (sleeping),client-compromised.bnsdq.ozxfs.vcwss-bomyo.kvugl,0.26343764413039583,0
1759279357,165184,1,N/A,N/A,N/A,N/A,N/A,N/A,N/A,N/A,1534480384,1534480384,223875072,N/A,135168,298942464,4,discern-file-so,S (sleeping),client-compromised.bnsdq.ozxfs.vcwss-bomyo.kvugl,65.011035104221,0
1759279357,183,1,N/A,N/A,N/A,N/A,N/A,N/A,N/A,N/A,160686080,139632640,43958272,4096,135168,30134272,1,systemd-journal,S (sleeping),client-compromised.bnsdq.ozxfs.vcwss-bomyo.kvugl,0.21071143053571617,0
1759279357,153885,1,N/A,N/A,N/A,N/A,N/A,N/A,N/A,N/A,1953267712,1930887168,38625280,N/A,135168,170729472,14,discern-network,S (sleeping),client-compromised.bnsdq.ozxfs.vcwss-bomyo.kvugl,0.4919508915281938,0
1759279357,156854,1,N/A,N/A,N/A,N/A,N/A,N/A,N/A,N/A,1647706112,1580597248,21172224,N/A,135168,82202624,5,discern-interfa,S (sleeping),client-compromised.bnsdq.ozxfs.vcwss-bomyo.kvugl,0.0030868570203456637,0
1759279362,38941,38940,N/A,N/A,N/A,N/A,N/A,N/A,N/A,N/A,1091186688,707461120,363245568,N/A,135168,258068480,3,python3,S (sleeping),client-compromised.bnsdq.ozxfs.vcwss-bomyo.kvugl,2.21628029057833,1
1759279362,340,1,103,103,103,103,109,109,109,109,100913152,100913152,94773248,N/A,135168,93184000,1,dbus-daemon,S (sleeping),client-compromised.bnsdq.ozxfs.vcwss-bomyo.kvugl,0.298533608279138,1
1759279362,3292,1,N/A,N/A,N/A,N/A,N/A,N/A,N/A,N/A,1953800192,1922756608,40435712,N/A,135168,170991616,13,discern-network,S (sleeping),client-compromised.bnsdq.ozxfs.vcwss-bomyo.kvugl,0.588936975760393,1
1759279362,42397,1,N/A,N/A,N/A,N/A,N/A,N/A,N/A,N/A,1264619520,1264619520,17264640,N/A,135168,45826048,4,discern-proc-so,S (sleeping),client-compromised.bnsdq.ozxfs.vcwss-bomyo.kvugl,2.5389402164974584,1
1759279362,37174,1,N/A,N/A,N/A,N/A,N/A,N/A,N/A,N/A,1647706112,1580597248,22380544,N/A,135168,82202624,5,discern-interfa,S (sleeping),client-compromised.bnsdq.ozxfs.vcwss-bomyo.kvugl,0.0024381990859301517,1
1759279363,341,1,103,103,103,103,109,109,109,109,107515904,107515904,101335040,N/A,135168,99786752,1,dbus-daemon,S (sleeping),client-compromised.bnsdq.ozxfs.vcwss-bomyo.kvugl,0.26340204935125555,0
1759279363,165184,1,N/A,N/A,N/A,N/A,N/A,N/A,N/A,N/A,1534545920,1534545920,223875072,N/A,135168,299008000,4,discern-file-so,S (sleeping),client-compromised.bnsdq.ozxfs.vcwss-bomyo.kvugl,63.57820933555551,0
1759279363,153885,1,N/A,N/A,N/A,N/A,N/A,N/A,N/A,N/A,1953267712,1930887168,38625280,N/A,135168,170729472,14,discern-network,S (sleeping),client-compromised.bnsdq.ozxfs.vcwss-bomyo.kvugl,0.4901400094463649,0
1759279363,183,1,N/A,N/A,N/A,N/A,N/A,N/A,N/A,N/A,160686080,139632640,43958272,4096,135168,30134272,1,systemd-journal,S (sleeping),client-compromised.bnsdq.ozxfs.vcwss-bomyo.kvugl,0.21079583525640228,0
1759279363,156854,1,N/A,N/A,N/A,N/A,N/A,N/A,N/A,N/A,1647706112,1580597248,21172224,N/A,135168,82202624,5,discern-interfa,S (sleeping),client-compromised.bnsdq.ozxfs.vcwss-bomyo.kvugl,0.0030621278347035034,0
1759279367,38941,38940,N/A,N/A,N/A,N/A,N/A,N/A,N/A,N/A,1091186688,707461120,363245568,N/A,135168,258068480,3,python3,S (sleeping),client-compromised.bnsdq.ozxfs.vcwss-bomyo.kvugl,2.1791863951351558,1
1759279367,340,1,103,103,103,103,109,109,109,109,101048320,101048320,94773248,N/A,135168,93319168,1,dbus-daemon,S (sleeping),client-compromised.bnsdq.ozxfs.vcwss-bomyo.kvugl,0.29831040219612565,1
1759279367,3292,1,N/A,N/A,N/A,N/A,N/A,N/A,N/A,N/A,1953800192,1922756608,40435712,N/A,135168,170991616,13,discern-network,S (sleeping),client-compromised.bnsdq.ozxfs.vcwss-bomyo.kvugl,0.5889197566158769,1
1759279367,42397,1,N/A,N/A,N/A,N/A,N/A,N/A,N/A,N/A,1264619520,1264619520,17264640,N/A,135168,45826048,4,discern-proc-so,R (running),client-compromised.bnsdq.ozxfs.vcwss-bomyo.kvugl,2.551229778567362,1
1759279367,37174,1,N/A,N/A,N/A,N/A,N/A,N/A,N/A,N/A,1647706112,1580597248,22380544,N/A,135168,82202624,5,discern-interfa,S (sleeping),client-compromised.bnsdq.ozxfs.vcwss-bomyo.kvugl,0.0024079089733871034,1
1759279368,341,1,103,103,103,103,109,109,109,109,107515904,107515904,101335040,N/A,135168,99786752,1,dbus-daemon,S (sleeping),client-compromised.bnsdq.ozxfs.vcwss-bomyo.kvugl,0.26346251217239325,0
1759279368,153885,1,N/A,N/A,N/A,N/A,N/A,N/A,N/A,N/A,1953267712,1930887168,38625280,N/A,135168,170729472,14,discern-network,S (sleeping),client-compromised.bnsdq.ozxfs.vcwss-bomyo.kvugl,0.4895404963349701,0
1759279368,183,1,N/A,N/A,N/A,N/A,N/A,N/A,N/A,N/A,160686080,139632640,43958272,4096,135168,30134272,1,systemd-journal,S (sleeping),client-compromised.bnsdq.ozxfs.vcwss-bomyo.kvugl,0.21078779663749223,0
1759279368,156854,1,N/A,N/A,N/A,N/A,N/A,N/A,N/A,N/A,1647706112,1580597248,21172224,N/A,135168,82202624,5,discern-interfa,S (sleeping),client-compromised.bnsdq.ozxfs.vcwss-bomyo.kvugl,0.003038177084135754,0
1759279368,156581,1,N/A,N/A,N/A,N/A,N/A,N/A,N/A,N/A,1264619520,1264619520,17129472,N/A,135168,45826048,4,discern-proc-so,R (running),client-compromised.bnsdq.ozxfs.vcwss-bomyo.kvugl,2.6318542074482885,0
1759279372,38941,38940,N/A,N/A,N/A,N/A,N/A,N/A,N/A,N/A,1091186688,707461120,363245568,N/A,135168,258068480,3,python3,S (sleeping),client-compromised.bnsdq.ozxfs.vcwss-bomyo.kvugl,2.139926930949038,1
1759279372,340,1,103,103,103,103,109,109,109,109,101482496,101482496,95313920,N/A,135168,93753344,1,dbus-daemon,S (sleeping),client-compromised.bnsdq.ozxfs.vcwss-bomyo.kvugl,0.2989125574141088,1
1759279372,3292,1,N/A,N/A,N/A,N/A,N/A,N/A,N/A,N/A,1953800192,1922756608,40435712,N/A,135168,170991616,13,discern-network,S (sleeping),client-compromised.bnsdq.ozxfs.vcwss-bomyo.kvugl,0.588009968643339,1
1759279372,42397,1,N/A,N/A,N/A,N/A,N/A,N/A,N/A,N/A,1264619520,1264619520,17264640,N/A,135168,45826048,4,discern-proc-so,R (running),client-compromised.bnsdq.ozxfs.vcwss-bomyo.kvugl,2.549110327345851,1
1759279372,37174,1,N/A,N/A,N/A,N/A,N/A,N/A,N/A,N/A,1647706112,1580597248,22380544,N/A,135168,82202624,5,discern-interfa,S (sleeping),client-compromised.bnsdq.ozxfs.vcwss-bomyo.kvugl,0.002378354012720551,1
1759279373,341,1,103,103,103,103,109,109,109,109,107515904,107515904,101335040,N/A,135168,99786752,1,dbus-daemon,S (sleeping),client-compromised.bnsdq.ozxfs.vcwss-bomyo.kvugl,0.2633348844012102,0
1759279373,153885,1,N/A,N/A,N/A,N/A,N/A,N/A,N/A,N/A,1953267712,1930887168,38625280,N/A,135168,170729472,14,discern-network,S (sleeping),client-compromised.bnsdq.ozxfs.vcwss-bomyo.kvugl,0.49008250297235895,0
1759279373,183,1,N/A,N/A,N/A,N/A,N/A,N/A,N/A,N/A,160686080,139632640,43958272,4096,135168,30134272,1,systemd-journal,S (sleeping),client-compromised.bnsdq.ozxfs.vcwss-bomyo.kvugl,0.21077966764977804,0
1759279373,156854,1,N/A,N/A,N/A,N/A,N/A,N/A,N/A,N/A,1647706112,1580597248,21172224,N/A,135168,82202624,5,discern-interfa,S (sleeping),client-compromised.bnsdq.ozxfs.vcwss-bomyo.kvugl,0.0030145726482486077,0
1759279373,156581,1,N/A,N/A,N/A,N/A,N/A,N/A,N/A,N/A,1264619520,1264619520,17129472,N/A,135168,45826048,4,discern-proc-so,R (running),client-compromised.bnsdq.ozxfs.vcwss-bomyo.kvugl,2.631020205431023,0
1759279377,38941,38940,N/A,N/A,N/A,N/A,N/A,N/A,N/A,N/A,1091186688,707461120,363245568,N/A,135168,258068480,3,python3,S (sleeping),client-compromised.bnsdq.ozxfs.vcwss-bomyo.kvugl,2.1020038007130926,1
1759279377,340,1,103,103,103,103,109,109,109,109,101482496,101482496,95313920,N/A,135168,93753344,1,dbus-daemon,S (sleeping),client-compromised.bnsdq.ozxfs.vcwss-bomyo.kvugl,0.2986884115658589,1
1759279377,3292,1,N/A,N/A,N/A,N/A,N/A,N/A,N/A,N/A,1953800192,1922756608,40435712,N/A,135168,170991616,13,discern-network,S (sleeping),client-compromised.bnsdq.ozxfs.vcwss-bomyo.kvugl,0.5879926508495016,1
1759279377,42397,1,N/A,N/A,N/A,N/A,N/A,N/A,N/A,N/A,1264619520,1264619520,17264640,N/A,135168,45826048,4,discern-proc-so,S (sleeping),client-compromised.bnsdq.ozxfs.vcwss-bomyo.kvugl,2.570943929758108,1
1759279377,37174,1,N/A,N/A,N/A,N/A,N/A,N/A,N/A,N/A,1647706112,1580597248,22380544,N/A,135168,82202624,5,discern-interfa,S (sleeping),client-compromised.bnsdq.ozxfs.vcwss-bomyo.kvugl,0.0023494751243718246,1
1759279378,341,1,103,103,103,103,109,109,109,109,107515904,107515904,101335040,N/A,135168,99786752,1,dbus-daemon,S (sleeping),client-compromised.bnsdq.ozxfs.vcwss-bomyo.kvugl,0.2635831887353961,0
1759279378,153885,1,N/A,N/A,N/A,N/A,N/A,N/A,N/A,N/A,1953267712,1930887168,38625280,N/A,135168,170729472,14,discern-network,S (sleeping),client-compromised.bnsdq.ozxfs.vcwss-bomyo.kvugl,0.49061968531336997,0
1759279378,183,1,N/A,N/A,N/A,N/A,N/A,N/A,N/A,N/A,160686080,139632640,43958272,4096,135168,30134272,1,systemd-journal,S (sleeping),client-compromised.bnsdq.ozxfs.vcwss-bomyo.kvugl,0.21086552648361143,0
1759279378,156854,1,N/A,N/A,N/A,N/A,N/A,N/A,N/A,N/A,1647706112,1580597248,21172224,N/A,135168,82202624,5,discern-interfa,S (sleeping),client-compromised.bnsdq.ozxfs.vcwss-bomyo.kvugl,0.002991344141064776,0
1759279378,156581,1,N/A,N/A,N/A,N/A,N/A,N/A,N/A,N/A,1264619520,1264619520,17129472,N/A,135168,45826048,4,discern-proc-so,S (sleeping),client-compromised.bnsdq.ozxfs.vcwss-bomyo.kvugl,2.631671912412528,0
1759279382,38941,38940,N/A,N/A,N/A,N/A,N/A,N/A,N/A,N/A,1091186688,707461120,363245568,N/A,135168,258068480,3,python3,S (sleeping),client-compromised.bnsdq.ozxfs.vcwss-bomyo.kvugl,2.065442101823479,1
1759279382,340,1,103,103,103,103,109,109,109,109,101752832,101752832,95584256,N/A,135168,94023680,1,dbus-daemon,S (sleeping),client-compromised.bnsdq.ozxfs.vcwss-bomyo.kvugl,0.29887647823039304,1
1759279382,3292,1,N/A,N/A,N/A,N/A,N/A,N/A,N/A,N/A,1953800192,1922756608,40435712,N/A,135168,170991616,13,discern-network,S (sleeping),client-compromised.bnsdq.ozxfs.vcwss-bomyo.kvugl,0.5879769414513023,1
1759279382,42397,1,N/A,N/A,N/A,N/A,N/A,N/A,N/A,N/A,1264619520,1264619520,17264640,N/A,135168,45826048,4,discern-proc-so,S (sleeping),client-compromised.bnsdq.ozxfs.vcwss-bomyo.kvugl,2.5566207167869335,1
1759279382,37174,1,N/A,N/A,N/A,N/A,N/A,N/A,N/A,N/A,1647706112,1580597248,22380544,N/A,135168,82202624,5,discern-interfa,S (sleeping),client-compromised.bnsdq.ozxfs.vcwss-bomyo.kvugl,0.002321321108878921,1
1759279383,341,1,103,103,103,103,109,109,109,109,107515904,107515904,101335040,N/A,135168,99786752,1,dbus-daemon,S (sleeping),client-compromised.bnsdq.ozxfs.vcwss-bomyo.kvugl,0.2636434189638343,0
1759279383,153885,1,N/A,N/A,N/A,N/A,N/A,N/A,N/A,N/A,1953267712,1930887168,38625280,N/A,135168,170729472,14,discern-network,S (sleeping),client-compromised.bnsdq.ozxfs.vcwss-bomyo.kvugl,0.4911494285324345,0
1759279383,183,1,N/A,N/A,N/A,N/A,N/A,N/A,N/A,N/A,160686080,139632640,43958272,4096,135168,30134272,1,systemd-journal,S (sleeping),client-compromised.bnsdq.ozxfs.vcwss-bomyo.kvugl,0.2108573768673574,0
1759279383,156854,1,N/A,N/A,N/A,N/A,N/A,N/A,N/A,N/A,1647706112,1580597248,21172224,N/A,135168,82202624,5,discern-interfa,S (sleeping),client-compromised.bnsdq.ozxfs.vcwss-bomyo.kvugl,0.002968460953421713,0
1759279383,156581,1,N/A,N/A,N/A,N/A,N/A,N/A,N/A,N/A,1264619520,1264619520,17129472,N/A,135168,45826048,4,discern-proc-so,S (sleeping),client-compromised.bnsdq.ozxfs.vcwss-bomyo.kvugl,2.633757126103081,0
1759279387,38941,38940,N/A,N/A,N/A,N/A,N/A,N/A,N/A,N/A,1091186688,707461120,363245568,N/A,135168,258068480,3,python3,S (sleeping),client-compromised.bnsdq.ozxfs.vcwss-bomyo.kvugl,2.030206917863242,1
1759279387,340,1,103,103,103,103,109,109,109,109,101888000,101888000,95854592,N/A,135168,94158848,1,dbus-daemon,S (sleeping),client-compromised.bnsdq.ozxfs.vcwss-bomyo.kvugl,0.2986554550811333,1
1759279387,3292,1,N/A,N/A,N/A,N/A,N/A,N/A,N/A,N/A,1953800192,1922756608,40435712,N/A,135168,170991616,13,discern-network,S (sleeping),client-compromised.bnsdq.ozxfs.vcwss-bomyo.kvugl,0.5875211695024157,1
1759279387,42397,1,N/A,N/A,N/A,N/A,N/A,N/A,N/A,N/A,1264619520,1264619520,17264640,N/A,135168,45826048,4,discern-proc-so,R (running),client-compromised.bnsdq.ozxfs.vcwss-bomyo.kvugl,2.565464746781958,1
1759279387,37174,1,N/A,N/A,N/A,N/A,N/A,N/A,N/A,N/A,1647706112,1580597248,22380544,N/A,135168,82202624,5,discern-interfa,S (sleeping),client-compromised.bnsdq.ozxfs.vcwss-bomyo.kvugl,0.0022938925988124368,1
1759279388,341,1,103,103,103,103,109,109,109,109,107515904,107515904,101335040,N/A,135168,99786752,1,dbus-daemon,S (sleeping),client-compromised.bnsdq.ozxfs.vcwss-bomyo.kvugl,0.2636100066944761,0
1759279388,153885,1,N/A,N/A,N/A,N/A,N/A,N/A,N/A,N/A,1953267712,1930887168,38625280,N/A,135168,170729472,14,discern-network,S (sleeping),client-compromised.bnsdq.ozxfs.vcwss-bomyo.kvugl,0.4916788836755894,0
1759279388,183,1,N/A,N/A,N/A,N/A,N/A,N/A,N/A,N/A,160686080,139632640,43958272,4096,135168,30134272,1,systemd-journal,S (sleeping),client-compromised.bnsdq.ozxfs.vcwss-bomyo.kvugl,0.21094328088389078,0
1759279388,156854,1,N/A,N/A,N/A,N/A,N/A,N/A,N/A,N/A,1647706112,1580597248,21172224,N/A,135168,82202624,5,discern-interfa,S (sleeping),client-compromised.bnsdq.ozxfs.vcwss-bomyo.kvugl,0.0029459713264488323,0
1759279388,156581,1,N/A,N/A,N/A,N/A,N/A,N/A,N/A,N/A,1264619520,1264619520,17129472,N/A,135168,45826048,4,discern-proc-so,R (running),client-compromised.bnsdq.ozxfs.vcwss-bomyo.kvugl,2.631528361962312,0
1759279393,38941,38940,N/A,N/A,N/A,N/A,N/A,N/A,N/A,N/A,1091186688,707461120,363245568,N/A,135168,258068480,3,python3,S (sleeping),client-compromised.bnsdq.ozxfs.vcwss-bomyo.kvugl,2.028636831503579,1
1759279393,340,1,103,103,103,103,109,109,109,109,102023168,102023168,95854592,N/A,135168,94294016,1,dbus-daemon,S (sleeping),client-compromised.bnsdq.ozxfs.vcwss-bomyo.kvugl,0.2984338917747262,1
1759279393,3292,1,N/A,N/A,N/A,N/A,N/A,N/A,N/A,N/A,1953800192,1922756608,40435712,N/A,135168,170991616,13,discern-network,S (sleeping),client-compromised.bnsdq.ozxfs.vcwss-bomyo.kvugl,0.5875064131563595,1
1759279393,42397,1,N/A,N/A,N/A,N/A,N/A,N/A,N/A,N/A,1264619520,1264619520,17264640,N/A,135168,45826048,4,discern-proc-so,S (sleeping),client-compromised.bnsdq.ozxfs.vcwss-bomyo.kvugl,2.5629884882974987,1
1759279393,37174,1,N/A,N/A,N/A,N/A,N/A,N/A,N/A,N/A,1647706112,1580597248,22380544,N/A,135168,82202624,5,discern-interfa,S (sleeping),client-compromised.bnsdq.ozxfs.vcwss-bomyo.kvugl,0.002267043425044076,1
1759279394,341,1,103,103,103,103,109,109,109,109,107515904,107515904,101335040,N/A,135168,99786752,1,dbus-daemon,S (sleeping),client-compromised.bnsdq.ozxfs.vcwss-bomyo.kvugl,0.2635759335913101,0
1759279394,183,1,N/A,N/A,N/A,N/A,N/A,N/A,N/A,N/A,160686080,139632640,43958272,4096,135168,30134272,1,systemd-journal,S (sleeping),client-compromised.bnsdq.ozxfs.vcwss-bomyo.kvugl,0.2109347582369755,0
1759279394,153885,1,N/A,N/A,N/A,N/A,N/A,N/A,N/A,N/A,1953267712,1930887168,38625280,N/A,135168,170729472,14,discern-network,S (sleeping),client-compromised.bnsdq.ozxfs.vcwss-bomyo.kvugl,0.49107582714760173,0
1759279394,156854,1,N/A,N/A,N/A,N/A,N/A,N/A,N/A,N/A,1647706112,1580597248,21172224,N/A,135168,82202624,5,discern-interfa,S (sleeping),client-compromised.bnsdq.ozxfs.vcwss-bomyo.kvugl,0.002923699765343166,0
1759279394,156581,1,N/A,N/A,N/A,N/A,N/A,N/A,N/A,N/A,1264619520,1264619520,17129472,N/A,135168,45826048,4,discern-proc-so,R (running),client-compromised.bnsdq.ozxfs.vcwss-bomyo.kvugl,2.634948416766677,0
1759279398,38941,38940,N/A,N/A,N/A,N/A,N/A,N/A,N/A,N/A,1091186688,707461120,363245568,N/A,135168,258068480,3,python3,S (sleeping),client-compromised.bnsdq.ozxfs.vcwss-bomyo.kvugl,1.995176241207289,1
1759279398,340,1,103,103,103,103,109,109,109,109,102293504,102293504,96124928,N/A,135168,94564352,1,dbus-daemon,S (sleeping),client-compromised.bnsdq.ozxfs.vcwss-bomyo.kvugl,0.2986227570045048,1
1759279398,3292,1,N/A,N/A,N/A,N/A,N/A,N/A,N/A,N/A,1953800192,1922756608,40435712,N/A,135168,170991616,13,discern-network,S (sleeping),client-compromised.bnsdq.ozxfs.vcwss-bomyo.kvugl,0.5870538970239977,1
1759279398,42397,1,N/A,N/A,N/A,N/A,N/A,N/A,N/A,N/A,1264619520,1264619520,17264640,N/A,135168,45826048,4,discern-proc-so,R (running),client-compromised.bnsdq.ozxfs.vcwss-bomyo.kvugl,2.5610612541816358,1
1759279398,37174,1,N/A,N/A,N/A,N/A,N/A,N/A,N/A,N/A,1647706112,1580597248,22380544,N/A,135168,82202624,5,discern-interfa,S (sleeping),client-compromised.bnsdq.ozxfs.vcwss-bomyo.kvugl,0.0022408773994099878,1
1759279399,341,1,103,103,103,103,109,109,109,109,107515904,107515904,101335040,N/A,135168,99786752,1,dbus-daemon,S (sleeping),client-compromised.bnsdq.ozxfs.vcwss-bomyo.kvugl,0.26363579846743596,0
1759279399,183,1,N/A,N/A,N/A,N/A,N/A,N/A,N/A,N/A,160686080,139632640,43958272,4096,135168,30134272,1,systemd-journal,S (sleeping),client-compromised.bnsdq.ozxfs.vcwss-bomyo.kvugl,0.21092635904976037,0
1759279399,153885,1,N/A,N/A,N/A,N/A,N/A,N/A,N/A,N/A,1953267712,1930887168,38625280,N/A,135168,170729472,14,discern-network,S (sleeping),client-compromised.bnsdq.ozxfs.vcwss-bomyo.kvugl,0.4915875592929651,0
1759279399,156854,1,N/A,N/A,N/A,N/A,N/A,N/A,N/A,N/A,1647706112,1580597248,21172224,N/A,135168,82202624,5,discern-interfa,S (sleeping),client-compromised.bnsdq.ozxfs.vcwss-bomyo.kvugl,0.0029017858975244255,0
1759279399,156581,1,N/A,N/A,N/A,N/A,N/A,N/A,N/A,N/A,1264619520,1264619520,17129472,N/A,135168,45826048,4,discern-proc-so,S (sleeping),client-compromised.bnsdq.ozxfs.vcwss-bomyo.kvugl,2.635498770024081,0
1759279403,38941,38940,N/A,N/A,N/A,N/A,N/A,N/A,N/A,N/A,1091186688,707461120,363245568,N/A,135168,258068480,3,python3,S (sleeping),client-compromised.bnsdq.ozxfs.vcwss-bomyo.kvugl,1.9627264932836972,1
1759279403,340,1,103,103,103,103,109,109,109,109,102428672,102428672,96124928,N/A,135168,94699520,1,dbus-daemon,S (sleeping),client-compromised.bnsdq.ozxfs.vcwss-bomyo.kvugl,0.2984022616829677,1
1759279403,3292,1,N/A,N/A,N/A,N/A,N/A,N/A,N/A,N/A,1953800192,1922756608,40435712,N/A,135168,170991616,13,discern-network,S (sleeping),client-compromised.bnsdq.ozxfs.vcwss-bomyo.kvugl,0.587040451053715,1
1759279403,42397,1,N/A,N/A,N/A,N/A,N/A,N/A,N/A,N/A,1264619520,1264619520,17264640,N/A,135168,45826048,4,discern-proc-so,S (sleeping),client-compromised.bnsdq.ozxfs.vcwss-bomyo.kvugl,2.5681824740419072,1
1759279403,37174,1,N/A,N/A,N/A,N/A,N/A,N/A,N/A,N/A,1647706112,1580597248,22380544,N/A,135168,82202624,5,discern-interfa,S (sleeping),client-compromised.bnsdq.ozxfs.vcwss-bomyo.kvugl,0.002215251583390854,1
1759279404,341,1,103,103,103,103,109,109,109,109,107515904,107515904,101335040,N/A,135168,99786752,1,dbus-daemon,S (sleeping),client-compromised.bnsdq.ozxfs.vcwss-bomyo.kvugl,0.263789276585568,0
1759279404,183,1,N/A,N/A,N/A,N/A,N/A,N/A,N/A,N/A,160686080,139632640,43958272,4096,135168,30134272,1,systemd-journal,S (sleeping),client-compromised.bnsdq.ozxfs.vcwss-bomyo.kvugl,0.21101164580396972,0
1759279404,153885,1,N/A,N/A,N/A,N/A,N/A,N/A,N/A,N/A,1953267712,1930887168,38625280,N/A,135168,170729472,14,discern-network,S (sleeping),client-compromised.bnsdq.ozxfs.vcwss-bomyo.kvugl,0.492093058055044,0
1759279404,156854,1,N/A,N/A,N/A,N/A,N/A,N/A,N/A,N/A,1647706112,1580597248,21172224,N/A,135168,82202624,5,discern-interfa,S (sleeping),client-compromised.bnsdq.ozxfs.vcwss-bomyo.kvugl,0.002880196745109239,0
1759279404,156581,1,N/A,N/A,N/A,N/A,N/A,N/A,N/A,N/A,1264619520,1264619520,17129472,N/A,135168,45826048,4,discern-proc-so,S (sleeping),client-compromised.bnsdq.ozxfs.vcwss-bomyo.kvugl,2.6346315743300113,0
1759279408,38941,38940,N/A,N/A,N/A,N/A,N/A,N/A,N/A,N/A,1091186688,707461120,363245568,N/A,135168,258068480,3,python3,S (sleeping),client-compromised.bnsdq.ozxfs.vcwss-bomyo.kvugl,1.9313708560059808,1
1759279408,340,1,103,103,103,103,109,109,109,109,102563840,102563840,96395264,N/A,135168,94834688,1,dbus-daemon,S (sleeping),client-compromised.bnsdq.ozxfs.vcwss-bomyo.kvugl,0.29818381012894224,1
1759279408,3292,1,N/A,N/A,N/A,N/A,N/A,N/A,N/A,N/A,1953800192,1922756608,40435712,N/A,135168,170991616,13,discern-network,S (sleeping),client-compromised.bnsdq.ozxfs.vcwss-bomyo.kvugl,0.5865903463181577,1
1759279408,42397,1,N/A,N/A,N/A,N/A,N/A,N/A,N/A,N/A,1264619520,1264619520,17264640,N/A,135168,45826048,4,discern-proc-so,R (running),client-compromised.bnsdq.ozxfs.vcwss-bomyo.kvugl,2.5748649764503835,1
1759279408,37174,1,N/A,N/A,N/A,N/A,N/A,N/A,N/A,N/A,1647706112,1580597248,22380544,N/A,135168,82202624,5,discern-interfa,S (sleeping),client-compromised.bnsdq.ozxfs.vcwss-bomyo.kvugl,0.002190248445803442,1
1759279409,341,1,103,103,103,103,109,109,109,109,107515904,107515904,101335040,N/A,135168,99786752,1,dbus-daemon,S (sleeping),client-compromised.bnsdq.ozxfs.vcwss-bomyo.kvugl,0.2637560178643953,0
1759279409,183,1,N/A,N/A,N/A,N/A,N/A,N/A,N/A,N/A,160686080,139632640,43958272,4096,135168,30134272,1,systemd-journal,S (sleeping),client-compromised.bnsdq.ozxfs.vcwss-bomyo.kvugl,0.21100378170847933,0
1759279409,153885,1,N/A,N/A,N/A,N/A,N/A,N/A,N/A,N/A,1953267712,1930887168,38625280,N/A,135168,170729472,14,discern-network,S (sleeping),client-compromised.bnsdq.ozxfs.vcwss-bomyo.kvugl,0.4915165087849326,0
1759279409,156854,1,N/A,N/A,N/A,N/A,N/A,N/A,N/A,N/A,1647706112,1580597248,21172224,N/A,135168,82202624,5,discern-interfa,S (sleeping),client-compromised.bnsdq.ozxfs.vcwss-bomyo.kvugl,0.0028590464012389744,0
1759279409,156581,1,N/A,N/A,N/A,N/A,N/A,N/A,N/A,N/A,1264619520,1264619520,17129472,N/A,135168,45826048,4,discern-proc-so,R (running),client-compromised.bnsdq.ozxfs.vcwss-bomyo.kvugl,2.6310852904511672,0
1759279413,38941,38940,N/A,N/A,N/A,N/A,N/A,N/A,N/A,N/A,1091186688,707461120,363245568,N/A,135168,258068480,3,python3,S (sleeping),client-compromised.bnsdq.ozxfs.vcwss-bomyo.kvugl,1.9009511351582615,1
1759279413,340,1,103,103,103,103,109,109,109,109,102699008,102699008,96665600,N/A,135168,94969856,1,dbus-daemon,S (sleeping),client-compromised.bnsdq.ozxfs.vcwss-bomyo.kvugl,0.29837062217292937,1
1759279413,3292,1,N/A,N/A,N/A,N/A,N/A,N/A,N/A,N/A,1953800192,1922756608,40435712,N/A,135168,170991616,13,discern-network,S (sleeping),client-compromised.bnsdq.ozxfs.vcwss-bomyo.kvugl,0.5865781228313697,1
1759279413,42397,1,N/A,N/A,N/A,N/A,N/A,N/A,N/A,N/A,1264619520,1264619520,17264640,N/A,135168,45826048,4,discern-proc-so,R (running),client-compromised.bnsdq.ozxfs.vcwss-bomyo.kvugl,2.572433474866327,1
1759279413,37174,1,N/A,N/A,N/A,N/A,N/A,N/A,N/A,N/A,1647706112,1580597248,22380544,N/A,135168,82202624,5,discern-interfa,S (sleeping),client-compromised.bnsdq.ozxfs.vcwss-bomyo.kvugl,0.0021657627696268075,1
1759279414,341,1,103,103,103,103,109,109,109,109,107515904,107515904,101335040,N/A,135168,99786752,1,dbus-daemon,S (sleeping),client-compromised.bnsdq.ozxfs.vcwss-bomyo.kvugl,0.2638160257303439,0
1759279414,183,1,N/A,N/A,N/A,N/A,N/A,N/A,N/A,N/A,160686080,139632640,43958272,4096,135168,30134272,1,systemd-journal,S (sleeping),client-compromised.bnsdq.ozxfs.vcwss-bomyo.kvugl,0.21090200893742272,0
1759279414,153885,1,N/A,N/A,N/A,N/A,N/A,N/A,N/A,N/A,1953267712,1930887168,38625280,N/A,135168,170729472,14,discern-network,S (sleeping),client-compromised.bnsdq.ozxfs.vcwss-bomyo.kvugl,0.49093807074976725,0
1759279414,156854,1,N/A,N/A,N/A,N/A,N/A,N/A,N/A,N/A,1647706112,1580597248,21172224,N/A,135168,82202624,5,discern-interfa,S (sleeping),client-compromised.bnsdq.ozxfs.vcwss-bomyo.kvugl,0.002838141558023567,0
1759279414,156581,1,N/A,N/A,N/A,N/A,N/A,N/A,N/A,N/A,1264619520,1264619520,17129472,N/A,135168,45826048,4,discern-proc-so,R (running),client-compromised.bnsdq.ozxfs.vcwss-bomyo.kvugl,2.630311621858662,0
1759279418,38941,38940,N/A,N/A,N/A,N/A,N/A,N/A,N/A,N/A,1091186688,707461120,363245568,N/A,135168,258068480,3,python3,S (sleeping),client-compromised.bnsdq.ozxfs.vcwss-bomyo.kvugl,1.8714719515529792,1
1759279418,340,1,103,103,103,103,109,109,109,109,103104512,103104512,96935936,N/A,135168,95375360,1,dbus-daemon,S (sleeping),client-compromised.bnsdq.ozxfs.vcwss-bomyo.kvugl,0.2989611424380628,1
1759279418,3292,1,N/A,N/A,N/A,N/A,N/A,N/A,N/A,N/A,1953800192,1922756608,40435712,N/A,135168,170991616,13,discern-network,S (sleeping),client-compromised.bnsdq.ozxfs.vcwss-bomyo.kvugl,0.5861287442494166,1
1759279418,42397,1,N/A,N/A,N/A,N/A,N/A,N/A,N/A,N/A,1264619520,1264619520,17264640,N/A,135168,45826048,4,discern-proc-so,R (running),client-compromised.bnsdq.ozxfs.vcwss-bomyo.kvugl,2.570192825250637,1
1759279418,37174,1,N/A,N/A,N/A,N/A,N/A,N/A,N/A,N/A,1647706112,1580597248,22380544,N/A,135168,82202624,5,discern-interfa,S (sleeping),client-compromised.bnsdq.ozxfs.vcwss-bomyo.kvugl,0.00214181605483439,1
1759279419,341,1,103,103,103,103,109,109,109,109,107515904,107515904,101335040,N/A,135168,99786752,1,dbus-daemon,S (sleeping),client-compromised.bnsdq.ozxfs.vcwss-bomyo.kvugl,0.26378207496534567,0
1759279419,183,1,N/A,N/A,N/A,N/A,N/A,N/A,N/A,N/A,160686080,139632640,43958272,4096,135168,30134272,1,systemd-journal,S (sleeping),client-compromised.bnsdq.ozxfs.vcwss-bomyo.kvugl,0.2109872008116116,0
1759279419,153885,1,N/A,N/A,N/A,N/A,N/A,N/A,N/A,N/A,1953267712,1930887168,38625280,N/A,135168,170729472,14,discern-network,S (sleeping),client-compromised.bnsdq.ozxfs.vcwss-bomyo.kvugl,0.4903590394796592,0
1759279419,156854,1,N/A,N/A,N/A,N/A,N/A,N/A,N/A,N/A,1647706112,1580597248,21172224,N/A,135168,82202624,5,discern-interfa,S (sleeping),client-compromised.bnsdq.ozxfs.vcwss-bomyo.kvugl,0.002817487512024479,0
1759279419,156581,1,N/A,N/A,N/A,N/A,N/A,N/A,N/A,N/A,1264619520,1264619520,17129472,N/A,135168,45826048,4,discern-proc-so,S (sleeping),client-compromised.bnsdq.ozxfs.vcwss-bomyo.kvugl,2.630880452431221,0
1759279424,38941,38940,N/A,N/A,N/A,N/A,N/A,N/A,N/A,N/A,1091186688,707461120,363245568,N/A,135168,258068480,3,python3,S (sleeping),client-compromised.bnsdq.ozxfs.vcwss-bomyo.kvugl,1.8458799569870505,1
1759279424,340,1,103,103,103,103,109,109,109,109,103104512,103104512,96935936,N/A,135168,95375360,1,dbus-daemon,S (sleeping),client-compromised.bnsdq.ozxfs.vcwss-bomyo.kvugl,0.29874242400639267,1
1759279424,3292,1,N/A,N/A,N/A,N/A,N/A,N/A,N/A,N/A,1953800192,1922756608,40435712,N/A,135168,170991616,13,discern-network,S (sleeping),client-compromised.bnsdq.ozxfs.vcwss-bomyo.kvugl,0.5865549295972464,1
1759279424,42397,1,N/A,N/A,N/A,N/A,N/A,N/A,N/A,N/A,1264619520,1264619520,17264640,N/A,135168,45826048,4,discern-proc-so,S (sleeping),client-compromised.bnsdq.ozxfs.vcwss-bomyo.kvugl,2.575922832533887,1
1759279424,37174,1,N/A,N/A,N/A,N/A,N/A,N/A,N/A,N/A,1647706112,1580597248,22380544,N/A,135168,82202624,5,discern-interfa,S (sleeping),client-compromised.bnsdq.ozxfs.vcwss-bomyo.kvugl,0.0021184170284488223,1
1759279425,341,1,103,103,103,103,109,109,109,109,107515904,107515904,101335040,N/A,135168,99786752,1,dbus-daemon,S (sleeping),client-compromised.bnsdq.ozxfs.vcwss-bomyo.kvugl,0.26384209360577493,0
1759279425,183,1,N/A,N/A,N/A,N/A,N/A,N/A,N/A,N/A,160686080,139632640,43958272,4096,135168,30134272,1,systemd-journal,S (sleeping),client-compromised.bnsdq.ozxfs.vcwss-bomyo.kvugl,0.21088559736448384,0
1759279425,153885,1,N/A,N/A,N/A,N/A,N/A,N/A,N/A,N/A,1953267712,1930887168,38625280,N/A,135168,170729472,14,discern-network,S (sleeping),client-compromised.bnsdq.ozxfs.vcwss-bomyo.kvugl,0.49086919873331597,0
1759279425,156854,1,N/A,N/A,N/A,N/A,N/A,N/A,N/A,N/A,1647706112,1580597248,21172224,N/A,135168,82202624,5,discern-interfa,S (sleeping),client-compromised.bnsdq.ozxfs.vcwss-bomyo.kvugl,0.0027971962009877296,0
1759279425,156581,1,N/A,N/A,N/A,N/A,N/A,N/A,N/A,N/A,1264619520,1264619520,17129472,N/A,135168,45826048,4,discern-proc-so,S (sleeping),client-compromised.bnsdq.ozxfs.vcwss-bomyo.kvugl,2.6287606824602943,0
1759279429,38941,38940,N/A,N/A,N/A,N/A,N/A,N/A,N/A,N/A,1091186688,707461120,363245568,N/A,135168,258068480,3,python3,S (sleeping),client-compromised.bnsdq.ozxfs.vcwss-bomyo.kvugl,1.8181111149290168,1
1759279429,340,1,103,103,103,103,109,109,109,109,103374848,103374848,97206272,N/A,135168,95645696,1,dbus-daemon,S (sleeping),client-compromised.bnsdq.ozxfs.vcwss-bomyo.kvugl,0.2985238771577547,1
1759279429,3292,1,N/A,N/A,N/A,N/A,N/A,N/A,N/A,N/A,1953800192,1922756608,40435712,N/A,135168,170991616,13,discern-network,S (sleeping),client-compromised.bnsdq.ozxfs.vcwss-bomyo.kvugl,0.5861073140111183,1
1759279429,42397,1,N/A,N/A,N/A,N/A,N/A,N/A,N/A,N/A,1264619520,1264619520,17264640,N/A,135168,45826048,4,discern-proc-so,R (running),client-compromised.bnsdq.ozxfs.vcwss-bomyo.kvugl,2.573696673615908,1
1759279429,37174,1,N/A,N/A,N/A,N/A,N/A,N/A,N/A,N/A,1647706112,1580597248,22380544,N/A,135168,82202624,5,discern-interfa,S (sleeping),client-compromised.bnsdq.ozxfs.vcwss-bomyo.kvugl,0.002095495159926427,1
1759279430,341,1,103,103,103,103,109,109,109,109,107515904,107515904,101335040,N/A,135168,99786752,1,dbus-daemon,S (sleeping),client-compromised.bnsdq.ozxfs.vcwss-bomyo.kvugl,0.2639023717953625,0
1759279430,183,1,N/A,N/A,N/A,N/A,N/A,N/A,N/A,N/A,160686080,139632640,43958272,4096,135168,30134272,1,systemd-journal,S (sleeping),client-compromised.bnsdq.ozxfs.vcwss-bomyo.kvugl,0.21097129585654728,0
1759279430,153885,1,N/A,N/A,N/A,N/A,N/A,N/A,N/A,N/A,1953267712,1930887168,38625280,N/A,135168,170729472,14,discern-network,S (sleeping),client-compromised.bnsdq.ozxfs.vcwss-bomyo.kvugl,0.49138057889621756,0
1759279430,156854,1,N/A,N/A,N/A,N/A,N/A,N/A,N/A,N/A,1647706112,1580597248,21172224,N/A,135168,82202624,5,discern-interfa,S (sleeping),client-compromised.bnsdq.ozxfs.vcwss-bomyo.kvugl,0.0027772453284962673,0
1759279430,156581,1,N/A,N/A,N/A,N/A,N/A,N/A,N/A,N/A,1264619520,1264619520,17129472,N/A,135168,45826048,4,discern-proc-so,S (sleeping),client-compromised.bnsdq.ozxfs.vcwss-bomyo.kvugl,2.623996614879935,0
1759279434,38941,38940,N/A,N/A,N/A,N/A,N/A,N/A,N/A,N/A,1091186688,707461120,363245568,N/A,135168,258068480,3,python3,S (sleeping),client-compromised.bnsdq.ozxfs.vcwss-bomyo.kvugl,1.7911968374202425,1
1759279434,340,1,103,103,103,103,109,109,109,109,103510016,103510016,97476608,N/A,135168,95780864,1,dbus-daemon,S (sleeping),client-compromised.bnsdq.ozxfs.vcwss-bomyo.kvugl,0.29830698391490673,1
1759279434,3292,1,N/A,N/A,N/A,N/A,N/A,N/A,N/A,N/A,1953800192,1922756608,40435712,N/A,135168,170991616,13,discern-network,S (sleeping),client-compromised.bnsdq.ozxfs.vcwss-bomyo.kvugl,0.585663453731213,1
1759279434,42397,1,N/A,N/A,N/A,N/A,N/A,N/A,N/A,N/A,1264619520,1264619520,17264640,N/A,135168,45826048,4,discern-proc-so,S (sleeping),client-compromised.bnsdq.ozxfs.vcwss-bomyo.kvugl,2.5788851324058712,1
1759279434,37174,1,N/A,N/A,N/A,N/A,N/A,N/A,N/A,N/A,1647706112,1580597248,22380544,N/A,135168,82202624,5,discern-interfa,S (sleeping),client-compromised.bnsdq.ozxfs.vcwss-bomyo.kvugl,0.0020730937829085837,1
1759279435,341,1,103,103,103,103,109,109,109,109,107515904,107515904,101335040,N/A,135168,99786752,1,dbus-daemon,S (sleeping),client-compromised.bnsdq.ozxfs.vcwss-bomyo.kvugl,0.26386892356141023,0
1759279435,183,1,N/A,N/A,N/A,N/A,N/A,N/A,N/A,N/A,160686080,139632640,43958272,4096,135168,30134272,1,systemd-journal,S (sleeping),client-compromised.bnsdq.ozxfs.vcwss-bomyo.kvugl,0.21096329931883318,0
1759279435,153885,1,N/A,N/A,N/A,N/A,N/A,N/A,N/A,N/A,1953267712,1930887168,38625280,N/A,135168,170729472,14,discern-network,S (sleeping),client-compromised.bnsdq.ozxfs.vcwss-bomyo.kvugl,0.4908191283767331,0
1759279435,156854,1,N/A,N/A,N/A,N/A,N/A,N/A,N/A,N/A,1647706112,1580597248,21172224,N/A,135168,82202624,5,discern-interfa,S (sleeping),client-compromised.bnsdq.ozxfs.vcwss-bomyo.kvugl,0.0027575416054199248,0
1759279435,156581,1,N/A,N/A,N/A,N/A,N/A,N/A,N/A,N/A,1264619520,1264619520,17129472,N/A,135168,45826048,4,discern-proc-so,S (sleeping),client-compromised.bnsdq.ozxfs.vcwss-bomyo.kvugl,2.621967394567381,0
1759279439,38941,38940,N/A,N/A,N/A,N/A,N/A,N/A,N/A,N/A,1091186688,707461120,363245568,N/A,135168,258068480,3,python3,S (sleeping),client-compromised.bnsdq.ozxfs.vcwss-bomyo.kvugl,1.7650513233128071,1
1759279439,340,1,103,103,103,103,109,109,109,109,103780352,103780352,97476608,N/A,135168,96051200,1,dbus-daemon,S (sleeping),client-compromised.bnsdq.ozxfs.vcwss-bomyo.kvugl,0.29849178523776526,1
1759279439,3292,1,N/A,N/A,N/A,N/A,N/A,N/A,N/A,N/A,1953800192,1922756608,40435712,N/A,135168,170991616,13,discern-network,S (sleeping),client-compromised.bnsdq.ozxfs.vcwss-bomyo.kvugl,0.5852206318640978,1
1759279439,42397,1,N/A,N/A,N/A,N/A,N/A,N/A,N/A,N/A,1264619520,1264619520,17264640,N/A,135168,45826048,4,discern-proc-so,R (running),client-compromised.bnsdq.ozxfs.vcwss-bomyo.kvugl,2.5767678048935045,1
1759279439,37174,1,N/A,N/A,N/A,N/A,N/A,N/A,N/A,N/A,1647706112,1580597248,22380544,N/A,135168,82202624,5,discern-interfa,S (sleeping),client-compromised.bnsdq.ozxfs.vcwss-bomyo.kvugl,0.0020511505190818477,1
1759279440,341,1,103,103,103,103,109,109,109,109,107515904,107515904,101335040,N/A,135168,99786752,1,dbus-daemon,S (sleeping),client-compromised.bnsdq.ozxfs.vcwss-bomyo.kvugl,0.26402207193040045,0
1759279440,183,1,N/A,N/A,N/A,N/A,N/A,N/A,N/A,N/A,160686080,139632640,43958272,4096,135168,30134272,1,systemd-journal,S (sleeping),client-compromised.bnsdq.ozxfs.vcwss-bomyo.kvugl,0.21095513207859304,0
1759279440,153885,1,N/A,N/A,N/A,N/A,N/A,N/A,N/A,N/A,1953267712,1930887168,38625280,N/A,135168,170729472,14,discern-network,S (sleeping),client-compromised.bnsdq.ozxfs.vcwss-bomyo.kvugl,0.4902591013647118,0
1759279440,156854,1,N/A,N/A,N/A,N/A,N/A,N/A,N/A,N/A,1647706112,1580597248,21172224,N/A,135168,82202624,5,discern-interfa,S (sleeping),client-compromised.bnsdq.ozxfs.vcwss-bomyo.kvugl,0.0027380816322981993,0
1759279440,156581,1,N/A,N/A,N/A,N/A,N/A,N/A,N/A,N/A,1264619520,1264619520,17129472,N/A,135168,45826048,4,discern-proc-so,S (sleeping),client-compromised.bnsdq.ozxfs.vcwss-bomyo.kvugl,2.6226174086043716,0
1759279444,38941,38940,N/A,N/A,N/A,N/A,N/A,N/A,N/A,N/A,1091186688,707461120,363245568,N/A,135168,258068480,3,python3,S (sleeping),client-compromised.bnsdq.ozxfs.vcwss-bomyo.kvugl,1.7396685298519075,1
1759279444,340,1,103,103,103,103,109,109,109,109,103915520,103915520,97746944,N/A,135168,96186368,1,dbus-daemon,S (sleeping),client-compromised.bnsdq.ozxfs.vcwss-bomyo.kvugl,0.2982757117596648,1
1759279444,3292,1,N/A,N/A,N/A,N/A,N/A,N/A,N/A,N/A,1953800192,1922756608,40435712,N/A,135168,170991616,13,discern-network,S (sleeping),client-compromised.bnsdq.ozxfs.vcwss-bomyo.kvugl,0.5847803539021569,1
1759279444,42397,1,N/A,N/A,N/A,N/A,N/A,N/A,N/A,N/A,1264619520,1264619520,17264640,N/A,135168,45826048,4,discern-proc-so,R (running),client-compromised.bnsdq.ozxfs.vcwss-bomyo.kvugl,2.5814703673588864,1
1759279444,37174,1,N/A,N/A,N/A,N/A,N/A,N/A,N/A,N/A,1647706112,1580597248,22380544,N/A,135168,82202624,5,discern-interfa,S (sleeping),client-compromised.bnsdq.ozxfs.vcwss-bomyo.kvugl,0.0020296760414548,1
1759279445,341,1,103,103,103,103,109,109,109,109,107515904,107515904,101335040,N/A,135168,99786752,1,dbus-daemon,S (sleeping),client-compromised.bnsdq.ozxfs.vcwss-bomyo.kvugl,0.2639879338293663,0
1759279445,183,1,N/A,N/A,N/A,N/A,N/A,N/A,N/A,N/A,160686080,139632640,43958272,4096,135168,30134272,1,systemd-journal,S (sleeping),client-compromised.bnsdq.ozxfs.vcwss-bomyo.kvugl,0.21103995788748764,0
1759279445,153885,1,N/A,N/A,N/A,N/A,N/A,N/A,N/A,N/A,1953267712,1930887168,38625280,N/A,135168,170729472,14,discern-network,S (sleeping),client-compromised.bnsdq.ozxfs.vcwss-bomyo.kvugl,0.48969588005823933,0
1759279445,156854,1,N/A,N/A,N/A,N/A,N/A,N/A,N/A,N/A,1647706112,1580597248,21172224,N/A,135168,82202624,5,discern-interfa,S (sleeping),client-compromised.bnsdq.ozxfs.vcwss-bomyo.kvugl,0.002718827842475331,0
1759279445,156581,1,N/A,N/A,N/A,N/A,N/A,N/A,N/A,N/A,1264619520,1264619520,17129472,N/A,135168,45826048,4,discern-proc-so,S (sleeping),client-compromised.bnsdq.ozxfs.vcwss-bomyo.kvugl,2.6231955494491506,0
1759279449,38941,38940,N/A,N/A,N/A,N/A,N/A,N/A,N/A,N/A,1091186688,707461120,363245568,N/A,135168,258068480,3,python3,S (sleeping),client-compromised.bnsdq.ozxfs.vcwss-bomyo.kvugl,1.7149851679805397,1
1759279449,340,1,103,103,103,103,109,109,109,109,104050688,104050688,98017280,N/A,135168,96321536,1,dbus-daemon,S (sleeping),client-compromised.bnsdq.ozxfs.vcwss-bomyo.kvugl,0.29806001548151345,1
1759279449,3292,1,N/A,N/A,N/A,N/A,N/A,N/A,N/A,N/A,1953800192,1922756608,40435712,N/A,135168,170991616,13,discern-network,S (sleeping),client-compromised.bnsdq.ozxfs.vcwss-bomyo.kvugl,0.5843409365817273,1
1759279449,42397,1,N/A,N/A,N/A,N/A,N/A,N/A,N/A,N/A,1264619520,1264619520,17285120,N/A,135168,45826048,4,discern-proc-so,S (sleeping),client-compromised.bnsdq.ozxfs.vcwss-bomyo.kvugl,2.5793726177956873,1
1759279449,37174,1,N/A,N/A,N/A,N/A,N/A,N/A,N/A,N/A,1647706112,1580597248,22380544,N/A,135168,82202624,5,discern-interfa,S (sleeping),client-compromised.bnsdq.ozxfs.vcwss-bomyo.kvugl,0.002008629282859621,1
1759279450,341,1,103,103,103,103,109,109,109,109,107515904,107515904,101335040,N/A,135168,99786752,1,dbus-daemon,S (sleeping),client-compromised.bnsdq.ozxfs.vcwss-bomyo.kvugl,0.2639546570406807,0
1759279450,183,1,N/A,N/A,N/A,N/A,N/A,N/A,N/A,N/A,160686080,139632640,43958272,4096,135168,30134272,1,systemd-journal,S (sleeping),client-compromised.bnsdq.ozxfs.vcwss-bomyo.kvugl,0.21093877487292542,0
1759279450,153885,1,N/A,N/A,N/A,N/A,N/A,N/A,N/A,N/A,1953267712,1930887168,38625280,N/A,135168,170729472,14,discern-network,S (sleeping),client-compromised.bnsdq.ozxfs.vcwss-bomyo.kvugl,0.4891559229068722,0
1759279450,156854,1,N/A,N/A,N/A,N/A,N/A,N/A,N/A,N/A,1647706112,1580597248,21172224,N/A,135168,82202624,5,discern-interfa,S (sleeping),client-compromised.bnsdq.ozxfs.vcwss-bomyo.kvugl,0.00269996527432656,0
1759279450,156581,1,N/A,N/A,N/A,N/A,N/A,N/A,N/A,N/A,1264619520,1264619520,17129472,N/A,135168,45826048,4,discern-proc-so,S (sleeping),client-compromised.bnsdq.ozxfs.vcwss-bomyo.kvugl,2.621235842812552,0
1759279454,38941,38940,N/A,N/A,N/A,N/A,N/A,N/A,N/A,N/A,1091186688,707461120,363245568,N/A,135168,258068480,3,python3,S (sleeping),client-compromised.bnsdq.ozxfs.vcwss-bomyo.kvugl,1.6911122705087516,1
1759279454,340,1,103,103,103,103,109,109,109,109,104210432,104210432,98017280,N/A,135168,96481280,1,dbus-daemon,S (sleeping),client-compromised.bnsdq.ozxfs.vcwss-bomyo.kvugl,0.2978483130550041,1
1759279454,3292,1,N/A,N/A,N/A,N/A,N/A,N/A,N/A,N/A,1953800192,1922756608,40435712,N/A,135168,170991616,13,discern-network,S (sleeping),client-compromised.bnsdq.ozxfs.vcwss-bomyo.kvugl,0.5847706331297988,1
1759279454,42397,1,N/A,N/A,N/A,N/A,N/A,N/A,N/A,N/A,1264619520,1264619520,17285120,N/A,135168,45826048,4,discern-proc-so,S (sleeping),client-compromised.bnsdq.ozxfs.vcwss-bomyo.kvugl,2.5654053187803054,1
1759279455,341,1,103,103,103,103,109,109,109,109,107515904,107515904,101335040,N/A,135168,99786752,1,dbus-daemon,S (sleeping),client-compromised.bnsdq.ozxfs.vcwss-bomyo.kvugl,0.2640139306669063,0
1759279455,183,1,N/A,N/A,N/A,N/A,N/A,N/A,N/A,N/A,160686080,139632640,43958272,4096,135168,30134272,1,systemd-journal,S (sleeping),client-compromised.bnsdq.ozxfs.vcwss-bomyo.kvugl,0.21093034868376734,0
1759279455,153885,1,N/A,N/A,N/A,N/A,N/A,N/A,N/A,N/A,1953267712,1930887168,38625280,N/A,135168,170729472,14,discern-network,S (sleeping),client-compromised.bnsdq.ozxfs.vcwss-bomyo.kvugl,0.48964610470282727,0
1759279455,156854,1,N/A,N/A,N/A,N/A,N/A,N/A,N/A,N/A,1647706112,1580597248,21172224,N/A,135168,82202624,5,discern-interfa,S (sleeping),client-compromised.bnsdq.ozxfs.vcwss-bomyo.kvugl,0.0026812551398427238,0
1759279455,156581,1,N/A,N/A,N/A,N/A,N/A,N/A,N/A,N/A,1264619520,1264619520,17129472,N/A,135168,45826048,4,discern-proc-so,S (sleeping),client-compromised.bnsdq.ozxfs.vcwss-bomyo.kvugl,2.621828237780057,0
1759279455,37174,1,N/A,N/A,N/A,N/A,N/A,N/A,N/A,N/A,1647706112,1580597248,22380544,N/A,135168,82202624,5,discern-interfa,S (sleeping),client-compromised.bnsdq.ozxfs.vcwss-bomyo.kvugl,0.0019881178220349295,1
1759279460,38941,38940,N/A,N/A,N/A,N/A,N/A,N/A,N/A,N/A,1091186688,707461120,363245568,N/A,135168,258068480,3,python3,S (sleeping),client-compromised.bnsdq.ozxfs.vcwss-bomyo.kvugl,1.667783749567401,1
1759279460,340,1,103,103,103,103,109,109,109,109,104480768,104480768,98287616,N/A,135168,96751616,1,dbus-daemon,S (sleeping),client-compromised.bnsdq.ozxfs.vcwss-bomyo.kvugl,0.2980324291512271,1
1759279460,3292,1,N/A,N/A,N/A,N/A,N/A,N/A,N/A,N/A,1953800192,1922756608,40435712,N/A,135168,170991616,13,discern-network,S (sleeping),client-compromised.bnsdq.ozxfs.vcwss-bomyo.kvugl,0.5847628107812866,1
1759279460,42397,1,N/A,N/A,N/A,N/A,N/A,N/A,N/A,N/A,1264619520,1264619520,17285120,N/A,135168,45826048,4,discern-proc-so,R (running),client-compromised.bnsdq.ozxfs.vcwss-bomyo.kvugl,2.569973281232637,1
1759279460,37174,1,N/A,N/A,N/A,N/A,N/A,N/A,N/A,N/A,1647706112,1580597248,22380544,N/A,135168,82202624,5,discern-interfa,S (sleeping),client-compromised.bnsdq.ozxfs.vcwss-bomyo.kvugl,0.0019679240798411886,1
1759279461,341,1,103,103,103,103,109,109,109,109,107515904,107515904,101335040,N/A,135168,99786752,1,dbus-daemon,S (sleeping),client-compromised.bnsdq.ozxfs.vcwss-bomyo.kvugl,0.26388730518560904,0
1759279461,183,1,N/A,N/A,N/A,N/A,N/A,N/A,N/A,N/A,160686080,139632640,43958272,4096,135168,30134272,1,systemd-journal,S (sleeping),client-compromised.bnsdq.ozxfs.vcwss-bomyo.kvugl,0.2108291924381337,0
1759279461,153885,1,N/A,N/A,N/A,N/A,N/A,N/A,N/A,N/A,1953267712,1930887168,38625280,N/A,135168,170729472,14,discern-network,S (sleeping),client-compromised.bnsdq.ozxfs.vcwss-bomyo.kvugl,0.48807495538966755,0
1759279461,156854,1,N/A,N/A,N/A,N/A,N/A,N/A,N/A,N/A,1647706112,1580597248,21172224,N/A,135168,82202624,5,discern-interfa,S (sleeping),client-compromised.bnsdq.ozxfs.vcwss-bomyo.kvugl,0.002662886490693252,0
1759279461,156581,1,N/A,N/A,N/A,N/A,N/A,N/A,N/A,N/A,1264619520,1264619520,17129472,N/A,135168,45826048,4,discern-proc-so,R (running),client-compromised.bnsdq.ozxfs.vcwss-bomyo.kvugl,2.6198828848840687,0
1759279465,38941,38940,N/A,N/A,N/A,N/A,N/A,N/A,N/A,N/A,1091186688,707461120,363245568,N/A,135168,258068480,3,python3,S (sleeping),client-compromised.bnsdq.ozxfs.vcwss-bomyo.kvugl,1.6451715694430815,1
1759279465,340,1,103,103,103,103,109,109,109,109,104751104,104751104,98557952,N/A,135168,97021952,1,dbus-daemon,S (sleeping),client-compromised.bnsdq.ozxfs.vcwss-bomyo.kvugl,0.2986151085438371,1
1759279465,3292,1,N/A,N/A,N/A,N/A,N/A,N/A,N/A,N/A,1953800192,1922756608,40435712,N/A,135168,170991616,13,discern-network,S (sleeping),client-compromised.bnsdq.ozxfs.vcwss-bomyo.kvugl,0.5843313571913876,1
1759279465,42397,1,N/A,N/A,N/A,N/A,N/A,N/A,N/A,N/A,1264619520,1264619520,17285120,N/A,135168,45826048,4,discern-proc-so,R (running),client-compromised.bnsdq.ozxfs.vcwss-bomyo.kvugl,2.568711785684883,1
1759279465,37174,1,N/A,N/A,N/A,N/A,N/A,N/A,N/A,N/A,1647706112,1580597248,22380544,N/A,135168,82202624,5,discern-interfa,S (sleeping),client-compromised.bnsdq.ozxfs.vcwss-bomyo.kvugl,0.0019482080810112631,1
1759279466,341,1,103,103,103,103,109,109,109,109,107515904,107515904,101335040,N/A,135168,99786752,1,dbus-daemon,S (sleeping),client-compromised.bnsdq.ozxfs.vcwss-bomyo.kvugl,0.26404001268046473,0
1759279466,183,1,N/A,N/A,N/A,N/A,N/A,N/A,N/A,N/A,160686080,139632640,43958272,4096,135168,30134272,1,systemd-journal,S (sleeping),client-compromised.bnsdq.ozxfs.vcwss-bomyo.kvugl,0.21100737787419652,0
1759279466,153885,1,N/A,N/A,N/A,N/A,N/A,N/A,N/A,N/A,1953267712,1930887168,38625280,N/A,135168,170729472,14,discern-network,S (sleeping),client-compromised.bnsdq.ozxfs.vcwss-bomyo.kvugl,0.48857157327175516,0
1759279466,156854,1,N/A,N/A,N/A,N/A,N/A,N/A,N/A,N/A,1647706112,1580597248,21172224,N/A,135168,82202624,5,discern-interfa,S (sleeping),client-compromised.bnsdq.ozxfs.vcwss-bomyo.kvugl,0.0026447259167492695,0
1759279466,156581,1,N/A,N/A,N/A,N/A,N/A,N/A,N/A,N/A,1264619520,1264619520,17129472,N/A,135168,45826048,4,discern-proc-so,R (running),client-compromised.bnsdq.ozxfs.vcwss-bomyo.kvugl,2.6179228273094837,0
1759279470,38941,38940,N/A,N/A,N/A,N/A,N/A,N/A,N/A,N/A,1091186688,707461120,363245568,N/A,135168,258068480,3,python3,S (sleeping),client-compromised.bnsdq.ozxfs.vcwss-bomyo.kvugl,1.6231357494976495,1
1759279470,340,1,103,103,103,103,109,109,109,109,104886272,104886272,98557952,N/A,135168,97157120,1,dbus-daemon,S (sleeping),client-compromised.bnsdq.ozxfs.vcwss-bomyo.kvugl,0.29800576189712785,1
1759279470,3292,1,N/A,N/A,N/A,N/A,N/A,N/A,N/A,N/A,1953800192,1922756608,40435712,N/A,135168,170991616,13,discern-network,S (sleeping),client-compromised.bnsdq.ozxfs.vcwss-bomyo.kvugl,0.5843275642278675,1
1759279470,42397,1,N/A,N/A,N/A,N/A,N/A,N/A,N/A,N/A,1264619520,1264619520,17285120,N/A,135168,45826048,4,discern-proc-so,S (sleeping),client-compromised.bnsdq.ozxfs.vcwss-bomyo.kvugl,2.556090429042898,1
1759279470,37174,1,N/A,N/A,N/A,N/A,N/A,N/A,N/A,N/A,1647706112,1580597248,22380544,N/A,135168,82202624,5,discern-interfa,S (sleeping),client-compromised.bnsdq.ozxfs.vcwss-bomyo.kvugl,0.0019288579951209726,1
1759279471,341,1,103,103,103,103,109,109,109,109,107515904,107515904,101335040,N/A,135168,99786752,1,dbus-daemon,S (sleeping),client-compromised.bnsdq.ozxfs.vcwss-bomyo.kvugl,0.26409912700441374,0
1759279471,183,1,N/A,N/A,N/A,N/A,N/A,N/A,N/A,N/A,160686080,139632640,43958272,4096,135168,30134272,1,systemd-journal,S (sleeping),client-compromised.bnsdq.ozxfs.vcwss-bomyo.kvugl,0.21099890403539878,0
1759279471,153885,1,N/A,N/A,N/A,N/A,N/A,N/A,N/A,N/A,1953267712,1930887168,38625280,N/A,135168,170729472,14,discern-network,S (sleeping),client-compromised.bnsdq.ozxfs.vcwss-bomyo.kvugl,0.4890564058750613,0
1759279471,156854,1,N/A,N/A,N/A,N/A,N/A,N/A,N/A,N/A,1647706112,1580597248,21172224,N/A,135168,82202624,5,discern-interfa,S (sleeping),client-compromised.bnsdq.ozxfs.vcwss-bomyo.kvugl,0.0026267662178046164,0
1759279471,156581,1,N/A,N/A,N/A,N/A,N/A,N/A,N/A,N/A,1264619520,1264619520,17129472,N/A,135168,45826048,4,discern-proc-so,S (sleeping),client-compromised.bnsdq.ozxfs.vcwss-bomyo.kvugl,2.619808737712455,0
1759279475,38941,38940,N/A,N/A,N/A,N/A,N/A,N/A,N/A,N/A,1091186688,707461120,363245568,N/A,135168,258068480,3,python3,S (sleeping),client-compromised.bnsdq.ozxfs.vcwss-bomyo.kvugl,1.6195904428773706,1
1759279475,340,1,103,103,103,103,109,109,109,109,105021440,105021440,98828288,N/A,135168,97292288,1,dbus-daemon,S (sleeping),client-compromised.bnsdq.ozxfs.vcwss-bomyo.kvugl,0.29818815785944375,1
1759279475,3292,1,N/A,N/A,N/A,N/A,N/A,N/A,N/A,N/A,1953800192,1922756608,40435712,N/A,135168,170991616,13,discern-network,S (sleeping),client-compromised.bnsdq.ozxfs.vcwss-bomyo.kvugl,0.5838936872316195,1
1759279475,42397,1,N/A,N/A,N/A,N/A,N/A,N/A,N/A,N/A,1264619520,1264619520,17285120,N/A,135168,45826048,4,discern-proc-so,S (sleeping),client-compromised.bnsdq.ozxfs.vcwss-bomyo.kvugl,2.56600873368672,1
1759279475,37174,1,N/A,N/A,N/A,N/A,N/A,N/A,N/A,N/A,1647706112,1580597248,22380544,N/A,135168,82202624,5,discern-interfa,S (sleeping),client-compromised.bnsdq.ozxfs.vcwss-bomyo.kvugl,0.0019098362915004846,1
1759279476,341,1,103,103,103,103,109,109,109,109,107515904,107515904,101335040,N/A,135168,99786752,1,dbus-daemon,S (sleeping),client-compromised.bnsdq.ozxfs.vcwss-bomyo.kvugl,0.26406569483256104,0
1759279476,183,1,N/A,N/A,N/A,N/A,N/A,N/A,N/A,N/A,160686080,139632640,43958272,4096,135168,30134272,1,systemd-journal,S (sleeping),client-compromised.bnsdq.ozxfs.vcwss-bomyo.kvugl,0.2109909091142746,0
1759279476,153885,1,N/A,N/A,N/A,N/A,N/A,N/A,N/A,N/A,1953267712,1930887168,38625280,N/A,135168,170729472,14,discern-network,S (sleeping),client-compromised.bnsdq.ozxfs.vcwss-bomyo.kvugl,0.4885302977210286,0
1759279476,156854,1,N/A,N/A,N/A,N/A,N/A,N/A,N/A,N/A,1647706112,1580597248,21172224,N/A,135168,82202624,5,discern-interfa,S (sleeping),client-compromised.bnsdq.ozxfs.vcwss-bomyo.kvugl,0.00260913028808183,0
1759279476,156581,1,N/A,N/A,N/A,N/A,N/A,N/A,N/A,N/A,1264619520,1264619520,17129472,N/A,135168,45826048,4,discern-proc-so,R (running),client-compromised.bnsdq.ozxfs.vcwss-bomyo.kvugl,2.617911420384423,0
1759279480,38941,38940,N/A,N/A,N/A,N/A,N/A,N/A,N/A,N/A,1091186688,707461120,363245568,N/A,135168,258068480,3,python3,S (sleeping),client-compromised.bnsdq.ozxfs.vcwss-bomyo.kvugl,1.598359584139362,1
1759279480,340,1,103,103,103,103,109,109,109,109,105291776,105291776,99098624,N/A,135168,97562624,1,dbus-daemon,S (sleeping),client-compromised.bnsdq.ozxfs.vcwss-bomyo.kvugl,0.2979737930657836,1
1759279480,3292,1,N/A,N/A,N/A,N/A,N/A,N/A,N/A,N/A,1953800192,1922756608,40435712,N/A,135168,170991616,13,discern-network,S (sleeping),client-compromised.bnsdq.ozxfs.vcwss-bomyo.kvugl,0.5838844531038968,1
1759279480,42397,1,N/A,N/A,N/A,N/A,N/A,N/A,N/A,N/A,1264619520,1264619520,17285120,N/A,135168,45826048,4,discern-proc-so,S (sleeping),client-compromised.bnsdq.ozxfs.vcwss-bomyo.kvugl,2.5752204573486237,1
1759279480,37174,1,N/A,N/A,N/A,N/A,N/A,N/A,N/A,N/A,1647706112,1580597248,22380544,N/A,135168,82202624,5,discern-interfa,S (sleeping),client-compromised.bnsdq.ozxfs.vcwss-bomyo.kvugl,0.0018911448105059312,1
1759279481,341,1,103,103,103,103,109,109,109,109,107515904,107515904,101335040,N/A,135168,99786752,1,dbus-daemon,S (sleeping),client-compromised.bnsdq.ozxfs.vcwss-bomyo.kvugl,0.2641246180121271,0
1759279481,183,1,N/A,N/A,N/A,N/A,N/A,N/A,N/A,N/A,160686080,139632640,43958272,4096,135168,30134272,1,systemd-journal,S (sleeping),client-compromised.bnsdq.ozxfs.vcwss-bomyo.kvugl,0.2108893275516382,0
1759279481,153885,1,N/A,N/A,N/A,N/A,N/A,N/A,N/A,N/A,1953267712,1930887168,38625280,N/A,135168,170729472,14,discern-network,S (sleeping),client-compromised.bnsdq.ozxfs.vcwss-bomyo.kvugl,0.4879953560671144,0
1759279481,156854,1,N/A,N/A,N/A,N/A,N/A,N/A,N/A,N/A,1647706112,1580597248,21172224,N/A,135168,82202624,5,discern-interfa,S (sleeping),client-compromised.bnsdq.ozxfs.vcwss-bomyo.kvugl,0.0025916319816916946,0
1759279481,156581,1,N/A,N/A,N/A,N/A,N/A,N/A,N/A,N/A,1264619520,1264619520,17129472,N/A,135168,45826048,4,discern-proc-so,S (sleeping),client-compromised.bnsdq.ozxfs.vcwss-bomyo.kvugl,2.6197555322127246,0
1759279485,38941,38940,N/A,N/A,N/A,N/A,N/A,N/A,N/A,N/A,1091186688,707461120,363245568,N/A,135168,258068480,3,python3,S (sleeping),client-compromised.bnsdq.ozxfs.vcwss-bomyo.kvugl,1.5777339937680592,1
1759279485,340,1,103,103,103,103,109,109,109,109,105426944,105426944,99098624,N/A,135168,97697792,1,dbus-daemon,S (sleeping),client-compromised.bnsdq.ozxfs.vcwss-bomyo.kvugl,0.2981558324271792,1
1759279485,3292,1,N/A,N/A,N/A,N/A,N/A,N/A,N/A,N/A,1953800192,1922756608,40435712,N/A,135168,170991616,13,discern-network,S (sleeping),client-compromised.bnsdq.ozxfs.vcwss-bomyo.kvugl,0.5830294990634773,1
1759279485,42397,1,N/A,N/A,N/A,N/A,N/A,N/A,N/A,N/A,1264619520,1264619520,17285120,N/A,135168,45826048,4,discern-proc-so,R (running),client-compromised.bnsdq.ozxfs.vcwss-bomyo.kvugl,2.57370791653048,1
1759279485,37174,1,N/A,N/A,N/A,N/A,N/A,N/A,N/A,N/A,1647706112,1580597248,22380544,N/A,135168,82202624,5,discern-interfa,S (sleeping),client-compromised.bnsdq.ozxfs.vcwss-bomyo.kvugl,0.0018728658744372971,1
1759279486,341,1,103,103,103,103,109,109,109,109,107515904,107515904,101335040,N/A,135168,99786752,1,dbus-daemon,S (sleeping),client-compromised.bnsdq.ozxfs.vcwss-bomyo.kvugl,0.26409138624866274,0
1759279486,183,1,N/A,N/A,N/A,N/A,N/A,N/A,N/A,N/A,160686080,139632640,43958272,4096,135168,30134272,1,systemd-journal,S (sleeping),client-compromised.bnsdq.ozxfs.vcwss-bomyo.kvugl,0.21088153756870498,0
1759279486,153885,1,N/A,N/A,N/A,N/A,N/A,N/A,N/A,N/A,1953267712,1930887168,38625280,N/A,135168,170729472,14,discern-network,S (sleeping),client-compromised.bnsdq.ozxfs.vcwss-bomyo.kvugl,0.48748385494908536,0
1759279486,156854,1,N/A,N/A,N/A,N/A,N/A,N/A,N/A,N/A,1647706112,1580597248,21172224,N/A,135168,82202624,5,discern-interfa,S (sleeping),client-compromised.bnsdq.ozxfs.vcwss-bomyo.kvugl,0.002574488025418772,0
1759279486,156581,1,N/A,N/A,N/A,N/A,N/A,N/A,N/A,N/A,1264619520,1264619520,17129472,N/A,135168,45826048,4,discern-proc-so,S (sleeping),client-compromised.bnsdq.ozxfs.vcwss-bomyo.kvugl,2.6179082247861696,0
1759279491,38941,38940,N/A,N/A,N/A,N/A,N/A,N/A,N/A,N/A,1091186688,707461120,363245568,N/A,135168,258068480,3,python3,S (sleeping),client-compromised.bnsdq.ozxfs.vcwss-bomyo.kvugl,1.5576482330140067,1
1759279491,340,1,103,103,103,103,109,109,109,109,105562112,105562112,99368960,N/A,135168,97832960,1,dbus-daemon,S (sleeping),client-compromised.bnsdq.ozxfs.vcwss-bomyo.kvugl,0.29794449777242604,1
1759279491,3292,1,N/A,N/A,N/A,N/A,N/A,N/A,N/A,N/A,1953800192,1922756608,40435712,N/A,135168,170991616,13,discern-network,S (sleeping),client-compromised.bnsdq.ozxfs.vcwss-bomyo.kvugl,0.5830266107474347,1
1759279491,42397,1,N/A,N/A,N/A,N/A,N/A,N/A,N/A,N/A,1264619520,1264619520,17285120,N/A,135168,45826048,4,discern-proc-so,S (sleeping),client-compromised.bnsdq.ozxfs.vcwss-bomyo.kvugl,2.577395196212084,1
1759279491,37174,1,N/A,N/A,N/A,N/A,N/A,N/A,N/A,N/A,1647706112,1580597248,22380544,N/A,135168,82202624,5,discern-interfa,S (sleeping),client-compromised.bnsdq.ozxfs.vcwss-bomyo.kvugl,0.001854949175180471,1
1759279492,341,1,103,103,103,103,109,109,109,109,107515904,107515904,101335040,N/A,135168,99786752,1,dbus-daemon,S (sleeping),client-compromised.bnsdq.ozxfs.vcwss-bomyo.kvugl,0.2643367422314783,0
1759279492,183,1,N/A,N/A,N/A,N/A,N/A,N/A,N/A,N/A,160686080,139632640,43958272,4096,135168,30134272,1,systemd-journal,S (sleeping),client-compromised.bnsdq.ozxfs.vcwss-bomyo.kvugl,0.21096646737670835,0
1759279492,153885,1,N/A,N/A,N/A,N/A,N/A,N/A,N/A,N/A,1953267712,1930887168,38625280,N/A,135168,170729472,14,discern-network,S (sleeping),client-compromised.bnsdq.ozxfs.vcwss-bomyo.kvugl,0.48797402562340775,0
1759279492,156854,1,N/A,N/A,N/A,N/A,N/A,N/A,N/A,N/A,1647706112,1580597248,21172224,N/A,135168,82202624,5,discern-interfa,S (sleeping),client-compromised.bnsdq.ozxfs.vcwss-bomyo.kvugl,0.0025575315709891583,0
1759279492,156581,1,N/A,N/A,N/A,N/A,N/A,N/A,N/A,N/A,1264619520,1264619520,17129472,N/A,135168,45826048,4,discern-proc-so,R (running),client-compromised.bnsdq.ozxfs.vcwss-bomyo.kvugl,2.6160463446290785,0
1759279496,38941,38940,N/A,N/A,N/A,N/A,N/A,N/A,N/A,N/A,1091186688,707461120,363245568,N/A,135168,258068480,3,python3,S (sleeping),client-compromised.bnsdq.ozxfs.vcwss-bomyo.kvugl,1.5380879932476628,1
1759279496,340,1,103,103,103,103,109,109,109,109,105697280,105697280,99639296,N/A,135168,97968128,1,dbus-daemon,S (sleeping),client-compromised.bnsdq.ozxfs.vcwss-bomyo.kvugl,0.29773466194626197,1
1759279496,3292,1,N/A,N/A,N/A,N/A,N/A,N/A,N/A,N/A,1953800192,1922756608,40435712,N/A,135168,170991616,13,discern-network,S (sleeping),client-compromised.bnsdq.ozxfs.vcwss-bomyo.kvugl,0.583025096173457,1
1759279496,42397,1,N/A,N/A,N/A,N/A,N/A,N/A,N/A,N/A,1264619520,1264619520,17289216,N/A,135168,45826048,4,discern-proc-so,R (running),client-compromised.bnsdq.ozxfs.vcwss-bomyo.kvugl,2.5710765733278573,1
1759279496,37174,1,N/A,N/A,N/A,N/A,N/A,N/A,N/A,N/A,1647706112,1580597248,22380544,N/A,135168,82202624,5,discern-interfa,S (sleeping),client-compromised.bnsdq.ozxfs.vcwss-bomyo.kvugl,0.0018373909004620694,1
1759279497,341,1,103,103,103,103,109,109,109,109,107515904,107515904,101335040,N/A,135168,99786752,1,dbus-daemon,S (sleeping),client-compromised.bnsdq.ozxfs.vcwss-bomyo.kvugl,0.2643032772147822,0
1759279497,183,1,N/A,N/A,N/A,N/A,N/A,N/A,N/A,N/A,160686080,139632640,43958272,4096,135168,30134272,1,systemd-journal,S (sleeping),client-compromised.bnsdq.ozxfs.vcwss-bomyo.kvugl,0.2108656243214902,0
1759279497,153885,1,N/A,N/A,N/A,N/A,N/A,N/A,N/A,N/A,1953267712,1930887168,38625280,N/A,135168,170729472,14,discern-network,S (sleeping),client-compromised.bnsdq.ozxfs.vcwss-bomyo.kvugl,0.48746460820747134,0
1759279497,156854,1,N/A,N/A,N/A,N/A,N/A,N/A,N/A,N/A,1647706112,1580597248,21172224,N/A,135168,82202624,5,discern-interfa,S (sleeping),client-compromised.bnsdq.ozxfs.vcwss-bomyo.kvugl,0.0025408122931199007,0
1759279497,156581,1,N/A,N/A,N/A,N/A,N/A,N/A,N/A,N/A,1264619520,1264619520,17129472,N/A,135168,45826048,4,discern-proc-so,R (running),client-compromised.bnsdq.ozxfs.vcwss-bomyo.kvugl,2.6142244694130365,0
1759279501,38941,38940,N/A,N/A,N/A,N/A,N/A,N/A,N/A,N/A,1091186688,707461120,363245568,N/A,135168,258068480,3,python3,S (sleeping),client-compromised.bnsdq.ozxfs.vcwss-bomyo.kvugl,1.519049063426061,1
1759279501,340,1,103,103,103,103,109,109,109,109,105832448,105832448,99639296,N/A,135168,98103296,1,dbus-daemon,S (sleeping),client-compromised.bnsdq.ozxfs.vcwss-bomyo.kvugl,0.297918294904564,1
1759279501,3292,1,N/A,N/A,N/A,N/A,N/A,N/A,N/A,N/A,1953800192,1922756608,40435712,N/A,135168,170991616,13,discern-network,S (sleeping),client-compromised.bnsdq.ozxfs.vcwss-bomyo.kvugl,0.5826041206533789,1
1759279501,42397,1,N/A,N/A,N/A,N/A,N/A,N/A,N/A,N/A,1264619520,1264619520,17289216,N/A,135168,45826048,4,discern-proc-so,S (sleeping),client-compromised.bnsdq.ozxfs.vcwss-bomyo.kvugl,2.56519219265184,1
1759279501,37174,1,N/A,N/A,N/A,N/A,N/A,N/A,N/A,N/A,1647706112,1580597248,22380544,N/A,135168,82202624,5,discern-interfa,S (sleeping),client-compromised.bnsdq.ozxfs.vcwss-bomyo.kvugl,0.0018201939215622322,1
1759279502,341,1,103,103,103,103,109,109,109,109,107515904,107515904,101335040,N/A,135168,99786752,1,dbus-daemon,S (sleeping),client-compromised.bnsdq.ozxfs.vcwss-bomyo.kvugl,0.26436237604155927,0
1759279502,183,1,N/A,N/A,N/A,N/A,N/A,N/A,N/A,N/A,160686080,139632640,43958272,4096,135168,30134272,1,systemd-journal,S (sleeping),client-compromised.bnsdq.ozxfs.vcwss-bomyo.kvugl,0.21085746598729493,0
1759279502,153885,1,N/A,N/A,N/A,N/A,N/A,N/A,N/A,N/A,1953267712,1930887168,38625280,N/A,135168,170729472,14,discern-network,S (sleeping),client-compromised.bnsdq.ozxfs.vcwss-bomyo.kvugl,0.48695392872737203,0
1759279502,156854,1,N/A,N/A,N/A,N/A,N/A,N/A,N/A,N/A,1647706112,1580597248,21172224,N/A,135168,82202624,5,discern-interfa,S (sleeping),client-compromised.bnsdq.ozxfs.vcwss-bomyo.kvugl,0.0025242674691390767,0
1759279502,156581,1,N/A,N/A,N/A,N/A,N/A,N/A,N/A,N/A,1264619520,1264619520,17129472,N/A,135168,45826048,4,discern-proc-so,S (sleeping),client-compromised.bnsdq.ozxfs.vcwss-bomyo.kvugl,2.613620732967375,0
1759279506,38941,38940,N/A,N/A,N/A,N/A,N/A,N/A,N/A,N/A,1091186688,707461120,363245568,N/A,135168,258068480,3,python3,S (sleeping),client-compromised.bnsdq.ozxfs.vcwss-bomyo.kvugl,1.5004306241360352,1
1759279506,340,1,103,103,103,103,109,109,109,109,106102784,106102784,99909632,N/A,135168,98373632,1,dbus-daemon,S (sleeping),client-compromised.bnsdq.ozxfs.vcwss-bomyo.kvugl,0.29809973722424243,1
1759279506,3292,1,N/A,N/A,N/A,N/A,N/A,N/A,N/A,N/A,1953800192,1922756608,40435712,N/A,135168,170991616,13,discern-network,S (sleeping),client-compromised.bnsdq.ozxfs.vcwss-bomyo.kvugl,0.5826028729911492,1
1759279506,42397,1,N/A,N/A,N/A,N/A,N/A,N/A,N/A,N/A,1264619520,1264619520,17289216,N/A,135168,45826048,4,discern-proc-so,R (running),client-compromised.bnsdq.ozxfs.vcwss-bomyo.kvugl,2.564148124243522,1
1759279506,37174,1,N/A,N/A,N/A,N/A,N/A,N/A,N/A,N/A,1647706112,1580597248,22380544,N/A,135168,82202624,5,discern-interfa,S (sleeping),client-compromised.bnsdq.ozxfs.vcwss-bomyo.kvugl,0.001803275884432659,1
1759279507,341,1,103,103,103,103,109,109,109,109,107515904,107515904,101335040,N/A,135168,99786752,1,dbus-daemon,S (sleeping),client-compromised.bnsdq.ozxfs.vcwss-bomyo.kvugl,0.26432818070381386,0
1759279507,183,1,N/A,N/A,N/A,N/A,N/A,N/A,N/A,N/A,160686080,139632640,43958272,4096,135168,30134272,1,systemd-journal,S (sleeping),client-compromised.bnsdq.ozxfs.vcwss-bomyo.kvugl,0.21094178070714312,0
1759279507,153885,1,N/A,N/A,N/A,N/A,N/A,N/A,N/A,N/A,1953267712,1930887168,38625280,N/A,135168,170729472,14,discern-network,S (sleeping),client-compromised.bnsdq.ozxfs.vcwss-bomyo.kvugl,0.48644029196483457,0
1759279507,156854,1,N/A,N/A,N/A,N/A,N/A,N/A,N/A,N/A,1647706112,1580597248,21172224,N/A,135168,82202624,5,discern-interfa,S (sleeping),client-compromised.bnsdq.ozxfs.vcwss-bomyo.kvugl,0.0025078834269016245,0
1759279507,156581,1,N/A,N/A,N/A,N/A,N/A,N/A,N/A,N/A,1264619520,1264619520,17129472,N/A,135168,45826048,4,discern-proc-so,S (sleeping),client-compromised.bnsdq.ozxfs.vcwss-bomyo.kvugl,2.6142010546191323,0
1759279511,38941,38940,N/A,N/A,N/A,N/A,N/A,N/A,N/A,N/A,1091186688,707461120,363245568,N/A,135168,258068480,3,python3,S (sleeping),client-compromised.bnsdq.ozxfs.vcwss-bomyo.kvugl,1.4822498556096857,1
1759279511,340,1,103,103,103,103,109,109,109,109,106373120,106373120,100179968,N/A,135168,98643968,1,dbus-daemon,S (sleeping),client-compromised.bnsdq.ozxfs.vcwss-bomyo.kvugl,0.29828000001827876,1
1759279511,3292,1,N/A,N/A,N/A,N/A,N/A,N/A,N/A,N/A,1953800192,1922756608,40435712,N/A,135168,170991616,13,discern-network,S (sleeping),client-compromised.bnsdq.ozxfs.vcwss-bomyo.kvugl,0.5821806350809142,1
1759279511,42397,1,N/A,N/A,N/A,N/A,N/A,N/A,N/A,N/A,1264619520,1264619520,17289216,N/A,135168,45826048,4,discern-proc-so,S (sleeping),client-compromised.bnsdq.ozxfs.vcwss-bomyo.kvugl,2.563107385130837,1
1759279511,37174,1,N/A,N/A,N/A,N/A,N/A,N/A,N/A,N/A,1647706112,1580597248,22380544,N/A,135168,82202624,5,discern-interfa,S (sleeping),client-compromised.bnsdq.ozxfs.vcwss-bomyo.kvugl,0.0017866567846688483,1
1759279512,341,1,103,103,103,103,109,109,109,109,107515904,107515904,101335040,N/A,135168,99786752,1,dbus-daemon,S (sleeping),client-compromised.bnsdq.ozxfs.vcwss-bomyo.kvugl,0.26429463300744854,0
1759279512,183,1,N/A,N/A,N/A,N/A,N/A,N/A,N/A,N/A,160686080,139632640,43958272,4096,135168,30134272,1,systemd-journal,S (sleeping),client-compromised.bnsdq.ozxfs.vcwss-bomyo.kvugl,0.21093374566843054,0
1759279512,153885,1,N/A,N/A,N/A,N/A,N/A,N/A,N/A,N/A,1953267712,1930887168,38625280,N/A,135168,170729472,14,discern-network,S (sleeping),client-compromised.bnsdq.ozxfs.vcwss-bomyo.kvugl,0.48594370049041424,0
1759279512,156854,1,N/A,N/A,N/A,N/A,N/A,N/A,N/A,N/A,1647706112,1580597248,21172224,N/A,135168,82202624,5,discern-interfa,S (sleeping),client-compromised.bnsdq.ozxfs.vcwss-bomyo.kvugl,0.0024917874568964886,0
1759279512,156581,1,N/A,N/A,N/A,N/A,N/A,N/A,N/A,N/A,1264619520,1264619520,17129472,N/A,135168,45826048,4,discern-proc-so,R (running),client-compromised.bnsdq.ozxfs.vcwss-bomyo.kvugl,2.612406585037928,0
1759279516,38941,38940,N/A,N/A,N/A,N/A,N/A,N/A,N/A,N/A,1091186688,707461120,363245568,N/A,135168,258068480,3,python3,S (sleeping),client-compromised.bnsdq.ozxfs.vcwss-bomyo.kvugl,1.4645088353261104,1
1759279516,340,1,103,103,103,103,109,109,109,109,106508288,106508288,100450304,N/A,135168,98779136,1,dbus-daemon,S (sleeping),client-compromised.bnsdq.ozxfs.vcwss-bomyo.kvugl,0.2976814380132534,1
1759279516,3292,1,N/A,N/A,N/A,N/A,N/A,N/A,N/A,N/A,1953800192,1922756608,40435712,N/A,135168,170991616,13,discern-network,S (sleeping),client-compromised.bnsdq.ozxfs.vcwss-bomyo.kvugl,0.5817605282055196,1
1759279516,42397,1,N/A,N/A,N/A,N/A,N/A,N/A,N/A,N/A,1264619520,1264619520,17289216,N/A,135168,45826048,4,discern-proc-so,S (sleeping),client-compromised.bnsdq.ozxfs.vcwss-bomyo.kvugl,2.5666162820525713,1
1759279516,37174,1,N/A,N/A,N/A,N/A,N/A,N/A,N/A,N/A,1647706112,1580597248,22380544,N/A,135168,82202624,5,discern-interfa,S (sleeping),client-compromised.bnsdq.ozxfs.vcwss-bomyo.kvugl,0.0017703451270825684,1
1759279517,341,1,103,103,103,103,109,109,109,109,107515904,107515904,101335040,N/A,135168,99786752,1,dbus-daemon,S (sleeping),client-compromised.bnsdq.ozxfs.vcwss-bomyo.kvugl,0.26435327811042075,0
1759279517,183,1,N/A,N/A,N/A,N/A,N/A,N/A,N/A,N/A,160686080,139632640,43958272,4096,135168,30134272,1,systemd-journal,S (sleeping),client-compromised.bnsdq.ozxfs.vcwss-bomyo.kvugl,0.2108325548246372,0
1759279517,153885,1,N/A,N/A,N/A,N/A,N/A,N/A,N/A,N/A,1953267712,1930887168,38625280,N/A,135168,170729472,14,discern-network,S (sleeping),client-compromised.bnsdq.ozxfs.vcwss-bomyo.kvugl,0.48641801915646715,0
1759279517,156854,1,N/A,N/A,N/A,N/A,N/A,N/A,N/A,N/A,1647706112,1580597248,21172224,N/A,135168,82202624,5,discern-interfa,S (sleeping),client-compromised.bnsdq.ozxfs.vcwss-bomyo.kvugl,0.002475827071816812,0
1759279517,156581,1,N/A,N/A,N/A,N/A,N/A,N/A,N/A,N/A,1264619520,1264619520,17129472,N/A,135168,45826048,4,discern-proc-so,R (running),client-compromised.bnsdq.ozxfs.vcwss-bomyo.kvugl,2.612993745188699,0
1759279522,341,1,103,103,103,103,109,109,109,109,107515904,107515904,101335040,N/A,135168,99786752,1,dbus-daemon,S (sleeping),client-compromised.bnsdq.ozxfs.vcwss-bomyo.kvugl,0.26422731629684504,0
1759279522,183,1,N/A,N/A,N/A,N/A,N/A,N/A,N/A,N/A,160686080,139632640,43958272,4096,135168,30134272,1,systemd-journal,S (sleeping),client-compromised.bnsdq.ozxfs.vcwss-bomyo.kvugl,0.21082477475639946,0
1759279522,153885,1,N/A,N/A,N/A,N/A,N/A,N/A,N/A,N/A,1953267712,1930887168,38625280,N/A,135168,170729472,14,discern-network,S (sleeping),client-compromised.bnsdq.ozxfs.vcwss-bomyo.kvugl,0.48593128908294697,0
1759279522,156854,1,N/A,N/A,N/A,N/A,N/A,N/A,N/A,N/A,1647706112,1580597248,21172224,N/A,135168,82202624,5,discern-interfa,S (sleeping),client-compromised.bnsdq.ozxfs.vcwss-bomyo.kvugl,0.002460169276721855,0
1759279522,156581,1,N/A,N/A,N/A,N/A,N/A,N/A,N/A,N/A,1264619520,1264619520,17129472,N/A,135168,45826048,4,discern-proc-so,S (sleeping),client-compromised.bnsdq.ozxfs.vcwss-bomyo.kvugl,2.612469105470628,0
1759279522,38941,38940,N/A,N/A,N/A,N/A,N/A,N/A,N/A,N/A,1091186688,707461120,363245568,N/A,135168,258068480,3,python3,S (sleeping),client-compromised.bnsdq.ozxfs.vcwss-bomyo.kvugl,1.4471503292695547,1
1759279522,340,1,103,103,103,103,109,109,109,109,106778624,106778624,100450304,N/A,135168,99049472,1,dbus-daemon,S (sleeping),client-compromised.bnsdq.ozxfs.vcwss-bomyo.kvugl,0.2982490095170983,1
1759279522,3292,1,N/A,N/A,N/A,N/A,N/A,N/A,N/A,N/A,1953800192,1922756608,40435712,N/A,135168,170991616,13,discern-network,S (sleeping),client-compromised.bnsdq.ozxfs.vcwss-bomyo.kvugl,0.5817577414666202,1
1759279522,42397,1,N/A,N/A,N/A,N/A,N/A,N/A,N/A,N/A,1264619520,1264619520,17289216,N/A,135168,45826048,4,discern-proc-so,S (sleeping),client-compromised.bnsdq.ozxfs.vcwss-bomyo.kvugl,2.574225481049797,1
1759279522,37174,1,N/A,N/A,N/A,N/A,N/A,N/A,N/A,N/A,1647706112,1580597248,22380544,N/A,135168,82202624,5,discern-interfa,S (sleeping),client-compromised.bnsdq.ozxfs.vcwss-bomyo.kvugl,0.001754294037461017,1
1759279527,38941,38940,N/A,N/A,N/A,N/A,N/A,N/A,N/A,N/A,1091186688,707461120,363245568,N/A,135168,258068480,3,python3,S (sleeping),client-compromised.bnsdq.ozxfs.vcwss-bomyo.kvugl,1.4529131775147692,1
1759279527,340,1,103,103,103,103,109,109,109,109,106913792,106913792,100720640,N/A,135168,99184640,1,dbus-daemon,S (sleeping),client-compromised.bnsdq.ozxfs.vcwss-bomyo.kvugl,0.29804091137191896,1
1759279527,3292,1,N/A,N/A,N/A,N/A,N/A,N/A,N/A,N/A,1953800192,1922756608,40435712,N/A,135168,170991616,13,discern-network,S (sleeping),client-compromised.bnsdq.ozxfs.vcwss-bomyo.kvugl,0.5817586243483517,1
1759279527,42397,1,N/A,N/A,N/A,N/A,N/A,N/A,N/A,N/A,1264619520,1264619520,17289216,N/A,135168,45826048,4,discern-proc-so,R (running),client-compromised.bnsdq.ozxfs.vcwss-bomyo.kvugl,2.573087600201351,1
1759279527,37174,1,N/A,N/A,N/A,N/A,N/A,N/A,N/A,N/A,1647706112,1580597248,22380544,N/A,135168,82202624,5,discern-interfa,S (sleeping),client-compromised.bnsdq.ozxfs.vcwss-bomyo.kvugl,0.001738577168014461,1
1759279528,341,1,103,103,103,103,109,109,109,109,107515904,107515904,101335040,N/A,135168,99786752,1,dbus-daemon,S (sleeping),client-compromised.bnsdq.ozxfs.vcwss-bomyo.kvugl,0.2644717917024437,0
1759279528,183,1,N/A,N/A,N/A,N/A,N/A,N/A,N/A,N/A,160686080,139632640,43958272,4096,135168,30134272,1,systemd-journal,S (sleeping),client-compromised.bnsdq.ozxfs.vcwss-bomyo.kvugl,0.21081682567979643,0
1759279528,153885,1,N/A,N/A,N/A,N/A,N/A,N/A,N/A,N/A,1953267712,1930887168,38625280,N/A,135168,170729472,14,discern-network,S (sleeping),client-compromised.bnsdq.ozxfs.vcwss-bomyo.kvugl,0.48641221534096485,0
1759279528,156854,1,N/A,N/A,N/A,N/A,N/A,N/A,N/A,N/A,1647706112,1580597248,21172224,N/A,135168,82202624,5,discern-interfa,S (sleeping),client-compromised.bnsdq.ozxfs.vcwss-bomyo.kvugl,0.002444681699235771,0
1759279528,156581,1,N/A,N/A,N/A,N/A,N/A,N/A,N/A,N/A,1264619520,1264619520,17129472,N/A,135168,45826048,4,discern-proc-so,R (running),client-compromised.bnsdq.ozxfs.vcwss-bomyo.kvugl,2.610723139319264,0
1759279532,38941,38940,N/A,N/A,N/A,N/A,N/A,N/A,N/A,N/A,1091186688,707461120,363245568,N/A,135168,258068480,3,python3,S (sleeping),client-compromised.bnsdq.ozxfs.vcwss-bomyo.kvugl,1.436112036656268,1
1759279532,340,1,103,103,103,103,109,109,109,109,107048960,107048960,100990976,N/A,135168,99319808,1,dbus-daemon,S (sleeping),client-compromised.bnsdq.ozxfs.vcwss-bomyo.kvugl,0.29783269354973824,1
1759279532,3292,1,N/A,N/A,N/A,N/A,N/A,N/A,N/A,N/A,1953800192,1922756608,40435712,N/A,135168,170991616,13,discern-network,S (sleeping),client-compromised.bnsdq.ozxfs.vcwss-bomyo.kvugl,0.5813410651162981,1
1759279532,42397,1,N/A,N/A,N/A,N/A,N/A,N/A,N/A,N/A,1264619520,1264619520,17289216,N/A,135168,45826048,4,discern-proc-so,R (running),client-compromised.bnsdq.ozxfs.vcwss-bomyo.kvugl,2.57190955616459,1
1759279532,37174,1,N/A,N/A,N/A,N/A,N/A,N/A,N/A,N/A,1647706112,1580597248,22380544,N/A,135168,82202624,5,discern-interfa,S (sleeping),client-compromised.bnsdq.ozxfs.vcwss-bomyo.kvugl,0.0017231147454184394,1
1759279533,341,1,103,103,103,103,109,109,109,109,107515904,107515904,101335040,N/A,135168,99786752,1,dbus-daemon,S (sleeping),client-compromised.bnsdq.ozxfs.vcwss-bomyo.kvugl,0.26434542787759074,0
1759279533,183,1,N/A,N/A,N/A,N/A,N/A,N/A,N/A,N/A,160686080,139632640,43958272,4096,135168,30134272,1,systemd-journal,S (sleeping),client-compromised.bnsdq.ozxfs.vcwss-bomyo.kvugl,0.21080868916295795,0
1759279533,153885,1,N/A,N/A,N/A,N/A,N/A,N/A,N/A,N/A,1953267712,1930887168,38625280,N/A,135168,170729472,14,discern-network,S (sleeping),client-compromised.bnsdq.ozxfs.vcwss-bomyo.kvugl,0.4859214363740594,0
1759279533,156854,1,N/A,N/A,N/A,N/A,N/A,N/A,N/A,N/A,1647706112,1580597248,21172224,N/A,135168,82202624,5,discern-interfa,S (sleeping),client-compromised.bnsdq.ozxfs.vcwss-bomyo.kvugl,0.0024293580447803183,0
1759279533,156581,1,N/A,N/A,N/A,N/A,N/A,N/A,N/A,N/A,1264619520,1264619520,17129472,N/A,135168,45826048,4,discern-proc-so,S (sleeping),client-compromised.bnsdq.ozxfs.vcwss-bomyo.kvugl,2.61015980816377,0
1759279537,38941,38940,N/A,N/A,N/A,N/A,N/A,N/A,N/A,N/A,1091186688,707461120,363245568,N/A,135168,258068480,3,python3,S (sleeping),client-compromised.bnsdq.ozxfs.vcwss-bomyo.kvugl,1.4196421966204713,1
1759279537,340,1,103,103,103,103,109,109,109,109,107208704,107208704,100990976,N/A,135168,99479552,1,dbus-daemon,S (sleeping),client-compromised.bnsdq.ozxfs.vcwss-bomyo.kvugl,0.2980093977064156,1
1759279537,3292,1,N/A,N/A,N/A,N/A,N/A,N/A,N/A,N/A,1953800192,1922756608,40435712,N/A,135168,170991616,13,discern-network,S (sleeping),client-compromised.bnsdq.ozxfs.vcwss-bomyo.kvugl,0.5809212309824625,1
1759279537,42397,1,N/A,N/A,N/A,N/A,N/A,N/A,N/A,N/A,1264619520,1264619520,17293312,N/A,135168,45826048,4,discern-proc-so,R (running),client-compromised.bnsdq.ozxfs.vcwss-bomyo.kvugl,2.578816246761174,1
1759279537,37174,1,N/A,N/A,N/A,N/A,N/A,N/A,N/A,N/A,1647706112,1580597248,22380544,N/A,135168,82202624,5,discern-interfa,S (sleeping),client-compromised.bnsdq.ozxfs.vcwss-bomyo.kvugl,0.00170787573876634,1
1759279538,341,1,103,103,103,103,109,109,109,109,107515904,107515904,101335040,N/A,135168,99786752,1,dbus-daemon,S (sleeping),client-compromised.bnsdq.ozxfs.vcwss-bomyo.kvugl,0.26440423176530564,0
1759279538,183,1,N/A,N/A,N/A,N/A,N/A,N/A,N/A,N/A,160686080,139632640,43958272,4096,135168,30134272,1,systemd-journal,S (sleeping),client-compromised.bnsdq.ozxfs.vcwss-bomyo.kvugl,0.21089306189780205,0
1759279538,153885,1,N/A,N/A,N/A,N/A,N/A,N/A,N/A,N/A,1953267712,1930887168,38625280,N/A,135168,170729472,14,discern-network,S (sleeping),client-compromised.bnsdq.ozxfs.vcwss-bomyo.kvugl,0.48543462141986643,0
1759279538,156854,1,N/A,N/A,N/A,N/A,N/A,N/A,N/A,N/A,1647706112,1580597248,21172224,N/A,135168,82202624,5,discern-interfa,S (sleeping),client-compromised.bnsdq.ozxfs.vcwss-bomyo.kvugl,0.0024142198008059433,0
1759279538,156581,1,N/A,N/A,N/A,N/A,N/A,N/A,N/A,N/A,1264619520,1264619520,17129472,N/A,135168,45826048,4,discern-proc-so,S (sleeping),client-compromised.bnsdq.ozxfs.vcwss-bomyo.kvugl,2.6095975320028066,0
1759279542,38941,38940,N/A,N/A,N/A,N/A,N/A,N/A,N/A,N/A,1091186688,707461120,363245568,N/A,135168,258068480,3,python3,S (sleeping),client-compromised.bnsdq.ozxfs.vcwss-bomyo.kvugl,1.4036013500773745,1
1759279542,340,1,103,103,103,103,109,109,109,109,107483136,107483136,101261312,N/A,135168,99753984,1,dbus-daemon,S (sleeping),client-compromised.bnsdq.ozxfs.vcwss-bomyo.kvugl,0.29780221675861307,1
1759279542,3292,1,N/A,N/A,N/A,N/A,N/A,N/A,N/A,N/A,1953800192,1922756608,40435712,N/A,135168,170991616,13,discern-network,S (sleeping),client-compromised.bnsdq.ozxfs.vcwss-bomyo.kvugl,0.5805075701190975,1
1759279542,42397,1,N/A,N/A,N/A,N/A,N/A,N/A,N/A,N/A,1264619520,1264619520,17293312,N/A,135168,45826048,4,discern-proc-so,R (running),client-compromised.bnsdq.ozxfs.vcwss-bomyo.kvugl,2.5856243331619955,1
1759279542,37174,1,N/A,N/A,N/A,N/A,N/A,N/A,N/A,N/A,1647706112,1580597248,22380544,N/A,135168,82202624,5,discern-interfa,S (sleeping),client-compromised.bnsdq.ozxfs.vcwss-bomyo.kvugl,0.0016929560743841048,1
1759279543,341,1,103,103,103,103,109,109,109,109,107515904,107515904,101335040,N/A,135168,99786752,1,dbus-daemon,S (sleeping),client-compromised.bnsdq.ozxfs.vcwss-bomyo.kvugl,0.26446248564916225,0
1759279543,183,1,N/A,N/A,N/A,N/A,N/A,N/A,N/A,N/A,160686080,139632640,43958272,4096,135168,30134272,1,systemd-journal,S (sleeping),client-compromised.bnsdq.ozxfs.vcwss-bomyo.kvugl,0.21079197372335118,0
1759279543,153885,1,N/A,N/A,N/A,N/A,N/A,N/A,N/A,N/A,1953267712,1930887168,38625280,N/A,135168,170729472,14,discern-network,S (sleeping),client-compromised.bnsdq.ozxfs.vcwss-bomyo.kvugl,0.48589605841120664,0
1759279543,156854,1,N/A,N/A,N/A,N/A,N/A,N/A,N/A,N/A,1647706112,1580597248,21172224,N/A,135168,82202624,5,discern-interfa,S (sleeping),client-compromised.bnsdq.ozxfs.vcwss-bomyo.kvugl,0.0023992112614676393,0
1759279543,156581,1,N/A,N/A,N/A,N/A,N/A,N/A,N/A,N/A,1264619520,1264619520,17129472,N/A,135168,45826048,4,discern-proc-so,S (sleeping),client-compromised.bnsdq.ozxfs.vcwss-bomyo.kvugl,2.611337169396161,0
1759279547,38941,38940,N/A,N/A,N/A,N/A,N/A,N/A,N/A,N/A,1091186688,707461120,363245568,N/A,135168,258068480,3,python3,S (sleeping),client-compromised.bnsdq.ozxfs.vcwss-bomyo.kvugl,1.3878561400309701,1
1759279547,340,1,103,103,103,103,109,109,109,109,107618304,107618304,101531648,N/A,135168,99889152,1,dbus-daemon,S (sleeping),client-compromised.bnsdq.ozxfs.vcwss-bomyo.kvugl,0.29759346734081243,1
1759279547,3292,1,N/A,N/A,N/A,N/A,N/A,N/A,N/A,N/A,1953800192,1922756608,40435712,N/A,135168,170991616,13,discern-network,S (sleeping),client-compromised.bnsdq.ozxfs.vcwss-bomyo.kvugl,0.5805044064922422,1
1759279547,42397,1,N/A,N/A,N/A,N/A,N/A,N/A,N/A,N/A,1264619520,1264619520,17293312,N/A,135168,45826048,4,discern-proc-so,R (running),client-compromised.bnsdq.ozxfs.vcwss-bomyo.kvugl,2.5919410187148944,1
1759279547,37174,1,N/A,N/A,N/A,N/A,N/A,N/A,N/A,N/A,1647706112,1580597248,22380544,N/A,135168,82202624,5,discern-interfa,S (sleeping),client-compromised.bnsdq.ozxfs.vcwss-bomyo.kvugl,0.0016782355579932954,1
1759279548,341,1,103,103,103,103,109,109,109,109,107515904,107515904,101335040,N/A,135168,99786752,1,dbus-daemon,S (sleeping),client-compromised.bnsdq.ozxfs.vcwss-bomyo.kvugl,0.2644290767407658,0
1759279548,183,1,N/A,N/A,N/A,N/A,N/A,N/A,N/A,N/A,160686080,139632640,43958272,4096,135168,30134272,1,systemd-journal,S (sleeping),client-compromised.bnsdq.ozxfs.vcwss-bomyo.kvugl,0.21078410806516668,0
1759279548,153885,1,N/A,N/A,N/A,N/A,N/A,N/A,N/A,N/A,1953267712,1930887168,38625280,N/A,135168,170729472,14,discern-network,S (sleeping),client-compromised.bnsdq.ozxfs.vcwss-bomyo.kvugl,0.4854208462930639,0
1759279548,156854,1,N/A,N/A,N/A,N/A,N/A,N/A,N/A,N/A,1647706112,1580597248,21172224,N/A,135168,82202624,5,discern-interfa,S (sleeping),client-compromised.bnsdq.ozxfs.vcwss-bomyo.kvugl,0.002384486591270513,0
1759279548,156581,1,N/A,N/A,N/A,N/A,N/A,N/A,N/A,N/A,1264619520,1264619520,17129472,N/A,135168,45826048,4,discern-proc-so,R (running),client-compromised.bnsdq.ozxfs.vcwss-bomyo.kvugl,2.609647457183104,0
1759279553,341,1,103,103,103,103,109,109,109,109,107515904,107515904,101335040,N/A,135168,99786752,1,dbus-daemon,S (sleeping),client-compromised.bnsdq.ozxfs.vcwss-bomyo.kvugl,0.2643950849710064,0
1759279553,183,1,N/A,N/A,N/A,N/A,N/A,N/A,N/A,N/A,160686080,139632640,43958272,4096,135168,30134272,1,systemd-journal,S (sleeping),client-compromised.bnsdq.ozxfs.vcwss-bomyo.kvugl,0.21077576033016338,0
1759279553,153885,1,N/A,N/A,N/A,N/A,N/A,N/A,N/A,N/A,1953267712,1930887168,38625280,N/A,135168,170729472,14,discern-network,S (sleeping),client-compromised.bnsdq.ozxfs.vcwss-bomyo.kvugl,0.4849387724331851,0
1759279553,156854,1,N/A,N/A,N/A,N/A,N/A,N/A,N/A,N/A,1647706112,1580597248,21172224,N/A,135168,82202624,5,discern-interfa,S (sleeping),client-compromised.bnsdq.ozxfs.vcwss-bomyo.kvugl,0.002369871180516721,0
1759279553,156581,1,N/A,N/A,N/A,N/A,N/A,N/A,N/A,N/A,1264619520,1264619520,17129472,N/A,135168,45826048,4,discern-proc-so,R (running),client-compromised.bnsdq.ozxfs.vcwss-bomyo.kvugl,2.6102308945182124,0
1759279553,38941,38940,N/A,N/A,N/A,N/A,N/A,N/A,N/A,N/A,1091186688,707461120,363245568,N/A,135168,258068480,3,python3,S (sleeping),client-compromised.bnsdq.ozxfs.vcwss-bomyo.kvugl,1.3725180184198005,1
1759279553,340,1,103,103,103,103,109,109,109,109,107753472,107753472,101531648,N/A,135168,100024320,1,dbus-daemon,S (sleeping),client-compromised.bnsdq.ozxfs.vcwss-bomyo.kvugl,0.29738779121657505,1
1759279553,3292,1,N/A,N/A,N/A,N/A,N/A,N/A,N/A,N/A,1953800192,1922756608,40435712,N/A,135168,170991616,13,discern-network,S (sleeping),client-compromised.bnsdq.ozxfs.vcwss-bomyo.kvugl,0.5800930961463907,1
1759279553,37174,1,N/A,N/A,N/A,N/A,N/A,N/A,N/A,N/A,1647706112,1580597248,22380544,N/A,135168,82202624,5,discern-interfa,S (sleeping),client-compromised.bnsdq.ozxfs.vcwss-bomyo.kvugl,0.003327647897046153,1
1759279553,42397,1,N/A,N/A,N/A,N/A,N/A,N/A,N/A,N/A,1264619520,1264619520,17293312,N/A,135168,45826048,4,discern-proc-so,R (running),client-compromised.bnsdq.ozxfs.vcwss-bomyo.kvugl,2.5904813477633093,1
1759279558,38941,38940,N/A,N/A,N/A,N/A,N/A,N/A,N/A,N/A,1091186688,707461120,363245568,N/A,135168,258068480,3,python3,S (sleeping),client-compromised.bnsdq.ozxfs.vcwss-bomyo.kvugl,1.357521850014131,1
1759279558,340,1,103,103,103,103,109,109,109,109,108023808,108023808,101801984,N/A,135168,100294656,1,dbus-daemon,S (sleeping),client-compromised.bnsdq.ozxfs.vcwss-bomyo.kvugl,0.29794912660983247,1
1759279558,3292,1,N/A,N/A,N/A,N/A,N/A,N/A,N/A,N/A,1953800192,1922756608,40435712,N/A,135168,170991616,13,discern-network,S (sleeping),client-compromised.bnsdq.ozxfs.vcwss-bomyo.kvugl,0.5805080822475623,1
1759279558,37174,1,N/A,N/A,N/A,N/A,N/A,N/A,N/A,N/A,1647706112,1580597248,22380544,N/A,135168,82202624,5,discern-interfa,S (sleeping),client-compromised.bnsdq.ozxfs.vcwss-bomyo.kvugl,0.0032993270746437603,1
1759279558,42397,1,N/A,N/A,N/A,N/A,N/A,N/A,N/A,N/A,1264619520,1264619520,17293312,N/A,135168,45826048,4,discern-proc-so,R (running),client-compromised.bnsdq.ozxfs.vcwss-bomyo.kvugl,2.58910152162694,1
1759279559,341,1,103,103,103,103,109,109,109,109,107515904,107515904,101335040,N/A,135168,99786752,1,dbus-daemon,S (sleeping),client-compromised.bnsdq.ozxfs.vcwss-bomyo.kvugl,0.26445412836495585,0
1759279559,183,1,N/A,N/A,N/A,N/A,N/A,N/A,N/A,N/A,160686080,139632640,43958272,4096,135168,30134272,1,systemd-journal,S (sleeping),client-compromised.bnsdq.ozxfs.vcwss-bomyo.kvugl,0.2107679273030111,0
1759279559,153885,1,N/A,N/A,N/A,N/A,N/A,N/A,N/A,N/A,1953267712,1930887168,38625280,N/A,135168,170729472,14,discern-network,S (sleeping),client-compromised.bnsdq.ozxfs.vcwss-bomyo.kvugl,0.484473217807799,0
1759279559,156854,1,N/A,N/A,N/A,N/A,N/A,N/A,N/A,N/A,1647706112,1580597248,21172224,N/A,135168,82202624,5,discern-interfa,S (sleeping),client-compromised.bnsdq.ozxfs.vcwss-bomyo.kvugl,0.0023555060404948517,0
1759279559,156581,1,N/A,N/A,N/A,N/A,N/A,N/A,N/A,N/A,1264619520,1264619520,17129472,N/A,135168,45826048,4,discern-proc-so,S (sleeping),client-compromised.bnsdq.ozxfs.vcwss-bomyo.kvugl,2.609728531695533,0
1759279563,38941,38940,N/A,N/A,N/A,N/A,N/A,N/A,N/A,N/A,1091186688,707461120,363245568,N/A,135168,258068480,3,python3,S (sleeping),client-compromised.bnsdq.ozxfs.vcwss-bomyo.kvugl,1.342849958706051,1
1759279563,340,1,103,103,103,103,109,109,109,109,108158976,108158976,102072320,N/A,135168,100429824,1,dbus-daemon,S (sleeping),client-compromised.bnsdq.ozxfs.vcwss-bomyo.kvugl,0.29774382650293174,1
1759279563,3292,1,N/A,N/A,N/A,N/A,N/A,N/A,N/A,N/A,1953800192,1922756608,40435712,N/A,135168,170991616,13,discern-network,S (sleeping),client-compromised.bnsdq.ozxfs.vcwss-bomyo.kvugl,0.5800990626251096,1
1759279563,37174,1,N/A,N/A,N/A,N/A,N/A,N/A,N/A,N/A,1647706112,1580597248,22380544,N/A,135168,82202624,5,discern-interfa,S (sleeping),client-compromised.bnsdq.ozxfs.vcwss-bomyo.kvugl,0.003271484384370614,1
1759279563,42397,1,N/A,N/A,N/A,N/A,N/A,N/A,N/A,N/A,1264619520,1264619520,17293312,N/A,135168,45826048,4,discern-proc-so,S (sleeping),client-compromised.bnsdq.ozxfs.vcwss-bomyo.kvugl,2.591487509158599,1
1759279564,341,1,103,103,103,103,109,109,109,109,107515904,107515904,101335040,N/A,135168,99786752,1,dbus-daemon,S (sleeping),client-compromised.bnsdq.ozxfs.vcwss-bomyo.kvugl,0.26451254602690627,0
1759279564,183,1,N/A,N/A,N/A,N/A,N/A,N/A,N/A,N/A,160686080,139632640,43958272,4096,135168,30134272,1,systemd-journal,S (sleeping),client-compromised.bnsdq.ozxfs.vcwss-bomyo.kvugl,0.21075964674334968,0
1759279564,153885,1,N/A,N/A,N/A,N/A,N/A,N/A,N/A,N/A,1953267712,1930887168,38625280,N/A,135168,170729472,14,discern-network,S (sleeping),client-compromised.bnsdq.ozxfs.vcwss-bomyo.kvugl,0.4849359058460746,0
1759279564,156854,1,N/A,N/A,N/A,N/A,N/A,N/A,N/A,N/A,1647706112,1580597248,21172224,N/A,135168,82202624,5,discern-interfa,S (sleeping),client-compromised.bnsdq.ozxfs.vcwss-bomyo.kvugl,0.0023412497057776313,0
1759279564,156581,1,N/A,N/A,N/A,N/A,N/A,N/A,N/A,N/A,1264619520,1264619520,17129472,N/A,135168,45826048,4,discern-proc-so,S (sleeping),client-compromised.bnsdq.ozxfs.vcwss-bomyo.kvugl,2.6103116115204497,0
1759279568,38941,38940,N/A,N/A,N/A,N/A,N/A,N/A,N/A,N/A,1091186688,707461120,363245568,N/A,135168,258068480,3,python3,S (sleeping),client-compromised.bnsdq.ozxfs.vcwss-bomyo.kvugl,1.3284893596638498,1
1759279568,340,1,103,103,103,103,109,109,109,109,108429312,108429312,102342656,N/A,135168,100700160,1,dbus-daemon,S (sleeping),client-compromised.bnsdq.ozxfs.vcwss-bomyo.kvugl,0.2979206923411596,1
1759279568,3292,1,N/A,N/A,N/A,N/A,N/A,N/A,N/A,N/A,1953800192,1922756608,40435712,N/A,135168,170991616,13,discern-network,S (sleeping),client-compromised.bnsdq.ozxfs.vcwss-bomyo.kvugl,0.5792813060767551,1
1759279568,37174,1,N/A,N/A,N/A,N/A,N/A,N/A,N/A,N/A,1647706112,1580597248,22380544,N/A,135168,82202624,5,discern-interfa,S (sleeping),client-compromised.bnsdq.ozxfs.vcwss-bomyo.kvugl,0.003244103039571635,1
1759279568,42397,1,N/A,N/A,N/A,N/A,N/A,N/A,N/A,N/A,1264619520,1264619520,17293312,N/A,135168,45826048,4,discern-proc-so,R (running),client-compromised.bnsdq.ozxfs.vcwss-bomyo.kvugl,2.590132593010374,1
1759279569,341,1,103,103,103,103,109,109,109,109,107515904,107515904,101335040,N/A,135168,99786752,1,dbus-daemon,S (sleeping),client-compromised.bnsdq.ozxfs.vcwss-bomyo.kvugl,0.26438749163279013,0
1759279569,183,1,N/A,N/A,N/A,N/A,N/A,N/A,N/A,N/A,160686080,139632640,43958272,4096,135168,30134272,1,systemd-journal,S (sleeping),client-compromised.bnsdq.ozxfs.vcwss-bomyo.kvugl,0.21075228777742236,0
1759279569,153885,1,N/A,N/A,N/A,N/A,N/A,N/A,N/A,N/A,1953267712,1930887168,38625280,N/A,135168,170729472,14,discern-network,S (sleeping),client-compromised.bnsdq.ozxfs.vcwss-bomyo.kvugl,0.48448545818103456,0
1759279569,156854,1,N/A,N/A,N/A,N/A,N/A,N/A,N/A,N/A,1647706112,1580597248,21172224,N/A,135168,82202624,5,discern-interfa,S (sleeping),client-compromised.bnsdq.ozxfs.vcwss-bomyo.kvugl,0.002327292274810886,0
1759279569,156581,1,N/A,N/A,N/A,N/A,N/A,N/A,N/A,N/A,1264619520,1264619520,17129472,N/A,135168,45826048,4,discern-proc-so,S (sleeping),client-compromised.bnsdq.ozxfs.vcwss-bomyo.kvugl,2.606454324037897,0
1759279573,38941,38940,N/A,N/A,N/A,N/A,N/A,N/A,N/A,N/A,1091186688,707461120,363245568,N/A,135168,258068480,3,python3,S (sleeping),client-compromised.bnsdq.ozxfs.vcwss-bomyo.kvugl,1.3143741538092903,1
1759279573,340,1,103,103,103,103,109,109,109,109,108564480,108564480,102342656,N/A,135168,100835328,1,dbus-daemon,S (sleeping),client-compromised.bnsdq.ozxfs.vcwss-bomyo.kvugl,0.2980943986449845,1
1759279573,3292,1,N/A,N/A,N/A,N/A,N/A,N/A,N/A,N/A,1953800192,1922756608,40435712,N/A,135168,170991616,13,discern-network,S (sleeping),client-compromised.bnsdq.ozxfs.vcwss-bomyo.kvugl,0.5796900113906565,1
1759279573,37174,1,N/A,N/A,N/A,N/A,N/A,N/A,N/A,N/A,1647706112,1580597248,22380544,N/A,135168,82202624,5,discern-interfa,S (sleeping),client-compromised.bnsdq.ozxfs.vcwss-bomyo.kvugl,0.0032170636442978473,1
1759279573,42397,1,N/A,N/A,N/A,N/A,N/A,N/A,N/A,N/A,1264619520,1264619520,17293312,N/A,135168,45826048,4,discern-proc-so,S (sleeping),client-compromised.bnsdq.ozxfs.vcwss-bomyo.kvugl,2.599352541103949,1
1759279574,341,1,103,103,103,103,109,109,109,109,107515904,107515904,101335040,N/A,135168,99786752,1,dbus-daemon,S (sleeping),client-compromised.bnsdq.ozxfs.vcwss-bomyo.kvugl,0.2645390711200785,0
1759279574,183,1,N/A,N/A,N/A,N/A,N/A,N/A,N/A,N/A,160686080,139632640,43958272,4096,135168,30134272,1,systemd-journal,S (sleeping),client-compromised.bnsdq.ozxfs.vcwss-bomyo.kvugl,0.21083700658240107,0
1759279574,153885,1,N/A,N/A,N/A,N/A,N/A,N/A,N/A,N/A,1953267712,1930887168,38625280,N/A,135168,170729472,14,discern-network,S (sleeping),client-compromised.bnsdq.ozxfs.vcwss-bomyo.kvugl,0.484961118025953,0
1759279574,156854,1,N/A,N/A,N/A,N/A,N/A,N/A,N/A,N/A,1647706112,1580597248,21172224,N/A,135168,82202624,5,discern-interfa,S (sleeping),client-compromised.bnsdq.ozxfs.vcwss-bomyo.kvugl,0.0023134784069956562,0
1759279574,156581,1,N/A,N/A,N/A,N/A,N/A,N/A,N/A,N/A,1264619520,1264619520,17129472,N/A,135168,45826048,4,discern-proc-so,S (sleeping),client-compromised.bnsdq.ozxfs.vcwss-bomyo.kvugl,2.6037545032133167,0
1759279578,38941,38940,N/A,N/A,N/A,N/A,N/A,N/A,N/A,N/A,1091186688,707461120,363245568,N/A,135168,258068480,3,python3,S (sleeping),client-compromised.bnsdq.ozxfs.vcwss-bomyo.kvugl,1.3006251344788802,1
1759279578,340,1,103,103,103,103,109,109,109,109,108699648,108699648,102612992,N/A,135168,100970496,1,dbus-daemon,S (sleeping),client-compromised.bnsdq.ozxfs.vcwss-bomyo.kvugl,0.2978904452694365,1
1759279578,3292,1,N/A,N/A,N/A,N/A,N/A,N/A,N/A,N/A,1953800192,1922756608,40435712,N/A,135168,170991616,13,discern-network,S (sleeping),client-compromised.bnsdq.ozxfs.vcwss-bomyo.kvugl,0.5792861939261585,1
1759279578,37174,1,N/A,N/A,N/A,N/A,N/A,N/A,N/A,N/A,1647706112,1580597248,22380544,N/A,135168,82202624,5,discern-interfa,S (sleeping),client-compromised.bnsdq.ozxfs.vcwss-bomyo.kvugl,0.003190605605191461,1
1759279578,42397,1,N/A,N/A,N/A,N/A,N/A,N/A,N/A,N/A,1264619520,1264619520,17293312,N/A,135168,45826048,4,discern-proc-so,R (running),client-compromised.bnsdq.ozxfs.vcwss-bomyo.kvugl,2.601457262659714,1
1759279579,341,1,103,103,103,103,109,109,109,109,107515904,107515904,101335040,N/A,135168,99786752,1,dbus-daemon,S (sleeping),client-compromised.bnsdq.ozxfs.vcwss-bomyo.kvugl,0.2644147341562149,0
1759279579,183,1,N/A,N/A,N/A,N/A,N/A,N/A,N/A,N/A,160686080,101916672,43958272,4096,135168,30134272,1,systemd-journal,S (sleeping),client-compromised.bnsdq.ozxfs.vcwss-bomyo.kvugl,0.21092229019764488,0
1759279579,153885,1,N/A,N/A,N/A,N/A,N/A,N/A,N/A,N/A,1953267712,1930887168,38625280,N/A,135168,170729472,14,discern-network,S (sleeping),client-compromised.bnsdq.ozxfs.vcwss-bomyo.kvugl,0.484525980428789,0
1759279579,156854,1,N/A,N/A,N/A,N/A,N/A,N/A,N/A,N/A,1647706112,1580597248,21172224,N/A,135168,82202624,5,discern-interfa,S (sleeping),client-compromised.bnsdq.ozxfs.vcwss-bomyo.kvugl,0.0022999154134646024,0
1759279579,156581,1,N/A,N/A,N/A,N/A,N/A,N/A,N/A,N/A,1264619520,1264619520,17129472,N/A,135168,45826048,4,discern-proc-so,S (sleeping),client-compromised.bnsdq.ozxfs.vcwss-bomyo.kvugl,2.597792243494896,0
1759279584,341,1,103,103,103,103,109,109,109,109,107515904,107515904,101335040,N/A,135168,99786752,1,dbus-daemon,S (sleeping),client-compromised.bnsdq.ozxfs.vcwss-bomyo.kvugl,0.26447352656098455,0
1759279584,183,1,N/A,N/A,N/A,N/A,N/A,N/A,N/A,N/A,160686080,101916672,43958272,4096,135168,30134272,1,systemd-journal,S (sleeping),client-compromised.bnsdq.ozxfs.vcwss-bomyo.kvugl,0.21091432579240343,0
1759279584,153885,1,N/A,N/A,N/A,N/A,N/A,N/A,N/A,N/A,1953267712,1930887168,38625280,N/A,135168,170729472,14,discern-network,S (sleeping),client-compromised.bnsdq.ozxfs.vcwss-bomyo.kvugl,0.4840714946504923,0
1759279584,156854,1,N/A,N/A,N/A,N/A,N/A,N/A,N/A,N/A,1647706112,1580597248,21172224,N/A,135168,82202624,5,discern-interfa,S (sleeping),client-compromised.bnsdq.ozxfs.vcwss-bomyo.kvugl,0.00228637254487576,0
1759279584,156581,1,N/A,N/A,N/A,N/A,N/A,N/A,N/A,N/A,1264619520,1264619520,17129472,N/A,135168,45826048,4,discern-proc-so,S (sleeping),client-compromised.bnsdq.ozxfs.vcwss-bomyo.kvugl,2.5962402084620546,0
1759279584,38941,38940,N/A,N/A,N/A,N/A,N/A,N/A,N/A,N/A,1091186688,707461120,363245568,N/A,135168,258068480,3,python3,S (sleeping),client-compromised.bnsdq.ozxfs.vcwss-bomyo.kvugl,1.287031961378026,1
1759279584,340,1,103,103,103,103,109,109,109,109,108969984,108969984,102883328,N/A,135168,101240832,1,dbus-daemon,S (sleeping),client-compromised.bnsdq.ozxfs.vcwss-bomyo.kvugl,0.29806087087790467,1
1759279584,3292,1,N/A,N/A,N/A,N/A,N/A,N/A,N/A,N/A,1953800192,1922756608,40435712,N/A,135168,170991616,13,discern-network,S (sleeping),client-compromised.bnsdq.ozxfs.vcwss-bomyo.kvugl,0.5792799566292733,1
1759279584,37174,1,N/A,N/A,N/A,N/A,N/A,N/A,N/A,N/A,1647706112,1580597248,22380544,N/A,135168,82202624,5,discern-interfa,S (sleeping),client-compromised.bnsdq.ozxfs.vcwss-bomyo.kvugl,0.003164289205164949,1
1759279584,42397,1,N/A,N/A,N/A,N/A,N/A,N/A,N/A,N/A,1264619520,1264619520,17293312,N/A,135168,45826048,4,discern-proc-so,S (sleeping),client-compromised.bnsdq.ozxfs.vcwss-bomyo.kvugl,2.6098624848251277,1
1759279589,341,1,103,103,103,103,109,109,109,109,107515904,107515904,101335040,N/A,135168,99786752,1,dbus-daemon,S (sleeping),client-compromised.bnsdq.ozxfs.vcwss-bomyo.kvugl,0.2644397591149254,0
1759279589,183,1,N/A,N/A,N/A,N/A,N/A,N/A,N/A,N/A,160686080,101916672,43958272,4096,135168,30134272,1,systemd-journal,S (sleeping),client-compromised.bnsdq.ozxfs.vcwss-bomyo.kvugl,0.2109060504425765,0
1759279589,153885,1,N/A,N/A,N/A,N/A,N/A,N/A,N/A,N/A,1953267712,1930887168,38625280,N/A,135168,170729472,14,discern-network,S (sleeping),client-compromised.bnsdq.ozxfs.vcwss-bomyo.kvugl,0.4836140387925207,0
1759279589,156854,1,N/A,N/A,N/A,N/A,N/A,N/A,N/A,N/A,1647706112,1580597248,21172224,N/A,135168,82202624,5,discern-interfa,S (sleeping),client-compromised.bnsdq.ozxfs.vcwss-bomyo.kvugl,0.0022729458767244658,0
1759279589,156581,1,N/A,N/A,N/A,N/A,N/A,N/A,N/A,N/A,1264619520,1264619520,17129472,N/A,135168,45826048,4,discern-proc-so,R (running),client-compromised.bnsdq.ozxfs.vcwss-bomyo.kvugl,2.5968931350100286,0
1759279595,341,1,103,103,103,103,109,109,109,109,107515904,107515904,101335040,N/A,135168,99786752,1,dbus-daemon,S (sleeping),client-compromised.bnsdq.ozxfs.vcwss-bomyo.kvugl,0.2644985064840941,0
1759279595,183,1,N/A,N/A,N/A,N/A,N/A,N/A,N/A,N/A,160686080,101916672,43958272,4096,135168,30134272,1,systemd-journal,S (sleeping),client-compromised.bnsdq.ozxfs.vcwss-bomyo.kvugl,0.21089811711529083,0
1759279595,153885,1,N/A,N/A,N/A,N/A,N/A,N/A,N/A,N/A,1953267712,1930887168,38625280,N/A,135168,170729472,14,discern-network,S (sleeping),client-compromised.bnsdq.ozxfs.vcwss-bomyo.kvugl,0.4831684273800439,0
1759279595,156854,1,N/A,N/A,N/A,N/A,N/A,N/A,N/A,N/A,1647706112,1580597248,21172224,N/A,135168,82202624,5,discern-interfa,S (sleeping),client-compromised.bnsdq.ozxfs.vcwss-bomyo.kvugl,0.002259719971058645,0
1759279595,156581,1,N/A,N/A,N/A,N/A,N/A,N/A,N/A,N/A,1264619520,1264619520,17129472,N/A,135168,45826048,4,discern-proc-so,R (running),client-compromised.bnsdq.ozxfs.vcwss-bomyo.kvugl,2.5964776534476717,0
1759279598,38941,38940,N/A,N/A,N/A,N/A,N/A,N/A,N/A,N/A,1091186688,707461120,363245568,N/A,135168,258068480,3,python3,S (sleeping),client-compromised.bnsdq.ozxfs.vcwss-bomyo.kvugl,1.2505242009066828,1
1759279598,340,1,103,103,103,103,109,109,109,109,109658112,109658112,103198720,N/A,135168,101928960,1,dbus-daemon,S (sleeping),client-compromised.bnsdq.ozxfs.vcwss-bomyo.kvugl,0.2979349918972999,1
1759279598,48236,1,N/A,N/A,N/A,N/A,N/A,N/A,N/A,N/A,1467105280,1467105280,233906176,N/A,135168,277704704,4,discern-file-so,S (sleeping),client-compromised.bnsdq.ozxfs.vcwss-bomyo.kvugl,70.21203000014694,1
1759279598,3292,1,N/A,N/A,N/A,N/A,N/A,N/A,N/A,N/A,1953800192,1922756608,40435712,N/A,135168,170991616,13,discern-network,S (sleeping),client-compromised.bnsdq.ozxfs.vcwss-bomyo.kvugl,0.5778928756596705,1
1759279598,37174,1,N/A,N/A,N/A,N/A,N/A,N/A,N/A,N/A,1647706112,1580597248,22380544,N/A,135168,82202624,5,discern-interfa,S (sleeping),client-compromised.bnsdq.ozxfs.vcwss-bomyo.kvugl,0.0030931670996997233,1
1759279600,341,1,103,103,103,103,109,109,109,109,107515904,107515904,101335040,N/A,135168,99786752,1,dbus-daemon,S (sleeping),client-compromised.bnsdq.ozxfs.vcwss-bomyo.kvugl,0.2644646412684119,0
1759279600,183,1,N/A,N/A,N/A,N/A,N/A,N/A,N/A,N/A,160686080,101916672,43958272,4096,135168,30134272,1,systemd-journal,S (sleeping),client-compromised.bnsdq.ozxfs.vcwss-bomyo.kvugl,0.210797751883705,0
1759279600,153885,1,N/A,N/A,N/A,N/A,N/A,N/A,N/A,N/A,1953267712,1930887168,38625280,N/A,135168,170729472,14,discern-network,S (sleeping),client-compromised.bnsdq.ozxfs.vcwss-bomyo.kvugl,0.48362130707433443,0
1759279600,156854,1,N/A,N/A,N/A,N/A,N/A,N/A,N/A,N/A,1647706112,1580597248,21172224,N/A,135168,82202624,5,discern-interfa,S (sleeping),client-compromised.bnsdq.ozxfs.vcwss-bomyo.kvugl,0.0022465913907104983,0
1759279600,156581,1,N/A,N/A,N/A,N/A,N/A,N/A,N/A,N/A,1264619520,1264619520,17129472,N/A,135168,45826048,4,discern-proc-so,R (running),client-compromised.bnsdq.ozxfs.vcwss-bomyo.kvugl,2.597108058159271,0
1759279603,38941,38940,N/A,N/A,N/A,N/A,N/A,N/A,N/A,N/A,1091186688,707461120,363245568,N/A,135168,258068480,3,python3,S (sleeping),client-compromised.bnsdq.ozxfs.vcwss-bomyo.kvugl,1.2376856418598396,1
1759279603,340,1,103,103,103,103,109,109,109,109,109793280,109793280,103522304,N/A,135168,102064128,1,dbus-daemon,S (sleeping),client-compromised.bnsdq.ozxfs.vcwss-bomyo.kvugl,0.2977150653614458,1
1759279603,48236,1,N/A,N/A,N/A,N/A,N/A,N/A,N/A,N/A,1467695104,1467695104,233906176,N/A,135168,278294528,5,discern-file-so,S (sleeping),client-compromised.bnsdq.ozxfs.vcwss-bomyo.kvugl,68.844904850643,1
1759279603,3292,1,N/A,N/A,N/A,N/A,N/A,N/A,N/A,N/A,1953800192,1922756608,40435712,N/A,135168,170991616,13,discern-network,S (sleeping),client-compromised.bnsdq.ozxfs.vcwss-bomyo.kvugl,0.5766501032979479,1
1759279603,37174,1,N/A,N/A,N/A,N/A,N/A,N/A,N/A,N/A,1647706112,1580597248,22380544,N/A,135168,82202624,5,discern-interfa,S (sleeping),client-compromised.bnsdq.ozxfs.vcwss-bomyo.kvugl,0.0030679375037932755,1
1759279605,341,1,103,103,103,103,109,109,109,109,107515904,107515904,101335040,N/A,135168,99786752,1,dbus-daemon,S (sleeping),client-compromised.bnsdq.ozxfs.vcwss-bomyo.kvugl,0.2644313726410744,0
1759279605,183,1,N/A,N/A,N/A,N/A,N/A,N/A,N/A,N/A,160686080,101916672,43958272,4096,135168,30134272,1,systemd-journal,S (sleeping),client-compromised.bnsdq.ozxfs.vcwss-bomyo.kvugl,0.21078989959340336,0
1759279605,153885,1,N/A,N/A,N/A,N/A,N/A,N/A,N/A,N/A,1953267712,1930887168,38625280,N/A,135168,170729472,14,discern-network,S (sleeping),client-compromised.bnsdq.ozxfs.vcwss-bomyo.kvugl,0.48318029852608557,0
1759279605,156854,1,N/A,N/A,N/A,N/A,N/A,N/A,N/A,N/A,1647706112,1580597248,21172224,N/A,135168,82202624,5,discern-interfa,S (sleeping),client-compromised.bnsdq.ozxfs.vcwss-bomyo.kvugl,0.0022336723516988397,0
1759279605,156581,1,N/A,N/A,N/A,N/A,N/A,N/A,N/A,N/A,1264619520,1264619520,17129472,N/A,135168,45826048,4,discern-proc-so,S (sleeping),client-compromised.bnsdq.ozxfs.vcwss-bomyo.kvugl,2.595600656562084,0
1759279609,38941,38940,N/A,N/A,N/A,N/A,N/A,N/A,N/A,N/A,1091186688,707461120,363245568,N/A,135168,258068480,3,python3,S (sleeping),client-compromised.bnsdq.ozxfs.vcwss-bomyo.kvugl,1.2254953412676335,1
1759279609,340,1,103,103,103,103,109,109,109,109,109932544,109932544,103522304,N/A,135168,102203392,1,dbus-daemon,S (sleeping),client-compromised.bnsdq.ozxfs.vcwss-bomyo.kvugl,0.2975146367044646,1
1759279609,3292,1,N/A,N/A,N/A,N/A,N/A,N/A,N/A,N/A,1953800192,1922756608,40435712,N/A,135168,170991616,13,discern-network,S (sleeping),client-compromised.bnsdq.ozxfs.vcwss-bomyo.kvugl,0.576662170130214,1
1759279609,37174,1,N/A,N/A,N/A,N/A,N/A,N/A,N/A,N/A,1647706112,1580597248,22380544,N/A,135168,82202624,5,discern-interfa,S (sleeping),client-compromised.bnsdq.ozxfs.vcwss-bomyo.kvugl,0.00304388938545164,1
1759279609,48354,1,N/A,N/A,N/A,N/A,N/A,N/A,N/A,N/A,1264619520,1264619520,15986688,N/A,135168,45826048,4,discern-proc-so,S (sleeping),client-compromised.bnsdq.ozxfs.vcwss-bomyo.kvugl,3.06947133374613,1
1759279610,341,1,103,103,103,103,109,109,109,109,107515904,107515904,101335040,N/A,135168,99786752,1,dbus-daemon,S (sleeping),client-compromised.bnsdq.ozxfs.vcwss-bomyo.kvugl,0.2644895803124683,0
1759279610,183,1,N/A,N/A,N/A,N/A,N/A,N/A,N/A,N/A,160686080,101916672,43958272,4096,135168,30134272,1,systemd-journal,S (sleeping),client-compromised.bnsdq.ozxfs.vcwss-bomyo.kvugl,0.2106897416430917,0
1759279610,153885,1,N/A,N/A,N/A,N/A,N/A,N/A,N/A,N/A,1953267712,1930887168,38625280,N/A,135168,170729472,14,discern-network,S (sleeping),client-compromised.bnsdq.ozxfs.vcwss-bomyo.kvugl,0.4836302668003642,0
1759279610,156854,1,N/A,N/A,N/A,N/A,N/A,N/A,N/A,N/A,1647706112,1580597248,21172224,N/A,135168,82202624,5,discern-interfa,S (sleeping),client-compromised.bnsdq.ozxfs.vcwss-bomyo.kvugl,0.002220851377277765,0
1759279610,156581,1,N/A,N/A,N/A,N/A,N/A,N/A,N/A,N/A,1264619520,1264619520,17129472,N/A,135168,45826048,4,discern-proc-so,S (sleeping),client-compromised.bnsdq.ozxfs.vcwss-bomyo.kvugl,2.5962376191941736,0
1759279614,38941,38940,N/A,N/A,N/A,N/A,N/A,N/A,N/A,N/A,1091186688,707461120,363245568,N/A,135168,258068480,3,python3,S (sleeping),client-compromised.bnsdq.ozxfs.vcwss-bomyo.kvugl,1.2134702294684534,1
1759279614,340,1,103,103,103,103,109,109,109,109,110206976,110206976,103792640,N/A,135168,102477824,1,dbus-daemon,S (sleeping),client-compromised.bnsdq.ozxfs.vcwss-bomyo.kvugl,0.2976863097838358,1
1759279614,3292,1,N/A,N/A,N/A,N/A,N/A,N/A,N/A,N/A,1953800192,1922756608,40435712,N/A,135168,170991616,13,discern-network,S (sleeping),client-compromised.bnsdq.ozxfs.vcwss-bomyo.kvugl,0.5766665963299613,1
1759279614,37174,1,N/A,N/A,N/A,N/A,N/A,N/A,N/A,N/A,1647706112,1580597248,22380544,N/A,135168,82202624,5,discern-interfa,S (sleeping),client-compromised.bnsdq.ozxfs.vcwss-bomyo.kvugl,0.0030200648343259133,1
1759279614,48354,1,N/A,N/A,N/A,N/A,N/A,N/A,N/A,N/A,1264619520,1264619520,16031744,N/A,135168,45826048,4,discern-proc-so,R (running),client-compromised.bnsdq.ozxfs.vcwss-bomyo.kvugl,2.9586602014375116,1
1759279615,341,1,103,103,103,103,109,109,109,109,107515904,107515904,101335040,N/A,135168,99786752,1,dbus-daemon,S (sleeping),client-compromised.bnsdq.ozxfs.vcwss-bomyo.kvugl,0.2644563479545929,0
1759279615,183,1,N/A,N/A,N/A,N/A,N/A,N/A,N/A,N/A,160686080,101916672,43958272,4096,135168,30134272,1,systemd-journal,S (sleeping),client-compromised.bnsdq.ozxfs.vcwss-bomyo.kvugl,0.21077384163700819,0
1759279615,153885,1,N/A,N/A,N/A,N/A,N/A,N/A,N/A,N/A,1953267712,1930887168,38625280,N/A,135168,170729472,14,discern-network,S (sleeping),client-compromised.bnsdq.ozxfs.vcwss-bomyo.kvugl,0.4831935944629827,0
1759279615,156854,1,N/A,N/A,N/A,N/A,N/A,N/A,N/A,N/A,1647706112,1580597248,21172224,N/A,135168,82202624,5,discern-interfa,S (sleeping),client-compromised.bnsdq.ozxfs.vcwss-bomyo.kvugl,0.002208227678998236,0
1759279615,156581,1,N/A,N/A,N/A,N/A,N/A,N/A,N/A,N/A,1264619520,1264619520,17129472,N/A,135168,45826048,4,discern-proc-so,S (sleeping),client-compromised.bnsdq.ozxfs.vcwss-bomyo.kvugl,2.5947541235309317,0
1759279619,38941,38940,N/A,N/A,N/A,N/A,N/A,N/A,N/A,N/A,1091186688,707461120,363245568,N/A,135168,258068480,3,python3,S (sleeping),client-compromised.bnsdq.ozxfs.vcwss-bomyo.kvugl,1.201761843499611,1
1759279619,340,1,103,103,103,103,109,109,109,109,110342144,110342144,104062976,N/A,135168,102612992,1,dbus-daemon,S (sleeping),client-compromised.bnsdq.ozxfs.vcwss-bomyo.kvugl,0.2974872265841246,1
1759279619,3292,1,N/A,N/A,N/A,N/A,N/A,N/A,N/A,N/A,1953800192,1922756608,40435712,N/A,135168,170991616,13,discern-network,S (sleeping),client-compromised.bnsdq.ozxfs.vcwss-bomyo.kvugl,0.5766795429977513,1
1759279619,37174,1,N/A,N/A,N/A,N/A,N/A,N/A,N/A,N/A,1647706112,1580597248,22380544,N/A,135168,82202624,5,discern-interfa,S (sleeping),client-compromised.bnsdq.ozxfs.vcwss-bomyo.kvugl,0.002996776158892209,1
1759279619,48354,1,N/A,N/A,N/A,N/A,N/A,N/A,N/A,N/A,1264619520,1264619520,16031744,N/A,135168,45826048,4,discern-proc-so,S (sleeping),client-compromised.bnsdq.ozxfs.vcwss-bomyo.kvugl,2.7698430802819036,1
1759279620,341,1,103,103,103,103,109,109,109,109,107515904,107515904,101335040,N/A,135168,99786752,1,dbus-daemon,S (sleeping),client-compromised.bnsdq.ozxfs.vcwss-bomyo.kvugl,0.2646078886907572,0
1759279620,183,1,N/A,N/A,N/A,N/A,N/A,N/A,N/A,N/A,160686080,101916672,43958272,4096,135168,30134272,1,systemd-journal,S (sleeping),client-compromised.bnsdq.ozxfs.vcwss-bomyo.kvugl,0.21067502364227983,0
1759279620,153885,1,N/A,N/A,N/A,N/A,N/A,N/A,N/A,N/A,1953267712,1930887168,38625280,N/A,135168,170729472,14,discern-network,S (sleeping),client-compromised.bnsdq.ozxfs.vcwss-bomyo.kvugl,0.48277938849048146,0
1759279620,156854,1,N/A,N/A,N/A,N/A,N/A,N/A,N/A,N/A,1647706112,1580597248,21172224,N/A,135168,82202624,5,discern-interfa,S (sleeping),client-compromised.bnsdq.ozxfs.vcwss-bomyo.kvugl,0.0021958502543367505,0
1759279620,156581,1,N/A,N/A,N/A,N/A,N/A,N/A,N/A,N/A,1264619520,1264619520,17129472,N/A,135168,45826048,4,discern-proc-so,S (sleeping),client-compromised.bnsdq.ozxfs.vcwss-bomyo.kvugl,2.5880067100035102,0
1759279624,38941,38940,N/A,N/A,N/A,N/A,N/A,N/A,N/A,N/A,1091186688,707461120,363245568,N/A,135168,258068480,3,python3,S (sleeping),client-compromised.bnsdq.ozxfs.vcwss-bomyo.kvugl,1.1921154175924773,1
1759279624,340,1,103,103,103,103,109,109,109,109,110477312,110477312,104062976,N/A,135168,102748160,1,dbus-daemon,S (sleeping),client-compromised.bnsdq.ozxfs.vcwss-bomyo.kvugl,0.297287969122233,1
1759279624,3292,1,N/A,N/A,N/A,N/A,N/A,N/A,N/A,N/A,1953800192,1922756608,40435712,N/A,135168,170991616,13,discern-network,S (sleeping),client-compromised.bnsdq.ozxfs.vcwss-bomyo.kvugl,0.5762894416469729,1
1759279624,37174,1,N/A,N/A,N/A,N/A,N/A,N/A,N/A,N/A,1647706112,1580597248,22380544,N/A,135168,82202624,5,discern-interfa,S (sleeping),client-compromised.bnsdq.ozxfs.vcwss-bomyo.kvugl,0.0029738063404130726,1
1759279624,179,1,N/A,N/A,N/A,N/A,N/A,N/A,N/A,N/A,127143936,127143936,44314624,4096,135168,38526976,1,systemd-journal,S (sleeping),client-compromised.bnsdq.ozxfs.vcwss-bomyo.kvugl,0.19488236993621946,1
1759279625,341,1,103,103,103,103,109,109,109,109,107515904,107515904,101335040,N/A,135168,99786752,1,dbus-daemon,S (sleeping),client-compromised.bnsdq.ozxfs.vcwss-bomyo.kvugl,0.26448316745870115,0
1759279625,183,1,N/A,N/A,N/A,N/A,N/A,N/A,N/A,N/A,160686080,101916672,43958272,4096,135168,30134272,1,systemd-journal,S (sleeping),client-compromised.bnsdq.ozxfs.vcwss-bomyo.kvugl,0.21075932135285227,0
1759279625,153885,1,N/A,N/A,N/A,N/A,N/A,N/A,N/A,N/A,1953267712,1930887168,38625280,N/A,135168,170729472,14,discern-network,S (sleeping),client-compromised.bnsdq.ozxfs.vcwss-bomyo.kvugl,0.4823564449320985,0
1759279625,156854,1,N/A,N/A,N/A,N/A,N/A,N/A,N/A,N/A,1647706112,1580597248,21172224,N/A,135168,82202624,5,discern-interfa,S (sleeping),client-compromised.bnsdq.ozxfs.vcwss-bomyo.kvugl,0.002183541776339294,0
1759279625,156581,1,N/A,N/A,N/A,N/A,N/A,N/A,N/A,N/A,1264619520,1264619520,17129472,N/A,135168,45826048,4,discern-proc-so,R (running),client-compromised.bnsdq.ozxfs.vcwss-bomyo.kvugl,2.5855498463759803,0
1759279630,38941,38940,N/A,N/A,N/A,N/A,N/A,N/A,N/A,N/A,1091186688,707461120,363245568,N/A,135168,258068480,3,python3,S (sleeping),client-compromised.bnsdq.ozxfs.vcwss-bomyo.kvugl,1.1801277256609104,1
1759279630,340,1,103,103,103,103,109,109,109,109,110747648,110747648,104333312,N/A,135168,103018496,1,dbus-daemon,S (sleeping),client-compromised.bnsdq.ozxfs.vcwss-bomyo.kvugl,0.29742725186600005,1
1759279630,3292,1,N/A,N/A,N/A,N/A,N/A,N/A,N/A,N/A,1953800192,1922756608,40435712,N/A,135168,170991616,13,discern-network,S (sleeping),client-compromised.bnsdq.ozxfs.vcwss-bomyo.kvugl,0.5758282296885912,1
1759279630,37174,1,N/A,N/A,N/A,N/A,N/A,N/A,N/A,N/A,1647706112,1580597248,22380544,N/A,135168,82202624,5,discern-interfa,S (sleeping),client-compromised.bnsdq.ozxfs.vcwss-bomyo.kvugl,0.0029498123721187273,1
1759279630,179,1,N/A,N/A,N/A,N/A,N/A,N/A,N/A,N/A,127143936,127143936,44314624,4096,135168,38526976,1,systemd-journal,S (sleeping),client-compromised.bnsdq.ozxfs.vcwss-bomyo.kvugl,0.19485774322587993,1
1759279631,341,1,103,103,103,103,109,109,109,109,107515904,107515904,101335040,N/A,135168,99786752,1,dbus-daemon,S (sleeping),client-compromised.bnsdq.ozxfs.vcwss-bomyo.kvugl,0.264633543913737,0
1759279631,183,1,N/A,N/A,N/A,N/A,N/A,N/A,N/A,N/A,160686080,101916672,43958272,4096,135168,30134272,1,systemd-journal,S (sleeping),client-compromised.bnsdq.ozxfs.vcwss-bomyo.kvugl,0.21075155086952546,0
1759279631,153885,1,N/A,N/A,N/A,N/A,N/A,N/A,N/A,N/A,1953267712,1930887168,38625280,N/A,135168,170729472,14,discern-network,S (sleeping),client-compromised.bnsdq.ozxfs.vcwss-bomyo.kvugl,0.48193214742782237,0
1759279631,156854,1,N/A,N/A,N/A,N/A,N/A,N/A,N/A,N/A,1647706112,1580597248,21172224,N/A,135168,82202624,5,discern-interfa,S (sleeping),client-compromised.bnsdq.ozxfs.vcwss-bomyo.kvugl,0.002171341346002009,0
1759279631,156581,1,N/A,N/A,N/A,N/A,N/A,N/A,N/A,N/A,1264619520,1264619520,17129472,N/A,135168,45826048,4,discern-proc-so,S (sleeping),client-compromised.bnsdq.ozxfs.vcwss-bomyo.kvugl,2.584153975405845,0
1759279635,38941,38940,N/A,N/A,N/A,N/A,N/A,N/A,N/A,N/A,1091186688,707461120,363245568,N/A,135168,258068480,3,python3,S (sleeping),client-compromised.bnsdq.ozxfs.vcwss-bomyo.kvugl,1.1689878517916843,1
1759279635,340,1,103,103,103,103,109,109,109,109,110882816,110882816,104603648,N/A,135168,103153664,1,dbus-daemon,S (sleeping),client-compromised.bnsdq.ozxfs.vcwss-bomyo.kvugl,0.29722565659830547,1
1759279635,3292,1,N/A,N/A,N/A,N/A,N/A,N/A,N/A,N/A,1953800192,1922756608,40435712,N/A,135168,170991616,13,discern-network,S (sleeping),client-compromised.bnsdq.ozxfs.vcwss-bomyo.kvugl,0.5762334611137572,1
1759279635,179,1,N/A,N/A,N/A,N/A,N/A,N/A,N/A,N/A,127143936,127143936,44314624,4096,135168,38526976,1,systemd-journal,S (sleeping),client-compromised.bnsdq.ozxfs.vcwss-bomyo.kvugl,0.19448209923107176,1
1759279635,37174,1,N/A,N/A,N/A,N/A,N/A,N/A,N/A,N/A,1647706112,1580597248,22380544,N/A,135168,82202624,5,discern-interfa,S (sleeping),client-compromised.bnsdq.ozxfs.vcwss-bomyo.kvugl,0.00292742779412717,1
1759279636,341,1,103,103,103,103,109,109,109,109,107515904,107515904,101335040,N/A,135168,99786752,1,dbus-daemon,S (sleeping),client-compromised.bnsdq.ozxfs.vcwss-bomyo.kvugl,0.2645996878858137,0
1759279636,183,1,N/A,N/A,N/A,N/A,N/A,N/A,N/A,N/A,160686080,101916672,43958272,4096,135168,30134272,1,systemd-journal,S (sleeping),client-compromised.bnsdq.ozxfs.vcwss-bomyo.kvugl,0.21065155606302105,0
1759279636,153885,1,N/A,N/A,N/A,N/A,N/A,N/A,N/A,N/A,1953267712,1930887168,38625280,N/A,135168,170729472,14,discern-network,S (sleeping),client-compromised.bnsdq.ozxfs.vcwss-bomyo.kvugl,0.48150021366472745,0
1759279636,156854,1,N/A,N/A,N/A,N/A,N/A,N/A,N/A,N/A,1647706112,1580597248,21172224,N/A,135168,82202624,5,discern-interfa,S (sleeping),client-compromised.bnsdq.ozxfs.vcwss-bomyo.kvugl,0.002159213140085825,0
1759279636,156581,1,N/A,N/A,N/A,N/A,N/A,N/A,N/A,N/A,1264619520,1264619520,17129472,N/A,135168,45826048,4,discern-proc-so,S (sleeping),client-compromised.bnsdq.ozxfs.vcwss-bomyo.kvugl,2.5848236282749757,0
1759279640,38941,38940,N/A,N/A,N/A,N/A,N/A,N/A,N/A,N/A,1091186688,707461120,363245568,N/A,135168,258068480,3,python3,S (sleeping),client-compromised.bnsdq.ozxfs.vcwss-bomyo.kvugl,1.158082848046223,1
1759279640,340,1,103,103,103,103,109,109,109,109,111153152,111153152,104873984,N/A,135168,103424000,1,dbus-daemon,S (sleeping),client-compromised.bnsdq.ozxfs.vcwss-bomyo.kvugl,0.29739753969558846,1
1759279640,3292,1,N/A,N/A,N/A,N/A,N/A,N/A,N/A,N/A,1953800192,1922756608,40435712,N/A,135168,170991616,13,discern-network,S (sleeping),client-compromised.bnsdq.ozxfs.vcwss-bomyo.kvugl,0.5758429623679348,1
1759279640,179,1,N/A,N/A,N/A,N/A,N/A,N/A,N/A,N/A,127143936,127143936,44314624,4096,135168,38526976,1,systemd-journal,S (sleeping),client-compromised.bnsdq.ozxfs.vcwss-bomyo.kvugl,0.1948511205069779,1
1759279640,37174,1,N/A,N/A,N/A,N/A,N/A,N/A,N/A,N/A,1647706112,1580597248,22380544,N/A,135168,82202624,5,discern-interfa,S (sleeping),client-compromised.bnsdq.ozxfs.vcwss-bomyo.kvugl,0.0029054357944791323,1
1759279641,341,1,103,103,103,103,109,109,109,109,107515904,107515904,101335040,N/A,135168,99786752,1,dbus-daemon,S (sleeping),client-compromised.bnsdq.ozxfs.vcwss-bomyo.kvugl,0.26456652369676664,0
1759279641,183,1,N/A,N/A,N/A,N/A,N/A,N/A,N/A,N/A,160686080,101916672,43958272,4096,135168,30134272,1,systemd-journal,S (sleeping),client-compromised.bnsdq.ozxfs.vcwss-bomyo.kvugl,0.2106438449624875,0
1759279641,153885,1,N/A,N/A,N/A,N/A,N/A,N/A,N/A,N/A,1953267712,1930887168,38625280,N/A,135168,170729472,14,discern-network,S (sleeping),client-compromised.bnsdq.ozxfs.vcwss-bomyo.kvugl,0.481083578680279,0
1759279641,156854,1,N/A,N/A,N/A,N/A,N/A,N/A,N/A,N/A,1647706112,1580597248,21172224,N/A,135168,82202624,5,discern-interfa,S (sleeping),client-compromised.bnsdq.ozxfs.vcwss-bomyo.kvugl,0.0021472823830802007,0
1759279641,156581,1,N/A,N/A,N/A,N/A,N/A,N/A,N/A,N/A,1264619520,1264619520,17129472,N/A,135168,45826048,4,discern-proc-so,R (running),client-compromised.bnsdq.ozxfs.vcwss-bomyo.kvugl,2.583446991784889,0
1759279645,38941,38940,N/A,N/A,N/A,N/A,N/A,N/A,N/A,N/A,1091186688,707461120,363245568,N/A,135168,258068480,3,python3,S (sleeping),client-compromised.bnsdq.ozxfs.vcwss-bomyo.kvugl,1.1492104032615427,1
1759279645,340,1,103,103,103,103,109,109,109,109,111288320,111288320,104873984,N/A,135168,103559168,1,dbus-daemon,S (sleeping),client-compromised.bnsdq.ozxfs.vcwss-bomyo.kvugl,0.29757110334366393,1
1759279645,3292,1,N/A,N/A,N/A,N/A,N/A,N/A,N/A,N/A,1953800192,1922756608,40435712,N/A,135168,170991616,13,discern-network,S (sleeping),client-compromised.bnsdq.ozxfs.vcwss-bomyo.kvugl,0.5754589126233565,1
1759279645,179,1,N/A,N/A,N/A,N/A,N/A,N/A,N/A,N/A,127143936,127143936,44314624,4096,135168,38526976,1,systemd-journal,S (sleeping),client-compromised.bnsdq.ozxfs.vcwss-bomyo.kvugl,0.19484981637450055,1
1759279645,37174,1,N/A,N/A,N/A,N/A,N/A,N/A,N/A,N/A,1647706112,1580597248,22380544,N/A,135168,82202624,5,discern-interfa,S (sleeping),client-compromised.bnsdq.ozxfs.vcwss-bomyo.kvugl,0.0028838590487396494,1
1759279646,341,1,103,103,103,103,109,109,109,109,107515904,107515904,101335040,N/A,135168,99786752,1,dbus-daemon,S (sleeping),client-compromised.bnsdq.ozxfs.vcwss-bomyo.kvugl,0.26471600634454306,0
1759279646,183,1,N/A,N/A,N/A,N/A,N/A,N/A,N/A,N/A,160686080,101916672,43958272,4096,135168,30134272,1,systemd-journal,S (sleeping),client-compromised.bnsdq.ozxfs.vcwss-bomyo.kvugl,0.2107272503857508,0
1759279646,153885,1,N/A,N/A,N/A,N/A,N/A,N/A,N/A,N/A,1953267712,1930887168,38625280,N/A,135168,170729472,14,discern-network,S (sleeping),client-compromised.bnsdq.ozxfs.vcwss-bomyo.kvugl,0.48239484884227213,0
1759279646,156854,1,N/A,N/A,N/A,N/A,N/A,N/A,N/A,N/A,1647706112,1580597248,21172224,N/A,135168,82202624,5,discern-interfa,S (sleeping),client-compromised.bnsdq.ozxfs.vcwss-bomyo.kvugl,0.0021354223333709594,0
1759279646,156581,1,N/A,N/A,N/A,N/A,N/A,N/A,N/A,N/A,1264619520,1264619520,17129472,N/A,135168,45826048,5,discern-proc-so,S (sleeping),client-compromised.bnsdq.ozxfs.vcwss-bomyo.kvugl,2.585166028158797,0
1759279650,38941,38940,N/A,N/A,N/A,N/A,N/A,N/A,N/A,N/A,1091186688,707461120,363245568,N/A,135168,258068480,3,python3,S (sleeping),client-compromised.bnsdq.ozxfs.vcwss-bomyo.kvugl,1.1386881402424052,1
1759279650,340,1,103,103,103,103,109,109,109,109,111423488,111423488,105144320,N/A,135168,103694336,1,dbus-daemon,S (sleeping),client-compromised.bnsdq.ozxfs.vcwss-bomyo.kvugl,0.29737192034532306,1
1759279650,3292,1,N/A,N/A,N/A,N/A,N/A,N/A,N/A,N/A,1953800192,1922756608,40435712,N/A,135168,170991616,13,discern-network,S (sleeping),client-compromised.bnsdq.ozxfs.vcwss-bomyo.kvugl,0.5754687375489264,1
1759279650,179,1,N/A,N/A,N/A,N/A,N/A,N/A,N/A,N/A,127143936,127143936,44314624,4096,135168,38526976,1,systemd-journal,S (sleeping),client-compromised.bnsdq.ozxfs.vcwss-bomyo.kvugl,0.19447734703764968,1
1759279650,37174,1,N/A,N/A,N/A,N/A,N/A,N/A,N/A,N/A,1647706112,1580597248,22380544,N/A,135168,82202624,5,discern-interfa,S (sleeping),client-compromised.bnsdq.ozxfs.vcwss-bomyo.kvugl,0.0028625191528631956,1
1759279651,341,1,103,103,103,103,109,109,109,109,107515904,107515904,101335040,N/A,135168,99786752,1,dbus-daemon,S (sleeping),client-compromised.bnsdq.ozxfs.vcwss-bomyo.kvugl,0.2646826696637295,0
1759279651,183,1,N/A,N/A,N/A,N/A,N/A,N/A,N/A,N/A,160686080,101916672,43958272,4096,135168,30134272,1,systemd-journal,S (sleeping),client-compromised.bnsdq.ozxfs.vcwss-bomyo.kvugl,0.21062781501328728,0
1759279651,153885,1,N/A,N/A,N/A,N/A,N/A,N/A,N/A,N/A,1953267712,1930887168,38625280,N/A,135168,170729472,14,discern-network,S (sleeping),client-compromised.bnsdq.ozxfs.vcwss-bomyo.kvugl,0.4828391456715596,0
1759279651,156854,1,N/A,N/A,N/A,N/A,N/A,N/A,N/A,N/A,1647706112,1580597248,21172224,N/A,135168,82202624,5,discern-interfa,S (sleeping),client-compromised.bnsdq.ozxfs.vcwss-bomyo.kvugl,0.002123738447553023,0
1759279651,156581,1,N/A,N/A,N/A,N/A,N/A,N/A,N/A,N/A,1264619520,1264619520,17129472,N/A,135168,45826048,5,discern-proc-so,S (sleeping),client-compromised.bnsdq.ozxfs.vcwss-bomyo.kvugl,2.583785829640952,0
1759279655,38941,38940,N/A,N/A,N/A,N/A,N/A,N/A,N/A,N/A,1091186688,707461120,363245568,N/A,135168,258068480,3,python3,S (sleeping),client-compromised.bnsdq.ozxfs.vcwss-bomyo.kvugl,1.1283903276160878,1
1759279655,340,1,103,103,103,103,109,109,109,109,111558656,111558656,105414656,N/A,135168,103829504,1,dbus-daemon,S (sleeping),client-compromised.bnsdq.ozxfs.vcwss-bomyo.kvugl,0.2971753501945941,1
1759279655,3292,1,N/A,N/A,N/A,N/A,N/A,N/A,N/A,N/A,1953800192,1922756608,40435712,N/A,135168,170991616,13,discern-network,S (sleeping),client-compromised.bnsdq.ozxfs.vcwss-bomyo.kvugl,0.5754823494203094,1
1759279655,179,1,N/A,N/A,N/A,N/A,N/A,N/A,N/A,N/A,127143936,127143936,44314624,4096,135168,38526976,1,systemd-journal,S (sleeping),client-compromised.bnsdq.ozxfs.vcwss-bomyo.kvugl,0.1948455466343187,1
1759279655,37174,1,N/A,N/A,N/A,N/A,N/A,N/A,N/A,N/A,1647706112,1580597248,22380544,N/A,135168,82202624,5,discern-interfa,S (sleeping),client-compromised.bnsdq.ozxfs.vcwss-bomyo.kvugl,0.0028415596895720475,1
1759279656,341,1,103,103,103,103,109,109,109,109,107515904,107515904,101335040,N/A,135168,99786752,1,dbus-daemon,S (sleeping),client-compromised.bnsdq.ozxfs.vcwss-bomyo.kvugl,0.2646491234890198,0
1759279656,183,1,N/A,N/A,N/A,N/A,N/A,N/A,N/A,N/A,160686080,101916672,43958272,4096,135168,30134272,1,systemd-journal,S (sleeping),client-compromised.bnsdq.ozxfs.vcwss-bomyo.kvugl,0.21061981559901322,0
1759279656,153885,1,N/A,N/A,N/A,N/A,N/A,N/A,N/A,N/A,1953267712,1930887168,38625280,N/A,135168,170729472,14,discern-network,S (sleeping),client-compromised.bnsdq.ozxfs.vcwss-bomyo.kvugl,0.4815555268973392,0
1759279656,156854,1,N/A,N/A,N/A,N/A,N/A,N/A,N/A,N/A,1647706112,1580597248,21172224,N/A,135168,82202624,5,discern-interfa,S (sleeping),client-compromised.bnsdq.ozxfs.vcwss-bomyo.kvugl,0.0021121595228694875,0
1759279656,156581,1,N/A,N/A,N/A,N/A,N/A,N/A,N/A,N/A,1264619520,1264619520,17129472,N/A,135168,45826048,5,discern-proc-so,S (sleeping),client-compromised.bnsdq.ozxfs.vcwss-bomyo.kvugl,2.5823936699048873,0
1759279661,38941,38940,N/A,N/A,N/A,N/A,N/A,N/A,N/A,N/A,1091186688,707461120,363245568,N/A,135168,258068480,3,python3,S (sleeping),client-compromised.bnsdq.ozxfs.vcwss-bomyo.kvugl,1.1182418074008218,1
1759279661,340,1,103,103,103,103,109,109,109,109,111828992,111828992,105414656,N/A,135168,104099840,1,dbus-daemon,S (sleeping),client-compromised.bnsdq.ozxfs.vcwss-bomyo.kvugl,0.29697754445018976,1
1759279661,3292,1,N/A,N/A,N/A,N/A,N/A,N/A,N/A,N/A,1953800192,1922756608,40435712,N/A,135168,170991616,13,discern-network,S (sleeping),client-compromised.bnsdq.ozxfs.vcwss-bomyo.kvugl,0.5754917910413999,1
1759279661,179,1,N/A,N/A,N/A,N/A,N/A,N/A,N/A,N/A,127143936,127143936,44314624,4096,135168,38526976,1,systemd-journal,S (sleeping),client-compromised.bnsdq.ozxfs.vcwss-bomyo.kvugl,0.19447440987834583,1
1759279661,37174,1,N/A,N/A,N/A,N/A,N/A,N/A,N/A,N/A,1647706112,1580597248,22380544,N/A,135168,82202624,5,discern-interfa,S (sleeping),client-compromised.bnsdq.ozxfs.vcwss-bomyo.kvugl,0.002820833597246999,1
1759279662,341,1,103,103,103,103,109,109,109,109,107515904,107515904,101335040,N/A,135168,99786752,1,dbus-daemon,S (sleeping),client-compromised.bnsdq.ozxfs.vcwss-bomyo.kvugl,0.2646160034166935,0
1759279662,183,1,N/A,N/A,N/A,N/A,N/A,N/A,N/A,N/A,160686080,101916672,43958272,4096,135168,30134272,1,systemd-journal,S (sleeping),client-compromised.bnsdq.ozxfs.vcwss-bomyo.kvugl,0.2105206467067099,0
1759279662,153885,1,N/A,N/A,N/A,N/A,N/A,N/A,N/A,N/A,1953267712,1930887168,38625280,N/A,135168,170729472,14,discern-network,S (sleeping),client-compromised.bnsdq.ozxfs.vcwss-bomyo.kvugl,0.4811460772839697,0
1759279662,156854,1,N/A,N/A,N/A,N/A,N/A,N/A,N/A,N/A,1647706112,1580597248,21172224,N/A,135168,82202624,5,discern-interfa,S (sleeping),client-compromised.bnsdq.ozxfs.vcwss-bomyo.kvugl,0.0021007420317764704,0
1759279662,156581,1,N/A,N/A,N/A,N/A,N/A,N/A,N/A,N/A,1264619520,1264619520,17129472,N/A,135168,45826048,5,discern-proc-so,S (sleeping),client-compromised.bnsdq.ozxfs.vcwss-bomyo.kvugl,2.583127763709999,0
1759279666,38941,38940,N/A,N/A,N/A,N/A,N/A,N/A,N/A,N/A,1091186688,707461120,363245568,N/A,135168,258068480,3,python3,S (sleeping),client-compromised.bnsdq.ozxfs.vcwss-bomyo.kvugl,1.1083125535091471,1
1759279666,340,1,103,103,103,103,109,109,109,109,118259712,118259712,105684992,N/A,135168,110530560,1,dbus-daemon,S (sleeping),client-compromised.bnsdq.ozxfs.vcwss-bomyo.kvugl,0.29715044167374144,1
1759279666,3292,1,N/A,N/A,N/A,N/A,N/A,N/A,N/A,N/A,1953800192,1922756608,40435712,N/A,135168,170991616,13,discern-network,S (sleeping),client-compromised.bnsdq.ozxfs.vcwss-bomyo.kvugl,0.5751112636820328,1
1759279666,179,1,N/A,N/A,N/A,N/A,N/A,N/A,N/A,N/A,127143936,127143936,44314624,4096,135168,38526976,1,systemd-journal,S (sleeping),client-compromised.bnsdq.ozxfs.vcwss-bomyo.kvugl,0.1944737310470681,1
1759279666,37174,1,N/A,N/A,N/A,N/A,N/A,N/A,N/A,N/A,1647706112,1580597248,22380544,N/A,135168,82202624,5,discern-interfa,S (sleeping),client-compromised.bnsdq.ozxfs.vcwss-bomyo.kvugl,0.002800485661266838,1
1759279667,341,1,103,103,103,103,109,109,109,109,107515904,107515904,101335040,N/A,135168,99786752,1,dbus-daemon,S (sleeping),client-compromised.bnsdq.ozxfs.vcwss-bomyo.kvugl,0.2647656855880161,0
1759279667,183,1,N/A,N/A,N/A,N/A,N/A,N/A,N/A,N/A,160686080,101916672,43958272,4096,135168,30134272,1,systemd-journal,S (sleeping),client-compromised.bnsdq.ozxfs.vcwss-bomyo.kvugl,0.2106043549200816,0
1759279667,153885,1,N/A,N/A,N/A,N/A,N/A,N/A,N/A,N/A,1953267712,1930887168,38625280,N/A,135168,170729472,14,discern-network,S (sleeping),client-compromised.bnsdq.ozxfs.vcwss-bomyo.kvugl,0.48073784988484164,0
1759279667,156854,1,N/A,N/A,N/A,N/A,N/A,N/A,N/A,N/A,1647706112,1580597248,21172224,N/A,135168,82202624,5,discern-interfa,S (sleeping),client-compromised.bnsdq.ozxfs.vcwss-bomyo.kvugl,0.0020894347475449594,0
1759279667,156581,1,N/A,N/A,N/A,N/A,N/A,N/A,N/A,N/A,1264619520,1264619520,17129472,N/A,135168,45826048,5,discern-proc-so,S (sleeping),client-compromised.bnsdq.ozxfs.vcwss-bomyo.kvugl,2.581781859482247,0
1759279671,38941,38940,N/A,N/A,N/A,N/A,N/A,N/A,N/A,N/A,1091186688,707461120,363245568,N/A,135168,258068480,3,python3,S (sleeping),client-compromised.bnsdq.ozxfs.vcwss-bomyo.kvugl,1.0985226429271637,1
1759279671,340,1,103,103,103,103,109,109,109,109,118394880,118394880,105684992,N/A,135168,110665728,1,dbus-daemon,S (sleeping),client-compromised.bnsdq.ozxfs.vcwss-bomyo.kvugl,0.29695356145129936,1
1759279671,3292,1,N/A,N/A,N/A,N/A,N/A,N/A,N/A,N/A,1953800192,1922756608,40435712,N/A,135168,170991616,13,discern-network,S (sleeping),client-compromised.bnsdq.ozxfs.vcwss-bomyo.kvugl,0.5747280671644142,1
1759279671,179,1,N/A,N/A,N/A,N/A,N/A,N/A,N/A,N/A,127143936,127143936,44314624,4096,135168,38526976,1,systemd-journal,S (sleeping),client-compromised.bnsdq.ozxfs.vcwss-bomyo.kvugl,0.1944717232995379,1
1759279671,37174,1,N/A,N/A,N/A,N/A,N/A,N/A,N/A,N/A,1647706112,1580597248,22380544,N/A,135168,82202624,5,discern-interfa,S (sleeping),client-compromised.bnsdq.ozxfs.vcwss-bomyo.kvugl,0.0027803571237044068,1
1759279672,341,1,103,103,103,103,109,109,109,109,107515904,107515904,101335040,N/A,135168,99786752,1,dbus-daemon,S (sleeping),client-compromised.bnsdq.ozxfs.vcwss-bomyo.kvugl,0.2647324732865929,0
1759279672,183,1,N/A,N/A,N/A,N/A,N/A,N/A,N/A,N/A,160686080,101916672,43958272,4096,135168,30134272,1,systemd-journal,S (sleeping),client-compromised.bnsdq.ozxfs.vcwss-bomyo.kvugl,0.2105052303640668,0
1759279672,153885,1,N/A,N/A,N/A,N/A,N/A,N/A,N/A,N/A,1953267712,1930887168,38625280,N/A,135168,170729472,14,discern-network,S (sleeping),client-compromised.bnsdq.ozxfs.vcwss-bomyo.kvugl,0.4820316545522683,0
1759279672,156854,1,N/A,N/A,N/A,N/A,N/A,N/A,N/A,N/A,1647706112,1580597248,21172224,N/A,135168,82202624,5,discern-interfa,S (sleeping),client-compromised.bnsdq.ozxfs.vcwss-bomyo.kvugl,0.0020782546914265626,0
1759279672,156581,1,N/A,N/A,N/A,N/A,N/A,N/A,N/A,N/A,1264619520,1264619520,17129472,N/A,135168,45826048,5,discern-proc-so,S (sleeping),client-compromised.bnsdq.ozxfs.vcwss-bomyo.kvugl,2.579434317807368,0
1759279676,38941,38940,N/A,N/A,N/A,N/A,N/A,N/A,N/A,N/A,1091186688,707461120,363245568,N/A,135168,258068480,3,python3,S (sleeping),client-compromised.bnsdq.ozxfs.vcwss-bomyo.kvugl,1.0889337272582615,1
1759279676,340,1,103,103,103,103,109,109,109,109,118800384,118800384,106242048,N/A,135168,111071232,1,dbus-daemon,S (sleeping),client-compromised.bnsdq.ozxfs.vcwss-bomyo.kvugl,0.29749191008351833,1
1759279676,3292,1,N/A,N/A,N/A,N/A,N/A,N/A,N/A,N/A,1953800192,1922756608,40435712,N/A,135168,170991616,13,discern-network,S (sleeping),client-compromised.bnsdq.ozxfs.vcwss-bomyo.kvugl,0.5747428790159672,1
1759279676,179,1,N/A,N/A,N/A,N/A,N/A,N/A,N/A,N/A,127143936,127143936,44314624,4096,135168,38526976,1,systemd-journal,S (sleeping),client-compromised.bnsdq.ozxfs.vcwss-bomyo.kvugl,0.1948370969947094,1
1759279676,37174,1,N/A,N/A,N/A,N/A,N/A,N/A,N/A,N/A,1647706112,1580597248,22380544,N/A,135168,82202624,5,discern-interfa,S (sleeping),client-compromised.bnsdq.ozxfs.vcwss-bomyo.kvugl,0.002760576815530966,1
1759279677,341,1,103,103,103,103,109,109,109,109,107515904,107515904,101335040,N/A,135168,99786752,1,dbus-daemon,S (sleeping),client-compromised.bnsdq.ozxfs.vcwss-bomyo.kvugl,0.26479060100008284,0
1759279677,183,1,N/A,N/A,N/A,N/A,N/A,N/A,N/A,N/A,160686080,101916672,43958272,4096,135168,30134272,1,systemd-journal,S (sleeping),client-compromised.bnsdq.ozxfs.vcwss-bomyo.kvugl,0.21049751604257202,0
1759279677,153885,1,N/A,N/A,N/A,N/A,N/A,N/A,N/A,N/A,1953267712,1930887168,38625280,N/A,135168,170729472,14,discern-network,S (sleeping),client-compromised.bnsdq.ozxfs.vcwss-bomyo.kvugl,0.4807783409890719,0
1759279677,156854,1,N/A,N/A,N/A,N/A,N/A,N/A,N/A,N/A,1647706112,1580597248,21172224,N/A,135168,82202624,5,discern-interfa,S (sleeping),client-compromised.bnsdq.ozxfs.vcwss-bomyo.kvugl,0.002067188366048395,0
1759279677,156581,1,N/A,N/A,N/A,N/A,N/A,N/A,N/A,N/A,1264619520,1264619520,17129472,N/A,135168,45826048,5,discern-proc-so,S (sleeping),client-compromised.bnsdq.ozxfs.vcwss-bomyo.kvugl,2.5791405947601596,0
1759279681,38941,38940,N/A,N/A,N/A,N/A,N/A,N/A,N/A,N/A,1091186688,707461120,363245568,N/A,135168,258068480,3,python3,S (sleeping),client-compromised.bnsdq.ozxfs.vcwss-bomyo.kvugl,1.0794866371857184,1
1759279681,340,1,103,103,103,103,109,109,109,109,118800384,118800384,106242048,N/A,135168,111071232,1,dbus-daemon,S (sleeping),client-compromised.bnsdq.ozxfs.vcwss-bomyo.kvugl,0.29692974577170855,1
1759279681,3292,1,N/A,N/A,N/A,N/A,N/A,N/A,N/A,N/A,1953800192,1922756608,40435712,N/A,135168,170991616,13,discern-network,S (sleeping),client-compromised.bnsdq.ozxfs.vcwss-bomyo.kvugl,0.574754619363041,1
1759279681,179,1,N/A,N/A,N/A,N/A,N/A,N/A,N/A,N/A,127143936,127143936,44314624,4096,135168,38526976,1,systemd-journal,S (sleeping),client-compromised.bnsdq.ozxfs.vcwss-bomyo.kvugl,0.1944690505293939,1
1759279681,37174,1,N/A,N/A,N/A,N/A,N/A,N/A,N/A,N/A,1647706112,1580597248,22380544,N/A,135168,82202624,5,discern-interfa,S (sleeping),client-compromised.bnsdq.ozxfs.vcwss-bomyo.kvugl,0.0027410255212680294,1
1759279682,341,1,103,103,103,103,109,109,109,109,107515904,107515904,101335040,N/A,135168,99786752,1,dbus-daemon,S (sleeping),client-compromised.bnsdq.ozxfs.vcwss-bomyo.kvugl,0.2647569391197294,0
1759279682,183,1,N/A,N/A,N/A,N/A,N/A,N/A,N/A,N/A,160686080,101916672,43958272,4096,135168,30134272,1,systemd-journal,S (sleeping),client-compromised.bnsdq.ozxfs.vcwss-bomyo.kvugl,0.21048948277632534,0
1759279682,153885,1,N/A,N/A,N/A,N/A,N/A,N/A,N/A,N/A,1953267712,1930887168,38625280,N/A,135168,170729472,14,discern-network,S (sleeping),client-compromised.bnsdq.ozxfs.vcwss-bomyo.kvugl,0.4812117144369992,0
1759279682,156854,1,N/A,N/A,N/A,N/A,N/A,N/A,N/A,N/A,1647706112,1580597248,21172224,N/A,135168,82202624,5,discern-interfa,S (sleeping),client-compromised.bnsdq.ozxfs.vcwss-bomyo.kvugl,0.002056204066942375,0
1759279682,156581,1,N/A,N/A,N/A,N/A,N/A,N/A,N/A,N/A,1264619520,1264619520,17129472,N/A,135168,45826048,5,discern-proc-so,S (sleeping),client-compromised.bnsdq.ozxfs.vcwss-bomyo.kvugl,2.579818968210423,0
1759279686,38941,38940,N/A,N/A,N/A,N/A,N/A,N/A,N/A,N/A,1091186688,707461120,363245568,N/A,135168,258068480,3,python3,S (sleeping),client-compromised.bnsdq.ozxfs.vcwss-bomyo.kvugl,1.07019978988677,1
1759279686,340,1,103,103,103,103,109,109,109,109,119070720,119070720,106512384,N/A,135168,111341568,1,dbus-daemon,S (sleeping),client-compromised.bnsdq.ozxfs.vcwss-bomyo.kvugl,0.29709953784996807,1
1759279686,3292,1,N/A,N/A,N/A,N/A,N/A,N/A,N/A,N/A,1953800192,1922756608,40435712,N/A,135168,170991616,13,discern-network,S (sleeping),client-compromised.bnsdq.ozxfs.vcwss-bomyo.kvugl,0.5747660233693486,1
1759279686,179,1,N/A,N/A,N/A,N/A,N/A,N/A,N/A,N/A,127143936,127143936,44314624,4096,135168,38526976,1,systemd-journal,S (sleeping),client-compromised.bnsdq.ozxfs.vcwss-bomyo.kvugl,0.19446715577232165,1
1759279686,37174,1,N/A,N/A,N/A,N/A,N/A,N/A,N/A,N/A,1647706112,1580597248,22380544,N/A,135168,82202624,5,discern-interfa,S (sleeping),client-compromised.bnsdq.ozxfs.vcwss-bomyo.kvugl,0.0027217444911355275,1
1759279687,341,1,103,103,103,103,109,109,109,109,107515904,107515904,101335040,N/A,135168,99786752,1,dbus-daemon,S (sleeping),client-compromised.bnsdq.ozxfs.vcwss-bomyo.kvugl,0.2647238647363285,0
1759279687,183,1,N/A,N/A,N/A,N/A,N/A,N/A,N/A,N/A,160686080,101916672,43958272,4096,135168,30134272,1,systemd-journal,S (sleeping),client-compromised.bnsdq.ozxfs.vcwss-bomyo.kvugl,0.2104818989993408,0
1759279687,153885,1,N/A,N/A,N/A,N/A,N/A,N/A,N/A,N/A,1953267712,1930887168,38625280,N/A,135168,170729472,14,discern-network,S (sleeping),client-compromised.bnsdq.ozxfs.vcwss-bomyo.kvugl,0.47997525228822363,0
1759279687,156854,1,N/A,N/A,N/A,N/A,N/A,N/A,N/A,N/A,1647706112,1580597248,21172224,N/A,135168,82202624,5,discern-interfa,S (sleeping),client-compromised.bnsdq.ozxfs.vcwss-bomyo.kvugl,0.002045383705665267,0
1759279687,156581,1,N/A,N/A,N/A,N/A,N/A,N/A,N/A,N/A,1264619520,1264619520,17129472,N/A,135168,45826048,5,discern-proc-so,S (sleeping),client-compromised.bnsdq.ozxfs.vcwss-bomyo.kvugl,2.5775279526514496,0
1759279691,38941,38940,N/A,N/A,N/A,N/A,N/A,N/A,N/A,N/A,1091186688,707461120,363245568,N/A,135168,258068480,3,python3,S (sleeping),client-compromised.bnsdq.ozxfs.vcwss-bomyo.kvugl,1.0611001440628713,1
1759279691,340,1,103,103,103,103,109,109,109,109,119230464,119230464,106782720,N/A,135168,111501312,1,dbus-daemon,S (sleeping),client-compromised.bnsdq.ozxfs.vcwss-bomyo.kvugl,0.2972704725480406,1
1759279691,3292,1,N/A,N/A,N/A,N/A,N/A,N/A,N/A,N/A,1953800192,1922756608,40435712,N/A,135168,170991616,13,discern-network,S (sleeping),client-compromised.bnsdq.ozxfs.vcwss-bomyo.kvugl,0.5743905986059408,1
1759279691,179,1,N/A,N/A,N/A,N/A,N/A,N/A,N/A,N/A,127143936,127143936,44314624,4096,135168,38526976,1,systemd-journal,S (sleeping),client-compromised.bnsdq.ozxfs.vcwss-bomyo.kvugl,0.19446643463601904,1
1759279691,37174,1,N/A,N/A,N/A,N/A,N/A,N/A,N/A,N/A,1647706112,1580597248,22380544,N/A,135168,82202624,5,discern-interfa,S (sleeping),client-compromised.bnsdq.ozxfs.vcwss-bomyo.kvugl,0.0027027930563587018,1
1759279692,341,1,103,103,103,103,109,109,109,109,107515904,107515904,101335040,N/A,135168,99786752,1,dbus-daemon,S (sleeping),client-compromised.bnsdq.ozxfs.vcwss-bomyo.kvugl,0.26469017170652326,0
1759279692,183,1,N/A,N/A,N/A,N/A,N/A,N/A,N/A,N/A,160686080,101916672,43958272,4096,135168,30134272,1,systemd-journal,S (sleeping),client-compromised.bnsdq.ozxfs.vcwss-bomyo.kvugl,0.21038257305313113,0
1759279692,153885,1,N/A,N/A,N/A,N/A,N/A,N/A,N/A,N/A,1953267712,1930887168,38625280,N/A,135168,170729472,14,discern-network,S (sleeping),client-compromised.bnsdq.ozxfs.vcwss-bomyo.kvugl,0.4795726956489431,0
1759279692,156854,1,N/A,N/A,N/A,N/A,N/A,N/A,N/A,N/A,1647706112,1580597248,21172224,N/A,135168,82202624,5,discern-interfa,S (sleeping),client-compromised.bnsdq.ozxfs.vcwss-bomyo.kvugl,0.0020346208668640064,0
1759279692,156581,1,N/A,N/A,N/A,N/A,N/A,N/A,N/A,N/A,1264619520,1264619520,17129472,N/A,135168,45826048,5,discern-proc-so,S (sleeping),client-compromised.bnsdq.ozxfs.vcwss-bomyo.kvugl,2.5781970989619305,0
1759279697,38941,38940,N/A,N/A,N/A,N/A,N/A,N/A,N/A,N/A,1091186688,707461120,363245568,N/A,135168,258068480,3,python3,S (sleeping),client-compromised.bnsdq.ozxfs.vcwss-bomyo.kvugl,1.0521231588337596,1
1759279697,340,1,103,103,103,103,109,109,109,109,119504896,119504896,106782720,N/A,135168,111775744,1,dbus-daemon,S (sleeping),client-compromised.bnsdq.ozxfs.vcwss-bomyo.kvugl,0.297075212658719,1
1759279697,3292,1,N/A,N/A,N/A,N/A,N/A,N/A,N/A,N/A,1953800192,1922756608,40435712,N/A,135168,170991616,13,discern-network,S (sleeping),client-compromised.bnsdq.ozxfs.vcwss-bomyo.kvugl,0.574402348005094,1
1759279697,179,1,N/A,N/A,N/A,N/A,N/A,N/A,N/A,N/A,127143936,127143936,44314624,4096,135168,38526976,1,systemd-journal,S (sleeping),client-compromised.bnsdq.ozxfs.vcwss-bomyo.kvugl,0.19446444083611736,1
1759279697,37174,1,N/A,N/A,N/A,N/A,N/A,N/A,N/A,N/A,1647706112,1580597248,22380544,N/A,135168,82202624,5,discern-interfa,S (sleeping),client-compromised.bnsdq.ozxfs.vcwss-bomyo.kvugl,0.002684038598993476,1
1759279698,341,1,103,103,103,103,109,109,109,109,107515904,107515904,101335040,N/A,135168,99786752,1,dbus-daemon,S (sleeping),client-compromised.bnsdq.ozxfs.vcwss-bomyo.kvugl,0.2647487832111688,0
1759279698,183,1,N/A,N/A,N/A,N/A,N/A,N/A,N/A,N/A,160686080,101916672,43958272,4096,135168,30134272,1,systemd-journal,S (sleeping),client-compromised.bnsdq.ozxfs.vcwss-bomyo.kvugl,0.21046657306699681,0
1759279698,153885,1,N/A,N/A,N/A,N/A,N/A,N/A,N/A,N/A,1953267712,1930887168,38625280,N/A,135168,170729472,14,discern-network,S (sleeping),client-compromised.bnsdq.ozxfs.vcwss-bomyo.kvugl,0.480021767966807,0
1759279698,156854,1,N/A,N/A,N/A,N/A,N/A,N/A,N/A,N/A,1647706112,1580597248,21172224,N/A,135168,82202624,5,discern-interfa,S (sleeping),client-compromised.bnsdq.ozxfs.vcwss-bomyo.kvugl,0.0020240617069876266,0
1759279698,156581,1,N/A,N/A,N/A,N/A,N/A,N/A,N/A,N/A,1264619520,1264619520,17129472,N/A,135168,45826048,5,discern-proc-so,S (sleeping),client-compromised.bnsdq.ozxfs.vcwss-bomyo.kvugl,2.5769789397817293,0
1759279702,38941,38940,N/A,N/A,N/A,N/A,N/A,N/A,N/A,N/A,1091186688,707461120,363245568,N/A,135168,258068480,3,python3,S (sleeping),client-compromised.bnsdq.ozxfs.vcwss-bomyo.kvugl,1.0433210958527772,1
1759279702,340,1,103,103,103,103,109,109,109,109,119640064,119640064,107053056,N/A,135168,111910912,1,dbus-daemon,S (sleeping),client-compromised.bnsdq.ozxfs.vcwss-bomyo.kvugl,0.29724517273583534,1
1759279702,3292,1,N/A,N/A,N/A,N/A,N/A,N/A,N/A,N/A,1953800192,1922756608,40435712,N/A,135168,170991616,13,discern-network,S (sleeping),client-compromised.bnsdq.ozxfs.vcwss-bomyo.kvugl,0.5744172922497363,1
1759279702,179,1,N/A,N/A,N/A,N/A,N/A,N/A,N/A,N/A,127143936,127143936,44314624,4096,135168,38526976,1,systemd-journal,S (sleeping),client-compromised.bnsdq.ozxfs.vcwss-bomyo.kvugl,0.19446348479173556,1
1759279702,37174,1,N/A,N/A,N/A,N/A,N/A,N/A,N/A,N/A,1647706112,1580597248,22380544,N/A,135168,82202624,5,discern-interfa,S (sleeping),client-compromised.bnsdq.ozxfs.vcwss-bomyo.kvugl,0.0026655946437082233,1
1759279703,341,1,103,103,103,103,109,109,109,109,107515904,107515904,101335040,N/A,135168,99786752,1,dbus-daemon,S (sleeping),client-compromised.bnsdq.ozxfs.vcwss-bomyo.kvugl,0.2648072795080203,0
1759279703,183,1,N/A,N/A,N/A,N/A,N/A,N/A,N/A,N/A,160686080,101916672,43958272,4096,135168,30134272,1,systemd-journal,S (sleeping),client-compromised.bnsdq.ozxfs.vcwss-bomyo.kvugl,0.21036815424268224,0
1759279703,153885,1,N/A,N/A,N/A,N/A,N/A,N/A,N/A,N/A,1953267712,1930887168,38625280,N/A,135168,170729472,14,discern-network,S (sleeping),client-compromised.bnsdq.ozxfs.vcwss-bomyo.kvugl,0.4796391153515228,0
1759279703,156854,1,N/A,N/A,N/A,N/A,N/A,N/A,N/A,N/A,1647706112,1580597248,21172224,N/A,135168,82202624,5,discern-interfa,S (sleeping),client-compromised.bnsdq.ozxfs.vcwss-bomyo.kvugl,0.0020136067429832646,0
1759279703,156581,1,N/A,N/A,N/A,N/A,N/A,N/A,N/A,N/A,1264619520,1264619520,17129472,N/A,135168,45826048,5,discern-proc-so,S (sleeping),client-compromised.bnsdq.ozxfs.vcwss-bomyo.kvugl,2.574776668177759,0
1759279707,38941,38940,N/A,N/A,N/A,N/A,N/A,N/A,N/A,N/A,1091186688,707461120,363245568,N/A,135168,258068480,3,python3,S (sleeping),client-compromised.bnsdq.ozxfs.vcwss-bomyo.kvugl,1.0346393187121055,1
1759279707,340,1,103,103,103,103,109,109,109,109,119775232,119775232,107323392,N/A,135168,112046080,1,dbus-daemon,S (sleeping),client-compromised.bnsdq.ozxfs.vcwss-bomyo.kvugl,0.2970505711424576,1
1759279707,3292,1,N/A,N/A,N/A,N/A,N/A,N/A,N/A,N/A,1953800192,1922756608,40435712,N/A,135168,170991616,13,discern-network,S (sleeping),client-compromised.bnsdq.ozxfs.vcwss-bomyo.kvugl,0.5744287246589768,1
1759279707,179,1,N/A,N/A,N/A,N/A,N/A,N/A,N/A,N/A,127143936,127143936,44314624,4096,135168,38526976,1,systemd-journal,S (sleeping),client-compromised.bnsdq.ozxfs.vcwss-bomyo.kvugl,0.19446143942400237,1
1759279707,37174,1,N/A,N/A,N/A,N/A,N/A,N/A,N/A,N/A,1647706112,1580597248,22380544,N/A,135168,82202624,5,discern-interfa,S (sleeping),client-compromised.bnsdq.ozxfs.vcwss-bomyo.kvugl,0.0026473480080727563,1
1759279708,341,1,103,103,103,103,109,109,109,109,107515904,107515904,101335040,N/A,135168,99786752,1,dbus-daemon,S (sleeping),client-compromised.bnsdq.ozxfs.vcwss-bomyo.kvugl,0.26468285199582664,0
1759279708,183,1,N/A,N/A,N/A,N/A,N/A,N/A,N/A,N/A,160686080,101916672,43958272,4096,135168,30134272,1,systemd-journal,S (sleeping),client-compromised.bnsdq.ozxfs.vcwss-bomyo.kvugl,0.21036042029262011,0
1759279708,153885,1,N/A,N/A,N/A,N/A,N/A,N/A,N/A,N/A,1953267712,1930887168,38625280,N/A,135168,170729472,14,discern-network,S (sleeping),client-compromised.bnsdq.ozxfs.vcwss-bomyo.kvugl,0.4808960967875425,0
1759279708,156854,1,N/A,N/A,N/A,N/A,N/A,N/A,N/A,N/A,1647706112,1580597248,21172224,N/A,135168,82202624,5,discern-interfa,S (sleeping),client-compromised.bnsdq.ozxfs.vcwss-bomyo.kvugl,0.0020032058498528123,0
1759279708,156581,1,N/A,N/A,N/A,N/A,N/A,N/A,N/A,N/A,1264619520,1264619520,17129472,N/A,135168,45826048,5,discern-proc-so,S (sleeping),client-compromised.bnsdq.ozxfs.vcwss-bomyo.kvugl,2.575489125564154,0
1759279712,38941,38940,N/A,N/A,N/A,N/A,N/A,N/A,N/A,N/A,1091186688,707461120,363245568,N/A,135168,258068480,3,python3,S (sleeping),client-compromised.bnsdq.ozxfs.vcwss-bomyo.kvugl,1.0261269083064704,1
1759279712,340,1,103,103,103,103,109,109,109,109,119910400,119910400,107323392,N/A,135168,112181248,1,dbus-daemon,S (sleeping),client-compromised.bnsdq.ozxfs.vcwss-bomyo.kvugl,0.2968584088339367,1
1759279712,3292,1,N/A,N/A,N/A,N/A,N/A,N/A,N/A,N/A,1953800192,1922756608,40435712,N/A,135168,170991616,13,discern-network,S (sleeping),client-compromised.bnsdq.ozxfs.vcwss-bomyo.kvugl,0.5740562944515366,1
1759279712,179,1,N/A,N/A,N/A,N/A,N/A,N/A,N/A,N/A,127143936,127143936,44314624,4096,135168,38526976,1,systemd-journal,S (sleeping),client-compromised.bnsdq.ozxfs.vcwss-bomyo.kvugl,0.1944605181096906,1
1759279712,37174,1,N/A,N/A,N/A,N/A,N/A,N/A,N/A,N/A,1647706112,1580597248,22380544,N/A,135168,82202624,5,discern-interfa,S (sleeping),client-compromised.bnsdq.ozxfs.vcwss-bomyo.kvugl,0.0026294043759982444,1
1759279713,341,1,103,103,103,103,109,109,109,109,107515904,107515904,101335040,N/A,135168,99786752,1,dbus-daemon,S (sleeping),client-compromised.bnsdq.ozxfs.vcwss-bomyo.kvugl,0.26483201314012855,0
1759279713,183,1,N/A,N/A,N/A,N/A,N/A,N/A,N/A,N/A,160686080,101916672,43958272,4096,135168,30134272,1,systemd-journal,S (sleeping),client-compromised.bnsdq.ozxfs.vcwss-bomyo.kvugl,0.21035290080885427,0
1759279713,153885,1,N/A,N/A,N/A,N/A,N/A,N/A,N/A,N/A,1953267712,1930887168,38625280,N/A,135168,170729472,14,discern-network,S (sleeping),client-compromised.bnsdq.ozxfs.vcwss-bomyo.kvugl,0.481326715075019,0
1759279713,156854,1,N/A,N/A,N/A,N/A,N/A,N/A,N/A,N/A,1647706112,1580597248,21172224,N/A,135168,82202624,5,discern-interfa,S (sleeping),client-compromised.bnsdq.ozxfs.vcwss-bomyo.kvugl,0.0019929329418027514,0
1759279713,156581,1,N/A,N/A,N/A,N/A,N/A,N/A,N/A,N/A,1264619520,1264619520,17129472,N/A,135168,45826048,5,discern-proc-so,S (sleeping),client-compromised.bnsdq.ozxfs.vcwss-bomyo.kvugl,2.575239158683911,0
1759279717,38941,38940,N/A,N/A,N/A,N/A,N/A,N/A,N/A,N/A,1091186688,707461120,363245568,N/A,135168,258068480,3,python3,S (sleeping),client-compromised.bnsdq.ozxfs.vcwss-bomyo.kvugl,1.0177315163161784,1
1759279717,340,1,103,103,103,103,109,109,109,109,120045568,120045568,107593728,N/A,135168,112316416,1,dbus-daemon,S (sleeping),client-compromised.bnsdq.ozxfs.vcwss-bomyo.kvugl,0.29666548571493045,1
1759279717,3292,1,N/A,N/A,N/A,N/A,N/A,N/A,N/A,N/A,1953800192,1922756608,40435712,N/A,135168,170991616,13,discern-network,S (sleeping),client-compromised.bnsdq.ozxfs.vcwss-bomyo.kvugl,0.5736822843327632,1
1759279717,179,1,N/A,N/A,N/A,N/A,N/A,N/A,N/A,N/A,127143936,127143936,44314624,4096,135168,38526976,1,systemd-journal,S (sleeping),client-compromised.bnsdq.ozxfs.vcwss-bomyo.kvugl,0.19445862407401052,1
1759279717,37174,1,N/A,N/A,N/A,N/A,N/A,N/A,N/A,N/A,1647706112,1580597248,22380544,N/A,135168,82202624,5,discern-interfa,S (sleeping),client-compromised.bnsdq.ozxfs.vcwss-bomyo.kvugl,0.0026116548425004884,1
1759279718,341,1,103,103,103,103,109,109,109,109,107515904,107515904,101335040,N/A,135168,99786752,1,dbus-daemon,S (sleeping),client-compromised.bnsdq.ozxfs.vcwss-bomyo.kvugl,0.2647985097830075,0
1759279718,183,1,N/A,N/A,N/A,N/A,N/A,N/A,N/A,N/A,160686080,101916672,43958272,4096,135168,30134272,1,systemd-journal,S (sleeping),client-compromised.bnsdq.ozxfs.vcwss-bomyo.kvugl,0.21025399692045266,0
1759279718,153885,1,N/A,N/A,N/A,N/A,N/A,N/A,N/A,N/A,1953267712,1930887168,38625280,N/A,135168,170729472,14,discern-network,S (sleeping),client-compromised.bnsdq.ozxfs.vcwss-bomyo.kvugl,0.4809295604247254,0
1759279718,156854,1,N/A,N/A,N/A,N/A,N/A,N/A,N/A,N/A,1647706112,1580597248,21172224,N/A,135168,82202624,5,discern-interfa,S (sleeping),client-compromised.bnsdq.ozxfs.vcwss-bomyo.kvugl,0.0019827271178345708,0
1759279718,156581,1,N/A,N/A,N/A,N/A,N/A,N/A,N/A,N/A,1264619520,1264619520,17129472,N/A,135168,45826048,5,discern-proc-so,S (sleeping),client-compromised.bnsdq.ozxfs.vcwss-bomyo.kvugl,2.5759202966215486,0
1759279722,38941,38940,N/A,N/A,N/A,N/A,N/A,N/A,N/A,N/A,1091186688,707461120,363245568,N/A,135168,258068480,3,python3,S (sleeping),client-compromised.bnsdq.ozxfs.vcwss-bomyo.kvugl,1.0094671112109233,1
1759279722,340,1,103,103,103,103,109,109,109,109,120451072,120451072,107864064,N/A,135168,112721920,1,dbus-daemon,S (sleeping),client-compromised.bnsdq.ozxfs.vcwss-bomyo.kvugl,0.2971934310551966,1
1759279722,3292,1,N/A,N/A,N/A,N/A,N/A,N/A,N/A,N/A,1953800192,1922756608,40435712,N/A,135168,170991616,13,discern-network,S (sleeping),client-compromised.bnsdq.ozxfs.vcwss-bomyo.kvugl,0.5736949270377948,1
1759279722,179,1,N/A,N/A,N/A,N/A,N/A,N/A,N/A,N/A,127143936,127143936,44314624,4096,135168,38526976,1,systemd-journal,S (sleeping),client-compromised.bnsdq.ozxfs.vcwss-bomyo.kvugl,0.19481665101032974,1
1759279722,37174,1,N/A,N/A,N/A,N/A,N/A,N/A,N/A,N/A,1647706112,1580597248,22380544,N/A,135168,82202624,5,discern-interfa,S (sleeping),client-compromised.bnsdq.ozxfs.vcwss-bomyo.kvugl,0.002594134269945448,1
1759279723,341,1,103,103,103,103,109,109,109,109,107515904,107515904,101335040,N/A,135168,99786752,1,dbus-daemon,S (sleeping),client-compromised.bnsdq.ozxfs.vcwss-bomyo.kvugl,0.26476557496405456,0
1759279723,183,1,N/A,N/A,N/A,N/A,N/A,N/A,N/A,N/A,160686080,101916672,43958272,4096,135168,30134272,1,systemd-journal,S (sleeping),client-compromised.bnsdq.ozxfs.vcwss-bomyo.kvugl,0.21033756489093922,0
1759279723,153885,1,N/A,N/A,N/A,N/A,N/A,N/A,N/A,N/A,1953267712,1930887168,38625280,N/A,135168,170729472,14,discern-network,S (sleeping),client-compromised.bnsdq.ozxfs.vcwss-bomyo.kvugl,0.4813575480265073,0
1759279723,156854,1,N/A,N/A,N/A,N/A,N/A,N/A,N/A,N/A,1647706112,1580597248,21172224,N/A,135168,82202624,5,discern-interfa,S (sleeping),client-compromised.bnsdq.ozxfs.vcwss-bomyo.kvugl,0.001972668424261053,0
1759279723,156581,1,N/A,N/A,N/A,N/A,N/A,N/A,N/A,N/A,1264619520,1264619520,17129472,N/A,135168,45826048,5,discern-proc-so,S (sleeping),client-compromised.bnsdq.ozxfs.vcwss-bomyo.kvugl,2.5756782329774675,0
1759279728,38941,38940,N/A,N/A,N/A,N/A,N/A,N/A,N/A,N/A,1091186688,707461120,363245568,N/A,135168,258068480,3,python3,S (sleeping),client-compromised.bnsdq.ozxfs.vcwss-bomyo.kvugl,1.0012692809930457,1
1759279728,340,1,103,103,103,103,109,109,109,109,120586240,120586240,108134400,N/A,135168,112857088,1,dbus-daemon,S (sleeping),client-compromised.bnsdq.ozxfs.vcwss-bomyo.kvugl,0.29699570338305714,1
1759279728,3292,1,N/A,N/A,N/A,N/A,N/A,N/A,N/A,N/A,1953800192,1922756608,40435712,N/A,135168,170991616,13,discern-network,S (sleeping),client-compromised.bnsdq.ozxfs.vcwss-bomyo.kvugl,0.5733129980436662,1
1759279728,179,1,N/A,N/A,N/A,N/A,N/A,N/A,N/A,N/A,127143936,127143936,44314624,4096,135168,38526976,1,systemd-journal,S (sleeping),client-compromised.bnsdq.ozxfs.vcwss-bomyo.kvugl,0.19481089523547,1
1759279728,37174,1,N/A,N/A,N/A,N/A,N/A,N/A,N/A,N/A,1647706112,1580597248,22380544,N/A,135168,82202624,5,discern-interfa,S (sleeping),client-compromised.bnsdq.ozxfs.vcwss-bomyo.kvugl,0.00257670386397559,1
1759279729,341,1,103,103,103,103,109,109,109,109,107515904,107515904,101335040,N/A,135168,99786752,1,dbus-daemon,S (sleeping),client-compromised.bnsdq.ozxfs.vcwss-bomyo.kvugl,0.26482306599967603,0
1759279729,183,1,N/A,N/A,N/A,N/A,N/A,N/A,N/A,N/A,160686080,101916672,43958272,4096,135168,30134272,1,systemd-journal,S (sleeping),client-compromised.bnsdq.ozxfs.vcwss-bomyo.kvugl,0.2103296859576621,0
1759279729,153885,1,N/A,N/A,N/A,N/A,N/A,N/A,N/A,N/A,1953267712,1930887168,38625280,N/A,135168,170729472,14,discern-network,S (sleeping),client-compromised.bnsdq.ozxfs.vcwss-bomyo.kvugl,0.48096339424180695,0
1759279729,156854,1,N/A,N/A,N/A,N/A,N/A,N/A,N/A,N/A,1647706112,1580597248,21172224,N/A,135168,82202624,5,discern-interfa,S (sleeping),client-compromised.bnsdq.ozxfs.vcwss-bomyo.kvugl,0.001962667472592069,0
1759279729,156581,1,N/A,N/A,N/A,N/A,N/A,N/A,N/A,N/A,1264619520,1264619520,17129472,N/A,135168,45826048,5,discern-proc-so,S (sleeping),client-compromised.bnsdq.ozxfs.vcwss-bomyo.kvugl,2.576348928210059,0
1759279733,38941,38940,N/A,N/A,N/A,N/A,N/A,N/A,N/A,N/A,1091186688,707461120,363245568,N/A,135168,258068480,3,python3,S (sleeping),client-compromised.bnsdq.ozxfs.vcwss-bomyo.kvugl,0.9932442961976744,1
1759279733,340,1,103,103,103,103,109,109,109,109,120721408,120721408,108404736,N/A,135168,112992256,1,dbus-daemon,S (sleeping),client-compromised.bnsdq.ozxfs.vcwss-bomyo.kvugl,0.29680155182822754,1
1759279733,3292,1,N/A,N/A,N/A,N/A,N/A,N/A,N/A,N/A,1953800192,1922756608,40435712,N/A,135168,170991616,13,discern-network,S (sleeping),client-compromised.bnsdq.ozxfs.vcwss-bomyo.kvugl,0.5733227344389576,1
1759279733,179,1,N/A,N/A,N/A,N/A,N/A,N/A,N/A,N/A,127143936,127143936,44314624,4096,135168,38526976,1,systemd-journal,S (sleeping),client-compromised.bnsdq.ozxfs.vcwss-bomyo.kvugl,0.19480702647053852,1
1759279733,37174,1,N/A,N/A,N/A,N/A,N/A,N/A,N/A,N/A,1647706112,1580597248,22380544,N/A,135168,82202624,5,discern-interfa,S (sleeping),client-compromised.bnsdq.ozxfs.vcwss-bomyo.kvugl,0.0025595940262659895,1
1759279734,341,1,103,103,103,103,109,109,109,109,107515904,107515904,101335040,N/A,135168,99786752,1,dbus-daemon,S (sleeping),client-compromised.bnsdq.ozxfs.vcwss-bomyo.kvugl,0.26488134807860647,0
1759279734,183,1,N/A,N/A,N/A,N/A,N/A,N/A,N/A,N/A,160686080,101916672,43958272,4096,135168,30134272,1,systemd-journal,S (sleeping),client-compromised.bnsdq.ozxfs.vcwss-bomyo.kvugl,0.21023159446861328,0
1759279734,153885,1,N/A,N/A,N/A,N/A,N/A,N/A,N/A,N/A,1953267712,1930887168,38625280,N/A,135168,170729472,14,discern-network,S (sleeping),client-compromised.bnsdq.ozxfs.vcwss-bomyo.kvugl,0.48219884081561304,0
1759279734,156854,1,N/A,N/A,N/A,N/A,N/A,N/A,N/A,N/A,1647706112,1580597248,21172224,N/A,135168,82202624,5,discern-interfa,S (sleeping),client-compromised.bnsdq.ozxfs.vcwss-bomyo.kvugl,0.0019528343806330293,0
1759279734,156581,1,N/A,N/A,N/A,N/A,N/A,N/A,N/A,N/A,1264619520,1264619520,17129472,N/A,135168,45826048,5,discern-proc-so,S (sleeping),client-compromised.bnsdq.ozxfs.vcwss-bomyo.kvugl,2.5751754830412317,0
1759279738,38941,38940,N/A,N/A,N/A,N/A,N/A,N/A,N/A,N/A,1091186688,707461120,363245568,N/A,135168,258068480,3,python3,S (sleeping),client-compromised.bnsdq.ozxfs.vcwss-bomyo.kvugl,0.9869307843464777,1
1759279738,340,1,103,103,103,103,109,109,109,109,120991744,120991744,108404736,N/A,135168,113262592,1,dbus-daemon,S (sleeping),client-compromised.bnsdq.ozxfs.vcwss-bomyo.kvugl,0.2969699611734578,1
1759279738,3292,1,N/A,N/A,N/A,N/A,N/A,N/A,N/A,N/A,1953800192,1922756608,40435712,N/A,135168,170991616,13,discern-network,S (sleeping),client-compromised.bnsdq.ozxfs.vcwss-bomyo.kvugl,0.5733399095671671,1
1759279738,179,1,N/A,N/A,N/A,N/A,N/A,N/A,N/A,N/A,127143936,127143936,44314624,4096,135168,38526976,1,systemd-journal,S (sleeping),client-compromised.bnsdq.ozxfs.vcwss-bomyo.kvugl,0.19480554373583603,1
1759279738,37174,1,N/A,N/A,N/A,N/A,N/A,N/A,N/A,N/A,1647706112,1580597248,22380544,N/A,135168,82202624,5,discern-interfa,S (sleeping),client-compromised.bnsdq.ozxfs.vcwss-bomyo.kvugl,0.0025428197314336753,1
1759279739,341,1,103,103,103,103,109,109,109,109,107515904,107515904,101335040,N/A,135168,99786752,1,dbus-daemon,S (sleeping),client-compromised.bnsdq.ozxfs.vcwss-bomyo.kvugl,0.26484776323563386,0
1759279739,183,1,N/A,N/A,N/A,N/A,N/A,N/A,N/A,N/A,160686080,101916672,43958272,4096,135168,30134272,1,systemd-journal,S (sleeping),client-compromised.bnsdq.ozxfs.vcwss-bomyo.kvugl,0.2102236848575291,0
1759279739,153885,1,N/A,N/A,N/A,N/A,N/A,N/A,N/A,N/A,1953267712,1930887168,38625280,N/A,135168,170729472,14,discern-network,S (sleeping),client-compromised.bnsdq.ozxfs.vcwss-bomyo.kvugl,0.4809996677891029,0
1759279739,156854,1,N/A,N/A,N/A,N/A,N/A,N/A,N/A,N/A,1647706112,1580597248,21172224,N/A,135168,82202624,5,discern-interfa,S (sleeping),client-compromised.bnsdq.ozxfs.vcwss-bomyo.kvugl,0.0019430243051523652,0
1759279739,156581,1,N/A,N/A,N/A,N/A,N/A,N/A,N/A,N/A,1264619520,1264619520,17129472,N/A,135168,45826048,5,discern-proc-so,S (sleeping),client-compromised.bnsdq.ozxfs.vcwss-bomyo.kvugl,2.5758306781775238,0
1759279743,38941,38940,N/A,N/A,N/A,N/A,N/A,N/A,N/A,N/A,1091186688,707461120,363245568,N/A,135168,258068480,3,python3,S (sleeping),client-compromised.bnsdq.ozxfs.vcwss-bomyo.kvugl,0.9791730184680543,1
1759279743,340,1,103,103,103,103,109,109,109,109,121126912,121126912,108675072,N/A,135168,113397760,1,dbus-daemon,S (sleeping),client-compromised.bnsdq.ozxfs.vcwss-bomyo.kvugl,0.2967785624021572,1
1759279743,3292,1,N/A,N/A,N/A,N/A,N/A,N/A,N/A,N/A,1953800192,1922756608,40435712,N/A,135168,170991616,13,discern-network,S (sleeping),client-compromised.bnsdq.ozxfs.vcwss-bomyo.kvugl,0.5729709165770535,1
1759279743,179,1,N/A,N/A,N/A,N/A,N/A,N/A,N/A,N/A,127143936,127143936,44314624,4096,135168,38526976,1,systemd-journal,S (sleeping),client-compromised.bnsdq.ozxfs.vcwss-bomyo.kvugl,0.1944455658478855,1
1759279743,37174,1,N/A,N/A,N/A,N/A,N/A,N/A,N/A,N/A,1647706112,1580597248,22380544,N/A,135168,82202624,5,discern-interfa,S (sleeping),client-compromised.bnsdq.ozxfs.vcwss-bomyo.kvugl,0.002526215024018349,1
1759279744,341,1,103,103,103,103,109,109,109,109,107515904,107515904,101335040,N/A,135168,99786752,1,dbus-daemon,S (sleeping),client-compromised.bnsdq.ozxfs.vcwss-bomyo.kvugl,0.26481442504648856,0
1759279744,183,1,N/A,N/A,N/A,N/A,N/A,N/A,N/A,N/A,160686080,101916672,43958272,4096,135168,30134272,1,systemd-journal,S (sleeping),client-compromised.bnsdq.ozxfs.vcwss-bomyo.kvugl,0.21021595215055816,0
1759279744,153885,1,N/A,N/A,N/A,N/A,N/A,N/A,N/A,N/A,1953267712,1930887168,38625280,N/A,135168,170729472,14,discern-network,S (sleeping),client-compromised.bnsdq.ozxfs.vcwss-bomyo.kvugl,0.4814132061440006,0
1759279744,156854,1,N/A,N/A,N/A,N/A,N/A,N/A,N/A,N/A,1647706112,1580597248,21172224,N/A,135168,82202624,5,discern-interfa,S (sleeping),client-compromised.bnsdq.ozxfs.vcwss-bomyo.kvugl,0.001933328798865753,0
1759279744,156581,1,N/A,N/A,N/A,N/A,N/A,N/A,N/A,N/A,1264619520,1264619520,17129472,N/A,135168,45826048,5,discern-proc-so,S (sleeping),client-compromised.bnsdq.ozxfs.vcwss-bomyo.kvugl,2.5765011011327204,0
1759279749,341,1,103,103,103,103,109,109,109,109,107515904,107515904,101335040,N/A,135168,99786752,1,dbus-daemon,S (sleeping),client-compromised.bnsdq.ozxfs.vcwss-bomyo.kvugl,0.26487026838526856,0
1759279749,183,1,N/A,N/A,N/A,N/A,N/A,N/A,N/A,N/A,160686080,101916672,43958272,4096,135168,30134272,1,systemd-journal,S (sleeping),client-compromised.bnsdq.ozxfs.vcwss-bomyo.kvugl,0.21020693670613733,0
1759279749,153885,1,N/A,N/A,N/A,N/A,N/A,N/A,N/A,N/A,1953267712,1930887168,38625280,N/A,135168,170729472,14,discern-network,S (sleeping),client-compromised.bnsdq.ozxfs.vcwss-bomyo.kvugl,0.48100092633685154,0
1759279749,156854,1,N/A,N/A,N/A,N/A,N/A,N/A,N/A,N/A,1647706112,1580597248,21172224,N/A,135168,82202624,5,discern-interfa,S (sleeping),client-compromised.bnsdq.ozxfs.vcwss-bomyo.kvugl,0.0019236035779386415,0
1759279749,156581,1,N/A,N/A,N/A,N/A,N/A,N/A,N/A,N/A,1264619520,1264619520,17129472,N/A,135168,45826048,5,discern-proc-so,S (sleeping),client-compromised.bnsdq.ozxfs.vcwss-bomyo.kvugl,2.575101480408339,0
1759279749,38941,38940,N/A,N/A,N/A,N/A,N/A,N/A,N/A,N/A,1091186688,707461120,363245568,N/A,135168,258068480,3,python3,S (sleeping),client-compromised.bnsdq.ozxfs.vcwss-bomyo.kvugl,0.972409936349406,1
1759279749,340,1,103,103,103,103,109,109,109,109,121262080,121262080,108945408,N/A,135168,113532928,1,dbus-daemon,S (sleeping),client-compromised.bnsdq.ozxfs.vcwss-bomyo.kvugl,0.29654204813737434,1
1759279749,3292,1,N/A,N/A,N/A,N/A,N/A,N/A,N/A,N/A,1953800192,1922756608,40435712,N/A,135168,170991616,13,discern-network,S (sleeping),client-compromised.bnsdq.ozxfs.vcwss-bomyo.kvugl,0.5728906049515687,1
1759279749,179,1,N/A,N/A,N/A,N/A,N/A,N/A,N/A,N/A,127143936,127143936,44314624,4096,135168,38526976,1,systemd-journal,S (sleeping),client-compromised.bnsdq.ozxfs.vcwss-bomyo.kvugl,0.1947703721416249,1
1759279749,37174,1,N/A,N/A,N/A,N/A,N/A,N/A,N/A,N/A,1647706112,1580597248,22380544,N/A,135168,82202624,5,discern-interfa,S (sleeping),client-compromised.bnsdq.ozxfs.vcwss-bomyo.kvugl,0.002508462007903584,1
1759279754,38941,38940,N/A,N/A,N/A,N/A,N/A,N/A,N/A,N/A,1091186688,707461120,363245568,N/A,135168,258068480,3,python3,S (sleeping),client-compromised.bnsdq.ozxfs.vcwss-bomyo.kvugl,0.9648838225119865,1
1759279754,340,1,103,103,103,103,109,109,109,109,121397248,121397248,108945408,N/A,135168,113668096,1,dbus-daemon,S (sleeping),client-compromised.bnsdq.ozxfs.vcwss-bomyo.kvugl,0.2963517700085131,1
1759279754,3292,1,N/A,N/A,N/A,N/A,N/A,N/A,N/A,N/A,1953800192,1922756608,40435712,N/A,135168,170991616,13,discern-network,S (sleeping),client-compromised.bnsdq.ozxfs.vcwss-bomyo.kvugl,0.5725231973855633,1
1759279754,179,1,N/A,N/A,N/A,N/A,N/A,N/A,N/A,N/A,127143936,127143936,44314624,4096,135168,38526976,1,systemd-journal,S (sleeping),client-compromised.bnsdq.ozxfs.vcwss-bomyo.kvugl,0.19441158607400727,1
1759279754,48354,1,N/A,N/A,N/A,N/A,N/A,N/A,N/A,N/A,1264619520,1264619520,16953344,N/A,135168,45826048,4,discern-proc-so,S (sleeping),client-compromised.bnsdq.ozxfs.vcwss-bomyo.kvugl,2.768698593438035,1
1759279759,38941,38940,N/A,N/A,N/A,N/A,N/A,N/A,N/A,N/A,1091186688,707461120,363245568,N/A,135168,258068480,3,python3,S (sleeping),client-compromised.bnsdq.ozxfs.vcwss-bomyo.kvugl,0.9574651629936882,1
1759279759,340,1,103,103,103,103,109,109,109,109,121802752,121802752,109486080,N/A,135168,114073600,1,dbus-daemon,S (sleeping),client-compromised.bnsdq.ozxfs.vcwss-bomyo.kvugl,0.29722818377955085,1
1759279759,3292,1,N/A,N/A,N/A,N/A,N/A,N/A,N/A,N/A,1953800192,1922756608,40435712,N/A,135168,170991616,13,discern-network,S (sleeping),client-compromised.bnsdq.ozxfs.vcwss-bomyo.kvugl,0.5729167837496194,1
1759279759,179,1,N/A,N/A,N/A,N/A,N/A,N/A,N/A,N/A,127143936,127143936,44314624,4096,135168,38526976,1,systemd-journal,S (sleeping),client-compromised.bnsdq.ozxfs.vcwss-bomyo.kvugl,0.19476452233850958,1
1759279759,48354,1,N/A,N/A,N/A,N/A,N/A,N/A,N/A,N/A,1264619520,1264619520,17174528,N/A,135168,45826048,4,discern-proc-so,R (running),client-compromised.bnsdq.ozxfs.vcwss-bomyo.kvugl,2.772753094081843,1
1759279764,341,1,103,103,103,103,109,109,109,109,107515904,107515904,101335040,N/A,135168,99786752,1,dbus-daemon,S (sleeping),client-compromised.bnsdq.ozxfs.vcwss-bomyo.kvugl,0.2649742151838431,0
1759279764,183,1,N/A,N/A,N/A,N/A,N/A,N/A,N/A,N/A,160686080,101916672,43958272,4096,135168,30134272,1,systemd-journal,S (sleeping),client-compromised.bnsdq.ozxfs.vcwss-bomyo.kvugl,0.210292319726046,0
1759279764,153885,1,N/A,N/A,N/A,N/A,N/A,N/A,N/A,N/A,1953267712,1930887168,38625280,N/A,135168,170729472,14,discern-network,S (sleeping),client-compromised.bnsdq.ozxfs.vcwss-bomyo.kvugl,0.4810030318116221,0
1759279764,170563,1,N/A,N/A,N/A,N/A,N/A,N/A,N/A,N/A,1264619520,1264619520,16400384,N/A,135168,45826048,4,discern-proc-so,R (running),client-compromised.bnsdq.ozxfs.vcwss-bomyo.kvugl,7.129456548429129,0
1759279764,156854,1,N/A,N/A,N/A,N/A,N/A,N/A,N/A,N/A,1647706112,1580597248,21172224,N/A,135168,82202624,5,discern-interfa,S (sleeping),client-compromised.bnsdq.ozxfs.vcwss-bomyo.kvugl,0.0018970607915554814,0
1759279764,38941,38940,N/A,N/A,N/A,N/A,N/A,N/A,N/A,N/A,1091186688,707461120,363245568,N/A,135168,258068480,3,python3,S (sleeping),client-compromised.bnsdq.ozxfs.vcwss-bomyo.kvugl,0.9501678543159514,1
1759279764,340,1,103,103,103,103,109,109,109,109,121802752,121802752,109486080,N/A,135168,114073600,1,dbus-daemon,S (sleeping),client-compromised.bnsdq.ozxfs.vcwss-bomyo.kvugl,0.2966824518960897,1
1759279764,3292,1,N/A,N/A,N/A,N/A,N/A,N/A,N/A,N/A,1953800192,1922756608,40435712,N/A,135168,170991616,13,discern-network,S (sleeping),client-compromised.bnsdq.ozxfs.vcwss-bomyo.kvugl,0.5725507378468832,1
1759279764,179,1,N/A,N/A,N/A,N/A,N/A,N/A,N/A,N/A,127143936,127143936,44314624,4096,135168,38526976,1,systemd-journal,S (sleeping),client-compromised.bnsdq.ozxfs.vcwss-bomyo.kvugl,0.19440704631718114,1
1759279764,48354,1,N/A,N/A,N/A,N/A,N/A,N/A,N/A,N/A,1264619520,1264619520,17174528,N/A,135168,45826048,4,discern-proc-so,S (sleeping),client-compromised.bnsdq.ozxfs.vcwss-bomyo.kvugl,2.7706941949636774,1
1759279769,341,1,103,103,103,103,109,109,109,109,107515904,107515904,101335040,N/A,135168,99786752,1,dbus-daemon,S (sleeping),client-compromised.bnsdq.ozxfs.vcwss-bomyo.kvugl,0.2649384040332445,0
1759279769,183,1,N/A,N/A,N/A,N/A,N/A,N/A,N/A,N/A,160686080,101916672,43958272,4096,135168,30134272,1,systemd-journal,S (sleeping),client-compromised.bnsdq.ozxfs.vcwss-bomyo.kvugl,0.21019199857995277,0
1759279769,153885,1,N/A,N/A,N/A,N/A,N/A,N/A,N/A,N/A,1953267712,1930887168,38625280,N/A,135168,170729472,14,discern-network,S (sleeping),client-compromised.bnsdq.ozxfs.vcwss-bomyo.kvugl,0.48058538309929155,0
1759279769,170563,1,N/A,N/A,N/A,N/A,N/A,N/A,N/A,N/A,1264619520,1264619520,17063936,N/A,135168,45826048,4,discern-proc-so,R (running),client-compromised.bnsdq.ozxfs.vcwss-bomyo.kvugl,5.0552556051046125,0
1759279769,156854,1,N/A,N/A,N/A,N/A,N/A,N/A,N/A,N/A,1647706112,1580597248,21172224,N/A,135168,82202624,5,discern-interfa,S (sleeping),client-compromised.bnsdq.ozxfs.vcwss-bomyo.kvugl,0.0018876330535050015,0
1759279770,38941,38940,N/A,N/A,N/A,N/A,N/A,N/A,N/A,N/A,1091186688,707461120,363245568,N/A,135168,258068480,3,python3,S (sleeping),client-compromised.bnsdq.ozxfs.vcwss-bomyo.kvugl,0.9429821768577057,1
1759279770,340,1,103,103,103,103,109,109,109,109,122073088,122073088,109756416,N/A,135168,114343936,1,dbus-daemon,S (sleeping),client-compromised.bnsdq.ozxfs.vcwss-bomyo.kvugl,0.2968472926744888,1
1759279770,3292,1,N/A,N/A,N/A,N/A,N/A,N/A,N/A,N/A,1953800192,1922756608,40435712,N/A,135168,170991616,13,discern-network,S (sleeping),client-compromised.bnsdq.ozxfs.vcwss-bomyo.kvugl,0.5721863356325043,1
1759279770,179,1,N/A,N/A,N/A,N/A,N/A,N/A,N/A,N/A,127143936,127143936,44314624,4096,135168,38526976,1,systemd-journal,S (sleeping),client-compromised.bnsdq.ozxfs.vcwss-bomyo.kvugl,0.19440506038182112,1
1759279770,48354,1,N/A,N/A,N/A,N/A,N/A,N/A,N/A,N/A,1264619520,1264619520,17174528,N/A,135168,45826048,4,discern-proc-so,R (running),client-compromised.bnsdq.ozxfs.vcwss-bomyo.kvugl,2.77455552422912,1
1759279774,341,1,103,103,103,103,109,109,109,109,107515904,107515904,101335040,N/A,135168,99786752,1,dbus-daemon,S (sleeping),client-compromised.bnsdq.ozxfs.vcwss-bomyo.kvugl,0.2649049711539623,0
1759279774,183,1,N/A,N/A,N/A,N/A,N/A,N/A,N/A,N/A,160686080,101916672,43958272,4096,135168,30134272,1,systemd-journal,S (sleeping),client-compromised.bnsdq.ozxfs.vcwss-bomyo.kvugl,0.21009363149474444,0
1759279774,153885,1,N/A,N/A,N/A,N/A,N/A,N/A,N/A,N/A,1953267712,1930887168,38625280,N/A,135168,170729472,14,discern-network,S (sleeping),client-compromised.bnsdq.ozxfs.vcwss-bomyo.kvugl,0.48020778304465433,0
1759279774,170563,1,N/A,N/A,N/A,N/A,N/A,N/A,N/A,N/A,1264619520,1264619520,17063936,N/A,135168,45826048,4,discern-proc-so,S (sleeping),client-compromised.bnsdq.ozxfs.vcwss-bomyo.kvugl,4.104066265883243,0
1759279774,156854,1,N/A,N/A,N/A,N/A,N/A,N/A,N/A,N/A,1647706112,1580597248,21172224,N/A,135168,82202624,5,discern-interfa,S (sleeping),client-compromised.bnsdq.ozxfs.vcwss-bomyo.kvugl,0.0018784707848318422,0
1759279775,38941,38940,N/A,N/A,N/A,N/A,N/A,N/A,N/A,N/A,1091186688,707461120,363245568,N/A,135168,258068480,3,python3,S (sleeping),client-compromised.bnsdq.ozxfs.vcwss-bomyo.kvugl,0.9359406296122053,1
1759279775,340,1,103,103,103,103,109,109,109,109,122236928,122236928,110026752,N/A,135168,114507776,1,dbus-daemon,S (sleeping),client-compromised.bnsdq.ozxfs.vcwss-bomyo.kvugl,0.2970143296237045,1
1759279775,3292,1,N/A,N/A,N/A,N/A,N/A,N/A,N/A,N/A,1953800192,1922756608,40435712,N/A,135168,170991616,13,discern-network,S (sleeping),client-compromised.bnsdq.ozxfs.vcwss-bomyo.kvugl,0.5722073319331387,1
1759279775,179,1,N/A,N/A,N/A,N/A,N/A,N/A,N/A,N/A,127143936,127143936,44314624,4096,135168,38526976,1,systemd-journal,S (sleeping),client-compromised.bnsdq.ozxfs.vcwss-bomyo.kvugl,0.19475837887346012,1
1759279775,48354,1,N/A,N/A,N/A,N/A,N/A,N/A,N/A,N/A,1264619520,1264619520,17174528,N/A,135168,45826048,4,discern-proc-so,S (sleeping),client-compromised.bnsdq.ozxfs.vcwss-bomyo.kvugl,2.761769133318334,1
1759279779,341,1,103,103,103,103,109,109,109,109,107515904,107515904,101335040,N/A,135168,99786752,1,dbus-daemon,S (sleeping),client-compromised.bnsdq.ozxfs.vcwss-bomyo.kvugl,0.2649625639206458,0
1759279779,183,1,N/A,N/A,N/A,N/A,N/A,N/A,N/A,N/A,160686080,101916672,43958272,4096,135168,30134272,1,systemd-journal,S (sleeping),client-compromised.bnsdq.ozxfs.vcwss-bomyo.kvugl,0.21017676079246606,0
1759279779,153885,1,N/A,N/A,N/A,N/A,N/A,N/A,N/A,N/A,1953267712,1930887168,38625280,N/A,135168,170729472,14,discern-network,S (sleeping),client-compromised.bnsdq.ozxfs.vcwss-bomyo.kvugl,0.47984055738939946,0
1759279779,170563,1,N/A,N/A,N/A,N/A,N/A,N/A,N/A,N/A,1264619520,1264619520,17186816,N/A,135168,45826048,4,discern-proc-so,R (running),client-compromised.bnsdq.ozxfs.vcwss-bomyo.kvugl,3.621492194660478,0
1759279779,156854,1,N/A,N/A,N/A,N/A,N/A,N/A,N/A,N/A,1647706112,1580597248,21172224,N/A,135168,82202624,5,discern-interfa,S (sleeping),client-compromised.bnsdq.ozxfs.vcwss-bomyo.kvugl,0.0018694314651653832,0
1759279780,38941,38940,N/A,N/A,N/A,N/A,N/A,N/A,N/A,N/A,1091186688,707461120,363245568,N/A,135168,258068480,3,python3,S (sleeping),client-compromised.bnsdq.ozxfs.vcwss-bomyo.kvugl,0.9289828860979166,1
1759279780,340,1,103,103,103,103,109,109,109,109,122511360,122511360,110026752,N/A,135168,114782208,1,dbus-daemon,S (sleeping),client-compromised.bnsdq.ozxfs.vcwss-bomyo.kvugl,0.2968262009063794,1
1759279780,3292,1,N/A,N/A,N/A,N/A,N/A,N/A,N/A,N/A,1953800192,1922756608,40435712,N/A,135168,170991616,13,discern-network,S (sleeping),client-compromised.bnsdq.ozxfs.vcwss-bomyo.kvugl,0.571847455762015,1
1759279780,179,1,N/A,N/A,N/A,N/A,N/A,N/A,N/A,N/A,127143936,127143936,44314624,4096,135168,38526976,1,systemd-journal,S (sleeping),client-compromised.bnsdq.ozxfs.vcwss-bomyo.kvugl,0.19440371110651794,1
1759279780,48354,1,N/A,N/A,N/A,N/A,N/A,N/A,N/A,N/A,1264619520,1264619520,17182720,N/A,135168,45826048,4,discern-proc-so,R (running),client-compromised.bnsdq.ozxfs.vcwss-bomyo.kvugl,2.7549241606860804,1
1759279785,341,1,103,103,103,103,109,109,109,109,107515904,107515904,101335040,N/A,135168,99786752,1,dbus-daemon,S (sleeping),client-compromised.bnsdq.ozxfs.vcwss-bomyo.kvugl,0.26492914140758267,0
1759279785,183,1,N/A,N/A,N/A,N/A,N/A,N/A,N/A,N/A,160686080,101916672,43958272,4096,135168,30134272,1,systemd-journal,S (sleeping),client-compromised.bnsdq.ozxfs.vcwss-bomyo.kvugl,0.21007848500503995,0
1759279785,153885,1,N/A,N/A,N/A,N/A,N/A,N/A,N/A,N/A,1953267712,1930887168,38625280,N/A,135168,170729472,14,discern-network,S (sleeping),client-compromised.bnsdq.ozxfs.vcwss-bomyo.kvugl,0.4794688057275852,0
1759279785,170563,1,N/A,N/A,N/A,N/A,N/A,N/A,N/A,N/A,1264619520,1264619520,17199104,N/A,135168,45826048,4,discern-proc-so,S (sleeping),client-compromised.bnsdq.ozxfs.vcwss-bomyo.kvugl,3.4072094017521883,0
1759279785,156854,1,N/A,N/A,N/A,N/A,N/A,N/A,N/A,N/A,1647706112,1580597248,21172224,N/A,135168,82202624,5,discern-interfa,S (sleeping),client-compromised.bnsdq.ozxfs.vcwss-bomyo.kvugl,0.0018604438866915757,0
1759279785,38941,38940,N/A,N/A,N/A,N/A,N/A,N/A,N/A,N/A,1091186688,707461120,363245568,N/A,135168,258068480,3,python3,S (sleeping),client-compromised.bnsdq.ozxfs.vcwss-bomyo.kvugl,0.922143135294956,1
1759279785,340,1,103,103,103,103,109,109,109,109,122646528,122646528,110297088,N/A,135168,114917376,1,dbus-daemon,S (sleeping),client-compromised.bnsdq.ozxfs.vcwss-bomyo.kvugl,0.2966399695356851,1
1759279785,3292,1,N/A,N/A,N/A,N/A,N/A,N/A,N/A,N/A,1953800192,1922756608,40435712,N/A,135168,170991616,13,discern-network,S (sleeping),client-compromised.bnsdq.ozxfs.vcwss-bomyo.kvugl,0.5718682032175578,1
1759279785,179,1,N/A,N/A,N/A,N/A,N/A,N/A,N/A,N/A,127143936,127143936,44314624,4096,135168,38526976,1,systemd-journal,S (sleeping),client-compromised.bnsdq.ozxfs.vcwss-bomyo.kvugl,0.1944033068643665,1
1759279785,48354,1,N/A,N/A,N/A,N/A,N/A,N/A,N/A,N/A,1264619520,1264619520,17182720,N/A,135168,45826048,4,discern-proc-so,S (sleeping),client-compromised.bnsdq.ozxfs.vcwss-bomyo.kvugl,2.7486235529277367,1
1759279790,341,1,103,103,103,103,109,109,109,109,107515904,107515904,101335040,N/A,135168,99786752,1,dbus-daemon,S (sleeping),client-compromised.bnsdq.ozxfs.vcwss-bomyo.kvugl,0.26489622786473593,0
1759279790,183,1,N/A,N/A,N/A,N/A,N/A,N/A,N/A,N/A,160686080,101916672,43958272,4096,135168,30134272,1,systemd-journal,S (sleeping),client-compromised.bnsdq.ozxfs.vcwss-bomyo.kvugl,0.21007111105094273,0
1759279790,153885,1,N/A,N/A,N/A,N/A,N/A,N/A,N/A,N/A,1953267712,1930887168,38625280,N/A,135168,170729472,14,discern-network,S (sleeping),client-compromised.bnsdq.ozxfs.vcwss-bomyo.kvugl,0.47987891591502746,0
1759279790,170563,1,N/A,N/A,N/A,N/A,N/A,N/A,N/A,N/A,1264619520,1264619520,17199104,N/A,135168,45826048,4,discern-proc-so,S (sleeping),client-compromised.bnsdq.ozxfs.vcwss-bomyo.kvugl,3.2400112654146054,0
1759279790,156854,1,N/A,N/A,N/A,N/A,N/A,N/A,N/A,N/A,1647706112,1580597248,21172224,N/A,135168,82202624,5,discern-interfa,S (sleeping),client-compromised.bnsdq.ozxfs.vcwss-bomyo.kvugl,0.001851576689052093,0
1759279790,38941,38940,N/A,N/A,N/A,N/A,N/A,N/A,N/A,N/A,1091186688,707461120,363245568,N/A,135168,258068480,3,python3,S (sleeping),client-compromised.bnsdq.ozxfs.vcwss-bomyo.kvugl,0.9153700043933833,1
1759279790,340,1,103,103,103,103,109,109,109,109,122781696,122781696,110567424,N/A,135168,115052544,1,dbus-daemon,S (sleeping),client-compromised.bnsdq.ozxfs.vcwss-bomyo.kvugl,0.29645173716920237,1
1759279790,3292,1,N/A,N/A,N/A,N/A,N/A,N/A,N/A,N/A,1953800192,1922756608,40435712,N/A,135168,170991616,13,discern-network,S (sleeping),client-compromised.bnsdq.ozxfs.vcwss-bomyo.kvugl,0.5715073603584249,1
1759279790,179,1,N/A,N/A,N/A,N/A,N/A,N/A,N/A,N/A,127143936,127143936,44314624,4096,135168,38526976,1,systemd-journal,S (sleeping),client-compromised.bnsdq.ozxfs.vcwss-bomyo.kvugl,0.19404960351500852,1
1759279790,48354,1,N/A,N/A,N/A,N/A,N/A,N/A,N/A,N/A,1264619520,1264619520,17186816,N/A,135168,45826048,4,discern-proc-so,R (running),client-compromised.bnsdq.ozxfs.vcwss-bomyo.kvugl,2.7526210180315704,1
1759279795,341,1,103,103,103,103,109,109,109,109,107515904,107515904,101335040,N/A,135168,99786752,1,dbus-daemon,S (sleeping),client-compromised.bnsdq.ozxfs.vcwss-bomyo.kvugl,0.26504430344924035,0
1759279795,183,1,N/A,N/A,N/A,N/A,N/A,N/A,N/A,N/A,160686080,101916672,43958272,4096,135168,30134272,1,systemd-journal,S (sleeping),client-compromised.bnsdq.ozxfs.vcwss-bomyo.kvugl,0.21015426271175544,0
1759279795,153885,1,N/A,N/A,N/A,N/A,N/A,N/A,N/A,N/A,1953267712,1930887168,38625280,N/A,135168,170729472,14,discern-network,S (sleeping),client-compromised.bnsdq.ozxfs.vcwss-bomyo.kvugl,0.48028829560435504,0
1759279795,170563,1,N/A,N/A,N/A,N/A,N/A,N/A,N/A,N/A,1264619520,1264619520,17203200,N/A,135168,45826048,4,discern-proc-so,S (sleeping),client-compromised.bnsdq.ozxfs.vcwss-bomyo.kvugl,3.0957916259724327,0
1759279795,156854,1,N/A,N/A,N/A,N/A,N/A,N/A,N/A,N/A,1647706112,1580597248,21172224,N/A,135168,82202624,5,discern-interfa,S (sleeping),client-compromised.bnsdq.ozxfs.vcwss-bomyo.kvugl,0.0018428049795676336,0
1759279795,38941,38940,N/A,N/A,N/A,N/A,N/A,N/A,N/A,N/A,1091186688,707461120,363245568,N/A,135168,258068480,3,python3,S (sleeping),client-compromised.bnsdq.ozxfs.vcwss-bomyo.kvugl,0.9087278988437522,1
1759279795,340,1,103,103,103,103,109,109,109,109,122916864,122916864,110567424,N/A,135168,115187712,1,dbus-daemon,S (sleeping),client-compromised.bnsdq.ozxfs.vcwss-bomyo.kvugl,0.29696886055776706,1
1759279795,3292,1,N/A,N/A,N/A,N/A,N/A,N/A,N/A,N/A,1953800192,1922756608,40435712,N/A,135168,170991616,13,discern-network,S (sleeping),client-compromised.bnsdq.ozxfs.vcwss-bomyo.kvugl,0.571528576255538,1
1759279795,179,1,N/A,N/A,N/A,N/A,N/A,N/A,N/A,N/A,127143936,127143936,44314624,4096,135168,38526976,1,systemd-journal,S (sleeping),client-compromised.bnsdq.ozxfs.vcwss-bomyo.kvugl,0.19404981235564364,1
1759279795,48354,1,N/A,N/A,N/A,N/A,N/A,N/A,N/A,N/A,1264619520,1264619520,17186816,N/A,135168,45826048,4,discern-proc-so,R (running),client-compromised.bnsdq.ozxfs.vcwss-bomyo.kvugl,2.7467021680501573,1
1759279800,341,1,103,103,103,103,109,109,109,109,107515904,107515904,101335040,N/A,135168,99786752,1,dbus-daemon,S (sleeping),client-compromised.bnsdq.ozxfs.vcwss-bomyo.kvugl,0.2650113843974333,0
1759279800,183,1,N/A,N/A,N/A,N/A,N/A,N/A,N/A,N/A,160686080,101916672,43958272,4096,135168,30134272,1,systemd-journal,S (sleeping),client-compromised.bnsdq.ozxfs.vcwss-bomyo.kvugl,0.21005652770442687,0
1759279800,153885,1,N/A,N/A,N/A,N/A,N/A,N/A,N/A,N/A,1953267712,1930887168,38625280,N/A,135168,170729472,14,discern-network,S (sleeping),client-compromised.bnsdq.ozxfs.vcwss-bomyo.kvugl,0.479161346550738,0
1759279800,170563,1,N/A,N/A,N/A,N/A,N/A,N/A,N/A,N/A,1264619520,1264619520,17203200,N/A,135168,45826048,4,discern-proc-so,S (sleeping),client-compromised.bnsdq.ozxfs.vcwss-bomyo.kvugl,2.9907027163228483,0
1759279800,156854,1,N/A,N/A,N/A,N/A,N/A,N/A,N/A,N/A,1647706112,1580597248,21172224,N/A,135168,82202624,5,discern-interfa,S (sleeping),client-compromised.bnsdq.ozxfs.vcwss-bomyo.kvugl,0.001834106042688431,0
1759279800,38941,38940,N/A,N/A,N/A,N/A,N/A,N/A,N/A,N/A,1091186688,707461120,363245568,N/A,135168,258068480,3,python3,S (sleeping),client-compromised.bnsdq.ozxfs.vcwss-bomyo.kvugl,0.9021509990983667,1
1759279800,340,1,103,103,103,103,109,109,109,109,123052032,123052032,110837760,N/A,135168,115322880,1,dbus-daemon,S (sleeping),client-compromised.bnsdq.ozxfs.vcwss-bomyo.kvugl,0.29678081724338773,1
1759279800,3292,1,N/A,N/A,N/A,N/A,N/A,N/A,N/A,N/A,1953800192,1922756608,40435712,N/A,135168,170991616,13,discern-network,S (sleeping),client-compromised.bnsdq.ozxfs.vcwss-bomyo.kvugl,0.5715445386756213,1
1759279800,179,1,N/A,N/A,N/A,N/A,N/A,N/A,N/A,N/A,127143936,127143936,44314624,4096,135168,38526976,1,systemd-journal,S (sleeping),client-compromised.bnsdq.ozxfs.vcwss-bomyo.kvugl,0.19404836998769726,1
1759279800,48354,1,N/A,N/A,N/A,N/A,N/A,N/A,N/A,N/A,1264619520,1264619520,17186816,N/A,135168,45826048,4,discern-proc-so,R (running),client-compromised.bnsdq.ozxfs.vcwss-bomyo.kvugl,2.745658146451908,1
1759279805,341,1,103,103,103,103,109,109,109,109,107515904,107515904,101335040,N/A,135168,99786752,1,dbus-daemon,S (sleeping),client-compromised.bnsdq.ozxfs.vcwss-bomyo.kvugl,0.2650689360392095,0
1759279805,183,1,N/A,N/A,N/A,N/A,N/A,N/A,N/A,N/A,160686080,101916672,43958272,4096,135168,30134272,1,systemd-journal,S (sleeping),client-compromised.bnsdq.ozxfs.vcwss-bomyo.kvugl,0.21004928867722075,0
1759279805,153885,1,N/A,N/A,N/A,N/A,N/A,N/A,N/A,N/A,1953267712,1930887168,38625280,N/A,135168,170729472,14,discern-network,S (sleeping),client-compromised.bnsdq.ozxfs.vcwss-bomyo.kvugl,0.479570044566835,0
1759279805,170563,1,N/A,N/A,N/A,N/A,N/A,N/A,N/A,N/A,1264619520,1264619520,17207296,N/A,135168,45826048,4,discern-proc-so,S (sleeping),client-compromised.bnsdq.ozxfs.vcwss-bomyo.kvugl,2.9113717876472336,0
1759279805,156854,1,N/A,N/A,N/A,N/A,N/A,N/A,N/A,N/A,1647706112,1580597248,21172224,N/A,135168,82202624,5,discern-interfa,S (sleeping),client-compromised.bnsdq.ozxfs.vcwss-bomyo.kvugl,0.0018254975831582883,0
1759279806,38941,38940,N/A,N/A,N/A,N/A,N/A,N/A,N/A,N/A,1091186688,707461120,363245568,N/A,135168,258068480,3,python3,S (sleeping),client-compromised.bnsdq.ozxfs.vcwss-bomyo.kvugl,0.8956670131899762,1
1759279806,340,1,103,103,103,103,109,109,109,109,123457536,123457536,111108096,N/A,135168,115728384,1,dbus-daemon,S (sleeping),client-compromised.bnsdq.ozxfs.vcwss-bomyo.kvugl,0.29694308138914044,1
1759279806,3292,1,N/A,N/A,N/A,N/A,N/A,N/A,N/A,N/A,1953800192,1922756608,40435712,N/A,135168,170991616,13,discern-network,S (sleeping),client-compromised.bnsdq.ozxfs.vcwss-bomyo.kvugl,0.5711863631357121,1
1759279806,179,1,N/A,N/A,N/A,N/A,N/A,N/A,N/A,N/A,127143936,127143936,44314624,4096,135168,38526976,1,systemd-journal,S (sleeping),client-compromised.bnsdq.ozxfs.vcwss-bomyo.kvugl,0.1943964870950032,1
1759279806,48354,1,N/A,N/A,N/A,N/A,N/A,N/A,N/A,N/A,1264619520,1264619520,17186816,N/A,135168,45826048,4,discern-proc-so,R (running),client-compromised.bnsdq.ozxfs.vcwss-bomyo.kvugl,2.749432281269879,1
1759279810,341,1,103,103,103,103,109,109,109,109,107515904,107515904,101335040,N/A,135168,99786752,1,dbus-daemon,S (sleeping),client-compromised.bnsdq.ozxfs.vcwss-bomyo.kvugl,0.2651258992412473,0
1759279810,183,1,N/A,N/A,N/A,N/A,N/A,N/A,N/A,N/A,160686080,101916672,43958272,4096,135168,30134272,1,systemd-journal,S (sleeping),client-compromised.bnsdq.ozxfs.vcwss-bomyo.kvugl,0.21004163250098395,0
1759279810,153885,1,N/A,N/A,N/A,N/A,N/A,N/A,N/A,N/A,1953267712,1930887168,38625280,N/A,135168,170729472,14,discern-network,S (sleeping),client-compromised.bnsdq.ozxfs.vcwss-bomyo.kvugl,0.4807268360316943,0
1759279810,170563,1,N/A,N/A,N/A,N/A,N/A,N/A,N/A,N/A,1264619520,1264619520,17207296,N/A,135168,45826048,4,discern-proc-so,R (running),client-compromised.bnsdq.ozxfs.vcwss-bomyo.kvugl,2.88967619195365,0
1759279810,156854,1,N/A,N/A,N/A,N/A,N/A,N/A,N/A,N/A,1647706112,1580597248,21172224,N/A,135168,82202624,5,discern-interfa,S (sleeping),client-compromised.bnsdq.ozxfs.vcwss-bomyo.kvugl,0.0018169325786603044,0
1759279811,38941,38940,N/A,N/A,N/A,N/A,N/A,N/A,N/A,N/A,1091186688,707461120,363245568,N/A,135168,258068480,3,python3,S (sleeping),client-compromised.bnsdq.ozxfs.vcwss-bomyo.kvugl,0.8892792351858462,1
1759279811,340,1,103,103,103,103,109,109,109,109,123457536,123457536,111378432,N/A,135168,115728384,1,dbus-daemon,S (sleeping),client-compromised.bnsdq.ozxfs.vcwss-bomyo.kvugl,0.2967559413549728,1
1759279811,3292,1,N/A,N/A,N/A,N/A,N/A,N/A,N/A,N/A,1953800192,1922756608,40435712,N/A,135168,170991616,13,discern-network,S (sleeping),client-compromised.bnsdq.ozxfs.vcwss-bomyo.kvugl,0.5712032897737935,1
1759279811,179,1,N/A,N/A,N/A,N/A,N/A,N/A,N/A,N/A,127143936,127143936,44314624,4096,135168,38526976,1,systemd-journal,S (sleeping),client-compromised.bnsdq.ozxfs.vcwss-bomyo.kvugl,0.1940455390004718,1
1759279811,48354,1,N/A,N/A,N/A,N/A,N/A,N/A,N/A,N/A,1264619520,1264619520,17190912,N/A,135168,45826048,4,discern-proc-so,S (sleeping),client-compromised.bnsdq.ozxfs.vcwss-bomyo.kvugl,2.7530613875427656,1
1759279815,341,1,103,103,103,103,109,109,109,109,107515904,107515904,101335040,N/A,135168,99786752,1,dbus-daemon,S (sleeping),client-compromised.bnsdq.ozxfs.vcwss-bomyo.kvugl,0.26509324165322395,0
1759279815,183,1,N/A,N/A,N/A,N/A,N/A,N/A,N/A,N/A,160686080,101916672,43958272,4096,135168,30134272,1,systemd-journal,S (sleeping),client-compromised.bnsdq.ozxfs.vcwss-bomyo.kvugl,0.2100345070281798,0
1759279815,153885,1,N/A,N/A,N/A,N/A,N/A,N/A,N/A,N/A,1953267712,1930887168,38625280,N/A,135168,170729472,14,discern-network,S (sleeping),client-compromised.bnsdq.ozxfs.vcwss-bomyo.kvugl,0.4803716443511816,0
1759279815,170563,1,N/A,N/A,N/A,N/A,N/A,N/A,N/A,N/A,1264619520,1264619520,17207296,N/A,135168,45826048,4,discern-proc-so,S (sleeping),client-compromised.bnsdq.ozxfs.vcwss-bomyo.kvugl,2.854804120959426,0
1759279815,156854,1,N/A,N/A,N/A,N/A,N/A,N/A,N/A,N/A,1647706112,1580597248,21172224,N/A,135168,82202624,5,discern-interfa,S (sleeping),client-compromised.bnsdq.ozxfs.vcwss-bomyo.kvugl,0.0018084925670774968,0
1759279816,38941,38940,N/A,N/A,N/A,N/A,N/A,N/A,N/A,N/A,1091186688,707461120,363245568,N/A,135168,258068480,3,python3,S (sleeping),client-compromised.bnsdq.ozxfs.vcwss-bomyo.kvugl,0.8829744033174219,1
1759279816,340,1,103,103,103,103,109,109,109,109,123727872,123727872,111378432,N/A,135168,115998720,1,dbus-daemon,S (sleeping),client-compromised.bnsdq.ozxfs.vcwss-bomyo.kvugl,0.296917328165204,1
1759279816,3292,1,N/A,N/A,N/A,N/A,N/A,N/A,N/A,N/A,1953800192,1922756608,40435712,N/A,135168,170991616,13,discern-network,S (sleeping),client-compromised.bnsdq.ozxfs.vcwss-bomyo.kvugl,0.5708464567476854,1
1759279816,179,1,N/A,N/A,N/A,N/A,N/A,N/A,N/A,N/A,127143936,127143936,44314624,4096,135168,38526976,1,systemd-journal,S (sleeping),client-compromised.bnsdq.ozxfs.vcwss-bomyo.kvugl,0.19404380954951356,1
1759279816,48354,1,N/A,N/A,N/A,N/A,N/A,N/A,N/A,N/A,1264619520,1264619520,17190912,N/A,135168,45826048,4,discern-proc-so,S (sleeping),client-compromised.bnsdq.ozxfs.vcwss-bomyo.kvugl,2.7609974754445115,1
1759279821,341,1,103,103,103,103,109,109,109,109,107515904,107515904,101335040,N/A,135168,99786752,1,dbus-daemon,S (sleeping),client-compromised.bnsdq.ozxfs.vcwss-bomyo.kvugl,0.26505994642743963,0
1759279821,183,1,N/A,N/A,N/A,N/A,N/A,N/A,N/A,N/A,160686080,101916672,43958272,4096,135168,30134272,1,systemd-journal,S (sleeping),client-compromised.bnsdq.ozxfs.vcwss-bomyo.kvugl,0.21002685949171643,0
1759279821,153885,1,N/A,N/A,N/A,N/A,N/A,N/A,N/A,N/A,1953267712,1930887168,38625280,N/A,135168,170729472,14,discern-network,S (sleeping),client-compromised.bnsdq.ozxfs.vcwss-bomyo.kvugl,0.48000917383972036,0
1759279821,170563,1,N/A,N/A,N/A,N/A,N/A,N/A,N/A,N/A,1264619520,1264619520,17207296,N/A,135168,45826048,4,discern-proc-so,R (running),client-compromised.bnsdq.ozxfs.vcwss-bomyo.kvugl,2.841982451017347,0
1759279821,156854,1,N/A,N/A,N/A,N/A,N/A,N/A,N/A,N/A,1647706112,1580597248,21172224,N/A,135168,82202624,5,discern-interfa,S (sleeping),client-compromised.bnsdq.ozxfs.vcwss-bomyo.kvugl,0.0018000857866152494,0
1759279821,38941,38940,N/A,N/A,N/A,N/A,N/A,N/A,N/A,N/A,1091186688,707461120,363245568,N/A,135168,258068480,3,python3,S (sleeping),client-compromised.bnsdq.ozxfs.vcwss-bomyo.kvugl,0.8767924933569096,1
1759279821,340,1,103,103,103,103,109,109,109,109,123863040,123863040,111648768,N/A,135168,116133888,1,dbus-daemon,S (sleeping),client-compromised.bnsdq.ozxfs.vcwss-bomyo.kvugl,0.29673322525706636,1
1759279821,3292,1,N/A,N/A,N/A,N/A,N/A,N/A,N/A,N/A,1953800192,1922756608,40435712,N/A,135168,170991616,13,discern-network,S (sleeping),client-compromised.bnsdq.ozxfs.vcwss-bomyo.kvugl,0.5708687333076375,1
1759279821,179,1,N/A,N/A,N/A,N/A,N/A,N/A,N/A,N/A,127143936,127143936,44314624,4096,135168,38526976,1,systemd-journal,S (sleeping),client-compromised.bnsdq.ozxfs.vcwss-bomyo.kvugl,0.19439176891290272,1
1759279821,48354,1,N/A,N/A,N/A,N/A,N/A,N/A,N/A,N/A,1264619520,1264619520,17190912,N/A,135168,45826048,4,discern-proc-so,S (sleeping),client-compromised.bnsdq.ozxfs.vcwss-bomyo.kvugl,2.755565861941689,1
1759279826,341,1,103,103,103,103,109,109,109,109,107515904,107515904,101335040,N/A,135168,99786752,1,dbus-daemon,S (sleeping),client-compromised.bnsdq.ozxfs.vcwss-bomyo.kvugl,0.2650271175482784,0
1759279826,183,1,N/A,N/A,N/A,N/A,N/A,N/A,N/A,N/A,160686080,101916672,43958272,4096,135168,30134272,1,systemd-journal,S (sleeping),client-compromised.bnsdq.ozxfs.vcwss-bomyo.kvugl,0.20992942640440396,0
1759279826,153885,1,N/A,N/A,N/A,N/A,N/A,N/A,N/A,N/A,1953267712,1930887168,38625280,N/A,135168,170729472,14,discern-network,S (sleeping),client-compromised.bnsdq.ozxfs.vcwss-bomyo.kvugl,0.47965602739781726,0
1759279826,170563,1,N/A,N/A,N/A,N/A,N/A,N/A,N/A,N/A,1264619520,1264619520,17207296,N/A,135168,45826048,4,discern-proc-so,R (running),client-compromised.bnsdq.ozxfs.vcwss-bomyo.kvugl,2.816242753403826,0
1759279826,156854,1,N/A,N/A,N/A,N/A,N/A,N/A,N/A,N/A,1647706112,1580597248,21172224,N/A,135168,82202624,5,discern-interfa,S (sleeping),client-compromised.bnsdq.ozxfs.vcwss-bomyo.kvugl,0.001791785449984367,0
1759279826,38941,38940,N/A,N/A,N/A,N/A,N/A,N/A,N/A,N/A,1091186688,707461120,363245568,N/A,135168,258068480,3,python3,S (sleeping),client-compromised.bnsdq.ozxfs.vcwss-bomyo.kvugl,0.8706708013996162,1
1759279826,340,1,103,103,103,103,109,109,109,109,124133376,124133376,111919104,N/A,135168,116404224,1,dbus-daemon,S (sleeping),client-compromised.bnsdq.ozxfs.vcwss-bomyo.kvugl,0.29654752383967986,1
1759279826,3292,1,N/A,N/A,N/A,N/A,N/A,N/A,N/A,N/A,1953800192,1922756608,40435712,N/A,135168,170991616,13,discern-network,S (sleeping),client-compromised.bnsdq.ozxfs.vcwss-bomyo.kvugl,0.5708862702210482,1
1759279826,179,1,N/A,N/A,N/A,N/A,N/A,N/A,N/A,N/A,127143936,127143936,44314624,4096,135168,38526976,1,systemd-journal,S (sleeping),client-compromised.bnsdq.ozxfs.vcwss-bomyo.kvugl,0.19404274849572414,1
1759279826,48354,1,N/A,N/A,N/A,N/A,N/A,N/A,N/A,N/A,1264619520,1264619520,17190912,N/A,135168,45826048,4,discern-proc-so,S (sleeping),client-compromised.bnsdq.ozxfs.vcwss-bomyo.kvugl,2.758817279499354,1
1759279831,341,1,103,103,103,103,109,109,109,109,107515904,107515904,101335040,N/A,135168,99786752,1,dbus-daemon,S (sleeping),client-compromised.bnsdq.ozxfs.vcwss-bomyo.kvugl,0.26499374594050423,0
1759279831,183,1,N/A,N/A,N/A,N/A,N/A,N/A,N/A,N/A,160686080,101916672,43958272,4096,135168,30134272,1,systemd-journal,S (sleeping),client-compromised.bnsdq.ozxfs.vcwss-bomyo.kvugl,0.20992172526924566,0
1759279831,153885,1,N/A,N/A,N/A,N/A,N/A,N/A,N/A,N/A,1953267712,1930887168,38625280,N/A,135168,170729472,14,discern-network,S (sleeping),client-compromised.bnsdq.ozxfs.vcwss-bomyo.kvugl,0.4792970094974819,0
1759279831,170563,1,N/A,N/A,N/A,N/A,N/A,N/A,N/A,N/A,1264619520,1264619520,17207296,N/A,135168,45826048,4,discern-proc-so,R (running),client-compromised.bnsdq.ozxfs.vcwss-bomyo.kvugl,2.822651292005682,0
1759279831,156854,1,N/A,N/A,N/A,N/A,N/A,N/A,N/A,N/A,1647706112,1580597248,21172224,N/A,135168,82202624,5,discern-interfa,S (sleeping),client-compromised.bnsdq.ozxfs.vcwss-bomyo.kvugl,0.0017835238553056136,0
1759279831,38941,38940,N/A,N/A,N/A,N/A,N/A,N/A,N/A,N/A,1091186688,707461120,363245568,N/A,135168,258068480,3,python3,S (sleeping),client-compromised.bnsdq.ozxfs.vcwss-bomyo.kvugl,0.8646589406335417,1
1759279831,340,1,103,103,103,103,109,109,109,109,124268544,124268544,112189440,N/A,135168,116539392,1,dbus-daemon,S (sleeping),client-compromised.bnsdq.ozxfs.vcwss-bomyo.kvugl,0.296711325978024,1
1759279831,3292,1,N/A,N/A,N/A,N/A,N/A,N/A,N/A,N/A,1953800192,1922756608,40435712,N/A,135168,170991616,13,discern-network,S (sleeping),client-compromised.bnsdq.ozxfs.vcwss-bomyo.kvugl,0.5705380797032104,1
1759279831,179,1,N/A,N/A,N/A,N/A,N/A,N/A,N/A,N/A,127143936,127143936,44314624,4096,135168,38526976,1,systemd-journal,S (sleeping),client-compromised.bnsdq.ozxfs.vcwss-bomyo.kvugl,0.19404293831046834,1
1759279831,48354,1,N/A,N/A,N/A,N/A,N/A,N/A,N/A,N/A,1264619520,1264619520,17190912,N/A,135168,45826048,4,discern-proc-so,R (running),client-compromised.bnsdq.ozxfs.vcwss-bomyo.kvugl,2.7536684818315758,1
1759279836,341,1,103,103,103,103,109,109,109,109,107515904,107515904,101335040,N/A,135168,99786752,1,dbus-daemon,S (sleeping),client-compromised.bnsdq.ozxfs.vcwss-bomyo.kvugl,0.2650512296060671,0
1759279836,183,1,N/A,N/A,N/A,N/A,N/A,N/A,N/A,N/A,160686080,101916672,43958272,4096,135168,30134272,1,systemd-journal,S (sleeping),client-compromised.bnsdq.ozxfs.vcwss-bomyo.kvugl,0.2099146353978605,0
1759279836,153885,1,N/A,N/A,N/A,N/A,N/A,N/A,N/A,N/A,1953267712,1930887168,38625280,N/A,135168,170729472,14,discern-network,S (sleeping),client-compromised.bnsdq.ozxfs.vcwss-bomyo.kvugl,0.47969702017043647,0
1759279836,170563,1,N/A,N/A,N/A,N/A,N/A,N/A,N/A,N/A,1264619520,1264619520,17207296,N/A,135168,45826048,4,discern-proc-so,R (running),client-compromised.bnsdq.ozxfs.vcwss-bomyo.kvugl,2.7749750317601887,0
1759279836,156854,1,N/A,N/A,N/A,N/A,N/A,N/A,N/A,N/A,1647706112,1580597248,21172224,N/A,135168,82202624,5,discern-interfa,S (sleeping),client-compromised.bnsdq.ozxfs.vcwss-bomyo.kvugl,0.0017753880423573255,0
1759279837,38941,38940,N/A,N/A,N/A,N/A,N/A,N/A,N/A,N/A,1091186688,707461120,363245568,N/A,135168,258068480,3,python3,S (sleeping),client-compromised.bnsdq.ozxfs.vcwss-bomyo.kvugl,0.860033451223123,1
1759279837,340,1,103,103,103,103,109,109,109,109,124403712,124403712,112189440,N/A,135168,116674560,1,dbus-daemon,S (sleeping),client-compromised.bnsdq.ozxfs.vcwss-bomyo.kvugl,0.2965260703093553,1
1759279837,3292,1,N/A,N/A,N/A,N/A,N/A,N/A,N/A,N/A,1953800192,1922756608,40435712,N/A,135168,170991616,13,discern-network,S (sleeping),client-compromised.bnsdq.ozxfs.vcwss-bomyo.kvugl,0.5705556344884416,1
1759279837,179,1,N/A,N/A,N/A,N/A,N/A,N/A,N/A,N/A,127143936,127143936,44314624,4096,135168,38526976,1,systemd-journal,S (sleeping),client-compromised.bnsdq.ozxfs.vcwss-bomyo.kvugl,0.19404149951632435,1
1759279837,48354,1,N/A,N/A,N/A,N/A,N/A,N/A,N/A,N/A,1264619520,1264619520,17190912,N/A,135168,45826048,4,discern-proc-so,S (sleeping),client-compromised.bnsdq.ozxfs.vcwss-bomyo.kvugl,2.760955835686355,1
1759279841,341,1,103,103,103,103,109,109,109,109,107515904,107515904,101335040,N/A,135168,99786752,1,dbus-daemon,S (sleeping),client-compromised.bnsdq.ozxfs.vcwss-bomyo.kvugl,0.2651985565395093,0
1759279841,183,1,N/A,N/A,N/A,N/A,N/A,N/A,N/A,N/A,160686080,101916672,43958272,4096,135168,30134272,1,systemd-journal,S (sleeping),client-compromised.bnsdq.ozxfs.vcwss-bomyo.kvugl,0.20990745461348606,0
1759279841,153885,1,N/A,N/A,N/A,N/A,N/A,N/A,N/A,N/A,1953267712,1930887168,38625280,N/A,135168,170729472,14,discern-network,S (sleeping),client-compromised.bnsdq.ozxfs.vcwss-bomyo.kvugl,0.47935012268036775,0
1759279841,170563,1,N/A,N/A,N/A,N/A,N/A,N/A,N/A,N/A,1264619520,1264619520,17207296,N/A,135168,45826048,4,discern-proc-so,R (running),client-compromised.bnsdq.ozxfs.vcwss-bomyo.kvugl,2.758777157465221,0
1759279841,156854,1,N/A,N/A,N/A,N/A,N/A,N/A,N/A,N/A,1647706112,1580597248,21172224,N/A,135168,82202624,5,discern-interfa,S (sleeping),client-compromised.bnsdq.ozxfs.vcwss-bomyo.kvugl,0.00176731818988097,0
1759279842,340,1,103,103,103,103,109,109,109,109,124538880,124538880,112459776,N/A,135168,116809728,1,dbus-daemon,S (sleeping),client-compromised.bnsdq.ozxfs.vcwss-bomyo.kvugl,0.2966869859379762,1
1759279842,3292,1,N/A,N/A,N/A,N/A,N/A,N/A,N/A,N/A,1953800192,1922756608,40435712,N/A,135168,170991616,13,discern-network,S (sleeping),client-compromised.bnsdq.ozxfs.vcwss-bomyo.kvugl,0.5698357897485488,1
1759279842,179,1,N/A,N/A,N/A,N/A,N/A,N/A,N/A,N/A,127143936,127143936,44314624,4096,135168,38526976,1,systemd-journal,S (sleeping),client-compromised.bnsdq.ozxfs.vcwss-bomyo.kvugl,0.1940401694482203,1
1759279842,48354,1,N/A,N/A,N/A,N/A,N/A,N/A,N/A,N/A,1264619520,1264619520,17190912,N/A,135168,45826048,4,discern-proc-so,S (sleeping),client-compromised.bnsdq.ozxfs.vcwss-bomyo.kvugl,2.759800137386663,1
1759279842,37174,1,N/A,N/A,N/A,N/A,N/A,N/A,N/A,N/A,1647706112,1580597248,22380544,N/A,135168,82202624,5,discern-interfa,S (sleeping),client-compromised.bnsdq.ozxfs.vcwss-bomyo.kvugl,0.002246414324145016,1
1759279846,341,1,103,103,103,103,109,109,109,109,107515904,107515904,101335040,N/A,135168,99786752,1,dbus-daemon,S (sleeping),client-compromised.bnsdq.ozxfs.vcwss-bomyo.kvugl,0.26516635110894277,0
1759279846,183,1,N/A,N/A,N/A,N/A,N/A,N/A,N/A,N/A,160686080,101916672,43958272,4096,135168,30134272,1,systemd-journal,S (sleeping),client-compromised.bnsdq.ozxfs.vcwss-bomyo.kvugl,0.2099007233825836,0
1759279846,153885,1,N/A,N/A,N/A,N/A,N/A,N/A,N/A,N/A,1953267712,1930887168,38625280,N/A,135168,174923776,14,discern-network,S (sleeping),client-compromised.bnsdq.ozxfs.vcwss-bomyo.kvugl,0.4797533787586126,0
1759279846,170563,1,N/A,N/A,N/A,N/A,N/A,N/A,N/A,N/A,1264619520,1264619520,17207296,N/A,135168,45826048,4,discern-proc-so,S (sleeping),client-compromised.bnsdq.ozxfs.vcwss-bomyo.kvugl,2.709526063120474,0
1759279846,156854,1,N/A,N/A,N/A,N/A,N/A,N/A,N/A,N/A,1647706112,1580597248,21172224,N/A,135168,82202624,5,discern-interfa,S (sleeping),client-compromised.bnsdq.ozxfs.vcwss-bomyo.kvugl,0.0017593574555424412,0
1759279847,340,1,103,103,103,103,109,109,109,109,124809216,124809216,112459776,N/A,135168,117080064,1,dbus-daemon,S (sleeping),client-compromised.bnsdq.ozxfs.vcwss-bomyo.kvugl,0.29684882491340403,1
1759279847,3292,1,N/A,N/A,N/A,N/A,N/A,N/A,N/A,N/A,1953800192,1922756608,40435712,N/A,135168,170991616,13,discern-network,S (sleeping),client-compromised.bnsdq.ozxfs.vcwss-bomyo.kvugl,0.5698579688326837,1
1759279847,179,1,N/A,N/A,N/A,N/A,N/A,N/A,N/A,N/A,127143936,127143936,44314624,4096,135168,38526976,1,systemd-journal,S (sleeping),client-compromised.bnsdq.ozxfs.vcwss-bomyo.kvugl,0.1936951569354595,1
1759279847,48354,1,N/A,N/A,N/A,N/A,N/A,N/A,N/A,N/A,1264619520,1264619520,17190912,N/A,135168,45826048,4,discern-proc-so,S (sleeping),client-compromised.bnsdq.ozxfs.vcwss-bomyo.kvugl,2.758851355632388,1
1759279847,37174,1,N/A,N/A,N/A,N/A,N/A,N/A,N/A,N/A,1647706112,1580597248,22380544,N/A,135168,82202624,5,discern-interfa,S (sleeping),client-compromised.bnsdq.ozxfs.vcwss-bomyo.kvugl,0.0022334723424603333,1
1759279851,341,1,103,103,103,103,109,109,109,109,107515904,107515904,101335040,N/A,135168,99786752,1,dbus-daemon,S (sleeping),client-compromised.bnsdq.ozxfs.vcwss-bomyo.kvugl,0.26513362568720916,0
1759279851,183,1,N/A,N/A,N/A,N/A,N/A,N/A,N/A,N/A,160686080,101916672,43958272,4096,135168,30134272,1,systemd-journal,S (sleeping),client-compromised.bnsdq.ozxfs.vcwss-bomyo.kvugl,0.20989356396027753,0
1759279851,153885,1,N/A,N/A,N/A,N/A,N/A,N/A,N/A,N/A,1953267712,1930887168,38625280,N/A,135168,174923776,14,discern-network,S (sleeping),client-compromised.bnsdq.ozxfs.vcwss-bomyo.kvugl,0.4786725927382741,0
1759279851,170563,1,N/A,N/A,N/A,N/A,N/A,N/A,N/A,N/A,1264619520,1264619520,17207296,N/A,135168,45826048,4,discern-proc-so,S (sleeping),client-compromised.bnsdq.ozxfs.vcwss-bomyo.kvugl,2.6877483684601953,0
1759279851,156854,1,N/A,N/A,N/A,N/A,N/A,N/A,N/A,N/A,1647706112,1580597248,21172224,N/A,135168,82202624,5,discern-interfa,S (sleeping),client-compromised.bnsdq.ozxfs.vcwss-bomyo.kvugl,0.0017514329247600143,0
1759279852,340,1,103,103,103,103,109,109,109,109,125227008,125227008,113004544,N/A,135168,117497856,1,dbus-daemon,S (sleeping),client-compromised.bnsdq.ozxfs.vcwss-bomyo.kvugl,0.2973541441683429,1
1759279852,3292,1,N/A,N/A,N/A,N/A,N/A,N/A,N/A,N/A,1953800192,1922756608,40435712,N/A,135168,170991616,13,discern-network,S (sleeping),client-compromised.bnsdq.ozxfs.vcwss-bomyo.kvugl,0.5698798478007566,1
1759279852,179,1,N/A,N/A,N/A,N/A,N/A,N/A,N/A,N/A,127143936,127143936,44314624,4096,135168,38526976,1,systemd-journal,S (sleeping),client-compromised.bnsdq.ozxfs.vcwss-bomyo.kvugl,0.1943834247651444,1
1759279852,48354,1,N/A,N/A,N/A,N/A,N/A,N/A,N/A,N/A,1264619520,1264619520,17190912,N/A,135168,45826048,4,discern-proc-so,S (sleeping),client-compromised.bnsdq.ozxfs.vcwss-bomyo.kvugl,2.757929658990379,1
1759279852,37174,1,N/A,N/A,N/A,N/A,N/A,N/A,N/A,N/A,1647706112,1580597248,22380544,N/A,135168,82202624,5,discern-interfa,S (sleeping),client-compromised.bnsdq.ozxfs.vcwss-bomyo.kvugl,0.0022206760560312404,1
1759279857,341,1,103,103,103,103,109,109,109,109,107515904,107515904,101335040,N/A,135168,99786752,1,dbus-daemon,S (sleeping),client-compromised.bnsdq.ozxfs.vcwss-bomyo.kvugl,0.2651906558583017,0
1759279857,183,1,N/A,N/A,N/A,N/A,N/A,N/A,N/A,N/A,160686080,101916672,43958272,4096,135168,30134272,1,systemd-journal,S (sleeping),client-compromised.bnsdq.ozxfs.vcwss-bomyo.kvugl,0.2098862763839067,0
1759279857,153885,1,N/A,N/A,N/A,N/A,N/A,N/A,N/A,N/A,1953267712,1930887168,38625280,N/A,135168,174923776,14,discern-network,S (sleeping),client-compromised.bnsdq.ozxfs.vcwss-bomyo.kvugl,0.47979843025208885,0
1759279857,170563,1,N/A,N/A,N/A,N/A,N/A,N/A,N/A,N/A,1264619520,1264619520,17207296,N/A,135168,45826048,4,discern-proc-so,S (sleeping),client-compromised.bnsdq.ozxfs.vcwss-bomyo.kvugl,2.678784929153956,0
1759279857,156854,1,N/A,N/A,N/A,N/A,N/A,N/A,N/A,N/A,1647706112,1580597248,21172224,N/A,135168,82202624,5,discern-interfa,S (sleeping),client-compromised.bnsdq.ozxfs.vcwss-bomyo.kvugl,0.001743568804179446,0
1759279857,340,1,103,103,103,103,109,109,109,109,125227008,125227008,113004544,N/A,135168,117497856,1,dbus-daemon,S (sleeping),client-compromised.bnsdq.ozxfs.vcwss-bomyo.kvugl,0.297173171301175,1
1759279857,3292,1,N/A,N/A,N/A,N/A,N/A,N/A,N/A,N/A,1953800192,1922756608,40435712,N/A,135168,170991616,13,discern-network,S (sleeping),client-compromised.bnsdq.ozxfs.vcwss-bomyo.kvugl,0.5699069665782013,1
1759279857,179,1,N/A,N/A,N/A,N/A,N/A,N/A,N/A,N/A,127143936,127143936,44314624,4096,135168,38526976,1,systemd-journal,S (sleeping),client-compromised.bnsdq.ozxfs.vcwss-bomyo.kvugl,0.19438408968211693,1
1759279857,48354,1,N/A,N/A,N/A,N/A,N/A,N/A,N/A,N/A,1264619520,1264619520,17190912,N/A,135168,45826048,4,discern-proc-so,R (running),client-compromised.bnsdq.ozxfs.vcwss-bomyo.kvugl,2.7458089543712614,1
1759279857,37174,1,N/A,N/A,N/A,N/A,N/A,N/A,N/A,N/A,1647706112,1580597248,22380544,N/A,135168,82202624,5,discern-interfa,S (sleeping),client-compromised.bnsdq.ozxfs.vcwss-bomyo.kvugl,0.002208087636671046,1
1759279862,341,1,103,103,103,103,109,109,109,109,107515904,107515904,101335040,N/A,135168,99786752,1,dbus-daemon,S (sleeping),client-compromised.bnsdq.ozxfs.vcwss-bomyo.kvugl,0.26524770624451033,0
1759279862,183,1,N/A,N/A,N/A,N/A,N/A,N/A,N/A,N/A,160686080,101916672,43958272,4096,135168,30134272,1,systemd-journal,S (sleeping),client-compromised.bnsdq.ozxfs.vcwss-bomyo.kvugl,0.20987905342734106,0
1759279862,153885,1,N/A,N/A,N/A,N/A,N/A,N/A,N/A,N/A,1953267712,1930887168,38625280,N/A,135168,174923776,14,discern-network,S (sleeping),client-compromised.bnsdq.ozxfs.vcwss-bomyo.kvugl,0.47945508408861803,0
1759279862,170563,1,N/A,N/A,N/A,N/A,N/A,N/A,N/A,N/A,1264619520,1264619520,17207296,N/A,135168,45826048,4,discern-proc-so,R (running),client-compromised.bnsdq.ozxfs.vcwss-bomyo.kvugl,2.6708305952802833,0
1759279862,156854,1,N/A,N/A,N/A,N/A,N/A,N/A,N/A,N/A,1647706112,1580597248,21172224,N/A,135168,82202624,5,discern-interfa,S (sleeping),client-compromised.bnsdq.ozxfs.vcwss-bomyo.kvugl,0.0017357793599223387,0
1759279862,340,1,103,103,103,103,109,109,109,109,125497344,125497344,113274880,N/A,135168,117768192,1,dbus-daemon,S (sleeping),client-compromised.bnsdq.ozxfs.vcwss-bomyo.kvugl,0.29733344706389536,1
1759279862,3292,1,N/A,N/A,N/A,N/A,N/A,N/A,N/A,N/A,1953800192,1922756608,40435712,N/A,135168,170991616,13,discern-network,S (sleeping),client-compromised.bnsdq.ozxfs.vcwss-bomyo.kvugl,0.5695631458629157,1
1759279862,179,1,N/A,N/A,N/A,N/A,N/A,N/A,N/A,N/A,127143936,127143936,44314624,4096,135168,38526976,1,systemd-journal,S (sleeping),client-compromised.bnsdq.ozxfs.vcwss-bomyo.kvugl,0.1943832203228736,1
1759279862,48354,1,N/A,N/A,N/A,N/A,N/A,N/A,N/A,N/A,1264619520,1264619520,17190912,N/A,135168,45826048,4,discern-proc-so,R (running),client-compromised.bnsdq.ozxfs.vcwss-bomyo.kvugl,2.7414408811274766,1
1759279862,37174,1,N/A,N/A,N/A,N/A,N/A,N/A,N/A,N/A,1647706112,1580597248,22380544,N/A,135168,82202624,5,discern-interfa,S (sleeping),client-compromised.bnsdq.ozxfs.vcwss-bomyo.kvugl,0.0021955857152741597,1
1759279867,341,1,103,103,103,103,109,109,109,109,107515904,107515904,101335040,N/A,135168,99786752,1,dbus-daemon,S (sleeping),client-compromised.bnsdq.ozxfs.vcwss-bomyo.kvugl,0.2652145439388272,0
1759279867,183,1,N/A,N/A,N/A,N/A,N/A,N/A,N/A,N/A,160686080,101916672,43958272,4096,135168,30134272,1,systemd-journal,S (sleeping),client-compromised.bnsdq.ozxfs.vcwss-bomyo.kvugl,0.2098715620604743,0
1759279867,153885,1,N/A,N/A,N/A,N/A,N/A,N/A,N/A,N/A,1953267712,1930887168,38625280,N/A,135168,174923776,14,discern-network,S (sleeping),client-compromised.bnsdq.ozxfs.vcwss-bomyo.kvugl,0.4791092261399168,0
1759279867,170563,1,N/A,N/A,N/A,N/A,N/A,N/A,N/A,N/A,1264619520,1264619520,17207296,N/A,135168,45826048,4,discern-proc-so,R (running),client-compromised.bnsdq.ozxfs.vcwss-bomyo.kvugl,2.6728715656780238,0
1759279867,156854,1,N/A,N/A,N/A,N/A,N/A,N/A,N/A,N/A,1647706112,1580597248,21172224,N/A,135168,82202624,5,discern-interfa,S (sleeping),client-compromised.bnsdq.ozxfs.vcwss-bomyo.kvugl,0.001728037615106066,0
1759279868,340,1,103,103,103,103,109,109,109,109,125648896,125648896,115638272,N/A,135168,117919744,1,dbus-daemon,S (sleeping),client-compromised.bnsdq.ozxfs.vcwss-bomyo.kvugl,0.297151766637672,1
1759279868,3292,1,N/A,N/A,N/A,N/A,N/A,N/A,N/A,N/A,1953800192,1922756608,40435712,N/A,135168,170991616,13,discern-network,S (sleeping),client-compromised.bnsdq.ozxfs.vcwss-bomyo.kvugl,0.5695879436984111,1
1759279868,179,1,N/A,N/A,N/A,N/A,N/A,N/A,N/A,N/A,127143936,127143936,44314624,4096,135168,38526976,1,systemd-journal,S (sleeping),client-compromised.bnsdq.ozxfs.vcwss-bomyo.kvugl,0.19438298426195813,1
1759279868,48354,1,N/A,N/A,N/A,N/A,N/A,N/A,N/A,N/A,1264619520,1264619520,17190912,N/A,135168,45826048,4,discern-proc-so,R (running),client-compromised.bnsdq.ozxfs.vcwss-bomyo.kvugl,2.737334912995426,1
1759279868,37174,1,N/A,N/A,N/A,N/A,N/A,N/A,N/A,N/A,1647706112,1580597248,22380544,N/A,135168,82202624,5,discern-interfa,S (sleeping),client-compromised.bnsdq.ozxfs.vcwss-bomyo.kvugl,0.0021832471926477104,1
1759279872,341,1,103,103,103,103,109,109,109,109,107515904,107515904,101335040,N/A,135168,99786752,1,dbus-daemon,S (sleeping),client-compromised.bnsdq.ozxfs.vcwss-bomyo.kvugl,0.26518180443018047,0
1759279872,183,1,N/A,N/A,N/A,N/A,N/A,N/A,N/A,N/A,160686080,101916672,43958272,4096,135168,30134272,1,systemd-journal,S (sleeping),client-compromised.bnsdq.ozxfs.vcwss-bomyo.kvugl,0.20986438714356764,0
1759279872,153885,1,N/A,N/A,N/A,N/A,N/A,N/A,N/A,N/A,1953267712,1930887168,38625280,N/A,135168,174923776,14,discern-network,S (sleeping),client-compromised.bnsdq.ozxfs.vcwss-bomyo.kvugl,0.47804624296584153,0
1759279872,170563,1,N/A,N/A,N/A,N/A,N/A,N/A,N/A,N/A,1264619520,1264619520,17207296,N/A,135168,45826048,4,discern-proc-so,S (sleeping),client-compromised.bnsdq.ozxfs.vcwss-bomyo.kvugl,2.6659886591749644,0
1759279872,156854,1,N/A,N/A,N/A,N/A,N/A,N/A,N/A,N/A,1647706112,1580597248,21172224,N/A,135168,82202624,5,discern-interfa,S (sleeping),client-compromised.bnsdq.ozxfs.vcwss-bomyo.kvugl,0.0017203887312899518,0
1759279873,340,1,103,103,103,103,109,109,109,109,125919232,125919232,115908608,N/A,135168,118190080,1,dbus-daemon,S (sleeping),client-compromised.bnsdq.ozxfs.vcwss-bomyo.kvugl,0.2969698199403688,1
1759279873,3292,1,N/A,N/A,N/A,N/A,N/A,N/A,N/A,N/A,1953800192,1922756608,40435712,N/A,135168,170991616,13,discern-network,S (sleeping),client-compromised.bnsdq.ozxfs.vcwss-bomyo.kvugl,0.5692461138641686,1
1759279873,179,1,N/A,N/A,N/A,N/A,N/A,N/A,N/A,N/A,127143936,127143936,44314624,4096,135168,38526976,1,systemd-journal,S (sleeping),client-compromised.bnsdq.ozxfs.vcwss-bomyo.kvugl,0.19404053199671534,1
1759279873,48354,1,N/A,N/A,N/A,N/A,N/A,N/A,N/A,N/A,1264619520,1264619520,17190912,N/A,135168,45826048,4,discern-proc-so,R (running),client-compromised.bnsdq.ozxfs.vcwss-bomyo.kvugl,2.736913320858995,1
1759279873,37174,1,N/A,N/A,N/A,N/A,N/A,N/A,N/A,N/A,1647706112,1580597248,22380544,N/A,135168,82202624,5,discern-interfa,S (sleeping),client-compromised.bnsdq.ozxfs.vcwss-bomyo.kvugl,0.0021710253918331927,1
1759279877,341,1,103,103,103,103,109,109,109,109,107515904,107515904,101335040,N/A,135168,99786752,1,dbus-daemon,S (sleeping),client-compromised.bnsdq.ozxfs.vcwss-bomyo.kvugl,0.26514868526214375,0
1759279877,183,1,N/A,N/A,N/A,N/A,N/A,N/A,N/A,N/A,160686080,101916672,43958272,4096,135168,30134272,1,systemd-journal,S (sleeping),client-compromised.bnsdq.ozxfs.vcwss-bomyo.kvugl,0.20985689548266356,0
1759279877,153885,1,N/A,N/A,N/A,N/A,N/A,N/A,N/A,N/A,1953267712,1930887168,38625280,N/A,135168,174923776,14,discern-network,S (sleeping),client-compromised.bnsdq.ozxfs.vcwss-bomyo.kvugl,0.4791533704109647,0
1759279877,170563,1,N/A,N/A,N/A,N/A,N/A,N/A,N/A,N/A,1264619520,1264619520,17207296,N/A,135168,45826048,4,discern-proc-so,R (running),client-compromised.bnsdq.ozxfs.vcwss-bomyo.kvugl,2.676765421231935,0
1759279877,156854,1,N/A,N/A,N/A,N/A,N/A,N/A,N/A,N/A,1647706112,1580597248,21172224,N/A,135168,82202624,5,discern-interfa,S (sleeping),client-compromised.bnsdq.ozxfs.vcwss-bomyo.kvugl,0.0017127822520467625,0
1759279878,340,1,103,103,103,103,109,109,109,109,126054400,126054400,115908608,N/A,135168,118325248,1,dbus-daemon,S (sleeping),client-compromised.bnsdq.ozxfs.vcwss-bomyo.kvugl,0.29678951102103296,1
1759279878,3292,1,N/A,N/A,N/A,N/A,N/A,N/A,N/A,N/A,1953800192,1922756608,40435712,N/A,135168,170991616,13,discern-network,S (sleeping),client-compromised.bnsdq.ozxfs.vcwss-bomyo.kvugl,0.5696355743223643,1
1759279878,179,1,N/A,N/A,N/A,N/A,N/A,N/A,N/A,N/A,127143936,127143936,44314624,4096,135168,38526976,1,systemd-journal,S (sleeping),client-compromised.bnsdq.ozxfs.vcwss-bomyo.kvugl,0.19404095506348495,1
1759279878,48354,1,N/A,N/A,N/A,N/A,N/A,N/A,N/A,N/A,1264619520,1264619520,17190912,N/A,135168,45826048,4,discern-proc-so,R (running),client-compromised.bnsdq.ozxfs.vcwss-bomyo.kvugl,2.729494945621476,1
1759279878,37174,1,N/A,N/A,N/A,N/A,N/A,N/A,N/A,N/A,1647706112,1580597248,22380544,N/A,135168,82202624,5,discern-interfa,S (sleeping),client-compromised.bnsdq.ozxfs.vcwss-bomyo.kvugl,0.002158962630994026,1
1759279882,341,1,103,103,103,103,109,109,109,109,107515904,107515904,101335040,N/A,135168,99786752,1,dbus-daemon,S (sleeping),client-compromised.bnsdq.ozxfs.vcwss-bomyo.kvugl,0.26520568395141564,0
1759279882,183,1,N/A,N/A,N/A,N/A,N/A,N/A,N/A,N/A,160686080,101916672,43958272,4096,135168,30134272,1,systemd-journal,S (sleeping),client-compromised.bnsdq.ozxfs.vcwss-bomyo.kvugl,0.2097600472956786,0
1759279882,153885,1,N/A,N/A,N/A,N/A,N/A,N/A,N/A,N/A,1953267712,1930887168,38625280,N/A,135168,174923776,14,discern-network,S (sleeping),client-compromised.bnsdq.ozxfs.vcwss-bomyo.kvugl,0.47953804160146574,0
1759279882,170563,1,N/A,N/A,N/A,N/A,N/A,N/A,N/A,N/A,1264619520,1264619520,17207296,N/A,135168,45826048,4,discern-proc-so,S (sleeping),client-compromised.bnsdq.ozxfs.vcwss-bomyo.kvugl,2.6619551552893133,0
1759279882,156854,1,N/A,N/A,N/A,N/A,N/A,N/A,N/A,N/A,1647706112,1580597248,21172224,N/A,135168,82202624,5,discern-interfa,S (sleeping),client-compromised.bnsdq.ozxfs.vcwss-bomyo.kvugl,0.0017052669912093537,0
1759279883,340,1,103,103,103,103,109,109,109,109,126189568,126189568,116178944,N/A,135168,118460416,1,dbus-daemon,S (sleeping),client-compromised.bnsdq.ozxfs.vcwss-bomyo.kvugl,0.296949169644136,1
1759279883,3292,1,N/A,N/A,N/A,N/A,N/A,N/A,N/A,N/A,1953800192,1922756608,40435712,N/A,135168,170991616,13,discern-network,S (sleeping),client-compromised.bnsdq.ozxfs.vcwss-bomyo.kvugl,0.5692945117349465,1
1759279883,179,1,N/A,N/A,N/A,N/A,N/A,N/A,N/A,N/A,127143936,127143936,44314624,4096,135168,38526976,1,systemd-journal,S (sleeping),client-compromised.bnsdq.ozxfs.vcwss-bomyo.kvugl,0.19404059109550645,1
1759279883,48354,1,N/A,N/A,N/A,N/A,N/A,N/A,N/A,N/A,1264619520,1264619520,17190912,N/A,135168,45826048,4,discern-proc-so,R (running),client-compromised.bnsdq.ozxfs.vcwss-bomyo.kvugl,2.7292100492084717,1
1759279883,37174,1,N/A,N/A,N/A,N/A,N/A,N/A,N/A,N/A,1647706112,1580597248,22380544,N/A,135168,82202624,5,discern-interfa,S (sleeping),client-compromised.bnsdq.ozxfs.vcwss-bomyo.kvugl,0.0021470057194841363,1
1759279887,341,1,103,103,103,103,109,109,109,109,107515904,107515904,101335040,N/A,135168,99786752,1,dbus-daemon,S (sleeping),client-compromised.bnsdq.ozxfs.vcwss-bomyo.kvugl,0.26526389225850566,0
1759279887,183,1,N/A,N/A,N/A,N/A,N/A,N/A,N/A,N/A,160686080,101916672,43958272,4096,135168,30134272,1,systemd-journal,S (sleeping),client-compromised.bnsdq.ozxfs.vcwss-bomyo.kvugl,0.20984356286726968,0
1759279887,153885,1,N/A,N/A,N/A,N/A,N/A,N/A,N/A,N/A,1953267712,1930887168,38625280,N/A,135168,174923776,14,discern-network,S (sleeping),client-compromised.bnsdq.ozxfs.vcwss-bomyo.kvugl,0.4785033529444159,0
1759279887,170563,1,N/A,N/A,N/A,N/A,N/A,N/A,N/A,N/A,1264619520,1264619520,17207296,N/A,135168,45826048,4,discern-proc-so,S (sleeping),client-compromised.bnsdq.ozxfs.vcwss-bomyo.kvugl,2.6094671319785103,0
1759279887,156854,1,N/A,N/A,N/A,N/A,N/A,N/A,N/A,N/A,1647706112,1580597248,21172224,N/A,135168,82202624,5,discern-interfa,S (sleeping),client-compromised.bnsdq.ozxfs.vcwss-bomyo.kvugl,0.0016978940309479405,0
1759279888,340,1,103,103,103,103,109,109,109,109,126324736,126324736,116178944,N/A,135168,118595584,1,dbus-daemon,S (sleeping),client-compromised.bnsdq.ozxfs.vcwss-bomyo.kvugl,0.2967702438223229,1
1759279888,3292,1,N/A,N/A,N/A,N/A,N/A,N/A,N/A,N/A,1953800192,1922756608,40435712,N/A,135168,170991616,13,discern-network,S (sleeping),client-compromised.bnsdq.ozxfs.vcwss-bomyo.kvugl,0.5693212678280328,1
1759279888,179,1,N/A,N/A,N/A,N/A,N/A,N/A,N/A,N/A,127143936,127143936,44314624,4096,135168,38526976,1,systemd-journal,S (sleeping),client-compromised.bnsdq.ozxfs.vcwss-bomyo.kvugl,0.1940414800586783,1
1759279888,48354,1,N/A,N/A,N/A,N/A,N/A,N/A,N/A,N/A,1264619520,1264619520,17190912,N/A,135168,45826048,4,discern-proc-so,R (running),client-compromised.bnsdq.ozxfs.vcwss-bomyo.kvugl,2.7222557631162414,1
1759279888,37174,1,N/A,N/A,N/A,N/A,N/A,N/A,N/A,N/A,1647706112,1580597248,22380544,N/A,135168,82202624,5,discern-interfa,S (sleeping),client-compromised.bnsdq.ozxfs.vcwss-bomyo.kvugl,0.0021352237898675935,1
1759279893,341,1,103,103,103,103,109,109,109,109,107515904,107515904,101335040,N/A,135168,99786752,1,dbus-daemon,S (sleeping),client-compromised.bnsdq.ozxfs.vcwss-bomyo.kvugl,0.26523116983572415,0
1759279893,183,1,N/A,N/A,N/A,N/A,N/A,N/A,N/A,N/A,160686080,101916672,43958272,4096,135168,30134272,1,systemd-journal,S (sleeping),client-compromised.bnsdq.ozxfs.vcwss-bomyo.kvugl,0.20974680101979928,0
1759279893,153885,1,N/A,N/A,N/A,N/A,N/A,N/A,N/A,N/A,1953267712,1930887168,38625280,N/A,135168,174923776,14,discern-network,S (sleeping),client-compromised.bnsdq.ozxfs.vcwss-bomyo.kvugl,0.4781726775572181,0
1759279893,170563,1,N/A,N/A,N/A,N/A,N/A,N/A,N/A,N/A,1264619520,1264619520,17207296,N/A,135168,45826048,4,discern-proc-so,S (sleeping),client-compromised.bnsdq.ozxfs.vcwss-bomyo.kvugl,2.606163064231611,0
1759279893,156854,1,N/A,N/A,N/A,N/A,N/A,N/A,N/A,N/A,1647706112,1580597248,21172224,N/A,135168,82202624,5,discern-interfa,S (sleeping),client-compromised.bnsdq.ozxfs.vcwss-bomyo.kvugl,0.0016905079019506387,0
1759279893,340,1,103,103,103,103,109,109,109,109,126459904,126459904,116449280,N/A,135168,118730752,1,dbus-daemon,S (sleeping),client-compromised.bnsdq.ozxfs.vcwss-bomyo.kvugl,0.29692955868950294,1
1759279893,3292,1,N/A,N/A,N/A,N/A,N/A,N/A,N/A,N/A,1953800192,1922756608,40435712,N/A,135168,170991616,13,discern-network,S (sleeping),client-compromised.bnsdq.ozxfs.vcwss-bomyo.kvugl,0.5689824309396597,1
1759279893,179,1,N/A,N/A,N/A,N/A,N/A,N/A,N/A,N/A,127143936,127143936,44314624,4096,135168,38526976,1,systemd-journal,S (sleeping),client-compromised.bnsdq.ozxfs.vcwss-bomyo.kvugl,0.19370200130956783,1
1759279893,48354,1,N/A,N/A,N/A,N/A,N/A,N/A,N/A,N/A,1264619520,1264619520,17190912,N/A,135168,45826048,4,discern-proc-so,S (sleeping),client-compromised.bnsdq.ozxfs.vcwss-bomyo.kvugl,2.725491938005931,1
1759279893,37174,1,N/A,N/A,N/A,N/A,N/A,N/A,N/A,N/A,1647706112,1580597248,22380544,N/A,135168,82202624,5,discern-interfa,S (sleeping),client-compromised.bnsdq.ozxfs.vcwss-bomyo.kvugl,0.002123531698487311,1
1759279898,341,1,103,103,103,103,109,109,109,109,107515904,107515904,101335040,N/A,135168,99786752,1,dbus-daemon,S (sleeping),client-compromised.bnsdq.ozxfs.vcwss-bomyo.kvugl,0.2652879573104142,0
1759279898,183,1,N/A,N/A,N/A,N/A,N/A,N/A,N/A,N/A,160686080,101916672,43958272,4096,135168,30134272,1,systemd-journal,S (sleeping),client-compromised.bnsdq.ozxfs.vcwss-bomyo.kvugl,0.20973961824533505,0
1759279898,153885,1,N/A,N/A,N/A,N/A,N/A,N/A,N/A,N/A,1953267712,1930887168,38625280,N/A,135168,174923776,14,discern-network,S (sleeping),client-compromised.bnsdq.ozxfs.vcwss-bomyo.kvugl,0.47784324248686105,0
1759279898,170563,1,N/A,N/A,N/A,N/A,N/A,N/A,N/A,N/A,1264619520,1264619520,17207296,N/A,135168,45826048,4,discern-proc-so,S (sleeping),client-compromised.bnsdq.ozxfs.vcwss-bomyo.kvugl,2.59564910198905,0
1759279898,156854,1,N/A,N/A,N/A,N/A,N/A,N/A,N/A,N/A,1647706112,1580597248,21172224,N/A,135168,82202624,5,discern-interfa,S (sleeping),client-compromised.bnsdq.ozxfs.vcwss-bomyo.kvugl,0.0016831809232920165,0
1759279898,340,1,103,103,103,103,109,109,109,109,126865408,126865408,116719616,N/A,135168,119136256,1,dbus-daemon,S (sleeping),client-compromised.bnsdq.ozxfs.vcwss-bomyo.kvugl,0.29742775545660993,1
1759279898,3292,1,N/A,N/A,N/A,N/A,N/A,N/A,N/A,N/A,1953800192,1922756608,40435712,N/A,135168,170991616,13,discern-network,S (sleeping),client-compromised.bnsdq.ozxfs.vcwss-bomyo.kvugl,0.5686462347282105,1
1759279898,179,1,N/A,N/A,N/A,N/A,N/A,N/A,N/A,N/A,127143936,127143936,44314624,4096,135168,38526976,1,systemd-journal,S (sleeping),client-compromised.bnsdq.ozxfs.vcwss-bomyo.kvugl,0.1940414293867963,1
1759279898,48354,1,N/A,N/A,N/A,N/A,N/A,N/A,N/A,N/A,1264619520,1264619520,17190912,N/A,135168,45826048,4,discern-proc-so,R (running),client-compromised.bnsdq.ozxfs.vcwss-bomyo.kvugl,2.7187435694771804,1
1759279898,37174,1,N/A,N/A,N/A,N/A,N/A,N/A,N/A,N/A,1647706112,1580597248,22380544,N/A,135168,82202624,5,discern-interfa,S (sleeping),client-compromised.bnsdq.ozxfs.vcwss-bomyo.kvugl,0.002111981881652518,1
1759279903,341,1,103,103,103,103,109,109,109,109,107515904,107515904,101335040,N/A,135168,99786752,1,dbus-daemon,S (sleeping),client-compromised.bnsdq.ozxfs.vcwss-bomyo.kvugl,0.2652549017052131,0
1759279903,183,1,N/A,N/A,N/A,N/A,N/A,N/A,N/A,N/A,160686080,101916672,43958272,4096,135168,30134272,1,systemd-journal,S (sleeping),client-compromised.bnsdq.ozxfs.vcwss-bomyo.kvugl,0.20982174415152355,0
1759279903,153885,1,N/A,N/A,N/A,N/A,N/A,N/A,N/A,N/A,1953267712,1930887168,38625280,N/A,135168,174923776,14,discern-network,S (sleeping),client-compromised.bnsdq.ozxfs.vcwss-bomyo.kvugl,0.4789314340736679,0
1759279903,170563,1,N/A,N/A,N/A,N/A,N/A,N/A,N/A,N/A,1264619520,1264619520,17207296,N/A,135168,45826048,4,discern-proc-so,R (running),client-compromised.bnsdq.ozxfs.vcwss-bomyo.kvugl,2.5999439221129896,0
1759279903,156854,1,N/A,N/A,N/A,N/A,N/A,N/A,N/A,N/A,1647706112,1580597248,21172224,N/A,135168,82202624,5,discern-interfa,S (sleeping),client-compromised.bnsdq.ozxfs.vcwss-bomyo.kvugl,0.0016759012504083616,0
1759279904,340,1,103,103,103,103,109,109,109,109,126865408,126865408,116989952,N/A,135168,119136256,1,dbus-daemon,S (sleeping),client-compromised.bnsdq.ozxfs.vcwss-bomyo.kvugl,0.29724743994434666,1
1759279904,3292,1,N/A,N/A,N/A,N/A,N/A,N/A,N/A,N/A,1953800192,1922756608,40435712,N/A,135168,170991616,13,discern-network,S (sleeping),client-compromised.bnsdq.ozxfs.vcwss-bomyo.kvugl,0.5686710132287328,1
1759279904,179,1,N/A,N/A,N/A,N/A,N/A,N/A,N/A,N/A,127143936,127143936,44314624,4096,135168,38526976,1,systemd-journal,S (sleeping),client-compromised.bnsdq.ozxfs.vcwss-bomyo.kvugl,0.19370329158751984,1
1759279904,48354,1,N/A,N/A,N/A,N/A,N/A,N/A,N/A,N/A,1264619520,1264619520,17190912,N/A,135168,45826048,4,discern-proc-so,R (running),client-compromised.bnsdq.ozxfs.vcwss-bomyo.kvugl,2.718695563578673,1
1759279904,37174,1,N/A,N/A,N/A,N/A,N/A,N/A,N/A,N/A,1647706112,1580597248,22380544,N/A,135168,82202624,5,discern-interfa,S (sleeping),client-compromised.bnsdq.ozxfs.vcwss-bomyo.kvugl,0.0021005475497410287,1
1759279908,341,1,103,103,103,103,109,109,109,109,107515904,107515904,101335040,N/A,135168,99786752,1,dbus-daemon,S (sleeping),client-compromised.bnsdq.ozxfs.vcwss-bomyo.kvugl,0.2653116940452009,0
1759279908,183,1,N/A,N/A,N/A,N/A,N/A,N/A,N/A,N/A,160686080,101916672,43958272,4096,135168,30134272,1,systemd-journal,S (sleeping),client-compromised.bnsdq.ozxfs.vcwss-bomyo.kvugl,0.20972511397914845,0
1759279908,153885,1,N/A,N/A,N/A,N/A,N/A,N/A,N/A,N/A,1953267712,1930887168,38625280,N/A,135168,174923776,14,discern-network,S (sleeping),client-compromised.bnsdq.ozxfs.vcwss-bomyo.kvugl,0.47789564957259234,0
1759279908,170563,1,N/A,N/A,N/A,N/A,N/A,N/A,N/A,N/A,1264619520,1264619520,17207296,N/A,135168,45826048,4,discern-proc-so,S (sleeping),client-compromised.bnsdq.ozxfs.vcwss-bomyo.kvugl,2.583573877284374,0
1759279908,156854,1,N/A,N/A,N/A,N/A,N/A,N/A,N/A,N/A,1647706112,1580597248,21172224,N/A,135168,82202624,5,discern-interfa,S (sleeping),client-compromised.bnsdq.ozxfs.vcwss-bomyo.kvugl,0.0016687039547310378,0
1759279909,340,1,103,103,103,103,109,109,109,109,127135744,127135744,117260288,N/A,135168,119406592,1,dbus-daemon,S (sleeping),client-compromised.bnsdq.ozxfs.vcwss-bomyo.kvugl,0.2970676738074448,1
1759279909,3292,1,N/A,N/A,N/A,N/A,N/A,N/A,N/A,N/A,1953800192,1922756608,40435712,N/A,135168,170991616,13,discern-network,S (sleeping),client-compromised.bnsdq.ozxfs.vcwss-bomyo.kvugl,0.5683355918907727,1
1759279909,179,1,N/A,N/A,N/A,N/A,N/A,N/A,N/A,N/A,127143936,127143936,44314624,4096,135168,38526976,1,systemd-journal,S (sleeping),client-compromised.bnsdq.ozxfs.vcwss-bomyo.kvugl,0.19404120230566646,1
1759279909,48354,1,N/A,N/A,N/A,N/A,N/A,N/A,N/A,N/A,1264619520,1264619520,17190912,N/A,135168,45826048,4,discern-proc-so,S (sleeping),client-compromised.bnsdq.ozxfs.vcwss-bomyo.kvugl,2.7154398189646,1
1759279909,37174,1,N/A,N/A,N/A,N/A,N/A,N/A,N/A,N/A,1647706112,1580597248,22380544,N/A,135168,82202624,5,discern-interfa,S (sleeping),client-compromised.bnsdq.ozxfs.vcwss-bomyo.kvugl,0.0020892346301357102,1
1759279913,341,1,103,103,103,103,109,109,109,109,107515904,107515904,101335040,N/A,135168,99786752,1,dbus-daemon,S (sleeping),client-compromised.bnsdq.ozxfs.vcwss-bomyo.kvugl,0.2653678495055496,0
1759279913,183,1,N/A,N/A,N/A,N/A,N/A,N/A,N/A,N/A,160686080,101916672,43958272,4096,135168,30134272,1,systemd-journal,S (sleeping),client-compromised.bnsdq.ozxfs.vcwss-bomyo.kvugl,0.20971754269636256,0
1759279913,153885,1,N/A,N/A,N/A,N/A,N/A,N/A,N/A,N/A,1953267712,1930887168,38625280,N/A,135168,174923776,14,discern-network,S (sleeping),client-compromised.bnsdq.ozxfs.vcwss-bomyo.kvugl,0.47756347929539295,0
1759279913,170563,1,N/A,N/A,N/A,N/A,N/A,N/A,N/A,N/A,1264619520,1264619520,17207296,N/A,135168,45826048,4,discern-proc-so,S (sleeping),client-compromised.bnsdq.ozxfs.vcwss-bomyo.kvugl,2.6010797022244705,0
1759279913,156854,1,N/A,N/A,N/A,N/A,N/A,N/A,N/A,N/A,1647706112,1580597248,21172224,N/A,135168,82202624,5,discern-interfa,S (sleeping),client-compromised.bnsdq.ozxfs.vcwss-bomyo.kvugl,0.0024923014002747883,0
1759279914,340,1,103,103,103,103,109,109,109,109,127270912,127270912,117260288,N/A,135168,119541760,1,dbus-daemon,S (sleeping),client-compromised.bnsdq.ozxfs.vcwss-bomyo.kvugl,0.29688946894222606,1
1759279914,3292,1,N/A,N/A,N/A,N/A,N/A,N/A,N/A,N/A,1953800192,1922756608,40435712,N/A,135168,170991616,13,discern-network,S (sleeping),client-compromised.bnsdq.ozxfs.vcwss-bomyo.kvugl,0.5687218575782207,1
1759279914,179,1,N/A,N/A,N/A,N/A,N/A,N/A,N/A,N/A,127143936,127143936,44314624,4096,135168,38526976,1,systemd-journal,S (sleeping),client-compromised.bnsdq.ozxfs.vcwss-bomyo.kvugl,0.19404167220910057,1
1759279914,48354,1,N/A,N/A,N/A,N/A,N/A,N/A,N/A,N/A,1264619520,1264619520,17190912,N/A,135168,45826048,4,discern-proc-so,S (sleeping),client-compromised.bnsdq.ozxfs.vcwss-bomyo.kvugl,2.7092192494829384,1
1759279914,37174,1,N/A,N/A,N/A,N/A,N/A,N/A,N/A,N/A,1647706112,1580597248,22380544,N/A,135168,82202624,5,discern-interfa,S (sleeping),client-compromised.bnsdq.ozxfs.vcwss-bomyo.kvugl,0.0020780630104239054,1
1759279918,341,1,103,103,103,103,109,109,109,109,107515904,107515904,101335040,N/A,135168,99786752,1,dbus-daemon,S (sleeping),client-compromised.bnsdq.ozxfs.vcwss-bomyo.kvugl,0.2653350781134696,0
1759279918,183,1,N/A,N/A,N/A,N/A,N/A,N/A,N/A,N/A,160686080,101916672,43958272,4096,135168,30134272,1,systemd-journal,S (sleeping),client-compromised.bnsdq.ozxfs.vcwss-bomyo.kvugl,0.2097103920249074,0
1759279918,153885,1,N/A,N/A,N/A,N/A,N/A,N/A,N/A,N/A,1953267712,1930887168,38625280,N/A,135168,174923776,14,discern-network,S (sleeping),client-compromised.bnsdq.ozxfs.vcwss-bomyo.kvugl,0.47794292653207826,0
1759279918,170563,1,N/A,N/A,N/A,N/A,N/A,N/A,N/A,N/A,1264619520,1264619520,17207296,N/A,135168,45826048,4,discern-proc-so,S (sleeping),client-compromised.bnsdq.ozxfs.vcwss-bomyo.kvugl,2.5985450674024304,0
1759279918,156854,1,N/A,N/A,N/A,N/A,N/A,N/A,N/A,N/A,1647706112,1580597248,21172224,N/A,135168,82202624,5,discern-interfa,S (sleeping),client-compromised.bnsdq.ozxfs.vcwss-bomyo.kvugl,0.0024816840164328773,0
1759279919,340,1,103,103,103,103,109,109,109,109,127541248,127541248,117530624,N/A,135168,119812096,1,dbus-daemon,S (sleeping),client-compromised.bnsdq.ozxfs.vcwss-bomyo.kvugl,0.29704807611578254,1
1759279919,3292,1,N/A,N/A,N/A,N/A,N/A,N/A,N/A,N/A,1953800192,1922756608,40435712,N/A,135168,170991616,13,discern-network,S (sleeping),client-compromised.bnsdq.ozxfs.vcwss-bomyo.kvugl,0.5683890546539183,1
1759279919,179,1,N/A,N/A,N/A,N/A,N/A,N/A,N/A,N/A,127143936,127143936,44314624,4096,135168,38526976,1,systemd-journal,S (sleeping),client-compromised.bnsdq.ozxfs.vcwss-bomyo.kvugl,0.19404200179246964,1
1759279919,48354,1,N/A,N/A,N/A,N/A,N/A,N/A,N/A,N/A,1264619520,1264619520,17190912,N/A,135168,45826048,4,discern-proc-so,R (running),client-compromised.bnsdq.ozxfs.vcwss-bomyo.kvugl,2.706279247031555,1
1759279919,37174,1,N/A,N/A,N/A,N/A,N/A,N/A,N/A,N/A,1647706112,1580597248,22380544,N/A,135168,82202624,5,discern-interfa,S (sleeping),client-compromised.bnsdq.ozxfs.vcwss-bomyo.kvugl,0.0020670056622389054,1
1759279924,341,1,103,103,103,103,109,109,109,109,107515904,107515904,101335040,N/A,135168,99786752,1,dbus-daemon,S (sleeping),client-compromised.bnsdq.ozxfs.vcwss-bomyo.kvugl,0.26530184638926624,0
1759279924,183,1,N/A,N/A,N/A,N/A,N/A,N/A,N/A,N/A,160686080,101916672,43958272,4096,135168,30134272,1,systemd-journal,S (sleeping),client-compromised.bnsdq.ozxfs.vcwss-bomyo.kvugl,0.2096135114134863,0
1759279924,153885,1,N/A,N/A,N/A,N/A,N/A,N/A,N/A,N/A,1953267712,1930887168,38625280,N/A,135168,174923776,14,discern-network,S (sleeping),client-compromised.bnsdq.ozxfs.vcwss-bomyo.kvugl,0.479012029560512,0
1759279924,170563,1,N/A,N/A,N/A,N/A,N/A,N/A,N/A,N/A,1264619520,1264619520,17207296,N/A,135168,45826048,4,discern-proc-so,R (running),client-compromised.bnsdq.ozxfs.vcwss-bomyo.kvugl,2.608261317743723,0
1759279924,156854,1,N/A,N/A,N/A,N/A,N/A,N/A,N/A,N/A,1647706112,1580597248,21172224,N/A,135168,82202624,5,discern-interfa,S (sleeping),client-compromised.bnsdq.ozxfs.vcwss-bomyo.kvugl,0.0024711149227062,0
1759279924,340,1,103,103,103,103,109,109,109,109,127676416,127676416,117530624,N/A,135168,119947264,1,dbus-daemon,S (sleeping),client-compromised.bnsdq.ozxfs.vcwss-bomyo.kvugl,0.2968702931480692,1
1759279924,3292,1,N/A,N/A,N/A,N/A,N/A,N/A,N/A,N/A,1953800192,1922756608,40435712,N/A,135168,170991616,13,discern-network,S (sleeping),client-compromised.bnsdq.ozxfs.vcwss-bomyo.kvugl,0.5687733353763305,1
1759279924,179,1,N/A,N/A,N/A,N/A,N/A,N/A,N/A,N/A,127143936,127143936,44314624,4096,135168,38526976,1,systemd-journal,S (sleeping),client-compromised.bnsdq.ozxfs.vcwss-bomyo.kvugl,0.19370660769736017,1
1759279924,48354,1,N/A,N/A,N/A,N/A,N/A,N/A,N/A,N/A,1264619520,1264619520,17190912,N/A,135168,45826048,4,discern-proc-so,R (running),client-compromised.bnsdq.ozxfs.vcwss-bomyo.kvugl,2.700379273326429,1
1759279924,37174,1,N/A,N/A,N/A,N/A,N/A,N/A,N/A,N/A,1647706112,1580597248,22380544,N/A,135168,82202624,5,discern-interfa,S (sleeping),client-compromised.bnsdq.ozxfs.vcwss-bomyo.kvugl,0.002056065091497425,1
1759279929,341,1,103,103,103,103,109,109,109,109,107515904,107515904,101335040,N/A,135168,99786752,1,dbus-daemon,S (sleeping),client-compromised.bnsdq.ozxfs.vcwss-bomyo.kvugl,0.2652691644297369,0
1759279929,183,1,N/A,N/A,N/A,N/A,N/A,N/A,N/A,N/A,160686080,101916672,43958272,4096,135168,30134272,1,systemd-journal,S (sleeping),client-compromised.bnsdq.ozxfs.vcwss-bomyo.kvugl,0.20960643794129957,0
1759279929,153885,1,N/A,N/A,N/A,N/A,N/A,N/A,N/A,N/A,1953267712,1930887168,38625280,N/A,135168,174923776,14,discern-network,S (sleeping),client-compromised.bnsdq.ozxfs.vcwss-bomyo.kvugl,0.4786871799431014,0
1759279929,170563,1,N/A,N/A,N/A,N/A,N/A,N/A,N/A,N/A,1264619520,1264619520,17207296,N/A,135168,45826048,4,discern-proc-so,R (running),client-compromised.bnsdq.ozxfs.vcwss-bomyo.kvugl,2.611697994359415,0
1759279929,156854,1,N/A,N/A,N/A,N/A,N/A,N/A,N/A,N/A,1647706112,1580597248,21172224,N/A,135168,82202624,5,discern-interfa,S (sleeping),client-compromised.bnsdq.ozxfs.vcwss-bomyo.kvugl,0.00246067932284446,0
1759279929,340,1,103,103,103,103,109,109,109,109,127811584,127811584,117800960,N/A,135168,120082432,1,dbus-daemon,S (sleeping),client-compromised.bnsdq.ozxfs.vcwss-bomyo.kvugl,0.29702810627763165,1
1759279929,3292,1,N/A,N/A,N/A,N/A,N/A,N/A,N/A,N/A,1953800192,1922756608,40435712,N/A,135168,170991616,13,discern-network,S (sleeping),client-compromised.bnsdq.ozxfs.vcwss-bomyo.kvugl,0.5684410941698755,1
1759279929,179,1,N/A,N/A,N/A,N/A,N/A,N/A,N/A,N/A,127143936,127143936,44314624,4096,135168,38526976,1,systemd-journal,S (sleeping),client-compromised.bnsdq.ozxfs.vcwss-bomyo.kvugl,0.19370733393151165,1
1759279929,48354,1,N/A,N/A,N/A,N/A,N/A,N/A,N/A,N/A,1264619520,1264619520,17190912,N/A,135168,45826048,4,discern-proc-so,R (running),client-compromised.bnsdq.ozxfs.vcwss-bomyo.kvugl,2.6976446270567385,1
1759279929,37174,1,N/A,N/A,N/A,N/A,N/A,N/A,N/A,N/A,1647706112,1580597248,22380544,N/A,135168,82202624,5,discern-interfa,S (sleeping),client-compromised.bnsdq.ozxfs.vcwss-bomyo.kvugl,0.002045234284436815,1
1759279934,341,1,103,103,103,103,109,109,109,109,107515904,107515904,101335040,N/A,135168,99786752,1,dbus-daemon,S (sleeping),client-compromised.bnsdq.ozxfs.vcwss-bomyo.kvugl,0.26541501255097194,0
1759279934,183,1,N/A,N/A,N/A,N/A,N/A,N/A,N/A,N/A,160686080,101916672,43958272,4096,135168,30134272,1,systemd-journal,S (sleeping),client-compromised.bnsdq.ozxfs.vcwss-bomyo.kvugl,0.20968859878097426,0
1759279934,153885,1,N/A,N/A,N/A,N/A,N/A,N/A,N/A,N/A,1953267712,1930887168,38625280,N/A,135168,174923776,14,discern-network,S (sleeping),client-compromised.bnsdq.ozxfs.vcwss-bomyo.kvugl,0.47905824302668654,0
1759279934,170563,1,N/A,N/A,N/A,N/A,N/A,N/A,N/A,N/A,1264619520,1264619520,17207296,N/A,135168,45826048,4,discern-proc-so,S (sleeping),client-compromised.bnsdq.ozxfs.vcwss-bomyo.kvugl,2.614897749294987,0
1759279934,156854,1,N/A,N/A,N/A,N/A,N/A,N/A,N/A,N/A,1647706112,1580597248,21172224,N/A,135168,82202624,5,discern-interfa,S (sleeping),client-compromised.bnsdq.ozxfs.vcwss-bomyo.kvugl,0.002450327556494839,0
1759279935,340,1,103,103,103,103,109,109,109,109,127946752,127946752,118071296,N/A,135168,120217600,1,dbus-daemon,S (sleeping),client-compromised.bnsdq.ozxfs.vcwss-bomyo.kvugl,0.2968511930447034,1
1759279935,3292,1,N/A,N/A,N/A,N/A,N/A,N/A,N/A,N/A,1953800192,1922756608,40435712,N/A,135168,170991616,13,discern-network,S (sleeping),client-compromised.bnsdq.ozxfs.vcwss-bomyo.kvugl,0.568111059357694,1
1759279935,179,1,N/A,N/A,N/A,N/A,N/A,N/A,N/A,N/A,127143936,127143936,44314624,4096,135168,38526976,1,systemd-journal,S (sleeping),client-compromised.bnsdq.ozxfs.vcwss-bomyo.kvugl,0.19370837159621837,1
1759279935,48354,1,N/A,N/A,N/A,N/A,N/A,N/A,N/A,N/A,1264619520,1264619520,17190912,N/A,135168,45826048,4,discern-proc-so,R (running),client-compromised.bnsdq.ozxfs.vcwss-bomyo.kvugl,2.692072091747734,1
1759279935,37174,1,N/A,N/A,N/A,N/A,N/A,N/A,N/A,N/A,1647706112,1580597248,22380544,N/A,135168,82202624,5,discern-interfa,S (sleeping),client-compromised.bnsdq.ozxfs.vcwss-bomyo.kvugl,0.0020345265083030434,1
1759279939,341,1,103,103,103,103,109,109,109,109,107515904,107515904,101335040,N/A,135168,99786752,1,dbus-daemon,S (sleeping),client-compromised.bnsdq.ozxfs.vcwss-bomyo.kvugl,0.2653823515132463,0
1759279939,183,1,N/A,N/A,N/A,N/A,N/A,N/A,N/A,N/A,160686080,101916672,43958272,4096,135168,30134272,1,systemd-journal,S (sleeping),client-compromised.bnsdq.ozxfs.vcwss-bomyo.kvugl,0.20959230350730745,0
1759279939,153885,1,N/A,N/A,N/A,N/A,N/A,N/A,N/A,N/A,1953267712,1930887168,38625280,N/A,135168,174923776,14,discern-network,S (sleeping),client-compromised.bnsdq.ozxfs.vcwss-bomyo.kvugl,0.4794279339187358,0
1759279939,170563,1,N/A,N/A,N/A,N/A,N/A,N/A,N/A,N/A,1264619520,1264619520,17207296,N/A,135168,45826048,4,discern-proc-so,S (sleeping),client-compromised.bnsdq.ozxfs.vcwss-bomyo.kvugl,2.61229918713211,0
1759279939,156854,1,N/A,N/A,N/A,N/A,N/A,N/A,N/A,N/A,1647706112,1580597248,21172224,N/A,135168,82202624,5,discern-interfa,S (sleeping),client-compromised.bnsdq.ozxfs.vcwss-bomyo.kvugl,0.0024400698445744898,0
1759279940,340,1,103,103,103,103,109,109,109,109,128217088,128217088,118071296,N/A,135168,120487936,1,dbus-daemon,S (sleeping),client-compromised.bnsdq.ozxfs.vcwss-bomyo.kvugl,0.29700858373360073,1
1759279940,3292,1,N/A,N/A,N/A,N/A,N/A,N/A,N/A,N/A,1953800192,1922756608,40435712,N/A,135168,170991616,13,discern-network,S (sleeping),client-compromised.bnsdq.ozxfs.vcwss-bomyo.kvugl,0.5677814270345426,1
1759279940,179,1,N/A,N/A,N/A,N/A,N/A,N/A,N/A,N/A,127143936,127143936,44314624,4096,135168,38526976,1,systemd-journal,S (sleeping),client-compromised.bnsdq.ozxfs.vcwss-bomyo.kvugl,0.19370914821222623,1
1759279940,48354,1,N/A,N/A,N/A,N/A,N/A,N/A,N/A,N/A,1264619520,1264619520,17190912,N/A,135168,45826048,4,discern-proc-so,R (running),client-compromised.bnsdq.ozxfs.vcwss-bomyo.kvugl,2.6924660818733845,1
1759279940,37174,1,N/A,N/A,N/A,N/A,N/A,N/A,N/A,N/A,1647706112,1580597248,22380544,N/A,135168,82202624,5,discern-interfa,S (sleeping),client-compromised.bnsdq.ozxfs.vcwss-bomyo.kvugl,0.002023922932225549,1
1759279944,341,1,103,103,103,103,109,109,109,109,107515904,107515904,101335040,N/A,135168,99786752,1,dbus-daemon,S (sleeping),client-compromised.bnsdq.ozxfs.vcwss-bomyo.kvugl,0.2654389153773601,0
1759279944,183,1,N/A,N/A,N/A,N/A,N/A,N/A,N/A,N/A,160686080,101916672,43958272,4096,135168,30134272,1,systemd-journal,S (sleeping),client-compromised.bnsdq.ozxfs.vcwss-bomyo.kvugl,0.20967447182493903,0
1759279944,153885,1,N/A,N/A,N/A,N/A,N/A,N/A,N/A,N/A,1953267712,1930887168,38625280,N/A,135168,174923776,14,discern-network,S (sleeping),client-compromised.bnsdq.ozxfs.vcwss-bomyo.kvugl,0.4791057279567891,0
1759279944,170563,1,N/A,N/A,N/A,N/A,N/A,N/A,N/A,N/A,1264619520,1264619520,17207296,N/A,135168,45826048,4,discern-proc-so,R (running),client-compromised.bnsdq.ozxfs.vcwss-bomyo.kvugl,2.6098537751169824,0
1759279944,156854,1,N/A,N/A,N/A,N/A,N/A,N/A,N/A,N/A,1647706112,1580597248,21172224,N/A,135168,82202624,5,discern-interfa,S (sleeping),client-compromised.bnsdq.ozxfs.vcwss-bomyo.kvugl,0.002429898393594682,0
1759279945,340,1,103,103,103,103,109,109,109,109,128487424,128487424,118341632,N/A,135168,120758272,1,dbus-daemon,S (sleeping),client-compromised.bnsdq.ozxfs.vcwss-bomyo.kvugl,0.29716557286621315,1
1759279945,3292,1,N/A,N/A,N/A,N/A,N/A,N/A,N/A,N/A,1953800192,1922756608,40435712,N/A,135168,170991616,13,discern-network,S (sleeping),client-compromised.bnsdq.ozxfs.vcwss-bomyo.kvugl,0.5681639257153062,1
1759279945,179,1,N/A,N/A,N/A,N/A,N/A,N/A,N/A,N/A,127143936,127143936,44314624,4096,135168,38526976,1,systemd-journal,S (sleeping),client-compromised.bnsdq.ozxfs.vcwss-bomyo.kvugl,0.19371001043504463,1
1759279945,48354,1,N/A,N/A,N/A,N/A,N/A,N/A,N/A,N/A,1264619520,1264619520,17190912,N/A,135168,45826048,4,discern-proc-so,S (sleeping),client-compromised.bnsdq.ozxfs.vcwss-bomyo.kvugl,2.689986256194639,1
1759279945,37174,1,N/A,N/A,N/A,N/A,N/A,N/A,N/A,N/A,1647706112,1580597248,22380544,N/A,135168,82202624,5,discern-interfa,S (sleeping),client-compromised.bnsdq.ozxfs.vcwss-bomyo.kvugl,0.0020134315500121886,1
1759279949,341,1,103,103,103,103,109,109,109,109,107515904,107515904,101335040,N/A,135168,99786752,1,dbus-daemon,S (sleeping),client-compromised.bnsdq.ozxfs.vcwss-bomyo.kvugl,0.2653169189108425,0
1759279949,183,1,N/A,N/A,N/A,N/A,N/A,N/A,N/A,N/A,160686080,101916672,43958272,4096,135168,30134272,1,systemd-journal,S (sleeping),client-compromised.bnsdq.ozxfs.vcwss-bomyo.kvugl,0.2095781135470075,0
1759279949,153885,1,N/A,N/A,N/A,N/A,N/A,N/A,N/A,N/A,1953267712,1930887168,38625280,N/A,135168,174923776,14,discern-network,S (sleeping),client-compromised.bnsdq.ozxfs.vcwss-bomyo.kvugl,0.4794698601220386,0
1759279949,170563,1,N/A,N/A,N/A,N/A,N/A,N/A,N/A,N/A,1264619520,1264619520,17207296,N/A,135168,45826048,4,discern-proc-so,R (running),client-compromised.bnsdq.ozxfs.vcwss-bomyo.kvugl,2.607420924714054,0
1759279949,156854,1,N/A,N/A,N/A,N/A,N/A,N/A,N/A,N/A,1647706112,1580597248,21172224,N/A,135168,82202624,5,discern-interfa,S (sleeping),client-compromised.bnsdq.ozxfs.vcwss-bomyo.kvugl,0.002419794342911923,0
1759279950,340,1,103,103,103,103,109,109,109,109,128647168,128647168,120254464,N/A,135168,120918016,1,dbus-daemon,S (sleeping),client-compromised.bnsdq.ozxfs.vcwss-bomyo.kvugl,0.29698853755666754,1
1759279950,3292,1,N/A,N/A,N/A,N/A,N/A,N/A,N/A,N/A,1953800192,1922756608,40435712,N/A,135168,170991616,13,discern-network,S (sleeping),client-compromised.bnsdq.ozxfs.vcwss-bomyo.kvugl,0.5681892684910541,1
1759279950,179,1,N/A,N/A,N/A,N/A,N/A,N/A,N/A,N/A,127143936,127143936,44314624,4096,135168,38526976,1,systemd-journal,S (sleeping),client-compromised.bnsdq.ozxfs.vcwss-bomyo.kvugl,0.1933776834667769,1
1759279950,48354,1,N/A,N/A,N/A,N/A,N/A,N/A,N/A,N/A,1264619520,1264619520,17190912,N/A,135168,45826048,4,discern-proc-so,S (sleeping),client-compromised.bnsdq.ozxfs.vcwss-bomyo.kvugl,2.68753855666617,1
1759279950,37174,1,N/A,N/A,N/A,N/A,N/A,N/A,N/A,N/A,1647706112,1580597248,22380544,N/A,135168,82202624,5,discern-interfa,S (sleeping),client-compromised.bnsdq.ozxfs.vcwss-bomyo.kvugl,0.002003037776070142,1
1759279954,341,1,103,103,103,103,109,109,109,109,107515904,107515904,101335040,N/A,135168,99786752,1,dbus-daemon,S (sleeping),client-compromised.bnsdq.ozxfs.vcwss-bomyo.kvugl,0.26537346469851575,0
1759279954,183,1,N/A,N/A,N/A,N/A,N/A,N/A,N/A,N/A,160686080,101916672,43958272,4096,135168,30134272,1,systemd-journal,S (sleeping),client-compromised.bnsdq.ozxfs.vcwss-bomyo.kvugl,0.2095711098167655,0
1759279954,153885,1,N/A,N/A,N/A,N/A,N/A,N/A,N/A,N/A,1953267712,1930887168,38625280,N/A,135168,174923776,14,discern-network,S (sleeping),client-compromised.bnsdq.ozxfs.vcwss-bomyo.kvugl,0.4784652759017352,0
1759279954,170563,1,N/A,N/A,N/A,N/A,N/A,N/A,N/A,N/A,1264619520,1264619520,17207296,N/A,135168,45826048,4,discern-proc-so,S (sleeping),client-compromised.bnsdq.ozxfs.vcwss-bomyo.kvugl,2.6052357813313636,0
1759279954,156854,1,N/A,N/A,N/A,N/A,N/A,N/A,N/A,N/A,1647706112,1580597248,21172224,N/A,135168,82202624,5,discern-interfa,S (sleeping),client-compromised.bnsdq.ozxfs.vcwss-bomyo.kvugl,0.0024097908546189557,0
1759279955,340,1,103,103,103,103,109,109,109,109,128921600,128921600,120524800,N/A,135168,121192448,1,dbus-daemon,S (sleeping),client-compromised.bnsdq.ozxfs.vcwss-bomyo.kvugl,0.29681216658284526,1
1759279955,3292,1,N/A,N/A,N/A,N/A,N/A,N/A,N/A,N/A,1953800192,1922756608,40435712,N/A,135168,170991616,13,discern-network,S (sleeping),client-compromised.bnsdq.ozxfs.vcwss-bomyo.kvugl,0.5678606014361782,1
1759279955,179,1,N/A,N/A,N/A,N/A,N/A,N/A,N/A,N/A,135516160,135516160,44314624,4096,135168,38526976,1,systemd-journal,S (sleeping),client-compromised.bnsdq.ozxfs.vcwss-bomyo.kvugl,0.19371106933091845,1
1759279955,48354,1,N/A,N/A,N/A,N/A,N/A,N/A,N/A,N/A,1264619520,1264619520,17190912,N/A,135168,45826048,4,discern-proc-so,R (running),client-compromised.bnsdq.ozxfs.vcwss-bomyo.kvugl,2.6851655896409223,1
1759279955,37174,1,N/A,N/A,N/A,N/A,N/A,N/A,N/A,N/A,1647706112,1580597248,22380544,N/A,135168,82202624,5,discern-interfa,S (sleeping),client-compromised.bnsdq.ozxfs.vcwss-bomyo.kvugl,0.001992751950992086,1
1759279960,341,1,103,103,103,103,109,109,109,109,107515904,107515904,101335040,N/A,135168,99786752,1,dbus-daemon,S (sleeping),client-compromised.bnsdq.ozxfs.vcwss-bomyo.kvugl,0.26542958267660677,0
1759279960,183,1,N/A,N/A,N/A,N/A,N/A,N/A,N/A,N/A,160686080,101916672,43958272,4096,135168,30134272,1,systemd-journal,S (sleeping),client-compromised.bnsdq.ozxfs.vcwss-bomyo.kvugl,0.20956381676755295,0
1759279960,153885,1,N/A,N/A,N/A,N/A,N/A,N/A,N/A,N/A,1953267712,1930887168,38625280,N/A,135168,174923776,14,discern-network,S (sleeping),client-compromised.bnsdq.ozxfs.vcwss-bomyo.kvugl,0.4795088422613678,0
1759279960,170563,1,N/A,N/A,N/A,N/A,N/A,N/A,N/A,N/A,1264619520,1264619520,17207296,N/A,135168,45826048,4,discern-proc-so,R (running),client-compromised.bnsdq.ozxfs.vcwss-bomyo.kvugl,2.608029603633134,0
1759279960,156854,1,N/A,N/A,N/A,N/A,N/A,N/A,N/A,N/A,1647706112,1580597248,21172224,N/A,135168,82202624,5,discern-interfa,S (sleeping),client-compromised.bnsdq.ozxfs.vcwss-bomyo.kvugl,0.0023998388772905727,0
1759279960,340,1,103,103,103,103,109,109,109,109,129056768,129056768,120524800,N/A,135168,121327616,1,dbus-daemon,S (sleeping),client-compromised.bnsdq.ozxfs.vcwss-bomyo.kvugl,0.2969685824144419,1
1759279960,3292,1,N/A,N/A,N/A,N/A,N/A,N/A,N/A,N/A,1953800192,1922756608,40435712,N/A,135168,170991616,13,discern-network,S (sleeping),client-compromised.bnsdq.ozxfs.vcwss-bomyo.kvugl,0.567533897531621,1
1759279960,179,1,N/A,N/A,N/A,N/A,N/A,N/A,N/A,N/A,135516160,135516160,44314624,4096,135168,38526976,1,systemd-journal,S (sleeping),client-compromised.bnsdq.ozxfs.vcwss-bomyo.kvugl,0.1937118598028932,1
1759279960,48354,1,N/A,N/A,N/A,N/A,N/A,N/A,N/A,N/A,1264619520,1264619520,17190912,N/A,135168,45826048,4,discern-proc-so,R (running),client-compromised.bnsdq.ozxfs.vcwss-bomyo.kvugl,2.6801389095650863,1
1759279960,37174,1,N/A,N/A,N/A,N/A,N/A,N/A,N/A,N/A,1647706112,1580597248,22380544,N/A,135168,82202624,5,discern-interfa,S (sleeping),client-compromised.bnsdq.ozxfs.vcwss-bomyo.kvugl,0.0019825786305132506,1
1759279965,341,1,103,103,103,103,109,109,109,109,107515904,107515904,101335040,N/A,135168,99786752,1,dbus-daemon,S (sleeping),client-compromised.bnsdq.ozxfs.vcwss-bomyo.kvugl,0.2653968338667627,0
1759279965,183,1,N/A,N/A,N/A,N/A,N/A,N/A,N/A,N/A,160686080,101916672,43958272,4096,135168,30134272,1,systemd-journal,S (sleeping),client-compromised.bnsdq.ozxfs.vcwss-bomyo.kvugl,0.20946767942605868,0
1759279965,153885,1,N/A,N/A,N/A,N/A,N/A,N/A,N/A,N/A,1953267712,1930887168,38625280,N/A,135168,174923776,14,discern-network,S (sleeping),client-compromised.bnsdq.ozxfs.vcwss-bomyo.kvugl,0.4785090024365678,0
1759279965,170563,1,N/A,N/A,N/A,N/A,N/A,N/A,N/A,N/A,1264619520,1264619520,17207296,N/A,135168,45826048,4,discern-proc-so,R (running),client-compromised.bnsdq.ozxfs.vcwss-bomyo.kvugl,2.6058562843833806,0
1759279965,156854,1,N/A,N/A,N/A,N/A,N/A,N/A,N/A,N/A,1647706112,1580597248,21172224,N/A,135168,82202624,5,discern-interfa,S (sleeping),client-compromised.bnsdq.ozxfs.vcwss-bomyo.kvugl,0.002389987034894291,0
1759279965,340,1,103,103,103,103,109,109,109,109,129191936,129191936,120795136,N/A,135168,121462784,1,dbus-daemon,S (sleeping),client-compromised.bnsdq.ozxfs.vcwss-bomyo.kvugl,0.2967929137855514,1
1759279965,3292,1,N/A,N/A,N/A,N/A,N/A,N/A,N/A,N/A,1953800192,1922756608,40435712,N/A,135168,170991616,13,discern-network,S (sleeping),client-compromised.bnsdq.ozxfs.vcwss-bomyo.kvugl,0.5675604915940035,1
1759279965,179,1,N/A,N/A,N/A,N/A,N/A,N/A,N/A,N/A,135516160,135516160,44314624,4096,135168,38526976,1,systemd-journal,S (sleeping),client-compromised.bnsdq.ozxfs.vcwss-bomyo.kvugl,0.19338131254443197,1
1759279965,48354,1,N/A,N/A,N/A,N/A,N/A,N/A,N/A,N/A,1264619520,1264619520,17190912,N/A,135168,45826048,4,discern-proc-so,S (sleeping),client-compromised.bnsdq.ozxfs.vcwss-bomyo.kvugl,2.6779400540334546,1
1759279965,37174,1,N/A,N/A,N/A,N/A,N/A,N/A,N/A,N/A,1647706112,1580597248,22380544,N/A,135168,82202624,5,discern-interfa,S (sleeping),client-compromised.bnsdq.ozxfs.vcwss-bomyo.kvugl,0.0019725025216711083,1
1759279970,341,1,103,103,103,103,109,109,109,109,107515904,107515904,101335040,N/A,135168,99786752,1,dbus-daemon,S (sleeping),client-compromised.bnsdq.ozxfs.vcwss-bomyo.kvugl,0.26544998048343005,0
1759279970,173179,1,N/A,N/A,N/A,N/A,N/A,N/A,N/A,N/A,1399861248,1399861248,135507968,N/A,135168,181100544,4,discern-file-so,D (disk sleep),client-compromised.bnsdq.ozxfs.vcwss-bomyo.kvugl,49.97420668666167,0
1759279970,183,1,N/A,N/A,N/A,N/A,N/A,N/A,N/A,N/A,160686080,101916672,43958272,4096,135168,30134272,1,systemd-journal,S (sleeping),client-compromised.bnsdq.ozxfs.vcwss-bomyo.kvugl,0.20954711521947103,0
1759279970,153885,1,N/A,N/A,N/A,N/A,N/A,N/A,N/A,N/A,1953267712,1930887168,38625280,N/A,135168,174923776,14,discern-network,S (sleeping),client-compromised.bnsdq.ozxfs.vcwss-bomyo.kvugl,0.4788276390014128,0
1759279970,170563,1,N/A,N/A,N/A,N/A,N/A,N/A,N/A,N/A,1264619520,1264619520,17207296,N/A,135168,45826048,4,discern-proc-so,R (running),client-compromised.bnsdq.ozxfs.vcwss-bomyo.kvugl,2.611753477750858,0
1759279971,340,1,103,103,103,103,109,109,109,109,129327104,129327104,121065472,N/A,135168,121597952,1,dbus-daemon,S (sleeping),client-compromised.bnsdq.ozxfs.vcwss-bomyo.kvugl,0.2969495801089129,1
1759279971,3292,1,N/A,N/A,N/A,N/A,N/A,N/A,N/A,N/A,1953800192,1922756608,40435712,N/A,135168,170991616,13,discern-network,S (sleeping),client-compromised.bnsdq.ozxfs.vcwss-bomyo.kvugl,0.5675891451177109,1
1759279971,179,1,N/A,N/A,N/A,N/A,N/A,N/A,N/A,N/A,135516160,135516160,44314624,4096,135168,38526976,1,systemd-journal,S (sleeping),client-compromised.bnsdq.ozxfs.vcwss-bomyo.kvugl,0.1937137188128808,1
1759279971,48354,1,N/A,N/A,N/A,N/A,N/A,N/A,N/A,N/A,1264619520,1264619520,17190912,N/A,135168,45826048,4,discern-proc-so,R (running),client-compromised.bnsdq.ozxfs.vcwss-bomyo.kvugl,2.670532528385676,1
1759279971,37174,1,N/A,N/A,N/A,N/A,N/A,N/A,N/A,N/A,1647706112,1580597248,22380544,N/A,135168,82202624,5,discern-interfa,S (sleeping),client-compromised.bnsdq.ozxfs.vcwss-bomyo.kvugl,0.0019625490963549714,1
1759279975,341,1,103,103,103,103,109,109,109,109,107515904,107515904,101335040,N/A,135168,99786752,1,dbus-daemon,S (sleeping),client-compromised.bnsdq.ozxfs.vcwss-bomyo.kvugl,0.2654139347689113,0
1759279975,173179,1,N/A,N/A,N/A,N/A,N/A,N/A,N/A,N/A,1534480384,1534480384,227696640,N/A,135168,298942464,4,discern-file-so,S (sleeping),client-compromised.bnsdq.ozxfs.vcwss-bomyo.kvugl,68.14658868045079,0
1759279975,153885,1,N/A,N/A,N/A,N/A,N/A,N/A,N/A,N/A,1953267712,1930887168,38625280,N/A,135168,174923776,14,discern-network,S (sleeping),client-compromised.bnsdq.ozxfs.vcwss-bomyo.kvugl,0.4784665432689138,0
1759279975,183,1,N/A,N/A,N/A,N/A,N/A,N/A,N/A,N/A,160686080,101916672,43958272,4096,135168,30134272,1,systemd-journal,S (sleeping),client-compromised.bnsdq.ozxfs.vcwss-bomyo.kvugl,0.20944843867254734,0
1759279975,170563,1,N/A,N/A,N/A,N/A,N/A,N/A,N/A,N/A,1264619520,1264619520,17207296,N/A,135168,45826048,4,discern-proc-so,S (sleeping),client-compromised.bnsdq.ozxfs.vcwss-bomyo.kvugl,2.5984703132663656,0
1759279976,340,1,103,103,103,103,109,109,109,109,129462272,129462272,121065472,N/A,135168,121733120,1,dbus-daemon,S (sleeping),client-compromised.bnsdq.ozxfs.vcwss-bomyo.kvugl,0.2967746975342049,1
1759279976,3292,1,N/A,N/A,N/A,N/A,N/A,N/A,N/A,N/A,1953800192,1922756608,40435712,N/A,135168,170991616,13,discern-network,S (sleeping),client-compromised.bnsdq.ozxfs.vcwss-bomyo.kvugl,0.567264394225828,1
1759279976,179,1,N/A,N/A,N/A,N/A,N/A,N/A,N/A,N/A,135516160,135516160,44314624,4096,135168,38526976,1,systemd-journal,S (sleeping),client-compromised.bnsdq.ozxfs.vcwss-bomyo.kvugl,0.19338439196370513,1
1759279976,48354,1,N/A,N/A,N/A,N/A,N/A,N/A,N/A,N/A,1264619520,1264619520,17190912,N/A,135168,45826048,4,discern-proc-so,S (sleeping),client-compromised.bnsdq.ozxfs.vcwss-bomyo.kvugl,2.668534955087135,1
1759279976,37174,1,N/A,N/A,N/A,N/A,N/A,N/A,N/A,N/A,1647706112,1580597248,22380544,N/A,135168,82202624,5,discern-interfa,S (sleeping),client-compromised.bnsdq.ozxfs.vcwss-bomyo.kvugl,0.0019526779841783455,1
1759279981,341,1,103,103,103,103,109,109,109,109,107515904,107515904,101335040,N/A,135168,99786752,1,dbus-daemon,S (sleeping),client-compromised.bnsdq.ozxfs.vcwss-bomyo.kvugl,0.26537866806213484,0
1759279981,173179,1,N/A,N/A,N/A,N/A,N/A,N/A,N/A,N/A,1534545920,1534545920,227696640,N/A,135168,299008000,4,discern-file-so,S (sleeping),client-compromised.bnsdq.ozxfs.vcwss-bomyo.kvugl,64.79406894474066,0
1759279981,153885,1,N/A,N/A,N/A,N/A,N/A,N/A,N/A,N/A,1953267712,1930887168,38625280,N/A,135168,174923776,14,discern-network,S (sleeping),client-compromised.bnsdq.ozxfs.vcwss-bomyo.kvugl,0.47811855577703377,0
1759279981,183,1,N/A,N/A,N/A,N/A,N/A,N/A,N/A,N/A,160686080,101916672,43958272,4096,135168,30134272,1,systemd-journal,S (sleeping),client-compromised.bnsdq.ozxfs.vcwss-bomyo.kvugl,0.20943936490732956,0
1759279981,170563,1,N/A,N/A,N/A,N/A,N/A,N/A,N/A,N/A,1264619520,1264619520,17207296,N/A,135168,45826048,4,discern-proc-so,S (sleeping),client-compromised.bnsdq.ozxfs.vcwss-bomyo.kvugl,2.5953838924348025,0
1759279981,340,1,103,103,103,103,109,109,109,109,129732608,129732608,121335808,N/A,135168,122003456,1,dbus-daemon,S (sleeping),client-compromised.bnsdq.ozxfs.vcwss-bomyo.kvugl,0.2966007368889301,1
1759279981,3292,1,N/A,N/A,N/A,N/A,N/A,N/A,N/A,N/A,1953800192,1922756608,40435712,N/A,135168,170991616,13,discern-network,S (sleeping),client-compromised.bnsdq.ozxfs.vcwss-bomyo.kvugl,0.5672923182815521,1
1759279981,179,1,N/A,N/A,N/A,N/A,N/A,N/A,N/A,N/A,135516160,135516160,44314624,4096,135168,38526976,1,systemd-journal,S (sleeping),client-compromised.bnsdq.ozxfs.vcwss-bomyo.kvugl,0.19371529358856948,1
1759279981,48354,1,N/A,N/A,N/A,N/A,N/A,N/A,N/A,N/A,1264619520,1264619520,17190912,N/A,135168,45826048,4,discern-proc-so,R (running),client-compromised.bnsdq.ozxfs.vcwss-bomyo.kvugl,2.6666140815850428,1
1759279981,37174,1,N/A,N/A,N/A,N/A,N/A,N/A,N/A,N/A,1647706112,1580597248,22380544,N/A,135168,82202624,5,discern-interfa,S (sleeping),client-compromised.bnsdq.ozxfs.vcwss-bomyo.kvugl,0.0019429120235282301,1
1759279986,341,1,103,103,103,103,109,109,109,109,107515904,107515904,101335040,N/A,135168,99786752,1,dbus-daemon,S (sleeping),client-compromised.bnsdq.ozxfs.vcwss-bomyo.kvugl,0.2654345443111025,0
1759279986,153885,1,N/A,N/A,N/A,N/A,N/A,N/A,N/A,N/A,1953267712,1930887168,38625280,N/A,135168,174923776,14,discern-network,S (sleeping),client-compromised.bnsdq.ozxfs.vcwss-bomyo.kvugl,0.47847362795813847,0
1759279986,183,1,N/A,N/A,N/A,N/A,N/A,N/A,N/A,N/A,160686080,101916672,43958272,4096,135168,30134272,1,systemd-journal,S (sleeping),client-compromised.bnsdq.ozxfs.vcwss-bomyo.kvugl,0.2094320788673965,0
1759279986,170563,1,N/A,N/A,N/A,N/A,N/A,N/A,N/A,N/A,1264619520,1264619520,17207296,N/A,135168,45826048,4,discern-proc-so,S (sleeping),client-compromised.bnsdq.ozxfs.vcwss-bomyo.kvugl,2.6025165876983856,0
1759279986,156854,1,N/A,N/A,N/A,N/A,N/A,N/A,N/A,N/A,1647706112,1580597248,21172224,N/A,135168,82202624,5,discern-interfa,S (sleeping),client-compromised.bnsdq.ozxfs.vcwss-bomyo.kvugl,0.002350644826023866,0
1759279986,340,1,103,103,103,103,109,109,109,109,129867776,129867776,121335808,N/A,135168,122138624,1,dbus-daemon,S (sleeping),client-compromised.bnsdq.ozxfs.vcwss-bomyo.kvugl,0.29675618446550545,1
1759279986,3292,1,N/A,N/A,N/A,N/A,N/A,N/A,N/A,N/A,1953800192,1922756608,40435712,N/A,135168,170991616,13,discern-network,S (sleeping),client-compromised.bnsdq.ozxfs.vcwss-bomyo.kvugl,0.5669695787744536,1
1759279986,179,1,N/A,N/A,N/A,N/A,N/A,N/A,N/A,N/A,135516160,135516160,44314624,4096,135168,38526976,1,systemd-journal,S (sleeping),client-compromised.bnsdq.ozxfs.vcwss-bomyo.kvugl,0.19338717566888983,1
1759279986,48354,1,N/A,N/A,N/A,N/A,N/A,N/A,N/A,N/A,1264619520,1264619520,17190912,N/A,135168,45826048,4,discern-proc-so,S (sleeping),client-compromised.bnsdq.ozxfs.vcwss-bomyo.kvugl,2.6647317237638837,1
1759279986,37174,1,N/A,N/A,N/A,N/A,N/A,N/A,N/A,N/A,1647706112,1580597248,22380544,N/A,135168,82202624,5,discern-interfa,S (sleeping),client-compromised.bnsdq.ozxfs.vcwss-bomyo.kvugl,0.001933239834043188,1
1759279991,341,1,103,103,103,103,109,109,109,109,107515904,107515904,101335040,N/A,135168,99786752,1,dbus-daemon,S (sleeping),client-compromised.bnsdq.ozxfs.vcwss-bomyo.kvugl,0.2654024426194411,0
1759279991,153885,1,N/A,N/A,N/A,N/A,N/A,N/A,N/A,N/A,1953267712,1930887168,38625280,N/A,135168,174923776,14,discern-network,S (sleeping),client-compromised.bnsdq.ozxfs.vcwss-bomyo.kvugl,0.4788381928571076,0
1759279991,183,1,N/A,N/A,N/A,N/A,N/A,N/A,N/A,N/A,160686080,101916672,43958272,4096,135168,30134272,1,systemd-journal,S (sleeping),client-compromised.bnsdq.ozxfs.vcwss-bomyo.kvugl,0.20951430503662782,0
1759279991,170563,1,N/A,N/A,N/A,N/A,N/A,N/A,N/A,N/A,1264619520,1264619520,17207296,N/A,135168,45826048,4,discern-proc-so,R (running),client-compromised.bnsdq.ozxfs.vcwss-bomyo.kvugl,2.596612192108844,0
1759279991,156854,1,N/A,N/A,N/A,N/A,N/A,N/A,N/A,N/A,1647706112,1580597248,21172224,N/A,135168,82202624,5,discern-interfa,S (sleeping),client-compromised.bnsdq.ozxfs.vcwss-bomyo.kvugl,0.0023412355623695035,0
1759279991,340,1,103,103,103,103,109,109,109,109,130138112,130138112,121876480,N/A,135168,122408960,1,dbus-daemon,S (sleeping),client-compromised.bnsdq.ozxfs.vcwss-bomyo.kvugl,0.29691091781667456,1
1759279991,3292,1,N/A,N/A,N/A,N/A,N/A,N/A,N/A,N/A,1953800192,1922756608,40435712,N/A,135168,170991616,13,discern-network,S (sleeping),client-compromised.bnsdq.ozxfs.vcwss-bomyo.kvugl,0.5666476145012009,1
1759279991,179,1,N/A,N/A,N/A,N/A,N/A,N/A,N/A,N/A,135516160,135516160,44314624,4096,135168,38526976,1,systemd-journal,S (sleeping),client-compromised.bnsdq.ozxfs.vcwss-bomyo.kvugl,0.19371671489622513,1
1759279991,48354,1,N/A,N/A,N/A,N/A,N/A,N/A,N/A,N/A,1264619520,1264619520,17190912,N/A,135168,45826048,4,discern-proc-so,S (sleeping),client-compromised.bnsdq.ozxfs.vcwss-bomyo.kvugl,2.662885620385099,1
1759279991,37174,1,N/A,N/A,N/A,N/A,N/A,N/A,N/A,N/A,1647706112,1580597248,22380544,N/A,135168,82202624,5,discern-interfa,S (sleeping),client-compromised.bnsdq.ozxfs.vcwss-bomyo.kvugl,0.0019236600515317355,1
1759279996,341,1,103,103,103,103,109,109,109,109,107515904,107515904,101335040,N/A,135168,99786752,1,dbus-daemon,S (sleeping),client-compromised.bnsdq.ozxfs.vcwss-bomyo.kvugl,0.26536937776537,0
1759279996,153885,1,N/A,N/A,N/A,N/A,N/A,N/A,N/A,N/A,1953267712,1930887168,38625280,N/A,135168,174923776,14,discern-network,S (sleeping),client-compromised.bnsdq.ozxfs.vcwss-bomyo.kvugl,0.4785213234359821,0
1759279996,183,1,N/A,N/A,N/A,N/A,N/A,N/A,N/A,N/A,160686080,101916672,43958272,4096,135168,30134272,1,systemd-journal,S (sleeping),client-compromised.bnsdq.ozxfs.vcwss-bomyo.kvugl,0.2095068995613245,0
1759279996,170563,1,N/A,N/A,N/A,N/A,N/A,N/A,N/A,N/A,1264619520,1264619520,17207296,N/A,135168,45826048,4,discern-proc-so,S (sleeping),client-compromised.bnsdq.ozxfs.vcwss-bomyo.kvugl,2.603346156847662,0
1759279996,156854,1,N/A,N/A,N/A,N/A,N/A,N/A,N/A,N/A,1647706112,1580597248,21172224,N/A,135168,82202624,5,discern-interfa,S (sleeping),client-compromised.bnsdq.ozxfs.vcwss-bomyo.kvugl,0.0023318254838479964,0
1759279996,340,1,103,103,103,103,109,109,109,109,130273280,130273280,121876480,N/A,135168,122544128,1,dbus-daemon,S (sleeping),client-compromised.bnsdq.ozxfs.vcwss-bomyo.kvugl,0.29673719554371075,1
1759279996,3292,1,N/A,N/A,N/A,N/A,N/A,N/A,N/A,N/A,1953800192,1922756608,40435712,N/A,135168,170991616,13,discern-network,S (sleeping),client-compromised.bnsdq.ozxfs.vcwss-bomyo.kvugl,0.5666756674882675,1
1759279996,179,1,N/A,N/A,N/A,N/A,N/A,N/A,N/A,N/A,135516160,135516160,44314624,4096,135168,38526976,1,systemd-journal,S (sleeping),client-compromised.bnsdq.ozxfs.vcwss-bomyo.kvugl,0.19338955642378824,1
1759279996,48354,1,N/A,N/A,N/A,N/A,N/A,N/A,N/A,N/A,1264619520,1264619520,17190912,N/A,135168,45826048,4,discern-proc-so,R (running),client-compromised.bnsdq.ozxfs.vcwss-bomyo.kvugl,2.661084255480151,1
1759279996,37174,1,N/A,N/A,N/A,N/A,N/A,N/A,N/A,N/A,1647706112,1580597248,22380544,N/A,135168,82202624,5,discern-interfa,S (sleeping),client-compromised.bnsdq.ozxfs.vcwss-bomyo.kvugl,0.0019141739213847187,1
1759280001,341,1,103,103,103,103,109,109,109,109,107515904,107515904,101335040,N/A,135168,99786752,1,dbus-daemon,S (sleeping),client-compromised.bnsdq.ozxfs.vcwss-bomyo.kvugl,0.26542529372771423,0
1759280001,153885,1,N/A,N/A,N/A,N/A,N/A,N/A,N/A,N/A,1953267712,1930887168,38625280,N/A,135168,174923776,14,discern-network,S (sleeping),client-compromised.bnsdq.ozxfs.vcwss-bomyo.kvugl,0.47887269101214963,0
1759280001,183,1,N/A,N/A,N/A,N/A,N/A,N/A,N/A,N/A,160686080,101916672,43958272,4096,135168,30134272,1,systemd-journal,S (sleeping),client-compromised.bnsdq.ozxfs.vcwss-bomyo.kvugl,0.20949966588529212,0
1759280001,170563,1,N/A,N/A,N/A,N/A,N/A,N/A,N/A,N/A,1264619520,1264619520,17207296,N/A,135168,45826048,4,discern-proc-so,R (running),client-compromised.bnsdq.ozxfs.vcwss-bomyo.kvugl,2.5973176232023363,0
1759280001,156854,1,N/A,N/A,N/A,N/A,N/A,N/A,N/A,N/A,1647706112,1580597248,21172224,N/A,135168,82202624,5,discern-interfa,S (sleeping),client-compromised.bnsdq.ozxfs.vcwss-bomyo.kvugl,0.0023225064955650593,0
1759280001,340,1,103,103,103,103,109,109,109,109,130543616,130543616,122146816,N/A,135168,122814464,1,dbus-daemon,S (sleeping),client-compromised.bnsdq.ozxfs.vcwss-bomyo.kvugl,0.2968919048177147,1
1759280001,3292,1,N/A,N/A,N/A,N/A,N/A,N/A,N/A,N/A,1953800192,1922756608,40435712,N/A,135168,170991616,13,discern-network,S (sleeping),client-compromised.bnsdq.ozxfs.vcwss-bomyo.kvugl,0.5670529621697157,1
1759280001,179,1,N/A,N/A,N/A,N/A,N/A,N/A,N/A,N/A,135516160,135516160,44314624,4096,135168,38526976,1,systemd-journal,S (sleeping),client-compromised.bnsdq.ozxfs.vcwss-bomyo.kvugl,0.19371828371190952,1
1759280001,48354,1,N/A,N/A,N/A,N/A,N/A,N/A,N/A,N/A,1264619520,1264619520,17190912,N/A,135168,45826048,4,discern-proc-so,R (running),client-compromised.bnsdq.ozxfs.vcwss-bomyo.kvugl,2.659362876428692,1
1759280001,37174,1,N/A,N/A,N/A,N/A,N/A,N/A,N/A,N/A,1647706112,1580597248,22380544,N/A,135168,82202624,5,discern-interfa,S (sleeping),client-compromised.bnsdq.ozxfs.vcwss-bomyo.kvugl,0.0019047902146556758,1
1759280006,341,1,103,103,103,103,109,109,109,109,107515904,107515904,101335040,N/A,135168,99786752,1,dbus-daemon,S (sleeping),client-compromised.bnsdq.ozxfs.vcwss-bomyo.kvugl,0.2653921995409677,0
1759280006,153885,1,N/A,N/A,N/A,N/A,N/A,N/A,N/A,N/A,1953267712,1930887168,38625280,N/A,135168,174923776,14,discern-network,S (sleeping),client-compromised.bnsdq.ozxfs.vcwss-bomyo.kvugl,0.4785571795447218,0
1759280006,183,1,N/A,N/A,N/A,N/A,N/A,N/A,N/A,N/A,160686080,101916672,43958272,4096,135168,30134272,1,systemd-journal,S (sleeping),client-compromised.bnsdq.ozxfs.vcwss-bomyo.kvugl,0.20949223375631837,0
1759280006,170563,1,N/A,N/A,N/A,N/A,N/A,N/A,N/A,N/A,1264619520,1264619520,17207296,N/A,135168,45826048,4,discern-proc-so,R (running),client-compromised.bnsdq.ozxfs.vcwss-bomyo.kvugl,2.607828451297279,0
1759280006,156854,1,N/A,N/A,N/A,N/A,N/A,N/A,N/A,N/A,1647706112,1580597248,21172224,N/A,135168,82202624,5,discern-interfa,S (sleeping),client-compromised.bnsdq.ozxfs.vcwss-bomyo.kvugl,0.0023132419726180414,0
1759280007,340,1,103,103,103,103,109,109,109,109,130678784,130678784,122417152,N/A,135168,122949632,1,dbus-daemon,S (sleeping),client-compromised.bnsdq.ozxfs.vcwss-bomyo.kvugl,0.2967190393983033,1
1759280007,3292,1,N/A,N/A,N/A,N/A,N/A,N/A,N/A,N/A,1953800192,1922756608,40435712,N/A,135168,170991616,13,discern-network,S (sleeping),client-compromised.bnsdq.ozxfs.vcwss-bomyo.kvugl,0.5667329744673292,1
1759280007,179,1,N/A,N/A,N/A,N/A,N/A,N/A,N/A,N/A,135516160,135516160,44314624,4096,135168,38526976,1,systemd-journal,S (sleeping),client-compromised.bnsdq.ozxfs.vcwss-bomyo.kvugl,0.19371905018634847,1
1759280007,48354,1,N/A,N/A,N/A,N/A,N/A,N/A,N/A,N/A,1264619520,1264619520,17190912,N/A,135168,45826048,4,discern-proc-so,R (running),client-compromised.bnsdq.ozxfs.vcwss-bomyo.kvugl,2.6576660027520798,1
1759280007,37174,1,N/A,N/A,N/A,N/A,N/A,N/A,N/A,N/A,1647706112,1580597248,22380544,N/A,135168,82202624,5,discern-interfa,S (sleeping),client-compromised.bnsdq.ozxfs.vcwss-bomyo.kvugl,0.0018954931020248255,1
1759280012,341,1,103,103,103,103,109,109,109,109,107515904,107515904,101335040,N/A,135168,99786752,1,dbus-daemon,S (sleeping),client-compromised.bnsdq.ozxfs.vcwss-bomyo.kvugl,0.2653594682506582,0
1759280012,153885,1,N/A,N/A,N/A,N/A,N/A,N/A,N/A,N/A,1953267712,1930887168,38625280,N/A,135168,174923776,14,discern-network,S (sleeping),client-compromised.bnsdq.ozxfs.vcwss-bomyo.kvugl,0.4789070488598247,0
1759280012,183,1,N/A,N/A,N/A,N/A,N/A,N/A,N/A,N/A,160686080,101916672,43958272,4096,135168,30134272,1,systemd-journal,S (sleeping),client-compromised.bnsdq.ozxfs.vcwss-bomyo.kvugl,0.2093964210031855,0
1759280012,170563,1,N/A,N/A,N/A,N/A,N/A,N/A,N/A,N/A,1264619520,1264619520,17207296,N/A,135168,45826048,4,discern-proc-so,S (sleeping),client-compromised.bnsdq.ozxfs.vcwss-bomyo.kvugl,2.597975507567263,0
1759280012,156854,1,N/A,N/A,N/A,N/A,N/A,N/A,N/A,N/A,1647706112,1580597248,21172224,N/A,135168,82202624,5,discern-interfa,S (sleeping),client-compromised.bnsdq.ozxfs.vcwss-bomyo.kvugl,0.002304076393900881,0
1759280012,340,1,103,103,103,103,109,109,109,109,130813952,130813952,122417152,N/A,135168,123084800,1,dbus-daemon,S (sleeping),client-compromised.bnsdq.ozxfs.vcwss-bomyo.kvugl,0.29687341042660814,1
1759280012,3292,1,N/A,N/A,N/A,N/A,N/A,N/A,N/A,N/A,1953800192,1922756608,40435712,N/A,135168,170991616,13,discern-network,S (sleeping),client-compromised.bnsdq.ozxfs.vcwss-bomyo.kvugl,0.5667620594374873,1
1759280012,179,1,N/A,N/A,N/A,N/A,N/A,N/A,N/A,N/A,135516160,135516160,44314624,4096,135168,38526976,1,systemd-journal,S (sleeping),client-compromised.bnsdq.ozxfs.vcwss-bomyo.kvugl,0.1933939641188154,1
1759280012,48354,1,N/A,N/A,N/A,N/A,N/A,N/A,N/A,N/A,1264619520,1264619520,17190912,N/A,135168,45826048,4,discern-proc-so,S (sleeping),client-compromised.bnsdq.ozxfs.vcwss-bomyo.kvugl,2.653632138784069,1
1759280012,37174,1,N/A,N/A,N/A,N/A,N/A,N/A,N/A,N/A,1647706112,1580597248,22380544,N/A,135168,82202624,5,discern-interfa,S (sleeping),client-compromised.bnsdq.ozxfs.vcwss-bomyo.kvugl,0.0018862942555681985,1
1759280017,341,1,103,103,103,103,109,109,109,109,107515904,107515904,101335040,N/A,135168,99786752,1,dbus-daemon,S (sleeping),client-compromised.bnsdq.ozxfs.vcwss-bomyo.kvugl,0.26549806329896936,0
1759280017,153885,1,N/A,N/A,N/A,N/A,N/A,N/A,N/A,N/A,1953267712,1930887168,38625280,N/A,135168,174923776,14,discern-network,S (sleeping),client-compromised.bnsdq.ozxfs.vcwss-bomyo.kvugl,0.4791750193447657,0
1759280017,183,1,N/A,N/A,N/A,N/A,N/A,N/A,N/A,N/A,160686080,101916672,43958272,4096,135168,30134272,1,systemd-journal,S (sleeping),client-compromised.bnsdq.ozxfs.vcwss-bomyo.kvugl,0.20956183323588534,0
1759280017,170563,1,N/A,N/A,N/A,N/A,N/A,N/A,N/A,N/A,1264619520,1264619520,17207296,N/A,135168,45826048,4,discern-proc-so,S (sleeping),client-compromised.bnsdq.ozxfs.vcwss-bomyo.kvugl,2.6016673836368036,0
1759280017,156854,1,N/A,N/A,N/A,N/A,N/A,N/A,N/A,N/A,1647706112,1580597248,21172224,N/A,135168,82202624,5,discern-interfa,S (sleeping),client-compromised.bnsdq.ozxfs.vcwss-bomyo.kvugl,0.0022945385108092973,0
1759280017,340,1,103,103,103,103,109,109,109,109,130949120,130949120,122687488,N/A,135168,123219968,1,dbus-daemon,S (sleeping),client-compromised.bnsdq.ozxfs.vcwss-bomyo.kvugl,0.2967022733958596,1
1759280017,3292,1,N/A,N/A,N/A,N/A,N/A,N/A,N/A,N/A,1953800192,1922756608,40435712,N/A,135168,170991616,13,discern-network,S (sleeping),client-compromised.bnsdq.ozxfs.vcwss-bomyo.kvugl,0.5664460053186298,1
1759280017,179,1,N/A,N/A,N/A,N/A,N/A,N/A,N/A,N/A,135516160,135516160,44314624,4096,135168,38526976,1,systemd-journal,S (sleeping),client-compromised.bnsdq.ozxfs.vcwss-bomyo.kvugl,0.193396002341281,1
1759280017,48354,1,N/A,N/A,N/A,N/A,N/A,N/A,N/A,N/A,1264619520,1264619520,17190912,N/A,135168,45826048,4,discern-proc-so,S (sleeping),client-compromised.bnsdq.ozxfs.vcwss-bomyo.kvugl,2.6473633598421764,1
1759280017,37174,1,N/A,N/A,N/A,N/A,N/A,N/A,N/A,N/A,1647706112,1580597248,22380544,N/A,135168,82202624,5,discern-interfa,S (sleeping),client-compromised.bnsdq.ozxfs.vcwss-bomyo.kvugl,0.001877196796040975,1
1759280022,341,1,103,103,103,103,109,109,109,109,107515904,107515904,101335040,N/A,135168,99786752,1,dbus-daemon,S (sleeping),client-compromised.bnsdq.ozxfs.vcwss-bomyo.kvugl,0.2653769237004686,0
1759280022,153885,1,N/A,N/A,N/A,N/A,N/A,N/A,N/A,N/A,1953267712,1930887168,38625280,N/A,135168,174923776,14,discern-network,S (sleeping),client-compromised.bnsdq.ozxfs.vcwss-bomyo.kvugl,0.4788687175174844,0
1759280022,183,1,N/A,N/A,N/A,N/A,N/A,N/A,N/A,N/A,160686080,101916672,43958272,4096,135168,30134272,1,systemd-journal,S (sleeping),client-compromised.bnsdq.ozxfs.vcwss-bomyo.kvugl,0.20946623032994982,0
1759280022,170563,1,N/A,N/A,N/A,N/A,N/A,N/A,N/A,N/A,1264619520,1264619520,17207296,N/A,135168,45826048,4,discern-proc-so,R (running),client-compromised.bnsdq.ozxfs.vcwss-bomyo.kvugl,2.600125360583601,0
1759280022,156854,1,N/A,N/A,N/A,N/A,N/A,N/A,N/A,N/A,1647706112,1580597248,21172224,N/A,135168,82202624,5,discern-interfa,S (sleeping),client-compromised.bnsdq.ozxfs.vcwss-bomyo.kvugl,0.002285534982409226,0
1759280022,340,1,103,103,103,103,109,109,109,109,131219456,131219456,122687488,N/A,135168,123490304,1,dbus-daemon,S (sleeping),client-compromised.bnsdq.ozxfs.vcwss-bomyo.kvugl,0.2968566433648083,1
1759280022,3292,1,N/A,N/A,N/A,N/A,N/A,N/A,N/A,N/A,1953800192,1922756608,40435712,N/A,135168,170991616,13,discern-network,S (sleeping),client-compromised.bnsdq.ozxfs.vcwss-bomyo.kvugl,0.5661306491435932,1
1759280022,179,1,N/A,N/A,N/A,N/A,N/A,N/A,N/A,N/A,135516160,135516160,44314624,4096,135168,38526976,1,systemd-journal,S (sleeping),client-compromised.bnsdq.ozxfs.vcwss-bomyo.kvugl,0.19307285756937728,1
1759280022,48354,1,N/A,N/A,N/A,N/A,N/A,N/A,N/A,N/A,1264619520,1264619520,17190912,N/A,135168,45826048,4,discern-proc-so,R (running),client-compromised.bnsdq.ozxfs.vcwss-bomyo.kvugl,2.6435823168528696,1
1759280022,37174,1,N/A,N/A,N/A,N/A,N/A,N/A,N/A,N/A,1647706112,1580597248,22380544,N/A,135168,82202624,5,discern-interfa,S (sleeping),client-compromised.bnsdq.ozxfs.vcwss-bomyo.kvugl,0.0018681828670205675,1
1759280027,341,1,103,103,103,103,109,109,109,109,107515904,107515904,101335040,N/A,135168,99786752,1,dbus-daemon,S (sleeping),client-compromised.bnsdq.ozxfs.vcwss-bomyo.kvugl,0.2654329297251478,0
1759280027,153885,1,N/A,N/A,N/A,N/A,N/A,N/A,N/A,N/A,1953267712,1930887168,38625280,N/A,135168,174923776,14,discern-network,S (sleeping),client-compromised.bnsdq.ozxfs.vcwss-bomyo.kvugl,0.47856391026749223,0
1759280027,183,1,N/A,N/A,N/A,N/A,N/A,N/A,N/A,N/A,160686080,101916672,43958272,4096,135168,30134272,1,systemd-journal,S (sleeping),client-compromised.bnsdq.ozxfs.vcwss-bomyo.kvugl,0.2096362647356831,0
1759280027,170563,1,N/A,N/A,N/A,N/A,N/A,N/A,N/A,N/A,1264619520,1264619520,17207296,N/A,135168,45826048,4,discern-proc-so,R (running),client-compromised.bnsdq.ozxfs.vcwss-bomyo.kvugl,2.598622633128697,0
1759280027,156854,1,N/A,N/A,N/A,N/A,N/A,N/A,N/A,N/A,1647706112,1580597248,21172224,N/A,135168,82202624,5,discern-interfa,S (sleeping),client-compromised.bnsdq.ozxfs.vcwss-bomyo.kvugl,0.0022765979445595113,0
1759280032,341,1,103,103,103,103,109,109,109,109,107515904,107515904,101335040,N/A,135168,99786752,1,dbus-daemon,S (sleeping),client-compromised.bnsdq.ozxfs.vcwss-bomyo.kvugl,0.26548866789307946,0
1759280032,153885,1,N/A,N/A,N/A,N/A,N/A,N/A,N/A,N/A,1953267712,1930887168,38625280,N/A,135168,174923776,14,discern-network,S (sleeping),client-compromised.bnsdq.ozxfs.vcwss-bomyo.kvugl,0.478908085281715,0
1759280032,183,1,N/A,N/A,N/A,N/A,N/A,N/A,N/A,N/A,160686080,101916672,43958272,4096,135168,30134272,1,systemd-journal,S (sleeping),client-compromised.bnsdq.ozxfs.vcwss-bomyo.kvugl,0.20954050790726755,0
1759280032,170563,1,N/A,N/A,N/A,N/A,N/A,N/A,N/A,N/A,1264619520,1264619520,17207296,N/A,135168,45826048,4,discern-proc-so,S (sleeping),client-compromised.bnsdq.ozxfs.vcwss-bomyo.kvugl,2.6082031223243307,0
1759280032,156854,1,N/A,N/A,N/A,N/A,N/A,N/A,N/A,N/A,1647706112,1580597248,21172224,N/A,135168,82202624,5,discern-interfa,S (sleeping),client-compromised.bnsdq.ozxfs.vcwss-bomyo.kvugl,0.0022677145537879583,0
1759280038,341,1,103,103,103,103,109,109,109,109,107515904,107515904,101335040,N/A,135168,99786752,1,dbus-daemon,S (sleeping),client-compromised.bnsdq.ozxfs.vcwss-bomyo.kvugl,0.26545612111050954,0
1759280038,153885,1,N/A,N/A,N/A,N/A,N/A,N/A,N/A,N/A,1953267712,1930887168,38625280,N/A,135168,174923776,14,discern-network,S (sleeping),client-compromised.bnsdq.ozxfs.vcwss-bomyo.kvugl,0.479900526974175,0
1759280038,183,1,N/A,N/A,N/A,N/A,N/A,N/A,N/A,N/A,160686080,101916672,43958272,4096,135168,30134272,1,systemd-journal,S (sleeping),client-compromised.bnsdq.ozxfs.vcwss-bomyo.kvugl,0.20944501332663323,0
1759280038,170563,1,N/A,N/A,N/A,N/A,N/A,N/A,N/A,N/A,1264619520,1264619520,17207296,N/A,135168,45826048,4,discern-proc-so,R (running),client-compromised.bnsdq.ozxfs.vcwss-bomyo.kvugl,2.6066074700137447,0
1759280038,156854,1,N/A,N/A,N/A,N/A,N/A,N/A,N/A,N/A,1647706112,1580597248,21172224,N/A,135168,82202624,5,discern-interfa,S (sleeping),client-compromised.bnsdq.ozxfs.vcwss-bomyo.kvugl,0.0022589165886197295,0
1759280043,341,1,103,103,103,103,109,109,109,109,107515904,107515904,101335040,N/A,135168,99786752,1,dbus-daemon,S (sleeping),client-compromised.bnsdq.ozxfs.vcwss-bomyo.kvugl,0.2654230468900565,0
1759280043,153885,1,N/A,N/A,N/A,N/A,N/A,N/A,N/A,N/A,1953267712,1930887168,38625280,N/A,135168,174923776,14,discern-network,S (sleeping),client-compromised.bnsdq.ozxfs.vcwss-bomyo.kvugl,0.4795880520242973,0
1759280043,183,1,N/A,N/A,N/A,N/A,N/A,N/A,N/A,N/A,160686080,101916672,43958272,4096,135168,30134272,1,systemd-journal,S (sleeping),client-compromised.bnsdq.ozxfs.vcwss-bomyo.kvugl,0.20943757423109846,0
1759280043,170563,1,N/A,N/A,N/A,N/A,N/A,N/A,N/A,N/A,1264619520,1264619520,17207296,N/A,135168,45826048,4,discern-proc-so,R (running),client-compromised.bnsdq.ozxfs.vcwss-bomyo.kvugl,2.611986626762881,0
1759280043,156854,1,N/A,N/A,N/A,N/A,N/A,N/A,N/A,N/A,1647706112,1580597248,21172224,N/A,135168,82202624,5,discern-interfa,S (sleeping),client-compromised.bnsdq.ozxfs.vcwss-bomyo.kvugl,0.0022501464363691858,0
1759280048,341,1,103,103,103,103,109,109,109,109,107515904,107515904,101335040,N/A,135168,99786752,1,dbus-daemon,S (sleeping),client-compromised.bnsdq.ozxfs.vcwss-bomyo.kvugl,0.26539039075570975,0
1759280048,153885,1,N/A,N/A,N/A,N/A,N/A,N/A,N/A,N/A,1953267712,1930887168,38625280,N/A,135168,174923776,14,discern-network,S (sleeping),client-compromised.bnsdq.ozxfs.vcwss-bomyo.kvugl,0.47928274796110937,0
1759280048,183,1,N/A,N/A,N/A,N/A,N/A,N/A,N/A,N/A,160686080,101916672,43958272,4096,135168,30134272,1,systemd-journal,S (sleeping),client-compromised.bnsdq.ozxfs.vcwss-bomyo.kvugl,0.20943044693437188,0
1759280048,170563,1,N/A,N/A,N/A,N/A,N/A,N/A,N/A,N/A,1264619520,1264619520,17207296,N/A,135168,45826048,4,discern-proc-so,R (running),client-compromised.bnsdq.ozxfs.vcwss-bomyo.kvugl,2.617321555359743,0
1759280048,156854,1,N/A,N/A,N/A,N/A,N/A,N/A,N/A,N/A,1647706112,1580597248,21172224,N/A,135168,82202624,5,discern-interfa,S (sleeping),client-compromised.bnsdq.ozxfs.vcwss-bomyo.kvugl,0.0022414715457973956,0
1759280053,341,1,103,103,103,103,109,109,109,109,107515904,107515904,101335040,N/A,135168,99786752,1,dbus-daemon,S (sleeping),client-compromised.bnsdq.ozxfs.vcwss-bomyo.kvugl,0.26535746403538857,0
1759280053,153885,1,N/A,N/A,N/A,N/A,N/A,N/A,N/A,N/A,1953267712,1930887168,38625280,N/A,135168,174923776,14,discern-network,S (sleeping),client-compromised.bnsdq.ozxfs.vcwss-bomyo.kvugl,0.47897553697767725,0
1759280053,183,1,N/A,N/A,N/A,N/A,N/A,N/A,N/A,N/A,160686080,101916672,43958272,4096,135168,30134272,1,systemd-journal,S (sleeping),client-compromised.bnsdq.ozxfs.vcwss-bomyo.kvugl,0.20933476346606386,0
1759280053,170563,1,N/A,N/A,N/A,N/A,N/A,N/A,N/A,N/A,1264619520,1264619520,17207296,N/A,135168,45826048,4,discern-proc-so,S (sleeping),client-compromised.bnsdq.ozxfs.vcwss-bomyo.kvugl,2.622352358853249,0
1759280053,156854,1,N/A,N/A,N/A,N/A,N/A,N/A,N/A,N/A,1647706112,1580597248,21172224,N/A,135168,82202624,5,discern-interfa,S (sleeping),client-compromised.bnsdq.ozxfs.vcwss-bomyo.kvugl,0.0022328424542213793,0
1759280058,341,1,103,103,103,103,109,109,109,109,107515904,107515904,101335040,N/A,135168,99786752,1,dbus-daemon,S (sleeping),client-compromised.bnsdq.ozxfs.vcwss-bomyo.kvugl,0.2653250701478331,0
1759280058,153885,1,N/A,N/A,N/A,N/A,N/A,N/A,N/A,N/A,1953267712,1930887168,38625280,N/A,135168,174923776,14,discern-network,S (sleeping),client-compromised.bnsdq.ozxfs.vcwss-bomyo.kvugl,0.47931601378503685,0
1759280058,183,1,N/A,N/A,N/A,N/A,N/A,N/A,N/A,N/A,160686080,101916672,43958272,4096,135168,30134272,1,systemd-journal,S (sleeping),client-compromised.bnsdq.ozxfs.vcwss-bomyo.kvugl,0.20941613724602673,0
1759280058,170563,1,N/A,N/A,N/A,N/A,N/A,N/A,N/A,N/A,1264619520,1264619520,17207296,N/A,135168,45826048,4,discern-proc-so,R (running),client-compromised.bnsdq.ozxfs.vcwss-bomyo.kvugl,2.6240162006628216,0
1759280058,156854,1,N/A,N/A,N/A,N/A,N/A,N/A,N/A,N/A,1647706112,1580597248,21172224,N/A,135168,82202624,5,discern-interfa,S (sleeping),client-compromised.bnsdq.ozxfs.vcwss-bomyo.kvugl,0.002224314767919291,0
1759280063,341,1,103,103,103,103,109,109,109,109,107515904,107515904,101335040,N/A,135168,99786752,1,dbus-daemon,S (sleeping),client-compromised.bnsdq.ozxfs.vcwss-bomyo.kvugl,0.2654693361172383,0
1759280063,153885,1,N/A,N/A,N/A,N/A,N/A,N/A,N/A,N/A,1953267712,1930887168,38625280,N/A,135168,174923776,14,discern-network,S (sleeping),client-compromised.bnsdq.ozxfs.vcwss-bomyo.kvugl,0.47965583341040524,0
1759280063,183,1,N/A,N/A,N/A,N/A,N/A,N/A,N/A,N/A,160686080,101916672,43958272,4096,135168,30134272,1,systemd-journal,S (sleeping),client-compromised.bnsdq.ozxfs.vcwss-bomyo.kvugl,0.20940928571532905,0
1759280063,170563,1,N/A,N/A,N/A,N/A,N/A,N/A,N/A,N/A,1264619520,1264619520,17207296,N/A,135168,45826048,4,discern-proc-so,S (sleeping),client-compromised.bnsdq.ozxfs.vcwss-bomyo.kvugl,2.619020765033424,0
1759280063,156854,1,N/A,N/A,N/A,N/A,N/A,N/A,N/A,N/A,1647706112,1580597248,21172224,N/A,135168,82202624,5,discern-interfa,S (sleeping),client-compromised.bnsdq.ozxfs.vcwss-bomyo.kvugl,0.002215860396388934,0
1759280069,341,1,103,103,103,103,109,109,109,109,107515904,107515904,101335040,N/A,135168,99786752,1,dbus-daemon,S (sleeping),client-compromised.bnsdq.ozxfs.vcwss-bomyo.kvugl,0.2654371854497896,0
1759280069,153885,1,N/A,N/A,N/A,N/A,N/A,N/A,N/A,N/A,1953267712,1930887168,38625280,N/A,135168,174923776,14,discern-network,S (sleeping),client-compromised.bnsdq.ozxfs.vcwss-bomyo.kvugl,0.4793603840219002,0
1759280069,183,1,N/A,N/A,N/A,N/A,N/A,N/A,N/A,N/A,160686080,101916672,43958272,4096,135168,30134272,1,systemd-journal,S (sleeping),client-compromised.bnsdq.ozxfs.vcwss-bomyo.kvugl,0.20931434535250615,0
1759280069,170563,1,N/A,N/A,N/A,N/A,N/A,N/A,N/A,N/A,1264619520,1264619520,17207296,N/A,135168,45826048,4,discern-proc-so,R (running),client-compromised.bnsdq.ozxfs.vcwss-bomyo.kvugl,2.617512640764506,0
1759280069,156854,1,N/A,N/A,N/A,N/A,N/A,N/A,N/A,N/A,1647706112,1580597248,21172224,N/A,135168,82202624,5,discern-interfa,S (sleeping),client-compromised.bnsdq.ozxfs.vcwss-bomyo.kvugl,0.002207479819087198,0
1759280074,341,1,103,103,103,103,109,109,109,109,107515904,107515904,101335040,N/A,135168,99786752,1,dbus-daemon,S (sleeping),client-compromised.bnsdq.ozxfs.vcwss-bomyo.kvugl,0.26558120926182327,0
1759280074,153885,1,N/A,N/A,N/A,N/A,N/A,N/A,N/A,N/A,1953267712,1930887168,38625280,N/A,135168,174923776,14,discern-network,S (sleeping),client-compromised.bnsdq.ozxfs.vcwss-bomyo.kvugl,0.47906422581141633,0
1759280074,183,1,N/A,N/A,N/A,N/A,N/A,N/A,N/A,N/A,160686080,101916672,43958272,4096,135168,30134272,1,systemd-journal,S (sleeping),client-compromised.bnsdq.ozxfs.vcwss-bomyo.kvugl,0.20939566727028694,0
1759280074,170563,1,N/A,N/A,N/A,N/A,N/A,N/A,N/A,N/A,1264619520,1264619520,17207296,N/A,135168,45826048,4,discern-proc-so,S (sleeping),client-compromised.bnsdq.ozxfs.vcwss-bomyo.kvugl,2.6159830234017734,0
1759280074,156854,1,N/A,N/A,N/A,N/A,N/A,N/A,N/A,N/A,1647706112,1580597248,21172224,N/A,135168,82202624,5,discern-interfa,S (sleeping),client-compromised.bnsdq.ozxfs.vcwss-bomyo.kvugl,0.0021991487662537004,0
1759280079,341,1,103,103,103,103,109,109,109,109,107515904,107515904,101335040,N/A,135168,99786752,1,dbus-daemon,S (sleeping),client-compromised.bnsdq.ozxfs.vcwss-bomyo.kvugl,0.26554823381360904,0
1759280079,153885,1,N/A,N/A,N/A,N/A,N/A,N/A,N/A,N/A,1953267712,1930887168,38625280,N/A,135168,174923776,14,discern-network,S (sleeping),client-compromised.bnsdq.ozxfs.vcwss-bomyo.kvugl,0.4800238020423688,0
1759280079,183,1,N/A,N/A,N/A,N/A,N/A,N/A,N/A,N/A,160686080,101916672,43958272,4096,135168,30134272,1,systemd-journal,S (sleeping),client-compromised.bnsdq.ozxfs.vcwss-bomyo.kvugl,0.20930018706701303,0
1759280079,170563,1,N/A,N/A,N/A,N/A,N/A,N/A,N/A,N/A,1264619520,1264619520,17207296,N/A,135168,45826048,4,discern-proc-so,R (running),client-compromised.bnsdq.ozxfs.vcwss-bomyo.kvugl,2.620611914601041,0
1759280079,156854,1,N/A,N/A,N/A,N/A,N/A,N/A,N/A,N/A,1647706112,1580597248,21172224,N/A,135168,82202624,5,discern-interfa,S (sleeping),client-compromised.bnsdq.ozxfs.vcwss-bomyo.kvugl,0.0021908389523887066,0
1759280084,341,1,103,103,103,103,109,109,109,109,107515904,107515904,101335040,N/A,135168,99786752,1,dbus-daemon,S (sleeping),client-compromised.bnsdq.ozxfs.vcwss-bomyo.kvugl,0.26551574072389383,0
1759280084,153885,1,N/A,N/A,N/A,N/A,N/A,N/A,N/A,N/A,1953267712,1930887168,38625280,N/A,135168,174923776,14,discern-network,S (sleeping),client-compromised.bnsdq.ozxfs.vcwss-bomyo.kvugl,0.4797255049355682,0
1759280084,183,1,N/A,N/A,N/A,N/A,N/A,N/A,N/A,N/A,160686080,101916672,43958272,4096,135168,30134272,1,systemd-journal,S (sleeping),client-compromised.bnsdq.ozxfs.vcwss-bomyo.kvugl,0.20929323669817984,0
1759280084,170563,1,N/A,N/A,N/A,N/A,N/A,N/A,N/A,N/A,1264619520,1264619520,17207296,N/A,135168,45826048,4,discern-proc-so,R (running),client-compromised.bnsdq.ozxfs.vcwss-bomyo.kvugl,2.6190299978369804,0
1759280084,156854,1,N/A,N/A,N/A,N/A,N/A,N/A,N/A,N/A,1647706112,1580597248,21172224,N/A,135168,82202624,5,discern-interfa,S (sleeping),client-compromised.bnsdq.ozxfs.vcwss-bomyo.kvugl,0.002182622578272233,0
1759280089,341,1,103,103,103,103,109,109,109,109,107515904,107515904,101335040,N/A,135168,99786752,1,dbus-daemon,S (sleeping),client-compromised.bnsdq.ozxfs.vcwss-bomyo.kvugl,0.26548295265526983,0
1759280089,153885,1,N/A,N/A,N/A,N/A,N/A,N/A,N/A,N/A,1953267712,1930887168,38625280,N/A,135168,174923776,14,discern-network,S (sleeping),client-compromised.bnsdq.ozxfs.vcwss-bomyo.kvugl,0.4800516916891098,0
1759280089,183,1,N/A,N/A,N/A,N/A,N/A,N/A,N/A,N/A,160686080,101916672,43958272,4096,135168,30134272,1,systemd-journal,S (sleeping),client-compromised.bnsdq.ozxfs.vcwss-bomyo.kvugl,0.20928603821603747,0
1759280089,170563,1,N/A,N/A,N/A,N/A,N/A,N/A,N/A,N/A,1264619520,1264619520,17207296,N/A,135168,45826048,4,discern-proc-so,R (running),client-compromised.bnsdq.ozxfs.vcwss-bomyo.kvugl,2.6265705446347694,0
1759280089,156854,1,N/A,N/A,N/A,N/A,N/A,N/A,N/A,N/A,1647706112,1580597248,21172224,N/A,135168,82202624,5,discern-interfa,S (sleeping),client-compromised.bnsdq.ozxfs.vcwss-bomyo.kvugl,0.002174445945194308,0
1759280094,341,1,103,103,103,103,109,109,109,109,107515904,107515904,101335040,N/A,135168,99786752,1,dbus-daemon,S (sleeping),client-compromised.bnsdq.ozxfs.vcwss-bomyo.kvugl,0.26545067009163476,0
1759280094,153885,1,N/A,N/A,N/A,N/A,N/A,N/A,N/A,N/A,1953267712,1930887168,38625280,N/A,135168,174923776,14,discern-network,S (sleeping),client-compromised.bnsdq.ozxfs.vcwss-bomyo.kvugl,0.4797571742417693,0
1759280094,183,1,N/A,N/A,N/A,N/A,N/A,N/A,N/A,N/A,160686080,101916672,43958272,4096,135168,30134272,1,systemd-journal,S (sleeping),client-compromised.bnsdq.ozxfs.vcwss-bomyo.kvugl,0.20927922007665908,0
1759280094,170563,1,N/A,N/A,N/A,N/A,N/A,N/A,N/A,N/A,1264619520,1264619520,17207296,N/A,135168,45826048,4,discern-proc-so,R (running),client-compromised.bnsdq.ozxfs.vcwss-bomyo.kvugl,2.6249960262318153,0
1759280094,156854,1,N/A,N/A,N/A,N/A,N/A,N/A,N/A,N/A,1647706112,1580597248,21172224,N/A,135168,82202624,5,discern-interfa,S (sleeping),client-compromised.bnsdq.ozxfs.vcwss-bomyo.kvugl,0.0021663619732658563,0
1759280099,341,1,103,103,103,103,109,109,109,109,107515904,107515904,101335040,N/A,135168,99786752,1,dbus-daemon,S (sleeping),client-compromised.bnsdq.ozxfs.vcwss-bomyo.kvugl,0.265417863500663,0
1759280099,153885,1,N/A,N/A,N/A,N/A,N/A,N/A,N/A,N/A,1953267712,1930887168,38625280,N/A,135168,174923776,14,discern-network,S (sleeping),client-compromised.bnsdq.ozxfs.vcwss-bomyo.kvugl,0.47945747812553957,0
1759280099,183,1,N/A,N/A,N/A,N/A,N/A,N/A,N/A,N/A,160686080,101916672,43958272,4096,135168,30134272,1,systemd-journal,S (sleeping),client-compromised.bnsdq.ozxfs.vcwss-bomyo.kvugl,0.20927197206539036,0
1759280099,170563,1,N/A,N/A,N/A,N/A,N/A,N/A,N/A,N/A,1264619520,1264619520,17207296,N/A,135168,45826048,4,discern-proc-so,R (running),client-compromised.bnsdq.ozxfs.vcwss-bomyo.kvugl,2.6321876618111584,0
1759280099,156854,1,N/A,N/A,N/A,N/A,N/A,N/A,N/A,N/A,1647706112,1580597248,21172224,N/A,135168,82202624,5,discern-interfa,S (sleeping),client-compromised.bnsdq.ozxfs.vcwss-bomyo.kvugl,0.002158301081954302,0
1759280105,341,1,103,103,103,103,109,109,109,109,107515904,107515904,101335040,N/A,135168,99786752,1,dbus-daemon,S (sleeping),client-compromised.bnsdq.ozxfs.vcwss-bomyo.kvugl,0.26547351354076487,0
1759280105,153885,1,N/A,N/A,N/A,N/A,N/A,N/A,N/A,N/A,1953267712,1930887168,38625280,N/A,135168,174923776,14,discern-network,S (sleeping),client-compromised.bnsdq.ozxfs.vcwss-bomyo.kvugl,0.4804073513334997,0
1759280105,183,1,N/A,N/A,N/A,N/A,N/A,N/A,N/A,N/A,160686080,101916672,43958272,4096,135168,30134272,1,systemd-journal,S (sleeping),client-compromised.bnsdq.ozxfs.vcwss-bomyo.kvugl,0.20917719038290913,0
1759280105,170563,1,N/A,N/A,N/A,N/A,N/A,N/A,N/A,N/A,1264619520,1264619520,17207296,N/A,135168,45826048,4,discern-proc-so,S (sleeping),client-compromised.bnsdq.ozxfs.vcwss-bomyo.kvugl,2.633477850369678,0
1759280105,156854,1,N/A,N/A,N/A,N/A,N/A,N/A,N/A,N/A,1647706112,1580597248,21172224,N/A,135168,82202624,5,discern-interfa,S (sleeping),client-compromised.bnsdq.ozxfs.vcwss-bomyo.kvugl,0.002150332273485263,0
1759280110,341,1,103,103,103,103,109,109,109,109,107515904,107515904,101335040,N/A,135168,99786752,1,dbus-daemon,S (sleeping),client-compromised.bnsdq.ozxfs.vcwss-bomyo.kvugl,0.26561693623623944,0
1759280110,153885,1,N/A,N/A,N/A,N/A,N/A,N/A,N/A,N/A,1953267712,1930887168,38625280,N/A,135168,174923776,14,discern-network,S (sleeping),client-compromised.bnsdq.ozxfs.vcwss-bomyo.kvugl,0.48011284937733095,0
1759280110,183,1,N/A,N/A,N/A,N/A,N/A,N/A,N/A,N/A,160686080,101916672,43958272,4096,135168,30134272,1,systemd-journal,S (sleeping),client-compromised.bnsdq.ozxfs.vcwss-bomyo.kvugl,0.20925821688093782,0
1759280110,170563,1,N/A,N/A,N/A,N/A,N/A,N/A,N/A,N/A,1264619520,1264619520,17207296,N/A,135168,45826048,4,discern-proc-so,R (running),client-compromised.bnsdq.ozxfs.vcwss-bomyo.kvugl,2.6347095253286823,0
1759280110,156854,1,N/A,N/A,N/A,N/A,N/A,N/A,N/A,N/A,1647706112,1580597248,21172224,N/A,135168,82202624,5,discern-interfa,S (sleeping),client-compromised.bnsdq.ozxfs.vcwss-bomyo.kvugl,0.002142418018342161,0
1759280115,341,1,103,103,103,103,109,109,109,109,107515904,107515904,101335040,N/A,135168,99786752,1,dbus-daemon,S (sleeping),client-compromised.bnsdq.ozxfs.vcwss-bomyo.kvugl,0.26558456373486417,0
1759280115,153885,1,N/A,N/A,N/A,N/A,N/A,N/A,N/A,N/A,1953267712,1930887168,38625280,N/A,135168,174923776,14,discern-network,S (sleeping),client-compromised.bnsdq.ozxfs.vcwss-bomyo.kvugl,0.48105425299106624,0
1759280115,183,1,N/A,N/A,N/A,N/A,N/A,N/A,N/A,N/A,160686080,101916672,43958272,4096,135168,30134272,1,systemd-journal,S (sleeping),client-compromised.bnsdq.ozxfs.vcwss-bomyo.kvugl,0.20925135322337715,0
1759280115,170563,1,N/A,N/A,N/A,N/A,N/A,N/A,N/A,N/A,1264619520,1264619520,17207296,N/A,135168,45826048,4,discern-proc-so,S (sleeping),client-compromised.bnsdq.ozxfs.vcwss-bomyo.kvugl,2.6330794804963924,0
1759280115,156854,1,N/A,N/A,N/A,N/A,N/A,N/A,N/A,N/A,1647706112,1580597248,21172224,N/A,135168,82202624,5,discern-interfa,S (sleeping),client-compromised.bnsdq.ozxfs.vcwss-bomyo.kvugl,0.002134564138651694,0
1759280120,341,1,103,103,103,103,109,109,109,109,107515904,107515904,101335040,N/A,135168,99786752,1,dbus-daemon,S (sleeping),client-compromised.bnsdq.ozxfs.vcwss-bomyo.kvugl,0.26555226679418975,0
1759280120,153885,1,N/A,N/A,N/A,N/A,N/A,N/A,N/A,N/A,1953267712,1930887168,38625280,N/A,135168,174923776,14,discern-network,S (sleeping),client-compromised.bnsdq.ozxfs.vcwss-bomyo.kvugl,0.48014591307843496,0
1759280120,183,1,N/A,N/A,N/A,N/A,N/A,N/A,N/A,N/A,160686080,101916672,43958272,4096,135168,30134272,1,systemd-journal,S (sleeping),client-compromised.bnsdq.ozxfs.vcwss-bomyo.kvugl,0.20924453467101997,0
1759280120,170563,1,N/A,N/A,N/A,N/A,N/A,N/A,N/A,N/A,1264619520,1264619520,17207296,N/A,135168,45826048,4,discern-proc-so,S (sleeping),client-compromised.bnsdq.ozxfs.vcwss-bomyo.kvugl,2.634308743961125,0
1759280120,156854,1,N/A,N/A,N/A,N/A,N/A,N/A,N/A,N/A,1647706112,1580597248,21172224,N/A,135168,82202624,5,discern-interfa,S (sleeping),client-compromised.bnsdq.ozxfs.vcwss-bomyo.kvugl,0.0021267709200330975,0
1759280125,341,1,103,103,103,103,109,109,109,109,107515904,107515904,101335040,N/A,135168,99786752,1,dbus-daemon,S (sleeping),client-compromised.bnsdq.ozxfs.vcwss-bomyo.kvugl,0.2656072094852303,0
1759280125,153885,1,N/A,N/A,N/A,N/A,N/A,N/A,N/A,N/A,1953267712,1930887168,38625280,N/A,135168,174923776,14,discern-network,S (sleeping),client-compromised.bnsdq.ozxfs.vcwss-bomyo.kvugl,0.481074711577939,0
1759280125,183,1,N/A,N/A,N/A,N/A,N/A,N/A,N/A,N/A,160686080,101916672,43958272,4096,135168,30134272,1,systemd-journal,S (sleeping),client-compromised.bnsdq.ozxfs.vcwss-bomyo.kvugl,0.20923727669857714,0
1759280125,170563,1,N/A,N/A,N/A,N/A,N/A,N/A,N/A,N/A,1264619520,1264619520,17207296,N/A,135168,45826048,4,discern-proc-so,S (sleeping),client-compromised.bnsdq.ozxfs.vcwss-bomyo.kvugl,2.638083268493074,0
1759280125,156854,1,N/A,N/A,N/A,N/A,N/A,N/A,N/A,N/A,1647706112,1580597248,21172224,N/A,135168,82202624,5,discern-interfa,S (sleeping),client-compromised.bnsdq.ozxfs.vcwss-bomyo.kvugl,0.002118998019871489,0
1759280130,341,1,103,103,103,103,109,109,109,109,107515904,107515904,101335040,N/A,135168,99786752,1,dbus-daemon,S (sleeping),client-compromised.bnsdq.ozxfs.vcwss-bomyo.kvugl,0.2655750475204416,0
1759280130,153885,1,N/A,N/A,N/A,N/A,N/A,N/A,N/A,N/A,1953267712,1930887168,38625280,N/A,135168,174923776,14,discern-network,S (sleeping),client-compromised.bnsdq.ozxfs.vcwss-bomyo.kvugl,0.4807844238263518,0
1759280130,183,1,N/A,N/A,N/A,N/A,N/A,N/A,N/A,N/A,160686080,101916672,43958272,4096,135168,30134272,1,systemd-journal,S (sleeping),client-compromised.bnsdq.ozxfs.vcwss-bomyo.kvugl,0.20914283360021915,0
1759280130,170563,1,N/A,N/A,N/A,N/A,N/A,N/A,N/A,N/A,1264619520,1264619520,17207296,N/A,135168,45826048,4,discern-proc-so,R (running),client-compromised.bnsdq.ozxfs.vcwss-bomyo.kvugl,2.636525082650408,0
1759280130,156854,1,N/A,N/A,N/A,N/A,N/A,N/A,N/A,N/A,1647706112,1580597248,21172224,N/A,135168,82202624,5,discern-interfa,S (sleeping),client-compromised.bnsdq.ozxfs.vcwss-bomyo.kvugl,0.002111325011725465,0
1759280136,341,1,103,103,103,103,109,109,109,109,107515904,107515904,101335040,N/A,135168,99786752,1,dbus-daemon,S (sleeping),client-compromised.bnsdq.ozxfs.vcwss-bomyo.kvugl,0.26563011229017747,0
1759280136,153885,1,N/A,N/A,N/A,N/A,N/A,N/A,N/A,N/A,1953267712,1930887168,38625280,N/A,135168,174923776,14,discern-network,S (sleeping),client-compromised.bnsdq.ozxfs.vcwss-bomyo.kvugl,0.48109868057918626,0
1759280136,183,1,N/A,N/A,N/A,N/A,N/A,N/A,N/A,N/A,160686080,101916672,43958272,4096,135168,30134272,1,systemd-journal,S (sleeping),client-compromised.bnsdq.ozxfs.vcwss-bomyo.kvugl,0.20913577192965438,0
1759280136,170563,1,N/A,N/A,N/A,N/A,N/A,N/A,N/A,N/A,1264619520,1264619520,17207296,N/A,135168,45826048,4,discern-proc-so,R (running),client-compromised.bnsdq.ozxfs.vcwss-bomyo.kvugl,2.642900463822245,0
1759280136,156854,1,N/A,N/A,N/A,N/A,N/A,N/A,N/A,N/A,1647706112,1580597248,21172224,N/A,135168,82202624,5,discern-interfa,S (sleeping),client-compromised.bnsdq.ozxfs.vcwss-bomyo.kvugl,0.0021036760711575704,0
1759280141,341,1,103,103,103,103,109,109,109,109,107515904,107515904,101335040,N/A,135168,99786752,1,dbus-daemon,S (sleeping),client-compromised.bnsdq.ozxfs.vcwss-bomyo.kvugl,0.2655978566869691,0
1759280141,153885,1,N/A,N/A,N/A,N/A,N/A,N/A,N/A,N/A,1953267712,1930887168,38625280,N/A,135168,174923776,14,discern-network,S (sleeping),client-compromised.bnsdq.ozxfs.vcwss-bomyo.kvugl,0.4808087109812958,0
1759280141,183,1,N/A,N/A,N/A,N/A,N/A,N/A,N/A,N/A,160686080,101916672,43958272,4096,135168,30134272,1,systemd-journal,S (sleeping),client-compromised.bnsdq.ozxfs.vcwss-bomyo.kvugl,0.2091290173148013,0
1759280141,170563,1,N/A,N/A,N/A,N/A,N/A,N/A,N/A,N/A,1264619520,1264619520,17207296,N/A,135168,45826048,4,discern-proc-so,S (sleeping),client-compromised.bnsdq.ozxfs.vcwss-bomyo.kvugl,2.638640437401139,0
1759280141,156854,1,N/A,N/A,N/A,N/A,N/A,N/A,N/A,N/A,1647706112,1580597248,21172224,N/A,135168,82202624,5,discern-interfa,S (sleeping),client-compromised.bnsdq.ozxfs.vcwss-bomyo.kvugl,0.002096106213592529,0
1759280146,341,1,103,103,103,103,109,109,109,109,107515904,107515904,101335040,N/A,135168,99786752,1,dbus-daemon,S (sleeping),client-compromised.bnsdq.ozxfs.vcwss-bomyo.kvugl,0.26556551827671443,0
1759280146,153885,1,N/A,N/A,N/A,N/A,N/A,N/A,N/A,N/A,1953267712,1930887168,38625280,N/A,135168,174923776,14,discern-network,S (sleeping),client-compromised.bnsdq.ozxfs.vcwss-bomyo.kvugl,0.4811243579591124,0
1759280146,183,1,N/A,N/A,N/A,N/A,N/A,N/A,N/A,N/A,160686080,101916672,43958272,4096,135168,30134272,1,systemd-journal,S (sleeping),client-compromised.bnsdq.ozxfs.vcwss-bomyo.kvugl,0.2091221856455584,0
1759280146,170563,1,N/A,N/A,N/A,N/A,N/A,N/A,N/A,N/A,1264619520,1264619520,17207296,N/A,135168,45826048,4,discern-proc-so,S (sleeping),client-compromised.bnsdq.ozxfs.vcwss-bomyo.kvugl,2.6396809571004094,0
1759280146,156854,1,N/A,N/A,N/A,N/A,N/A,N/A,N/A,N/A,1647706112,1580597248,21172224,N/A,135168,82202624,5,discern-interfa,S (sleeping),client-compromised.bnsdq.ozxfs.vcwss-bomyo.kvugl,0.00208858414319074,0
1759280151,341,1,103,103,103,103,109,109,109,109,107515904,107515904,101335040,N/A,135168,99786752,1,dbus-daemon,S (sleeping),client-compromised.bnsdq.ozxfs.vcwss-bomyo.kvugl,0.26562084878219006,0
1759280151,153885,1,N/A,N/A,N/A,N/A,N/A,N/A,N/A,N/A,1953267712,1930887168,38625280,N/A,135168,174923776,14,discern-network,S (sleeping),client-compromised.bnsdq.ozxfs.vcwss-bomyo.kvugl,0.4808355088113719,0
1759280151,183,1,N/A,N/A,N/A,N/A,N/A,N/A,N/A,N/A,160686080,101916672,43958272,4096,135168,30134272,1,systemd-journal,S (sleeping),client-compromised.bnsdq.ozxfs.vcwss-bomyo.kvugl,0.2092029764759864,0
1759280151,170563,1,N/A,N/A,N/A,N/A,N/A,N/A,N/A,N/A,1264619520,1264619520,17207296,N/A,135168,45826048,4,discern-proc-so,R (running),client-compromised.bnsdq.ozxfs.vcwss-bomyo.kvugl,2.640711122785512,0
1759280151,156854,1,N/A,N/A,N/A,N/A,N/A,N/A,N/A,N/A,1647706112,1580597248,21172224,N/A,135168,82202624,5,discern-interfa,S (sleeping),client-compromised.bnsdq.ozxfs.vcwss-bomyo.kvugl,0.002081119535207428,0
1759280156,341,1,103,103,103,103,109,109,109,109,107515904,107515904,101335040,N/A,135168,99786752,1,dbus-daemon,S (sleeping),client-compromised.bnsdq.ozxfs.vcwss-bomyo.kvugl,0.26567593164187264,0
1759280156,153885,1,N/A,N/A,N/A,N/A,N/A,N/A,N/A,N/A,1953267712,1930887168,38625280,N/A,135168,174923776,14,discern-network,S (sleeping),client-compromised.bnsdq.ozxfs.vcwss-bomyo.kvugl,0.4817488349037922,0
1759280156,183,1,N/A,N/A,N/A,N/A,N/A,N/A,N/A,N/A,160686080,101916672,43958272,4096,135168,30134272,1,systemd-journal,S (sleeping),client-compromised.bnsdq.ozxfs.vcwss-bomyo.kvugl,0.20919600707232128,0
1759280156,170563,1,N/A,N/A,N/A,N/A,N/A,N/A,N/A,N/A,1264619520,1264619520,17207296,N/A,135168,45826048,4,discern-proc-so,S (sleeping),client-compromised.bnsdq.ozxfs.vcwss-bomyo.kvugl,2.6441966540638915,0
1759280156,156854,1,N/A,N/A,N/A,N/A,N/A,N/A,N/A,N/A,1647706112,1580597248,21172224,N/A,135168,82202624,5,discern-interfa,S (sleeping),client-compromised.bnsdq.ozxfs.vcwss-bomyo.kvugl,0.002073695747578389,0
1759280161,341,1,103,103,103,103,109,109,109,109,107515904,107515904,101335040,N/A,135168,99786752,1,dbus-daemon,S (sleeping),client-compromised.bnsdq.ozxfs.vcwss-bomyo.kvugl,0.2656436925489452,0
1759280161,153885,1,N/A,N/A,N/A,N/A,N/A,N/A,N/A,N/A,1953267712,1930887168,38625280,N/A,135168,174923776,14,discern-network,S (sleeping),client-compromised.bnsdq.ozxfs.vcwss-bomyo.kvugl,0.4820597949951731,0
1759280161,183,1,N/A,N/A,N/A,N/A,N/A,N/A,N/A,N/A,160686080,101916672,43958272,4096,135168,30134272,1,systemd-journal,S (sleeping),client-compromised.bnsdq.ozxfs.vcwss-bomyo.kvugl,0.20910173510627458,0
1759280161,170563,1,N/A,N/A,N/A,N/A,N/A,N/A,N/A,N/A,1264619520,1264619520,17207296,N/A,135168,45826048,4,discern-proc-so,S (sleeping),client-compromised.bnsdq.ozxfs.vcwss-bomyo.kvugl,2.64515056038228,0
1759280161,156854,1,N/A,N/A,N/A,N/A,N/A,N/A,N/A,N/A,1647706112,1580597248,21172224,N/A,135168,82202624,5,discern-interfa,S (sleeping),client-compromised.bnsdq.ozxfs.vcwss-bomyo.kvugl,0.0020663388729991353,0
1759280166,341,1,103,103,103,103,109,109,109,109,107515904,107515904,101335040,N/A,135168,99786752,1,dbus-daemon,S (sleeping),client-compromised.bnsdq.ozxfs.vcwss-bomyo.kvugl,0.2656988567218533,0
1759280167,153885,1,N/A,N/A,N/A,N/A,N/A,N/A,N/A,N/A,1953267712,1930887168,38625280,N/A,135168,174923776,14,discern-network,S (sleeping),client-compromised.bnsdq.ozxfs.vcwss-bomyo.kvugl,0.48177003426766224,0
1759280167,183,1,N/A,N/A,N/A,N/A,N/A,N/A,N/A,N/A,160686080,101916672,43958272,4096,135168,30134272,1,systemd-journal,S (sleeping),client-compromised.bnsdq.ozxfs.vcwss-bomyo.kvugl,0.209182381121141,0
1759280167,170563,1,N/A,N/A,N/A,N/A,N/A,N/A,N/A,N/A,1264619520,1264619520,17207296,N/A,135168,45826048,4,discern-proc-so,R (running),client-compromised.bnsdq.ozxfs.vcwss-bomyo.kvugl,2.643580226796555,0
1759280167,156854,1,N/A,N/A,N/A,N/A,N/A,N/A,N/A,N/A,1647706112,1580597248,21172224,N/A,135168,82202624,5,discern-interfa,S (sleeping),client-compromised.bnsdq.ozxfs.vcwss-bomyo.kvugl,0.002059028650688735,0
1759280172,341,1,103,103,103,103,109,109,109,109,107515904,107515904,101335040,N/A,135168,99786752,1,dbus-daemon,S (sleeping),client-compromised.bnsdq.ozxfs.vcwss-bomyo.kvugl,0.265753698310743,0
1759280172,153885,1,N/A,N/A,N/A,N/A,N/A,N/A,N/A,N/A,1953267712,1930887168,38625280,N/A,135168,174923776,14,discern-network,S (sleeping),client-compromised.bnsdq.ozxfs.vcwss-bomyo.kvugl,0.48147869012047256,0
1759280172,183,1,N/A,N/A,N/A,N/A,N/A,N/A,N/A,N/A,160686080,101916672,43958272,4096,135168,30134272,1,systemd-journal,S (sleeping),client-compromised.bnsdq.ozxfs.vcwss-bomyo.kvugl,0.2091753287804934,0
1759280172,170563,1,N/A,N/A,N/A,N/A,N/A,N/A,N/A,N/A,1264619520,1264619520,17207296,N/A,135168,45826048,4,discern-proc-so,R (running),client-compromised.bnsdq.ozxfs.vcwss-bomyo.kvugl,2.6468618600040106,0
1759280172,156854,1,N/A,N/A,N/A,N/A,N/A,N/A,N/A,N/A,1647706112,1580597248,21172224,N/A,135168,82202624,5,discern-interfa,S (sleeping),client-compromised.bnsdq.ozxfs.vcwss-bomyo.kvugl,0.0020517536077637663,0
1759280177,341,1,103,103,103,103,109,109,109,109,107515904,107515904,101335040,N/A,135168,99786752,1,dbus-daemon,S (sleeping),client-compromised.bnsdq.ozxfs.vcwss-bomyo.kvugl,0.2657215106213695,0
1759280177,153885,1,N/A,N/A,N/A,N/A,N/A,N/A,N/A,N/A,1953267712,1930887168,38625280,N/A,135168,174923776,14,discern-network,S (sleeping),client-compromised.bnsdq.ozxfs.vcwss-bomyo.kvugl,0.48178811902805385,0
1759280177,183,1,N/A,N/A,N/A,N/A,N/A,N/A,N/A,N/A,160686080,101916672,43958272,4096,135168,30134272,1,systemd-journal,S (sleeping),client-compromised.bnsdq.ozxfs.vcwss-bomyo.kvugl,0.20916859733638973,0
1759280177,170563,1,N/A,N/A,N/A,N/A,N/A,N/A,N/A,N/A,1264619520,1264619520,17207296,N/A,135168,45826048,4,discern-proc-so,S (sleeping),client-compromised.bnsdq.ozxfs.vcwss-bomyo.kvugl,2.6453444355949713,0
1759280177,156854,1,N/A,N/A,N/A,N/A,N/A,N/A,N/A,N/A,1647706112,1580597248,21172224,N/A,135168,82202624,5,discern-interfa,S (sleeping),client-compromised.bnsdq.ozxfs.vcwss-bomyo.kvugl,0.002044553656924378,0
1759280182,341,1,103,103,103,103,109,109,109,109,107515904,107515904,101335040,N/A,135168,99786752,1,dbus-daemon,S (sleeping),client-compromised.bnsdq.ozxfs.vcwss-bomyo.kvugl,0.26577614081527157,0
1759280182,153885,1,N/A,N/A,N/A,N/A,N/A,N/A,N/A,N/A,1953267712,1930887168,38625280,N/A,135168,174923776,14,discern-network,S (sleeping),client-compromised.bnsdq.ozxfs.vcwss-bomyo.kvugl,0.4820888760211018,0
1759280182,183,1,N/A,N/A,N/A,N/A,N/A,N/A,N/A,N/A,160686080,101916672,43958272,4096,135168,30134272,1,systemd-journal,S (sleeping),client-compromised.bnsdq.ozxfs.vcwss-bomyo.kvugl,0.20916143801166362,0
1759280182,170563,1,N/A,N/A,N/A,N/A,N/A,N/A,N/A,N/A,1264619520,1264619520,17207296,N/A,135168,45826048,4,discern-proc-so,R (running),client-compromised.bnsdq.ozxfs.vcwss-bomyo.kvugl,2.6532500196141657,0
1759280182,156854,1,N/A,N/A,N/A,N/A,N/A,N/A,N/A,N/A,1647706112,1580597248,21172224,N/A,135168,82202624,5,discern-interfa,S (sleeping),client-compromised.bnsdq.ozxfs.vcwss-bomyo.kvugl,0.002037371320649715,0
1759280187,341,1,103,103,103,103,109,109,109,109,107515904,107515904,101335040,N/A,135168,99786752,1,dbus-daemon,S (sleeping),client-compromised.bnsdq.ozxfs.vcwss-bomyo.kvugl,0.2657438266102693,0
1759280187,153885,1,N/A,N/A,N/A,N/A,N/A,N/A,N/A,N/A,1953267712,1930887168,38625280,N/A,135168,174923776,14,discern-network,S (sleeping),client-compromised.bnsdq.ozxfs.vcwss-bomyo.kvugl,0.4812118932168248,0
1759280187,183,1,N/A,N/A,N/A,N/A,N/A,N/A,N/A,N/A,160686080,101916672,43958272,4096,135168,30134272,1,systemd-journal,S (sleeping),client-compromised.bnsdq.ozxfs.vcwss-bomyo.kvugl,0.20906731085877528,0
1759280187,170563,1,N/A,N/A,N/A,N/A,N/A,N/A,N/A,N/A,1264619520,1264619520,17207296,N/A,135168,45826048,4,discern-proc-so,R (running),client-compromised.bnsdq.ozxfs.vcwss-bomyo.kvugl,2.6516524076836085,0
1759280187,156854,1,N/A,N/A,N/A,N/A,N/A,N/A,N/A,N/A,1647706112,1580597248,21172224,N/A,135168,82202624,5,discern-interfa,S (sleeping),client-compromised.bnsdq.ozxfs.vcwss-bomyo.kvugl,0.0020302631415160225,0
1759280192,341,1,103,103,103,103,109,109,109,109,107515904,107515904,101335040,N/A,135168,99786752,1,dbus-daemon,S (sleeping),client-compromised.bnsdq.ozxfs.vcwss-bomyo.kvugl,0.26571123489136433,0
1759280192,153885,1,N/A,N/A,N/A,N/A,N/A,N/A,N/A,N/A,1953267712,1930887168,38625280,N/A,135168,174923776,14,discern-network,S (sleeping),client-compromised.bnsdq.ozxfs.vcwss-bomyo.kvugl,0.4821024267188287,0
1759280192,183,1,N/A,N/A,N/A,N/A,N/A,N/A,N/A,N/A,160686080,101916672,43958272,4096,135168,30134272,1,systemd-journal,S (sleeping),client-compromised.bnsdq.ozxfs.vcwss-bomyo.kvugl,0.20906028129291443,0
1759280192,170563,1,N/A,N/A,N/A,N/A,N/A,N/A,N/A,N/A,1264619520,1264619520,17207296,N/A,135168,45826048,4,discern-proc-so,R (running),client-compromised.bnsdq.ozxfs.vcwss-bomyo.kvugl,2.6569921844442206,0
1759280192,156854,1,N/A,N/A,N/A,N/A,N/A,N/A,N/A,N/A,1647706112,1580597248,21172224,N/A,135168,82202624,5,discern-interfa,S (sleeping),client-compromised.bnsdq.ozxfs.vcwss-bomyo.kvugl,0.0020231865037441533,0
1759280197,341,1,103,103,103,103,109,109,109,109,107515904,107515904,101335040,N/A,135168,99786752,1,dbus-daemon,S (sleeping),client-compromised.bnsdq.ozxfs.vcwss-bomyo.kvugl,0.2656790986578289,0
1759280197,153885,1,N/A,N/A,N/A,N/A,N/A,N/A,N/A,N/A,1953267712,1930887168,38625280,N/A,135168,174923776,14,discern-network,S (sleeping),client-compromised.bnsdq.ozxfs.vcwss-bomyo.kvugl,0.48181904892362254,0
1759280197,183,1,N/A,N/A,N/A,N/A,N/A,N/A,N/A,N/A,160686080,101916672,43958272,4096,135168,30134272,1,systemd-journal,S (sleeping),client-compromised.bnsdq.ozxfs.vcwss-bomyo.kvugl,0.2090535940958897,0
1759280197,170563,1,N/A,N/A,N/A,N/A,N/A,N/A,N/A,N/A,1264619520,1264619520,17207296,N/A,135168,45826048,4,discern-proc-so,R (running),client-compromised.bnsdq.ozxfs.vcwss-bomyo.kvugl,2.6531212637489423,0
1759280197,156854,1,N/A,N/A,N/A,N/A,N/A,N/A,N/A,N/A,1647706112,1580597248,21172224,N/A,135168,82202624,5,discern-interfa,S (sleeping),client-compromised.bnsdq.ozxfs.vcwss-bomyo.kvugl,0.0020161839345305527,0
1759280203,341,1,103,103,103,103,109,109,109,109,107515904,107515904,101335040,N/A,135168,99786752,1,dbus-daemon,S (sleeping),client-compromised.bnsdq.ozxfs.vcwss-bomyo.kvugl,0.2658212825083033,0
1759280203,153885,1,N/A,N/A,N/A,N/A,N/A,N/A,N/A,N/A,1953267712,1930887168,38625280,N/A,135168,174923776,14,discern-network,S (sleeping),client-compromised.bnsdq.ozxfs.vcwss-bomyo.kvugl,0.48212155235386533,0
1759280203,183,1,N/A,N/A,N/A,N/A,N/A,N/A,N/A,N/A,160686080,101916672,43958272,4096,135168,30134272,1,systemd-journal,S (sleeping),client-compromised.bnsdq.ozxfs.vcwss-bomyo.kvugl,0.20904685293514996,0
1759280203,170563,1,N/A,N/A,N/A,N/A,N/A,N/A,N/A,N/A,1264619520,1264619520,17207296,N/A,135168,45826048,4,discern-proc-so,S (sleeping),client-compromised.bnsdq.ozxfs.vcwss-bomyo.kvugl,2.6515931880469226,0
1759280203,156854,1,N/A,N/A,N/A,N/A,N/A,N/A,N/A,N/A,1647706112,1580597248,21172224,N/A,135168,82202624,5,discern-interfa,S (sleeping),client-compromised.bnsdq.ozxfs.vcwss-bomyo.kvugl,0.0020092251182133175,0
1759280208,341,1,103,103,103,103,109,109,109,109,107515904,107515904,101335040,N/A,135168,99786752,1,dbus-daemon,S (sleeping),client-compromised.bnsdq.ozxfs.vcwss-bomyo.kvugl,0.2657892058460747,0
1759280208,153885,1,N/A,N/A,N/A,N/A,N/A,N/A,N/A,N/A,1953267712,1930887168,38625280,N/A,135168,174923776,14,discern-network,S (sleeping),client-compromised.bnsdq.ozxfs.vcwss-bomyo.kvugl,0.48184077541185194,0
1759280208,183,1,N/A,N/A,N/A,N/A,N/A,N/A,N/A,N/A,160686080,101916672,43958272,4096,135168,30134272,1,systemd-journal,S (sleeping),client-compromised.bnsdq.ozxfs.vcwss-bomyo.kvugl,0.2090402362371294,0
1759280208,170563,1,N/A,N/A,N/A,N/A,N/A,N/A,N/A,N/A,1264619520,1264619520,17207296,N/A,135168,45826048,4,discern-proc-so,R (running),client-compromised.bnsdq.ozxfs.vcwss-bomyo.kvugl,2.6501390670087783,0
1759280208,156854,1,N/A,N/A,N/A,N/A,N/A,N/A,N/A,N/A,1647706112,1580597248,21172224,N/A,135168,82202624,5,discern-interfa,S (sleeping),client-compromised.bnsdq.ozxfs.vcwss-bomyo.kvugl,0.0020023229601377796,0
1759280213,341,1,103,103,103,103,109,109,109,109,107515904,107515904,101335040,N/A,135168,99786752,1,dbus-daemon,S (sleeping),client-compromised.bnsdq.ozxfs.vcwss-bomyo.kvugl,0.26584409761351485,0
1759280213,153885,1,N/A,N/A,N/A,N/A,N/A,N/A,N/A,N/A,1953267712,1930887168,38625280,N/A,135168,174923776,14,discern-network,S (sleeping),client-compromised.bnsdq.ozxfs.vcwss-bomyo.kvugl,0.48155970332814874,0
1759280213,183,1,N/A,N/A,N/A,N/A,N/A,N/A,N/A,N/A,160686080,101916672,43958272,4096,135168,30134272,1,systemd-journal,S (sleeping),client-compromised.bnsdq.ozxfs.vcwss-bomyo.kvugl,0.20903350365500772,0
1759280213,170563,1,N/A,N/A,N/A,N/A,N/A,N/A,N/A,N/A,1264619520,1264619520,17207296,N/A,135168,45826048,4,discern-proc-so,S (sleeping),client-compromised.bnsdq.ozxfs.vcwss-bomyo.kvugl,2.6442389143539917,0
1759280213,156854,1,N/A,N/A,N/A,N/A,N/A,N/A,N/A,N/A,1647706112,1580597248,21172224,N/A,135168,82202624,5,discern-interfa,S (sleeping),client-compromised.bnsdq.ozxfs.vcwss-bomyo.kvugl,0.0019954593325389055,0
1759280218,341,1,103,103,103,103,109,109,109,109,107515904,107515904,101335040,N/A,135168,99786752,1,dbus-daemon,S (sleeping),client-compromised.bnsdq.ozxfs.vcwss-bomyo.kvugl,0.2658114470449218,0
1759280218,153885,1,N/A,N/A,N/A,N/A,N/A,N/A,N/A,N/A,1953267712,1930887168,38625280,N/A,135168,174923776,14,discern-network,S (sleeping),client-compromised.bnsdq.ozxfs.vcwss-bomyo.kvugl,0.4812751445673449,0
1759280218,183,1,N/A,N/A,N/A,N/A,N/A,N/A,N/A,N/A,160686080,101916672,43958272,4096,135168,30134272,1,systemd-journal,S (sleeping),client-compromised.bnsdq.ozxfs.vcwss-bomyo.kvugl,0.20902643659272757,0
1759280218,170563,1,N/A,N/A,N/A,N/A,N/A,N/A,N/A,N/A,1264619520,1264619520,17207296,N/A,135168,45826048,4,discern-proc-so,R (running),client-compromised.bnsdq.ozxfs.vcwss-bomyo.kvugl,2.647143490798719,0
1759280218,156854,1,N/A,N/A,N/A,N/A,N/A,N/A,N/A,N/A,1647706112,1580597248,21172224,N/A,135168,82202624,5,discern-interfa,S (sleeping),client-compromised.bnsdq.ozxfs.vcwss-bomyo.kvugl,0.0019886177802107318,0
1759280223,341,1,103,103,103,103,109,109,109,109,107515904,107515904,101335040,N/A,135168,99786752,1,dbus-daemon,S (sleeping),client-compromised.bnsdq.ozxfs.vcwss-bomyo.kvugl,0.2657795841287117,0
1759280223,153885,1,N/A,N/A,N/A,N/A,N/A,N/A,N/A,N/A,1953267712,1930887168,38625280,N/A,135168,174923776,14,discern-network,S (sleeping),client-compromised.bnsdq.ozxfs.vcwss-bomyo.kvugl,0.48100140482106785,0
1759280223,183,1,N/A,N/A,N/A,N/A,N/A,N/A,N/A,N/A,160686080,101916672,43958272,4096,135168,30134272,1,systemd-journal,S (sleeping),client-compromised.bnsdq.ozxfs.vcwss-bomyo.kvugl,0.2090199724825436,0
1759280223,170563,1,N/A,N/A,N/A,N/A,N/A,N/A,N/A,N/A,1264619520,1264619520,17207296,N/A,135168,45826048,4,discern-proc-so,R (running),client-compromised.bnsdq.ozxfs.vcwss-bomyo.kvugl,2.6436597532825337,0
1759280223,156854,1,N/A,N/A,N/A,N/A,N/A,N/A,N/A,N/A,1647706112,1580597248,21172224,N/A,135168,82202624,5,discern-interfa,S (sleeping),client-compromised.bnsdq.ozxfs.vcwss-bomyo.kvugl,0.0019818658674224197,0
1759280228,341,1,103,103,103,103,109,109,109,109,107515904,107515904,101335040,N/A,135168,99786752,1,dbus-daemon,S (sleeping),client-compromised.bnsdq.ozxfs.vcwss-bomyo.kvugl,0.26583393826321383,0
1759280228,153885,1,N/A,N/A,N/A,N/A,N/A,N/A,N/A,N/A,1953267712,1930887168,38625280,N/A,135168,174923776,14,discern-network,S (sleeping),client-compromised.bnsdq.ozxfs.vcwss-bomyo.kvugl,0.48071970239747636,0
1759280228,183,1,N/A,N/A,N/A,N/A,N/A,N/A,N/A,N/A,160686080,101916672,43958272,4096,135168,30134272,1,systemd-journal,S (sleeping),client-compromised.bnsdq.ozxfs.vcwss-bomyo.kvugl,0.20892590556295454,0
1759280228,170563,1,N/A,N/A,N/A,N/A,N/A,N/A,N/A,N/A,1264619520,1264619520,17207296,N/A,135168,45826048,4,discern-proc-so,S (sleeping),client-compromised.bnsdq.ozxfs.vcwss-bomyo.kvugl,2.6443502918604938,0
1759280228,156854,1,N/A,N/A,N/A,N/A,N/A,N/A,N/A,N/A,1647706112,1580597248,21172224,N/A,135168,82202624,5,discern-interfa,S (sleeping),client-compromised.bnsdq.ozxfs.vcwss-bomyo.kvugl,0.0019751148093110345,0
1759280234,341,1,103,103,103,103,109,109,109,109,107515904,107515904,101335040,N/A,135168,99786752,1,dbus-daemon,S (sleeping),client-compromised.bnsdq.ozxfs.vcwss-bomyo.kvugl,0.2658022488370853,0
1759280234,153885,1,N/A,N/A,N/A,N/A,N/A,N/A,N/A,N/A,1953267712,1930887168,38625280,N/A,135168,174923776,14,discern-network,S (sleeping),client-compromised.bnsdq.ozxfs.vcwss-bomyo.kvugl,0.48045105980699876,0
1759280234,183,1,N/A,N/A,N/A,N/A,N/A,N/A,N/A,N/A,160686080,101916672,43958272,4096,135168,30134272,1,systemd-journal,S (sleeping),client-compromised.bnsdq.ozxfs.vcwss-bomyo.kvugl,0.20900655388166892,0
1759280234,170563,1,N/A,N/A,N/A,N/A,N/A,N/A,N/A,N/A,1264619520,1264619520,17207296,N/A,135168,45826048,4,discern-proc-so,R (running),client-compromised.bnsdq.ozxfs.vcwss-bomyo.kvugl,2.641010761821577,0
1759280234,156854,1,N/A,N/A,N/A,N/A,N/A,N/A,N/A,N/A,1647706112,1580597248,21172224,N/A,135168,82202624,5,discern-interfa,S (sleeping),client-compromised.bnsdq.ozxfs.vcwss-bomyo.kvugl,0.001968462751834324,0
1759280239,341,1,103,103,103,103,109,109,109,109,107515904,107515904,101335040,N/A,135168,99786752,1,dbus-daemon,S (sleeping),client-compromised.bnsdq.ozxfs.vcwss-bomyo.kvugl,0.26585670447605814,0
1759280239,153885,1,N/A,N/A,N/A,N/A,N/A,N/A,N/A,N/A,1953267712,1930887168,38625280,N/A,135168,174923776,14,discern-network,S (sleeping),client-compromised.bnsdq.ozxfs.vcwss-bomyo.kvugl,0.4807475900301842,0
1759280239,183,1,N/A,N/A,N/A,N/A,N/A,N/A,N/A,N/A,160686080,101916672,43958272,4096,135168,30134272,1,systemd-journal,S (sleeping),client-compromised.bnsdq.ozxfs.vcwss-bomyo.kvugl,0.20899960712632012,0
1759280239,170563,1,N/A,N/A,N/A,N/A,N/A,N/A,N/A,N/A,1264619520,1264619520,17207296,N/A,135168,45826048,4,discern-proc-so,S (sleeping),client-compromised.bnsdq.ozxfs.vcwss-bomyo.kvugl,2.6417537078684683,0
1759280239,156854,1,N/A,N/A,N/A,N/A,N/A,N/A,N/A,N/A,1647706112,1580597248,21172224,N/A,135168,82202624,5,discern-interfa,S (sleeping),client-compromised.bnsdq.ozxfs.vcwss-bomyo.kvugl,0.001961811472666496,0
1759280244,341,1,103,103,103,103,109,109,109,109,107515904,107515904,101335040,N/A,135168,99786752,1,dbus-daemon,S (sleeping),client-compromised.bnsdq.ozxfs.vcwss-bomyo.kvugl,0.265824910588112,0
1759280244,153885,1,N/A,N/A,N/A,N/A,N/A,N/A,N/A,N/A,1953267712,1930887168,38625280,N/A,135168,174923776,14,discern-network,S (sleeping),client-compromised.bnsdq.ozxfs.vcwss-bomyo.kvugl,0.4810503237383119,0
1759280244,183,1,N/A,N/A,N/A,N/A,N/A,N/A,N/A,N/A,160686080,101916672,43958272,4096,135168,30134272,1,systemd-journal,S (sleeping),client-compromised.bnsdq.ozxfs.vcwss-bomyo.kvugl,0.20890632840288403,0
1759280244,170563,1,N/A,N/A,N/A,N/A,N/A,N/A,N/A,N/A,1264619520,1264619520,17207296,N/A,135168,45826048,4,discern-proc-so,R (running),client-compromised.bnsdq.ozxfs.vcwss-bomyo.kvugl,2.6405618889365066,0
1759280244,156854,1,N/A,N/A,N/A,N/A,N/A,N/A,N/A,N/A,1647706112,1580597248,21172224,N/A,135168,82202624,5,discern-interfa,S (sleeping),client-compromised.bnsdq.ozxfs.vcwss-bomyo.kvugl,0.0019552418398219597,0
1759280249,341,1,103,103,103,103,109,109,109,109,107515904,107515904,101335040,N/A,135168,99786752,1,dbus-daemon,S (sleeping),client-compromised.bnsdq.ozxfs.vcwss-bomyo.kvugl,0.2659668076394545,0
1759280249,153885,1,N/A,N/A,N/A,N/A,N/A,N/A,N/A,N/A,1953267712,1930887168,38625280,N/A,135168,174923776,14,discern-network,S (sleeping),client-compromised.bnsdq.ozxfs.vcwss-bomyo.kvugl,0.48078161795129315,0
1759280249,183,1,N/A,N/A,N/A,N/A,N/A,N/A,N/A,N/A,160686080,101916672,43958272,4096,135168,30134272,1,systemd-journal,S (sleeping),client-compromised.bnsdq.ozxfs.vcwss-bomyo.kvugl,0.2089867811976629,0
1759280249,170563,1,N/A,N/A,N/A,N/A,N/A,N/A,N/A,N/A,1264619520,1264619520,17207296,N/A,135168,45826048,4,discern-proc-so,R (running),client-compromised.bnsdq.ozxfs.vcwss-bomyo.kvugl,2.637340238698292,0
1759280249,156854,1,N/A,N/A,N/A,N/A,N/A,N/A,N/A,N/A,1647706112,1580597248,21172224,N/A,135168,82202624,5,discern-interfa,S (sleeping),client-compromised.bnsdq.ozxfs.vcwss-bomyo.kvugl,0.0019487162087011179,0
1759280254,341,1,103,103,103,103,109,109,109,109,107515904,107515904,101335040,N/A,135168,99786752,1,dbus-daemon,S (sleeping),client-compromised.bnsdq.ozxfs.vcwss-bomyo.kvugl,0.2658478881410058,0
1759280254,153885,1,N/A,N/A,N/A,N/A,N/A,N/A,N/A,N/A,1953267712,1930887168,38625280,N/A,135168,174923776,14,discern-network,S (sleeping),client-compromised.bnsdq.ozxfs.vcwss-bomyo.kvugl,0.48107880091875166,0
1759280254,183,1,N/A,N/A,N/A,N/A,N/A,N/A,N/A,N/A,160686080,101916672,43958272,4096,135168,30134272,1,systemd-journal,S (sleeping),client-compromised.bnsdq.ozxfs.vcwss-bomyo.kvugl,0.20889334712547464,0
1759280254,170563,1,N/A,N/A,N/A,N/A,N/A,N/A,N/A,N/A,1264619520,1264619520,17207296,N/A,135168,45826048,4,discern-proc-so,S (sleeping),client-compromised.bnsdq.ozxfs.vcwss-bomyo.kvugl,2.64021563356354,0
1759280254,156854,1,N/A,N/A,N/A,N/A,N/A,N/A,N/A,N/A,1647706112,1580597248,21172224,N/A,135168,82202624,5,discern-interfa,S (sleeping),client-compromised.bnsdq.ozxfs.vcwss-bomyo.kvugl,0.0019422169689452342,0
1759280259,341,1,103,103,103,103,109,109,109,109,107515904,107515904,101335040,N/A,135168,99786752,1,dbus-daemon,S (sleeping),client-compromised.bnsdq.ozxfs.vcwss-bomyo.kvugl,0.26590262891862404,0
1759280259,153885,1,N/A,N/A,N/A,N/A,N/A,N/A,N/A,N/A,1953267712,1930887168,38625280,N/A,135168,174923776,14,discern-network,S (sleeping),client-compromised.bnsdq.ozxfs.vcwss-bomyo.kvugl,0.4808084501605684,0
1759280259,183,1,N/A,N/A,N/A,N/A,N/A,N/A,N/A,N/A,160686080,101916672,43958272,4096,135168,30134272,1,systemd-journal,S (sleeping),client-compromised.bnsdq.ozxfs.vcwss-bomyo.kvugl,0.2088867780677937,0
1759280259,170563,1,N/A,N/A,N/A,N/A,N/A,N/A,N/A,N/A,1264619520,1264619520,17207296,N/A,135168,45826048,4,discern-proc-so,S (sleeping),client-compromised.bnsdq.ozxfs.vcwss-bomyo.kvugl,2.6390154836249726,0
1759280259,156854,1,N/A,N/A,N/A,N/A,N/A,N/A,N/A,N/A,1647706112,1580597248,21172224,N/A,135168,82202624,5,discern-interfa,S (sleeping),client-compromised.bnsdq.ozxfs.vcwss-bomyo.kvugl,0.0019357632800424335,0
1759280264,341,1,103,103,103,103,109,109,109,109,107515904,107515904,101335040,N/A,135168,99786752,1,dbus-daemon,S (sleeping),client-compromised.bnsdq.ozxfs.vcwss-bomyo.kvugl,0.2659569544374538,0
1759280264,153885,1,N/A,N/A,N/A,N/A,N/A,N/A,N/A,N/A,1953267712,1930887168,38625280,N/A,135168,174923776,14,discern-network,S (sleeping),client-compromised.bnsdq.ozxfs.vcwss-bomyo.kvugl,0.4816647007993874,0
1759280264,183,1,N/A,N/A,N/A,N/A,N/A,N/A,N/A,N/A,160686080,101916672,43958272,4096,135168,30134272,1,systemd-journal,S (sleeping),client-compromised.bnsdq.ozxfs.vcwss-bomyo.kvugl,0.20896663497135678,0
1759280264,170563,1,N/A,N/A,N/A,N/A,N/A,N/A,N/A,N/A,1264619520,1264619520,17207296,N/A,135168,45826048,4,discern-proc-so,S (sleeping),client-compromised.bnsdq.ozxfs.vcwss-bomyo.kvugl,2.6417409224757327,0
1759280264,156854,1,N/A,N/A,N/A,N/A,N/A,N/A,N/A,N/A,1647706112,1580597248,21172224,N/A,135168,82202624,5,discern-interfa,S (sleeping),client-compromised.bnsdq.ozxfs.vcwss-bomyo.kvugl,0.001929332574149764,0
1759280270,341,1,103,103,103,103,109,109,109,109,107515904,107515904,101335040,N/A,135168,99786752,1,dbus-daemon,S (sleeping),client-compromised.bnsdq.ozxfs.vcwss-bomyo.kvugl,0.2659246664046585,0
1759280270,153885,1,N/A,N/A,N/A,N/A,N/A,N/A,N/A,N/A,1953267712,1930887168,38625280,N/A,135168,174923776,14,discern-network,S (sleeping),client-compromised.bnsdq.ozxfs.vcwss-bomyo.kvugl,0.48195427383756273,0
1759280270,183,1,N/A,N/A,N/A,N/A,N/A,N/A,N/A,N/A,160686080,101916672,43958272,4096,135168,30134272,1,systemd-journal,S (sleeping),client-compromised.bnsdq.ozxfs.vcwss-bomyo.kvugl,0.2088731706327168,0
1759280270,170563,1,N/A,N/A,N/A,N/A,N/A,N/A,N/A,N/A,1264619520,1264619520,17207296,N/A,135168,45826048,4,discern-proc-so,R (running),client-compromised.bnsdq.ozxfs.vcwss-bomyo.kvugl,2.6444365390740034,0
1759280270,156854,1,N/A,N/A,N/A,N/A,N/A,N/A,N/A,N/A,1647706112,1580597248,21172224,N/A,135168,82202624,5,discern-interfa,S (sleeping),client-compromised.bnsdq.ozxfs.vcwss-bomyo.kvugl,0.0019229506246142552,0
1759280275,341,1,103,103,103,103,109,109,109,109,107515904,107515904,101335040,N/A,135168,99786752,1,dbus-daemon,S (sleeping),client-compromised.bnsdq.ozxfs.vcwss-bomyo.kvugl,0.265892005997795,0
1759280275,153885,1,N/A,N/A,N/A,N/A,N/A,N/A,N/A,N/A,1953267712,1930887168,38625280,N/A,135168,174923776,14,discern-network,S (sleeping),client-compromised.bnsdq.ozxfs.vcwss-bomyo.kvugl,0.48167605158651244,0
1759280275,183,1,N/A,N/A,N/A,N/A,N/A,N/A,N/A,N/A,160686080,101916672,43958272,4096,135168,30134272,1,systemd-journal,S (sleeping),client-compromised.bnsdq.ozxfs.vcwss-bomyo.kvugl,0.20895273642434178,0
1759280275,170563,1,N/A,N/A,N/A,N/A,N/A,N/A,N/A,N/A,1264619520,1264619520,17207296,N/A,135168,45826048,4,discern-proc-so,S (sleeping),client-compromised.bnsdq.ozxfs.vcwss-bomyo.kvugl,2.646988020707787,0
1759280275,156854,1,N/A,N/A,N/A,N/A,N/A,N/A,N/A,N/A,1647706112,1580597248,21172224,N/A,135168,82202624,5,discern-interfa,S (sleeping),client-compromised.bnsdq.ozxfs.vcwss-bomyo.kvugl,0.0019165894341592565,0
1759280280,341,1,103,103,103,103,109,109,109,109,107515904,107515904,101335040,N/A,135168,99786752,1,dbus-daemon,S (sleeping),client-compromised.bnsdq.ozxfs.vcwss-bomyo.kvugl,0.2659466215661115,0
1759280280,153885,1,N/A,N/A,N/A,N/A,N/A,N/A,N/A,N/A,1953267712,1930887168,38625280,N/A,135168,174923776,14,discern-network,S (sleeping),client-compromised.bnsdq.ozxfs.vcwss-bomyo.kvugl,0.4819667899101029,0
1759280280,183,1,N/A,N/A,N/A,N/A,N/A,N/A,N/A,N/A,160686080,101916672,43958272,4096,135168,30134272,1,systemd-journal,S (sleeping),client-compromised.bnsdq.ozxfs.vcwss-bomyo.kvugl,0.2088595547295462,0
1759280280,170563,1,N/A,N/A,N/A,N/A,N/A,N/A,N/A,N/A,1264619520,1264619520,17207296,N/A,135168,45826048,4,discern-proc-so,S (sleeping),client-compromised.bnsdq.ozxfs.vcwss-bomyo.kvugl,2.645766595454147,0
1759280280,156854,1,N/A,N/A,N/A,N/A,N/A,N/A,N/A,N/A,1647706112,1580597248,21172224,N/A,135168,82202624,5,discern-interfa,S (sleeping),client-compromised.bnsdq.ozxfs.vcwss-bomyo.kvugl,0.0019103042180546885,0
1759280285,341,1,103,103,103,103,109,109,109,109,107515904,107515904,101335040,N/A,135168,99786752,1,dbus-daemon,S (sleeping),client-compromised.bnsdq.ozxfs.vcwss-bomyo.kvugl,0.2659142757582377,0
1759280285,153885,1,N/A,N/A,N/A,N/A,N/A,N/A,N/A,N/A,1953267712,1930887168,38625280,N/A,135168,174923776,14,discern-network,S (sleeping),client-compromised.bnsdq.ozxfs.vcwss-bomyo.kvugl,0.4816935888535125,0
1759280285,183,1,N/A,N/A,N/A,N/A,N/A,N/A,N/A,N/A,160686080,101916672,43958272,4096,135168,30134272,1,systemd-journal,S (sleeping),client-compromised.bnsdq.ozxfs.vcwss-bomyo.kvugl,0.20885273391201112,0
1759280285,170563,1,N/A,N/A,N/A,N/A,N/A,N/A,N/A,N/A,1264619520,1264619520,17207296,N/A,135168,45826048,4,discern-proc-so,S (sleeping),client-compromised.bnsdq.ozxfs.vcwss-bomyo.kvugl,2.6483194369682086,0
1759280285,156854,1,N/A,N/A,N/A,N/A,N/A,N/A,N/A,N/A,1647706112,1580597248,21172224,N/A,135168,82202624,5,discern-interfa,S (sleeping),client-compromised.bnsdq.ozxfs.vcwss-bomyo.kvugl,0.0019040417922536954,0
1759280290,341,1,103,103,103,103,109,109,109,109,107515904,107515904,101335040,N/A,135168,99786752,1,dbus-daemon,S (sleeping),client-compromised.bnsdq.ozxfs.vcwss-bomyo.kvugl,0.26588232242694504,0
1759280290,153885,1,N/A,N/A,N/A,N/A,N/A,N/A,N/A,N/A,1953267712,1930887168,38625280,N/A,135168,174923776,14,discern-network,S (sleeping),client-compromised.bnsdq.ozxfs.vcwss-bomyo.kvugl,0.4819827492127104,0
1759280290,183,1,N/A,N/A,N/A,N/A,N/A,N/A,N/A,N/A,160686080,101916672,43958272,4096,135168,30134272,1,systemd-journal,S (sleeping),client-compromised.bnsdq.ozxfs.vcwss-bomyo.kvugl,0.20884620193424866,0
1759280290,170563,1,N/A,N/A,N/A,N/A,N/A,N/A,N/A,N/A,1264619520,1264619520,17207296,N/A,135168,45826048,4,discern-proc-so,R (running),client-compromised.bnsdq.ozxfs.vcwss-bomyo.kvugl,2.6452161297232184,0
1759280290,156854,1,N/A,N/A,N/A,N/A,N/A,N/A,N/A,N/A,1647706112,1580597248,21172224,N/A,135168,82202624,5,discern-interfa,S (sleeping),client-compromised.bnsdq.ozxfs.vcwss-bomyo.kvugl,0.0018978390072545053,0
1759280295,341,1,103,103,103,103,109,109,109,109,107515904,107515904,101335040,N/A,135168,99786752,1,dbus-daemon,S (sleeping),client-compromised.bnsdq.ozxfs.vcwss-bomyo.kvugl,0.26602347452470915,0
1759280295,153885,1,N/A,N/A,N/A,N/A,N/A,N/A,N/A,N/A,1953267712,1930887168,38625280,N/A,135168,174923776,14,discern-network,S (sleeping),client-compromised.bnsdq.ozxfs.vcwss-bomyo.kvugl,0.4817165658286323,0
1759280295,183,1,N/A,N/A,N/A,N/A,N/A,N/A,N/A,N/A,160686080,101916672,43958272,4096,135168,30134272,1,systemd-journal,S (sleeping),client-compromised.bnsdq.ozxfs.vcwss-bomyo.kvugl,0.20892624309740285,0
1759280295,170563,1,N/A,N/A,N/A,N/A,N/A,N/A,N/A,N/A,1264619520,1264619520,17207296,N/A,135168,45826048,4,discern-proc-so,R (running),client-compromised.bnsdq.ozxfs.vcwss-bomyo.kvugl,2.6421980685577857,0
1759280295,156854,1,N/A,N/A,N/A,N/A,N/A,N/A,N/A,N/A,1647706112,1580597248,21172224,N/A,135168,82202624,5,discern-interfa,S (sleeping),client-compromised.bnsdq.ozxfs.vcwss-bomyo.kvugl,0.001891682578235778,0
1759280301,341,1,103,103,103,103,109,109,109,109,107515904,107515904,101335040,N/A,135168,99786752,1,dbus-daemon,S (sleeping),client-compromised.bnsdq.ozxfs.vcwss-bomyo.kvugl,0.26599149774511394,0
1759280301,153885,1,N/A,N/A,N/A,N/A,N/A,N/A,N/A,N/A,1953267712,1930887168,38625280,N/A,135168,174923776,14,discern-network,S (sleeping),client-compromised.bnsdq.ozxfs.vcwss-bomyo.kvugl,0.4825573680146067,0
1759280301,183,1,N/A,N/A,N/A,N/A,N/A,N/A,N/A,N/A,160686080,101916672,43958272,4096,135168,30134272,1,systemd-journal,S (sleeping),client-compromised.bnsdq.ozxfs.vcwss-bomyo.kvugl,0.2089196838710804,0
1759280301,170563,1,N/A,N/A,N/A,N/A,N/A,N/A,N/A,N/A,1264619520,1264619520,17207296,N/A,135168,45826048,4,discern-proc-so,S (sleeping),client-compromised.bnsdq.ozxfs.vcwss-bomyo.kvugl,2.6410712766829767,0
1759280301,156854,1,N/A,N/A,N/A,N/A,N/A,N/A,N/A,N/A,1647706112,1580597248,21172224,N/A,135168,82202624,5,discern-interfa,S (sleeping),client-compromised.bnsdq.ozxfs.vcwss-bomyo.kvugl,0.001885559853291546,0
1759280306,341,1,103,103,103,103,109,109,109,109,107515904,107515904,101335040,N/A,135168,99786752,1,dbus-daemon,S (sleeping),client-compromised.bnsdq.ozxfs.vcwss-bomyo.kvugl,0.266045983145269,0
1759280306,153885,1,N/A,N/A,N/A,N/A,N/A,N/A,N/A,N/A,1953267712,1930887168,38625280,N/A,135168,174923776,14,discern-network,S (sleeping),client-compromised.bnsdq.ozxfs.vcwss-bomyo.kvugl,0.48229007021693376,0
1759280306,183,1,N/A,N/A,N/A,N/A,N/A,N/A,N/A,N/A,160686080,101916672,43958272,4096,135168,30134272,1,systemd-journal,S (sleeping),client-compromised.bnsdq.ozxfs.vcwss-bomyo.kvugl,0.20891315225149684,0
1759280306,170563,1,N/A,N/A,N/A,N/A,N/A,N/A,N/A,N/A,1264619520,1264619520,17207296,N/A,135168,45826048,4,discern-proc-so,S (sleeping),client-compromised.bnsdq.ozxfs.vcwss-bomyo.kvugl,2.6399718033642814,0
1759280306,156854,1,N/A,N/A,N/A,N/A,N/A,N/A,N/A,N/A,1647706112,1580597248,21172224,N/A,135168,82202624,5,discern-interfa,S (sleeping),client-compromised.bnsdq.ozxfs.vcwss-bomyo.kvugl,0.0018794781934774608,0
1759280311,341,1,103,103,103,103,109,109,109,109,107515904,107515904,101335040,N/A,135168,99786752,1,dbus-daemon,S (sleeping),client-compromised.bnsdq.ozxfs.vcwss-bomyo.kvugl,0.2660135954044536,0
1759280311,153885,1,N/A,N/A,N/A,N/A,N/A,N/A,N/A,N/A,1953267712,1930887168,38625280,N/A,135168,174923776,14,discern-network,S (sleeping),client-compromised.bnsdq.ozxfs.vcwss-bomyo.kvugl,0.48201900971979994,0
1759280311,183,1,N/A,N/A,N/A,N/A,N/A,N/A,N/A,N/A,160686080,101916672,43958272,4096,135168,30134272,1,systemd-journal,S (sleeping),client-compromised.bnsdq.ozxfs.vcwss-bomyo.kvugl,0.20890626680855348,0
1759280311,170563,1,N/A,N/A,N/A,N/A,N/A,N/A,N/A,N/A,1264619520,1264619520,17207296,N/A,135168,45826048,4,discern-proc-so,S (sleeping),client-compromised.bnsdq.ozxfs.vcwss-bomyo.kvugl,2.6442673834192716,0
1759280311,156854,1,N/A,N/A,N/A,N/A,N/A,N/A,N/A,N/A,1647706112,1580597248,21172224,N/A,135168,82202624,5,discern-interfa,S (sleeping),client-compromised.bnsdq.ozxfs.vcwss-bomyo.kvugl,0.0018734121015721208,0
1759280316,341,1,103,103,103,103,109,109,109,109,107515904,107515904,101335040,N/A,135168,99786752,1,dbus-daemon,S (sleeping),client-compromised.bnsdq.ozxfs.vcwss-bomyo.kvugl,0.2659817821725737,0
1759280316,153885,1,N/A,N/A,N/A,N/A,N/A,N/A,N/A,N/A,1953267712,1930887168,38625280,N/A,135168,174923776,14,discern-network,S (sleeping),client-compromised.bnsdq.ozxfs.vcwss-bomyo.kvugl,0.4823044740437438,0
1759280316,183,1,N/A,N/A,N/A,N/A,N/A,N/A,N/A,N/A,160686080,101916672,43958272,4096,135168,30134272,1,systemd-journal,S (sleeping),client-compromised.bnsdq.ozxfs.vcwss-bomyo.kvugl,0.20889981765265977,0
1759280316,170563,1,N/A,N/A,N/A,N/A,N/A,N/A,N/A,N/A,1264619520,1264619520,17207296,N/A,135168,45826048,4,discern-proc-so,R (running),client-compromised.bnsdq.ozxfs.vcwss-bomyo.kvugl,2.6413711708173477,0
1759280316,156854,1,N/A,N/A,N/A,N/A,N/A,N/A,N/A,N/A,1647706112,1580597248,21172224,N/A,135168,82202624,5,discern-interfa,S (sleeping),client-compromised.bnsdq.ozxfs.vcwss-bomyo.kvugl,0.001867413054209517,0
1759280321,341,1,103,103,103,103,109,109,109,109,107515904,107515904,101335040,N/A,135168,99786752,1,dbus-daemon,S (sleeping),client-compromised.bnsdq.ozxfs.vcwss-bomyo.kvugl,0.2660356414381763,0
1759280321,153885,1,N/A,N/A,N/A,N/A,N/A,N/A,N/A,N/A,1953267712,1930887168,38625280,N/A,135168,174923776,14,discern-network,S (sleeping),client-compromised.bnsdq.ozxfs.vcwss-bomyo.kvugl,0.48258079614242116,0
1759280321,183,1,N/A,N/A,N/A,N/A,N/A,N/A,N/A,N/A,160686080,101916672,43958272,4096,135168,30134272,1,systemd-journal,S (sleeping),client-compromised.bnsdq.ozxfs.vcwss-bomyo.kvugl,0.2088065753319338,0
1759280321,170563,1,N/A,N/A,N/A,N/A,N/A,N/A,N/A,N/A,1264619520,1264619520,17207296,N/A,135168,45826048,4,discern-proc-so,R (running),client-compromised.bnsdq.ozxfs.vcwss-bomyo.kvugl,2.645552586148738,0
1759280321,156854,1,N/A,N/A,N/A,N/A,N/A,N/A,N/A,N/A,1647706112,1580597248,21172224,N/A,135168,82202624,5,discern-interfa,S (sleeping),client-compromised.bnsdq.ozxfs.vcwss-bomyo.kvugl,0.0018614191313802342,0
1759280326,341,1,103,103,103,103,109,109,109,109,107515904,107515904,101335040,N/A,135168,99786752,1,dbus-daemon,S (sleeping),client-compromised.bnsdq.ozxfs.vcwss-bomyo.kvugl,0.2660900362597427,0
1759280326,153885,1,N/A,N/A,N/A,N/A,N/A,N/A,N/A,N/A,1953267712,1930887168,38625280,N/A,135168,174923776,14,discern-network,S (sleeping),client-compromised.bnsdq.ozxfs.vcwss-bomyo.kvugl,0.48286242901621473,0
1759280326,183,1,N/A,N/A,N/A,N/A,N/A,N/A,N/A,N/A,160686080,101916672,43958272,4096,135168,30134272,1,systemd-journal,S (sleeping),client-compromised.bnsdq.ozxfs.vcwss-bomyo.kvugl,0.2088001313128868,0
1759280326,170563,1,N/A,N/A,N/A,N/A,N/A,N/A,N/A,N/A,1264619520,1264619520,17207296,N/A,135168,45826048,4,discern-proc-so,R (running),client-compromised.bnsdq.ozxfs.vcwss-bomyo.kvugl,2.6444590497374247,0
1759280326,156854,1,N/A,N/A,N/A,N/A,N/A,N/A,N/A,N/A,1647706112,1580597248,21172224,N/A,135168,82202624,5,discern-interfa,S (sleeping),client-compromised.bnsdq.ozxfs.vcwss-bomyo.kvugl,0.0018554935163777697,0
1759280331,341,1,103,103,103,103,109,109,109,109,107515904,107515904,101335040,N/A,135168,99786752,1,dbus-daemon,S (sleeping),client-compromised.bnsdq.ozxfs.vcwss-bomyo.kvugl,0.26605794027053115,0
1759280331,153885,1,N/A,N/A,N/A,N/A,N/A,N/A,N/A,N/A,1953267712,1930887168,38625280,N/A,135168,174923776,14,discern-network,S (sleeping),client-compromised.bnsdq.ozxfs.vcwss-bomyo.kvugl,0.48259571482790914,0
1759280331,183,1,N/A,N/A,N/A,N/A,N/A,N/A,N/A,N/A,160686080,101916672,43958272,4096,135168,30134272,1,systemd-journal,S (sleeping),client-compromised.bnsdq.ozxfs.vcwss-bomyo.kvugl,0.20879350904314875,0
1759280331,170563,1,N/A,N/A,N/A,N/A,N/A,N/A,N/A,N/A,1264619520,1264619520,17207296,N/A,135168,45826048,4,discern-proc-so,S (sleeping),client-compromised.bnsdq.ozxfs.vcwss-bomyo.kvugl,2.645095509271766,0
1759280331,156854,1,N/A,N/A,N/A,N/A,N/A,N/A,N/A,N/A,1647706112,1580597248,21172224,N/A,135168,82202624,5,discern-interfa,S (sleeping),client-compromised.bnsdq.ozxfs.vcwss-bomyo.kvugl,0.001849593910677259,0
1759280337,341,1,103,103,103,103,109,109,109,109,107515904,107515904,101335040,N/A,135168,99786752,1,dbus-daemon,S (sleeping),client-compromised.bnsdq.ozxfs.vcwss-bomyo.kvugl,0.2660264044547628,0
1759280337,153885,1,N/A,N/A,N/A,N/A,N/A,N/A,N/A,N/A,1953267712,1930887168,38625280,N/A,135168,174923776,14,discern-network,S (sleeping),client-compromised.bnsdq.ozxfs.vcwss-bomyo.kvugl,0.48233655966508954,0
1759280337,183,1,N/A,N/A,N/A,N/A,N/A,N/A,N/A,N/A,160686080,101916672,43958272,4096,135168,30134272,1,systemd-journal,S (sleeping),client-compromised.bnsdq.ozxfs.vcwss-bomyo.kvugl,0.20878730948656316,0
1759280337,170563,1,N/A,N/A,N/A,N/A,N/A,N/A,N/A,N/A,1264619520,1264619520,17207296,N/A,135168,45826048,4,discern-proc-so,R (running),client-compromised.bnsdq.ozxfs.vcwss-bomyo.kvugl,2.640601756964447,0
1759280337,156854,1,N/A,N/A,N/A,N/A,N/A,N/A,N/A,N/A,1647706112,1580597248,21172224,N/A,135168,82202624,5,discern-interfa,S (sleeping),client-compromised.bnsdq.ozxfs.vcwss-bomyo.kvugl,0.0018437579185892358,0
1759280342,341,1,103,103,103,103,109,109,109,109,107515904,107515904,101335040,N/A,135168,99786752,1,dbus-daemon,S (sleeping),client-compromised.bnsdq.ozxfs.vcwss-bomyo.kvugl,0.2660807223096711,0
1759280342,153885,1,N/A,N/A,N/A,N/A,N/A,N/A,N/A,N/A,1953267712,1930887168,38625280,N/A,135168,174923776,14,discern-network,S (sleeping),client-compromised.bnsdq.ozxfs.vcwss-bomyo.kvugl,0.4826163371842367,0
1759280342,183,1,N/A,N/A,N/A,N/A,N/A,N/A,N/A,N/A,160686080,101916672,43958272,4096,135168,30134272,1,systemd-journal,S (sleeping),client-compromised.bnsdq.ozxfs.vcwss-bomyo.kvugl,0.20878086999565948,0
1759280342,170563,1,N/A,N/A,N/A,N/A,N/A,N/A,N/A,N/A,1264619520,1264619520,17207296,N/A,135168,45826048,4,discern-proc-so,R (running),client-compromised.bnsdq.ozxfs.vcwss-bomyo.kvugl,2.639578207078939,0
1759280342,156854,1,N/A,N/A,N/A,N/A,N/A,N/A,N/A,N/A,1647706112,1580597248,21172224,N/A,135168,82202624,5,discern-interfa,S (sleeping),client-compromised.bnsdq.ozxfs.vcwss-bomyo.kvugl,0.0018379432624117298,0
1759280347,341,1,103,103,103,103,109,109,109,109,107515904,107515904,101335040,N/A,135168,99786752,1,dbus-daemon,S (sleeping),client-compromised.bnsdq.ozxfs.vcwss-bomyo.kvugl,0.2660488794294475,0
1759280347,153885,1,N/A,N/A,N/A,N/A,N/A,N/A,N/A,N/A,1953267712,1930887168,38625280,N/A,135168,174923776,14,discern-network,S (sleeping),client-compromised.bnsdq.ozxfs.vcwss-bomyo.kvugl,0.48289441680779893,0
1759280347,183,1,N/A,N/A,N/A,N/A,N/A,N/A,N/A,N/A,160686080,101916672,43958272,4096,135168,30134272,1,systemd-journal,S (sleeping),client-compromised.bnsdq.ozxfs.vcwss-bomyo.kvugl,0.20868833374873014,0
1759280347,170563,1,N/A,N/A,N/A,N/A,N/A,N/A,N/A,N/A,1264619520,1264619520,17207296,N/A,135168,45826048,4,discern-proc-so,S (sleeping),client-compromised.bnsdq.ozxfs.vcwss-bomyo.kvugl,2.6402813388242135,0
1759280347,156854,1,N/A,N/A,N/A,N/A,N/A,N/A,N/A,N/A,1647706112,1580597248,21172224,N/A,135168,82202624,5,discern-interfa,S (sleeping),client-compromised.bnsdq.ozxfs.vcwss-bomyo.kvugl,0.0018321645481979324,0
1759280352,341,1,103,103,103,103,109,109,109,109,107515904,107515904,101335040,N/A,135168,99786752,1,dbus-daemon,S (sleeping),client-compromised.bnsdq.ozxfs.vcwss-bomyo.kvugl,0.26610319078961364,0
1759280352,153885,1,N/A,N/A,N/A,N/A,N/A,N/A,N/A,N/A,1953267712,1930887168,38625280,N/A,135168,174923776,14,discern-network,S (sleeping),client-compromised.bnsdq.ozxfs.vcwss-bomyo.kvugl,0.48263363299129763,0
1759280352,183,1,N/A,N/A,N/A,N/A,N/A,N/A,N/A,N/A,160686080,101916672,43958272,4096,135168,30134272,1,systemd-journal,S (sleeping),client-compromised.bnsdq.ozxfs.vcwss-bomyo.kvugl,0.20876803890271745,0
1759280352,170563,1,N/A,N/A,N/A,N/A,N/A,N/A,N/A,N/A,1264619520,1264619520,17207296,N/A,135168,45826048,4,discern-proc-so,R (running),client-compromised.bnsdq.ozxfs.vcwss-bomyo.kvugl,2.637592415841194,0
1759280352,156854,1,N/A,N/A,N/A,N/A,N/A,N/A,N/A,N/A,1647706112,1580597248,21172224,N/A,135168,82202624,5,discern-interfa,S (sleeping),client-compromised.bnsdq.ozxfs.vcwss-bomyo.kvugl,0.0018264251339393373,0
1759280357,341,1,103,103,103,103,109,109,109,109,107515904,107515904,101335040,N/A,135168,99786752,1,dbus-daemon,S (sleeping),client-compromised.bnsdq.ozxfs.vcwss-bomyo.kvugl,0.26607087422233944,0
1759280357,153885,1,N/A,N/A,N/A,N/A,N/A,N/A,N/A,N/A,1953267712,1930887168,38625280,N/A,135168,174923776,14,discern-network,S (sleeping),client-compromised.bnsdq.ozxfs.vcwss-bomyo.kvugl,0.482904561049069,0
1759280357,183,1,N/A,N/A,N/A,N/A,N/A,N/A,N/A,N/A,160686080,101916672,43958272,4096,135168,30134272,1,systemd-journal,S (sleeping),client-compromised.bnsdq.ozxfs.vcwss-bomyo.kvugl,0.20876122076659245,0
1759280357,170563,1,N/A,N/A,N/A,N/A,N/A,N/A,N/A,N/A,1264619520,1264619520,17207296,N/A,135168,45826048,4,discern-proc-so,R (running),client-compromised.bnsdq.ozxfs.vcwss-bomyo.kvugl,2.6398867152784034,0
1759280357,156854,1,N/A,N/A,N/A,N/A,N/A,N/A,N/A,N/A,1647706112,1580597248,21172224,N/A,135168,82202624,5,discern-interfa,S (sleeping),client-compromised.bnsdq.ozxfs.vcwss-bomyo.kvugl,0.0018206948375455625,0
1759280362,341,1,103,103,103,103,109,109,109,109,107515904,107515904,101335040,N/A,135168,99786752,1,dbus-daemon,S (sleeping),client-compromised.bnsdq.ozxfs.vcwss-bomyo.kvugl,0.26612503723609643,0
1759280362,153885,1,N/A,N/A,N/A,N/A,N/A,N/A,N/A,N/A,1953267712,1930887168,38625280,N/A,135168,174923776,14,discern-network,S (sleeping),client-compromised.bnsdq.ozxfs.vcwss-bomyo.kvugl,0.4826441626293424,0
1759280362,183,1,N/A,N/A,N/A,N/A,N/A,N/A,N/A,N/A,160686080,110305280,43958272,4096,135168,30134272,1,systemd-journal,S (sleeping),client-compromised.bnsdq.ozxfs.vcwss-bomyo.kvugl,0.20875477296848238,0
1759280362,170563,1,N/A,N/A,N/A,N/A,N/A,N/A,N/A,N/A,1264619520,1264619520,17207296,N/A,135168,45826048,4,discern-proc-so,R (running),client-compromised.bnsdq.ozxfs.vcwss-bomyo.kvugl,2.637229691400387,0
1759280362,156854,1,N/A,N/A,N/A,N/A,N/A,N/A,N/A,N/A,1647706112,1580597248,21172224,N/A,135168,82202624,5,discern-interfa,S (sleeping),client-compromised.bnsdq.ozxfs.vcwss-bomyo.kvugl,0.0018150225466427939,0
1759280368,341,1,103,103,103,103,109,109,109,109,107515904,107515904,101335040,N/A,135168,99786752,1,dbus-daemon,S (sleeping),client-compromised.bnsdq.ozxfs.vcwss-bomyo.kvugl,0.26609270008580027,0
1759280368,153885,1,N/A,N/A,N/A,N/A,N/A,N/A,N/A,N/A,1953267712,1930887168,38625280,N/A,135168,174923776,14,discern-network,S (sleeping),client-compromised.bnsdq.ozxfs.vcwss-bomyo.kvugl,0.48291312731419783,0
1759280368,183,1,N/A,N/A,N/A,N/A,N/A,N/A,N/A,N/A,160686080,110305280,43958272,4096,135168,30134272,1,systemd-journal,S (sleeping),client-compromised.bnsdq.ozxfs.vcwss-bomyo.kvugl,0.2088338762851878,0
1759280368,170563,1,N/A,N/A,N/A,N/A,N/A,N/A,N/A,N/A,1264619520,1264619520,17207296,N/A,135168,45826048,4,discern-proc-so,S (sleeping),client-compromised.bnsdq.ozxfs.vcwss-bomyo.kvugl,2.6411334230727705,0
1759280368,156854,1,N/A,N/A,N/A,N/A,N/A,N/A,N/A,N/A,1647706112,1580597248,21172224,N/A,135168,82202624,5,discern-interfa,S (sleeping),client-compromised.bnsdq.ozxfs.vcwss-bomyo.kvugl,0.0018093616009594072,0
1759280373,341,1,103,103,103,103,109,109,109,109,107515904,107515904,101335040,N/A,135168,99786752,1,dbus-daemon,S (sleeping),client-compromised.bnsdq.ozxfs.vcwss-bomyo.kvugl,0.2660609925631746,0
1759280373,153885,1,N/A,N/A,N/A,N/A,N/A,N/A,N/A,N/A,1953267712,1930887168,38625280,N/A,135168,174923776,14,discern-network,S (sleeping),client-compromised.bnsdq.ozxfs.vcwss-bomyo.kvugl,0.48265522315628107,0
1759280373,183,1,N/A,N/A,N/A,N/A,N/A,N/A,N/A,N/A,160686080,110305280,43958272,4096,135168,30134272,1,systemd-journal,S (sleeping),client-compromised.bnsdq.ozxfs.vcwss-bomyo.kvugl,0.20874157675475397,0
1759280373,170563,1,N/A,N/A,N/A,N/A,N/A,N/A,N/A,N/A,1264619520,1264619520,17207296,N/A,135168,45826048,4,discern-proc-so,S (sleeping),client-compromised.bnsdq.ozxfs.vcwss-bomyo.kvugl,2.6401682370210526,0
1759280373,156854,1,N/A,N/A,N/A,N/A,N/A,N/A,N/A,N/A,1647706112,1580597248,21172224,N/A,135168,82202624,5,discern-interfa,S (sleeping),client-compromised.bnsdq.ozxfs.vcwss-bomyo.kvugl,0.0018037642970471534,0
1759280378,341,1,103,103,103,103,109,109,109,109,107515904,107515904,101335040,N/A,135168,99786752,1,dbus-daemon,S (sleeping),client-compromised.bnsdq.ozxfs.vcwss-bomyo.kvugl,0.2661146130467579,0
1759280378,153885,1,N/A,N/A,N/A,N/A,N/A,N/A,N/A,N/A,1953267712,1930887168,38625280,N/A,135168,174923776,14,discern-network,S (sleeping),client-compromised.bnsdq.ozxfs.vcwss-bomyo.kvugl,0.4829230119920965,0
1759280378,183,1,N/A,N/A,N/A,N/A,N/A,N/A,N/A,N/A,160686080,110305280,43958272,4096,135168,30134272,1,systemd-journal,S (sleeping),client-compromised.bnsdq.ozxfs.vcwss-bomyo.kvugl,0.2087347745632523,0
1759280378,170563,1,N/A,N/A,N/A,N/A,N/A,N/A,N/A,N/A,1264619520,1264619520,17207296,N/A,135168,45826048,4,discern-proc-so,R (running),client-compromised.bnsdq.ozxfs.vcwss-bomyo.kvugl,2.64398712912282,0
1759280378,156854,1,N/A,N/A,N/A,N/A,N/A,N/A,N/A,N/A,1647706112,1580597248,21172224,N/A,135168,82202624,5,discern-interfa,S (sleeping),client-compromised.bnsdq.ozxfs.vcwss-bomyo.kvugl,0.0017981745544748053,0
1759280383,341,1,103,103,103,103,109,109,109,109,107515904,107515904,101335040,N/A,135168,99786752,1,dbus-daemon,S (sleeping),client-compromised.bnsdq.ozxfs.vcwss-bomyo.kvugl,0.26608295175554264,0
1759280383,153885,1,N/A,N/A,N/A,N/A,N/A,N/A,N/A,N/A,1953267712,1930887168,38625280,N/A,135168,174923776,14,discern-network,S (sleeping),client-compromised.bnsdq.ozxfs.vcwss-bomyo.kvugl,0.4831960210977046,0
1759280383,183,1,N/A,N/A,N/A,N/A,N/A,N/A,N/A,N/A,160686080,110305280,43958272,4096,135168,30134272,1,systemd-journal,S (sleeping),client-compromised.bnsdq.ozxfs.vcwss-bomyo.kvugl,0.2087284464909924,0
1759280383,170563,1,N/A,N/A,N/A,N/A,N/A,N/A,N/A,N/A,1264619520,1264619520,17207296,N/A,135168,45826048,4,discern-proc-so,R (running),client-compromised.bnsdq.ozxfs.vcwss-bomyo.kvugl,2.644630630867198,0
1759280383,156854,1,N/A,N/A,N/A,N/A,N/A,N/A,N/A,N/A,1647706112,1580597248,21172224,N/A,135168,82202624,5,discern-interfa,S (sleeping),client-compromised.bnsdq.ozxfs.vcwss-bomyo.kvugl,0.0017926472708428378,0
1759280388,341,1,103,103,103,103,109,109,109,109,107515904,107515904,101335040,N/A,135168,99786752,1,dbus-daemon,S (sleeping),client-compromised.bnsdq.ozxfs.vcwss-bomyo.kvugl,0.2662228572606168,0
1759280388,153885,1,N/A,N/A,N/A,N/A,N/A,N/A,N/A,N/A,1953267712,1930887168,38625280,N/A,135168,174923776,14,discern-network,S (sleeping),client-compromised.bnsdq.ozxfs.vcwss-bomyo.kvugl,0.4829392016276223,0
1759280388,183,1,N/A,N/A,N/A,N/A,N/A,N/A,N/A,N/A,160686080,110305280,43958272,4096,135168,30134272,1,systemd-journal,S (sleeping),client-compromised.bnsdq.ozxfs.vcwss-bomyo.kvugl,0.20880787424183112,0
1759280388,170563,1,N/A,N/A,N/A,N/A,N/A,N/A,N/A,N/A,1264619520,1264619520,17207296,N/A,135168,45826048,4,discern-proc-so,S (sleeping),client-compromised.bnsdq.ozxfs.vcwss-bomyo.kvugl,2.642057991665186,0
1759280388,156854,1,N/A,N/A,N/A,N/A,N/A,N/A,N/A,N/A,1647706112,1580597248,21172224,N/A,135168,82202624,5,discern-interfa,S (sleeping),client-compromised.bnsdq.ozxfs.vcwss-bomyo.kvugl,0.0017871517273182107,0
1759280393,341,1,103,103,103,103,109,109,109,109,107515904,107515904,101335040,N/A,135168,99786752,1,dbus-daemon,S (sleeping),client-compromised.bnsdq.ozxfs.vcwss-bomyo.kvugl,0.26619116699551665,0
1759280393,153885,1,N/A,N/A,N/A,N/A,N/A,N/A,N/A,N/A,1953267712,1930887168,38625280,N/A,135168,174923776,14,discern-network,S (sleeping),client-compromised.bnsdq.ozxfs.vcwss-bomyo.kvugl,0.48321060527945653,0
1759280393,183,1,N/A,N/A,N/A,N/A,N/A,N/A,N/A,N/A,160686080,110305280,43958272,4096,135168,30134272,1,systemd-journal,S (sleeping),client-compromised.bnsdq.ozxfs.vcwss-bomyo.kvugl,0.20871576257420107,0
1759280393,170563,1,N/A,N/A,N/A,N/A,N/A,N/A,N/A,N/A,1264619520,1264619520,17207296,N/A,135168,45826048,4,discern-proc-so,S (sleeping),client-compromised.bnsdq.ozxfs.vcwss-bomyo.kvugl,2.6395346432178477,0
1759280393,156854,1,N/A,N/A,N/A,N/A,N/A,N/A,N/A,N/A,1647706112,1580597248,21172224,N/A,135168,82202624,5,discern-interfa,S (sleeping),client-compromised.bnsdq.ozxfs.vcwss-bomyo.kvugl,0.001781691576049187,0
1759280398,341,1,103,103,103,103,109,109,109,109,107515904,107515904,101335040,N/A,135168,99786752,1,dbus-daemon,S (sleeping),client-compromised.bnsdq.ozxfs.vcwss-bomyo.kvugl,0.2662451936981933,0
1759280398,153885,1,N/A,N/A,N/A,N/A,N/A,N/A,N/A,N/A,1953267712,1930887168,38625280,N/A,135168,174923776,14,discern-network,S (sleeping),client-compromised.bnsdq.ozxfs.vcwss-bomyo.kvugl,0.4834802037529852,0
1759280398,183,1,N/A,N/A,N/A,N/A,N/A,N/A,N/A,N/A,160686080,110305280,43958272,4096,135168,30134272,1,systemd-journal,S (sleeping),client-compromised.bnsdq.ozxfs.vcwss-bomyo.kvugl,0.2087094230384182,0
1759280398,170563,1,N/A,N/A,N/A,N/A,N/A,N/A,N/A,N/A,1264619520,1264619520,17207296,N/A,135168,45826048,4,discern-proc-so,S (sleeping),client-compromised.bnsdq.ozxfs.vcwss-bomyo.kvugl,2.63861956883399,0
1759280398,156854,1,N/A,N/A,N/A,N/A,N/A,N/A,N/A,N/A,1647706112,1580597248,21172224,N/A,135168,82202624,5,discern-interfa,S (sleeping),client-compromised.bnsdq.ozxfs.vcwss-bomyo.kvugl,0.0017762634176034058,0
1759280404,341,1,103,103,103,103,109,109,109,109,107515904,107515904,101335040,N/A,135168,99786752,1,dbus-daemon,S (sleeping),client-compromised.bnsdq.ozxfs.vcwss-bomyo.kvugl,0.2662129067445235,0
1759280404,153885,1,N/A,N/A,N/A,N/A,N/A,N/A,N/A,N/A,1953267712,1930887168,38625280,N/A,135168,174923776,14,discern-network,S (sleeping),client-compromised.bnsdq.ozxfs.vcwss-bomyo.kvugl,0.483218331175932,0
1759280404,183,1,N/A,N/A,N/A,N/A,N/A,N/A,N/A,N/A,160686080,110305280,43958272,4096,135168,30134272,1,systemd-journal,S (sleeping),client-compromised.bnsdq.ozxfs.vcwss-bomyo.kvugl,0.20870262975932058,0
1759280404,170563,1,N/A,N/A,N/A,N/A,N/A,N/A,N/A,N/A,1264619520,1264619520,17207296,N/A,135168,45826048,4,discern-proc-so,S (sleeping),client-compromised.bnsdq.ozxfs.vcwss-bomyo.kvugl,2.642292911926746,0
1759280404,156854,1,N/A,N/A,N/A,N/A,N/A,N/A,N/A,N/A,1647706112,1580597248,21172224,N/A,135168,82202624,5,discern-interfa,S (sleeping),client-compromised.bnsdq.ozxfs.vcwss-bomyo.kvugl,0.0017708413814030081,0
1759280409,341,1,103,103,103,103,109,109,109,109,107515904,107515904,101335040,N/A,135168,99786752,1,dbus-daemon,S (sleeping),client-compromised.bnsdq.ozxfs.vcwss-bomyo.kvugl,0.2661810082144646,0
1759280409,153885,1,N/A,N/A,N/A,N/A,N/A,N/A,N/A,N/A,1953267712,1930887168,38625280,N/A,135168,174923776,14,discern-network,S (sleeping),client-compromised.bnsdq.ozxfs.vcwss-bomyo.kvugl,0.48296185374009887,0
1759280409,183,1,N/A,N/A,N/A,N/A,N/A,N/A,N/A,N/A,160686080,110305280,43958272,4096,135168,30134272,1,systemd-journal,S (sleeping),client-compromised.bnsdq.ozxfs.vcwss-bomyo.kvugl,0.208610488162597,0
1759280409,170563,1,N/A,N/A,N/A,N/A,N/A,N/A,N/A,N/A,1264619520,1264619520,17207296,N/A,135168,45826048,4,discern-proc-so,S (sleeping),client-compromised.bnsdq.ozxfs.vcwss-bomyo.kvugl,2.639782675148572,0
1759280409,156854,1,N/A,N/A,N/A,N/A,N/A,N/A,N/A,N/A,1647706112,1580597248,21172224,N/A,135168,82202624,5,discern-interfa,S (sleeping),client-compromised.bnsdq.ozxfs.vcwss-bomyo.kvugl,0.0017654687575643935,0
1759280414,341,1,103,103,103,103,109,109,109,109,107515904,107515904,101335040,N/A,135168,99786752,1,dbus-daemon,S (sleeping),client-compromised.bnsdq.ozxfs.vcwss-bomyo.kvugl,0.2662344308589808,0
1759280414,153885,1,N/A,N/A,N/A,N/A,N/A,N/A,N/A,N/A,1953267712,1930887168,38625280,N/A,135168,174923776,14,discern-network,S (sleeping),client-compromised.bnsdq.ozxfs.vcwss-bomyo.kvugl,0.4842654476375412,0
1759280414,183,1,N/A,N/A,N/A,N/A,N/A,N/A,N/A,N/A,160686080,110305280,43958272,4096,135168,30134272,1,systemd-journal,S (sleeping),client-compromised.bnsdq.ozxfs.vcwss-bomyo.kvugl,0.20868937989078315,0
1759280414,170563,1,N/A,N/A,N/A,N/A,N/A,N/A,N/A,N/A,1264619520,1264619520,17207296,N/A,135168,45826048,4,discern-proc-so,S (sleeping),client-compromised.bnsdq.ozxfs.vcwss-bomyo.kvugl,2.6418617662058708,0
1759280414,156854,1,N/A,N/A,N/A,N/A,N/A,N/A,N/A,N/A,1647706112,1580597248,21172224,N/A,135168,82202624,5,discern-interfa,S (sleeping),client-compromised.bnsdq.ozxfs.vcwss-bomyo.kvugl,0.0017601144363707027,0
1759280419,341,1,103,103,103,103,109,109,109,109,107515904,107515904,101335040,N/A,135168,99786752,1,dbus-daemon,S (sleeping),client-compromised.bnsdq.ozxfs.vcwss-bomyo.kvugl,0.2662882282060768,0
1759280419,153885,1,N/A,N/A,N/A,N/A,N/A,N/A,N/A,N/A,1953267712,1930887168,38625280,N/A,135168,174923776,14,discern-network,S (sleeping),client-compromised.bnsdq.ozxfs.vcwss-bomyo.kvugl,0.48400874390184323,0
1759280419,183,1,N/A,N/A,N/A,N/A,N/A,N/A,N/A,N/A,160686080,110305280,43958272,4096,135168,30134272,1,systemd-journal,S (sleeping),client-compromised.bnsdq.ozxfs.vcwss-bomyo.kvugl,0.20868297163328697,0
1759280419,170563,1,N/A,N/A,N/A,N/A,N/A,N/A,N/A,N/A,1264619520,1264619520,17207296,N/A,135168,45826048,4,discern-proc-so,S (sleeping),client-compromised.bnsdq.ozxfs.vcwss-bomyo.kvugl,2.6424596368354525,0
1759280419,156854,1,N/A,N/A,N/A,N/A,N/A,N/A,N/A,N/A,1647706112,1580597248,21172224,N/A,135168,82202624,5,discern-interfa,S (sleeping),client-compromised.bnsdq.ozxfs.vcwss-bomyo.kvugl,0.0017548114960850112,0
1759280424,341,1,103,103,103,103,109,109,109,109,107515904,107515904,101335040,N/A,135168,99786752,1,dbus-daemon,S (sleeping),client-compromised.bnsdq.ozxfs.vcwss-bomyo.kvugl,0.2662561950460333,0
1759280424,153885,1,N/A,N/A,N/A,N/A,N/A,N/A,N/A,N/A,1953267712,1930887168,38625280,N/A,135168,174923776,14,discern-network,S (sleeping),client-compromised.bnsdq.ozxfs.vcwss-bomyo.kvugl,0.4837506255936009,0
1759280424,183,1,N/A,N/A,N/A,N/A,N/A,N/A,N/A,N/A,160686080,110305280,43958272,4096,135168,30134272,1,systemd-journal,S (sleeping),client-compromised.bnsdq.ozxfs.vcwss-bomyo.kvugl,0.20867637044861326,0
1759280424,170563,1,N/A,N/A,N/A,N/A,N/A,N/A,N/A,N/A,1264619520,1264619520,17207296,N/A,135168,45826048,4,discern-proc-so,S (sleeping),client-compromised.bnsdq.ozxfs.vcwss-bomyo.kvugl,2.6430036916926785,0
1759280424,156854,1,N/A,N/A,N/A,N/A,N/A,N/A,N/A,N/A,1647706112,1580597248,21172224,N/A,135168,82202624,5,discern-interfa,S (sleeping),client-compromised.bnsdq.ozxfs.vcwss-bomyo.kvugl,0.0017495290274114233,0
1759280429,341,1,103,103,103,103,109,109,109,109,107515904,107515904,101335040,N/A,135168,99786752,1,dbus-daemon,S (sleeping),client-compromised.bnsdq.ozxfs.vcwss-bomyo.kvugl,0.26622453313912,0
1759280429,153885,1,N/A,N/A,N/A,N/A,N/A,N/A,N/A,N/A,1953267712,1930887168,38625280,N/A,135168,174923776,14,discern-network,S (sleeping),client-compromised.bnsdq.ozxfs.vcwss-bomyo.kvugl,0.4840142144262949,0
1759280429,183,1,N/A,N/A,N/A,N/A,N/A,N/A,N/A,N/A,160686080,110305280,43958272,4096,135168,30134272,1,systemd-journal,S (sleeping),client-compromised.bnsdq.ozxfs.vcwss-bomyo.kvugl,0.20858455983553945,0
1759280429,170563,1,N/A,N/A,N/A,N/A,N/A,N/A,N/A,N/A,1264619520,1264619520,17207296,N/A,135168,45826048,4,discern-proc-so,S (sleeping),client-compromised.bnsdq.ozxfs.vcwss-bomyo.kvugl,2.643599501368621,0
1759280429,156854,1,N/A,N/A,N/A,N/A,N/A,N/A,N/A,N/A,1647706112,1580597248,21172224,N/A,135168,82202624,5,discern-interfa,S (sleeping),client-compromised.bnsdq.ozxfs.vcwss-bomyo.kvugl,0.0017442936954459377,0
1759280435,341,1,103,103,103,103,109,109,109,109,107515904,107515904,101335040,N/A,135168,99786752,1,dbus-daemon,S (sleeping),client-compromised.bnsdq.ozxfs.vcwss-bomyo.kvugl,0.26627834175993725,0
1759280435,153885,1,N/A,N/A,N/A,N/A,N/A,N/A,N/A,N/A,1953267712,1930887168,38625280,N/A,135168,174923776,14,discern-network,S (sleeping),client-compromised.bnsdq.ozxfs.vcwss-bomyo.kvugl,0.48427625111862754,0
1759280435,183,1,N/A,N/A,N/A,N/A,N/A,N/A,N/A,N/A,160686080,110305280,43958272,4096,135168,30134272,1,systemd-journal,S (sleeping),client-compromised.bnsdq.ozxfs.vcwss-bomyo.kvugl,0.20866371409750548,0
1759280435,170563,1,N/A,N/A,N/A,N/A,N/A,N/A,N/A,N/A,1264619520,1264619520,17207296,N/A,135168,45826048,4,discern-proc-so,R (running),client-compromised.bnsdq.ozxfs.vcwss-bomyo.kvugl,2.6426955369795526,0
1759280435,156854,1,N/A,N/A,N/A,N/A,N/A,N/A,N/A,N/A,1647706112,1580597248,21172224,N/A,135168,82202624,5,discern-interfa,S (sleeping),client-compromised.bnsdq.ozxfs.vcwss-bomyo.kvugl,0.001739088907764134,0
1759280440,341,1,103,103,103,103,109,109,109,109,107515904,107515904,101335040,N/A,135168,99786752,1,dbus-daemon,S (sleeping),client-compromised.bnsdq.ozxfs.vcwss-bomyo.kvugl,0.2662467492027436,0
1759280440,153885,1,N/A,N/A,N/A,N/A,N/A,N/A,N/A,N/A,1953267712,1930887168,38625280,N/A,135168,174923776,14,discern-network,S (sleeping),client-compromised.bnsdq.ozxfs.vcwss-bomyo.kvugl,0.4845376256381335,0
1759280440,183,1,N/A,N/A,N/A,N/A,N/A,N/A,N/A,N/A,160686080,110305280,43958272,4096,135168,30134272,1,systemd-journal,S (sleeping),client-compromised.bnsdq.ozxfs.vcwss-bomyo.kvugl,0.2085720305636202,0
1759280440,170563,1,N/A,N/A,N/A,N/A,N/A,N/A,N/A,N/A,1264619520,1264619520,17207296,N/A,135168,45826048,4,discern-proc-so,S (sleeping),client-compromised.bnsdq.ozxfs.vcwss-bomyo.kvugl,2.641816841043658,0
1759280440,156854,1,N/A,N/A,N/A,N/A,N/A,N/A,N/A,N/A,1647706112,1580597248,21172224,N/A,135168,82202624,5,discern-interfa,S (sleeping),client-compromised.bnsdq.ozxfs.vcwss-bomyo.kvugl,0.0017339180554458646,0
1759280445,341,1,103,103,103,103,109,109,109,109,107515904,107515904,101335040,N/A,135168,99786752,1,dbus-daemon,S (sleeping),client-compromised.bnsdq.ozxfs.vcwss-bomyo.kvugl,0.26630048458414385,0
1759280445,153885,1,N/A,N/A,N/A,N/A,N/A,N/A,N/A,N/A,1953267712,1930887168,38625280,N/A,135168,174923776,14,discern-network,S (sleeping),client-compromised.bnsdq.ozxfs.vcwss-bomyo.kvugl,0.4847967356637417,0
1759280445,183,1,N/A,N/A,N/A,N/A,N/A,N/A,N/A,N/A,160686080,110305280,43958272,4096,135168,30134272,1,systemd-journal,S (sleeping),client-compromised.bnsdq.ozxfs.vcwss-bomyo.kvugl,0.20856573645149268,0
1759280445,170563,1,N/A,N/A,N/A,N/A,N/A,N/A,N/A,N/A,1264619520,1264619520,17207296,N/A,135168,45826048,4,discern-proc-so,R (running),client-compromised.bnsdq.ozxfs.vcwss-bomyo.kvugl,2.6394719091925607,0
1759280445,156854,1,N/A,N/A,N/A,N/A,N/A,N/A,N/A,N/A,1647706112,1580597248,21172224,N/A,135168,82202624,5,discern-interfa,S (sleeping),client-compromised.bnsdq.ozxfs.vcwss-bomyo.kvugl,0.0017287742737394803,0
1759280450,341,1,103,103,103,103,109,109,109,109,107515904,107515904,101335040,N/A,135168,99786752,1,dbus-daemon,S (sleeping),client-compromised.bnsdq.ozxfs.vcwss-bomyo.kvugl,0.26635416335321366,0
1759280450,153885,1,N/A,N/A,N/A,N/A,N/A,N/A,N/A,N/A,1953267712,1930887168,38625280,N/A,135168,174923776,14,discern-network,S (sleeping),client-compromised.bnsdq.ozxfs.vcwss-bomyo.kvugl,0.48454324991215536,0
1759280450,183,1,N/A,N/A,N/A,N/A,N/A,N/A,N/A,N/A,160686080,110305280,43958272,4096,135168,30134272,1,systemd-journal,S (sleeping),client-compromised.bnsdq.ozxfs.vcwss-bomyo.kvugl,0.2085594396589353,0
1759280450,170563,1,N/A,N/A,N/A,N/A,N/A,N/A,N/A,N/A,1264619520,1264619520,17207296,N/A,135168,45826048,4,discern-proc-so,S (sleeping),client-compromised.bnsdq.ozxfs.vcwss-bomyo.kvugl,2.6386147967397493,0
1759280450,156854,1,N/A,N/A,N/A,N/A,N/A,N/A,N/A,N/A,1647706112,1580597248,21172224,N/A,135168,82202624,5,discern-interfa,S (sleeping),client-compromised.bnsdq.ozxfs.vcwss-bomyo.kvugl,0.0017236603951330917,0
1759280455,341,1,103,103,103,103,109,109,109,109,107515904,107515904,101335040,N/A,135168,99786752,1,dbus-daemon,S (sleeping),client-compromised.bnsdq.ozxfs.vcwss-bomyo.kvugl,0.2663227527481573,0
1759280455,153885,1,N/A,N/A,N/A,N/A,N/A,N/A,N/A,N/A,1953267712,1930887168,38625280,N/A,135168,174923776,14,discern-network,S (sleeping),client-compromised.bnsdq.ozxfs.vcwss-bomyo.kvugl,0.48429396336453717,0
1759280455,183,1,N/A,N/A,N/A,N/A,N/A,N/A,N/A,N/A,160686080,110305280,43958272,4096,135168,30134272,1,systemd-journal,S (sleeping),client-compromised.bnsdq.ozxfs.vcwss-bomyo.kvugl,0.2085533555222078,0
1759280455,170563,1,N/A,N/A,N/A,N/A,N/A,N/A,N/A,N/A,1264619520,1264619520,17207296,N/A,135168,45826048,4,discern-proc-so,R (running),client-compromised.bnsdq.ozxfs.vcwss-bomyo.kvugl,2.6363711481532683,0
1759280455,156854,1,N/A,N/A,N/A,N/A,N/A,N/A,N/A,N/A,1647706112,1580597248,21172224,N/A,135168,82202624,5,discern-interfa,S (sleeping),client-compromised.bnsdq.ozxfs.vcwss-bomyo.kvugl,0.0017185882508232034,0
1759280460,341,1,103,103,103,103,109,109,109,109,107515904,107515904,101335040,N/A,135168,99786752,1,dbus-daemon,S (sleeping),client-compromised.bnsdq.ozxfs.vcwss-bomyo.kvugl,0.26637663283154744,0
1759280460,153885,1,N/A,N/A,N/A,N/A,N/A,N/A,N/A,N/A,1953267712,1930887168,38625280,N/A,135168,174923776,14,discern-network,S (sleeping),client-compromised.bnsdq.ozxfs.vcwss-bomyo.kvugl,0.48404592736734076,0
1759280460,183,1,N/A,N/A,N/A,N/A,N/A,N/A,N/A,N/A,160686080,110305280,43958272,4096,135168,30134272,1,systemd-journal,S (sleeping),client-compromised.bnsdq.ozxfs.vcwss-bomyo.kvugl,0.2085472729984516,0
1759280460,170563,1,N/A,N/A,N/A,N/A,N/A,N/A,N/A,N/A,1264619520,1264619520,17207296,N/A,135168,45826048,4,discern-proc-so,S (sleeping),client-compromised.bnsdq.ozxfs.vcwss-bomyo.kvugl,2.6341597137388826,0
1759280460,156854,1,N/A,N/A,N/A,N/A,N/A,N/A,N/A,N/A,1647706112,1580597248,21172224,N/A,135168,82202624,5,discern-interfa,S (sleeping),client-compromised.bnsdq.ozxfs.vcwss-bomyo.kvugl,0.0017135456436884362,0
1759280465,341,1,103,103,103,103,109,109,109,109,107515904,107515904,101335040,N/A,135168,99786752,1,dbus-daemon,S (sleeping),client-compromised.bnsdq.ozxfs.vcwss-bomyo.kvugl,0.2662597712951402,0
1759280465,153885,1,N/A,N/A,N/A,N/A,N/A,N/A,N/A,N/A,1953267712,1930887168,38625280,N/A,135168,174923776,14,discern-network,S (sleeping),client-compromised.bnsdq.ozxfs.vcwss-bomyo.kvugl,0.4837966559074108,0
1759280465,183,1,N/A,N/A,N/A,N/A,N/A,N/A,N/A,N/A,160686080,110305280,43958272,4096,135168,30134272,1,systemd-journal,S (sleeping),client-compromised.bnsdq.ozxfs.vcwss-bomyo.kvugl,0.20854101258777355,0
1759280465,170563,1,N/A,N/A,N/A,N/A,N/A,N/A,N/A,N/A,1264619520,1264619520,17207296,N/A,135168,45826048,4,discern-proc-so,S (sleeping),client-compromised.bnsdq.ozxfs.vcwss-bomyo.kvugl,2.6333646012984087,0
1759280465,156854,1,N/A,N/A,N/A,N/A,N/A,N/A,N/A,N/A,1647706112,1580597248,21172224,N/A,135168,82202624,5,discern-interfa,S (sleeping),client-compromised.bnsdq.ozxfs.vcwss-bomyo.kvugl,0.0017085224806228589,0
1759280471,341,1,103,103,103,103,109,109,109,109,107515904,107515904,101335040,N/A,135168,99786752,1,dbus-daemon,S (sleeping),client-compromised.bnsdq.ozxfs.vcwss-bomyo.kvugl,0.2663128338462891,0
1759280471,183,1,N/A,N/A,N/A,N/A,N/A,N/A,N/A,N/A,160686080,110305280,43958272,4096,135168,30134272,1,systemd-journal,S (sleeping),client-compromised.bnsdq.ozxfs.vcwss-bomyo.kvugl,0.20853431727271288,0
1759280471,153885,1,N/A,N/A,N/A,N/A,N/A,N/A,N/A,N/A,1953267712,1930887168,38625280,N/A,135168,174923776,14,discern-network,S (sleeping),client-compromised.bnsdq.ozxfs.vcwss-bomyo.kvugl,0.48455416720891087,0
1759280471,170563,1,N/A,N/A,N/A,N/A,N/A,N/A,N/A,N/A,1264619520,1264619520,17207296,N/A,135168,45826048,4,discern-proc-so,R (running),client-compromised.bnsdq.ozxfs.vcwss-bomyo.kvugl,2.6339008771365084,0
1759280471,156854,1,N/A,N/A,N/A,N/A,N/A,N/A,N/A,N/A,1647706112,1580597248,21172224,N/A,135168,82202624,5,discern-interfa,S (sleeping),client-compromised.bnsdq.ozxfs.vcwss-bomyo.kvugl,0.0017035046311626228,0
1759280476,341,1,103,103,103,103,109,109,109,109,107515904,107515904,101335040,N/A,135168,99786752,1,dbus-daemon,S (sleeping),client-compromised.bnsdq.ozxfs.vcwss-bomyo.kvugl,0.26636627424657555,0
1759280476,183,1,N/A,N/A,N/A,N/A,N/A,N/A,N/A,N/A,160686080,110305280,43958272,4096,135168,30134272,1,systemd-journal,S (sleeping),client-compromised.bnsdq.ozxfs.vcwss-bomyo.kvugl,0.20844281070703638,0
1759280476,153885,1,N/A,N/A,N/A,N/A,N/A,N/A,N/A,N/A,1953267712,1930887168,38625280,N/A,135168,174923776,14,discern-network,S (sleeping),client-compromised.bnsdq.ozxfs.vcwss-bomyo.kvugl,0.48430337322842365,0
1759280476,170563,1,N/A,N/A,N/A,N/A,N/A,N/A,N/A,N/A,1264619520,1264619520,17207296,N/A,135168,45826048,4,discern-proc-so,S (sleeping),client-compromised.bnsdq.ozxfs.vcwss-bomyo.kvugl,2.633096514062741,0
1759280476,156854,1,N/A,N/A,N/A,N/A,N/A,N/A,N/A,N/A,1647706112,1580597248,21172224,N/A,135168,82202624,5,discern-interfa,S (sleeping),client-compromised.bnsdq.ozxfs.vcwss-bomyo.kvugl,0.0016985341963982555,0
1759280481,341,1,103,103,103,103,109,109,109,109,107515904,107515904,101335040,N/A,135168,99786752,1,dbus-daemon,S (sleeping),client-compromised.bnsdq.ozxfs.vcwss-bomyo.kvugl,0.26650491868122217,0
1759280481,183,1,N/A,N/A,N/A,N/A,N/A,N/A,N/A,N/A,160686080,110305280,43958272,4096,135168,30134272,1,systemd-journal,S (sleeping),client-compromised.bnsdq.ozxfs.vcwss-bomyo.kvugl,0.20852169945287705,0
1759280481,153885,1,N/A,N/A,N/A,N/A,N/A,N/A,N/A,N/A,1953267712,1930887168,38625280,N/A,135168,174923776,14,discern-network,S (sleeping),client-compromised.bnsdq.ozxfs.vcwss-bomyo.kvugl,0.48405514222905294,0
1759280481,170563,1,N/A,N/A,N/A,N/A,N/A,N/A,N/A,N/A,1264619520,1264619520,17207296,N/A,135168,45826048,4,discern-proc-so,S (sleeping),client-compromised.bnsdq.ozxfs.vcwss-bomyo.kvugl,2.6309305047585885,0
1759280481,156854,1,N/A,N/A,N/A,N/A,N/A,N/A,N/A,N/A,1647706112,1580597248,21172224,N/A,135168,82202624,5,discern-interfa,S (sleeping),client-compromised.bnsdq.ozxfs.vcwss-bomyo.kvugl,0.001693597574877909,0
1759280486,341,1,103,103,103,103,109,109,109,109,107515904,107515904,101335040,N/A,135168,99786752,1,dbus-daemon,S (sleeping),client-compromised.bnsdq.ozxfs.vcwss-bomyo.kvugl,0.26638810713423705,0
1759280486,183,1,N/A,N/A,N/A,N/A,N/A,N/A,N/A,N/A,160686080,110305280,43958272,4096,135168,30134272,1,systemd-journal,S (sleeping),client-compromised.bnsdq.ozxfs.vcwss-bomyo.kvugl,0.20843032056922217,0
1759280486,153885,1,N/A,N/A,N/A,N/A,N/A,N/A,N/A,N/A,1953267712,1930887168,38625280,N/A,135168,174923776,14,discern-network,S (sleeping),client-compromised.bnsdq.ozxfs.vcwss-bomyo.kvugl,0.48430940257311006,0
1759280486,170563,1,N/A,N/A,N/A,N/A,N/A,N/A,N/A,N/A,1264619520,1264619520,17207296,N/A,135168,45826048,4,discern-proc-so,R (running),client-compromised.bnsdq.ozxfs.vcwss-bomyo.kvugl,2.628785573299782,0
1759280486,156854,1,N/A,N/A,N/A,N/A,N/A,N/A,N/A,N/A,1647706112,1580597248,21172224,N/A,135168,82202624,5,discern-interfa,S (sleeping),client-compromised.bnsdq.ozxfs.vcwss-bomyo.kvugl,0.001688687046838849,0
1759280491,341,1,103,103,103,103,109,109,109,109,107515904,107515904,101335040,N/A,135168,99786752,1,dbus-daemon,S (sleeping),client-compromised.bnsdq.ozxfs.vcwss-bomyo.kvugl,0.2664416258210143,0
1759280491,183,1,N/A,N/A,N/A,N/A,N/A,N/A,N/A,N/A,160686080,110305280,43958272,4096,135168,30134272,1,systemd-journal,S (sleeping),client-compromised.bnsdq.ozxfs.vcwss-bomyo.kvugl,0.20842415765557598,0
1759280491,153885,1,N/A,N/A,N/A,N/A,N/A,N/A,N/A,N/A,1953267712,1930887168,38625280,N/A,135168,174923776,14,discern-network,S (sleeping),client-compromised.bnsdq.ozxfs.vcwss-bomyo.kvugl,0.4840631111785051,0
1759280491,170563,1,N/A,N/A,N/A,N/A,N/A,N/A,N/A,N/A,1264619520,1264619520,17207296,N/A,135168,45826048,4,discern-proc-so,S (sleeping),client-compromised.bnsdq.ozxfs.vcwss-bomyo.kvugl,2.6253184617200556,0
1759280491,156854,1,N/A,N/A,N/A,N/A,N/A,N/A,N/A,N/A,1647706112,1580597248,21172224,N/A,135168,82202624,5,discern-interfa,S (sleeping),client-compromised.bnsdq.ozxfs.vcwss-bomyo.kvugl,0.0016838100931962038,0
1759280496,341,1,103,103,103,103,109,109,109,109,107515904,107515904,101335040,N/A,135168,99786752,1,dbus-daemon,S (sleeping),client-compromised.bnsdq.ozxfs.vcwss-bomyo.kvugl,0.26640949057624663,0
1759280496,183,1,N/A,N/A,N/A,N/A,N/A,N/A,N/A,N/A,160686080,110305280,43958272,4096,135168,30134272,1,systemd-journal,S (sleeping),client-compromised.bnsdq.ozxfs.vcwss-bomyo.kvugl,0.20850252965995916,0
1759280496,153885,1,N/A,N/A,N/A,N/A,N/A,N/A,N/A,N/A,1953267712,1930887168,38625280,N/A,135168,174923776,14,discern-network,S (sleeping),client-compromised.bnsdq.ozxfs.vcwss-bomyo.kvugl,0.484310979202711,0
1759280496,170563,1,N/A,N/A,N/A,N/A,N/A,N/A,N/A,N/A,1264619520,1264619520,17207296,N/A,135168,45826048,4,discern-proc-so,S (sleeping),client-compromised.bnsdq.ozxfs.vcwss-bomyo.kvugl,2.625893164654702,0
1759280496,156854,1,N/A,N/A,N/A,N/A,N/A,N/A,N/A,N/A,1647706112,1580597248,21172224,N/A,135168,82202624,5,discern-interfa,S (sleeping),client-compromised.bnsdq.ozxfs.vcwss-bomyo.kvugl,0.0016789362763089,0
1759280501,341,1,103,103,103,103,109,109,109,109,107515904,107515904,101335040,N/A,135168,99786752,1,dbus-daemon,S (sleeping),client-compromised.bnsdq.ozxfs.vcwss-bomyo.kvugl,0.26637832140438045,0
1759280501,183,1,N/A,N/A,N/A,N/A,N/A,N/A,N/A,N/A,160686080,110305280,43958272,4096,135168,30134272,1,systemd-journal,S (sleeping),client-compromised.bnsdq.ozxfs.vcwss-bomyo.kvugl,0.2084116423938629,0
1759280501,153885,1,N/A,N/A,N/A,N/A,N/A,N/A,N/A,N/A,1953267712,1930887168,38625280,N/A,135168,174923776,14,discern-network,S (sleeping),client-compromised.bnsdq.ozxfs.vcwss-bomyo.kvugl,0.48406953096416727,0
1759280501,170563,1,N/A,N/A,N/A,N/A,N/A,N/A,N/A,N/A,1264619520,1264619520,17207296,N/A,135168,45826048,4,discern-proc-so,S (sleeping),client-compromised.bnsdq.ozxfs.vcwss-bomyo.kvugl,2.623900797934676,0
1759280501,156854,1,N/A,N/A,N/A,N/A,N/A,N/A,N/A,N/A,1647706112,1580597248,21172224,N/A,135168,82202624,5,discern-interfa,S (sleeping),client-compromised.bnsdq.ozxfs.vcwss-bomyo.kvugl,0.0016741293444402221,0
1759280507,341,1,103,103,103,103,109,109,109,109,107515904,107515904,101335040,N/A,135168,99786752,1,dbus-daemon,S (sleeping),client-compromised.bnsdq.ozxfs.vcwss-bomyo.kvugl,0.26643190532039357,0
1759280507,183,1,N/A,N/A,N/A,N/A,N/A,N/A,N/A,N/A,160686080,110305280,43958272,4096,135168,30134272,1,systemd-journal,S (sleeping),client-compromised.bnsdq.ozxfs.vcwss-bomyo.kvugl,0.20849052372375457,0
1759280507,153885,1,N/A,N/A,N/A,N/A,N/A,N/A,N/A,N/A,1953267712,1930887168,38625280,N/A,135168,174923776,14,discern-network,S (sleeping),client-compromised.bnsdq.ozxfs.vcwss-bomyo.kvugl,0.48432389596291164,0
1759280507,170563,1,N/A,N/A,N/A,N/A,N/A,N/A,N/A,N/A,1264619520,1264619520,17207296,N/A,135168,45826048,4,discern-proc-so,R (running),client-compromised.bnsdq.ozxfs.vcwss-bomyo.kvugl,2.6219040100225746,0
1759280507,156854,1,N/A,N/A,N/A,N/A,N/A,N/A,N/A,N/A,1647706112,1580597248,21172224,N/A,135168,82202624,5,discern-interfa,S (sleeping),client-compromised.bnsdq.ozxfs.vcwss-bomyo.kvugl,0.001669341481138117,0
1759280512,341,1,103,103,103,103,109,109,109,109,107515904,107515904,101335040,N/A,135168,99786752,1,dbus-daemon,S (sleeping),client-compromised.bnsdq.ozxfs.vcwss-bomyo.kvugl,0.2664004100765218,0
1759280512,183,1,N/A,N/A,N/A,N/A,N/A,N/A,N/A,N/A,160686080,110305280,43958272,4096,135168,30134272,1,systemd-journal,S (sleeping),client-compromised.bnsdq.ozxfs.vcwss-bomyo.kvugl,0.2083994530169829,0
1759280512,153885,1,N/A,N/A,N/A,N/A,N/A,N/A,N/A,N/A,1953267712,1930887168,38625280,N/A,135168,174923776,14,discern-network,S (sleeping),client-compromised.bnsdq.ozxfs.vcwss-bomyo.kvugl,0.48408002448949106,0
1759280512,156854,1,N/A,N/A,N/A,N/A,N/A,N/A,N/A,N/A,1647706112,1580597248,21172224,N/A,135168,82202624,5,discern-interfa,S (sleeping),client-compromised.bnsdq.ozxfs.vcwss-bomyo.kvugl,0.00277429227808981,0
1759280512,170563,1,N/A,N/A,N/A,N/A,N/A,N/A,N/A,N/A,1264619520,1264619520,17207296,N/A,135168,45826048,4,discern-proc-so,S (sleeping),client-compromised.bnsdq.ozxfs.vcwss-bomyo.kvugl,2.6212475455286,0
1759280517,341,1,103,103,103,103,109,109,109,109,107515904,107515904,101335040,N/A,135168,99786752,1,dbus-daemon,S (sleeping),client-compromised.bnsdq.ozxfs.vcwss-bomyo.kvugl,0.26653931847086304,0
1759280517,183,1,N/A,N/A,N/A,N/A,N/A,N/A,N/A,N/A,160686080,110305280,43958272,4096,135168,30134272,1,systemd-journal,S (sleeping),client-compromised.bnsdq.ozxfs.vcwss-bomyo.kvugl,0.2083938286227465,0
1759280517,153885,1,N/A,N/A,N/A,N/A,N/A,N/A,N/A,N/A,1953267712,1930887168,38625280,N/A,135168,174923776,14,discern-network,S (sleeping),client-compromised.bnsdq.ozxfs.vcwss-bomyo.kvugl,0.484338593643802,0
1759280517,156854,1,N/A,N/A,N/A,N/A,N/A,N/A,N/A,N/A,1647706112,1580597248,21172224,N/A,135168,82202624,5,discern-interfa,S (sleeping),client-compromised.bnsdq.ozxfs.vcwss-bomyo.kvugl,0.002766438484842219,0
1759280517,170563,1,N/A,N/A,N/A,N/A,N/A,N/A,N/A,N/A,1264619520,1264619520,17207296,N/A,135168,45826048,4,discern-proc-so,S (sleeping),client-compromised.bnsdq.ozxfs.vcwss-bomyo.kvugl,2.6167250147826624,0
1759280522,341,1,103,103,103,103,109,109,109,109,107515904,107515904,101335040,N/A,135168,99786752,1,dbus-daemon,S (sleeping),client-compromised.bnsdq.ozxfs.vcwss-bomyo.kvugl,0.2664230957942914,0
1759280522,183,1,N/A,N/A,N/A,N/A,N/A,N/A,N/A,N/A,160686080,110305280,43958272,4096,135168,30134272,1,systemd-journal,S (sleeping),client-compromised.bnsdq.ozxfs.vcwss-bomyo.kvugl,0.20838778148677195,0
1759280522,153885,1,N/A,N/A,N/A,N/A,N/A,N/A,N/A,N/A,1953267712,1930887168,38625280,N/A,135168,174923776,14,discern-network,S (sleeping),client-compromised.bnsdq.ozxfs.vcwss-bomyo.kvugl,0.4840971056851792,0
1759280522,156854,1,N/A,N/A,N/A,N/A,N/A,N/A,N/A,N/A,1647706112,1580597248,21172224,N/A,135168,82202624,5,discern-interfa,S (sleeping),client-compromised.bnsdq.ozxfs.vcwss-bomyo.kvugl,0.002758592181281442,0
1759280522,170563,1,N/A,N/A,N/A,N/A,N/A,N/A,N/A,N/A,1264619520,1264619520,17207296,N/A,135168,45826048,4,discern-proc-so,S (sleeping),client-compromised.bnsdq.ozxfs.vcwss-bomyo.kvugl,2.613496766194117,0
1759280527,341,1,103,103,103,103,109,109,109,109,107515904,107515904,101335040,N/A,135168,99786752,1,dbus-daemon,S (sleeping),client-compromised.bnsdq.ozxfs.vcwss-bomyo.kvugl,0.26647638031988097,0
1759280527,183,1,N/A,N/A,N/A,N/A,N/A,N/A,N/A,N/A,160686080,110305280,43958272,4096,135168,30134272,1,systemd-journal,S (sleeping),client-compromised.bnsdq.ozxfs.vcwss-bomyo.kvugl,0.2083816126457038,0
1759280527,153885,1,N/A,N/A,N/A,N/A,N/A,N/A,N/A,N/A,1953267712,1930887168,38625280,N/A,135168,174923776,14,discern-network,S (sleeping),client-compromised.bnsdq.ozxfs.vcwss-bomyo.kvugl,0.48434685293654467,0
1759280527,156854,1,N/A,N/A,N/A,N/A,N/A,N/A,N/A,N/A,1647706112,1580597248,21172224,N/A,135168,82202624,5,discern-interfa,S (sleeping),client-compromised.bnsdq.ozxfs.vcwss-bomyo.kvugl,0.0027507793972522607,0
1759280527,170563,1,N/A,N/A,N/A,N/A,N/A,N/A,N/A,N/A,1264619520,1264619520,17207296,N/A,135168,45826048,4,discern-proc-so,R (running),client-compromised.bnsdq.ozxfs.vcwss-bomyo.kvugl,2.614210687396882,0
1759280532,341,1,103,103,103,103,109,109,109,109,107515904,107515904,101335040,N/A,135168,99786752,1,dbus-daemon,S (sleeping),client-compromised.bnsdq.ozxfs.vcwss-bomyo.kvugl,0.2665291016641747,0
1759280532,183,1,N/A,N/A,N/A,N/A,N/A,N/A,N/A,N/A,160686080,110305280,43958272,4096,135168,30134272,1,systemd-journal,S (sleeping),client-compromised.bnsdq.ozxfs.vcwss-bomyo.kvugl,0.20837504536446153,0
1759280532,153885,1,N/A,N/A,N/A,N/A,N/A,N/A,N/A,N/A,1953267712,1930887168,38625280,N/A,135168,174923776,14,discern-network,S (sleeping),client-compromised.bnsdq.ozxfs.vcwss-bomyo.kvugl,0.48458990422644616,0
1759280532,156854,1,N/A,N/A,N/A,N/A,N/A,N/A,N/A,N/A,1647706112,1580597248,21172224,N/A,135168,82202624,5,discern-interfa,S (sleeping),client-compromised.bnsdq.ozxfs.vcwss-bomyo.kvugl,0.0027429763404256944,0
1759280532,170563,1,N/A,N/A,N/A,N/A,N/A,N/A,N/A,N/A,1264619520,1264619520,17207296,N/A,135168,45826048,4,discern-proc-so,S (sleeping),client-compromised.bnsdq.ozxfs.vcwss-bomyo.kvugl,2.617435349488037,0
1759280537,341,1,103,103,103,103,109,109,109,109,107515904,107515904,101335040,N/A,135168,99786752,1,dbus-daemon,S (sleeping),client-compromised.bnsdq.ozxfs.vcwss-bomyo.kvugl,0.2664976179327804,0
1759280537,183,1,N/A,N/A,N/A,N/A,N/A,N/A,N/A,N/A,160686080,110305280,43958272,4096,135168,30134272,1,systemd-journal,S (sleeping),client-compromised.bnsdq.ozxfs.vcwss-bomyo.kvugl,0.2082842116659393,0
1759280537,153885,1,N/A,N/A,N/A,N/A,N/A,N/A,N/A,N/A,1953267712,1930887168,38625280,N/A,135168,174923776,14,discern-network,S (sleeping),client-compromised.bnsdq.ozxfs.vcwss-bomyo.kvugl,0.48434827170208705,0
1759280537,156854,1,N/A,N/A,N/A,N/A,N/A,N/A,N/A,N/A,1647706112,1580597248,21172224,N/A,135168,82202624,5,discern-interfa,S (sleeping),client-compromised.bnsdq.ozxfs.vcwss-bomyo.kvugl,0.002735253926142063,0
1759280537,170563,1,N/A,N/A,N/A,N/A,N/A,N/A,N/A,N/A,1264619520,1264619520,17207296,N/A,135168,45826048,4,discern-proc-so,S (sleeping),client-compromised.bnsdq.ozxfs.vcwss-bomyo.kvugl,2.6168279708151045,0
1759280543,341,1,103,103,103,103,109,109,109,109,107515904,107515904,101335040,N/A,135168,99786752,1,dbus-daemon,S (sleeping),client-compromised.bnsdq.ozxfs.vcwss-bomyo.kvugl,0.2664655900849928,0
1759280543,183,1,N/A,N/A,N/A,N/A,N/A,N/A,N/A,N/A,160686080,110305280,43958272,4096,135168,30134272,1,systemd-journal,S (sleeping),client-compromised.bnsdq.ozxfs.vcwss-bomyo.kvugl,0.20836234204275925,0
1759280543,153885,1,N/A,N/A,N/A,N/A,N/A,N/A,N/A,N/A,1953267712,1930887168,38625280,N/A,135168,174923776,14,discern-network,S (sleeping),client-compromised.bnsdq.ozxfs.vcwss-bomyo.kvugl,0.4845898737614156,0
1759280543,156854,1,N/A,N/A,N/A,N/A,N/A,N/A,N/A,N/A,1647706112,1580597248,21172224,N/A,135168,82202624,5,discern-interfa,S (sleeping),client-compromised.bnsdq.ozxfs.vcwss-bomyo.kvugl,0.002727537170365015,0
1759280543,170563,1,N/A,N/A,N/A,N/A,N/A,N/A,N/A,N/A,1264619520,1264619520,17207296,N/A,135168,45826048,4,discern-proc-so,R (running),client-compromised.bnsdq.ozxfs.vcwss-bomyo.kvugl,2.6187081045166436,0
1759280548,341,1,103,103,103,103,109,109,109,109,107515904,107515904,101335040,N/A,135168,99786752,1,dbus-daemon,S (sleeping),client-compromised.bnsdq.ozxfs.vcwss-bomyo.kvugl,0.2665188495596629,0
1759280548,183,1,N/A,N/A,N/A,N/A,N/A,N/A,N/A,N/A,160686080,110305280,43958272,4096,135168,30134272,1,systemd-journal,S (sleeping),client-compromised.bnsdq.ozxfs.vcwss-bomyo.kvugl,0.2082716338351474,0
1759280548,153885,1,N/A,N/A,N/A,N/A,N/A,N/A,N/A,N/A,1953267712,1930887168,38625280,N/A,135168,174923776,14,discern-network,S (sleeping),client-compromised.bnsdq.ozxfs.vcwss-bomyo.kvugl,0.4853235656719418,0
1759280548,156854,1,N/A,N/A,N/A,N/A,N/A,N/A,N/A,N/A,1647706112,1580597248,21172224,N/A,135168,82202624,5,discern-interfa,S (sleeping),client-compromised.bnsdq.ozxfs.vcwss-bomyo.kvugl,0.0027199047277476364,0
1759280548,170563,1,N/A,N/A,N/A,N/A,N/A,N/A,N/A,N/A,1264619520,1264619520,17207296,N/A,135168,45826048,4,discern-proc-so,R (running),client-compromised.bnsdq.ozxfs.vcwss-bomyo.kvugl,2.6193818221222713,0
1759280553,341,1,103,103,103,103,109,109,109,109,107515904,107515904,101335040,N/A,135168,99786752,1,dbus-daemon,S (sleeping),client-compromised.bnsdq.ozxfs.vcwss-bomyo.kvugl,0.2664875245162123,0
1759280553,183,1,N/A,N/A,N/A,N/A,N/A,N/A,N/A,N/A,160686080,110305280,43958272,4096,135168,30134272,1,systemd-journal,S (sleeping),client-compromised.bnsdq.ozxfs.vcwss-bomyo.kvugl,0.2082656430634279,0
1759280553,153885,1,N/A,N/A,N/A,N/A,N/A,N/A,N/A,N/A,1953267712,1930887168,38625280,N/A,135168,174923776,14,discern-network,S (sleeping),client-compromised.bnsdq.ozxfs.vcwss-bomyo.kvugl,0.4855686421930646,0
1759280553,156854,1,N/A,N/A,N/A,N/A,N/A,N/A,N/A,N/A,1647706112,1580597248,21172224,N/A,135168,82202624,5,discern-interfa,S (sleeping),client-compromised.bnsdq.ozxfs.vcwss-bomyo.kvugl,0.002712318727604356,0
1759280553,170563,1,N/A,N/A,N/A,N/A,N/A,N/A,N/A,N/A,1264619520,1264619520,17207296,N/A,135168,45826048,4,discern-proc-so,S (sleeping),client-compromised.bnsdq.ozxfs.vcwss-bomyo.kvugl,2.6175252684597083,0
1759280558,341,1,103,103,103,103,109,109,109,109,107515904,107515904,101335040,N/A,135168,99786752,1,dbus-daemon,S (sleeping),client-compromised.bnsdq.ozxfs.vcwss-bomyo.kvugl,0.2664560494159874,0
1759280558,183,1,N/A,N/A,N/A,N/A,N/A,N/A,N/A,N/A,160686080,110305280,43958272,4096,135168,30134272,1,systemd-journal,S (sleeping),client-compromised.bnsdq.ozxfs.vcwss-bomyo.kvugl,0.2082595205716749,0
1759280558,153885,1,N/A,N/A,N/A,N/A,N/A,N/A,N/A,N/A,1953267712,1930887168,38625280,N/A,135168,174923776,14,discern-network,S (sleeping),client-compromised.bnsdq.ozxfs.vcwss-bomyo.kvugl,0.4853263173503422,0
1759280558,156854,1,N/A,N/A,N/A,N/A,N/A,N/A,N/A,N/A,1647706112,1580597248,21172224,N/A,135168,82202624,5,discern-interfa,S (sleeping),client-compromised.bnsdq.ozxfs.vcwss-bomyo.kvugl,0.002704763614580604,0
1759280558,170563,1,N/A,N/A,N/A,N/A,N/A,N/A,N/A,N/A,1264619520,1264619520,17207296,N/A,135168,45826048,4,discern-proc-so,S (sleeping),client-compromised.bnsdq.ozxfs.vcwss-bomyo.kvugl,2.618181162044891,0
1759280563,341,1,103,103,103,103,109,109,109,109,107515904,107515904,101335040,N/A,135168,99786752,1,dbus-daemon,S (sleeping),client-compromised.bnsdq.ozxfs.vcwss-bomyo.kvugl,0.2665091364258989,0
1759280563,183,1,N/A,N/A,N/A,N/A,N/A,N/A,N/A,N/A,160686080,110305280,43958272,4096,135168,30134272,1,systemd-journal,S (sleeping),client-compromised.bnsdq.ozxfs.vcwss-bomyo.kvugl,0.20833792943624838,0
1759280563,153885,1,N/A,N/A,N/A,N/A,N/A,N/A,N/A,N/A,1953267712,1930887168,38625280,N/A,135168,174923776,14,discern-network,S (sleeping),client-compromised.bnsdq.ozxfs.vcwss-bomyo.kvugl,0.4855684491672649,0
1759280563,156854,1,N/A,N/A,N/A,N/A,N/A,N/A,N/A,N/A,1647706112,1580597248,21172224,N/A,135168,82202624,5,discern-interfa,S (sleeping),client-compromised.bnsdq.ozxfs.vcwss-bomyo.kvugl,0.0026972510670305884,0
1759280563,170563,1,N/A,N/A,N/A,N/A,N/A,N/A,N/A,N/A,1264619520,1264619520,17207296,N/A,135168,45826048,4,discern-proc-so,R (running),client-compromised.bnsdq.ozxfs.vcwss-bomyo.kvugl,2.6163322450078788,0
1759280568,341,1,103,103,103,103,109,109,109,109,107515904,107515904,101335040,N/A,135168,99786752,1,dbus-daemon,S (sleeping),client-compromised.bnsdq.ozxfs.vcwss-bomyo.kvugl,0.26656155866650455,0
1759280568,183,1,N/A,N/A,N/A,N/A,N/A,N/A,N/A,N/A,160686080,110305280,43958272,4096,135168,30134272,1,systemd-journal,S (sleeping),client-compromised.bnsdq.ozxfs.vcwss-bomyo.kvugl,0.2083313026955583,0
1759280568,153885,1,N/A,N/A,N/A,N/A,N/A,N/A,N/A,N/A,1953267712,1930887168,38625280,N/A,135168,174923776,14,discern-network,S (sleeping),client-compromised.bnsdq.ozxfs.vcwss-bomyo.kvugl,0.48532097142040137,0
1759280568,156854,1,N/A,N/A,N/A,N/A,N/A,N/A,N/A,N/A,1647706112,1580597248,21172224,N/A,135168,82202624,5,discern-interfa,S (sleeping),client-compromised.bnsdq.ozxfs.vcwss-bomyo.kvugl,0.002689740199543282,0
1759280568,170563,1,N/A,N/A,N/A,N/A,N/A,N/A,N/A,N/A,1264619520,1264619520,17207296,N/A,135168,45826048,4,discern-proc-so,R (running),client-compromised.bnsdq.ozxfs.vcwss-bomyo.kvugl,2.6193806633850754,0
1759280574,341,1,103,103,103,103,109,109,109,109,107515904,107515904,101335040,N/A,135168,99786752,1,dbus-daemon,S (sleeping),client-compromised.bnsdq.ozxfs.vcwss-bomyo.kvugl,0.2666145430715098,0
1759280574,183,1,N/A,N/A,N/A,N/A,N/A,N/A,N/A,N/A,160686080,110305280,43958272,4096,135168,30134272,1,systemd-journal,S (sleeping),client-compromised.bnsdq.ozxfs.vcwss-bomyo.kvugl,0.20824071511677056,0
1759280574,153885,1,N/A,N/A,N/A,N/A,N/A,N/A,N/A,N/A,1953267712,1930887168,38625280,N/A,135168,174923776,14,discern-network,S (sleeping),client-compromised.bnsdq.ozxfs.vcwss-bomyo.kvugl,0.4860425731687756,0
1759280574,156854,1,N/A,N/A,N/A,N/A,N/A,N/A,N/A,N/A,1647706112,1580597248,21172224,N/A,135168,82202624,5,discern-interfa,S (sleeping),client-compromised.bnsdq.ozxfs.vcwss-bomyo.kvugl,0.002682310176012719,0
1759280574,170563,1,N/A,N/A,N/A,N/A,N/A,N/A,N/A,N/A,1264619520,1264619520,17207296,N/A,135168,45826048,4,discern-proc-so,S (sleeping),client-compromised.bnsdq.ozxfs.vcwss-bomyo.kvugl,2.6187791372729277,0
1759280579,341,1,103,103,103,103,109,109,109,109,107515904,107515904,101335040,N/A,135168,99786752,1,dbus-daemon,S (sleeping),client-compromised.bnsdq.ozxfs.vcwss-bomyo.kvugl,0.26658262192163534,0
1759280579,183,1,N/A,N/A,N/A,N/A,N/A,N/A,N/A,N/A,160686080,110305280,43958272,4096,135168,30134272,1,systemd-journal,S (sleeping),client-compromised.bnsdq.ozxfs.vcwss-bomyo.kvugl,0.20823426562057362,0
1759280579,153885,1,N/A,N/A,N/A,N/A,N/A,N/A,N/A,N/A,1953267712,1930887168,38625280,N/A,135168,174923776,14,discern-network,S (sleeping),client-compromised.bnsdq.ozxfs.vcwss-bomyo.kvugl,0.48579685488756164,0
1759280579,156854,1,N/A,N/A,N/A,N/A,N/A,N/A,N/A,N/A,1647706112,1580597248,21172224,N/A,135168,82202624,5,discern-interfa,S (sleeping),client-compromised.bnsdq.ozxfs.vcwss-bomyo.kvugl,0.0026748927088904033,0
1759280579,170563,1,N/A,N/A,N/A,N/A,N/A,N/A,N/A,N/A,1264619520,1264619520,17207296,N/A,135168,45826048,4,discern-proc-so,R (running),client-compromised.bnsdq.ozxfs.vcwss-bomyo.kvugl,2.620572214212961,0
1759280584,341,1,103,103,103,103,109,109,109,109,107515904,107515904,101335040,N/A,135168,99786752,1,dbus-daemon,S (sleeping),client-compromised.bnsdq.ozxfs.vcwss-bomyo.kvugl,0.26655108404613354,0
1759280584,153885,1,N/A,N/A,N/A,N/A,N/A,N/A,N/A,N/A,1953267712,1930887168,38625280,N/A,135168,174923776,14,discern-network,S (sleeping),client-compromised.bnsdq.ozxfs.vcwss-bomyo.kvugl,0.48507766668316366,0
1759280584,183,1,N/A,N/A,N/A,N/A,N/A,N/A,N/A,N/A,160686080,110305280,43958272,4096,135168,30134272,1,systemd-journal,S (sleeping),client-compromised.bnsdq.ozxfs.vcwss-bomyo.kvugl,0.20822809796885222,0
1759280584,156854,1,N/A,N/A,N/A,N/A,N/A,N/A,N/A,N/A,1647706112,1580597248,21172224,N/A,135168,82202624,5,discern-interfa,S (sleeping),client-compromised.bnsdq.ozxfs.vcwss-bomyo.kvugl,0.002667538634805606,0
1759280584,170563,1,N/A,N/A,N/A,N/A,N/A,N/A,N/A,N/A,1264619520,1264619520,17207296,N/A,135168,45826048,4,discern-proc-so,S (sleeping),client-compromised.bnsdq.ozxfs.vcwss-bomyo.kvugl,2.6187406182121866,0
1759280589,341,1,103,103,103,103,109,109,109,109,107515904,107515904,101335040,N/A,135168,99786752,1,dbus-daemon,S (sleeping),client-compromised.bnsdq.ozxfs.vcwss-bomyo.kvugl,0.2666024845123818,0
1759280589,181125,1,N/A,N/A,N/A,N/A,N/A,N/A,N/A,N/A,1399861248,1399861248,134983680,N/A,135168,176906240,4,discern-file-so,S (sleeping),client-compromised.bnsdq.ozxfs.vcwss-bomyo.kvugl,57.81594061614246,0
1759280589,153885,1,N/A,N/A,N/A,N/A,N/A,N/A,N/A,N/A,1953267712,1930887168,38625280,N/A,135168,174923776,14,discern-network,S (sleeping),client-compromised.bnsdq.ozxfs.vcwss-bomyo.kvugl,0.48482432642363915,0
1759280589,183,1,N/A,N/A,N/A,N/A,N/A,N/A,N/A,N/A,160686080,110305280,43958272,4096,135168,30134272,1,systemd-journal,S (sleeping),client-compromised.bnsdq.ozxfs.vcwss-bomyo.kvugl,0.20822080259331013,0
1759280589,156854,1,N/A,N/A,N/A,N/A,N/A,N/A,N/A,N/A,1647706112,1580597248,21172224,N/A,135168,82202624,5,discern-interfa,S (sleeping),client-compromised.bnsdq.ozxfs.vcwss-bomyo.kvugl,0.0026601330886575148,0
1759280594,341,1,103,103,103,103,109,109,109,109,107515904,107515904,101335040,N/A,135168,99786752,1,dbus-daemon,S (sleeping),client-compromised.bnsdq.ozxfs.vcwss-bomyo.kvugl,0.26656901095014074,0
1759280594,181125,1,N/A,N/A,N/A,N/A,N/A,N/A,N/A,N/A,1534218240,1534218240,225722368,N/A,135168,294486016,4,discern-file-so,S (sleeping),client-compromised.bnsdq.ozxfs.vcwss-bomyo.kvugl,68.70023167041406,0
1759280594,153885,1,N/A,N/A,N/A,N/A,N/A,N/A,N/A,N/A,1953267712,1930887168,38625280,N/A,135168,174923776,14,discern-network,S (sleeping),client-compromised.bnsdq.ozxfs.vcwss-bomyo.kvugl,0.4850430365483067,0
1759280594,183,1,N/A,N/A,N/A,N/A,N/A,N/A,N/A,N/A,160686080,110305280,43958272,4096,135168,30134272,1,systemd-journal,S (sleeping),client-compromised.bnsdq.ozxfs.vcwss-bomyo.kvugl,0.20821312771879516,0
1759280594,156854,1,N/A,N/A,N/A,N/A,N/A,N/A,N/A,N/A,1647706112,1580597248,21172224,N/A,135168,82202624,5,discern-interfa,S (sleeping),client-compromised.bnsdq.ozxfs.vcwss-bomyo.kvugl,0.0026527380620181692,0
1759280600,341,1,103,103,103,103,109,109,109,109,107515904,107515904,101335040,N/A,135168,99786752,1,dbus-daemon,S (sleeping),client-compromised.bnsdq.ozxfs.vcwss-bomyo.kvugl,0.26653553675928315,0
1759280600,181125,1,N/A,N/A,N/A,N/A,N/A,N/A,N/A,N/A,1534545920,1534545920,225722368,N/A,135168,294813696,4,discern-file-so,S (sleeping),client-compromised.bnsdq.ozxfs.vcwss-bomyo.kvugl,69.68858647725374,0
1759280600,153885,1,N/A,N/A,N/A,N/A,N/A,N/A,N/A,N/A,1953267712,1930887168,38625280,N/A,135168,174923776,14,discern-network,S (sleeping),client-compromised.bnsdq.ozxfs.vcwss-bomyo.kvugl,0.48431066238941467,0
1759280600,183,1,N/A,N/A,N/A,N/A,N/A,N/A,N/A,N/A,160686080,110305280,43958272,4096,135168,30134272,1,systemd-journal,S (sleeping),client-compromised.bnsdq.ozxfs.vcwss-bomyo.kvugl,0.20820542525945154,0
1759280600,156854,1,N/A,N/A,N/A,N/A,N/A,N/A,N/A,N/A,1647706112,1580597248,21172224,N/A,135168,82202624,5,discern-interfa,S (sleeping),client-compromised.bnsdq.ozxfs.vcwss-bomyo.kvugl,0.0026453812118941017,0
1759280605,341,1,103,103,103,103,109,109,109,109,107515904,107515904,101335040,N/A,135168,99786752,1,dbus-daemon,S (sleeping),client-compromised.bnsdq.ozxfs.vcwss-bomyo.kvugl,0.26650353445399827,0
1759280605,153885,1,N/A,N/A,N/A,N/A,N/A,N/A,N/A,N/A,1953267712,1930887168,38625280,N/A,135168,174923776,14,discern-network,S (sleeping),client-compromised.bnsdq.ozxfs.vcwss-bomyo.kvugl,0.48454409898235007,0
1759280605,183,1,N/A,N/A,N/A,N/A,N/A,N/A,N/A,N/A,160686080,110305280,43958272,4096,135168,30134272,1,systemd-journal,S (sleeping),client-compromised.bnsdq.ozxfs.vcwss-bomyo.kvugl,0.20819887378830246,0
1759280605,156854,1,N/A,N/A,N/A,N/A,N/A,N/A,N/A,N/A,1647706112,1580597248,21172224,N/A,135168,82202624,5,discern-interfa,S (sleeping),client-compromised.bnsdq.ozxfs.vcwss-bomyo.kvugl,0.00263815601256545,0
1759280605,170563,1,N/A,N/A,N/A,N/A,N/A,N/A,N/A,N/A,1264619520,1264619520,17207296,N/A,135168,45826048,4,discern-proc-so,R (running),client-compromised.bnsdq.ozxfs.vcwss-bomyo.kvugl,2.6131970157573092,0
1759280610,341,1,103,103,103,103,109,109,109,109,107515904,107515904,101335040,N/A,135168,99786752,1,dbus-daemon,S (sleeping),client-compromised.bnsdq.ozxfs.vcwss-bomyo.kvugl,0.2665564327807615,0
1759280610,153885,1,N/A,N/A,N/A,N/A,N/A,N/A,N/A,N/A,1953267712,1930887168,38625280,N/A,135168,174923776,14,discern-network,S (sleeping),client-compromised.bnsdq.ozxfs.vcwss-bomyo.kvugl,0.4847832052232556,0
1759280610,183,1,N/A,N/A,N/A,N/A,N/A,N/A,N/A,N/A,160686080,110305280,43958272,4096,135168,30134272,1,systemd-journal,S (sleeping),client-compromised.bnsdq.ozxfs.vcwss-bomyo.kvugl,0.20819284650770387,0
1759280610,156854,1,N/A,N/A,N/A,N/A,N/A,N/A,N/A,N/A,1647706112,1580597248,21172224,N/A,135168,82202624,5,discern-interfa,S (sleeping),client-compromised.bnsdq.ozxfs.vcwss-bomyo.kvugl,0.0026310109902325024,0
1759280610,170563,1,N/A,N/A,N/A,N/A,N/A,N/A,N/A,N/A,1264619520,1264619520,17207296,N/A,135168,45826048,4,discern-proc-so,S (sleeping),client-compromised.bnsdq.ozxfs.vcwss-bomyo.kvugl,2.6126660662912,0
1759280615,341,1,103,103,103,103,109,109,109,109,107515904,107515904,101335040,N/A,135168,99786752,1,dbus-daemon,S (sleeping),client-compromised.bnsdq.ozxfs.vcwss-bomyo.kvugl,0.26652457464901197,0
1759280615,153885,1,N/A,N/A,N/A,N/A,N/A,N/A,N/A,N/A,1953267712,1930887168,38625280,N/A,135168,174923776,14,discern-network,S (sleeping),client-compromised.bnsdq.ozxfs.vcwss-bomyo.kvugl,0.4850154980550248,0
1759280615,183,1,N/A,N/A,N/A,N/A,N/A,N/A,N/A,N/A,160686080,110305280,43958272,4096,135168,30134272,1,systemd-journal,S (sleeping),client-compromised.bnsdq.ozxfs.vcwss-bomyo.kvugl,0.20810224032831326,0
1759280615,156854,1,N/A,N/A,N/A,N/A,N/A,N/A,N/A,N/A,1647706112,1580597248,21172224,N/A,135168,82202624,5,discern-interfa,S (sleeping),client-compromised.bnsdq.ozxfs.vcwss-bomyo.kvugl,0.00262387038756893,0
1759280615,170563,1,N/A,N/A,N/A,N/A,N/A,N/A,N/A,N/A,1264619520,1264619520,17207296,N/A,135168,45826048,4,discern-proc-so,S (sleeping),client-compromised.bnsdq.ozxfs.vcwss-bomyo.kvugl,2.616757000698084,0
1759280620,341,1,103,103,103,103,109,109,109,109,107515904,107515904,101335040,N/A,135168,99786752,1,dbus-daemon,S (sleeping),client-compromised.bnsdq.ozxfs.vcwss-bomyo.kvugl,0.26649341706087604,0
1759280620,153885,1,N/A,N/A,N/A,N/A,N/A,N/A,N/A,N/A,1953267712,1930887168,38625280,N/A,135168,174923776,14,discern-network,S (sleeping),client-compromised.bnsdq.ozxfs.vcwss-bomyo.kvugl,0.4857237197843746,0
1759280620,183,1,N/A,N/A,N/A,N/A,N/A,N/A,N/A,N/A,160686080,110305280,43958272,4096,135168,30134272,1,systemd-journal,S (sleeping),client-compromised.bnsdq.ozxfs.vcwss-bomyo.kvugl,0.208096351774939,0
1759280620,156854,1,N/A,N/A,N/A,N/A,N/A,N/A,N/A,N/A,1647706112,1580597248,21172224,N/A,135168,82202624,5,discern-interfa,S (sleeping),client-compromised.bnsdq.ozxfs.vcwss-bomyo.kvugl,0.0026168095872117964,0
1759280620,170563,1,N/A,N/A,N/A,N/A,N/A,N/A,N/A,N/A,1264619520,1264619520,17207296,N/A,135168,45826048,4,discern-proc-so,R (running),client-compromised.bnsdq.ozxfs.vcwss-bomyo.kvugl,2.6150610497105045,0
1759280625,341,1,103,103,103,103,109,109,109,109,107515904,107515904,101335040,N/A,135168,99786752,1,dbus-daemon,S (sleeping),client-compromised.bnsdq.ozxfs.vcwss-bomyo.kvugl,0.26662812202888436,0
1759280625,153885,1,N/A,N/A,N/A,N/A,N/A,N/A,N/A,N/A,1953267712,1930887168,38625280,N/A,135168,174923776,14,discern-network,S (sleeping),client-compromised.bnsdq.ozxfs.vcwss-bomyo.kvugl,0.4854666580608932,0
1759280625,183,1,N/A,N/A,N/A,N/A,N/A,N/A,N/A,N/A,160686080,110305280,43958272,4096,135168,30134272,1,systemd-journal,S (sleeping),client-compromised.bnsdq.ozxfs.vcwss-bomyo.kvugl,0.2081727170310081,0
1759280625,156854,1,N/A,N/A,N/A,N/A,N/A,N/A,N/A,N/A,1647706112,1580597248,21172224,N/A,135168,82202624,5,discern-interfa,S (sleeping),client-compromised.bnsdq.ozxfs.vcwss-bomyo.kvugl,0.0026096442082249624,0
1759280625,170563,1,N/A,N/A,N/A,N/A,N/A,N/A,N/A,N/A,1264619520,1264619520,17207296,N/A,135168,45826048,4,discern-proc-so,R (running),client-compromised.bnsdq.ozxfs.vcwss-bomyo.kvugl,2.613067489986701,0
1759280640,341,1,103,103,103,103,109,109,109,109,107515904,107515904,101335040,N/A,135168,99786752,1,dbus-daemon,S (sleeping),client-compromised.bnsdq.ozxfs.vcwss-bomyo.kvugl,0.26663652169847,0
1759280640,153885,1,N/A,N/A,N/A,N/A,N/A,N/A,N/A,N/A,1953267712,1930887168,38625280,N/A,135168,174923776,14,discern-network,S (sleeping),client-compromised.bnsdq.ozxfs.vcwss-bomyo.kvugl,0.48541966093346467,0
1759280640,183,1,N/A,N/A,N/A,N/A,N/A,N/A,N/A,N/A,160686080,110305280,43958272,4096,135168,30134272,1,systemd-journal,S (sleeping),client-compromised.bnsdq.ozxfs.vcwss-bomyo.kvugl,0.2081689510418765,0
1759280640,181871,1,N/A,N/A,N/A,N/A,N/A,N/A,N/A,N/A,1264619520,1264619520,16945152,N/A,135168,45826048,4,discern-proc-so,R (running),client-compromised.bnsdq.ozxfs.vcwss-bomyo.kvugl,5.011295927697964,0
1759280640,156854,1,N/A,N/A,N/A,N/A,N/A,N/A,N/A,N/A,1647706112,1580597248,21172224,N/A,135168,82202624,5,discern-interfa,S (sleeping),client-compromised.bnsdq.ozxfs.vcwss-bomyo.kvugl,0.0025898731472277507,0
1759280645,341,1,103,103,103,103,109,109,109,109,107515904,107515904,101335040,N/A,135168,99786752,1,dbus-daemon,S (sleeping),client-compromised.bnsdq.ozxfs.vcwss-bomyo.kvugl,0.26660505346283625,0
1759280645,153885,1,N/A,N/A,N/A,N/A,N/A,N/A,N/A,N/A,1953267712,1930887168,38625280,N/A,135168,174923776,14,discern-network,S (sleeping),client-compromised.bnsdq.ozxfs.vcwss-bomyo.kvugl,0.4856506414999426,0
1759280645,183,1,N/A,N/A,N/A,N/A,N/A,N/A,N/A,N/A,160686080,110305280,43958272,4096,135168,30134272,1,systemd-journal,S (sleeping),client-compromised.bnsdq.ozxfs.vcwss-bomyo.kvugl,0.20816279102295643,0
1759280645,181871,1,N/A,N/A,N/A,N/A,N/A,N/A,N/A,N/A,1264619520,1264619520,17047552,N/A,135168,45826048,4,discern-proc-so,R (running),client-compromised.bnsdq.ozxfs.vcwss-bomyo.kvugl,2.813676334675255,0
1759280645,156854,1,N/A,N/A,N/A,N/A,N/A,N/A,N/A,N/A,1647706112,1580597248,21172224,N/A,135168,82202624,5,discern-interfa,S (sleeping),client-compromised.bnsdq.ozxfs.vcwss-bomyo.kvugl,0.0025829743276638974,0
1759280650,341,1,103,103,103,103,109,109,109,109,107515904,107515904,101335040,N/A,135168,99786752,1,dbus-daemon,S (sleeping),client-compromised.bnsdq.ozxfs.vcwss-bomyo.kvugl,0.2666571916490108,0
1759280650,153885,1,N/A,N/A,N/A,N/A,N/A,N/A,N/A,N/A,1953267712,1930887168,38625280,N/A,135168,174923776,14,discern-network,S (sleeping),client-compromised.bnsdq.ozxfs.vcwss-bomyo.kvugl,0.4854135831006436,0
1759280650,183,1,N/A,N/A,N/A,N/A,N/A,N/A,N/A,N/A,160686080,110305280,43958272,4096,135168,30134272,1,systemd-journal,S (sleeping),client-compromised.bnsdq.ozxfs.vcwss-bomyo.kvugl,0.20815637912818233,0
1759280650,181871,1,N/A,N/A,N/A,N/A,N/A,N/A,N/A,N/A,1264619520,1264619520,17113088,N/A,135168,45826048,4,discern-proc-so,R (running),client-compromised.bnsdq.ozxfs.vcwss-bomyo.kvugl,2.8514385344664723,0
1759280650,156854,1,N/A,N/A,N/A,N/A,N/A,N/A,N/A,N/A,1647706112,1580597248,21172224,N/A,135168,82202624,5,discern-interfa,S (sleeping),client-compromised.bnsdq.ozxfs.vcwss-bomyo.kvugl,0.0025760927212979314,0
1759280656,341,1,103,103,103,103,109,109,109,109,107515904,107515904,101335040,N/A,135168,99786752,1,dbus-daemon,S (sleeping),client-compromised.bnsdq.ozxfs.vcwss-bomyo.kvugl,0.26662620062926096,0
1759280656,153885,1,N/A,N/A,N/A,N/A,N/A,N/A,N/A,N/A,1953267712,1930887168,38625280,N/A,135168,174923776,14,discern-network,S (sleeping),client-compromised.bnsdq.ozxfs.vcwss-bomyo.kvugl,0.4851855450799768,0
1759280656,183,1,N/A,N/A,N/A,N/A,N/A,N/A,N/A,N/A,160686080,110305280,43958272,4096,135168,30134272,1,systemd-journal,S (sleeping),client-compromised.bnsdq.ozxfs.vcwss-bomyo.kvugl,0.20806672302178433,0
1759280656,181871,1,N/A,N/A,N/A,N/A,N/A,N/A,N/A,N/A,1264619520,1264619520,17125376,N/A,135168,45826048,4,discern-proc-so,R (running),client-compromised.bnsdq.ozxfs.vcwss-bomyo.kvugl,2.637782077255229,0
1759280656,156854,1,N/A,N/A,N/A,N/A,N/A,N/A,N/A,N/A,1647706112,1580597248,21172224,N/A,135168,82202624,5,discern-interfa,S (sleeping),client-compromised.bnsdq.ozxfs.vcwss-bomyo.kvugl,0.0025692940046186967,0
1759280661,341,1,103,103,103,103,109,109,109,109,107515904,107515904,101335040,N/A,135168,99786752,1,dbus-daemon,S (sleeping),client-compromised.bnsdq.ozxfs.vcwss-bomyo.kvugl,0.2665947795709605,0
1759280661,153885,1,N/A,N/A,N/A,N/A,N/A,N/A,N/A,N/A,1953267712,1930887168,38625280,N/A,135168,174923776,14,discern-network,S (sleeping),client-compromised.bnsdq.ozxfs.vcwss-bomyo.kvugl,0.4849540391647072,0
1759280661,183,1,N/A,N/A,N/A,N/A,N/A,N/A,N/A,N/A,160686080,110305280,43958272,4096,135168,30134272,1,systemd-journal,S (sleeping),client-compromised.bnsdq.ozxfs.vcwss-bomyo.kvugl,0.20806061642806842,0
1759280661,181871,1,N/A,N/A,N/A,N/A,N/A,N/A,N/A,N/A,1264619520,1264619520,17125376,N/A,135168,45826048,4,discern-proc-so,S (sleeping),client-compromised.bnsdq.ozxfs.vcwss-bomyo.kvugl,2.655750491572248,0
1759280661,156854,1,N/A,N/A,N/A,N/A,N/A,N/A,N/A,N/A,1647706112,1580597248,21172224,N/A,135168,82202624,5,discern-interfa,S (sleeping),client-compromised.bnsdq.ozxfs.vcwss-bomyo.kvugl,0.002562504555116393,0
1759280666,341,1,103,103,103,103,109,109,109,109,107515904,107515904,101335040,N/A,135168,99786752,1,dbus-daemon,S (sleeping),client-compromised.bnsdq.ozxfs.vcwss-bomyo.kvugl,0.2666474487183798,0
1759280666,153885,1,N/A,N/A,N/A,N/A,N/A,N/A,N/A,N/A,1953267712,1930887168,38625280,N/A,135168,174923776,14,discern-network,S (sleeping),client-compromised.bnsdq.ozxfs.vcwss-bomyo.kvugl,0.48518659204788206,0
1759280666,183,1,N/A,N/A,N/A,N/A,N/A,N/A,N/A,N/A,160686080,110305280,43958272,4096,135168,30134272,1,systemd-journal,S (sleeping),client-compromised.bnsdq.ozxfs.vcwss-bomyo.kvugl,0.20797092926945068,0
1759280666,181871,1,N/A,N/A,N/A,N/A,N/A,N/A,N/A,N/A,1264619520,1264619520,17125376,N/A,135168,45826048,4,discern-proc-so,S (sleeping),client-compromised.bnsdq.ozxfs.vcwss-bomyo.kvugl,2.5949902414067068,0
1759280666,156854,1,N/A,N/A,N/A,N/A,N/A,N/A,N/A,N/A,1647706112,1580597248,21172224,N/A,135168,82202624,5,discern-interfa,S (sleeping),client-compromised.bnsdq.ozxfs.vcwss-bomyo.kvugl,0.0025557661170614193,0
1759280671,341,1,103,103,103,103,109,109,109,109,107515904,107515904,101335040,N/A,135168,99786752,1,dbus-daemon,S (sleeping),client-compromised.bnsdq.ozxfs.vcwss-bomyo.kvugl,0.2667829164854718,0
1759280671,153885,1,N/A,N/A,N/A,N/A,N/A,N/A,N/A,N/A,1953267712,1930887168,38625280,N/A,135168,174923776,14,discern-network,S (sleeping),client-compromised.bnsdq.ozxfs.vcwss-bomyo.kvugl,0.4844904170724452,0
1759280671,183,1,N/A,N/A,N/A,N/A,N/A,N/A,N/A,N/A,160686080,110305280,43958272,4096,135168,30134272,1,systemd-journal,S (sleeping),client-compromised.bnsdq.ozxfs.vcwss-bomyo.kvugl,0.20821562671349356,0
1759280671,181871,1,N/A,N/A,N/A,N/A,N/A,N/A,N/A,N/A,1264619520,1264619520,17125376,N/A,135168,45826048,4,discern-proc-so,S (sleeping),client-compromised.bnsdq.ozxfs.vcwss-bomyo.kvugl,2.5195231219916434,0
1759280671,156854,1,N/A,N/A,N/A,N/A,N/A,N/A,N/A,N/A,1647706112,1580597248,21172224,N/A,135168,82202624,5,discern-interfa,S (sleeping),client-compromised.bnsdq.ozxfs.vcwss-bomyo.kvugl,0.0025490098961687122,0
1759280676,341,1,103,103,103,103,109,109,109,109,107515904,107515904,101335040,N/A,135168,99786752,1,dbus-daemon,S (sleeping),client-compromised.bnsdq.ozxfs.vcwss-bomyo.kvugl,0.26675163698330423,0
1759280676,153885,1,N/A,N/A,N/A,N/A,N/A,N/A,N/A,N/A,1953267712,1930887168,38625280,N/A,135168,174923776,14,discern-network,S (sleeping),client-compromised.bnsdq.ozxfs.vcwss-bomyo.kvugl,0.48472200759259415,0
1759280676,183,1,N/A,N/A,N/A,N/A,N/A,N/A,N/A,N/A,160686080,110305280,43958272,4096,135168,30134272,1,systemd-journal,S (sleeping),client-compromised.bnsdq.ozxfs.vcwss-bomyo.kvugl,0.2081258759066261,0
1759280676,181871,1,N/A,N/A,N/A,N/A,N/A,N/A,N/A,N/A,1264619520,1264619520,17190912,N/A,135168,45826048,4,discern-proc-so,S (sleeping),client-compromised.bnsdq.ozxfs.vcwss-bomyo.kvugl,2.3876116136774517,0
1759280676,156854,1,N/A,N/A,N/A,N/A,N/A,N/A,N/A,N/A,1647706112,1580597248,21172224,N/A,135168,82202624,5,discern-interfa,S (sleeping),client-compromised.bnsdq.ozxfs.vcwss-bomyo.kvugl,0.002542336679140905,0
1759280681,341,1,103,103,103,103,109,109,109,109,107515904,107515904,101335040,N/A,135168,99786752,1,dbus-daemon,S (sleeping),client-compromised.bnsdq.ozxfs.vcwss-bomyo.kvugl,0.2668041551248372,0
1759280681,153885,1,N/A,N/A,N/A,N/A,N/A,N/A,N/A,N/A,1953267712,1930887168,38625280,N/A,135168,174923776,14,discern-network,S (sleeping),client-compromised.bnsdq.ozxfs.vcwss-bomyo.kvugl,0.48541037942119075,0
1759280681,183,1,N/A,N/A,N/A,N/A,N/A,N/A,N/A,N/A,160686080,110305280,43958272,4096,135168,30134272,1,systemd-journal,S (sleeping),client-compromised.bnsdq.ozxfs.vcwss-bomyo.kvugl,0.20820363157490696,0
1759280681,181871,1,N/A,N/A,N/A,N/A,N/A,N/A,N/A,N/A,1264619520,1264619520,17190912,N/A,135168,45826048,4,discern-proc-so,S (sleeping),client-compromised.bnsdq.ozxfs.vcwss-bomyo.kvugl,2.4043126016011587,0
1759280681,156854,1,N/A,N/A,N/A,N/A,N/A,N/A,N/A,N/A,1647706112,1580597248,21172224,N/A,135168,82202624,5,discern-interfa,S (sleeping),client-compromised.bnsdq.ozxfs.vcwss-bomyo.kvugl,0.0025357029763757354,0
1759280687,341,1,103,103,103,103,109,109,109,109,107515904,107515904,101335040,N/A,135168,99786752,1,dbus-daemon,S (sleeping),client-compromised.bnsdq.ozxfs.vcwss-bomyo.kvugl,0.2667724109761298,0
1759280687,153885,1,N/A,N/A,N/A,N/A,N/A,N/A,N/A,N/A,1953267712,1930887168,38625280,N/A,135168,174923776,14,discern-network,S (sleeping),client-compromised.bnsdq.ozxfs.vcwss-bomyo.kvugl,0.4851779404120908,0
1759280687,183,1,N/A,N/A,N/A,N/A,N/A,N/A,N/A,N/A,160686080,110305280,43958272,4096,135168,30134272,1,systemd-journal,S (sleeping),client-compromised.bnsdq.ozxfs.vcwss-bomyo.kvugl,0.20819723380171995,0
1759280687,181871,1,N/A,N/A,N/A,N/A,N/A,N/A,N/A,N/A,1264619520,1264619520,17190912,N/A,135168,45826048,4,discern-proc-so,R (running),client-compromised.bnsdq.ozxfs.vcwss-bomyo.kvugl,2.4369902751031796,0
1759280687,156854,1,N/A,N/A,N/A,N/A,N/A,N/A,N/A,N/A,1647706112,1580597248,21172224,N/A,135168,82202624,5,discern-interfa,S (sleeping),client-compromised.bnsdq.ozxfs.vcwss-bomyo.kvugl,0.0025290714867807203,0
1759280692,341,1,103,103,103,103,109,109,109,109,107515904,107515904,101335040,N/A,135168,99786752,1,dbus-daemon,S (sleeping),client-compromised.bnsdq.ozxfs.vcwss-bomyo.kvugl,0.2668248808215019,0
1759280692,153885,1,N/A,N/A,N/A,N/A,N/A,N/A,N/A,N/A,1953267712,1930887168,38625280,N/A,135168,174923776,14,discern-network,S (sleeping),client-compromised.bnsdq.ozxfs.vcwss-bomyo.kvugl,0.4844972839939792,0
1759280692,183,1,N/A,N/A,N/A,N/A,N/A,N/A,N/A,N/A,160686080,110305280,43958272,4096,135168,30134272,1,systemd-journal,S (sleeping),client-compromised.bnsdq.ozxfs.vcwss-bomyo.kvugl,0.20810767304753983,0
1759280692,156854,1,N/A,N/A,N/A,N/A,N/A,N/A,N/A,N/A,1647706112,1580597248,21172224,N/A,135168,82202624,5,discern-interfa,S (sleeping),client-compromised.bnsdq.ozxfs.vcwss-bomyo.kvugl,0.002522507074780461,0
1759280692,181871,1,N/A,N/A,N/A,N/A,N/A,N/A,N/A,N/A,1264619520,1264619520,17190912,N/A,135168,45826048,4,discern-proc-so,S (sleeping),client-compromised.bnsdq.ozxfs.vcwss-bomyo.kvugl,2.4456717238786934,0
1759280697,341,1,103,103,103,103,109,109,109,109,107515904,107515904,101335040,N/A,135168,99786752,1,dbus-daemon,S (sleeping),client-compromised.bnsdq.ozxfs.vcwss-bomyo.kvugl,0.26679328697577165,0
1759280697,153885,1,N/A,N/A,N/A,N/A,N/A,N/A,N/A,N/A,1953267712,1930887168,38625280,N/A,135168,174923776,14,discern-network,S (sleeping),client-compromised.bnsdq.ozxfs.vcwss-bomyo.kvugl,0.48472324244087656,0
1759280697,183,1,N/A,N/A,N/A,N/A,N/A,N/A,N/A,N/A,160686080,110305280,43958272,4096,135168,30134272,1,systemd-journal,S (sleeping),client-compromised.bnsdq.ozxfs.vcwss-bomyo.kvugl,0.2081014259119611,0
1759280697,181871,1,N/A,N/A,N/A,N/A,N/A,N/A,N/A,N/A,1264619520,1264619520,17199104,N/A,135168,45826048,4,discern-proc-so,S (sleeping),client-compromised.bnsdq.ozxfs.vcwss-bomyo.kvugl,2.48630819117485,0
1759280697,156854,1,N/A,N/A,N/A,N/A,N/A,N/A,N/A,N/A,1647706112,1580597248,21172224,N/A,135168,82202624,5,discern-interfa,S (sleeping),client-compromised.bnsdq.ozxfs.vcwss-bomyo.kvugl,0.002515951750219007,0
1759280702,341,1,103,103,103,103,109,109,109,109,107515904,107515904,101335040,N/A,135168,99786752,1,dbus-daemon,S (sleeping),client-compromised.bnsdq.ozxfs.vcwss-bomyo.kvugl,0.2667619945044643,0
1759280702,153885,1,N/A,N/A,N/A,N/A,N/A,N/A,N/A,N/A,1953267712,1930887168,38625280,N/A,135168,174923776,14,discern-network,S (sleeping),client-compromised.bnsdq.ozxfs.vcwss-bomyo.kvugl,0.4849508386601439,0
1759280702,183,1,N/A,N/A,N/A,N/A,N/A,N/A,N/A,N/A,160686080,110305280,43958272,4096,135168,30134272,1,systemd-journal,S (sleeping),client-compromised.bnsdq.ozxfs.vcwss-bomyo.kvugl,0.2080118570701098,0
1759280702,181871,1,N/A,N/A,N/A,N/A,N/A,N/A,N/A,N/A,1264619520,1264619520,17199104,N/A,135168,45826048,4,discern-proc-so,S (sleeping),client-compromised.bnsdq.ozxfs.vcwss-bomyo.kvugl,2.4735483186914684,0
1759280702,156854,1,N/A,N/A,N/A,N/A,N/A,N/A,N/A,N/A,1647706112,1580597248,21172224,N/A,135168,82202624,5,discern-interfa,S (sleeping),client-compromised.bnsdq.ozxfs.vcwss-bomyo.kvugl,0.0025094459592148056,0
1759280707,341,1,103,103,103,103,109,109,109,109,107515904,107515904,101335040,N/A,135168,99786752,1,dbus-daemon,S (sleeping),client-compromised.bnsdq.ozxfs.vcwss-bomyo.kvugl,0.26673032749795084,0
1759280707,153885,1,N/A,N/A,N/A,N/A,N/A,N/A,N/A,N/A,1953267712,1930887168,38625280,N/A,135168,174923776,14,discern-network,S (sleeping),client-compromised.bnsdq.ozxfs.vcwss-bomyo.kvugl,0.48426993183305644,0
1759280707,183,1,N/A,N/A,N/A,N/A,N/A,N/A,N/A,N/A,160686080,110305280,43958272,4096,135168,30134272,1,systemd-journal,S (sleeping),client-compromised.bnsdq.ozxfs.vcwss-bomyo.kvugl,0.20808906021732737,0
1759280707,181871,1,N/A,N/A,N/A,N/A,N/A,N/A,N/A,N/A,1264619520,1264619520,17199104,N/A,135168,45826048,4,discern-proc-so,R (running),client-compromised.bnsdq.ozxfs.vcwss-bomyo.kvugl,2.5057662952940776,0
1759280707,156854,1,N/A,N/A,N/A,N/A,N/A,N/A,N/A,N/A,1647706112,1580597248,21172224,N/A,135168,82202624,5,discern-interfa,S (sleeping),client-compromised.bnsdq.ozxfs.vcwss-bomyo.kvugl,0.0025029511554911835,0
1759280712,341,1,103,103,103,103,109,109,109,109,107515904,107515904,101335040,N/A,135168,99786752,1,dbus-daemon,S (sleeping),client-compromised.bnsdq.ozxfs.vcwss-bomyo.kvugl,0.2666989555941679,0
1759280712,153885,1,N/A,N/A,N/A,N/A,N/A,N/A,N/A,N/A,1953267712,1930887168,38625280,N/A,135168,174923776,14,discern-network,S (sleeping),client-compromised.bnsdq.ozxfs.vcwss-bomyo.kvugl,0.48449622399209047,0
1759280712,183,1,N/A,N/A,N/A,N/A,N/A,N/A,N/A,N/A,160686080,110305280,43958272,4096,135168,30134272,1,systemd-journal,S (sleeping),client-compromised.bnsdq.ozxfs.vcwss-bomyo.kvugl,0.20799947211594286,0
1759280712,181871,1,N/A,N/A,N/A,N/A,N/A,N/A,N/A,N/A,1264619520,1264619520,17199104,N/A,135168,45826048,4,discern-proc-so,S (sleeping),client-compromised.bnsdq.ozxfs.vcwss-bomyo.kvugl,2.5067842235932343,0
1759280712,156854,1,N/A,N/A,N/A,N/A,N/A,N/A,N/A,N/A,1647706112,1580597248,21172224,N/A,135168,82202624,5,discern-interfa,S (sleeping),client-compromised.bnsdq.ozxfs.vcwss-bomyo.kvugl,0.002496505005866268,0
1759280717,341,1,103,103,103,103,109,109,109,109,107515904,107515904,101335040,N/A,135168,99786752,1,dbus-daemon,S (sleeping),client-compromised.bnsdq.ozxfs.vcwss-bomyo.kvugl,0.26691812386800373,0
1759280717,153885,1,N/A,N/A,N/A,N/A,N/A,N/A,N/A,N/A,1953267712,1930887168,38625280,N/A,135168,174923776,14,discern-network,S (sleeping),client-compromised.bnsdq.ozxfs.vcwss-bomyo.kvugl,0.48382410611729076,0
1759280717,183,1,N/A,N/A,N/A,N/A,N/A,N/A,N/A,N/A,160686080,110305280,43958272,4096,135168,30134272,1,systemd-journal,S (sleeping),client-compromised.bnsdq.ozxfs.vcwss-bomyo.kvugl,0.20807697736775513,0
1759280717,181871,1,N/A,N/A,N/A,N/A,N/A,N/A,N/A,N/A,1264619520,1264619520,17199104,N/A,135168,45826048,4,discern-proc-so,R (running),client-compromised.bnsdq.ozxfs.vcwss-bomyo.kvugl,2.50794953364172,0
1759280717,156854,1,N/A,N/A,N/A,N/A,N/A,N/A,N/A,N/A,1647706112,1580597248,21172224,N/A,135168,82202624,5,discern-interfa,S (sleeping),client-compromised.bnsdq.ozxfs.vcwss-bomyo.kvugl,0.002490103023337198,0
1759280723,341,1,103,103,103,103,109,109,109,109,107515904,107515904,101335040,N/A,135168,99786752,1,dbus-daemon,S (sleeping),client-compromised.bnsdq.ozxfs.vcwss-bomyo.kvugl,0.26688696363539743,0
1759280723,153885,1,N/A,N/A,N/A,N/A,N/A,N/A,N/A,N/A,1953267712,1930887168,38625280,N/A,135168,174923776,14,discern-network,S (sleeping),client-compromised.bnsdq.ozxfs.vcwss-bomyo.kvugl,0.4840529632980492,0
1759280723,183,1,N/A,N/A,N/A,N/A,N/A,N/A,N/A,N/A,160686080,110305280,43958272,4096,135168,30134272,1,systemd-journal,S (sleeping),client-compromised.bnsdq.ozxfs.vcwss-bomyo.kvugl,0.20807107227866467,0
1759280723,181871,1,N/A,N/A,N/A,N/A,N/A,N/A,N/A,N/A,1264619520,1264619520,17199104,N/A,135168,45826048,4,discern-proc-so,S (sleeping),client-compromised.bnsdq.ozxfs.vcwss-bomyo.kvugl,2.4971721235668944,0
1759280723,156854,1,N/A,N/A,N/A,N/A,N/A,N/A,N/A,N/A,1647706112,1580597248,21172224,N/A,135168,82202624,5,discern-interfa,S (sleeping),client-compromised.bnsdq.ozxfs.vcwss-bomyo.kvugl,0.002483737445274051,0
1759280728,341,1,103,103,103,103,109,109,109,109,107515904,107515904,101335040,N/A,135168,99786752,1,dbus-daemon,S (sleeping),client-compromised.bnsdq.ozxfs.vcwss-bomyo.kvugl,0.26685551032005866,0
1759280728,153885,1,N/A,N/A,N/A,N/A,N/A,N/A,N/A,N/A,1953267712,1930887168,38625280,N/A,135168,174923776,14,discern-network,S (sleeping),client-compromised.bnsdq.ozxfs.vcwss-bomyo.kvugl,0.4842776499300949,0
1759280728,183,1,N/A,N/A,N/A,N/A,N/A,N/A,N/A,N/A,160686080,110305280,43958272,4096,135168,30134272,1,systemd-journal,S (sleeping),client-compromised.bnsdq.ozxfs.vcwss-bomyo.kvugl,0.20798156402922513,0
1759280728,181871,1,N/A,N/A,N/A,N/A,N/A,N/A,N/A,N/A,1264619520,1264619520,17199104,N/A,135168,45826048,4,discern-proc-so,S (sleeping),client-compromised.bnsdq.ozxfs.vcwss-bomyo.kvugl,2.464829038807098,0
1759280728,156854,1,N/A,N/A,N/A,N/A,N/A,N/A,N/A,N/A,1647706112,1580597248,21172224,N/A,135168,82202624,5,discern-interfa,S (sleeping),client-compromised.bnsdq.ozxfs.vcwss-bomyo.kvugl,0.0024773866855695636,0
1759280733,341,1,103,103,103,103,109,109,109,109,107515904,107515904,101335040,N/A,135168,99786752,1,dbus-daemon,S (sleeping),client-compromised.bnsdq.ozxfs.vcwss-bomyo.kvugl,0.26690788187570363,0
1759280733,153885,1,N/A,N/A,N/A,N/A,N/A,N/A,N/A,N/A,1953267712,1930887168,38625280,N/A,135168,174923776,14,discern-network,S (sleeping),client-compromised.bnsdq.ozxfs.vcwss-bomyo.kvugl,0.48405929878813453,0
1759280733,183,1,N/A,N/A,N/A,N/A,N/A,N/A,N/A,N/A,160686080,110305280,43958272,4096,135168,30134272,1,systemd-journal,S (sleeping),client-compromised.bnsdq.ozxfs.vcwss-bomyo.kvugl,0.20797582018392638,0
1759280733,181871,1,N/A,N/A,N/A,N/A,N/A,N/A,N/A,N/A,1264619520,1264619520,17199104,N/A,135168,45826048,4,discern-proc-so,R (running),client-compromised.bnsdq.ozxfs.vcwss-bomyo.kvugl,2.4365631176890044,0
1759280733,156854,1,N/A,N/A,N/A,N/A,N/A,N/A,N/A,N/A,1647706112,1580597248,21172224,N/A,135168,82202624,5,discern-interfa,S (sleeping),client-compromised.bnsdq.ozxfs.vcwss-bomyo.kvugl,0.0024710939453091952,0
1759280738,341,1,103,103,103,103,109,109,109,109,107515904,107515904,101335040,N/A,135168,99786752,1,dbus-daemon,S (sleeping),client-compromised.bnsdq.ozxfs.vcwss-bomyo.kvugl,0.26687695639419956,0
1759280738,153885,1,N/A,N/A,N/A,N/A,N/A,N/A,N/A,N/A,1953267712,1930887168,38625280,N/A,135168,174923776,14,discern-network,S (sleeping),client-compromised.bnsdq.ozxfs.vcwss-bomyo.kvugl,0.48339683314996745,0
1759280738,183,1,N/A,N/A,N/A,N/A,N/A,N/A,N/A,N/A,160686080,110305280,43958272,4096,135168,30134272,1,systemd-journal,S (sleeping),client-compromised.bnsdq.ozxfs.vcwss-bomyo.kvugl,0.2080534023831224,0
1759280738,181871,1,N/A,N/A,N/A,N/A,N/A,N/A,N/A,N/A,1264619520,1264619520,17203200,N/A,135168,45826048,4,discern-proc-so,S (sleeping),client-compromised.bnsdq.ozxfs.vcwss-bomyo.kvugl,2.4313555497160144,0
1759280738,156854,1,N/A,N/A,N/A,N/A,N/A,N/A,N/A,N/A,1647706112,1580597248,21172224,N/A,135168,82202624,5,discern-interfa,S (sleeping),client-compromised.bnsdq.ozxfs.vcwss-bomyo.kvugl,0.0024648353616286505,0
1759280743,341,1,103,103,103,103,109,109,109,109,107515904,107515904,101335040,N/A,135168,99786752,1,dbus-daemon,S (sleeping),client-compromised.bnsdq.ozxfs.vcwss-bomyo.kvugl,0.26684537055667307,0
1759280743,153885,1,N/A,N/A,N/A,N/A,N/A,N/A,N/A,N/A,1953267712,1930887168,38625280,N/A,135168,174923776,14,discern-network,S (sleeping),client-compromised.bnsdq.ozxfs.vcwss-bomyo.kvugl,0.48361976586922845,0
1759280743,183,1,N/A,N/A,N/A,N/A,N/A,N/A,N/A,N/A,160686080,110305280,43958272,4096,135168,30134272,1,systemd-journal,S (sleeping),client-compromised.bnsdq.ozxfs.vcwss-bomyo.kvugl,0.20796387821102832,0
1759280743,181871,1,N/A,N/A,N/A,N/A,N/A,N/A,N/A,N/A,1264619520,1264619520,17203200,N/A,135168,45826048,4,discern-proc-so,S (sleeping),client-compromised.bnsdq.ozxfs.vcwss-bomyo.kvugl,2.4545979460287572,0
1759280743,156854,1,N/A,N/A,N/A,N/A,N/A,N/A,N/A,N/A,1647706112,1580597248,21172224,N/A,135168,82202624,5,discern-interfa,S (sleeping),client-compromised.bnsdq.ozxfs.vcwss-bomyo.kvugl,0.0024585711570870653,0
1759280748,341,1,103,103,103,103,109,109,109,109,107515904,107515904,101335040,N/A,135168,99786752,1,dbus-daemon,S (sleeping),client-compromised.bnsdq.ozxfs.vcwss-bomyo.kvugl,0.26689761019393965,0
1759280748,153885,1,N/A,N/A,N/A,N/A,N/A,N/A,N/A,N/A,1953267712,1930887168,38625280,N/A,135168,174923776,14,discern-network,S (sleeping),client-compromised.bnsdq.ozxfs.vcwss-bomyo.kvugl,0.48340374735254726,0
1759280748,183,1,N/A,N/A,N/A,N/A,N/A,N/A,N/A,N/A,160686080,110305280,43958272,4096,135168,30134272,1,systemd-journal,S (sleeping),client-compromised.bnsdq.ozxfs.vcwss-bomyo.kvugl,0.20795809588686573,0
1759280748,181871,1,N/A,N/A,N/A,N/A,N/A,N/A,N/A,N/A,1264619520,1264619520,17203200,N/A,135168,45826048,4,discern-proc-so,R (running),client-compromised.bnsdq.ozxfs.vcwss-bomyo.kvugl,2.4489250129546862,0
1759280748,156854,1,N/A,N/A,N/A,N/A,N/A,N/A,N/A,N/A,1647706112,1580597248,21172224,N/A,135168,82202624,5,discern-interfa,S (sleeping),client-compromised.bnsdq.ozxfs.vcwss-bomyo.kvugl,0.002452369776728824,0
1759280753,341,1,103,103,103,103,109,109,109,109,107515904,107515904,101335040,N/A,135168,99786752,1,dbus-daemon,S (sleeping),client-compromised.bnsdq.ozxfs.vcwss-bomyo.kvugl,0.26686722441666905,0
1759280753,153885,1,N/A,N/A,N/A,N/A,N/A,N/A,N/A,N/A,1953267712,1930887168,38625280,N/A,135168,174923776,14,discern-network,S (sleeping),client-compromised.bnsdq.ozxfs.vcwss-bomyo.kvugl,0.48319454057392724,0
1759280753,183,1,N/A,N/A,N/A,N/A,N/A,N/A,N/A,N/A,160686080,110305280,43958272,4096,135168,30134272,1,systemd-journal,S (sleeping),client-compromised.bnsdq.ozxfs.vcwss-bomyo.kvugl,0.2079527898098099,0
1759280753,181871,1,N/A,N/A,N/A,N/A,N/A,N/A,N/A,N/A,1264619520,1264619520,17395712,N/A,135168,45826048,4,discern-proc-so,R (running),client-compromised.bnsdq.ozxfs.vcwss-bomyo.kvugl,2.418242669263824,0
1759280753,156854,1,N/A,N/A,N/A,N/A,N/A,N/A,N/A,N/A,1647706112,1580597248,21172224,N/A,135168,82202624,5,discern-interfa,S (sleeping),client-compromised.bnsdq.ozxfs.vcwss-bomyo.kvugl,0.0024462322940097987,0
1759280759,341,1,103,103,103,103,109,109,109,109,107515904,107515904,101335040,N/A,135168,99786752,1,dbus-daemon,S (sleeping),client-compromised.bnsdq.ozxfs.vcwss-bomyo.kvugl,0.2667530220051345,0
1759280759,153885,1,N/A,N/A,N/A,N/A,N/A,N/A,N/A,N/A,1953267712,1930887168,38625280,N/A,135168,174923776,14,discern-network,S (sleeping),client-compromised.bnsdq.ozxfs.vcwss-bomyo.kvugl,0.4829796755583785,0
1759280759,183,1,N/A,N/A,N/A,N/A,N/A,N/A,N/A,N/A,160686080,110305280,43958272,4096,135168,30134272,1,systemd-journal,S (sleeping),client-compromised.bnsdq.ozxfs.vcwss-bomyo.kvugl,0.2078638069371814,0
1759280759,181871,1,N/A,N/A,N/A,N/A,N/A,N/A,N/A,N/A,1264619520,1264619520,17395712,N/A,135168,45826048,4,discern-proc-so,R (running),client-compromised.bnsdq.ozxfs.vcwss-bomyo.kvugl,2.4311874581427193,0
1759280759,156854,1,N/A,N/A,N/A,N/A,N/A,N/A,N/A,N/A,1647706112,1580597248,21172224,N/A,135168,82202624,5,discern-interfa,S (sleeping),client-compromised.bnsdq.ozxfs.vcwss-bomyo.kvugl,0.002440088455389138,0
1759280764,341,1,103,103,103,103,109,109,109,109,107515904,107515904,101335040,N/A,135168,99786752,1,dbus-daemon,S (sleeping),client-compromised.bnsdq.ozxfs.vcwss-bomyo.kvugl,0.26688739507770876,0
1759280764,153885,1,N/A,N/A,N/A,N/A,N/A,N/A,N/A,N/A,1953267712,1930887168,38625280,N/A,135168,174923776,14,discern-network,S (sleeping),client-compromised.bnsdq.ozxfs.vcwss-bomyo.kvugl,0.48275740805225753,0
1759280764,183,1,N/A,N/A,N/A,N/A,N/A,N/A,N/A,N/A,160686080,110305280,43958272,4096,135168,30134272,1,systemd-journal,S (sleeping),client-compromised.bnsdq.ozxfs.vcwss-bomyo.kvugl,0.20794044074038398,0
1759280764,181871,1,N/A,N/A,N/A,N/A,N/A,N/A,N/A,N/A,1264619520,1264619520,17395712,N/A,135168,45826048,4,discern-proc-so,S (sleeping),client-compromised.bnsdq.ozxfs.vcwss-bomyo.kvugl,2.410375259634171,0
1759280764,156854,1,N/A,N/A,N/A,N/A,N/A,N/A,N/A,N/A,1647706112,1580597248,21172224,N/A,135168,82202624,5,discern-interfa,S (sleeping),client-compromised.bnsdq.ozxfs.vcwss-bomyo.kvugl,0.0024339288063116166,0
1759280769,341,1,103,103,103,103,109,109,109,109,107515904,107515904,101335040,N/A,135168,99786752,1,dbus-daemon,S (sleeping),client-compromised.bnsdq.ozxfs.vcwss-bomyo.kvugl,0.266856821230605,0
1759280769,153885,1,N/A,N/A,N/A,N/A,N/A,N/A,N/A,N/A,1953267712,1930887168,38625280,N/A,135168,174923776,14,discern-network,S (sleeping),client-compromised.bnsdq.ozxfs.vcwss-bomyo.kvugl,0.4825488744707311,0
1759280769,183,1,N/A,N/A,N/A,N/A,N/A,N/A,N/A,N/A,160686080,110305280,43958272,4096,135168,30134272,1,systemd-journal,S (sleeping),client-compromised.bnsdq.ozxfs.vcwss-bomyo.kvugl,0.20793496962716215,0
1759280769,181871,1,N/A,N/A,N/A,N/A,N/A,N/A,N/A,N/A,1264619520,1264619520,17395712,N/A,135168,45826048,4,discern-proc-so,S (sleeping),client-compromised.bnsdq.ozxfs.vcwss-bomyo.kvugl,2.384651159034108,0
1759280769,156854,1,N/A,N/A,N/A,N/A,N/A,N/A,N/A,N/A,1647706112,1580597248,21172224,N/A,135168,82202624,5,discern-interfa,S (sleeping),client-compromised.bnsdq.ozxfs.vcwss-bomyo.kvugl,0.0024278709914861596,0
1759280774,341,1,103,103,103,103,109,109,109,109,107515904,107515904,101335040,N/A,135168,99786752,1,dbus-daemon,S (sleeping),client-compromised.bnsdq.ozxfs.vcwss-bomyo.kvugl,0.26690898288551823,0
1759280774,153885,1,N/A,N/A,N/A,N/A,N/A,N/A,N/A,N/A,1953267712,1930887168,38625280,N/A,135168,174923776,14,discern-network,S (sleeping),client-compromised.bnsdq.ozxfs.vcwss-bomyo.kvugl,0.482338070257019,0
1759280774,183,1,N/A,N/A,N/A,N/A,N/A,N/A,N/A,N/A,160686080,110305280,43958272,4096,135168,30134272,1,systemd-journal,S (sleeping),client-compromised.bnsdq.ozxfs.vcwss-bomyo.kvugl,0.20792924174534294,0
1759280774,181871,1,N/A,N/A,N/A,N/A,N/A,N/A,N/A,N/A,1264619520,1264619520,17395712,N/A,135168,45826048,4,discern-proc-so,S (sleeping),client-compromised.bnsdq.ozxfs.vcwss-bomyo.kvugl,2.3827369552605737,0
1759280774,156854,1,N/A,N/A,N/A,N/A,N/A,N/A,N/A,N/A,1647706112,1580597248,21172224,N/A,135168,82202624,5,discern-interfa,S (sleeping),client-compromised.bnsdq.ozxfs.vcwss-bomyo.kvugl,0.0024218252921729007,0
1759280779,341,1,103,103,103,103,109,109,109,109,107515904,107515904,101335040,N/A,135168,99786752,1,dbus-daemon,S (sleeping),client-compromised.bnsdq.ozxfs.vcwss-bomyo.kvugl,0.26687766954098713,0
1759280779,153885,1,N/A,N/A,N/A,N/A,N/A,N/A,N/A,N/A,1953267712,1930887168,38625280,N/A,135168,174923776,14,discern-network,S (sleeping),client-compromised.bnsdq.ozxfs.vcwss-bomyo.kvugl,0.48256171489097005,0
1759280779,183,1,N/A,N/A,N/A,N/A,N/A,N/A,N/A,N/A,160686080,110305280,43958272,4096,135168,30134272,1,systemd-journal,S (sleeping),client-compromised.bnsdq.ozxfs.vcwss-bomyo.kvugl,0.20784018836666773,0
1759280779,181871,1,N/A,N/A,N/A,N/A,N/A,N/A,N/A,N/A,1264619520,1264619520,17395712,N/A,135168,45826048,4,discern-proc-so,R (running),client-compromised.bnsdq.ozxfs.vcwss-bomyo.kvugl,2.394857235164402,0
1759280779,156854,1,N/A,N/A,N/A,N/A,N/A,N/A,N/A,N/A,1647706112,1580597248,21172224,N/A,135168,82202624,5,discern-interfa,S (sleeping),client-compromised.bnsdq.ozxfs.vcwss-bomyo.kvugl,0.0024157876883970633,0
1759280784,341,1,103,103,103,103,109,109,109,109,107515904,107515904,101335040,N/A,135168,99786752,1,dbus-daemon,S (sleeping),client-compromised.bnsdq.ozxfs.vcwss-bomyo.kvugl,0.2668466376771697,0
1759280784,153885,1,N/A,N/A,N/A,N/A,N/A,N/A,N/A,N/A,1953267712,1930887168,38625280,N/A,135168,174923776,14,discern-network,S (sleeping),client-compromised.bnsdq.ozxfs.vcwss-bomyo.kvugl,0.4823502584916442,0
1759280784,183,1,N/A,N/A,N/A,N/A,N/A,N/A,N/A,N/A,160686080,110305280,43958272,4096,135168,30134272,1,systemd-journal,S (sleeping),client-compromised.bnsdq.ozxfs.vcwss-bomyo.kvugl,0.20783437707092148,0
1759280784,181871,1,N/A,N/A,N/A,N/A,N/A,N/A,N/A,N/A,1264619520,1264619520,17395712,N/A,135168,45826048,5,discern-proc-so,S (sleeping),client-compromised.bnsdq.ozxfs.vcwss-bomyo.kvugl,2.3925972446351222,0
1759280784,156854,1,N/A,N/A,N/A,N/A,N/A,N/A,N/A,N/A,1647706112,1580597248,21172224,N/A,135168,82202624,5,discern-interfa,S (sleeping),client-compromised.bnsdq.ozxfs.vcwss-bomyo.kvugl,0.002409793360096034,0
1759280790,341,1,103,103,103,103,109,109,109,109,107515904,107515904,101335040,N/A,135168,99786752,1,dbus-daemon,S (sleeping),client-compromised.bnsdq.ozxfs.vcwss-bomyo.kvugl,0.26689799035429873,0
1759280790,153885,1,N/A,N/A,N/A,N/A,N/A,N/A,N/A,N/A,1953267712,1930887168,38625280,N/A,135168,174923776,14,discern-network,S (sleeping),client-compromised.bnsdq.ozxfs.vcwss-bomyo.kvugl,0.4825697655224576,0
1759280790,183,1,N/A,N/A,N/A,N/A,N/A,N/A,N/A,N/A,160686080,118693888,43958272,4096,135168,30134272,1,systemd-journal,S (sleeping),client-compromised.bnsdq.ozxfs.vcwss-bomyo.kvugl,0.20791104982357644,0
1759280790,181871,1,N/A,N/A,N/A,N/A,N/A,N/A,N/A,N/A,1264619520,1264619520,17395712,N/A,135168,45826048,5,discern-proc-so,S (sleeping),client-compromised.bnsdq.ozxfs.vcwss-bomyo.kvugl,2.4099369469110403,0
1759280790,156854,1,N/A,N/A,N/A,N/A,N/A,N/A,N/A,N/A,1647706112,1580597248,21172224,N/A,135168,82202624,5,discern-interfa,S (sleeping),client-compromised.bnsdq.ozxfs.vcwss-bomyo.kvugl,0.0024037983067609105,0
1759280795,341,1,103,103,103,103,109,109,109,109,107515904,107515904,101335040,N/A,135168,99786752,1,dbus-daemon,S (sleeping),client-compromised.bnsdq.ozxfs.vcwss-bomyo.kvugl,0.26686701644985045,0
1759280795,153885,1,N/A,N/A,N/A,N/A,N/A,N/A,N/A,N/A,1953267712,1930887168,38625280,N/A,135168,174923776,14,discern-network,S (sleeping),client-compromised.bnsdq.ozxfs.vcwss-bomyo.kvugl,0.48192506498403304,0
1759280795,183,1,N/A,N/A,N/A,N/A,N/A,N/A,N/A,N/A,160686080,118693888,43958272,4096,135168,30134272,1,systemd-journal,S (sleeping),client-compromised.bnsdq.ozxfs.vcwss-bomyo.kvugl,0.20782234814968303,0
1759280795,181871,1,N/A,N/A,N/A,N/A,N/A,N/A,N/A,N/A,1264619520,1264619520,17395712,N/A,135168,45826048,5,discern-proc-so,S (sleeping),client-compromised.bnsdq.ozxfs.vcwss-bomyo.kvugl,2.41376051804998,0
1759280795,156854,1,N/A,N/A,N/A,N/A,N/A,N/A,N/A,N/A,1647706112,1580597248,21172224,N/A,135168,82202624,5,discern-interfa,S (sleeping),client-compromised.bnsdq.ozxfs.vcwss-bomyo.kvugl,0.0023978654202910983,0
1759280800,341,1,103,103,103,103,109,109,109,109,107515904,107515904,101335040,N/A,135168,99786752,1,dbus-daemon,S (sleeping),client-compromised.bnsdq.ozxfs.vcwss-bomyo.kvugl,0.2668354416600224,0
1759280800,153885,1,N/A,N/A,N/A,N/A,N/A,N/A,N/A,N/A,1953267712,1930887168,38625280,N/A,135168,174923776,14,discern-network,S (sleeping),client-compromised.bnsdq.ozxfs.vcwss-bomyo.kvugl,0.48214448402497573,0
1759280800,183,1,N/A,N/A,N/A,N/A,N/A,N/A,N/A,N/A,160686080,118693888,43958272,4096,135168,30134272,1,systemd-journal,S (sleeping),client-compromised.bnsdq.ozxfs.vcwss-bomyo.kvugl,0.2078160945131838,0
1759280800,181871,1,N/A,N/A,N/A,N/A,N/A,N/A,N/A,N/A,1264619520,1264619520,17395712,N/A,135168,45826048,5,discern-proc-so,S (sleeping),client-compromised.bnsdq.ozxfs.vcwss-bomyo.kvugl,2.4293086993995545,0
1759280800,156854,1,N/A,N/A,N/A,N/A,N/A,N/A,N/A,N/A,1647706112,1580597248,21172224,N/A,135168,82202624,5,discern-interfa,S (sleeping),client-compromised.bnsdq.ozxfs.vcwss-bomyo.kvugl,0.002391929106973678,0
1759280805,341,1,103,103,103,103,109,109,109,109,107515904,107515904,101335040,N/A,135168,99786752,1,dbus-daemon,S (sleeping),client-compromised.bnsdq.ozxfs.vcwss-bomyo.kvugl,0.266804622121224,0
1759280805,153885,1,N/A,N/A,N/A,N/A,N/A,N/A,N/A,N/A,1953267712,1930887168,38625280,N/A,135168,174923776,14,discern-network,S (sleeping),client-compromised.bnsdq.ozxfs.vcwss-bomyo.kvugl,0.48236979619735604,0
1759280805,183,1,N/A,N/A,N/A,N/A,N/A,N/A,N/A,N/A,160686080,118693888,43958272,4096,135168,30134272,1,systemd-journal,S (sleeping),client-compromised.bnsdq.ozxfs.vcwss-bomyo.kvugl,0.2078104133390967,0
1759280805,181871,1,N/A,N/A,N/A,N/A,N/A,N/A,N/A,N/A,1264619520,1264619520,17395712,N/A,135168,45826048,5,discern-proc-so,S (sleeping),client-compromised.bnsdq.ozxfs.vcwss-bomyo.kvugl,2.4263567113690234,0
1759280805,156854,1,N/A,N/A,N/A,N/A,N/A,N/A,N/A,N/A,1647706112,1580597248,21172224,N/A,135168,82202624,5,discern-interfa,S (sleeping),client-compromised.bnsdq.ozxfs.vcwss-bomyo.kvugl,0.0023860597672479907,0
1759280810,341,1,103,103,103,103,109,109,109,109,107515904,107515904,101335040,N/A,135168,99786752,1,dbus-daemon,S (sleeping),client-compromised.bnsdq.ozxfs.vcwss-bomyo.kvugl,0.2669393272036781,0
1759280810,153885,1,N/A,N/A,N/A,N/A,N/A,N/A,N/A,N/A,1953267712,1930887168,38625280,N/A,135168,174923776,14,discern-network,S (sleeping),client-compromised.bnsdq.ozxfs.vcwss-bomyo.kvugl,0.48216153320389443,0
1759280810,183,1,N/A,N/A,N/A,N/A,N/A,N/A,N/A,N/A,160686080,118693888,43958272,4096,135168,30134272,1,systemd-journal,S (sleeping),client-compromised.bnsdq.ozxfs.vcwss-bomyo.kvugl,0.20788745191838864,0
1759280810,181871,1,N/A,N/A,N/A,N/A,N/A,N/A,N/A,N/A,1264619520,1264619520,17395712,N/A,135168,45826048,5,discern-proc-so,S (sleeping),client-compromised.bnsdq.ozxfs.vcwss-bomyo.kvugl,2.429345153474934,0
1759280810,156854,1,N/A,N/A,N/A,N/A,N/A,N/A,N/A,N/A,1647706112,1580597248,21172224,N/A,135168,82202624,5,discern-interfa,S (sleeping),client-compromised.bnsdq.ozxfs.vcwss-bomyo.kvugl,0.002380214176043747,0
1759280815,341,1,103,103,103,103,109,109,109,109,107515904,107515904,101335040,N/A,135168,99786752,1,dbus-daemon,S (sleeping),client-compromised.bnsdq.ozxfs.vcwss-bomyo.kvugl,0.2669083503018538,0
1759280815,153885,1,N/A,N/A,N/A,N/A,N/A,N/A,N/A,N/A,1953267712,1930887168,38625280,N/A,135168,174923776,14,discern-network,S (sleeping),client-compromised.bnsdq.ozxfs.vcwss-bomyo.kvugl,0.4828152022275184,0
1759280815,183,1,N/A,N/A,N/A,N/A,N/A,N/A,N/A,N/A,160686080,118693888,43958272,4096,135168,30134272,1,systemd-journal,S (sleeping),client-compromised.bnsdq.ozxfs.vcwss-bomyo.kvugl,0.20779888154074327,0
1759280815,181871,1,N/A,N/A,N/A,N/A,N/A,N/A,N/A,N/A,1264619520,1264619520,17395712,N/A,135168,45826048,5,discern-proc-so,S (sleeping),client-compromised.bnsdq.ozxfs.vcwss-bomyo.kvugl,2.4321336692288114,0
1759280815,156854,1,N/A,N/A,N/A,N/A,N/A,N/A,N/A,N/A,1647706112,1580597248,21172224,N/A,135168,82202624,5,discern-interfa,S (sleeping),client-compromised.bnsdq.ozxfs.vcwss-bomyo.kvugl,0.0023743949959132192,0
1759280820,341,1,103,103,103,103,109,109,109,109,107515904,107515904,101335040,N/A,135168,99786752,1,dbus-daemon,S (sleeping),client-compromised.bnsdq.ozxfs.vcwss-bomyo.kvugl,0.26696002258352786,0
1759280820,153885,1,N/A,N/A,N/A,N/A,N/A,N/A,N/A,N/A,1953267712,1930887168,38625280,N/A,135168,174923776,14,discern-network,S (sleeping),client-compromised.bnsdq.ozxfs.vcwss-bomyo.kvugl,0.48260548503433964,0
1759280820,183,1,N/A,N/A,N/A,N/A,N/A,N/A,N/A,N/A,160686080,118693888,43958272,4096,135168,30134272,1,systemd-journal,S (sleeping),client-compromised.bnsdq.ozxfs.vcwss-bomyo.kvugl,0.20779302397075386,0
1759280820,181871,1,N/A,N/A,N/A,N/A,N/A,N/A,N/A,N/A,1264619520,1264619520,17395712,N/A,135168,45826048,5,discern-proc-so,S (sleeping),client-compromised.bnsdq.ozxfs.vcwss-bomyo.kvugl,2.4292039185537786,0
1759280820,156854,1,N/A,N/A,N/A,N/A,N/A,N/A,N/A,N/A,1647706112,1580597248,21172224,N/A,135168,82202624,5,discern-interfa,S (sleeping),client-compromised.bnsdq.ozxfs.vcwss-bomyo.kvugl,0.0023685987746287153,0
1759280826,341,1,103,103,103,103,109,109,109,109,107515904,107515904,101335040,N/A,135168,99786752,1,dbus-daemon,S (sleeping),client-compromised.bnsdq.ozxfs.vcwss-bomyo.kvugl,0.26701124039004465,0
1759280826,153885,1,N/A,N/A,N/A,N/A,N/A,N/A,N/A,N/A,1953267712,1930887168,38625280,N/A,135168,174923776,14,discern-network,S (sleeping),client-compromised.bnsdq.ozxfs.vcwss-bomyo.kvugl,0.4828216786248925,0
1759280826,183,1,N/A,N/A,N/A,N/A,N/A,N/A,N/A,N/A,160686080,118693888,43958272,4096,135168,30134272,1,systemd-journal,S (sleeping),client-compromised.bnsdq.ozxfs.vcwss-bomyo.kvugl,0.2078695398506776,0
1759280826,181871,1,N/A,N/A,N/A,N/A,N/A,N/A,N/A,N/A,1264619520,1264619520,17395712,N/A,135168,45826048,5,discern-proc-so,S (sleeping),client-compromised.bnsdq.ozxfs.vcwss-bomyo.kvugl,2.4475730558062776,0
1759280826,156854,1,N/A,N/A,N/A,N/A,N/A,N/A,N/A,N/A,1647706112,1580597248,21172224,N/A,135168,82202624,5,discern-interfa,S (sleeping),client-compromised.bnsdq.ozxfs.vcwss-bomyo.kvugl,0.002362810238191393,0
1759280831,341,1,103,103,103,103,109,109,109,109,107515904,107515904,101335040,N/A,135168,99786752,1,dbus-daemon,S (sleeping),client-compromised.bnsdq.ozxfs.vcwss-bomyo.kvugl,0.26698028182625955,0
1759280831,153885,1,N/A,N/A,N/A,N/A,N/A,N/A,N/A,N/A,1953267712,1930887168,38625280,N/A,135168,174923776,14,discern-network,S (sleeping),client-compromised.bnsdq.ozxfs.vcwss-bomyo.kvugl,0.48261395191850925,0
1759280831,183,1,N/A,N/A,N/A,N/A,N/A,N/A,N/A,N/A,160686080,118693888,43958272,4096,135168,30134272,1,systemd-journal,S (sleeping),client-compromised.bnsdq.ozxfs.vcwss-bomyo.kvugl,0.20786374697240698,0
1759280831,181871,1,N/A,N/A,N/A,N/A,N/A,N/A,N/A,N/A,1264619520,1264619520,17395712,N/A,135168,45826048,5,discern-proc-so,S (sleeping),client-compromised.bnsdq.ozxfs.vcwss-bomyo.kvugl,2.449654311080688,0
1759280831,156854,1,N/A,N/A,N/A,N/A,N/A,N/A,N/A,N/A,1647706112,1580597248,21172224,N/A,135168,82202624,5,discern-interfa,S (sleeping),client-compromised.bnsdq.ozxfs.vcwss-bomyo.kvugl,0.0023570761877995594,0
1759280836,341,1,103,103,103,103,109,109,109,109,107515904,107515904,101335040,N/A,135168,99786752,1,dbus-daemon,S (sleeping),client-compromised.bnsdq.ozxfs.vcwss-bomyo.kvugl,0.2669489724112533,0
1759280836,153885,1,N/A,N/A,N/A,N/A,N/A,N/A,N/A,N/A,1953267712,1930887168,38625280,N/A,135168,174923776,14,discern-network,S (sleeping),client-compromised.bnsdq.ozxfs.vcwss-bomyo.kvugl,0.483257418233616,0
1759280836,183,1,N/A,N/A,N/A,N/A,N/A,N/A,N/A,N/A,160686080,118693888,43958272,4096,135168,30134272,1,systemd-journal,S (sleeping),client-compromised.bnsdq.ozxfs.vcwss-bomyo.kvugl,0.20777505011905367,0
1759280836,181871,1,N/A,N/A,N/A,N/A,N/A,N/A,N/A,N/A,1264619520,1264619520,17395712,N/A,135168,45826048,5,discern-proc-so,S (sleeping),client-compromised.bnsdq.ozxfs.vcwss-bomyo.kvugl,2.4564788790534515,0
1759280836,156854,1,N/A,N/A,N/A,N/A,N/A,N/A,N/A,N/A,1647706112,1580597248,21172224,N/A,135168,82202624,5,discern-interfa,S (sleeping),client-compromised.bnsdq.ozxfs.vcwss-bomyo.kvugl,0.0023513508377112674,0
1759280841,341,1,103,103,103,103,109,109,109,109,107515904,107515904,101335040,N/A,135168,99786752,1,dbus-daemon,S (sleeping),client-compromised.bnsdq.ozxfs.vcwss-bomyo.kvugl,0.2669180016157828,0
1759280841,153885,1,N/A,N/A,N/A,N/A,N/A,N/A,N/A,N/A,1953267712,1930887168,38625280,N/A,135168,174923776,14,discern-network,S (sleeping),client-compromised.bnsdq.ozxfs.vcwss-bomyo.kvugl,0.48262308165471884,0
1759280841,183,1,N/A,N/A,N/A,N/A,N/A,N/A,N/A,N/A,160686080,118693888,43958272,4096,135168,30134272,1,systemd-journal,S (sleeping),client-compromised.bnsdq.ozxfs.vcwss-bomyo.kvugl,0.20776925243815267,0
1759280841,181871,1,N/A,N/A,N/A,N/A,N/A,N/A,N/A,N/A,1264619520,1264619520,17395712,N/A,135168,45826048,5,discern-proc-so,S (sleeping),client-compromised.bnsdq.ozxfs.vcwss-bomyo.kvugl,2.453256428949599,0
1759280841,156854,1,N/A,N/A,N/A,N/A,N/A,N/A,N/A,N/A,1647706112,1580597248,21172224,N/A,135168,82202624,5,discern-interfa,S (sleeping),client-compromised.bnsdq.ozxfs.vcwss-bomyo.kvugl,0.0023456690885437954,0
1759280846,341,1,103,103,103,103,109,109,109,109,107515904,107515904,101335040,N/A,135168,99786752,1,dbus-daemon,S (sleeping),client-compromised.bnsdq.ozxfs.vcwss-bomyo.kvugl,0.26696914558655577,0
1759280846,153885,1,N/A,N/A,N/A,N/A,N/A,N/A,N/A,N/A,1953267712,1930887168,38625280,N/A,135168,174923776,14,discern-network,S (sleeping),client-compromised.bnsdq.ozxfs.vcwss-bomyo.kvugl,0.4828372791512533,0
1759280846,183,1,N/A,N/A,N/A,N/A,N/A,N/A,N/A,N/A,160686080,118693888,43958272,4096,135168,30134272,1,systemd-journal,S (sleeping),client-compromised.bnsdq.ozxfs.vcwss-bomyo.kvugl,0.2077630990746651,0
1759280846,181871,1,N/A,N/A,N/A,N/A,N/A,N/A,N/A,N/A,1264619520,1264619520,17395712,N/A,135168,45826048,5,discern-proc-so,S (sleeping),client-compromised.bnsdq.ozxfs.vcwss-bomyo.kvugl,2.469198810684911,0
1759280846,156854,1,N/A,N/A,N/A,N/A,N/A,N/A,N/A,N/A,1647706112,1580597248,21172224,N/A,135168,82202624,5,discern-interfa,S (sleeping),client-compromised.bnsdq.ozxfs.vcwss-bomyo.kvugl,0.002339991617095749,0
1759280851,341,1,103,103,103,103,109,109,109,109,107515904,107515904,101335040,N/A,135168,99786752,1,dbus-daemon,S (sleeping),client-compromised.bnsdq.ozxfs.vcwss-bomyo.kvugl,0.26702076391990043,0
1759280851,153885,1,N/A,N/A,N/A,N/A,N/A,N/A,N/A,N/A,1953267712,1930887168,38625280,N/A,135168,174923776,14,discern-network,S (sleeping),client-compromised.bnsdq.ozxfs.vcwss-bomyo.kvugl,0.48220714454062985,0
1759280851,183,1,N/A,N/A,N/A,N/A,N/A,N/A,N/A,N/A,160686080,118693888,43958272,4096,135168,30134272,1,systemd-journal,S (sleeping),client-compromised.bnsdq.ozxfs.vcwss-bomyo.kvugl,0.20767484509814035,0
1759280851,181871,1,N/A,N/A,N/A,N/A,N/A,N/A,N/A,N/A,1264619520,1264619520,17395712,N/A,135168,45826048,5,discern-proc-so,S (sleeping),client-compromised.bnsdq.ozxfs.vcwss-bomyo.kvugl,2.4658534318399052,0
1759280851,156854,1,N/A,N/A,N/A,N/A,N/A,N/A,N/A,N/A,1647706112,1580597248,21172224,N/A,135168,82202624,5,discern-interfa,S (sleeping),client-compromised.bnsdq.ozxfs.vcwss-bomyo.kvugl,0.0023343671647915983,0
1759280857,341,1,103,103,103,103,109,109,109,109,107515904,107515904,101335040,N/A,135168,99786752,1,dbus-daemon,S (sleeping),client-compromised.bnsdq.ozxfs.vcwss-bomyo.kvugl,0.2670719936640734,0
1759280857,153885,1,N/A,N/A,N/A,N/A,N/A,N/A,N/A,N/A,1953267712,1930887168,38625280,N/A,135168,174923776,14,discern-network,S (sleeping),client-compromised.bnsdq.ozxfs.vcwss-bomyo.kvugl,0.48242292156907124,0
1759280857,183,1,N/A,N/A,N/A,N/A,N/A,N/A,N/A,N/A,160686080,118693888,43958272,4096,135168,30134272,1,systemd-journal,S (sleeping),client-compromised.bnsdq.ozxfs.vcwss-bomyo.kvugl,0.20775134553238928,0
1759280857,181871,1,N/A,N/A,N/A,N/A,N/A,N/A,N/A,N/A,1264619520,1264619520,17395712,N/A,135168,45826048,5,discern-proc-so,S (sleeping),client-compromised.bnsdq.ozxfs.vcwss-bomyo.kvugl,2.467074155373644,0
1759280857,156854,1,N/A,N/A,N/A,N/A,N/A,N/A,N/A,N/A,1647706112,1580597248,21172224,N/A,135168,82202624,5,discern-interfa,S (sleeping),client-compromised.bnsdq.ozxfs.vcwss-bomyo.kvugl,0.002328752622258659,0
1759280862,341,1,103,103,103,103,109,109,109,109,107515904,107515904,101335040,N/A,135168,99786752,1,dbus-daemon,S (sleeping),client-compromised.bnsdq.ozxfs.vcwss-bomyo.kvugl,0.2670410524110126,0
1759280862,153885,1,N/A,N/A,N/A,N/A,N/A,N/A,N/A,N/A,1953267712,1930887168,38625280,N/A,135168,174923776,14,discern-network,S (sleeping),client-compromised.bnsdq.ozxfs.vcwss-bomyo.kvugl,0.48221844016085097,0
1759280862,183,1,N/A,N/A,N/A,N/A,N/A,N/A,N/A,N/A,160686080,118693888,43958272,4096,135168,30134272,1,systemd-journal,S (sleeping),client-compromised.bnsdq.ozxfs.vcwss-bomyo.kvugl,0.20766315033554575,0
1759280862,181871,1,N/A,N/A,N/A,N/A,N/A,N/A,N/A,N/A,1264619520,1264619520,17395712,N/A,135168,45826048,5,discern-proc-so,S (sleeping),client-compromised.bnsdq.ozxfs.vcwss-bomyo.kvugl,2.46391977352957,0
1759280862,156854,1,N/A,N/A,N/A,N/A,N/A,N/A,N/A,N/A,1647706112,1580597248,21172224,N/A,135168,82202624,5,discern-interfa,S (sleeping),client-compromised.bnsdq.ozxfs.vcwss-bomyo.kvugl,0.002323180783375688,0
1759280867,341,1,103,103,103,103,109,109,109,109,107515904,107515904,101335040,N/A,135168,99786752,1,dbus-daemon,S (sleeping),client-compromised.bnsdq.ozxfs.vcwss-bomyo.kvugl,0.2670924079650433,0
1759280867,153885,1,N/A,N/A,N/A,N/A,N/A,N/A,N/A,N/A,1953267712,1930887168,38625280,N/A,135168,174923776,14,discern-network,S (sleeping),client-compromised.bnsdq.ozxfs.vcwss-bomyo.kvugl,0.4824349018577768,0
1759280867,183,1,N/A,N/A,N/A,N/A,N/A,N/A,N/A,N/A,160686080,118693888,43958272,4096,135168,30134272,1,systemd-journal,S (sleeping),client-compromised.bnsdq.ozxfs.vcwss-bomyo.kvugl,0.2077397295926296,0
1759280867,181871,1,N/A,N/A,N/A,N/A,N/A,N/A,N/A,N/A,1264619520,1264619520,17395712,N/A,135168,45826048,5,discern-proc-so,S (sleeping),client-compromised.bnsdq.ozxfs.vcwss-bomyo.kvugl,2.460838799547958,0
1759280867,156854,1,N/A,N/A,N/A,N/A,N/A,N/A,N/A,N/A,1647706112,1580597248,21172224,N/A,135168,82202624,5,discern-interfa,S (sleeping),client-compromised.bnsdq.ozxfs.vcwss-bomyo.kvugl,0.002317628680834227,0
1759280872,341,1,103,103,103,103,109,109,109,109,107515904,107515904,101335040,N/A,135168,99786752,1,dbus-daemon,S (sleeping),client-compromised.bnsdq.ozxfs.vcwss-bomyo.kvugl,0.2670610889168294,0
1759280872,153885,1,N/A,N/A,N/A,N/A,N/A,N/A,N/A,N/A,1953267712,1930887168,38625280,N/A,135168,174923776,14,discern-network,S (sleeping),client-compromised.bnsdq.ozxfs.vcwss-bomyo.kvugl,0.4822276411008525,0
1759280872,183,1,N/A,N/A,N/A,N/A,N/A,N/A,N/A,N/A,160686080,118693888,43958272,4096,135168,30134272,1,systemd-journal,S (sleeping),client-compromised.bnsdq.ozxfs.vcwss-bomyo.kvugl,0.20781604468259218,0
1759280872,181871,1,N/A,N/A,N/A,N/A,N/A,N/A,N/A,N/A,1264619520,1264619520,17395712,N/A,135168,45826048,5,discern-proc-so,S (sleeping),client-compromised.bnsdq.ozxfs.vcwss-bomyo.kvugl,2.4663346404665463,0
1759280872,156854,1,N/A,N/A,N/A,N/A,N/A,N/A,N/A,N/A,1647706112,1580597248,21172224,N/A,135168,82202624,5,discern-interfa,S (sleeping),client-compromised.bnsdq.ozxfs.vcwss-bomyo.kvugl,0.0023120905521359088,0
1759280877,341,1,103,103,103,103,109,109,109,109,107515904,107515904,101335040,N/A,135168,99786752,1,dbus-daemon,S (sleeping),client-compromised.bnsdq.ozxfs.vcwss-bomyo.kvugl,0.2670300948992608,0
1759280877,153885,1,N/A,N/A,N/A,N/A,N/A,N/A,N/A,N/A,1953267712,1930887168,38625280,N/A,135168,174923776,14,discern-network,S (sleeping),client-compromised.bnsdq.ozxfs.vcwss-bomyo.kvugl,0.48202402225261803,0
1759280877,183,1,N/A,N/A,N/A,N/A,N/A,N/A,N/A,N/A,160686080,118693888,43958272,4096,135168,30134272,1,systemd-journal,S (sleeping),client-compromised.bnsdq.ozxfs.vcwss-bomyo.kvugl,0.20772785963798185,0
1759280877,181871,1,N/A,N/A,N/A,N/A,N/A,N/A,N/A,N/A,1264619520,1264619520,17395712,N/A,135168,45826048,5,discern-proc-so,S (sleeping),client-compromised.bnsdq.ozxfs.vcwss-bomyo.kvugl,2.4717340042047766,0
1759280877,156854,1,N/A,N/A,N/A,N/A,N/A,N/A,N/A,N/A,1647706112,1580597248,21172224,N/A,135168,82202624,5,discern-interfa,S (sleeping),client-compromised.bnsdq.ozxfs.vcwss-bomyo.kvugl,0.002306593390181241,0
1759280882,341,1,103,103,103,103,109,109,109,109,107515904,107515904,101335040,N/A,135168,99786752,1,dbus-daemon,S (sleeping),client-compromised.bnsdq.ozxfs.vcwss-bomyo.kvugl,0.26708112401149875,0
1759280882,153885,1,N/A,N/A,N/A,N/A,N/A,N/A,N/A,N/A,1953267712,1930887168,38625280,N/A,135168,174923776,14,discern-network,S (sleeping),client-compromised.bnsdq.ozxfs.vcwss-bomyo.kvugl,0.4822370583848029,0
1759280882,183,1,N/A,N/A,N/A,N/A,N/A,N/A,N/A,N/A,160686080,118693888,43958272,4096,135168,30134272,1,systemd-journal,S (sleeping),client-compromised.bnsdq.ozxfs.vcwss-bomyo.kvugl,0.20772180811646287,0
1759280882,181871,1,N/A,N/A,N/A,N/A,N/A,N/A,N/A,N/A,1264619520,1264619520,17395712,N/A,135168,45826048,5,discern-proc-so,S (sleeping),client-compromised.bnsdq.ozxfs.vcwss-bomyo.kvugl,2.4767620021826695,0
1759280882,156854,1,N/A,N/A,N/A,N/A,N/A,N/A,N/A,N/A,1647706112,1580597248,21172224,N/A,135168,82202624,5,discern-interfa,S (sleeping),client-compromised.bnsdq.ozxfs.vcwss-bomyo.kvugl,0.002301107364211149,0
1759280887,341,1,103,103,103,103,109,109,109,109,107515904,107515904,101335040,N/A,135168,99786752,1,dbus-daemon,S (sleeping),client-compromised.bnsdq.ozxfs.vcwss-bomyo.kvugl,0.26705142154364225,0
1759280887,153885,1,N/A,N/A,N/A,N/A,N/A,N/A,N/A,N/A,1953267712,1930887168,38625280,N/A,135168,174923776,14,discern-network,S (sleeping),client-compromised.bnsdq.ozxfs.vcwss-bomyo.kvugl,0.4820459690852352,0
1759280887,183,1,N/A,N/A,N/A,N/A,N/A,N/A,N/A,N/A,160686080,118693888,43958272,4096,135168,30134272,1,systemd-journal,S (sleeping),client-compromised.bnsdq.ozxfs.vcwss-bomyo.kvugl,0.20771699205265148,0
1759280887,181871,1,N/A,N/A,N/A,N/A,N/A,N/A,N/A,N/A,1264619520,1264619520,17395712,N/A,135168,45826048,5,discern-proc-so,S (sleeping),client-compromised.bnsdq.ozxfs.vcwss-bomyo.kvugl,2.45819831571036,0
1759280887,156854,1,N/A,N/A,N/A,N/A,N/A,N/A,N/A,N/A,1647706112,1580597248,21172224,N/A,135168,82202624,5,discern-interfa,S (sleeping),client-compromised.bnsdq.ozxfs.vcwss-bomyo.kvugl,0.002295723185697962,0
1759280893,341,1,103,103,103,103,109,109,109,109,107515904,107515904,101335040,N/A,135168,99786752,1,dbus-daemon,S (sleeping),client-compromised.bnsdq.ozxfs.vcwss-bomyo.kvugl,0.2671035033346234,0
1759280893,153885,1,N/A,N/A,N/A,N/A,N/A,N/A,N/A,N/A,1953267712,1930887168,38625280,N/A,135168,174923776,14,discern-network,S (sleeping),client-compromised.bnsdq.ozxfs.vcwss-bomyo.kvugl,0.4822681571245785,0
1759280893,183,1,N/A,N/A,N/A,N/A,N/A,N/A,N/A,N/A,160686080,118693888,43958272,4096,135168,30134272,1,systemd-journal,S (sleeping),client-compromised.bnsdq.ozxfs.vcwss-bomyo.kvugl,0.20771180932618116,0
1759280893,181871,1,N/A,N/A,N/A,N/A,N/A,N/A,N/A,N/A,1264619520,1264619520,17395712,N/A,135168,45826048,5,discern-proc-so,S (sleeping),client-compromised.bnsdq.ozxfs.vcwss-bomyo.kvugl,2.44410772965814,0
1759280893,156854,1,N/A,N/A,N/A,N/A,N/A,N/A,N/A,N/A,1647706112,1580597248,21172224,N/A,135168,82202624,5,discern-interfa,S (sleeping),client-compromised.bnsdq.ozxfs.vcwss-bomyo.kvugl,0.002290341498916226,0
1759280898,341,1,103,103,103,103,109,109,109,109,107515904,107515904,101335040,N/A,135168,99786752,1,dbus-daemon,S (sleeping),client-compromised.bnsdq.ozxfs.vcwss-bomyo.kvugl,0.26707251537652943,0
1759280898,153885,1,N/A,N/A,N/A,N/A,N/A,N/A,N/A,N/A,1953267712,1930887168,38625280,N/A,135168,174923776,14,discern-network,S (sleeping),client-compromised.bnsdq.ozxfs.vcwss-bomyo.kvugl,0.4820659300101691,0
1759280898,183,1,N/A,N/A,N/A,N/A,N/A,N/A,N/A,N/A,160686080,118693888,43958272,4096,135168,30134272,1,systemd-journal,S (sleeping),client-compromised.bnsdq.ozxfs.vcwss-bomyo.kvugl,0.20762379514391494,0
1759280898,181871,1,N/A,N/A,N/A,N/A,N/A,N/A,N/A,N/A,1264619520,1264619520,17395712,N/A,135168,45826048,5,discern-proc-so,S (sleeping),client-compromised.bnsdq.ozxfs.vcwss-bomyo.kvugl,2.4456505808690525,0
1759280898,156854,1,N/A,N/A,N/A,N/A,N/A,N/A,N/A,N/A,1647706112,1580597248,21172224,N/A,135168,82202624,5,discern-interfa,S (sleeping),client-compromised.bnsdq.ozxfs.vcwss-bomyo.kvugl,0.0022849456759938473,0
1759280903,341,1,103,103,103,103,109,109,109,109,107515904,107515904,101335040,N/A,135168,99786752,1,dbus-daemon,S (sleeping),client-compromised.bnsdq.ozxfs.vcwss-bomyo.kvugl,0.26720653369030944,0
1759280903,153885,1,N/A,N/A,N/A,N/A,N/A,N/A,N/A,N/A,1953267712,1930887168,38625280,N/A,135168,174923776,14,discern-network,S (sleeping),client-compromised.bnsdq.ozxfs.vcwss-bomyo.kvugl,0.48187046467457506,0
1759280903,183,1,N/A,N/A,N/A,N/A,N/A,N/A,N/A,N/A,160686080,118693888,43958272,4096,135168,30134272,1,systemd-journal,S (sleeping),client-compromised.bnsdq.ozxfs.vcwss-bomyo.kvugl,0.20761851752879312,0
1759280903,181871,1,N/A,N/A,N/A,N/A,N/A,N/A,N/A,N/A,1264619520,1264619520,17395712,N/A,135168,45826048,5,discern-proc-so,S (sleeping),client-compromised.bnsdq.ozxfs.vcwss-bomyo.kvugl,2.4360584991422245,0
1759280903,156854,1,N/A,N/A,N/A,N/A,N/A,N/A,N/A,N/A,1647706112,1580597248,21172224,N/A,135168,82202624,5,discern-interfa,S (sleeping),client-compromised.bnsdq.ozxfs.vcwss-bomyo.kvugl,0.0022796059161609796,0
1759280908,341,1,103,103,103,103,109,109,109,109,107515904,107515904,101335040,N/A,135168,99786752,1,dbus-daemon,S (sleeping),client-compromised.bnsdq.ozxfs.vcwss-bomyo.kvugl,0.26709340852921915,0
1759280908,153885,1,N/A,N/A,N/A,N/A,N/A,N/A,N/A,N/A,1953267712,1930887168,38625280,N/A,135168,174923776,14,discern-network,S (sleeping),client-compromised.bnsdq.ozxfs.vcwss-bomyo.kvugl,0.48167006405199586,0
1759280908,183,1,N/A,N/A,N/A,N/A,N/A,N/A,N/A,N/A,160686080,118693888,43958272,4096,135168,30134272,1,systemd-journal,S (sleeping),client-compromised.bnsdq.ozxfs.vcwss-bomyo.kvugl,0.20761275300057774,0
1759280908,181871,1,N/A,N/A,N/A,N/A,N/A,N/A,N/A,N/A,1264619520,1264619520,17395712,N/A,135168,45826048,5,discern-proc-so,S (sleeping),client-compromised.bnsdq.ozxfs.vcwss-bomyo.kvugl,2.4414129840661913,0
1759280908,156854,1,N/A,N/A,N/A,N/A,N/A,N/A,N/A,N/A,1647706112,1580597248,21172224,N/A,135168,82202624,5,discern-interfa,S (sleeping),client-compromised.bnsdq.ozxfs.vcwss-bomyo.kvugl,0.0022742612049459683,0
1759280913,341,1,103,103,103,103,109,109,109,109,107515904,107515904,101335040,N/A,135168,99786752,1,dbus-daemon,S (sleeping),client-compromised.bnsdq.ozxfs.vcwss-bomyo.kvugl,0.26714467913502893,0
1759280913,153885,1,N/A,N/A,N/A,N/A,N/A,N/A,N/A,N/A,1953267712,1930887168,38625280,N/A,135168,174923776,14,discern-network,S (sleeping),client-compromised.bnsdq.ozxfs.vcwss-bomyo.kvugl,0.4818847523942371,0
1759280913,183,1,N/A,N/A,N/A,N/A,N/A,N/A,N/A,N/A,160686080,118693888,43958272,4096,135168,30134272,1,systemd-journal,S (sleeping),client-compromised.bnsdq.ozxfs.vcwss-bomyo.kvugl,0.20760707489127403,0
1759280913,181871,1,N/A,N/A,N/A,N/A,N/A,N/A,N/A,N/A,1264619520,1264619520,17395712,N/A,135168,45826048,5,discern-proc-so,S (sleeping),client-compromised.bnsdq.ozxfs.vcwss-bomyo.kvugl,2.442968205863764,0
1759280913,156854,1,N/A,N/A,N/A,N/A,N/A,N/A,N/A,N/A,1647706112,1580597248,21172224,N/A,135168,82202624,5,discern-interfa,S (sleeping),client-compromised.bnsdq.ozxfs.vcwss-bomyo.kvugl,0.0022689464159421223,0
1759280918,341,1,103,103,103,103,109,109,109,109,107515904,107515904,101335040,N/A,135168,99786752,1,dbus-daemon,S (sleeping),client-compromised.bnsdq.ozxfs.vcwss-bomyo.kvugl,0.267113518792155,0
1759280918,153885,1,N/A,N/A,N/A,N/A,N/A,N/A,N/A,N/A,1953267712,1930887168,38625280,N/A,135168,174923776,14,discern-network,S (sleeping),client-compromised.bnsdq.ozxfs.vcwss-bomyo.kvugl,0.4816831654871542,0
1759280918,183,1,N/A,N/A,N/A,N/A,N/A,N/A,N/A,N/A,160686080,118693888,43958272,4096,135168,30134272,1,systemd-journal,S (sleeping),client-compromised.bnsdq.ozxfs.vcwss-bomyo.kvugl,0.2076011470691563,0
1759280918,181871,1,N/A,N/A,N/A,N/A,N/A,N/A,N/A,N/A,1264619520,1264619520,17395712,N/A,135168,45826048,5,discern-proc-so,S (sleeping),client-compromised.bnsdq.ozxfs.vcwss-bomyo.kvugl,2.4514827163178587,0
1759280918,156854,1,N/A,N/A,N/A,N/A,N/A,N/A,N/A,N/A,1647706112,1580597248,21172224,N/A,135168,82202624,5,discern-interfa,S (sleeping),client-compromised.bnsdq.ozxfs.vcwss-bomyo.kvugl,0.0022636410067188345,0
1759280923,341,1,103,103,103,103,109,109,109,109,107515904,107515904,101335040,N/A,135168,99786752,1,dbus-daemon,S (sleeping),client-compromised.bnsdq.ozxfs.vcwss-bomyo.kvugl,0.2670827698588497,0
1759280923,153885,1,N/A,N/A,N/A,N/A,N/A,N/A,N/A,N/A,1953267712,1930887168,38625280,N/A,135168,174923776,14,discern-network,S (sleeping),client-compromised.bnsdq.ozxfs.vcwss-bomyo.kvugl,0.4818974636056583,0
1759280923,183,1,N/A,N/A,N/A,N/A,N/A,N/A,N/A,N/A,160686080,118693888,43958272,4096,135168,30134272,1,systemd-journal,S (sleeping),client-compromised.bnsdq.ozxfs.vcwss-bomyo.kvugl,0.20759552488292388,0
1759280923,181871,1,N/A,N/A,N/A,N/A,N/A,N/A,N/A,N/A,1264619520,1264619520,17395712,N/A,135168,45826048,5,discern-proc-so,S (sleeping),client-compromised.bnsdq.ozxfs.vcwss-bomyo.kvugl,2.45633174722993,0
1759280923,156854,1,N/A,N/A,N/A,N/A,N/A,N/A,N/A,N/A,1647706112,1580597248,21172224,N/A,135168,82202624,5,discern-interfa,S (sleeping),client-compromised.bnsdq.ozxfs.vcwss-bomyo.kvugl,0.0022583784529593516,0
1759280929,341,1,103,103,103,103,109,109,109,109,107515904,107515904,101335040,N/A,135168,99786752,1,dbus-daemon,S (sleeping),client-compromised.bnsdq.ozxfs.vcwss-bomyo.kvugl,0.2671334419682474,0
1759280929,153885,1,N/A,N/A,N/A,N/A,N/A,N/A,N/A,N/A,1953267712,1930887168,38625280,N/A,135168,174923776,14,discern-network,S (sleeping),client-compromised.bnsdq.ozxfs.vcwss-bomyo.kvugl,0.48169480363222433,0
1759280929,183,1,N/A,N/A,N/A,N/A,N/A,N/A,N/A,N/A,160686080,118693888,43958272,4096,135168,30134272,1,systemd-journal,S (sleeping),client-compromised.bnsdq.ozxfs.vcwss-bomyo.kvugl,0.20758944444396674,0
1759280929,181871,1,N/A,N/A,N/A,N/A,N/A,N/A,N/A,N/A,1264619520,1264619520,17395712,N/A,135168,45826048,5,discern-proc-so,S (sleeping),client-compromised.bnsdq.ozxfs.vcwss-bomyo.kvugl,2.460778650928225,0
1759280929,156854,1,N/A,N/A,N/A,N/A,N/A,N/A,N/A,N/A,1647706112,1580597248,21172224,N/A,135168,82202624,5,discern-interfa,S (sleeping),client-compromised.bnsdq.ozxfs.vcwss-bomyo.kvugl,0.0022531127410490726,0
1759280934,341,1,103,103,103,103,109,109,109,109,107515904,107515904,101335040,N/A,135168,99786752,1,dbus-daemon,S (sleeping),client-compromised.bnsdq.ozxfs.vcwss-bomyo.kvugl,0.26718499981793475,0
1759280934,153885,1,N/A,N/A,N/A,N/A,N/A,N/A,N/A,N/A,1953267712,1930887168,38625280,N/A,135168,174923776,14,discern-network,S (sleeping),client-compromised.bnsdq.ozxfs.vcwss-bomyo.kvugl,0.4815013603377059,0
1759280934,183,1,N/A,N/A,N/A,N/A,N/A,N/A,N/A,N/A,160686080,118693888,43958272,4096,135168,30134272,1,systemd-journal,S (sleeping),client-compromised.bnsdq.ozxfs.vcwss-bomyo.kvugl,0.20758408900015843,0
1759280934,181871,1,N/A,N/A,N/A,N/A,N/A,N/A,N/A,N/A,1264619520,1264619520,17395712,N/A,135168,45826048,5,discern-proc-so,S (sleeping),client-compromised.bnsdq.ozxfs.vcwss-bomyo.kvugl,2.4586494838854356,0
1759280934,156854,1,N/A,N/A,N/A,N/A,N/A,N/A,N/A,N/A,1647706112,1580597248,21172224,N/A,135168,82202624,5,discern-interfa,S (sleeping),client-compromised.bnsdq.ozxfs.vcwss-bomyo.kvugl,0.0022479142305769067,0
1759280939,341,1,103,103,103,103,109,109,109,109,107515904,107515904,101335040,N/A,135168,99786752,1,dbus-daemon,S (sleeping),client-compromised.bnsdq.ozxfs.vcwss-bomyo.kvugl,0.2671537302581528,0
1759280939,153885,1,N/A,N/A,N/A,N/A,N/A,N/A,N/A,N/A,1953267712,1930887168,38625280,N/A,135168,174923776,14,discern-network,S (sleeping),client-compromised.bnsdq.ozxfs.vcwss-bomyo.kvugl,0.4813009966922799,0
1759280939,183,1,N/A,N/A,N/A,N/A,N/A,N/A,N/A,N/A,160686080,118693888,43958272,4096,135168,30134272,1,systemd-journal,S (sleeping),client-compromised.bnsdq.ozxfs.vcwss-bomyo.kvugl,0.20749615294432003,0
1759280939,181871,1,N/A,N/A,N/A,N/A,N/A,N/A,N/A,N/A,1264619520,1264619520,17395712,N/A,135168,45826048,5,discern-proc-so,S (sleeping),client-compromised.bnsdq.ozxfs.vcwss-bomyo.kvugl,2.4629284728433722,0
1759280939,156854,1,N/A,N/A,N/A,N/A,N/A,N/A,N/A,N/A,1647706112,1580597248,21172224,N/A,135168,82202624,5,discern-interfa,S (sleeping),client-compromised.bnsdq.ozxfs.vcwss-bomyo.kvugl,0.002242700118037637,0
1759280944,341,1,103,103,103,103,109,109,109,109,107515904,107515904,101335040,N/A,135168,99786752,1,dbus-daemon,S (sleeping),client-compromised.bnsdq.ozxfs.vcwss-bomyo.kvugl,0.26712302651502545,0
1759280944,153885,1,N/A,N/A,N/A,N/A,N/A,N/A,N/A,N/A,1953267712,1930887168,38625280,N/A,135168,174923776,14,discern-network,S (sleeping),client-compromised.bnsdq.ozxfs.vcwss-bomyo.kvugl,0.48151438144956693,0
1759280944,183,1,N/A,N/A,N/A,N/A,N/A,N/A,N/A,N/A,160686080,118693888,43958272,4096,135168,30134272,1,systemd-journal,S (sleeping),client-compromised.bnsdq.ozxfs.vcwss-bomyo.kvugl,0.20757247523228822,0
1759280944,181871,1,N/A,N/A,N/A,N/A,N/A,N/A,N/A,N/A,1264619520,1264619520,17395712,N/A,135168,45826048,5,discern-proc-so,S (sleeping),client-compromised.bnsdq.ozxfs.vcwss-bomyo.kvugl,2.4639893700422677,0
1759280944,156854,1,N/A,N/A,N/A,N/A,N/A,N/A,N/A,N/A,1647706112,1580597248,21172224,N/A,135168,82202624,5,discern-interfa,S (sleeping),client-compromised.bnsdq.ozxfs.vcwss-bomyo.kvugl,0.002237534856130942,0
1759280949,341,1,103,103,103,103,109,109,109,109,107515904,107515904,101335040,N/A,135168,99786752,1,dbus-daemon,S (sleeping),client-compromised.bnsdq.ozxfs.vcwss-bomyo.kvugl,0.2672559446174862,0
1759280949,153885,1,N/A,N/A,N/A,N/A,N/A,N/A,N/A,N/A,1953267712,1930887168,38625280,N/A,135168,174923776,14,discern-network,S (sleeping),client-compromised.bnsdq.ozxfs.vcwss-bomyo.kvugl,0.4817258318842279,0
1759280949,183,1,N/A,N/A,N/A,N/A,N/A,N/A,N/A,N/A,160686080,118693888,43958272,4096,135168,30134272,1,systemd-journal,S (sleeping),client-compromised.bnsdq.ozxfs.vcwss-bomyo.kvugl,0.2075667947221057,0
1759280949,181871,1,N/A,N/A,N/A,N/A,N/A,N/A,N/A,N/A,1264619520,1264619520,17395712,N/A,135168,45826048,5,discern-proc-so,S (sleeping),client-compromised.bnsdq.ozxfs.vcwss-bomyo.kvugl,2.4681907814540134,0
1759280949,156854,1,N/A,N/A,N/A,N/A,N/A,N/A,N/A,N/A,1647706112,1580597248,21172224,N/A,135168,82202624,5,discern-interfa,S (sleeping),client-compromised.bnsdq.ozxfs.vcwss-bomyo.kvugl,0.002232387977930192,0
1759280954,341,1,103,103,103,103,109,109,109,109,107515904,107515904,101335040,N/A,135168,99786752,1,dbus-daemon,S (sleeping),client-compromised.bnsdq.ozxfs.vcwss-bomyo.kvugl,0.2672263226780435,0
1759280954,153885,1,N/A,N/A,N/A,N/A,N/A,N/A,N/A,N/A,1953267712,1930887168,38625280,N/A,135168,174923776,14,discern-network,S (sleeping),client-compromised.bnsdq.ozxfs.vcwss-bomyo.kvugl,0.48154093254125246,0
1759280954,183,1,N/A,N/A,N/A,N/A,N/A,N/A,N/A,N/A,160686080,118693888,43958272,4096,135168,30134272,1,systemd-journal,S (sleeping),client-compromised.bnsdq.ozxfs.vcwss-bomyo.kvugl,0.20748024979814958,0
1759280954,181871,1,N/A,N/A,N/A,N/A,N/A,N/A,N/A,N/A,1264619520,1264619520,17395712,N/A,135168,45826048,5,discern-proc-so,S (sleeping),client-compromised.bnsdq.ozxfs.vcwss-bomyo.kvugl,2.4505284157218385,0
1759280954,156854,1,N/A,N/A,N/A,N/A,N/A,N/A,N/A,N/A,1647706112,1580597248,21172224,N/A,135168,82202624,5,discern-interfa,S (sleeping),client-compromised.bnsdq.ozxfs.vcwss-bomyo.kvugl,0.002227319853588458,0
1759280959,341,1,103,103,103,103,109,109,109,109,107515904,107515904,101335040,N/A,135168,99786752,1,dbus-daemon,S (sleeping),client-compromised.bnsdq.ozxfs.vcwss-bomyo.kvugl,0.26719565070297796,0
1759280959,153885,1,N/A,N/A,N/A,N/A,N/A,N/A,N/A,N/A,1953267712,1930887168,38625280,N/A,135168,174923776,14,discern-network,S (sleeping),client-compromised.bnsdq.ozxfs.vcwss-bomyo.kvugl,0.4813471802060858,0
1759280960,183,1,N/A,N/A,N/A,N/A,N/A,N/A,N/A,N/A,160686080,118693888,43958272,4096,135168,30134272,1,systemd-journal,S (sleeping),client-compromised.bnsdq.ozxfs.vcwss-bomyo.kvugl,0.20747472214198345,0
1759280960,181871,1,N/A,N/A,N/A,N/A,N/A,N/A,N/A,N/A,1264619520,1264619520,17395712,N/A,135168,45826048,5,discern-proc-so,S (sleeping),client-compromised.bnsdq.ozxfs.vcwss-bomyo.kvugl,2.4486304931393357,0
1759280960,156854,1,N/A,N/A,N/A,N/A,N/A,N/A,N/A,N/A,1647706112,1580597248,21172224,N/A,135168,82202624,5,discern-interfa,S (sleeping),client-compromised.bnsdq.ozxfs.vcwss-bomyo.kvugl,0.0022222263079294874,0
1759280965,341,1,103,103,103,103,109,109,109,109,107515904,107515904,101335040,N/A,135168,99786752,1,dbus-daemon,S (sleeping),client-compromised.bnsdq.ozxfs.vcwss-bomyo.kvugl,0.26716448935789266,0
1759280965,153885,1,N/A,N/A,N/A,N/A,N/A,N/A,N/A,N/A,1953267712,1930887168,38625280,N/A,135168,174923776,14,discern-network,S (sleeping),client-compromised.bnsdq.ozxfs.vcwss-bomyo.kvugl,0.4815543120739179,0
1759280965,183,1,N/A,N/A,N/A,N/A,N/A,N/A,N/A,N/A,160686080,118693888,43958272,4096,135168,30134272,1,systemd-journal,S (sleeping),client-compromised.bnsdq.ozxfs.vcwss-bomyo.kvugl,0.2074687988688879,0
1759280965,181871,1,N/A,N/A,N/A,N/A,N/A,N/A,N/A,N/A,1264619520,1264619520,17395712,N/A,135168,45826048,5,discern-proc-so,S (sleeping),client-compromised.bnsdq.ozxfs.vcwss-bomyo.kvugl,2.4588782798474473,0
1759280965,156854,1,N/A,N/A,N/A,N/A,N/A,N/A,N/A,N/A,1647706112,1580597248,21172224,N/A,135168,82202624,5,discern-interfa,S (sleeping),client-compromised.bnsdq.ozxfs.vcwss-bomyo.kvugl,0.0022171325547893964,0
1759280970,341,1,103,103,103,103,109,109,109,109,107515904,107515904,101335040,N/A,135168,99786752,1,dbus-daemon,S (sleeping),client-compromised.bnsdq.ozxfs.vcwss-bomyo.kvugl,0.2672155848557329,0
1759280970,153885,1,N/A,N/A,N/A,N/A,N/A,N/A,N/A,N/A,1953267712,1930887168,38625280,N/A,135168,174923776,14,discern-network,S (sleeping),client-compromised.bnsdq.ozxfs.vcwss-bomyo.kvugl,0.4813613234972731,0
1759280970,183,1,N/A,N/A,N/A,N/A,N/A,N/A,N/A,N/A,160686080,118693888,43958272,4096,135168,30134272,1,systemd-journal,S (sleeping),client-compromised.bnsdq.ozxfs.vcwss-bomyo.kvugl,0.20746327873248163,0
1759280970,181871,1,N/A,N/A,N/A,N/A,N/A,N/A,N/A,N/A,1264619520,1264619520,17395712,N/A,135168,45826048,5,discern-proc-so,S (sleeping),client-compromised.bnsdq.ozxfs.vcwss-bomyo.kvugl,2.4569097651354577,0
1759280970,156854,1,N/A,N/A,N/A,N/A,N/A,N/A,N/A,N/A,1647706112,1580597248,21172224,N/A,135168,82202624,5,discern-interfa,S (sleeping),client-compromised.bnsdq.ozxfs.vcwss-bomyo.kvugl,0.002212085370050291,0
1759280975,341,1,103,103,103,103,109,109,109,109,107515904,107515904,101335040,N/A,135168,99786752,1,dbus-daemon,S (sleeping),client-compromised.bnsdq.ozxfs.vcwss-bomyo.kvugl,0.26726594899031164,0
1759280975,153885,1,N/A,N/A,N/A,N/A,N/A,N/A,N/A,N/A,1953267712,1930887168,38625280,N/A,135168,174923776,14,discern-network,S (sleeping),client-compromised.bnsdq.ozxfs.vcwss-bomyo.kvugl,0.481566004222711,0
1759280975,183,1,N/A,N/A,N/A,N/A,N/A,N/A,N/A,N/A,160686080,118693888,43958272,4096,135168,30134272,1,systemd-journal,S (sleeping),client-compromised.bnsdq.ozxfs.vcwss-bomyo.kvugl,0.20745722889610288,0
1759280975,181871,1,N/A,N/A,N/A,N/A,N/A,N/A,N/A,N/A,1264619520,1264619520,17395712,N/A,135168,45826048,5,discern-proc-so,S (sleeping),client-compromised.bnsdq.ozxfs.vcwss-bomyo.kvugl,2.4666581580218745,0
1759280975,156854,1,N/A,N/A,N/A,N/A,N/A,N/A,N/A,N/A,1647706112,1580597248,21172224,N/A,135168,82202624,5,discern-interfa,S (sleeping),client-compromised.bnsdq.ozxfs.vcwss-bomyo.kvugl,0.0022070302620461374,0
1759280980,341,1,103,103,103,103,109,109,109,109,107515904,107515904,101335040,N/A,135168,99786752,1,dbus-daemon,S (sleeping),client-compromised.bnsdq.ozxfs.vcwss-bomyo.kvugl,0.2672353114131412,0
1759280980,153885,1,N/A,N/A,N/A,N/A,N/A,N/A,N/A,N/A,1953267712,1930887168,38625280,N/A,135168,174923776,14,discern-network,S (sleeping),client-compromised.bnsdq.ozxfs.vcwss-bomyo.kvugl,0.4813738037710967,0
1759280980,183,1,N/A,N/A,N/A,N/A,N/A,N/A,N/A,N/A,160686080,118693888,43958272,4096,135168,30134272,1,systemd-journal,S (sleeping),client-compromised.bnsdq.ozxfs.vcwss-bomyo.kvugl,0.207451719241024,0
1759280980,181871,1,N/A,N/A,N/A,N/A,N/A,N/A,N/A,N/A,1264619520,1264619520,17395712,N/A,135168,45826048,5,discern-proc-so,S (sleeping),client-compromised.bnsdq.ozxfs.vcwss-bomyo.kvugl,2.467558639592763,0
1759280980,156854,1,N/A,N/A,N/A,N/A,N/A,N/A,N/A,N/A,1647706112,1580597248,21172224,N/A,135168,82202624,5,discern-interfa,S (sleeping),client-compromised.bnsdq.ozxfs.vcwss-bomyo.kvugl,0.002202028823934423,0
1759280985,341,1,103,103,103,103,109,109,109,109,107515904,107515904,101335040,N/A,135168,99786752,1,dbus-daemon,S (sleeping),client-compromised.bnsdq.ozxfs.vcwss-bomyo.kvugl,0.2672041121568679,0
1759280985,153885,1,N/A,N/A,N/A,N/A,N/A,N/A,N/A,N/A,1953267712,1930887168,38625280,N/A,135168,174923776,14,discern-network,S (sleeping),client-compromised.bnsdq.ozxfs.vcwss-bomyo.kvugl,0.481578507346695,0
1759280985,183,1,N/A,N/A,N/A,N/A,N/A,N/A,N/A,N/A,160686080,118693888,43958272,4096,135168,30134272,1,systemd-journal,S (sleeping),client-compromised.bnsdq.ozxfs.vcwss-bomyo.kvugl,0.20736415034198608,0
1759280985,181871,1,N/A,N/A,N/A,N/A,N/A,N/A,N/A,N/A,1264619520,1264619520,17395712,N/A,135168,45826048,5,discern-proc-so,S (sleeping),client-compromised.bnsdq.ozxfs.vcwss-bomyo.kvugl,2.474007280140885,0
1759280985,156854,1,N/A,N/A,N/A,N/A,N/A,N/A,N/A,N/A,1647706112,1580597248,21172224,N/A,135168,82202624,5,discern-interfa,S (sleeping),client-compromised.bnsdq.ozxfs.vcwss-bomyo.kvugl,0.00219702394399891,0
1759280990,341,1,103,103,103,103,109,109,109,109,107515904,107515904,101335040,N/A,135168,99786752,1,dbus-daemon,S (sleeping),client-compromised.bnsdq.ozxfs.vcwss-bomyo.kvugl,0.2671734665376402,0
1759280990,153885,1,N/A,N/A,N/A,N/A,N/A,N/A,N/A,N/A,1953267712,1930887168,38625280,N/A,135168,174923776,14,discern-network,S (sleeping),client-compromised.bnsdq.ozxfs.vcwss-bomyo.kvugl,0.48178703372671844,0
1759280990,183,1,N/A,N/A,N/A,N/A,N/A,N/A,N/A,N/A,160686080,118693888,43958272,4096,135168,30134272,1,systemd-journal,S (sleeping),client-compromised.bnsdq.ozxfs.vcwss-bomyo.kvugl,0.20744021093227114,0
1759280990,181871,1,N/A,N/A,N/A,N/A,N/A,N/A,N/A,N/A,1264619520,1264619520,17395712,N/A,135168,45826048,5,discern-proc-so,S (sleeping),client-compromised.bnsdq.ozxfs.vcwss-bomyo.kvugl,2.4747542034487156,0
1759280990,156854,1,N/A,N/A,N/A,N/A,N/A,N/A,N/A,N/A,1647706112,1580597248,21172224,N/A,135168,82202624,5,discern-interfa,S (sleeping),client-compromised.bnsdq.ozxfs.vcwss-bomyo.kvugl,0.0021920650102303773,0
1759280996,341,1,103,103,103,103,109,109,109,109,107515904,107515904,101335040,N/A,135168,99786752,1,dbus-daemon,S (sleeping),client-compromised.bnsdq.ozxfs.vcwss-bomyo.kvugl,0.26730591380571067,0
1759280996,153885,1,N/A,N/A,N/A,N/A,N/A,N/A,N/A,N/A,1953267712,1930887168,38625280,N/A,135168,174923776,14,discern-network,S (sleeping),client-compromised.bnsdq.ozxfs.vcwss-bomyo.kvugl,0.4815948243441792,0
1759280996,183,1,N/A,N/A,N/A,N/A,N/A,N/A,N/A,N/A,160686080,118693888,43958272,4096,135168,30134272,1,systemd-journal,S (sleeping),client-compromised.bnsdq.ozxfs.vcwss-bomyo.kvugl,0.20743464849818455,0
1759280996,181871,1,N/A,N/A,N/A,N/A,N/A,N/A,N/A,N/A,1264619520,1264619520,17395712,N/A,135168,45826048,5,discern-proc-so,S (sleeping),client-compromised.bnsdq.ozxfs.vcwss-bomyo.kvugl,2.472671620595845,0
1759280996,156854,1,N/A,N/A,N/A,N/A,N/A,N/A,N/A,N/A,1647706112,1580597248,21172224,N/A,135168,82202624,5,discern-interfa,S (sleeping),client-compromised.bnsdq.ozxfs.vcwss-bomyo.kvugl,0.0021871272921153546,0
1759281001,341,1,103,103,103,103,109,109,109,109,107515904,107515904,101335040,N/A,135168,99786752,1,dbus-daemon,S (sleeping),client-compromised.bnsdq.ozxfs.vcwss-bomyo.kvugl,0.2672752935574307,0
1759281001,153885,1,N/A,N/A,N/A,N/A,N/A,N/A,N/A,N/A,1953267712,1930887168,38625280,N/A,135168,174923776,14,discern-network,S (sleeping),client-compromised.bnsdq.ozxfs.vcwss-bomyo.kvugl,0.4818028393164748,0
1759281001,183,1,N/A,N/A,N/A,N/A,N/A,N/A,N/A,N/A,160686080,118693888,43958272,4096,135168,30134272,1,systemd-journal,S (sleeping),client-compromised.bnsdq.ozxfs.vcwss-bomyo.kvugl,0.20742914624566103,0
1759281001,181871,1,N/A,N/A,N/A,N/A,N/A,N/A,N/A,N/A,1264619520,1264619520,17395712,N/A,135168,45826048,5,discern-proc-so,S (sleeping),client-compromised.bnsdq.ozxfs.vcwss-bomyo.kvugl,2.473431015863605,0
1759281001,156854,1,N/A,N/A,N/A,N/A,N/A,N/A,N/A,N/A,1647706112,1580597248,21172224,N/A,135168,82202624,5,discern-interfa,S (sleeping),client-compromised.bnsdq.ozxfs.vcwss-bomyo.kvugl,0.002182215001748452,0
1759281006,341,1,103,103,103,103,109,109,109,109,107515904,107515904,101335040,N/A,135168,99786752,1,dbus-daemon,S (sleeping),client-compromised.bnsdq.ozxfs.vcwss-bomyo.kvugl,0.26732613988787995,0
1759281006,153885,1,N/A,N/A,N/A,N/A,N/A,N/A,N/A,N/A,1953267712,1930887168,38625280,N/A,135168,174923776,14,discern-network,S (sleeping),client-compromised.bnsdq.ozxfs.vcwss-bomyo.kvugl,0.48161165208806794,0
1759281006,183,1,N/A,N/A,N/A,N/A,N/A,N/A,N/A,N/A,160686080,118693888,43958272,4096,135168,30134272,1,systemd-journal,S (sleeping),client-compromised.bnsdq.ozxfs.vcwss-bomyo.kvugl,0.20742361823176533,0
1759281006,181871,1,N/A,N/A,N/A,N/A,N/A,N/A,N/A,N/A,1264619520,1264619520,17395712,N/A,135168,45826048,5,discern-proc-so,S (sleeping),client-compromised.bnsdq.ozxfs.vcwss-bomyo.kvugl,2.474156889640596,0
1759281006,156854,1,N/A,N/A,N/A,N/A,N/A,N/A,N/A,N/A,1647706112,1580597248,21172224,N/A,135168,82202624,5,discern-interfa,S (sleeping),client-compromised.bnsdq.ozxfs.vcwss-bomyo.kvugl,0.002177322940821093,0
1759281011,341,1,103,103,103,103,109,109,109,109,107515904,107515904,101335040,N/A,135168,99786752,1,dbus-daemon,S (sleeping),client-compromised.bnsdq.ozxfs.vcwss-bomyo.kvugl,0.2673765001891158,0
1759281011,153885,1,N/A,N/A,N/A,N/A,N/A,N/A,N/A,N/A,1953267712,1930887168,38625280,N/A,135168,174923776,14,discern-network,S (sleeping),client-compromised.bnsdq.ozxfs.vcwss-bomyo.kvugl,0.4818145614970117,0
1759281011,183,1,N/A,N/A,N/A,N/A,N/A,N/A,N/A,N/A,160686080,118693888,43958272,4096,135168,30134272,1,systemd-journal,S (sleeping),client-compromised.bnsdq.ozxfs.vcwss-bomyo.kvugl,0.20741775087555095,0
1759281011,181871,1,N/A,N/A,N/A,N/A,N/A,N/A,N/A,N/A,1264619520,1264619520,17395712,N/A,135168,45826048,5,discern-proc-so,S (sleeping),client-compromised.bnsdq.ozxfs.vcwss-bomyo.kvugl,2.4774115086926103,0
1759281011,156854,1,N/A,N/A,N/A,N/A,N/A,N/A,N/A,N/A,1647706112,1580597248,21172224,N/A,135168,82202624,5,discern-interfa,S (sleeping),client-compromised.bnsdq.ozxfs.vcwss-bomyo.kvugl,0.002172433538154904,0
1759281016,341,1,103,103,103,103,109,109,109,109,107659264,107659264,101335040,N/A,135168,99930112,1,dbus-daemon,S (sleeping),client-compromised.bnsdq.ozxfs.vcwss-bomyo.kvugl,0.26734593961052217,0
1759281016,153885,1,N/A,N/A,N/A,N/A,N/A,N/A,N/A,N/A,1953267712,1930887168,38625280,N/A,135168,174923776,14,discern-network,S (sleeping),client-compromised.bnsdq.ozxfs.vcwss-bomyo.kvugl,0.4816248944176974,0
1759281016,183,1,N/A,N/A,N/A,N/A,N/A,N/A,N/A,N/A,160686080,118693888,43958272,4096,135168,30134272,1,systemd-journal,S (sleeping),client-compromised.bnsdq.ozxfs.vcwss-bomyo.kvugl,0.20733089774047783,0
1759281016,181871,1,N/A,N/A,N/A,N/A,N/A,N/A,N/A,N/A,1264619520,1264619520,17395712,N/A,135168,45826048,5,discern-proc-so,S (sleeping),client-compromised.bnsdq.ozxfs.vcwss-bomyo.kvugl,2.478089524132218,0
1759281016,156854,1,N/A,N/A,N/A,N/A,N/A,N/A,N/A,N/A,1647706112,1580597248,21172224,N/A,135168,82202624,5,discern-interfa,S (sleeping),client-compromised.bnsdq.ozxfs.vcwss-bomyo.kvugl,0.002167588919252086,0
1759281021,341,1,103,103,103,103,109,109,109,109,107794432,107794432,101335040,N/A,135168,100065280,1,dbus-daemon,S (sleeping),client-compromised.bnsdq.ozxfs.vcwss-bomyo.kvugl,0.26731489003133324,0
1759281021,153885,1,N/A,N/A,N/A,N/A,N/A,N/A,N/A,N/A,1953267712,1930887168,38625280,N/A,135168,174923776,14,discern-network,S (sleeping),client-compromised.bnsdq.ozxfs.vcwss-bomyo.kvugl,0.4818270820253066,0
1759281021,183,1,N/A,N/A,N/A,N/A,N/A,N/A,N/A,N/A,160686080,118693888,43958272,4096,135168,30134272,1,systemd-journal,S (sleeping),client-compromised.bnsdq.ozxfs.vcwss-bomyo.kvugl,0.2074064538590279,0
1759281021,181871,1,N/A,N/A,N/A,N/A,N/A,N/A,N/A,N/A,1264619520,1264619520,17395712,N/A,135168,45826048,5,discern-proc-so,S (sleeping),client-compromised.bnsdq.ozxfs.vcwss-bomyo.kvugl,2.483819719469301,0
1759281021,156854,1,N/A,N/A,N/A,N/A,N/A,N/A,N/A,N/A,1647706112,1580597248,21172224,N/A,135168,82202624,5,discern-interfa,S (sleeping),client-compromised.bnsdq.ozxfs.vcwss-bomyo.kvugl,0.0021627437620689643,0
1759281027,341,1,103,103,103,103,109,109,109,109,107929600,107929600,101556224,N/A,135168,100200448,1,dbus-daemon,S (sleeping),client-compromised.bnsdq.ozxfs.vcwss-bomyo.kvugl,0.2672843382097187,0
1759281027,153885,1,N/A,N/A,N/A,N/A,N/A,N/A,N/A,N/A,1953267712,1930887168,38625280,N/A,135168,174923776,14,discern-network,S (sleeping),client-compromised.bnsdq.ozxfs.vcwss-bomyo.kvugl,0.48163778807159685,0
1759281027,183,1,N/A,N/A,N/A,N/A,N/A,N/A,N/A,N/A,160686080,118693888,43958272,4096,135168,30134272,1,systemd-journal,S (sleeping),client-compromised.bnsdq.ozxfs.vcwss-bomyo.kvugl,0.20731964516061108,0
1759281027,181871,1,N/A,N/A,N/A,N/A,N/A,N/A,N/A,N/A,1264619520,1264619520,17395712,N/A,135168,45826048,5,discern-proc-so,S (sleeping),client-compromised.bnsdq.ozxfs.vcwss-bomyo.kvugl,2.4843822056287648,0
1759281027,156854,1,N/A,N/A,N/A,N/A,N/A,N/A,N/A,N/A,1647706112,1580597248,21172224,N/A,135168,82202624,5,discern-interfa,S (sleeping),client-compromised.bnsdq.ozxfs.vcwss-bomyo.kvugl,0.002157940414150231,0
1759281032,341,1,103,103,103,103,109,109,109,109,108064768,108064768,101826560,N/A,135168,100335616,1,dbus-daemon,S (sleeping),client-compromised.bnsdq.ozxfs.vcwss-bomyo.kvugl,0.2673346842433628,0
1759281032,153885,1,N/A,N/A,N/A,N/A,N/A,N/A,N/A,N/A,1953267712,1930887168,38625280,N/A,135168,174923776,14,discern-network,S (sleeping),client-compromised.bnsdq.ozxfs.vcwss-bomyo.kvugl,0.48183945593775535,0
1759281032,183,1,N/A,N/A,N/A,N/A,N/A,N/A,N/A,N/A,160686080,118693888,43958272,4096,135168,30134272,1,systemd-journal,S (sleeping),client-compromised.bnsdq.ozxfs.vcwss-bomyo.kvugl,0.20731387226841025,0
1759281032,181871,1,N/A,N/A,N/A,N/A,N/A,N/A,N/A,N/A,1264619520,1264619520,17395712,N/A,135168,45826048,5,discern-proc-so,S (sleeping),client-compromised.bnsdq.ozxfs.vcwss-bomyo.kvugl,2.489890353609381,0
1759281032,156854,1,N/A,N/A,N/A,N/A,N/A,N/A,N/A,N/A,1647706112,1580597248,21172224,N/A,135168,82202624,5,discern-interfa,S (sleeping),client-compromised.bnsdq.ozxfs.vcwss-bomyo.kvugl,0.0021531398326995596,0
1759281037,341,1,103,103,103,103,109,109,109,109,108199936,108199936,101826560,N/A,135168,100470784,1,dbus-daemon,S (sleeping),client-compromised.bnsdq.ozxfs.vcwss-bomyo.kvugl,0.2673042049043769,0
1759281037,153885,1,N/A,N/A,N/A,N/A,N/A,N/A,N/A,N/A,1953267712,1930887168,38625280,N/A,135168,174923776,14,discern-network,S (sleeping),client-compromised.bnsdq.ozxfs.vcwss-bomyo.kvugl,0.48165138081653486,0
1759281037,183,1,N/A,N/A,N/A,N/A,N/A,N/A,N/A,N/A,160686080,118693888,43958272,4096,135168,30134272,1,systemd-journal,S (sleeping),client-compromised.bnsdq.ozxfs.vcwss-bomyo.kvugl,0.20730848273097557,0
1759281037,181871,1,N/A,N/A,N/A,N/A,N/A,N/A,N/A,N/A,1264619520,1264619520,17395712,N/A,135168,45826048,5,discern-proc-so,S (sleeping),client-compromised.bnsdq.ozxfs.vcwss-bomyo.kvugl,2.487864709474093,0
1759281037,156854,1,N/A,N/A,N/A,N/A,N/A,N/A,N/A,N/A,1647706112,1580597248,21172224,N/A,135168,82202624,5,discern-interfa,S (sleeping),client-compromised.bnsdq.ozxfs.vcwss-bomyo.kvugl,0.0021483812475265227,0
1759281042,341,1,103,103,103,103,109,109,109,109,108605440,108605440,102096896,N/A,135168,100876288,1,dbus-daemon,S (sleeping),client-compromised.bnsdq.ozxfs.vcwss-bomyo.kvugl,0.2674365476686044,0
1759281042,153885,1,N/A,N/A,N/A,N/A,N/A,N/A,N/A,N/A,1953267712,1930887168,38625280,N/A,135168,174923776,14,discern-network,S (sleeping),client-compromised.bnsdq.ozxfs.vcwss-bomyo.kvugl,0.48185925112284866,0
1759281042,183,1,N/A,N/A,N/A,N/A,N/A,N/A,N/A,N/A,160686080,118693888,43958272,4096,135168,30134272,1,systemd-journal,S (sleeping),client-compromised.bnsdq.ozxfs.vcwss-bomyo.kvugl,0.20730334705944095,0
1759281042,181871,1,N/A,N/A,N/A,N/A,N/A,N/A,N/A,N/A,1264619520,1264619520,17395712,N/A,135168,45826048,5,discern-proc-so,S (sleeping),client-compromised.bnsdq.ozxfs.vcwss-bomyo.kvugl,2.483503989668404,0
1759281042,156854,1,N/A,N/A,N/A,N/A,N/A,N/A,N/A,N/A,1647706112,1580597248,21172224,N/A,135168,82202624,5,discern-interfa,S (sleeping),client-compromised.bnsdq.ozxfs.vcwss-bomyo.kvugl,0.0021436573614288476,0
1759281047,341,1,103,103,103,103,109,109,109,109,108740608,108740608,102367232,N/A,135168,101011456,1,dbus-daemon,S (sleeping),client-compromised.bnsdq.ozxfs.vcwss-bomyo.kvugl,0.2674060373000654,0
1759281047,153885,1,N/A,N/A,N/A,N/A,N/A,N/A,N/A,N/A,1953267712,1930887168,38625280,N/A,135168,174923776,14,discern-network,S (sleeping),client-compromised.bnsdq.ozxfs.vcwss-bomyo.kvugl,0.4816717738008088,0
1759281047,183,1,N/A,N/A,N/A,N/A,N/A,N/A,N/A,N/A,160686080,118693888,43958272,4096,135168,30134272,1,systemd-journal,S (sleeping),client-compromised.bnsdq.ozxfs.vcwss-bomyo.kvugl,0.20729795564427783,0
1759281047,181871,1,N/A,N/A,N/A,N/A,N/A,N/A,N/A,N/A,1264619520,1264619520,17395712,N/A,135168,45826048,5,discern-proc-so,S (sleeping),client-compromised.bnsdq.ozxfs.vcwss-bomyo.kvugl,2.484053099586186,0
1759281047,156854,1,N/A,N/A,N/A,N/A,N/A,N/A,N/A,N/A,1647706112,1580597248,21172224,N/A,135168,82202624,5,discern-interfa,S (sleeping),client-compromised.bnsdq.ozxfs.vcwss-bomyo.kvugl,0.002138939973182869,0
1759281052,341,1,103,103,103,103,109,109,109,109,108875776,108875776,102637568,N/A,135168,101146624,1,dbus-daemon,S (sleeping),client-compromised.bnsdq.ozxfs.vcwss-bomyo.kvugl,0.2674566345127165,0
1759281052,153885,1,N/A,N/A,N/A,N/A,N/A,N/A,N/A,N/A,1953267712,1930887168,38625280,N/A,135168,174923776,14,discern-network,S (sleeping),client-compromised.bnsdq.ozxfs.vcwss-bomyo.kvugl,0.4814842863384751,0
1759281052,183,1,N/A,N/A,N/A,N/A,N/A,N/A,N/A,N/A,160686080,118693888,43958272,4096,135168,30134272,1,systemd-journal,S (sleeping),client-compromised.bnsdq.ozxfs.vcwss-bomyo.kvugl,0.20721133716211615,0
1759281052,181871,1,N/A,N/A,N/A,N/A,N/A,N/A,N/A,N/A,1264619520,1264619520,17395712,N/A,135168,45826048,5,discern-proc-so,S (sleeping),client-compromised.bnsdq.ozxfs.vcwss-bomyo.kvugl,2.4821480544048664,0
1759281052,156854,1,N/A,N/A,N/A,N/A,N/A,N/A,N/A,N/A,1647706112,1580597248,21172224,N/A,135168,82202624,5,discern-interfa,S (sleeping),client-compromised.bnsdq.ozxfs.vcwss-bomyo.kvugl,0.0021342397259633064,0
1759281057,341,1,103,103,103,103,109,109,109,109,108875776,108875776,102637568,N/A,135168,101146624,1,dbus-daemon,S (sleeping),client-compromised.bnsdq.ozxfs.vcwss-bomyo.kvugl,0.26734500908372183,0
1759281057,153885,1,N/A,N/A,N/A,N/A,N/A,N/A,N/A,N/A,1953267712,1930887168,38625280,N/A,135168,174923776,14,discern-network,S (sleeping),client-compromised.bnsdq.ozxfs.vcwss-bomyo.kvugl,0.48129835300590706,0
1759281057,183,1,N/A,N/A,N/A,N/A,N/A,N/A,N/A,N/A,160686080,118693888,43958272,4096,135168,30134272,1,systemd-journal,S (sleeping),client-compromised.bnsdq.ozxfs.vcwss-bomyo.kvugl,0.20720599218718844,0
1759281057,181871,1,N/A,N/A,N/A,N/A,N/A,N/A,N/A,N/A,1264619520,1264619520,17395712,N/A,135168,45826048,5,discern-proc-so,S (sleeping),client-compromised.bnsdq.ozxfs.vcwss-bomyo.kvugl,2.482701820571422,0
1759281057,156854,1,N/A,N/A,N/A,N/A,N/A,N/A,N/A,N/A,1647706112,1580597248,21172224,N/A,135168,82202624,5,discern-interfa,S (sleeping),client-compromised.bnsdq.ozxfs.vcwss-bomyo.kvugl,0.0021295638628381687,0
1759281063,341,1,103,103,103,103,109,109,109,109,109010944,109010944,102637568,N/A,135168,101281792,1,dbus-daemon,S (sleeping),client-compromised.bnsdq.ozxfs.vcwss-bomyo.kvugl,0.2672330013672088,0
1759281063,153885,1,N/A,N/A,N/A,N/A,N/A,N/A,N/A,N/A,1953267712,1930887168,38625280,N/A,135168,174923776,14,discern-network,S (sleeping),client-compromised.bnsdq.ozxfs.vcwss-bomyo.kvugl,0.48110905986309727,0
1759281063,183,1,N/A,N/A,N/A,N/A,N/A,N/A,N/A,N/A,160686080,118693888,43958272,4096,135168,30134272,1,systemd-journal,S (sleeping),client-compromised.bnsdq.ozxfs.vcwss-bomyo.kvugl,0.20711918723848194,0
1759281063,181871,1,N/A,N/A,N/A,N/A,N/A,N/A,N/A,N/A,1264619520,1264619520,17395712,N/A,135168,45826048,5,discern-proc-so,S (sleeping),client-compromised.bnsdq.ozxfs.vcwss-bomyo.kvugl,2.487829984028632,0
1759281063,156854,1,N/A,N/A,N/A,N/A,N/A,N/A,N/A,N/A,1647706112,1580597248,21172224,N/A,135168,82202624,5,discern-interfa,S (sleeping),client-compromised.bnsdq.ozxfs.vcwss-bomyo.kvugl,0.0021248886712240903,0
1759281073,341,1,103,103,103,103,109,109,109,109,109010944,109010944,102637568,N/A,135168,101281792,1,dbus-daemon,S (sleeping),client-compromised.bnsdq.ozxfs.vcwss-bomyo.kvugl,0.26774107516756673,0
1759281073,187388,1,N/A,N/A,N/A,N/A,N/A,N/A,N/A,N/A,1954066432,1928921088,29093888,N/A,135168,160374784,14,discern-network,S (sleeping),client-compromised.bnsdq.ozxfs.vcwss-bomyo.kvugl,0.7008170859811067,0
1759281073,183,1,N/A,N/A,N/A,N/A,N/A,N/A,N/A,N/A,160686080,118693888,43958272,4096,135168,30134272,1,systemd-journal,S (sleeping),client-compromised.bnsdq.ozxfs.vcwss-bomyo.kvugl,0.2071097837164478,0
1759281073,187408,1,N/A,N/A,N/A,N/A,N/A,N/A,N/A,N/A,1647706112,1580597248,24182784,N/A,135168,82202624,5,discern-interfa,S (sleeping),client-compromised.bnsdq.ozxfs.vcwss-bomyo.kvugl,0.6095782412148916,0
1759281073,187373,1,N/A,N/A,N/A,N/A,N/A,N/A,N/A,N/A,1264619520,1264619520,16863232,N/A,135168,45826048,4,discern-proc-so,S (sleeping),client-compromised.bnsdq.ozxfs.vcwss-bomyo.kvugl,2.803050696020438,0
1759281080,341,1,103,103,103,103,109,109,109,109,109010944,109010944,102637568,N/A,135168,101281792,1,dbus-daemon,S (sleeping),client-compromised.bnsdq.ozxfs.vcwss-bomyo.kvugl,0.2678227690654709,0
1759281080,183,1,N/A,N/A,N/A,N/A,N/A,N/A,N/A,N/A,160686080,118693888,43958272,4096,135168,30134272,1,systemd-journal,S (sleeping),client-compromised.bnsdq.ozxfs.vcwss-bomyo.kvugl,0.20722798897024156,0
1759281080,187576,1,N/A,N/A,N/A,N/A,N/A,N/A,N/A,N/A,1954066432,1920528384,27385856,N/A,135168,151986176,13,discern-network,S (sleeping),client-compromised.bnsdq.ozxfs.vcwss-bomyo.kvugl,0.5820278567821421,0
1759281080,187566,1,N/A,N/A,N/A,N/A,N/A,N/A,N/A,N/A,1505095680,1505095680,22315008,N/A,135168,73678848,4,discern-interfa,S (sleeping),client-compromised.bnsdq.ozxfs.vcwss-bomyo.kvugl,0.0,0
1759281080,187577,1,N/A,N/A,N/A,N/A,N/A,N/A,N/A,N/A,1264619520,1264619520,16777216,N/A,135168,45826048,4,discern-proc-so,S (sleeping),client-compromised.bnsdq.ozxfs.vcwss-bomyo.kvugl,4.655500404331665,0
1759281090,341,1,103,103,103,103,109,109,109,109,109010944,109010944,102637568,N/A,135168,101281792,1,dbus-daemon,S (sleeping),client-compromised.bnsdq.ozxfs.vcwss-bomyo.kvugl,0.26776242557727364,0
1759281090,183,1,N/A,N/A,N/A,N/A,N/A,N/A,N/A,N/A,160686080,118693888,43958272,4096,135168,30134272,1,systemd-journal,S (sleeping),client-compromised.bnsdq.ozxfs.vcwss-bomyo.kvugl,0.20721791483735233,0
1759281090,187754,1,N/A,N/A,N/A,N/A,N/A,N/A,N/A,N/A,1920528384,1920528384,27316224,N/A,135168,151986176,13,discern-network,S (sleeping),client-compromised.bnsdq.ozxfs.vcwss-bomyo.kvugl,0.0,0
1759281090,187730,1,N/A,N/A,N/A,N/A,N/A,N/A,N/A,N/A,1572204544,1505095680,26468352,N/A,135168,73678848,4,discern-interfa,S (sleeping),client-compromised.bnsdq.ozxfs.vcwss-bomyo.kvugl,0.0,0
1759281090,187749,1,N/A,N/A,N/A,N/A,N/A,N/A,N/A,N/A,1264619520,1264619520,16334848,N/A,135168,45826048,4,discern-proc-so,S (sleeping),client-compromised.bnsdq.ozxfs.vcwss-bomyo.kvugl,9.274448296123968,0
1759281101,341,1,103,103,103,103,109,109,109,109,109010944,109010944,102637568,N/A,135168,101281792,1,dbus-daemon,S (sleeping),client-compromised.bnsdq.ozxfs.vcwss-bomyo.kvugl,0.267700421013255,0
1759281101,183,1,N/A,N/A,N/A,N/A,N/A,N/A,N/A,N/A,160686080,118693888,43958272,4096,135168,30134272,1,systemd-journal,S (sleeping),client-compromised.bnsdq.ozxfs.vcwss-bomyo.kvugl,0.20720649407804057,0
1759281101,187910,1,N/A,N/A,N/A,N/A,N/A,N/A,N/A,N/A,1912397824,1912397824,27185152,N/A,135168,143859712,12,discern-network,S (sleeping),client-compromised.bnsdq.ozxfs.vcwss-bomyo.kvugl,0.0,0
1759281101,187914,1,N/A,N/A,N/A,N/A,N/A,N/A,N/A,N/A,1505095680,1505095680,24276992,N/A,135168,73678848,4,discern-interfa,S (sleeping),client-compromised.bnsdq.ozxfs.vcwss-bomyo.kvugl,0.7670148909413779,0
1759281101,187906,1,N/A,N/A,N/A,N/A,N/A,N/A,N/A,N/A,1264357376,1264357376,16949248,N/A,135168,45563904,4,discern-proc-so,R (running),client-compromised.bnsdq.ozxfs.vcwss-bomyo.kvugl,6.902573656339605,0
1759281111,341,1,103,103,103,103,109,109,109,109,109010944,109010944,102637568,N/A,135168,101281792,1,dbus-daemon,S (sleeping),client-compromised.bnsdq.ozxfs.vcwss-bomyo.kvugl,0.26772331173483754,0
1759281111,183,1,N/A,N/A,N/A,N/A,N/A,N/A,N/A,N/A,160686080,118693888,43958272,4096,135168,30134272,1,systemd-journal,S (sleeping),client-compromised.bnsdq.ozxfs.vcwss-bomyo.kvugl,0.2072789738031424,0
1759281111,188083,1,N/A,N/A,N/A,N/A,N/A,N/A,N/A,N/A,1928921088,1928921088,27332608,N/A,135168,160374784,14,discern-network,S (sleeping),client-compromised.bnsdq.ozxfs.vcwss-bomyo.kvugl,0.6889036032881143,0
1759281111,188079,1,N/A,N/A,N/A,N/A,N/A,N/A,N/A,N/A,1264357376,1264357376,16564224,N/A,135168,45563904,4,discern-proc-so,R (running),client-compromised.bnsdq.ozxfs.vcwss-bomyo.kvugl,5.510858896366782,0
1759281111,188065,1,N/A,N/A,N/A,N/A,N/A,N/A,N/A,N/A,1262841856,1262841856,10539008,N/A,135168,40185856,4,discern-cpu-sor,S (sleeping),client-compromised.bnsdq.ozxfs.vcwss-bomyo.kvugl,0.0,0
1759281121,341,1,103,103,103,103,109,109,109,109,109010944,109010944,102637568,N/A,135168,101281792,1,dbus-daemon,S (sleeping),client-compromised.bnsdq.ozxfs.vcwss-bomyo.kvugl,0.2677441293879374,0
1759281121,183,1,N/A,N/A,N/A,N/A,N/A,N/A,N/A,N/A,160686080,118693888,43958272,4096,135168,30134272,1,systemd-journal,S (sleeping),client-compromised.bnsdq.ozxfs.vcwss-bomyo.kvugl,0.20726904546311292,0
1759281121,188237,1,N/A,N/A,N/A,N/A,N/A,N/A,N/A,N/A,1954066432,1912397824,25112576,N/A,135168,143859712,12,discern-network,S (sleeping),client-compromised.bnsdq.ozxfs.vcwss-bomyo.kvugl,0.5903641172590042,0
1759281121,188244,1,N/A,N/A,N/A,N/A,N/A,N/A,N/A,N/A,1647706112,1580597248,24281088,N/A,135168,82202624,5,discern-interfa,S (sleeping),client-compromised.bnsdq.ozxfs.vcwss-bomyo.kvugl,0.0,0
1759281121,188264,1,N/A,N/A,N/A,N/A,N/A,N/A,N/A,N/A,1264357376,1264357376,16510976,N/A,135168,45563904,4,discern-proc-so,R (running),client-compromised.bnsdq.ozxfs.vcwss-bomyo.kvugl,4.722393011172855,0
1759281131,341,1,103,103,103,103,109,109,109,109,109010944,109010944,102637568,N/A,135168,101281792,1,dbus-daemon,S (sleeping),client-compromised.bnsdq.ozxfs.vcwss-bomyo.kvugl,0.2677643941858964,0
1759281131,188426,1,N/A,N/A,N/A,N/A,N/A,N/A,N/A,N/A,1954066432,1920528384,29175808,N/A,135168,151986176,13,discern-network,S (sleeping),client-compromised.bnsdq.ozxfs.vcwss-bomyo.kvugl,1.0416104489977147,0
1759281131,183,1,N/A,N/A,N/A,N/A,N/A,N/A,N/A,N/A,160686080,118693888,43958272,4096,135168,30134272,1,systemd-journal,S (sleeping),client-compromised.bnsdq.ozxfs.vcwss-bomyo.kvugl,0.20717808516415373,0
1759281131,188432,1,N/A,N/A,N/A,N/A,N/A,N/A,N/A,N/A,1264619520,1264619520,14266368,N/A,135168,45826048,4,discern-proc-so,S (sleeping),client-compromised.bnsdq.ozxfs.vcwss-bomyo.kvugl,9.372580458591509,0
1759281131,188425,1,N/A,N/A,N/A,N/A,N/A,N/A,N/A,N/A,1262841856,1262841856,10534912,N/A,135168,40185856,3,discern-cpu-sor,S (sleeping),client-compromised.bnsdq.ozxfs.vcwss-bomyo.kvugl,0.0,0
1759281142,341,1,103,103,103,103,109,109,109,109,109010944,109010944,102637568,N/A,135168,101281792,1,dbus-daemon,S (sleeping),client-compromised.bnsdq.ozxfs.vcwss-bomyo.kvugl,0.2679473093118783,0
1759281142,188661,1,N/A,N/A,N/A,N/A,N/A,N/A,N/A,N/A,1920528384,1920528384,31178752,N/A,135168,151986176,13,discern-network,S (sleeping),client-compromised.bnsdq.ozxfs.vcwss-bomyo.kvugl,0.8648697305752193,0
1759281142,183,1,N/A,N/A,N/A,N/A,N/A,N/A,N/A,N/A,160686080,118693888,43958272,4096,135168,30134272,1,systemd-journal,S (sleeping),client-compromised.bnsdq.ozxfs.vcwss-bomyo.kvugl,0.20733018424519772,0
1759281142,188650,1,N/A,N/A,N/A,N/A,N/A,N/A,N/A,N/A,1647706112,1580597248,24199168,N/A,135168,82202624,5,discern-interfa,S (sleeping),client-compromised.bnsdq.ozxfs.vcwss-bomyo.kvugl,0.0,0
1759281142,188664,1,N/A,N/A,N/A,N/A,N/A,N/A,N/A,N/A,1264619520,1264619520,16498688,N/A,135168,45826048,4,discern-proc-so,R (running),client-compromised.bnsdq.ozxfs.vcwss-bomyo.kvugl,7.7819534817855445,0
1759281152,341,1,103,103,103,103,109,109,109,109,109010944,109010944,102637568,N/A,135168,101281792,1,dbus-daemon,S (sleeping),client-compromised.bnsdq.ozxfs.vcwss-bomyo.kvugl,0.2679657782396252,0
1759281152,188827,1,N/A,N/A,N/A,N/A,N/A,N/A,N/A,N/A,1912135680,1912135680,34955264,N/A,135168,143597568,12,discern-network,S (sleeping),client-compromised.bnsdq.ozxfs.vcwss-bomyo.kvugl,0.0,0
1759281152,183,1,N/A,N/A,N/A,N/A,N/A,N/A,N/A,N/A,160686080,118693888,43958272,4096,135168,30134272,1,systemd-journal,S (sleeping),client-compromised.bnsdq.ozxfs.vcwss-bomyo.kvugl,0.2073186011814777,0
1759281152,188805,1,N/A,N/A,N/A,N/A,N/A,N/A,N/A,N/A,1647706112,1580597248,26312704,N/A,135168,82202624,5,discern-interfa,S (sleeping),client-compromised.bnsdq.ozxfs.vcwss-bomyo.kvugl,0.0,0
1759281152,188826,1,N/A,N/A,N/A,N/A,N/A,N/A,N/A,N/A,1264619520,1264619520,16470016,N/A,135168,45826048,4,discern-proc-so,S (sleeping),client-compromised.bnsdq.ozxfs.vcwss-bomyo.kvugl,6.011957382436507,0
1759281162,341,1,103,103,103,103,109,109,109,109,109010944,109010944,102637568,N/A,135168,101281792,1,dbus-daemon,S (sleeping),client-compromised.bnsdq.ozxfs.vcwss-bomyo.kvugl,0.26798711969296674,0
1759281162,183,1,N/A,N/A,N/A,N/A,N/A,N/A,N/A,N/A,160686080,118693888,43958272,4096,135168,30134272,1,systemd-journal,S (sleeping),client-compromised.bnsdq.ozxfs.vcwss-bomyo.kvugl,0.20730929020703714,0
1759281162,188995,1,N/A,N/A,N/A,N/A,N/A,N/A,N/A,N/A,1920790528,1920790528,28946432,N/A,135168,152248320,13,discern-network,S (sleeping),client-compromised.bnsdq.ozxfs.vcwss-bomyo.kvugl,0.0,0
1759281162,188980,1,N/A,N/A,N/A,N/A,N/A,N/A,N/A,N/A,1505095680,1505095680,22188032,N/A,135168,73678848,4,discern-interfa,S (sleeping),client-compromised.bnsdq.ozxfs.vcwss-bomyo.kvugl,0.5874887251954432,0
1759281162,189006,1,N/A,N/A,N/A,N/A,N/A,N/A,N/A,N/A,1264357376,1264357376,16834560,N/A,135168,45563904,4,discern-proc-so,S (sleeping),client-compromised.bnsdq.ozxfs.vcwss-bomyo.kvugl,4.699643639593031,0
1759281173,341,1,103,103,103,103,109,109,109,109,109010944,109010944,102637568,N/A,135168,101281792,1,dbus-daemon,S (sleeping),client-compromised.bnsdq.ozxfs.vcwss-bomyo.kvugl,0.26792572447413404,0
1759281173,183,1,N/A,N/A,N/A,N/A,N/A,N/A,N/A,N/A,160686080,118693888,43958272,4096,135168,30134272,1,systemd-journal,S (sleeping),client-compromised.bnsdq.ozxfs.vcwss-bomyo.kvugl,0.2073785781674952,0
1759281173,189184,1,N/A,N/A,N/A,N/A,N/A,N/A,N/A,N/A,1954066432,1920528384,28692480,N/A,135168,151986176,13,discern-network,S (sleeping),client-compromised.bnsdq.ozxfs.vcwss-bomyo.kvugl,0.0,0
1759281173,189162,1,N/A,N/A,N/A,N/A,N/A,N/A,N/A,N/A,1505095680,1505095680,22282240,N/A,135168,73678848,4,discern-interfa,S (sleeping),client-compromised.bnsdq.ozxfs.vcwss-bomyo.kvugl,0.9850215893338118,0
1759281173,189174,1,N/A,N/A,N/A,N/A,N/A,N/A,N/A,N/A,1264619520,1264619520,16887808,N/A,135168,45826048,4,discern-proc-so,R (running),client-compromised.bnsdq.ozxfs.vcwss-bomyo.kvugl,7.879354809707933,0
1759281183,341,1,103,103,103,103,109,109,109,109,109010944,109010944,102637568,N/A,135168,101281792,1,dbus-daemon,S (sleeping),client-compromised.bnsdq.ozxfs.vcwss-bomyo.kvugl,0.2678674097581959,0
1759281183,183,1,N/A,N/A,N/A,N/A,N/A,N/A,N/A,N/A,160686080,118693888,43958272,4096,135168,30134272,1,systemd-journal,S (sleeping),client-compromised.bnsdq.ozxfs.vcwss-bomyo.kvugl,0.20736974485539064,0
1759281183,189344,1,N/A,N/A,N/A,N/A,N/A,N/A,N/A,N/A,1929183232,1929183232,28725248,N/A,135168,160636928,14,discern-network,S (sleeping),client-compromised.bnsdq.ozxfs.vcwss-bomyo.kvugl,0.8405799188767584,0
1759281183,189328,1,N/A,N/A,N/A,N/A,N/A,N/A,N/A,N/A,1647706112,1580597248,24252416,N/A,135168,82202624,5,discern-interfa,S (sleeping),client-compromised.bnsdq.ozxfs.vcwss-bomyo.kvugl,0.8405150596268359,0
1759281183,189351,1,N/A,N/A,N/A,N/A,N/A,N/A,N/A,N/A,1264357376,1264357376,16465920,N/A,135168,45563904,4,discern-proc-so,S (sleeping),client-compromised.bnsdq.ozxfs.vcwss-bomyo.kvugl,6.723596648176131,0
1759281194,341,1,103,103,103,103,109,109,109,109,109010944,109010944,102637568,N/A,135168,101281792,1,dbus-daemon,S (sleeping),client-compromised.bnsdq.ozxfs.vcwss-bomyo.kvugl,0.26786445984093954,0
1759281194,183,1,N/A,N/A,N/A,N/A,N/A,N/A,N/A,N/A,160686080,118693888,43958272,4096,135168,30134272,1,systemd-journal,S (sleeping),client-compromised.bnsdq.ozxfs.vcwss-bomyo.kvugl,0.2073415874116318,0
1759281194,189494,1,N/A,N/A,N/A,N/A,N/A,N/A,N/A,N/A,1954066432,1920528384,25124864,N/A,135168,151986176,13,discern-network,S (sleeping),client-compromised.bnsdq.ozxfs.vcwss-bomyo.kvugl,0.3958078560309783,0
1759281194,189533,1,N/A,N/A,N/A,N/A,N/A,N/A,N/A,N/A,1647706112,1580597248,22069248,N/A,135168,82202624,5,discern-interfa,S (sleeping),client-compromised.bnsdq.ozxfs.vcwss-bomyo.kvugl,0.655049248587308,0
1759281194,189521,1,N/A,N/A,N/A,N/A,N/A,N/A,N/A,N/A,1264357376,1264357376,17055744,N/A,135168,45563904,3,discern-proc-so,S (sleeping),client-compromised.bnsdq.ozxfs.vcwss-bomyo.kvugl,4.353490158330955,0
1759281203,341,1,103,103,103,103,109,109,109,109,109010944,109010944,102637568,N/A,135168,101281792,1,dbus-daemon,S (sleeping),client-compromised.bnsdq.ozxfs.vcwss-bomyo.kvugl,0.2679045652370675,0
1759281203,189674,1,N/A,N/A,N/A,N/A,N/A,N/A,N/A,N/A,1264652288,1264652288,45629440,N/A,135168,75251712,4,discern-file-so,S (sleeping),client-compromised.bnsdq.ozxfs.vcwss-bomyo.kvugl,8.06887194036324,0
1759281203,183,1,N/A,N/A,N/A,N/A,N/A,N/A,N/A,N/A,160686080,118693888,43958272,4096,135168,30134272,1,systemd-journal,S (sleeping),client-compromised.bnsdq.ozxfs.vcwss-bomyo.kvugl,0.20734679209866805,0
1759281203,189707,1,N/A,N/A,N/A,N/A,N/A,N/A,N/A,N/A,1954066432,1912135680,25374720,N/A,135168,143597568,12,discern-network,S (sleeping),client-compromised.bnsdq.ozxfs.vcwss-bomyo.kvugl,1.1634046317097562,0
1759281203,189704,1,N/A,N/A,N/A,N/A,N/A,N/A,N/A,N/A,1505095680,1505095680,22163456,N/A,135168,73678848,4,discern-interfa,S (sleeping),client-compromised.bnsdq.ozxfs.vcwss-bomyo.kvugl,0.5376980544176101,0
1759281214,341,1,103,103,103,103,109,109,109,109,109010944,109010944,102637568,N/A,135168,101281792,1,dbus-daemon,S (sleeping),client-compromised.bnsdq.ozxfs.vcwss-bomyo.kvugl,0.26784332250463383,0
1759281214,189861,1,N/A,N/A,N/A,N/A,N/A,N/A,N/A,N/A,1264652288,1264652288,45903872,N/A,135168,75251712,4,discern-file-so,S (sleeping),client-compromised.bnsdq.ozxfs.vcwss-bomyo.kvugl,14.436330131447871,0
1759281214,189897,1,N/A,N/A,N/A,N/A,N/A,N/A,N/A,N/A,1954066432,1920528384,27611136,N/A,135168,151986176,13,discern-network,S (sleeping),client-compromised.bnsdq.ozxfs.vcwss-bomyo.kvugl,0.8489325387701696,0
1759281214,183,1,N/A,N/A,N/A,N/A,N/A,N/A,N/A,N/A,160686080,118693888,43958272,4096,135168,30134272,1,systemd-journal,S (sleeping),client-compromised.bnsdq.ozxfs.vcwss-bomyo.kvugl,0.20733560726526498,0
1759281214,189866,1,N/A,N/A,N/A,N/A,N/A,N/A,N/A,N/A,1647706112,1580597248,23887872,N/A,135168,82202624,5,discern-interfa,S (sleeping),client-compromised.bnsdq.ozxfs.vcwss-bomyo.kvugl,0.0,0
1759281224,341,1,103,103,103,103,109,109,109,109,109010944,109010944,102637568,N/A,135168,101281792,1,dbus-daemon,S (sleeping),client-compromised.bnsdq.ozxfs.vcwss-bomyo.kvugl,0.2677035073481348,0
1759281224,190050,1,N/A,N/A,N/A,N/A,N/A,N/A,N/A,N/A,1264914432,1264914432,51671040,N/A,135168,83902464,4,discern-file-so,S (sleeping),client-compromised.bnsdq.ozxfs.vcwss-bomyo.kvugl,11.873708092104373,0
1759281224,183,1,N/A,N/A,N/A,N/A,N/A,N/A,N/A,N/A,160686080,118693888,43958272,4096,135168,30134272,1,systemd-journal,S (sleeping),client-compromised.bnsdq.ozxfs.vcwss-bomyo.kvugl,0.20740557187447295,0
1759281224,190076,1,N/A,N/A,N/A,N/A,N/A,N/A,N/A,N/A,1264357376,1264357376,16564224,N/A,135168,45563904,4,discern-proc-so,S (sleeping),client-compromised.bnsdq.ozxfs.vcwss-bomyo.kvugl,8.377945743147126,0
1759281224,190082,1,N/A,N/A,N/A,N/A,N/A,N/A,N/A,N/A,1263157248,1263157248,10997760,N/A,135168,40206336,4,discern-os-sorc,S (sleeping),client-compromised.bnsdq.ozxfs.vcwss-bomyo.kvugl,0.0,0
1759281234,341,1,103,103,103,103,109,109,109,109,109010944,109010944,102637568,N/A,135168,101281792,1,dbus-daemon,S (sleeping),client-compromised.bnsdq.ozxfs.vcwss-bomyo.kvugl,0.26764307722434144,0
1759281234,190244,1,N/A,N/A,N/A,N/A,N/A,N/A,N/A,N/A,1332092928,1332092928,57073664,N/A,135168,113332224,4,discern-file-so,S (sleeping),client-compromised.bnsdq.ozxfs.vcwss-bomyo.kvugl,9.277735848725756,0
1759281234,183,1,N/A,N/A,N/A,N/A,N/A,N/A,N/A,N/A,160686080,131293184,43958272,4096,135168,30134272,1,systemd-journal,S (sleeping),client-compromised.bnsdq.ozxfs.vcwss-bomyo.kvugl,0.2074747758536551,0
1759281234,190269,1,N/A,N/A,N/A,N/A,N/A,N/A,N/A,N/A,1572204544,1505095680,20701184,N/A,135168,73678848,4,discern-interfa,S (sleeping),client-compromised.bnsdq.ozxfs.vcwss-bomyo.kvugl,0.5797799958131187,0
1759281234,190267,1,N/A,N/A,N/A,N/A,N/A,N/A,N/A,N/A,1264357376,1264357376,15659008,N/A,135168,45563904,4,discern-proc-so,R (running),client-compromised.bnsdq.ozxfs.vcwss-bomyo.kvugl,7.527557506438278,0
1759281259,341,1,103,103,103,103,109,109,109,109,109010944,109010944,102637568,N/A,135168,101281792,1,dbus-daemon,S (sleeping),client-compromised.bnsdq.ozxfs.vcwss-bomyo.kvugl,0.2674294689564467,0
1759281259,190738,1,N/A,N/A,N/A,N/A,N/A,N/A,N/A,N/A,1264652288,1264652288,43978752,N/A,135168,75251712,5,discern-file-so,S (sleeping),client-compromised.bnsdq.ozxfs.vcwss-bomyo.kvugl,7.196378386595055,0
1759281259,190717,1,N/A,N/A,N/A,N/A,N/A,N/A,N/A,N/A,1954066432,1912397824,24293376,N/A,135168,143859712,12,discern-network,S (sleeping),client-compromised.bnsdq.ozxfs.vcwss-bomyo.kvugl,0.5995528450943888,0
1759281259,183,1,N/A,N/A,N/A,N/A,N/A,N/A,N/A,N/A,160686080,131293184,43958272,4096,135168,30134272,1,systemd-journal,S (sleeping),client-compromised.bnsdq.ozxfs.vcwss-bomyo.kvugl,0.20746079038631582,0
1759281259,190706,1,N/A,N/A,N/A,N/A,N/A,N/A,N/A,N/A,1647706112,1580597248,22671360,N/A,135168,82202624,5,discern-interfa,S (sleeping),client-compromised.bnsdq.ozxfs.vcwss-bomyo.kvugl,1.1984979577453976,0
1759281269,341,1,103,103,103,103,109,109,109,109,109010944,109010944,102637568,N/A,135168,101281792,1,dbus-daemon,S (sleeping),client-compromised.bnsdq.ozxfs.vcwss-bomyo.kvugl,0.2673705469882998,0
1759281269,190933,1,N/A,N/A,N/A,N/A,N/A,N/A,N/A,N/A,1264652288,1264652288,42119168,N/A,135168,71057408,4,discern-file-so,S (sleeping),client-compromised.bnsdq.ozxfs.vcwss-bomyo.kvugl,6.287276957265023,0
1759281269,190911,1,N/A,N/A,N/A,N/A,N/A,N/A,N/A,N/A,1647706112,1580597248,24240128,N/A,135168,82202624,5,discern-interfa,S (sleeping),client-compromised.bnsdq.ozxfs.vcwss-bomyo.kvugl,0.0,0
1759281269,190941,1,N/A,N/A,N/A,N/A,N/A,N/A,N/A,N/A,1954066432,1920528384,22405120,N/A,135168,151986176,13,discern-network,S (sleeping),client-compromised.bnsdq.ozxfs.vcwss-bomyo.kvugl,1.099361032898414,0
1759281269,183,1,N/A,N/A,N/A,N/A,N/A,N/A,N/A,N/A,160686080,131293184,43958272,4096,135168,30134272,1,systemd-journal,S (sleeping),client-compromised.bnsdq.ozxfs.vcwss-bomyo.kvugl,0.2076103633921356,0
1759281279,341,1,103,103,103,103,109,109,109,109,109010944,109010944,102637568,N/A,135168,101281792,1,dbus-daemon,S (sleeping),client-compromised.bnsdq.ozxfs.vcwss-bomyo.kvugl,0.26731778870546824,0
1759281279,191111,1,N/A,N/A,N/A,N/A,N/A,N/A,N/A,N/A,1954066432,1920528384,29360128,N/A,135168,151986176,13,discern-network,S (sleeping),client-compromised.bnsdq.ozxfs.vcwss-bomyo.kvugl,1.156968783669057,0
1759281279,183,1,N/A,N/A,N/A,N/A,N/A,N/A,N/A,N/A,160686080,131293184,43958272,4096,135168,30134272,1,systemd-journal,S (sleeping),client-compromised.bnsdq.ozxfs.vcwss-bomyo.kvugl,0.20752535340834077,0
1759281279,191099,1,N/A,N/A,N/A,N/A,N/A,N/A,N/A,N/A,1264357376,1264357376,16244736,N/A,135168,45563904,3,discern-proc-so,S (sleeping),client-compromised.bnsdq.ozxfs.vcwss-bomyo.kvugl,8.096923721080518,0
1759281279,191106,1,N/A,N/A,N/A,N/A,N/A,N/A,N/A,N/A,1263157248,1263157248,10883072,N/A,135168,40206336,5,discern-os-sorc,S (sleeping),client-compromised.bnsdq.ozxfs.vcwss-bomyo.kvugl,0.0,0
1759281290,341,1,103,103,103,103,109,109,109,109,109010944,109010944,102637568,N/A,135168,101281792,1,dbus-daemon,S (sleeping),client-compromised.bnsdq.ozxfs.vcwss-bomyo.kvugl,0.26725192230248995,0
1759281290,191299,1,N/A,N/A,N/A,N/A,N/A,N/A,N/A,N/A,1264652288,1264652288,44056576,N/A,135168,75251712,4,discern-file-so,R (running),client-compromised.bnsdq.ozxfs.vcwss-bomyo.kvugl,9.026358082090766,0
1759281290,191331,1,N/A,N/A,N/A,N/A,N/A,N/A,N/A,N/A,1954066432,1920528384,23490560,N/A,135168,151986176,13,discern-network,S (sleeping),client-compromised.bnsdq.ozxfs.vcwss-bomyo.kvugl,1.388534263023672,0
1759281290,191328,1,N/A,N/A,N/A,N/A,N/A,N/A,N/A,N/A,1647706112,1580597248,20881408,N/A,135168,82202624,5,discern-interfa,S (sleeping),client-compromised.bnsdq.ozxfs.vcwss-bomyo.kvugl,0.6941582858860121,0
1759281290,183,1,N/A,N/A,N/A,N/A,N/A,N/A,N/A,N/A,160686080,131293184,43958272,4096,135168,30134272,1,systemd-journal,S (sleeping),client-compromised.bnsdq.ozxfs.vcwss-bomyo.kvugl,0.20766909197622518,0
1759281300,341,1,103,103,103,103,109,109,109,109,109010944,109010944,102637568,N/A,135168,101281792,1,dbus-daemon,S (sleeping),client-compromised.bnsdq.ozxfs.vcwss-bomyo.kvugl,0.26719260438922027,0
1759281300,191484,1,N/A,N/A,N/A,N/A,N/A,N/A,N/A,N/A,1332092928,1332092928,53374976,N/A,135168,113332224,4,discern-file-so,R (running),client-compromised.bnsdq.ozxfs.vcwss-bomyo.kvugl,10.504906587122859,0
1759281300,191499,1,N/A,N/A,N/A,N/A,N/A,N/A,N/A,N/A,1647706112,1580597248,22843392,N/A,135168,82202624,5,discern-interfa,S (sleeping),client-compromised.bnsdq.ozxfs.vcwss-bomyo.kvugl,0.0,0
1759281300,183,1,N/A,N/A,N/A,N/A,N/A,N/A,N/A,N/A,160686080,131293184,43958272,4096,135168,30134272,1,systemd-journal,S (sleeping),client-compromised.bnsdq.ozxfs.vcwss-bomyo.kvugl,0.207738029183702,0
1759281300,191528,1,N/A,N/A,N/A,N/A,N/A,N/A,N/A,N/A,1264619520,1264619520,15085568,N/A,135168,45826048,4,discern-proc-so,S (sleeping),client-compromised.bnsdq.ozxfs.vcwss-bomyo.kvugl,7.5812565049732195,0
1759281310,341,1,103,103,103,103,109,109,109,109,109010944,109010944,102637568,N/A,135168,101281792,1,dbus-daemon,S (sleeping),client-compromised.bnsdq.ozxfs.vcwss-bomyo.kvugl,0.26713867104301775,0
1759281310,191697,1,N/A,N/A,N/A,N/A,N/A,N/A,N/A,N/A,1647706112,1580597248,24735744,N/A,135168,82202624,5,discern-interfa,S (sleeping),client-compromised.bnsdq.ozxfs.vcwss-bomyo.kvugl,0.5756066428349706,0
1759281310,183,1,N/A,N/A,N/A,N/A,N/A,N/A,N/A,N/A,160686080,131293184,43958272,4096,135168,30134272,1,systemd-journal,S (sleeping),client-compromised.bnsdq.ozxfs.vcwss-bomyo.kvugl,0.20781100020736007,0
1759281310,191702,1,N/A,N/A,N/A,N/A,N/A,N/A,N/A,N/A,1264357376,1264357376,14622720,N/A,135168,45563904,4,discern-proc-so,S (sleeping),client-compromised.bnsdq.ozxfs.vcwss-bomyo.kvugl,3.453251668274802,0
1759281310,191668,1,N/A,N/A,N/A,N/A,N/A,N/A,N/A,N/A,1263157248,1263157248,10903552,N/A,135168,40206336,4,discern-os-sorc,S (sleeping),client-compromised.bnsdq.ozxfs.vcwss-bomyo.kvugl,0.5755053669308356,0
1759281322,341,1,103,103,103,103,109,109,109,109,109010944,109010944,102637568,N/A,135168,101281792,1,dbus-daemon,S (sleeping),client-compromised.bnsdq.ozxfs.vcwss-bomyo.kvugl,0.2670582188160533,0
1759281322,191856,1,N/A,N/A,N/A,N/A,N/A,N/A,N/A,N/A,1332617216,1332617216,109105152,N/A,135168,143216640,4,discern-file-so,S (sleeping),client-compromised.bnsdq.ozxfs.vcwss-bomyo.kvugl,36.711908729606904,0
1759281322,191894,1,N/A,N/A,N/A,N/A,N/A,N/A,N/A,N/A,1920528384,1920528384,21700608,N/A,135168,151986176,13,discern-network,S (sleeping),client-compromised.bnsdq.ozxfs.vcwss-bomyo.kvugl,1.4879016403932572,0
1759281322,191850,1,N/A,N/A,N/A,N/A,N/A,N/A,N/A,N/A,1647706112,1580597248,21217280,N/A,135168,82202624,5,discern-interfa,S (sleeping),client-compromised.bnsdq.ozxfs.vcwss-bomyo.kvugl,0.49588050124900274,0
1759281322,183,1,N/A,N/A,N/A,N/A,N/A,N/A,N/A,N/A,160686080,131293184,43958272,4096,135168,30134272,1,systemd-journal,S (sleeping),client-compromised.bnsdq.ozxfs.vcwss-bomyo.kvugl,0.20786310175115533,0
1759281331,341,1,103,103,103,103,109,109,109,109,109010944,109010944,102637568,N/A,135168,101281792,1,dbus-daemon,S (sleeping),client-compromised.bnsdq.ozxfs.vcwss-bomyo.kvugl,0.26701770523982876,0
1759281331,192045,1,N/A,N/A,N/A,N/A,N/A,N/A,N/A,N/A,1264652288,1264652288,46166016,N/A,135168,75251712,4,discern-file-so,S (sleeping),client-compromised.bnsdq.ozxfs.vcwss-bomyo.kvugl,9.887597697560725,0
1759281331,192079,1,N/A,N/A,N/A,N/A,N/A,N/A,N/A,N/A,1954066432,1912135680,23539712,N/A,135168,143597568,12,discern-network,S (sleeping),client-compromised.bnsdq.ozxfs.vcwss-bomyo.kvugl,0.7060973913296837,0
1759281331,192065,1,N/A,N/A,N/A,N/A,N/A,N/A,N/A,N/A,1580597248,1580597248,22548480,N/A,135168,82202624,5,discern-interfa,S (sleeping),client-compromised.bnsdq.ozxfs.vcwss-bomyo.kvugl,1.4120288051052183,0
1759281331,183,1,N/A,N/A,N/A,N/A,N/A,N/A,N/A,N/A,160686080,131293184,43958272,4096,135168,30134272,1,systemd-journal,S (sleeping),client-compromised.bnsdq.ozxfs.vcwss-bomyo.kvugl,0.2079461294587188,0
1759281341,341,1,103,103,103,103,109,109,109,109,109010944,109010944,102637568,N/A,135168,101281792,1,dbus-daemon,S (sleeping),client-compromised.bnsdq.ozxfs.vcwss-bomyo.kvugl,0.2669605906119821,0
1759281341,192250,1,N/A,N/A,N/A,N/A,N/A,N/A,N/A,N/A,1264390144,1264390144,42012672,N/A,135168,70795264,4,discern-file-so,D (disk sleep),client-compromised.bnsdq.ozxfs.vcwss-bomyo.kvugl,6.2386768716630465,0
1759281341,192249,1,N/A,N/A,N/A,N/A,N/A,N/A,N/A,N/A,1954066432,1920790528,29294592,N/A,135168,152248320,13,discern-network,S (sleeping),client-compromised.bnsdq.ozxfs.vcwss-bomyo.kvugl,1.2474587409851257,0
1759281341,192270,1,N/A,N/A,N/A,N/A,N/A,N/A,N/A,N/A,1647706112,1580597248,20901888,N/A,135168,82202624,5,discern-interfa,S (sleeping),client-compromised.bnsdq.ozxfs.vcwss-bomyo.kvugl,0.0,0
1759281341,183,1,N/A,N/A,N/A,N/A,N/A,N/A,N/A,N/A,160686080,131293184,43958272,4096,135168,30134272,1,systemd-journal,S (sleeping),client-compromised.bnsdq.ozxfs.vcwss-bomyo.kvugl,0.20793674797660044,0
1759281351,341,1,103,103,103,103,109,109,109,109,109010944,109010944,102637568,N/A,135168,101281792,1,dbus-daemon,S (sleeping),client-compromised.bnsdq.ozxfs.vcwss-bomyo.kvugl,0.2668223951181957,0
1759281351,192466,1,N/A,N/A,N/A,N/A,N/A,N/A,N/A,N/A,1264390144,1264390144,41652224,N/A,135168,70795264,4,discern-file-so,S (sleeping),client-compromised.bnsdq.ozxfs.vcwss-bomyo.kvugl,7.944340353535812,0
1759281351,192460,1,N/A,N/A,N/A,N/A,N/A,N/A,N/A,N/A,1912135680,1912135680,25403392,N/A,135168,143597568,12,discern-network,S (sleeping),client-compromised.bnsdq.ozxfs.vcwss-bomyo.kvugl,1.1345239284597348,0
1759281351,192449,1,N/A,N/A,N/A,N/A,N/A,N/A,N/A,N/A,1647706112,1580597248,24383488,N/A,135168,82202624,5,discern-interfa,S (sleeping),client-compromised.bnsdq.ozxfs.vcwss-bomyo.kvugl,0.5314529417164455,0
1759281351,183,1,N/A,N/A,N/A,N/A,N/A,N/A,N/A,N/A,160686080,131293184,43958272,4096,135168,30134272,1,systemd-journal,S (sleeping),client-compromised.bnsdq.ozxfs.vcwss-bomyo.kvugl,0.20808435564631034,0
1759281362,341,1,103,103,103,103,109,109,109,109,109010944,109010944,102637568,N/A,135168,101281792,1,dbus-daemon,S (sleeping),client-compromised.bnsdq.ozxfs.vcwss-bomyo.kvugl,0.26692311227488524,0
1759281362,192690,1,N/A,N/A,N/A,N/A,N/A,N/A,N/A,N/A,1264652288,1264652288,41472000,N/A,135168,71057408,4,discern-file-so,R (running),client-compromised.bnsdq.ozxfs.vcwss-bomyo.kvugl,7.23817759545862,0
1759281362,192666,1,N/A,N/A,N/A,N/A,N/A,N/A,N/A,N/A,1954066432,1912397824,28139520,N/A,135168,143859712,12,discern-network,S (sleeping),client-compromised.bnsdq.ozxfs.vcwss-bomyo.kvugl,0.0,0
1759281362,183,1,N/A,N/A,N/A,N/A,N/A,N/A,N/A,N/A,160686080,131293184,43958272,4096,135168,30134272,1,systemd-journal,S (sleeping),client-compromised.bnsdq.ozxfs.vcwss-bomyo.kvugl,0.2082326175708885,0
1759281362,192684,1,N/A,N/A,N/A,N/A,N/A,N/A,N/A,N/A,1264357376,1264357376,15208448,N/A,135168,45563904,4,discern-proc-so,R (running),client-compromised.bnsdq.ozxfs.vcwss-bomyo.kvugl,8.136961598000312,0
1759281372,341,1,103,103,103,103,109,109,109,109,109010944,109010944,102637568,N/A,135168,101281792,1,dbus-daemon,S (sleeping),client-compromised.bnsdq.ozxfs.vcwss-bomyo.kvugl,0.2669437647960431,0
1759281372,192866,1,N/A,N/A,N/A,N/A,N/A,N/A,N/A,N/A,1264652288,1264652288,46432256,N/A,135168,75251712,4,discern-file-so,S (sleeping),client-compromised.bnsdq.ozxfs.vcwss-bomyo.kvugl,8.781550777330178,0
1759281372,192860,1,N/A,N/A,N/A,N/A,N/A,N/A,N/A,N/A,1647706112,1580597248,24293376,N/A,135168,82202624,5,discern-interfa,S (sleeping),client-compromised.bnsdq.ozxfs.vcwss-bomyo.kvugl,0.7316362639497255,0
1759281372,183,1,N/A,N/A,N/A,N/A,N/A,N/A,N/A,N/A,160686080,131293184,43958272,4096,135168,30134272,1,systemd-journal,S (sleeping),client-compromised.bnsdq.ozxfs.vcwss-bomyo.kvugl,0.20830091360363578,0
1759281372,192902,1,N/A,N/A,N/A,N/A,N/A,N/A,N/A,N/A,1264619520,1264619520,15380480,N/A,135168,45826048,4,discern-proc-so,R (running),client-compromised.bnsdq.ozxfs.vcwss-bomyo.kvugl,6.582143947174626,0
1759281383,341,1,103,103,103,103,109,109,109,109,109010944,109010944,102637568,N/A,135168,101281792,1,dbus-daemon,S (sleeping),client-compromised.bnsdq.ozxfs.vcwss-bomyo.kvugl,0.2667868465176381,0
1759281383,193063,1,N/A,N/A,N/A,N/A,N/A,N/A,N/A,N/A,1332682752,1332682752,116056064,N/A,135168,151670784,4,discern-file-so,S (sleeping),client-compromised.bnsdq.ozxfs.vcwss-bomyo.kvugl,29.800481354314055,0
1759281383,193080,1,N/A,N/A,N/A,N/A,N/A,N/A,N/A,N/A,1954066432,1920528384,23498752,N/A,135168,151986176,13,discern-network,S (sleeping),client-compromised.bnsdq.ozxfs.vcwss-bomyo.kvugl,0.7839567951877258,0
1759281383,193066,1,N/A,N/A,N/A,N/A,N/A,N/A,N/A,N/A,1572204544,1505095680,23773184,N/A,135168,73678848,4,discern-interfa,S (sleeping),client-compromised.bnsdq.ozxfs.vcwss-bomyo.kvugl,0.0,0
1759281383,183,1,N/A,N/A,N/A,N/A,N/A,N/A,N/A,N/A,160686080,131293184,43958272,4096,135168,30134272,1,systemd-journal,S (sleeping),client-compromised.bnsdq.ozxfs.vcwss-bomyo.kvugl,0.2084329247889078,0
1759281392,341,1,103,103,103,103,109,109,109,109,109010944,109010944,102637568,N/A,135168,101281792,1,dbus-daemon,S (sleeping),client-compromised.bnsdq.ozxfs.vcwss-bomyo.kvugl,0.26682877825721235,0
1759281392,193268,1,N/A,N/A,N/A,N/A,N/A,N/A,N/A,N/A,1264390144,1264390144,41512960,N/A,135168,70795264,4,discern-file-so,R (running),client-compromised.bnsdq.ozxfs.vcwss-bomyo.kvugl,3.325628272025727,0
1759281392,193262,1,N/A,N/A,N/A,N/A,N/A,N/A,N/A,N/A,1647706112,1580597248,22069248,N/A,135168,82202624,5,discern-interfa,S (sleeping),client-compromised.bnsdq.ozxfs.vcwss-bomyo.kvugl,0.5542099964945331,0
1759281392,183,1,N/A,N/A,N/A,N/A,N/A,N/A,N/A,N/A,160686080,131293184,43958272,4096,135168,30134272,1,systemd-journal,S (sleeping),client-compromised.bnsdq.ozxfs.vcwss-bomyo.kvugl,0.2085175523385889,0
1759281392,193256,1,N/A,N/A,N/A,N/A,N/A,N/A,N/A,N/A,1264357376,1264357376,15585280,N/A,135168,45563904,4,discern-proc-so,R (running),client-compromised.bnsdq.ozxfs.vcwss-bomyo.kvugl,4.431901262717696,0
1759281403,341,1,103,103,103,103,109,109,109,109,109010944,109010944,102637568,N/A,135168,101281792,1,dbus-daemon,S (sleeping),client-compromised.bnsdq.ozxfs.vcwss-bomyo.kvugl,0.26669077496158855,0
1759281403,193435,1,N/A,N/A,N/A,N/A,N/A,N/A,N/A,N/A,1264652288,1264652288,45375488,N/A,135168,75251712,4,discern-file-so,S (sleeping),client-compromised.bnsdq.ozxfs.vcwss-bomyo.kvugl,9.955734262232543,0
1759281403,193425,1,N/A,N/A,N/A,N/A,N/A,N/A,N/A,N/A,1647706112,1580597248,24731648,N/A,135168,82202624,5,discern-interfa,S (sleeping),client-compromised.bnsdq.ozxfs.vcwss-bomyo.kvugl,1.8098461882037171,0
1759281403,193463,1,N/A,N/A,N/A,N/A,N/A,N/A,N/A,N/A,1920528384,1920528384,23846912,N/A,135168,151986176,13,discern-network,S (sleeping),client-compromised.bnsdq.ozxfs.vcwss-bomyo.kvugl,0.9044956190980813,0
1759281403,183,1,N/A,N/A,N/A,N/A,N/A,N/A,N/A,N/A,160686080,131293184,43958272,4096,135168,30134272,1,systemd-journal,S (sleeping),client-compromised.bnsdq.ozxfs.vcwss-bomyo.kvugl,0.20866371530129774,0
1759281413,341,1,103,103,103,103,109,109,109,109,109010944,109010944,102637568,N/A,135168,101281792,1,dbus-daemon,S (sleeping),client-compromised.bnsdq.ozxfs.vcwss-bomyo.kvugl,0.2666330453754495,0
1759281413,193627,1,N/A,N/A,N/A,N/A,N/A,N/A,N/A,N/A,1264652288,1264652288,42913792,N/A,135168,71057408,4,discern-file-so,S (sleeping),client-compromised.bnsdq.ozxfs.vcwss-bomyo.kvugl,6.649824036678729,0
1759281413,193652,1,N/A,N/A,N/A,N/A,N/A,N/A,N/A,N/A,1928921088,1928921088,23162880,N/A,135168,160374784,14,discern-network,S (sleeping),client-compromised.bnsdq.ozxfs.vcwss-bomyo.kvugl,0.7388000973114981,0
1759281413,193618,1,N/A,N/A,N/A,N/A,N/A,N/A,N/A,N/A,1647706112,1580597248,22839296,N/A,135168,82202624,5,discern-interfa,S (sleeping),client-compromised.bnsdq.ozxfs.vcwss-bomyo.kvugl,1.4774718810802032,0
1759281413,183,1,N/A,N/A,N/A,N/A,N/A,N/A,N/A,N/A,160686080,131293184,43958272,4096,135168,30134272,1,systemd-journal,S (sleeping),client-compromised.bnsdq.ozxfs.vcwss-bomyo.kvugl,0.20873165749471334,0
1759281423,341,1,103,103,103,103,109,109,109,109,109010944,109010944,102637568,N/A,135168,101281792,1,dbus-daemon,S (sleeping),client-compromised.bnsdq.ozxfs.vcwss-bomyo.kvugl,0.2665730895243549,0
1759281423,193837,1,N/A,N/A,N/A,N/A,N/A,N/A,N/A,N/A,1264390144,1264390144,41787392,N/A,135168,70795264,4,discern-file-so,S (sleeping),client-compromised.bnsdq.ozxfs.vcwss-bomyo.kvugl,5.869749522039356,0
1759281423,193845,1,N/A,N/A,N/A,N/A,N/A,N/A,N/A,N/A,1954066432,1920528384,24305664,N/A,135168,151986176,13,discern-network,S (sleeping),client-compromised.bnsdq.ozxfs.vcwss-bomyo.kvugl,0.0,0
1759281423,193841,1,N/A,N/A,N/A,N/A,N/A,N/A,N/A,N/A,1647706112,1580597248,22487040,N/A,135168,82202624,5,discern-interfa,S (sleeping),client-compromised.bnsdq.ozxfs.vcwss-bomyo.kvugl,1.17368600162675,0
1759281423,183,1,N/A,N/A,N/A,N/A,N/A,N/A,N/A,N/A,160686080,131293184,43958272,4096,135168,30134272,1,systemd-journal,S (sleeping),client-compromised.bnsdq.ozxfs.vcwss-bomyo.kvugl,0.20887659885823168,0
1759281433,341,1,103,103,103,103,109,109,109,109,109010944,109010944,102637568,N/A,135168,101281792,1,dbus-daemon,S (sleeping),client-compromised.bnsdq.ozxfs.vcwss-bomyo.kvugl,0.2665954498561656,0
1759281433,194009,1,N/A,N/A,N/A,N/A,N/A,N/A,N/A,N/A,1264652288,1264652288,46645248,N/A,135168,75251712,4,discern-file-so,R (running),client-compromised.bnsdq.ozxfs.vcwss-bomyo.kvugl,6.870150450307261,0
1759281433,194018,1,N/A,N/A,N/A,N/A,N/A,N/A,N/A,N/A,1954066432,1912397824,24850432,N/A,135168,143859712,12,discern-network,S (sleeping),client-compromised.bnsdq.ozxfs.vcwss-bomyo.kvugl,0.5284241459141694,0
1759281433,194019,1,N/A,N/A,N/A,N/A,N/A,N/A,N/A,N/A,1647706112,1580597248,22605824,N/A,135168,82202624,5,discern-interfa,S (sleeping),client-compromised.bnsdq.ozxfs.vcwss-bomyo.kvugl,0.0,0
1759281433,183,1,N/A,N/A,N/A,N/A,N/A,N/A,N/A,N/A,160686080,131293184,43958272,4096,135168,30134272,1,systemd-journal,S (sleeping),client-compromised.bnsdq.ozxfs.vcwss-bomyo.kvugl,0.20894523122665498,0
1759281444,341,1,103,103,103,103,109,109,109,109,109010944,109010944,102637568,N/A,135168,101281792,1,dbus-daemon,S (sleeping),client-compromised.bnsdq.ozxfs.vcwss-bomyo.kvugl,0.2665390087424594,0
1759281444,194218,1,N/A,N/A,N/A,N/A,N/A,N/A,N/A,N/A,1264390144,1264390144,41975808,N/A,135168,70795264,4,discern-file-so,S (sleeping),client-compromised.bnsdq.ozxfs.vcwss-bomyo.kvugl,7.3723654621634545,0
1759281444,194215,1,N/A,N/A,N/A,N/A,N/A,N/A,N/A,N/A,1912397824,1912397824,23601152,N/A,135168,143859712,12,discern-network,S (sleeping),client-compromised.bnsdq.ozxfs.vcwss-bomyo.kvugl,0.9214494808351367,0
1759281444,194207,1,N/A,N/A,N/A,N/A,N/A,N/A,N/A,N/A,1647706112,1580597248,20860928,N/A,135168,82202624,5,discern-interfa,S (sleeping),client-compromised.bnsdq.ozxfs.vcwss-bomyo.kvugl,0.0,0
1759281444,183,1,N/A,N/A,N/A,N/A,N/A,N/A,N/A,N/A,160686080,131293184,43958272,4096,135168,30134272,1,systemd-journal,S (sleeping),client-compromised.bnsdq.ozxfs.vcwss-bomyo.kvugl,0.2090136983986069,0
1759281454,341,1,103,103,103,103,109,109,109,109,109010944,109010944,102637568,N/A,135168,101281792,1,dbus-daemon,S (sleeping),client-compromised.bnsdq.ozxfs.vcwss-bomyo.kvugl,0.2664789050542775,0
1759281454,194404,1,N/A,N/A,N/A,N/A,N/A,N/A,N/A,N/A,1264652288,1264652288,42917888,N/A,135168,71057408,4,discern-file-so,S (sleeping),client-compromised.bnsdq.ozxfs.vcwss-bomyo.kvugl,6.174670490784634,0
1759281454,194409,1,N/A,N/A,N/A,N/A,N/A,N/A,N/A,N/A,1953267712,1920528384,24301568,N/A,135168,151986176,13,discern-network,S (sleeping),client-compromised.bnsdq.ozxfs.vcwss-bomyo.kvugl,0.6859301120954123,0
1759281454,194405,1,N/A,N/A,N/A,N/A,N/A,N/A,N/A,N/A,1647706112,1580597248,22429696,N/A,135168,82202624,5,discern-interfa,S (sleeping),client-compromised.bnsdq.ozxfs.vcwss-bomyo.kvugl,0.0,0
1759281454,183,1,N/A,N/A,N/A,N/A,N/A,N/A,N/A,N/A,160686080,131293184,43958272,4096,135168,30134272,1,systemd-journal,S (sleeping),client-compromised.bnsdq.ozxfs.vcwss-bomyo.kvugl,0.20915768743992377,0
1759281464,341,1,103,103,103,103,109,109,109,109,109010944,109010944,102637568,N/A,135168,101281792,1,dbus-daemon,S (sleeping),client-compromised.bnsdq.ozxfs.vcwss-bomyo.kvugl,0.2663423608429068,0
1759281464,194578,1,N/A,N/A,N/A,N/A,N/A,N/A,N/A,N/A,1264914432,1264914432,63016960,N/A,135168,104873984,4,discern-file-so,S (sleeping),client-compromised.bnsdq.ozxfs.vcwss-bomyo.kvugl,10.957558745740362,0
1759281464,194583,1,N/A,N/A,N/A,N/A,N/A,N/A,N/A,N/A,1647706112,1580597248,21647360,N/A,135168,82202624,5,discern-interfa,S (sleeping),client-compromised.bnsdq.ozxfs.vcwss-bomyo.kvugl,0.5766082319737171,0
1759281464,183,1,N/A,N/A,N/A,N/A,N/A,N/A,N/A,N/A,160686080,131293184,43958272,4096,135168,30134272,1,systemd-journal,S (sleeping),client-compromised.bnsdq.ozxfs.vcwss-bomyo.kvugl,0.20922449789237843,0
1759281464,194624,1,N/A,N/A,N/A,N/A,N/A,N/A,N/A,N/A,1264357376,1264357376,15400960,N/A,135168,45563904,4,discern-proc-so,S (sleeping),client-compromised.bnsdq.ozxfs.vcwss-bomyo.kvugl,7.49327352468321,0
1759281474,341,1,103,103,103,103,109,109,109,109,109010944,109010944,102637568,N/A,135168,101281792,1,dbus-daemon,S (sleeping),client-compromised.bnsdq.ozxfs.vcwss-bomyo.kvugl,0.26636571637386397,0
1759281474,194779,1,N/A,N/A,N/A,N/A,N/A,N/A,N/A,N/A,1264652288,1264652288,42205184,N/A,135168,71057408,4,discern-file-so,R (running),client-compromised.bnsdq.ozxfs.vcwss-bomyo.kvugl,5.318216616022522,0
1759281474,194771,1,N/A,N/A,N/A,N/A,N/A,N/A,N/A,N/A,1647706112,1580597248,24203264,N/A,135168,82202624,5,discern-interfa,S (sleeping),client-compromised.bnsdq.ozxfs.vcwss-bomyo.kvugl,1.0634739528091761,0
1759281474,194797,1,N/A,N/A,N/A,N/A,N/A,N/A,N/A,N/A,1920528384,1920528384,23683072,N/A,135168,151986176,13,discern-network,S (sleeping),client-compromised.bnsdq.ozxfs.vcwss-bomyo.kvugl,3.405731410484322,0
1759281474,183,1,N/A,N/A,N/A,N/A,N/A,N/A,N/A,N/A,160686080,131293184,43958272,4096,135168,30134272,1,systemd-journal,S (sleeping),client-compromised.bnsdq.ozxfs.vcwss-bomyo.kvugl,0.20929332712426854,0
1759281485,341,1,103,103,103,103,109,109,109,109,109010944,109010944,102637568,N/A,135168,101281792,1,dbus-daemon,S (sleeping),client-compromised.bnsdq.ozxfs.vcwss-bomyo.kvugl,0.26623059910647606,0
1759281485,194975,1,N/A,N/A,N/A,N/A,N/A,N/A,N/A,N/A,1264652288,1264652288,43229184,N/A,135168,71057408,4,discern-file-so,S (sleeping),client-compromised.bnsdq.ozxfs.vcwss-bomyo.kvugl,8.157950384797875,0
1759281485,194961,1,N/A,N/A,N/A,N/A,N/A,N/A,N/A,N/A,1954066432,1912397824,25624576,N/A,135168,143859712,12,discern-network,S (sleeping),client-compromised.bnsdq.ozxfs.vcwss-bomyo.kvugl,0.9061939265605309,0
1759281485,194997,1,N/A,N/A,N/A,N/A,N/A,N/A,N/A,N/A,1647706112,1580597248,20729856,N/A,135168,82202624,5,discern-interfa,S (sleeping),client-compromised.bnsdq.ozxfs.vcwss-bomyo.kvugl,0.9060057379934563,0
1759281485,183,1,N/A,N/A,N/A,N/A,N/A,N/A,N/A,N/A,160686080,131293184,43958272,4096,135168,30134272,1,systemd-journal,S (sleeping),client-compromised.bnsdq.ozxfs.vcwss-bomyo.kvugl,0.2093607939328547,0
1759281495,341,1,103,103,103,103,109,109,109,109,109010944,109010944,102637568,N/A,135168,101281792,1,dbus-daemon,S (sleeping),client-compromised.bnsdq.ozxfs.vcwss-bomyo.kvugl,0.26625101799765805,0
1759281495,195147,1,N/A,N/A,N/A,N/A,N/A,N/A,N/A,N/A,1264652288,1264652288,44670976,N/A,135168,75251712,5,discern-file-so,S (sleeping),client-compromised.bnsdq.ozxfs.vcwss-bomyo.kvugl,8.614693444834383,0
1759281495,195165,1,N/A,N/A,N/A,N/A,N/A,N/A,N/A,N/A,1954066432,1912397824,23457792,N/A,135168,143859712,12,discern-network,S (sleeping),client-compromised.bnsdq.ozxfs.vcwss-bomyo.kvugl,0.7177386740446069,0
1759281495,183,1,N/A,N/A,N/A,N/A,N/A,N/A,N/A,N/A,160686080,131293184,43958272,4096,135168,30134272,1,systemd-journal,S (sleeping),client-compromised.bnsdq.ozxfs.vcwss-bomyo.kvugl,0.2094270629251556,0
1759281495,195189,1,N/A,N/A,N/A,N/A,N/A,N/A,N/A,N/A,1647706112,1580597248,20656128,N/A,135168,82202624,5,discern-interfa,S (sleeping),client-compromised.bnsdq.ozxfs.vcwss-bomyo.kvugl,0.7173979155751039,0
1759281505,341,1,103,103,103,103,109,109,109,109,109010944,109010944,102637568,N/A,135168,101281792,1,dbus-daemon,S (sleeping),client-compromised.bnsdq.ozxfs.vcwss-bomyo.kvugl,0.26619351470081243,0
1759281505,195373,1,N/A,N/A,N/A,N/A,N/A,N/A,N/A,N/A,1264652288,1264652288,47996928,N/A,135168,79446016,4,discern-file-so,S (sleeping),client-compromised.bnsdq.ozxfs.vcwss-bomyo.kvugl,7.8163627581652175,0
1759281505,195347,1,N/A,N/A,N/A,N/A,N/A,N/A,N/A,N/A,1647706112,1580597248,24580096,N/A,135168,82202624,5,discern-interfa,S (sleeping),client-compromised.bnsdq.ozxfs.vcwss-bomyo.kvugl,0.6011407445144352,0
1759281505,183,1,N/A,N/A,N/A,N/A,N/A,N/A,N/A,N/A,160686080,131293184,43958272,4096,135168,30134272,1,systemd-journal,S (sleeping),client-compromised.bnsdq.ozxfs.vcwss-bomyo.kvugl,0.20965010998371497,0
1759281505,195383,1,N/A,N/A,N/A,N/A,N/A,N/A,N/A,N/A,1264357376,1264357376,14913536,N/A,135168,45563904,4,discern-proc-so,S (sleeping),client-compromised.bnsdq.ozxfs.vcwss-bomyo.kvugl,7.212257173368082,0
1759281515,341,1,103,103,103,103,109,109,109,109,109010944,109010944,102637568,N/A,135168,101281792,1,dbus-daemon,S (sleeping),client-compromised.bnsdq.ozxfs.vcwss-bomyo.kvugl,0.2660597827274668,0
1759281515,195554,1,N/A,N/A,N/A,N/A,N/A,N/A,N/A,N/A,1264652288,1264652288,41467904,N/A,135168,71057408,4,discern-file-so,S (sleeping),client-compromised.bnsdq.ozxfs.vcwss-bomyo.kvugl,4.343826077074223,0
1759281515,195545,1,N/A,N/A,N/A,N/A,N/A,N/A,N/A,N/A,1647706112,1580597248,24944640,N/A,135168,82202624,5,discern-interfa,S (sleeping),client-compromised.bnsdq.ozxfs.vcwss-bomyo.kvugl,0.5429212838258066,0
1759281515,183,1,N/A,N/A,N/A,N/A,N/A,N/A,N/A,N/A,160686080,131293184,43958272,4096,135168,30134272,1,systemd-journal,S (sleeping),client-compromised.bnsdq.ozxfs.vcwss-bomyo.kvugl,0.20971786058149366,0
1759281515,195547,1,N/A,N/A,N/A,N/A,N/A,N/A,N/A,N/A,1264357376,1264357376,15011840,N/A,135168,45563904,4,discern-proc-so,R (running),client-compromised.bnsdq.ozxfs.vcwss-bomyo.kvugl,5.428420205192329,0
1759281526,341,1,103,103,103,103,109,109,109,109,109010944,109010944,102637568,N/A,135168,101281792,1,dbus-daemon,S (sleeping),client-compromised.bnsdq.ozxfs.vcwss-bomyo.kvugl,0.2660805503508701,0
1759281526,195716,1,N/A,N/A,N/A,N/A,N/A,N/A,N/A,N/A,1264652288,1264652288,46567424,N/A,135168,75251712,4,discern-file-so,S (sleeping),client-compromised.bnsdq.ozxfs.vcwss-bomyo.kvugl,14.302211861556929,0
1759281526,195734,1,N/A,N/A,N/A,N/A,N/A,N/A,N/A,N/A,1953800192,1912135680,23588864,N/A,135168,143597568,12,discern-network,S (sleeping),client-compromised.bnsdq.ozxfs.vcwss-bomyo.kvugl,0.893598784370375,0
1759281526,183,1,N/A,N/A,N/A,N/A,N/A,N/A,N/A,N/A,160686080,131293184,43958272,4096,135168,30134272,1,systemd-journal,S (sleeping),client-compromised.bnsdq.ozxfs.vcwss-bomyo.kvugl,0.20978387915507749,0
1759281526,195755,1,N/A,N/A,N/A,N/A,N/A,N/A,N/A,N/A,1264357376,1264357376,15470592,N/A,135168,45563904,4,discern-proc-so,R (running),client-compromised.bnsdq.ozxfs.vcwss-bomyo.kvugl,8.037233487893829,0
1759281537,341,1,103,103,103,103,109,109,109,109,109010944,109010944,102637568,N/A,135168,101281792,1,dbus-daemon,S (sleeping),client-compromised.bnsdq.ozxfs.vcwss-bomyo.kvugl,0.2659268131632616,0
1759281537,195949,1,N/A,N/A,N/A,N/A,N/A,N/A,N/A,N/A,1264652288,1264652288,42741760,N/A,135168,71057408,4,discern-file-so,S (sleeping),client-compromised.bnsdq.ozxfs.vcwss-bomyo.kvugl,7.8425743241435315,0
1759281537,195930,1,N/A,N/A,N/A,N/A,N/A,N/A,N/A,N/A,1912397824,1912397824,27017216,N/A,135168,143859712,12,discern-network,S (sleeping),client-compromised.bnsdq.ozxfs.vcwss-bomyo.kvugl,0.784069339993787,0
1759281537,183,1,N/A,N/A,N/A,N/A,N/A,N/A,N/A,N/A,160686080,131293184,43958272,4096,135168,30134272,1,systemd-journal,S (sleeping),client-compromised.bnsdq.ozxfs.vcwss-bomyo.kvugl,0.2098353898046543,0
1759281537,195929,1,N/A,N/A,N/A,N/A,N/A,N/A,N/A,N/A,1647706112,1580597248,21307392,N/A,135168,82202624,5,discern-interfa,S (sleeping),client-compromised.bnsdq.ozxfs.vcwss-bomyo.kvugl,0.0,0
1759281546,341,1,103,103,103,103,109,109,109,109,109010944,109010944,102637568,N/A,135168,101281792,1,dbus-daemon,S (sleeping),client-compromised.bnsdq.ozxfs.vcwss-bomyo.kvugl,0.2658891353198513,0
1759281546,196117,1,N/A,N/A,N/A,N/A,N/A,N/A,N/A,N/A,1264652288,1264652288,43450368,N/A,135168,71057408,4,discern-file-so,S (sleeping),client-compromised.bnsdq.ozxfs.vcwss-bomyo.kvugl,7.447325397935469,0
1759281546,196154,1,N/A,N/A,N/A,N/A,N/A,N/A,N/A,N/A,1647706112,1580597248,21057536,N/A,135168,82202624,5,discern-interfa,S (sleeping),client-compromised.bnsdq.ozxfs.vcwss-bomyo.kvugl,0.620425687875127,0
1759281546,183,1,N/A,N/A,N/A,N/A,N/A,N/A,N/A,N/A,160686080,131293184,43958272,4096,135168,30134272,1,systemd-journal,S (sleeping),client-compromised.bnsdq.ozxfs.vcwss-bomyo.kvugl,0.20999465271234014,0
1759281546,196146,1,N/A,N/A,N/A,N/A,N/A,N/A,N/A,N/A,1264357376,1264357376,15224832,N/A,135168,45563904,5,discern-proc-so,R (running),client-compromised.bnsdq.ozxfs.vcwss-bomyo.kvugl,5.5819708058907835,0
1759281556,341,1,103,103,103,103,109,109,109,109,109010944,109010944,102637568,N/A,135168,101281792,1,dbus-daemon,S (sleeping),client-compromised.bnsdq.ozxfs.vcwss-bomyo.kvugl,0.26583219167985467,0
1759281556,196336,1,N/A,N/A,N/A,N/A,N/A,N/A,N/A,N/A,1264652288,1264652288,41246720,N/A,135168,71057408,4,discern-file-so,R (running),client-compromised.bnsdq.ozxfs.vcwss-bomyo.kvugl,5.851885932605017,0
1759281556,196331,1,N/A,N/A,N/A,N/A,N/A,N/A,N/A,N/A,1505095680,1505095680,22614016,N/A,135168,73678848,4,discern-interfa,S (sleeping),client-compromised.bnsdq.ozxfs.vcwss-bomyo.kvugl,0.5319300165571569,0
1759281556,183,1,N/A,N/A,N/A,N/A,N/A,N/A,N/A,N/A,160686080,131293184,43958272,4096,135168,30134272,1,systemd-journal,S (sleeping),client-compromised.bnsdq.ozxfs.vcwss-bomyo.kvugl,0.20998246906033805,0
1759281556,196332,1,N/A,N/A,N/A,N/A,N/A,N/A,N/A,N/A,1264357376,1264357376,16228352,N/A,135168,45563904,4,discern-proc-so,S (sleeping),client-compromised.bnsdq.ozxfs.vcwss-bomyo.kvugl,5.848861042941189,0
1759281567,341,1,103,103,103,103,109,109,109,109,109010944,109010944,102637568,N/A,135168,101281792,1,dbus-daemon,S (sleeping),client-compromised.bnsdq.ozxfs.vcwss-bomyo.kvugl,0.265694922538186,0
1759281567,196499,1,N/A,N/A,N/A,N/A,N/A,N/A,N/A,N/A,1264652288,1264652288,49086464,N/A,135168,79446016,4,discern-file-so,S (sleeping),client-compromised.bnsdq.ozxfs.vcwss-bomyo.kvugl,14.187738235721945,0
1759281567,196523,1,N/A,N/A,N/A,N/A,N/A,N/A,N/A,N/A,1505095680,1505095680,21098496,N/A,135168,73678848,4,discern-interfa,S (sleeping),client-compromised.bnsdq.ozxfs.vcwss-bomyo.kvugl,1.5762910877167884,0
1759281567,183,1,N/A,N/A,N/A,N/A,N/A,N/A,N/A,N/A,160686080,131293184,43958272,4096,135168,30134272,1,systemd-journal,S (sleeping),client-compromised.bnsdq.ozxfs.vcwss-bomyo.kvugl,0.21020204989740737,0
1759281567,196513,1,N/A,N/A,N/A,N/A,N/A,N/A,N/A,N/A,1264357376,1264357376,15011840,N/A,135168,45563904,4,discern-proc-so,S (sleeping),client-compromised.bnsdq.ozxfs.vcwss-bomyo.kvugl,9.450287725350144,0
1759281577,341,1,103,103,103,103,109,109,109,109,109010944,109010944,102637568,N/A,135168,101281792,1,dbus-daemon,S (sleeping),client-compromised.bnsdq.ozxfs.vcwss-bomyo.kvugl,0.265642007134901,0
1759281577,196698,1,N/A,N/A,N/A,N/A,N/A,N/A,N/A,N/A,1264390144,1264390144,42328064,N/A,135168,70795264,4,discern-file-so,S (sleeping),client-compromised.bnsdq.ozxfs.vcwss-bomyo.kvugl,5.906283102709577,0
1759281577,196689,1,N/A,N/A,N/A,N/A,N/A,N/A,N/A,N/A,1954066432,1912135680,22482944,N/A,135168,143597568,12,discern-network,S (sleeping),client-compromised.bnsdq.ozxfs.vcwss-bomyo.kvugl,1.4763420112387038,0
1759281577,196692,1,N/A,N/A,N/A,N/A,N/A,N/A,N/A,N/A,1647706112,1580597248,22216704,N/A,135168,82202624,5,discern-interfa,S (sleeping),client-compromised.bnsdq.ozxfs.vcwss-bomyo.kvugl,0.0,0
1759281577,183,1,N/A,N/A,N/A,N/A,N/A,N/A,N/A,N/A,160686080,131293184,43958272,4096,135168,30134272,1,systemd-journal,S (sleeping),client-compromised.bnsdq.ozxfs.vcwss-bomyo.kvugl,0.21027055625266017,0
1759281587,341,1,103,103,103,103,109,109,109,109,109010944,109010944,102637568,N/A,135168,101281792,1,dbus-daemon,S (sleeping),client-compromised.bnsdq.ozxfs.vcwss-bomyo.kvugl,0.2656622644763973,0
1759281587,196863,1,N/A,N/A,N/A,N/A,N/A,N/A,N/A,N/A,1264652288,1264652288,45539328,N/A,135168,75251712,4,discern-file-so,R (running),client-compromised.bnsdq.ozxfs.vcwss-bomyo.kvugl,7.795693431314294,0
1759281587,196871,1,N/A,N/A,N/A,N/A,N/A,N/A,N/A,N/A,1912135680,1912135680,22786048,N/A,135168,143597568,12,discern-network,S (sleeping),client-compromised.bnsdq.ozxfs.vcwss-bomyo.kvugl,0.0,0
1759281587,196857,1,N/A,N/A,N/A,N/A,N/A,N/A,N/A,N/A,1647706112,1580597248,24854528,N/A,135168,82202624,5,discern-interfa,S (sleeping),client-compromised.bnsdq.ozxfs.vcwss-bomyo.kvugl,1.1954849586380825,0
1759281587,183,1,N/A,N/A,N/A,N/A,N/A,N/A,N/A,N/A,160686080,139644928,43958272,4096,135168,30134272,1,systemd-journal,S (sleeping),client-compromised.bnsdq.ozxfs.vcwss-bomyo.kvugl,0.21041294261566024,0
1759281597,341,1,103,103,103,103,109,109,109,109,109010944,109010944,102637568,N/A,135168,101281792,1,dbus-daemon,S (sleeping),client-compromised.bnsdq.ozxfs.vcwss-bomyo.kvugl,0.2656057154429457,0
1759281597,197081,1,N/A,N/A,N/A,N/A,N/A,N/A,N/A,N/A,1264390144,1264390144,41660416,N/A,135168,70795264,4,discern-file-so,S (sleeping),client-compromised.bnsdq.ozxfs.vcwss-bomyo.kvugl,10.703204151867078,0
1759281597,183,1,N/A,N/A,N/A,N/A,N/A,N/A,N/A,N/A,160686080,139644928,43958272,4096,135168,30134272,1,systemd-journal,S (sleeping),client-compromised.bnsdq.ozxfs.vcwss-bomyo.kvugl,0.2105560210374379,0
1759281597,197070,1,N/A,N/A,N/A,N/A,N/A,N/A,N/A,N/A,1505095680,1505095680,21831680,N/A,135168,73678848,4,discern-interfa,S (sleeping),client-compromised.bnsdq.ozxfs.vcwss-bomyo.kvugl,0.5168164691158884,0
1759281597,197059,1,N/A,N/A,N/A,N/A,N/A,N/A,N/A,N/A,1264619520,1264619520,15753216,N/A,135168,45826048,4,discern-proc-so,S (sleeping),client-compromised.bnsdq.ozxfs.vcwss-bomyo.kvugl,7.234347525797054,0
1759281608,341,1,103,103,103,103,109,109,109,109,109010944,109010944,102637568,N/A,135168,101281792,1,dbus-daemon,S (sleeping),client-compromised.bnsdq.ozxfs.vcwss-bomyo.kvugl,0.2654728897662968,0
1759281608,197232,1,N/A,N/A,N/A,N/A,N/A,N/A,N/A,N/A,1264652288,1264652288,44740608,N/A,135168,75251712,4,discern-file-so,S (sleeping),client-compromised.bnsdq.ozxfs.vcwss-bomyo.kvugl,11.424989566282077,0
1759281608,183,1,N/A,N/A,N/A,N/A,N/A,N/A,N/A,N/A,160686080,139644928,43958272,4096,135168,30134272,1,systemd-journal,S (sleeping),client-compromised.bnsdq.ozxfs.vcwss-bomyo.kvugl,0.21062215887227462,0
1759281608,197266,1,N/A,N/A,N/A,N/A,N/A,N/A,N/A,N/A,1264357376,1264357376,15482880,N/A,135168,45563904,4,discern-proc-so,R (running),client-compromised.bnsdq.ozxfs.vcwss-bomyo.kvugl,9.663791382710249,0
1759281608,197258,1,N/A,N/A,N/A,N/A,N/A,N/A,N/A,N/A,1263157248,1263157248,10723328,N/A,135168,40206336,4,discern-os-sorc,S (sleeping),client-compromised.bnsdq.ozxfs.vcwss-bomyo.kvugl,0.0,0
1759281618,341,1,103,103,103,103,109,109,109,109,109010944,109010944,102637568,N/A,135168,101281792,1,dbus-daemon,S (sleeping),client-compromised.bnsdq.ozxfs.vcwss-bomyo.kvugl,0.26541616254938116,0
1759281618,197457,1,N/A,N/A,N/A,N/A,N/A,N/A,N/A,N/A,1264652288,1264652288,45154304,N/A,135168,75251712,4,discern-file-so,S (sleeping),client-compromised.bnsdq.ozxfs.vcwss-bomyo.kvugl,8.421257430650007,0
1759281618,197425,1,N/A,N/A,N/A,N/A,N/A,N/A,N/A,N/A,1954066432,1920790528,26808320,N/A,135168,152248320,13,discern-network,S (sleeping),client-compromised.bnsdq.ozxfs.vcwss-bomyo.kvugl,2.1048758622131953,0
1759281618,183,1,N/A,N/A,N/A,N/A,N/A,N/A,N/A,N/A,160686080,139644928,43958272,4096,135168,30134272,1,systemd-journal,S (sleeping),client-compromised.bnsdq.ozxfs.vcwss-bomyo.kvugl,0.21068681546039758,0
1759281618,197463,1,N/A,N/A,N/A,N/A,N/A,N/A,N/A,N/A,1505095680,1505095680,20701184,N/A,135168,73678848,4,discern-interfa,S (sleeping),client-compromised.bnsdq.ozxfs.vcwss-bomyo.kvugl,0.7012626163280725,0
1759281634,341,1,103,103,103,103,109,109,109,109,109010944,109010944,102637568,N/A,135168,101281792,1,dbus-daemon,S (sleeping),client-compromised.bnsdq.ozxfs.vcwss-bomyo.kvugl,0.2653956770997661,0
1759281634,197693,1,N/A,N/A,N/A,N/A,N/A,N/A,N/A,N/A,1399861248,1399861248,127938560,N/A,135168,176906240,4,discern-file-so,D (disk sleep),client-compromised.bnsdq.ozxfs.vcwss-bomyo.kvugl,60.85016994875545,0
1759281634,197662,1,N/A,N/A,N/A,N/A,N/A,N/A,N/A,N/A,1954066432,1929183232,22999040,N/A,135168,160636928,14,discern-network,S (sleeping),client-compromised.bnsdq.ozxfs.vcwss-bomyo.kvugl,0.15404531619154438,0
1759281634,197684,1,N/A,N/A,N/A,N/A,N/A,N/A,N/A,N/A,1572204544,1505095680,20881408,N/A,135168,73678848,4,discern-interfa,S (sleeping),client-compromised.bnsdq.ozxfs.vcwss-bomyo.kvugl,0.0,0
1759281634,183,1,N/A,N/A,N/A,N/A,N/A,N/A,N/A,N/A,160686080,139644928,43958272,4096,135168,30134272,1,systemd-journal,S (sleeping),client-compromised.bnsdq.ozxfs.vcwss-bomyo.kvugl,0.21096691728501218,0
1759281639,341,1,103,103,103,103,109,109,109,109,109010944,109010944,102637568,N/A,135168,101281792,1,dbus-daemon,S (sleeping),client-compromised.bnsdq.ozxfs.vcwss-bomyo.kvugl,0.2653654459606279,0
1759281639,197693,1,N/A,N/A,N/A,N/A,N/A,N/A,N/A,N/A,1534283776,1534283776,223662080,N/A,135168,294551552,4,discern-file-so,S (sleeping),client-compromised.bnsdq.ozxfs.vcwss-bomyo.kvugl,66.32836908484815,0
1759281639,197662,1,N/A,N/A,N/A,N/A,N/A,N/A,N/A,N/A,1954066432,1929183232,23064576,N/A,135168,164831232,14,discern-network,S (sleeping),client-compromised.bnsdq.ozxfs.vcwss-bomyo.kvugl,0.25575363350421126,0
1759281639,183,1,N/A,N/A,N/A,N/A,N/A,N/A,N/A,N/A,160686080,139644928,43958272,4096,135168,30134272,1,systemd-journal,S (sleeping),client-compromised.bnsdq.ozxfs.vcwss-bomyo.kvugl,0.21095885286330732,0
1759281639,197684,1,N/A,N/A,N/A,N/A,N/A,N/A,N/A,N/A,1572204544,1505095680,20881408,N/A,135168,73678848,4,discern-interfa,S (sleeping),client-compromised.bnsdq.ozxfs.vcwss-bomyo.kvugl,0.0,0
1759281644,341,1,103,103,103,103,109,109,109,109,109010944,109010944,102637568,N/A,135168,101281792,1,dbus-daemon,S (sleeping),client-compromised.bnsdq.ozxfs.vcwss-bomyo.kvugl,0.26525766554675967,0
1759281644,197693,1,N/A,N/A,N/A,N/A,N/A,N/A,N/A,N/A,1534545920,1534545920,223662080,N/A,135168,294813696,4,discern-file-so,S (sleeping),client-compromised.bnsdq.ozxfs.vcwss-bomyo.kvugl,63.03757496525696,0
1759281644,197662,1,N/A,N/A,N/A,N/A,N/A,N/A,N/A,N/A,1954066432,1929183232,24092672,N/A,135168,164831232,14,discern-network,S (sleeping),client-compromised.bnsdq.ozxfs.vcwss-bomyo.kvugl,0.2945638252067202,0
1759281644,183,1,N/A,N/A,N/A,N/A,N/A,N/A,N/A,N/A,160686080,139644928,43958272,4096,135168,30134272,1,systemd-journal,S (sleeping),client-compromised.bnsdq.ozxfs.vcwss-bomyo.kvugl,0.21102806243385486,0
1759281644,197684,1,N/A,N/A,N/A,N/A,N/A,N/A,N/A,N/A,1572204544,1505095680,20881408,N/A,135168,73678848,4,discern-interfa,S (sleeping),client-compromised.bnsdq.ozxfs.vcwss-bomyo.kvugl,0.0,0
1759281650,341,1,103,103,103,103,109,109,109,109,109010944,109010944,102637568,N/A,135168,101281792,1,dbus-daemon,S (sleeping),client-compromised.bnsdq.ozxfs.vcwss-bomyo.kvugl,0.26538376543551345,0
1759281650,197662,1,N/A,N/A,N/A,N/A,N/A,N/A,N/A,N/A,1954066432,1930035200,25473024,N/A,135168,165683200,14,discern-network,S (sleeping),client-compromised.bnsdq.ozxfs.vcwss-bomyo.kvugl,0.3161277488630251,0
1759281650,183,1,N/A,N/A,N/A,N/A,N/A,N/A,N/A,N/A,160686080,139644928,43958272,4096,135168,30134272,1,systemd-journal,S (sleeping),client-compromised.bnsdq.ozxfs.vcwss-bomyo.kvugl,0.21109845179137024,0
1759281650,197684,1,N/A,N/A,N/A,N/A,N/A,N/A,N/A,N/A,1572204544,1505095680,20881408,N/A,135168,73678848,4,discern-interfa,S (sleeping),client-compromised.bnsdq.ozxfs.vcwss-bomyo.kvugl,0.0,0
1759281650,197690,1,N/A,N/A,N/A,N/A,N/A,N/A,N/A,N/A,1264619520,1264619520,14409728,N/A,135168,45826048,4,discern-proc-so,S (sleeping),client-compromised.bnsdq.ozxfs.vcwss-bomyo.kvugl,2.122537565303544,0
1759281655,341,1,103,103,103,103,109,109,109,109,109010944,109010944,102637568,N/A,135168,101281792,1,dbus-daemon,S (sleeping),client-compromised.bnsdq.ozxfs.vcwss-bomyo.kvugl,0.2653553012983244,0
1759281655,197662,1,N/A,N/A,N/A,N/A,N/A,N/A,N/A,N/A,1954066432,1930035200,25694208,N/A,135168,165683200,14,discern-network,S (sleeping),client-compromised.bnsdq.ozxfs.vcwss-bomyo.kvugl,0.36634001082461387,0
1759281655,183,1,N/A,N/A,N/A,N/A,N/A,N/A,N/A,N/A,160686080,139644928,43958272,4096,135168,30134272,1,systemd-journal,S (sleeping),client-compromised.bnsdq.ozxfs.vcwss-bomyo.kvugl,0.21109164096175384,0
1759281655,197684,1,N/A,N/A,N/A,N/A,N/A,N/A,N/A,N/A,1572204544,1505095680,20881408,N/A,135168,73678848,4,discern-interfa,S (sleeping),client-compromised.bnsdq.ozxfs.vcwss-bomyo.kvugl,0.0,0
1759281655,197690,1,N/A,N/A,N/A,N/A,N/A,N/A,N/A,N/A,1264619520,1264619520,14409728,N/A,135168,45826048,4,discern-proc-so,S (sleeping),client-compromised.bnsdq.ozxfs.vcwss-bomyo.kvugl,2.2346501433532446,0
1759281660,341,1,103,103,103,103,109,109,109,109,109010944,109010944,102637568,N/A,135168,101281792,1,dbus-daemon,S (sleeping),client-compromised.bnsdq.ozxfs.vcwss-bomyo.kvugl,0.26540422363824423,0
1759281660,197662,1,N/A,N/A,N/A,N/A,N/A,N/A,N/A,N/A,1954066432,1930035200,25694208,N/A,135168,165683200,14,discern-network,S (sleeping),client-compromised.bnsdq.ozxfs.vcwss-bomyo.kvugl,0.40060719888917035,0
1759281660,183,1,N/A,N/A,N/A,N/A,N/A,N/A,N/A,N/A,160686080,139644928,43958272,4096,135168,30134272,1,systemd-journal,S (sleeping),client-compromised.bnsdq.ozxfs.vcwss-bomyo.kvugl,0.21116219059204458,0
1759281660,197684,1,N/A,N/A,N/A,N/A,N/A,N/A,N/A,N/A,1572204544,1505095680,20881408,N/A,135168,73678848,4,discern-interfa,S (sleeping),client-compromised.bnsdq.ozxfs.vcwss-bomyo.kvugl,0.0,0
1759281660,197690,1,N/A,N/A,N/A,N/A,N/A,N/A,N/A,N/A,1264619520,1264619520,14409728,N/A,135168,45826048,4,discern-proc-so,S (sleeping),client-compromised.bnsdq.ozxfs.vcwss-bomyo.kvugl,2.2803587390022213,0
1759281665,341,1,103,103,103,103,109,109,109,109,109010944,109010944,102637568,N/A,135168,101281792,1,dbus-daemon,S (sleeping),client-compromised.bnsdq.ozxfs.vcwss-bomyo.kvugl,0.2653758435792903,0
1759281665,197662,1,N/A,N/A,N/A,N/A,N/A,N/A,N/A,N/A,1954066432,1930035200,27791360,N/A,135168,165683200,14,discern-network,S (sleeping),client-compromised.bnsdq.ozxfs.vcwss-bomyo.kvugl,0.3989205143968155,0
1759281665,183,1,N/A,N/A,N/A,N/A,N/A,N/A,N/A,N/A,160686080,139644928,43958272,4096,135168,30134272,1,systemd-journal,S (sleeping),client-compromised.bnsdq.ozxfs.vcwss-bomyo.kvugl,0.2112327307610486,0
1759281665,197684,1,N/A,N/A,N/A,N/A,N/A,N/A,N/A,N/A,1572204544,1505095680,20881408,N/A,135168,73678848,4,discern-interfa,S (sleeping),client-compromised.bnsdq.ozxfs.vcwss-bomyo.kvugl,0.0,0
1759281665,197690,1,N/A,N/A,N/A,N/A,N/A,N/A,N/A,N/A,1264619520,1264619520,14409728,N/A,135168,45826048,4,discern-proc-so,S (sleeping),client-compromised.bnsdq.ozxfs.vcwss-bomyo.kvugl,2.31371292897819,0
1759281670,341,1,103,103,103,103,109,109,109,109,109010944,109010944,102637568,N/A,135168,101281792,1,dbus-daemon,S (sleeping),client-compromised.bnsdq.ozxfs.vcwss-bomyo.kvugl,0.2655018395768665,0
1759281670,197662,1,N/A,N/A,N/A,N/A,N/A,N/A,N/A,N/A,1954066432,1930297344,27987968,N/A,135168,165945344,14,discern-network,S (sleeping),client-compromised.bnsdq.ozxfs.vcwss-bomyo.kvugl,0.39753465327537657,0
1759281670,183,1,N/A,N/A,N/A,N/A,N/A,N/A,N/A,N/A,160686080,139644928,43958272,4096,135168,30134272,1,systemd-journal,S (sleeping),client-compromised.bnsdq.ozxfs.vcwss-bomyo.kvugl,0.21122574538684855,0
1759281670,197684,1,N/A,N/A,N/A,N/A,N/A,N/A,N/A,N/A,1572204544,1505095680,20881408,N/A,135168,73678848,4,discern-interfa,S (sleeping),client-compromised.bnsdq.ozxfs.vcwss-bomyo.kvugl,0.0,0
1759281670,197690,1,N/A,N/A,N/A,N/A,N/A,N/A,N/A,N/A,1264619520,1264619520,14409728,N/A,135168,45826048,4,discern-proc-so,S (sleeping),client-compromised.bnsdq.ozxfs.vcwss-bomyo.kvugl,2.2916544364372418,0
1759281675,341,1,103,103,103,103,109,109,109,109,109010944,109010944,102637568,N/A,135168,101281792,1,dbus-daemon,S (sleeping),client-compromised.bnsdq.ozxfs.vcwss-bomyo.kvugl,0.2654742371095239,0
1759281675,197662,1,N/A,N/A,N/A,N/A,N/A,N/A,N/A,N/A,1954066432,1930625024,30511104,N/A,135168,170467328,14,discern-network,S (sleeping),client-compromised.bnsdq.ozxfs.vcwss-bomyo.kvugl,0.4177491888428232,0
1759281675,183,1,N/A,N/A,N/A,N/A,N/A,N/A,N/A,N/A,160686080,139644928,43958272,4096,135168,30134272,1,systemd-journal,S (sleeping),client-compromised.bnsdq.ozxfs.vcwss-bomyo.kvugl,0.21121958018122694,0
1759281675,197684,1,N/A,N/A,N/A,N/A,N/A,N/A,N/A,N/A,1572204544,1505095680,20881408,N/A,135168,73678848,4,discern-interfa,S (sleeping),client-compromised.bnsdq.ozxfs.vcwss-bomyo.kvugl,0.0,0
1759281675,197690,1,N/A,N/A,N/A,N/A,N/A,N/A,N/A,N/A,1264619520,1264619520,14409728,N/A,135168,45826048,4,discern-proc-so,S (sleeping),client-compromised.bnsdq.ozxfs.vcwss-bomyo.kvugl,2.2349414114187245,0
1759281681,341,1,103,103,103,103,109,109,109,109,109010944,109010944,102637568,N/A,135168,101281792,1,dbus-daemon,S (sleeping),client-compromised.bnsdq.ozxfs.vcwss-bomyo.kvugl,0.26544594385444975,0
1759281681,197662,1,N/A,N/A,N/A,N/A,N/A,N/A,N/A,N/A,1954066432,1930625024,30883840,N/A,135168,170467328,14,discern-network,S (sleeping),client-compromised.bnsdq.ozxfs.vcwss-bomyo.kvugl,0.41491889372839974,0
1759281681,183,1,N/A,N/A,N/A,N/A,N/A,N/A,N/A,N/A,160686080,139644928,43958272,4096,135168,30134272,1,systemd-journal,S (sleeping),client-compromised.bnsdq.ozxfs.vcwss-bomyo.kvugl,0.21121285378848087,0
1759281681,197684,1,N/A,N/A,N/A,N/A,N/A,N/A,N/A,N/A,1572204544,1505095680,20881408,N/A,135168,73678848,4,discern-interfa,S (sleeping),client-compromised.bnsdq.ozxfs.vcwss-bomyo.kvugl,0.0,0
1759281681,197690,1,N/A,N/A,N/A,N/A,N/A,N/A,N/A,N/A,1264619520,1264619520,14409728,N/A,135168,45826048,4,discern-proc-so,S (sleeping),client-compromised.bnsdq.ozxfs.vcwss-bomyo.kvugl,2.225459299922502,0
1759281686,341,1,103,103,103,103,109,109,109,109,109010944,109010944,102637568,N/A,135168,101281792,1,dbus-daemon,S (sleeping),client-compromised.bnsdq.ozxfs.vcwss-bomyo.kvugl,0.2654176217583798,0
1759281686,197662,1,N/A,N/A,N/A,N/A,N/A,N/A,N/A,N/A,1954066432,1930625024,30883840,N/A,135168,170467328,14,discern-network,S (sleeping),client-compromised.bnsdq.ozxfs.vcwss-bomyo.kvugl,0.429762158994054,0
1759281686,183,1,N/A,N/A,N/A,N/A,N/A,N/A,N/A,N/A,160686080,139644928,43958272,4096,135168,30134272,1,systemd-journal,S (sleeping),client-compromised.bnsdq.ozxfs.vcwss-bomyo.kvugl,0.2112060913330568,0
1759281686,197684,1,N/A,N/A,N/A,N/A,N/A,N/A,N/A,N/A,1572204544,1505095680,20881408,N/A,135168,73678848,4,discern-interfa,S (sleeping),client-compromised.bnsdq.ozxfs.vcwss-bomyo.kvugl,0.0,0
1759281686,197690,1,N/A,N/A,N/A,N/A,N/A,N/A,N/A,N/A,1264619520,1264619520,14409728,N/A,135168,45826048,4,discern-proc-so,S (sleeping),client-compromised.bnsdq.ozxfs.vcwss-bomyo.kvugl,2.2519398087675904,0
1759281691,341,1,103,103,103,103,109,109,109,109,109010944,109010944,102637568,N/A,135168,101281792,1,dbus-daemon,S (sleeping),client-compromised.bnsdq.ozxfs.vcwss-bomyo.kvugl,0.2654670150356062,0
1759281691,197662,1,N/A,N/A,N/A,N/A,N/A,N/A,N/A,N/A,1954066432,1930625024,30883840,N/A,135168,170467328,14,discern-network,S (sleeping),client-compromised.bnsdq.ozxfs.vcwss-bomyo.kvugl,0.4265705743684441,0
1759281691,183,1,N/A,N/A,N/A,N/A,N/A,N/A,N/A,N/A,160686080,139644928,43958272,4096,135168,30134272,1,systemd-journal,S (sleeping),client-compromised.bnsdq.ozxfs.vcwss-bomyo.kvugl,0.21119975038286334,0
1759281691,197684,1,N/A,N/A,N/A,N/A,N/A,N/A,N/A,N/A,1572204544,1505095680,20881408,N/A,135168,73678848,4,discern-interfa,S (sleeping),client-compromised.bnsdq.ozxfs.vcwss-bomyo.kvugl,0.0,0
1759281691,197690,1,N/A,N/A,N/A,N/A,N/A,N/A,N/A,N/A,1264619520,1264619520,14409728,N/A,135168,45826048,4,discern-proc-so,S (sleeping),client-compromised.bnsdq.ozxfs.vcwss-bomyo.kvugl,2.2434339769465192,0
1759281696,341,1,103,103,103,103,109,109,109,109,109010944,109010944,102637568,N/A,135168,101281792,1,dbus-daemon,S (sleeping),client-compromised.bnsdq.ozxfs.vcwss-bomyo.kvugl,0.2655160611498644,0
1759281696,197662,1,N/A,N/A,N/A,N/A,N/A,N/A,N/A,N/A,1954066432,1930625024,30883840,N/A,135168,170467328,14,discern-network,S (sleeping),client-compromised.bnsdq.ozxfs.vcwss-bomyo.kvugl,0.4237638348663668,0
1759281696,183,1,N/A,N/A,N/A,N/A,N/A,N/A,N/A,N/A,160686080,139644928,43958272,4096,135168,30134272,1,systemd-journal,S (sleeping),client-compromised.bnsdq.ozxfs.vcwss-bomyo.kvugl,0.21119316945154046,0
1759281696,197684,1,N/A,N/A,N/A,N/A,N/A,N/A,N/A,N/A,1572204544,1505095680,20881408,N/A,135168,73678848,4,discern-interfa,S (sleeping),client-compromised.bnsdq.ozxfs.vcwss-bomyo.kvugl,0.0,0
1759281696,197690,1,N/A,N/A,N/A,N/A,N/A,N/A,N/A,N/A,1264619520,1264619520,14409728,N/A,135168,45826048,4,discern-proc-so,S (sleeping),client-compromised.bnsdq.ozxfs.vcwss-bomyo.kvugl,2.2357098970897598,0
1759281701,341,1,103,103,103,103,109,109,109,109,109010944,109010944,102637568,N/A,135168,101281792,1,dbus-daemon,S (sleeping),client-compromised.bnsdq.ozxfs.vcwss-bomyo.kvugl,0.26548820833251535,0
1759281701,197662,1,N/A,N/A,N/A,N/A,N/A,N/A,N/A,N/A,1954066432,1930625024,30887936,N/A,135168,170467328,14,discern-network,S (sleeping),client-compromised.bnsdq.ozxfs.vcwss-bomyo.kvugl,0.4214188352111381,0
1759281701,183,1,N/A,N/A,N/A,N/A,N/A,N/A,N/A,N/A,160686080,139644928,43958272,4096,135168,30134272,1,systemd-journal,S (sleeping),client-compromised.bnsdq.ozxfs.vcwss-bomyo.kvugl,0.2111096879337122,0
1759281701,197684,1,N/A,N/A,N/A,N/A,N/A,N/A,N/A,N/A,1572204544,1505095680,20881408,N/A,135168,73678848,4,discern-interfa,S (sleeping),client-compromised.bnsdq.ozxfs.vcwss-bomyo.kvugl,0.0,0
1759281701,197690,1,N/A,N/A,N/A,N/A,N/A,N/A,N/A,N/A,1264619520,1264619520,14409728,N/A,135168,45826048,4,discern-proc-so,S (sleeping),client-compromised.bnsdq.ozxfs.vcwss-bomyo.kvugl,2.2294321759419926,0
1759281706,341,1,103,103,103,103,109,109,109,109,109010944,109010944,102637568,N/A,135168,101281792,1,dbus-daemon,S (sleeping),client-compromised.bnsdq.ozxfs.vcwss-bomyo.kvugl,0.2656122785542421,0
1759281706,197662,1,N/A,N/A,N/A,N/A,N/A,N/A,N/A,N/A,1954066432,1930625024,31059968,N/A,135168,170467328,14,discern-network,S (sleeping),client-compromised.bnsdq.ozxfs.vcwss-bomyo.kvugl,0.4187927145520967,0
1759281706,183,1,N/A,N/A,N/A,N/A,N/A,N/A,N/A,N/A,160686080,139644928,43958272,4096,135168,30134272,1,systemd-journal,S (sleeping),client-compromised.bnsdq.ozxfs.vcwss-bomyo.kvugl,0.2111786241974828,0
1759281706,197684,1,N/A,N/A,N/A,N/A,N/A,N/A,N/A,N/A,1572204544,1505095680,20881408,N/A,135168,73678848,4,discern-interfa,S (sleeping),client-compromised.bnsdq.ozxfs.vcwss-bomyo.kvugl,0.0,0
1759281706,197690,1,N/A,N/A,N/A,N/A,N/A,N/A,N/A,N/A,1264619520,1264619520,14409728,N/A,135168,45826048,4,discern-proc-so,S (sleeping),client-compromised.bnsdq.ozxfs.vcwss-bomyo.kvugl,2.233549253830802,0
1759281712,341,1,103,103,103,103,109,109,109,109,109010944,109010944,102637568,N/A,135168,101281792,1,dbus-daemon,S (sleeping),client-compromised.bnsdq.ozxfs.vcwss-bomyo.kvugl,0.265582848367928,0
1759281712,197662,1,N/A,N/A,N/A,N/A,N/A,N/A,N/A,N/A,1954066432,1930625024,31059968,N/A,135168,170467328,14,discern-network,S (sleeping),client-compromised.bnsdq.ozxfs.vcwss-bomyo.kvugl,0.4404711807247795,0
1759281712,183,1,N/A,N/A,N/A,N/A,N/A,N/A,N/A,N/A,160686080,139644928,43958272,4096,135168,30134272,1,systemd-journal,S (sleeping),client-compromised.bnsdq.ozxfs.vcwss-bomyo.kvugl,0.21117101518614587,0
1759281712,197684,1,N/A,N/A,N/A,N/A,N/A,N/A,N/A,N/A,1572204544,1505095680,20881408,N/A,135168,73678848,4,discern-interfa,S (sleeping),client-compromised.bnsdq.ozxfs.vcwss-bomyo.kvugl,0.0,0
1759281712,197690,1,N/A,N/A,N/A,N/A,N/A,N/A,N/A,N/A,1264619520,1264619520,14409728,N/A,135168,45826048,4,discern-proc-so,S (sleeping),client-compromised.bnsdq.ozxfs.vcwss-bomyo.kvugl,2.2261570419883943,0
1759281717,341,1,103,103,103,103,109,109,109,109,109010944,109010944,102637568,N/A,135168,101281792,1,dbus-daemon,S (sleeping),client-compromised.bnsdq.ozxfs.vcwss-bomyo.kvugl,0.2656314585980094,0
1759281717,197662,1,N/A,N/A,N/A,N/A,N/A,N/A,N/A,N/A,1954066432,1930625024,31059968,N/A,135168,170467328,14,discern-network,S (sleeping),client-compromised.bnsdq.ozxfs.vcwss-bomyo.kvugl,0.42622407333008266,0
1759281717,183,1,N/A,N/A,N/A,N/A,N/A,N/A,N/A,N/A,160686080,139644928,43958272,4096,135168,30134272,1,systemd-journal,S (sleeping),client-compromised.bnsdq.ozxfs.vcwss-bomyo.kvugl,0.21116420889762025,0
1759281717,197684,1,N/A,N/A,N/A,N/A,N/A,N/A,N/A,N/A,1572204544,1505095680,20881408,N/A,135168,73678848,4,discern-interfa,S (sleeping),client-compromised.bnsdq.ozxfs.vcwss-bomyo.kvugl,0.0,0
1759281717,197690,1,N/A,N/A,N/A,N/A,N/A,N/A,N/A,N/A,1264619520,1264619520,14409728,N/A,135168,45826048,4,discern-proc-so,S (sleeping),client-compromised.bnsdq.ozxfs.vcwss-bomyo.kvugl,2.2432769195867657,0
