timestamp,pid,ppid,real_uid,effective_uid,saved_uid,filesystem_uid,real_gid,effective_gid,saved_gid,filesystem_gid,vm_peak,vm_size,vm_hwm,rss_shmem,vm_stk,vm_data,threads,name,state,device_id,cpu
1759262638,340,1,103,103,103,103,109,109,109,109,210333696,210333696,204537856,N/A,135168,202604544,1,dbus-daemon,S (sleeping),nginx2.bnsdq.ozxfs.laefh.kvugl,0.2977590376858031
1759262638,3275,1,N/A,N/A,N/A,N/A,N/A,N/A,N/A,N/A,1931149312,1931149312,53477376,N/A,135168,187768832,14,discern-network,S (sleeping),nginx2.bnsdq.ozxfs.laefh.kvugl,2.2406045462734143
1759262638,183,1,N/A,N/A,N/A,N/A,N/A,N/A,N/A,N/A,150335488,108384256,44761088,4096,135168,28184576,1,systemd-journal,S (sleeping),nginx2.bnsdq.ozxfs.laefh.kvugl,0.18932460319450756
1759262638,3930,1,N/A,N/A,N/A,N/A,N/A,N/A,N/A,N/A,1647706112,1580859392,25862144,N/A,135168,82464768,5,discern-interfa,S (sleeping),nginx2.bnsdq.ozxfs.laefh.kvugl,0.001826569773803336
1759262638,62651,1,N/A,N/A,N/A,N/A,N/A,N/A,N/A,N/A,1264619520,1264619520,17321984,N/A,135168,45826048,4,discern-proc-so,S (sleeping),nginx2.bnsdq.ozxfs.laefh.kvugl,2.679440437688754
1759262643,340,1,103,103,103,103,109,109,109,109,210477056,210477056,204537856,N/A,135168,202747904,1,dbus-daemon,S (sleeping),nginx2.bnsdq.ozxfs.laefh.kvugl,0.29765637860931976
1759262643,3275,1,N/A,N/A,N/A,N/A,N/A,N/A,N/A,N/A,1931149312,1931149312,53477376,N/A,135168,187768832,14,discern-network,S (sleeping),nginx2.bnsdq.ozxfs.laefh.kvugl,2.240492144590543
1759262643,183,1,N/A,N/A,N/A,N/A,N/A,N/A,N/A,N/A,150335488,108384256,44761088,4096,135168,28184576,1,systemd-journal,S (sleeping),nginx2.bnsdq.ozxfs.laefh.kvugl,0.18932908218425434
1759262643,3930,1,N/A,N/A,N/A,N/A,N/A,N/A,N/A,N/A,1647706112,1580859392,25862144,N/A,135168,82464768,5,discern-interfa,S (sleeping),nginx2.bnsdq.ozxfs.laefh.kvugl,0.001824659495675838
1759262643,62651,1,N/A,N/A,N/A,N/A,N/A,N/A,N/A,N/A,1264619520,1264619520,17321984,N/A,135168,45826048,4,discern-proc-so,S (sleeping),nginx2.bnsdq.ozxfs.laefh.kvugl,2.6787254238577116
1759262648,340,1,103,103,103,103,109,109,109,109,210747392,210747392,204795904,N/A,135168,203018240,1,dbus-daemon,S (sleeping),nginx2.bnsdq.ozxfs.laefh.kvugl,0.29754872150972445
1759262648,77474,1,N/A,N/A,N/A,N/A,N/A,N/A,N/A,N/A,1400123392,1400123392,147861504,N/A,135168,223305728,4,discern-file-so,D (disk sleep),nginx2.bnsdq.ozxfs.laefh.kvugl,58.88166498674255
1759262648,3275,1,N/A,N/A,N/A,N/A,N/A,N/A,N/A,N/A,1931149312,1931149312,53477376,N/A,135168,187768832,14,discern-network,S (sleeping),nginx2.bnsdq.ozxfs.laefh.kvugl,2.2395349535445908
1759262648,183,1,N/A,N/A,N/A,N/A,N/A,N/A,N/A,N/A,150335488,108384256,44761088,4096,135168,28184576,1,systemd-journal,S (sleeping),nginx2.bnsdq.ozxfs.laefh.kvugl,0.1893302977413755
1759262648,3930,1,N/A,N/A,N/A,N/A,N/A,N/A,N/A,N/A,1647706112,1580859392,25862144,N/A,135168,82464768,5,discern-interfa,S (sleeping),nginx2.bnsdq.ozxfs.laefh.kvugl,0.001822720020359383
1759262653,340,1,103,103,103,103,109,109,109,109,210882560,210882560,204963840,N/A,135168,203153408,1,dbus-daemon,S (sleeping),nginx2.bnsdq.ozxfs.laefh.kvugl,0.29743849338268086
1759262653,77474,1,N/A,N/A,N/A,N/A,N/A,N/A,N/A,N/A,1467367424,1467367424,232185856,N/A,135168,286355456,4,discern-file-so,D (disk sleep),nginx2.bnsdq.ozxfs.laefh.kvugl,67.4862649199477
1759262653,3275,1,N/A,N/A,N/A,N/A,N/A,N/A,N/A,N/A,1931149312,1931149312,53477376,N/A,135168,187768832,14,discern-network,S (sleeping),nginx2.bnsdq.ozxfs.laefh.kvugl,2.238557059883496
1759262653,3930,1,N/A,N/A,N/A,N/A,N/A,N/A,N/A,N/A,1647706112,1580859392,25862144,N/A,135168,82464768,5,discern-interfa,S (sleeping),nginx2.bnsdq.ozxfs.laefh.kvugl,0.001820766399370829
1759262653,183,1,N/A,N/A,N/A,N/A,N/A,N/A,N/A,N/A,150335488,108384256,44761088,4096,135168,28184576,1,systemd-journal,S (sleeping),nginx2.bnsdq.ozxfs.laefh.kvugl,0.18971217499067727
1759262659,340,1,103,103,103,103,109,109,109,109,211017728,211017728,204963840,N/A,135168,203288576,1,dbus-daemon,S (sleeping),nginx2.bnsdq.ozxfs.laefh.kvugl,0.2973303745549593
1759262659,77474,1,N/A,N/A,N/A,N/A,N/A,N/A,N/A,N/A,1467629568,1467629568,232185856,N/A,135168,286617600,4,discern-file-so,S (sleeping),nginx2.bnsdq.ozxfs.laefh.kvugl,68.22644635510011
1759262659,3275,1,N/A,N/A,N/A,N/A,N/A,N/A,N/A,N/A,1931149312,1931149312,53477376,N/A,135168,187768832,14,discern-network,S (sleeping),nginx2.bnsdq.ozxfs.laefh.kvugl,2.2375965951968193
1759262659,3930,1,N/A,N/A,N/A,N/A,N/A,N/A,N/A,N/A,1647706112,1580859392,25862144,N/A,135168,82464768,5,discern-interfa,S (sleeping),nginx2.bnsdq.ozxfs.laefh.kvugl,0.0018188290330107544
1759262659,183,1,N/A,N/A,N/A,N/A,N/A,N/A,N/A,N/A,150335488,108384256,44761088,4096,135168,28184576,1,systemd-journal,S (sleeping),nginx2.bnsdq.ozxfs.laefh.kvugl,0.1895213412158413
1759262664,340,1,103,103,103,103,109,109,109,109,211288064,211288064,205234176,N/A,135168,203558912,1,dbus-daemon,S (sleeping),nginx2.bnsdq.ozxfs.laefh.kvugl,0.29741943720146063
1759262664,3275,1,N/A,N/A,N/A,N/A,N/A,N/A,N/A,N/A,1931149312,1931149312,53477376,N/A,135168,187768832,14,discern-network,S (sleeping),nginx2.bnsdq.ozxfs.laefh.kvugl,2.237889975829432
1759262664,3930,1,N/A,N/A,N/A,N/A,N/A,N/A,N/A,N/A,1647706112,1580859392,25862144,N/A,135168,82464768,5,discern-interfa,S (sleeping),nginx2.bnsdq.ozxfs.laefh.kvugl,0.0018169361567024979
1759262664,183,1,N/A,N/A,N/A,N/A,N/A,N/A,N/A,N/A,150335488,108384256,44761088,4096,135168,28184576,1,systemd-journal,S (sleeping),nginx2.bnsdq.ozxfs.laefh.kvugl,0.18990746482638662
1759262664,62651,1,N/A,N/A,N/A,N/A,N/A,N/A,N/A,N/A,1264619520,1264619520,17321984,N/A,135168,45826048,4,discern-proc-so,S (sleeping),nginx2.bnsdq.ozxfs.laefh.kvugl,2.6760219864986112
1759262669,340,1,103,103,103,103,109,109,109,109,211423232,211423232,205504512,N/A,135168,203694080,1,dbus-daemon,S (sleeping),nginx2.bnsdq.ozxfs.laefh.kvugl,0.29731731951175805
1759262669,3275,1,N/A,N/A,N/A,N/A,N/A,N/A,N/A,N/A,1931149312,1931149312,53477376,N/A,135168,187768832,14,discern-network,S (sleeping),nginx2.bnsdq.ozxfs.laefh.kvugl,2.2375788000420846
1759262669,183,1,N/A,N/A,N/A,N/A,N/A,N/A,N/A,N/A,150335488,108384256,44761088,4096,135168,28184576,1,systemd-journal,S (sleeping),nginx2.bnsdq.ozxfs.laefh.kvugl,0.1897205350804296
1759262669,3930,1,N/A,N/A,N/A,N/A,N/A,N/A,N/A,N/A,1647706112,1580859392,25862144,N/A,135168,82464768,5,discern-interfa,S (sleeping),nginx2.bnsdq.ozxfs.laefh.kvugl,0.0018150444481873848
1759262669,62651,1,N/A,N/A,N/A,N/A,N/A,N/A,N/A,N/A,1264619520,1264619520,17321984,N/A,135168,45826048,4,discern-proc-so,S (sleeping),nginx2.bnsdq.ozxfs.laefh.kvugl,2.6770302890344118
1759262674,340,1,103,103,103,103,109,109,109,109,211693568,211693568,205774848,N/A,135168,203964416,1,dbus-daemon,S (sleeping),nginx2.bnsdq.ozxfs.laefh.kvugl,0.2975959006478636
1759262674,3275,1,N/A,N/A,N/A,N/A,N/A,N/A,N/A,N/A,1931149312,1931149312,53477376,N/A,135168,187768832,14,discern-network,S (sleeping),nginx2.bnsdq.ozxfs.laefh.kvugl,2.2380644484799754
1759262674,183,1,N/A,N/A,N/A,N/A,N/A,N/A,N/A,N/A,150335488,108384256,44761088,4096,135168,28184576,1,systemd-journal,S (sleeping),nginx2.bnsdq.ozxfs.laefh.kvugl,0.18991458627927782
1759262674,3930,1,N/A,N/A,N/A,N/A,N/A,N/A,N/A,N/A,1647706112,1580859392,25862144,N/A,135168,82464768,5,discern-interfa,S (sleeping),nginx2.bnsdq.ozxfs.laefh.kvugl,0.0018131531517229255
1759262674,62651,1,N/A,N/A,N/A,N/A,N/A,N/A,N/A,N/A,1264619520,1264619520,17321984,N/A,135168,45826048,4,discern-proc-so,S (sleeping),nginx2.bnsdq.ozxfs.laefh.kvugl,2.677160467184269
1759262679,340,1,103,103,103,103,109,109,109,109,211828736,211828736,205774848,N/A,135168,204099584,1,dbus-daemon,S (sleeping),nginx2.bnsdq.ozxfs.laefh.kvugl,0.2973039873892707
1759262679,3275,1,N/A,N/A,N/A,N/A,N/A,N/A,N/A,N/A,1931149312,1931149312,53477376,N/A,135168,187768832,14,discern-network,S (sleeping),nginx2.bnsdq.ozxfs.laefh.kvugl,2.2377577525638874
1759262679,183,1,N/A,N/A,N/A,N/A,N/A,N/A,N/A,N/A,150335488,108384256,44761088,4096,135168,28184576,1,systemd-journal,S (sleeping),nginx2.bnsdq.ozxfs.laefh.kvugl,0.18972833224326266
1759262679,3930,1,N/A,N/A,N/A,N/A,N/A,N/A,N/A,N/A,1647706112,1580859392,25862144,N/A,135168,82464768,5,discern-interfa,S (sleeping),nginx2.bnsdq.ozxfs.laefh.kvugl,0.0018112725873379203
1759262679,62651,1,N/A,N/A,N/A,N/A,N/A,N/A,N/A,N/A,1264619520,1264619520,17321984,N/A,135168,45826048,4,discern-proc-so,S (sleeping),nginx2.bnsdq.ozxfs.laefh.kvugl,2.676488341730059
1759262685,340,1,103,103,103,103,109,109,109,109,212099072,212099072,206045184,N/A,135168,204369920,1,dbus-daemon,S (sleeping),nginx2.bnsdq.ozxfs.laefh.kvugl,0.29739250917613824
1759262685,3275,1,N/A,N/A,N/A,N/A,N/A,N/A,N/A,N/A,1931149312,1931149312,53477376,N/A,135168,187768832,14,discern-network,S (sleeping),nginx2.bnsdq.ozxfs.laefh.kvugl,2.2378477117795263
1759262685,183,1,N/A,N/A,N/A,N/A,N/A,N/A,N/A,N/A,150335488,108384256,44761088,4096,135168,28184576,1,systemd-journal,S (sleeping),nginx2.bnsdq.ozxfs.laefh.kvugl,0.1897322810023444
1759262685,3930,1,N/A,N/A,N/A,N/A,N/A,N/A,N/A,N/A,1647706112,1580859392,25862144,N/A,135168,82464768,5,discern-interfa,S (sleeping),nginx2.bnsdq.ozxfs.laefh.kvugl,0.0018093931645396025
1759262685,62651,1,N/A,N/A,N/A,N/A,N/A,N/A,N/A,N/A,1264619520,1264619520,17321984,N/A,135168,45826048,4,discern-proc-so,S (sleeping),nginx2.bnsdq.ozxfs.laefh.kvugl,2.6774842348294805
1759262690,340,1,103,103,103,103,109,109,109,109,212234240,212234240,206315520,N/A,135168,204505088,1,dbus-daemon,S (sleeping),nginx2.bnsdq.ozxfs.laefh.kvugl,0.29747945038034473
1759262690,3275,1,N/A,N/A,N/A,N/A,N/A,N/A,N/A,N/A,1931149312,1931149312,53477376,N/A,135168,187768832,14,discern-network,S (sleeping),nginx2.bnsdq.ozxfs.laefh.kvugl,2.2379263587625613
1759262690,183,1,N/A,N/A,N/A,N/A,N/A,N/A,N/A,N/A,150335488,108384256,44761088,4096,135168,28184576,1,systemd-journal,S (sleeping),nginx2.bnsdq.ozxfs.laefh.kvugl,0.189925249261355
1759262690,3930,1,N/A,N/A,N/A,N/A,N/A,N/A,N/A,N/A,1647706112,1580859392,25862144,N/A,135168,82464768,5,discern-interfa,S (sleeping),nginx2.bnsdq.ozxfs.laefh.kvugl,0.0018075085792789577
1759262690,62651,1,N/A,N/A,N/A,N/A,N/A,N/A,N/A,N/A,1264619520,1264619520,17321984,N/A,135168,45826048,4,discern-proc-so,S (sleeping),nginx2.bnsdq.ozxfs.laefh.kvugl,2.67925157214904
1759262695,340,1,103,103,103,103,109,109,109,109,212369408,212369408,206315520,N/A,135168,204640256,1,dbus-daemon,S (sleeping),nginx2.bnsdq.ozxfs.laefh.kvugl,0.29737810034572165
1759262695,3275,1,N/A,N/A,N/A,N/A,N/A,N/A,N/A,N/A,1931149312,1931149312,53477376,N/A,135168,187768832,14,discern-network,S (sleeping),nginx2.bnsdq.ozxfs.laefh.kvugl,2.23861583616431
1759262695,183,1,N/A,N/A,N/A,N/A,N/A,N/A,N/A,N/A,150335488,108384256,44761088,4096,135168,28184576,1,systemd-journal,S (sleeping),nginx2.bnsdq.ozxfs.laefh.kvugl,0.18973941586267626
1759262695,3930,1,N/A,N/A,N/A,N/A,N/A,N/A,N/A,N/A,1647706112,1580859392,25862144,N/A,135168,82464768,5,discern-interfa,S (sleeping),nginx2.bnsdq.ozxfs.laefh.kvugl,0.001805638540161481
1759262695,62651,1,N/A,N/A,N/A,N/A,N/A,N/A,N/A,N/A,1264619520,1264619520,17321984,N/A,135168,45826048,4,discern-proc-so,S (sleeping),nginx2.bnsdq.ozxfs.laefh.kvugl,2.679404411074581
1759262700,340,1,103,103,103,103,109,109,109,109,212533248,212533248,206585856,N/A,135168,204804096,1,dbus-daemon,S (sleeping),nginx2.bnsdq.ozxfs.laefh.kvugl,0.29746561929002324
1759262700,3275,1,N/A,N/A,N/A,N/A,N/A,N/A,N/A,N/A,1931149312,1931149312,53477376,N/A,135168,187768832,14,discern-network,S (sleeping),nginx2.bnsdq.ozxfs.laefh.kvugl,2.2385002236835585
1759262700,183,1,N/A,N/A,N/A,N/A,N/A,N/A,N/A,N/A,150335488,108384256,44761088,4096,135168,28184576,1,systemd-journal,S (sleeping),nginx2.bnsdq.ozxfs.laefh.kvugl,0.18974291295844464
1759262700,3930,1,N/A,N/A,N/A,N/A,N/A,N/A,N/A,N/A,1647706112,1580859392,25862144,N/A,135168,82464768,5,discern-interfa,S (sleeping),nginx2.bnsdq.ozxfs.laefh.kvugl,0.0018037664576985787
1759262700,62651,1,N/A,N/A,N/A,N/A,N/A,N/A,N/A,N/A,1264619520,1264619520,17321984,N/A,135168,45826048,4,discern-proc-so,S (sleeping),nginx2.bnsdq.ozxfs.laefh.kvugl,2.6811771665945066
1759262705,340,1,103,103,103,103,109,109,109,109,212803584,212803584,206856192,N/A,135168,205074432,1,dbus-daemon,S (sleeping),nginx2.bnsdq.ozxfs.laefh.kvugl,0.2971752315882063
1759262705,3275,1,N/A,N/A,N/A,N/A,N/A,N/A,N/A,N/A,1931149312,1931149312,53477376,N/A,135168,187768832,14,discern-network,S (sleeping),nginx2.bnsdq.ozxfs.laefh.kvugl,2.238592229567564
1759262705,183,1,N/A,N/A,N/A,N/A,N/A,N/A,N/A,N/A,150335488,108384256,44761088,4096,135168,28184576,1,systemd-journal,S (sleeping),nginx2.bnsdq.ozxfs.laefh.kvugl,0.18993645456686972
1759262705,3930,1,N/A,N/A,N/A,N/A,N/A,N/A,N/A,N/A,1647706112,1580859392,25862144,N/A,135168,82464768,5,discern-interfa,S (sleeping),nginx2.bnsdq.ozxfs.laefh.kvugl,0.0018019051114744305
1759262705,62651,1,N/A,N/A,N/A,N/A,N/A,N/A,N/A,N/A,1264619520,1264619520,17321984,N/A,135168,45826048,4,discern-proc-so,S (sleeping),nginx2.bnsdq.ozxfs.laefh.kvugl,2.6805008776426305
1759262710,340,1,103,103,103,103,109,109,109,109,212938752,212938752,206856192,N/A,135168,205209600,1,dbus-daemon,S (sleeping),nginx2.bnsdq.ozxfs.laefh.kvugl,0.29726276411724667
1759262710,3275,1,N/A,N/A,N/A,N/A,N/A,N/A,N/A,N/A,1931149312,1931149312,53477376,N/A,135168,187768832,14,discern-network,S (sleeping),nginx2.bnsdq.ozxfs.laefh.kvugl,2.2386754688927093
1759262710,183,1,N/A,N/A,N/A,N/A,N/A,N/A,N/A,N/A,150335488,108384256,44761088,4096,135168,28184576,1,systemd-journal,S (sleeping),nginx2.bnsdq.ozxfs.laefh.kvugl,0.18993974651797013
1759262710,3930,1,N/A,N/A,N/A,N/A,N/A,N/A,N/A,N/A,1647706112,1580859392,25862144,N/A,135168,82464768,5,discern-interfa,S (sleeping),nginx2.bnsdq.ozxfs.laefh.kvugl,0.0018000407142158544
1759262710,62651,1,N/A,N/A,N/A,N/A,N/A,N/A,N/A,N/A,1264619520,1264619520,17321984,N/A,135168,45826048,4,discern-proc-so,S (sleeping),nginx2.bnsdq.ozxfs.laefh.kvugl,2.6814322053560025
1759262716,340,1,103,103,103,103,109,109,109,109,213073920,213073920,207126528,N/A,135168,205344768,1,dbus-daemon,S (sleeping),nginx2.bnsdq.ozxfs.laefh.kvugl,0.2971623904341072
1759262716,3275,1,N/A,N/A,N/A,N/A,N/A,N/A,N/A,N/A,1931149312,1931149312,53477376,N/A,135168,187768832,14,discern-network,S (sleeping),nginx2.bnsdq.ozxfs.laefh.kvugl,2.238570312494036
1759262716,183,1,N/A,N/A,N/A,N/A,N/A,N/A,N/A,N/A,150335488,108384256,44761088,4096,135168,28184576,1,systemd-journal,S (sleeping),nginx2.bnsdq.ozxfs.laefh.kvugl,0.18975486031911354
1759262716,3930,1,N/A,N/A,N/A,N/A,N/A,N/A,N/A,N/A,1647706112,1580859392,25862144,N/A,135168,82464768,5,discern-interfa,S (sleeping),nginx2.bnsdq.ozxfs.laefh.kvugl,0.001798188445763015
1759262716,62651,1,N/A,N/A,N/A,N/A,N/A,N/A,N/A,N/A,1264619520,1264619520,17321984,N/A,135168,45826048,4,discern-proc-so,S (sleeping),nginx2.bnsdq.ozxfs.laefh.kvugl,2.6807693262494587
1759262721,340,1,103,103,103,103,109,109,109,109,213344256,213344256,207396864,N/A,135168,205615104,1,dbus-daemon,S (sleeping),nginx2.bnsdq.ozxfs.laefh.kvugl,0.297250588565082
1759262721,3275,1,N/A,N/A,N/A,N/A,N/A,N/A,N/A,N/A,1931149312,1931149312,53477376,N/A,135168,187768832,14,discern-network,S (sleeping),nginx2.bnsdq.ozxfs.laefh.kvugl,2.2386599107146057
1759262721,183,1,N/A,N/A,N/A,N/A,N/A,N/A,N/A,N/A,150335488,108384256,44761088,4096,135168,28184576,1,systemd-journal,S (sleeping),nginx2.bnsdq.ozxfs.laefh.kvugl,0.18975884367771798
1759262721,3930,1,N/A,N/A,N/A,N/A,N/A,N/A,N/A,N/A,1647706112,1580859392,25862144,N/A,135168,82464768,5,discern-interfa,S (sleeping),nginx2.bnsdq.ozxfs.laefh.kvugl,0.0017963369268499548
1759262721,62651,1,N/A,N/A,N/A,N/A,N/A,N/A,N/A,N/A,1264619520,1264619520,17321984,N/A,135168,45826048,4,discern-proc-so,S (sleeping),nginx2.bnsdq.ozxfs.laefh.kvugl,2.681723097904124
1759262726,340,1,103,103,103,103,109,109,109,109,213479424,213479424,207396864,N/A,135168,205750272,1,dbus-daemon,S (sleeping),nginx2.bnsdq.ozxfs.laefh.kvugl,0.29733851748787876
1759262726,3275,1,N/A,N/A,N/A,N/A,N/A,N/A,N/A,N/A,1931149312,1931149312,53477376,N/A,135168,187768832,14,discern-network,S (sleeping),nginx2.bnsdq.ozxfs.laefh.kvugl,2.2383523956483375
1759262726,183,1,N/A,N/A,N/A,N/A,N/A,N/A,N/A,N/A,150335488,108384256,44761088,4096,135168,28184576,1,systemd-journal,S (sleeping),nginx2.bnsdq.ozxfs.laefh.kvugl,0.18957413164170747
1759262726,3930,1,N/A,N/A,N/A,N/A,N/A,N/A,N/A,N/A,1647706112,1580859392,25862144,N/A,135168,82464768,5,discern-interfa,S (sleeping),nginx2.bnsdq.ozxfs.laefh.kvugl,0.0017944886576459166
1759262726,62651,1,N/A,N/A,N/A,N/A,N/A,N/A,N/A,N/A,1264619520,1264619520,17321984,N/A,135168,45826048,4,discern-proc-so,S (sleeping),nginx2.bnsdq.ozxfs.laefh.kvugl,2.681042601242557
1759262731,340,1,103,103,103,103,109,109,109,109,213749760,213749760,207667200,N/A,135168,206020608,1,dbus-daemon,S (sleeping),nginx2.bnsdq.ozxfs.laefh.kvugl,0.29723749670013166
1759262731,3275,1,N/A,N/A,N/A,N/A,N/A,N/A,N/A,N/A,1931149312,1931149312,53477376,N/A,135168,187768832,14,discern-network,S (sleeping),nginx2.bnsdq.ozxfs.laefh.kvugl,2.2384389212679774
1759262731,183,1,N/A,N/A,N/A,N/A,N/A,N/A,N/A,N/A,150335488,108384256,44761088,4096,135168,28184576,1,systemd-journal,S (sleeping),nginx2.bnsdq.ozxfs.laefh.kvugl,0.18976648133818583
1759262731,3930,1,N/A,N/A,N/A,N/A,N/A,N/A,N/A,N/A,1647706112,1580859392,25862144,N/A,135168,82464768,5,discern-interfa,S (sleeping),nginx2.bnsdq.ozxfs.laefh.kvugl,0.0017926422356568026
1759262731,62651,1,N/A,N/A,N/A,N/A,N/A,N/A,N/A,N/A,1264619520,1264619520,17321984,N/A,135168,45826048,4,discern-proc-so,S (sleeping),nginx2.bnsdq.ozxfs.laefh.kvugl,2.6811639579050786
1759262736,340,1,103,103,103,103,109,109,109,109,213884928,213884928,207937536,N/A,135168,206155776,1,dbus-daemon,S (sleeping),nginx2.bnsdq.ozxfs.laefh.kvugl,0.2973245309236859
1759262736,3275,1,N/A,N/A,N/A,N/A,N/A,N/A,N/A,N/A,1931149312,1931149312,53477376,N/A,135168,187768832,14,discern-network,S (sleeping),nginx2.bnsdq.ozxfs.laefh.kvugl,2.23832411872218
1759262736,183,1,N/A,N/A,N/A,N/A,N/A,N/A,N/A,N/A,150335488,108384256,44761088,4096,135168,28184576,1,systemd-journal,S (sleeping),nginx2.bnsdq.ozxfs.laefh.kvugl,0.18995817706330606
1759262736,3930,1,N/A,N/A,N/A,N/A,N/A,N/A,N/A,N/A,1647706112,1580859392,25862144,N/A,135168,82464768,5,discern-interfa,S (sleeping),nginx2.bnsdq.ozxfs.laefh.kvugl,0.00179079686809723
1759262736,62651,1,N/A,N/A,N/A,N/A,N/A,N/A,N/A,N/A,1264619520,1264619520,17321984,N/A,135168,45826048,4,discern-proc-so,S (sleeping),nginx2.bnsdq.ozxfs.laefh.kvugl,2.6812677652959347
1759262741,340,1,103,103,103,103,109,109,109,109,214020096,214020096,207937536,N/A,135168,206290944,1,dbus-daemon,S (sleeping),nginx2.bnsdq.ozxfs.laefh.kvugl,0.297225282834666
1759262741,3275,1,N/A,N/A,N/A,N/A,N/A,N/A,N/A,N/A,1931149312,1931149312,53477376,N/A,135168,187768832,14,discern-network,S (sleeping),nginx2.bnsdq.ozxfs.laefh.kvugl,2.2386203266126405
1759262741,183,1,N/A,N/A,N/A,N/A,N/A,N/A,N/A,N/A,150335488,108384256,44761088,4096,135168,28184576,1,systemd-journal,S (sleeping),nginx2.bnsdq.ozxfs.laefh.kvugl,0.18977461471755927
1759262741,3930,1,N/A,N/A,N/A,N/A,N/A,N/A,N/A,N/A,1647706112,1580859392,25862144,N/A,135168,82464768,5,discern-interfa,S (sleeping),nginx2.bnsdq.ozxfs.laefh.kvugl,0.0017889679585336954
1759262741,62651,1,N/A,N/A,N/A,N/A,N/A,N/A,N/A,N/A,1264619520,1264619520,17321984,N/A,135168,45826048,4,discern-proc-so,S (sleeping),nginx2.bnsdq.ozxfs.laefh.kvugl,2.679844246074542
1759262747,340,1,103,103,103,103,109,109,109,109,214290432,214290432,208207872,N/A,135168,206561280,1,dbus-daemon,S (sleeping),nginx2.bnsdq.ozxfs.laefh.kvugl,0.29712441340196055
1759262747,3275,1,N/A,N/A,N/A,N/A,N/A,N/A,N/A,N/A,1931149312,1931149312,53477376,N/A,135168,187768832,14,discern-network,S (sleeping),nginx2.bnsdq.ozxfs.laefh.kvugl,2.238507051886131
1759262747,183,1,N/A,N/A,N/A,N/A,N/A,N/A,N/A,N/A,150335488,108384256,44761088,4096,135168,28184576,1,systemd-journal,S (sleeping),nginx2.bnsdq.ozxfs.laefh.kvugl,0.18977815112202293
1759262747,3930,1,N/A,N/A,N/A,N/A,N/A,N/A,N/A,N/A,1647706112,1580859392,25862144,N/A,135168,82464768,5,discern-interfa,S (sleeping),nginx2.bnsdq.ozxfs.laefh.kvugl,0.0017871313155694442
1759262747,62651,1,N/A,N/A,N/A,N/A,N/A,N/A,N/A,N/A,1264619520,1264619520,17321984,N/A,135168,45826048,4,discern-proc-so,S (sleeping),nginx2.bnsdq.ozxfs.laefh.kvugl,2.679959837117032
1759262752,340,1,103,103,103,103,109,109,109,109,214425600,214425600,208478208,N/A,135168,206696448,1,dbus-daemon,S (sleeping),nginx2.bnsdq.ozxfs.laefh.kvugl,0.2972125031077423
1759262752,3275,1,N/A,N/A,N/A,N/A,N/A,N/A,N/A,N/A,1931149312,1931149312,53477376,N/A,135168,187768832,14,discern-network,S (sleeping),nginx2.bnsdq.ozxfs.laefh.kvugl,2.2382049210312616
1759262752,183,1,N/A,N/A,N/A,N/A,N/A,N/A,N/A,N/A,150335488,108384256,44761088,4096,135168,28184576,1,systemd-journal,S (sleeping),nginx2.bnsdq.ozxfs.laefh.kvugl,0.18959460894898453
1759262752,3930,1,N/A,N/A,N/A,N/A,N/A,N/A,N/A,N/A,1647706112,1580859392,25862144,N/A,135168,82464768,5,discern-interfa,S (sleeping),nginx2.bnsdq.ozxfs.laefh.kvugl,0.0017853048738724019
1759262752,62651,1,N/A,N/A,N/A,N/A,N/A,N/A,N/A,N/A,1264619520,1264619520,17321984,N/A,135168,45826048,4,discern-proc-so,S (sleeping),nginx2.bnsdq.ozxfs.laefh.kvugl,2.6801130469534984
1759262757,340,1,103,103,103,103,109,109,109,109,214560768,214560768,208478208,N/A,135168,206831616,1,dbus-daemon,S (sleeping),nginx2.bnsdq.ozxfs.laefh.kvugl,0.2971118093953968
1759262757,3275,1,N/A,N/A,N/A,N/A,N/A,N/A,N/A,N/A,1931149312,1931149312,53477376,N/A,135168,187768832,14,discern-network,S (sleeping),nginx2.bnsdq.ozxfs.laefh.kvugl,2.238288920310442
1759262757,183,1,N/A,N/A,N/A,N/A,N/A,N/A,N/A,N/A,150335488,108384256,44761088,4096,135168,28184576,1,systemd-journal,S (sleeping),nginx2.bnsdq.ozxfs.laefh.kvugl,0.189598292405693
1759262757,3930,1,N/A,N/A,N/A,N/A,N/A,N/A,N/A,N/A,1647706112,1580859392,25862144,N/A,135168,82464768,5,discern-interfa,S (sleeping),nginx2.bnsdq.ozxfs.laefh.kvugl,0.0017834755191151422
1759262757,62651,1,N/A,N/A,N/A,N/A,N/A,N/A,N/A,N/A,1264619520,1264619520,17321984,N/A,135168,45826048,4,discern-proc-so,S (sleeping),nginx2.bnsdq.ozxfs.laefh.kvugl,2.6810166492890715
1759262762,340,1,103,103,103,103,109,109,109,109,214695936,214695936,208748544,N/A,135168,206966784,1,dbus-daemon,S (sleeping),nginx2.bnsdq.ozxfs.laefh.kvugl,0.2970122997278747
1759262762,3275,1,N/A,N/A,N/A,N/A,N/A,N/A,N/A,N/A,1931149312,1931149312,53477376,N/A,135168,187768832,14,discern-network,S (sleeping),nginx2.bnsdq.ozxfs.laefh.kvugl,2.238380573610281
1759262762,183,1,N/A,N/A,N/A,N/A,N/A,N/A,N/A,N/A,150335488,108384256,44761088,4096,135168,28184576,1,systemd-journal,S (sleeping),nginx2.bnsdq.ozxfs.laefh.kvugl,0.1896026004870567
1759262762,3930,1,N/A,N/A,N/A,N/A,N/A,N/A,N/A,N/A,1647706112,1580859392,25862144,N/A,135168,82464768,5,discern-interfa,S (sleeping),nginx2.bnsdq.ozxfs.laefh.kvugl,0.0017816561940316483
1759262762,62651,1,N/A,N/A,N/A,N/A,N/A,N/A,N/A,N/A,1264619520,1264619520,17321984,N/A,135168,45826048,4,discern-proc-so,S (sleeping),nginx2.bnsdq.ozxfs.laefh.kvugl,2.681162242899519
1759262767,340,1,103,103,103,103,109,109,109,109,215101440,215101440,209018880,N/A,135168,207372288,1,dbus-daemon,S (sleeping),nginx2.bnsdq.ozxfs.laefh.kvugl,0.29728749087067147
1759262767,3275,1,N/A,N/A,N/A,N/A,N/A,N/A,N/A,N/A,1931149312,1931149312,53477376,N/A,135168,187768832,14,discern-network,S (sleeping),nginx2.bnsdq.ozxfs.laefh.kvugl,2.238472759324701
1759262767,183,1,N/A,N/A,N/A,N/A,N/A,N/A,N/A,N/A,150335488,116764672,44761088,4096,135168,28184576,1,systemd-journal,S (sleeping),nginx2.bnsdq.ozxfs.laefh.kvugl,0.18960695784718454
1759262767,3930,1,N/A,N/A,N/A,N/A,N/A,N/A,N/A,N/A,1647706112,1580859392,25862144,N/A,135168,82464768,5,discern-interfa,S (sleeping),nginx2.bnsdq.ozxfs.laefh.kvugl,0.0017798411495642081
1759262767,62651,1,N/A,N/A,N/A,N/A,N/A,N/A,N/A,N/A,1264619520,1264619520,17321984,N/A,135168,45826048,4,discern-proc-so,S (sleeping),nginx2.bnsdq.ozxfs.laefh.kvugl,2.6797397570246906
1759262772,340,1,103,103,103,103,109,109,109,109,215101440,215101440,209289216,N/A,135168,207372288,1,dbus-daemon,S (sleeping),nginx2.bnsdq.ozxfs.laefh.kvugl,0.29700109938807273
1759262772,3275,1,N/A,N/A,N/A,N/A,N/A,N/A,N/A,N/A,1931149312,1931149312,53477376,N/A,135168,187768832,14,discern-network,S (sleeping),nginx2.bnsdq.ozxfs.laefh.kvugl,2.2383687208672196
1759262772,183,1,N/A,N/A,N/A,N/A,N/A,N/A,N/A,N/A,150335488,116764672,44761088,4096,135168,28184576,1,systemd-journal,S (sleeping),nginx2.bnsdq.ozxfs.laefh.kvugl,0.18961132614647772
1759262772,3930,1,N/A,N/A,N/A,N/A,N/A,N/A,N/A,N/A,1647706112,1580859392,25862144,N/A,135168,82464768,5,discern-interfa,S (sleeping),nginx2.bnsdq.ozxfs.laefh.kvugl,0.001778029983562755
1759262772,62651,1,N/A,N/A,N/A,N/A,N/A,N/A,N/A,N/A,1264619520,1264619520,17321984,N/A,135168,45826048,4,discern-proc-so,S (sleeping),nginx2.bnsdq.ozxfs.laefh.kvugl,2.679893827794354
1759262777,340,1,103,103,103,103,109,109,109,109,215371776,215371776,209289216,N/A,135168,207642624,1,dbus-daemon,S (sleeping),nginx2.bnsdq.ozxfs.laefh.kvugl,0.2970887415271422
1759262777,3275,1,N/A,N/A,N/A,N/A,N/A,N/A,N/A,N/A,1931149312,1931149312,53477376,N/A,135168,187768832,14,discern-network,S (sleeping),nginx2.bnsdq.ozxfs.laefh.kvugl,2.238263238183763
1759262777,183,1,N/A,N/A,N/A,N/A,N/A,N/A,N/A,N/A,150335488,116764672,44761088,4096,135168,28184576,1,systemd-journal,S (sleeping),nginx2.bnsdq.ozxfs.laefh.kvugl,0.18961555300592683
1759262777,3930,1,N/A,N/A,N/A,N/A,N/A,N/A,N/A,N/A,1647706112,1580859392,25862144,N/A,135168,82464768,5,discern-interfa,S (sleeping),nginx2.bnsdq.ozxfs.laefh.kvugl,0.0017762211887399502
1759262777,62651,1,N/A,N/A,N/A,N/A,N/A,N/A,N/A,N/A,1264619520,1264619520,17321984,N/A,135168,45826048,4,discern-proc-so,S (sleeping),nginx2.bnsdq.ozxfs.laefh.kvugl,2.680038838015496
1759262783,340,1,103,103,103,103,109,109,109,109,228122624,228122624,209559552,N/A,135168,220393472,1,dbus-daemon,S (sleeping),nginx2.bnsdq.ozxfs.laefh.kvugl,0.29717534293672837
1759262783,3275,1,N/A,N/A,N/A,N/A,N/A,N/A,N/A,N/A,1931149312,1931149312,53477376,N/A,135168,187768832,14,discern-network,S (sleeping),nginx2.bnsdq.ozxfs.laefh.kvugl,2.2383469357930657
1759262783,183,1,N/A,N/A,N/A,N/A,N/A,N/A,N/A,N/A,150335488,116764672,44761088,4096,135168,28184576,1,systemd-journal,S (sleeping),nginx2.bnsdq.ozxfs.laefh.kvugl,0.18961921321549313
1759262783,3930,1,N/A,N/A,N/A,N/A,N/A,N/A,N/A,N/A,1647706112,1580859392,25862144,N/A,135168,82464768,5,discern-interfa,S (sleeping),nginx2.bnsdq.ozxfs.laefh.kvugl,0.0017744105456756394
1759262783,62651,1,N/A,N/A,N/A,N/A,N/A,N/A,N/A,N/A,1264619520,1264619520,17321984,N/A,135168,45826048,4,discern-proc-so,S (sleeping),nginx2.bnsdq.ozxfs.laefh.kvugl,2.680925613606102
1759262788,340,1,103,103,103,103,109,109,109,109,228397056,228397056,209829888,N/A,135168,220667904,1,dbus-daemon,S (sleeping),nginx2.bnsdq.ozxfs.laefh.kvugl,0.29707598309792344
1759262788,3275,1,N/A,N/A,N/A,N/A,N/A,N/A,N/A,N/A,1931149312,1931149312,53477376,N/A,135168,187768832,14,discern-network,S (sleeping),nginx2.bnsdq.ozxfs.laefh.kvugl,2.238435938362051
1759262788,183,1,N/A,N/A,N/A,N/A,N/A,N/A,N/A,N/A,150335488,116764672,44761088,4096,135168,28184576,1,systemd-journal,S (sleeping),nginx2.bnsdq.ozxfs.laefh.kvugl,0.1896233077807551
1759262788,3930,1,N/A,N/A,N/A,N/A,N/A,N/A,N/A,N/A,1647706112,1580859392,25862144,N/A,135168,82464768,5,discern-interfa,S (sleeping),nginx2.bnsdq.ozxfs.laefh.kvugl,0.001772607945468887
1759262788,62651,1,N/A,N/A,N/A,N/A,N/A,N/A,N/A,N/A,1264619520,1264619520,17321984,N/A,135168,45826048,4,discern-proc-so,S (sleeping),nginx2.bnsdq.ozxfs.laefh.kvugl,2.6810583506846375
1759262793,340,1,103,103,103,103,109,109,109,109,228532224,228532224,209829888,N/A,135168,220803072,1,dbus-daemon,S (sleeping),nginx2.bnsdq.ozxfs.laefh.kvugl,0.29697581865507394
1759262793,3275,1,N/A,N/A,N/A,N/A,N/A,N/A,N/A,N/A,1931149312,1931149312,53477376,N/A,135168,187768832,14,discern-network,S (sleeping),nginx2.bnsdq.ozxfs.laefh.kvugl,2.2383214208158613
1759262793,183,1,N/A,N/A,N/A,N/A,N/A,N/A,N/A,N/A,150335488,116764672,44761088,4096,135168,28184576,1,systemd-journal,S (sleeping),nginx2.bnsdq.ozxfs.laefh.kvugl,0.18962676090447642
1759262793,3930,1,N/A,N/A,N/A,N/A,N/A,N/A,N/A,N/A,1647706112,1580859392,25862144,N/A,135168,82464768,5,discern-interfa,S (sleeping),nginx2.bnsdq.ozxfs.laefh.kvugl,0.0017708027616051528
1759262793,62651,1,N/A,N/A,N/A,N/A,N/A,N/A,N/A,N/A,1264619520,1264619520,17321984,N/A,135168,45826048,4,discern-proc-so,S (sleeping),nginx2.bnsdq.ozxfs.laefh.kvugl,2.681922907008436
1759262798,340,1,103,103,103,103,109,109,109,109,228667392,228667392,210100224,N/A,135168,220938240,1,dbus-daemon,S (sleeping),nginx2.bnsdq.ozxfs.laefh.kvugl,0.2968767696732804
1759262798,3275,1,N/A,N/A,N/A,N/A,N/A,N/A,N/A,N/A,1931149312,1931149312,53477376,N/A,135168,187768832,14,discern-network,S (sleeping),nginx2.bnsdq.ozxfs.laefh.kvugl,2.238409712705395
1759262798,183,1,N/A,N/A,N/A,N/A,N/A,N/A,N/A,N/A,150335488,116764672,44761088,4096,135168,28184576,1,systemd-journal,S (sleeping),nginx2.bnsdq.ozxfs.laefh.kvugl,0.18944470129923746
1759262798,3930,1,N/A,N/A,N/A,N/A,N/A,N/A,N/A,N/A,1647706112,1580859392,25862144,N/A,135168,82464768,5,discern-interfa,S (sleeping),nginx2.bnsdq.ozxfs.laefh.kvugl,0.001769007049917594
1759262798,62651,1,N/A,N/A,N/A,N/A,N/A,N/A,N/A,N/A,1264619520,1264619520,17321984,N/A,135168,45826048,4,discern-proc-so,S (sleeping),nginx2.bnsdq.ozxfs.laefh.kvugl,2.682048245770696
1759262803,340,1,103,103,103,103,109,109,109,109,228802560,228802560,210370560,N/A,135168,221073408,1,dbus-daemon,S (sleeping),nginx2.bnsdq.ozxfs.laefh.kvugl,0.2967770313130587
1759262803,3275,1,N/A,N/A,N/A,N/A,N/A,N/A,N/A,N/A,1931149312,1931149312,53477376,N/A,135168,187768832,14,discern-network,S (sleeping),nginx2.bnsdq.ozxfs.laefh.kvugl,2.2382957742785368
1759262803,183,1,N/A,N/A,N/A,N/A,N/A,N/A,N/A,N/A,150335488,116764672,44761088,4096,135168,28184576,1,systemd-journal,S (sleeping),nginx2.bnsdq.ozxfs.laefh.kvugl,0.18944834565947383
1759262803,3930,1,N/A,N/A,N/A,N/A,N/A,N/A,N/A,N/A,1647706112,1580859392,25862144,N/A,135168,82464768,5,discern-interfa,S (sleeping),nginx2.bnsdq.ozxfs.laefh.kvugl,0.0017672094416621659
1759262803,62651,1,N/A,N/A,N/A,N/A,N/A,N/A,N/A,N/A,1264619520,1264619520,17321984,N/A,135168,45826048,4,discern-proc-so,S (sleeping),nginx2.bnsdq.ozxfs.laefh.kvugl,2.6829034312072153
1759262808,340,1,103,103,103,103,109,109,109,109,228937728,228937728,210370560,N/A,135168,221208576,1,dbus-daemon,S (sleeping),nginx2.bnsdq.ozxfs.laefh.kvugl,0.29667627228321425
1759262808,3275,1,N/A,N/A,N/A,N/A,N/A,N/A,N/A,N/A,1931149312,1931149312,53477376,N/A,135168,187768832,14,discern-network,S (sleeping),nginx2.bnsdq.ozxfs.laefh.kvugl,2.238172467771277
1759262808,183,1,N/A,N/A,N/A,N/A,N/A,N/A,N/A,N/A,150335488,116764672,44761088,4096,135168,28184576,1,systemd-journal,S (sleeping),nginx2.bnsdq.ozxfs.laefh.kvugl,0.1894512086690722
1759262808,3930,1,N/A,N/A,N/A,N/A,N/A,N/A,N/A,N/A,1647706112,1580859392,25862144,N/A,135168,82464768,5,discern-interfa,S (sleeping),nginx2.bnsdq.ozxfs.laefh.kvugl,0.0017654078629225326
1759262808,79521,1,N/A,N/A,N/A,N/A,N/A,N/A,N/A,N/A,728399872,728399872,12681216,N/A,135168,105480192,5,foundryc,S (sleeping),nginx2.bnsdq.ozxfs.laefh.kvugl,0.1674428940534975
1759262814,340,1,103,103,103,103,109,109,109,109,229343232,229343232,210911232,N/A,135168,221614080,1,dbus-daemon,S (sleeping),nginx2.bnsdq.ozxfs.laefh.kvugl,0.2969491919454206
1759262814,3275,1,N/A,N/A,N/A,N/A,N/A,N/A,N/A,N/A,1931149312,1931149312,53477376,N/A,135168,187768832,14,discern-network,S (sleeping),nginx2.bnsdq.ozxfs.laefh.kvugl,2.23845700657524
1759262814,183,1,N/A,N/A,N/A,N/A,N/A,N/A,N/A,N/A,150335488,116764672,44761088,4096,135168,28184576,1,systemd-journal,S (sleeping),nginx2.bnsdq.ozxfs.laefh.kvugl,0.1896410934275552
1759262814,3930,1,N/A,N/A,N/A,N/A,N/A,N/A,N/A,N/A,1647706112,1580859392,25862144,N/A,135168,82464768,5,discern-interfa,S (sleeping),nginx2.bnsdq.ozxfs.laefh.kvugl,0.0017636243907422162
1759262814,62651,1,N/A,N/A,N/A,N/A,N/A,N/A,N/A,N/A,1264619520,1264619520,17321984,N/A,135168,45826048,4,discern-proc-so,S (sleeping),nginx2.bnsdq.ozxfs.laefh.kvugl,2.682316624729559
1759262819,340,1,103,103,103,103,109,109,109,109,229478400,229478400,210911232,N/A,135168,221749248,1,dbus-daemon,S (sleeping),nginx2.bnsdq.ozxfs.laefh.kvugl,0.29684722987097395
1759262819,3275,1,N/A,N/A,N/A,N/A,N/A,N/A,N/A,N/A,1931149312,1931149312,53477376,N/A,135168,187768832,14,discern-network,S (sleeping),nginx2.bnsdq.ozxfs.laefh.kvugl,2.2383240419551345
1759262819,183,1,N/A,N/A,N/A,N/A,N/A,N/A,N/A,N/A,150335488,116764672,44761088,4096,135168,28184576,1,systemd-journal,S (sleeping),nginx2.bnsdq.ozxfs.laefh.kvugl,0.18945759697536327
1759262819,3930,1,N/A,N/A,N/A,N/A,N/A,N/A,N/A,N/A,1647706112,1580859392,25862144,N/A,135168,82464768,5,discern-interfa,S (sleeping),nginx2.bnsdq.ozxfs.laefh.kvugl,0.0017618223160505533
1759262819,62651,1,N/A,N/A,N/A,N/A,N/A,N/A,N/A,N/A,1264619520,1264619520,17321984,N/A,135168,45826048,4,discern-proc-so,S (sleeping),nginx2.bnsdq.ozxfs.laefh.kvugl,2.682315811866223
1759262824,340,1,103,103,103,103,109,109,109,109,229613568,229613568,211181568,N/A,135168,221884416,1,dbus-daemon,S (sleeping),nginx2.bnsdq.ozxfs.laefh.kvugl,0.29674818602596403
1759262824,3275,1,N/A,N/A,N/A,N/A,N/A,N/A,N/A,N/A,1931149312,1931149312,53477376,N/A,135168,187768832,14,discern-network,S (sleeping),nginx2.bnsdq.ozxfs.laefh.kvugl,2.23860150930527
1759262824,183,1,N/A,N/A,N/A,N/A,N/A,N/A,N/A,N/A,150335488,116764672,44761088,4096,135168,28184576,1,systemd-journal,S (sleeping),nginx2.bnsdq.ozxfs.laefh.kvugl,0.1894613948574525
1759262824,3930,1,N/A,N/A,N/A,N/A,N/A,N/A,N/A,N/A,1647706112,1580859392,25862144,N/A,135168,82464768,5,discern-interfa,S (sleeping),nginx2.bnsdq.ozxfs.laefh.kvugl,0.0017600410895605727
1759262824,62651,1,N/A,N/A,N/A,N/A,N/A,N/A,N/A,N/A,1264619520,1264619520,17321984,N/A,135168,45826048,4,discern-proc-so,S (sleeping),nginx2.bnsdq.ozxfs.laefh.kvugl,2.680912597454808
1759262829,340,1,103,103,103,103,109,109,109,109,229748736,229748736,211451904,N/A,135168,222019584,1,dbus-daemon,S (sleeping),nginx2.bnsdq.ozxfs.laefh.kvugl,0.29664853451790213
1759262829,3275,1,N/A,N/A,N/A,N/A,N/A,N/A,N/A,N/A,1931149312,1931149312,53477376,N/A,135168,187768832,14,discern-network,S (sleeping),nginx2.bnsdq.ozxfs.laefh.kvugl,2.2384838813466703
1759262829,183,1,N/A,N/A,N/A,N/A,N/A,N/A,N/A,N/A,150335488,116764672,44761088,4096,135168,28184576,1,systemd-journal,S (sleeping),nginx2.bnsdq.ozxfs.laefh.kvugl,0.18946468125926802
1759262829,3930,1,N/A,N/A,N/A,N/A,N/A,N/A,N/A,N/A,1647706112,1580859392,25862144,N/A,135168,82464768,5,discern-interfa,S (sleeping),nginx2.bnsdq.ozxfs.laefh.kvugl,0.0017582584704068538
1759262829,62651,1,N/A,N/A,N/A,N/A,N/A,N/A,N/A,N/A,1264619520,1264619520,17321984,N/A,135168,45826048,4,discern-proc-so,S (sleeping),nginx2.bnsdq.ozxfs.laefh.kvugl,2.6817370172821593
1759262834,340,1,103,103,103,103,109,109,109,109,230019072,230019072,211451904,N/A,135168,222289920,1,dbus-daemon,S (sleeping),nginx2.bnsdq.ozxfs.laefh.kvugl,0.29655083324803605
1759262834,3275,1,N/A,N/A,N/A,N/A,N/A,N/A,N/A,N/A,1931149312,1931149312,53477376,N/A,135168,187768832,14,discern-network,S (sleeping),nginx2.bnsdq.ozxfs.laefh.kvugl,2.2385743266285907
1759262834,183,1,N/A,N/A,N/A,N/A,N/A,N/A,N/A,N/A,150335488,116764672,44761088,4096,135168,28184576,1,systemd-journal,S (sleeping),nginx2.bnsdq.ozxfs.laefh.kvugl,0.18946907858908915
1759262834,3930,1,N/A,N/A,N/A,N/A,N/A,N/A,N/A,N/A,1647706112,1580859392,25862144,N/A,135168,82464768,5,discern-interfa,S (sleeping),nginx2.bnsdq.ozxfs.laefh.kvugl,0.0017564903920449363
1759262834,62651,1,N/A,N/A,N/A,N/A,N/A,N/A,N/A,N/A,1264619520,1264619520,17321984,N/A,135168,45826048,4,discern-proc-so,S (sleeping),nginx2.bnsdq.ozxfs.laefh.kvugl,2.682618866919414
1759262840,340,1,103,103,103,103,109,109,109,109,230154240,230154240,211722240,N/A,135168,222425088,1,dbus-daemon,S (sleeping),nginx2.bnsdq.ozxfs.laefh.kvugl,0.29663686821954643
1759262840,3275,1,N/A,N/A,N/A,N/A,N/A,N/A,N/A,N/A,1931149312,1931149312,53477376,N/A,135168,187768832,14,discern-network,S (sleeping),nginx2.bnsdq.ozxfs.laefh.kvugl,2.2386554459449606
1759262840,183,1,N/A,N/A,N/A,N/A,N/A,N/A,N/A,N/A,150335488,116764672,44761088,4096,135168,28184576,1,systemd-journal,S (sleeping),nginx2.bnsdq.ozxfs.laefh.kvugl,0.1894727322916815
1759262840,3930,1,N/A,N/A,N/A,N/A,N/A,N/A,N/A,N/A,1647706112,1580859392,25862144,N/A,135168,82464768,5,discern-interfa,S (sleeping),nginx2.bnsdq.ozxfs.laefh.kvugl,0.0017547186740299802
1759262840,62651,1,N/A,N/A,N/A,N/A,N/A,N/A,N/A,N/A,1264619520,1264619520,17321984,N/A,135168,45826048,4,discern-proc-so,S (sleeping),nginx2.bnsdq.ozxfs.laefh.kvugl,2.683452043850873
1759262845,340,1,103,103,103,103,109,109,109,109,230289408,230289408,211992576,N/A,135168,222560256,1,dbus-daemon,S (sleeping),nginx2.bnsdq.ozxfs.laefh.kvugl,0.29653890780255665
1759262845,3275,1,N/A,N/A,N/A,N/A,N/A,N/A,N/A,N/A,1931149312,1931149312,53477376,N/A,135168,187768832,14,discern-network,S (sleeping),nginx2.bnsdq.ozxfs.laefh.kvugl,2.238548405089193
1759262845,183,1,N/A,N/A,N/A,N/A,N/A,N/A,N/A,N/A,150335488,116764672,44761088,4096,135168,28184576,1,systemd-journal,S (sleeping),nginx2.bnsdq.ozxfs.laefh.kvugl,0.18947682628489462
1759262845,3930,1,N/A,N/A,N/A,N/A,N/A,N/A,N/A,N/A,1647706112,1580859392,25862144,N/A,135168,82464768,5,discern-interfa,S (sleeping),nginx2.bnsdq.ozxfs.laefh.kvugl,0.0017529549009478978
1759262845,62651,1,N/A,N/A,N/A,N/A,N/A,N/A,N/A,N/A,1264619520,1264619520,17321984,N/A,135168,45826048,4,discern-proc-so,S (sleeping),nginx2.bnsdq.ozxfs.laefh.kvugl,2.6835642175471053
1759262850,340,1,103,103,103,103,109,109,109,109,230559744,230559744,212262912,N/A,135168,222830592,1,dbus-daemon,S (sleeping),nginx2.bnsdq.ozxfs.laefh.kvugl,0.29661962693676514
1759262850,3275,1,N/A,N/A,N/A,N/A,N/A,N/A,N/A,N/A,1931149312,1931149312,53477376,N/A,135168,187768832,14,discern-network,S (sleeping),nginx2.bnsdq.ozxfs.laefh.kvugl,2.238781748822146
1759262850,183,1,N/A,N/A,N/A,N/A,N/A,N/A,N/A,N/A,150335488,116764672,44761088,4096,135168,28184576,1,systemd-journal,S (sleeping),nginx2.bnsdq.ozxfs.laefh.kvugl,0.18966146625791222
1759262850,3930,1,N/A,N/A,N/A,N/A,N/A,N/A,N/A,N/A,1647706112,1580859392,25862144,N/A,135168,82464768,5,discern-interfa,S (sleeping),nginx2.bnsdq.ozxfs.laefh.kvugl,0.0017511578754963511
1759262850,62651,1,N/A,N/A,N/A,N/A,N/A,N/A,N/A,N/A,1264619520,1264619520,17321984,N/A,135168,45826048,4,discern-proc-so,R (running),nginx2.bnsdq.ozxfs.laefh.kvugl,2.684198415956541
1759262865,340,1,103,103,103,103,109,109,109,109,231235584,231235584,212803584,N/A,135168,223506432,1,dbus-daemon,S (sleeping),nginx2.bnsdq.ozxfs.laefh.kvugl,0.29674044575097036
1759262865,3275,1,N/A,N/A,N/A,N/A,N/A,N/A,N/A,N/A,1931149312,1931149312,53477376,N/A,135168,187768832,14,discern-network,S (sleeping),nginx2.bnsdq.ozxfs.laefh.kvugl,2.2384390140820236
1759262865,183,1,N/A,N/A,N/A,N/A,N/A,N/A,N/A,N/A,150335488,116764672,44761088,4096,135168,28184576,1,systemd-journal,S (sleeping),nginx2.bnsdq.ozxfs.laefh.kvugl,0.18951868075100953
1759262865,80359,1,N/A,N/A,N/A,N/A,N/A,N/A,N/A,N/A,1264619520,1264619520,16121856,N/A,135168,45826048,4,discern-proc-so,S (sleeping),nginx2.bnsdq.ozxfs.laefh.kvugl,8.203749578801267
1759262865,3930,1,N/A,N/A,N/A,N/A,N/A,N/A,N/A,N/A,1647706112,1580859392,25862144,N/A,135168,82464768,5,discern-interfa,S (sleeping),nginx2.bnsdq.ozxfs.laefh.kvugl,0.001746183615269027
1759262870,340,1,103,103,103,103,109,109,109,109,231370752,231370752,213073920,N/A,135168,223641600,1,dbus-daemon,S (sleeping),nginx2.bnsdq.ozxfs.laefh.kvugl,0.2966428571622692
1759262870,3275,1,N/A,N/A,N/A,N/A,N/A,N/A,N/A,N/A,1931149312,1931149312,53477376,N/A,135168,187768832,14,discern-network,S (sleeping),nginx2.bnsdq.ozxfs.laefh.kvugl,2.238525444183226
1759262870,183,1,N/A,N/A,N/A,N/A,N/A,N/A,N/A,N/A,150335488,116764672,44761088,4096,135168,28184576,1,systemd-journal,S (sleeping),nginx2.bnsdq.ozxfs.laefh.kvugl,0.18952272246286922
1759262870,80359,1,N/A,N/A,N/A,N/A,N/A,N/A,N/A,N/A,1264619520,1264619520,16994304,N/A,135168,45826048,4,discern-proc-so,R (running),nginx2.bnsdq.ozxfs.laefh.kvugl,3.3559944884860498
1759262870,3930,1,N/A,N/A,N/A,N/A,N/A,N/A,N/A,N/A,1647706112,1580859392,25862144,N/A,135168,82464768,5,discern-interfa,S (sleeping),nginx2.bnsdq.ozxfs.laefh.kvugl,0.00174443704051434
1759262875,340,1,103,103,103,103,109,109,109,109,231505920,231505920,213073920,N/A,135168,223776768,1,dbus-daemon,S (sleeping),nginx2.bnsdq.ozxfs.laefh.kvugl,0.29672817898386267
1759262875,3275,1,N/A,N/A,N/A,N/A,N/A,N/A,N/A,N/A,1931149312,1931149312,53477376,N/A,135168,187768832,14,discern-network,S (sleeping),nginx2.bnsdq.ozxfs.laefh.kvugl,2.2382207276486485
1759262875,183,1,N/A,N/A,N/A,N/A,N/A,N/A,N/A,N/A,150335488,116764672,44761088,4096,135168,28184576,1,systemd-journal,S (sleeping),nginx2.bnsdq.ozxfs.laefh.kvugl,0.18970973029358312
1759262875,80359,1,N/A,N/A,N/A,N/A,N/A,N/A,N/A,N/A,1264619520,1264619520,17080320,N/A,135168,45826048,4,discern-proc-so,R (running),nginx2.bnsdq.ozxfs.laefh.kvugl,3.06153473992472
1759262875,3930,1,N/A,N/A,N/A,N/A,N/A,N/A,N/A,N/A,1647706112,1580859392,25862144,N/A,135168,82464768,5,discern-interfa,S (sleeping),nginx2.bnsdq.ozxfs.laefh.kvugl,0.0017426891342934622
1759262882,340,1,103,103,103,103,109,109,109,109,231940096,231940096,213676032,N/A,135168,224210944,1,dbus-daemon,S (sleeping),nginx2.bnsdq.ozxfs.laefh.kvugl,0.29709843835831123
1759262882,3275,1,N/A,N/A,N/A,N/A,N/A,N/A,N/A,N/A,1931149312,1931149312,53477376,N/A,135168,187768832,14,discern-network,S (sleeping),nginx2.bnsdq.ozxfs.laefh.kvugl,2.23823342043609
1759262882,183,1,N/A,N/A,N/A,N/A,N/A,N/A,N/A,N/A,150335488,116764672,44761088,4096,135168,28184576,1,systemd-journal,S (sleeping),nginx2.bnsdq.ozxfs.laefh.kvugl,0.18984427202821386
1759262882,80619,1,N/A,N/A,N/A,N/A,N/A,N/A,N/A,N/A,1264619520,1264619520,16855040,N/A,135168,45826048,4,discern-proc-so,S (sleeping),nginx2.bnsdq.ozxfs.laefh.kvugl,9.054323475359876
1759262882,3930,1,N/A,N/A,N/A,N/A,N/A,N/A,N/A,N/A,1647706112,1580859392,25862144,N/A,135168,82464768,5,discern-interfa,S (sleeping),nginx2.bnsdq.ozxfs.laefh.kvugl,0.0017404405188791651
1759262887,340,1,103,103,103,103,109,109,109,109,232210432,232210432,213946368,N/A,135168,224481280,1,dbus-daemon,S (sleeping),nginx2.bnsdq.ozxfs.laefh.kvugl,0.2971838022689718
1759262887,3275,1,N/A,N/A,N/A,N/A,N/A,N/A,N/A,N/A,1931149312,1931149312,53477376,N/A,135168,187768832,14,discern-network,S (sleeping),nginx2.bnsdq.ozxfs.laefh.kvugl,2.2383188403326217
1759262887,183,1,N/A,N/A,N/A,N/A,N/A,N/A,N/A,N/A,150335488,116764672,44761088,4096,135168,28184576,1,systemd-journal,S (sleeping),nginx2.bnsdq.ozxfs.laefh.kvugl,0.1896648445439928
1759262887,80619,1,N/A,N/A,N/A,N/A,N/A,N/A,N/A,N/A,1264619520,1264619520,16998400,N/A,135168,45826048,4,discern-proc-so,S (sleeping),nginx2.bnsdq.ozxfs.laefh.kvugl,3.8295919765919795
1759262887,3930,1,N/A,N/A,N/A,N/A,N/A,N/A,N/A,N/A,1647706112,1580859392,25862144,N/A,135168,82464768,5,discern-interfa,S (sleeping),nginx2.bnsdq.ozxfs.laefh.kvugl,0.0017387047172926127
1759262892,340,1,103,103,103,103,109,109,109,109,232620032,232620032,214216704,N/A,135168,224890880,1,dbus-daemon,S (sleeping),nginx2.bnsdq.ozxfs.laefh.kvugl,0.29744842971093355
1759262892,80758,1,N/A,N/A,N/A,N/A,N/A,N/A,N/A,N/A,1331765248,1331765248,98361344,N/A,135168,142364672,4,discern-file-so,S (sleeping),nginx2.bnsdq.ozxfs.laefh.kvugl,51.84669560855431
1759262892,3275,1,N/A,N/A,N/A,N/A,N/A,N/A,N/A,N/A,1931149312,1931149312,53477376,N/A,135168,187768832,14,discern-network,S (sleeping),nginx2.bnsdq.ozxfs.laefh.kvugl,2.2379926586156187
1759262892,183,1,N/A,N/A,N/A,N/A,N/A,N/A,N/A,N/A,150335488,116764672,44761088,4096,135168,28184576,1,systemd-journal,S (sleeping),nginx2.bnsdq.ozxfs.laefh.kvugl,0.189849295237599
1759262892,80619,1,N/A,N/A,N/A,N/A,N/A,N/A,N/A,N/A,1264619520,1264619520,16998400,N/A,135168,45826048,4,discern-proc-so,S (sleeping),nginx2.bnsdq.ozxfs.laefh.kvugl,3.1318234350261136
1759262897,340,1,103,103,103,103,109,109,109,109,232759296,232759296,214253568,N/A,135168,225030144,1,dbus-daemon,S (sleeping),nginx2.bnsdq.ozxfs.laefh.kvugl,0.29753089810769756
1759262897,3275,1,N/A,N/A,N/A,N/A,N/A,N/A,N/A,N/A,1931149312,1931149312,53477376,N/A,135168,187768832,14,discern-network,S (sleeping),nginx2.bnsdq.ozxfs.laefh.kvugl,2.2371013201975543
1759262897,80899,1,N/A,N/A,N/A,N/A,N/A,N/A,N/A,N/A,1647706112,1580597248,20467712,N/A,135168,82202624,5,discern-interfa,S (sleeping),nginx2.bnsdq.ozxfs.laefh.kvugl,1.1756220429163613
1759262897,80758,1,N/A,N/A,N/A,N/A,N/A,N/A,N/A,N/A,1332027392,1332027392,109748224,N/A,135168,142626816,4,discern-file-so,S (sleeping),nginx2.bnsdq.ozxfs.laefh.kvugl,62.258922596338124
1759262897,183,1,N/A,N/A,N/A,N/A,N/A,N/A,N/A,N/A,150335488,116764672,44761088,4096,135168,28184576,1,systemd-journal,S (sleeping),nginx2.bnsdq.ozxfs.laefh.kvugl,0.19003410388047562
1759262902,340,1,103,103,103,103,109,109,109,109,233054208,233054208,214376448,N/A,135168,225325056,1,dbus-daemon,S (sleeping),nginx2.bnsdq.ozxfs.laefh.kvugl,0.2974291663224353
1759262902,80758,1,N/A,N/A,N/A,N/A,N/A,N/A,N/A,N/A,1601003520,1601003520,191381504,N/A,135168,319328256,4,discern-file-so,R (running),nginx2.bnsdq.ozxfs.laefh.kvugl,67.5609549710104
1759262902,3275,1,N/A,N/A,N/A,N/A,N/A,N/A,N/A,N/A,1931149312,1931149312,53477376,N/A,135168,187768832,14,discern-network,S (sleeping),nginx2.bnsdq.ozxfs.laefh.kvugl,2.236200121469364
1759262902,80899,1,N/A,N/A,N/A,N/A,N/A,N/A,N/A,N/A,1647706112,1580597248,20467712,N/A,135168,82202624,5,discern-interfa,S (sleeping),nginx2.bnsdq.ozxfs.laefh.kvugl,0.2883846642191309
1759262902,3688,1,N/A,N/A,N/A,N/A,N/A,N/A,N/A,N/A,1264021504,1264021504,13426688,N/A,135168,45559808,4,discern-cpu-sor,S (sleeping),nginx2.bnsdq.ozxfs.laefh.kvugl,0.019404659338565146
1759262908,340,1,103,103,103,103,109,109,109,109,233189376,233189376,214474752,N/A,135168,225460224,1,dbus-daemon,S (sleeping),nginx2.bnsdq.ozxfs.laefh.kvugl,0.29732253557733
1759262908,80758,1,N/A,N/A,N/A,N/A,N/A,N/A,N/A,N/A,1601003520,1601003520,191381504,N/A,135168,319328256,4,discern-file-so,D (disk sleep),nginx2.bnsdq.ozxfs.laefh.kvugl,69.34032651349706
1759262908,3275,1,N/A,N/A,N/A,N/A,N/A,N/A,N/A,N/A,1931149312,1931149312,53477376,N/A,135168,187768832,14,discern-network,S (sleeping),nginx2.bnsdq.ozxfs.laefh.kvugl,2.235260596465291
1759262908,183,1,N/A,N/A,N/A,N/A,N/A,N/A,N/A,N/A,150335488,116764672,44761088,4096,135168,28184576,1,systemd-journal,S (sleeping),nginx2.bnsdq.ozxfs.laefh.kvugl,0.1905799496339885
1759262908,80619,1,N/A,N/A,N/A,N/A,N/A,N/A,N/A,N/A,1264619520,1264619520,16998400,N/A,135168,45826048,4,discern-proc-so,S (sleeping),nginx2.bnsdq.ozxfs.laefh.kvugl,2.604239189913931
1759262913,340,1,103,103,103,103,109,109,109,109,233324544,233324544,214810624,N/A,135168,225595392,1,dbus-daemon,S (sleeping),nginx2.bnsdq.ozxfs.laefh.kvugl,0.29722062201142896
1759262913,80758,1,N/A,N/A,N/A,N/A,N/A,N/A,N/A,N/A,1601724416,1601724416,191381504,N/A,135168,320049152,4,discern-file-so,D (disk sleep),nginx2.bnsdq.ozxfs.laefh.kvugl,70.80547644209496
1759262913,3275,1,N/A,N/A,N/A,N/A,N/A,N/A,N/A,N/A,1931149312,1931149312,53477376,N/A,135168,187768832,14,discern-network,S (sleeping),nginx2.bnsdq.ozxfs.laefh.kvugl,2.234167625889191
1759262913,183,1,N/A,N/A,N/A,N/A,N/A,N/A,N/A,N/A,150335488,116764672,44761088,4096,135168,28184576,1,systemd-journal,S (sleeping),nginx2.bnsdq.ozxfs.laefh.kvugl,0.19058005712733792
1759262913,80899,1,N/A,N/A,N/A,N/A,N/A,N/A,N/A,N/A,1647706112,1580597248,20467712,N/A,135168,82202624,5,discern-interfa,S (sleeping),nginx2.bnsdq.ozxfs.laefh.kvugl,0.11423735652254753
1759262918,340,1,103,103,103,103,109,109,109,109,233762816,233762816,215060480,N/A,135168,226033664,1,dbus-daemon,S (sleeping),nginx2.bnsdq.ozxfs.laefh.kvugl,0.29730063695180664
1759262918,80758,1,N/A,N/A,N/A,N/A,N/A,N/A,N/A,N/A,1601724416,1601724416,191381504,N/A,135168,320049152,4,discern-file-so,S (sleeping),nginx2.bnsdq.ozxfs.laefh.kvugl,70.81344044323811
1759262918,3275,1,N/A,N/A,N/A,N/A,N/A,N/A,N/A,N/A,1931149312,1931149312,53477376,N/A,135168,187768832,14,discern-network,S (sleeping),nginx2.bnsdq.ozxfs.laefh.kvugl,2.2330741839591597
1759262918,183,1,N/A,N/A,N/A,N/A,N/A,N/A,N/A,N/A,150335488,116764672,44761088,4096,135168,28184576,1,systemd-journal,S (sleeping),nginx2.bnsdq.ozxfs.laefh.kvugl,0.19094396831745908
1759262918,80899,1,N/A,N/A,N/A,N/A,N/A,N/A,N/A,N/A,1647706112,1580597248,20467712,N/A,135168,82202624,5,discern-interfa,S (sleeping),nginx2.bnsdq.ozxfs.laefh.kvugl,0.0878782002278094
1759262924,340,1,103,103,103,103,109,109,109,109,233762816,233762816,215281664,N/A,135168,226033664,1,dbus-daemon,S (sleeping),nginx2.bnsdq.ozxfs.laefh.kvugl,0.2970166798558785
1759262924,80758,1,N/A,N/A,N/A,N/A,N/A,N/A,N/A,N/A,1601724416,1601724416,240050176,N/A,135168,320049152,4,discern-file-so,D (disk sleep),nginx2.bnsdq.ozxfs.laefh.kvugl,72.3168412466749
1759262924,3275,1,N/A,N/A,N/A,N/A,N/A,N/A,N/A,N/A,1931149312,1931149312,53477376,N/A,135168,187768832,14,discern-network,S (sleeping),nginx2.bnsdq.ozxfs.laefh.kvugl,2.232173292287108
1759262924,183,1,N/A,N/A,N/A,N/A,N/A,N/A,N/A,N/A,150335488,116764672,44761088,4096,135168,28184576,1,systemd-journal,S (sleeping),nginx2.bnsdq.ozxfs.laefh.kvugl,0.19094350823707693
1759262924,80619,1,N/A,N/A,N/A,N/A,N/A,N/A,N/A,N/A,1264619520,1264619520,16998400,N/A,135168,45826048,4,discern-proc-so,S (sleeping),nginx2.bnsdq.ozxfs.laefh.kvugl,2.464591516811106
1759262929,340,1,103,103,103,103,109,109,109,109,234033152,234033152,215552000,N/A,135168,226304000,1,dbus-daemon,S (sleeping),nginx2.bnsdq.ozxfs.laefh.kvugl,0.2970970192369879
1759262929,80758,1,N/A,N/A,N/A,N/A,N/A,N/A,N/A,N/A,1601724416,1601724416,240050176,N/A,135168,320049152,4,discern-file-so,S (sleeping),nginx2.bnsdq.ozxfs.laefh.kvugl,70.3462082779021
1759262929,3275,1,N/A,N/A,N/A,N/A,N/A,N/A,N/A,N/A,1931149312,1931149312,53477376,N/A,135168,187768832,14,discern-network,S (sleeping),nginx2.bnsdq.ozxfs.laefh.kvugl,2.231276802841602
1759262929,183,1,N/A,N/A,N/A,N/A,N/A,N/A,N/A,N/A,150335488,116764672,44761088,4096,135168,28184576,1,systemd-journal,S (sleeping),nginx2.bnsdq.ozxfs.laefh.kvugl,0.1911249053202266
1759262929,80619,1,N/A,N/A,N/A,N/A,N/A,N/A,N/A,N/A,1264619520,1264619520,16998400,N/A,135168,45826048,4,discern-proc-so,S (sleeping),nginx2.bnsdq.ozxfs.laefh.kvugl,2.4039354663056542
1759262934,340,1,103,103,103,103,109,109,109,109,234168320,234168320,215552000,N/A,135168,226439168,1,dbus-daemon,S (sleeping),nginx2.bnsdq.ozxfs.laefh.kvugl,0.2969991946988464
1759262934,3275,1,N/A,N/A,N/A,N/A,N/A,N/A,N/A,N/A,1931149312,1931149312,53477376,N/A,135168,187768832,14,discern-network,S (sleeping),nginx2.bnsdq.ozxfs.laefh.kvugl,2.2313612288898033
1759262934,183,1,N/A,N/A,N/A,N/A,N/A,N/A,N/A,N/A,150335488,116764672,44761088,4096,135168,28184576,1,systemd-journal,S (sleeping),nginx2.bnsdq.ozxfs.laefh.kvugl,0.19130826115834904
1759262934,80619,1,N/A,N/A,N/A,N/A,N/A,N/A,N/A,N/A,1264619520,1264619520,16998400,N/A,135168,45826048,4,discern-proc-so,S (sleeping),nginx2.bnsdq.ozxfs.laefh.kvugl,2.4703898633051495
1759262934,80899,1,N/A,N/A,N/A,N/A,N/A,N/A,N/A,N/A,1647706112,1580597248,20467712,N/A,135168,82202624,5,discern-interfa,S (sleeping),nginx2.bnsdq.ozxfs.laefh.kvugl,0.05203865549687025
1759262939,340,1,103,103,103,103,109,109,109,109,234303488,234303488,215822336,N/A,135168,226574336,1,dbus-daemon,S (sleeping),nginx2.bnsdq.ozxfs.laefh.kvugl,0.2969028827082756
1759262939,3275,1,N/A,N/A,N/A,N/A,N/A,N/A,N/A,N/A,1931149312,1931149312,53477376,N/A,135168,187768832,14,discern-network,S (sleeping),nginx2.bnsdq.ozxfs.laefh.kvugl,2.231265738352249
1759262939,183,1,N/A,N/A,N/A,N/A,N/A,N/A,N/A,N/A,150335488,116764672,44761088,4096,135168,28184576,1,systemd-journal,S (sleeping),nginx2.bnsdq.ozxfs.laefh.kvugl,0.19112943083224204
1759262939,3688,1,N/A,N/A,N/A,N/A,N/A,N/A,N/A,N/A,1264021504,1264021504,13426688,N/A,135168,45559808,4,discern-cpu-sor,S (sleeping),nginx2.bnsdq.ozxfs.laefh.kvugl,0.019650534119550197
1759262939,80619,1,N/A,N/A,N/A,N/A,N/A,N/A,N/A,N/A,1264619520,1264619520,16998400,N/A,135168,45826048,4,discern-proc-so,S (sleeping),nginx2.bnsdq.ozxfs.laefh.kvugl,2.4919817211847652
1759262944,340,1,103,103,103,103,109,109,109,109,234573824,234573824,216092672,N/A,135168,226844672,1,dbus-daemon,S (sleeping),nginx2.bnsdq.ozxfs.laefh.kvugl,0.2969869481884343
1759262944,3275,1,N/A,N/A,N/A,N/A,N/A,N/A,N/A,N/A,1931149312,1931149312,53477376,N/A,135168,187768832,14,discern-network,S (sleeping),nginx2.bnsdq.ozxfs.laefh.kvugl,2.2311625089962805
1759262944,183,1,N/A,N/A,N/A,N/A,N/A,N/A,N/A,N/A,150335488,116764672,44761088,4096,135168,28184576,1,systemd-journal,S (sleeping),nginx2.bnsdq.ozxfs.laefh.kvugl,0.1911314531543417
1759262944,3688,1,N/A,N/A,N/A,N/A,N/A,N/A,N/A,N/A,1264021504,1264021504,13426688,N/A,135168,45559808,4,discern-cpu-sor,S (sleeping),nginx2.bnsdq.ozxfs.laefh.kvugl,0.019631157369208778
1759262944,80619,1,N/A,N/A,N/A,N/A,N/A,N/A,N/A,N/A,1264619520,1264619520,16998400,N/A,135168,45826048,4,discern-proc-so,S (sleeping),nginx2.bnsdq.ozxfs.laefh.kvugl,2.5250260683236476
1759262949,340,1,103,103,103,103,109,109,109,109,234708992,234708992,216092672,N/A,135168,226979840,1,dbus-daemon,S (sleeping),nginx2.bnsdq.ozxfs.laefh.kvugl,0.29689067277628634
1759262949,3275,1,N/A,N/A,N/A,N/A,N/A,N/A,N/A,N/A,1931149312,1931149312,53477376,N/A,135168,187768832,14,discern-network,S (sleeping),nginx2.bnsdq.ozxfs.laefh.kvugl,2.2312558265325952
1759262949,183,1,N/A,N/A,N/A,N/A,N/A,N/A,N/A,N/A,150335488,116764672,44761088,4096,135168,28184576,1,systemd-journal,S (sleeping),nginx2.bnsdq.ozxfs.laefh.kvugl,0.19113402020715875
1759262949,3688,1,N/A,N/A,N/A,N/A,N/A,N/A,N/A,N/A,1264021504,1264021504,13426688,N/A,135168,45559808,4,discern-cpu-sor,S (sleeping),nginx2.bnsdq.ozxfs.laefh.kvugl,0.01961187823653866
1759262949,80619,1,N/A,N/A,N/A,N/A,N/A,N/A,N/A,N/A,1264619520,1264619520,16998400,N/A,135168,45826048,4,discern-proc-so,S (sleeping),nginx2.bnsdq.ozxfs.laefh.kvugl,2.539201376180958
1759262955,340,1,103,103,103,103,109,109,109,109,234844160,234844160,216363008,N/A,135168,227115008,1,dbus-daemon,S (sleeping),nginx2.bnsdq.ozxfs.laefh.kvugl,0.296793373434835
1759262955,3275,1,N/A,N/A,N/A,N/A,N/A,N/A,N/A,N/A,1931149312,1931149312,53477376,N/A,135168,187768832,14,discern-network,S (sleeping),nginx2.bnsdq.ozxfs.laefh.kvugl,2.2313394759653096
1759262955,183,1,N/A,N/A,N/A,N/A,N/A,N/A,N/A,N/A,150335488,116764672,44761088,4096,135168,28184576,1,systemd-journal,S (sleeping),nginx2.bnsdq.ozxfs.laefh.kvugl,0.19113580429379895
1759262955,3688,1,N/A,N/A,N/A,N/A,N/A,N/A,N/A,N/A,1264021504,1264021504,13426688,N/A,135168,45559808,4,discern-cpu-sor,S (sleeping),nginx2.bnsdq.ozxfs.laefh.kvugl,0.01959255278233453
1759262955,80619,1,N/A,N/A,N/A,N/A,N/A,N/A,N/A,N/A,1264619520,1264619520,16998400,N/A,135168,45826048,4,discern-proc-so,S (sleeping),nginx2.bnsdq.ozxfs.laefh.kvugl,2.577609960740385
1759262960,340,1,103,103,103,103,109,109,109,109,234979328,234979328,216633344,N/A,135168,227250176,1,dbus-daemon,S (sleeping),nginx2.bnsdq.ozxfs.laefh.kvugl,0.2966973886832057
1759262960,3275,1,N/A,N/A,N/A,N/A,N/A,N/A,N/A,N/A,1931149312,1931149312,53477376,N/A,135168,187768832,14,discern-network,S (sleeping),nginx2.bnsdq.ozxfs.laefh.kvugl,2.2316212095979413
1759262960,183,1,N/A,N/A,N/A,N/A,N/A,N/A,N/A,N/A,150335488,116764672,44761088,4096,135168,28184576,1,systemd-journal,S (sleeping),nginx2.bnsdq.ozxfs.laefh.kvugl,0.1909576558849154
1759262960,3688,1,N/A,N/A,N/A,N/A,N/A,N/A,N/A,N/A,1264021504,1264021504,13426688,N/A,135168,45559808,4,discern-cpu-sor,S (sleeping),nginx2.bnsdq.ozxfs.laefh.kvugl,0.01957334417277612
1759262960,80619,1,N/A,N/A,N/A,N/A,N/A,N/A,N/A,N/A,1264619520,1264619520,16998400,N/A,135168,45826048,4,discern-proc-so,S (sleeping),nginx2.bnsdq.ozxfs.laefh.kvugl,2.5864647463669392
1759262965,340,1,103,103,103,103,109,109,109,109,235384832,235384832,216903680,N/A,135168,227655680,1,dbus-daemon,S (sleeping),nginx2.bnsdq.ozxfs.laefh.kvugl,0.29696238946790876
1759262965,3275,1,N/A,N/A,N/A,N/A,N/A,N/A,N/A,N/A,1931149312,1931149312,53477376,N/A,135168,187768832,14,discern-network,S (sleeping),nginx2.bnsdq.ozxfs.laefh.kvugl,2.231711351651722
1759262965,183,1,N/A,N/A,N/A,N/A,N/A,N/A,N/A,N/A,150335488,116764672,44761088,4096,135168,28184576,1,systemd-journal,S (sleeping),nginx2.bnsdq.ozxfs.laefh.kvugl,0.19150164988682933
1759262965,3688,1,N/A,N/A,N/A,N/A,N/A,N/A,N/A,N/A,1264021504,1264021504,13426688,N/A,135168,45559808,4,discern-cpu-sor,S (sleeping),nginx2.bnsdq.ozxfs.laefh.kvugl,0.0195541563310871
1759262965,80619,1,N/A,N/A,N/A,N/A,N/A,N/A,N/A,N/A,1264619520,1264619520,16998400,N/A,135168,45826048,4,discern-proc-so,S (sleeping),nginx2.bnsdq.ozxfs.laefh.kvugl,2.6059419703406292
1759262970,340,1,103,103,103,103,109,109,109,109,235384832,235384832,216903680,N/A,135168,227655680,1,dbus-daemon,S (sleeping),nginx2.bnsdq.ozxfs.laefh.kvugl,0.29686597852023267
1759262970,3275,1,N/A,N/A,N/A,N/A,N/A,N/A,N/A,N/A,1931149312,1931149312,53477376,N/A,135168,187768832,14,discern-network,S (sleeping),nginx2.bnsdq.ozxfs.laefh.kvugl,2.2317996772066224
1759262970,183,1,N/A,N/A,N/A,N/A,N/A,N/A,N/A,N/A,150335488,116764672,44761088,4096,135168,28184576,1,systemd-journal,S (sleeping),nginx2.bnsdq.ozxfs.laefh.kvugl,0.19132320199389002
1759262970,3688,1,N/A,N/A,N/A,N/A,N/A,N/A,N/A,N/A,1264021504,1264021504,13426688,N/A,135168,45559808,4,discern-cpu-sor,S (sleeping),nginx2.bnsdq.ozxfs.laefh.kvugl,0.01953499165676387
1759262970,80619,1,N/A,N/A,N/A,N/A,N/A,N/A,N/A,N/A,1264619520,1264619520,16998400,N/A,135168,45826048,4,discern-proc-so,S (sleeping),nginx2.bnsdq.ozxfs.laefh.kvugl,2.6007363152328424
1759262975,340,1,103,103,103,103,109,109,109,109,235655168,235655168,217174016,N/A,135168,227926016,1,dbus-daemon,S (sleeping),nginx2.bnsdq.ozxfs.laefh.kvugl,0.2969501282875849
1759262975,3275,1,N/A,N/A,N/A,N/A,N/A,N/A,N/A,N/A,1931149312,1931149312,53477376,N/A,135168,187768832,14,discern-network,S (sleeping),nginx2.bnsdq.ozxfs.laefh.kvugl,2.231511877095932
1759262975,183,1,N/A,N/A,N/A,N/A,N/A,N/A,N/A,N/A,150335488,116764672,44761088,4096,135168,28184576,1,systemd-journal,S (sleeping),nginx2.bnsdq.ozxfs.laefh.kvugl,0.19132536862329488
1759262975,3688,1,N/A,N/A,N/A,N/A,N/A,N/A,N/A,N/A,1264021504,1264021504,13426688,N/A,135168,45559808,4,discern-cpu-sor,S (sleeping),nginx2.bnsdq.ozxfs.laefh.kvugl,0.019515877759218824
1759262975,80619,1,N/A,N/A,N/A,N/A,N/A,N/A,N/A,N/A,1264619520,1264619520,16998400,N/A,135168,45826048,4,discern-proc-so,S (sleeping),nginx2.bnsdq.ozxfs.laefh.kvugl,2.606748507407357
1759262980,340,1,103,103,103,103,109,109,109,109,235790336,235790336,217444352,N/A,135168,228061184,1,dbus-daemon,S (sleeping),nginx2.bnsdq.ozxfs.laefh.kvugl,0.2968521729931689
1759262980,3275,1,N/A,N/A,N/A,N/A,N/A,N/A,N/A,N/A,1931149312,1931149312,53477376,N/A,135168,187768832,14,discern-network,S (sleeping),nginx2.bnsdq.ozxfs.laefh.kvugl,2.2317751604413822
1759262980,183,1,N/A,N/A,N/A,N/A,N/A,N/A,N/A,N/A,150335488,116764672,44761088,4096,135168,28184576,1,systemd-journal,S (sleeping),nginx2.bnsdq.ozxfs.laefh.kvugl,0.19150627359721456
1759262980,3688,1,N/A,N/A,N/A,N/A,N/A,N/A,N/A,N/A,1264021504,1264021504,13426688,N/A,135168,45559808,4,discern-cpu-sor,S (sleeping),nginx2.bnsdq.ozxfs.laefh.kvugl,0.019685956353711485
1759262980,80619,1,N/A,N/A,N/A,N/A,N/A,N/A,N/A,N/A,1264619520,1264619520,16998400,N/A,135168,45826048,4,discern-proc-so,S (sleeping),nginx2.bnsdq.ozxfs.laefh.kvugl,2.6312098721091206
1759262986,340,1,103,103,103,103,109,109,109,109,236060672,236060672,217444352,N/A,135168,228331520,1,dbus-daemon,S (sleeping),nginx2.bnsdq.ozxfs.laefh.kvugl,0.2967564109278757
1759262986,3275,1,N/A,N/A,N/A,N/A,N/A,N/A,N/A,N/A,1931149312,1931149312,53477376,N/A,135168,187768832,14,discern-network,S (sleeping),nginx2.bnsdq.ozxfs.laefh.kvugl,2.231676977003946
1759262986,183,1,N/A,N/A,N/A,N/A,N/A,N/A,N/A,N/A,150335488,116764672,44761088,4096,135168,28184576,1,systemd-journal,S (sleeping),nginx2.bnsdq.ozxfs.laefh.kvugl,0.19132850369126955
1759262986,3688,1,N/A,N/A,N/A,N/A,N/A,N/A,N/A,N/A,1264021504,1264021504,13426688,N/A,135168,45559808,4,discern-cpu-sor,S (sleeping),nginx2.bnsdq.ozxfs.laefh.kvugl,0.019666739226774022
1759262986,80619,1,N/A,N/A,N/A,N/A,N/A,N/A,N/A,N/A,1264619520,1264619520,16998400,N/A,135168,45826048,4,discern-proc-so,S (sleeping),nginx2.bnsdq.ozxfs.laefh.kvugl,2.6256661796565055
1759262991,340,1,103,103,103,103,109,109,109,109,236195840,236195840,217714688,N/A,135168,228466688,1,dbus-daemon,S (sleeping),nginx2.bnsdq.ozxfs.laefh.kvugl,0.2966598306668355
1759262991,3275,1,N/A,N/A,N/A,N/A,N/A,N/A,N/A,N/A,1931149312,1931149312,53477376,N/A,135168,187768832,14,discern-network,S (sleeping),nginx2.bnsdq.ozxfs.laefh.kvugl,2.2315711161983645
1759262991,183,1,N/A,N/A,N/A,N/A,N/A,N/A,N/A,N/A,150335488,116764672,44761088,4096,135168,28184576,1,systemd-journal,S (sleeping),nginx2.bnsdq.ozxfs.laefh.kvugl,0.19133006897771465
1759262991,3688,1,N/A,N/A,N/A,N/A,N/A,N/A,N/A,N/A,1264021504,1264021504,13426688,N/A,135168,45559808,4,discern-cpu-sor,S (sleeping),nginx2.bnsdq.ozxfs.laefh.kvugl,0.019836407357244325
1759262991,80619,1,N/A,N/A,N/A,N/A,N/A,N/A,N/A,N/A,1264619520,1264619520,16998400,N/A,135168,45826048,4,discern-proc-so,S (sleeping),nginx2.bnsdq.ozxfs.laefh.kvugl,2.6564558434920493
1759262996,340,1,103,103,103,103,109,109,109,109,236331008,236331008,221659136,N/A,135168,228601856,1,dbus-daemon,S (sleeping),nginx2.bnsdq.ozxfs.laefh.kvugl,0.29656362343903636
1759262996,3275,1,N/A,N/A,N/A,N/A,N/A,N/A,N/A,N/A,1931149312,1931149312,53477376,N/A,135168,187768832,14,discern-network,S (sleeping),nginx2.bnsdq.ozxfs.laefh.kvugl,2.231843075525666
1759262996,183,1,N/A,N/A,N/A,N/A,N/A,N/A,N/A,N/A,150335488,116764672,44761088,4096,135168,28184576,1,systemd-journal,S (sleeping),nginx2.bnsdq.ozxfs.laefh.kvugl,0.1913317569499772
1759262996,3688,1,N/A,N/A,N/A,N/A,N/A,N/A,N/A,N/A,1264021504,1264021504,13426688,N/A,135168,45559808,4,discern-cpu-sor,S (sleeping),nginx2.bnsdq.ozxfs.laefh.kvugl,0.0198170242914351
1759262996,80619,1,N/A,N/A,N/A,N/A,N/A,N/A,N/A,N/A,1264619520,1264619520,16998400,N/A,135168,45826048,4,discern-proc-so,S (sleeping),nginx2.bnsdq.ozxfs.laefh.kvugl,2.649930511986281
1759263007,340,1,103,103,103,103,109,109,109,109,236912640,236912640,222199808,N/A,135168,229183488,1,dbus-daemon,S (sleeping),nginx2.bnsdq.ozxfs.laefh.kvugl,0.2966726239520699
1759263007,3275,1,N/A,N/A,N/A,N/A,N/A,N/A,N/A,N/A,1931149312,1931149312,53477376,N/A,135168,187768832,14,discern-network,S (sleeping),nginx2.bnsdq.ozxfs.laefh.kvugl,2.2317448004267093
1759263007,183,1,N/A,N/A,N/A,N/A,N/A,N/A,N/A,N/A,150335488,116764672,44761088,4096,135168,28184576,1,systemd-journal,S (sleeping),nginx2.bnsdq.ozxfs.laefh.kvugl,0.19129806640304117
1759263007,82346,1,N/A,N/A,N/A,N/A,N/A,N/A,N/A,N/A,1264619520,1264619520,16883712,N/A,135168,45826048,4,discern-proc-so,R (running),nginx2.bnsdq.ozxfs.laefh.kvugl,9.882718973833805
1759263007,3688,1,N/A,N/A,N/A,N/A,N/A,N/A,N/A,N/A,1264021504,1264021504,13426688,N/A,135168,45559808,4,discern-cpu-sor,S (sleeping),nginx2.bnsdq.ozxfs.laefh.kvugl,0.01977434324978971
1759263013,340,1,103,103,103,103,109,109,109,109,237047808,237047808,222199808,N/A,135168,229318656,1,dbus-daemon,S (sleeping),nginx2.bnsdq.ozxfs.laefh.kvugl,0.2967579399003031
1759263013,3275,1,N/A,N/A,N/A,N/A,N/A,N/A,N/A,N/A,1931149312,1931149312,53477376,N/A,135168,187768832,14,discern-network,S (sleeping),nginx2.bnsdq.ozxfs.laefh.kvugl,2.231846118621747
1759263013,183,1,N/A,N/A,N/A,N/A,N/A,N/A,N/A,N/A,150335488,116764672,44761088,4096,135168,28184576,1,systemd-journal,S (sleeping),nginx2.bnsdq.ozxfs.laefh.kvugl,0.1911222856696253
1759263013,82346,1,N/A,N/A,N/A,N/A,N/A,N/A,N/A,N/A,1264619520,1264619520,17096704,N/A,135168,45826048,4,discern-proc-so,S (sleeping),nginx2.bnsdq.ozxfs.laefh.kvugl,3.3082664670843323
1759263013,3688,1,N/A,N/A,N/A,N/A,N/A,N/A,N/A,N/A,1264021504,1264021504,13426688,N/A,135168,45559808,4,discern-cpu-sor,S (sleeping),nginx2.bnsdq.ozxfs.laefh.kvugl,0.019755239787520192
1759263018,340,1,103,103,103,103,109,109,109,109,237199360,237199360,222470144,N/A,135168,229470208,1,dbus-daemon,S (sleeping),nginx2.bnsdq.ozxfs.laefh.kvugl,0.29666237517177885
1759263018,3275,1,N/A,N/A,N/A,N/A,N/A,N/A,N/A,N/A,1931149312,1931149312,53477376,N/A,135168,187768832,14,discern-network,S (sleeping),nginx2.bnsdq.ozxfs.laefh.kvugl,2.231745006733552
1759263018,183,1,N/A,N/A,N/A,N/A,N/A,N/A,N/A,N/A,150335488,116764672,44761088,4096,135168,28184576,1,systemd-journal,S (sleeping),nginx2.bnsdq.ozxfs.laefh.kvugl,0.19130318140005048
1759263018,82346,1,N/A,N/A,N/A,N/A,N/A,N/A,N/A,N/A,1264619520,1264619520,17096704,N/A,135168,45826048,4,discern-proc-so,S (sleeping),nginx2.bnsdq.ozxfs.laefh.kvugl,3.031379348558377
1759263018,80899,1,N/A,N/A,N/A,N/A,N/A,N/A,N/A,N/A,1647706112,1580597248,20467712,N/A,135168,82202624,5,discern-interfa,S (sleeping),nginx2.bnsdq.ozxfs.laefh.kvugl,0.016364454751342513
1759263023,340,1,103,103,103,103,109,109,109,109,237473792,237473792,222740480,N/A,135168,229744640,1,dbus-daemon,S (sleeping),nginx2.bnsdq.ozxfs.laefh.kvugl,0.2965684580872764
1759263023,3275,1,N/A,N/A,N/A,N/A,N/A,N/A,N/A,N/A,1931149312,1931149312,53477376,N/A,135168,187768832,14,discern-network,S (sleeping),nginx2.bnsdq.ozxfs.laefh.kvugl,2.2318427522069912
1759263023,183,1,N/A,N/A,N/A,N/A,N/A,N/A,N/A,N/A,150335488,116764672,44761088,4096,135168,28184576,1,systemd-journal,S (sleeping),nginx2.bnsdq.ozxfs.laefh.kvugl,0.19112744379593025
1759263023,82346,1,N/A,N/A,N/A,N/A,N/A,N/A,N/A,N/A,1264619520,1264619520,17104896,N/A,135168,45826048,4,discern-proc-so,R (running),nginx2.bnsdq.ozxfs.laefh.kvugl,2.8119320861304304
1759263023,80899,1,N/A,N/A,N/A,N/A,N/A,N/A,N/A,N/A,1647706112,1580597248,20467712,N/A,135168,82202624,5,discern-interfa,S (sleeping),nginx2.bnsdq.ozxfs.laefh.kvugl,0.015703643375282166
1759263028,340,1,103,103,103,103,109,109,109,109,237608960,237608960,222740480,N/A,135168,229879808,1,dbus-daemon,S (sleeping),nginx2.bnsdq.ozxfs.laefh.kvugl,0.29647308212483126
1759263028,3275,1,N/A,N/A,N/A,N/A,N/A,N/A,N/A,N/A,1931149312,1931149312,53477376,N/A,135168,187768832,14,discern-network,S (sleeping),nginx2.bnsdq.ozxfs.laefh.kvugl,2.2319274515918153
1759263028,183,1,N/A,N/A,N/A,N/A,N/A,N/A,N/A,N/A,150335488,116764672,44761088,4096,135168,28184576,1,systemd-journal,S (sleeping),nginx2.bnsdq.ozxfs.laefh.kvugl,0.1911294371338125
1759263028,82346,1,N/A,N/A,N/A,N/A,N/A,N/A,N/A,N/A,1264619520,1264619520,17104896,N/A,135168,45826048,4,discern-proc-so,R (running),nginx2.bnsdq.ozxfs.laefh.kvugl,2.8329229376019702
1759263028,80899,1,N/A,N/A,N/A,N/A,N/A,N/A,N/A,N/A,1647706112,1580597248,20467712,N/A,135168,82202624,5,discern-interfa,S (sleeping),nginx2.bnsdq.ozxfs.laefh.kvugl,0.015090622340415185
1759263033,340,1,103,103,103,103,109,109,109,109,237744128,237744128,223010816,N/A,135168,230014976,1,dbus-daemon,S (sleeping),nginx2.bnsdq.ozxfs.laefh.kvugl,0.296379080707047
1759263033,3275,1,N/A,N/A,N/A,N/A,N/A,N/A,N/A,N/A,1931149312,1931149312,53477376,N/A,135168,187768832,14,discern-network,S (sleeping),nginx2.bnsdq.ozxfs.laefh.kvugl,2.2320214344815485
1759263033,183,1,N/A,N/A,N/A,N/A,N/A,N/A,N/A,N/A,150335488,116764672,44761088,4096,135168,28184576,1,systemd-journal,S (sleeping),nginx2.bnsdq.ozxfs.laefh.kvugl,0.19113219905315887
1759263033,82346,1,N/A,N/A,N/A,N/A,N/A,N/A,N/A,N/A,1264619520,1264619520,17104896,N/A,135168,45826048,4,discern-proc-so,S (sleeping),nginx2.bnsdq.ozxfs.laefh.kvugl,2.7732445064497044
1759263033,80899,1,N/A,N/A,N/A,N/A,N/A,N/A,N/A,N/A,1647706112,1580597248,20467712,N/A,135168,82202624,5,discern-interfa,S (sleeping),nginx2.bnsdq.ozxfs.laefh.kvugl,0.014526051226001174
1759263038,340,1,103,103,103,103,109,109,109,109,238014464,238014464,223281152,N/A,135168,230285312,1,dbus-daemon,S (sleeping),nginx2.bnsdq.ozxfs.laefh.kvugl,0.29664379371058003
1759263038,3275,1,N/A,N/A,N/A,N/A,N/A,N/A,N/A,N/A,1931149312,1931149312,53477376,N/A,135168,187768832,14,discern-network,S (sleeping),nginx2.bnsdq.ozxfs.laefh.kvugl,2.231946160135012
1759263038,183,1,N/A,N/A,N/A,N/A,N/A,N/A,N/A,N/A,150335488,116764672,44761088,4096,135168,28184576,1,systemd-journal,S (sleeping),nginx2.bnsdq.ozxfs.laefh.kvugl,0.19113638435371266
1759263038,82346,1,N/A,N/A,N/A,N/A,N/A,N/A,N/A,N/A,1264619520,1264619520,17117184,N/A,135168,45826048,4,discern-proc-so,S (sleeping),nginx2.bnsdq.ozxfs.laefh.kvugl,2.6106698009908653
1759263038,80899,1,N/A,N/A,N/A,N/A,N/A,N/A,N/A,N/A,1647706112,1580597248,20467712,N/A,135168,82202624,5,discern-interfa,S (sleeping),nginx2.bnsdq.ozxfs.laefh.kvugl,0.014006317609939197
1759263043,340,1,103,103,103,103,109,109,109,109,238149632,238149632,223281152,N/A,135168,230420480,1,dbus-daemon,S (sleeping),nginx2.bnsdq.ozxfs.laefh.kvugl,0.2965515898745983
1759263043,3275,1,N/A,N/A,N/A,N/A,N/A,N/A,N/A,N/A,1931149312,1931149312,53477376,N/A,135168,187768832,14,discern-network,S (sleeping),nginx2.bnsdq.ozxfs.laefh.kvugl,2.2318676294829514
1759263043,183,1,N/A,N/A,N/A,N/A,N/A,N/A,N/A,N/A,150335488,116764672,44761088,4096,135168,28184576,1,systemd-journal,S (sleeping),nginx2.bnsdq.ozxfs.laefh.kvugl,0.19114028232774377
1759263043,82346,1,N/A,N/A,N/A,N/A,N/A,N/A,N/A,N/A,1264619520,1264619520,17117184,N/A,135168,45826048,4,discern-proc-so,S (sleeping),nginx2.bnsdq.ozxfs.laefh.kvugl,2.4654653868489884
1759263043,80899,1,N/A,N/A,N/A,N/A,N/A,N/A,N/A,N/A,1647706112,1580597248,20467712,N/A,135168,82202624,5,discern-interfa,S (sleeping),nginx2.bnsdq.ozxfs.laefh.kvugl,0.013521739869249715
1759263049,340,1,103,103,103,103,109,109,109,109,238419968,238419968,223551488,N/A,135168,230690816,1,dbus-daemon,S (sleeping),nginx2.bnsdq.ozxfs.laefh.kvugl,0.2966355340452217
1759263049,3275,1,N/A,N/A,N/A,N/A,N/A,N/A,N/A,N/A,1931149312,1931149312,53477376,N/A,135168,187768832,14,discern-network,S (sleeping),nginx2.bnsdq.ozxfs.laefh.kvugl,2.231960764548896
1759263049,183,1,N/A,N/A,N/A,N/A,N/A,N/A,N/A,N/A,150335488,116764672,44761088,4096,135168,28184576,1,systemd-journal,S (sleeping),nginx2.bnsdq.ozxfs.laefh.kvugl,0.1911429760351399
1759263049,82346,1,N/A,N/A,N/A,N/A,N/A,N/A,N/A,N/A,1264619520,1264619520,17117184,N/A,135168,45826048,4,discern-proc-so,R (running),nginx2.bnsdq.ozxfs.laefh.kvugl,2.4725178942442163
1759263049,80899,1,N/A,N/A,N/A,N/A,N/A,N/A,N/A,N/A,1647706112,1580597248,20467712,N/A,135168,82202624,5,discern-interfa,S (sleeping),nginx2.bnsdq.ozxfs.laefh.kvugl,0.013066551569314746
1759263054,340,1,103,103,103,103,109,109,109,109,238555136,238555136,223821824,N/A,135168,230825984,1,dbus-daemon,S (sleeping),nginx2.bnsdq.ozxfs.laefh.kvugl,0.29654267176878424
1759263054,3275,1,N/A,N/A,N/A,N/A,N/A,N/A,N/A,N/A,1931149312,1931149312,53477376,N/A,135168,187768832,14,discern-network,S (sleeping),nginx2.bnsdq.ozxfs.laefh.kvugl,2.2318758254085127
1759263054,183,1,N/A,N/A,N/A,N/A,N/A,N/A,N/A,N/A,150335488,116764672,44761088,4096,135168,28184576,1,systemd-journal,S (sleeping),nginx2.bnsdq.ozxfs.laefh.kvugl,0.19132397294759781
1759263054,82346,1,N/A,N/A,N/A,N/A,N/A,N/A,N/A,N/A,1264619520,1264619520,17125376,N/A,135168,45826048,4,discern-proc-so,S (sleeping),nginx2.bnsdq.ozxfs.laefh.kvugl,2.4366809268069214
1759263054,80899,1,N/A,N/A,N/A,N/A,N/A,N/A,N/A,N/A,1647706112,1580597248,20467712,N/A,135168,82202624,5,discern-interfa,S (sleeping),nginx2.bnsdq.ozxfs.laefh.kvugl,0.012642589503156111
1759263059,340,1,103,103,103,103,109,109,109,109,238690304,238690304,224092160,N/A,135168,230961152,1,dbus-daemon,S (sleeping),nginx2.bnsdq.ozxfs.laefh.kvugl,0.2966264408164456
1759263059,3275,1,N/A,N/A,N/A,N/A,N/A,N/A,N/A,N/A,1931149312,1931149312,53477376,N/A,135168,187768832,14,discern-network,S (sleeping),nginx2.bnsdq.ozxfs.laefh.kvugl,2.231782725017471
1759263059,183,1,N/A,N/A,N/A,N/A,N/A,N/A,N/A,N/A,150335488,116764672,44761088,4096,135168,28184576,1,systemd-journal,S (sleeping),nginx2.bnsdq.ozxfs.laefh.kvugl,0.19114898933718333
1759263059,82346,1,N/A,N/A,N/A,N/A,N/A,N/A,N/A,N/A,1264619520,1264619520,17129472,N/A,135168,45826048,4,discern-proc-so,S (sleeping),nginx2.bnsdq.ozxfs.laefh.kvugl,2.464254105181644
1759263059,80899,1,N/A,N/A,N/A,N/A,N/A,N/A,N/A,N/A,1647706112,1580597248,20467712,N/A,135168,82202624,5,discern-interfa,S (sleeping),nginx2.bnsdq.ozxfs.laefh.kvugl,0.012243752371868317
1759263064,340,1,103,103,103,103,109,109,109,109,238825472,238825472,224092160,N/A,135168,231096320,1,dbus-daemon,S (sleeping),nginx2.bnsdq.ozxfs.laefh.kvugl,0.2965315674565225
1759263064,3275,1,N/A,N/A,N/A,N/A,N/A,N/A,N/A,N/A,1931149312,1931149312,53477376,N/A,135168,187768832,14,discern-network,S (sleeping),nginx2.bnsdq.ozxfs.laefh.kvugl,2.231866502019729
1759263064,183,1,N/A,N/A,N/A,N/A,N/A,N/A,N/A,N/A,150335488,116764672,44761088,4096,135168,28184576,1,systemd-journal,S (sleeping),nginx2.bnsdq.ozxfs.laefh.kvugl,0.19115091862492653
1759263064,82346,1,N/A,N/A,N/A,N/A,N/A,N/A,N/A,N/A,1264619520,1264619520,17129472,N/A,135168,45826048,4,discern-proc-so,S (sleeping),nginx2.bnsdq.ozxfs.laefh.kvugl,2.4859584426281733
1759263064,80899,1,N/A,N/A,N/A,N/A,N/A,N/A,N/A,N/A,1647706112,1580597248,20467712,N/A,135168,82202624,5,discern-interfa,S (sleeping),nginx2.bnsdq.ozxfs.laefh.kvugl,0.01186780304896292
1759263069,340,1,103,103,103,103,109,109,109,109,239095808,239095808,224362496,N/A,135168,231366656,1,dbus-daemon,S (sleeping),nginx2.bnsdq.ozxfs.laefh.kvugl,0.29661497848569396
1759263069,3275,1,N/A,N/A,N/A,N/A,N/A,N/A,N/A,N/A,1931149312,1931149312,53477376,N/A,135168,187768832,14,discern-network,S (sleeping),nginx2.bnsdq.ozxfs.laefh.kvugl,2.2319573756840856
1759263069,183,1,N/A,N/A,N/A,N/A,N/A,N/A,N/A,N/A,150335488,116764672,44761088,4096,135168,28184576,1,systemd-journal,S (sleeping),nginx2.bnsdq.ozxfs.laefh.kvugl,0.19115343594280007
1759263069,82346,1,N/A,N/A,N/A,N/A,N/A,N/A,N/A,N/A,1264619520,1264619520,17133568,N/A,135168,45826048,4,discern-proc-so,R (running),nginx2.bnsdq.ozxfs.laefh.kvugl,2.504777547641949
1759263069,80899,1,N/A,N/A,N/A,N/A,N/A,N/A,N/A,N/A,1647706112,1580597248,20467712,N/A,135168,82202624,5,discern-interfa,S (sleeping),nginx2.bnsdq.ozxfs.laefh.kvugl,0.011515410021174842
1759263074,340,1,103,103,103,103,109,109,109,109,239230976,239230976,224362496,N/A,135168,231501824,1,dbus-daemon,S (sleeping),nginx2.bnsdq.ozxfs.laefh.kvugl,0.2965202103474018
1759263074,3275,1,N/A,N/A,N/A,N/A,N/A,N/A,N/A,N/A,1931149312,1931149312,53477376,N/A,135168,187768832,14,discern-network,S (sleeping),nginx2.bnsdq.ozxfs.laefh.kvugl,2.23166960996976
1759263074,183,1,N/A,N/A,N/A,N/A,N/A,N/A,N/A,N/A,150335488,116764672,44761088,4096,135168,28184576,1,systemd-journal,S (sleeping),nginx2.bnsdq.ozxfs.laefh.kvugl,0.19115530356462132
1759263074,82346,1,N/A,N/A,N/A,N/A,N/A,N/A,N/A,N/A,1264619520,1264619520,17133568,N/A,135168,45826048,4,discern-proc-so,R (running),nginx2.bnsdq.ozxfs.laefh.kvugl,2.534763555183256
1759263074,80899,1,N/A,N/A,N/A,N/A,N/A,N/A,N/A,N/A,1647706112,1580597248,20467712,N/A,135168,82202624,5,discern-interfa,S (sleeping),nginx2.bnsdq.ozxfs.laefh.kvugl,0.011182146623042993
1759263080,340,1,103,103,103,103,109,109,109,109,239366144,239366144,224632832,N/A,135168,231636992,1,dbus-daemon,S (sleeping),nginx2.bnsdq.ozxfs.laefh.kvugl,0.2964266166498305
1759263080,3275,1,N/A,N/A,N/A,N/A,N/A,N/A,N/A,N/A,1931149312,1931149312,53477376,N/A,135168,187768832,14,discern-network,S (sleeping),nginx2.bnsdq.ozxfs.laefh.kvugl,2.23157540575895
1759263080,183,1,N/A,N/A,N/A,N/A,N/A,N/A,N/A,N/A,150335488,116764672,44761088,4096,135168,28184576,1,systemd-journal,S (sleeping),nginx2.bnsdq.ozxfs.laefh.kvugl,0.19098098025074206
1759263080,82346,1,N/A,N/A,N/A,N/A,N/A,N/A,N/A,N/A,1264619520,1264619520,17133568,N/A,135168,45826048,4,discern-proc-so,R (running),nginx2.bnsdq.ozxfs.laefh.kvugl,2.5337776372098637
1759263080,80899,1,N/A,N/A,N/A,N/A,N/A,N/A,N/A,N/A,1647706112,1580597248,20467712,N/A,135168,82202624,5,discern-interfa,S (sleeping),nginx2.bnsdq.ozxfs.laefh.kvugl,0.010868760595778869
1759263085,340,1,103,103,103,103,109,109,109,109,239771648,239771648,224903168,N/A,135168,232042496,1,dbus-daemon,S (sleeping),nginx2.bnsdq.ozxfs.laefh.kvugl,0.2965104833998143
1759263085,3275,1,N/A,N/A,N/A,N/A,N/A,N/A,N/A,N/A,1931149312,1931149312,53477376,N/A,135168,187768832,14,discern-network,S (sleeping),nginx2.bnsdq.ozxfs.laefh.kvugl,2.2314859902720086
1759263085,183,1,N/A,N/A,N/A,N/A,N/A,N/A,N/A,N/A,150335488,116764672,44761088,4096,135168,28184576,1,systemd-journal,S (sleeping),nginx2.bnsdq.ozxfs.laefh.kvugl,0.1911606976727641
1759263085,82346,1,N/A,N/A,N/A,N/A,N/A,N/A,N/A,N/A,1264619520,1264619520,17133568,N/A,135168,45826048,4,discern-proc-so,S (sleeping),nginx2.bnsdq.ozxfs.laefh.kvugl,2.5332846457280134
1759263085,80899,1,N/A,N/A,N/A,N/A,N/A,N/A,N/A,N/A,1647706112,1580597248,20467712,N/A,135168,82202624,5,discern-interfa,S (sleeping),nginx2.bnsdq.ozxfs.laefh.kvugl,0.010573087947162092
1759263090,340,1,103,103,103,103,109,109,109,109,239771648,239771648,225173504,N/A,135168,232042496,1,dbus-daemon,S (sleeping),nginx2.bnsdq.ozxfs.laefh.kvugl,0.29624082515196193
1759263090,3275,1,N/A,N/A,N/A,N/A,N/A,N/A,N/A,N/A,1931149312,1931149312,53477376,N/A,135168,187768832,14,discern-network,S (sleeping),nginx2.bnsdq.ozxfs.laefh.kvugl,2.231764032089879
1759263090,183,1,N/A,N/A,N/A,N/A,N/A,N/A,N/A,N/A,150335488,116764672,44761088,4096,135168,28184576,1,systemd-journal,S (sleeping),nginx2.bnsdq.ozxfs.laefh.kvugl,0.19098687814852716
1759263090,82346,1,N/A,N/A,N/A,N/A,N/A,N/A,N/A,N/A,1264619520,1264619520,17133568,N/A,135168,45826048,4,discern-proc-so,R (running),nginx2.bnsdq.ozxfs.laefh.kvugl,2.532685720657225
1759263090,80899,1,N/A,N/A,N/A,N/A,N/A,N/A,N/A,N/A,1647706112,1580597248,20467712,N/A,135168,82202624,5,discern-interfa,S (sleeping),nginx2.bnsdq.ozxfs.laefh.kvugl,0.010292785277072268
1759263095,340,1,103,103,103,103,109,109,109,109,240041984,240041984,225173504,N/A,135168,232312832,1,dbus-daemon,S (sleeping),nginx2.bnsdq.ozxfs.laefh.kvugl,0.29650004188443235
1759263095,3275,1,N/A,N/A,N/A,N/A,N/A,N/A,N/A,N/A,1931149312,1931149312,53477376,N/A,135168,187768832,14,discern-network,S (sleeping),nginx2.bnsdq.ozxfs.laefh.kvugl,2.2316663334086333
1759263095,183,1,N/A,N/A,N/A,N/A,N/A,N/A,N/A,N/A,150335488,116764672,44761088,4096,135168,28184576,1,systemd-journal,S (sleeping),nginx2.bnsdq.ozxfs.laefh.kvugl,0.19098923150316233
1759263095,82346,1,N/A,N/A,N/A,N/A,N/A,N/A,N/A,N/A,1264619520,1264619520,17133568,N/A,135168,45826048,4,discern-proc-so,R (running),nginx2.bnsdq.ozxfs.laefh.kvugl,2.5204315595976348
1759263095,80899,1,N/A,N/A,N/A,N/A,N/A,N/A,N/A,N/A,1647706112,1580597248,20467712,N/A,135168,82202624,5,discern-interfa,S (sleeping),nginx2.bnsdq.ozxfs.laefh.kvugl,0.010026218206936291
1759263100,340,1,103,103,103,103,109,109,109,109,240205824,240205824,225443840,N/A,135168,232476672,1,dbus-daemon,S (sleeping),nginx2.bnsdq.ozxfs.laefh.kvugl,0.29640545704814397
1759263100,3275,1,N/A,N/A,N/A,N/A,N/A,N/A,N/A,N/A,1931149312,1931149312,53477376,N/A,135168,187768832,14,discern-network,S (sleeping),nginx2.bnsdq.ozxfs.laefh.kvugl,2.2317462674442026
1759263100,183,1,N/A,N/A,N/A,N/A,N/A,N/A,N/A,N/A,150335488,116764672,44761088,4096,135168,28184576,1,systemd-journal,S (sleeping),nginx2.bnsdq.ozxfs.laefh.kvugl,0.1909910186955827
1759263100,82346,1,N/A,N/A,N/A,N/A,N/A,N/A,N/A,N/A,1264619520,1264619520,17133568,N/A,135168,45826048,4,discern-proc-so,S (sleeping),nginx2.bnsdq.ozxfs.laefh.kvugl,2.5517921906405654
1759263100,80899,1,N/A,N/A,N/A,N/A,N/A,N/A,N/A,N/A,1647706112,1580597248,20467712,N/A,135168,82202624,5,discern-interfa,S (sleeping),nginx2.bnsdq.ozxfs.laefh.kvugl,0.00977231676453833
1759263105,340,1,103,103,103,103,109,109,109,109,240480256,240480256,225714176,N/A,135168,232751104,1,dbus-daemon,S (sleeping),nginx2.bnsdq.ozxfs.laefh.kvugl,0.2963117663121499
1759263105,3275,1,N/A,N/A,N/A,N/A,N/A,N/A,N/A,N/A,1931149312,1931149312,53477376,N/A,135168,187768832,14,discern-network,S (sleeping),nginx2.bnsdq.ozxfs.laefh.kvugl,2.232015970369691
1759263105,183,1,N/A,N/A,N/A,N/A,N/A,N/A,N/A,N/A,150335488,116764672,44761088,4096,135168,28184576,1,systemd-journal,S (sleeping),nginx2.bnsdq.ozxfs.laefh.kvugl,0.19099326273554046
1759263105,82346,1,N/A,N/A,N/A,N/A,N/A,N/A,N/A,N/A,1264619520,1264619520,17133568,N/A,135168,45826048,4,discern-proc-so,S (sleeping),nginx2.bnsdq.ozxfs.laefh.kvugl,2.5599837911329657
1759263105,80899,1,N/A,N/A,N/A,N/A,N/A,N/A,N/A,N/A,1647706112,1580597248,20467712,N/A,135168,82202624,5,discern-interfa,S (sleeping),nginx2.bnsdq.ozxfs.laefh.kvugl,0.009531578043956374
1759263111,340,1,103,103,103,103,109,109,109,109,240615424,240615424,225714176,N/A,135168,232886272,1,dbus-daemon,S (sleeping),nginx2.bnsdq.ozxfs.laefh.kvugl,0.2962179298348683
1759263111,3275,1,N/A,N/A,N/A,N/A,N/A,N/A,N/A,N/A,1931149312,1931149312,53477376,N/A,135168,187768832,14,discern-network,S (sleeping),nginx2.bnsdq.ozxfs.laefh.kvugl,2.2322826626725143
1759263111,183,1,N/A,N/A,N/A,N/A,N/A,N/A,N/A,N/A,150335488,116764672,44761088,4096,135168,28184576,1,systemd-journal,S (sleeping),nginx2.bnsdq.ozxfs.laefh.kvugl,0.1909952991962261
1759263111,82346,1,N/A,N/A,N/A,N/A,N/A,N/A,N/A,N/A,1264619520,1264619520,17133568,N/A,135168,45826048,4,discern-proc-so,R (running),nginx2.bnsdq.ozxfs.laefh.kvugl,2.5768260942325587
1759263111,80899,1,N/A,N/A,N/A,N/A,N/A,N/A,N/A,N/A,1647706112,1580597248,20467712,N/A,135168,82202624,5,discern-interfa,S (sleeping),nginx2.bnsdq.ozxfs.laefh.kvugl,0.00930215196538208
1759263116,340,1,103,103,103,103,109,109,109,109,240750592,240750592,225984512,N/A,135168,233021440,1,dbus-daemon,S (sleeping),nginx2.bnsdq.ozxfs.laefh.kvugl,0.29630065839587394
1759263116,3275,1,N/A,N/A,N/A,N/A,N/A,N/A,N/A,N/A,1931149312,1931149312,53477376,N/A,135168,187768832,14,discern-network,S (sleeping),nginx2.bnsdq.ozxfs.laefh.kvugl,2.232554002444216
1759263116,183,1,N/A,N/A,N/A,N/A,N/A,N/A,N/A,N/A,150335488,116764672,44761088,4096,135168,28184576,1,systemd-journal,S (sleeping),nginx2.bnsdq.ozxfs.laefh.kvugl,0.190997753144082
1759263116,82346,1,N/A,N/A,N/A,N/A,N/A,N/A,N/A,N/A,1264619520,1264619520,17133568,N/A,135168,45826048,4,discern-proc-so,S (sleeping),nginx2.bnsdq.ozxfs.laefh.kvugl,2.58320957027198
1759263116,80899,1,N/A,N/A,N/A,N/A,N/A,N/A,N/A,N/A,1647706112,1580597248,20467712,N/A,135168,82202624,5,discern-interfa,S (sleeping),nginx2.bnsdq.ozxfs.laefh.kvugl,0.00908402895089832
1759263121,340,1,103,103,103,103,109,109,109,109,240885760,240885760,226254848,N/A,135168,233156608,1,dbus-daemon,S (sleeping),nginx2.bnsdq.ozxfs.laefh.kvugl,0.29620682152939565
1759263121,3275,1,N/A,N/A,N/A,N/A,N/A,N/A,N/A,N/A,1931149312,1931149312,53477376,N/A,135168,187768832,14,discern-network,S (sleeping),nginx2.bnsdq.ozxfs.laefh.kvugl,2.2328182492366366
1759263121,183,1,N/A,N/A,N/A,N/A,N/A,N/A,N/A,N/A,150335488,116764672,44761088,4096,135168,28184576,1,systemd-journal,S (sleeping),nginx2.bnsdq.ozxfs.laefh.kvugl,0.1908241133007815
1759263121,82346,1,N/A,N/A,N/A,N/A,N/A,N/A,N/A,N/A,1264619520,1264619520,17133568,N/A,135168,45826048,4,discern-proc-so,S (sleeping),nginx2.bnsdq.ozxfs.laefh.kvugl,2.6061428324079183
1759263121,80899,1,N/A,N/A,N/A,N/A,N/A,N/A,N/A,N/A,1647706112,1580597248,20467712,N/A,135168,82202624,5,discern-interfa,S (sleeping),nginx2.bnsdq.ozxfs.laefh.kvugl,0.00887526696615988
1759263126,340,1,103,103,103,103,109,109,109,109,241020928,241020928,226254848,N/A,135168,233291776,1,dbus-daemon,S (sleeping),nginx2.bnsdq.ozxfs.laefh.kvugl,0.29628962241615375
1759263126,3275,1,N/A,N/A,N/A,N/A,N/A,N/A,N/A,N/A,1931149312,1931149312,53477376,N/A,135168,187768832,14,discern-network,S (sleeping),nginx2.bnsdq.ozxfs.laefh.kvugl,2.232539627702213
1759263126,183,1,N/A,N/A,N/A,N/A,N/A,N/A,N/A,N/A,150335488,116764672,44761088,4096,135168,28184576,1,systemd-journal,S (sleeping),nginx2.bnsdq.ozxfs.laefh.kvugl,0.1908268522080906
1759263126,82346,1,N/A,N/A,N/A,N/A,N/A,N/A,N/A,N/A,1264619520,1264619520,17133568,N/A,135168,45826048,4,discern-proc-so,R (running),nginx2.bnsdq.ozxfs.laefh.kvugl,2.6024278703405925
1759263126,80899,1,N/A,N/A,N/A,N/A,N/A,N/A,N/A,N/A,1647706112,1580597248,20467712,N/A,135168,82202624,5,discern-interfa,S (sleeping),nginx2.bnsdq.ozxfs.laefh.kvugl,0.00867664295266188
1759263131,340,1,103,103,103,103,109,109,109,109,241426432,241426432,226525184,N/A,135168,233697280,1,dbus-daemon,S (sleeping),nginx2.bnsdq.ozxfs.laefh.kvugl,0.29637283126768654
1759263131,3275,1,N/A,N/A,N/A,N/A,N/A,N/A,N/A,N/A,1931149312,1931149312,53477376,N/A,135168,187768832,14,discern-network,S (sleeping),nginx2.bnsdq.ozxfs.laefh.kvugl,2.2324492808693943
1759263131,183,1,N/A,N/A,N/A,N/A,N/A,N/A,N/A,N/A,150335488,116764672,44761088,4096,135168,28184576,1,systemd-journal,S (sleeping),nginx2.bnsdq.ozxfs.laefh.kvugl,0.19100518259836394
1759263131,82346,1,N/A,N/A,N/A,N/A,N/A,N/A,N/A,N/A,1264619520,1264619520,17133568,N/A,135168,45826048,4,discern-proc-so,S (sleeping),nginx2.bnsdq.ozxfs.laefh.kvugl,2.599245875682238
1759263131,80899,1,N/A,N/A,N/A,N/A,N/A,N/A,N/A,N/A,1647706112,1580597248,20467712,N/A,135168,82202624,5,discern-interfa,S (sleeping),nginx2.bnsdq.ozxfs.laefh.kvugl,0.008487103830825706
1759263136,340,1,103,103,103,103,109,109,109,109,241426432,241426432,226795520,N/A,135168,233697280,1,dbus-daemon,S (sleeping),nginx2.bnsdq.ozxfs.laefh.kvugl,0.29628079061894996
1759263136,3275,1,N/A,N/A,N/A,N/A,N/A,N/A,N/A,N/A,1931149312,1931149312,53477376,N/A,135168,187768832,14,discern-network,S (sleeping),nginx2.bnsdq.ozxfs.laefh.kvugl,2.2325423781231906
1759263136,183,1,N/A,N/A,N/A,N/A,N/A,N/A,N/A,N/A,150335488,116764672,44761088,4096,135168,28184576,1,systemd-journal,S (sleeping),nginx2.bnsdq.ozxfs.laefh.kvugl,0.1910081202556561
1759263136,82346,1,N/A,N/A,N/A,N/A,N/A,N/A,N/A,N/A,1264619520,1264619520,17133568,N/A,135168,45826048,4,discern-proc-so,S (sleeping),nginx2.bnsdq.ozxfs.laefh.kvugl,2.5963187449370286
1759263136,80899,1,N/A,N/A,N/A,N/A,N/A,N/A,N/A,N/A,1647706112,1580597248,20467712,N/A,135168,82202624,5,discern-interfa,S (sleeping),nginx2.bnsdq.ozxfs.laefh.kvugl,0.008305673422212655
1759263141,340,1,103,103,103,103,109,109,109,109,241696768,241696768,227065856,N/A,135168,233967616,1,dbus-daemon,S (sleeping),nginx2.bnsdq.ozxfs.laefh.kvugl,0.29636358936732987
1759263141,3275,1,N/A,N/A,N/A,N/A,N/A,N/A,N/A,N/A,1931149312,1931149312,53477376,N/A,135168,187768832,14,discern-network,S (sleeping),nginx2.bnsdq.ozxfs.laefh.kvugl,2.2324500911217613
1759263141,183,1,N/A,N/A,N/A,N/A,N/A,N/A,N/A,N/A,150335488,116764672,44761088,4096,135168,28184576,1,systemd-journal,S (sleeping),nginx2.bnsdq.ozxfs.laefh.kvugl,0.19083595447650875
1759263141,82346,1,N/A,N/A,N/A,N/A,N/A,N/A,N/A,N/A,1264619520,1264619520,17137664,N/A,135168,45826048,4,discern-proc-so,S (sleeping),nginx2.bnsdq.ozxfs.laefh.kvugl,2.586099769329882
1759263141,80899,1,N/A,N/A,N/A,N/A,N/A,N/A,N/A,N/A,1647706112,1580597248,20467712,N/A,135168,82202624,5,discern-interfa,S (sleeping),nginx2.bnsdq.ozxfs.laefh.kvugl,0.008131655181351139
1759263147,340,1,103,103,103,103,109,109,109,109,241831936,241831936,227065856,N/A,135168,234102784,1,dbus-daemon,S (sleeping),nginx2.bnsdq.ozxfs.laefh.kvugl,0.2962705295348321
1759263147,3275,1,N/A,N/A,N/A,N/A,N/A,N/A,N/A,N/A,1931149312,1931149312,53477376,N/A,135168,187768832,14,discern-network,S (sleeping),nginx2.bnsdq.ozxfs.laefh.kvugl,2.2325335910336292
1759263147,183,1,N/A,N/A,N/A,N/A,N/A,N/A,N/A,N/A,150335488,116764672,44761088,4096,135168,28184576,1,systemd-journal,S (sleeping),nginx2.bnsdq.ozxfs.laefh.kvugl,0.19101302958717156
1759263147,82346,1,N/A,N/A,N/A,N/A,N/A,N/A,N/A,N/A,1264619520,1264619520,17137664,N/A,135168,45826048,4,discern-proc-so,S (sleeping),nginx2.bnsdq.ozxfs.laefh.kvugl,2.597720678067417
1759263147,80899,1,N/A,N/A,N/A,N/A,N/A,N/A,N/A,N/A,1647706112,1580597248,20467712,N/A,135168,82202624,5,discern-interfa,S (sleeping),nginx2.bnsdq.ozxfs.laefh.kvugl,0.007964226623294277
1759263152,340,1,103,103,103,103,109,109,109,109,242102272,242102272,227336192,N/A,135168,234373120,1,dbus-daemon,S (sleeping),nginx2.bnsdq.ozxfs.laefh.kvugl,0.2963524710793142
1759263152,3275,1,N/A,N/A,N/A,N/A,N/A,N/A,N/A,N/A,1931149312,1931149312,53477376,N/A,135168,187768832,14,discern-network,S (sleeping),nginx2.bnsdq.ozxfs.laefh.kvugl,2.2326185168739245
1759263152,183,1,N/A,N/A,N/A,N/A,N/A,N/A,N/A,N/A,150335488,116764672,44761088,4096,135168,28184576,1,systemd-journal,S (sleeping),nginx2.bnsdq.ozxfs.laefh.kvugl,0.1908407092666913
1759263152,82346,1,N/A,N/A,N/A,N/A,N/A,N/A,N/A,N/A,1264619520,1264619520,17137664,N/A,135168,45826048,4,discern-proc-so,R (running),nginx2.bnsdq.ozxfs.laefh.kvugl,2.5948155419761028
1759263152,80899,1,N/A,N/A,N/A,N/A,N/A,N/A,N/A,N/A,1647706112,1580597248,20467712,N/A,135168,82202624,5,discern-interfa,S (sleeping),nginx2.bnsdq.ozxfs.laefh.kvugl,0.007803665745698173
1759263157,340,1,103,103,103,103,109,109,109,109,242237440,242237440,227606528,N/A,135168,234508288,1,dbus-daemon,S (sleeping),nginx2.bnsdq.ozxfs.laefh.kvugl,0.2962588659552413
1759263157,3275,1,N/A,N/A,N/A,N/A,N/A,N/A,N/A,N/A,1931149312,1931149312,53477376,N/A,135168,187768832,14,discern-network,S (sleeping),nginx2.bnsdq.ozxfs.laefh.kvugl,2.232513455356565
1759263157,183,1,N/A,N/A,N/A,N/A,N/A,N/A,N/A,N/A,150335488,125153280,44761088,4096,135168,28184576,1,systemd-journal,S (sleeping),nginx2.bnsdq.ozxfs.laefh.kvugl,0.1910169897301294
1759263157,82346,1,N/A,N/A,N/A,N/A,N/A,N/A,N/A,N/A,1264619520,1264619520,17137664,N/A,135168,45826048,4,discern-proc-so,R (running),nginx2.bnsdq.ozxfs.laefh.kvugl,2.611736853396413
1759263157,80899,1,N/A,N/A,N/A,N/A,N/A,N/A,N/A,N/A,1647706112,1580597248,20467712,N/A,135168,82202624,5,discern-interfa,S (sleeping),nginx2.bnsdq.ozxfs.laefh.kvugl,0.007648923030591303
1759263162,340,1,103,103,103,103,109,109,109,109,242372608,242372608,227606528,N/A,135168,234643456,1,dbus-daemon,S (sleeping),nginx2.bnsdq.ozxfs.laefh.kvugl,0.29616614805081715
1759263162,3275,1,N/A,N/A,N/A,N/A,N/A,N/A,N/A,N/A,1931149312,1931149312,53477376,N/A,135168,187768832,14,discern-network,S (sleeping),nginx2.bnsdq.ozxfs.laefh.kvugl,2.232596671367183
1759263162,183,1,N/A,N/A,N/A,N/A,N/A,N/A,N/A,N/A,150335488,125153280,44761088,4096,135168,28184576,1,systemd-journal,S (sleeping),nginx2.bnsdq.ozxfs.laefh.kvugl,0.19084484935687765
1759263162,82346,1,N/A,N/A,N/A,N/A,N/A,N/A,N/A,N/A,1264619520,1264619520,17137664,N/A,135168,45826048,4,discern-proc-so,R (running),nginx2.bnsdq.ozxfs.laefh.kvugl,2.6084980389270265
1759263162,80899,1,N/A,N/A,N/A,N/A,N/A,N/A,N/A,N/A,1647706112,1580597248,20467712,N/A,135168,82202624,5,discern-interfa,S (sleeping),nginx2.bnsdq.ozxfs.laefh.kvugl,0.007500603227492011
1759263167,340,1,103,103,103,103,109,109,109,109,242507776,242507776,227876864,N/A,135168,234778624,1,dbus-daemon,S (sleeping),nginx2.bnsdq.ozxfs.laefh.kvugl,0.2960733005914545
1759263167,3275,1,N/A,N/A,N/A,N/A,N/A,N/A,N/A,N/A,1931149312,1931149312,53477376,N/A,135168,187768832,14,discern-network,S (sleeping),nginx2.bnsdq.ozxfs.laefh.kvugl,2.2324951919967484
1759263167,183,1,N/A,N/A,N/A,N/A,N/A,N/A,N/A,N/A,150335488,125153280,44761088,4096,135168,28184576,1,systemd-journal,S (sleeping),nginx2.bnsdq.ozxfs.laefh.kvugl,0.19084695392050205
1759263167,82346,1,N/A,N/A,N/A,N/A,N/A,N/A,N/A,N/A,1264619520,1264619520,17137664,N/A,135168,45826048,4,discern-proc-so,R (running),nginx2.bnsdq.ozxfs.laefh.kvugl,2.624023535612562
1759263167,80899,1,N/A,N/A,N/A,N/A,N/A,N/A,N/A,N/A,1647706112,1580597248,20467712,N/A,135168,82202624,5,discern-interfa,S (sleeping),nginx2.bnsdq.ozxfs.laefh.kvugl,0.007357760873050728
1759263172,340,1,103,103,103,103,109,109,109,109,242778112,242778112,227876864,N/A,135168,235048960,1,dbus-daemon,S (sleeping),nginx2.bnsdq.ozxfs.laefh.kvugl,0.2959814418317589
1759263172,3275,1,N/A,N/A,N/A,N/A,N/A,N/A,N/A,N/A,1931149312,1931149312,53477376,N/A,135168,187768832,14,discern-network,S (sleeping),nginx2.bnsdq.ozxfs.laefh.kvugl,2.2327643495562617
1759263172,183,1,N/A,N/A,N/A,N/A,N/A,N/A,N/A,N/A,150335488,125153280,44761088,4096,135168,28184576,1,systemd-journal,S (sleeping),nginx2.bnsdq.ozxfs.laefh.kvugl,0.19084958392027648
1759263172,82346,1,N/A,N/A,N/A,N/A,N/A,N/A,N/A,N/A,1264619520,1264619520,17137664,N/A,135168,45826048,4,discern-proc-so,R (running),nginx2.bnsdq.ozxfs.laefh.kvugl,2.6267868148369096
1759263172,80899,1,N/A,N/A,N/A,N/A,N/A,N/A,N/A,N/A,1647706112,1580597248,20467712,N/A,135168,82202624,5,discern-interfa,S (sleeping),nginx2.bnsdq.ozxfs.laefh.kvugl,0.007220676634320725
1759263178,340,1,103,103,103,103,109,109,109,109,243048448,243048448,228417536,N/A,135168,235319296,1,dbus-daemon,S (sleeping),nginx2.bnsdq.ozxfs.laefh.kvugl,0.296237757483152
1759263178,3275,1,N/A,N/A,N/A,N/A,N/A,N/A,N/A,N/A,1931149312,1931149312,53477376,N/A,135168,187768832,14,discern-network,S (sleeping),nginx2.bnsdq.ozxfs.laefh.kvugl,2.2330354721802075
1759263178,183,1,N/A,N/A,N/A,N/A,N/A,N/A,N/A,N/A,150335488,125153280,44761088,4096,135168,28184576,1,systemd-journal,S (sleeping),nginx2.bnsdq.ozxfs.laefh.kvugl,0.19102622912759265
1759263178,82346,1,N/A,N/A,N/A,N/A,N/A,N/A,N/A,N/A,1264619520,1264619520,17137664,N/A,135168,45826048,4,discern-proc-so,R (running),nginx2.bnsdq.ozxfs.laefh.kvugl,2.629476196372424
1759263178,80899,1,N/A,N/A,N/A,N/A,N/A,N/A,N/A,N/A,1647706112,1580597248,20467712,N/A,135168,82202624,5,discern-interfa,S (sleeping),nginx2.bnsdq.ozxfs.laefh.kvugl,0.007088758757200536
1759263183,340,1,103,103,103,103,109,109,109,109,243208192,243208192,228417536,N/A,135168,235479040,1,dbus-daemon,S (sleeping),nginx2.bnsdq.ozxfs.laefh.kvugl,0.29597336180222006
1759263183,3275,1,N/A,N/A,N/A,N/A,N/A,N/A,N/A,N/A,1931149312,1931149312,53477376,N/A,135168,187768832,14,discern-network,S (sleeping),nginx2.bnsdq.ozxfs.laefh.kvugl,2.2331309617492634
1759263183,183,1,N/A,N/A,N/A,N/A,N/A,N/A,N/A,N/A,150335488,125153280,44761088,4096,135168,28184576,1,systemd-journal,S (sleeping),nginx2.bnsdq.ozxfs.laefh.kvugl,0.1908557660444893
1759263183,82346,1,N/A,N/A,N/A,N/A,N/A,N/A,N/A,N/A,1264619520,1264619520,17137664,N/A,135168,45826048,4,discern-proc-so,S (sleeping),nginx2.bnsdq.ozxfs.laefh.kvugl,2.615229392182516
1759263183,80899,1,N/A,N/A,N/A,N/A,N/A,N/A,N/A,N/A,1647706112,1580597248,20467712,N/A,135168,82202624,5,discern-interfa,S (sleeping),nginx2.bnsdq.ozxfs.laefh.kvugl,0.0069619638611914175
1759263188,340,1,103,103,103,103,109,109,109,109,243478528,243478528,228687872,N/A,135168,235749376,1,dbus-daemon,S (sleeping),nginx2.bnsdq.ozxfs.laefh.kvugl,0.29622886789347375
1759263188,3275,1,N/A,N/A,N/A,N/A,N/A,N/A,N/A,N/A,1931149312,1931149312,53477376,N/A,135168,187768832,14,discern-network,S (sleeping),nginx2.bnsdq.ozxfs.laefh.kvugl,2.2332169224329905
1759263188,183,1,N/A,N/A,N/A,N/A,N/A,N/A,N/A,N/A,150335488,125153280,44761088,4096,135168,28184576,1,systemd-journal,S (sleeping),nginx2.bnsdq.ozxfs.laefh.kvugl,0.1908583499245799
1759263188,82346,1,N/A,N/A,N/A,N/A,N/A,N/A,N/A,N/A,1264619520,1264619520,17137664,N/A,135168,45826048,4,discern-proc-so,R (running),nginx2.bnsdq.ozxfs.laefh.kvugl,2.61799277024085
1759263188,80899,1,N/A,N/A,N/A,N/A,N/A,N/A,N/A,N/A,1647706112,1580597248,20467712,N/A,135168,82202624,5,discern-interfa,S (sleeping),nginx2.bnsdq.ozxfs.laefh.kvugl,0.006839084153996933
1759263193,340,1,103,103,103,103,109,109,109,109,243613696,243613696,228687872,N/A,135168,235884544,1,dbus-daemon,S (sleeping),nginx2.bnsdq.ozxfs.laefh.kvugl,0.29613641306812055
1759263193,3275,1,N/A,N/A,N/A,N/A,N/A,N/A,N/A,N/A,1931149312,1931149312,53477376,N/A,135168,187768832,14,discern-network,S (sleeping),nginx2.bnsdq.ozxfs.laefh.kvugl,2.233115608071232
1759263193,183,1,N/A,N/A,N/A,N/A,N/A,N/A,N/A,N/A,150335488,125153280,44761088,4096,135168,28184576,1,systemd-journal,S (sleeping),nginx2.bnsdq.ozxfs.laefh.kvugl,0.19068710312392662
1759263193,82346,1,N/A,N/A,N/A,N/A,N/A,N/A,N/A,N/A,1264619520,1264619520,17137664,N/A,135168,45826048,4,discern-proc-so,S (sleeping),nginx2.bnsdq.ozxfs.laefh.kvugl,2.6257608604320795
1759263193,80899,1,N/A,N/A,N/A,N/A,N/A,N/A,N/A,N/A,1647706112,1580597248,20467712,N/A,135168,82202624,5,discern-interfa,S (sleeping),nginx2.bnsdq.ozxfs.laefh.kvugl,0.00672014389050168
1759263198,340,1,103,103,103,103,109,109,109,109,243748864,243748864,228958208,N/A,135168,236019712,1,dbus-daemon,S (sleeping),nginx2.bnsdq.ozxfs.laefh.kvugl,0.29604512168798824
1759263198,3275,1,N/A,N/A,N/A,N/A,N/A,N/A,N/A,N/A,1931149312,1931149312,53477376,N/A,135168,187768832,14,discern-network,S (sleeping),nginx2.bnsdq.ozxfs.laefh.kvugl,2.2330223447369733
1759263198,183,1,N/A,N/A,N/A,N/A,N/A,N/A,N/A,N/A,150335488,125153280,44761088,4096,135168,28184576,1,systemd-journal,S (sleeping),nginx2.bnsdq.ozxfs.laefh.kvugl,0.1906900027590703
1759263198,82346,1,N/A,N/A,N/A,N/A,N/A,N/A,N/A,N/A,1264619520,1264619520,17137664,N/A,135168,45826048,4,discern-proc-so,R (running),nginx2.bnsdq.ozxfs.laefh.kvugl,2.622947946132339
1759263198,80899,1,N/A,N/A,N/A,N/A,N/A,N/A,N/A,N/A,1647706112,1580597248,20467712,N/A,135168,82202624,5,discern-interfa,S (sleeping),nginx2.bnsdq.ozxfs.laefh.kvugl,0.00660569487540835
1759263203,340,1,103,103,103,103,109,109,109,109,243884032,243884032,229228544,N/A,135168,236154880,1,dbus-daemon,S (sleeping),nginx2.bnsdq.ozxfs.laefh.kvugl,0.29595315430758595
1759263203,3275,1,N/A,N/A,N/A,N/A,N/A,N/A,N/A,N/A,1931149312,1931149312,53477376,N/A,135168,187768832,14,discern-network,S (sleeping),nginx2.bnsdq.ozxfs.laefh.kvugl,2.233103603321724
1759263203,183,1,N/A,N/A,N/A,N/A,N/A,N/A,N/A,N/A,150335488,125153280,44761088,4096,135168,28184576,1,systemd-journal,S (sleeping),nginx2.bnsdq.ozxfs.laefh.kvugl,0.19086539646415848
1759263203,82346,1,N/A,N/A,N/A,N/A,N/A,N/A,N/A,N/A,1264619520,1264619520,17137664,N/A,135168,45826048,4,discern-proc-so,S (sleeping),nginx2.bnsdq.ozxfs.laefh.kvugl,2.635296286141005
1759263203,80899,1,N/A,N/A,N/A,N/A,N/A,N/A,N/A,N/A,1647706112,1580597248,20467712,N/A,135168,82202624,5,discern-interfa,S (sleeping),nginx2.bnsdq.ozxfs.laefh.kvugl,0.0064947317322601155
1759263209,340,1,103,103,103,103,109,109,109,109,244019200,244019200,229228544,N/A,135168,236290048,1,dbus-daemon,S (sleeping),nginx2.bnsdq.ozxfs.laefh.kvugl,0.29603489115524145
1759263209,3275,1,N/A,N/A,N/A,N/A,N/A,N/A,N/A,N/A,1931149312,1931149312,53477376,N/A,135168,187768832,14,discern-network,S (sleeping),nginx2.bnsdq.ozxfs.laefh.kvugl,2.2330088165432307
1759263209,183,1,N/A,N/A,N/A,N/A,N/A,N/A,N/A,N/A,150335488,125153280,44761088,4096,135168,28184576,1,systemd-journal,S (sleeping),nginx2.bnsdq.ozxfs.laefh.kvugl,0.19069510519840427
1759263209,82346,1,N/A,N/A,N/A,N/A,N/A,N/A,N/A,N/A,1264619520,1264619520,17137664,N/A,135168,45826048,4,discern-proc-so,S (sleeping),nginx2.bnsdq.ozxfs.laefh.kvugl,2.6323286466895643
1759263209,80899,1,N/A,N/A,N/A,N/A,N/A,N/A,N/A,N/A,1647706112,1580597248,20467712,N/A,135168,82202624,5,discern-interfa,S (sleeping),nginx2.bnsdq.ozxfs.laefh.kvugl,0.006387682964917475
1759263214,340,1,103,103,103,103,109,109,109,109,244289536,244289536,229498880,N/A,135168,236560384,1,dbus-daemon,S (sleeping),nginx2.bnsdq.ozxfs.laefh.kvugl,0.29594245292414406
1759263214,3275,1,N/A,N/A,N/A,N/A,N/A,N/A,N/A,N/A,1931149312,1931149312,53477376,N/A,135168,187768832,14,discern-network,S (sleeping),nginx2.bnsdq.ozxfs.laefh.kvugl,2.2329042263627286
1759263214,183,1,N/A,N/A,N/A,N/A,N/A,N/A,N/A,N/A,150335488,125153280,44761088,4096,135168,28184576,1,systemd-journal,S (sleeping),nginx2.bnsdq.ozxfs.laefh.kvugl,0.19069703488599604
1759263214,82346,1,N/A,N/A,N/A,N/A,N/A,N/A,N/A,N/A,1264619520,1264619520,17141760,N/A,135168,45826048,4,discern-proc-so,R (running),nginx2.bnsdq.ozxfs.laefh.kvugl,2.6436673373187127
1759263214,80899,1,N/A,N/A,N/A,N/A,N/A,N/A,N/A,N/A,1647706112,1580597248,20467712,N/A,135168,82202624,5,discern-interfa,S (sleeping),nginx2.bnsdq.ozxfs.laefh.kvugl,0.006283619280874008
1759263219,340,1,103,103,103,103,109,109,109,109,244424704,244424704,229769216,N/A,135168,236695552,1,dbus-daemon,S (sleeping),nginx2.bnsdq.ozxfs.laefh.kvugl,0.29585151442532837
1759263219,3275,1,N/A,N/A,N/A,N/A,N/A,N/A,N/A,N/A,1931149312,1931149312,53477376,N/A,135168,187768832,14,discern-network,S (sleeping),nginx2.bnsdq.ozxfs.laefh.kvugl,2.2328103650323277
1759263219,183,1,N/A,N/A,N/A,N/A,N/A,N/A,N/A,N/A,150335488,125153280,44761088,4096,135168,28184576,1,systemd-journal,S (sleeping),nginx2.bnsdq.ozxfs.laefh.kvugl,0.190699821266203
1759263219,82346,1,N/A,N/A,N/A,N/A,N/A,N/A,N/A,N/A,1264619520,1264619520,17141760,N/A,135168,45826048,4,discern-proc-so,R (running),nginx2.bnsdq.ozxfs.laefh.kvugl,2.6359508247534027
1759263219,80899,1,N/A,N/A,N/A,N/A,N/A,N/A,N/A,N/A,1647706112,1580597248,20467712,N/A,135168,82202624,5,discern-interfa,S (sleeping),nginx2.bnsdq.ozxfs.laefh.kvugl,0.0061833903219714196
1759263224,340,1,103,103,103,103,109,109,109,109,244695040,244695040,230039552,N/A,135168,236965888,1,dbus-daemon,S (sleeping),nginx2.bnsdq.ozxfs.laefh.kvugl,0.2959331863202678
1759263224,3275,1,N/A,N/A,N/A,N/A,N/A,N/A,N/A,N/A,1931149312,1931149312,53477376,N/A,135168,187768832,14,discern-network,S (sleeping),nginx2.bnsdq.ozxfs.laefh.kvugl,2.2327166205306748
1759263224,183,1,N/A,N/A,N/A,N/A,N/A,N/A,N/A,N/A,150335488,125153280,44761088,4096,135168,28184576,1,systemd-journal,S (sleeping),nginx2.bnsdq.ozxfs.laefh.kvugl,0.19087502328844747
1759263224,82346,1,N/A,N/A,N/A,N/A,N/A,N/A,N/A,N/A,1264619520,1264619520,17141760,N/A,135168,45826048,4,discern-proc-so,S (sleeping),nginx2.bnsdq.ozxfs.laefh.kvugl,2.633193884452158
1759263224,80899,1,N/A,N/A,N/A,N/A,N/A,N/A,N/A,N/A,1647706112,1580597248,20467712,N/A,135168,82202624,5,discern-interfa,S (sleeping),nginx2.bnsdq.ozxfs.laefh.kvugl,0.006086305846911309
1759263229,340,1,103,103,103,103,109,109,109,109,244830208,244830208,230039552,N/A,135168,237101056,1,dbus-daemon,S (sleeping),nginx2.bnsdq.ozxfs.laefh.kvugl,0.29584277634579714
1759263229,3275,1,N/A,N/A,N/A,N/A,N/A,N/A,N/A,N/A,1931149312,1931149312,53477376,N/A,135168,187768832,14,discern-network,S (sleeping),nginx2.bnsdq.ozxfs.laefh.kvugl,2.232625932151009
1759263229,183,1,N/A,N/A,N/A,N/A,N/A,N/A,N/A,N/A,150335488,125153280,44761088,4096,135168,28184576,1,systemd-journal,S (sleeping),nginx2.bnsdq.ozxfs.laefh.kvugl,0.19070560457069305
1759263229,82346,1,N/A,N/A,N/A,N/A,N/A,N/A,N/A,N/A,1264619520,1264619520,17141760,N/A,135168,45826048,4,discern-proc-so,R (running),nginx2.bnsdq.ozxfs.laefh.kvugl,2.6261599986533044
1759263229,80899,1,N/A,N/A,N/A,N/A,N/A,N/A,N/A,N/A,1647706112,1580597248,20467712,N/A,135168,82202624,5,discern-interfa,S (sleeping),nginx2.bnsdq.ozxfs.laefh.kvugl,0.005992351377820054
1759263234,340,1,103,103,103,103,109,109,109,109,245100544,245100544,230309888,N/A,135168,237371392,1,dbus-daemon,S (sleeping),nginx2.bnsdq.ozxfs.laefh.kvugl,0.2960965685204295
1759263234,3275,1,N/A,N/A,N/A,N/A,N/A,N/A,N/A,N/A,1931149312,1931149312,53477376,N/A,135168,187768832,14,discern-network,S (sleeping),nginx2.bnsdq.ozxfs.laefh.kvugl,2.232533379254544
1759263234,183,1,N/A,N/A,N/A,N/A,N/A,N/A,N/A,N/A,150335488,125153280,44761088,4096,135168,28184576,1,systemd-journal,S (sleeping),nginx2.bnsdq.ozxfs.laefh.kvugl,0.1907084402358134
1759263234,82346,1,N/A,N/A,N/A,N/A,N/A,N/A,N/A,N/A,1264619520,1264619520,17141760,N/A,135168,45826048,4,discern-proc-so,R (running),nginx2.bnsdq.ozxfs.laefh.kvugl,2.6237735699721085
1759263234,80899,1,N/A,N/A,N/A,N/A,N/A,N/A,N/A,N/A,1647706112,1580597248,20467712,N/A,135168,82202624,5,discern-interfa,S (sleeping),nginx2.bnsdq.ozxfs.laefh.kvugl,0.00590116524910785
1759263240,340,1,103,103,103,103,109,109,109,109,245235712,245235712,230580224,N/A,135168,237506560,1,dbus-daemon,S (sleeping),nginx2.bnsdq.ozxfs.laefh.kvugl,0.29600523335136325
1759263240,3275,1,N/A,N/A,N/A,N/A,N/A,N/A,N/A,N/A,1931149312,1931149312,53477376,N/A,135168,187768832,14,discern-network,S (sleeping),nginx2.bnsdq.ozxfs.laefh.kvugl,2.2324356183524503
1759263240,183,1,N/A,N/A,N/A,N/A,N/A,N/A,N/A,N/A,150335488,125153280,44761088,4096,135168,28184576,1,systemd-journal,S (sleeping),nginx2.bnsdq.ozxfs.laefh.kvugl,0.19071083141078055
1759263240,82346,1,N/A,N/A,N/A,N/A,N/A,N/A,N/A,N/A,1264619520,1264619520,17141760,N/A,135168,45826048,4,discern-proc-so,R (running),nginx2.bnsdq.ozxfs.laefh.kvugl,2.6256324971712908
1759263240,80899,1,N/A,N/A,N/A,N/A,N/A,N/A,N/A,N/A,1647706112,1580597248,20467712,N/A,135168,82202624,5,discern-interfa,S (sleeping),nginx2.bnsdq.ozxfs.laefh.kvugl,0.00581248701901815
1759263245,340,1,103,103,103,103,109,109,109,109,245370880,245370880,230580224,N/A,135168,237641728,1,dbus-daemon,S (sleeping),nginx2.bnsdq.ozxfs.laefh.kvugl,0.2959150764039028
1759263245,3275,1,N/A,N/A,N/A,N/A,N/A,N/A,N/A,N/A,1931149312,1931149312,53477376,N/A,135168,187768832,14,discern-network,S (sleeping),nginx2.bnsdq.ozxfs.laefh.kvugl,2.2325256665197695
1759263245,183,1,N/A,N/A,N/A,N/A,N/A,N/A,N/A,N/A,150335488,125153280,44761088,4096,135168,28184576,1,systemd-journal,S (sleeping),nginx2.bnsdq.ozxfs.laefh.kvugl,0.19071387275068147
1759263245,82346,1,N/A,N/A,N/A,N/A,N/A,N/A,N/A,N/A,1264619520,1264619520,17141760,N/A,135168,45826048,4,discern-proc-so,S (sleeping),nginx2.bnsdq.ozxfs.laefh.kvugl,2.6234334189559188
1759263245,80899,1,N/A,N/A,N/A,N/A,N/A,N/A,N/A,N/A,1647706112,1580597248,20467712,N/A,135168,82202624,5,discern-interfa,S (sleeping),nginx2.bnsdq.ozxfs.laefh.kvugl,0.005726761710513767
1759263250,340,1,103,103,103,103,109,109,109,109,245506048,245506048,230850560,N/A,135168,237776896,1,dbus-daemon,S (sleeping),nginx2.bnsdq.ozxfs.laefh.kvugl,0.2958238665896249
1759263250,3275,1,N/A,N/A,N/A,N/A,N/A,N/A,N/A,N/A,1931149312,1931149312,53477376,N/A,135168,187768832,14,discern-network,S (sleeping),nginx2.bnsdq.ozxfs.laefh.kvugl,2.2324264934417215
1759263250,183,1,N/A,N/A,N/A,N/A,N/A,N/A,N/A,N/A,150335488,125153280,44761088,4096,135168,28184576,1,systemd-journal,S (sleeping),nginx2.bnsdq.ozxfs.laefh.kvugl,0.1907161233755181
1759263250,82346,1,N/A,N/A,N/A,N/A,N/A,N/A,N/A,N/A,1264619520,1264619520,17141760,N/A,135168,45826048,4,discern-proc-so,S (sleeping),nginx2.bnsdq.ozxfs.laefh.kvugl,2.629285439777263
1759263250,80899,1,N/A,N/A,N/A,N/A,N/A,N/A,N/A,N/A,1647706112,1580597248,20467712,N/A,135168,82202624,5,discern-interfa,S (sleeping),nginx2.bnsdq.ozxfs.laefh.kvugl,0.005643145825859294
1759263255,340,1,103,103,103,103,109,109,109,109,245776384,245776384,230850560,N/A,135168,238047232,1,dbus-daemon,S (sleeping),nginx2.bnsdq.ozxfs.laefh.kvugl,0.295905182543609
1759263255,3275,1,N/A,N/A,N/A,N/A,N/A,N/A,N/A,N/A,1931149312,1931149312,53477376,N/A,135168,187768832,14,discern-network,S (sleeping),nginx2.bnsdq.ozxfs.laefh.kvugl,2.2325133630755376
1759263255,183,1,N/A,N/A,N/A,N/A,N/A,N/A,N/A,N/A,150335488,125153280,44761088,4096,135168,28184576,1,systemd-journal,S (sleeping),nginx2.bnsdq.ozxfs.laefh.kvugl,0.1905473966460168
1759263255,82346,1,N/A,N/A,N/A,N/A,N/A,N/A,N/A,N/A,1264619520,1264619520,17141760,N/A,135168,45826048,4,discern-proc-so,S (sleeping),nginx2.bnsdq.ozxfs.laefh.kvugl,2.6310447996024164
1759263255,80899,1,N/A,N/A,N/A,N/A,N/A,N/A,N/A,N/A,1647706112,1580597248,20467712,N/A,135168,82202624,5,discern-interfa,S (sleeping),nginx2.bnsdq.ozxfs.laefh.kvugl,0.005562189184236381
1759263260,340,1,103,103,103,103,109,109,109,109,245911552,245911552,231120896,N/A,135168,238182400,1,dbus-daemon,S (sleeping),nginx2.bnsdq.ozxfs.laefh.kvugl,0.29581426283004286
1759263260,3275,1,N/A,N/A,N/A,N/A,N/A,N/A,N/A,N/A,1931149312,1931149312,53477376,N/A,135168,187768832,14,discern-network,S (sleeping),nginx2.bnsdq.ozxfs.laefh.kvugl,2.2324153703690706
1759263260,183,1,N/A,N/A,N/A,N/A,N/A,N/A,N/A,N/A,150335488,125153280,44761088,4096,135168,28184576,1,systemd-journal,S (sleeping),nginx2.bnsdq.ozxfs.laefh.kvugl,0.19072123132830704
1759263260,82346,1,N/A,N/A,N/A,N/A,N/A,N/A,N/A,N/A,1264619520,1264619520,17141760,N/A,135168,45826048,4,discern-proc-so,S (sleeping),nginx2.bnsdq.ozxfs.laefh.kvugl,2.632588748893008
1759263260,80899,1,N/A,N/A,N/A,N/A,N/A,N/A,N/A,N/A,1647706112,1580597248,20467712,N/A,135168,82202624,5,discern-interfa,S (sleeping),nginx2.bnsdq.ozxfs.laefh.kvugl,0.0054833169391160915
1759263265,340,1,103,103,103,103,109,109,109,109,246046720,246046720,231391232,N/A,135168,238317568,1,dbus-daemon,S (sleeping),nginx2.bnsdq.ozxfs.laefh.kvugl,0.2957244474929219
1759263265,3275,1,N/A,N/A,N/A,N/A,N/A,N/A,N/A,N/A,1931149312,1931149312,53477376,N/A,135168,187768832,14,discern-network,S (sleeping),nginx2.bnsdq.ozxfs.laefh.kvugl,2.232503953669008
1759263265,183,1,N/A,N/A,N/A,N/A,N/A,N/A,N/A,N/A,150335488,125153280,44761088,4096,135168,28184576,1,systemd-journal,S (sleeping),nginx2.bnsdq.ozxfs.laefh.kvugl,0.1905529518330694
1759263265,82346,1,N/A,N/A,N/A,N/A,N/A,N/A,N/A,N/A,1264619520,1264619520,17141760,N/A,135168,45826048,4,discern-proc-so,S (sleeping),nginx2.bnsdq.ozxfs.laefh.kvugl,2.6303963523737295
1759263265,80899,1,N/A,N/A,N/A,N/A,N/A,N/A,N/A,N/A,1647706112,1580597248,20467712,N/A,135168,82202624,5,discern-interfa,S (sleeping),nginx2.bnsdq.ozxfs.laefh.kvugl,0.005406917767242794
1759263271,340,1,103,103,103,103,109,109,109,109,246480896,246480896,231661568,N/A,135168,238751744,1,dbus-daemon,S (sleeping),nginx2.bnsdq.ozxfs.laefh.kvugl,0.29597622718834005
1759263271,3275,1,N/A,N/A,N/A,N/A,N/A,N/A,N/A,N/A,1931149312,1931149312,53477376,N/A,135168,187768832,14,discern-network,S (sleeping),nginx2.bnsdq.ozxfs.laefh.kvugl,2.2327653820092466
1759263271,183,1,N/A,N/A,N/A,N/A,N/A,N/A,N/A,N/A,150335488,125153280,44761088,4096,135168,28184576,1,systemd-journal,S (sleeping),nginx2.bnsdq.ozxfs.laefh.kvugl,0.19072660709813405
1759263271,82346,1,N/A,N/A,N/A,N/A,N/A,N/A,N/A,N/A,1264619520,1264619520,17141760,N/A,135168,45826048,4,discern-proc-so,S (sleeping),nginx2.bnsdq.ozxfs.laefh.kvugl,2.62814706620034
1759263271,80899,1,N/A,N/A,N/A,N/A,N/A,N/A,N/A,N/A,1647706112,1580597248,20467712,N/A,135168,82202624,5,discern-interfa,S (sleeping),nginx2.bnsdq.ozxfs.laefh.kvugl,0.005332415969730004
1759263276,340,1,103,103,103,103,109,109,109,109,246480896,246480896,231661568,N/A,135168,238751744,1,dbus-daemon,S (sleeping),nginx2.bnsdq.ozxfs.laefh.kvugl,0.295885467355419
1759263276,3275,1,N/A,N/A,N/A,N/A,N/A,N/A,N/A,N/A,1931149312,1931149312,53477376,N/A,135168,187768832,14,discern-network,S (sleeping),nginx2.bnsdq.ozxfs.laefh.kvugl,2.2326672763290274
1759263276,183,1,N/A,N/A,N/A,N/A,N/A,N/A,N/A,N/A,150335488,125153280,44761088,4096,135168,28184576,1,systemd-journal,S (sleeping),nginx2.bnsdq.ozxfs.laefh.kvugl,0.19055800101222328
1759263276,82346,1,N/A,N/A,N/A,N/A,N/A,N/A,N/A,N/A,1264619520,1264619520,17141760,N/A,135168,45826048,4,discern-proc-so,R (running),nginx2.bnsdq.ozxfs.laefh.kvugl,2.6296536863300775
1759263276,80899,1,N/A,N/A,N/A,N/A,N/A,N/A,N/A,N/A,1647706112,1580597248,20467712,N/A,135168,82202624,5,discern-interfa,S (sleeping),nginx2.bnsdq.ozxfs.laefh.kvugl,0.005259876263431274
1759263281,340,1,103,103,103,103,109,109,109,109,246751232,246751232,231931904,N/A,135168,239022080,1,dbus-daemon,S (sleeping),nginx2.bnsdq.ozxfs.laefh.kvugl,0.29579580555843465
1759263281,3275,1,N/A,N/A,N/A,N/A,N/A,N/A,N/A,N/A,1931149312,1931149312,53477376,N/A,135168,187768832,14,discern-network,S (sleeping),nginx2.bnsdq.ozxfs.laefh.kvugl,2.2327552218468796
1759263281,183,1,N/A,N/A,N/A,N/A,N/A,N/A,N/A,N/A,150335488,125153280,44761088,4096,135168,28184576,1,systemd-journal,S (sleeping),nginx2.bnsdq.ozxfs.laefh.kvugl,0.19056105120420602
1759263281,82346,1,N/A,N/A,N/A,N/A,N/A,N/A,N/A,N/A,1264619520,1264619520,17141760,N/A,135168,45826048,4,discern-proc-so,R (running),nginx2.bnsdq.ozxfs.laefh.kvugl,2.6276366239160676
1759263281,80899,1,N/A,N/A,N/A,N/A,N/A,N/A,N/A,N/A,1647706112,1580597248,20467712,N/A,135168,82202624,5,discern-interfa,S (sleeping),nginx2.bnsdq.ozxfs.laefh.kvugl,0.005189532415967481
1759263286,340,1,103,103,103,103,109,109,109,109,246890496,246890496,232202240,N/A,135168,239161344,1,dbus-daemon,S (sleeping),nginx2.bnsdq.ozxfs.laefh.kvugl,0.2957051349795367
1759263286,3275,1,N/A,N/A,N/A,N/A,N/A,N/A,N/A,N/A,1931149312,1931149312,53477376,N/A,135168,187768832,14,discern-network,S (sleeping),nginx2.bnsdq.ozxfs.laefh.kvugl,2.2328337749104117
1759263286,183,1,N/A,N/A,N/A,N/A,N/A,N/A,N/A,N/A,150335488,125153280,44761088,4096,135168,28184576,1,systemd-journal,S (sleeping),nginx2.bnsdq.ozxfs.laefh.kvugl,0.19056334149441073
1759263286,82346,1,N/A,N/A,N/A,N/A,N/A,N/A,N/A,N/A,1264619520,1264619520,17141760,N/A,135168,45826048,4,discern-proc-so,R (running),nginx2.bnsdq.ozxfs.laefh.kvugl,2.6397845838000285
1759263286,80899,1,N/A,N/A,N/A,N/A,N/A,N/A,N/A,N/A,1647706112,1580597248,20467712,N/A,135168,82202624,5,discern-interfa,S (sleeping),nginx2.bnsdq.ozxfs.laefh.kvugl,0.005120742311719695
1759263291,340,1,103,103,103,103,109,109,109,109,247025664,247025664,232202240,N/A,135168,239296512,1,dbus-daemon,S (sleeping),nginx2.bnsdq.ozxfs.laefh.kvugl,0.2956138682348324
1759263291,3275,1,N/A,N/A,N/A,N/A,N/A,N/A,N/A,N/A,1931149312,1931149312,53477376,N/A,135168,187768832,14,discern-network,S (sleeping),nginx2.bnsdq.ozxfs.laefh.kvugl,2.2327280950199864
1759263291,183,1,N/A,N/A,N/A,N/A,N/A,N/A,N/A,N/A,150335488,125153280,44761088,4096,135168,28184576,1,systemd-journal,S (sleeping),nginx2.bnsdq.ozxfs.laefh.kvugl,0.19056514189560125
1759263291,82346,1,N/A,N/A,N/A,N/A,N/A,N/A,N/A,N/A,1264619520,1264619520,17141760,N/A,135168,45826048,4,discern-proc-so,R (running),nginx2.bnsdq.ozxfs.laefh.kvugl,2.6443287963128514
1759263291,80899,1,N/A,N/A,N/A,N/A,N/A,N/A,N/A,N/A,1647706112,1580597248,20467712,N/A,135168,82202624,5,discern-interfa,S (sleeping),nginx2.bnsdq.ozxfs.laefh.kvugl,0.005053562050520484
1759263296,340,1,103,103,103,103,109,109,109,109,247296000,247296000,232472576,N/A,135168,239566848,1,dbus-daemon,S (sleeping),nginx2.bnsdq.ozxfs.laefh.kvugl,0.29569409307703703
1759263296,3275,1,N/A,N/A,N/A,N/A,N/A,N/A,N/A,N/A,1931149312,1931149312,53477376,N/A,135168,187768832,14,discern-network,S (sleeping),nginx2.bnsdq.ozxfs.laefh.kvugl,2.232630521227469
1759263296,183,1,N/A,N/A,N/A,N/A,N/A,N/A,N/A,N/A,150335488,125153280,44761088,4096,135168,28184576,1,systemd-journal,S (sleeping),nginx2.bnsdq.ozxfs.laefh.kvugl,0.19039728367127184
1759263296,82346,1,N/A,N/A,N/A,N/A,N/A,N/A,N/A,N/A,1264619520,1264619520,17141760,N/A,135168,45826048,4,discern-proc-so,R (running),nginx2.bnsdq.ozxfs.laefh.kvugl,2.648891250072778
1759263296,80899,1,N/A,N/A,N/A,N/A,N/A,N/A,N/A,N/A,1647706112,1580597248,20467712,N/A,135168,82202624,5,discern-interfa,S (sleeping),nginx2.bnsdq.ozxfs.laefh.kvugl,0.004988368063066115
1759263302,340,1,103,103,103,103,109,109,109,109,247431168,247431168,232742912,N/A,135168,239702016,1,dbus-daemon,S (sleeping),nginx2.bnsdq.ozxfs.laefh.kvugl,0.29560468418196567
1759263302,3275,1,N/A,N/A,N/A,N/A,N/A,N/A,N/A,N/A,1931149312,1931149312,53477376,N/A,135168,187768832,14,discern-network,S (sleeping),nginx2.bnsdq.ozxfs.laefh.kvugl,2.232538549071555
1759263302,183,1,N/A,N/A,N/A,N/A,N/A,N/A,N/A,N/A,150335488,125153280,44761088,4096,135168,28184576,1,systemd-journal,S (sleeping),nginx2.bnsdq.ozxfs.laefh.kvugl,0.19057046723147392
1759263302,82346,1,N/A,N/A,N/A,N/A,N/A,N/A,N/A,N/A,1264619520,1264619520,17141760,N/A,135168,45826048,4,discern-proc-so,R (running),nginx2.bnsdq.ozxfs.laefh.kvugl,2.6466391428837097
1759263302,80899,1,N/A,N/A,N/A,N/A,N/A,N/A,N/A,N/A,1647706112,1580597248,20467712,N/A,135168,82202624,5,discern-interfa,S (sleeping),nginx2.bnsdq.ozxfs.laefh.kvugl,0.00492500045095305
1759263307,340,1,103,103,103,103,109,109,109,109,247566336,247566336,232742912,N/A,135168,239837184,1,dbus-daemon,S (sleeping),nginx2.bnsdq.ozxfs.laefh.kvugl,0.29551455740729443
1759263307,3275,1,N/A,N/A,N/A,N/A,N/A,N/A,N/A,N/A,1931149312,1931149312,53477376,N/A,135168,187768832,14,discern-network,S (sleeping),nginx2.bnsdq.ozxfs.laefh.kvugl,2.2324398335762794
1759263307,183,1,N/A,N/A,N/A,N/A,N/A,N/A,N/A,N/A,150335488,125153280,44761088,4096,135168,28184576,1,systemd-journal,S (sleeping),nginx2.bnsdq.ozxfs.laefh.kvugl,0.1905727792821553
1759263307,82346,1,N/A,N/A,N/A,N/A,N/A,N/A,N/A,N/A,1264619520,1264619520,17145856,N/A,135168,45826048,4,discern-proc-so,R (running),nginx2.bnsdq.ozxfs.laefh.kvugl,2.647641338070461
1759263307,80899,1,N/A,N/A,N/A,N/A,N/A,N/A,N/A,N/A,1647706112,1580597248,20467712,N/A,135168,82202624,5,discern-interfa,S (sleeping),nginx2.bnsdq.ozxfs.laefh.kvugl,0.00486301654544885
1759263312,340,1,103,103,103,103,109,109,109,109,247701504,247701504,233013248,N/A,135168,239972352,1,dbus-daemon,S (sleeping),nginx2.bnsdq.ozxfs.laefh.kvugl,0.2954236929383539
1759263312,3275,1,N/A,N/A,N/A,N/A,N/A,N/A,N/A,N/A,1931149312,1931149312,53477376,N/A,135168,187768832,14,discern-network,S (sleeping),nginx2.bnsdq.ozxfs.laefh.kvugl,2.232334211900258
1759263312,183,1,N/A,N/A,N/A,N/A,N/A,N/A,N/A,N/A,150335488,125153280,44761088,4096,135168,28184576,1,systemd-journal,S (sleeping),nginx2.bnsdq.ozxfs.laefh.kvugl,0.19057450746467783
1759263312,82346,1,N/A,N/A,N/A,N/A,N/A,N/A,N/A,N/A,1264619520,1264619520,17145856,N/A,135168,45826048,4,discern-proc-so,S (sleeping),nginx2.bnsdq.ozxfs.laefh.kvugl,2.648454043717625
1759263312,80899,1,N/A,N/A,N/A,N/A,N/A,N/A,N/A,N/A,1647706112,1580597248,20467712,N/A,135168,82202624,5,discern-interfa,S (sleeping),nginx2.bnsdq.ozxfs.laefh.kvugl,0.004802363358715045
1759263317,340,1,103,103,103,103,109,109,109,109,248107008,248107008,233283584,N/A,135168,240377856,1,dbus-daemon,S (sleeping),nginx2.bnsdq.ozxfs.laefh.kvugl,0.2956741280679118
1759263317,3275,1,N/A,N/A,N/A,N/A,N/A,N/A,N/A,N/A,1931149312,1931149312,53477376,N/A,135168,187768832,14,discern-network,S (sleeping),nginx2.bnsdq.ozxfs.laefh.kvugl,2.2324193491771953
1759263317,183,1,N/A,N/A,N/A,N/A,N/A,N/A,N/A,N/A,150335488,125153280,44761088,4096,135168,28184576,1,systemd-journal,S (sleeping),nginx2.bnsdq.ozxfs.laefh.kvugl,0.19040761304141982
1759263317,82346,1,N/A,N/A,N/A,N/A,N/A,N/A,N/A,N/A,1264619520,1264619520,17145856,N/A,135168,45826048,4,discern-proc-so,R (running),nginx2.bnsdq.ozxfs.laefh.kvugl,2.6463047266714965
1759263317,80899,1,N/A,N/A,N/A,N/A,N/A,N/A,N/A,N/A,1647706112,1580597248,20467712,N/A,135168,82202624,5,discern-interfa,S (sleeping),nginx2.bnsdq.ozxfs.laefh.kvugl,0.004743586180700408
1759263322,340,1,103,103,103,103,109,109,109,109,248242176,248242176,233553920,N/A,135168,240513024,1,dbus-daemon,S (sleeping),nginx2.bnsdq.ozxfs.laefh.kvugl,0.2955831913141861
1759263322,3275,1,N/A,N/A,N/A,N/A,N/A,N/A,N/A,N/A,1931149312,1931149312,53477376,N/A,135168,187768832,14,discern-network,S (sleeping),nginx2.bnsdq.ozxfs.laefh.kvugl,2.232313212807968
1759263322,183,1,N/A,N/A,N/A,N/A,N/A,N/A,N/A,N/A,150335488,125153280,44761088,4096,135168,28184576,1,systemd-journal,S (sleeping),nginx2.bnsdq.ozxfs.laefh.kvugl,0.19057897837007715
1759263322,82346,1,N/A,N/A,N/A,N/A,N/A,N/A,N/A,N/A,1264619520,1264619520,17145856,N/A,135168,45826048,4,discern-proc-so,S (sleeping),nginx2.bnsdq.ozxfs.laefh.kvugl,2.6470989423040496
1759263322,80899,1,N/A,N/A,N/A,N/A,N/A,N/A,N/A,N/A,1647706112,1580597248,20467712,N/A,135168,82202624,5,discern-interfa,S (sleeping),nginx2.bnsdq.ozxfs.laefh.kvugl,0.004685842792219275
1759263327,340,1,103,103,103,103,109,109,109,109,248377344,248377344,233553920,N/A,135168,240648192,1,dbus-daemon,S (sleeping),nginx2.bnsdq.ozxfs.laefh.kvugl,0.2954933841511897
1759263327,3275,1,N/A,N/A,N/A,N/A,N/A,N/A,N/A,N/A,1931149312,1931149312,53477376,N/A,135168,187768832,14,discern-network,S (sleeping),nginx2.bnsdq.ozxfs.laefh.kvugl,2.232391947412677
1759263327,183,1,N/A,N/A,N/A,N/A,N/A,N/A,N/A,N/A,150335488,125153280,44761088,4096,135168,28184576,1,systemd-journal,S (sleeping),nginx2.bnsdq.ozxfs.laefh.kvugl,0.19041185600384852
1759263328,82346,1,N/A,N/A,N/A,N/A,N/A,N/A,N/A,N/A,1264619520,1264619520,17145856,N/A,135168,45826048,4,discern-proc-so,R (running),nginx2.bnsdq.ozxfs.laefh.kvugl,2.6449098698985067
1759263328,80899,1,N/A,N/A,N/A,N/A,N/A,N/A,N/A,N/A,1647706112,1580597248,20467712,N/A,135168,82202624,5,discern-interfa,S (sleeping),nginx2.bnsdq.ozxfs.laefh.kvugl,0.004629693563072099
1759263333,340,1,103,103,103,103,109,109,109,109,248512512,248512512,233824256,N/A,135168,240783360,1,dbus-daemon,S (sleeping),nginx2.bnsdq.ozxfs.laefh.kvugl,0.2954039296523599
1759263333,3275,1,N/A,N/A,N/A,N/A,N/A,N/A,N/A,N/A,1931149312,1931149312,53477376,N/A,135168,187768832,14,discern-network,S (sleeping),nginx2.bnsdq.ozxfs.laefh.kvugl,2.2321184122474453
1759263333,183,1,N/A,N/A,N/A,N/A,N/A,N/A,N/A,N/A,150335488,125153280,44761088,4096,135168,28184576,1,systemd-journal,S (sleeping),nginx2.bnsdq.ozxfs.laefh.kvugl,0.1904144187013735
1759263333,82346,1,N/A,N/A,N/A,N/A,N/A,N/A,N/A,N/A,1264619520,1264619520,17145856,N/A,135168,45826048,4,discern-proc-so,R (running),nginx2.bnsdq.ozxfs.laefh.kvugl,2.6489568845419957
1759263333,80899,1,N/A,N/A,N/A,N/A,N/A,N/A,N/A,N/A,1647706112,1580597248,20467712,N/A,135168,82202624,5,discern-interfa,S (sleeping),nginx2.bnsdq.ozxfs.laefh.kvugl,0.004574918904813704
1759263338,340,1,103,103,103,103,109,109,109,109,248782848,248782848,234094592,N/A,135168,241053696,1,dbus-daemon,S (sleeping),nginx2.bnsdq.ozxfs.laefh.kvugl,0.2953154183681205
1759263338,3275,1,N/A,N/A,N/A,N/A,N/A,N/A,N/A,N/A,1931149312,1931149312,53477376,N/A,135168,187768832,14,discern-network,S (sleeping),nginx2.bnsdq.ozxfs.laefh.kvugl,2.2322049153332366
1759263338,183,1,N/A,N/A,N/A,N/A,N/A,N/A,N/A,N/A,150335488,125153280,44761088,4096,135168,28184576,1,systemd-journal,S (sleeping),nginx2.bnsdq.ozxfs.laefh.kvugl,0.19041747792547256
1759263338,82346,1,N/A,N/A,N/A,N/A,N/A,N/A,N/A,N/A,1264619520,1264619520,17145856,N/A,135168,45826048,4,discern-proc-so,S (sleeping),nginx2.bnsdq.ozxfs.laefh.kvugl,2.6499834658587114
1759263338,80899,1,N/A,N/A,N/A,N/A,N/A,N/A,N/A,N/A,1647706112,1580597248,20467712,N/A,135168,82202624,5,discern-interfa,S (sleeping),nginx2.bnsdq.ozxfs.laefh.kvugl,0.004521583503863155
1759263343,340,1,103,103,103,103,109,109,109,109,248918016,248918016,234094592,N/A,135168,241188864,1,dbus-daemon,S (sleeping),nginx2.bnsdq.ozxfs.laefh.kvugl,0.2953951436652921
1759263343,3275,1,N/A,N/A,N/A,N/A,N/A,N/A,N/A,N/A,1931149312,1931149312,53477376,N/A,135168,187768832,14,discern-network,S (sleeping),nginx2.bnsdq.ozxfs.laefh.kvugl,2.2319310762374673
1759263343,183,1,N/A,N/A,N/A,N/A,N/A,N/A,N/A,N/A,150335488,125153280,44761088,4096,135168,28184576,1,systemd-journal,S (sleeping),nginx2.bnsdq.ozxfs.laefh.kvugl,0.1904199438365221
1759263343,82346,1,N/A,N/A,N/A,N/A,N/A,N/A,N/A,N/A,1264619520,1264619520,17145856,N/A,135168,45826048,4,discern-proc-so,R (running),nginx2.bnsdq.ozxfs.laefh.kvugl,2.653805825485608
1759263343,80899,1,N/A,N/A,N/A,N/A,N/A,N/A,N/A,N/A,1647706112,1580597248,20467712,N/A,135168,82202624,5,discern-interfa,S (sleeping),nginx2.bnsdq.ozxfs.laefh.kvugl,0.0044692939637006115
1759263348,340,1,103,103,103,103,109,109,109,109,249053184,249053184,234364928,N/A,135168,241324032,1,dbus-daemon,S (sleeping),nginx2.bnsdq.ozxfs.laefh.kvugl,0.29530670924025565
1759263348,3275,1,N/A,N/A,N/A,N/A,N/A,N/A,N/A,N/A,1931149312,1931149312,53477376,N/A,135168,187768832,14,discern-network,S (sleeping),nginx2.bnsdq.ozxfs.laefh.kvugl,2.231840575499896
1759263348,183,1,N/A,N/A,N/A,N/A,N/A,N/A,N/A,N/A,150335488,125153280,44761088,4096,135168,28184576,1,systemd-journal,S (sleeping),nginx2.bnsdq.ozxfs.laefh.kvugl,0.19042294010372776
1759263348,82346,1,N/A,N/A,N/A,N/A,N/A,N/A,N/A,N/A,1264619520,1264619520,17145856,N/A,135168,45826048,4,discern-proc-so,S (sleeping),nginx2.bnsdq.ozxfs.laefh.kvugl,2.6517889389090445
1759263348,80899,1,N/A,N/A,N/A,N/A,N/A,N/A,N/A,N/A,1647706112,1580597248,20467712,N/A,135168,82202624,5,discern-interfa,S (sleeping),nginx2.bnsdq.ozxfs.laefh.kvugl,0.004418363745718988
1759263353,340,1,103,103,103,103,109,109,109,109,249352192,249352192,234635264,N/A,135168,241623040,1,dbus-daemon,S (sleeping),nginx2.bnsdq.ozxfs.laefh.kvugl,0.2953834232766052
1759263353,3275,1,N/A,N/A,N/A,N/A,N/A,N/A,N/A,N/A,1931149312,1931149312,53477376,N/A,135168,187768832,14,discern-network,S (sleeping),nginx2.bnsdq.ozxfs.laefh.kvugl,2.231897209220936
1759263353,183,1,N/A,N/A,N/A,N/A,N/A,N/A,N/A,N/A,150335488,125153280,44761088,4096,135168,28184576,1,systemd-journal,S (sleeping),nginx2.bnsdq.ozxfs.laefh.kvugl,0.19025487717939915
1759263353,82346,1,N/A,N/A,N/A,N/A,N/A,N/A,N/A,N/A,1264619520,1264619520,17145856,N/A,135168,45826048,4,discern-proc-so,R (running),nginx2.bnsdq.ozxfs.laefh.kvugl,2.6579115456177207
1759263353,80899,1,N/A,N/A,N/A,N/A,N/A,N/A,N/A,N/A,1647706112,1580597248,20467712,N/A,135168,82202624,5,discern-interfa,S (sleeping),nginx2.bnsdq.ozxfs.laefh.kvugl,0.004367870766439966
1759263359,340,1,103,103,103,103,109,109,109,109,249487360,249487360,234635264,N/A,135168,241758208,1,dbus-daemon,S (sleeping),nginx2.bnsdq.ozxfs.laefh.kvugl,0.2951202138869474
1759263359,3275,1,N/A,N/A,N/A,N/A,N/A,N/A,N/A,N/A,1931149312,1931149312,53477376,N/A,135168,187768832,14,discern-network,S (sleeping),nginx2.bnsdq.ozxfs.laefh.kvugl,2.231932422833595
1759263359,183,1,N/A,N/A,N/A,N/A,N/A,N/A,N/A,N/A,150335488,125153280,44761088,4096,135168,28184576,1,systemd-journal,S (sleeping),nginx2.bnsdq.ozxfs.laefh.kvugl,0.19025388672323015
1759263359,82346,1,N/A,N/A,N/A,N/A,N/A,N/A,N/A,N/A,1264619520,1264619520,17149952,N/A,135168,45826048,4,discern-proc-so,S (sleeping),nginx2.bnsdq.ozxfs.laefh.kvugl,2.6549183800701512
1759263359,80899,1,N/A,N/A,N/A,N/A,N/A,N/A,N/A,N/A,1647706112,1580597248,20467712,N/A,135168,82202624,5,discern-interfa,S (sleeping),nginx2.bnsdq.ozxfs.laefh.kvugl,0.004318004745981964
1759263364,340,1,103,103,103,103,109,109,109,109,249757696,249757696,234905600,N/A,135168,242028544,1,dbus-daemon,S (sleeping),nginx2.bnsdq.ozxfs.laefh.kvugl,0.29536939721234645
1759263364,3275,1,N/A,N/A,N/A,N/A,N/A,N/A,N/A,N/A,1931149312,1931149312,53477376,N/A,135168,187768832,14,discern-network,S (sleeping),nginx2.bnsdq.ozxfs.laefh.kvugl,2.232020818948344
1759263364,183,1,N/A,N/A,N/A,N/A,N/A,N/A,N/A,N/A,150335488,125153280,44761088,4096,135168,28184576,1,systemd-journal,S (sleeping),nginx2.bnsdq.ozxfs.laefh.kvugl,0.19025724630540156
1759263364,82346,1,N/A,N/A,N/A,N/A,N/A,N/A,N/A,N/A,1264619520,1264619520,17149952,N/A,135168,45826048,4,discern-proc-so,R (running),nginx2.bnsdq.ozxfs.laefh.kvugl,2.6474338901259973
1759263364,80899,1,N/A,N/A,N/A,N/A,N/A,N/A,N/A,N/A,1647706112,1580597248,20467712,N/A,135168,82202624,5,discern-interfa,S (sleeping),nginx2.bnsdq.ozxfs.laefh.kvugl,0.0042705180269765435
1759263369,340,1,103,103,103,103,109,109,109,109,249892864,249892864,235175936,N/A,135168,242163712,1,dbus-daemon,S (sleeping),nginx2.bnsdq.ozxfs.laefh.kvugl,0.2954491916540553
1759263369,3275,1,N/A,N/A,N/A,N/A,N/A,N/A,N/A,N/A,1931149312,1931149312,53477376,N/A,135168,187768832,14,discern-network,S (sleeping),nginx2.bnsdq.ozxfs.laefh.kvugl,2.2319277687644905
1759263369,183,1,N/A,N/A,N/A,N/A,N/A,N/A,N/A,N/A,150335488,125153280,44761088,4096,135168,28184576,1,systemd-journal,S (sleeping),nginx2.bnsdq.ozxfs.laefh.kvugl,0.190260139495452
1759263369,82346,1,N/A,N/A,N/A,N/A,N/A,N/A,N/A,N/A,1264619520,1264619520,17149952,N/A,135168,45826048,4,discern-proc-so,R (running),nginx2.bnsdq.ozxfs.laefh.kvugl,2.6483276427774127
1759263369,80899,1,N/A,N/A,N/A,N/A,N/A,N/A,N/A,N/A,1647706112,1580597248,20467712,N/A,135168,82202624,5,discern-interfa,S (sleeping),nginx2.bnsdq.ozxfs.laefh.kvugl,0.004223926623254834
1759263374,340,1,103,103,103,103,109,109,109,109,250028032,250028032,235446272,N/A,135168,242298880,1,dbus-daemon,S (sleeping),nginx2.bnsdq.ozxfs.laefh.kvugl,0.2953613314972319
1759263374,3275,1,N/A,N/A,N/A,N/A,N/A,N/A,N/A,N/A,1931149312,1931149312,53477376,N/A,135168,187768832,14,discern-network,S (sleeping),nginx2.bnsdq.ozxfs.laefh.kvugl,2.232015078287309
1759263374,183,1,N/A,N/A,N/A,N/A,N/A,N/A,N/A,N/A,150335488,125153280,44761088,4096,135168,28184576,1,systemd-journal,S (sleeping),nginx2.bnsdq.ozxfs.laefh.kvugl,0.19026341382451442
1759263374,82346,1,N/A,N/A,N/A,N/A,N/A,N/A,N/A,N/A,1264619520,1264619520,17149952,N/A,135168,45826048,4,discern-proc-so,S (sleeping),nginx2.bnsdq.ozxfs.laefh.kvugl,2.643845274008543
1759263374,80899,1,N/A,N/A,N/A,N/A,N/A,N/A,N/A,N/A,1647706112,1580597248,20467712,N/A,135168,82202624,5,discern-interfa,S (sleeping),nginx2.bnsdq.ozxfs.laefh.kvugl,0.004178449615653889
1759263379,340,1,103,103,103,103,109,109,109,109,250298368,250298368,235446272,N/A,135168,242569216,1,dbus-daemon,S (sleeping),nginx2.bnsdq.ozxfs.laefh.kvugl,0.2952727073963154
1759263379,3275,1,N/A,N/A,N/A,N/A,N/A,N/A,N/A,N/A,1931149312,1931149312,53477376,N/A,135168,187768832,14,discern-network,S (sleeping),nginx2.bnsdq.ozxfs.laefh.kvugl,2.2319196188204504
1759263379,183,1,N/A,N/A,N/A,N/A,N/A,N/A,N/A,N/A,150335488,125153280,44761088,4096,135168,28184576,1,systemd-journal,S (sleeping),nginx2.bnsdq.ozxfs.laefh.kvugl,0.19026608949579385
1759263379,82346,1,N/A,N/A,N/A,N/A,N/A,N/A,N/A,N/A,1264619520,1264619520,17149952,N/A,135168,45826048,4,discern-proc-so,S (sleeping),nginx2.bnsdq.ozxfs.laefh.kvugl,2.6500834801480093
1759263379,80899,1,N/A,N/A,N/A,N/A,N/A,N/A,N/A,N/A,1647706112,1580597248,20467712,N/A,135168,82202624,5,discern-interfa,S (sleeping),nginx2.bnsdq.ozxfs.laefh.kvugl,0.004133781165718377
1759263384,340,1,103,103,103,103,109,109,109,109,250433536,250433536,235716608,N/A,135168,242704384,1,dbus-daemon,S (sleeping),nginx2.bnsdq.ozxfs.laefh.kvugl,0.29518505680148777
1759263384,3275,1,N/A,N/A,N/A,N/A,N/A,N/A,N/A,N/A,1931149312,1931149312,53477376,N/A,135168,187768832,14,discern-network,S (sleeping),nginx2.bnsdq.ozxfs.laefh.kvugl,2.231830800399111
1759263384,183,1,N/A,N/A,N/A,N/A,N/A,N/A,N/A,N/A,150335488,125153280,44761088,4096,135168,28184576,1,systemd-journal,S (sleeping),nginx2.bnsdq.ozxfs.laefh.kvugl,0.19010150205470183
1759263384,82346,1,N/A,N/A,N/A,N/A,N/A,N/A,N/A,N/A,1264619520,1264619520,17149952,N/A,135168,45826048,4,discern-proc-so,R (running),nginx2.bnsdq.ozxfs.laefh.kvugl,2.64832995954499
1759263384,80899,1,N/A,N/A,N/A,N/A,N/A,N/A,N/A,N/A,1647706112,1580597248,20467712,N/A,135168,82202624,5,discern-interfa,S (sleeping),nginx2.bnsdq.ozxfs.laefh.kvugl,0.004090195756896417
1759263390,340,1,103,103,103,103,109,109,109,109,250568704,250568704,235716608,N/A,135168,242839552,1,dbus-daemon,S (sleeping),nginx2.bnsdq.ozxfs.laefh.kvugl,0.295263739942361
1759263390,3275,1,N/A,N/A,N/A,N/A,N/A,N/A,N/A,N/A,1931149312,1931149312,53477376,N/A,135168,187768832,14,discern-network,S (sleeping),nginx2.bnsdq.ozxfs.laefh.kvugl,2.231905472946649
1759263390,183,1,N/A,N/A,N/A,N/A,N/A,N/A,N/A,N/A,150335488,125153280,44761088,4096,135168,28184576,1,systemd-journal,S (sleeping),nginx2.bnsdq.ozxfs.laefh.kvugl,0.19027152299392883
1759263390,82346,1,N/A,N/A,N/A,N/A,N/A,N/A,N/A,N/A,1264619520,1264619520,17149952,N/A,135168,45826048,4,discern-proc-so,S (sleeping),nginx2.bnsdq.ozxfs.laefh.kvugl,2.6542457929739514
1759263390,80899,1,N/A,N/A,N/A,N/A,N/A,N/A,N/A,N/A,1647706112,1580597248,20467712,N/A,135168,82202624,5,discern-interfa,S (sleeping),nginx2.bnsdq.ozxfs.laefh.kvugl,0.00404727365981982
1759263395,340,1,103,103,103,103,109,109,109,109,250703872,250703872,235986944,N/A,135168,242974720,1,dbus-daemon,S (sleeping),nginx2.bnsdq.ozxfs.laefh.kvugl,0.2951761745217487
1759263395,3275,1,N/A,N/A,N/A,N/A,N/A,N/A,N/A,N/A,1931149312,1931149312,53477376,N/A,135168,187768832,14,discern-network,S (sleeping),nginx2.bnsdq.ozxfs.laefh.kvugl,2.2319911466460085
1759263395,183,1,N/A,N/A,N/A,N/A,N/A,N/A,N/A,N/A,150335488,125153280,44761088,4096,135168,28184576,1,systemd-journal,S (sleeping),nginx2.bnsdq.ozxfs.laefh.kvugl,0.19027466374062268
1759263395,82346,1,N/A,N/A,N/A,N/A,N/A,N/A,N/A,N/A,1264619520,1264619520,17149952,N/A,135168,45826048,4,discern-proc-so,R (running),nginx2.bnsdq.ozxfs.laefh.kvugl,2.655048749644324
1759263395,80899,1,N/A,N/A,N/A,N/A,N/A,N/A,N/A,N/A,1647706112,1580597248,20467712,N/A,135168,82202624,5,discern-interfa,S (sleeping),nginx2.bnsdq.ozxfs.laefh.kvugl,0.004005472379072612
1759263400,340,1,103,103,103,103,109,109,109,109,250839040,250839040,236257280,N/A,135168,243109888,1,dbus-daemon,S (sleeping),nginx2.bnsdq.ozxfs.laefh.kvugl,0.29525630243123646
1759263400,3275,1,N/A,N/A,N/A,N/A,N/A,N/A,N/A,N/A,1931149312,1931149312,53477376,N/A,135168,187768832,14,discern-network,S (sleeping),nginx2.bnsdq.ozxfs.laefh.kvugl,2.2320779582029675
1759263400,183,1,N/A,N/A,N/A,N/A,N/A,N/A,N/A,N/A,150335488,125153280,44761088,4096,135168,28184576,1,systemd-journal,S (sleeping),nginx2.bnsdq.ozxfs.laefh.kvugl,0.19061260521899445
1759263400,82346,1,N/A,N/A,N/A,N/A,N/A,N/A,N/A,N/A,1264619520,1264619520,17149952,N/A,135168,45826048,4,discern-proc-so,S (sleeping),nginx2.bnsdq.ozxfs.laefh.kvugl,2.653311125065439
1759263400,80899,1,N/A,N/A,N/A,N/A,N/A,N/A,N/A,N/A,1647706112,1580597248,20467712,N/A,135168,82202624,5,discern-interfa,S (sleeping),nginx2.bnsdq.ozxfs.laefh.kvugl,0.0039645510705296014
1759263405,340,1,103,103,103,103,109,109,109,109,250839040,250839040,236257280,N/A,135168,243109888,1,dbus-daemon,S (sleeping),nginx2.bnsdq.ozxfs.laefh.kvugl,0.29516881930937344
1759263405,3275,1,N/A,N/A,N/A,N/A,N/A,N/A,N/A,N/A,1931149312,1931149312,53477376,N/A,135168,187768832,14,discern-network,S (sleeping),nginx2.bnsdq.ozxfs.laefh.kvugl,2.2319881373371318
1759263405,183,1,N/A,N/A,N/A,N/A,N/A,N/A,N/A,N/A,150335488,125153280,44761088,4096,135168,28184576,1,systemd-journal,S (sleeping),nginx2.bnsdq.ozxfs.laefh.kvugl,0.19061539621223636
1759263405,82346,1,N/A,N/A,N/A,N/A,N/A,N/A,N/A,N/A,1264619520,1264619520,17149952,N/A,135168,45826048,4,discern-proc-so,R (running),nginx2.bnsdq.ozxfs.laefh.kvugl,2.654095000888027
1759263405,80899,1,N/A,N/A,N/A,N/A,N/A,N/A,N/A,N/A,1647706112,1580597248,20467712,N/A,135168,82202624,5,discern-interfa,S (sleeping),nginx2.bnsdq.ozxfs.laefh.kvugl,0.003924420069235892
1759263410,340,1,103,103,103,103,109,109,109,109,250839040,250839040,236257280,N/A,135168,243109888,1,dbus-daemon,S (sleeping),nginx2.bnsdq.ozxfs.laefh.kvugl,0.29524868905714596
1759263410,3275,1,N/A,N/A,N/A,N/A,N/A,N/A,N/A,N/A,1931149312,1931149312,53477376,N/A,135168,187768832,14,discern-network,S (sleeping),nginx2.bnsdq.ozxfs.laefh.kvugl,2.231899352592978
1759263410,183,1,N/A,N/A,N/A,N/A,N/A,N/A,N/A,N/A,150335488,125153280,44761088,4096,135168,28184576,1,systemd-journal,S (sleeping),nginx2.bnsdq.ozxfs.laefh.kvugl,0.19078531957730208
1759263410,82346,1,N/A,N/A,N/A,N/A,N/A,N/A,N/A,N/A,1264619520,1264619520,17149952,N/A,135168,45826048,4,discern-proc-so,R (running),nginx2.bnsdq.ozxfs.laefh.kvugl,2.652397559057094
1759263410,80899,1,N/A,N/A,N/A,N/A,N/A,N/A,N/A,N/A,1647706112,1580597248,20467712,N/A,135168,82202624,5,discern-interfa,S (sleeping),nginx2.bnsdq.ozxfs.laefh.kvugl,0.003885110378626411
1759263415,340,1,103,103,103,103,109,109,109,109,250839040,250839040,236257280,N/A,135168,243109888,1,dbus-daemon,S (sleeping),nginx2.bnsdq.ozxfs.laefh.kvugl,0.2951606212989214
1759263415,3275,1,N/A,N/A,N/A,N/A,N/A,N/A,N/A,N/A,1931149312,1931149312,53477376,N/A,135168,187768832,14,discern-network,S (sleeping),nginx2.bnsdq.ozxfs.laefh.kvugl,2.2319782911047223
1759263415,183,1,N/A,N/A,N/A,N/A,N/A,N/A,N/A,N/A,150335488,125153280,44761088,4096,135168,28184576,1,systemd-journal,S (sleeping),nginx2.bnsdq.ozxfs.laefh.kvugl,0.19112131706721822
1759263415,82346,1,N/A,N/A,N/A,N/A,N/A,N/A,N/A,N/A,1264619520,1264619520,17149952,N/A,135168,45826048,4,discern-proc-so,R (running),nginx2.bnsdq.ozxfs.laefh.kvugl,2.6555214302673678
1759263415,80899,1,N/A,N/A,N/A,N/A,N/A,N/A,N/A,N/A,1647706112,1580597248,20467712,N/A,135168,82202624,5,discern-interfa,S (sleeping),nginx2.bnsdq.ozxfs.laefh.kvugl,0.0038464546774703325
1759263421,340,1,103,103,103,103,109,109,109,109,250839040,250839040,236257280,N/A,135168,243109888,1,dbus-daemon,S (sleeping),nginx2.bnsdq.ozxfs.laefh.kvugl,0.2952400067780785
1759263421,3275,1,N/A,N/A,N/A,N/A,N/A,N/A,N/A,N/A,1931149312,1931149312,53477376,N/A,135168,187768832,14,discern-network,S (sleeping),nginx2.bnsdq.ozxfs.laefh.kvugl,2.23188688464755
1759263421,183,1,N/A,N/A,N/A,N/A,N/A,N/A,N/A,N/A,150335488,125153280,44761088,4096,135168,28184576,1,systemd-journal,S (sleeping),nginx2.bnsdq.ozxfs.laefh.kvugl,0.19112350700969014
1759263421,82346,1,N/A,N/A,N/A,N/A,N/A,N/A,N/A,N/A,1264619520,1264619520,17149952,N/A,135168,45826048,4,discern-proc-so,S (sleeping),nginx2.bnsdq.ozxfs.laefh.kvugl,2.653801601314896
1759263421,80899,1,N/A,N/A,N/A,N/A,N/A,N/A,N/A,N/A,1647706112,1580597248,20467712,N/A,135168,82202624,5,discern-interfa,S (sleeping),nginx2.bnsdq.ozxfs.laefh.kvugl,0.003808631499200335
1759263426,340,1,103,103,103,103,109,109,109,109,250839040,250839040,236257280,N/A,135168,243109888,1,dbus-daemon,S (sleeping),nginx2.bnsdq.ozxfs.laefh.kvugl,0.29515210097448236
1759263426,3275,1,N/A,N/A,N/A,N/A,N/A,N/A,N/A,N/A,1931149312,1931149312,53477376,N/A,135168,187768832,14,discern-network,S (sleeping),nginx2.bnsdq.ozxfs.laefh.kvugl,2.2321396734863765
1759263426,183,1,N/A,N/A,N/A,N/A,N/A,N/A,N/A,N/A,150335488,125153280,44761088,4096,135168,28184576,1,systemd-journal,S (sleeping),nginx2.bnsdq.ozxfs.laefh.kvugl,0.19129200476970096
1759263426,82346,1,N/A,N/A,N/A,N/A,N/A,N/A,N/A,N/A,1264619520,1264619520,17149952,N/A,135168,45826048,4,discern-proc-so,S (sleeping),nginx2.bnsdq.ozxfs.laefh.kvugl,2.6568317963168675
1759263426,80899,1,N/A,N/A,N/A,N/A,N/A,N/A,N/A,N/A,1647706112,1580597248,20467712,N/A,135168,82202624,5,discern-interfa,S (sleeping),nginx2.bnsdq.ozxfs.laefh.kvugl,0.003771475033872368
1759263431,340,1,103,103,103,103,109,109,109,109,250839040,250839040,236257280,N/A,135168,243109888,1,dbus-daemon,S (sleeping),nginx2.bnsdq.ozxfs.laefh.kvugl,0.2952318153127331
1759263431,3275,1,N/A,N/A,N/A,N/A,N/A,N/A,N/A,N/A,1931149312,1931149312,53477376,N/A,135168,187768832,14,discern-network,S (sleeping),nginx2.bnsdq.ozxfs.laefh.kvugl,2.23170429114282
1759263431,183,1,N/A,N/A,N/A,N/A,N/A,N/A,N/A,N/A,150335488,125153280,44761088,4096,135168,28184576,1,systemd-journal,S (sleeping),nginx2.bnsdq.ozxfs.laefh.kvugl,0.19146082955758567
1759263431,82346,1,N/A,N/A,N/A,N/A,N/A,N/A,N/A,N/A,1264619520,1264619520,17149952,N/A,135168,45826048,4,discern-proc-so,R (running),nginx2.bnsdq.ozxfs.laefh.kvugl,2.655196794660258
1759263431,80899,1,N/A,N/A,N/A,N/A,N/A,N/A,N/A,N/A,1647706112,1580597248,20467712,N/A,135168,82202624,5,discern-interfa,S (sleeping),nginx2.bnsdq.ozxfs.laefh.kvugl,0.0037351707940211005
1759263436,340,1,103,103,103,103,109,109,109,109,250839040,250839040,236257280,N/A,135168,243109888,1,dbus-daemon,S (sleeping),nginx2.bnsdq.ozxfs.laefh.kvugl,0.29514392489721036
1759263436,3275,1,N/A,N/A,N/A,N/A,N/A,N/A,N/A,N/A,1931149312,1931149312,53477376,N/A,135168,187768832,14,discern-network,S (sleeping),nginx2.bnsdq.ozxfs.laefh.kvugl,2.2316083513346463
1759263436,183,1,N/A,N/A,N/A,N/A,N/A,N/A,N/A,N/A,150335488,125153280,44761088,4096,135168,28184576,1,systemd-journal,S (sleeping),nginx2.bnsdq.ozxfs.laefh.kvugl,0.19162865403108983
1759263436,82346,1,N/A,N/A,N/A,N/A,N/A,N/A,N/A,N/A,1264619520,1264619520,17149952,N/A,135168,45826048,4,discern-proc-so,S (sleeping),nginx2.bnsdq.ozxfs.laefh.kvugl,2.6557912063010285
1759263436,80899,1,N/A,N/A,N/A,N/A,N/A,N/A,N/A,N/A,1647706112,1580597248,20467712,N/A,135168,82202624,5,discern-interfa,S (sleeping),nginx2.bnsdq.ozxfs.laefh.kvugl,0.0036994066199226533
1759263441,340,1,103,103,103,103,109,109,109,109,250839040,250839040,236257280,N/A,135168,243109888,1,dbus-daemon,S (sleeping),nginx2.bnsdq.ozxfs.laefh.kvugl,0.2950580029037307
1759263441,3275,1,N/A,N/A,N/A,N/A,N/A,N/A,N/A,N/A,1931149312,1931149312,53477376,N/A,135168,187768832,14,discern-network,S (sleeping),nginx2.bnsdq.ozxfs.laefh.kvugl,2.231353431538067
1759263441,183,1,N/A,N/A,N/A,N/A,N/A,N/A,N/A,N/A,150335488,125153280,44761088,4096,135168,28184576,1,systemd-journal,S (sleeping),nginx2.bnsdq.ozxfs.laefh.kvugl,0.19179737079561077
1759263441,82346,1,N/A,N/A,N/A,N/A,N/A,N/A,N/A,N/A,1264619520,1264619520,17149952,N/A,135168,45826048,4,discern-proc-so,R (running),nginx2.bnsdq.ozxfs.laefh.kvugl,2.651997474660453
1759263441,80899,1,N/A,N/A,N/A,N/A,N/A,N/A,N/A,N/A,1647706112,1580597248,20467712,N/A,135168,82202624,5,discern-interfa,S (sleeping),nginx2.bnsdq.ozxfs.laefh.kvugl,0.003664569344349771
1759263446,340,1,103,103,103,103,109,109,109,109,250839040,250839040,236257280,N/A,135168,243109888,1,dbus-daemon,S (sleeping),nginx2.bnsdq.ozxfs.laefh.kvugl,0.29530388278076936
1759263446,3275,1,N/A,N/A,N/A,N/A,N/A,N/A,N/A,N/A,1931149312,1931149312,53477376,N/A,135168,187768832,14,discern-network,S (sleeping),nginx2.bnsdq.ozxfs.laefh.kvugl,2.2314415430116843
1759263446,183,1,N/A,N/A,N/A,N/A,N/A,N/A,N/A,N/A,150335488,125153280,44761088,4096,135168,28184576,1,systemd-journal,S (sleeping),nginx2.bnsdq.ozxfs.laefh.kvugl,0.1922975807412744
1759263446,82346,1,N/A,N/A,N/A,N/A,N/A,N/A,N/A,N/A,1264619520,1264619520,17149952,N/A,135168,45826048,4,discern-proc-so,S (sleeping),nginx2.bnsdq.ozxfs.laefh.kvugl,2.6459553021050968
1759263446,80899,1,N/A,N/A,N/A,N/A,N/A,N/A,N/A,N/A,1647706112,1580597248,20467712,N/A,135168,82202624,5,discern-interfa,S (sleeping),nginx2.bnsdq.ozxfs.laefh.kvugl,0.0036303120865616508
1759263452,340,1,103,103,103,103,109,109,109,109,250839040,250839040,236257280,N/A,135168,243109888,1,dbus-daemon,S (sleeping),nginx2.bnsdq.ozxfs.laefh.kvugl,0.29505174880375334
1759263452,3275,1,N/A,N/A,N/A,N/A,N/A,N/A,N/A,N/A,1931149312,1931149312,53477376,N/A,135168,187768832,14,discern-network,S (sleeping),nginx2.bnsdq.ozxfs.laefh.kvugl,2.2311850221720233
1759263452,183,1,N/A,N/A,N/A,N/A,N/A,N/A,N/A,N/A,150335488,125153280,44761088,4096,135168,28184576,1,systemd-journal,S (sleeping),nginx2.bnsdq.ozxfs.laefh.kvugl,0.19229933880099478
1759263452,82346,1,N/A,N/A,N/A,N/A,N/A,N/A,N/A,N/A,1264619520,1264619520,17149952,N/A,135168,45826048,4,discern-proc-so,R (running),nginx2.bnsdq.ozxfs.laefh.kvugl,2.646822843674275
1759263452,80899,1,N/A,N/A,N/A,N/A,N/A,N/A,N/A,N/A,1647706112,1580597248,20467712,N/A,135168,82202624,5,discern-interfa,S (sleeping),nginx2.bnsdq.ozxfs.laefh.kvugl,0.0035967212753952715
1759263457,340,1,103,103,103,103,109,109,109,109,250839040,250839040,236257280,N/A,135168,243109888,1,dbus-daemon,S (sleeping),nginx2.bnsdq.ozxfs.laefh.kvugl,0.2951313204077583
1759263457,3275,1,N/A,N/A,N/A,N/A,N/A,N/A,N/A,N/A,1931149312,1931149312,53477376,N/A,135168,187768832,14,discern-network,S (sleeping),nginx2.bnsdq.ozxfs.laefh.kvugl,2.2310993942850192
1759263457,183,1,N/A,N/A,N/A,N/A,N/A,N/A,N/A,N/A,150335488,125153280,44761088,4096,135168,28184576,1,systemd-journal,S (sleeping),nginx2.bnsdq.ozxfs.laefh.kvugl,0.19263243080981896
1759263457,82346,1,N/A,N/A,N/A,N/A,N/A,N/A,N/A,N/A,1264619520,1264619520,17149952,N/A,135168,45826048,4,discern-proc-so,R (running),nginx2.bnsdq.ozxfs.laefh.kvugl,2.64540947572374
1759263457,80899,1,N/A,N/A,N/A,N/A,N/A,N/A,N/A,N/A,1647706112,1580597248,20467712,N/A,135168,82202624,5,discern-interfa,S (sleeping),nginx2.bnsdq.ozxfs.laefh.kvugl,0.0035637032939147936
1759263462,340,1,103,103,103,103,109,109,109,109,250839040,250839040,236257280,N/A,135168,243109888,1,dbus-daemon,S (sleeping),nginx2.bnsdq.ozxfs.laefh.kvugl,0.295209706467412
1759263462,3275,1,N/A,N/A,N/A,N/A,N/A,N/A,N/A,N/A,1931149312,1931149312,53477376,N/A,135168,187768832,14,discern-network,S (sleeping),nginx2.bnsdq.ozxfs.laefh.kvugl,2.231178523408756
1759263462,183,1,N/A,N/A,N/A,N/A,N/A,N/A,N/A,N/A,150335488,125153280,44761088,4096,135168,28184576,1,systemd-journal,S (sleeping),nginx2.bnsdq.ozxfs.laefh.kvugl,0.19263300150067028
1759263462,82346,1,N/A,N/A,N/A,N/A,N/A,N/A,N/A,N/A,1264619520,1264619520,17149952,N/A,135168,45826048,4,discern-proc-so,S (sleeping),nginx2.bnsdq.ozxfs.laefh.kvugl,2.650491681506866
1759263462,80899,1,N/A,N/A,N/A,N/A,N/A,N/A,N/A,N/A,1647706112,1580597248,20467712,N/A,135168,82202624,5,discern-interfa,S (sleeping),nginx2.bnsdq.ozxfs.laefh.kvugl,0.0035311526283480898
1759263467,340,1,103,103,103,103,109,109,109,109,250839040,250839040,236257280,N/A,135168,243109888,1,dbus-daemon,S (sleeping),nginx2.bnsdq.ozxfs.laefh.kvugl,0.2951236864759982
1759263467,3275,1,N/A,N/A,N/A,N/A,N/A,N/A,N/A,N/A,1931149312,1931149312,53477376,N/A,135168,187768832,14,discern-network,S (sleeping),nginx2.bnsdq.ozxfs.laefh.kvugl,2.2312673188017627
1759263467,183,1,N/A,N/A,N/A,N/A,N/A,N/A,N/A,N/A,150335488,133505024,44761088,4096,135168,28184576,1,systemd-journal,S (sleeping),nginx2.bnsdq.ozxfs.laefh.kvugl,0.19296536957170513
1759263467,82346,1,N/A,N/A,N/A,N/A,N/A,N/A,N/A,N/A,1264619520,1264619520,17149952,N/A,135168,45826048,4,discern-proc-so,S (sleeping),nginx2.bnsdq.ozxfs.laefh.kvugl,2.6490919830994013
1759263467,80899,1,N/A,N/A,N/A,N/A,N/A,N/A,N/A,N/A,1647706112,1580597248,20467712,N/A,135168,82202624,5,discern-interfa,S (sleeping),nginx2.bnsdq.ozxfs.laefh.kvugl,0.003499346600480542
1759263472,340,1,103,103,103,103,109,109,109,109,250839040,250839040,236257280,N/A,135168,243109888,1,dbus-daemon,S (sleeping),nginx2.bnsdq.ozxfs.laefh.kvugl,0.29503629861350494
1759263472,183,1,N/A,N/A,N/A,N/A,N/A,N/A,N/A,N/A,150335488,133505024,44761088,4096,135168,28184576,1,systemd-journal,S (sleeping),nginx2.bnsdq.ozxfs.laefh.kvugl,0.19296548071113814
1759263472,3275,1,N/A,N/A,N/A,N/A,N/A,N/A,N/A,N/A,1931149312,1931149312,53477376,N/A,135168,187768832,14,discern-network,S (sleeping),nginx2.bnsdq.ozxfs.laefh.kvugl,2.2311714100037165
1759263472,82346,1,N/A,N/A,N/A,N/A,N/A,N/A,N/A,N/A,1264619520,1264619520,17149952,N/A,135168,45826048,4,discern-proc-so,R (running),nginx2.bnsdq.ozxfs.laefh.kvugl,2.649694705488689
1759263472,80899,1,N/A,N/A,N/A,N/A,N/A,N/A,N/A,N/A,1647706112,1580597248,20467712,N/A,135168,82202624,5,discern-interfa,S (sleeping),nginx2.bnsdq.ozxfs.laefh.kvugl,0.003467922130002136
1759263477,340,1,103,103,103,103,109,109,109,109,250839040,250839040,236257280,N/A,135168,243109888,1,dbus-daemon,S (sleeping),nginx2.bnsdq.ozxfs.laefh.kvugl,0.2951156164894799
1759263477,183,1,N/A,N/A,N/A,N/A,N/A,N/A,N/A,N/A,150335488,133505024,44761088,4096,135168,28184576,1,systemd-journal,S (sleeping),nginx2.bnsdq.ozxfs.laefh.kvugl,0.19313166520959446
1759263477,3275,1,N/A,N/A,N/A,N/A,N/A,N/A,N/A,N/A,1931149312,1931149312,53477376,N/A,135168,187768832,14,discern-network,S (sleeping),nginx2.bnsdq.ozxfs.laefh.kvugl,2.230913749018343
1759263477,82346,1,N/A,N/A,N/A,N/A,N/A,N/A,N/A,N/A,1264619520,1264619520,17149952,N/A,135168,45826048,4,discern-proc-so,S (sleeping),nginx2.bnsdq.ozxfs.laefh.kvugl,2.6504363605804646
1759263477,80899,1,N/A,N/A,N/A,N/A,N/A,N/A,N/A,N/A,1647706112,1580597248,20467712,N/A,135168,82202624,5,discern-interfa,S (sleeping),nginx2.bnsdq.ozxfs.laefh.kvugl,0.003437217659365617
1759263483,340,1,103,103,103,103,109,109,109,109,250839040,250839040,236257280,N/A,135168,243109888,1,dbus-daemon,S (sleeping),nginx2.bnsdq.ozxfs.laefh.kvugl,0.29502853927412837
1759263483,183,1,N/A,N/A,N/A,N/A,N/A,N/A,N/A,N/A,150335488,133505024,44761088,4096,135168,28184576,1,systemd-journal,S (sleeping),nginx2.bnsdq.ozxfs.laefh.kvugl,0.1932968014795895
1759263483,3275,1,N/A,N/A,N/A,N/A,N/A,N/A,N/A,N/A,1931149312,1931149312,53477376,N/A,135168,187768832,14,discern-network,S (sleeping),nginx2.bnsdq.ozxfs.laefh.kvugl,2.2308195857275153
1759263483,82346,1,N/A,N/A,N/A,N/A,N/A,N/A,N/A,N/A,1264619520,1264619520,17149952,N/A,135168,45826048,4,discern-proc-so,S (sleeping),nginx2.bnsdq.ozxfs.laefh.kvugl,2.6510293762494785
1759263483,80899,1,N/A,N/A,N/A,N/A,N/A,N/A,N/A,N/A,1647706112,1580597248,20467712,N/A,135168,82202624,5,discern-interfa,S (sleeping),nginx2.bnsdq.ozxfs.laefh.kvugl,0.0034069134840761417
1759263488,340,1,103,103,103,103,109,109,109,109,250839040,250839040,236257280,N/A,135168,243109888,1,dbus-daemon,S (sleeping),nginx2.bnsdq.ozxfs.laefh.kvugl,0.2951079098387061
1759263488,183,1,N/A,N/A,N/A,N/A,N/A,N/A,N/A,N/A,150335488,133505024,44761088,4096,135168,28184576,1,systemd-journal,S (sleeping),nginx2.bnsdq.ozxfs.laefh.kvugl,0.1932976082074031
1759263488,3275,1,N/A,N/A,N/A,N/A,N/A,N/A,N/A,N/A,1931149312,1931149312,53477376,N/A,135168,187768832,14,discern-network,S (sleeping),nginx2.bnsdq.ozxfs.laefh.kvugl,2.230736210118776
1759263488,82346,1,N/A,N/A,N/A,N/A,N/A,N/A,N/A,N/A,1264619520,1264619520,17149952,N/A,135168,45826048,4,discern-proc-so,S (sleeping),nginx2.bnsdq.ozxfs.laefh.kvugl,2.649683448352949
1759263488,80899,1,N/A,N/A,N/A,N/A,N/A,N/A,N/A,N/A,1647706112,1580597248,20467712,N/A,135168,82202624,5,discern-interfa,S (sleeping),nginx2.bnsdq.ozxfs.laefh.kvugl,0.003377296073620013
1759263493,340,1,103,103,103,103,109,109,109,109,250839040,250839040,236257280,N/A,135168,243109888,1,dbus-daemon,S (sleeping),nginx2.bnsdq.ozxfs.laefh.kvugl,0.2951868423740049
1759263493,183,1,N/A,N/A,N/A,N/A,N/A,N/A,N/A,N/A,150335488,133505024,44761088,4096,135168,28184576,1,systemd-journal,S (sleeping),nginx2.bnsdq.ozxfs.laefh.kvugl,0.19379258243520794
1759263493,3275,1,N/A,N/A,N/A,N/A,N/A,N/A,N/A,N/A,1931149312,1931149312,53477376,N/A,135168,187768832,14,discern-network,S (sleeping),nginx2.bnsdq.ozxfs.laefh.kvugl,2.2309944844043024
1759263493,82346,1,N/A,N/A,N/A,N/A,N/A,N/A,N/A,N/A,1264619520,1264619520,17149952,N/A,135168,45826048,4,discern-proc-so,S (sleeping),nginx2.bnsdq.ozxfs.laefh.kvugl,2.6462754274451847
1759263493,80899,1,N/A,N/A,N/A,N/A,N/A,N/A,N/A,N/A,1647706112,1580597248,20467712,N/A,135168,82202624,5,discern-interfa,S (sleeping),nginx2.bnsdq.ozxfs.laefh.kvugl,0.003348154265538783
1759263498,340,1,103,103,103,103,109,109,109,109,250839040,250839040,236257280,N/A,135168,243109888,1,dbus-daemon,S (sleeping),nginx2.bnsdq.ozxfs.laefh.kvugl,0.29510099625933073
1759263498,183,1,N/A,N/A,N/A,N/A,N/A,N/A,N/A,N/A,150335488,133505024,44761088,4096,135168,28184576,1,systemd-journal,S (sleeping),nginx2.bnsdq.ozxfs.laefh.kvugl,0.19395743873305843
1759263498,3275,1,N/A,N/A,N/A,N/A,N/A,N/A,N/A,N/A,1931149312,1931149312,53477376,N/A,135168,187768832,14,discern-network,S (sleeping),nginx2.bnsdq.ozxfs.laefh.kvugl,2.2309089515889453
1759263498,82346,1,N/A,N/A,N/A,N/A,N/A,N/A,N/A,N/A,1264619520,1264619520,17149952,N/A,135168,45826048,4,discern-proc-so,S (sleeping),nginx2.bnsdq.ozxfs.laefh.kvugl,2.6449766711526874
1759263498,80899,1,N/A,N/A,N/A,N/A,N/A,N/A,N/A,N/A,1647706112,1580597248,20467712,N/A,135168,82202624,5,discern-interfa,S (sleeping),nginx2.bnsdq.ozxfs.laefh.kvugl,0.0033195140451429406
1759263503,340,1,103,103,103,103,109,109,109,109,250839040,250839040,236257280,N/A,135168,243109888,1,dbus-daemon,S (sleeping),nginx2.bnsdq.ozxfs.laefh.kvugl,0.29517930677723836
1759263503,183,1,N/A,N/A,N/A,N/A,N/A,N/A,N/A,N/A,150335488,133505024,44761088,4096,135168,28184576,1,systemd-journal,S (sleeping),nginx2.bnsdq.ozxfs.laefh.kvugl,0.19428617975475854
1759263503,3275,1,N/A,N/A,N/A,N/A,N/A,N/A,N/A,N/A,1931149312,1931149312,53477376,N/A,135168,187768832,14,discern-network,S (sleeping),nginx2.bnsdq.ozxfs.laefh.kvugl,2.2308194320725905
1759263503,82346,1,N/A,N/A,N/A,N/A,N/A,N/A,N/A,N/A,1264619520,1264619520,17149952,N/A,135168,45826048,4,discern-proc-so,R (running),nginx2.bnsdq.ozxfs.laefh.kvugl,2.645661923941478
1759263503,80899,1,N/A,N/A,N/A,N/A,N/A,N/A,N/A,N/A,1647706112,1580597248,20467712,N/A,135168,82202624,5,discern-interfa,S (sleeping),nginx2.bnsdq.ozxfs.laefh.kvugl,0.003291301822374374
1759263508,340,1,103,103,103,103,109,109,109,109,250839040,250839040,236257280,N/A,135168,243109888,1,dbus-daemon,S (sleeping),nginx2.bnsdq.ozxfs.laefh.kvugl,0.2952564775830369
1759263508,183,1,N/A,N/A,N/A,N/A,N/A,N/A,N/A,N/A,150335488,133505024,44761088,4096,135168,28184576,1,systemd-journal,S (sleeping),nginx2.bnsdq.ozxfs.laefh.kvugl,0.19444932862021974
1759263508,3275,1,N/A,N/A,N/A,N/A,N/A,N/A,N/A,N/A,1931149312,1931149312,53477376,N/A,135168,187768832,14,discern-network,S (sleeping),nginx2.bnsdq.ozxfs.laefh.kvugl,2.2310651187473214
1759263508,82346,1,N/A,N/A,N/A,N/A,N/A,N/A,N/A,N/A,1264619520,1264619520,17149952,N/A,135168,45826048,4,discern-proc-so,R (running),nginx2.bnsdq.ozxfs.laefh.kvugl,2.648214970811011
1759263508,80899,1,N/A,N/A,N/A,N/A,N/A,N/A,N/A,N/A,1647706112,1580597248,20467712,N/A,135168,82202624,5,discern-interfa,S (sleeping),nginx2.bnsdq.ozxfs.laefh.kvugl,0.00326345409874124
1759263514,340,1,103,103,103,103,109,109,109,109,250839040,250839040,236257280,N/A,135168,243109888,1,dbus-daemon,S (sleeping),nginx2.bnsdq.ozxfs.laefh.kvugl,0.2951707666501952
1759263514,183,1,N/A,N/A,N/A,N/A,N/A,N/A,N/A,N/A,150335488,133505024,44761088,4096,135168,28184576,1,systemd-journal,S (sleeping),nginx2.bnsdq.ozxfs.laefh.kvugl,0.19444896284657273
1759263514,3275,1,N/A,N/A,N/A,N/A,N/A,N/A,N/A,N/A,1931149312,1931149312,53477376,N/A,135168,187768832,14,discern-network,S (sleeping),nginx2.bnsdq.ozxfs.laefh.kvugl,2.230979563492636
1759263514,82346,1,N/A,N/A,N/A,N/A,N/A,N/A,N/A,N/A,1264619520,1264619520,17149952,N/A,135168,45826048,4,discern-proc-so,S (sleeping),nginx2.bnsdq.ozxfs.laefh.kvugl,2.650879417391529
1759263514,80899,1,N/A,N/A,N/A,N/A,N/A,N/A,N/A,N/A,1647706112,1580597248,20467712,N/A,135168,82202624,5,discern-interfa,S (sleeping),nginx2.bnsdq.ozxfs.laefh.kvugl,0.003236236863988
1759263519,340,1,103,103,103,103,109,109,109,109,250839040,250839040,236257280,N/A,135168,243109888,1,dbus-daemon,S (sleeping),nginx2.bnsdq.ozxfs.laefh.kvugl,0.2952485619679757
1759263519,183,1,N/A,N/A,N/A,N/A,N/A,N/A,N/A,N/A,150335488,133505024,44761088,4096,135168,28184576,1,systemd-journal,S (sleeping),nginx2.bnsdq.ozxfs.laefh.kvugl,0.19461218995843618
1759263519,3275,1,N/A,N/A,N/A,N/A,N/A,N/A,N/A,N/A,1931149312,1931149312,53477376,N/A,135168,187768832,14,discern-network,S (sleeping),nginx2.bnsdq.ozxfs.laefh.kvugl,2.2314017812998466
1759263519,82346,1,N/A,N/A,N/A,N/A,N/A,N/A,N/A,N/A,1264619520,1264619520,17149952,N/A,135168,45826048,4,discern-proc-so,S (sleeping),nginx2.bnsdq.ozxfs.laefh.kvugl,2.6534087296214515
1759263519,80899,1,N/A,N/A,N/A,N/A,N/A,N/A,N/A,N/A,1647706112,1580597248,20467712,N/A,135168,82202624,5,discern-interfa,S (sleeping),nginx2.bnsdq.ozxfs.laefh.kvugl,0.0032093895171298953
1759263524,340,1,103,103,103,103,109,109,109,109,250839040,250839040,236257280,N/A,135168,243109888,1,dbus-daemon,S (sleeping),nginx2.bnsdq.ozxfs.laefh.kvugl,0.295163221088044
1759263524,183,1,N/A,N/A,N/A,N/A,N/A,N/A,N/A,N/A,150335488,133505024,44761088,4096,135168,28184576,1,systemd-journal,S (sleeping),nginx2.bnsdq.ozxfs.laefh.kvugl,0.1947757834780497
1759263524,3275,1,N/A,N/A,N/A,N/A,N/A,N/A,N/A,N/A,1931149312,1931149312,53477376,N/A,135168,187768832,14,discern-network,S (sleeping),nginx2.bnsdq.ozxfs.laefh.kvugl,2.2311467471180837
1759263524,82346,1,N/A,N/A,N/A,N/A,N/A,N/A,N/A,N/A,1264619520,1264619520,17149952,N/A,135168,45826048,4,discern-proc-so,R (running),nginx2.bnsdq.ozxfs.laefh.kvugl,2.652124774685093
1759263524,80899,1,N/A,N/A,N/A,N/A,N/A,N/A,N/A,N/A,1647706112,1580597248,20467712,N/A,135168,82202624,5,discern-interfa,S (sleeping),nginx2.bnsdq.ozxfs.laefh.kvugl,0.0031830855572161734
1759263529,340,1,103,103,103,103,109,109,109,109,250839040,250839040,236257280,N/A,135168,243109888,1,dbus-daemon,S (sleeping),nginx2.bnsdq.ozxfs.laefh.kvugl,0.29507602973366737
1759263529,183,1,N/A,N/A,N/A,N/A,N/A,N/A,N/A,N/A,150335488,133505024,44761088,4096,135168,28184576,1,systemd-journal,S (sleeping),nginx2.bnsdq.ozxfs.laefh.kvugl,0.1949377834656575
1759263529,3275,1,N/A,N/A,N/A,N/A,N/A,N/A,N/A,N/A,1931149312,1931149312,53477376,N/A,135168,187768832,14,discern-network,S (sleeping),nginx2.bnsdq.ozxfs.laefh.kvugl,2.2312182246946164
1759263529,82346,1,N/A,N/A,N/A,N/A,N/A,N/A,N/A,N/A,1264619520,1264619520,17149952,N/A,135168,45826048,4,discern-proc-so,S (sleeping),nginx2.bnsdq.ozxfs.laefh.kvugl,2.6563983191867733
1759263529,80899,1,N/A,N/A,N/A,N/A,N/A,N/A,N/A,N/A,1647706112,1580597248,20467712,N/A,135168,82202624,5,discern-interfa,S (sleeping),nginx2.bnsdq.ozxfs.laefh.kvugl,0.0031570036379844632
1759263534,340,1,103,103,103,103,109,109,109,109,250839040,250839040,236257280,N/A,135168,243109888,1,dbus-daemon,S (sleeping),nginx2.bnsdq.ozxfs.laefh.kvugl,0.29514818715938684
1759263534,183,1,N/A,N/A,N/A,N/A,N/A,N/A,N/A,N/A,150335488,133505024,44761088,4096,135168,28184576,1,systemd-journal,S (sleeping),nginx2.bnsdq.ozxfs.laefh.kvugl,0.1950965340614817
1759263534,3275,1,N/A,N/A,N/A,N/A,N/A,N/A,N/A,N/A,1931149312,1931149312,53477376,N/A,135168,187768832,14,discern-network,S (sleeping),nginx2.bnsdq.ozxfs.laefh.kvugl,2.231254093046728
1759263534,82346,1,N/A,N/A,N/A,N/A,N/A,N/A,N/A,N/A,1264619520,1264619520,17149952,N/A,135168,45826048,4,discern-proc-so,S (sleeping),nginx2.bnsdq.ozxfs.laefh.kvugl,2.6582236014638103
1759263534,80899,1,N/A,N/A,N/A,N/A,N/A,N/A,N/A,N/A,1647706112,1580597248,20467712,N/A,135168,82202624,5,discern-interfa,S (sleeping),nginx2.bnsdq.ozxfs.laefh.kvugl,0.0031308891140100796
1759263540,340,1,103,103,103,103,109,109,109,109,250839040,250839040,236257280,N/A,135168,243109888,1,dbus-daemon,S (sleeping),nginx2.bnsdq.ozxfs.laefh.kvugl,0.29522242248373376
1759263540,89155,1,N/A,N/A,N/A,N/A,N/A,N/A,N/A,N/A,1399861248,1399861248,148877312,N/A,135168,185294848,4,discern-file-so,R (running),nginx2.bnsdq.ozxfs.laefh.kvugl,54.42567234079467
1759263540,3275,1,N/A,N/A,N/A,N/A,N/A,N/A,N/A,N/A,1931149312,1931149312,53477376,N/A,135168,187768832,14,discern-network,S (sleeping),nginx2.bnsdq.ozxfs.laefh.kvugl,2.23079542443429
1759263540,183,1,N/A,N/A,N/A,N/A,N/A,N/A,N/A,N/A,150335488,133505024,44761088,4096,135168,28184576,1,systemd-journal,S (sleeping),nginx2.bnsdq.ozxfs.laefh.kvugl,0.19574702929303217
1759263540,82346,1,N/A,N/A,N/A,N/A,N/A,N/A,N/A,N/A,1264619520,1264619520,17149952,N/A,135168,45826048,4,discern-proc-so,S (sleeping),nginx2.bnsdq.ozxfs.laefh.kvugl,2.650853897072909
1759263545,340,1,103,103,103,103,109,109,109,109,250839040,250839040,236257280,N/A,135168,243109888,1,dbus-daemon,S (sleeping),nginx2.bnsdq.ozxfs.laefh.kvugl,0.2951304521623314
1759263545,89155,1,N/A,N/A,N/A,N/A,N/A,N/A,N/A,N/A,1534283776,1534283776,232624128,N/A,135168,273580032,4,discern-file-so,R (running),nginx2.bnsdq.ozxfs.laefh.kvugl,66.90560537382972
1759263545,3275,1,N/A,N/A,N/A,N/A,N/A,N/A,N/A,N/A,1931149312,1931149312,53477376,N/A,135168,187768832,14,discern-network,S (sleeping),nginx2.bnsdq.ozxfs.laefh.kvugl,2.229975852954081
1759263545,183,1,N/A,N/A,N/A,N/A,N/A,N/A,N/A,N/A,150335488,133505024,44761088,4096,135168,28184576,1,systemd-journal,S (sleeping),nginx2.bnsdq.ozxfs.laefh.kvugl,0.1960679158598797
1759263545,82346,1,N/A,N/A,N/A,N/A,N/A,N/A,N/A,N/A,1264619520,1264619520,17149952,N/A,135168,45826048,4,discern-proc-so,S (sleeping),nginx2.bnsdq.ozxfs.laefh.kvugl,2.6452257559983274
1759263550,340,1,103,103,103,103,109,109,109,109,250839040,250839040,236257280,N/A,135168,243109888,1,dbus-daemon,S (sleeping),nginx2.bnsdq.ozxfs.laefh.kvugl,0.2952028117649015
1759263550,89155,1,N/A,N/A,N/A,N/A,N/A,N/A,N/A,N/A,1534545920,1534545920,232624128,N/A,135168,273842176,4,discern-file-so,R (running),nginx2.bnsdq.ozxfs.laefh.kvugl,71.13841262050629
1759263550,3275,1,N/A,N/A,N/A,N/A,N/A,N/A,N/A,N/A,1931149312,1931149312,53477376,N/A,135168,187768832,14,discern-network,S (sleeping),nginx2.bnsdq.ozxfs.laefh.kvugl,2.2289941811526357
1759263550,183,1,N/A,N/A,N/A,N/A,N/A,N/A,N/A,N/A,150335488,100007936,44761088,4096,135168,28184576,1,systemd-journal,S (sleeping),nginx2.bnsdq.ozxfs.laefh.kvugl,0.19655204034090207
1759263550,80899,1,N/A,N/A,N/A,N/A,N/A,N/A,N/A,N/A,1647706112,1580597248,20467712,N/A,135168,82202624,5,discern-interfa,S (sleeping),nginx2.bnsdq.ozxfs.laefh.kvugl,0.003055279006174725
1759263555,340,1,103,103,103,103,109,109,109,109,250839040,250839040,236257280,N/A,135168,243109888,1,dbus-daemon,S (sleeping),nginx2.bnsdq.ozxfs.laefh.kvugl,0.2951164300319502
1759263555,3275,1,N/A,N/A,N/A,N/A,N/A,N/A,N/A,N/A,1931149312,1931149312,53477376,N/A,135168,187768832,14,discern-network,S (sleeping),nginx2.bnsdq.ozxfs.laefh.kvugl,2.228560861385048
1759263555,183,1,N/A,N/A,N/A,N/A,N/A,N/A,N/A,N/A,150335488,100007936,44761088,4096,135168,28184576,1,systemd-journal,S (sleeping),nginx2.bnsdq.ozxfs.laefh.kvugl,0.19671218588127107
1759263555,82346,1,N/A,N/A,N/A,N/A,N/A,N/A,N/A,N/A,1264619520,1264619520,17149952,N/A,135168,45826048,4,discern-proc-so,R (running),nginx2.bnsdq.ozxfs.laefh.kvugl,2.6440250842260133
1759263555,80899,1,N/A,N/A,N/A,N/A,N/A,N/A,N/A,N/A,1647706112,1580597248,20467712,N/A,135168,82202624,5,discern-interfa,S (sleeping),nginx2.bnsdq.ozxfs.laefh.kvugl,0.003031292218417195
1759263560,340,1,103,103,103,103,109,109,109,109,250839040,250839040,236257280,N/A,135168,243109888,1,dbus-daemon,S (sleeping),nginx2.bnsdq.ozxfs.laefh.kvugl,0.2951937053044034
1759263560,3275,1,N/A,N/A,N/A,N/A,N/A,N/A,N/A,N/A,1931149312,1931149312,53477376,N/A,135168,187768832,14,discern-network,S (sleeping),nginx2.bnsdq.ozxfs.laefh.kvugl,2.228301985082534
1759263560,183,1,N/A,N/A,N/A,N/A,N/A,N/A,N/A,N/A,150335488,100007936,44761088,4096,135168,28184576,1,systemd-journal,S (sleeping),nginx2.bnsdq.ozxfs.laefh.kvugl,0.19687237030862342
1759263560,82346,1,N/A,N/A,N/A,N/A,N/A,N/A,N/A,N/A,1264619520,1264619520,17149952,N/A,135168,45826048,4,discern-proc-so,S (sleeping),nginx2.bnsdq.ozxfs.laefh.kvugl,2.6446187549544073
1759263560,80899,1,N/A,N/A,N/A,N/A,N/A,N/A,N/A,N/A,1647706112,1580597248,20467712,N/A,135168,82202624,5,discern-interfa,S (sleeping),nginx2.bnsdq.ozxfs.laefh.kvugl,0.003007721470607695
1759263566,340,1,103,103,103,103,109,109,109,109,250839040,250839040,236257280,N/A,135168,243109888,1,dbus-daemon,S (sleeping),nginx2.bnsdq.ozxfs.laefh.kvugl,0.2951079827974766
1759263566,3275,1,N/A,N/A,N/A,N/A,N/A,N/A,N/A,N/A,1931149312,1931149312,53477376,N/A,135168,187768832,14,discern-network,S (sleeping),nginx2.bnsdq.ozxfs.laefh.kvugl,2.2283832353361226
1759263566,183,1,N/A,N/A,N/A,N/A,N/A,N/A,N/A,N/A,150335488,100007936,44761088,4096,135168,28184576,1,systemd-journal,S (sleeping),nginx2.bnsdq.ozxfs.laefh.kvugl,0.19703228539402737
1759263566,82346,1,N/A,N/A,N/A,N/A,N/A,N/A,N/A,N/A,1264619520,1264619520,17149952,N/A,135168,45826048,4,discern-proc-so,S (sleeping),nginx2.bnsdq.ozxfs.laefh.kvugl,2.646990045826518
1759263566,80899,1,N/A,N/A,N/A,N/A,N/A,N/A,N/A,N/A,1647706112,1580597248,20467712,N/A,135168,82202624,5,discern-interfa,S (sleeping),nginx2.bnsdq.ozxfs.laefh.kvugl,0.002984514293759465
1759263571,340,1,103,103,103,103,109,109,109,109,250839040,250839040,236257280,N/A,135168,243109888,1,dbus-daemon,S (sleeping),nginx2.bnsdq.ozxfs.laefh.kvugl,0.2950229921600591
1759263571,3275,1,N/A,N/A,N/A,N/A,N/A,N/A,N/A,N/A,1931149312,1931149312,53477376,N/A,135168,187768832,14,discern-network,S (sleeping),nginx2.bnsdq.ozxfs.laefh.kvugl,2.2284689381948475
1759263571,183,1,N/A,N/A,N/A,N/A,N/A,N/A,N/A,N/A,150335488,100007936,44761088,4096,135168,28184576,1,systemd-journal,S (sleeping),nginx2.bnsdq.ozxfs.laefh.kvugl,0.1970296216533356
1759263571,82346,1,N/A,N/A,N/A,N/A,N/A,N/A,N/A,N/A,1264619520,1264619520,17149952,N/A,135168,45826048,4,discern-proc-so,R (running),nginx2.bnsdq.ozxfs.laefh.kvugl,2.649374963609066
1759263571,80899,1,N/A,N/A,N/A,N/A,N/A,N/A,N/A,N/A,1647706112,1580597248,20467712,N/A,135168,82202624,5,discern-interfa,S (sleeping),nginx2.bnsdq.ozxfs.laefh.kvugl,0.002961716274423591
1759263576,340,1,103,103,103,103,109,109,109,109,250839040,250839040,236257280,N/A,135168,243109888,1,dbus-daemon,S (sleeping),nginx2.bnsdq.ozxfs.laefh.kvugl,0.2952637459695717
1759263576,3275,1,N/A,N/A,N/A,N/A,N/A,N/A,N/A,N/A,1931149312,1931149312,53477376,N/A,135168,187768832,14,discern-network,S (sleeping),nginx2.bnsdq.ozxfs.laefh.kvugl,2.2285578098044647
1759263576,183,1,N/A,N/A,N/A,N/A,N/A,N/A,N/A,N/A,150335488,100007936,44761088,4096,135168,28184576,1,systemd-journal,S (sleeping),nginx2.bnsdq.ozxfs.laefh.kvugl,0.19735236972968673
1759263576,82346,1,N/A,N/A,N/A,N/A,N/A,N/A,N/A,N/A,1264619520,1264619520,17149952,N/A,135168,45826048,4,discern-proc-so,S (sleeping),nginx2.bnsdq.ozxfs.laefh.kvugl,2.648244338797677
1759263576,80899,1,N/A,N/A,N/A,N/A,N/A,N/A,N/A,N/A,1647706112,1580597248,20467712,N/A,135168,82202624,5,discern-interfa,S (sleeping),nginx2.bnsdq.ozxfs.laefh.kvugl,0.002939300585025507
1759263581,340,1,103,103,103,103,109,109,109,109,250839040,250839040,236257280,N/A,135168,243109888,1,dbus-daemon,S (sleeping),nginx2.bnsdq.ozxfs.laefh.kvugl,0.2951793024100559
1759263581,3275,1,N/A,N/A,N/A,N/A,N/A,N/A,N/A,N/A,1931149312,1931149312,53477376,N/A,135168,187768832,14,discern-network,S (sleeping),nginx2.bnsdq.ozxfs.laefh.kvugl,2.228478033907649
1759263581,183,1,N/A,N/A,N/A,N/A,N/A,N/A,N/A,N/A,150335488,100007936,44761088,4096,135168,28184576,1,systemd-journal,S (sleeping),nginx2.bnsdq.ozxfs.laefh.kvugl,0.19734980055937854
1759263581,82346,1,N/A,N/A,N/A,N/A,N/A,N/A,N/A,N/A,1264619520,1264619520,17149952,N/A,135168,45826048,4,discern-proc-so,R (running),nginx2.bnsdq.ozxfs.laefh.kvugl,2.6471466882479104
1759263581,80899,1,N/A,N/A,N/A,N/A,N/A,N/A,N/A,N/A,1647706112,1580597248,20467712,N/A,135168,82202624,5,discern-interfa,S (sleeping),nginx2.bnsdq.ozxfs.laefh.kvugl,0.0029172336089466544
1759263586,340,1,103,103,103,103,109,109,109,109,250839040,250839040,236257280,N/A,135168,243109888,1,dbus-daemon,S (sleeping),nginx2.bnsdq.ozxfs.laefh.kvugl,0.29525614110455883
1759263586,3275,1,N/A,N/A,N/A,N/A,N/A,N/A,N/A,N/A,1931149312,1931149312,53477376,N/A,135168,187768832,14,discern-network,S (sleeping),nginx2.bnsdq.ozxfs.laefh.kvugl,2.2285583509165043
1759263586,183,1,N/A,N/A,N/A,N/A,N/A,N/A,N/A,N/A,150335488,100007936,44761088,4096,135168,28184576,1,systemd-journal,S (sleeping),nginx2.bnsdq.ozxfs.laefh.kvugl,0.19783331904978285
1759263586,82346,1,N/A,N/A,N/A,N/A,N/A,N/A,N/A,N/A,1264619520,1264619520,17149952,N/A,135168,45826048,4,discern-proc-so,S (sleeping),nginx2.bnsdq.ozxfs.laefh.kvugl,2.64423004166946
1759263586,80899,1,N/A,N/A,N/A,N/A,N/A,N/A,N/A,N/A,1647706112,1580597248,20467712,N/A,135168,82202624,5,discern-interfa,S (sleeping),nginx2.bnsdq.ozxfs.laefh.kvugl,0.002895390567169813
1759263591,340,1,103,103,103,103,109,109,109,109,250839040,250839040,236257280,N/A,135168,243109888,1,dbus-daemon,S (sleeping),nginx2.bnsdq.ozxfs.laefh.kvugl,0.29517040645389614
1759263591,3275,1,N/A,N/A,N/A,N/A,N/A,N/A,N/A,N/A,1931149312,1931149312,53477376,N/A,135168,187768832,14,discern-network,S (sleeping),nginx2.bnsdq.ozxfs.laefh.kvugl,2.228467404030071
1759263591,183,1,N/A,N/A,N/A,N/A,N/A,N/A,N/A,N/A,150335488,100007936,44761088,4096,135168,28184576,1,systemd-journal,S (sleeping),nginx2.bnsdq.ozxfs.laefh.kvugl,0.19782939010998346
1759263591,82346,1,N/A,N/A,N/A,N/A,N/A,N/A,N/A,N/A,1264619520,1264619520,17149952,N/A,135168,45826048,4,discern-proc-so,S (sleeping),nginx2.bnsdq.ozxfs.laefh.kvugl,2.643050803839913
1759263591,80899,1,N/A,N/A,N/A,N/A,N/A,N/A,N/A,N/A,1647706112,1580597248,20467712,N/A,135168,82202624,5,discern-interfa,S (sleeping),nginx2.bnsdq.ozxfs.laefh.kvugl,0.002873851408399977
1759263597,340,1,103,103,103,103,109,109,109,109,250839040,250839040,236257280,N/A,135168,243109888,1,dbus-daemon,S (sleeping),nginx2.bnsdq.ozxfs.laefh.kvugl,0.2952488306984546
1759263597,3275,1,N/A,N/A,N/A,N/A,N/A,N/A,N/A,N/A,1931149312,1931149312,53477376,N/A,135168,187768832,14,discern-network,S (sleeping),nginx2.bnsdq.ozxfs.laefh.kvugl,2.228392103749034
1759263597,183,1,N/A,N/A,N/A,N/A,N/A,N/A,N/A,N/A,150335488,100007936,44761088,4096,135168,28184576,1,systemd-journal,S (sleeping),nginx2.bnsdq.ozxfs.laefh.kvugl,0.1979888054823488
1759263597,82346,1,N/A,N/A,N/A,N/A,N/A,N/A,N/A,N/A,1264619520,1264619520,17149952,N/A,135168,45826048,4,discern-proc-so,R (running),nginx2.bnsdq.ozxfs.laefh.kvugl,2.638686872003026
1759263597,80899,1,N/A,N/A,N/A,N/A,N/A,N/A,N/A,N/A,1647706112,1580597248,20467712,N/A,135168,82202624,5,discern-interfa,S (sleeping),nginx2.bnsdq.ozxfs.laefh.kvugl,0.002852797099037982
1759263602,340,1,103,103,103,103,109,109,109,109,250839040,250839040,236257280,N/A,135168,243109888,1,dbus-daemon,S (sleeping),nginx2.bnsdq.ozxfs.laefh.kvugl,0.29516333705336284
1759263602,3275,1,N/A,N/A,N/A,N/A,N/A,N/A,N/A,N/A,1931149312,1931149312,53477376,N/A,135168,187768832,14,discern-network,S (sleeping),nginx2.bnsdq.ozxfs.laefh.kvugl,2.22847096299672
1759263602,183,1,N/A,N/A,N/A,N/A,N/A,N/A,N/A,N/A,150335488,100007936,44761088,4096,135168,28184576,1,systemd-journal,S (sleeping),nginx2.bnsdq.ozxfs.laefh.kvugl,0.19798481121300615
1759263602,82346,1,N/A,N/A,N/A,N/A,N/A,N/A,N/A,N/A,1264619520,1264619520,17149952,N/A,135168,45826048,4,discern-proc-so,S (sleeping),nginx2.bnsdq.ozxfs.laefh.kvugl,2.642624281450062
1759263602,80899,1,N/A,N/A,N/A,N/A,N/A,N/A,N/A,N/A,1647706112,1580597248,20467712,N/A,135168,82202624,5,discern-interfa,S (sleeping),nginx2.bnsdq.ozxfs.laefh.kvugl,0.002831891202793648
1759263607,340,1,103,103,103,103,109,109,109,109,250839040,250839040,236257280,N/A,135168,243109888,1,dbus-daemon,S (sleeping),nginx2.bnsdq.ozxfs.laefh.kvugl,0.29507913762200944
1759263607,3275,1,N/A,N/A,N/A,N/A,N/A,N/A,N/A,N/A,1931149312,1931149312,53477376,N/A,135168,187768832,14,discern-network,S (sleeping),nginx2.bnsdq.ozxfs.laefh.kvugl,2.228221446849917
1759263607,183,1,N/A,N/A,N/A,N/A,N/A,N/A,N/A,N/A,150335488,100007936,44761088,4096,135168,28184576,1,systemd-journal,S (sleeping),nginx2.bnsdq.ozxfs.laefh.kvugl,0.19814334642417458
1759263607,82346,1,N/A,N/A,N/A,N/A,N/A,N/A,N/A,N/A,1264619520,1264619520,17149952,N/A,135168,45826048,4,discern-proc-so,S (sleeping),nginx2.bnsdq.ozxfs.laefh.kvugl,2.641603494139813
1759263607,80899,1,N/A,N/A,N/A,N/A,N/A,N/A,N/A,N/A,1647706112,1580597248,20467712,N/A,135168,82202624,5,discern-interfa,S (sleeping),nginx2.bnsdq.ozxfs.laefh.kvugl,0.0028113854767342888
1759263612,340,1,103,103,103,103,109,109,109,109,250839040,250839040,236257280,N/A,135168,243109888,1,dbus-daemon,S (sleeping),nginx2.bnsdq.ozxfs.laefh.kvugl,0.29499343621609414
1759263612,3275,1,N/A,N/A,N/A,N/A,N/A,N/A,N/A,N/A,1931149312,1931149312,53477376,N/A,135168,187768832,14,discern-network,S (sleeping),nginx2.bnsdq.ozxfs.laefh.kvugl,2.228464937965114
1759263612,183,1,N/A,N/A,N/A,N/A,N/A,N/A,N/A,N/A,150335488,100007936,44761088,4096,135168,28184576,1,systemd-journal,S (sleeping),nginx2.bnsdq.ozxfs.laefh.kvugl,0.19830051256870648
1759263612,82346,1,N/A,N/A,N/A,N/A,N/A,N/A,N/A,N/A,1264619520,1264619520,17149952,N/A,135168,45826048,4,discern-proc-so,S (sleeping),nginx2.bnsdq.ozxfs.laefh.kvugl,2.6454036050543626
1759263612,80899,1,N/A,N/A,N/A,N/A,N/A,N/A,N/A,N/A,1647706112,1580597248,20467712,N/A,135168,82202624,5,discern-interfa,S (sleeping),nginx2.bnsdq.ozxfs.laefh.kvugl,0.0027910399649609947
1759263617,340,1,103,103,103,103,109,109,109,109,250839040,250839040,236257280,N/A,135168,243109888,1,dbus-daemon,S (sleeping),nginx2.bnsdq.ozxfs.laefh.kvugl,0.2950704666256234
1759263617,3275,1,N/A,N/A,N/A,N/A,N/A,N/A,N/A,N/A,1931149312,1931149312,53477376,N/A,135168,187768832,14,discern-network,S (sleeping),nginx2.bnsdq.ozxfs.laefh.kvugl,2.228211465011643
1759263617,183,1,N/A,N/A,N/A,N/A,N/A,N/A,N/A,N/A,150335488,100007936,44761088,4096,135168,28184576,1,systemd-journal,S (sleeping),nginx2.bnsdq.ozxfs.laefh.kvugl,0.1984581445244026
1759263617,82346,1,N/A,N/A,N/A,N/A,N/A,N/A,N/A,N/A,1264619520,1264619520,17149952,N/A,135168,45826048,4,discern-proc-so,R (running),nginx2.bnsdq.ozxfs.laefh.kvugl,2.6443254312730584
1759263617,80899,1,N/A,N/A,N/A,N/A,N/A,N/A,N/A,N/A,1647706112,1580597248,20467712,N/A,135168,82202624,5,discern-interfa,S (sleeping),nginx2.bnsdq.ozxfs.laefh.kvugl,0.0027710736089951934
1759263629,340,1,103,103,103,103,109,109,109,109,250839040,250839040,236257280,N/A,135168,243109888,1,dbus-daemon,S (sleeping),nginx2.bnsdq.ozxfs.laefh.kvugl,0.2951684099778611
1759263629,3275,1,N/A,N/A,N/A,N/A,N/A,N/A,N/A,N/A,1931149312,1931149312,53477376,N/A,135168,187768832,14,discern-network,S (sleeping),nginx2.bnsdq.ozxfs.laefh.kvugl,2.2279396294666
1759263629,183,1,N/A,N/A,N/A,N/A,N/A,N/A,N/A,N/A,150335488,100007936,44761088,4096,135168,28184576,1,systemd-journal,S (sleeping),nginx2.bnsdq.ozxfs.laefh.kvugl,0.1988962851049906
1759263629,90376,1,N/A,N/A,N/A,N/A,N/A,N/A,N/A,N/A,1264357376,1264357376,16805888,N/A,135168,45563904,4,discern-proc-so,S (sleeping),nginx2.bnsdq.ozxfs.laefh.kvugl,8.88064791314789
1759263629,80899,1,N/A,N/A,N/A,N/A,N/A,N/A,N/A,N/A,1647706112,1580597248,20467712,N/A,135168,82202624,5,discern-interfa,S (sleeping),nginx2.bnsdq.ozxfs.laefh.kvugl,0.0027276245596393753
1759263634,340,1,103,103,103,103,109,109,109,109,250839040,250839040,236257280,N/A,135168,243109888,1,dbus-daemon,S (sleeping),nginx2.bnsdq.ozxfs.laefh.kvugl,0.29508494475428837
1759263634,3275,1,N/A,N/A,N/A,N/A,N/A,N/A,N/A,N/A,1931149312,1931149312,53477376,N/A,135168,187768832,14,discern-network,S (sleeping),nginx2.bnsdq.ozxfs.laefh.kvugl,2.227862488447629
1759263634,183,1,N/A,N/A,N/A,N/A,N/A,N/A,N/A,N/A,150335488,100007936,44761088,4096,135168,28184576,1,systemd-journal,S (sleeping),nginx2.bnsdq.ozxfs.laefh.kvugl,0.19905362237212582
1759263634,90376,1,N/A,N/A,N/A,N/A,N/A,N/A,N/A,N/A,1264619520,1264619520,16945152,N/A,135168,45826048,4,discern-proc-so,S (sleeping),nginx2.bnsdq.ozxfs.laefh.kvugl,3.760453279823855
1759263634,80899,1,N/A,N/A,N/A,N/A,N/A,N/A,N/A,N/A,1647706112,1580597248,20467712,N/A,135168,82202624,5,discern-interfa,S (sleeping),nginx2.bnsdq.ozxfs.laefh.kvugl,0.002708623922429328
1759263639,340,1,103,103,103,103,109,109,109,109,250839040,250839040,236257280,N/A,135168,243109888,1,dbus-daemon,S (sleeping),nginx2.bnsdq.ozxfs.laefh.kvugl,0.2951610320535058
1759263639,3275,1,N/A,N/A,N/A,N/A,N/A,N/A,N/A,N/A,1931149312,1931149312,53477376,N/A,135168,187768832,14,discern-network,S (sleeping),nginx2.bnsdq.ozxfs.laefh.kvugl,2.2276058011888287
1759263639,183,1,N/A,N/A,N/A,N/A,N/A,N/A,N/A,N/A,150335488,100007936,44761088,4096,135168,28184576,1,systemd-journal,S (sleeping),nginx2.bnsdq.ozxfs.laefh.kvugl,0.1990487612876144
1759263639,90376,1,N/A,N/A,N/A,N/A,N/A,N/A,N/A,N/A,1264619520,1264619520,17137664,N/A,135168,45826048,4,discern-proc-so,S (sleeping),nginx2.bnsdq.ozxfs.laefh.kvugl,3.37434614814492
1759263639,80899,1,N/A,N/A,N/A,N/A,N/A,N/A,N/A,N/A,1647706112,1580597248,20467712,N/A,135168,82202624,5,discern-interfa,S (sleeping),nginx2.bnsdq.ozxfs.laefh.kvugl,0.0026897703499895896
1759263644,340,1,103,103,103,103,109,109,109,109,250839040,250839040,236257280,N/A,135168,243109888,1,dbus-daemon,S (sleeping),nginx2.bnsdq.ozxfs.laefh.kvugl,0.29507945665083074
1759263644,3275,1,N/A,N/A,N/A,N/A,N/A,N/A,N/A,N/A,1931149312,1931149312,53477376,N/A,135168,187768832,14,discern-network,S (sleeping),nginx2.bnsdq.ozxfs.laefh.kvugl,2.22754283068939
1759263644,183,1,N/A,N/A,N/A,N/A,N/A,N/A,N/A,N/A,150335488,100007936,44761088,4096,135168,28184576,1,systemd-journal,S (sleeping),nginx2.bnsdq.ozxfs.laefh.kvugl,0.19920689349028828
1759263644,90376,1,N/A,N/A,N/A,N/A,N/A,N/A,N/A,N/A,1264619520,1264619520,17137664,N/A,135168,45826048,4,discern-proc-so,R (running),nginx2.bnsdq.ozxfs.laefh.kvugl,2.820375971685501
1759263644,80899,1,N/A,N/A,N/A,N/A,N/A,N/A,N/A,N/A,1647706112,1580597248,20467712,N/A,135168,82202624,5,discern-interfa,S (sleeping),nginx2.bnsdq.ozxfs.laefh.kvugl,0.0026714234175655564
1759263649,340,1,103,103,103,103,109,109,109,109,250839040,250839040,236257280,N/A,135168,243109888,1,dbus-daemon,S (sleeping),nginx2.bnsdq.ozxfs.laefh.kvugl,0.2949947912872549
1759263649,3275,1,N/A,N/A,N/A,N/A,N/A,N/A,N/A,N/A,1931149312,1931149312,53477376,N/A,135168,187768832,14,discern-network,S (sleeping),nginx2.bnsdq.ozxfs.laefh.kvugl,2.227287178130815
1759263649,183,1,N/A,N/A,N/A,N/A,N/A,N/A,N/A,N/A,150335488,100007936,44761088,4096,135168,28184576,1,systemd-journal,S (sleeping),nginx2.bnsdq.ozxfs.laefh.kvugl,0.1993625889375807
1759263649,90376,1,N/A,N/A,N/A,N/A,N/A,N/A,N/A,N/A,1264619520,1264619520,17211392,N/A,135168,45826048,4,discern-proc-so,S (sleeping),nginx2.bnsdq.ozxfs.laefh.kvugl,2.793167442012493
1759263649,80899,1,N/A,N/A,N/A,N/A,N/A,N/A,N/A,N/A,1647706112,1580597248,20467712,N/A,135168,82202624,5,discern-interfa,S (sleeping),nginx2.bnsdq.ozxfs.laefh.kvugl,0.0026530860340947863
1759263654,340,1,103,103,103,103,109,109,109,109,250839040,250839040,236257280,N/A,135168,243109888,1,dbus-daemon,S (sleeping),nginx2.bnsdq.ozxfs.laefh.kvugl,0.2950719362059457
1759263654,3275,1,N/A,N/A,N/A,N/A,N/A,N/A,N/A,N/A,1931149312,1931149312,53477376,N/A,135168,187768832,14,discern-network,S (sleeping),nginx2.bnsdq.ozxfs.laefh.kvugl,2.227375458376406
1759263654,183,1,N/A,N/A,N/A,N/A,N/A,N/A,N/A,N/A,150335488,100007936,44761088,4096,135168,28184576,1,systemd-journal,S (sleeping),nginx2.bnsdq.ozxfs.laefh.kvugl,0.19951878422308617
1759263654,90376,1,N/A,N/A,N/A,N/A,N/A,N/A,N/A,N/A,1264619520,1264619520,17211392,N/A,135168,45826048,4,discern-proc-so,S (sleeping),nginx2.bnsdq.ozxfs.laefh.kvugl,2.778811028022436
1759263655,80899,1,N/A,N/A,N/A,N/A,N/A,N/A,N/A,N/A,1647706112,1580597248,20467712,N/A,135168,82202624,5,discern-interfa,S (sleeping),nginx2.bnsdq.ozxfs.laefh.kvugl,0.0026350806417442013
1759263660,340,1,103,103,103,103,109,109,109,109,250839040,250839040,236257280,N/A,135168,243109888,1,dbus-daemon,S (sleeping),nginx2.bnsdq.ozxfs.laefh.kvugl,0.29531018972247264
1759263660,3275,1,N/A,N/A,N/A,N/A,N/A,N/A,N/A,N/A,1931149312,1931149312,53477376,N/A,135168,187768832,14,discern-network,S (sleeping),nginx2.bnsdq.ozxfs.laefh.kvugl,2.227302926275473
1759263660,183,1,N/A,N/A,N/A,N/A,N/A,N/A,N/A,N/A,150335488,100007936,44761088,4096,135168,28184576,1,systemd-journal,S (sleeping),nginx2.bnsdq.ozxfs.laefh.kvugl,0.1998356701602174
1759263660,90376,1,N/A,N/A,N/A,N/A,N/A,N/A,N/A,N/A,1264619520,1264619520,17211392,N/A,135168,45826048,4,discern-proc-so,S (sleeping),nginx2.bnsdq.ozxfs.laefh.kvugl,2.6460619184838854
1759263660,80899,1,N/A,N/A,N/A,N/A,N/A,N/A,N/A,N/A,1647706112,1580597248,20467712,N/A,135168,82202624,5,discern-interfa,S (sleeping),nginx2.bnsdq.ozxfs.laefh.kvugl,0.002617378571533293
1759263665,340,1,103,103,103,103,109,109,109,109,250839040,250839040,236257280,N/A,135168,243109888,1,dbus-daemon,S (sleeping),nginx2.bnsdq.ozxfs.laefh.kvugl,0.2950664344677491
1759263665,3275,1,N/A,N/A,N/A,N/A,N/A,N/A,N/A,N/A,1931149312,1931149312,53477376,N/A,135168,187768832,14,discern-network,S (sleeping),nginx2.bnsdq.ozxfs.laefh.kvugl,2.227224325889675
1759263665,183,1,N/A,N/A,N/A,N/A,N/A,N/A,N/A,N/A,150335488,100007936,44761088,4096,135168,28184576,1,systemd-journal,S (sleeping),nginx2.bnsdq.ozxfs.laefh.kvugl,0.19999124834396775
1759263665,90376,1,N/A,N/A,N/A,N/A,N/A,N/A,N/A,N/A,1264619520,1264619520,17211392,N/A,135168,45826048,4,discern-proc-so,S (sleeping),nginx2.bnsdq.ozxfs.laefh.kvugl,2.6292379211565104
1759263665,80899,1,N/A,N/A,N/A,N/A,N/A,N/A,N/A,N/A,1647706112,1580597248,20467712,N/A,135168,82202624,5,discern-interfa,S (sleeping),nginx2.bnsdq.ozxfs.laefh.kvugl,0.002599856419829926
1759263670,340,1,103,103,103,103,109,109,109,109,250839040,250839040,236257280,N/A,135168,243109888,1,dbus-daemon,S (sleeping),nginx2.bnsdq.ozxfs.laefh.kvugl,0.29514304224663507
1759263670,3275,1,N/A,N/A,N/A,N/A,N/A,N/A,N/A,N/A,1931149312,1931149312,53477376,N/A,135168,187768832,14,discern-network,S (sleeping),nginx2.bnsdq.ozxfs.laefh.kvugl,2.2273101721543003
1759263670,183,1,N/A,N/A,N/A,N/A,N/A,N/A,N/A,N/A,150335488,100007936,44761088,4096,135168,28184576,1,systemd-journal,S (sleeping),nginx2.bnsdq.ozxfs.laefh.kvugl,0.20014634821844507
1759263670,90376,1,N/A,N/A,N/A,N/A,N/A,N/A,N/A,N/A,1264619520,1264619520,17211392,N/A,135168,45826048,4,discern-proc-so,S (sleeping),nginx2.bnsdq.ozxfs.laefh.kvugl,2.616070098753892
1759263670,80899,1,N/A,N/A,N/A,N/A,N/A,N/A,N/A,N/A,1647706112,1580597248,20467712,N/A,135168,82202624,5,discern-interfa,S (sleeping),nginx2.bnsdq.ozxfs.laefh.kvugl,0.002582544064593655
1759263675,340,1,103,103,103,103,109,109,109,109,250839040,250839040,236257280,N/A,135168,243109888,1,dbus-daemon,S (sleeping),nginx2.bnsdq.ozxfs.laefh.kvugl,0.29521844809142506
1759263675,3275,1,N/A,N/A,N/A,N/A,N/A,N/A,N/A,N/A,1931149312,1931149312,53477376,N/A,135168,187768832,14,discern-network,S (sleeping),nginx2.bnsdq.ozxfs.laefh.kvugl,2.2272206767837464
1759263675,183,1,N/A,N/A,N/A,N/A,N/A,N/A,N/A,N/A,150335488,100007936,44761088,4096,135168,28184576,1,systemd-journal,S (sleeping),nginx2.bnsdq.ozxfs.laefh.kvugl,0.20030045877101596
1759263675,90376,1,N/A,N/A,N/A,N/A,N/A,N/A,N/A,N/A,1264619520,1264619520,17231872,N/A,135168,45826048,4,discern-proc-so,R (running),nginx2.bnsdq.ozxfs.laefh.kvugl,2.646510923156065
1759263675,80899,1,N/A,N/A,N/A,N/A,N/A,N/A,N/A,N/A,1647706112,1580597248,20467712,N/A,135168,82202624,5,discern-interfa,S (sleeping),nginx2.bnsdq.ozxfs.laefh.kvugl,0.002565385376587777
1759263680,340,1,103,103,103,103,109,109,109,109,250839040,250839040,236257280,N/A,135168,243109888,1,dbus-daemon,S (sleeping),nginx2.bnsdq.ozxfs.laefh.kvugl,0.2949751790161076
1759263680,3275,1,N/A,N/A,N/A,N/A,N/A,N/A,N/A,N/A,1931149312,1931149312,53477376,N/A,135168,187768832,14,discern-network,S (sleeping),nginx2.bnsdq.ozxfs.laefh.kvugl,2.2273074098116323
1759263680,183,1,N/A,N/A,N/A,N/A,N/A,N/A,N/A,N/A,150335488,100007936,44761088,4096,135168,28184576,1,systemd-journal,S (sleeping),nginx2.bnsdq.ozxfs.laefh.kvugl,0.20045513953972965
1759263680,90376,1,N/A,N/A,N/A,N/A,N/A,N/A,N/A,N/A,1264619520,1264619520,17231872,N/A,135168,45826048,4,discern-proc-so,R (running),nginx2.bnsdq.ozxfs.laefh.kvugl,2.6343783619538064
1759263680,80899,1,N/A,N/A,N/A,N/A,N/A,N/A,N/A,N/A,1647706112,1580597248,20467712,N/A,135168,82202624,5,discern-interfa,S (sleeping),nginx2.bnsdq.ozxfs.laefh.kvugl,0.0025485369915287234
1759263685,340,1,103,103,103,103,109,109,109,109,250839040,250839040,236257280,N/A,135168,243109888,1,dbus-daemon,S (sleeping),nginx2.bnsdq.ozxfs.laefh.kvugl,0.2950510935687737
1759263685,3275,1,N/A,N/A,N/A,N/A,N/A,N/A,N/A,N/A,1931149312,1931149312,53477376,N/A,135168,187768832,14,discern-network,S (sleeping),nginx2.bnsdq.ozxfs.laefh.kvugl,2.2273884147971494
1759263685,183,1,N/A,N/A,N/A,N/A,N/A,N/A,N/A,N/A,150335488,100007936,44761088,4096,135168,28184576,1,systemd-journal,S (sleeping),nginx2.bnsdq.ozxfs.laefh.kvugl,0.2006090804821435
1759263685,90376,1,N/A,N/A,N/A,N/A,N/A,N/A,N/A,N/A,1264619520,1264619520,17231872,N/A,135168,45826048,4,discern-proc-so,S (sleeping),nginx2.bnsdq.ozxfs.laefh.kvugl,2.6582413148007102
1759263685,80899,1,N/A,N/A,N/A,N/A,N/A,N/A,N/A,N/A,1647706112,1580597248,20467712,N/A,135168,82202624,5,discern-interfa,S (sleeping),nginx2.bnsdq.ozxfs.laefh.kvugl,0.0025318598597905556
1759263691,340,1,103,103,103,103,109,109,109,109,250839040,250839040,236257280,N/A,135168,243109888,1,dbus-daemon,S (sleeping),nginx2.bnsdq.ozxfs.laefh.kvugl,0.29496788357086695
1759263691,3275,1,N/A,N/A,N/A,N/A,N/A,N/A,N/A,N/A,1931149312,1931149312,53477376,N/A,135168,187768832,14,discern-network,S (sleeping),nginx2.bnsdq.ozxfs.laefh.kvugl,2.227307805486615
1759263691,183,1,N/A,N/A,N/A,N/A,N/A,N/A,N/A,N/A,150335488,100007936,44761088,4096,135168,28184576,1,systemd-journal,S (sleeping),nginx2.bnsdq.ozxfs.laefh.kvugl,0.2007631845795473
1759263691,90376,1,N/A,N/A,N/A,N/A,N/A,N/A,N/A,N/A,1264619520,1264619520,17240064,N/A,135168,45826048,4,discern-proc-so,R (running),nginx2.bnsdq.ozxfs.laefh.kvugl,2.64704627977009
1759263691,80899,1,N/A,N/A,N/A,N/A,N/A,N/A,N/A,N/A,1647706112,1580597248,20467712,N/A,135168,82202624,5,discern-interfa,S (sleeping),nginx2.bnsdq.ozxfs.laefh.kvugl,0.002515440732710459
1759263696,340,1,103,103,103,103,109,109,109,109,250839040,250839040,236257280,N/A,135168,243109888,1,dbus-daemon,S (sleeping),nginx2.bnsdq.ozxfs.laefh.kvugl,0.29504347614060095
1759263696,3275,1,N/A,N/A,N/A,N/A,N/A,N/A,N/A,N/A,1931149312,1931149312,53477376,N/A,135168,187768832,14,discern-network,S (sleeping),nginx2.bnsdq.ozxfs.laefh.kvugl,2.2273870766659702
1759263696,183,1,N/A,N/A,N/A,N/A,N/A,N/A,N/A,N/A,150335488,100007936,44761088,4096,135168,28184576,1,systemd-journal,S (sleeping),nginx2.bnsdq.ozxfs.laefh.kvugl,0.20075702320292088
1759263696,90376,1,N/A,N/A,N/A,N/A,N/A,N/A,N/A,N/A,1264619520,1264619520,17240064,N/A,135168,45826048,4,discern-proc-so,R (running),nginx2.bnsdq.ozxfs.laefh.kvugl,2.6808222875373797
1759263696,80899,1,N/A,N/A,N/A,N/A,N/A,N/A,N/A,N/A,1647706112,1580597248,20467712,N/A,135168,82202624,5,discern-interfa,S (sleeping),nginx2.bnsdq.ozxfs.laefh.kvugl,0.0024991792337264057
1759263701,340,1,103,103,103,103,109,109,109,109,250839040,250839040,236257280,N/A,135168,243109888,1,dbus-daemon,S (sleeping),nginx2.bnsdq.ozxfs.laefh.kvugl,0.2949604992382623
1759263701,3275,1,N/A,N/A,N/A,N/A,N/A,N/A,N/A,N/A,1931149312,1931149312,53477376,N/A,135168,187768832,14,discern-network,S (sleeping),nginx2.bnsdq.ozxfs.laefh.kvugl,2.2273073198318074
1759263701,183,1,N/A,N/A,N/A,N/A,N/A,N/A,N/A,N/A,150335488,100007936,44761088,4096,135168,28184576,1,systemd-journal,S (sleeping),nginx2.bnsdq.ozxfs.laefh.kvugl,0.20091081436301633
1759263701,90376,1,N/A,N/A,N/A,N/A,N/A,N/A,N/A,N/A,1264619520,1264619520,17240064,N/A,135168,45826048,4,discern-proc-so,S (sleeping),nginx2.bnsdq.ozxfs.laefh.kvugl,2.6696871525271497
1759263701,80899,1,N/A,N/A,N/A,N/A,N/A,N/A,N/A,N/A,1647706112,1580597248,20467712,N/A,135168,82202624,5,discern-interfa,S (sleeping),nginx2.bnsdq.ozxfs.laefh.kvugl,0.0024831859268478608
1759263706,340,1,103,103,103,103,109,109,109,109,250839040,250839040,236257280,N/A,135168,243109888,1,dbus-daemon,S (sleeping),nginx2.bnsdq.ozxfs.laefh.kvugl,0.2953521433282709
1759263706,3275,1,N/A,N/A,N/A,N/A,N/A,N/A,N/A,N/A,1931149312,1931149312,53477376,N/A,135168,187768832,14,discern-network,S (sleeping),nginx2.bnsdq.ozxfs.laefh.kvugl,2.227368597375492
1759263706,183,1,N/A,N/A,N/A,N/A,N/A,N/A,N/A,N/A,150335488,100007936,44761088,4096,135168,28184576,1,systemd-journal,S (sleeping),nginx2.bnsdq.ozxfs.laefh.kvugl,0.20138057696314993
1759263706,90376,1,N/A,N/A,N/A,N/A,N/A,N/A,N/A,N/A,1264619520,1264619520,17240064,N/A,135168,45826048,4,discern-proc-so,R (running),nginx2.bnsdq.ozxfs.laefh.kvugl,2.632292433846747
1759263706,80899,1,N/A,N/A,N/A,N/A,N/A,N/A,N/A,N/A,1647706112,1580597248,20467712,N/A,135168,82202624,5,discern-interfa,S (sleeping),nginx2.bnsdq.ozxfs.laefh.kvugl,0.0024671901167984613
1759263711,340,1,103,103,103,103,109,109,109,109,250839040,250839040,236257280,N/A,135168,243109888,1,dbus-daemon,S (sleeping),nginx2.bnsdq.ozxfs.laefh.kvugl,0.2951105642196572
1759263711,3275,1,N/A,N/A,N/A,N/A,N/A,N/A,N/A,N/A,1931149312,1931149312,53477376,N/A,135168,187768832,14,discern-network,S (sleeping),nginx2.bnsdq.ozxfs.laefh.kvugl,2.227293710906514
1759263711,183,1,N/A,N/A,N/A,N/A,N/A,N/A,N/A,N/A,150335488,100007936,44761088,4096,135168,28184576,1,systemd-journal,S (sleeping),nginx2.bnsdq.ozxfs.laefh.kvugl,0.20137494891120497
1759263711,90376,1,N/A,N/A,N/A,N/A,N/A,N/A,N/A,N/A,1264619520,1264619520,17240064,N/A,135168,45826048,4,discern-proc-so,S (sleeping),nginx2.bnsdq.ozxfs.laefh.kvugl,2.6139861803844266
1759263711,80899,1,N/A,N/A,N/A,N/A,N/A,N/A,N/A,N/A,1647706112,1580597248,20467712,N/A,135168,82202624,5,discern-interfa,S (sleeping),nginx2.bnsdq.ozxfs.laefh.kvugl,0.0024516408065495482
1759263716,340,1,103,103,103,103,109,109,109,109,250839040,250839040,236257280,N/A,135168,243109888,1,dbus-daemon,S (sleeping),nginx2.bnsdq.ozxfs.laefh.kvugl,0.29518653409745776
1759263716,3275,1,N/A,N/A,N/A,N/A,N/A,N/A,N/A,N/A,1931149312,1931149312,53477376,N/A,135168,187768832,14,discern-network,S (sleeping),nginx2.bnsdq.ozxfs.laefh.kvugl,2.2273785725906046
1759263716,183,1,N/A,N/A,N/A,N/A,N/A,N/A,N/A,N/A,150335488,100007936,44761088,4096,135168,28184576,1,systemd-journal,S (sleeping),nginx2.bnsdq.ozxfs.laefh.kvugl,0.20168667864790513
1759263716,90376,1,N/A,N/A,N/A,N/A,N/A,N/A,N/A,N/A,1264619520,1264619520,17240064,N/A,135168,45826048,4,discern-proc-so,S (sleeping),nginx2.bnsdq.ozxfs.laefh.kvugl,2.6085651075597145
1759263716,80899,1,N/A,N/A,N/A,N/A,N/A,N/A,N/A,N/A,1647706112,1580597248,20467712,N/A,135168,82202624,5,discern-interfa,S (sleeping),nginx2.bnsdq.ozxfs.laefh.kvugl,0.002436237852120896
1759263722,340,1,103,103,103,103,109,109,109,109,250839040,250839040,236257280,N/A,135168,243109888,1,dbus-daemon,S (sleeping),nginx2.bnsdq.ozxfs.laefh.kvugl,0.2951027475551962
1759263722,3275,1,N/A,N/A,N/A,N/A,N/A,N/A,N/A,N/A,1931149312,1931149312,53477376,N/A,135168,187768832,14,discern-network,S (sleeping),nginx2.bnsdq.ozxfs.laefh.kvugl,2.2272915151646453
1759263722,183,1,N/A,N/A,N/A,N/A,N/A,N/A,N/A,N/A,150335488,100007936,44761088,4096,135168,28184576,1,systemd-journal,S (sleeping),nginx2.bnsdq.ozxfs.laefh.kvugl,0.20167974205274716
1759263722,90376,1,N/A,N/A,N/A,N/A,N/A,N/A,N/A,N/A,1264619520,1264619520,17240064,N/A,135168,45826048,4,discern-proc-so,S (sleeping),nginx2.bnsdq.ozxfs.laefh.kvugl,2.6138937235022106
1759263722,80899,1,N/A,N/A,N/A,N/A,N/A,N/A,N/A,N/A,1647706112,1580597248,20467712,N/A,135168,82202624,5,discern-interfa,S (sleeping),nginx2.bnsdq.ozxfs.laefh.kvugl,0.0024209775788895938
1759263727,340,1,103,103,103,103,109,109,109,109,250839040,250839040,236257280,N/A,135168,243109888,1,dbus-daemon,S (sleeping),nginx2.bnsdq.ozxfs.laefh.kvugl,0.2951787245590855
1759263727,3275,1,N/A,N/A,N/A,N/A,N/A,N/A,N/A,N/A,1931149312,1931149312,53477376,N/A,135168,187768832,14,discern-network,S (sleeping),nginx2.bnsdq.ozxfs.laefh.kvugl,2.227046587442103
1759263727,183,1,N/A,N/A,N/A,N/A,N/A,N/A,N/A,N/A,150335488,100007936,44761088,4096,135168,28184576,1,systemd-journal,S (sleeping),nginx2.bnsdq.ozxfs.laefh.kvugl,0.20183212309202675
1759263727,90376,1,N/A,N/A,N/A,N/A,N/A,N/A,N/A,N/A,1264619520,1264619520,17240064,N/A,135168,45826048,4,discern-proc-so,R (running),nginx2.bnsdq.ozxfs.laefh.kvugl,2.599039335189116
1759263727,80899,1,N/A,N/A,N/A,N/A,N/A,N/A,N/A,N/A,1647706112,1580597248,20467712,N/A,135168,82202624,5,discern-interfa,S (sleeping),nginx2.bnsdq.ozxfs.laefh.kvugl,0.0024059642715915574
1759263732,340,1,103,103,103,103,109,109,109,109,250839040,250839040,236257280,N/A,135168,243109888,1,dbus-daemon,S (sleeping),nginx2.bnsdq.ozxfs.laefh.kvugl,0.2952533266260429
1759263732,3275,1,N/A,N/A,N/A,N/A,N/A,N/A,N/A,N/A,1931149312,1931149312,53477376,N/A,135168,187768832,14,discern-network,S (sleeping),nginx2.bnsdq.ozxfs.laefh.kvugl,2.2271225791058717
1759263732,183,1,N/A,N/A,N/A,N/A,N/A,N/A,N/A,N/A,150335488,100007936,44761088,4096,135168,28184576,1,systemd-journal,S (sleeping),nginx2.bnsdq.ozxfs.laefh.kvugl,0.20182485569977188
1759263732,90376,1,N/A,N/A,N/A,N/A,N/A,N/A,N/A,N/A,1264619520,1264619520,17240064,N/A,135168,45826048,4,discern-proc-so,R (running),nginx2.bnsdq.ozxfs.laefh.kvugl,2.6232846221402544
1759263732,80899,1,N/A,N/A,N/A,N/A,N/A,N/A,N/A,N/A,1647706112,1580597248,20467712,N/A,135168,82202624,5,discern-interfa,S (sleeping),nginx2.bnsdq.ozxfs.laefh.kvugl,0.0023910593749968787
1759263737,340,1,103,103,103,103,109,109,109,109,250839040,250839040,236257280,N/A,135168,243109888,1,dbus-daemon,S (sleeping),nginx2.bnsdq.ozxfs.laefh.kvugl,0.2951707153206271
1759263737,3275,1,N/A,N/A,N/A,N/A,N/A,N/A,N/A,N/A,1931149312,1931149312,53477376,N/A,135168,187768832,14,discern-network,S (sleeping),nginx2.bnsdq.ozxfs.laefh.kvugl,2.227044009509581
1759263737,183,1,N/A,N/A,N/A,N/A,N/A,N/A,N/A,N/A,150335488,100007936,44761088,4096,135168,28184576,1,systemd-journal,S (sleeping),nginx2.bnsdq.ozxfs.laefh.kvugl,0.20197693481661036
1759263737,90376,1,N/A,N/A,N/A,N/A,N/A,N/A,N/A,N/A,1264619520,1264619520,17240064,N/A,135168,45826048,4,discern-proc-so,S (sleeping),nginx2.bnsdq.ozxfs.laefh.kvugl,2.6276870764139892
1759263737,80899,1,N/A,N/A,N/A,N/A,N/A,N/A,N/A,N/A,1647706112,1580597248,20467712,N/A,135168,82202624,5,discern-interfa,S (sleeping),nginx2.bnsdq.ozxfs.laefh.kvugl,0.0023764196249962304
1759263742,340,1,103,103,103,103,109,109,109,109,250839040,250839040,236257280,N/A,135168,243109888,1,dbus-daemon,S (sleeping),nginx2.bnsdq.ozxfs.laefh.kvugl,0.29508652873506525
1759263742,3275,1,N/A,N/A,N/A,N/A,N/A,N/A,N/A,N/A,1931149312,1931149312,53477376,N/A,135168,187768832,14,discern-network,S (sleeping),nginx2.bnsdq.ozxfs.laefh.kvugl,2.2271170177785766
1759263742,183,1,N/A,N/A,N/A,N/A,N/A,N/A,N/A,N/A,150335488,100007936,44761088,4096,135168,28184576,1,systemd-journal,S (sleeping),nginx2.bnsdq.ozxfs.laefh.kvugl,0.2021275968305128
1759263742,90376,1,N/A,N/A,N/A,N/A,N/A,N/A,N/A,N/A,1264619520,1264619520,17240064,N/A,135168,45826048,4,discern-proc-so,R (running),nginx2.bnsdq.ozxfs.laefh.kvugl,2.648278999853741
1759263742,80899,1,N/A,N/A,N/A,N/A,N/A,N/A,N/A,N/A,1647706112,1580597248,20467712,N/A,135168,82202624,5,discern-interfa,S (sleeping),nginx2.bnsdq.ozxfs.laefh.kvugl,0.0023618561382935345
1759263747,340,1,103,103,103,103,109,109,109,109,250839040,250839040,236257280,N/A,135168,243109888,1,dbus-daemon,S (sleeping),nginx2.bnsdq.ozxfs.laefh.kvugl,0.2950040639216271
1759263747,3275,1,N/A,N/A,N/A,N/A,N/A,N/A,N/A,N/A,1931149312,1931149312,53477376,N/A,135168,187768832,14,discern-network,S (sleeping),nginx2.bnsdq.ozxfs.laefh.kvugl,2.2270376022598555
1759263747,183,1,N/A,N/A,N/A,N/A,N/A,N/A,N/A,N/A,150335488,100007936,44761088,4096,135168,28184576,1,systemd-journal,S (sleeping),nginx2.bnsdq.ozxfs.laefh.kvugl,0.20227909549906822
1759263747,90376,1,N/A,N/A,N/A,N/A,N/A,N/A,N/A,N/A,1264619520,1264619520,17240064,N/A,135168,45826048,4,discern-proc-so,S (sleeping),nginx2.bnsdq.ozxfs.laefh.kvugl,2.6428318557738835
1759263747,80899,1,N/A,N/A,N/A,N/A,N/A,N/A,N/A,N/A,1647706112,1580597248,20467712,N/A,135168,82202624,5,discern-interfa,S (sleeping),nginx2.bnsdq.ozxfs.laefh.kvugl,0.0023475633312192174
1759263753,340,1,103,103,103,103,109,109,109,109,250839040,250839040,236257280,N/A,135168,243109888,1,dbus-daemon,S (sleeping),nginx2.bnsdq.ozxfs.laefh.kvugl,0.29523995197158603
1759263753,3275,1,N/A,N/A,N/A,N/A,N/A,N/A,N/A,N/A,1931149312,1931149312,53477376,N/A,135168,187768832,14,discern-network,S (sleeping),nginx2.bnsdq.ozxfs.laefh.kvugl,2.227139567240316
1759263753,183,1,N/A,N/A,N/A,N/A,N/A,N/A,N/A,N/A,150335488,100007936,44761088,4096,135168,28184576,1,systemd-journal,S (sleeping),nginx2.bnsdq.ozxfs.laefh.kvugl,0.2025898252776051
1759263753,90376,1,N/A,N/A,N/A,N/A,N/A,N/A,N/A,N/A,1264619520,1264619520,17240064,N/A,135168,45826048,4,discern-proc-so,S (sleeping),nginx2.bnsdq.ozxfs.laefh.kvugl,2.5988088836415235
1759263753,80899,1,N/A,N/A,N/A,N/A,N/A,N/A,N/A,N/A,1647706112,1580597248,20467712,N/A,135168,82202624,5,discern-interfa,S (sleeping),nginx2.bnsdq.ozxfs.laefh.kvugl,0.002333566022437685
1759263758,340,1,103,103,103,103,109,109,109,109,250839040,250839040,236257280,N/A,135168,243109888,1,dbus-daemon,S (sleeping),nginx2.bnsdq.ozxfs.laefh.kvugl,0.29515914504602453
1759263758,3275,1,N/A,N/A,N/A,N/A,N/A,N/A,N/A,N/A,1931149312,1931149312,53477376,N/A,135168,187768832,14,discern-network,S (sleeping),nginx2.bnsdq.ozxfs.laefh.kvugl,2.227237689920122
1759263758,183,1,N/A,N/A,N/A,N/A,N/A,N/A,N/A,N/A,150335488,100007936,44761088,4096,135168,28184576,1,systemd-journal,S (sleeping),nginx2.bnsdq.ozxfs.laefh.kvugl,0.2025839356023488
1759263758,90376,1,N/A,N/A,N/A,N/A,N/A,N/A,N/A,N/A,1264619520,1264619520,17240064,N/A,135168,45826048,4,discern-proc-so,R (running),nginx2.bnsdq.ozxfs.laefh.kvugl,2.573409508199607
1759263758,80899,1,N/A,N/A,N/A,N/A,N/A,N/A,N/A,N/A,1647706112,1580597248,20467712,N/A,135168,82202624,5,discern-interfa,S (sleeping),nginx2.bnsdq.ozxfs.laefh.kvugl,0.002319707684307063
1759263763,340,1,103,103,103,103,109,109,109,109,250839040,250839040,236257280,N/A,135168,243109888,1,dbus-daemon,S (sleeping),nginx2.bnsdq.ozxfs.laefh.kvugl,0.29523511563611776
1759263763,3275,1,N/A,N/A,N/A,N/A,N/A,N/A,N/A,N/A,1931149312,1931149312,53477376,N/A,135168,187768832,14,discern-network,S (sleeping),nginx2.bnsdq.ozxfs.laefh.kvugl,2.2271622938993145
1759263763,183,1,N/A,N/A,N/A,N/A,N/A,N/A,N/A,N/A,150335488,108396544,44761088,4096,135168,28184576,1,systemd-journal,S (sleeping),nginx2.bnsdq.ozxfs.laefh.kvugl,0.202892808046896
1759263763,90376,1,N/A,N/A,N/A,N/A,N/A,N/A,N/A,N/A,1264619520,1264619520,17244160,N/A,135168,45826048,4,discern-proc-so,R (running),nginx2.bnsdq.ozxfs.laefh.kvugl,2.564247362525893
1759263763,80899,1,N/A,N/A,N/A,N/A,N/A,N/A,N/A,N/A,1647706112,1580597248,20467712,N/A,135168,82202624,5,discern-interfa,S (sleeping),nginx2.bnsdq.ozxfs.laefh.kvugl,0.0023059474154937796
1759263768,340,1,103,103,103,103,109,109,109,109,250839040,250839040,236257280,N/A,135168,243109888,1,dbus-daemon,S (sleeping),nginx2.bnsdq.ozxfs.laefh.kvugl,0.2951528265471174
1759263768,3275,1,N/A,N/A,N/A,N/A,N/A,N/A,N/A,N/A,1931149312,1931149312,53477376,N/A,135168,187768832,14,discern-network,S (sleeping),nginx2.bnsdq.ozxfs.laefh.kvugl,2.2274117246981313
1759263768,183,1,N/A,N/A,N/A,N/A,N/A,N/A,N/A,N/A,150335488,108396544,44761088,4096,135168,28184576,1,systemd-journal,S (sleeping),nginx2.bnsdq.ozxfs.laefh.kvugl,0.20304321470537268
1759263768,90376,1,N/A,N/A,N/A,N/A,N/A,N/A,N/A,N/A,1264619520,1264619520,17244160,N/A,135168,45826048,4,discern-proc-so,R (running),nginx2.bnsdq.ozxfs.laefh.kvugl,2.5626919231965988
1759263768,80899,1,N/A,N/A,N/A,N/A,N/A,N/A,N/A,N/A,1647706112,1580597248,20467712,N/A,135168,82202624,5,discern-interfa,S (sleeping),nginx2.bnsdq.ozxfs.laefh.kvugl,0.002292323040070811
1759263773,340,1,103,103,103,103,109,109,109,109,250839040,250839040,236257280,N/A,135168,243109888,1,dbus-daemon,S (sleeping),nginx2.bnsdq.ozxfs.laefh.kvugl,0.2950709624873417
1759263773,3275,1,N/A,N/A,N/A,N/A,N/A,N/A,N/A,N/A,1931149312,1931149312,53477376,N/A,135168,187768832,14,discern-network,S (sleeping),nginx2.bnsdq.ozxfs.laefh.kvugl,2.2271708084022865
1759263773,183,1,N/A,N/A,N/A,N/A,N/A,N/A,N/A,N/A,150335488,108396544,44761088,4096,135168,28184576,1,systemd-journal,S (sleeping),nginx2.bnsdq.ozxfs.laefh.kvugl,0.203193573191656
1759263773,90376,1,N/A,N/A,N/A,N/A,N/A,N/A,N/A,N/A,1264619520,1264619520,17244160,N/A,135168,45826048,4,discern-proc-so,R (running),nginx2.bnsdq.ozxfs.laefh.kvugl,2.5544872567220347
1759263773,80899,1,N/A,N/A,N/A,N/A,N/A,N/A,N/A,N/A,1647706112,1580597248,20467712,N/A,135168,82202624,5,discern-interfa,S (sleeping),nginx2.bnsdq.ozxfs.laefh.kvugl,0.0022788745261882056
1759263778,340,1,103,103,103,103,109,109,109,109,250839040,250839040,236257280,N/A,135168,243109888,1,dbus-daemon,S (sleeping),nginx2.bnsdq.ozxfs.laefh.kvugl,0.2951452939122725
1759263778,3275,1,N/A,N/A,N/A,N/A,N/A,N/A,N/A,N/A,1931149312,1931149312,53477376,N/A,135168,187768832,14,discern-network,S (sleeping),nginx2.bnsdq.ozxfs.laefh.kvugl,2.2272476303850617
1759263778,183,1,N/A,N/A,N/A,N/A,N/A,N/A,N/A,N/A,150335488,108396544,44761088,4096,135168,28184576,1,systemd-journal,S (sleeping),nginx2.bnsdq.ozxfs.laefh.kvugl,0.2033427674488802
1759263778,90376,1,N/A,N/A,N/A,N/A,N/A,N/A,N/A,N/A,1264619520,1264619520,17244160,N/A,135168,45826048,4,discern-proc-so,R (running),nginx2.bnsdq.ozxfs.laefh.kvugl,2.5662505254500236
1759263778,80899,1,N/A,N/A,N/A,N/A,N/A,N/A,N/A,N/A,1647706112,1580597248,20467712,N/A,135168,82202624,5,discern-interfa,S (sleeping),nginx2.bnsdq.ozxfs.laefh.kvugl,0.0022655089827142813
1759263783,340,1,103,103,103,103,109,109,109,109,250839040,250839040,236257280,N/A,135168,243109888,1,dbus-daemon,S (sleeping),nginx2.bnsdq.ozxfs.laefh.kvugl,0.2950615230003752
1759263783,3275,1,N/A,N/A,N/A,N/A,N/A,N/A,N/A,N/A,1931149312,1931149312,53477376,N/A,135168,187768832,14,discern-network,S (sleeping),nginx2.bnsdq.ozxfs.laefh.kvugl,2.227155015974165
1759263784,183,1,N/A,N/A,N/A,N/A,N/A,N/A,N/A,N/A,150335488,108396544,44761088,4096,135168,28184576,1,systemd-journal,S (sleeping),nginx2.bnsdq.ozxfs.laefh.kvugl,0.20333397661161703
1759263784,90376,1,N/A,N/A,N/A,N/A,N/A,N/A,N/A,N/A,1264619520,1264619520,17244160,N/A,135168,45826048,4,discern-proc-so,S (sleeping),nginx2.bnsdq.ozxfs.laefh.kvugl,2.56416209559646
1759263784,80899,1,N/A,N/A,N/A,N/A,N/A,N/A,N/A,N/A,1647706112,1580597248,20467712,N/A,135168,82202624,5,discern-interfa,S (sleeping),nginx2.bnsdq.ozxfs.laefh.kvugl,0.0022522611837410833
1759263789,340,1,103,103,103,103,109,109,109,109,250839040,250839040,236257280,N/A,135168,243109888,1,dbus-daemon,S (sleeping),nginx2.bnsdq.ozxfs.laefh.kvugl,0.2949787812056722
1759263789,3275,1,N/A,N/A,N/A,N/A,N/A,N/A,N/A,N/A,1931149312,1931149312,53477376,N/A,135168,187768832,14,discern-network,S (sleeping),nginx2.bnsdq.ozxfs.laefh.kvugl,2.2272331885222636
1759263789,183,1,N/A,N/A,N/A,N/A,N/A,N/A,N/A,N/A,150335488,108396544,44761088,4096,135168,28184576,1,systemd-journal,S (sleeping),nginx2.bnsdq.ozxfs.laefh.kvugl,0.20348294251786034
1759263789,90376,1,N/A,N/A,N/A,N/A,N/A,N/A,N/A,N/A,1264619520,1264619520,17244160,N/A,135168,45826048,4,discern-proc-so,R (running),nginx2.bnsdq.ozxfs.laefh.kvugl,2.5749222963039964
1759263789,80899,1,N/A,N/A,N/A,N/A,N/A,N/A,N/A,N/A,1647706112,1580597248,20467712,N/A,135168,82202624,5,discern-interfa,S (sleeping),nginx2.bnsdq.ozxfs.laefh.kvugl,0.002239215356448063
1759263794,340,1,103,103,103,103,109,109,109,109,250839040,250839040,236257280,N/A,135168,243109888,1,dbus-daemon,S (sleeping),nginx2.bnsdq.ozxfs.laefh.kvugl,0.2950537285878783
1759263794,3275,1,N/A,N/A,N/A,N/A,N/A,N/A,N/A,N/A,1931149312,1931149312,53477376,N/A,135168,187768832,14,discern-network,S (sleeping),nginx2.bnsdq.ozxfs.laefh.kvugl,2.22715191710155
1759263794,183,1,N/A,N/A,N/A,N/A,N/A,N/A,N/A,N/A,150335488,108396544,44761088,4096,135168,28184576,1,systemd-journal,S (sleeping),nginx2.bnsdq.ozxfs.laefh.kvugl,0.2036320337633849
1759263794,90376,1,N/A,N/A,N/A,N/A,N/A,N/A,N/A,N/A,1264619520,1264619520,17244160,N/A,135168,45826048,4,discern-proc-so,S (sleeping),nginx2.bnsdq.ozxfs.laefh.kvugl,2.567155520098689
1759263794,80899,1,N/A,N/A,N/A,N/A,N/A,N/A,N/A,N/A,1647706112,1580597248,20467712,N/A,135168,82202624,5,discern-interfa,S (sleeping),nginx2.bnsdq.ozxfs.laefh.kvugl,0.0022263482530461855
1759263799,340,1,103,103,103,103,109,109,109,109,250839040,250839040,236257280,N/A,135168,243109888,1,dbus-daemon,S (sleeping),nginx2.bnsdq.ozxfs.laefh.kvugl,0.29527052915910557
1759263799,3275,1,N/A,N/A,N/A,N/A,N/A,N/A,N/A,N/A,1931149312,1931149312,53477376,N/A,135168,187768832,14,discern-network,S (sleeping),nginx2.bnsdq.ozxfs.laefh.kvugl,2.227116914274792
1759263799,183,1,N/A,N/A,N/A,N/A,N/A,N/A,N/A,N/A,150335488,108396544,44761088,4096,135168,28184576,1,systemd-journal,S (sleeping),nginx2.bnsdq.ozxfs.laefh.kvugl,0.204084317908425
1759263799,90376,1,N/A,N/A,N/A,N/A,N/A,N/A,N/A,N/A,1264619520,1264619520,17244160,N/A,135168,45826048,4,discern-proc-so,S (sleeping),nginx2.bnsdq.ozxfs.laefh.kvugl,2.572516200173341
1759263799,80899,1,N/A,N/A,N/A,N/A,N/A,N/A,N/A,N/A,1647706112,1580597248,20467712,N/A,135168,82202624,5,discern-interfa,S (sleeping),nginx2.bnsdq.ozxfs.laefh.kvugl,0.0022128390231907565
1759263804,340,1,103,103,103,103,109,109,109,109,250839040,250839040,236257280,N/A,135168,243109888,1,dbus-daemon,S (sleeping),nginx2.bnsdq.ozxfs.laefh.kvugl,0.2951888251030524
1759263804,3275,1,N/A,N/A,N/A,N/A,N/A,N/A,N/A,N/A,1931149312,1931149312,53477376,N/A,135168,187768832,14,discern-network,S (sleeping),nginx2.bnsdq.ozxfs.laefh.kvugl,2.2272028035617364
1759263804,183,1,N/A,N/A,N/A,N/A,N/A,N/A,N/A,N/A,150335488,108396544,44761088,4096,135168,28184576,1,systemd-journal,S (sleeping),nginx2.bnsdq.ozxfs.laefh.kvugl,0.20391951948426348
1759263804,90376,1,N/A,N/A,N/A,N/A,N/A,N/A,N/A,N/A,1264619520,1264619520,17244160,N/A,135168,45826048,4,discern-proc-so,R (running),nginx2.bnsdq.ozxfs.laefh.kvugl,2.5767363173642126
1759263804,80899,1,N/A,N/A,N/A,N/A,N/A,N/A,N/A,N/A,1647706112,1580597248,20467712,N/A,135168,82202624,5,discern-interfa,S (sleeping),nginx2.bnsdq.ozxfs.laefh.kvugl,0.0022002970734332533
1759263810,340,1,103,103,103,103,109,109,109,109,250839040,250839040,236257280,N/A,135168,243109888,1,dbus-daemon,S (sleeping),nginx2.bnsdq.ozxfs.laefh.kvugl,0.29526383422991676
1759263810,3275,1,N/A,N/A,N/A,N/A,N/A,N/A,N/A,N/A,1931149312,1931149312,53477376,N/A,135168,187768832,14,discern-network,S (sleeping),nginx2.bnsdq.ozxfs.laefh.kvugl,2.2272880980495615
1759263810,183,1,N/A,N/A,N/A,N/A,N/A,N/A,N/A,N/A,150335488,108396544,44761088,4096,135168,28184576,1,systemd-journal,S (sleeping),nginx2.bnsdq.ozxfs.laefh.kvugl,0.20422478938826594
1759263810,90376,1,N/A,N/A,N/A,N/A,N/A,N/A,N/A,N/A,1264619520,1264619520,17244160,N/A,135168,45826048,4,discern-proc-so,R (running),nginx2.bnsdq.ozxfs.laefh.kvugl,2.5806984472259527
1759263810,80899,1,N/A,N/A,N/A,N/A,N/A,N/A,N/A,N/A,1647706112,1580597248,20467712,N/A,135168,82202624,5,discern-interfa,S (sleeping),nginx2.bnsdq.ozxfs.laefh.kvugl,0.002187893320542043
1759263815,340,1,103,103,103,103,109,109,109,109,250839040,250839040,236257280,N/A,135168,243109888,1,dbus-daemon,S (sleeping),nginx2.bnsdq.ozxfs.laefh.kvugl,0.29518071340576457
1759263815,3275,1,N/A,N/A,N/A,N/A,N/A,N/A,N/A,N/A,1931149312,1931149312,53477376,N/A,135168,187768832,14,discern-network,S (sleeping),nginx2.bnsdq.ozxfs.laefh.kvugl,2.2275244285537408
1759263815,183,1,N/A,N/A,N/A,N/A,N/A,N/A,N/A,N/A,150335488,108396544,44761088,4096,135168,28184576,1,systemd-journal,S (sleeping),nginx2.bnsdq.ozxfs.laefh.kvugl,0.2043720427516638
1759263815,90376,1,N/A,N/A,N/A,N/A,N/A,N/A,N/A,N/A,1264619520,1264619520,17244160,N/A,135168,45826048,4,discern-proc-so,S (sleeping),nginx2.bnsdq.ozxfs.laefh.kvugl,2.5946758763201414
1759263815,80899,1,N/A,N/A,N/A,N/A,N/A,N/A,N/A,N/A,1647706112,1580597248,20467712,N/A,135168,82202624,5,discern-interfa,S (sleeping),nginx2.bnsdq.ozxfs.laefh.kvugl,0.0021755524471948747
1759263820,340,1,103,103,103,103,109,109,109,109,250839040,250839040,236257280,N/A,135168,243109888,1,dbus-daemon,S (sleeping),nginx2.bnsdq.ozxfs.laefh.kvugl,0.2950996009861949
1759263820,3275,1,N/A,N/A,N/A,N/A,N/A,N/A,N/A,N/A,1931149312,1931149312,53477376,N/A,135168,187768832,14,discern-network,S (sleeping),nginx2.bnsdq.ozxfs.laefh.kvugl,2.2274494674144547
1759263820,183,1,N/A,N/A,N/A,N/A,N/A,N/A,N/A,N/A,150335488,108396544,44761088,4096,135168,28184576,1,systemd-journal,S (sleeping),nginx2.bnsdq.ozxfs.laefh.kvugl,0.20452035149028439
1759263820,90376,1,N/A,N/A,N/A,N/A,N/A,N/A,N/A,N/A,1264619520,1264619520,17248256,N/A,135168,45826048,4,discern-proc-so,S (sleeping),nginx2.bnsdq.ozxfs.laefh.kvugl,2.5824662200154838
1759263820,80899,1,N/A,N/A,N/A,N/A,N/A,N/A,N/A,N/A,1647706112,1580597248,20467712,N/A,135168,82202624,5,discern-interfa,S (sleeping),nginx2.bnsdq.ozxfs.laefh.kvugl,0.0021634443061044613
1759263825,340,1,103,103,103,103,109,109,109,109,250839040,250839040,236257280,N/A,135168,243109888,1,dbus-daemon,S (sleeping),nginx2.bnsdq.ozxfs.laefh.kvugl,0.29501731626111977
1759263825,3275,1,N/A,N/A,N/A,N/A,N/A,N/A,N/A,N/A,1931149312,1931149312,53477376,N/A,135168,187768832,14,discern-network,S (sleeping),nginx2.bnsdq.ozxfs.laefh.kvugl,2.2272017627226792
1759263825,183,1,N/A,N/A,N/A,N/A,N/A,N/A,N/A,N/A,150335488,108396544,44761088,4096,135168,28184576,1,systemd-journal,S (sleeping),nginx2.bnsdq.ozxfs.laefh.kvugl,0.20466752765164448
1759263825,90376,1,N/A,N/A,N/A,N/A,N/A,N/A,N/A,N/A,1264619520,1264619520,17248256,N/A,135168,45826048,4,discern-proc-so,S (sleeping),nginx2.bnsdq.ozxfs.laefh.kvugl,2.590770158871163
1759263825,80899,1,N/A,N/A,N/A,N/A,N/A,N/A,N/A,N/A,1647706112,1580597248,20467712,N/A,135168,82202624,5,discern-interfa,S (sleeping),nginx2.bnsdq.ozxfs.laefh.kvugl,0.0021514057738721264
1759263830,340,1,103,103,103,103,109,109,109,109,250839040,250839040,236257280,N/A,135168,243109888,1,dbus-daemon,S (sleeping),nginx2.bnsdq.ozxfs.laefh.kvugl,0.29509235816026325
1759263830,3275,1,N/A,N/A,N/A,N/A,N/A,N/A,N/A,N/A,1931149312,1931149312,53477376,N/A,135168,187768832,14,discern-network,S (sleeping),nginx2.bnsdq.ozxfs.laefh.kvugl,2.2272878453595863
1759263830,183,1,N/A,N/A,N/A,N/A,N/A,N/A,N/A,N/A,150335488,108396544,44761088,4096,135168,28184576,1,systemd-journal,S (sleeping),nginx2.bnsdq.ozxfs.laefh.kvugl,0.20481519722989458
1759263830,90376,1,N/A,N/A,N/A,N/A,N/A,N/A,N/A,N/A,1264619520,1264619520,17248256,N/A,135168,45826048,4,discern-proc-so,S (sleeping),nginx2.bnsdq.ozxfs.laefh.kvugl,2.5841481443699887
1759263830,80899,1,N/A,N/A,N/A,N/A,N/A,N/A,N/A,N/A,1647706112,1580597248,20467712,N/A,135168,82202624,5,discern-interfa,S (sleeping),nginx2.bnsdq.ozxfs.laefh.kvugl,0.0021395526406437085
1759263835,340,1,103,103,103,103,109,109,109,109,250839040,250839040,236257280,N/A,135168,243109888,1,dbus-daemon,S (sleeping),nginx2.bnsdq.ozxfs.laefh.kvugl,0.2950100047586711
1759263835,3275,1,N/A,N/A,N/A,N/A,N/A,N/A,N/A,N/A,1931149312,1931149312,53477376,N/A,135168,187768832,14,discern-network,S (sleeping),nginx2.bnsdq.ozxfs.laefh.kvugl,2.2272014389045864
1759263835,183,1,N/A,N/A,N/A,N/A,N/A,N/A,N/A,N/A,150335488,108396544,44761088,4096,135168,28184576,1,systemd-journal,S (sleeping),nginx2.bnsdq.ozxfs.laefh.kvugl,0.20496174972933714
1759263835,90376,1,N/A,N/A,N/A,N/A,N/A,N/A,N/A,N/A,1264619520,1264619520,17248256,N/A,135168,45826048,4,discern-proc-so,S (sleeping),nginx2.bnsdq.ozxfs.laefh.kvugl,2.5967482284026335
1759263835,80899,1,N/A,N/A,N/A,N/A,N/A,N/A,N/A,N/A,1647706112,1580597248,20467712,N/A,135168,82202624,5,discern-interfa,S (sleeping),nginx2.bnsdq.ozxfs.laefh.kvugl,0.0021277671338097276
1759263841,340,1,103,103,103,103,109,109,109,109,250839040,250839040,236257280,N/A,135168,243109888,1,dbus-daemon,S (sleeping),nginx2.bnsdq.ozxfs.laefh.kvugl,0.2950847515542659
1759263841,3275,1,N/A,N/A,N/A,N/A,N/A,N/A,N/A,N/A,1931149312,1931149312,53477376,N/A,135168,187768832,14,discern-network,S (sleeping),nginx2.bnsdq.ozxfs.laefh.kvugl,2.227285962726012
1759263841,183,1,N/A,N/A,N/A,N/A,N/A,N/A,N/A,N/A,150335488,108396544,44761088,4096,135168,28184576,1,systemd-journal,S (sleeping),nginx2.bnsdq.ozxfs.laefh.kvugl,0.20495295994520107
1759263841,90376,1,N/A,N/A,N/A,N/A,N/A,N/A,N/A,N/A,1264619520,1264619520,17248256,N/A,135168,45826048,4,discern-proc-so,R (running),nginx2.bnsdq.ozxfs.laefh.kvugl,2.5902538266316455
1759263841,80899,1,N/A,N/A,N/A,N/A,N/A,N/A,N/A,N/A,1647706112,1580597248,20467712,N/A,135168,82202624,5,discern-interfa,S (sleeping),nginx2.bnsdq.ozxfs.laefh.kvugl,0.002116163325706414
1759263846,340,1,103,103,103,103,109,109,109,109,250839040,250839040,236257280,N/A,135168,243109888,1,dbus-daemon,S (sleeping),nginx2.bnsdq.ozxfs.laefh.kvugl,0.29515886189083085
1759263846,3275,1,N/A,N/A,N/A,N/A,N/A,N/A,N/A,N/A,1931149312,1931149312,53477376,N/A,135168,187768832,14,discern-network,S (sleeping),nginx2.bnsdq.ozxfs.laefh.kvugl,2.227204168363274
1759263846,183,1,N/A,N/A,N/A,N/A,N/A,N/A,N/A,N/A,150335488,116785152,44761088,4096,135168,28184576,1,systemd-journal,S (sleeping),nginx2.bnsdq.ozxfs.laefh.kvugl,0.20541102792264124
1759263846,90376,1,N/A,N/A,N/A,N/A,N/A,N/A,N/A,N/A,1264619520,1264619520,17248256,N/A,135168,45826048,4,discern-proc-so,S (sleeping),nginx2.bnsdq.ozxfs.laefh.kvugl,2.5930984407601776
1759263846,80899,1,N/A,N/A,N/A,N/A,N/A,N/A,N/A,N/A,1647706112,1580597248,20467712,N/A,135168,82202624,5,discern-interfa,S (sleeping),nginx2.bnsdq.ozxfs.laefh.kvugl,0.0021046610107506823
1759263851,340,1,103,103,103,103,109,109,109,109,250839040,250839040,236257280,N/A,135168,243109888,1,dbus-daemon,S (sleeping),nginx2.bnsdq.ozxfs.laefh.kvugl,0.29507748592987376
1759263851,3275,1,N/A,N/A,N/A,N/A,N/A,N/A,N/A,N/A,1931149312,1931149312,53477376,N/A,135168,187768832,14,discern-network,S (sleeping),nginx2.bnsdq.ozxfs.laefh.kvugl,2.227124584131589
1759263851,183,1,N/A,N/A,N/A,N/A,N/A,N/A,N/A,N/A,150335488,116785152,44761088,4096,135168,28184576,1,systemd-journal,S (sleeping),nginx2.bnsdq.ozxfs.laefh.kvugl,0.2054017189877892
1759263851,90376,1,N/A,N/A,N/A,N/A,N/A,N/A,N/A,N/A,1264619520,1264619520,17248256,N/A,135168,45826048,4,discern-proc-so,R (running),nginx2.bnsdq.ozxfs.laefh.kvugl,2.5958771018469124
1759263851,80899,1,N/A,N/A,N/A,N/A,N/A,N/A,N/A,N/A,1647706112,1580597248,20467712,N/A,135168,82202624,5,discern-interfa,S (sleeping),nginx2.bnsdq.ozxfs.laefh.kvugl,0.0020932953780515096
1759263856,340,1,103,103,103,103,109,109,109,109,250839040,250839040,236257280,N/A,135168,243109888,1,dbus-daemon,S (sleeping),nginx2.bnsdq.ozxfs.laefh.kvugl,0.2949964919999368
1759263856,3275,1,N/A,N/A,N/A,N/A,N/A,N/A,N/A,N/A,1931149312,1931149312,53477376,N/A,135168,187768832,14,discern-network,S (sleeping),nginx2.bnsdq.ozxfs.laefh.kvugl,2.2273707921994457
1759263856,183,1,N/A,N/A,N/A,N/A,N/A,N/A,N/A,N/A,150335488,116785152,44761088,4096,135168,28184576,1,systemd-journal,S (sleeping),nginx2.bnsdq.ozxfs.laefh.kvugl,0.20570356360011477
1759263856,90376,1,N/A,N/A,N/A,N/A,N/A,N/A,N/A,N/A,1264619520,1264619520,17248256,N/A,135168,45826048,4,discern-proc-so,S (sleeping),nginx2.bnsdq.ozxfs.laefh.kvugl,2.594217300680644
1759263856,80899,1,N/A,N/A,N/A,N/A,N/A,N/A,N/A,N/A,1647706112,1580597248,20467712,N/A,135168,82202624,5,discern-interfa,S (sleeping),nginx2.bnsdq.ozxfs.laefh.kvugl,0.0020820636638204507
1759263861,340,1,103,103,103,103,109,109,109,109,250839040,250839040,236257280,N/A,135168,243109888,1,dbus-daemon,S (sleeping),nginx2.bnsdq.ozxfs.laefh.kvugl,0.2950702259459461
1759263861,3275,1,N/A,N/A,N/A,N/A,N/A,N/A,N/A,N/A,1931149312,1931149312,53477376,N/A,135168,187768832,14,discern-network,S (sleeping),nginx2.bnsdq.ozxfs.laefh.kvugl,2.227448751359562
1759263861,183,1,N/A,N/A,N/A,N/A,N/A,N/A,N/A,N/A,150335488,116785152,44761088,4096,135168,28184576,1,systemd-journal,S (sleeping),nginx2.bnsdq.ozxfs.laefh.kvugl,0.2056936660240825
1759263861,90376,1,N/A,N/A,N/A,N/A,N/A,N/A,N/A,N/A,1264619520,1264619520,17248256,N/A,135168,45826048,4,discern-proc-so,R (running),nginx2.bnsdq.ozxfs.laefh.kvugl,2.605276228998214
1759263861,80899,1,N/A,N/A,N/A,N/A,N/A,N/A,N/A,N/A,1647706112,1580597248,20467712,N/A,135168,82202624,5,discern-interfa,S (sleeping),nginx2.bnsdq.ozxfs.laefh.kvugl,0.002070915328418511
1759263866,340,1,103,103,103,103,109,109,109,109,250839040,250839040,236257280,N/A,135168,243109888,1,dbus-daemon,S (sleeping),nginx2.bnsdq.ozxfs.laefh.kvugl,0.29498931623002406
1759263866,3275,1,N/A,N/A,N/A,N/A,N/A,N/A,N/A,N/A,1931149312,1931149312,53477376,N/A,135168,187768832,14,discern-network,S (sleeping),nginx2.bnsdq.ozxfs.laefh.kvugl,2.227532317010844
1759263866,183,1,N/A,N/A,N/A,N/A,N/A,N/A,N/A,N/A,150335488,116785152,44761088,4096,135168,28184576,1,systemd-journal,S (sleeping),nginx2.bnsdq.ozxfs.laefh.kvugl,0.2058395267052484
1759263866,90376,1,N/A,N/A,N/A,N/A,N/A,N/A,N/A,N/A,1264619520,1264619520,17248256,N/A,135168,45826048,4,discern-proc-so,R (running),nginx2.bnsdq.ozxfs.laefh.kvugl,2.6076598594609828
1759263866,80899,1,N/A,N/A,N/A,N/A,N/A,N/A,N/A,N/A,1647706112,1580597248,20467712,N/A,135168,82202624,5,discern-interfa,S (sleeping),nginx2.bnsdq.ozxfs.laefh.kvugl,0.002059919713143113
1759263872,340,1,103,103,103,103,109,109,109,109,250839040,250839040,236257280,N/A,135168,243109888,1,dbus-daemon,S (sleeping),nginx2.bnsdq.ozxfs.laefh.kvugl,0.2950628290597977
1759263872,3275,1,N/A,N/A,N/A,N/A,N/A,N/A,N/A,N/A,1931149312,1931149312,53477376,N/A,135168,187768832,14,discern-network,S (sleeping),nginx2.bnsdq.ozxfs.laefh.kvugl,2.2272862472336965
1759263872,183,1,N/A,N/A,N/A,N/A,N/A,N/A,N/A,N/A,150335488,116785152,44761088,4096,135168,28184576,1,systemd-journal,S (sleeping),nginx2.bnsdq.ozxfs.laefh.kvugl,0.20598456646605628
1759263872,90376,1,N/A,N/A,N/A,N/A,N/A,N/A,N/A,N/A,1264619520,1264619520,17248256,N/A,135168,45826048,4,discern-proc-so,R (running),nginx2.bnsdq.ozxfs.laefh.kvugl,2.6097451871380577
1759263872,80899,1,N/A,N/A,N/A,N/A,N/A,N/A,N/A,N/A,1647706112,1580597248,20467712,N/A,135168,82202624,5,discern-interfa,S (sleeping),nginx2.bnsdq.ozxfs.laefh.kvugl,0.0020490013749978418
1759263877,340,1,103,103,103,103,109,109,109,109,250839040,250839040,236257280,N/A,135168,243109888,1,dbus-daemon,S (sleeping),nginx2.bnsdq.ozxfs.laefh.kvugl,0.29498267174403375
1759263877,3275,1,N/A,N/A,N/A,N/A,N/A,N/A,N/A,N/A,1931149312,1931149312,53477376,N/A,135168,187768832,14,discern-network,S (sleeping),nginx2.bnsdq.ozxfs.laefh.kvugl,2.2273746567308135
1759263877,183,1,N/A,N/A,N/A,N/A,N/A,N/A,N/A,N/A,150335488,116785152,44761088,4096,135168,28184576,1,systemd-journal,S (sleeping),nginx2.bnsdq.ozxfs.laefh.kvugl,0.20613039219374857
1759263877,90376,1,N/A,N/A,N/A,N/A,N/A,N/A,N/A,N/A,1264619520,1264619520,17248256,N/A,135168,45826048,4,discern-proc-so,R (running),nginx2.bnsdq.ozxfs.laefh.kvugl,2.6080670946096376
1759263877,80899,1,N/A,N/A,N/A,N/A,N/A,N/A,N/A,N/A,1647706112,1580597248,20467712,N/A,135168,82202624,5,discern-interfa,S (sleeping),nginx2.bnsdq.ozxfs.laefh.kvugl,0.0020382647080858683
1759263882,340,1,103,103,103,103,109,109,109,109,250839040,250839040,236257280,N/A,135168,243109888,1,dbus-daemon,S (sleeping),nginx2.bnsdq.ozxfs.laefh.kvugl,0.2950559054234644
1759263882,183,1,N/A,N/A,N/A,N/A,N/A,N/A,N/A,N/A,150335488,116785152,44761088,4096,135168,28184576,1,systemd-journal,S (sleeping),nginx2.bnsdq.ozxfs.laefh.kvugl,0.20627485385175137
1759263882,3275,1,N/A,N/A,N/A,N/A,N/A,N/A,N/A,N/A,1931149312,1931149312,53477376,N/A,135168,187768832,14,discern-network,S (sleeping),nginx2.bnsdq.ozxfs.laefh.kvugl,2.2276113009304868
1759263882,90376,1,N/A,N/A,N/A,N/A,N/A,N/A,N/A,N/A,1264619520,1264619520,17248256,N/A,135168,45826048,4,discern-proc-so,S (sleeping),nginx2.bnsdq.ozxfs.laefh.kvugl,2.6100228956607303
1759263882,80899,1,N/A,N/A,N/A,N/A,N/A,N/A,N/A,N/A,1647706112,1580597248,20467712,N/A,135168,82202624,5,discern-interfa,S (sleeping),nginx2.bnsdq.ozxfs.laefh.kvugl,0.0020275667687655453
1759263887,340,1,103,103,103,103,109,109,109,109,250839040,250839040,236257280,N/A,135168,243109888,1,dbus-daemon,S (sleeping),nginx2.bnsdq.ozxfs.laefh.kvugl,0.2949752977731505
1759263887,183,1,N/A,N/A,N/A,N/A,N/A,N/A,N/A,N/A,150335488,116785152,44761088,4096,135168,28184576,1,systemd-journal,S (sleeping),nginx2.bnsdq.ozxfs.laefh.kvugl,0.2064198071724584
1759263887,3275,1,N/A,N/A,N/A,N/A,N/A,N/A,N/A,N/A,1931149312,1931149312,53477376,N/A,135168,187768832,14,discern-network,S (sleeping),nginx2.bnsdq.ozxfs.laefh.kvugl,2.227533671500481
1759263887,90376,1,N/A,N/A,N/A,N/A,N/A,N/A,N/A,N/A,1264619520,1264619520,17248256,N/A,135168,45826048,4,discern-proc-so,R (running),nginx2.bnsdq.ozxfs.laefh.kvugl,2.6082762447876773
1759263887,80899,1,N/A,N/A,N/A,N/A,N/A,N/A,N/A,N/A,1647706112,1580597248,20467712,N/A,135168,82202624,5,discern-interfa,S (sleeping),nginx2.bnsdq.ozxfs.laefh.kvugl,0.002017026711510826
1759263892,340,1,103,103,103,103,109,109,109,109,250839040,250839040,236257280,N/A,135168,243109888,1,dbus-daemon,S (sleeping),nginx2.bnsdq.ozxfs.laefh.kvugl,0.2952043037031041
1759263892,183,1,N/A,N/A,N/A,N/A,N/A,N/A,N/A,N/A,150335488,116785152,44761088,4096,135168,28184576,1,systemd-journal,S (sleeping),nginx2.bnsdq.ozxfs.laefh.kvugl,0.20687390344349602
1759263892,3275,1,N/A,N/A,N/A,N/A,N/A,N/A,N/A,N/A,1931149312,1931149312,53477376,N/A,135168,187768832,14,discern-network,S (sleeping),nginx2.bnsdq.ozxfs.laefh.kvugl,2.2272968874140155
1759263892,90376,1,N/A,N/A,N/A,N/A,N/A,N/A,N/A,N/A,1264619520,1264619520,17248256,N/A,135168,45826048,4,discern-proc-so,S (sleeping),nginx2.bnsdq.ozxfs.laefh.kvugl,2.6066439094865546
1759263892,80899,1,N/A,N/A,N/A,N/A,N/A,N/A,N/A,N/A,1647706112,1580597248,20467712,N/A,135168,82202624,5,discern-interfa,S (sleeping),nginx2.bnsdq.ozxfs.laefh.kvugl,0.0020066051649663894
1759263897,340,1,103,103,103,103,109,109,109,109,250839040,250839040,236257280,N/A,135168,243109888,1,dbus-daemon,S (sleeping),nginx2.bnsdq.ozxfs.laefh.kvugl,0.294969321243047
1759263897,183,1,N/A,N/A,N/A,N/A,N/A,N/A,N/A,N/A,150335488,116785152,44761088,4096,135168,28184576,1,systemd-journal,S (sleeping),nginx2.bnsdq.ozxfs.laefh.kvugl,0.20670925773191864
1759263897,3275,1,N/A,N/A,N/A,N/A,N/A,N/A,N/A,N/A,1931149312,1931149312,53477376,N/A,135168,187768832,14,discern-network,S (sleeping),nginx2.bnsdq.ozxfs.laefh.kvugl,2.2277029891983724
1759263897,90376,1,N/A,N/A,N/A,N/A,N/A,N/A,N/A,N/A,1264619520,1264619520,17248256,N/A,135168,45826048,4,discern-proc-so,S (sleeping),nginx2.bnsdq.ozxfs.laefh.kvugl,2.6087622728958912
1759263897,80899,1,N/A,N/A,N/A,N/A,N/A,N/A,N/A,N/A,1647706112,1580597248,20467712,N/A,135168,82202624,5,discern-interfa,S (sleeping),nginx2.bnsdq.ozxfs.laefh.kvugl,0.0019962871665195002
1759263903,340,1,103,103,103,103,109,109,109,109,250839040,250839040,236257280,N/A,135168,243109888,1,dbus-daemon,S (sleeping),nginx2.bnsdq.ozxfs.laefh.kvugl,0.29519750103394704
1759263903,183,1,N/A,N/A,N/A,N/A,N/A,N/A,N/A,N/A,150335488,116785152,44761088,4096,135168,28184576,1,systemd-journal,S (sleeping),nginx2.bnsdq.ozxfs.laefh.kvugl,0.20716207423295657
1759263903,3275,1,N/A,N/A,N/A,N/A,N/A,N/A,N/A,N/A,1931149312,1931149312,53477376,N/A,135168,187768832,14,discern-network,S (sleeping),nginx2.bnsdq.ozxfs.laefh.kvugl,2.227944714569959
1759263903,90376,1,N/A,N/A,N/A,N/A,N/A,N/A,N/A,N/A,1264619520,1264619520,17248256,N/A,135168,45826048,4,discern-proc-so,R (running),nginx2.bnsdq.ozxfs.laefh.kvugl,2.60344779062079
1759263903,80899,1,N/A,N/A,N/A,N/A,N/A,N/A,N/A,N/A,1647706112,1580597248,20467712,N/A,135168,82202624,5,discern-interfa,S (sleeping),nginx2.bnsdq.ozxfs.laefh.kvugl,0.001986057790461586
1759263908,340,1,103,103,103,103,109,109,109,109,250839040,250839040,236257280,N/A,135168,243109888,1,dbus-daemon,S (sleeping),nginx2.bnsdq.ozxfs.laefh.kvugl,0.29511633843000495
1759263908,183,1,N/A,N/A,N/A,N/A,N/A,N/A,N/A,N/A,150335488,116785152,44761088,4096,135168,28184576,1,systemd-journal,S (sleeping),nginx2.bnsdq.ozxfs.laefh.kvugl,0.20715112533030194
1759263908,3275,1,N/A,N/A,N/A,N/A,N/A,N/A,N/A,N/A,1931149312,1931149312,53477376,N/A,135168,187768832,14,discern-network,S (sleeping),nginx2.bnsdq.ozxfs.laefh.kvugl,2.2281825919010005
1759263908,90376,1,N/A,N/A,N/A,N/A,N/A,N/A,N/A,N/A,1264619520,1264619520,17248256,N/A,135168,45826048,4,discern-proc-so,S (sleeping),nginx2.bnsdq.ozxfs.laefh.kvugl,2.608946272055966
1759263908,80899,1,N/A,N/A,N/A,N/A,N/A,N/A,N/A,N/A,1647706112,1580597248,20467712,N/A,135168,82202624,5,discern-interfa,S (sleeping),nginx2.bnsdq.ozxfs.laefh.kvugl,0.0019759139112623214
1759263913,340,1,103,103,103,103,109,109,109,109,250839040,250839040,236257280,N/A,135168,243109888,1,dbus-daemon,S (sleeping),nginx2.bnsdq.ozxfs.laefh.kvugl,0.29519014495442303
1759263913,183,1,N/A,N/A,N/A,N/A,N/A,N/A,N/A,N/A,150335488,116785152,44761088,4096,135168,28184576,1,systemd-journal,S (sleeping),nginx2.bnsdq.ozxfs.laefh.kvugl,0.2072948028450123
1759263913,3275,1,N/A,N/A,N/A,N/A,N/A,N/A,N/A,N/A,1931149312,1931149312,53477376,N/A,135168,187768832,14,discern-network,S (sleeping),nginx2.bnsdq.ozxfs.laefh.kvugl,2.2281047646947822
1759263913,90376,1,N/A,N/A,N/A,N/A,N/A,N/A,N/A,N/A,1264619520,1264619520,17248256,N/A,135168,45826048,4,discern-proc-so,R (running),nginx2.bnsdq.ozxfs.laefh.kvugl,2.60737691959726
1759263913,80899,1,N/A,N/A,N/A,N/A,N/A,N/A,N/A,N/A,1647706112,1580597248,20467712,N/A,135168,82202624,5,discern-interfa,S (sleeping),nginx2.bnsdq.ozxfs.laefh.kvugl,0.001965902675591344
1759263918,340,1,103,103,103,103,109,109,109,109,250839040,250839040,236257280,N/A,135168,243109888,1,dbus-daemon,S (sleeping),nginx2.bnsdq.ozxfs.laefh.kvugl,0.2951089715015548
1759263918,183,1,N/A,N/A,N/A,N/A,N/A,N/A,N/A,N/A,150335488,116785152,44761088,4096,135168,28184576,1,systemd-journal,S (sleeping),nginx2.bnsdq.ozxfs.laefh.kvugl,0.2072836628126076
1759263918,3275,1,N/A,N/A,N/A,N/A,N/A,N/A,N/A,N/A,1931149312,1931149312,53477376,N/A,135168,187768832,14,discern-network,S (sleeping),nginx2.bnsdq.ozxfs.laefh.kvugl,2.2280204748687202
1759263918,90376,1,N/A,N/A,N/A,N/A,N/A,N/A,N/A,N/A,1264619520,1264619520,17248256,N/A,135168,45826048,4,discern-proc-so,S (sleeping),nginx2.bnsdq.ozxfs.laefh.kvugl,2.612581481827362
1759263918,80899,1,N/A,N/A,N/A,N/A,N/A,N/A,N/A,N/A,1647706112,1580597248,20467712,N/A,135168,82202624,5,discern-interfa,S (sleeping),nginx2.bnsdq.ozxfs.laefh.kvugl,0.00195595702394035
1759263923,340,1,103,103,103,103,109,109,109,109,250839040,250839040,236257280,N/A,135168,243109888,1,dbus-daemon,S (sleeping),nginx2.bnsdq.ozxfs.laefh.kvugl,0.2950288860358779
1759263923,183,1,N/A,N/A,N/A,N/A,N/A,N/A,N/A,N/A,150335488,116785152,44761088,4096,135168,28184576,1,systemd-journal,S (sleeping),nginx2.bnsdq.ozxfs.laefh.kvugl,0.20758096880351035
1759263923,3275,1,N/A,N/A,N/A,N/A,N/A,N/A,N/A,N/A,1931149312,1931149312,53477376,N/A,135168,187768832,14,discern-network,S (sleeping),nginx2.bnsdq.ozxfs.laefh.kvugl,2.2279438431655922
1759263923,90376,1,N/A,N/A,N/A,N/A,N/A,N/A,N/A,N/A,1264619520,1264619520,17248256,N/A,135168,45826048,4,discern-proc-so,S (sleeping),nginx2.bnsdq.ozxfs.laefh.kvugl,2.611026107765542
1759263923,80899,1,N/A,N/A,N/A,N/A,N/A,N/A,N/A,N/A,1647706112,1580597248,20467712,N/A,135168,82202624,5,discern-interfa,S (sleeping),nginx2.bnsdq.ozxfs.laefh.kvugl,0.0019461513315459623
1759263928,340,1,103,103,103,103,109,109,109,109,250839040,250839040,236257280,N/A,135168,243109888,1,dbus-daemon,S (sleeping),nginx2.bnsdq.ozxfs.laefh.kvugl,0.29494818625777725
1759263928,183,1,N/A,N/A,N/A,N/A,N/A,N/A,N/A,N/A,150335488,116785152,44761088,4096,135168,28184576,1,systemd-journal,S (sleeping),nginx2.bnsdq.ozxfs.laefh.kvugl,0.2075697707151904
1759263928,3275,1,N/A,N/A,N/A,N/A,N/A,N/A,N/A,N/A,1931149312,1931149312,53477376,N/A,135168,187768832,14,discern-network,S (sleeping),nginx2.bnsdq.ozxfs.laefh.kvugl,2.227861529432794
1759263928,90376,1,N/A,N/A,N/A,N/A,N/A,N/A,N/A,N/A,1264619520,1264619520,17248256,N/A,135168,45826048,4,discern-proc-so,S (sleeping),nginx2.bnsdq.ozxfs.laefh.kvugl,2.6160308562659482
1759263928,80899,1,N/A,N/A,N/A,N/A,N/A,N/A,N/A,N/A,1647706112,1580597248,20467712,N/A,135168,82202624,5,discern-interfa,S (sleeping),nginx2.bnsdq.ozxfs.laefh.kvugl,0.0019364128201065282
1759263933,340,1,103,103,103,103,109,109,109,109,250839040,250839040,236257280,N/A,135168,243109888,1,dbus-daemon,S (sleeping),nginx2.bnsdq.ozxfs.laefh.kvugl,0.2948684232292553
1759263933,183,1,N/A,N/A,N/A,N/A,N/A,N/A,N/A,N/A,150335488,116785152,44761088,4096,135168,28184576,1,systemd-journal,S (sleeping),nginx2.bnsdq.ozxfs.laefh.kvugl,0.2077127953645255
1759263933,3275,1,N/A,N/A,N/A,N/A,N/A,N/A,N/A,N/A,1931149312,1931149312,53477376,N/A,135168,187768832,14,discern-network,S (sleeping),nginx2.bnsdq.ozxfs.laefh.kvugl,2.227945574306233
1759263933,90376,1,N/A,N/A,N/A,N/A,N/A,N/A,N/A,N/A,1264619520,1264619520,17248256,N/A,135168,45826048,4,discern-proc-so,R (running),nginx2.bnsdq.ozxfs.laefh.kvugl,2.614483074254434
1759263933,80899,1,N/A,N/A,N/A,N/A,N/A,N/A,N/A,N/A,1647706112,1580597248,20467712,N/A,135168,82202624,5,discern-interfa,S (sleeping),nginx2.bnsdq.ozxfs.laefh.kvugl,0.0019268046247260691
1759263939,340,1,103,103,103,103,109,109,109,109,250839040,250839040,236257280,N/A,135168,243109888,1,dbus-daemon,S (sleeping),nginx2.bnsdq.ozxfs.laefh.kvugl,0.29524936858008394
1759263939,183,1,N/A,N/A,N/A,N/A,N/A,N/A,N/A,N/A,150335488,116785152,44761088,4096,135168,28184576,1,systemd-journal,S (sleeping),nginx2.bnsdq.ozxfs.laefh.kvugl,0.20816259892531316
1759263939,3275,1,N/A,N/A,N/A,N/A,N/A,N/A,N/A,N/A,1931149312,1931149312,53477376,N/A,135168,187768832,14,discern-network,S (sleeping),nginx2.bnsdq.ozxfs.laefh.kvugl,2.2277098172034187
1759263939,90376,1,N/A,N/A,N/A,N/A,N/A,N/A,N/A,N/A,1264619520,1264619520,17248256,N/A,135168,45826048,4,discern-proc-so,R (running),nginx2.bnsdq.ozxfs.laefh.kvugl,2.609767897530339
1759263939,80899,1,N/A,N/A,N/A,N/A,N/A,N/A,N/A,N/A,1647706112,1580597248,20467712,N/A,135168,82202624,5,discern-interfa,S (sleeping),nginx2.bnsdq.ozxfs.laefh.kvugl,0.001917290245637197
1759263944,340,1,103,103,103,103,109,109,109,109,250839040,250839040,236257280,N/A,135168,243109888,1,dbus-daemon,S (sleeping),nginx2.bnsdq.ozxfs.laefh.kvugl,0.29501579753371737
1759263944,183,1,N/A,N/A,N/A,N/A,N/A,N/A,N/A,N/A,150335488,116785152,44761088,4096,135168,28184576,1,systemd-journal,S (sleeping),nginx2.bnsdq.ozxfs.laefh.kvugl,0.20815133815667444
1759263944,3275,1,N/A,N/A,N/A,N/A,N/A,N/A,N/A,N/A,1931149312,1931149312,53477376,N/A,135168,187768832,14,discern-network,S (sleeping),nginx2.bnsdq.ozxfs.laefh.kvugl,2.2277916296115055
1759263944,90376,1,N/A,N/A,N/A,N/A,N/A,N/A,N/A,N/A,1264619520,1264619520,17248256,N/A,135168,45826048,4,discern-proc-so,S (sleeping),nginx2.bnsdq.ozxfs.laefh.kvugl,2.6114836606465293
1759263944,80899,1,N/A,N/A,N/A,N/A,N/A,N/A,N/A,N/A,1647706112,1580597248,20467712,N/A,135168,82202624,5,discern-interfa,S (sleeping),nginx2.bnsdq.ozxfs.laefh.kvugl,0.0019078591942065983
1759263949,340,1,103,103,103,103,109,109,109,109,250839040,250839040,236257280,N/A,135168,243109888,1,dbus-daemon,S (sleeping),nginx2.bnsdq.ozxfs.laefh.kvugl,0.2950893393223642
1759263949,183,1,N/A,N/A,N/A,N/A,N/A,N/A,N/A,N/A,150335488,116785152,44761088,4096,135168,28184576,1,systemd-journal,S (sleeping),nginx2.bnsdq.ozxfs.laefh.kvugl,0.20844674540367372
1759263949,3275,1,N/A,N/A,N/A,N/A,N/A,N/A,N/A,N/A,1931149312,1931149312,53477376,N/A,135168,187768832,14,discern-network,S (sleeping),nginx2.bnsdq.ozxfs.laefh.kvugl,2.2277150750601455
1759263949,90376,1,N/A,N/A,N/A,N/A,N/A,N/A,N/A,N/A,1264619520,1264619520,17248256,N/A,135168,45826048,4,discern-proc-so,R (running),nginx2.bnsdq.ozxfs.laefh.kvugl,2.6069500074263168
1759263949,80899,1,N/A,N/A,N/A,N/A,N/A,N/A,N/A,N/A,1647706112,1580597248,20467712,N/A,135168,82202624,5,discern-interfa,S (sleeping),nginx2.bnsdq.ozxfs.laefh.kvugl,0.0018985265170468363
1759263954,340,1,103,103,103,103,109,109,109,109,250839040,250839040,236257280,N/A,135168,243109888,1,dbus-daemon,S (sleeping),nginx2.bnsdq.ozxfs.laefh.kvugl,0.2951621418394849
1759263954,183,1,N/A,N/A,N/A,N/A,N/A,N/A,N/A,N/A,150335488,116785152,44761088,4096,135168,28184576,1,systemd-journal,S (sleeping),nginx2.bnsdq.ozxfs.laefh.kvugl,0.20858809739729103
1759263954,3275,1,N/A,N/A,N/A,N/A,N/A,N/A,N/A,N/A,1931149312,1931149312,53477376,N/A,135168,187768832,14,discern-network,S (sleeping),nginx2.bnsdq.ozxfs.laefh.kvugl,2.227633757428072
1759263954,90376,1,N/A,N/A,N/A,N/A,N/A,N/A,N/A,N/A,1264619520,1264619520,17248256,N/A,135168,45826048,4,discern-proc-so,R (running),nginx2.bnsdq.ozxfs.laefh.kvugl,2.6116348299003667
1759263954,80899,1,N/A,N/A,N/A,N/A,N/A,N/A,N/A,N/A,1647706112,1580597248,20467712,N/A,135168,82202624,5,discern-interfa,S (sleeping),nginx2.bnsdq.ozxfs.laefh.kvugl,0.0018892601634177058
1759263959,340,1,103,103,103,103,109,109,109,109,250839040,250839040,236257280,N/A,135168,243109888,1,dbus-daemon,S (sleeping),nginx2.bnsdq.ozxfs.laefh.kvugl,0.2950821010625896
1759263959,183,1,N/A,N/A,N/A,N/A,N/A,N/A,N/A,N/A,150335488,129433600,44761088,4096,135168,28184576,1,systemd-journal,S (sleeping),nginx2.bnsdq.ozxfs.laefh.kvugl,0.2087294532237976
1759263959,3275,1,N/A,N/A,N/A,N/A,N/A,N/A,N/A,N/A,1931149312,1931149312,53477376,N/A,135168,187768832,14,discern-network,S (sleeping),nginx2.bnsdq.ozxfs.laefh.kvugl,2.2273958985526576
1759263959,90376,1,N/A,N/A,N/A,N/A,N/A,N/A,N/A,N/A,1264619520,1264619520,17248256,N/A,135168,45826048,4,discern-proc-so,R (running),nginx2.bnsdq.ozxfs.laefh.kvugl,2.610200751527788
1759263959,80899,1,N/A,N/A,N/A,N/A,N/A,N/A,N/A,N/A,1647706112,1580597248,20467712,N/A,135168,82202624,5,discern-interfa,S (sleeping),nginx2.bnsdq.ozxfs.laefh.kvugl,0.0018800961853517046
1759263964,340,1,103,103,103,103,109,109,109,109,250839040,250839040,236257280,N/A,135168,243109888,1,dbus-daemon,S (sleeping),nginx2.bnsdq.ozxfs.laefh.kvugl,0.2950018789247767
1759263964,183,1,N/A,N/A,N/A,N/A,N/A,N/A,N/A,N/A,150335488,129433600,44761088,4096,135168,28184576,1,systemd-journal,S (sleeping),nginx2.bnsdq.ozxfs.laefh.kvugl,0.20887036829992045
1759263964,3275,1,N/A,N/A,N/A,N/A,N/A,N/A,N/A,N/A,1931149312,1931149312,53477376,N/A,135168,187768832,14,discern-network,S (sleeping),nginx2.bnsdq.ozxfs.laefh.kvugl,2.2274741269018006
1759263964,90376,1,N/A,N/A,N/A,N/A,N/A,N/A,N/A,N/A,1264619520,1264619520,17248256,N/A,135168,45826048,4,discern-proc-so,S (sleeping),nginx2.bnsdq.ozxfs.laefh.kvugl,2.6146934028608535
1759263964,80899,1,N/A,N/A,N/A,N/A,N/A,N/A,N/A,N/A,1647706112,1580597248,20467712,N/A,135168,82202624,5,discern-interfa,S (sleeping),nginx2.bnsdq.ozxfs.laefh.kvugl,0.0018710087237031373
1759263970,340,1,103,103,103,103,109,109,109,109,250839040,250839040,236257280,N/A,135168,243109888,1,dbus-daemon,S (sleeping),nginx2.bnsdq.ozxfs.laefh.kvugl,0.29492244161313075
1759263970,183,1,N/A,N/A,N/A,N/A,N/A,N/A,N/A,N/A,150335488,129433600,45330432,4096,135168,28184576,1,systemd-journal,S (sleeping),nginx2.bnsdq.ozxfs.laefh.kvugl,0.2090115294538459
1759263970,3275,1,N/A,N/A,N/A,N/A,N/A,N/A,N/A,N/A,1931149312,1931149312,53477376,N/A,135168,187768832,14,discern-network,S (sleeping),nginx2.bnsdq.ozxfs.laefh.kvugl,2.2272396013073426
1759263970,90376,1,N/A,N/A,N/A,N/A,N/A,N/A,N/A,N/A,1264619520,1264619520,17248256,N/A,135168,45826048,4,discern-proc-so,R (running),nginx2.bnsdq.ozxfs.laefh.kvugl,2.6133184568994148
1759263970,80899,1,N/A,N/A,N/A,N/A,N/A,N/A,N/A,N/A,1647706112,1580597248,20467712,N/A,135168,82202624,5,discern-interfa,S (sleeping),nginx2.bnsdq.ozxfs.laefh.kvugl,0.0018620345401508143
1759263975,340,1,103,103,103,103,109,109,109,109,250839040,250839040,236257280,N/A,135168,243109888,1,dbus-daemon,S (sleeping),nginx2.bnsdq.ozxfs.laefh.kvugl,0.29484227072620145
1759263975,183,1,N/A,N/A,N/A,N/A,N/A,N/A,N/A,N/A,150335488,129433600,45686784,4096,135168,28184576,1,systemd-journal,S (sleeping),nginx2.bnsdq.ozxfs.laefh.kvugl,0.2091518581516968
1759263975,3275,1,N/A,N/A,N/A,N/A,N/A,N/A,N/A,N/A,1931149312,1931149312,53477376,N/A,135168,187768832,14,discern-network,S (sleeping),nginx2.bnsdq.ozxfs.laefh.kvugl,2.2271574739633397
1759263975,90376,1,N/A,N/A,N/A,N/A,N/A,N/A,N/A,N/A,1264619520,1264619520,17248256,N/A,135168,45826048,4,discern-proc-so,R (running),nginx2.bnsdq.ozxfs.laefh.kvugl,2.617599550701331
1759263975,80899,1,N/A,N/A,N/A,N/A,N/A,N/A,N/A,N/A,1647706112,1580597248,20467712,N/A,135168,82202624,5,discern-interfa,S (sleeping),nginx2.bnsdq.ozxfs.laefh.kvugl,0.0018531132996660448
1759263980,340,1,103,103,103,103,109,109,109,109,250839040,250839040,236257280,N/A,135168,243109888,1,dbus-daemon,S (sleeping),nginx2.bnsdq.ozxfs.laefh.kvugl,0.2950679559572469
1759263980,183,1,N/A,N/A,N/A,N/A,N/A,N/A,N/A,N/A,150335488,129433600,45940736,4096,135168,28184576,1,systemd-journal,S (sleeping),nginx2.bnsdq.ozxfs.laefh.kvugl,0.20913984030646618
1759263980,3275,1,N/A,N/A,N/A,N/A,N/A,N/A,N/A,N/A,1931149312,1931149312,53477376,N/A,135168,187768832,14,discern-network,S (sleeping),nginx2.bnsdq.ozxfs.laefh.kvugl,2.2272388032597563
1759263980,90376,1,N/A,N/A,N/A,N/A,N/A,N/A,N/A,N/A,1264619520,1264619520,17248256,N/A,135168,45826048,4,discern-proc-so,S (sleeping),nginx2.bnsdq.ozxfs.laefh.kvugl,2.6161771445095754
1759263980,80899,1,N/A,N/A,N/A,N/A,N/A,N/A,N/A,N/A,1647706112,1580597248,20467712,N/A,135168,82202624,5,discern-interfa,S (sleeping),nginx2.bnsdq.ozxfs.laefh.kvugl,0.0018442992555597617
1759263985,340,1,103,103,103,103,109,109,109,109,250839040,250839040,236257280,N/A,135168,243109888,1,dbus-daemon,S (sleeping),nginx2.bnsdq.ozxfs.laefh.kvugl,0.29514094814282416
1759263985,183,1,N/A,N/A,N/A,N/A,N/A,N/A,N/A,N/A,150335488,129433600,46460928,4096,135168,28184576,1,systemd-journal,S (sleeping),nginx2.bnsdq.ozxfs.laefh.kvugl,0.20958519619249946
1759263985,3275,1,N/A,N/A,N/A,N/A,N/A,N/A,N/A,N/A,1931149312,1931149312,53477376,N/A,135168,187768832,14,discern-network,S (sleeping),nginx2.bnsdq.ozxfs.laefh.kvugl,2.227162323488748
1759263985,90376,1,N/A,N/A,N/A,N/A,N/A,N/A,N/A,N/A,1264619520,1264619520,17248256,N/A,135168,45826048,4,discern-proc-so,R (running),nginx2.bnsdq.ozxfs.laefh.kvugl,2.614813656274896
1759263985,80899,1,N/A,N/A,N/A,N/A,N/A,N/A,N/A,N/A,1647706112,1580597248,20467712,N/A,135168,82202624,5,discern-interfa,S (sleeping),nginx2.bnsdq.ozxfs.laefh.kvugl,0.001835572749324455
1759263990,340,1,103,103,103,103,109,109,109,109,250839040,250839040,236257280,N/A,135168,243109888,1,dbus-daemon,S (sleeping),nginx2.bnsdq.ozxfs.laefh.kvugl,0.2950615891609796
1759263990,183,1,N/A,N/A,N/A,N/A,N/A,N/A,N/A,N/A,150335488,129433600,46592000,4096,135168,28184576,1,systemd-journal,S (sleeping),nginx2.bnsdq.ozxfs.laefh.kvugl,0.2097253073967209
1759263990,3275,1,N/A,N/A,N/A,N/A,N/A,N/A,N/A,N/A,1931149312,1931149312,53477376,N/A,135168,187768832,14,discern-network,S (sleeping),nginx2.bnsdq.ozxfs.laefh.kvugl,2.2274035245249446
1759263990,90376,1,N/A,N/A,N/A,N/A,N/A,N/A,N/A,N/A,1264619520,1264619520,17248256,N/A,135168,45826048,4,discern-proc-so,R (running),nginx2.bnsdq.ozxfs.laefh.kvugl,2.6162608265261063
1759263990,80899,1,N/A,N/A,N/A,N/A,N/A,N/A,N/A,N/A,1647706112,1580597248,20467712,N/A,135168,82202624,5,discern-interfa,S (sleeping),nginx2.bnsdq.ozxfs.laefh.kvugl,0.0018269319714647857
1759263995,340,1,103,103,103,103,109,109,109,109,250839040,250839040,236257280,N/A,135168,243109888,1,dbus-daemon,S (sleeping),nginx2.bnsdq.ozxfs.laefh.kvugl,0.29513468473135696
1759263995,183,1,N/A,N/A,N/A,N/A,N/A,N/A,N/A,N/A,150335488,129433600,46817280,4096,135168,28184576,1,systemd-journal,S (sleeping),nginx2.bnsdq.ozxfs.laefh.kvugl,0.2098652832958298
1759263995,3275,1,N/A,N/A,N/A,N/A,N/A,N/A,N/A,N/A,1931149312,1931149312,53477376,N/A,135168,187768832,14,discern-network,S (sleeping),nginx2.bnsdq.ozxfs.laefh.kvugl,2.2273286993998553
1759263995,90376,1,N/A,N/A,N/A,N/A,N/A,N/A,N/A,N/A,1264619520,1264619520,17248256,N/A,135168,45826048,4,discern-proc-so,R (running),nginx2.bnsdq.ozxfs.laefh.kvugl,2.6122496388918823
1759263995,80899,1,N/A,N/A,N/A,N/A,N/A,N/A,N/A,N/A,1647706112,1580597248,20467712,N/A,135168,82202624,5,discern-interfa,S (sleeping),nginx2.bnsdq.ozxfs.laefh.kvugl,0.00181837646081014
1759264001,340,1,103,103,103,103,109,109,109,109,250839040,250839040,236257280,N/A,135168,243109888,1,dbus-daemon,S (sleeping),nginx2.bnsdq.ozxfs.laefh.kvugl,0.2952064108034665
1759264001,183,1,N/A,N/A,N/A,N/A,N/A,N/A,N/A,N/A,150335488,129433600,46960640,4096,135168,28184576,1,systemd-journal,S (sleeping),nginx2.bnsdq.ozxfs.laefh.kvugl,0.2101562147862384
1759264001,3275,1,N/A,N/A,N/A,N/A,N/A,N/A,N/A,N/A,1931149312,1931149312,53477376,N/A,135168,187768832,14,discern-network,S (sleeping),nginx2.bnsdq.ozxfs.laefh.kvugl,2.227402301527742
1759264001,90376,1,N/A,N/A,N/A,N/A,N/A,N/A,N/A,N/A,1264619520,1264619520,17248256,N/A,135168,45826048,4,discern-proc-so,S (sleeping),nginx2.bnsdq.ozxfs.laefh.kvugl,2.6161952306531884
1759264001,80899,1,N/A,N/A,N/A,N/A,N/A,N/A,N/A,N/A,1647706112,1580597248,20467712,N/A,135168,82202624,5,discern-interfa,S (sleeping),nginx2.bnsdq.ozxfs.laefh.kvugl,0.001809854905583187
1759264006,340,1,103,103,103,103,109,109,109,109,250839040,250839040,236257280,N/A,135168,243109888,1,dbus-daemon,S (sleeping),nginx2.bnsdq.ozxfs.laefh.kvugl,0.2951272286384638
1759264006,183,1,N/A,N/A,N/A,N/A,N/A,N/A,N/A,N/A,150335488,129433600,47108096,4096,135168,28184576,1,systemd-journal,S (sleeping),nginx2.bnsdq.ozxfs.laefh.kvugl,0.21014363092183072
1759264006,3275,1,N/A,N/A,N/A,N/A,N/A,N/A,N/A,N/A,1931149312,1931149312,53477376,N/A,135168,187768832,14,discern-network,S (sleeping),nginx2.bnsdq.ozxfs.laefh.kvugl,2.227327006027294
1759264006,90376,1,N/A,N/A,N/A,N/A,N/A,N/A,N/A,N/A,1264619520,1264619520,17248256,N/A,135168,45826048,4,discern-proc-so,S (sleeping),nginx2.bnsdq.ozxfs.laefh.kvugl,2.6149267474128512
1759264006,80899,1,N/A,N/A,N/A,N/A,N/A,N/A,N/A,N/A,1647706112,1580597248,20467712,N/A,135168,82202624,5,discern-interfa,S (sleeping),nginx2.bnsdq.ozxfs.laefh.kvugl,0.0018014555004659324
1759264011,340,1,103,103,103,103,109,109,109,109,250839040,250839040,236257280,N/A,135168,243109888,1,dbus-daemon,S (sleeping),nginx2.bnsdq.ozxfs.laefh.kvugl,0.29504744442415476
1759264011,183,1,N/A,N/A,N/A,N/A,N/A,N/A,N/A,N/A,150335488,129433600,47230976,4096,135168,28184576,1,systemd-journal,S (sleeping),nginx2.bnsdq.ozxfs.laefh.kvugl,0.21043420470691676
1759264011,3275,1,N/A,N/A,N/A,N/A,N/A,N/A,N/A,N/A,1931149312,1931149312,53477376,N/A,135168,187768832,14,discern-network,S (sleeping),nginx2.bnsdq.ozxfs.laefh.kvugl,2.2272460977560518
1759264011,90376,1,N/A,N/A,N/A,N/A,N/A,N/A,N/A,N/A,1264619520,1264619520,17248256,N/A,135168,45826048,4,discern-proc-so,S (sleeping),nginx2.bnsdq.ozxfs.laefh.kvugl,2.6187982862015473
1759264011,80899,1,N/A,N/A,N/A,N/A,N/A,N/A,N/A,N/A,1647706112,1580597248,20467712,N/A,135168,82202624,5,discern-interfa,S (sleeping),nginx2.bnsdq.ozxfs.laefh.kvugl,0.0017931075504535798
1759264016,340,1,103,103,103,103,109,109,109,109,250839040,250839040,236257280,N/A,135168,243109888,1,dbus-daemon,S (sleeping),nginx2.bnsdq.ozxfs.laefh.kvugl,0.29496860432068567
1759264016,183,1,N/A,N/A,N/A,N/A,N/A,N/A,N/A,N/A,150335488,129433600,47345664,4096,135168,28184576,1,systemd-journal,S (sleeping),nginx2.bnsdq.ozxfs.laefh.kvugl,0.21057320175501662
1759264016,3275,1,N/A,N/A,N/A,N/A,N/A,N/A,N/A,N/A,1931149312,1931149312,53477376,N/A,135168,187768832,14,discern-network,S (sleeping),nginx2.bnsdq.ozxfs.laefh.kvugl,2.2273295699923024
1759264016,90376,1,N/A,N/A,N/A,N/A,N/A,N/A,N/A,N/A,1264619520,1264619520,17248256,N/A,135168,45826048,4,discern-proc-so,S (sleeping),nginx2.bnsdq.ozxfs.laefh.kvugl,2.617543642520597
1759264016,80899,1,N/A,N/A,N/A,N/A,N/A,N/A,N/A,N/A,1647706112,1580597248,20467712,N/A,135168,82202624,5,discern-interfa,S (sleeping),nginx2.bnsdq.ozxfs.laefh.kvugl,0.0017848659994929592
1759264021,340,1,103,103,103,103,109,109,109,109,250839040,250839040,236257280,N/A,135168,243109888,1,dbus-daemon,S (sleeping),nginx2.bnsdq.ozxfs.laefh.kvugl,0.29488893679027717
1759264021,183,1,N/A,N/A,N/A,N/A,N/A,N/A,N/A,N/A,150335488,129433600,47558656,4096,135168,28184576,1,systemd-journal,S (sleeping),nginx2.bnsdq.ozxfs.laefh.kvugl,0.21071130063726884
1759264021,3275,1,N/A,N/A,N/A,N/A,N/A,N/A,N/A,N/A,1931149312,1931149312,53477376,N/A,135168,187768832,14,discern-network,S (sleeping),nginx2.bnsdq.ozxfs.laefh.kvugl,2.227247777122519
1759264021,90376,1,N/A,N/A,N/A,N/A,N/A,N/A,N/A,N/A,1264619520,1264619520,17248256,N/A,135168,45826048,4,discern-proc-so,S (sleeping),nginx2.bnsdq.ozxfs.laefh.kvugl,2.621259813440743
1759264021,80899,1,N/A,N/A,N/A,N/A,N/A,N/A,N/A,N/A,1647706112,1580597248,20467712,N/A,135168,82202624,5,discern-interfa,S (sleeping),nginx2.bnsdq.ozxfs.laefh.kvugl,0.0017766661172102305
1759264026,340,1,103,103,103,103,109,109,109,109,250839040,250839040,236257280,N/A,135168,243109888,1,dbus-daemon,S (sleeping),nginx2.bnsdq.ozxfs.laefh.kvugl,0.2949613990878888
1759264026,183,1,N/A,N/A,N/A,N/A,N/A,N/A,N/A,N/A,150335488,129433600,47665152,4096,135168,28184576,1,systemd-journal,S (sleeping),nginx2.bnsdq.ozxfs.laefh.kvugl,0.21069807472100496
1759264026,3275,1,N/A,N/A,N/A,N/A,N/A,N/A,N/A,N/A,1931149312,1931149312,53477376,N/A,135168,187768832,14,discern-network,S (sleeping),nginx2.bnsdq.ozxfs.laefh.kvugl,2.2271701119758536
1759264026,90376,1,N/A,N/A,N/A,N/A,N/A,N/A,N/A,N/A,1264619520,1264619520,17248256,N/A,135168,45826048,4,discern-proc-so,S (sleeping),nginx2.bnsdq.ozxfs.laefh.kvugl,2.619940396595357
1759264026,80899,1,N/A,N/A,N/A,N/A,N/A,N/A,N/A,N/A,1647706112,1580597248,20467712,N/A,135168,82202624,5,discern-interfa,S (sleeping),nginx2.bnsdq.ozxfs.laefh.kvugl,0.0017685590467137631
1759264032,340,1,103,103,103,103,109,109,109,109,250839040,250839040,236257280,N/A,135168,243109888,1,dbus-daemon,S (sleeping),nginx2.bnsdq.ozxfs.laefh.kvugl,0.29518495986611
1759264032,183,1,N/A,N/A,N/A,N/A,N/A,N/A,N/A,N/A,150335488,129433600,48005120,4096,135168,28184576,1,systemd-journal,S (sleeping),nginx2.bnsdq.ozxfs.laefh.kvugl,0.21113881421972389
1759264032,3275,1,N/A,N/A,N/A,N/A,N/A,N/A,N/A,N/A,1931149312,1931149312,53477376,N/A,135168,187768832,14,discern-network,S (sleeping),nginx2.bnsdq.ozxfs.laefh.kvugl,2.227248659749342
1759264032,90376,1,N/A,N/A,N/A,N/A,N/A,N/A,N/A,N/A,1264619520,1264619520,17248256,N/A,135168,45826048,4,discern-proc-so,S (sleeping),nginx2.bnsdq.ozxfs.laefh.kvugl,2.6186307487621145
1759264032,80899,1,N/A,N/A,N/A,N/A,N/A,N/A,N/A,N/A,1647706112,1580597248,20467712,N/A,135168,82202624,5,discern-interfa,S (sleeping),nginx2.bnsdq.ozxfs.laefh.kvugl,0.0017605199177592706
1759264037,340,1,103,103,103,103,109,109,109,109,250839040,250839040,236257280,N/A,135168,243109888,1,dbus-daemon,S (sleeping),nginx2.bnsdq.ozxfs.laefh.kvugl,0.29510536479545024
1759264037,183,1,N/A,N/A,N/A,N/A,N/A,N/A,N/A,N/A,150335488,129433600,48111616,4096,135168,28184576,1,systemd-journal,S (sleeping),nginx2.bnsdq.ozxfs.laefh.kvugl,0.21127618199023274
1759264037,3275,1,N/A,N/A,N/A,N/A,N/A,N/A,N/A,N/A,1931149312,1931149312,53477376,N/A,135168,187768832,14,discern-network,S (sleeping),nginx2.bnsdq.ozxfs.laefh.kvugl,2.2274820117057788
1759264037,90376,1,N/A,N/A,N/A,N/A,N/A,N/A,N/A,N/A,1264619520,1264619520,17248256,N/A,135168,45826048,4,discern-proc-so,S (sleeping),nginx2.bnsdq.ozxfs.laefh.kvugl,2.6197554807274197
1759264037,80899,1,N/A,N/A,N/A,N/A,N/A,N/A,N/A,N/A,1647706112,1580597248,20467712,N/A,135168,82202624,5,discern-interfa,S (sleeping),nginx2.bnsdq.ozxfs.laefh.kvugl,0.0017525432962990862
1759264042,340,1,103,103,103,103,109,109,109,109,250839040,250839040,236257280,N/A,135168,243109888,1,dbus-daemon,S (sleeping),nginx2.bnsdq.ozxfs.laefh.kvugl,0.29502666342027795
1759264042,183,1,N/A,N/A,N/A,N/A,N/A,N/A,N/A,N/A,150335488,129433600,48242688,4096,135168,28184576,1,systemd-journal,S (sleeping),nginx2.bnsdq.ozxfs.laefh.kvugl,0.21141389502428362
1759264042,3275,1,N/A,N/A,N/A,N/A,N/A,N/A,N/A,N/A,1931149312,1931149312,53477376,N/A,135168,187768832,14,discern-network,S (sleeping),nginx2.bnsdq.ozxfs.laefh.kvugl,2.2275640121370244
1759264042,90376,1,N/A,N/A,N/A,N/A,N/A,N/A,N/A,N/A,1264619520,1264619520,17248256,N/A,135168,45826048,4,discern-proc-so,S (sleeping),nginx2.bnsdq.ozxfs.laefh.kvugl,2.6161367107964626
1759264042,80899,1,N/A,N/A,N/A,N/A,N/A,N/A,N/A,N/A,1647706112,1580597248,20467712,N/A,135168,82202624,5,discern-interfa,S (sleeping),nginx2.bnsdq.ozxfs.laefh.kvugl,0.0017446655295334616
1759264047,340,1,103,103,103,103,109,109,109,109,250839040,250839040,236257280,N/A,135168,243109888,1,dbus-daemon,S (sleeping),nginx2.bnsdq.ozxfs.laefh.kvugl,0.2949473005658504
1759264047,183,1,N/A,N/A,N/A,N/A,N/A,N/A,N/A,N/A,150335488,129433600,48439296,4096,135168,28184576,1,systemd-journal,S (sleeping),nginx2.bnsdq.ozxfs.laefh.kvugl,0.21139982610417923
1759264047,3275,1,N/A,N/A,N/A,N/A,N/A,N/A,N/A,N/A,1931149312,1931149312,53477376,N/A,135168,187768832,14,discern-network,S (sleeping),nginx2.bnsdq.ozxfs.laefh.kvugl,2.227168644567911
1759264047,90376,1,N/A,N/A,N/A,N/A,N/A,N/A,N/A,N/A,1264619520,1264619520,17248256,N/A,135168,45826048,4,discern-proc-so,S (sleeping),nginx2.bnsdq.ozxfs.laefh.kvugl,2.61487899724143
1759264047,80899,1,N/A,N/A,N/A,N/A,N/A,N/A,N/A,N/A,1647706112,1580597248,20467712,N/A,135168,82202624,5,discern-interfa,S (sleeping),nginx2.bnsdq.ozxfs.laefh.kvugl,0.0017368311607978864
1759264052,340,1,103,103,103,103,109,109,109,109,250839040,250839040,236257280,N/A,135168,243109888,1,dbus-daemon,S (sleeping),nginx2.bnsdq.ozxfs.laefh.kvugl,0.2950196776795839
1759264052,183,1,N/A,N/A,N/A,N/A,N/A,N/A,N/A,N/A,150335488,129433600,48558080,4096,135168,28184576,1,systemd-journal,S (sleeping),nginx2.bnsdq.ozxfs.laefh.kvugl,0.21153717360588192
1759264052,3275,1,N/A,N/A,N/A,N/A,N/A,N/A,N/A,N/A,1931149312,1931149312,53477376,N/A,135168,187768832,14,discern-network,S (sleeping),nginx2.bnsdq.ozxfs.laefh.kvugl,2.2270932932836685
1759264052,90376,1,N/A,N/A,N/A,N/A,N/A,N/A,N/A,N/A,1264619520,1264619520,17248256,N/A,135168,45826048,4,discern-proc-so,S (sleeping),nginx2.bnsdq.ozxfs.laefh.kvugl,2.6137516472280558
1759264052,80899,1,N/A,N/A,N/A,N/A,N/A,N/A,N/A,N/A,1647706112,1580597248,20467712,N/A,135168,82202624,5,discern-interfa,S (sleeping),nginx2.bnsdq.ozxfs.laefh.kvugl,0.0017290911578143372
1759264057,340,1,103,103,103,103,109,109,109,109,250839040,250839040,236257280,N/A,135168,243109888,1,dbus-daemon,S (sleeping),nginx2.bnsdq.ozxfs.laefh.kvugl,0.29494046747126085
1759264057,183,1,N/A,N/A,N/A,N/A,N/A,N/A,N/A,N/A,150335488,129433600,48709632,4096,135168,28184576,1,systemd-journal,S (sleeping),nginx2.bnsdq.ozxfs.laefh.kvugl,0.21167381340800376
1759264057,3275,1,N/A,N/A,N/A,N/A,N/A,N/A,N/A,N/A,1931149312,1931149312,53477376,N/A,135168,187768832,14,discern-network,S (sleeping),nginx2.bnsdq.ozxfs.laefh.kvugl,2.2271693942878596
1759264057,90376,1,N/A,N/A,N/A,N/A,N/A,N/A,N/A,N/A,1264619520,1264619520,17248256,N/A,135168,45826048,4,discern-proc-so,S (sleeping),nginx2.bnsdq.ozxfs.laefh.kvugl,2.617209679467366
1759264057,80899,1,N/A,N/A,N/A,N/A,N/A,N/A,N/A,N/A,1647706112,1580597248,20467712,N/A,135168,82202624,5,discern-interfa,S (sleeping),nginx2.bnsdq.ozxfs.laefh.kvugl,0.0017213967576140234
1759264063,340,1,103,103,103,103,109,109,109,109,250839040,250839040,236257280,N/A,135168,243109888,1,dbus-daemon,S (sleeping),nginx2.bnsdq.ozxfs.laefh.kvugl,0.2950125224237293
1759264063,183,1,N/A,N/A,N/A,N/A,N/A,N/A,N/A,N/A,150335488,129433600,48807936,4096,135168,28184576,1,systemd-journal,S (sleeping),nginx2.bnsdq.ozxfs.laefh.kvugl,0.21181057856960794
1759264063,3275,1,N/A,N/A,N/A,N/A,N/A,N/A,N/A,N/A,1931149312,1931149312,53477376,N/A,135168,187768832,14,discern-network,S (sleeping),nginx2.bnsdq.ozxfs.laefh.kvugl,2.227092443147158
1759264063,90376,1,N/A,N/A,N/A,N/A,N/A,N/A,N/A,N/A,1264619520,1264619520,17248256,N/A,135168,45826048,4,discern-proc-so,S (sleeping),nginx2.bnsdq.ozxfs.laefh.kvugl,2.6114538422042344
1759264063,80899,1,N/A,N/A,N/A,N/A,N/A,N/A,N/A,N/A,1647706112,1580597248,20467712,N/A,135168,82202624,5,discern-interfa,S (sleeping),nginx2.bnsdq.ozxfs.laefh.kvugl,0.0017137860004849056
1759264068,340,1,103,103,103,103,109,109,109,109,250839040,250839040,236257280,N/A,135168,243109888,1,dbus-daemon,S (sleeping),nginx2.bnsdq.ozxfs.laefh.kvugl,0.29508045484728973
1759264068,183,1,N/A,N/A,N/A,N/A,N/A,N/A,N/A,N/A,150335488,129433600,49164288,4096,135168,28184576,1,systemd-journal,S (sleeping),nginx2.bnsdq.ozxfs.laefh.kvugl,0.21209478001936274
1759264068,3275,1,N/A,N/A,N/A,N/A,N/A,N/A,N/A,N/A,1931149312,1931149312,53477376,N/A,135168,187768832,14,discern-network,S (sleeping),nginx2.bnsdq.ozxfs.laefh.kvugl,2.2269841350539084
1759264068,90376,1,N/A,N/A,N/A,N/A,N/A,N/A,N/A,N/A,1264619520,1264619520,17248256,N/A,135168,45826048,4,discern-proc-so,S (sleeping),nginx2.bnsdq.ozxfs.laefh.kvugl,2.6052983162741143
1759264068,80899,1,N/A,N/A,N/A,N/A,N/A,N/A,N/A,N/A,1647706112,1580597248,20467712,N/A,135168,82202624,5,discern-interfa,S (sleeping),nginx2.bnsdq.ozxfs.laefh.kvugl,0.0017061108021926758
1759264082,340,1,103,103,103,103,109,109,109,109,250839040,250839040,236257280,N/A,135168,243109888,1,dbus-daemon,S (sleeping),nginx2.bnsdq.ozxfs.laefh.kvugl,0.2950324127804969
1759264082,183,1,N/A,N/A,N/A,N/A,N/A,N/A,N/A,N/A,150335488,129433600,49684480,4096,135168,28184576,1,systemd-journal,S (sleeping),nginx2.bnsdq.ozxfs.laefh.kvugl,0.21267980748044862
1759264082,3275,1,N/A,N/A,N/A,N/A,N/A,N/A,N/A,N/A,1931149312,1931149312,53477376,N/A,135168,187768832,14,discern-network,S (sleeping),nginx2.bnsdq.ozxfs.laefh.kvugl,2.2270463400423077
1759264082,96204,1,N/A,N/A,N/A,N/A,N/A,N/A,N/A,N/A,1264619520,1264619520,16310272,N/A,135168,45826048,4,discern-proc-so,S (sleeping),nginx2.bnsdq.ozxfs.laefh.kvugl,10.044516381435473
1759264082,80899,1,N/A,N/A,N/A,N/A,N/A,N/A,N/A,N/A,1647706112,1580597248,20467712,N/A,135168,82202624,5,discern-interfa,S (sleeping),nginx2.bnsdq.ozxfs.laefh.kvugl,0.0016850674488957482
1759264088,340,1,103,103,103,103,109,109,109,109,250839040,250839040,236257280,N/A,135168,243109888,1,dbus-daemon,S (sleeping),nginx2.bnsdq.ozxfs.laefh.kvugl,0.2951044288551288
1759264088,183,1,N/A,N/A,N/A,N/A,N/A,N/A,N/A,N/A,150335488,129433600,49786880,4096,135168,28184576,1,systemd-journal,S (sleeping),nginx2.bnsdq.ozxfs.laefh.kvugl,0.21281549871943184
1759264088,3275,1,N/A,N/A,N/A,N/A,N/A,N/A,N/A,N/A,1931149312,1931149312,53477376,N/A,135168,187768832,14,discern-network,S (sleeping),nginx2.bnsdq.ozxfs.laefh.kvugl,2.227128179430905
1759264088,96204,1,N/A,N/A,N/A,N/A,N/A,N/A,N/A,N/A,1264619520,1264619520,16863232,N/A,135168,45826048,4,discern-proc-so,S (sleeping),nginx2.bnsdq.ozxfs.laefh.kvugl,3.4717739644253043
1759264088,80899,1,N/A,N/A,N/A,N/A,N/A,N/A,N/A,N/A,1647706112,1580597248,20467712,N/A,135168,82202624,5,discern-interfa,S (sleeping),nginx2.bnsdq.ozxfs.laefh.kvugl,0.001677783458406413
1759264093,340,1,103,103,103,103,109,109,109,109,250839040,250839040,236257280,N/A,135168,243109888,1,dbus-daemon,S (sleeping),nginx2.bnsdq.ozxfs.laefh.kvugl,0.29502555822919924
1759264093,183,1,N/A,N/A,N/A,N/A,N/A,N/A,N/A,N/A,150335488,129433600,50016256,4096,135168,28184576,1,systemd-journal,S (sleeping),nginx2.bnsdq.ozxfs.laefh.kvugl,0.2131003772261969
1759264093,3275,1,N/A,N/A,N/A,N/A,N/A,N/A,N/A,N/A,1931149312,1931149312,53477376,N/A,135168,187768832,14,discern-network,S (sleeping),nginx2.bnsdq.ozxfs.laefh.kvugl,2.2272037200223402
1759264093,96204,1,N/A,N/A,N/A,N/A,N/A,N/A,N/A,N/A,1264619520,1264619520,16998400,N/A,135168,45826048,4,discern-proc-so,S (sleeping),nginx2.bnsdq.ozxfs.laefh.kvugl,3.1196341907535543
1759264093,80899,1,N/A,N/A,N/A,N/A,N/A,N/A,N/A,N/A,1647706112,1580597248,20467712,N/A,135168,82202624,5,discern-interfa,S (sleeping),nginx2.bnsdq.ozxfs.laefh.kvugl,0.001670537638517912
1759264098,340,1,103,103,103,103,109,109,109,109,250839040,250839040,236257280,N/A,135168,243109888,1,dbus-daemon,S (sleeping),nginx2.bnsdq.ozxfs.laefh.kvugl,0.29509794025508895
1759264098,183,1,N/A,N/A,N/A,N/A,N/A,N/A,N/A,N/A,150335488,137785344,52531200,4096,135168,28184576,1,systemd-journal,S (sleeping),nginx2.bnsdq.ozxfs.laefh.kvugl,0.21308602285974562
1759264098,3275,1,N/A,N/A,N/A,N/A,N/A,N/A,N/A,N/A,1931149312,1931149312,53477376,N/A,135168,187768832,14,discern-network,S (sleeping),nginx2.bnsdq.ozxfs.laefh.kvugl,2.227288976839513
1759264098,96204,1,N/A,N/A,N/A,N/A,N/A,N/A,N/A,N/A,1264619520,1264619520,17117184,N/A,135168,45826048,4,discern-proc-so,S (sleeping),nginx2.bnsdq.ozxfs.laefh.kvugl,2.9337233892809955
1759264098,80899,1,N/A,N/A,N/A,N/A,N/A,N/A,N/A,N/A,1647706112,1580597248,20467712,N/A,135168,82202624,5,discern-interfa,S (sleeping),nginx2.bnsdq.ozxfs.laefh.kvugl,0.002495089733182361
1759264103,340,1,103,103,103,103,109,109,109,109,250839040,250839040,236257280,N/A,135168,243109888,1,dbus-daemon,S (sleeping),nginx2.bnsdq.ozxfs.laefh.kvugl,0.29532055815805264
1759264103,183,1,N/A,N/A,N/A,N/A,N/A,N/A,N/A,N/A,150335488,137785344,54063104,4096,135168,28184576,1,systemd-journal,S (sleeping),nginx2.bnsdq.ozxfs.laefh.kvugl,0.2135213246730757
1759264103,3275,1,N/A,N/A,N/A,N/A,N/A,N/A,N/A,N/A,1931149312,1931149312,53477376,N/A,135168,187768832,14,discern-network,S (sleeping),nginx2.bnsdq.ozxfs.laefh.kvugl,2.227223155132043
1759264103,96204,1,N/A,N/A,N/A,N/A,N/A,N/A,N/A,N/A,1264619520,1264619520,17117184,N/A,135168,45826048,4,discern-proc-so,S (sleeping),nginx2.bnsdq.ozxfs.laefh.kvugl,2.6523906625239118
1759264103,80899,1,N/A,N/A,N/A,N/A,N/A,N/A,N/A,N/A,1647706112,1580597248,20467712,N/A,135168,82202624,5,discern-interfa,S (sleeping),nginx2.bnsdq.ozxfs.laefh.kvugl,0.002484492326685814
1759264108,340,1,103,103,103,103,109,109,109,109,250839040,250839040,236257280,N/A,135168,243109888,1,dbus-daemon,S (sleeping),nginx2.bnsdq.ozxfs.laefh.kvugl,0.29539189865823584
1759264108,183,1,N/A,N/A,N/A,N/A,N/A,N/A,N/A,N/A,150335488,137785344,54374400,4096,135168,28184576,1,systemd-journal,S (sleeping),nginx2.bnsdq.ozxfs.laefh.kvugl,0.2136557812059139
1759264108,3275,1,N/A,N/A,N/A,N/A,N/A,N/A,N/A,N/A,1931149312,1931149312,53477376,N/A,135168,187768832,14,discern-network,S (sleeping),nginx2.bnsdq.ozxfs.laefh.kvugl,2.227147238400875
1759264108,96204,1,N/A,N/A,N/A,N/A,N/A,N/A,N/A,N/A,1264619520,1264619520,17117184,N/A,135168,45826048,4,discern-proc-so,S (sleeping),nginx2.bnsdq.ozxfs.laefh.kvugl,2.664351316252609
1759264108,80899,1,N/A,N/A,N/A,N/A,N/A,N/A,N/A,N/A,1647706112,1580597248,20467712,N/A,135168,82202624,5,discern-interfa,S (sleeping),nginx2.bnsdq.ozxfs.laefh.kvugl,0.0024739243347770396
1759264113,340,1,103,103,103,103,109,109,109,109,250839040,250839040,236257280,N/A,135168,243109888,1,dbus-daemon,S (sleeping),nginx2.bnsdq.ozxfs.laefh.kvugl,0.2953145925150143
1759264113,183,1,N/A,N/A,N/A,N/A,N/A,N/A,N/A,N/A,150335488,137785344,54657024,4096,135168,28184576,1,systemd-journal,S (sleeping),nginx2.bnsdq.ozxfs.laefh.kvugl,0.21394025119442436
1759264113,3275,1,N/A,N/A,N/A,N/A,N/A,N/A,N/A,N/A,1931149312,1931149312,53477376,N/A,135168,187768832,14,discern-network,S (sleeping),nginx2.bnsdq.ozxfs.laefh.kvugl,2.22707926918111
1759264113,96204,1,N/A,N/A,N/A,N/A,N/A,N/A,N/A,N/A,1264619520,1264619520,17117184,N/A,135168,45826048,4,discern-proc-so,S (sleeping),nginx2.bnsdq.ozxfs.laefh.kvugl,2.6114104828015914
1759264113,80899,1,N/A,N/A,N/A,N/A,N/A,N/A,N/A,N/A,1647706112,1580597248,20467712,N/A,135168,82202624,5,discern-interfa,S (sleeping),nginx2.bnsdq.ozxfs.laefh.kvugl,0.0024634916694567955
1759264118,340,1,103,103,103,103,109,109,109,109,250839040,250839040,236257280,N/A,135168,243109888,1,dbus-daemon,S (sleeping),nginx2.bnsdq.ozxfs.laefh.kvugl,0.29523576249907474
1759264118,183,1,N/A,N/A,N/A,N/A,N/A,N/A,N/A,N/A,150335488,137785344,54849536,4096,135168,28184576,1,systemd-journal,S (sleeping),nginx2.bnsdq.ozxfs.laefh.kvugl,0.2140737037158668
1759264118,3275,1,N/A,N/A,N/A,N/A,N/A,N/A,N/A,N/A,1931149312,1931149312,53477376,N/A,135168,187768832,14,discern-network,S (sleeping),nginx2.bnsdq.ozxfs.laefh.kvugl,2.226843205078804
1759264118,96204,1,N/A,N/A,N/A,N/A,N/A,N/A,N/A,N/A,1264619520,1264619520,17117184,N/A,135168,45826048,4,discern-proc-so,S (sleeping),nginx2.bnsdq.ozxfs.laefh.kvugl,2.6247065074931855
1759264118,80899,1,N/A,N/A,N/A,N/A,N/A,N/A,N/A,N/A,1647706112,1580597248,20467712,N/A,135168,82202624,5,discern-interfa,S (sleeping),nginx2.bnsdq.ozxfs.laefh.kvugl,0.00245307147606641
1759264124,340,1,103,103,103,103,109,109,109,109,250839040,250839040,236257280,N/A,135168,243109888,1,dbus-daemon,S (sleeping),nginx2.bnsdq.ozxfs.laefh.kvugl,0.2953074536363559
1759264124,183,1,N/A,N/A,N/A,N/A,N/A,N/A,N/A,N/A,150335488,137785344,55107584,4096,135168,28184576,1,systemd-journal,S (sleeping),nginx2.bnsdq.ozxfs.laefh.kvugl,0.21405847749151471
1759264124,3275,1,N/A,N/A,N/A,N/A,N/A,N/A,N/A,N/A,1931149312,1931149312,53477376,N/A,135168,187768832,14,discern-network,S (sleeping),nginx2.bnsdq.ozxfs.laefh.kvugl,2.2269264892891196
1759264124,96204,1,N/A,N/A,N/A,N/A,N/A,N/A,N/A,N/A,1264619520,1264619520,17117184,N/A,135168,45826048,4,discern-proc-so,S (sleeping),nginx2.bnsdq.ozxfs.laefh.kvugl,2.588813958823457
1759264124,80899,1,N/A,N/A,N/A,N/A,N/A,N/A,N/A,N/A,1647706112,1580597248,20467712,N/A,135168,82202624,5,discern-interfa,S (sleeping),nginx2.bnsdq.ozxfs.laefh.kvugl,0.002442789214017423
1759264129,340,1,103,103,103,103,109,109,109,109,250839040,250839040,236257280,N/A,135168,243109888,1,dbus-daemon,S (sleeping),nginx2.bnsdq.ozxfs.laefh.kvugl,0.2955196694544285
1759264129,183,1,N/A,N/A,N/A,N/A,N/A,N/A,N/A,N/A,150335488,137785344,55353344,4096,135168,28184576,1,systemd-journal,S (sleeping),nginx2.bnsdq.ozxfs.laefh.kvugl,0.21448454442884884
1759264129,3275,1,N/A,N/A,N/A,N/A,N/A,N/A,N/A,N/A,1931149312,1931149312,53477376,N/A,135168,187768832,14,discern-network,S (sleeping),nginx2.bnsdq.ozxfs.laefh.kvugl,2.22694261644926
1759264129,96204,1,N/A,N/A,N/A,N/A,N/A,N/A,N/A,N/A,1264619520,1264619520,17117184,N/A,135168,45826048,4,discern-proc-so,S (sleeping),nginx2.bnsdq.ozxfs.laefh.kvugl,2.5713353554575495
1759264129,80899,1,N/A,N/A,N/A,N/A,N/A,N/A,N/A,N/A,1647706112,1580597248,20467712,N/A,135168,82202624,5,discern-interfa,S (sleeping),nginx2.bnsdq.ozxfs.laefh.kvugl,0.002432209724607011
1759264134,340,1,103,103,103,103,109,109,109,109,250839040,250839040,236257280,N/A,135168,243109888,1,dbus-daemon,S (sleeping),nginx2.bnsdq.ozxfs.laefh.kvugl,0.2954422011796123
1759264134,183,1,N/A,N/A,N/A,N/A,N/A,N/A,N/A,N/A,150335488,137785344,55459840,4096,135168,28184576,1,systemd-journal,S (sleeping),nginx2.bnsdq.ozxfs.laefh.kvugl,0.21446920094080868
1759264134,3275,1,N/A,N/A,N/A,N/A,N/A,N/A,N/A,N/A,1931149312,1931149312,53477376,N/A,135168,187768832,14,discern-network,S (sleeping),nginx2.bnsdq.ozxfs.laefh.kvugl,2.2267178133906174
1759264134,96204,1,N/A,N/A,N/A,N/A,N/A,N/A,N/A,N/A,1264619520,1264619520,17117184,N/A,135168,45826048,4,discern-proc-so,S (sleeping),nginx2.bnsdq.ozxfs.laefh.kvugl,2.548093149264983
1759264134,80899,1,N/A,N/A,N/A,N/A,N/A,N/A,N/A,N/A,1647706112,1580597248,20467712,N/A,135168,82202624,5,discern-interfa,S (sleeping),nginx2.bnsdq.ozxfs.laefh.kvugl,0.002422112036836152
1759264139,340,1,103,103,103,103,109,109,109,109,250839040,250839040,236257280,N/A,135168,243109888,1,dbus-daemon,S (sleeping),nginx2.bnsdq.ozxfs.laefh.kvugl,0.2955135001022956
1759264139,183,1,N/A,N/A,N/A,N/A,N/A,N/A,N/A,N/A,150335488,137785344,55656448,4096,135168,28184576,1,systemd-journal,S (sleeping),nginx2.bnsdq.ozxfs.laefh.kvugl,0.21475151124537264
1759264139,3275,1,N/A,N/A,N/A,N/A,N/A,N/A,N/A,N/A,1931149312,1931149312,53477376,N/A,135168,187768832,14,discern-network,S (sleeping),nginx2.bnsdq.ozxfs.laefh.kvugl,2.226955196308197
1759264139,96204,1,N/A,N/A,N/A,N/A,N/A,N/A,N/A,N/A,1264619520,1264619520,17117184,N/A,135168,45826048,4,discern-proc-so,S (sleeping),nginx2.bnsdq.ozxfs.laefh.kvugl,2.5286766937668257
1759264139,80899,1,N/A,N/A,N/A,N/A,N/A,N/A,N/A,N/A,1647706112,1580597248,20467712,N/A,135168,82202624,5,discern-interfa,S (sleeping),nginx2.bnsdq.ozxfs.laefh.kvugl,0.0024120839301634165
1759264144,340,1,103,103,103,103,109,109,109,109,250839040,250839040,236257280,N/A,135168,243109888,1,dbus-daemon,S (sleeping),nginx2.bnsdq.ozxfs.laefh.kvugl,0.29558351305096436
1759264144,183,1,N/A,N/A,N/A,N/A,N/A,N/A,N/A,N/A,150335488,137785344,55820288,4096,135168,28184576,1,systemd-journal,S (sleeping),nginx2.bnsdq.ozxfs.laefh.kvugl,0.21503253008655135
1759264144,3275,1,N/A,N/A,N/A,N/A,N/A,N/A,N/A,N/A,1931149312,1931149312,53477376,N/A,135168,187768832,14,discern-network,S (sleeping),nginx2.bnsdq.ozxfs.laefh.kvugl,2.226873726031911
1759264144,96204,1,N/A,N/A,N/A,N/A,N/A,N/A,N/A,N/A,1264619520,1264619520,17231872,N/A,135168,45826048,4,discern-proc-so,S (sleeping),nginx2.bnsdq.ozxfs.laefh.kvugl,2.574952794303577
1759264144,80899,1,N/A,N/A,N/A,N/A,N/A,N/A,N/A,N/A,1647706112,1580597248,20467712,N/A,135168,82202624,5,discern-interfa,S (sleeping),nginx2.bnsdq.ozxfs.laefh.kvugl,0.0024020871586699745
1759264150,340,1,103,103,103,103,109,109,109,109,250974208,250974208,236257280,N/A,135168,243245056,1,dbus-daemon,S (sleeping),nginx2.bnsdq.ozxfs.laefh.kvugl,0.295505809473084
1759264150,183,1,N/A,N/A,N/A,N/A,N/A,N/A,N/A,N/A,150335488,137785344,55947264,4096,135168,28184576,1,systemd-journal,S (sleeping),nginx2.bnsdq.ozxfs.laefh.kvugl,0.21501653538601886
1759264150,3275,1,N/A,N/A,N/A,N/A,N/A,N/A,N/A,N/A,1931149312,1931149312,53477376,N/A,135168,187768832,14,discern-network,S (sleeping),nginx2.bnsdq.ozxfs.laefh.kvugl,2.226801123946807
1759264150,96204,1,N/A,N/A,N/A,N/A,N/A,N/A,N/A,N/A,1264619520,1264619520,17235968,N/A,135168,45826048,4,discern-proc-so,S (sleeping),nginx2.bnsdq.ozxfs.laefh.kvugl,2.571095656098408
1759264150,80899,1,N/A,N/A,N/A,N/A,N/A,N/A,N/A,N/A,1647706112,1580597248,20467712,N/A,135168,82202624,5,discern-interfa,S (sleeping),nginx2.bnsdq.ozxfs.laefh.kvugl,0.0023922215262803964
1759264155,340,1,103,103,103,103,109,109,109,109,250974208,250974208,236257280,N/A,135168,243245056,1,dbus-daemon,S (sleeping),nginx2.bnsdq.ozxfs.laefh.kvugl,0.29557577873331947
1759264155,183,1,N/A,N/A,N/A,N/A,N/A,N/A,N/A,N/A,150335488,137785344,56164352,4096,135168,28184576,1,systemd-journal,S (sleeping),nginx2.bnsdq.ozxfs.laefh.kvugl,0.2154455467288812
1759264155,3275,1,N/A,N/A,N/A,N/A,N/A,N/A,N/A,N/A,1931149312,1931149312,53477376,N/A,135168,187768832,14,discern-network,S (sleeping),nginx2.bnsdq.ozxfs.laefh.kvugl,2.2267203345196545
1759264155,96204,1,N/A,N/A,N/A,N/A,N/A,N/A,N/A,N/A,1264619520,1264619520,17235968,N/A,135168,45826048,4,discern-proc-so,S (sleeping),nginx2.bnsdq.ozxfs.laefh.kvugl,2.5805850415076397
1759264155,80899,1,N/A,N/A,N/A,N/A,N/A,N/A,N/A,N/A,1647706112,1580597248,20467712,N/A,135168,82202624,5,discern-interfa,S (sleeping),nginx2.bnsdq.ozxfs.laefh.kvugl,0.002382390671096337
1759264160,340,1,103,103,103,103,109,109,109,109,250974208,250974208,236257280,N/A,135168,243245056,1,dbus-daemon,S (sleeping),nginx2.bnsdq.ozxfs.laefh.kvugl,0.2957898136048473
1759264160,97238,1,N/A,N/A,N/A,N/A,N/A,N/A,N/A,N/A,1332092928,1332092928,115220480,N/A,135168,146886656,4,discern-file-so,S (sleeping),nginx2.bnsdq.ozxfs.laefh.kvugl,34.23366658366754
1759264160,183,1,N/A,N/A,N/A,N/A,N/A,N/A,N/A,N/A,150335488,137785344,56389632,4096,135168,28184576,1,systemd-journal,S (sleeping),nginx2.bnsdq.ozxfs.laefh.kvugl,0.2158707311331897
1759264160,3275,1,N/A,N/A,N/A,N/A,N/A,N/A,N/A,N/A,1931149312,1931149312,53477376,N/A,135168,187768832,14,discern-network,S (sleeping),nginx2.bnsdq.ozxfs.laefh.kvugl,2.226759997771054
1759264160,96204,1,N/A,N/A,N/A,N/A,N/A,N/A,N/A,N/A,1264619520,1264619520,17235968,N/A,135168,45826048,4,discern-proc-so,S (sleeping),nginx2.bnsdq.ozxfs.laefh.kvugl,2.61103072024972
1759264165,340,1,103,103,103,103,109,109,109,109,250974208,250974208,236257280,N/A,135168,243245056,1,dbus-daemon,S (sleeping),nginx2.bnsdq.ozxfs.laefh.kvugl,0.2958563633660896
1759264165,97238,1,N/A,N/A,N/A,N/A,N/A,N/A,N/A,N/A,1400188928,1400188928,148123648,N/A,135168,185622528,4,discern-file-so,D (disk sleep),nginx2.bnsdq.ozxfs.laefh.kvugl,63.295500452080766
1759264165,183,1,N/A,N/A,N/A,N/A,N/A,N/A,N/A,N/A,150335488,137785344,56389632,4096,135168,28184576,1,systemd-journal,S (sleeping),nginx2.bnsdq.ozxfs.laefh.kvugl,0.21614780991197344
1759264165,3275,1,N/A,N/A,N/A,N/A,N/A,N/A,N/A,N/A,1931149312,1931149312,53477376,N/A,135168,187768832,14,discern-network,S (sleeping),nginx2.bnsdq.ozxfs.laefh.kvugl,2.2260386157250545
1759264165,96204,1,N/A,N/A,N/A,N/A,N/A,N/A,N/A,N/A,1264619520,1264619520,17235968,N/A,135168,45826048,4,discern-proc-so,S (sleeping),nginx2.bnsdq.ozxfs.laefh.kvugl,2.578847362711644
1759264171,340,1,103,103,103,103,109,109,109,109,250974208,250974208,236257280,N/A,135168,243245056,1,dbus-daemon,S (sleeping),nginx2.bnsdq.ozxfs.laefh.kvugl,0.29562423558280976
1759264171,97238,1,N/A,N/A,N/A,N/A,N/A,N/A,N/A,N/A,1534545920,1534545920,235864064,N/A,135168,303202304,4,discern-file-so,S (sleeping),nginx2.bnsdq.ozxfs.laefh.kvugl,64.8302241512012
1759264171,3275,1,N/A,N/A,N/A,N/A,N/A,N/A,N/A,N/A,1931149312,1931149312,53477376,N/A,135168,187768832,14,discern-network,S (sleeping),nginx2.bnsdq.ozxfs.laefh.kvugl,2.2254565780335867
1759264171,183,1,N/A,N/A,N/A,N/A,N/A,N/A,N/A,N/A,150335488,137785344,56389632,4096,135168,28184576,1,systemd-journal,S (sleeping),nginx2.bnsdq.ozxfs.laefh.kvugl,0.21657117475660312
1759264171,96204,1,N/A,N/A,N/A,N/A,N/A,N/A,N/A,N/A,1264619520,1264619520,17235968,N/A,135168,45826048,4,discern-proc-so,S (sleeping),nginx2.bnsdq.ozxfs.laefh.kvugl,2.5828063236774756
1759264176,340,1,103,103,103,103,109,109,109,109,250974208,250974208,236257280,N/A,135168,243245056,1,dbus-daemon,S (sleeping),nginx2.bnsdq.ozxfs.laefh.kvugl,0.295539672026325
1759264176,97238,1,N/A,N/A,N/A,N/A,N/A,N/A,N/A,N/A,1534545920,1534545920,235864064,N/A,135168,303202304,5,discern-file-so,S (sleeping),nginx2.bnsdq.ozxfs.laefh.kvugl,64.31387152064424
1759264176,3275,1,N/A,N/A,N/A,N/A,N/A,N/A,N/A,N/A,1931149312,1931149312,53477376,N/A,135168,187768832,14,discern-network,S (sleeping),nginx2.bnsdq.ozxfs.laefh.kvugl,2.224714016013501
1759264176,183,1,N/A,N/A,N/A,N/A,N/A,N/A,N/A,N/A,150335488,137785344,56389632,4096,135168,28184576,1,systemd-journal,S (sleeping),nginx2.bnsdq.ozxfs.laefh.kvugl,0.21669696120647314
1759264176,96204,1,N/A,N/A,N/A,N/A,N/A,N/A,N/A,N/A,1264619520,1264619520,17235968,N/A,135168,45826048,4,discern-proc-so,S (sleeping),nginx2.bnsdq.ozxfs.laefh.kvugl,2.5751281160201858
1759264181,340,1,103,103,103,103,109,109,109,109,250974208,250974208,236257280,N/A,135168,243245056,1,dbus-daemon,S (sleeping),nginx2.bnsdq.ozxfs.laefh.kvugl,0.29575807000109333
1759264181,3275,1,N/A,N/A,N/A,N/A,N/A,N/A,N/A,N/A,1931149312,1931149312,53477376,N/A,135168,187768832,14,discern-network,S (sleeping),nginx2.bnsdq.ozxfs.laefh.kvugl,2.224333352334003
1759264181,183,1,N/A,N/A,N/A,N/A,N/A,N/A,N/A,N/A,150335488,137785344,56389632,4096,135168,28184576,1,systemd-journal,S (sleeping),nginx2.bnsdq.ozxfs.laefh.kvugl,0.21727155504519213
1759264181,96204,1,N/A,N/A,N/A,N/A,N/A,N/A,N/A,N/A,1264619520,1264619520,17235968,N/A,135168,45826048,4,discern-proc-so,S (sleeping),nginx2.bnsdq.ozxfs.laefh.kvugl,2.5522006303945726
1759264181,80899,1,N/A,N/A,N/A,N/A,N/A,N/A,N/A,N/A,1647706112,1580597248,20467712,N/A,135168,82202624,5,discern-interfa,S (sleeping),nginx2.bnsdq.ozxfs.laefh.kvugl,0.0023336822280190556
1759264186,340,1,103,103,103,103,109,109,109,109,250974208,250974208,236257280,N/A,135168,243245056,1,dbus-daemon,S (sleeping),nginx2.bnsdq.ozxfs.laefh.kvugl,0.29568052985722276
1759264186,3275,1,N/A,N/A,N/A,N/A,N/A,N/A,N/A,N/A,1931149312,1931149312,53477376,N/A,135168,187768832,14,discern-network,S (sleeping),nginx2.bnsdq.ozxfs.laefh.kvugl,2.22441579952632
1759264186,183,1,N/A,N/A,N/A,N/A,N/A,N/A,N/A,N/A,150335488,137785344,56389632,4096,135168,28184576,1,systemd-journal,S (sleeping),nginx2.bnsdq.ozxfs.laefh.kvugl,0.2175496324673999
1759264186,96204,1,N/A,N/A,N/A,N/A,N/A,N/A,N/A,N/A,1264619520,1264619520,17235968,N/A,135168,45826048,4,discern-proc-so,S (sleeping),nginx2.bnsdq.ozxfs.laefh.kvugl,2.541186379317036
1759264186,80899,1,N/A,N/A,N/A,N/A,N/A,N/A,N/A,N/A,1647706112,1580597248,20467712,N/A,135168,82202624,5,discern-interfa,S (sleeping),nginx2.bnsdq.ozxfs.laefh.kvugl,0.002324364034464588
1759264191,340,1,103,103,103,103,109,109,109,109,250974208,250974208,236257280,N/A,135168,243245056,1,dbus-daemon,S (sleeping),nginx2.bnsdq.ozxfs.laefh.kvugl,0.29575124735457303
1759264191,3275,1,N/A,N/A,N/A,N/A,N/A,N/A,N/A,N/A,1931149312,1931149312,53477376,N/A,135168,187768832,14,discern-network,S (sleeping),nginx2.bnsdq.ozxfs.laefh.kvugl,2.224193723385544
1759264191,183,1,N/A,N/A,N/A,N/A,N/A,N/A,N/A,N/A,150335488,137785344,56389632,4096,135168,28184576,1,systemd-journal,S (sleeping),nginx2.bnsdq.ozxfs.laefh.kvugl,0.21753197816667755
1759264191,96204,1,N/A,N/A,N/A,N/A,N/A,N/A,N/A,N/A,1264619520,1264619520,17235968,N/A,135168,45826048,4,discern-proc-so,S (sleeping),nginx2.bnsdq.ozxfs.laefh.kvugl,2.5222796182784175
1759264191,80899,1,N/A,N/A,N/A,N/A,N/A,N/A,N/A,N/A,1647706112,1580597248,20467712,N/A,135168,82202624,5,discern-interfa,S (sleeping),nginx2.bnsdq.ozxfs.laefh.kvugl,0.0023151337050344883
1759264196,340,1,103,103,103,103,109,109,109,109,250974208,250974208,236257280,N/A,135168,243245056,1,dbus-daemon,S (sleeping),nginx2.bnsdq.ozxfs.laefh.kvugl,0.2956727707726903
1759264197,3275,1,N/A,N/A,N/A,N/A,N/A,N/A,N/A,N/A,1931149312,1931149312,53477376,N/A,135168,187768832,14,discern-network,S (sleeping),nginx2.bnsdq.ozxfs.laefh.kvugl,2.2241144753135287
1759264197,183,1,N/A,N/A,N/A,N/A,N/A,N/A,N/A,N/A,150335488,137785344,56389632,4096,135168,28184576,1,systemd-journal,S (sleeping),nginx2.bnsdq.ozxfs.laefh.kvugl,0.21780865324320559
1759264197,96204,1,N/A,N/A,N/A,N/A,N/A,N/A,N/A,N/A,1264619520,1264619520,17235968,N/A,135168,45826048,4,discern-proc-so,S (sleeping),nginx2.bnsdq.ozxfs.laefh.kvugl,2.5478441680095996
1759264197,80899,1,N/A,N/A,N/A,N/A,N/A,N/A,N/A,N/A,1647706112,1580597248,20467712,N/A,135168,82202624,5,discern-interfa,S (sleeping),nginx2.bnsdq.ozxfs.laefh.kvugl,0.0023059197974999363
1759264202,340,1,103,103,103,103,109,109,109,109,250974208,250974208,236257280,N/A,135168,243245056,1,dbus-daemon,S (sleeping),nginx2.bnsdq.ozxfs.laefh.kvugl,0.2955956803797886
1759264202,3275,1,N/A,N/A,N/A,N/A,N/A,N/A,N/A,N/A,1931149312,1931149312,53477376,N/A,135168,187768832,14,discern-network,S (sleeping),nginx2.bnsdq.ozxfs.laefh.kvugl,2.2240452495219696
1759264202,183,1,N/A,N/A,N/A,N/A,N/A,N/A,N/A,N/A,150335488,137785344,56389632,4096,135168,28184576,1,systemd-journal,S (sleeping),nginx2.bnsdq.ozxfs.laefh.kvugl,0.21793828516450992
1759264202,96204,1,N/A,N/A,N/A,N/A,N/A,N/A,N/A,N/A,1264619520,1264619520,17235968,N/A,135168,45826048,4,discern-proc-so,S (sleeping),nginx2.bnsdq.ozxfs.laefh.kvugl,2.5385350977211125
1759264202,80899,1,N/A,N/A,N/A,N/A,N/A,N/A,N/A,N/A,1647706112,1580597248,20467712,N/A,135168,82202624,5,discern-interfa,S (sleeping),nginx2.bnsdq.ozxfs.laefh.kvugl,0.002296829837489958
1759264207,340,1,103,103,103,103,109,109,109,109,250974208,250974208,236257280,N/A,135168,243245056,1,dbus-daemon,S (sleeping),nginx2.bnsdq.ozxfs.laefh.kvugl,0.2956653687628982
1759264207,3275,1,N/A,N/A,N/A,N/A,N/A,N/A,N/A,N/A,1931149312,1931149312,53477376,N/A,135168,187768832,14,discern-network,S (sleeping),nginx2.bnsdq.ozxfs.laefh.kvugl,2.224429328877642
1759264207,183,1,N/A,N/A,N/A,N/A,N/A,N/A,N/A,N/A,150335488,137785344,56389632,4096,135168,28184576,1,systemd-journal,S (sleeping),nginx2.bnsdq.ozxfs.laefh.kvugl,0.2180671286827972
1759264207,96204,1,N/A,N/A,N/A,N/A,N/A,N/A,N/A,N/A,1264619520,1264619520,17235968,N/A,135168,45826048,4,discern-proc-so,S (sleeping),nginx2.bnsdq.ozxfs.laefh.kvugl,2.5535591604465924
1759264207,80899,1,N/A,N/A,N/A,N/A,N/A,N/A,N/A,N/A,1647706112,1580597248,20467712,N/A,135168,82202624,5,discern-interfa,S (sleeping),nginx2.bnsdq.ozxfs.laefh.kvugl,0.0022877791591227143
1759264212,340,1,103,103,103,103,109,109,109,109,250974208,250974208,236257280,N/A,135168,243245056,1,dbus-daemon,S (sleeping),nginx2.bnsdq.ozxfs.laefh.kvugl,0.29558835672445516
1759264212,3275,1,N/A,N/A,N/A,N/A,N/A,N/A,N/A,N/A,1931149312,1931149312,53477376,N/A,135168,187768832,14,discern-network,S (sleeping),nginx2.bnsdq.ozxfs.laefh.kvugl,2.224512626019856
1759264212,183,1,N/A,N/A,N/A,N/A,N/A,N/A,N/A,N/A,150335488,137785344,56389632,4096,135168,28184576,1,systemd-journal,S (sleeping),nginx2.bnsdq.ozxfs.laefh.kvugl,0.21834366229882118
1759264212,96204,1,N/A,N/A,N/A,N/A,N/A,N/A,N/A,N/A,1264619520,1264619520,17235968,N/A,135168,45826048,4,discern-proc-so,S (sleeping),nginx2.bnsdq.ozxfs.laefh.kvugl,2.5524025055136024
1759264212,80899,1,N/A,N/A,N/A,N/A,N/A,N/A,N/A,N/A,1647706112,1580597248,20467712,N/A,135168,82202624,5,discern-interfa,S (sleeping),nginx2.bnsdq.ozxfs.laefh.kvugl,0.0022788293137841645
1759264217,340,1,103,103,103,103,109,109,109,109,250974208,250974208,236257280,N/A,135168,243245056,1,dbus-daemon,S (sleeping),nginx2.bnsdq.ozxfs.laefh.kvugl,0.2958068353906145
1759264217,3275,1,N/A,N/A,N/A,N/A,N/A,N/A,N/A,N/A,1931149312,1931149312,53477376,N/A,135168,187768832,14,discern-network,S (sleeping),nginx2.bnsdq.ozxfs.laefh.kvugl,2.2244499026694795
1759264217,183,1,N/A,N/A,N/A,N/A,N/A,N/A,N/A,N/A,154570752,104275968,56389632,4096,135168,28184576,1,systemd-journal,S (sleeping),nginx2.bnsdq.ozxfs.laefh.kvugl,0.21876766121805036
1759264217,80899,1,N/A,N/A,N/A,N/A,N/A,N/A,N/A,N/A,1647706112,1580597248,20467712,N/A,135168,82202624,5,discern-interfa,S (sleeping),nginx2.bnsdq.ozxfs.laefh.kvugl,0.002269985151855518
1759264217,96204,1,N/A,N/A,N/A,N/A,N/A,N/A,N/A,N/A,1264619520,1264619520,17235968,N/A,135168,45826048,4,discern-proc-so,S (sleeping),nginx2.bnsdq.ozxfs.laefh.kvugl,2.5369733939944856
1759264222,340,1,103,103,103,103,109,109,109,109,250974208,250974208,236257280,N/A,135168,243245056,1,dbus-daemon,S (sleeping),nginx2.bnsdq.ozxfs.laefh.kvugl,0.29558468117841735
1759264222,3275,1,N/A,N/A,N/A,N/A,N/A,N/A,N/A,N/A,1931149312,1931149312,53477376,N/A,135168,187768832,14,discern-network,S (sleeping),nginx2.bnsdq.ozxfs.laefh.kvugl,2.2245485345270994
1759264222,183,1,N/A,N/A,N/A,N/A,N/A,N/A,N/A,N/A,154570752,104275968,56389632,4096,135168,28184576,1,systemd-journal,S (sleeping),nginx2.bnsdq.ozxfs.laefh.kvugl,0.21875049705221275
1759264222,96204,1,N/A,N/A,N/A,N/A,N/A,N/A,N/A,N/A,1264619520,1264619520,17235968,N/A,135168,45826048,4,discern-proc-so,S (sleeping),nginx2.bnsdq.ozxfs.laefh.kvugl,2.5089031259713748
1759264222,80899,1,N/A,N/A,N/A,N/A,N/A,N/A,N/A,N/A,1647706112,1580597248,20467712,N/A,135168,82202624,5,discern-interfa,S (sleeping),nginx2.bnsdq.ozxfs.laefh.kvugl,0.0022612513732012214
1759264227,340,1,103,103,103,103,109,109,109,109,250974208,250974208,236257280,N/A,135168,243245056,1,dbus-daemon,S (sleeping),nginx2.bnsdq.ozxfs.laefh.kvugl,0.2958009850958314
1759264227,3275,1,N/A,N/A,N/A,N/A,N/A,N/A,N/A,N/A,1931149312,1931149312,53477376,N/A,135168,187768832,14,discern-network,S (sleeping),nginx2.bnsdq.ozxfs.laefh.kvugl,2.2246240954296908
1759264227,183,1,N/A,N/A,N/A,N/A,N/A,N/A,N/A,N/A,154570752,104275968,56389632,4096,135168,28184576,1,systemd-journal,S (sleeping),nginx2.bnsdq.ozxfs.laefh.kvugl,0.21887818541503545
1759264227,96204,1,N/A,N/A,N/A,N/A,N/A,N/A,N/A,N/A,1264619520,1264619520,17235968,N/A,135168,45826048,4,discern-proc-so,S (sleeping),nginx2.bnsdq.ozxfs.laefh.kvugl,2.5090692596028816
1759264227,80899,1,N/A,N/A,N/A,N/A,N/A,N/A,N/A,N/A,1647706112,1580597248,20467712,N/A,135168,82202624,5,discern-interfa,S (sleeping),nginx2.bnsdq.ozxfs.laefh.kvugl,0.0022524705353974277
1759264233,340,1,103,103,103,103,109,109,109,109,250974208,250974208,236257280,N/A,135168,243245056,1,dbus-daemon,S (sleeping),nginx2.bnsdq.ozxfs.laefh.kvugl,0.29572317508174867
1759264233,3275,1,N/A,N/A,N/A,N/A,N/A,N/A,N/A,N/A,1931149312,1931149312,53477376,N/A,135168,187768832,14,discern-network,S (sleeping),nginx2.bnsdq.ozxfs.laefh.kvugl,2.224699750545696
1759264233,183,1,N/A,N/A,N/A,N/A,N/A,N/A,N/A,N/A,154570752,104275968,56389632,4096,135168,28184576,1,systemd-journal,S (sleeping),nginx2.bnsdq.ozxfs.laefh.kvugl,0.21900569769398684
1759264233,96204,1,N/A,N/A,N/A,N/A,N/A,N/A,N/A,N/A,1264619520,1264619520,17235968,N/A,135168,45826048,4,discern-proc-so,S (sleeping),nginx2.bnsdq.ozxfs.laefh.kvugl,2.52909504918539
1759264233,80899,1,N/A,N/A,N/A,N/A,N/A,N/A,N/A,N/A,1647706112,1580597248,20467712,N/A,135168,82202624,5,discern-interfa,S (sleeping),nginx2.bnsdq.ozxfs.laefh.kvugl,0.002243758528139276
1759264238,340,1,103,103,103,103,109,109,109,109,250974208,250974208,236257280,N/A,135168,243245056,1,dbus-daemon,S (sleeping),nginx2.bnsdq.ozxfs.laefh.kvugl,0.29564587153783284
1759264238,3275,1,N/A,N/A,N/A,N/A,N/A,N/A,N/A,N/A,1931149312,1931149312,53477376,N/A,135168,187768832,14,discern-network,S (sleeping),nginx2.bnsdq.ozxfs.laefh.kvugl,2.2243210034543788
1759264238,183,1,N/A,N/A,N/A,N/A,N/A,N/A,N/A,N/A,154570752,104275968,56389632,4096,135168,28184576,1,systemd-journal,S (sleeping),nginx2.bnsdq.ozxfs.laefh.kvugl,0.2191333080198294
1759264238,96204,1,N/A,N/A,N/A,N/A,N/A,N/A,N/A,N/A,1264619520,1264619520,17235968,N/A,135168,45826048,4,discern-proc-so,S (sleeping),nginx2.bnsdq.ozxfs.laefh.kvugl,2.5351394294959526
1759264238,80899,1,N/A,N/A,N/A,N/A,N/A,N/A,N/A,N/A,1647706112,1580597248,20467712,N/A,135168,82202624,5,discern-interfa,S (sleeping),nginx2.bnsdq.ozxfs.laefh.kvugl,0.0022351287143024096
1759264243,340,1,103,103,103,103,109,109,109,109,250974208,250974208,236257280,N/A,135168,243245056,1,dbus-daemon,S (sleeping),nginx2.bnsdq.ozxfs.laefh.kvugl,0.29571502999964644
1759264243,3275,1,N/A,N/A,N/A,N/A,N/A,N/A,N/A,N/A,1931149312,1931149312,53477376,N/A,135168,187768832,14,discern-network,S (sleeping),nginx2.bnsdq.ozxfs.laefh.kvugl,2.2245495016954258
1759264243,183,1,N/A,N/A,N/A,N/A,N/A,N/A,N/A,N/A,154570752,104275968,56389632,4096,135168,28184576,1,systemd-journal,S (sleeping),nginx2.bnsdq.ozxfs.laefh.kvugl,0.2192604755466358
1759264243,96204,1,N/A,N/A,N/A,N/A,N/A,N/A,N/A,N/A,1264619520,1264619520,17235968,N/A,135168,45826048,4,discern-proc-so,S (sleeping),nginx2.bnsdq.ozxfs.laefh.kvugl,2.55306861387683
1759264243,80899,1,N/A,N/A,N/A,N/A,N/A,N/A,N/A,N/A,1647706112,1580597248,20467712,N/A,135168,82202624,5,discern-interfa,S (sleeping),nginx2.bnsdq.ozxfs.laefh.kvugl,0.002226552410084649
1759264248,340,1,103,103,103,103,109,109,109,109,250974208,250974208,236257280,N/A,135168,243245056,1,dbus-daemon,S (sleeping),nginx2.bnsdq.ozxfs.laefh.kvugl,0.29563810291530496
1759264248,3275,1,N/A,N/A,N/A,N/A,N/A,N/A,N/A,N/A,1931149312,1931149312,53477376,N/A,135168,187768832,14,discern-network,S (sleeping),nginx2.bnsdq.ozxfs.laefh.kvugl,2.224477853903012
1759264248,183,1,N/A,N/A,N/A,N/A,N/A,N/A,N/A,N/A,154570752,104275968,56389632,4096,135168,28184576,1,systemd-journal,S (sleeping),nginx2.bnsdq.ozxfs.laefh.kvugl,0.21938788622124644
1759264248,96204,1,N/A,N/A,N/A,N/A,N/A,N/A,N/A,N/A,1264619520,1264619520,17235968,N/A,135168,45826048,4,discern-proc-so,S (sleeping),nginx2.bnsdq.ozxfs.laefh.kvugl,2.5460740213264734
1759264248,80899,1,N/A,N/A,N/A,N/A,N/A,N/A,N/A,N/A,1647706112,1580597248,20467712,N/A,135168,82202624,5,discern-interfa,S (sleeping),nginx2.bnsdq.ozxfs.laefh.kvugl,0.0022180637734514875
1759264253,340,1,103,103,103,103,109,109,109,109,250974208,250974208,236257280,N/A,135168,243245056,1,dbus-daemon,S (sleeping),nginx2.bnsdq.ozxfs.laefh.kvugl,0.29570685091984866
1759264253,3275,1,N/A,N/A,N/A,N/A,N/A,N/A,N/A,N/A,1931149312,1931149312,53477376,N/A,135168,187768832,14,discern-network,S (sleeping),nginx2.bnsdq.ozxfs.laefh.kvugl,2.224703407078755
1759264253,183,1,N/A,N/A,N/A,N/A,N/A,N/A,N/A,N/A,154570752,104275968,56389632,4096,135168,28184576,1,systemd-journal,S (sleeping),nginx2.bnsdq.ozxfs.laefh.kvugl,0.2193679920883231
1759264253,96204,1,N/A,N/A,N/A,N/A,N/A,N/A,N/A,N/A,1264619520,1264619520,17235968,N/A,135168,45826048,4,discern-proc-so,S (sleeping),nginx2.bnsdq.ozxfs.laefh.kvugl,2.5683094468230974
1759264253,80899,1,N/A,N/A,N/A,N/A,N/A,N/A,N/A,N/A,1647706112,1580597248,20467712,N/A,135168,82202624,5,discern-interfa,S (sleeping),nginx2.bnsdq.ozxfs.laefh.kvugl,0.0022096054031507002
1759264258,340,1,103,103,103,103,109,109,109,109,250974208,250974208,236257280,N/A,135168,243245056,1,dbus-daemon,S (sleeping),nginx2.bnsdq.ozxfs.laefh.kvugl,0.29563011775807
1759264258,3275,1,N/A,N/A,N/A,N/A,N/A,N/A,N/A,N/A,1931149312,1931149312,53477376,N/A,135168,187768832,14,discern-network,S (sleeping),nginx2.bnsdq.ozxfs.laefh.kvugl,2.224784266344564
1759264258,183,1,N/A,N/A,N/A,N/A,N/A,N/A,N/A,N/A,154570752,104275968,56389632,4096,135168,28184576,1,systemd-journal,S (sleeping),nginx2.bnsdq.ozxfs.laefh.kvugl,0.2194951851478271
1759264258,96204,1,N/A,N/A,N/A,N/A,N/A,N/A,N/A,N/A,1264619520,1264619520,17235968,N/A,135168,45826048,4,discern-proc-so,S (sleeping),nginx2.bnsdq.ozxfs.laefh.kvugl,2.56695885844057
1759264258,3688,1,N/A,N/A,N/A,N/A,N/A,N/A,N/A,N/A,1264021504,1264021504,13426688,N/A,135168,45559808,4,discern-cpu-sor,S (sleeping),nginx2.bnsdq.ozxfs.laefh.kvugl,0.01935720906241004
1759264264,340,1,103,103,103,103,109,109,109,109,250974208,250974208,236257280,N/A,135168,243245056,1,dbus-daemon,S (sleeping),nginx2.bnsdq.ozxfs.laefh.kvugl,0.2956994286006048
1759264264,3275,1,N/A,N/A,N/A,N/A,N/A,N/A,N/A,N/A,1931149312,1931149312,53477376,N/A,135168,187768832,14,discern-network,S (sleeping),nginx2.bnsdq.ozxfs.laefh.kvugl,2.2247106980349165
1759264264,183,1,N/A,N/A,N/A,N/A,N/A,N/A,N/A,N/A,154570752,104275968,56389632,4096,135168,28184576,1,systemd-journal,S (sleeping),nginx2.bnsdq.ozxfs.laefh.kvugl,0.21976816884910405
1759264264,96204,1,N/A,N/A,N/A,N/A,N/A,N/A,N/A,N/A,1264619520,1264619520,17235968,N/A,135168,45826048,4,discern-proc-so,S (sleeping),nginx2.bnsdq.ozxfs.laefh.kvugl,2.565580136020567
1759264264,3688,1,N/A,N/A,N/A,N/A,N/A,N/A,N/A,N/A,1264021504,1264021504,13426688,N/A,135168,45559808,4,discern-cpu-sor,S (sleeping),nginx2.bnsdq.ozxfs.laefh.kvugl,0.019341990656738205
1759264269,340,1,103,103,103,103,109,109,109,109,250974208,250974208,236257280,N/A,135168,243245056,1,dbus-daemon,S (sleeping),nginx2.bnsdq.ozxfs.laefh.kvugl,0.29562274183552223
1759264269,3275,1,N/A,N/A,N/A,N/A,N/A,N/A,N/A,N/A,1931149312,1931149312,53477376,N/A,135168,187768832,14,discern-network,S (sleeping),nginx2.bnsdq.ozxfs.laefh.kvugl,2.2249425746386047
1759264269,183,1,N/A,N/A,N/A,N/A,N/A,N/A,N/A,N/A,154570752,104275968,56389632,4096,135168,28184576,1,systemd-journal,S (sleeping),nginx2.bnsdq.ozxfs.laefh.kvugl,0.21974870362900617
1759264269,96204,1,N/A,N/A,N/A,N/A,N/A,N/A,N/A,N/A,1264619520,1264619520,17235968,N/A,135168,45826048,4,discern-proc-so,S (sleeping),nginx2.bnsdq.ozxfs.laefh.kvugl,2.569697839163696
1759264269,3688,1,N/A,N/A,N/A,N/A,N/A,N/A,N/A,N/A,1264021504,1264021504,13426688,N/A,135168,45559808,4,discern-cpu-sor,S (sleeping),nginx2.bnsdq.ozxfs.laefh.kvugl,0.019478992835701838
1759264274,340,1,103,103,103,103,109,109,109,109,250974208,250974208,236257280,N/A,135168,243245056,1,dbus-daemon,S (sleeping),nginx2.bnsdq.ozxfs.laefh.kvugl,0.29569207543628906
1759264274,3275,1,N/A,N/A,N/A,N/A,N/A,N/A,N/A,N/A,1931149312,1931149312,53477376,N/A,135168,187768832,14,discern-network,S (sleeping),nginx2.bnsdq.ozxfs.laefh.kvugl,2.225021570052556
1759264274,183,1,N/A,N/A,N/A,N/A,N/A,N/A,N/A,N/A,154570752,104275968,56389632,4096,135168,28184576,1,systemd-journal,S (sleeping),nginx2.bnsdq.ozxfs.laefh.kvugl,0.22002117837743235
1759264274,96204,1,N/A,N/A,N/A,N/A,N/A,N/A,N/A,N/A,1264619520,1264619520,17235968,N/A,135168,45826048,4,discern-proc-so,S (sleeping),nginx2.bnsdq.ozxfs.laefh.kvugl,2.5683583465205753
1759264274,3688,1,N/A,N/A,N/A,N/A,N/A,N/A,N/A,N/A,1264021504,1264021504,13426688,N/A,135168,45559808,4,discern-cpu-sor,S (sleeping),nginx2.bnsdq.ozxfs.laefh.kvugl,0.01961577155929924
1759264279,340,1,103,103,103,103,109,109,109,109,250974208,250974208,236257280,N/A,135168,243245056,1,dbus-daemon,S (sleeping),nginx2.bnsdq.ozxfs.laefh.kvugl,0.29561483954160833
1759264279,3275,1,N/A,N/A,N/A,N/A,N/A,N/A,N/A,N/A,1931149312,1931149312,53477376,N/A,135168,187768832,14,discern-network,S (sleeping),nginx2.bnsdq.ozxfs.laefh.kvugl,2.224944627217363
1759264279,183,1,N/A,N/A,N/A,N/A,N/A,N/A,N/A,N/A,154570752,104275968,56389632,4096,135168,28184576,1,systemd-journal,S (sleeping),nginx2.bnsdq.ozxfs.laefh.kvugl,0.22014694061449555
1759264279,96204,1,N/A,N/A,N/A,N/A,N/A,N/A,N/A,N/A,1264619520,1264619520,17235968,N/A,135168,45826048,4,discern-proc-so,S (sleeping),nginx2.bnsdq.ozxfs.laefh.kvugl,2.577048134665767
1759264279,3688,1,N/A,N/A,N/A,N/A,N/A,N/A,N/A,N/A,1264021504,1264021504,13426688,N/A,135168,45559808,4,discern-cpu-sor,S (sleeping),nginx2.bnsdq.ozxfs.laefh.kvugl,0.01960035664047896
1759264284,340,1,103,103,103,103,109,109,109,109,250974208,250974208,236257280,N/A,135168,243245056,1,dbus-daemon,S (sleeping),nginx2.bnsdq.ozxfs.laefh.kvugl,0.29568443650302945
1759264284,3275,1,N/A,N/A,N/A,N/A,N/A,N/A,N/A,N/A,1931149312,1931149312,53477376,N/A,135168,187768832,14,discern-network,S (sleeping),nginx2.bnsdq.ozxfs.laefh.kvugl,2.2248749482429284
1759264284,183,1,N/A,N/A,N/A,N/A,N/A,N/A,N/A,N/A,154570752,104275968,56389632,4096,135168,28184576,1,systemd-journal,S (sleeping),nginx2.bnsdq.ozxfs.laefh.kvugl,0.22027319330175676
1759264284,96204,1,N/A,N/A,N/A,N/A,N/A,N/A,N/A,N/A,1264619520,1264619520,17235968,N/A,135168,45826048,4,discern-proc-so,S (sleeping),nginx2.bnsdq.ozxfs.laefh.kvugl,2.5756958113091732
1759264284,3688,1,N/A,N/A,N/A,N/A,N/A,N/A,N/A,N/A,1264021504,1264021504,13426688,N/A,135168,45559808,4,discern-cpu-sor,S (sleeping),nginx2.bnsdq.ozxfs.laefh.kvugl,0.019585028732566036
1759264289,340,1,103,103,103,103,109,109,109,109,250974208,250974208,236257280,N/A,135168,243245056,1,dbus-daemon,S (sleeping),nginx2.bnsdq.ozxfs.laefh.kvugl,0.2957528730695045
1759264289,3275,1,N/A,N/A,N/A,N/A,N/A,N/A,N/A,N/A,1931149312,1931149312,53477376,N/A,135168,187768832,14,discern-network,S (sleeping),nginx2.bnsdq.ozxfs.laefh.kvugl,2.2249483887655104
1759264289,183,1,N/A,N/A,N/A,N/A,N/A,N/A,N/A,N/A,154570752,104275968,56389632,4096,135168,28184576,1,systemd-journal,S (sleeping),nginx2.bnsdq.ozxfs.laefh.kvugl,0.22039847252300107
1759264289,96204,1,N/A,N/A,N/A,N/A,N/A,N/A,N/A,N/A,1264619520,1264619520,17235968,N/A,135168,45826048,4,discern-proc-so,S (sleeping),nginx2.bnsdq.ozxfs.laefh.kvugl,2.5837311165931007
1759264289,3688,1,N/A,N/A,N/A,N/A,N/A,N/A,N/A,N/A,1264021504,1264021504,13426688,N/A,135168,45559808,4,discern-cpu-sor,S (sleeping),nginx2.bnsdq.ozxfs.laefh.kvugl,0.01956965253399065
1759264294,340,1,103,103,103,103,109,109,109,109,250974208,250974208,236257280,N/A,135168,243245056,1,dbus-daemon,S (sleeping),nginx2.bnsdq.ozxfs.laefh.kvugl,0.2956764342234359
1759264294,183,1,N/A,N/A,N/A,N/A,N/A,N/A,N/A,N/A,154570752,104275968,56389632,4096,135168,28184576,1,systemd-journal,S (sleeping),nginx2.bnsdq.ozxfs.laefh.kvugl,0.22037860875176155
1759264295,3275,1,N/A,N/A,N/A,N/A,N/A,N/A,N/A,N/A,1931149312,1931149312,53477376,N/A,135168,187768832,14,discern-network,S (sleeping),nginx2.bnsdq.ozxfs.laefh.kvugl,2.2248768790815285
1759264295,96204,1,N/A,N/A,N/A,N/A,N/A,N/A,N/A,N/A,1264619520,1264619520,17235968,N/A,135168,45826048,4,discern-proc-so,S (sleeping),nginx2.bnsdq.ozxfs.laefh.kvugl,2.5916045250815
1759264295,3688,1,N/A,N/A,N/A,N/A,N/A,N/A,N/A,N/A,1264021504,1264021504,13426688,N/A,135168,45559808,4,discern-cpu-sor,S (sleeping),nginx2.bnsdq.ozxfs.laefh.kvugl,0.01955435606488107
1759264300,340,1,103,103,103,103,109,109,109,109,250974208,250974208,236257280,N/A,135168,243245056,1,dbus-daemon,S (sleeping),nginx2.bnsdq.ozxfs.laefh.kvugl,0.29559894499986056
1759264300,183,1,N/A,N/A,N/A,N/A,N/A,N/A,N/A,N/A,154570752,104275968,56389632,4096,135168,28184576,1,systemd-journal,S (sleeping),nginx2.bnsdq.ozxfs.laefh.kvugl,0.22064880233472825
1759264300,3275,1,N/A,N/A,N/A,N/A,N/A,N/A,N/A,N/A,1931149312,1931149312,53477376,N/A,135168,187768832,14,discern-network,S (sleeping),nginx2.bnsdq.ozxfs.laefh.kvugl,2.224947388371749
1759264300,96204,1,N/A,N/A,N/A,N/A,N/A,N/A,N/A,N/A,1264619520,1264619520,17235968,N/A,135168,45826048,4,discern-proc-so,S (sleeping),nginx2.bnsdq.ozxfs.laefh.kvugl,2.5941981908680227
1759264300,3688,1,N/A,N/A,N/A,N/A,N/A,N/A,N/A,N/A,1264021504,1264021504,13426688,N/A,135168,45559808,4,discern-cpu-sor,S (sleeping),nginx2.bnsdq.ozxfs.laefh.kvugl,0.01953900228394066
1759264305,340,1,103,103,103,103,109,109,109,109,250974208,250974208,236257280,N/A,135168,243245056,1,dbus-daemon,S (sleeping),nginx2.bnsdq.ozxfs.laefh.kvugl,0.2956678321334677
1759264305,183,1,N/A,N/A,N/A,N/A,N/A,N/A,N/A,N/A,154570752,104275968,56389632,4096,135168,28184576,1,systemd-journal,S (sleeping),nginx2.bnsdq.ozxfs.laefh.kvugl,0.22062857741140945
1759264305,3275,1,N/A,N/A,N/A,N/A,N/A,N/A,N/A,N/A,1931149312,1931149312,53477376,N/A,135168,187768832,14,discern-network,S (sleeping),nginx2.bnsdq.ozxfs.laefh.kvugl,2.224723037111535
1759264305,96204,1,N/A,N/A,N/A,N/A,N/A,N/A,N/A,N/A,1264619520,1264619520,17235968,N/A,135168,45826048,4,discern-proc-so,S (sleeping),nginx2.bnsdq.ozxfs.laefh.kvugl,2.6013926467167443
1759264305,3688,1,N/A,N/A,N/A,N/A,N/A,N/A,N/A,N/A,1264021504,1264021504,13426688,N/A,135168,45559808,4,discern-cpu-sor,S (sleeping),nginx2.bnsdq.ozxfs.laefh.kvugl,0.019523735843415175
1759264310,340,1,103,103,103,103,109,109,109,109,250974208,250974208,236257280,N/A,135168,243245056,1,dbus-daemon,S (sleeping),nginx2.bnsdq.ozxfs.laefh.kvugl,0.2958822687021482
1759264310,183,1,N/A,N/A,N/A,N/A,N/A,N/A,N/A,N/A,154570752,104275968,56389632,4096,135168,28184576,1,systemd-journal,S (sleeping),nginx2.bnsdq.ozxfs.laefh.kvugl,0.22104438072772586
1759264310,3275,1,N/A,N/A,N/A,N/A,N/A,N/A,N/A,N/A,1931149312,1931149312,53477376,N/A,135168,187768832,14,discern-network,S (sleeping),nginx2.bnsdq.ozxfs.laefh.kvugl,2.2248037233281748
1759264310,96204,1,N/A,N/A,N/A,N/A,N/A,N/A,N/A,N/A,1264619520,1264619520,17235968,N/A,135168,45826048,4,discern-proc-so,S (sleeping),nginx2.bnsdq.ozxfs.laefh.kvugl,2.5952395188212734
1759264310,3688,1,N/A,N/A,N/A,N/A,N/A,N/A,N/A,N/A,1264021504,1264021504,13426688,N/A,135168,45559808,4,discern-cpu-sor,S (sleeping),nginx2.bnsdq.ozxfs.laefh.kvugl,0.019508520243114103
1759264315,340,1,103,103,103,103,109,109,109,109,250974208,250974208,236257280,N/A,135168,243245056,1,dbus-daemon,S (sleeping),nginx2.bnsdq.ozxfs.laefh.kvugl,0.29566058206490037
1759264315,183,1,N/A,N/A,N/A,N/A,N/A,N/A,N/A,N/A,154570752,104275968,56389632,4096,135168,28184576,1,systemd-journal,S (sleeping),nginx2.bnsdq.ozxfs.laefh.kvugl,0.22102391051123513
1759264315,3275,1,N/A,N/A,N/A,N/A,N/A,N/A,N/A,N/A,1931149312,1931149312,53477376,N/A,135168,187768832,14,discern-network,S (sleeping),nginx2.bnsdq.ozxfs.laefh.kvugl,2.2248813507170206
1759264315,96204,1,N/A,N/A,N/A,N/A,N/A,N/A,N/A,N/A,1264619520,1264619520,17235968,N/A,135168,45826048,4,discern-proc-so,S (sleeping),nginx2.bnsdq.ozxfs.laefh.kvugl,2.6063782102974202
1759264315,3688,1,N/A,N/A,N/A,N/A,N/A,N/A,N/A,N/A,1264021504,1264021504,13426688,N/A,135168,45559808,4,discern-cpu-sor,S (sleeping),nginx2.bnsdq.ozxfs.laefh.kvugl,0.01949330158004877
1759264320,340,1,103,103,103,103,109,109,109,109,250974208,250974208,236257280,N/A,135168,243245056,1,dbus-daemon,S (sleeping),nginx2.bnsdq.ozxfs.laefh.kvugl,0.29572963581478334
1759264320,183,1,N/A,N/A,N/A,N/A,N/A,N/A,N/A,N/A,154570752,104275968,56389632,4096,135168,28184576,1,systemd-journal,S (sleeping),nginx2.bnsdq.ozxfs.laefh.kvugl,0.22114874346918886
1759264320,3275,1,N/A,N/A,N/A,N/A,N/A,N/A,N/A,N/A,1931149312,1931149312,53477376,N/A,135168,187768832,14,discern-network,S (sleeping),nginx2.bnsdq.ozxfs.laefh.kvugl,2.224961562144334
1759264320,96204,1,N/A,N/A,N/A,N/A,N/A,N/A,N/A,N/A,1264619520,1264619520,17235968,N/A,135168,45826048,4,discern-proc-so,S (sleeping),nginx2.bnsdq.ozxfs.laefh.kvugl,2.6087522401191183
1759264320,3688,1,N/A,N/A,N/A,N/A,N/A,N/A,N/A,N/A,1264021504,1264021504,13426688,N/A,135168,45559808,4,discern-cpu-sor,S (sleeping),nginx2.bnsdq.ozxfs.laefh.kvugl,0.019478132270610363
1759264325,340,1,103,103,103,103,109,109,109,109,250974208,250974208,236257280,N/A,135168,243245056,1,dbus-daemon,S (sleeping),nginx2.bnsdq.ozxfs.laefh.kvugl,0.29579783045010194
1759264325,183,1,N/A,N/A,N/A,N/A,N/A,N/A,N/A,N/A,154570752,104275968,56389632,4096,135168,28184576,1,systemd-journal,S (sleeping),nginx2.bnsdq.ozxfs.laefh.kvugl,0.22127282147913463
1759264325,3275,1,N/A,N/A,N/A,N/A,N/A,N/A,N/A,N/A,1931149312,1931149312,53477376,N/A,135168,187768832,14,discern-network,S (sleeping),nginx2.bnsdq.ozxfs.laefh.kvugl,2.2250357112788803
1759264325,96204,1,N/A,N/A,N/A,N/A,N/A,N/A,N/A,N/A,1264619520,1264619520,17235968,N/A,135168,45826048,4,discern-proc-so,S (sleeping),nginx2.bnsdq.ozxfs.laefh.kvugl,2.614933265828966
1759264326,3688,1,N/A,N/A,N/A,N/A,N/A,N/A,N/A,N/A,1264021504,1264021504,13426688,N/A,135168,45559808,4,discern-cpu-sor,S (sleeping),nginx2.bnsdq.ozxfs.laefh.kvugl,0.01946293354797998
1759264331,340,1,103,103,103,103,109,109,109,109,250974208,250974208,236257280,N/A,135168,243245056,1,dbus-daemon,S (sleeping),nginx2.bnsdq.ozxfs.laefh.kvugl,0.29572128371349615
1759264331,183,1,N/A,N/A,N/A,N/A,N/A,N/A,N/A,N/A,154570752,104275968,56389632,4096,135168,28184576,1,systemd-journal,S (sleeping),nginx2.bnsdq.ozxfs.laefh.kvugl,0.221396847767238
1759264331,3275,1,N/A,N/A,N/A,N/A,N/A,N/A,N/A,N/A,1931149312,1931149312,53477376,N/A,135168,187768832,14,discern-network,S (sleeping),nginx2.bnsdq.ozxfs.laefh.kvugl,2.2249608296574297
1759264331,96204,1,N/A,N/A,N/A,N/A,N/A,N/A,N/A,N/A,1264619520,1264619520,17235968,N/A,135168,45826048,4,discern-proc-so,S (sleeping),nginx2.bnsdq.ozxfs.laefh.kvugl,2.620901039257952
1759264331,3688,1,N/A,N/A,N/A,N/A,N/A,N/A,N/A,N/A,1264021504,1264021504,13426688,N/A,135168,45559808,4,discern-cpu-sor,S (sleeping),nginx2.bnsdq.ozxfs.laefh.kvugl,0.01944777056438104
1759264336,340,1,103,103,103,103,109,109,109,109,250974208,250974208,236257280,N/A,135168,243245056,1,dbus-daemon,S (sleeping),nginx2.bnsdq.ozxfs.laefh.kvugl,0.29564416947273253
1759264336,183,1,N/A,N/A,N/A,N/A,N/A,N/A,N/A,N/A,154570752,104275968,56389632,4096,135168,28184576,1,systemd-journal,S (sleeping),nginx2.bnsdq.ozxfs.laefh.kvugl,0.22152017863773757
1759264336,3275,1,N/A,N/A,N/A,N/A,N/A,N/A,N/A,N/A,1931149312,1931149312,53477376,N/A,135168,187768832,14,discern-network,S (sleeping),nginx2.bnsdq.ozxfs.laefh.kvugl,2.225030942736506
1759264336,96204,1,N/A,N/A,N/A,N/A,N/A,N/A,N/A,N/A,1264619520,1264619520,17235968,N/A,135168,45826048,4,discern-proc-so,S (sleeping),nginx2.bnsdq.ozxfs.laefh.kvugl,2.622530790273026
1759264336,3688,1,N/A,N/A,N/A,N/A,N/A,N/A,N/A,N/A,1264021504,1264021504,13426688,N/A,135168,45559808,4,discern-cpu-sor,S (sleeping),nginx2.bnsdq.ozxfs.laefh.kvugl,0.019432584832262664
1759264341,340,1,103,103,103,103,109,109,109,109,250974208,250974208,236257280,N/A,135168,243245056,1,dbus-daemon,S (sleeping),nginx2.bnsdq.ozxfs.laefh.kvugl,0.29571245515874084
1759264341,183,1,N/A,N/A,N/A,N/A,N/A,N/A,N/A,N/A,154570752,104275968,56389632,4096,135168,28184576,1,systemd-journal,S (sleeping),nginx2.bnsdq.ozxfs.laefh.kvugl,0.2216438338795611
1759264341,3275,1,N/A,N/A,N/A,N/A,N/A,N/A,N/A,N/A,1931149312,1931149312,53477376,N/A,135168,187768832,14,discern-network,S (sleeping),nginx2.bnsdq.ozxfs.laefh.kvugl,2.225256322323196
1759264341,96204,1,N/A,N/A,N/A,N/A,N/A,N/A,N/A,N/A,1264619520,1264619520,17235968,N/A,135168,45826048,4,discern-proc-so,S (sleeping),nginx2.bnsdq.ozxfs.laefh.kvugl,2.628109417416135
1759264341,3688,1,N/A,N/A,N/A,N/A,N/A,N/A,N/A,N/A,1264021504,1264021504,13426688,N/A,135168,45559808,4,discern-cpu-sor,S (sleeping),nginx2.bnsdq.ozxfs.laefh.kvugl,0.019417469181921023
1759264346,340,1,103,103,103,103,109,109,109,109,250974208,250974208,236257280,N/A,135168,243245056,1,dbus-daemon,S (sleeping),nginx2.bnsdq.ozxfs.laefh.kvugl,0.2956354506707392
1759264346,183,1,N/A,N/A,N/A,N/A,N/A,N/A,N/A,N/A,154570752,104275968,56389632,4096,135168,28184576,1,systemd-journal,S (sleeping),nginx2.bnsdq.ozxfs.laefh.kvugl,0.22176678589046805
1759264346,3275,1,N/A,N/A,N/A,N/A,N/A,N/A,N/A,N/A,1931149312,1931149312,53477376,N/A,135168,187768832,14,discern-network,S (sleeping),nginx2.bnsdq.ozxfs.laefh.kvugl,2.2253260009310916
1759264346,96204,1,N/A,N/A,N/A,N/A,N/A,N/A,N/A,N/A,1264619520,1264619520,17235968,N/A,135168,45826048,4,discern-proc-so,S (sleeping),nginx2.bnsdq.ozxfs.laefh.kvugl,2.63330949096724
1759264346,3688,1,N/A,N/A,N/A,N/A,N/A,N/A,N/A,N/A,1264021504,1264021504,13426688,N/A,135168,45559808,4,discern-cpu-sor,S (sleeping),nginx2.bnsdq.ozxfs.laefh.kvugl,0.01940232990936862
1759264351,340,1,103,103,103,103,109,109,109,109,250974208,250974208,236257280,N/A,135168,243245056,1,dbus-daemon,S (sleeping),nginx2.bnsdq.ozxfs.laefh.kvugl,0.2955599054072253
1759264351,183,1,N/A,N/A,N/A,N/A,N/A,N/A,N/A,N/A,154570752,104275968,56389632,4096,135168,28184576,1,systemd-journal,S (sleeping),nginx2.bnsdq.ozxfs.laefh.kvugl,0.22174619883093702
1759264351,3275,1,N/A,N/A,N/A,N/A,N/A,N/A,N/A,N/A,1931149312,1931149312,53477376,N/A,135168,187768832,14,discern-network,S (sleeping),nginx2.bnsdq.ozxfs.laefh.kvugl,2.2254060918061125
1759264351,96204,1,N/A,N/A,N/A,N/A,N/A,N/A,N/A,N/A,1264619520,1264619520,17235968,N/A,135168,45826048,4,discern-proc-so,S (sleeping),nginx2.bnsdq.ozxfs.laefh.kvugl,2.6349121944241016
1759264351,3688,1,N/A,N/A,N/A,N/A,N/A,N/A,N/A,N/A,1264021504,1264021504,13426688,N/A,135168,45559808,4,discern-cpu-sor,S (sleeping),nginx2.bnsdq.ozxfs.laefh.kvugl,0.019387306091147798
1759264357,340,1,103,103,103,103,109,109,109,109,250974208,250974208,236257280,N/A,135168,243245056,1,dbus-daemon,S (sleeping),nginx2.bnsdq.ozxfs.laefh.kvugl,0.29577231910612967
1759264357,183,1,N/A,N/A,N/A,N/A,N/A,N/A,N/A,N/A,154570752,104275968,56389632,4096,135168,28184576,1,systemd-journal,S (sleeping),nginx2.bnsdq.ozxfs.laefh.kvugl,0.22215788101688094
1759264357,3275,1,N/A,N/A,N/A,N/A,N/A,N/A,N/A,N/A,1931149312,1931149312,53477376,N/A,135168,187768832,14,discern-network,S (sleeping),nginx2.bnsdq.ozxfs.laefh.kvugl,2.225630190414359
1759264357,96204,1,N/A,N/A,N/A,N/A,N/A,N/A,N/A,N/A,1264619520,1264619520,17235968,N/A,135168,45826048,4,discern-proc-so,S (sleeping),nginx2.bnsdq.ozxfs.laefh.kvugl,2.632657626066547
1759264357,3688,1,N/A,N/A,N/A,N/A,N/A,N/A,N/A,N/A,1264021504,1264021504,13426688,N/A,135168,45559808,4,discern-cpu-sor,S (sleeping),nginx2.bnsdq.ozxfs.laefh.kvugl,0.01952242917711752
1759264362,340,1,103,103,103,103,109,109,109,109,250974208,250974208,236257280,N/A,135168,243245056,1,dbus-daemon,S (sleeping),nginx2.bnsdq.ozxfs.laefh.kvugl,0.29569663931540097
1759264362,183,1,N/A,N/A,N/A,N/A,N/A,N/A,N/A,N/A,154570752,104275968,56389632,4096,135168,28184576,1,systemd-journal,S (sleeping),nginx2.bnsdq.ozxfs.laefh.kvugl,0.22213692251163952
1759264362,3275,1,N/A,N/A,N/A,N/A,N/A,N/A,N/A,N/A,1931149312,1931149312,53477376,N/A,135168,187768832,14,discern-network,S (sleeping),nginx2.bnsdq.ozxfs.laefh.kvugl,2.225858354517333
1759264362,96204,1,N/A,N/A,N/A,N/A,N/A,N/A,N/A,N/A,1264619520,1264619520,17235968,N/A,135168,45826048,4,discern-proc-so,S (sleeping),nginx2.bnsdq.ozxfs.laefh.kvugl,2.634180020506455
1759264362,3688,1,N/A,N/A,N/A,N/A,N/A,N/A,N/A,N/A,1264021504,1264021504,13426688,N/A,135168,45559808,4,discern-cpu-sor,S (sleeping),nginx2.bnsdq.ozxfs.laefh.kvugl,0.019507325419508524
1759264367,340,1,103,103,103,103,109,109,109,109,250974208,250974208,236257280,N/A,135168,243245056,1,dbus-daemon,S (sleeping),nginx2.bnsdq.ozxfs.laefh.kvugl,0.2959092794638088
1759264367,183,1,N/A,N/A,N/A,N/A,N/A,N/A,N/A,N/A,154570752,104275968,56389632,4096,135168,28184576,1,systemd-journal,S (sleeping),nginx2.bnsdq.ozxfs.laefh.kvugl,0.22226009851114717
1759264367,3275,1,N/A,N/A,N/A,N/A,N/A,N/A,N/A,N/A,1931149312,1931149312,53477376,N/A,135168,187768832,14,discern-network,S (sleeping),nginx2.bnsdq.ozxfs.laefh.kvugl,2.2257878332588312
1759264367,96204,1,N/A,N/A,N/A,N/A,N/A,N/A,N/A,N/A,1264619520,1264619520,17235968,N/A,135168,45826048,4,discern-proc-so,S (sleeping),nginx2.bnsdq.ozxfs.laefh.kvugl,2.632160781565468
1759264367,3688,1,N/A,N/A,N/A,N/A,N/A,N/A,N/A,N/A,1264021504,1264021504,13426688,N/A,135168,45559808,4,discern-cpu-sor,S (sleeping),nginx2.bnsdq.ozxfs.laefh.kvugl,0.019492250822041098
1759264372,340,1,103,103,103,103,109,109,109,109,250974208,250974208,236257280,N/A,135168,243245056,1,dbus-daemon,S (sleeping),nginx2.bnsdq.ozxfs.laefh.kvugl,0.29583285731654385
1759264372,183,1,N/A,N/A,N/A,N/A,N/A,N/A,N/A,N/A,154570752,104275968,56389632,4096,135168,28184576,1,systemd-journal,S (sleeping),nginx2.bnsdq.ozxfs.laefh.kvugl,0.22252640182848749
1759264372,3275,1,N/A,N/A,N/A,N/A,N/A,N/A,N/A,N/A,1931149312,1931149312,53477376,N/A,135168,187768832,14,discern-network,S (sleeping),nginx2.bnsdq.ozxfs.laefh.kvugl,2.226159014741703
1759264372,96204,1,N/A,N/A,N/A,N/A,N/A,N/A,N/A,N/A,1264619520,1264619520,17235968,N/A,135168,45826048,4,discern-proc-so,S (sleeping),nginx2.bnsdq.ozxfs.laefh.kvugl,2.6403621366112855
1759264372,3688,1,N/A,N/A,N/A,N/A,N/A,N/A,N/A,N/A,1264021504,1264021504,13426688,N/A,135168,45559808,4,discern-cpu-sor,S (sleeping),nginx2.bnsdq.ozxfs.laefh.kvugl,0.019477141868622976
1759264377,340,1,103,103,103,103,109,109,109,109,250974208,250974208,236257280,N/A,135168,243245056,1,dbus-daemon,S (sleeping),nginx2.bnsdq.ozxfs.laefh.kvugl,0.2956135439751608
1759264377,183,1,N/A,N/A,N/A,N/A,N/A,N/A,N/A,N/A,154570752,104275968,56389632,4096,135168,28184576,1,systemd-journal,S (sleeping),nginx2.bnsdq.ozxfs.laefh.kvugl,0.22250528905089992
1759264377,3275,1,N/A,N/A,N/A,N/A,N/A,N/A,N/A,N/A,1931149312,1931149312,53477376,N/A,135168,187768832,14,discern-network,S (sleeping),nginx2.bnsdq.ozxfs.laefh.kvugl,2.226387011162827
1759264377,96204,1,N/A,N/A,N/A,N/A,N/A,N/A,N/A,N/A,1264619520,1264619520,17235968,N/A,135168,45826048,4,discern-proc-so,S (sleeping),nginx2.bnsdq.ozxfs.laefh.kvugl,2.6416907499900493
1759264377,3688,1,N/A,N/A,N/A,N/A,N/A,N/A,N/A,N/A,1264021504,1264021504,13426688,N/A,135168,45559808,4,discern-cpu-sor,S (sleeping),nginx2.bnsdq.ozxfs.laefh.kvugl,0.019462114754130407
1759264382,340,1,103,103,103,103,109,109,109,109,250974208,250974208,236257280,N/A,135168,243245056,1,dbus-daemon,S (sleeping),nginx2.bnsdq.ozxfs.laefh.kvugl,0.29582478841915666
1759264382,183,1,N/A,N/A,N/A,N/A,N/A,N/A,N/A,N/A,154570752,104275968,56389632,4096,135168,28184576,1,systemd-journal,S (sleeping),nginx2.bnsdq.ozxfs.laefh.kvugl,0.22262717765702802
1759264382,3275,1,N/A,N/A,N/A,N/A,N/A,N/A,N/A,N/A,1931149312,1931149312,53477376,N/A,135168,187768832,14,discern-network,S (sleeping),nginx2.bnsdq.ozxfs.laefh.kvugl,2.226606841271716
1759264382,96204,1,N/A,N/A,N/A,N/A,N/A,N/A,N/A,N/A,1264619520,1264619520,17235968,N/A,135168,45826048,4,discern-proc-so,S (sleeping),nginx2.bnsdq.ozxfs.laefh.kvugl,2.649416488046395
1759264382,3688,1,N/A,N/A,N/A,N/A,N/A,N/A,N/A,N/A,1264021504,1264021504,13426688,N/A,135168,45559808,4,discern-cpu-sor,S (sleeping),nginx2.bnsdq.ozxfs.laefh.kvugl,0.019447042644820004
1759264387,340,1,103,103,103,103,109,109,109,109,250974208,250974208,236257280,N/A,135168,243245056,1,dbus-daemon,S (sleeping),nginx2.bnsdq.ozxfs.laefh.kvugl,0.29574878481499295
1759264387,183,1,N/A,N/A,N/A,N/A,N/A,N/A,N/A,N/A,154570752,104275968,56389632,4096,135168,28184576,1,systemd-journal,S (sleeping),nginx2.bnsdq.ozxfs.laefh.kvugl,0.2227491408628374
1759264387,3275,1,N/A,N/A,N/A,N/A,N/A,N/A,N/A,N/A,1931149312,1931149312,53477376,N/A,135168,187768832,14,discern-network,S (sleeping),nginx2.bnsdq.ozxfs.laefh.kvugl,2.2266799491929117
1759264387,96204,1,N/A,N/A,N/A,N/A,N/A,N/A,N/A,N/A,1264619520,1264619520,17235968,N/A,135168,45826048,4,discern-proc-so,S (sleeping),nginx2.bnsdq.ozxfs.laefh.kvugl,2.6504133334242646
1759264388,3688,1,N/A,N/A,N/A,N/A,N/A,N/A,N/A,N/A,1264021504,1264021504,13426688,N/A,135168,45559808,4,discern-cpu-sor,S (sleeping),nginx2.bnsdq.ozxfs.laefh.kvugl,0.019432016425740974
1759264393,340,1,103,103,103,103,109,109,109,109,250974208,250974208,236257280,N/A,135168,243245056,1,dbus-daemon,S (sleeping),nginx2.bnsdq.ozxfs.laefh.kvugl,0.29581615897737135
1759264393,183,1,N/A,N/A,N/A,N/A,N/A,N/A,N/A,N/A,154570752,104275968,56389632,4096,135168,28184576,1,systemd-journal,S (sleeping),nginx2.bnsdq.ozxfs.laefh.kvugl,0.2228707207466037
1759264393,3275,1,N/A,N/A,N/A,N/A,N/A,N/A,N/A,N/A,1931149312,1931149312,53477376,N/A,135168,187768832,14,discern-network,S (sleeping),nginx2.bnsdq.ozxfs.laefh.kvugl,2.2266019247518494
1759264393,96204,1,N/A,N/A,N/A,N/A,N/A,N/A,N/A,N/A,1264619520,1264619520,17235968,N/A,135168,45826048,4,discern-proc-so,S (sleeping),nginx2.bnsdq.ozxfs.laefh.kvugl,2.651322603998755
1759264393,3688,1,N/A,N/A,N/A,N/A,N/A,N/A,N/A,N/A,1264021504,1264021504,13426688,N/A,135168,45559808,4,discern-cpu-sor,S (sleeping),nginx2.bnsdq.ozxfs.laefh.kvugl,0.019416995555742108
1759264398,340,1,103,103,103,103,109,109,109,109,250974208,250974208,236257280,N/A,135168,243245056,1,dbus-daemon,S (sleeping),nginx2.bnsdq.ozxfs.laefh.kvugl,0.2957406701147798
1759264398,183,1,N/A,N/A,N/A,N/A,N/A,N/A,N/A,N/A,154570752,104275968,56389632,4096,135168,28184576,1,systemd-journal,S (sleeping),nginx2.bnsdq.ozxfs.laefh.kvugl,0.22299262235043216
1759264398,3275,1,N/A,N/A,N/A,N/A,N/A,N/A,N/A,N/A,1931149312,1931149312,53477376,N/A,135168,187768832,14,discern-network,S (sleeping),nginx2.bnsdq.ozxfs.laefh.kvugl,2.2266780343573496
1759264398,96204,1,N/A,N/A,N/A,N/A,N/A,N/A,N/A,N/A,1264619520,1264619520,17235968,N/A,135168,45826048,4,discern-proc-so,S (sleeping),nginx2.bnsdq.ozxfs.laefh.kvugl,2.6523348157143976
1759264398,3688,1,N/A,N/A,N/A,N/A,N/A,N/A,N/A,N/A,1264021504,1264021504,13426688,N/A,135168,45559808,4,discern-cpu-sor,S (sleeping),nginx2.bnsdq.ozxfs.laefh.kvugl,0.019402043440708297
1759264403,340,1,103,103,103,103,109,109,109,109,250974208,250974208,236257280,N/A,135168,243245056,1,dbus-daemon,S (sleeping),nginx2.bnsdq.ozxfs.laefh.kvugl,0.2958088455777064
1759264403,183,1,N/A,N/A,N/A,N/A,N/A,N/A,N/A,N/A,154570752,104275968,56389632,4096,135168,28184576,1,systemd-journal,S (sleeping),nginx2.bnsdq.ozxfs.laefh.kvugl,0.22325781645910442
1759264403,3275,1,N/A,N/A,N/A,N/A,N/A,N/A,N/A,N/A,1931149312,1931149312,53477376,N/A,135168,187768832,14,discern-network,S (sleeping),nginx2.bnsdq.ozxfs.laefh.kvugl,2.226607132677456
1759264403,96204,1,N/A,N/A,N/A,N/A,N/A,N/A,N/A,N/A,1264619520,1264619520,17235968,N/A,135168,45826048,4,discern-proc-so,S (sleeping),nginx2.bnsdq.ozxfs.laefh.kvugl,2.6502478949954393
1759264403,3688,1,N/A,N/A,N/A,N/A,N/A,N/A,N/A,N/A,1264021504,1264021504,13426688,N/A,135168,45559808,4,discern-cpu-sor,S (sleeping),nginx2.bnsdq.ozxfs.laefh.kvugl,0.01938712970162722
1759264408,340,1,103,103,103,103,109,109,109,109,250974208,250974208,236257280,N/A,135168,243245056,1,dbus-daemon,S (sleeping),nginx2.bnsdq.ozxfs.laefh.kvugl,0.2955901743485296
1759264408,183,1,N/A,N/A,N/A,N/A,N/A,N/A,N/A,N/A,154570752,104275968,56389632,4096,135168,28184576,1,systemd-journal,S (sleeping),nginx2.bnsdq.ozxfs.laefh.kvugl,0.22323599263303687
1759264408,3275,1,N/A,N/A,N/A,N/A,N/A,N/A,N/A,N/A,1931149312,1931149312,53477376,N/A,135168,187768832,14,discern-network,S (sleeping),nginx2.bnsdq.ozxfs.laefh.kvugl,2.2266824343158955
1759264408,96204,1,N/A,N/A,N/A,N/A,N/A,N/A,N/A,N/A,1264619520,1264619520,17235968,N/A,135168,45826048,4,discern-proc-so,S (sleeping),nginx2.bnsdq.ozxfs.laefh.kvugl,2.648166795783449
1759264408,3688,1,N/A,N/A,N/A,N/A,N/A,N/A,N/A,N/A,1264021504,1264021504,13426688,N/A,135168,45559808,4,discern-cpu-sor,S (sleeping),nginx2.bnsdq.ozxfs.laefh.kvugl,0.01937221750193263
1759264413,340,1,103,103,103,103,109,109,109,109,250974208,250974208,236257280,N/A,135168,243245056,1,dbus-daemon,S (sleeping),nginx2.bnsdq.ozxfs.laefh.kvugl,0.2958011414456799
1759264413,183,1,N/A,N/A,N/A,N/A,N/A,N/A,N/A,N/A,154570752,104275968,56389632,4096,135168,28184576,1,systemd-journal,S (sleeping),nginx2.bnsdq.ozxfs.laefh.kvugl,0.2235003695516539
1759264413,3275,1,N/A,N/A,N/A,N/A,N/A,N/A,N/A,N/A,1931149312,1931149312,53477376,N/A,135168,187768832,14,discern-network,S (sleeping),nginx2.bnsdq.ozxfs.laefh.kvugl,2.226609108158412
1759264413,96204,1,N/A,N/A,N/A,N/A,N/A,N/A,N/A,N/A,1264619520,1264619520,17235968,N/A,135168,45826048,4,discern-proc-so,S (sleeping),nginx2.bnsdq.ozxfs.laefh.kvugl,2.649162641596092
1759264413,3688,1,N/A,N/A,N/A,N/A,N/A,N/A,N/A,N/A,1264021504,1264021504,13426688,N/A,135168,45559808,4,discern-cpu-sor,S (sleeping),nginx2.bnsdq.ozxfs.laefh.kvugl,0.019357327604086903
1759264418,340,1,103,103,103,103,109,109,109,109,250974208,250974208,236257280,N/A,135168,243245056,1,dbus-daemon,S (sleeping),nginx2.bnsdq.ozxfs.laefh.kvugl,0.2957252235104019
1759264418,183,1,N/A,N/A,N/A,N/A,N/A,N/A,N/A,N/A,154570752,104275968,56389632,4096,135168,28184576,1,systemd-journal,S (sleeping),nginx2.bnsdq.ozxfs.laefh.kvugl,0.22347796412786206
1759264418,3275,1,N/A,N/A,N/A,N/A,N/A,N/A,N/A,N/A,1931149312,1931149312,53477376,N/A,135168,187768832,14,discern-network,S (sleeping),nginx2.bnsdq.ozxfs.laefh.kvugl,2.2266797836468464
1759264418,96204,1,N/A,N/A,N/A,N/A,N/A,N/A,N/A,N/A,1264619520,1264619520,17235968,N/A,135168,45826048,4,discern-proc-so,S (sleeping),nginx2.bnsdq.ozxfs.laefh.kvugl,2.655956987369648
1759264418,3688,1,N/A,N/A,N/A,N/A,N/A,N/A,N/A,N/A,1264021504,1264021504,13426688,N/A,135168,45559808,4,discern-cpu-sor,S (sleeping),nginx2.bnsdq.ozxfs.laefh.kvugl,0.01934242181128681
1759264424,340,1,103,103,103,103,109,109,109,109,250974208,250974208,236257280,N/A,135168,243245056,1,dbus-daemon,S (sleeping),nginx2.bnsdq.ozxfs.laefh.kvugl,0.2956503363963721
1759264424,183,1,N/A,N/A,N/A,N/A,N/A,N/A,N/A,N/A,154570752,104275968,56389632,4096,135168,28184576,1,systemd-journal,S (sleeping),nginx2.bnsdq.ozxfs.laefh.kvugl,0.2235991604096398
1759264424,3275,1,N/A,N/A,N/A,N/A,N/A,N/A,N/A,N/A,1931149312,1931149312,53477376,N/A,135168,187768832,14,discern-network,S (sleeping),nginx2.bnsdq.ozxfs.laefh.kvugl,2.2267575220747817
1759264424,96204,1,N/A,N/A,N/A,N/A,N/A,N/A,N/A,N/A,1264619520,1264619520,17235968,N/A,135168,45826048,4,discern-proc-so,S (sleeping),nginx2.bnsdq.ozxfs.laefh.kvugl,2.653946312807815
1759264424,3688,1,N/A,N/A,N/A,N/A,N/A,N/A,N/A,N/A,1264021504,1264021504,13426688,N/A,135168,45559808,4,discern-cpu-sor,S (sleeping),nginx2.bnsdq.ozxfs.laefh.kvugl,0.019327601347716
1759264429,340,1,103,103,103,103,109,109,109,109,250974208,250974208,236257280,N/A,135168,243245056,1,dbus-daemon,S (sleeping),nginx2.bnsdq.ozxfs.laefh.kvugl,0.2957170096256799
1759264429,183,1,N/A,N/A,N/A,N/A,N/A,N/A,N/A,N/A,154570752,104275968,56389632,4096,135168,28184576,1,systemd-journal,S (sleeping),nginx2.bnsdq.ozxfs.laefh.kvugl,0.2235763951704295
1759264429,3275,1,N/A,N/A,N/A,N/A,N/A,N/A,N/A,N/A,1931149312,1931149312,53477376,N/A,135168,187768832,14,discern-network,S (sleeping),nginx2.bnsdq.ozxfs.laefh.kvugl,2.2268246648619274
1759264429,96204,1,N/A,N/A,N/A,N/A,N/A,N/A,N/A,N/A,1264619520,1264619520,17235968,N/A,135168,45826048,4,discern-proc-so,S (sleeping),nginx2.bnsdq.ozxfs.laefh.kvugl,2.6632695244048312
1759264429,3688,1,N/A,N/A,N/A,N/A,N/A,N/A,N/A,N/A,1264021504,1264021504,13426688,N/A,135168,45559808,4,discern-cpu-sor,S (sleeping),nginx2.bnsdq.ozxfs.laefh.kvugl,0.019312712374992894
1759264434,340,1,103,103,103,103,109,109,109,109,250974208,250974208,236257280,N/A,135168,243245056,1,dbus-daemon,S (sleeping),nginx2.bnsdq.ozxfs.laefh.kvugl,0.29564232978489824
1759264434,183,1,N/A,N/A,N/A,N/A,N/A,N/A,N/A,N/A,154570752,104275968,56389632,4096,135168,28184576,1,systemd-journal,S (sleeping),nginx2.bnsdq.ozxfs.laefh.kvugl,0.22369740312206754
1759264434,3275,1,N/A,N/A,N/A,N/A,N/A,N/A,N/A,N/A,1931149312,1931149312,53477376,N/A,135168,187768832,14,discern-network,S (sleeping),nginx2.bnsdq.ozxfs.laefh.kvugl,2.2269028217766063
1759264434,96204,1,N/A,N/A,N/A,N/A,N/A,N/A,N/A,N/A,1264619520,1264619520,17235968,N/A,135168,45826048,4,discern-proc-so,S (sleeping),nginx2.bnsdq.ozxfs.laefh.kvugl,2.6612257246394417
1759264434,3688,1,N/A,N/A,N/A,N/A,N/A,N/A,N/A,N/A,1264021504,1264021504,13426688,N/A,135168,45559808,4,discern-cpu-sor,S (sleeping),nginx2.bnsdq.ozxfs.laefh.kvugl,0.019446388708147164
1759264439,340,1,103,103,103,103,109,109,109,109,250974208,250974208,236257280,N/A,135168,243245056,1,dbus-daemon,S (sleeping),nginx2.bnsdq.ozxfs.laefh.kvugl,0.29556677918851265
1759264439,183,1,N/A,N/A,N/A,N/A,N/A,N/A,N/A,N/A,154570752,112664576,56389632,4096,135168,28184576,1,systemd-journal,S (sleeping),nginx2.bnsdq.ozxfs.laefh.kvugl,0.22381750268011472
1759264439,3275,1,N/A,N/A,N/A,N/A,N/A,N/A,N/A,N/A,1931149312,1931149312,53477376,N/A,135168,187768832,14,discern-network,S (sleeping),nginx2.bnsdq.ozxfs.laefh.kvugl,2.226973313975704
1759264439,96204,1,N/A,N/A,N/A,N/A,N/A,N/A,N/A,N/A,1264619520,1264619520,17235968,N/A,135168,45826048,4,discern-proc-so,S (sleeping),nginx2.bnsdq.ozxfs.laefh.kvugl,2.6646626491400367
1759264439,3688,1,N/A,N/A,N/A,N/A,N/A,N/A,N/A,N/A,1264021504,1264021504,13426688,N/A,135168,45559808,4,discern-cpu-sor,S (sleeping),nginx2.bnsdq.ozxfs.laefh.kvugl,0.01943146247022986
1759264444,340,1,103,103,103,103,109,109,109,109,250974208,250974208,236257280,N/A,135168,243245056,1,dbus-daemon,S (sleeping),nginx2.bnsdq.ozxfs.laefh.kvugl,0.2956344897506418
1759264444,183,1,N/A,N/A,N/A,N/A,N/A,N/A,N/A,N/A,154570752,112664576,56389632,4096,135168,28184576,1,systemd-journal,S (sleeping),nginx2.bnsdq.ozxfs.laefh.kvugl,0.22393792904348292
1759264444,3275,1,N/A,N/A,N/A,N/A,N/A,N/A,N/A,N/A,1931149312,1931149312,53477376,N/A,135168,187768832,14,discern-network,S (sleeping),nginx2.bnsdq.ozxfs.laefh.kvugl,2.2270489063685335
1759264444,96204,1,N/A,N/A,N/A,N/A,N/A,N/A,N/A,N/A,1264619520,1264619520,17235968,N/A,135168,45826048,4,discern-proc-so,S (sleeping),nginx2.bnsdq.ozxfs.laefh.kvugl,2.665361639544463
1759264444,3688,1,N/A,N/A,N/A,N/A,N/A,N/A,N/A,N/A,1264021504,1264021504,13426688,N/A,135168,45559808,4,discern-cpu-sor,S (sleeping),nginx2.bnsdq.ozxfs.laefh.kvugl,0.01941660466076802
1759264449,340,1,103,103,103,103,109,109,109,109,250974208,250974208,236257280,N/A,135168,243245056,1,dbus-daemon,S (sleeping),nginx2.bnsdq.ozxfs.laefh.kvugl,0.2957022904240182
1759264449,183,1,N/A,N/A,N/A,N/A,N/A,N/A,N/A,N/A,154570752,112664576,56389632,4096,135168,28184576,1,systemd-journal,S (sleeping),nginx2.bnsdq.ozxfs.laefh.kvugl,0.22434302530401318
1759264449,3275,1,N/A,N/A,N/A,N/A,N/A,N/A,N/A,N/A,1931149312,1931149312,53477376,N/A,135168,187768832,14,discern-network,S (sleeping),nginx2.bnsdq.ozxfs.laefh.kvugl,2.2271258926414057
1759264449,96204,1,N/A,N/A,N/A,N/A,N/A,N/A,N/A,N/A,1264619520,1264619520,17235968,N/A,135168,45826048,4,discern-proc-so,S (sleeping),nginx2.bnsdq.ozxfs.laefh.kvugl,2.660638641273047
1759264449,3688,1,N/A,N/A,N/A,N/A,N/A,N/A,N/A,N/A,1264021504,1264021504,13426688,N/A,135168,45559808,4,discern-cpu-sor,S (sleeping),nginx2.bnsdq.ozxfs.laefh.kvugl,0.01940178264363757
1759264455,340,1,103,103,103,103,109,109,109,109,250974208,250974208,236257280,N/A,135168,243245056,1,dbus-daemon,S (sleeping),nginx2.bnsdq.ozxfs.laefh.kvugl,0.2956278653594503
1759264455,183,1,N/A,N/A,N/A,N/A,N/A,N/A,N/A,N/A,154570752,112664576,56389632,4096,135168,28184576,1,systemd-journal,S (sleeping),nginx2.bnsdq.ozxfs.laefh.kvugl,0.22432089547672157
1759264455,3275,1,N/A,N/A,N/A,N/A,N/A,N/A,N/A,N/A,1931149312,1931149312,53477376,N/A,135168,187768832,14,discern-network,S (sleeping),nginx2.bnsdq.ozxfs.laefh.kvugl,2.2272038406166343
1759264455,96204,1,N/A,N/A,N/A,N/A,N/A,N/A,N/A,N/A,1264619520,1264619520,17235968,N/A,135168,45826048,4,discern-proc-so,S (sleeping),nginx2.bnsdq.ozxfs.laefh.kvugl,2.6641097990334277
1759264455,3688,1,N/A,N/A,N/A,N/A,N/A,N/A,N/A,N/A,1264021504,1264021504,13426688,N/A,135168,45559808,4,discern-cpu-sor,S (sleeping),nginx2.bnsdq.ozxfs.laefh.kvugl,0.019534984919737722
1759264460,340,1,103,103,103,103,109,109,109,109,250974208,250974208,236257280,N/A,135168,243245056,1,dbus-daemon,S (sleeping),nginx2.bnsdq.ozxfs.laefh.kvugl,0.29555335313951525
1759264460,183,1,N/A,N/A,N/A,N/A,N/A,N/A,N/A,N/A,154570752,112664576,56389632,4096,135168,28184576,1,systemd-journal,S (sleeping),nginx2.bnsdq.ozxfs.laefh.kvugl,0.22458292887853545
1759264460,3275,1,N/A,N/A,N/A,N/A,N/A,N/A,N/A,N/A,1931149312,1931149312,53477376,N/A,135168,187768832,14,discern-network,S (sleeping),nginx2.bnsdq.ozxfs.laefh.kvugl,2.227132663354399
1759264460,96204,1,N/A,N/A,N/A,N/A,N/A,N/A,N/A,N/A,1264619520,1264619520,17235968,N/A,135168,45826048,4,discern-proc-so,S (sleeping),nginx2.bnsdq.ozxfs.laefh.kvugl,2.662166448706819
1759264460,3688,1,N/A,N/A,N/A,N/A,N/A,N/A,N/A,N/A,1264021504,1264021504,13426688,N/A,135168,45559808,4,discern-cpu-sor,S (sleeping),nginx2.bnsdq.ozxfs.laefh.kvugl,0.019520091288169943
1759264465,340,1,103,103,103,103,109,109,109,109,250974208,250974208,236257280,N/A,135168,243245056,1,dbus-daemon,S (sleeping),nginx2.bnsdq.ozxfs.laefh.kvugl,0.29562005568785593
1759264465,183,1,N/A,N/A,N/A,N/A,N/A,N/A,N/A,N/A,154570752,112664576,56389632,4096,135168,28184576,1,systemd-journal,S (sleeping),nginx2.bnsdq.ozxfs.laefh.kvugl,0.22455978680077138
1759264465,3275,1,N/A,N/A,N/A,N/A,N/A,N/A,N/A,N/A,1931149312,1931149312,53477376,N/A,135168,187768832,14,discern-network,S (sleeping),nginx2.bnsdq.ozxfs.laefh.kvugl,2.227054211267854
1759264465,96204,1,N/A,N/A,N/A,N/A,N/A,N/A,N/A,N/A,1264619520,1264619520,17235968,N/A,135168,45826048,4,discern-proc-so,S (sleeping),nginx2.bnsdq.ozxfs.laefh.kvugl,2.6679419977226253
1759264465,3688,1,N/A,N/A,N/A,N/A,N/A,N/A,N/A,N/A,1264021504,1264021504,13426688,N/A,135168,45559808,4,discern-cpu-sor,S (sleeping),nginx2.bnsdq.ozxfs.laefh.kvugl,0.019505154843702625
1759264470,340,1,103,103,103,103,109,109,109,109,250974208,250974208,236257280,N/A,135168,243245056,1,dbus-daemon,S (sleeping),nginx2.bnsdq.ozxfs.laefh.kvugl,0.2956878849986729
1759264470,183,1,N/A,N/A,N/A,N/A,N/A,N/A,N/A,N/A,154570752,112664576,56389632,4096,135168,28184576,1,systemd-journal,S (sleeping),nginx2.bnsdq.ozxfs.laefh.kvugl,0.22467953921843056
1759264470,3275,1,N/A,N/A,N/A,N/A,N/A,N/A,N/A,N/A,1931149312,1931149312,53477376,N/A,135168,187768832,14,discern-network,S (sleeping),nginx2.bnsdq.ozxfs.laefh.kvugl,2.2269854241455698
1759264470,96204,1,N/A,N/A,N/A,N/A,N/A,N/A,N/A,N/A,1264619520,1264619520,17235968,N/A,135168,45826048,4,discern-proc-so,S (sleeping),nginx2.bnsdq.ozxfs.laefh.kvugl,2.6634715915158016
1759264470,3688,1,N/A,N/A,N/A,N/A,N/A,N/A,N/A,N/A,1264021504,1264021504,13426688,N/A,135168,45559808,4,discern-cpu-sor,S (sleeping),nginx2.bnsdq.ozxfs.laefh.kvugl,0.019490325901820697
1759264475,340,1,103,103,103,103,109,109,109,109,250974208,250974208,236257280,N/A,135168,243245056,1,dbus-daemon,S (sleeping),nginx2.bnsdq.ozxfs.laefh.kvugl,0.2956125869939558
1759264475,183,1,N/A,N/A,N/A,N/A,N/A,N/A,N/A,N/A,154570752,112664576,56389632,4096,135168,28184576,1,systemd-journal,S (sleeping),nginx2.bnsdq.ozxfs.laefh.kvugl,0.22479822006646719
1759264475,3275,1,N/A,N/A,N/A,N/A,N/A,N/A,N/A,N/A,1931149312,1931149312,53477376,N/A,135168,187768832,14,discern-network,S (sleeping),nginx2.bnsdq.ozxfs.laefh.kvugl,2.227201738584525
1759264475,96204,1,N/A,N/A,N/A,N/A,N/A,N/A,N/A,N/A,1264619520,1264619520,17235968,N/A,135168,45826048,4,discern-proc-so,S (sleeping),nginx2.bnsdq.ozxfs.laefh.kvugl,2.6690857967519097
1759264475,3688,1,N/A,N/A,N/A,N/A,N/A,N/A,N/A,N/A,1264021504,1264021504,13426688,N/A,135168,45559808,4,discern-cpu-sor,S (sleeping),nginx2.bnsdq.ozxfs.laefh.kvugl,0.019475438268947525
1759264480,340,1,103,103,103,103,109,109,109,109,250974208,250974208,236257280,N/A,135168,243245056,1,dbus-daemon,S (sleeping),nginx2.bnsdq.ozxfs.laefh.kvugl,0.29568016585862433
1759264480,183,1,N/A,N/A,N/A,N/A,N/A,N/A,N/A,N/A,154570752,112664576,56389632,4096,135168,28184576,1,systemd-journal,S (sleeping),nginx2.bnsdq.ozxfs.laefh.kvugl,0.22491750341316374
1759264480,3275,1,N/A,N/A,N/A,N/A,N/A,N/A,N/A,N/A,1931149312,1931149312,53477376,N/A,135168,187768832,14,discern-network,S (sleeping),nginx2.bnsdq.ozxfs.laefh.kvugl,2.227131693446046
1759264480,3688,1,N/A,N/A,N/A,N/A,N/A,N/A,N/A,N/A,1264021504,1264021504,13426688,N/A,135168,45559808,4,discern-cpu-sor,S (sleeping),nginx2.bnsdq.ozxfs.laefh.kvugl,0.019460643298406972
1759264480,80899,1,N/A,N/A,N/A,N/A,N/A,N/A,N/A,N/A,1647706112,1580597248,20467712,N/A,135168,82202624,5,discern-interfa,S (sleeping),nginx2.bnsdq.ozxfs.laefh.kvugl,0.001892839064914128
1759264486,340,1,103,103,103,103,109,109,109,109,250974208,250974208,236257280,N/A,135168,243245056,1,dbus-daemon,S (sleeping),nginx2.bnsdq.ozxfs.laefh.kvugl,0.2956051064240296
1759264486,183,1,N/A,N/A,N/A,N/A,N/A,N/A,N/A,N/A,154570752,112664576,56389632,4096,135168,28184576,1,systemd-journal,S (sleeping),nginx2.bnsdq.ozxfs.laefh.kvugl,0.22503592921014445
1759264486,3275,1,N/A,N/A,N/A,N/A,N/A,N/A,N/A,N/A,1931149312,1931149312,53477376,N/A,135168,187768832,14,discern-network,S (sleeping),nginx2.bnsdq.ozxfs.laefh.kvugl,2.2272016614634373
1759264486,96204,1,N/A,N/A,N/A,N/A,N/A,N/A,N/A,N/A,1264619520,1264619520,17235968,N/A,135168,45826048,4,discern-proc-so,S (sleeping),nginx2.bnsdq.ozxfs.laefh.kvugl,2.667690298474527
1759264486,3688,1,N/A,N/A,N/A,N/A,N/A,N/A,N/A,N/A,1264021504,1264021504,13426688,N/A,135168,45559808,4,discern-cpu-sor,S (sleeping),nginx2.bnsdq.ozxfs.laefh.kvugl,0.019445809202149115
1759264491,340,1,103,103,103,103,109,109,109,109,250974208,250974208,236257280,N/A,135168,243245056,1,dbus-daemon,S (sleeping),nginx2.bnsdq.ozxfs.laefh.kvugl,0.2955310997594014
1759264491,183,1,N/A,N/A,N/A,N/A,N/A,N/A,N/A,N/A,154570752,112664576,56389632,4096,135168,28184576,1,systemd-journal,S (sleeping),nginx2.bnsdq.ozxfs.laefh.kvugl,0.2251549008891093
1759264491,3275,1,N/A,N/A,N/A,N/A,N/A,N/A,N/A,N/A,1931149312,1931149312,53477376,N/A,135168,187768832,14,discern-network,S (sleeping),nginx2.bnsdq.ozxfs.laefh.kvugl,2.226985342427832
1759264491,96204,1,N/A,N/A,N/A,N/A,N/A,N/A,N/A,N/A,1264619520,1264619520,17235968,N/A,135168,45826048,4,discern-proc-so,S (sleeping),nginx2.bnsdq.ozxfs.laefh.kvugl,2.665874613245988
1759264491,3688,1,N/A,N/A,N/A,N/A,N/A,N/A,N/A,N/A,1264021504,1264021504,13426688,N/A,135168,45559808,4,discern-cpu-sor,S (sleeping),nginx2.bnsdq.ozxfs.laefh.kvugl,0.019431062438728587
1759264496,340,1,103,103,103,103,109,109,109,109,250974208,250974208,236257280,N/A,135168,243245056,1,dbus-daemon,S (sleeping),nginx2.bnsdq.ozxfs.laefh.kvugl,0.29573991316163845
1759264496,183,1,N/A,N/A,N/A,N/A,N/A,N/A,N/A,N/A,154570752,112664576,56389632,4096,135168,28184576,1,systemd-journal,S (sleeping),nginx2.bnsdq.ozxfs.laefh.kvugl,0.22541499316884664
1759264496,3275,1,N/A,N/A,N/A,N/A,N/A,N/A,N/A,N/A,1931149312,1931149312,53477376,N/A,135168,187768832,14,discern-network,S (sleeping),nginx2.bnsdq.ozxfs.laefh.kvugl,2.2269147686535473
1759264496,96204,1,N/A,N/A,N/A,N/A,N/A,N/A,N/A,N/A,1264619520,1264619520,17235968,N/A,135168,45826048,4,discern-proc-so,S (sleeping),nginx2.bnsdq.ozxfs.laefh.kvugl,2.666492626798761
1759264496,3688,1,N/A,N/A,N/A,N/A,N/A,N/A,N/A,N/A,1264021504,1264021504,13426688,N/A,135168,45559808,4,discern-cpu-sor,S (sleeping),nginx2.bnsdq.ozxfs.laefh.kvugl,0.019416327139131728
1759264501,340,1,103,103,103,103,109,109,109,109,250974208,250974208,236257280,N/A,135168,243245056,1,dbus-daemon,S (sleeping),nginx2.bnsdq.ozxfs.laefh.kvugl,0.29566572934766183
1759264501,183,1,N/A,N/A,N/A,N/A,N/A,N/A,N/A,N/A,154570752,112664576,56389632,4096,135168,28184576,1,systemd-journal,S (sleeping),nginx2.bnsdq.ozxfs.laefh.kvugl,0.22539206034439632
1759264501,3275,1,N/A,N/A,N/A,N/A,N/A,N/A,N/A,N/A,1931149312,1931149312,53477376,N/A,135168,187768832,14,discern-network,S (sleeping),nginx2.bnsdq.ozxfs.laefh.kvugl,2.2272837038451976
1759264501,96204,1,N/A,N/A,N/A,N/A,N/A,N/A,N/A,N/A,1264619520,1264619520,17235968,N/A,135168,45826048,4,discern-proc-so,S (sleeping),nginx2.bnsdq.ozxfs.laefh.kvugl,2.6670904944954277
1759264501,3688,1,N/A,N/A,N/A,N/A,N/A,N/A,N/A,N/A,1264021504,1264021504,13426688,N/A,135168,45559808,4,discern-cpu-sor,S (sleeping),nginx2.bnsdq.ozxfs.laefh.kvugl,0.019401611657313696
1759264506,340,1,103,103,103,103,109,109,109,109,250974208,250974208,236257280,N/A,135168,243245056,1,dbus-daemon,S (sleeping),nginx2.bnsdq.ozxfs.laefh.kvugl,0.2957330467157441
1759264506,183,1,N/A,N/A,N/A,N/A,N/A,N/A,N/A,N/A,154570752,112664576,56389632,4096,135168,28184576,1,systemd-journal,S (sleeping),nginx2.bnsdq.ozxfs.laefh.kvugl,0.22565170176734337
1759264506,3275,1,N/A,N/A,N/A,N/A,N/A,N/A,N/A,N/A,1931149312,1931149312,53477376,N/A,135168,187768832,14,discern-network,S (sleeping),nginx2.bnsdq.ozxfs.laefh.kvugl,2.227653377880233
1759264506,96204,1,N/A,N/A,N/A,N/A,N/A,N/A,N/A,N/A,1264619520,1264619520,17235968,N/A,135168,45826048,4,discern-proc-so,R (running),nginx2.bnsdq.ozxfs.laefh.kvugl,2.662989806353173
1759264506,3688,1,N/A,N/A,N/A,N/A,N/A,N/A,N/A,N/A,1264021504,1264021504,13426688,N/A,135168,45559808,4,discern-cpu-sor,S (sleeping),nginx2.bnsdq.ozxfs.laefh.kvugl,0.019386930289656924
1759264511,340,1,103,103,103,103,109,109,109,109,250974208,250974208,236257280,N/A,135168,243245056,1,dbus-daemon,S (sleeping),nginx2.bnsdq.ozxfs.laefh.kvugl,0.2956578543901377
1759264511,183,1,N/A,N/A,N/A,N/A,N/A,N/A,N/A,N/A,154570752,120983552,56389632,4096,135168,28184576,1,systemd-journal,S (sleeping),nginx2.bnsdq.ozxfs.laefh.kvugl,0.22576887966733372
1759264511,3275,1,N/A,N/A,N/A,N/A,N/A,N/A,N/A,N/A,1931149312,1931149312,53477376,N/A,135168,187768832,14,discern-network,S (sleeping),nginx2.bnsdq.ozxfs.laefh.kvugl,2.2278661216820512
1759264511,96204,1,N/A,N/A,N/A,N/A,N/A,N/A,N/A,N/A,1264619520,1264619520,17235968,N/A,135168,45826048,4,discern-proc-so,S (sleeping),nginx2.bnsdq.ozxfs.laefh.kvugl,2.6634483442859374
1759264511,3688,1,N/A,N/A,N/A,N/A,N/A,N/A,N/A,N/A,1264021504,1264021504,13426688,N/A,135168,45559808,4,discern-cpu-sor,S (sleeping),nginx2.bnsdq.ozxfs.laefh.kvugl,0.01937218290637042
1759264517,340,1,103,103,103,103,109,109,109,109,250974208,250974208,236257280,N/A,135168,243245056,1,dbus-daemon,S (sleeping),nginx2.bnsdq.ozxfs.laefh.kvugl,0.29572531585958706
1759264517,183,1,N/A,N/A,N/A,N/A,N/A,N/A,N/A,N/A,154570752,120983552,56389632,4096,135168,28184576,1,systemd-journal,S (sleeping),nginx2.bnsdq.ozxfs.laefh.kvugl,0.22588705247251076
1759264517,3275,1,N/A,N/A,N/A,N/A,N/A,N/A,N/A,N/A,1931149312,1931149312,53477376,N/A,135168,187768832,14,discern-network,S (sleeping),nginx2.bnsdq.ozxfs.laefh.kvugl,2.2279442266893543
1759264517,96204,1,N/A,N/A,N/A,N/A,N/A,N/A,N/A,N/A,1264619520,1264619520,17235968,N/A,135168,45826048,4,discern-proc-so,S (sleeping),nginx2.bnsdq.ozxfs.laefh.kvugl,2.6618226587323703
1759264517,3688,1,N/A,N/A,N/A,N/A,N/A,N/A,N/A,N/A,1264021504,1264021504,13426688,N/A,135168,45559808,4,discern-cpu-sor,S (sleeping),nginx2.bnsdq.ozxfs.laefh.kvugl,0.019357562503379167
1759264522,340,1,103,103,103,103,109,109,109,109,250974208,250974208,236257280,N/A,135168,243245056,1,dbus-daemon,S (sleeping),nginx2.bnsdq.ozxfs.laefh.kvugl,0.29565076910732135
1759264522,183,1,N/A,N/A,N/A,N/A,N/A,N/A,N/A,N/A,154570752,120983552,56389632,4096,135168,28184576,1,systemd-journal,S (sleeping),nginx2.bnsdq.ozxfs.laefh.kvugl,0.22600429397076502
1759264522,3275,1,N/A,N/A,N/A,N/A,N/A,N/A,N/A,N/A,1931149312,1931149312,53477376,N/A,135168,187768832,14,discern-network,S (sleeping),nginx2.bnsdq.ozxfs.laefh.kvugl,2.2278683948560305
1759264522,96204,1,N/A,N/A,N/A,N/A,N/A,N/A,N/A,N/A,1264619520,1264619520,17235968,N/A,135168,45826048,4,discern-proc-so,S (sleeping),nginx2.bnsdq.ozxfs.laefh.kvugl,2.6623627911366636
1759264522,3688,1,N/A,N/A,N/A,N/A,N/A,N/A,N/A,N/A,1264021504,1264021504,13426688,N/A,135168,45559808,4,discern-cpu-sor,S (sleeping),nginx2.bnsdq.ozxfs.laefh.kvugl,0.019342896677612107
1759264527,340,1,103,103,103,103,109,109,109,109,250974208,250974208,236257280,N/A,135168,243245056,1,dbus-daemon,S (sleeping),nginx2.bnsdq.ozxfs.laefh.kvugl,0.2955771774500696
1759264527,183,1,N/A,N/A,N/A,N/A,N/A,N/A,N/A,N/A,154570752,120983552,56389632,4096,135168,28184576,1,systemd-journal,S (sleeping),nginx2.bnsdq.ozxfs.laefh.kvugl,0.22612201243500596
1759264527,3275,1,N/A,N/A,N/A,N/A,N/A,N/A,N/A,N/A,1931149312,1931149312,53477376,N/A,135168,187768832,14,discern-network,S (sleeping),nginx2.bnsdq.ozxfs.laefh.kvugl,2.2277992629684467
1759264527,96204,1,N/A,N/A,N/A,N/A,N/A,N/A,N/A,N/A,1264619520,1264619520,17235968,N/A,135168,45826048,4,discern-proc-so,S (sleeping),nginx2.bnsdq.ozxfs.laefh.kvugl,2.663011370968283
1759264527,3688,1,N/A,N/A,N/A,N/A,N/A,N/A,N/A,N/A,1264021504,1264021504,13426688,N/A,135168,45559808,4,discern-cpu-sor,S (sleeping),nginx2.bnsdq.ozxfs.laefh.kvugl,0.019328310278608454
1759264532,340,1,103,103,103,103,109,109,109,109,250974208,250974208,236257280,N/A,135168,243245056,1,dbus-daemon,S (sleeping),nginx2.bnsdq.ozxfs.laefh.kvugl,0.29550282903297503
1759264532,183,1,N/A,N/A,N/A,N/A,N/A,N/A,N/A,N/A,154570752,120983552,56389632,4096,135168,28184576,1,systemd-journal,S (sleeping),nginx2.bnsdq.ozxfs.laefh.kvugl,0.22623889916018827
1759264532,3275,1,N/A,N/A,N/A,N/A,N/A,N/A,N/A,N/A,1931149312,1931149312,53477376,N/A,135168,187768832,14,discern-network,S (sleeping),nginx2.bnsdq.ozxfs.laefh.kvugl,2.227869370861606
1759264532,96204,1,N/A,N/A,N/A,N/A,N/A,N/A,N/A,N/A,1264619520,1264619520,17235968,N/A,135168,45826048,4,discern-proc-so,R (running),nginx2.bnsdq.ozxfs.laefh.kvugl,2.6635222609395384
1759264532,3688,1,N/A,N/A,N/A,N/A,N/A,N/A,N/A,N/A,1264021504,1264021504,13426688,N/A,135168,45559808,4,discern-cpu-sor,S (sleeping),nginx2.bnsdq.ozxfs.laefh.kvugl,0.019313687127970675
1759264537,340,1,103,103,103,103,109,109,109,109,250974208,250974208,236257280,N/A,135168,243245056,1,dbus-daemon,S (sleeping),nginx2.bnsdq.ozxfs.laefh.kvugl,0.2954275322344694
1759264537,183,1,N/A,N/A,N/A,N/A,N/A,N/A,N/A,N/A,154570752,120983552,56389632,4096,135168,28184576,1,systemd-journal,S (sleeping),nginx2.bnsdq.ozxfs.laefh.kvugl,0.22621420550447097
1759264537,3275,1,N/A,N/A,N/A,N/A,N/A,N/A,N/A,N/A,1931149312,1931149312,53477376,N/A,135168,187768832,14,discern-network,S (sleeping),nginx2.bnsdq.ozxfs.laefh.kvugl,2.2279309060690475
1759264537,3688,1,N/A,N/A,N/A,N/A,N/A,N/A,N/A,N/A,1264021504,1264021504,13426688,N/A,135168,45559808,4,discern-cpu-sor,S (sleeping),nginx2.bnsdq.ozxfs.laefh.kvugl,0.019299011938188212
1759264537,96204,1,N/A,N/A,N/A,N/A,N/A,N/A,N/A,N/A,1264619520,1264619520,17235968,N/A,135168,45826048,4,discern-proc-so,S (sleeping),nginx2.bnsdq.ozxfs.laefh.kvugl,2.6660593230513774
1759264542,340,1,103,103,103,103,109,109,109,109,250974208,250974208,236257280,N/A,135168,243245056,1,dbus-daemon,S (sleeping),nginx2.bnsdq.ozxfs.laefh.kvugl,0.295635203845577
1759264542,183,1,N/A,N/A,N/A,N/A,N/A,N/A,N/A,N/A,154570752,120983552,56389632,4096,135168,28184576,1,systemd-journal,S (sleeping),nginx2.bnsdq.ozxfs.laefh.kvugl,0.22647194998868633
1759264542,3275,1,N/A,N/A,N/A,N/A,N/A,N/A,N/A,N/A,1931149312,1931149312,53477376,N/A,135168,187768832,14,discern-network,S (sleeping),nginx2.bnsdq.ozxfs.laefh.kvugl,2.2284440839183888
1759264542,96204,1,N/A,N/A,N/A,N/A,N/A,N/A,N/A,N/A,1264619520,1264619520,17235968,N/A,135168,45826048,4,discern-proc-so,R (running),nginx2.bnsdq.ozxfs.laefh.kvugl,2.664470164762567
1759264542,3688,1,N/A,N/A,N/A,N/A,N/A,N/A,N/A,N/A,1264021504,1264021504,13426688,N/A,135168,45559808,4,discern-cpu-sor,S (sleeping),nginx2.bnsdq.ozxfs.laefh.kvugl,0.0194305822987548
1759264548,340,1,103,103,103,103,109,109,109,109,250974208,250974208,236257280,N/A,135168,243245056,1,dbus-daemon,S (sleeping),nginx2.bnsdq.ozxfs.laefh.kvugl,0.2957002678085501
1759264548,183,1,N/A,N/A,N/A,N/A,N/A,N/A,N/A,N/A,154570752,120983552,56389632,4096,135168,28184576,1,systemd-journal,S (sleeping),nginx2.bnsdq.ozxfs.laefh.kvugl,0.22658747499284826
1759264548,3275,1,N/A,N/A,N/A,N/A,N/A,N/A,N/A,N/A,1931149312,1931149312,53477376,N/A,135168,187768832,14,discern-network,S (sleeping),nginx2.bnsdq.ozxfs.laefh.kvugl,2.2283593163676696
1759264548,96204,1,N/A,N/A,N/A,N/A,N/A,N/A,N/A,N/A,1264619520,1264619520,17235968,N/A,135168,45826048,4,discern-proc-so,S (sleeping),nginx2.bnsdq.ozxfs.laefh.kvugl,2.6626498381377286
1759264548,3688,1,N/A,N/A,N/A,N/A,N/A,N/A,N/A,N/A,1264021504,1264021504,13426688,N/A,135168,45559808,4,discern-cpu-sor,S (sleeping),nginx2.bnsdq.ozxfs.laefh.kvugl,0.0194158397126027
1759264553,340,1,103,103,103,103,109,109,109,109,250974208,250974208,236257280,N/A,135168,243245056,1,dbus-daemon,S (sleeping),nginx2.bnsdq.ozxfs.laefh.kvugl,0.2956273850013872
1759264553,183,1,N/A,N/A,N/A,N/A,N/A,N/A,N/A,N/A,154570752,120983552,56389632,4096,135168,28184576,1,systemd-journal,S (sleeping),nginx2.bnsdq.ozxfs.laefh.kvugl,0.2267047096434186
1759264553,3275,1,N/A,N/A,N/A,N/A,N/A,N/A,N/A,N/A,1931149312,1931149312,53477376,N/A,135168,187768832,14,discern-network,S (sleeping),nginx2.bnsdq.ozxfs.laefh.kvugl,2.2282937897094657
1759264553,96204,1,N/A,N/A,N/A,N/A,N/A,N/A,N/A,N/A,1264619520,1264619520,17235968,N/A,135168,45826048,4,discern-proc-so,S (sleeping),nginx2.bnsdq.ozxfs.laefh.kvugl,2.656957764637106
1759264553,3688,1,N/A,N/A,N/A,N/A,N/A,N/A,N/A,N/A,1264021504,1264021504,13426688,N/A,135168,45559808,4,discern-cpu-sor,S (sleeping),nginx2.bnsdq.ozxfs.laefh.kvugl,0.01940128578237496
1759264558,340,1,103,103,103,103,109,109,109,109,250974208,250974208,236257280,N/A,135168,243245056,1,dbus-daemon,S (sleeping),nginx2.bnsdq.ozxfs.laefh.kvugl,0.2955532071466012
1759264558,183,1,N/A,N/A,N/A,N/A,N/A,N/A,N/A,N/A,154570752,120983552,56389632,4096,135168,28184576,1,systemd-journal,S (sleeping),nginx2.bnsdq.ozxfs.laefh.kvugl,0.22668051771685518
1759264558,3275,1,N/A,N/A,N/A,N/A,N/A,N/A,N/A,N/A,1931149312,1931149312,53477376,N/A,135168,187768832,14,discern-network,S (sleeping),nginx2.bnsdq.ozxfs.laefh.kvugl,2.228362788385125
1759264558,96204,1,N/A,N/A,N/A,N/A,N/A,N/A,N/A,N/A,1264619520,1264619520,17235968,N/A,135168,45826048,4,discern-proc-so,R (running),nginx2.bnsdq.ozxfs.laefh.kvugl,2.6616968042346265
1759264558,3688,1,N/A,N/A,N/A,N/A,N/A,N/A,N/A,N/A,1264021504,1264021504,13426688,N/A,135168,45559808,4,discern-cpu-sor,S (sleeping),nginx2.bnsdq.ozxfs.laefh.kvugl,0.01938665873266183
1759264563,340,1,103,103,103,103,109,109,109,109,250974208,250974208,236257280,N/A,135168,243245056,1,dbus-daemon,S (sleeping),nginx2.bnsdq.ozxfs.laefh.kvugl,0.2954800678520723
1759264563,183,1,N/A,N/A,N/A,N/A,N/A,N/A,N/A,N/A,154570752,120983552,56389632,4096,135168,28184576,1,systemd-journal,S (sleeping),nginx2.bnsdq.ozxfs.laefh.kvugl,0.22679715929108124
1759264563,3275,1,N/A,N/A,N/A,N/A,N/A,N/A,N/A,N/A,1931149312,1931149312,53477376,N/A,135168,187768832,14,discern-network,S (sleeping),nginx2.bnsdq.ozxfs.laefh.kvugl,2.2284389611009
1759264563,96204,1,N/A,N/A,N/A,N/A,N/A,N/A,N/A,N/A,1264619520,1264619520,17235968,N/A,135168,45826048,4,discern-proc-so,S (sleeping),nginx2.bnsdq.ozxfs.laefh.kvugl,2.651921695590109
1759264563,3688,1,N/A,N/A,N/A,N/A,N/A,N/A,N/A,N/A,1264021504,1264021504,13426688,N/A,135168,45559808,4,discern-cpu-sor,S (sleeping),nginx2.bnsdq.ozxfs.laefh.kvugl,0.01937211691407848
1759264568,340,1,103,103,103,103,109,109,109,109,250974208,250974208,236257280,N/A,135168,243245056,1,dbus-daemon,S (sleeping),nginx2.bnsdq.ozxfs.laefh.kvugl,0.2955462112908845
1759264568,183,1,N/A,N/A,N/A,N/A,N/A,N/A,N/A,N/A,154570752,120983552,56389632,4096,135168,28184576,1,systemd-journal,S (sleeping),nginx2.bnsdq.ozxfs.laefh.kvugl,0.22705298123918338
1759264568,3275,1,N/A,N/A,N/A,N/A,N/A,N/A,N/A,N/A,1931149312,1931149312,53477376,N/A,135168,187768832,14,discern-network,S (sleeping),nginx2.bnsdq.ozxfs.laefh.kvugl,2.2285085543322904
1759264568,96204,1,N/A,N/A,N/A,N/A,N/A,N/A,N/A,N/A,1264619520,1264619520,17235968,N/A,135168,45826048,4,discern-proc-so,S (sleeping),nginx2.bnsdq.ozxfs.laefh.kvugl,2.6545727565853046
1759264568,3688,1,N/A,N/A,N/A,N/A,N/A,N/A,N/A,N/A,1264021504,1264021504,13426688,N/A,135168,45559808,4,discern-cpu-sor,S (sleeping),nginx2.bnsdq.ozxfs.laefh.kvugl,0.019357540915413324
1759264573,340,1,103,103,103,103,109,109,109,109,250974208,250974208,236257280,N/A,135168,243245056,1,dbus-daemon,S (sleeping),nginx2.bnsdq.ozxfs.laefh.kvugl,0.29547384850124386
1759264573,183,1,N/A,N/A,N/A,N/A,N/A,N/A,N/A,N/A,154570752,120983552,56389632,4096,135168,28184576,1,systemd-journal,S (sleeping),nginx2.bnsdq.ozxfs.laefh.kvugl,0.22702981360865707
1759264573,3275,1,N/A,N/A,N/A,N/A,N/A,N/A,N/A,N/A,1931149312,1931149312,53477376,N/A,135168,187768832,14,discern-network,S (sleeping),nginx2.bnsdq.ozxfs.laefh.kvugl,2.228299657604841
1759264573,96204,1,N/A,N/A,N/A,N/A,N/A,N/A,N/A,N/A,1264619520,1264619520,17235968,N/A,135168,45826048,4,discern-proc-so,R (running),nginx2.bnsdq.ozxfs.laefh.kvugl,2.64922980589479
1759264573,3688,1,N/A,N/A,N/A,N/A,N/A,N/A,N/A,N/A,1264021504,1264021504,13426688,N/A,135168,45559808,4,discern-cpu-sor,S (sleeping),nginx2.bnsdq.ozxfs.laefh.kvugl,0.019343087877597545
1759264579,340,1,103,103,103,103,109,109,109,109,250974208,250974208,236257280,N/A,135168,243245056,1,dbus-daemon,S (sleeping),nginx2.bnsdq.ozxfs.laefh.kvugl,0.2956779393193273
1759264579,183,1,N/A,N/A,N/A,N/A,N/A,N/A,N/A,N/A,154570752,120983552,56389632,4096,135168,28184576,1,systemd-journal,S (sleeping),nginx2.bnsdq.ozxfs.laefh.kvugl,0.22728374458481976
1759264579,3275,1,N/A,N/A,N/A,N/A,N/A,N/A,N/A,N/A,1931149312,1931149312,53477376,N/A,135168,187768832,14,discern-network,S (sleeping),nginx2.bnsdq.ozxfs.laefh.kvugl,2.228500395198136
1759264579,96204,1,N/A,N/A,N/A,N/A,N/A,N/A,N/A,N/A,1264619520,1264619520,17235968,N/A,135168,45826048,4,discern-proc-so,R (running),nginx2.bnsdq.ozxfs.laefh.kvugl,2.6415673196185563
1759264579,3688,1,N/A,N/A,N/A,N/A,N/A,N/A,N/A,N/A,1264021504,1264021504,13426688,N/A,135168,45559808,4,discern-cpu-sor,S (sleeping),nginx2.bnsdq.ozxfs.laefh.kvugl,0.01932843571058352
1759264593,340,1,103,103,103,103,109,109,109,109,250974208,250974208,236257280,N/A,135168,243245056,1,dbus-daemon,S (sleeping),nginx2.bnsdq.ozxfs.laefh.kvugl,0.29563490462800945
1759264593,183,1,N/A,N/A,N/A,N/A,N/A,N/A,N/A,N/A,154570752,120983552,56389632,4096,135168,28184576,1,systemd-journal,S (sleeping),nginx2.bnsdq.ozxfs.laefh.kvugl,0.22779822843977027
1759264593,3275,1,N/A,N/A,N/A,N/A,N/A,N/A,N/A,N/A,1931149312,1931149312,53477376,N/A,135168,187768832,14,discern-network,S (sleeping),nginx2.bnsdq.ozxfs.laefh.kvugl,2.228432053153274
1759264593,102844,1,N/A,N/A,N/A,N/A,N/A,N/A,N/A,N/A,1264619520,1264619520,16982016,N/A,135168,45826048,4,discern-proc-so,R (running),nginx2.bnsdq.ozxfs.laefh.kvugl,6.154147085957906
1759264593,3688,1,N/A,N/A,N/A,N/A,N/A,N/A,N/A,N/A,1264021504,1264021504,13426688,N/A,135168,45559808,4,discern-cpu-sor,S (sleeping),nginx2.bnsdq.ozxfs.laefh.kvugl,0.01943261118530694
1759264598,340,1,103,103,103,103,109,109,109,109,250974208,250974208,236257280,N/A,135168,243245056,1,dbus-daemon,S (sleeping),nginx2.bnsdq.ozxfs.laefh.kvugl,0.29570208329630854
1759264598,183,1,N/A,N/A,N/A,N/A,N/A,N/A,N/A,N/A,154570752,120983552,56389632,4096,135168,28184576,1,systemd-journal,S (sleeping),nginx2.bnsdq.ozxfs.laefh.kvugl,0.22791395790543062
1759264598,3275,1,N/A,N/A,N/A,N/A,N/A,N/A,N/A,N/A,1931149312,1931149312,53477376,N/A,135168,187768832,14,discern-network,S (sleeping),nginx2.bnsdq.ozxfs.laefh.kvugl,2.2283680001717885
1759264598,102844,1,N/A,N/A,N/A,N/A,N/A,N/A,N/A,N/A,1264619520,1264619520,17113088,N/A,135168,45826048,4,discern-proc-so,S (sleeping),nginx2.bnsdq.ozxfs.laefh.kvugl,3.106488435872908
1759264598,3688,1,N/A,N/A,N/A,N/A,N/A,N/A,N/A,N/A,1264021504,1264021504,13426688,N/A,135168,45559808,4,discern-cpu-sor,S (sleeping),nginx2.bnsdq.ozxfs.laefh.kvugl,0.019418150606700012
1759264603,340,1,103,103,103,103,109,109,109,109,250974208,250974208,236257280,N/A,135168,243245056,1,dbus-daemon,S (sleeping),nginx2.bnsdq.ozxfs.laefh.kvugl,0.29576777173512636
1759264603,183,1,N/A,N/A,N/A,N/A,N/A,N/A,N/A,N/A,154570752,120983552,56389632,4096,135168,28184576,1,systemd-journal,S (sleeping),nginx2.bnsdq.ozxfs.laefh.kvugl,0.22802844627418942
1759264603,3275,1,N/A,N/A,N/A,N/A,N/A,N/A,N/A,N/A,1931149312,1931149312,53477376,N/A,135168,187768832,14,discern-network,S (sleeping),nginx2.bnsdq.ozxfs.laefh.kvugl,2.228437497087515
1759264603,102844,1,N/A,N/A,N/A,N/A,N/A,N/A,N/A,N/A,1264619520,1264619520,17125376,N/A,135168,45826048,4,discern-proc-so,S (sleeping),nginx2.bnsdq.ozxfs.laefh.kvugl,2.9339870110644686
1759264603,3688,1,N/A,N/A,N/A,N/A,N/A,N/A,N/A,N/A,1264021504,1264021504,13426688,N/A,135168,45559808,4,discern-cpu-sor,S (sleeping),nginx2.bnsdq.ozxfs.laefh.kvugl,0.019403616059735597
1759264609,340,1,103,103,103,103,109,109,109,109,250974208,250974208,236257280,N/A,135168,243245056,1,dbus-daemon,S (sleeping),nginx2.bnsdq.ozxfs.laefh.kvugl,0.2956955206854811
1759264609,183,1,N/A,N/A,N/A,N/A,N/A,N/A,N/A,N/A,154570752,120983552,56389632,4096,135168,28184576,1,systemd-journal,S (sleeping),nginx2.bnsdq.ozxfs.laefh.kvugl,0.22814382766916827
1759264609,3275,1,N/A,N/A,N/A,N/A,N/A,N/A,N/A,N/A,1931149312,1931149312,53477376,N/A,135168,187768832,14,discern-network,S (sleeping),nginx2.bnsdq.ozxfs.laefh.kvugl,2.2285176423097526
1759264609,102844,1,N/A,N/A,N/A,N/A,N/A,N/A,N/A,N/A,1264619520,1264619520,17125376,N/A,135168,45826048,4,discern-proc-so,R (running),nginx2.bnsdq.ozxfs.laefh.kvugl,2.754205191377679
1759264609,3688,1,N/A,N/A,N/A,N/A,N/A,N/A,N/A,N/A,1264021504,1264021504,13426688,N/A,135168,45559808,4,discern-cpu-sor,S (sleeping),nginx2.bnsdq.ozxfs.laefh.kvugl,0.019389197120172327
1759264614,340,1,103,103,103,103,109,109,109,109,250974208,250974208,236257280,N/A,135168,243245056,1,dbus-daemon,S (sleeping),nginx2.bnsdq.ozxfs.laefh.kvugl,0.29590149721176456
1759264614,183,1,N/A,N/A,N/A,N/A,N/A,N/A,N/A,N/A,154570752,120983552,56389632,4096,135168,28184576,1,systemd-journal,S (sleeping),nginx2.bnsdq.ozxfs.laefh.kvugl,0.22853715504864885
1759264614,3275,1,N/A,N/A,N/A,N/A,N/A,N/A,N/A,N/A,1931149312,1931149312,53477376,N/A,135168,187768832,14,discern-network,S (sleeping),nginx2.bnsdq.ozxfs.laefh.kvugl,2.2284526263260913
1759264614,102844,1,N/A,N/A,N/A,N/A,N/A,N/A,N/A,N/A,1264619520,1264619520,17162240,N/A,135168,45826048,4,discern-proc-so,R (running),nginx2.bnsdq.ozxfs.laefh.kvugl,2.5221596812224583
1759264614,3688,1,N/A,N/A,N/A,N/A,N/A,N/A,N/A,N/A,1264021504,1264021504,13426688,N/A,135168,45559808,4,discern-cpu-sor,S (sleeping),nginx2.bnsdq.ozxfs.laefh.kvugl,0.019374791973930064
1759264619,340,1,103,103,103,103,109,109,109,109,250974208,250974208,236257280,N/A,135168,243245056,1,dbus-daemon,S (sleeping),nginx2.bnsdq.ozxfs.laefh.kvugl,0.2959679433797243
1759264619,183,1,N/A,N/A,N/A,N/A,N/A,N/A,N/A,N/A,154570752,120983552,56389632,4096,135168,28184576,1,systemd-journal,S (sleeping),nginx2.bnsdq.ozxfs.laefh.kvugl,0.2286517550772349
1759264619,3275,1,N/A,N/A,N/A,N/A,N/A,N/A,N/A,N/A,1931149312,1931149312,53477376,N/A,135168,187768832,14,discern-network,S (sleeping),nginx2.bnsdq.ozxfs.laefh.kvugl,2.2283859951240275
1759264619,102844,1,N/A,N/A,N/A,N/A,N/A,N/A,N/A,N/A,1264619520,1264619520,17166336,N/A,135168,45826048,4,discern-proc-so,R (running),nginx2.bnsdq.ozxfs.laefh.kvugl,2.450003769711099
1759264619,3688,1,N/A,N/A,N/A,N/A,N/A,N/A,N/A,N/A,1264021504,1264021504,13426688,N/A,135168,45559808,4,discern-cpu-sor,S (sleeping),nginx2.bnsdq.ozxfs.laefh.kvugl,0.019360393310326025
1759264624,340,1,103,103,103,103,109,109,109,109,250974208,250974208,236257280,N/A,135168,243245056,1,dbus-daemon,S (sleeping),nginx2.bnsdq.ozxfs.laefh.kvugl,0.2960337678982674
1759264624,183,1,N/A,N/A,N/A,N/A,N/A,N/A,N/A,N/A,154570752,120983552,56389632,4096,135168,28184576,1,systemd-journal,S (sleeping),nginx2.bnsdq.ozxfs.laefh.kvugl,0.2287657815872464
1759264624,3275,1,N/A,N/A,N/A,N/A,N/A,N/A,N/A,N/A,1931149312,1931149312,53477376,N/A,135168,187768832,14,discern-network,S (sleeping),nginx2.bnsdq.ozxfs.laefh.kvugl,2.2280274093100942
1759264624,102844,1,N/A,N/A,N/A,N/A,N/A,N/A,N/A,N/A,1264619520,1264619520,17166336,N/A,135168,45826048,4,discern-proc-so,R (running),nginx2.bnsdq.ozxfs.laefh.kvugl,2.4305059680847916
1759264624,3688,1,N/A,N/A,N/A,N/A,N/A,N/A,N/A,N/A,1264021504,1264021504,13426688,N/A,135168,45559808,4,discern-cpu-sor,S (sleeping),nginx2.bnsdq.ozxfs.laefh.kvugl,0.019345979880984007
1759264629,340,1,103,103,103,103,109,109,109,109,250974208,250974208,236257280,N/A,135168,243245056,1,dbus-daemon,S (sleeping),nginx2.bnsdq.ozxfs.laefh.kvugl,0.29596008876489127
1759264629,183,1,N/A,N/A,N/A,N/A,N/A,N/A,N/A,N/A,154570752,129372160,56389632,4096,135168,28184576,1,systemd-journal,S (sleeping),nginx2.bnsdq.ozxfs.laefh.kvugl,0.22901799147285162
1759264629,3275,1,N/A,N/A,N/A,N/A,N/A,N/A,N/A,N/A,1931149312,1931149312,53477376,N/A,135168,187768832,14,discern-network,S (sleeping),nginx2.bnsdq.ozxfs.laefh.kvugl,2.2280963425275053
1759264629,102844,1,N/A,N/A,N/A,N/A,N/A,N/A,N/A,N/A,1264619520,1264619520,17166336,N/A,135168,45826048,4,discern-proc-so,R (running),nginx2.bnsdq.ozxfs.laefh.kvugl,2.495063744321858
1759264629,3688,1,N/A,N/A,N/A,N/A,N/A,N/A,N/A,N/A,1264021504,1264021504,13426688,N/A,135168,45559808,4,discern-cpu-sor,S (sleeping),nginx2.bnsdq.ozxfs.laefh.kvugl,0.019331548206260027
1759264634,340,1,103,103,103,103,109,109,109,109,250974208,250974208,236257280,N/A,135168,243245056,1,dbus-daemon,S (sleeping),nginx2.bnsdq.ozxfs.laefh.kvugl,0.2960261554307066
1759264634,183,1,N/A,N/A,N/A,N/A,N/A,N/A,N/A,N/A,154570752,129372160,57356288,4096,135168,28184576,1,systemd-journal,S (sleeping),nginx2.bnsdq.ozxfs.laefh.kvugl,0.22913185191690613
1759264634,3275,1,N/A,N/A,N/A,N/A,N/A,N/A,N/A,N/A,1931149312,1931149312,53477376,N/A,135168,187768832,14,discern-network,S (sleeping),nginx2.bnsdq.ozxfs.laefh.kvugl,2.2280286144411905
1759264634,102844,1,N/A,N/A,N/A,N/A,N/A,N/A,N/A,N/A,1264619520,1264619520,17166336,N/A,135168,45826048,4,discern-proc-so,S (sleeping),nginx2.bnsdq.ozxfs.laefh.kvugl,2.4753180051321935
1759264634,3688,1,N/A,N/A,N/A,N/A,N/A,N/A,N/A,N/A,1264021504,1264021504,13426688,N/A,135168,45559808,4,discern-cpu-sor,S (sleeping),nginx2.bnsdq.ozxfs.laefh.kvugl,0.019317200686991637
1759264640,340,1,103,103,103,103,109,109,109,109,250974208,250974208,236257280,N/A,135168,243245056,1,dbus-daemon,S (sleeping),nginx2.bnsdq.ozxfs.laefh.kvugl,0.29609061032233447
1759264640,183,1,N/A,N/A,N/A,N/A,N/A,N/A,N/A,N/A,154570752,129372160,57786368,4096,135168,28184576,1,systemd-journal,S (sleeping),nginx2.bnsdq.ozxfs.laefh.kvugl,0.22938297483969225
1759264640,3275,1,N/A,N/A,N/A,N/A,N/A,N/A,N/A,N/A,1931149312,1931149312,53477376,N/A,135168,187768832,14,discern-network,S (sleeping),nginx2.bnsdq.ozxfs.laefh.kvugl,2.2279491275779786
1759264640,102844,1,N/A,N/A,N/A,N/A,N/A,N/A,N/A,N/A,1264619520,1264619520,17166336,N/A,135168,45826048,4,discern-proc-so,R (running),nginx2.bnsdq.ozxfs.laefh.kvugl,2.395420648317762
1759264640,3688,1,N/A,N/A,N/A,N/A,N/A,N/A,N/A,N/A,1264021504,1264021504,13426688,N/A,135168,45559808,4,discern-cpu-sor,S (sleeping),nginx2.bnsdq.ozxfs.laefh.kvugl,0.01930277129207483
1759264645,340,1,103,103,103,103,109,109,109,109,250974208,250974208,236257280,N/A,135168,243245056,1,dbus-daemon,S (sleeping),nginx2.bnsdq.ozxfs.laefh.kvugl,0.29601562503707607
1759264645,183,1,N/A,N/A,N/A,N/A,N/A,N/A,N/A,N/A,154570752,129372160,57942016,4096,135168,28184576,1,systemd-journal,S (sleeping),nginx2.bnsdq.ozxfs.laefh.kvugl,0.2294945943443107
1759264645,3275,1,N/A,N/A,N/A,N/A,N/A,N/A,N/A,N/A,1931149312,1931149312,53477376,N/A,135168,187768832,14,discern-network,S (sleeping),nginx2.bnsdq.ozxfs.laefh.kvugl,2.2280068351016777
1759264645,102844,1,N/A,N/A,N/A,N/A,N/A,N/A,N/A,N/A,1264619520,1264619520,17170432,N/A,135168,45826048,4,discern-proc-so,R (running),nginx2.bnsdq.ozxfs.laefh.kvugl,2.3678013030723015
1759264645,3688,1,N/A,N/A,N/A,N/A,N/A,N/A,N/A,N/A,1264021504,1264021504,13426688,N/A,135168,45559808,4,discern-cpu-sor,S (sleeping),nginx2.bnsdq.ozxfs.laefh.kvugl,0.01943225001044012
1759264650,340,1,103,103,103,103,109,109,109,109,250974208,250974208,236257280,N/A,135168,243245056,1,dbus-daemon,S (sleeping),nginx2.bnsdq.ozxfs.laefh.kvugl,0.2960815917623061
1759264650,183,1,N/A,N/A,N/A,N/A,N/A,N/A,N/A,N/A,154570752,129372160,58167296,4096,135168,28184576,1,systemd-journal,S (sleeping),nginx2.bnsdq.ozxfs.laefh.kvugl,0.2297463356790026
1759264650,3275,1,N/A,N/A,N/A,N/A,N/A,N/A,N/A,N/A,1931149312,1931149312,53477376,N/A,135168,187768832,14,discern-network,S (sleeping),nginx2.bnsdq.ozxfs.laefh.kvugl,2.2279399833836226
1759264650,102844,1,N/A,N/A,N/A,N/A,N/A,N/A,N/A,N/A,1264619520,1264619520,17170432,N/A,135168,45826048,4,discern-proc-so,S (sleeping),nginx2.bnsdq.ozxfs.laefh.kvugl,2.3646223135747513
1759264650,3688,1,N/A,N/A,N/A,N/A,N/A,N/A,N/A,N/A,1264021504,1264021504,13426688,N/A,135168,45559808,4,discern-cpu-sor,S (sleeping),nginx2.bnsdq.ozxfs.laefh.kvugl,0.019417865701630694
1759264655,340,1,103,103,103,103,109,109,109,109,250974208,250974208,236257280,N/A,135168,243245056,1,dbus-daemon,S (sleeping),nginx2.bnsdq.ozxfs.laefh.kvugl,0.29614653024570065
1759264655,183,1,N/A,N/A,N/A,N/A,N/A,N/A,N/A,N/A,154570752,129372160,58347520,4096,135168,28184576,1,systemd-journal,S (sleeping),nginx2.bnsdq.ozxfs.laefh.kvugl,0.2298586861666465
1759264655,3275,1,N/A,N/A,N/A,N/A,N/A,N/A,N/A,N/A,1931149312,1931149312,53477376,N/A,135168,187768832,14,discern-network,S (sleeping),nginx2.bnsdq.ozxfs.laefh.kvugl,2.2280091865609584
1759264655,102844,1,N/A,N/A,N/A,N/A,N/A,N/A,N/A,N/A,1264619520,1264619520,17170432,N/A,135168,45826048,4,discern-proc-so,R (running),nginx2.bnsdq.ozxfs.laefh.kvugl,2.40832100402984
1759264655,3688,1,N/A,N/A,N/A,N/A,N/A,N/A,N/A,N/A,1264021504,1264021504,13426688,N/A,135168,45559808,4,discern-cpu-sor,S (sleeping),nginx2.bnsdq.ozxfs.laefh.kvugl,0.019403438135885437
1759264660,340,1,103,103,103,103,109,109,109,109,250974208,250974208,236257280,N/A,135168,243245056,1,dbus-daemon,S (sleeping),nginx2.bnsdq.ozxfs.laefh.kvugl,0.29621206389025595
1759264660,183,1,N/A,N/A,N/A,N/A,N/A,N/A,N/A,N/A,154570752,129372160,58486784,4096,135168,28184576,1,systemd-journal,S (sleeping),nginx2.bnsdq.ozxfs.laefh.kvugl,0.22997141723278997
1759264660,3275,1,N/A,N/A,N/A,N/A,N/A,N/A,N/A,N/A,1931149312,1931149312,53477376,N/A,135168,187768832,14,discern-network,S (sleeping),nginx2.bnsdq.ozxfs.laefh.kvugl,2.2282269497228855
1759264660,102844,1,N/A,N/A,N/A,N/A,N/A,N/A,N/A,N/A,1264619520,1264619520,17170432,N/A,135168,45826048,4,discern-proc-so,R (running),nginx2.bnsdq.ozxfs.laefh.kvugl,2.4169360692492905
1759264660,3688,1,N/A,N/A,N/A,N/A,N/A,N/A,N/A,N/A,1264021504,1264021504,13426688,N/A,135168,45559808,4,discern-cpu-sor,S (sleeping),nginx2.bnsdq.ozxfs.laefh.kvugl,0.019389079984005804
1759264665,340,1,103,103,103,103,109,109,109,109,250974208,250974208,236257280,N/A,135168,243245056,1,dbus-daemon,S (sleeping),nginx2.bnsdq.ozxfs.laefh.kvugl,0.29613875430053255
1759264665,183,1,N/A,N/A,N/A,N/A,N/A,N/A,N/A,N/A,154570752,129372160,58675200,4096,135168,28184576,1,systemd-journal,S (sleeping),nginx2.bnsdq.ozxfs.laefh.kvugl,0.23008349806778297
1759264665,3275,1,N/A,N/A,N/A,N/A,N/A,N/A,N/A,N/A,1931149312,1931149312,53477376,N/A,135168,187768832,14,discern-network,S (sleeping),nginx2.bnsdq.ozxfs.laefh.kvugl,2.2281532355541587
1759264665,102844,1,N/A,N/A,N/A,N/A,N/A,N/A,N/A,N/A,1264619520,1264619520,17170432,N/A,135168,45826048,4,discern-proc-so,S (sleeping),nginx2.bnsdq.ozxfs.laefh.kvugl,2.437378152574305
1759264665,3688,1,N/A,N/A,N/A,N/A,N/A,N/A,N/A,N/A,1264021504,1264021504,13426688,N/A,135168,45559808,4,discern-cpu-sor,S (sleeping),nginx2.bnsdq.ozxfs.laefh.kvugl,0.01937469964975327
1759264671,340,1,103,103,103,103,109,109,109,109,250974208,250974208,236257280,N/A,135168,243245056,1,dbus-daemon,S (sleeping),nginx2.bnsdq.ozxfs.laefh.kvugl,0.2962040941898824
1759264671,183,1,N/A,N/A,N/A,N/A,N/A,N/A,N/A,N/A,154570752,129372160,58798080,4096,135168,28184576,1,systemd-journal,S (sleeping),nginx2.bnsdq.ozxfs.laefh.kvugl,0.23019582329190338
1759264671,3275,1,N/A,N/A,N/A,N/A,N/A,N/A,N/A,N/A,1931149312,1931149312,53477376,N/A,135168,187768832,14,discern-network,S (sleeping),nginx2.bnsdq.ozxfs.laefh.kvugl,2.228226723767016
1759264671,102844,1,N/A,N/A,N/A,N/A,N/A,N/A,N/A,N/A,1264619520,1264619520,17170432,N/A,135168,45826048,4,discern-proc-so,R (running),nginx2.bnsdq.ozxfs.laefh.kvugl,2.455546516581099
1759264671,3688,1,N/A,N/A,N/A,N/A,N/A,N/A,N/A,N/A,1264021504,1264021504,13426688,N/A,135168,45559808,4,discern-cpu-sor,S (sleeping),nginx2.bnsdq.ozxfs.laefh.kvugl,0.01936037644690216
1759264676,340,1,103,103,103,103,109,109,109,109,250974208,250974208,236257280,N/A,135168,243245056,1,dbus-daemon,S (sleeping),nginx2.bnsdq.ozxfs.laefh.kvugl,0.2962691229875685
1759264676,183,1,N/A,N/A,N/A,N/A,N/A,N/A,N/A,N/A,154570752,129372160,59101184,4096,135168,28184576,1,systemd-journal,S (sleeping),nginx2.bnsdq.ozxfs.laefh.kvugl,0.23058363689414577
1759264676,3275,1,N/A,N/A,N/A,N/A,N/A,N/A,N/A,N/A,1931149312,1931149312,53477376,N/A,135168,187768832,14,discern-network,S (sleeping),nginx2.bnsdq.ozxfs.laefh.kvugl,2.228298383454135
1759264676,102844,1,N/A,N/A,N/A,N/A,N/A,N/A,N/A,N/A,1264619520,1264619520,17170432,N/A,135168,45826048,4,discern-proc-so,S (sleeping),nginx2.bnsdq.ozxfs.laefh.kvugl,2.447567137911395
1759264676,3688,1,N/A,N/A,N/A,N/A,N/A,N/A,N/A,N/A,1264021504,1264021504,13426688,N/A,135168,45559808,4,discern-cpu-sor,S (sleeping),nginx2.bnsdq.ozxfs.laefh.kvugl,0.01934605932572096
1759264681,340,1,103,103,103,103,109,109,109,109,250974208,250974208,236257280,N/A,135168,243245056,1,dbus-daemon,S (sleeping),nginx2.bnsdq.ozxfs.laefh.kvugl,0.2963336918102102
1759264681,183,1,N/A,N/A,N/A,N/A,N/A,N/A,N/A,N/A,154570752,129372160,59260928,4096,135168,28184576,1,systemd-journal,S (sleeping),nginx2.bnsdq.ozxfs.laefh.kvugl,0.23083280165328526
1759264681,3275,1,N/A,N/A,N/A,N/A,N/A,N/A,N/A,N/A,1931149312,1931149312,53477376,N/A,135168,187768832,14,discern-network,S (sleeping),nginx2.bnsdq.ozxfs.laefh.kvugl,2.228224282139213
1759264681,102844,1,N/A,N/A,N/A,N/A,N/A,N/A,N/A,N/A,1264619520,1264619520,17170432,N/A,135168,45826048,4,discern-proc-so,R (running),nginx2.bnsdq.ozxfs.laefh.kvugl,2.485038998815183
1759264681,3688,1,N/A,N/A,N/A,N/A,N/A,N/A,N/A,N/A,1264021504,1264021504,13426688,N/A,135168,45559808,4,discern-cpu-sor,S (sleeping),nginx2.bnsdq.ozxfs.laefh.kvugl,0.019331738417849048
1759264686,340,1,103,103,103,103,109,109,109,109,250974208,250974208,236257280,N/A,135168,243245056,1,dbus-daemon,S (sleeping),nginx2.bnsdq.ozxfs.laefh.kvugl,0.2963987802980493
1759264686,183,1,N/A,N/A,N/A,N/A,N/A,N/A,N/A,N/A,154570752,129372160,59375616,4096,135168,28184576,1,systemd-journal,S (sleeping),nginx2.bnsdq.ozxfs.laefh.kvugl,0.23094437491066702
1759264686,3275,1,N/A,N/A,N/A,N/A,N/A,N/A,N/A,N/A,1931149312,1931149312,53477376,N/A,135168,187768832,14,discern-network,S (sleeping),nginx2.bnsdq.ozxfs.laefh.kvugl,2.2282977228552925
1759264686,102844,1,N/A,N/A,N/A,N/A,N/A,N/A,N/A,N/A,1264619520,1264619520,17170432,N/A,135168,45826048,4,discern-proc-so,S (sleeping),nginx2.bnsdq.ozxfs.laefh.kvugl,2.4764736503913523
1759264686,3688,1,N/A,N/A,N/A,N/A,N/A,N/A,N/A,N/A,1264021504,1264021504,13426688,N/A,135168,45559808,4,discern-cpu-sor,S (sleeping),nginx2.bnsdq.ozxfs.laefh.kvugl,0.019317479608206428
1759264691,340,1,103,103,103,103,109,109,109,109,250974208,250974208,236257280,N/A,135168,243245056,1,dbus-daemon,S (sleeping),nginx2.bnsdq.ozxfs.laefh.kvugl,0.29632552573902515
1759264691,183,1,N/A,N/A,N/A,N/A,N/A,N/A,N/A,N/A,154570752,129372160,59596800,4096,135168,28184576,1,systemd-journal,S (sleeping),nginx2.bnsdq.ozxfs.laefh.kvugl,0.23105531033088597
1759264691,3275,1,N/A,N/A,N/A,N/A,N/A,N/A,N/A,N/A,1931149312,1931149312,53477376,N/A,135168,187768832,14,discern-network,S (sleeping),nginx2.bnsdq.ozxfs.laefh.kvugl,2.2285088604516643
1759264691,102844,1,N/A,N/A,N/A,N/A,N/A,N/A,N/A,N/A,1264619520,1264619520,17170432,N/A,135168,45826048,4,discern-proc-so,R (running),nginx2.bnsdq.ozxfs.laefh.kvugl,2.4985309958002593
1759264691,3688,1,N/A,N/A,N/A,N/A,N/A,N/A,N/A,N/A,1264021504,1264021504,13426688,N/A,135168,45559808,4,discern-cpu-sor,S (sleeping),nginx2.bnsdq.ozxfs.laefh.kvugl,0.019303201168226092
1759264696,340,1,103,103,103,103,109,109,109,109,250974208,250974208,236257280,N/A,135168,243245056,1,dbus-daemon,S (sleeping),nginx2.bnsdq.ozxfs.laefh.kvugl,0.296390068495572
1759264696,183,1,N/A,N/A,N/A,N/A,N/A,N/A,N/A,N/A,154570752,129372160,59723776,4096,135168,28184576,1,systemd-journal,S (sleeping),nginx2.bnsdq.ozxfs.laefh.kvugl,0.2311662079041479
1759264696,3275,1,N/A,N/A,N/A,N/A,N/A,N/A,N/A,N/A,1931149312,1931149312,53477376,N/A,135168,187768832,14,discern-network,S (sleeping),nginx2.bnsdq.ozxfs.laefh.kvugl,2.228293448557711
1759264696,102844,1,N/A,N/A,N/A,N/A,N/A,N/A,N/A,N/A,1264619520,1264619520,17170432,N/A,135168,45826048,4,discern-proc-so,S (sleeping),nginx2.bnsdq.ozxfs.laefh.kvugl,2.5089577717370957
1759264696,3688,1,N/A,N/A,N/A,N/A,N/A,N/A,N/A,N/A,1264021504,1264021504,13426688,N/A,135168,45559808,4,discern-cpu-sor,S (sleeping),nginx2.bnsdq.ozxfs.laefh.kvugl,0.01943183456627721
1759264701,340,1,103,103,103,103,109,109,109,109,250974208,250974208,236257280,N/A,135168,243245056,1,dbus-daemon,S (sleeping),nginx2.bnsdq.ozxfs.laefh.kvugl,0.2965925117812811
1759264701,183,1,N/A,N/A,N/A,N/A,N/A,N/A,N/A,N/A,154570752,129372160,59981824,4096,135168,28184576,1,systemd-journal,S (sleeping),nginx2.bnsdq.ozxfs.laefh.kvugl,0.23155222379344464
1759264701,3275,1,N/A,N/A,N/A,N/A,N/A,N/A,N/A,N/A,1931149312,1931149312,53477376,N/A,135168,187768832,14,discern-network,S (sleeping),nginx2.bnsdq.ozxfs.laefh.kvugl,2.228367458297733
1759264701,102844,1,N/A,N/A,N/A,N/A,N/A,N/A,N/A,N/A,1264619520,1264619520,17170432,N/A,135168,45826048,4,discern-proc-so,R (running),nginx2.bnsdq.ozxfs.laefh.kvugl,2.500538772494394
1759264701,80899,1,N/A,N/A,N/A,N/A,N/A,N/A,N/A,N/A,1647706112,1580597248,20467712,N/A,135168,82202624,5,discern-interfa,S (sleeping),nginx2.bnsdq.ozxfs.laefh.kvugl,0.0016611512804775386
1759264707,340,1,103,103,103,103,109,109,109,109,250974208,250974208,236257280,N/A,135168,243245056,1,dbus-daemon,S (sleeping),nginx2.bnsdq.ozxfs.laefh.kvugl,0.29651909441728685
1759264707,183,1,N/A,N/A,N/A,N/A,N/A,N/A,N/A,N/A,154570752,129372160,60145664,4096,135168,28184576,1,systemd-journal,S (sleeping),nginx2.bnsdq.ozxfs.laefh.kvugl,0.2315250275356254
1759264707,3275,1,N/A,N/A,N/A,N/A,N/A,N/A,N/A,N/A,1931149312,1931149312,53477376,N/A,135168,187768832,14,discern-network,S (sleeping),nginx2.bnsdq.ozxfs.laefh.kvugl,2.2285766515012915
1759264707,102844,1,N/A,N/A,N/A,N/A,N/A,N/A,N/A,N/A,1264619520,1264619520,17170432,N/A,135168,45826048,4,discern-proc-so,R (running),nginx2.bnsdq.ozxfs.laefh.kvugl,2.527132016136222
1759264707,80899,1,N/A,N/A,N/A,N/A,N/A,N/A,N/A,N/A,1647706112,1580597248,20467712,N/A,135168,82202624,5,discern-interfa,S (sleeping),nginx2.bnsdq.ozxfs.laefh.kvugl,0.001656405788638778
1759264712,340,1,103,103,103,103,109,109,109,109,250974208,250974208,236257280,N/A,135168,243245056,1,dbus-daemon,S (sleeping),nginx2.bnsdq.ozxfs.laefh.kvugl,0.2965838255832615
1759264712,183,1,N/A,N/A,N/A,N/A,N/A,N/A,N/A,N/A,154570752,129372160,60268544,4096,135168,28184576,1,systemd-journal,S (sleeping),nginx2.bnsdq.ozxfs.laefh.kvugl,0.23177294474612145
1759264712,3275,1,N/A,N/A,N/A,N/A,N/A,N/A,N/A,N/A,1931149312,1931149312,53477376,N/A,135168,187768832,14,discern-network,S (sleeping),nginx2.bnsdq.ozxfs.laefh.kvugl,2.2285074493772
1759264712,80899,1,N/A,N/A,N/A,N/A,N/A,N/A,N/A,N/A,1647706112,1580597248,20467712,N/A,135168,82202624,5,discern-interfa,S (sleeping),nginx2.bnsdq.ozxfs.laefh.kvugl,0.0016517052398081701
1759264712,102844,1,N/A,N/A,N/A,N/A,N/A,N/A,N/A,N/A,1264619520,1264619520,17170432,N/A,135168,45826048,4,discern-proc-so,S (sleeping),nginx2.bnsdq.ozxfs.laefh.kvugl,2.535226899066594
1759264717,340,1,103,103,103,103,109,109,109,109,250974208,250974208,236257280,N/A,135168,243245056,1,dbus-daemon,S (sleeping),nginx2.bnsdq.ozxfs.laefh.kvugl,0.29651051242417087
1759264717,183,1,N/A,N/A,N/A,N/A,N/A,N/A,N/A,N/A,154570752,129372160,60420096,4096,135168,28184576,1,systemd-journal,S (sleeping),nginx2.bnsdq.ozxfs.laefh.kvugl,0.231882753280687
1759264717,3275,1,N/A,N/A,N/A,N/A,N/A,N/A,N/A,N/A,1931149312,1931149312,53477376,N/A,135168,187768832,14,discern-network,S (sleeping),nginx2.bnsdq.ozxfs.laefh.kvugl,2.22843207540291
1759264717,80899,1,N/A,N/A,N/A,N/A,N/A,N/A,N/A,N/A,1647706112,1580597248,20467712,N/A,135168,82202624,5,discern-interfa,S (sleeping),nginx2.bnsdq.ozxfs.laefh.kvugl,0.0016470134458509886
1759264717,102844,1,N/A,N/A,N/A,N/A,N/A,N/A,N/A,N/A,1264619520,1264619520,17170432,N/A,135168,45826048,4,discern-proc-so,S (sleeping),nginx2.bnsdq.ozxfs.laefh.kvugl,2.5502303416801824
1759264722,340,1,103,103,103,103,109,109,109,109,250974208,250974208,236257280,N/A,135168,243245056,1,dbus-daemon,S (sleeping),nginx2.bnsdq.ozxfs.laefh.kvugl,0.2964382618756261
1759264722,183,1,N/A,N/A,N/A,N/A,N/A,N/A,N/A,N/A,154570752,129372160,60571648,4096,135168,28184576,1,systemd-journal,S (sleeping),nginx2.bnsdq.ozxfs.laefh.kvugl,0.23199315719696836
1759264722,3275,1,N/A,N/A,N/A,N/A,N/A,N/A,N/A,N/A,1931149312,1931149312,53477376,N/A,135168,187768832,14,discern-network,S (sleeping),nginx2.bnsdq.ozxfs.laefh.kvugl,2.228506243137484
1759264722,102844,1,N/A,N/A,N/A,N/A,N/A,N/A,N/A,N/A,1264619520,1264619520,17170432,N/A,135168,45826048,4,discern-proc-so,R (running),nginx2.bnsdq.ozxfs.laefh.kvugl,2.549199818517621
1759264722,80899,1,N/A,N/A,N/A,N/A,N/A,N/A,N/A,N/A,1647706112,1580597248,20467712,N/A,135168,82202624,5,discern-interfa,S (sleeping),nginx2.bnsdq.ozxfs.laefh.kvugl,0.0016423693442579048
1759264727,340,1,103,103,103,103,109,109,109,109,250974208,250974208,236257280,N/A,135168,243245056,1,dbus-daemon,S (sleeping),nginx2.bnsdq.ozxfs.laefh.kvugl,0.2966401561193701
1759264727,183,1,N/A,N/A,N/A,N/A,N/A,N/A,N/A,N/A,154570752,129372160,60809216,4096,135168,28184576,1,systemd-journal,S (sleeping),nginx2.bnsdq.ozxfs.laefh.kvugl,0.2325143144438253
1759264727,3275,1,N/A,N/A,N/A,N/A,N/A,N/A,N/A,N/A,1931149312,1931149312,53477376,N/A,135168,187768832,14,discern-network,S (sleeping),nginx2.bnsdq.ozxfs.laefh.kvugl,2.228581354350096
1759264727,102844,1,N/A,N/A,N/A,N/A,N/A,N/A,N/A,N/A,1264619520,1264619520,17170432,N/A,135168,45826048,4,discern-proc-so,R (running),nginx2.bnsdq.ozxfs.laefh.kvugl,2.5409424755777756
1759264727,80899,1,N/A,N/A,N/A,N/A,N/A,N/A,N/A,N/A,1647706112,1580597248,20467712,N/A,135168,82202624,5,discern-interfa,S (sleeping),nginx2.bnsdq.ozxfs.laefh.kvugl,0.0016377543975499415
1759264732,340,1,103,103,103,103,109,109,109,109,250974208,250974208,236257280,N/A,135168,243245056,1,dbus-daemon,S (sleeping),nginx2.bnsdq.ozxfs.laefh.kvugl,0.29656767589049443
1759264732,183,1,N/A,N/A,N/A,N/A,N/A,N/A,N/A,N/A,154570752,129372160,60923904,4096,135168,28184576,1,systemd-journal,S (sleeping),nginx2.bnsdq.ozxfs.laefh.kvugl,0.23235025300907106
1759264732,3275,1,N/A,N/A,N/A,N/A,N/A,N/A,N/A,N/A,1931149312,1931149312,53477376,N/A,135168,187768832,14,discern-network,S (sleeping),nginx2.bnsdq.ozxfs.laefh.kvugl,2.228511672258779
1759264732,102844,1,N/A,N/A,N/A,N/A,N/A,N/A,N/A,N/A,1264619520,1264619520,17170432,N/A,135168,45826048,4,discern-proc-so,R (running),nginx2.bnsdq.ozxfs.laefh.kvugl,2.5402165208837473
1759264732,80899,1,N/A,N/A,N/A,N/A,N/A,N/A,N/A,N/A,1647706112,1580597248,20467712,N/A,135168,82202624,5,discern-interfa,S (sleeping),nginx2.bnsdq.ozxfs.laefh.kvugl,0.0016331570258625416
1759264738,340,1,103,103,103,103,109,109,109,109,250974208,250974208,236257280,N/A,135168,243245056,1,dbus-daemon,S (sleeping),nginx2.bnsdq.ozxfs.laefh.kvugl,0.2967690125376392
1759264738,183,1,N/A,N/A,N/A,N/A,N/A,N/A,N/A,N/A,154570752,129372160,61124608,4096,135168,28184576,1,systemd-journal,S (sleeping),nginx2.bnsdq.ozxfs.laefh.kvugl,0.23259680002759067
1759264738,3275,1,N/A,N/A,N/A,N/A,N/A,N/A,N/A,N/A,1931149312,1931149312,53477376,N/A,135168,187768832,14,discern-network,S (sleeping),nginx2.bnsdq.ozxfs.laefh.kvugl,2.22858526608436
1759264738,102844,1,N/A,N/A,N/A,N/A,N/A,N/A,N/A,N/A,1264619520,1264619520,17170432,N/A,135168,45826048,4,discern-proc-so,S (sleeping),nginx2.bnsdq.ozxfs.laefh.kvugl,2.5396266912695022
1759264738,80899,1,N/A,N/A,N/A,N/A,N/A,N/A,N/A,N/A,1647706112,1580597248,20467712,N/A,135168,82202624,5,discern-interfa,S (sleeping),nginx2.bnsdq.ozxfs.laefh.kvugl,0.0016285897268929663
1759264743,340,1,103,103,103,103,109,109,109,109,250974208,250974208,236257280,N/A,135168,243245056,1,dbus-daemon,S (sleeping),nginx2.bnsdq.ozxfs.laefh.kvugl,0.2966958075828114
1759264743,183,1,N/A,N/A,N/A,N/A,N/A,N/A,N/A,N/A,154570752,129372160,61325312,4096,135168,28184576,1,systemd-journal,S (sleeping),nginx2.bnsdq.ozxfs.laefh.kvugl,0.23284226904579838
1759264743,3275,1,N/A,N/A,N/A,N/A,N/A,N/A,N/A,N/A,1931149312,1931149312,53477376,N/A,135168,187768832,14,discern-network,S (sleeping),nginx2.bnsdq.ozxfs.laefh.kvugl,2.2285099642214043
1759264743,102844,1,N/A,N/A,N/A,N/A,N/A,N/A,N/A,N/A,1264619520,1264619520,17170432,N/A,135168,45826048,4,discern-proc-so,S (sleeping),nginx2.bnsdq.ozxfs.laefh.kvugl,2.5519132695784825
1759264743,80899,1,N/A,N/A,N/A,N/A,N/A,N/A,N/A,N/A,1647706112,1580597248,20467712,N/A,135168,82202624,5,discern-interfa,S (sleeping),nginx2.bnsdq.ozxfs.laefh.kvugl,0.0016240276663337621
1759264748,340,1,103,103,103,103,109,109,109,109,250974208,250974208,236257280,N/A,135168,243245056,1,dbus-daemon,S (sleeping),nginx2.bnsdq.ozxfs.laefh.kvugl,0.2967600180374182
1759264748,183,1,N/A,N/A,N/A,N/A,N/A,N/A,N/A,N/A,154570752,129372160,61435904,4096,135168,28184576,1,systemd-journal,S (sleeping),nginx2.bnsdq.ozxfs.laefh.kvugl,0.23295142819004333
1759264748,3275,1,N/A,N/A,N/A,N/A,N/A,N/A,N/A,N/A,1931149312,1931149312,53477376,N/A,135168,187768832,14,discern-network,S (sleeping),nginx2.bnsdq.ozxfs.laefh.kvugl,2.2285820036934267
1759264748,80899,1,N/A,N/A,N/A,N/A,N/A,N/A,N/A,N/A,1647706112,1580597248,20467712,N/A,135168,82202624,5,discern-interfa,S (sleeping),nginx2.bnsdq.ozxfs.laefh.kvugl,0.0016195071855624053
1759264748,102844,1,N/A,N/A,N/A,N/A,N/A,N/A,N/A,N/A,1264619520,1264619520,17170432,N/A,135168,45826048,4,discern-proc-so,R (running),nginx2.bnsdq.ozxfs.laefh.kvugl,2.5508984481505985
1759264753,340,1,103,103,103,103,109,109,109,109,250974208,250974208,236257280,N/A,135168,243245056,1,dbus-daemon,S (sleeping),nginx2.bnsdq.ozxfs.laefh.kvugl,0.2966869015916281
1759264753,183,1,N/A,N/A,N/A,N/A,N/A,N/A,N/A,N/A,154570752,129372160,61759488,4096,135168,28184576,1,systemd-journal,S (sleeping),nginx2.bnsdq.ozxfs.laefh.kvugl,0.23305983190340143
1759264753,3275,1,N/A,N/A,N/A,N/A,N/A,N/A,N/A,N/A,1931149312,1931149312,53477376,N/A,135168,187768832,14,discern-network,S (sleeping),nginx2.bnsdq.ozxfs.laefh.kvugl,2.228506642638667
1759264753,102844,1,N/A,N/A,N/A,N/A,N/A,N/A,N/A,N/A,1264619520,1264619520,17170432,N/A,135168,45826048,4,discern-proc-so,R (running),nginx2.bnsdq.ozxfs.laefh.kvugl,2.5620318595794953
1759264753,80899,1,N/A,N/A,N/A,N/A,N/A,N/A,N/A,N/A,1647706112,1580597248,20467712,N/A,135168,82202624,5,discern-interfa,S (sleeping),nginx2.bnsdq.ozxfs.laefh.kvugl,0.0016149952395877302
1759264758,340,1,103,103,103,103,109,109,109,109,250974208,250974208,236257280,N/A,135168,243245056,1,dbus-daemon,S (sleeping),nginx2.bnsdq.ozxfs.laefh.kvugl,0.29661462344151335
1759264758,183,1,N/A,N/A,N/A,N/A,N/A,N/A,N/A,N/A,154570752,129372160,61861888,4096,135168,28184576,1,systemd-journal,S (sleeping),nginx2.bnsdq.ozxfs.laefh.kvugl,0.23316866120945756
1759264758,3275,1,N/A,N/A,N/A,N/A,N/A,N/A,N/A,N/A,1931149312,1931149312,53477376,N/A,135168,187768832,14,discern-network,S (sleeping),nginx2.bnsdq.ozxfs.laefh.kvugl,2.2284371261510114
1759264758,102844,1,N/A,N/A,N/A,N/A,N/A,N/A,N/A,N/A,1264619520,1264619520,17170432,N/A,135168,45826048,4,discern-proc-so,S (sleeping),nginx2.bnsdq.ozxfs.laefh.kvugl,2.5667578792805164
1759264758,80899,1,N/A,N/A,N/A,N/A,N/A,N/A,N/A,N/A,1647706112,1580597248,20467712,N/A,135168,82202624,5,discern-interfa,S (sleeping),nginx2.bnsdq.ozxfs.laefh.kvugl,0.0016105243120673482
1759264763,340,1,103,103,103,103,109,109,109,109,250974208,250974208,236257280,N/A,135168,243245056,1,dbus-daemon,S (sleeping),nginx2.bnsdq.ozxfs.laefh.kvugl,0.2969513028890377
1759264763,183,1,N/A,N/A,N/A,N/A,N/A,N/A,N/A,N/A,154570752,137723904,65261568,4096,135168,28184576,1,systemd-journal,S (sleeping),nginx2.bnsdq.ozxfs.laefh.kvugl,0.23368613289300105
1759264763,3275,1,N/A,N/A,N/A,N/A,N/A,N/A,N/A,N/A,1931149312,1931149312,53477376,N/A,135168,187768832,14,discern-network,S (sleeping),nginx2.bnsdq.ozxfs.laefh.kvugl,2.228508979879155
1759264763,102844,1,N/A,N/A,N/A,N/A,N/A,N/A,N/A,N/A,1264619520,1264619520,17170432,N/A,135168,45826048,4,discern-proc-so,R (running),nginx2.bnsdq.ozxfs.laefh.kvugl,2.565388565408143
1759264763,80899,1,N/A,N/A,N/A,N/A,N/A,N/A,N/A,N/A,1647706112,1580597248,20467712,N/A,135168,82202624,5,discern-interfa,S (sleeping),nginx2.bnsdq.ozxfs.laefh.kvugl,0.0016060783611771205
1759264769,340,1,103,103,103,103,109,109,109,109,250974208,250974208,236257280,N/A,135168,243245056,1,dbus-daemon,S (sleeping),nginx2.bnsdq.ozxfs.laefh.kvugl,0.29701425829504235
1759264769,183,1,N/A,N/A,N/A,N/A,N/A,N/A,N/A,N/A,154570752,137723904,65822720,4096,135168,28184576,1,systemd-journal,S (sleeping),nginx2.bnsdq.ozxfs.laefh.kvugl,0.233657524087794
1759264769,3275,1,N/A,N/A,N/A,N/A,N/A,N/A,N/A,N/A,1931149312,1931149312,53477376,N/A,135168,187768832,14,discern-network,S (sleeping),nginx2.bnsdq.ozxfs.laefh.kvugl,2.228291806248259
1759264769,102844,1,N/A,N/A,N/A,N/A,N/A,N/A,N/A,N/A,1264619520,1264619520,17170432,N/A,135168,45826048,4,discern-proc-so,R (running),nginx2.bnsdq.ozxfs.laefh.kvugl,2.575076124541289
1759264769,80899,1,N/A,N/A,N/A,N/A,N/A,N/A,N/A,N/A,1647706112,1580597248,20467712,N/A,135168,82202624,5,discern-interfa,S (sleeping),nginx2.bnsdq.ozxfs.laefh.kvugl,0.0016016381568094505
1759264774,340,1,103,103,103,103,109,109,109,109,250974208,250974208,236257280,N/A,135168,243245056,1,dbus-daemon,S (sleeping),nginx2.bnsdq.ozxfs.laefh.kvugl,0.2969420986166961
1759264774,183,1,N/A,N/A,N/A,N/A,N/A,N/A,N/A,N/A,154570752,137723904,65994752,4096,135168,28184576,1,systemd-journal,S (sleeping),nginx2.bnsdq.ozxfs.laefh.kvugl,0.23376585802673935
1759264774,3275,1,N/A,N/A,N/A,N/A,N/A,N/A,N/A,N/A,1931149312,1931149312,53477376,N/A,135168,187768832,14,discern-network,S (sleeping),nginx2.bnsdq.ozxfs.laefh.kvugl,2.228083192328303
1759264774,102844,1,N/A,N/A,N/A,N/A,N/A,N/A,N/A,N/A,1264619520,1264619520,17170432,N/A,135168,45826048,4,discern-proc-so,S (sleeping),nginx2.bnsdq.ozxfs.laefh.kvugl,2.568123463457528
1759264774,80899,1,N/A,N/A,N/A,N/A,N/A,N/A,N/A,N/A,1647706112,1580597248,20467712,N/A,135168,82202624,5,discern-interfa,S (sleeping),nginx2.bnsdq.ozxfs.laefh.kvugl,0.0015972447947710585
1759264779,340,1,103,103,103,103,109,109,109,109,250974208,250974208,236257280,N/A,135168,243245056,1,dbus-daemon,S (sleeping),nginx2.bnsdq.ozxfs.laefh.kvugl,0.2970063005824214
1759264779,183,1,N/A,N/A,N/A,N/A,N/A,N/A,N/A,N/A,154570752,137723904,66502656,4096,135168,28184576,1,systemd-journal,S (sleeping),nginx2.bnsdq.ozxfs.laefh.kvugl,0.2340102253216653
1759264779,3275,1,N/A,N/A,N/A,N/A,N/A,N/A,N/A,N/A,1931149312,1931149312,53477376,N/A,135168,187768832,14,discern-network,S (sleeping),nginx2.bnsdq.ozxfs.laefh.kvugl,2.2282994125058737
1759264779,102844,1,N/A,N/A,N/A,N/A,N/A,N/A,N/A,N/A,1264619520,1264619520,17170432,N/A,135168,45826048,4,discern-proc-so,R (running),nginx2.bnsdq.ozxfs.laefh.kvugl,2.57231649914636
1759264779,80899,1,N/A,N/A,N/A,N/A,N/A,N/A,N/A,N/A,1647706112,1580597248,20467712,N/A,135168,82202624,5,discern-interfa,S (sleeping),nginx2.bnsdq.ozxfs.laefh.kvugl,0.0015928809936552842
1759264784,340,1,103,103,103,103,109,109,109,109,250974208,250974208,236257280,N/A,135168,243245056,1,dbus-daemon,S (sleeping),nginx2.bnsdq.ozxfs.laefh.kvugl,0.297065185915226
1759264784,105348,1,N/A,N/A,N/A,N/A,N/A,N/A,N/A,N/A,1332092928,1332092928,121823232,N/A,135168,155275264,4,discern-file-so,D (disk sleep),nginx2.bnsdq.ozxfs.laefh.kvugl,32.39662574722577
1759264784,183,1,N/A,N/A,N/A,N/A,N/A,N/A,N/A,N/A,154570752,137723904,66879488,4096,135168,28184576,1,systemd-journal,S (sleeping),nginx2.bnsdq.ozxfs.laefh.kvugl,0.23438598912191136
1759264784,3275,1,N/A,N/A,N/A,N/A,N/A,N/A,N/A,N/A,1931149312,1931149312,53477376,N/A,135168,187768832,14,discern-network,S (sleeping),nginx2.bnsdq.ozxfs.laefh.kvugl,2.2280523495983844
1759264784,80899,1,N/A,N/A,N/A,N/A,N/A,N/A,N/A,N/A,1647706112,1580597248,20467712,N/A,135168,82202624,5,discern-interfa,S (sleeping),nginx2.bnsdq.ozxfs.laefh.kvugl,0.001588431537600961
1759264789,340,1,103,103,103,103,109,109,109,109,250974208,250974208,236257280,N/A,135168,243245056,1,dbus-daemon,S (sleeping),nginx2.bnsdq.ozxfs.laefh.kvugl,0.2969887982924893
1759264789,105348,1,N/A,N/A,N/A,N/A,N/A,N/A,N/A,N/A,1399926784,1399926784,147562496,N/A,135168,185360384,4,discern-file-so,D (disk sleep),nginx2.bnsdq.ozxfs.laefh.kvugl,63.555463826728165
1759264789,183,1,N/A,N/A,N/A,N/A,N/A,N/A,N/A,N/A,154570752,137723904,66879488,4096,135168,28184576,1,systemd-journal,S (sleeping),nginx2.bnsdq.ozxfs.laefh.kvugl,0.2344901602029638
1759264789,3275,1,N/A,N/A,N/A,N/A,N/A,N/A,N/A,N/A,1931149312,1931149312,53477376,N/A,135168,187768832,14,discern-network,S (sleeping),nginx2.bnsdq.ozxfs.laefh.kvugl,2.2275294077825136
1759264789,102844,1,N/A,N/A,N/A,N/A,N/A,N/A,N/A,N/A,1264619520,1264619520,17170432,N/A,135168,45826048,4,discern-proc-so,R (running),nginx2.bnsdq.ozxfs.laefh.kvugl,2.566750887361796
1759264795,340,1,103,103,103,103,109,109,109,109,250974208,250974208,236257280,N/A,135168,243245056,1,dbus-daemon,S (sleeping),nginx2.bnsdq.ozxfs.laefh.kvugl,0.29718145503327703
1759264795,105348,1,N/A,N/A,N/A,N/A,N/A,N/A,N/A,N/A,1534545920,1534545920,233955328,N/A,135168,303202304,4,discern-file-so,D (disk sleep),nginx2.bnsdq.ozxfs.laefh.kvugl,65.12775472985368
1759264795,3275,1,N/A,N/A,N/A,N/A,N/A,N/A,N/A,N/A,1931149312,1931149312,53477376,N/A,135168,187768832,14,discern-network,S (sleeping),nginx2.bnsdq.ozxfs.laefh.kvugl,2.2268476646206516
1759264795,183,1,N/A,N/A,N/A,N/A,N/A,N/A,N/A,N/A,154570752,137723904,66879488,4096,135168,28184576,1,systemd-journal,S (sleeping),nginx2.bnsdq.ozxfs.laefh.kvugl,0.23513492692360505
1759264795,102844,1,N/A,N/A,N/A,N/A,N/A,N/A,N/A,N/A,1264619520,1264619520,17170432,N/A,135168,45826048,4,discern-proc-so,S (sleeping),nginx2.bnsdq.ozxfs.laefh.kvugl,2.5536727804318065
1759264800,340,1,103,103,103,103,109,109,109,109,250974208,250974208,236257280,N/A,135168,243245056,1,dbus-daemon,S (sleeping),nginx2.bnsdq.ozxfs.laefh.kvugl,0.297098577929492
1759264800,105348,1,N/A,N/A,N/A,N/A,N/A,N/A,N/A,N/A,1534545920,1534545920,233955328,N/A,135168,303202304,4,discern-file-so,S (sleeping),nginx2.bnsdq.ozxfs.laefh.kvugl,61.26311819860587
1759264800,3275,1,N/A,N/A,N/A,N/A,N/A,N/A,N/A,N/A,1931149312,1931149312,53477376,N/A,135168,187768832,14,discern-network,S (sleeping),nginx2.bnsdq.ozxfs.laefh.kvugl,2.226135364390985
1759264800,183,1,N/A,N/A,N/A,N/A,N/A,N/A,N/A,N/A,154570752,137723904,66879488,4096,135168,28184576,1,systemd-journal,S (sleeping),nginx2.bnsdq.ozxfs.laefh.kvugl,0.23536883285267837
1759264800,102844,1,N/A,N/A,N/A,N/A,N/A,N/A,N/A,N/A,1264619520,1264619520,17170432,N/A,135168,45826048,4,discern-proc-so,R (running),nginx2.bnsdq.ozxfs.laefh.kvugl,2.5544151146200327
1759264805,340,1,103,103,103,103,109,109,109,109,250974208,250974208,236257280,N/A,135168,243245056,1,dbus-daemon,S (sleeping),nginx2.bnsdq.ozxfs.laefh.kvugl,0.29729772315278474
1759264805,3275,1,N/A,N/A,N/A,N/A,N/A,N/A,N/A,N/A,1931149312,1931149312,53477376,N/A,135168,187768832,14,discern-network,S (sleeping),nginx2.bnsdq.ozxfs.laefh.kvugl,2.2260701537052623
1759264805,183,1,N/A,N/A,N/A,N/A,N/A,N/A,N/A,N/A,154570752,137723904,66879488,4096,135168,28184576,1,systemd-journal,S (sleeping),nginx2.bnsdq.ozxfs.laefh.kvugl,0.23574655031737568
1759264805,102844,1,N/A,N/A,N/A,N/A,N/A,N/A,N/A,N/A,1264619520,1264619520,17170432,N/A,135168,45826048,4,discern-proc-so,S (sleeping),nginx2.bnsdq.ozxfs.laefh.kvugl,2.5583699899156325
1759264805,80899,1,N/A,N/A,N/A,N/A,N/A,N/A,N/A,N/A,1647706112,1580597248,20467712,N/A,135168,82202624,5,discern-interfa,S (sleeping),nginx2.bnsdq.ozxfs.laefh.kvugl,0.0015708384348724837
1759264810,340,1,103,103,103,103,109,109,109,109,250974208,250974208,236257280,N/A,135168,243245056,1,dbus-daemon,S (sleeping),nginx2.bnsdq.ozxfs.laefh.kvugl,0.2972246116686018
1759264810,3275,1,N/A,N/A,N/A,N/A,N/A,N/A,N/A,N/A,1931149312,1931149312,53477376,N/A,135168,187768832,14,discern-network,S (sleeping),nginx2.bnsdq.ozxfs.laefh.kvugl,2.225995760318504
1759264810,183,1,N/A,N/A,N/A,N/A,N/A,N/A,N/A,N/A,154570752,137723904,66879488,4096,135168,28184576,1,systemd-journal,S (sleeping),nginx2.bnsdq.ozxfs.laefh.kvugl,0.23598739328638657
1759264810,102844,1,N/A,N/A,N/A,N/A,N/A,N/A,N/A,N/A,1264619520,1264619520,17170432,N/A,135168,45826048,4,discern-proc-so,R (running),nginx2.bnsdq.ozxfs.laefh.kvugl,2.57091845676463
1759264810,80899,1,N/A,N/A,N/A,N/A,N/A,N/A,N/A,N/A,1647706112,1580597248,20467712,N/A,135168,82202624,5,discern-interfa,S (sleeping),nginx2.bnsdq.ozxfs.laefh.kvugl,0.00156658946205512
1759264816,340,1,103,103,103,103,109,109,109,109,250974208,250974208,236257280,N/A,135168,243245056,1,dbus-daemon,S (sleeping),nginx2.bnsdq.ozxfs.laefh.kvugl,0.29715258678472156
1759264816,3275,1,N/A,N/A,N/A,N/A,N/A,N/A,N/A,N/A,1931149312,1931149312,53477376,N/A,135168,187768832,14,discern-network,S (sleeping),nginx2.bnsdq.ozxfs.laefh.kvugl,2.2260692409814884
1759264816,183,1,N/A,N/A,N/A,N/A,N/A,N/A,N/A,N/A,154570752,137723904,66879488,4096,135168,28184576,1,systemd-journal,S (sleeping),nginx2.bnsdq.ozxfs.laefh.kvugl,0.23609339380943456
1759264816,102844,1,N/A,N/A,N/A,N/A,N/A,N/A,N/A,N/A,1264619520,1264619520,17170432,N/A,135168,45826048,4,discern-proc-so,R (running),nginx2.bnsdq.ozxfs.laefh.kvugl,2.5697885045273656
1759264816,80899,1,N/A,N/A,N/A,N/A,N/A,N/A,N/A,N/A,1647706112,1580597248,20467712,N/A,135168,82202624,5,discern-interfa,S (sleeping),nginx2.bnsdq.ozxfs.laefh.kvugl,0.0015623835299307968
1759264821,340,1,103,103,103,103,109,109,109,109,250974208,250974208,236257280,N/A,135168,243245056,1,dbus-daemon,S (sleeping),nginx2.bnsdq.ozxfs.laefh.kvugl,0.29735202758386736
1759264821,3275,1,N/A,N/A,N/A,N/A,N/A,N/A,N/A,N/A,1931149312,1931149312,53477376,N/A,135168,187768832,14,discern-network,S (sleeping),nginx2.bnsdq.ozxfs.laefh.kvugl,2.226009764895104
1759264821,183,1,N/A,N/A,N/A,N/A,N/A,N/A,N/A,N/A,154570752,137723904,66879488,4096,135168,28184576,1,systemd-journal,S (sleeping),nginx2.bnsdq.ozxfs.laefh.kvugl,0.2363351778205511
1759264821,102844,1,N/A,N/A,N/A,N/A,N/A,N/A,N/A,N/A,1264619520,1264619520,17170432,N/A,135168,45826048,4,discern-proc-so,S (sleeping),nginx2.bnsdq.ozxfs.laefh.kvugl,2.5558800804092923
1759264821,80899,1,N/A,N/A,N/A,N/A,N/A,N/A,N/A,N/A,1647706112,1580597248,20467712,N/A,135168,82202624,5,discern-interfa,S (sleeping),nginx2.bnsdq.ozxfs.laefh.kvugl,0.0015582186913792896
1759264826,340,1,103,103,103,103,109,109,109,109,250974208,250974208,236257280,N/A,135168,243245056,1,dbus-daemon,S (sleeping),nginx2.bnsdq.ozxfs.laefh.kvugl,0.2971455373555415
1759264826,3275,1,N/A,N/A,N/A,N/A,N/A,N/A,N/A,N/A,1931149312,1931149312,53477376,N/A,135168,187768832,14,discern-network,S (sleeping),nginx2.bnsdq.ozxfs.laefh.kvugl,2.2258083745799224
1759264826,183,1,N/A,N/A,N/A,N/A,N/A,N/A,N/A,N/A,154570752,137723904,66879488,4096,135168,28184576,1,systemd-journal,S (sleeping),nginx2.bnsdq.ozxfs.laefh.kvugl,0.23630619103446585
1759264826,102844,1,N/A,N/A,N/A,N/A,N/A,N/A,N/A,N/A,1264619520,1264619520,17170432,N/A,135168,45826048,4,discern-proc-so,S (sleeping),nginx2.bnsdq.ozxfs.laefh.kvugl,2.538241015945562
1759264826,80899,1,N/A,N/A,N/A,N/A,N/A,N/A,N/A,N/A,1647706112,1580597248,20467712,N/A,135168,82202624,5,discern-interfa,S (sleeping),nginx2.bnsdq.ozxfs.laefh.kvugl,0.0015540704228984002
1759264831,340,1,103,103,103,103,109,109,109,109,250974208,250974208,236257280,N/A,135168,243245056,1,dbus-daemon,S (sleeping),nginx2.bnsdq.ozxfs.laefh.kvugl,0.2973436683730187
1759264831,3275,1,N/A,N/A,N/A,N/A,N/A,N/A,N/A,N/A,1931149312,1931149312,53477376,N/A,135168,187768832,14,discern-network,S (sleeping),nginx2.bnsdq.ozxfs.laefh.kvugl,2.2261604928639143
1759264831,183,1,N/A,N/A,N/A,N/A,N/A,N/A,N/A,N/A,154570752,137723904,66879488,4096,135168,28184576,1,systemd-journal,S (sleeping),nginx2.bnsdq.ozxfs.laefh.kvugl,0.2366816808395388
1759264831,102844,1,N/A,N/A,N/A,N/A,N/A,N/A,N/A,N/A,1264619520,1264619520,17170432,N/A,135168,45826048,4,discern-proc-so,S (sleeping),nginx2.bnsdq.ozxfs.laefh.kvugl,2.5420282498395883
1759264831,80899,1,N/A,N/A,N/A,N/A,N/A,N/A,N/A,N/A,1647706112,1580597248,20467712,N/A,135168,82202624,5,discern-interfa,S (sleeping),nginx2.bnsdq.ozxfs.laefh.kvugl,0.0015499289501249099
1759264836,340,1,103,103,103,103,109,109,109,109,250974208,250974208,236257280,N/A,135168,243245056,1,dbus-daemon,S (sleeping),nginx2.bnsdq.ozxfs.laefh.kvugl,0.2974059610347732
1759264836,3275,1,N/A,N/A,N/A,N/A,N/A,N/A,N/A,N/A,1931149312,1931149312,53477376,N/A,135168,187768832,14,discern-network,S (sleeping),nginx2.bnsdq.ozxfs.laefh.kvugl,2.2263675862803196
1759264836,183,1,N/A,N/A,N/A,N/A,N/A,N/A,N/A,N/A,154570752,137723904,66879488,4096,135168,28184576,1,systemd-journal,S (sleeping),nginx2.bnsdq.ozxfs.laefh.kvugl,0.23692123055748257
1759264836,102844,1,N/A,N/A,N/A,N/A,N/A,N/A,N/A,N/A,1264619520,1264619520,17170432,N/A,135168,45826048,4,discern-proc-so,R (running),nginx2.bnsdq.ozxfs.laefh.kvugl,2.5536661501548266
1759264836,80899,1,N/A,N/A,N/A,N/A,N/A,N/A,N/A,N/A,1647706112,1580597248,20467712,N/A,135168,82202624,5,discern-interfa,S (sleeping),nginx2.bnsdq.ozxfs.laefh.kvugl,0.0015457971305019062
1759264841,340,1,103,103,103,103,109,109,109,109,250974208,250974208,236257280,N/A,135168,243245056,1,dbus-daemon,S (sleeping),nginx2.bnsdq.ozxfs.laefh.kvugl,0.2973339047375846
1759264841,3275,1,N/A,N/A,N/A,N/A,N/A,N/A,N/A,N/A,1931149312,1931149312,53477376,N/A,135168,187768832,14,discern-network,S (sleeping),nginx2.bnsdq.ozxfs.laefh.kvugl,2.2261601343516024
1759264841,183,1,N/A,N/A,N/A,N/A,N/A,N/A,N/A,N/A,154570752,137723904,66879488,4096,135168,28184576,1,systemd-journal,S (sleeping),nginx2.bnsdq.ozxfs.laefh.kvugl,0.2368912568867136
1759264841,102844,1,N/A,N/A,N/A,N/A,N/A,N/A,N/A,N/A,1264619520,1264619520,17170432,N/A,135168,45826048,4,discern-proc-so,R (running),nginx2.bnsdq.ozxfs.laefh.kvugl,2.5569684236842734
1759264841,80899,1,N/A,N/A,N/A,N/A,N/A,N/A,N/A,N/A,1647706112,1580597248,20467712,N/A,135168,82202624,5,discern-interfa,S (sleeping),nginx2.bnsdq.ozxfs.laefh.kvugl,0.0015416987829094753
1759264847,340,1,103,103,103,103,109,109,109,109,250974208,250974208,236257280,N/A,135168,243245056,1,dbus-daemon,S (sleeping),nginx2.bnsdq.ozxfs.laefh.kvugl,0.29739612142508154
1759264847,3275,1,N/A,N/A,N/A,N/A,N/A,N/A,N/A,N/A,1931149312,1931149312,53477376,N/A,135168,187768832,14,discern-network,S (sleeping),nginx2.bnsdq.ozxfs.laefh.kvugl,2.2260879842825982
1759264847,183,1,N/A,N/A,N/A,N/A,N/A,N/A,N/A,N/A,154570752,137723904,66879488,4096,135168,28184576,1,systemd-journal,S (sleeping),nginx2.bnsdq.ozxfs.laefh.kvugl,0.23726506325793434
1759264847,102844,1,N/A,N/A,N/A,N/A,N/A,N/A,N/A,N/A,1264619520,1264619520,17170432,N/A,135168,45826048,4,discern-proc-so,S (sleeping),nginx2.bnsdq.ozxfs.laefh.kvugl,2.5678328201905436
1759264847,80899,1,N/A,N/A,N/A,N/A,N/A,N/A,N/A,N/A,1647706112,1580597248,20467712,N/A,135168,82202624,5,discern-interfa,S (sleeping),nginx2.bnsdq.ozxfs.laefh.kvugl,0.0015376107194283058
1759264852,340,1,103,103,103,103,109,109,109,109,250974208,250974208,236257280,N/A,135168,243245056,1,dbus-daemon,S (sleeping),nginx2.bnsdq.ozxfs.laefh.kvugl,0.29745859327188445
1759264852,3275,1,N/A,N/A,N/A,N/A,N/A,N/A,N/A,N/A,1931149312,1931149312,53477376,N/A,135168,187768832,14,discern-network,S (sleeping),nginx2.bnsdq.ozxfs.laefh.kvugl,2.2261579734295207
1759264852,183,1,N/A,N/A,N/A,N/A,N/A,N/A,N/A,N/A,154570752,137723904,66879488,4096,135168,28184576,1,systemd-journal,S (sleeping),nginx2.bnsdq.ozxfs.laefh.kvugl,0.23723470360230448
1759264852,102844,1,N/A,N/A,N/A,N/A,N/A,N/A,N/A,N/A,1264619520,1264619520,17170432,N/A,135168,45826048,4,discern-proc-so,R (running),nginx2.bnsdq.ozxfs.laefh.kvugl,2.570664727105453
1759264852,80899,1,N/A,N/A,N/A,N/A,N/A,N/A,N/A,N/A,1647706112,1580597248,20467712,N/A,135168,82202624,5,discern-interfa,S (sleeping),nginx2.bnsdq.ozxfs.laefh.kvugl,0.0015335509771048032
1759264857,340,1,103,103,103,103,109,109,109,109,250974208,250974208,236257280,N/A,135168,243245056,1,dbus-daemon,S (sleeping),nginx2.bnsdq.ozxfs.laefh.kvugl,0.29752130159822177
1759264857,3275,1,N/A,N/A,N/A,N/A,N/A,N/A,N/A,N/A,1931149312,1931149312,53477376,N/A,135168,187768832,14,discern-network,S (sleeping),nginx2.bnsdq.ozxfs.laefh.kvugl,2.226230366787346
1759264857,183,1,N/A,N/A,N/A,N/A,N/A,N/A,N/A,N/A,154570752,137723904,66879488,4096,135168,28184576,1,systemd-journal,S (sleeping),nginx2.bnsdq.ozxfs.laefh.kvugl,0.2377428281070012
1759264857,102844,1,N/A,N/A,N/A,N/A,N/A,N/A,N/A,N/A,1264619520,1264619520,17170432,N/A,135168,45826048,4,discern-proc-so,S (sleeping),nginx2.bnsdq.ozxfs.laefh.kvugl,2.5734647415235927
1759264857,80899,1,N/A,N/A,N/A,N/A,N/A,N/A,N/A,N/A,1647706112,1580597248,20467712,N/A,135168,82202624,5,discern-interfa,S (sleeping),nginx2.bnsdq.ozxfs.laefh.kvugl,0.0015295189131841048
1759264862,340,1,103,103,103,103,109,109,109,109,250974208,250974208,236257280,N/A,135168,243245056,1,dbus-daemon,S (sleeping),nginx2.bnsdq.ozxfs.laefh.kvugl,0.29758328037421483
1759264862,3275,1,N/A,N/A,N/A,N/A,N/A,N/A,N/A,N/A,1931149312,1931149312,53477376,N/A,135168,187768832,14,discern-network,S (sleeping),nginx2.bnsdq.ozxfs.laefh.kvugl,2.2261584773161807
1759264862,183,1,N/A,N/A,N/A,N/A,N/A,N/A,N/A,N/A,154570752,137723904,66879488,4096,135168,28184576,1,systemd-journal,S (sleeping),nginx2.bnsdq.ozxfs.laefh.kvugl,0.23771192170912797
1759264862,102844,1,N/A,N/A,N/A,N/A,N/A,N/A,N/A,N/A,1264619520,1264619520,17170432,N/A,135168,45826048,4,discern-proc-so,S (sleeping),nginx2.bnsdq.ozxfs.laefh.kvugl,2.5833953485492973
1759264862,80899,1,N/A,N/A,N/A,N/A,N/A,N/A,N/A,N/A,1647706112,1580597248,20467712,N/A,135168,82202624,5,discern-interfa,S (sleeping),nginx2.bnsdq.ozxfs.laefh.kvugl,0.0015254954086640936
1759264867,340,1,103,103,103,103,109,109,109,109,250974208,250974208,236257280,N/A,135168,243245056,1,dbus-daemon,S (sleeping),nginx2.bnsdq.ozxfs.laefh.kvugl,0.2975113587336591
1759264867,3275,1,N/A,N/A,N/A,N/A,N/A,N/A,N/A,N/A,1931149312,1931149312,53477376,N/A,135168,187768832,14,discern-network,S (sleeping),nginx2.bnsdq.ozxfs.laefh.kvugl,2.2262301677195824
1759264867,183,1,N/A,N/A,N/A,N/A,N/A,N/A,N/A,N/A,154570752,137723904,66879488,4096,135168,28184576,1,systemd-journal,S (sleeping),nginx2.bnsdq.ozxfs.laefh.kvugl,0.23781587100310309
1759264867,102844,1,N/A,N/A,N/A,N/A,N/A,N/A,N/A,N/A,1264619520,1264619520,17170432,N/A,135168,45826048,4,discern-proc-so,R (running),nginx2.bnsdq.ozxfs.laefh.kvugl,2.585835187949017
1759264867,80899,1,N/A,N/A,N/A,N/A,N/A,N/A,N/A,N/A,1647706112,1580597248,20467712,N/A,135168,82202624,5,discern-interfa,S (sleeping),nginx2.bnsdq.ozxfs.laefh.kvugl,0.0015215041348361539
1759264872,340,1,103,103,103,103,109,109,109,109,250974208,250974208,236257280,N/A,135168,243245056,1,dbus-daemon,S (sleeping),nginx2.bnsdq.ozxfs.laefh.kvugl,0.2975731585163159
1759264872,3275,1,N/A,N/A,N/A,N/A,N/A,N/A,N/A,N/A,1931149312,1931149312,53477376,N/A,135168,187768832,14,discern-network,S (sleeping),nginx2.bnsdq.ozxfs.laefh.kvugl,2.2261576224546116
1759264872,183,1,N/A,N/A,N/A,N/A,N/A,N/A,N/A,N/A,154570752,137723904,66879488,4096,135168,28184576,1,systemd-journal,S (sleeping),nginx2.bnsdq.ozxfs.laefh.kvugl,0.23805341043155084
1759264872,102844,1,N/A,N/A,N/A,N/A,N/A,N/A,N/A,N/A,1264619520,1264619520,17170432,N/A,135168,45826048,4,discern-proc-so,S (sleeping),nginx2.bnsdq.ozxfs.laefh.kvugl,2.5915909551849023
1759264872,80899,1,N/A,N/A,N/A,N/A,N/A,N/A,N/A,N/A,1647706112,1580597248,20467712,N/A,135168,82202624,5,discern-interfa,S (sleeping),nginx2.bnsdq.ozxfs.laefh.kvugl,0.0015175208193214645
1759264878,340,1,103,103,103,103,109,109,109,109,250974208,250974208,236257280,N/A,135168,243245056,1,dbus-daemon,S (sleeping),nginx2.bnsdq.ozxfs.laefh.kvugl,0.2975010805414854
1759264878,3275,1,N/A,N/A,N/A,N/A,N/A,N/A,N/A,N/A,1931149312,1931149312,53477376,N/A,135168,187768832,14,discern-network,S (sleeping),nginx2.bnsdq.ozxfs.laefh.kvugl,2.2265049127180463
1759264878,183,1,N/A,N/A,N/A,N/A,N/A,N/A,N/A,N/A,154570752,137723904,66879488,4096,135168,28184576,1,systemd-journal,S (sleeping),nginx2.bnsdq.ozxfs.laefh.kvugl,0.23829093721039943
1759264878,102844,1,N/A,N/A,N/A,N/A,N/A,N/A,N/A,N/A,1264619520,1264619520,17170432,N/A,135168,45826048,4,discern-proc-so,R (running),nginx2.bnsdq.ozxfs.laefh.kvugl,2.597228735612463
1759264878,80899,1,N/A,N/A,N/A,N/A,N/A,N/A,N/A,N/A,1647706112,1580597248,20467712,N/A,135168,82202624,5,discern-interfa,S (sleeping),nginx2.bnsdq.ozxfs.laefh.kvugl,0.0015135659049809794
1759264883,340,1,103,103,103,103,109,109,109,109,250974208,250974208,236257280,N/A,135168,243245056,1,dbus-daemon,S (sleeping),nginx2.bnsdq.ozxfs.laefh.kvugl,0.2976973289964663
1759264883,183,1,N/A,N/A,N/A,N/A,N/A,N/A,N/A,N/A,154570752,99946496,66879488,4096,135168,28184576,1,systemd-journal,S (sleeping),nginx2.bnsdq.ozxfs.laefh.kvugl,0.23879632744376608
1759264883,3275,1,N/A,N/A,N/A,N/A,N/A,N/A,N/A,N/A,1931149312,1931149312,53477376,N/A,135168,187768832,14,discern-network,S (sleeping),nginx2.bnsdq.ozxfs.laefh.kvugl,2.226296803411107
1759264883,102844,1,N/A,N/A,N/A,N/A,N/A,N/A,N/A,N/A,1264619520,1264619520,17170432,N/A,135168,45826048,4,discern-proc-so,R (running),nginx2.bnsdq.ozxfs.laefh.kvugl,2.5958075529018743
1759264883,80899,1,N/A,N/A,N/A,N/A,N/A,N/A,N/A,N/A,1647706112,1580597248,20467712,N/A,135168,82202624,5,discern-interfa,S (sleeping),nginx2.bnsdq.ozxfs.laefh.kvugl,0.0015096322510323448
1759264888,340,1,103,103,103,103,109,109,109,109,250974208,250974208,236257280,N/A,135168,243245056,1,dbus-daemon,S (sleeping),nginx2.bnsdq.ozxfs.laefh.kvugl,0.2977600208548306
1759264888,183,1,N/A,N/A,N/A,N/A,N/A,N/A,N/A,N/A,154570752,99946496,66879488,4096,135168,28184576,1,systemd-journal,S (sleeping),nginx2.bnsdq.ozxfs.laefh.kvugl,0.23876563998658776
1759264888,3275,1,N/A,N/A,N/A,N/A,N/A,N/A,N/A,N/A,1931149312,1931149312,53477376,N/A,135168,187768832,14,discern-network,S (sleeping),nginx2.bnsdq.ozxfs.laefh.kvugl,2.2263719302609752
1759264888,102844,1,N/A,N/A,N/A,N/A,N/A,N/A,N/A,N/A,1264619520,1264619520,17170432,N/A,135168,45826048,4,discern-proc-so,S (sleeping),nginx2.bnsdq.ozxfs.laefh.kvugl,2.5945912027058413
1759264888,80899,1,N/A,N/A,N/A,N/A,N/A,N/A,N/A,N/A,1647706112,1580597248,20467712,N/A,135168,82202624,5,discern-interfa,S (sleeping),nginx2.bnsdq.ozxfs.laefh.kvugl,0.001505732388923073
1759264893,340,1,103,103,103,103,109,109,109,109,250974208,250974208,236257280,N/A,135168,243245056,1,dbus-daemon,S (sleeping),nginx2.bnsdq.ozxfs.laefh.kvugl,0.297688174603481
1759264893,183,1,N/A,N/A,N/A,N/A,N/A,N/A,N/A,N/A,154570752,99946496,66879488,4096,135168,28184576,1,systemd-journal,S (sleeping),nginx2.bnsdq.ozxfs.laefh.kvugl,0.23886846080236426
1759264893,3275,1,N/A,N/A,N/A,N/A,N/A,N/A,N/A,N/A,1931149312,1931149312,53477376,N/A,135168,187768832,14,discern-network,S (sleeping),nginx2.bnsdq.ozxfs.laefh.kvugl,2.2263042149974264
1759264893,102844,1,N/A,N/A,N/A,N/A,N/A,N/A,N/A,N/A,1264619520,1264619520,17170432,N/A,135168,45826048,4,discern-proc-so,R (running),nginx2.bnsdq.ozxfs.laefh.kvugl,2.5966197788200858
1759264893,80899,1,N/A,N/A,N/A,N/A,N/A,N/A,N/A,N/A,1647706112,1580597248,20467712,N/A,135168,82202624,5,discern-interfa,S (sleeping),nginx2.bnsdq.ozxfs.laefh.kvugl,0.0015018427799000163
1759264898,340,1,103,103,103,103,109,109,109,109,250974208,250974208,236257280,N/A,135168,243245056,1,dbus-daemon,S (sleeping),nginx2.bnsdq.ozxfs.laefh.kvugl,0.29774932894026707
1759264898,183,1,N/A,N/A,N/A,N/A,N/A,N/A,N/A,N/A,154570752,99946496,66879488,4096,135168,28184576,1,systemd-journal,S (sleeping),nginx2.bnsdq.ozxfs.laefh.kvugl,0.23897039874757872
1759264898,3275,1,N/A,N/A,N/A,N/A,N/A,N/A,N/A,N/A,1931149312,1931149312,53477376,N/A,135168,187768832,14,discern-network,S (sleeping),nginx2.bnsdq.ozxfs.laefh.kvugl,2.2263679672312167
1759264898,102844,1,N/A,N/A,N/A,N/A,N/A,N/A,N/A,N/A,1264619520,1264619520,17170432,N/A,135168,45826048,4,discern-proc-so,R (running),nginx2.bnsdq.ozxfs.laefh.kvugl,2.6081636778340616
1759264898,80899,1,N/A,N/A,N/A,N/A,N/A,N/A,N/A,N/A,1647706112,1580597248,20467712,N/A,135168,82202624,5,discern-interfa,S (sleeping),nginx2.bnsdq.ozxfs.laefh.kvugl,0.0014979558013281007
1759264903,340,1,103,103,103,103,109,109,109,109,250974208,250974208,236257280,N/A,135168,243245056,1,dbus-daemon,S (sleeping),nginx2.bnsdq.ozxfs.laefh.kvugl,0.29767718745305755
1759264903,183,1,N/A,N/A,N/A,N/A,N/A,N/A,N/A,N/A,154570752,99946496,66879488,4096,135168,28184576,1,systemd-journal,S (sleeping),nginx2.bnsdq.ozxfs.laefh.kvugl,0.23907261298470275
1759264903,3275,1,N/A,N/A,N/A,N/A,N/A,N/A,N/A,N/A,1931149312,1931149312,53477376,N/A,135168,187768832,14,discern-network,S (sleeping),nginx2.bnsdq.ozxfs.laefh.kvugl,2.226297248914882
1759264903,102844,1,N/A,N/A,N/A,N/A,N/A,N/A,N/A,N/A,1264619520,1264619520,17170432,N/A,135168,45826048,4,discern-proc-so,S (sleeping),nginx2.bnsdq.ozxfs.laefh.kvugl,2.6098141118179665
1759264903,80899,1,N/A,N/A,N/A,N/A,N/A,N/A,N/A,N/A,1647706112,1580597248,20467712,N/A,135168,82202624,5,discern-interfa,S (sleeping),nginx2.bnsdq.ozxfs.laefh.kvugl,0.0014940985185820943
1759264909,340,1,103,103,103,103,109,109,109,109,250974208,250974208,236257280,N/A,135168,243245056,1,dbus-daemon,S (sleeping),nginx2.bnsdq.ozxfs.laefh.kvugl,0.297872349703171
1759264909,183,1,N/A,N/A,N/A,N/A,N/A,N/A,N/A,N/A,154570752,99946496,66879488,4096,135168,28184576,1,systemd-journal,S (sleeping),nginx2.bnsdq.ozxfs.laefh.kvugl,0.2393082492486144
1759264909,3275,1,N/A,N/A,N/A,N/A,N/A,N/A,N/A,N/A,1931149312,1931149312,53477376,N/A,135168,187768832,14,discern-network,S (sleeping),nginx2.bnsdq.ozxfs.laefh.kvugl,2.226364407102868
1759264909,102844,1,N/A,N/A,N/A,N/A,N/A,N/A,N/A,N/A,1264619520,1264619520,17170432,N/A,135168,45826048,4,discern-proc-so,S (sleeping),nginx2.bnsdq.ozxfs.laefh.kvugl,2.611398245308381
1759264909,80899,1,N/A,N/A,N/A,N/A,N/A,N/A,N/A,N/A,1647706112,1580597248,20467712,N/A,135168,82202624,5,discern-interfa,S (sleeping),nginx2.bnsdq.ozxfs.laefh.kvugl,0.001490259946004385
1759264914,340,1,103,103,103,103,109,109,109,109,250974208,250974208,236257280,N/A,135168,243245056,1,dbus-daemon,S (sleeping),nginx2.bnsdq.ozxfs.laefh.kvugl,0.29779995590218145
1759264914,183,1,N/A,N/A,N/A,N/A,N/A,N/A,N/A,N/A,154570752,99946496,66879488,4096,135168,28184576,1,systemd-journal,S (sleeping),nginx2.bnsdq.ozxfs.laefh.kvugl,0.23927634833889566
1759264914,3275,1,N/A,N/A,N/A,N/A,N/A,N/A,N/A,N/A,1931149312,1931149312,53477376,N/A,135168,187768832,14,discern-network,S (sleeping),nginx2.bnsdq.ozxfs.laefh.kvugl,2.2264298930991164
1759264914,102844,1,N/A,N/A,N/A,N/A,N/A,N/A,N/A,N/A,1264619520,1264619520,17170432,N/A,135168,45826048,4,discern-proc-so,S (sleeping),nginx2.bnsdq.ozxfs.laefh.kvugl,2.6097862202571944
1759264914,80899,1,N/A,N/A,N/A,N/A,N/A,N/A,N/A,N/A,1647706112,1580597248,20467712,N/A,135168,82202624,5,discern-interfa,S (sleeping),nginx2.bnsdq.ozxfs.laefh.kvugl,0.0014864372142997203
1759264919,340,1,103,103,103,103,109,109,109,109,250974208,250974208,236257280,N/A,135168,243245056,1,dbus-daemon,S (sleeping),nginx2.bnsdq.ozxfs.laefh.kvugl,0.2979952680008922
1759264919,183,1,N/A,N/A,N/A,N/A,N/A,N/A,N/A,N/A,154570752,99946496,66879488,4096,135168,28184576,1,systemd-journal,S (sleeping),nginx2.bnsdq.ozxfs.laefh.kvugl,0.23951192370960256
1759264919,3275,1,N/A,N/A,N/A,N/A,N/A,N/A,N/A,N/A,1931149312,1931149312,53477376,N/A,135168,187768832,14,discern-network,S (sleeping),nginx2.bnsdq.ozxfs.laefh.kvugl,2.2265007720738774
1759264919,102844,1,N/A,N/A,N/A,N/A,N/A,N/A,N/A,N/A,1264619520,1264619520,17170432,N/A,135168,45826048,4,discern-proc-so,R (running),nginx2.bnsdq.ozxfs.laefh.kvugl,2.60531306487274
1759264919,80899,1,N/A,N/A,N/A,N/A,N/A,N/A,N/A,N/A,1647706112,1580597248,20467712,N/A,135168,82202624,5,discern-interfa,S (sleeping),nginx2.bnsdq.ozxfs.laefh.kvugl,0.001482647124608533
1759264924,340,1,103,103,103,103,109,109,109,109,250974208,250974208,236257280,N/A,135168,243245056,1,dbus-daemon,S (sleeping),nginx2.bnsdq.ozxfs.laefh.kvugl,0.29792255418466984
1759264924,183,1,N/A,N/A,N/A,N/A,N/A,N/A,N/A,N/A,154570752,99946496,66879488,4096,135168,28184576,1,systemd-journal,S (sleeping),nginx2.bnsdq.ozxfs.laefh.kvugl,0.23974633036456952
1759264924,3275,1,N/A,N/A,N/A,N/A,N/A,N/A,N/A,N/A,1931149312,1931149312,53477376,N/A,135168,187768832,14,discern-network,S (sleeping),nginx2.bnsdq.ozxfs.laefh.kvugl,2.2268393868370584
1759264924,102844,1,N/A,N/A,N/A,N/A,N/A,N/A,N/A,N/A,1264619520,1264619520,17170432,N/A,135168,45826048,4,discern-proc-so,S (sleeping),nginx2.bnsdq.ozxfs.laefh.kvugl,2.6158034538740953
1759264924,80899,1,N/A,N/A,N/A,N/A,N/A,N/A,N/A,N/A,1647706112,1580597248,20467712,N/A,135168,82202624,5,discern-interfa,S (sleeping),nginx2.bnsdq.ozxfs.laefh.kvugl,0.0014788568218763684
1759264929,340,1,103,103,103,103,109,109,109,109,250974208,250974208,236257280,N/A,135168,243245056,1,dbus-daemon,S (sleeping),nginx2.bnsdq.ozxfs.laefh.kvugl,0.2978508741127604
1759264929,183,1,N/A,N/A,N/A,N/A,N/A,N/A,N/A,N/A,154570752,99946496,66879488,4096,135168,28184576,1,systemd-journal,S (sleeping),nginx2.bnsdq.ozxfs.laefh.kvugl,0.2397146829397233
1759264929,3275,1,N/A,N/A,N/A,N/A,N/A,N/A,N/A,N/A,1931149312,1931149312,53477376,N/A,135168,187768832,14,discern-network,S (sleeping),nginx2.bnsdq.ozxfs.laefh.kvugl,2.2267712392216557
1759264929,102844,1,N/A,N/A,N/A,N/A,N/A,N/A,N/A,N/A,1264619520,1264619520,17170432,N/A,135168,45826048,4,discern-proc-so,S (sleeping),nginx2.bnsdq.ozxfs.laefh.kvugl,2.6113570361685783
1759264929,80899,1,N/A,N/A,N/A,N/A,N/A,N/A,N/A,N/A,1647706112,1580597248,20467712,N/A,135168,82202624,5,discern-interfa,S (sleeping),nginx2.bnsdq.ozxfs.laefh.kvugl,0.0014751035371029372
1759264935,340,1,103,103,103,103,109,109,109,109,250974208,250974208,236257280,N/A,135168,243245056,1,dbus-daemon,S (sleeping),nginx2.bnsdq.ozxfs.laefh.kvugl,0.2980408480021398
1759264935,183,1,N/A,N/A,N/A,N/A,N/A,N/A,N/A,N/A,154570752,99946496,66879488,4096,135168,28184576,1,systemd-journal,S (sleeping),nginx2.bnsdq.ozxfs.laefh.kvugl,0.24007868090859788
1759264935,3275,1,N/A,N/A,N/A,N/A,N/A,N/A,N/A,N/A,1931149312,1931149312,53477376,N/A,135168,187768832,14,discern-network,S (sleeping),nginx2.bnsdq.ozxfs.laefh.kvugl,2.2269416167770633
1759264935,102844,1,N/A,N/A,N/A,N/A,N/A,N/A,N/A,N/A,1264619520,1264619520,17170432,N/A,135168,45826048,4,discern-proc-so,R (running),nginx2.bnsdq.ozxfs.laefh.kvugl,2.617784841298742
1759264935,80899,1,N/A,N/A,N/A,N/A,N/A,N/A,N/A,N/A,1647706112,1580597248,20467712,N/A,135168,82202624,5,discern-interfa,S (sleeping),nginx2.bnsdq.ozxfs.laefh.kvugl,0.0014712818874827397
1759264940,340,1,103,103,103,103,109,109,109,109,250974208,250974208,236257280,N/A,135168,243245056,1,dbus-daemon,S (sleeping),nginx2.bnsdq.ozxfs.laefh.kvugl,0.29809997859479803
1759264940,183,1,N/A,N/A,N/A,N/A,N/A,N/A,N/A,N/A,154570752,99946496,66879488,4096,135168,28184576,1,systemd-journal,S (sleeping),nginx2.bnsdq.ozxfs.laefh.kvugl,0.2401780612499404
1759264940,3275,1,N/A,N/A,N/A,N/A,N/A,N/A,N/A,N/A,1931149312,1931149312,53477376,N/A,135168,187768832,14,discern-network,S (sleeping),nginx2.bnsdq.ozxfs.laefh.kvugl,2.2267179929931493
1759264940,102844,1,N/A,N/A,N/A,N/A,N/A,N/A,N/A,N/A,1264619520,1264619520,17170432,N/A,135168,45826048,4,discern-proc-so,R (running),nginx2.bnsdq.ozxfs.laefh.kvugl,2.6158778968704173
1759264940,80899,1,N/A,N/A,N/A,N/A,N/A,N/A,N/A,N/A,1647706112,1580597248,20467712,N/A,135168,82202624,5,discern-interfa,S (sleeping),nginx2.bnsdq.ozxfs.laefh.kvugl,0.0014675251790264951
1759264945,340,1,103,103,103,103,109,109,109,109,250974208,250974208,236257280,N/A,135168,243245056,1,dbus-daemon,S (sleeping),nginx2.bnsdq.ozxfs.laefh.kvugl,0.2981614388174601
1759264945,183,1,N/A,N/A,N/A,N/A,N/A,N/A,N/A,N/A,154570752,99946496,66879488,4096,135168,28184576,1,systemd-journal,S (sleeping),nginx2.bnsdq.ozxfs.laefh.kvugl,0.24027924586023847
1759264945,3275,1,N/A,N/A,N/A,N/A,N/A,N/A,N/A,N/A,1931149312,1931149312,53477376,N/A,135168,187768832,14,discern-network,S (sleeping),nginx2.bnsdq.ozxfs.laefh.kvugl,2.226650943633043
1759264945,102844,1,N/A,N/A,N/A,N/A,N/A,N/A,N/A,N/A,1264619520,1264619520,17170432,N/A,135168,45826048,4,discern-proc-so,S (sleeping),nginx2.bnsdq.ozxfs.laefh.kvugl,2.6144771099053554
1759264945,80899,1,N/A,N/A,N/A,N/A,N/A,N/A,N/A,N/A,1647706112,1580597248,20467712,N/A,135168,82202624,5,discern-interfa,S (sleeping),nginx2.bnsdq.ozxfs.laefh.kvugl,0.0014638310381926366
1759264950,340,1,103,103,103,103,109,109,109,109,250974208,250974208,236257280,N/A,135168,243245056,1,dbus-daemon,S (sleeping),nginx2.bnsdq.ozxfs.laefh.kvugl,0.29808941413328405
1759264950,183,1,N/A,N/A,N/A,N/A,N/A,N/A,N/A,N/A,154570752,99946496,66879488,4096,135168,28184576,1,systemd-journal,S (sleeping),nginx2.bnsdq.ozxfs.laefh.kvugl,0.24037988790125275
1759264950,3275,1,N/A,N/A,N/A,N/A,N/A,N/A,N/A,N/A,1931149312,1931149312,53477376,N/A,135168,187768832,14,discern-network,S (sleeping),nginx2.bnsdq.ozxfs.laefh.kvugl,2.226855114622837
1759264950,102844,1,N/A,N/A,N/A,N/A,N/A,N/A,N/A,N/A,1264619520,1264619520,17170432,N/A,135168,45826048,4,discern-proc-so,R (running),nginx2.bnsdq.ozxfs.laefh.kvugl,2.6213913743843276
1759264950,80899,1,N/A,N/A,N/A,N/A,N/A,N/A,N/A,N/A,1647706112,1580597248,20467712,N/A,135168,82202624,5,discern-interfa,S (sleeping),nginx2.bnsdq.ozxfs.laefh.kvugl,0.0014601465457909743
1759264955,340,1,103,103,103,103,109,109,109,109,250974208,250974208,236257280,N/A,135168,243245056,1,dbus-daemon,S (sleeping),nginx2.bnsdq.ozxfs.laefh.kvugl,0.29815037391256666
1759264955,183,1,N/A,N/A,N/A,N/A,N/A,N/A,N/A,N/A,154570752,99946496,66879488,4096,135168,28184576,1,systemd-journal,S (sleeping),nginx2.bnsdq.ozxfs.laefh.kvugl,0.24061324345013108
1759264955,3275,1,N/A,N/A,N/A,N/A,N/A,N/A,N/A,N/A,1931149312,1931149312,53477376,N/A,135168,187768832,14,discern-network,S (sleeping),nginx2.bnsdq.ozxfs.laefh.kvugl,2.2267847711149686
1759264955,102844,1,N/A,N/A,N/A,N/A,N/A,N/A,N/A,N/A,1264619520,1264619520,17170432,N/A,135168,45826048,4,discern-proc-so,S (sleeping),nginx2.bnsdq.ozxfs.laefh.kvugl,2.6226242321046307
1759264955,80899,1,N/A,N/A,N/A,N/A,N/A,N/A,N/A,N/A,1647706112,1580597248,20467712,N/A,135168,82202624,5,discern-interfa,S (sleeping),nginx2.bnsdq.ozxfs.laefh.kvugl,0.0014564818011479918
1759264960,340,1,103,103,103,103,109,109,109,109,250974208,250974208,236257280,N/A,135168,243245056,1,dbus-daemon,S (sleeping),nginx2.bnsdq.ozxfs.laefh.kvugl,0.2980781553776626
1759264960,183,1,N/A,N/A,N/A,N/A,N/A,N/A,N/A,N/A,154570752,99946496,66879488,4096,135168,28184576,1,systemd-journal,S (sleeping),nginx2.bnsdq.ozxfs.laefh.kvugl,0.2405805768807315
1759264960,3275,1,N/A,N/A,N/A,N/A,N/A,N/A,N/A,N/A,1931149312,1931149312,53477376,N/A,135168,187768832,14,discern-network,S (sleeping),nginx2.bnsdq.ozxfs.laefh.kvugl,2.226574305925144
1759264960,102844,1,N/A,N/A,N/A,N/A,N/A,N/A,N/A,N/A,1264619520,1264619520,17170432,N/A,135168,45826048,4,discern-proc-so,S (sleeping),nginx2.bnsdq.ozxfs.laefh.kvugl,2.623754673649565
1759264960,80899,1,N/A,N/A,N/A,N/A,N/A,N/A,N/A,N/A,1647706112,1580597248,20467712,N/A,135168,82202624,5,discern-interfa,S (sleeping),nginx2.bnsdq.ozxfs.laefh.kvugl,0.0014528287979435096
1759264966,340,1,103,103,103,103,109,109,109,109,250974208,250974208,236257280,N/A,135168,243245056,1,dbus-daemon,S (sleeping),nginx2.bnsdq.ozxfs.laefh.kvugl,0.2980068452827399
1759264966,183,1,N/A,N/A,N/A,N/A,N/A,N/A,N/A,N/A,154570752,99946496,66879488,4096,135168,28184576,1,systemd-journal,S (sleeping),nginx2.bnsdq.ozxfs.laefh.kvugl,0.2406812160438055
1759264966,3275,1,N/A,N/A,N/A,N/A,N/A,N/A,N/A,N/A,1931149312,1931149312,53477376,N/A,135168,187768832,14,discern-network,S (sleeping),nginx2.bnsdq.ozxfs.laefh.kvugl,2.22678202870707
1759264966,102844,1,N/A,N/A,N/A,N/A,N/A,N/A,N/A,N/A,1264619520,1264619520,17170432,N/A,135168,45826048,4,discern-proc-so,S (sleeping),nginx2.bnsdq.ozxfs.laefh.kvugl,2.627670850927296
1759264966,80899,1,N/A,N/A,N/A,N/A,N/A,N/A,N/A,N/A,1647706112,1580597248,20467712,N/A,135168,82202624,5,discern-interfa,S (sleeping),nginx2.bnsdq.ozxfs.laefh.kvugl,0.0014492083923610365
1759264971,340,1,103,103,103,103,109,109,109,109,250974208,250974208,236257280,N/A,135168,243245056,1,dbus-daemon,S (sleeping),nginx2.bnsdq.ozxfs.laefh.kvugl,0.29833317608769117
1759264971,183,1,N/A,N/A,N/A,N/A,N/A,N/A,N/A,N/A,154570752,99946496,66879488,4096,135168,28184576,1,systemd-journal,S (sleeping),nginx2.bnsdq.ozxfs.laefh.kvugl,0.24104670239036793
1759264971,3275,1,N/A,N/A,N/A,N/A,N/A,N/A,N/A,N/A,1931149312,1931149312,53477376,N/A,135168,187768832,14,discern-network,S (sleeping),nginx2.bnsdq.ozxfs.laefh.kvugl,2.2268518922994796
1759264971,102844,1,N/A,N/A,N/A,N/A,N/A,N/A,N/A,N/A,1264619520,1264619520,17170432,N/A,135168,45826048,4,discern-proc-so,S (sleeping),nginx2.bnsdq.ozxfs.laefh.kvugl,2.628833389890292
1759264971,80899,1,N/A,N/A,N/A,N/A,N/A,N/A,N/A,N/A,1647706112,1580597248,20467712,N/A,135168,82202624,5,discern-interfa,S (sleeping),nginx2.bnsdq.ozxfs.laefh.kvugl,0.001445604936451135
1759264976,340,1,103,103,103,103,109,109,109,109,250974208,250974208,236257280,N/A,135168,243245056,1,dbus-daemon,S (sleeping),nginx2.bnsdq.ozxfs.laefh.kvugl,0.2982611819835414
1759264976,183,1,N/A,N/A,N/A,N/A,N/A,N/A,N/A,N/A,154570752,99946496,66879488,4096,135168,28184576,1,systemd-journal,S (sleeping),nginx2.bnsdq.ozxfs.laefh.kvugl,0.24127881695788206
1759264976,3275,1,N/A,N/A,N/A,N/A,N/A,N/A,N/A,N/A,1931149312,1931149312,53477376,N/A,135168,187768832,14,discern-network,S (sleeping),nginx2.bnsdq.ozxfs.laefh.kvugl,2.226780318600193
1759264976,102844,1,N/A,N/A,N/A,N/A,N/A,N/A,N/A,N/A,1264619520,1264619520,17170432,N/A,135168,45826048,4,discern-proc-so,S (sleeping),nginx2.bnsdq.ozxfs.laefh.kvugl,2.637671455079041
1759264976,80899,1,N/A,N/A,N/A,N/A,N/A,N/A,N/A,N/A,1647706112,1580597248,20467712,N/A,135168,82202624,5,discern-interfa,S (sleeping),nginx2.bnsdq.ozxfs.laefh.kvugl,0.001442009398276842
1759264981,340,1,103,103,103,103,109,109,109,109,250974208,250974208,236257280,N/A,135168,243245056,1,dbus-daemon,S (sleeping),nginx2.bnsdq.ozxfs.laefh.kvugl,0.29832213025788024
1759264981,183,1,N/A,N/A,N/A,N/A,N/A,N/A,N/A,N/A,154570752,99946496,66879488,4096,135168,28184576,1,systemd-journal,S (sleeping),nginx2.bnsdq.ozxfs.laefh.kvugl,0.24124634754938393
1759264981,3275,1,N/A,N/A,N/A,N/A,N/A,N/A,N/A,N/A,1931149312,1931149312,53477376,N/A,135168,187768832,14,discern-network,S (sleeping),nginx2.bnsdq.ozxfs.laefh.kvugl,2.2267128037651593
1759264981,102844,1,N/A,N/A,N/A,N/A,N/A,N/A,N/A,N/A,1264619520,1264619520,17170432,N/A,135168,45826048,4,discern-proc-so,R (running),nginx2.bnsdq.ozxfs.laefh.kvugl,2.6360959862127635
1759264981,80899,1,N/A,N/A,N/A,N/A,N/A,N/A,N/A,N/A,1647706112,1580597248,20467712,N/A,135168,82202624,5,discern-interfa,S (sleeping),nginx2.bnsdq.ozxfs.laefh.kvugl,0.001438440934607479
1759264986,340,1,103,103,103,103,109,109,109,109,250974208,250974208,236257280,N/A,135168,243245056,1,dbus-daemon,S (sleeping),nginx2.bnsdq.ozxfs.laefh.kvugl,0.29824986690430294
1759264986,183,1,N/A,N/A,N/A,N/A,N/A,N/A,N/A,N/A,154570752,99946496,66879488,4096,135168,28184576,1,systemd-journal,S (sleeping),nginx2.bnsdq.ozxfs.laefh.kvugl,0.24134546252584027
1759264986,3275,1,N/A,N/A,N/A,N/A,N/A,N/A,N/A,N/A,1931149312,1931149312,53477376,N/A,135168,187768832,14,discern-network,S (sleeping),nginx2.bnsdq.ozxfs.laefh.kvugl,2.2266385875602994
1759264986,102844,1,N/A,N/A,N/A,N/A,N/A,N/A,N/A,N/A,1264619520,1264619520,17170432,N/A,135168,45826048,4,discern-proc-so,S (sleeping),nginx2.bnsdq.ozxfs.laefh.kvugl,2.642011894527749
1759264986,80899,1,N/A,N/A,N/A,N/A,N/A,N/A,N/A,N/A,1647706112,1580597248,20467712,N/A,135168,82202624,5,discern-interfa,S (sleeping),nginx2.bnsdq.ozxfs.laefh.kvugl,0.0014348746224097742
1759264991,340,1,103,103,103,103,109,109,109,109,250974208,250974208,236257280,N/A,135168,243245056,1,dbus-daemon,S (sleeping),nginx2.bnsdq.ozxfs.laefh.kvugl,0.29831009370795863
1759264991,183,1,N/A,N/A,N/A,N/A,N/A,N/A,N/A,N/A,154570752,99946496,66879488,4096,135168,28184576,1,systemd-journal,S (sleeping),nginx2.bnsdq.ozxfs.laefh.kvugl,0.24131246697367473
1759264991,3275,1,N/A,N/A,N/A,N/A,N/A,N/A,N/A,N/A,1931149312,1931149312,53477376,N/A,135168,187768832,14,discern-network,S (sleeping),nginx2.bnsdq.ozxfs.laefh.kvugl,2.226702943205227
1759264991,102844,1,N/A,N/A,N/A,N/A,N/A,N/A,N/A,N/A,1264619520,1264619520,17170432,N/A,135168,45826048,4,discern-proc-so,R (running),nginx2.bnsdq.ozxfs.laefh.kvugl,2.6428118976368866
1759264991,80899,1,N/A,N/A,N/A,N/A,N/A,N/A,N/A,N/A,1647706112,1580597248,20467712,N/A,135168,82202624,5,discern-interfa,S (sleeping),nginx2.bnsdq.ozxfs.laefh.kvugl,0.0014313298818195703
1759264997,340,1,103,103,103,103,109,109,109,109,250974208,250974208,236257280,N/A,135168,243245056,1,dbus-daemon,S (sleeping),nginx2.bnsdq.ozxfs.laefh.kvugl,0.2985030623935077
1759264997,183,1,N/A,N/A,N/A,N/A,N/A,N/A,N/A,N/A,154570752,99946496,66879488,4096,135168,28184576,1,systemd-journal,S (sleeping),nginx2.bnsdq.ozxfs.laefh.kvugl,0.24180836842618753
1759264997,3275,1,N/A,N/A,N/A,N/A,N/A,N/A,N/A,N/A,1931149312,1931149312,53477376,N/A,135168,187768832,14,discern-network,S (sleeping),nginx2.bnsdq.ozxfs.laefh.kvugl,2.2267728905061994
1759264997,102844,1,N/A,N/A,N/A,N/A,N/A,N/A,N/A,N/A,1264619520,1264619520,17170432,N/A,135168,45826048,4,discern-proc-so,S (sleeping),nginx2.bnsdq.ozxfs.laefh.kvugl,2.641244721837116
1759264997,80899,1,N/A,N/A,N/A,N/A,N/A,N/A,N/A,N/A,1647706112,1580597248,20467712,N/A,135168,82202624,5,discern-interfa,S (sleeping),nginx2.bnsdq.ozxfs.laefh.kvugl,0.001427815273064693
1759265002,340,1,103,103,103,103,109,109,109,109,250974208,250974208,236257280,N/A,135168,243245056,1,dbus-daemon,S (sleeping),nginx2.bnsdq.ozxfs.laefh.kvugl,0.29856152717730655
1759265002,183,1,N/A,N/A,N/A,N/A,N/A,N/A,N/A,N/A,154570752,99946496,66879488,4096,135168,28184576,1,systemd-journal,S (sleeping),nginx2.bnsdq.ozxfs.laefh.kvugl,0.24190585684579136
1759265002,3275,1,N/A,N/A,N/A,N/A,N/A,N/A,N/A,N/A,1931149312,1931149312,53477376,N/A,135168,187768832,14,discern-network,S (sleeping),nginx2.bnsdq.ozxfs.laefh.kvugl,2.226552385044011
1759265002,102844,1,N/A,N/A,N/A,N/A,N/A,N/A,N/A,N/A,1264619520,1264619520,17170432,N/A,135168,45826048,4,discern-proc-so,S (sleeping),nginx2.bnsdq.ozxfs.laefh.kvugl,2.639351245668178
1759265002,80899,1,N/A,N/A,N/A,N/A,N/A,N/A,N/A,N/A,1647706112,1580597248,20467712,N/A,135168,82202624,5,discern-interfa,S (sleeping),nginx2.bnsdq.ozxfs.laefh.kvugl,0.0014242794611990593
1759265007,340,1,103,103,103,103,109,109,109,109,250974208,250974208,236257280,N/A,135168,243245056,1,dbus-daemon,S (sleeping),nginx2.bnsdq.ozxfs.laefh.kvugl,0.2984901295322585
1759265007,183,1,N/A,N/A,N/A,N/A,N/A,N/A,N/A,N/A,154570752,99946496,66879488,4096,135168,28184576,1,systemd-journal,S (sleeping),nginx2.bnsdq.ozxfs.laefh.kvugl,0.2420049243767541
1759265007,3275,1,N/A,N/A,N/A,N/A,N/A,N/A,N/A,N/A,1931149312,1931149312,53477376,N/A,135168,187768832,14,discern-network,S (sleeping),nginx2.bnsdq.ozxfs.laefh.kvugl,2.2266213601448643
1759265007,102844,1,N/A,N/A,N/A,N/A,N/A,N/A,N/A,N/A,1264619520,1264619520,17170432,N/A,135168,45826048,4,discern-proc-so,R (running),nginx2.bnsdq.ozxfs.laefh.kvugl,2.635438938366922
1759265007,80899,1,N/A,N/A,N/A,N/A,N/A,N/A,N/A,N/A,1647706112,1580597248,20467712,N/A,135168,82202624,5,discern-interfa,S (sleeping),nginx2.bnsdq.ozxfs.laefh.kvugl,0.001420797185059767
1759265012,340,1,103,103,103,103,109,109,109,109,250974208,250974208,236257280,N/A,135168,243245056,1,dbus-daemon,S (sleeping),nginx2.bnsdq.ozxfs.laefh.kvugl,0.29855013484413456
1759265012,183,1,N/A,N/A,N/A,N/A,N/A,N/A,N/A,N/A,154570752,99946496,66879488,4096,135168,28184576,1,systemd-journal,S (sleeping),nginx2.bnsdq.ozxfs.laefh.kvugl,0.242103448278174
1759265012,3275,1,N/A,N/A,N/A,N/A,N/A,N/A,N/A,N/A,1931149312,1931149312,53477376,N/A,135168,187768832,14,discern-network,S (sleeping),nginx2.bnsdq.ozxfs.laefh.kvugl,2.2266863429701984
1759265012,102844,1,N/A,N/A,N/A,N/A,N/A,N/A,N/A,N/A,1264619520,1264619520,17170432,N/A,135168,45826048,4,discern-proc-so,S (sleeping),nginx2.bnsdq.ozxfs.laefh.kvugl,2.6386740610919612
1759265012,80899,1,N/A,N/A,N/A,N/A,N/A,N/A,N/A,N/A,1647706112,1580597248,20467712,N/A,135168,82202624,5,discern-interfa,S (sleeping),nginx2.bnsdq.ozxfs.laefh.kvugl,0.001417323322688568
1759265017,340,1,103,103,103,103,109,109,109,109,250974208,250974208,236257280,N/A,135168,243245056,1,dbus-daemon,S (sleeping),nginx2.bnsdq.ozxfs.laefh.kvugl,0.29847969735745516
1759265017,183,1,N/A,N/A,N/A,N/A,N/A,N/A,N/A,N/A,154570752,99946496,66879488,4096,135168,28184576,1,systemd-journal,S (sleeping),nginx2.bnsdq.ozxfs.laefh.kvugl,0.24220293929564662
1759265017,3275,1,N/A,N/A,N/A,N/A,N/A,N/A,N/A,N/A,1931149312,1931149312,53477376,N/A,135168,187768832,14,discern-network,S (sleeping),nginx2.bnsdq.ozxfs.laefh.kvugl,2.226897975818614
1759265017,102844,1,N/A,N/A,N/A,N/A,N/A,N/A,N/A,N/A,1264619520,1264619520,17170432,N/A,135168,45826048,4,discern-proc-so,S (sleeping),nginx2.bnsdq.ozxfs.laefh.kvugl,2.6373481730286166
1759265017,80899,1,N/A,N/A,N/A,N/A,N/A,N/A,N/A,N/A,1647706112,1580597248,20467712,N/A,135168,82202624,5,discern-interfa,S (sleeping),nginx2.bnsdq.ozxfs.laefh.kvugl,0.0014138894648724723
1759265022,340,1,103,103,103,103,109,109,109,109,250974208,250974208,236257280,N/A,135168,243245056,1,dbus-daemon,S (sleeping),nginx2.bnsdq.ozxfs.laefh.kvugl,0.29867198517936083
1759265022,183,1,N/A,N/A,N/A,N/A,N/A,N/A,N/A,N/A,154570752,99946496,66879488,4096,135168,28184576,1,systemd-journal,S (sleeping),nginx2.bnsdq.ozxfs.laefh.kvugl,0.24256501246151074
1759265022,3275,1,N/A,N/A,N/A,N/A,N/A,N/A,N/A,N/A,1931149312,1931149312,53477376,N/A,135168,187768832,14,discern-network,S (sleeping),nginx2.bnsdq.ozxfs.laefh.kvugl,2.2269682755949334
1759265022,102844,1,N/A,N/A,N/A,N/A,N/A,N/A,N/A,N/A,1264619520,1264619520,17170432,N/A,135168,45826048,4,discern-proc-so,S (sleeping),nginx2.bnsdq.ozxfs.laefh.kvugl,2.6313145887626583
1759265022,80899,1,N/A,N/A,N/A,N/A,N/A,N/A,N/A,N/A,1647706112,1580597248,20467712,N/A,135168,82202624,5,discern-interfa,S (sleeping),nginx2.bnsdq.ozxfs.laefh.kvugl,0.001410461447506322
1759265028,340,1,103,103,103,103,109,109,109,109,250974208,250974208,236257280,N/A,135168,243245056,1,dbus-daemon,S (sleeping),nginx2.bnsdq.ozxfs.laefh.kvugl,0.2987329931109627
1759265028,183,1,N/A,N/A,N/A,N/A,N/A,N/A,N/A,N/A,154570752,99946496,66879488,4096,135168,28184576,1,systemd-journal,S (sleeping),nginx2.bnsdq.ozxfs.laefh.kvugl,0.2426639682464157
1759265028,3275,1,N/A,N/A,N/A,N/A,N/A,N/A,N/A,N/A,1931149312,1931149312,53477376,N/A,135168,187768832,14,discern-network,S (sleeping),nginx2.bnsdq.ozxfs.laefh.kvugl,2.227314601322104
1759265028,102844,1,N/A,N/A,N/A,N/A,N/A,N/A,N/A,N/A,1264619520,1264619520,17170432,N/A,135168,45826048,4,discern-proc-so,S (sleeping),nginx2.bnsdq.ozxfs.laefh.kvugl,2.623210524129936
1759265028,80899,1,N/A,N/A,N/A,N/A,N/A,N/A,N/A,N/A,1647706112,1580597248,20467712,N/A,135168,82202624,5,discern-interfa,S (sleeping),nginx2.bnsdq.ozxfs.laefh.kvugl,0.0014070588886398202
1759265033,340,1,103,103,103,103,109,109,109,109,250974208,250974208,236257280,N/A,135168,243245056,1,dbus-daemon,S (sleeping),nginx2.bnsdq.ozxfs.laefh.kvugl,0.29866113518874043
1759265033,183,1,N/A,N/A,N/A,N/A,N/A,N/A,N/A,N/A,154570752,99946496,66879488,4096,135168,28184576,1,systemd-journal,S (sleeping),nginx2.bnsdq.ozxfs.laefh.kvugl,0.24276170905080563
1759265033,3275,1,N/A,N/A,N/A,N/A,N/A,N/A,N/A,N/A,1931149312,1931149312,53477376,N/A,135168,187768832,14,discern-network,S (sleeping),nginx2.bnsdq.ozxfs.laefh.kvugl,2.227378293694848
1759265033,102844,1,N/A,N/A,N/A,N/A,N/A,N/A,N/A,N/A,1264619520,1264619520,17170432,N/A,135168,45826048,4,discern-proc-so,R (running),nginx2.bnsdq.ozxfs.laefh.kvugl,2.6241596177772117
1759265033,80899,1,N/A,N/A,N/A,N/A,N/A,N/A,N/A,N/A,1647706112,1580597248,20467712,N/A,135168,82202624,5,discern-interfa,S (sleeping),nginx2.bnsdq.ozxfs.laefh.kvugl,0.0014036504584362358
1759265038,340,1,103,103,103,103,109,109,109,109,250974208,250974208,236257280,N/A,135168,243245056,1,dbus-daemon,S (sleeping),nginx2.bnsdq.ozxfs.laefh.kvugl,0.2987205566375312
1759265038,183,1,N/A,N/A,N/A,N/A,N/A,N/A,N/A,N/A,154570752,99946496,66879488,4096,135168,28184576,1,systemd-journal,S (sleeping),nginx2.bnsdq.ozxfs.laefh.kvugl,0.2428591705902302
1759265038,3275,1,N/A,N/A,N/A,N/A,N/A,N/A,N/A,N/A,1931149312,1931149312,53477376,N/A,135168,187768832,14,discern-network,S (sleeping),nginx2.bnsdq.ozxfs.laefh.kvugl,2.227440503393627
1759265038,102844,1,N/A,N/A,N/A,N/A,N/A,N/A,N/A,N/A,1264619520,1264619520,17170432,N/A,135168,45826048,4,discern-proc-so,S (sleeping),nginx2.bnsdq.ozxfs.laefh.kvugl,2.6272989097944737
1759265038,80899,1,N/A,N/A,N/A,N/A,N/A,N/A,N/A,N/A,1647706112,1580597248,20467712,N/A,135168,82202624,5,discern-interfa,S (sleeping),nginx2.bnsdq.ozxfs.laefh.kvugl,0.0014002554301482631
1759265043,340,1,103,103,103,103,109,109,109,109,250974208,250974208,236257280,N/A,135168,243245056,1,dbus-daemon,S (sleeping),nginx2.bnsdq.ozxfs.laefh.kvugl,0.2987809112181716
1759265043,183,1,N/A,N/A,N/A,N/A,N/A,N/A,N/A,N/A,154570752,99946496,66879488,4096,135168,28184576,1,systemd-journal,S (sleeping),nginx2.bnsdq.ozxfs.laefh.kvugl,0.242957323065811
1759265043,3275,1,N/A,N/A,N/A,N/A,N/A,N/A,N/A,N/A,1931149312,1931149312,53477376,N/A,135168,187768832,14,discern-network,S (sleeping),nginx2.bnsdq.ozxfs.laefh.kvugl,2.227917698639688
1759265043,102844,1,N/A,N/A,N/A,N/A,N/A,N/A,N/A,N/A,1264619520,1264619520,17170432,N/A,135168,45826048,4,discern-proc-so,R (running),nginx2.bnsdq.ozxfs.laefh.kvugl,2.6305167753733993
1759265043,80899,1,N/A,N/A,N/A,N/A,N/A,N/A,N/A,N/A,1647706112,1580597248,20467712,N/A,135168,82202624,5,discern-interfa,S (sleeping),nginx2.bnsdq.ozxfs.laefh.kvugl,0.0013968936065402345
1759265048,340,1,103,103,103,103,109,109,109,109,250974208,250974208,236257280,N/A,135168,243245056,1,dbus-daemon,S (sleeping),nginx2.bnsdq.ozxfs.laefh.kvugl,0.29884020158027474
1759265048,183,1,N/A,N/A,N/A,N/A,N/A,N/A,N/A,N/A,154570752,99946496,66879488,4096,135168,28184576,1,systemd-journal,S (sleeping),nginx2.bnsdq.ozxfs.laefh.kvugl,0.24331688013562988
1759265048,3275,1,N/A,N/A,N/A,N/A,N/A,N/A,N/A,N/A,1931149312,1931149312,53477376,N/A,135168,187768832,14,discern-network,S (sleeping),nginx2.bnsdq.ozxfs.laefh.kvugl,2.2278440209600503
1759265048,102844,1,N/A,N/A,N/A,N/A,N/A,N/A,N/A,N/A,1264619520,1264619520,17170432,N/A,135168,45826048,4,discern-proc-so,S (sleeping),nginx2.bnsdq.ozxfs.laefh.kvugl,2.6225724052768427
1759265048,80899,1,N/A,N/A,N/A,N/A,N/A,N/A,N/A,N/A,1647706112,1580597248,20467712,N/A,135168,82202624,5,discern-interfa,S (sleeping),nginx2.bnsdq.ozxfs.laefh.kvugl,0.001393531725706436
1759265053,340,1,103,103,103,103,109,109,109,109,250974208,250974208,236257280,N/A,135168,243245056,1,dbus-daemon,S (sleeping),nginx2.bnsdq.ozxfs.laefh.kvugl,0.2987691649092702
1759265053,183,1,N/A,N/A,N/A,N/A,N/A,N/A,N/A,N/A,154570752,99946496,66879488,4096,135168,28184576,1,systemd-journal,S (sleeping),nginx2.bnsdq.ozxfs.laefh.kvugl,0.24341448314316835
1759265053,3275,1,N/A,N/A,N/A,N/A,N/A,N/A,N/A,N/A,1931149312,1931149312,53477376,N/A,135168,187768832,14,discern-network,S (sleeping),nginx2.bnsdq.ozxfs.laefh.kvugl,2.2277769762822364
1759265053,102844,1,N/A,N/A,N/A,N/A,N/A,N/A,N/A,N/A,1264619520,1264619520,17170432,N/A,135168,45826048,4,discern-proc-so,S (sleeping),nginx2.bnsdq.ozxfs.laefh.kvugl,2.617093526013739
1759265053,80899,1,N/A,N/A,N/A,N/A,N/A,N/A,N/A,N/A,1647706112,1580597248,20467712,N/A,135168,82202624,5,discern-interfa,S (sleeping),nginx2.bnsdq.ozxfs.laefh.kvugl,0.0013901999544166414
1759265059,340,1,103,103,103,103,109,109,109,109,250974208,250974208,236257280,N/A,135168,243245056,1,dbus-daemon,S (sleeping),nginx2.bnsdq.ozxfs.laefh.kvugl,0.2988290312297307
1759265059,183,1,N/A,N/A,N/A,N/A,N/A,N/A,N/A,N/A,154570752,99946496,66879488,4096,135168,28184576,1,systemd-journal,S (sleeping),nginx2.bnsdq.ozxfs.laefh.kvugl,0.24351178998069298
1759265059,3275,1,N/A,N/A,N/A,N/A,N/A,N/A,N/A,N/A,1931149312,1931149312,53477376,N/A,135168,187768832,14,discern-network,S (sleeping),nginx2.bnsdq.ozxfs.laefh.kvugl,2.2279794300938813
1759265059,102844,1,N/A,N/A,N/A,N/A,N/A,N/A,N/A,N/A,1264619520,1264619520,17170432,N/A,135168,45826048,4,discern-proc-so,S (sleeping),nginx2.bnsdq.ozxfs.laefh.kvugl,2.6202696246095645
1759265059,80899,1,N/A,N/A,N/A,N/A,N/A,N/A,N/A,N/A,1647706112,1580597248,20467712,N/A,135168,82202624,5,discern-interfa,S (sleeping),nginx2.bnsdq.ozxfs.laefh.kvugl,0.0013868807385794585
1759265064,340,1,103,103,103,103,109,109,109,109,250974208,250974208,236257280,N/A,135168,243245056,1,dbus-daemon,S (sleeping),nginx2.bnsdq.ozxfs.laefh.kvugl,0.29888835724214496
1759265064,183,1,N/A,N/A,N/A,N/A,N/A,N/A,N/A,N/A,154570752,99946496,66879488,4096,135168,28184576,1,systemd-journal,S (sleeping),nginx2.bnsdq.ozxfs.laefh.kvugl,0.24373949278576545
1759265064,3275,1,N/A,N/A,N/A,N/A,N/A,N/A,N/A,N/A,1931149312,1931149312,53477376,N/A,135168,187768832,14,discern-network,S (sleeping),nginx2.bnsdq.ozxfs.laefh.kvugl,2.2280426733948913
1759265064,102844,1,N/A,N/A,N/A,N/A,N/A,N/A,N/A,N/A,1264619520,1264619520,17170432,N/A,135168,45826048,4,discern-proc-so,S (sleeping),nginx2.bnsdq.ozxfs.laefh.kvugl,2.6233110006147515
1759265064,80899,1,N/A,N/A,N/A,N/A,N/A,N/A,N/A,N/A,1647706112,1580597248,20467712,N/A,135168,82202624,5,discern-interfa,S (sleeping),nginx2.bnsdq.ozxfs.laefh.kvugl,0.0013835698310011811
1759265069,340,1,103,103,103,103,109,109,109,109,250974208,250974208,236257280,N/A,135168,243245056,1,dbus-daemon,S (sleeping),nginx2.bnsdq.ozxfs.laefh.kvugl,0.2988173572705226
1759265069,183,1,N/A,N/A,N/A,N/A,N/A,N/A,N/A,N/A,154570752,99946496,66879488,4096,135168,28184576,1,systemd-journal,S (sleeping),nginx2.bnsdq.ozxfs.laefh.kvugl,0.24370573767918474
1759265069,3275,1,N/A,N/A,N/A,N/A,N/A,N/A,N/A,N/A,1931149312,1931149312,53477376,N/A,135168,187768832,14,discern-network,S (sleeping),nginx2.bnsdq.ozxfs.laefh.kvugl,2.228245630391679
1759265069,102844,1,N/A,N/A,N/A,N/A,N/A,N/A,N/A,N/A,1264619520,1264619520,17170432,N/A,135168,45826048,4,discern-proc-so,R (running),nginx2.bnsdq.ozxfs.laefh.kvugl,2.6242745198221216
1759265069,80899,1,N/A,N/A,N/A,N/A,N/A,N/A,N/A,N/A,1647706112,1580597248,20467712,N/A,135168,82202624,5,discern-interfa,S (sleeping),nginx2.bnsdq.ozxfs.laefh.kvugl,0.0013802842237109893
1759265074,340,1,103,103,103,103,109,109,109,109,250974208,250974208,236257280,N/A,135168,243245056,1,dbus-daemon,S (sleeping),nginx2.bnsdq.ozxfs.laefh.kvugl,0.2990069849899741
1759265074,183,1,N/A,N/A,N/A,N/A,N/A,N/A,N/A,N/A,154570752,99946496,66879488,4096,135168,28184576,1,systemd-journal,S (sleeping),nginx2.bnsdq.ozxfs.laefh.kvugl,0.24393270186219604
1759265074,3275,1,N/A,N/A,N/A,N/A,N/A,N/A,N/A,N/A,1931149312,1931149312,53477376,N/A,135168,187768832,14,discern-network,S (sleeping),nginx2.bnsdq.ozxfs.laefh.kvugl,2.2283057725311646
1759265074,102844,1,N/A,N/A,N/A,N/A,N/A,N/A,N/A,N/A,1264619520,1264619520,17170432,N/A,135168,45826048,4,discern-proc-so,S (sleeping),nginx2.bnsdq.ozxfs.laefh.kvugl,2.631300657041627
1759265074,80899,1,N/A,N/A,N/A,N/A,N/A,N/A,N/A,N/A,1647706112,1580597248,20467712,N/A,135168,82202624,5,discern-interfa,S (sleeping),nginx2.bnsdq.ozxfs.laefh.kvugl,0.0013769988006101866
1759265079,340,1,103,103,103,103,109,109,109,109,250974208,250974208,236257280,N/A,135168,243245056,1,dbus-daemon,S (sleeping),nginx2.bnsdq.ozxfs.laefh.kvugl,0.29893592890380144
1759265079,183,1,N/A,N/A,N/A,N/A,N/A,N/A,N/A,N/A,154570752,99946496,66879488,4096,135168,28184576,1,systemd-journal,S (sleeping),nginx2.bnsdq.ozxfs.laefh.kvugl,0.2440294401555029
1759265079,3275,1,N/A,N/A,N/A,N/A,N/A,N/A,N/A,N/A,1931149312,1931149312,53477376,N/A,135168,187768832,14,discern-network,S (sleeping),nginx2.bnsdq.ozxfs.laefh.kvugl,2.2286428111912713
1759265079,102844,1,N/A,N/A,N/A,N/A,N/A,N/A,N/A,N/A,1264619520,1264619520,17170432,N/A,135168,45826048,4,discern-proc-so,R (running),nginx2.bnsdq.ozxfs.laefh.kvugl,2.6341991634982205
1759265079,80899,1,N/A,N/A,N/A,N/A,N/A,N/A,N/A,N/A,1647706112,1580597248,20467712,N/A,135168,82202624,5,discern-interfa,S (sleeping),nginx2.bnsdq.ozxfs.laefh.kvugl,0.001373743123074585
1759265084,340,1,103,103,103,103,109,109,109,109,250974208,250974208,236257280,N/A,135168,243245056,1,dbus-daemon,S (sleeping),nginx2.bnsdq.ozxfs.laefh.kvugl,0.2991260304822925
1759265084,183,1,N/A,N/A,N/A,N/A,N/A,N/A,N/A,N/A,154570752,108335104,66879488,4096,135168,28184576,1,systemd-journal,S (sleeping),nginx2.bnsdq.ozxfs.laefh.kvugl,0.24425653960485255
1759265084,3275,1,N/A,N/A,N/A,N/A,N/A,N/A,N/A,N/A,1931149312,1931149312,53477376,N/A,135168,187768832,14,discern-network,S (sleeping),nginx2.bnsdq.ozxfs.laefh.kvugl,2.228438806192353
1759265084,102844,1,N/A,N/A,N/A,N/A,N/A,N/A,N/A,N/A,1264619520,1264619520,17170432,N/A,135168,45826048,4,discern-proc-so,S (sleeping),nginx2.bnsdq.ozxfs.laefh.kvugl,2.634998814631807
1759265084,80899,1,N/A,N/A,N/A,N/A,N/A,N/A,N/A,N/A,1647706112,1580597248,20467712,N/A,135168,82202624,5,discern-interfa,S (sleeping),nginx2.bnsdq.ozxfs.laefh.kvugl,0.0013705016674042992
1759265090,340,1,103,103,103,103,109,109,109,109,250974208,250974208,236257280,N/A,135168,243245056,1,dbus-daemon,S (sleeping),nginx2.bnsdq.ozxfs.laefh.kvugl,0.2991848479523081
1759265090,183,1,N/A,N/A,N/A,N/A,N/A,N/A,N/A,N/A,154570752,108335104,66879488,4096,135168,28184576,1,systemd-journal,S (sleeping),nginx2.bnsdq.ozxfs.laefh.kvugl,0.24435242324830642
1759265090,3275,1,N/A,N/A,N/A,N/A,N/A,N/A,N/A,N/A,1931149312,1931149312,53477376,N/A,135168,187768832,14,discern-network,S (sleeping),nginx2.bnsdq.ozxfs.laefh.kvugl,2.2283657696761607
1759265090,102844,1,N/A,N/A,N/A,N/A,N/A,N/A,N/A,N/A,1264619520,1264619520,17170432,N/A,135168,45826048,4,discern-proc-so,S (sleeping),nginx2.bnsdq.ozxfs.laefh.kvugl,2.6397221999064513
1759265090,80899,1,N/A,N/A,N/A,N/A,N/A,N/A,N/A,N/A,1647706112,1580597248,20467712,N/A,135168,82202624,5,discern-interfa,S (sleeping),nginx2.bnsdq.ozxfs.laefh.kvugl,0.0013672667214834967
1759265095,340,1,103,103,103,103,109,109,109,109,250974208,250974208,236257280,N/A,135168,243245056,1,dbus-daemon,S (sleeping),nginx2.bnsdq.ozxfs.laefh.kvugl,0.29911371040007484
1759265095,183,1,N/A,N/A,N/A,N/A,N/A,N/A,N/A,N/A,154570752,108335104,66879488,4096,135168,28184576,1,systemd-journal,S (sleeping),nginx2.bnsdq.ozxfs.laefh.kvugl,0.2444485971784748
1759265095,3275,1,N/A,N/A,N/A,N/A,N/A,N/A,N/A,N/A,1931149312,1931149312,53477376,N/A,135168,187768832,14,discern-network,S (sleeping),nginx2.bnsdq.ozxfs.laefh.kvugl,2.2282967891613
1759265095,102844,1,N/A,N/A,N/A,N/A,N/A,N/A,N/A,N/A,1264619520,1264619520,17170432,N/A,135168,45826048,4,discern-proc-so,S (sleeping),nginx2.bnsdq.ozxfs.laefh.kvugl,2.642430799420446
1759265095,80899,1,N/A,N/A,N/A,N/A,N/A,N/A,N/A,N/A,1647706112,1580597248,20467712,N/A,135168,82202624,5,discern-interfa,S (sleeping),nginx2.bnsdq.ozxfs.laefh.kvugl,0.001364055169291623
1759265100,340,1,103,103,103,103,109,109,109,109,250974208,250974208,236257280,N/A,135168,243245056,1,dbus-daemon,S (sleeping),nginx2.bnsdq.ozxfs.laefh.kvugl,0.2991725845501128
1759265100,183,1,N/A,N/A,N/A,N/A,N/A,N/A,N/A,N/A,154570752,108335104,66879488,4096,135168,28184576,1,systemd-journal,S (sleeping),nginx2.bnsdq.ozxfs.laefh.kvugl,0.24467461086190284
1759265100,3275,1,N/A,N/A,N/A,N/A,N/A,N/A,N/A,N/A,1931149312,1931149312,53477376,N/A,135168,187768832,14,discern-network,S (sleeping),nginx2.bnsdq.ozxfs.laefh.kvugl,2.228494382530458
1759265100,102844,1,N/A,N/A,N/A,N/A,N/A,N/A,N/A,N/A,1264619520,1264619520,17170432,N/A,135168,45826048,4,discern-proc-so,R (running),nginx2.bnsdq.ozxfs.laefh.kvugl,2.6450328642024235
1759265100,80899,1,N/A,N/A,N/A,N/A,N/A,N/A,N/A,N/A,1647706112,1580597248,20467712,N/A,135168,82202624,5,discern-interfa,S (sleeping),nginx2.bnsdq.ozxfs.laefh.kvugl,0.0013608525564463448
1759265105,340,1,103,103,103,103,109,109,109,109,250974208,250974208,236257280,N/A,135168,243245056,1,dbus-daemon,S (sleeping),nginx2.bnsdq.ozxfs.laefh.kvugl,0.29910157115664915
1759265105,183,1,N/A,N/A,N/A,N/A,N/A,N/A,N/A,N/A,154570752,108335104,66879488,4096,135168,28184576,1,systemd-journal,S (sleeping),nginx2.bnsdq.ozxfs.laefh.kvugl,0.24464025796217934
1759265105,3275,1,N/A,N/A,N/A,N/A,N/A,N/A,N/A,N/A,1931149312,1931149312,53477376,N/A,135168,187768832,14,discern-network,S (sleeping),nginx2.bnsdq.ozxfs.laefh.kvugl,2.2285601812711504
1759265105,102844,1,N/A,N/A,N/A,N/A,N/A,N/A,N/A,N/A,1264619520,1264619520,17170432,N/A,135168,45826048,4,discern-proc-so,S (sleeping),nginx2.bnsdq.ozxfs.laefh.kvugl,2.645689119471163
1759265105,80899,1,N/A,N/A,N/A,N/A,N/A,N/A,N/A,N/A,1647706112,1580597248,20467712,N/A,135168,82202624,5,discern-interfa,S (sleeping),nginx2.bnsdq.ozxfs.laefh.kvugl,0.0013576713180659835
1759265110,340,1,103,103,103,103,109,109,109,109,250974208,250974208,236257280,N/A,135168,243245056,1,dbus-daemon,S (sleeping),nginx2.bnsdq.ozxfs.laefh.kvugl,0.29929117133532757
1759265110,183,1,N/A,N/A,N/A,N/A,N/A,N/A,N/A,N/A,154570752,108335104,66879488,4096,135168,28184576,1,systemd-journal,S (sleeping),nginx2.bnsdq.ozxfs.laefh.kvugl,0.2449964970485053
1759265110,3275,1,N/A,N/A,N/A,N/A,N/A,N/A,N/A,N/A,1931149312,1931149312,53477376,N/A,135168,187768832,14,discern-network,S (sleeping),nginx2.bnsdq.ozxfs.laefh.kvugl,2.2286279612125535
1759265110,102844,1,N/A,N/A,N/A,N/A,N/A,N/A,N/A,N/A,1264619520,1264619520,17170432,N/A,135168,45826048,4,discern-proc-so,R (running),nginx2.bnsdq.ozxfs.laefh.kvugl,2.644440188448525
1759265110,80899,1,N/A,N/A,N/A,N/A,N/A,N/A,N/A,N/A,1647706112,1580597248,20467712,N/A,135168,82202624,5,discern-interfa,S (sleeping),nginx2.bnsdq.ozxfs.laefh.kvugl,0.0013545091464059011
1759265116,340,1,103,103,103,103,109,109,109,109,250974208,250974208,236257280,N/A,135168,243245056,1,dbus-daemon,S (sleeping),nginx2.bnsdq.ozxfs.laefh.kvugl,0.299349323453394
1759265116,183,1,N/A,N/A,N/A,N/A,N/A,N/A,N/A,N/A,154570752,108335104,66879488,4096,135168,28184576,1,systemd-journal,S (sleeping),nginx2.bnsdq.ozxfs.laefh.kvugl,0.2450912647886001
1759265116,3275,1,N/A,N/A,N/A,N/A,N/A,N/A,N/A,N/A,1931149312,1931149312,53477376,N/A,135168,187768832,14,discern-network,S (sleeping),nginx2.bnsdq.ozxfs.laefh.kvugl,2.2286867061323226
1759265116,102844,1,N/A,N/A,N/A,N/A,N/A,N/A,N/A,N/A,1264619520,1264619520,17170432,N/A,135168,45826048,4,discern-proc-so,S (sleeping),nginx2.bnsdq.ozxfs.laefh.kvugl,2.646881919381197
1759265116,80899,1,N/A,N/A,N/A,N/A,N/A,N/A,N/A,N/A,1647706112,1580597248,20467712,N/A,135168,82202624,5,discern-interfa,S (sleeping),nginx2.bnsdq.ozxfs.laefh.kvugl,0.0013513434946573174
1759265121,340,1,103,103,103,103,109,109,109,109,250974208,250974208,236257280,N/A,135168,243245056,1,dbus-daemon,S (sleeping),nginx2.bnsdq.ozxfs.laefh.kvugl,0.2992786078645098
1759265121,183,1,N/A,N/A,N/A,N/A,N/A,N/A,N/A,N/A,154570752,108335104,66879488,4096,135168,28184576,1,systemd-journal,S (sleeping),nginx2.bnsdq.ozxfs.laefh.kvugl,0.2451868635945377
1759265121,3275,1,N/A,N/A,N/A,N/A,N/A,N/A,N/A,N/A,1931149312,1931149312,53477376,N/A,135168,187768832,14,discern-network,S (sleeping),nginx2.bnsdq.ozxfs.laefh.kvugl,2.2286200404673226
1759265121,102844,1,N/A,N/A,N/A,N/A,N/A,N/A,N/A,N/A,1264619520,1264619520,17170432,N/A,135168,45826048,4,discern-proc-so,S (sleeping),nginx2.bnsdq.ozxfs.laefh.kvugl,2.6456472806697957
1759265121,80899,1,N/A,N/A,N/A,N/A,N/A,N/A,N/A,N/A,1647706112,1580597248,20467712,N/A,135168,82202624,5,discern-interfa,S (sleeping),nginx2.bnsdq.ozxfs.laefh.kvugl,0.0013482108915498702
1759265126,340,1,103,103,103,103,109,109,109,109,250974208,250974208,236257280,N/A,135168,243245056,1,dbus-daemon,S (sleeping),nginx2.bnsdq.ozxfs.laefh.kvugl,0.299337212602369
1759265126,183,1,N/A,N/A,N/A,N/A,N/A,N/A,N/A,N/A,154570752,108335104,66879488,4096,135168,28184576,1,systemd-journal,S (sleeping),nginx2.bnsdq.ozxfs.laefh.kvugl,0.24528180453800358
1759265126,3275,1,N/A,N/A,N/A,N/A,N/A,N/A,N/A,N/A,1931149312,1931149312,53477376,N/A,135168,187768832,14,discern-network,S (sleeping),nginx2.bnsdq.ozxfs.laefh.kvugl,2.2285484793794534
1759265126,102844,1,N/A,N/A,N/A,N/A,N/A,N/A,N/A,N/A,1264619520,1264619520,17170432,N/A,135168,45826048,4,discern-proc-so,S (sleeping),nginx2.bnsdq.ozxfs.laefh.kvugl,2.6480966432449806
1759265126,80899,1,N/A,N/A,N/A,N/A,N/A,N/A,N/A,N/A,1647706112,1580597248,20467712,N/A,135168,82202624,5,discern-interfa,S (sleeping),nginx2.bnsdq.ozxfs.laefh.kvugl,0.001345082680140247
1759265131,340,1,103,103,103,103,109,109,109,109,250974208,250974208,236257280,N/A,135168,243245056,1,dbus-daemon,S (sleeping),nginx2.bnsdq.ozxfs.laefh.kvugl,0.2992663733354151
1759265131,183,1,N/A,N/A,N/A,N/A,N/A,N/A,N/A,N/A,154570752,108335104,66879488,4096,135168,28184576,1,systemd-journal,S (sleeping),nginx2.bnsdq.ozxfs.laefh.kvugl,0.2453769592557771
1759265131,3275,1,N/A,N/A,N/A,N/A,N/A,N/A,N/A,N/A,1931149312,1931149312,53477376,N/A,135168,187768832,14,discern-network,S (sleeping),nginx2.bnsdq.ozxfs.laefh.kvugl,2.2284801168648234
1759265131,102844,1,N/A,N/A,N/A,N/A,N/A,N/A,N/A,N/A,1264619520,1264619520,17170432,N/A,135168,45826048,4,discern-proc-so,S (sleeping),nginx2.bnsdq.ozxfs.laefh.kvugl,2.6468430710523205
1759265131,80899,1,N/A,N/A,N/A,N/A,N/A,N/A,N/A,N/A,1647706112,1580597248,20467712,N/A,135168,82202624,5,discern-interfa,S (sleeping),nginx2.bnsdq.ozxfs.laefh.kvugl,0.001341975215121853
1759265136,340,1,103,103,103,103,109,109,109,109,250974208,250974208,236257280,N/A,135168,243245056,1,dbus-daemon,S (sleeping),nginx2.bnsdq.ozxfs.laefh.kvugl,0.29945485868686533
1759265136,183,1,N/A,N/A,N/A,N/A,N/A,N/A,N/A,N/A,154570752,108335104,66879488,4096,135168,28184576,1,systemd-journal,S (sleeping),nginx2.bnsdq.ozxfs.laefh.kvugl,0.2457312103491158
1759265136,3275,1,N/A,N/A,N/A,N/A,N/A,N/A,N/A,N/A,1931149312,1931149312,53477376,N/A,135168,187768832,14,discern-network,S (sleeping),nginx2.bnsdq.ozxfs.laefh.kvugl,2.228410919774847
1759265136,102844,1,N/A,N/A,N/A,N/A,N/A,N/A,N/A,N/A,1264619520,1264619520,17170432,N/A,135168,45826048,4,discern-proc-so,R (running),nginx2.bnsdq.ozxfs.laefh.kvugl,2.641926354334812
1759265136,80899,1,N/A,N/A,N/A,N/A,N/A,N/A,N/A,N/A,1647706112,1580597248,20467712,N/A,135168,82202624,5,discern-interfa,S (sleeping),nginx2.bnsdq.ozxfs.laefh.kvugl,0.0013388802111447481
1759265141,340,1,103,103,103,103,109,109,109,109,250974208,250974208,236257280,N/A,135168,243245056,1,dbus-daemon,S (sleeping),nginx2.bnsdq.ozxfs.laefh.kvugl,0.29938666597620195
1759265141,183,1,N/A,N/A,N/A,N/A,N/A,N/A,N/A,N/A,154570752,108335104,66879488,4096,135168,28184576,1,systemd-journal,S (sleeping),nginx2.bnsdq.ozxfs.laefh.kvugl,0.24569850703708285
1759265141,3275,1,N/A,N/A,N/A,N/A,N/A,N/A,N/A,N/A,1931149312,1931149312,53477376,N/A,135168,187768832,14,discern-network,S (sleeping),nginx2.bnsdq.ozxfs.laefh.kvugl,2.228095121427814
1759265141,102844,1,N/A,N/A,N/A,N/A,N/A,N/A,N/A,N/A,1264619520,1264619520,17170432,N/A,135168,45826048,4,discern-proc-so,R (running),nginx2.bnsdq.ozxfs.laefh.kvugl,2.630167869448142
1759265141,80899,1,N/A,N/A,N/A,N/A,N/A,N/A,N/A,N/A,1647706112,1580597248,20467712,N/A,135168,82202624,5,discern-interfa,S (sleeping),nginx2.bnsdq.ozxfs.laefh.kvugl,0.0013358418136646005
1759265146,340,1,103,103,103,103,109,109,109,109,250974208,250974208,236257280,N/A,135168,243245056,1,dbus-daemon,S (sleeping),nginx2.bnsdq.ozxfs.laefh.kvugl,0.299445517296784
1759265146,183,1,N/A,N/A,N/A,N/A,N/A,N/A,N/A,N/A,154570752,108335104,66879488,4096,135168,28184576,1,systemd-journal,S (sleeping),nginx2.bnsdq.ozxfs.laefh.kvugl,0.24579324518525816
1759265146,3275,1,N/A,N/A,N/A,N/A,N/A,N/A,N/A,N/A,1931149312,1931149312,53477376,N/A,135168,187768832,14,discern-network,S (sleeping),nginx2.bnsdq.ozxfs.laefh.kvugl,2.2280278078373983
1759265146,102844,1,N/A,N/A,N/A,N/A,N/A,N/A,N/A,N/A,1264619520,1264619520,17170432,N/A,135168,45826048,4,discern-proc-so,R (running),nginx2.bnsdq.ozxfs.laefh.kvugl,2.630927342198222
1759265146,80899,1,N/A,N/A,N/A,N/A,N/A,N/A,N/A,N/A,1647706112,1580597248,20467712,N/A,135168,82202624,5,discern-interfa,S (sleeping),nginx2.bnsdq.ozxfs.laefh.kvugl,0.00133277800507026
1759265152,340,1,103,103,103,103,109,109,109,109,250974208,250974208,236257280,N/A,135168,243245056,1,dbus-daemon,S (sleeping),nginx2.bnsdq.ozxfs.laefh.kvugl,0.29924473671571306
1759265152,183,1,N/A,N/A,N/A,N/A,N/A,N/A,N/A,N/A,154570752,108335104,66879488,4096,135168,28184576,1,systemd-journal,S (sleeping),nginx2.bnsdq.ozxfs.laefh.kvugl,0.24601670292562436
1759265152,3275,1,N/A,N/A,N/A,N/A,N/A,N/A,N/A,N/A,1931149312,1931149312,53477376,N/A,135168,187768832,14,discern-network,S (sleeping),nginx2.bnsdq.ozxfs.laefh.kvugl,2.2282228280681697
1759265152,102844,1,N/A,N/A,N/A,N/A,N/A,N/A,N/A,N/A,1264619520,1264619520,17170432,N/A,135168,45826048,4,discern-proc-so,S (sleeping),nginx2.bnsdq.ozxfs.laefh.kvugl,2.6351592431252078
1759265152,80899,1,N/A,N/A,N/A,N/A,N/A,N/A,N/A,N/A,1647706112,1580597248,20467712,N/A,135168,82202624,5,discern-interfa,S (sleeping),nginx2.bnsdq.ozxfs.laefh.kvugl,0.0013297176025981409
1759265157,340,1,103,103,103,103,109,109,109,109,250974208,250974208,236257280,N/A,135168,243245056,1,dbus-daemon,S (sleeping),nginx2.bnsdq.ozxfs.laefh.kvugl,0.2993039266563993
1759265157,183,1,N/A,N/A,N/A,N/A,N/A,N/A,N/A,N/A,154570752,108335104,66879488,4096,135168,28184576,1,systemd-journal,S (sleeping),nginx2.bnsdq.ozxfs.laefh.kvugl,0.24598203874503885
1759265157,3275,1,N/A,N/A,N/A,N/A,N/A,N/A,N/A,N/A,1931149312,1931149312,53477376,N/A,135168,187768832,14,discern-network,S (sleeping),nginx2.bnsdq.ozxfs.laefh.kvugl,2.228291744274412
1759265157,102844,1,N/A,N/A,N/A,N/A,N/A,N/A,N/A,N/A,1264619520,1264619520,17170432,N/A,135168,45826048,4,discern-proc-so,S (sleeping),nginx2.bnsdq.ozxfs.laefh.kvugl,2.6358988283843168
1759265157,80899,1,N/A,N/A,N/A,N/A,N/A,N/A,N/A,N/A,1647706112,1580597248,20467712,N/A,135168,82202624,5,discern-interfa,S (sleeping),nginx2.bnsdq.ozxfs.laefh.kvugl,0.001326686825778913
1759265162,340,1,103,103,103,103,109,109,109,109,250974208,250974208,236257280,N/A,135168,243245056,1,dbus-daemon,S (sleeping),nginx2.bnsdq.ozxfs.laefh.kvugl,0.2994875928979992
1759265162,183,1,N/A,N/A,N/A,N/A,N/A,N/A,N/A,N/A,154570752,116723712,66879488,4096,135168,28184576,1,systemd-journal,S (sleeping),nginx2.bnsdq.ozxfs.laefh.kvugl,0.2463312776767168
1759265162,3275,1,N/A,N/A,N/A,N/A,N/A,N/A,N/A,N/A,1931149312,1931149312,53477376,N/A,135168,187768832,14,discern-network,S (sleeping),nginx2.bnsdq.ozxfs.laefh.kvugl,2.2281907356860944
1759265162,102844,1,N/A,N/A,N/A,N/A,N/A,N/A,N/A,N/A,1264619520,1264619520,17170432,N/A,135168,45826048,4,discern-proc-so,R (running),nginx2.bnsdq.ozxfs.laefh.kvugl,2.636062737322853
1759265162,80899,1,N/A,N/A,N/A,N/A,N/A,N/A,N/A,N/A,1647706112,1580597248,20467712,N/A,135168,82202624,5,discern-interfa,S (sleeping),nginx2.bnsdq.ozxfs.laefh.kvugl,0.0013235987151072979
1759265167,340,1,103,103,103,103,109,109,109,109,250974208,250974208,236257280,N/A,135168,243245056,1,dbus-daemon,S (sleeping),nginx2.bnsdq.ozxfs.laefh.kvugl,0.29941601912287646
1759265167,183,1,N/A,N/A,N/A,N/A,N/A,N/A,N/A,N/A,154570752,116723712,66879488,4096,135168,28184576,1,systemd-journal,S (sleeping),nginx2.bnsdq.ozxfs.laefh.kvugl,0.2462953391467635
1759265167,3275,1,N/A,N/A,N/A,N/A,N/A,N/A,N/A,N/A,1931149312,1931149312,53477376,N/A,135168,187768832,14,discern-network,S (sleeping),nginx2.bnsdq.ozxfs.laefh.kvugl,2.228249147590626
1759265167,102844,1,N/A,N/A,N/A,N/A,N/A,N/A,N/A,N/A,1264619520,1264619520,17170432,N/A,135168,45826048,4,discern-proc-so,R (running),nginx2.bnsdq.ozxfs.laefh.kvugl,2.6314095378165803
1759265167,80899,1,N/A,N/A,N/A,N/A,N/A,N/A,N/A,N/A,1647706112,1580597248,20467712,N/A,135168,82202624,5,discern-interfa,S (sleeping),nginx2.bnsdq.ozxfs.laefh.kvugl,0.00132057529698668
1759265172,340,1,103,103,103,103,109,109,109,109,250974208,250974208,236257280,N/A,135168,243245056,1,dbus-daemon,S (sleeping),nginx2.bnsdq.ozxfs.laefh.kvugl,0.2994748253272998
1759265172,183,1,N/A,N/A,N/A,N/A,N/A,N/A,N/A,N/A,154570752,116723712,66879488,4096,135168,28184576,1,systemd-journal,S (sleeping),nginx2.bnsdq.ozxfs.laefh.kvugl,0.24664763740468626
1759265172,3275,1,N/A,N/A,N/A,N/A,N/A,N/A,N/A,N/A,1931149312,1931149312,53477376,N/A,135168,187768832,14,discern-network,S (sleeping),nginx2.bnsdq.ozxfs.laefh.kvugl,2.2283167055613666
1759265172,102844,1,N/A,N/A,N/A,N/A,N/A,N/A,N/A,N/A,1264619520,1264619520,17170432,N/A,135168,45826048,4,discern-proc-so,R (running),nginx2.bnsdq.ozxfs.laefh.kvugl,2.6304227518658085
1759265172,80899,1,N/A,N/A,N/A,N/A,N/A,N/A,N/A,N/A,1647706112,1580597248,20467712,N/A,135168,82202624,5,discern-interfa,S (sleeping),nginx2.bnsdq.ozxfs.laefh.kvugl,0.0013175836287174355
1759265178,340,1,103,103,103,103,109,109,109,109,250974208,250974208,236257280,N/A,135168,243245056,1,dbus-daemon,S (sleeping),nginx2.bnsdq.ozxfs.laefh.kvugl,0.29953300156553403
1759265178,183,1,N/A,N/A,N/A,N/A,N/A,N/A,N/A,N/A,154570752,116723712,66879488,4096,135168,28184576,1,systemd-journal,S (sleeping),nginx2.bnsdq.ozxfs.laefh.kvugl,0.24674104934824323
1759265178,3275,1,N/A,N/A,N/A,N/A,N/A,N/A,N/A,N/A,1931149312,1931149312,53477376,N/A,135168,187768832,14,discern-network,S (sleeping),nginx2.bnsdq.ozxfs.laefh.kvugl,2.2283799287924206
1759265178,102844,1,N/A,N/A,N/A,N/A,N/A,N/A,N/A,N/A,1264619520,1264619520,17170432,N/A,135168,45826048,4,discern-proc-so,S (sleeping),nginx2.bnsdq.ozxfs.laefh.kvugl,2.6328018794050565
1759265178,80899,1,N/A,N/A,N/A,N/A,N/A,N/A,N/A,N/A,1647706112,1580597248,20467712,N/A,135168,82202624,5,discern-interfa,S (sleeping),nginx2.bnsdq.ozxfs.laefh.kvugl,0.0013145972607593013
1759265183,340,1,103,103,103,103,109,109,109,109,250974208,250974208,236257280,N/A,135168,243245056,1,dbus-daemon,S (sleeping),nginx2.bnsdq.ozxfs.laefh.kvugl,0.2994628109522858
1759265183,183,1,N/A,N/A,N/A,N/A,N/A,N/A,N/A,N/A,154570752,116723712,66879488,4096,135168,28184576,1,systemd-journal,S (sleeping),nginx2.bnsdq.ozxfs.laefh.kvugl,0.24670595492686567
1759265183,3275,1,N/A,N/A,N/A,N/A,N/A,N/A,N/A,N/A,1931149312,1931149312,53477376,N/A,135168,187768832,14,discern-network,S (sleeping),nginx2.bnsdq.ozxfs.laefh.kvugl,2.2281813724180632
1759265183,102844,1,N/A,N/A,N/A,N/A,N/A,N/A,N/A,N/A,1264619520,1264619520,17170432,N/A,135168,45826048,4,discern-proc-so,R (running),nginx2.bnsdq.ozxfs.laefh.kvugl,2.631828398013284
1759265183,80899,1,N/A,N/A,N/A,N/A,N/A,N/A,N/A,N/A,1647706112,1580597248,20467712,N/A,135168,82202624,5,discern-interfa,S (sleeping),nginx2.bnsdq.ozxfs.laefh.kvugl,0.0013116336239088731
1759265188,340,1,103,103,103,103,109,109,109,109,250974208,250974208,236257280,N/A,135168,243245056,1,dbus-daemon,S (sleeping),nginx2.bnsdq.ozxfs.laefh.kvugl,0.29952074133168816
1759265188,183,1,N/A,N/A,N/A,N/A,N/A,N/A,N/A,N/A,154570752,116723712,66879488,4096,135168,28184576,1,systemd-journal,S (sleeping),nginx2.bnsdq.ozxfs.laefh.kvugl,0.24692786835070718
1759265188,3275,1,N/A,N/A,N/A,N/A,N/A,N/A,N/A,N/A,1931149312,1931149312,53477376,N/A,135168,187768832,14,discern-network,S (sleeping),nginx2.bnsdq.ozxfs.laefh.kvugl,2.2283763982410756
1759265188,102844,1,N/A,N/A,N/A,N/A,N/A,N/A,N/A,N/A,1264619520,1264619520,17170432,N/A,135168,45826048,4,discern-proc-so,S (sleeping),nginx2.bnsdq.ozxfs.laefh.kvugl,2.6358107000012945
1759265188,80899,1,N/A,N/A,N/A,N/A,N/A,N/A,N/A,N/A,1647706112,1580597248,20467712,N/A,135168,82202624,5,discern-interfa,S (sleeping),nginx2.bnsdq.ozxfs.laefh.kvugl,0.0013086715387274589
1759265193,340,1,103,103,103,103,109,109,109,109,250974208,250974208,236257280,N/A,135168,243245056,1,dbus-daemon,S (sleeping),nginx2.bnsdq.ozxfs.laefh.kvugl,0.29945067389021146
1759265193,183,1,N/A,N/A,N/A,N/A,N/A,N/A,N/A,N/A,154570752,116723712,66879488,4096,135168,28184576,1,systemd-journal,S (sleeping),nginx2.bnsdq.ozxfs.laefh.kvugl,0.24702143765233892
1759265193,3275,1,N/A,N/A,N/A,N/A,N/A,N/A,N/A,N/A,1931149312,1931149312,53477376,N/A,135168,187768832,14,discern-network,S (sleeping),nginx2.bnsdq.ozxfs.laefh.kvugl,2.2283113308381965
1759265193,102844,1,N/A,N/A,N/A,N/A,N/A,N/A,N/A,N/A,1264619520,1264619520,17170432,N/A,135168,45826048,4,discern-proc-so,R (running),nginx2.bnsdq.ozxfs.laefh.kvugl,2.6348304284182547
1759265193,80899,1,N/A,N/A,N/A,N/A,N/A,N/A,N/A,N/A,1647706112,1580597248,20467712,N/A,135168,82202624,5,discern-interfa,S (sleeping),nginx2.bnsdq.ozxfs.laefh.kvugl,0.001305734831670089
1759265198,340,1,103,103,103,103,109,109,109,109,250974208,250974208,236257280,N/A,135168,243245056,1,dbus-daemon,S (sleeping),nginx2.bnsdq.ozxfs.laefh.kvugl,0.29963820282115117
1759265198,183,1,N/A,N/A,N/A,N/A,N/A,N/A,N/A,N/A,154570752,116723712,66879488,4096,135168,28184576,1,systemd-journal,S (sleeping),nginx2.bnsdq.ozxfs.laefh.kvugl,0.24737231999550605
1759265198,3275,1,N/A,N/A,N/A,N/A,N/A,N/A,N/A,N/A,1931149312,1931149312,53477376,N/A,135168,187768832,14,discern-network,S (sleeping),nginx2.bnsdq.ozxfs.laefh.kvugl,2.2285137743516885
1759265198,102844,1,N/A,N/A,N/A,N/A,N/A,N/A,N/A,N/A,1264619520,1264619520,17170432,N/A,135168,45826048,4,discern-proc-so,S (sleeping),nginx2.bnsdq.ozxfs.laefh.kvugl,2.6355368988166026
1759265198,80899,1,N/A,N/A,N/A,N/A,N/A,N/A,N/A,N/A,1647706112,1580597248,20467712,N/A,135168,82202624,5,discern-interfa,S (sleeping),nginx2.bnsdq.ozxfs.laefh.kvugl,0.0013028141255161708
1759265203,340,1,103,103,103,103,109,109,109,109,250974208,250974208,236257280,N/A,135168,243245056,1,dbus-daemon,S (sleeping),nginx2.bnsdq.ozxfs.laefh.kvugl,0.29969584021531576
1759265203,183,1,N/A,N/A,N/A,N/A,N/A,N/A,N/A,N/A,154570752,116723712,66879488,4096,135168,28184576,1,systemd-journal,S (sleeping),nginx2.bnsdq.ozxfs.laefh.kvugl,0.24746474462172569
1759265203,3275,1,N/A,N/A,N/A,N/A,N/A,N/A,N/A,N/A,1931149312,1931149312,53477376,N/A,135168,187768832,14,discern-network,S (sleeping),nginx2.bnsdq.ozxfs.laefh.kvugl,2.228707701538893
1759265203,102844,1,N/A,N/A,N/A,N/A,N/A,N/A,N/A,N/A,1264619520,1264619520,17170432,N/A,135168,45826048,4,discern-proc-so,R (running),nginx2.bnsdq.ozxfs.laefh.kvugl,2.6377456344943875
1759265203,80899,1,N/A,N/A,N/A,N/A,N/A,N/A,N/A,N/A,1647706112,1580597248,20467712,N/A,135168,82202624,5,discern-interfa,S (sleeping),nginx2.bnsdq.ozxfs.laefh.kvugl,0.0012998907560733527
1759265209,340,1,103,103,103,103,109,109,109,109,250974208,250974208,236257280,N/A,135168,243245056,1,dbus-daemon,S (sleeping),nginx2.bnsdq.ozxfs.laefh.kvugl,0.29962571433486024
1759265209,183,1,N/A,N/A,N/A,N/A,N/A,N/A,N/A,N/A,154570752,116723712,66879488,4096,135168,28184576,1,systemd-journal,S (sleeping),nginx2.bnsdq.ozxfs.laefh.kvugl,0.2475577042065816
1759265209,3275,1,N/A,N/A,N/A,N/A,N/A,N/A,N/A,N/A,1931149312,1931149312,53477376,N/A,135168,187768832,14,discern-network,S (sleeping),nginx2.bnsdq.ozxfs.laefh.kvugl,2.2286419150208228
1759265209,102844,1,N/A,N/A,N/A,N/A,N/A,N/A,N/A,N/A,1264619520,1264619520,17170432,N/A,135168,45826048,4,discern-proc-so,S (sleeping),nginx2.bnsdq.ozxfs.laefh.kvugl,2.6383857638626558
1759265209,80899,1,N/A,N/A,N/A,N/A,N/A,N/A,N/A,N/A,1647706112,1580597248,20467712,N/A,135168,82202624,5,discern-interfa,S (sleeping),nginx2.bnsdq.ozxfs.laefh.kvugl,0.0012969921564019427
1759265214,340,1,103,103,103,103,109,109,109,109,250974208,250974208,236257280,N/A,135168,243245056,1,dbus-daemon,S (sleeping),nginx2.bnsdq.ozxfs.laefh.kvugl,0.29955491196188033
1759265214,183,1,N/A,N/A,N/A,N/A,N/A,N/A,N/A,N/A,154570752,116723712,66879488,4096,135168,28184576,1,systemd-journal,S (sleeping),nginx2.bnsdq.ozxfs.laefh.kvugl,0.24764990696202618
1759265214,3275,1,N/A,N/A,N/A,N/A,N/A,N/A,N/A,N/A,1931149312,1931149312,53477376,N/A,135168,187768832,14,discern-network,S (sleeping),nginx2.bnsdq.ozxfs.laefh.kvugl,2.2285703028554034
1759265214,102844,1,N/A,N/A,N/A,N/A,N/A,N/A,N/A,N/A,1264619520,1264619520,17170432,N/A,135168,45826048,4,discern-proc-so,S (sleeping),nginx2.bnsdq.ozxfs.laefh.kvugl,2.6405372578551485
1759265214,80899,1,N/A,N/A,N/A,N/A,N/A,N/A,N/A,N/A,1647706112,1580597248,20467712,N/A,135168,82202624,5,discern-interfa,S (sleeping),nginx2.bnsdq.ozxfs.laefh.kvugl,0.0012940952385593649
1759265219,340,1,103,103,103,103,109,109,109,109,250974208,250974208,236257280,N/A,135168,243245056,1,dbus-daemon,S (sleeping),nginx2.bnsdq.ozxfs.laefh.kvugl,0.29961326293191315
1759265219,183,1,N/A,N/A,N/A,N/A,N/A,N/A,N/A,N/A,154570752,116723712,66879488,4096,135168,28184576,1,systemd-journal,S (sleeping),nginx2.bnsdq.ozxfs.laefh.kvugl,0.2477426022404382
1759265219,3275,1,N/A,N/A,N/A,N/A,N/A,N/A,N/A,N/A,1931149312,1931149312,53477376,N/A,135168,187768832,14,discern-network,S (sleeping),nginx2.bnsdq.ozxfs.laefh.kvugl,2.2283719464554106
1759265219,102844,1,N/A,N/A,N/A,N/A,N/A,N/A,N/A,N/A,1264619520,1264619520,17170432,N/A,135168,45826048,4,discern-proc-so,R (running),nginx2.bnsdq.ozxfs.laefh.kvugl,2.6395474731664477
1759265219,80899,1,N/A,N/A,N/A,N/A,N/A,N/A,N/A,N/A,1647706112,1580597248,20467712,N/A,135168,82202624,5,discern-interfa,S (sleeping),nginx2.bnsdq.ozxfs.laefh.kvugl,0.0012912220671753983
1759265224,340,1,103,103,103,103,109,109,109,109,250974208,250974208,236257280,N/A,135168,243245056,1,dbus-daemon,S (sleeping),nginx2.bnsdq.ozxfs.laefh.kvugl,0.2998000190437775
1759265224,183,1,N/A,N/A,N/A,N/A,N/A,N/A,N/A,N/A,154570752,116723712,66879488,4096,135168,28184576,1,systemd-journal,S (sleeping),nginx2.bnsdq.ozxfs.laefh.kvugl,0.24809180980345125
1759265224,3275,1,N/A,N/A,N/A,N/A,N/A,N/A,N/A,N/A,1931149312,1931149312,53477376,N/A,135168,187768832,14,discern-network,S (sleeping),nginx2.bnsdq.ozxfs.laefh.kvugl,2.2284408030602743
1759265224,102844,1,N/A,N/A,N/A,N/A,N/A,N/A,N/A,N/A,1264619520,1264619520,17170432,N/A,135168,45826048,4,discern-proc-so,R (running),nginx2.bnsdq.ozxfs.laefh.kvugl,2.638600932579117
1759265224,80899,1,N/A,N/A,N/A,N/A,N/A,N/A,N/A,N/A,1647706112,1580597248,20467712,N/A,135168,82202624,5,discern-interfa,S (sleeping),nginx2.bnsdq.ozxfs.laefh.kvugl,0.0012883652167354346
1759265229,340,1,103,103,103,103,109,109,109,109,250974208,250974208,236257280,N/A,135168,243245056,1,dbus-daemon,S (sleeping),nginx2.bnsdq.ozxfs.laefh.kvugl,0.29972997129124823
1759265229,183,1,N/A,N/A,N/A,N/A,N/A,N/A,N/A,N/A,154570752,116723712,66879488,4096,135168,28184576,1,systemd-journal,S (sleeping),nginx2.bnsdq.ozxfs.laefh.kvugl,0.2481840780465336
1759265229,3275,1,N/A,N/A,N/A,N/A,N/A,N/A,N/A,N/A,1931149312,1931149312,53477376,N/A,135168,187768832,14,discern-network,S (sleeping),nginx2.bnsdq.ozxfs.laefh.kvugl,2.228375091953493
1759265229,102844,1,N/A,N/A,N/A,N/A,N/A,N/A,N/A,N/A,1264619520,1264619520,17170432,N/A,135168,45826048,4,discern-proc-so,S (sleeping),nginx2.bnsdq.ozxfs.laefh.kvugl,2.6392090656855856
1759265229,80899,1,N/A,N/A,N/A,N/A,N/A,N/A,N/A,N/A,1647706112,1580597248,20467712,N/A,135168,82202624,5,discern-interfa,S (sleeping),nginx2.bnsdq.ozxfs.laefh.kvugl,0.001285517148988
1759265234,340,1,103,103,103,103,109,109,109,109,250974208,250974208,236257280,N/A,135168,243245056,1,dbus-daemon,S (sleeping),nginx2.bnsdq.ozxfs.laefh.kvugl,0.2997880430181499
1759265234,183,1,N/A,N/A,N/A,N/A,N/A,N/A,N/A,N/A,154570752,116723712,66879488,4096,135168,28184576,1,systemd-journal,S (sleeping),nginx2.bnsdq.ozxfs.laefh.kvugl,0.24814815387840383
1759265234,3275,1,N/A,N/A,N/A,N/A,N/A,N/A,N/A,N/A,1931149312,1931149312,53477376,N/A,135168,187768832,14,discern-network,S (sleeping),nginx2.bnsdq.ozxfs.laefh.kvugl,2.2284415488128704
1759265234,102844,1,N/A,N/A,N/A,N/A,N/A,N/A,N/A,N/A,1264619520,1264619520,17170432,N/A,135168,45826048,4,discern-proc-so,S (sleeping),nginx2.bnsdq.ozxfs.laefh.kvugl,2.6382484131454813
1759265234,80899,1,N/A,N/A,N/A,N/A,N/A,N/A,N/A,N/A,1647706112,1580597248,20467712,N/A,135168,82202624,5,discern-interfa,S (sleeping),nginx2.bnsdq.ozxfs.laefh.kvugl,0.001282681187699664
1759265240,340,1,103,103,103,103,109,109,109,109,250974208,250974208,236257280,N/A,135168,243245056,1,dbus-daemon,S (sleeping),nginx2.bnsdq.ozxfs.laefh.kvugl,0.29984591254305054
1759265240,183,1,N/A,N/A,N/A,N/A,N/A,N/A,N/A,N/A,154570752,116723712,66879488,4096,135168,28184576,1,systemd-journal,S (sleeping),nginx2.bnsdq.ozxfs.laefh.kvugl,0.24836809077375413
1759265240,3275,1,N/A,N/A,N/A,N/A,N/A,N/A,N/A,N/A,1931149312,1931149312,53477376,N/A,135168,187768832,14,discern-network,S (sleeping),nginx2.bnsdq.ozxfs.laefh.kvugl,2.2283746942813103
1759265240,102844,1,N/A,N/A,N/A,N/A,N/A,N/A,N/A,N/A,1264619520,1264619520,17170432,N/A,135168,45826048,4,discern-proc-so,S (sleeping),nginx2.bnsdq.ozxfs.laefh.kvugl,2.637289455953009
1759265240,80899,1,N/A,N/A,N/A,N/A,N/A,N/A,N/A,N/A,1647706112,1580597248,20467712,N/A,135168,82202624,5,discern-interfa,S (sleeping),nginx2.bnsdq.ozxfs.laefh.kvugl,0.001279855886081711
1759265245,340,1,103,103,103,103,109,109,109,109,250974208,250974208,236257280,N/A,135168,243245056,1,dbus-daemon,S (sleeping),nginx2.bnsdq.ozxfs.laefh.kvugl,0.2997763271225937
1759265245,183,1,N/A,N/A,N/A,N/A,N/A,N/A,N/A,N/A,154570752,116723712,66879488,4096,135168,28184576,1,systemd-journal,S (sleeping),nginx2.bnsdq.ozxfs.laefh.kvugl,0.2483324062792136
1759265245,3275,1,N/A,N/A,N/A,N/A,N/A,N/A,N/A,N/A,1931149312,1931149312,53477376,N/A,135168,187768832,14,discern-network,S (sleeping),nginx2.bnsdq.ozxfs.laefh.kvugl,2.228443917159622
1759265245,102844,1,N/A,N/A,N/A,N/A,N/A,N/A,N/A,N/A,1264619520,1264619520,17170432,N/A,135168,45826048,4,discern-proc-so,S (sleeping),nginx2.bnsdq.ozxfs.laefh.kvugl,2.634866878605512
1759265245,80899,1,N/A,N/A,N/A,N/A,N/A,N/A,N/A,N/A,1647706112,1580597248,20467712,N/A,135168,82202624,5,discern-interfa,S (sleeping),nginx2.bnsdq.ozxfs.laefh.kvugl,0.0012770500249535347
1759265250,340,1,103,103,103,103,109,109,109,109,250974208,250974208,236257280,N/A,135168,243245056,1,dbus-daemon,S (sleeping),nginx2.bnsdq.ozxfs.laefh.kvugl,0.29996045604581995
1759265250,183,1,N/A,N/A,N/A,N/A,N/A,N/A,N/A,N/A,154570752,116723712,66879488,4096,135168,28184576,1,systemd-journal,S (sleeping),nginx2.bnsdq.ozxfs.laefh.kvugl,0.248678502439639
1759265250,3275,1,N/A,N/A,N/A,N/A,N/A,N/A,N/A,N/A,1931149312,1931149312,53477376,N/A,135168,187768832,14,discern-network,S (sleeping),nginx2.bnsdq.ozxfs.laefh.kvugl,2.228365931854753
1759265250,102844,1,N/A,N/A,N/A,N/A,N/A,N/A,N/A,N/A,1264619520,1264619520,17170432,N/A,135168,45826048,4,discern-proc-so,R (running),nginx2.bnsdq.ozxfs.laefh.kvugl,2.636835080189222
1759265250,80899,1,N/A,N/A,N/A,N/A,N/A,N/A,N/A,N/A,1647706112,1580597248,20467712,N/A,135168,82202624,5,discern-interfa,S (sleeping),nginx2.bnsdq.ozxfs.laefh.kvugl,0.0012742288584442678
1759265255,340,1,103,103,103,103,109,109,109,109,250974208,250974208,236257280,N/A,135168,243245056,1,dbus-daemon,S (sleeping),nginx2.bnsdq.ozxfs.laefh.kvugl,0.29988939755089244
1759265255,183,1,N/A,N/A,N/A,N/A,N/A,N/A,N/A,N/A,154570752,116723712,66879488,4096,135168,28184576,1,systemd-journal,S (sleeping),nginx2.bnsdq.ozxfs.laefh.kvugl,0.24889684289816488
1759265255,3275,1,N/A,N/A,N/A,N/A,N/A,N/A,N/A,N/A,1931149312,1931149312,53477376,N/A,135168,187768832,14,discern-network,S (sleeping),nginx2.bnsdq.ozxfs.laefh.kvugl,2.22842374676988
1759265255,102844,1,N/A,N/A,N/A,N/A,N/A,N/A,N/A,N/A,1264619520,1264619520,17170432,N/A,135168,45826048,4,discern-proc-so,R (running),nginx2.bnsdq.ozxfs.laefh.kvugl,2.635808479376266
1759265255,80899,1,N/A,N/A,N/A,N/A,N/A,N/A,N/A,N/A,1647706112,1580597248,20467712,N/A,135168,82202624,5,discern-interfa,S (sleeping),nginx2.bnsdq.ozxfs.laefh.kvugl,0.0012714269250561085
1759265260,340,1,103,103,103,103,109,109,109,109,250974208,250974208,236257280,N/A,135168,243245056,1,dbus-daemon,S (sleeping),nginx2.bnsdq.ozxfs.laefh.kvugl,0.29994707549798344
1759265260,183,1,N/A,N/A,N/A,N/A,N/A,N/A,N/A,N/A,154570752,116723712,66879488,4096,135168,28184576,1,systemd-journal,S (sleeping),nginx2.bnsdq.ozxfs.laefh.kvugl,0.24898810753117645
1759265260,3275,1,N/A,N/A,N/A,N/A,N/A,N/A,N/A,N/A,1931149312,1931149312,53477376,N/A,135168,187768832,14,discern-network,S (sleeping),nginx2.bnsdq.ozxfs.laefh.kvugl,2.228357314071345
1759265260,102844,1,N/A,N/A,N/A,N/A,N/A,N/A,N/A,N/A,1264619520,1264619520,17170432,N/A,135168,45826048,4,discern-proc-so,R (running),nginx2.bnsdq.ozxfs.laefh.kvugl,2.6363965114003594
1759265260,80899,1,N/A,N/A,N/A,N/A,N/A,N/A,N/A,N/A,1647706112,1580597248,20467712,N/A,135168,82202624,5,discern-interfa,S (sleeping),nginx2.bnsdq.ozxfs.laefh.kvugl,0.0012686513457778798
1759265265,340,1,103,103,103,103,109,109,109,109,250974208,250974208,236257280,N/A,135168,243245056,1,dbus-daemon,S (sleeping),nginx2.bnsdq.ozxfs.laefh.kvugl,0.3000040635491478
1759265265,183,1,N/A,N/A,N/A,N/A,N/A,N/A,N/A,N/A,154570752,116723712,66879488,4096,135168,28184576,1,systemd-journal,S (sleeping),nginx2.bnsdq.ozxfs.laefh.kvugl,0.24907874320371007
1759265265,3275,1,N/A,N/A,N/A,N/A,N/A,N/A,N/A,N/A,1931149312,1931149312,53477376,N/A,135168,187768832,14,discern-network,S (sleeping),nginx2.bnsdq.ozxfs.laefh.kvugl,2.2281544770308033
1759265265,102844,1,N/A,N/A,N/A,N/A,N/A,N/A,N/A,N/A,1264619520,1264619520,17170432,N/A,135168,45826048,4,discern-proc-so,R (running),nginx2.bnsdq.ozxfs.laefh.kvugl,2.638396734461701
1759265265,80899,1,N/A,N/A,N/A,N/A,N/A,N/A,N/A,N/A,1647706112,1580597248,20467712,N/A,135168,82202624,5,discern-interfa,S (sleeping),nginx2.bnsdq.ozxfs.laefh.kvugl,0.0012658792908393464
1759265271,340,1,103,103,103,103,109,109,109,109,250974208,250974208,236257280,N/A,135168,243245056,1,dbus-daemon,S (sleeping),nginx2.bnsdq.ozxfs.laefh.kvugl,0.30006219119411753
1759265271,183,1,N/A,N/A,N/A,N/A,N/A,N/A,N/A,N/A,154570752,120987648,66879488,4096,135168,28184576,1,systemd-journal,S (sleeping),nginx2.bnsdq.ozxfs.laefh.kvugl,0.2491702671718436
1759265271,3275,1,N/A,N/A,N/A,N/A,N/A,N/A,N/A,N/A,1931149312,1931149312,53477376,N/A,135168,187768832,14,discern-network,S (sleeping),nginx2.bnsdq.ozxfs.laefh.kvugl,2.2280929297741188
1759265271,102844,1,N/A,N/A,N/A,N/A,N/A,N/A,N/A,N/A,1264619520,1264619520,17170432,N/A,135168,45826048,4,discern-proc-so,S (sleeping),nginx2.bnsdq.ozxfs.laefh.kvugl,2.637544528228163
1759265271,80899,1,N/A,N/A,N/A,N/A,N/A,N/A,N/A,N/A,1647706112,1580597248,20467712,N/A,135168,82202624,5,discern-interfa,S (sleeping),nginx2.bnsdq.ozxfs.laefh.kvugl,0.001263136213147874
1759265276,340,1,103,103,103,103,109,109,109,109,250974208,250974208,236257280,N/A,135168,243245056,1,dbus-daemon,S (sleeping),nginx2.bnsdq.ozxfs.laefh.kvugl,0.3001094839414394
1759265276,183,1,N/A,N/A,N/A,N/A,N/A,N/A,N/A,N/A,154570752,129376256,66879488,4096,135168,28184576,1,systemd-journal,S (sleeping),nginx2.bnsdq.ozxfs.laefh.kvugl,0.24938009898137958
1759265276,3275,1,N/A,N/A,N/A,N/A,N/A,N/A,N/A,N/A,1931149312,1931149312,53477376,N/A,135168,187768832,14,discern-network,S (sleeping),nginx2.bnsdq.ozxfs.laefh.kvugl,2.227817290038354
1759265276,102844,1,N/A,N/A,N/A,N/A,N/A,N/A,N/A,N/A,1264619520,1264619520,17170432,N/A,135168,45826048,4,discern-proc-so,S (sleeping),nginx2.bnsdq.ozxfs.laefh.kvugl,2.637080985636117
1759265276,80899,1,N/A,N/A,N/A,N/A,N/A,N/A,N/A,N/A,1647706112,1580597248,20467712,N/A,135168,82202624,5,discern-interfa,S (sleeping),nginx2.bnsdq.ozxfs.laefh.kvugl,0.0012602557997359518
1759265281,340,1,103,103,103,103,109,109,109,109,250974208,250974208,236257280,N/A,135168,243245056,1,dbus-daemon,S (sleeping),nginx2.bnsdq.ozxfs.laefh.kvugl,0.30003902551949413
1759265281,183,1,N/A,N/A,N/A,N/A,N/A,N/A,N/A,N/A,154570752,129376256,66879488,4096,135168,28184576,1,systemd-journal,S (sleeping),nginx2.bnsdq.ozxfs.laefh.kvugl,0.24959763775480137
1759265281,3275,1,N/A,N/A,N/A,N/A,N/A,N/A,N/A,N/A,1931149312,1931149312,53477376,N/A,135168,187768832,14,discern-network,S (sleeping),nginx2.bnsdq.ozxfs.laefh.kvugl,2.227878874641819
1759265281,102844,1,N/A,N/A,N/A,N/A,N/A,N/A,N/A,N/A,1264619520,1264619520,17170432,N/A,135168,45826048,4,discern-proc-so,R (running),nginx2.bnsdq.ozxfs.laefh.kvugl,2.6361386122044856
1759265281,80899,1,N/A,N/A,N/A,N/A,N/A,N/A,N/A,N/A,1647706112,1580597248,20467712,N/A,135168,82202624,5,discern-interfa,S (sleeping),nginx2.bnsdq.ozxfs.laefh.kvugl,0.0012575214593170743
1759265286,340,1,103,103,103,103,109,109,109,109,250974208,250974208,236257280,N/A,135168,243245056,1,dbus-daemon,S (sleeping),nginx2.bnsdq.ozxfs.laefh.kvugl,0.30022376468883777
1759265286,183,1,N/A,N/A,N/A,N/A,N/A,N/A,N/A,N/A,154570752,129376256,66879488,4096,135168,28184576,1,systemd-journal,S (sleeping),nginx2.bnsdq.ozxfs.laefh.kvugl,0.24968825445373607
1759265286,3275,1,N/A,N/A,N/A,N/A,N/A,N/A,N/A,N/A,1931149312,1931149312,53477376,N/A,135168,187768832,14,discern-network,S (sleeping),nginx2.bnsdq.ozxfs.laefh.kvugl,2.2279455269725967
1759265286,102844,1,N/A,N/A,N/A,N/A,N/A,N/A,N/A,N/A,1264619520,1264619520,17170432,N/A,135168,45826048,4,discern-proc-so,S (sleeping),nginx2.bnsdq.ozxfs.laefh.kvugl,2.6367158879154102
1759265286,80899,1,N/A,N/A,N/A,N/A,N/A,N/A,N/A,N/A,1647706112,1580597248,20467712,N/A,135168,82202624,5,discern-interfa,S (sleeping),nginx2.bnsdq.ozxfs.laefh.kvugl,0.0012548081056399682
1759265291,340,1,103,103,103,103,109,109,109,109,250974208,250974208,236257280,N/A,135168,243245056,1,dbus-daemon,S (sleeping),nginx2.bnsdq.ozxfs.laefh.kvugl,0.3001529040329523
1759265291,183,1,N/A,N/A,N/A,N/A,N/A,N/A,N/A,N/A,154570752,129376256,66879488,4096,135168,28184576,1,systemd-journal,S (sleeping),nginx2.bnsdq.ozxfs.laefh.kvugl,0.2499049522654306
1759265291,3275,1,N/A,N/A,N/A,N/A,N/A,N/A,N/A,N/A,1931149312,1931149312,53477376,N/A,135168,187768832,14,discern-network,S (sleeping),nginx2.bnsdq.ozxfs.laefh.kvugl,2.228135005711642
1759265292,102844,1,N/A,N/A,N/A,N/A,N/A,N/A,N/A,N/A,1264619520,1264619520,17170432,N/A,135168,45826048,4,discern-proc-so,S (sleeping),nginx2.bnsdq.ozxfs.laefh.kvugl,2.6386047914522774
1759265292,80899,1,N/A,N/A,N/A,N/A,N/A,N/A,N/A,N/A,1647706112,1580597248,20467712,N/A,135168,82202624,5,discern-interfa,S (sleeping),nginx2.bnsdq.ozxfs.laefh.kvugl,0.0012520913872111565
1759265297,340,1,103,103,103,103,109,109,109,109,250974208,250974208,236257280,N/A,135168,243245056,1,dbus-daemon,S (sleeping),nginx2.bnsdq.ozxfs.laefh.kvugl,0.30008338191024475
1759265297,183,1,N/A,N/A,N/A,N/A,N/A,N/A,N/A,N/A,154570752,129376256,66879488,4096,135168,28184576,1,systemd-journal,S (sleeping),nginx2.bnsdq.ozxfs.laefh.kvugl,0.24986833801287223
1759265297,3275,1,N/A,N/A,N/A,N/A,N/A,N/A,N/A,N/A,1931149312,1931149312,53477376,N/A,135168,187768832,14,discern-network,S (sleeping),nginx2.bnsdq.ozxfs.laefh.kvugl,2.228071210007229
1759265297,102844,1,N/A,N/A,N/A,N/A,N/A,N/A,N/A,N/A,1264619520,1264619520,17170432,N/A,135168,45826048,4,discern-proc-so,R (running),nginx2.bnsdq.ozxfs.laefh.kvugl,2.6363327878949603
1759265297,80899,1,N/A,N/A,N/A,N/A,N/A,N/A,N/A,N/A,1647706112,1580597248,20467712,N/A,135168,82202624,5,discern-interfa,S (sleeping),nginx2.bnsdq.ozxfs.laefh.kvugl,0.0012494032580007304
1759265302,340,1,103,103,103,103,109,109,109,109,250974208,250974208,236257280,N/A,135168,243245056,1,dbus-daemon,S (sleeping),nginx2.bnsdq.ozxfs.laefh.kvugl,0.30014133033343426
1759265302,183,1,N/A,N/A,N/A,N/A,N/A,N/A,N/A,N/A,154570752,129376256,66879488,4096,135168,28184576,1,systemd-journal,S (sleeping),nginx2.bnsdq.ozxfs.laefh.kvugl,0.2500860205033461
1759265302,3275,1,N/A,N/A,N/A,N/A,N/A,N/A,N/A,N/A,1931149312,1931149312,53477376,N/A,135168,187768832,14,discern-network,S (sleeping),nginx2.bnsdq.ozxfs.laefh.kvugl,2.2277484934861516
1759265302,102844,1,N/A,N/A,N/A,N/A,N/A,N/A,N/A,N/A,1264619520,1264619520,17170432,N/A,135168,45826048,4,discern-proc-so,R (running),nginx2.bnsdq.ozxfs.laefh.kvugl,2.632727898032509
1759265302,80899,1,N/A,N/A,N/A,N/A,N/A,N/A,N/A,N/A,1647706112,1580597248,20467712,N/A,135168,82202624,5,discern-interfa,S (sleeping),nginx2.bnsdq.ozxfs.laefh.kvugl,0.001662310041210257
1759265307,340,1,103,103,103,103,109,109,109,109,250974208,250974208,236257280,N/A,135168,243245056,1,dbus-daemon,S (sleeping),nginx2.bnsdq.ozxfs.laefh.kvugl,0.3001949568871746
1759265307,183,1,N/A,N/A,N/A,N/A,N/A,N/A,N/A,N/A,154570752,129376256,66879488,4096,135168,28184576,1,systemd-journal,S (sleeping),nginx2.bnsdq.ozxfs.laefh.kvugl,0.2501730102590233
1759265307,3275,1,N/A,N/A,N/A,N/A,N/A,N/A,N/A,N/A,1931149312,1931149312,53477376,N/A,135168,187768832,14,discern-network,S (sleeping),nginx2.bnsdq.ozxfs.laefh.kvugl,2.227786810979815
1759265307,80899,1,N/A,N/A,N/A,N/A,N/A,N/A,N/A,N/A,1647706112,1580597248,20467712,N/A,135168,82202624,5,discern-interfa,S (sleeping),nginx2.bnsdq.ozxfs.laefh.kvugl,0.001658687468507513
1759265307,102844,1,N/A,N/A,N/A,N/A,N/A,N/A,N/A,N/A,1264619520,1264619520,17170432,N/A,135168,45826048,4,discern-proc-so,S (sleeping),nginx2.bnsdq.ozxfs.laefh.kvugl,2.6357513083288704
1759265312,340,1,103,103,103,103,109,109,109,109,250974208,250974208,236257280,N/A,135168,243245056,1,dbus-daemon,S (sleeping),nginx2.bnsdq.ozxfs.laefh.kvugl,0.3002520234619767
1759265312,183,1,N/A,N/A,N/A,N/A,N/A,N/A,N/A,N/A,154570752,129376256,66879488,4096,135168,28184576,1,systemd-journal,S (sleeping),nginx2.bnsdq.ozxfs.laefh.kvugl,0.2505163727202889
1759265312,3275,1,N/A,N/A,N/A,N/A,N/A,N/A,N/A,N/A,1931149312,1931149312,53477376,N/A,135168,187768832,14,discern-network,S (sleeping),nginx2.bnsdq.ozxfs.laefh.kvugl,2.2278520310042733
1759265312,102844,1,N/A,N/A,N/A,N/A,N/A,N/A,N/A,N/A,1264619520,1264619520,17170432,N/A,135168,45826048,4,discern-proc-so,R (running),nginx2.bnsdq.ozxfs.laefh.kvugl,2.633520577709252
1759265312,80899,1,N/A,N/A,N/A,N/A,N/A,N/A,N/A,N/A,1647706112,1580597248,20467712,N/A,135168,82202624,5,discern-interfa,S (sleeping),nginx2.bnsdq.ozxfs.laefh.kvugl,0.0016551438459304192
1759265317,340,1,103,103,103,103,109,109,109,109,250974208,250974208,236257280,N/A,135168,243245056,1,dbus-daemon,S (sleeping),nginx2.bnsdq.ozxfs.laefh.kvugl,0.3003085094069782
1759265317,183,1,N/A,N/A,N/A,N/A,N/A,N/A,N/A,N/A,154570752,129376256,66879488,4096,135168,28184576,1,systemd-journal,S (sleeping),nginx2.bnsdq.ozxfs.laefh.kvugl,0.25047877163582427
1759265317,3275,1,N/A,N/A,N/A,N/A,N/A,N/A,N/A,N/A,1931149312,1931149312,53477376,N/A,135168,187768832,14,discern-network,S (sleeping),nginx2.bnsdq.ozxfs.laefh.kvugl,2.2279132470453864
1759265317,102844,1,N/A,N/A,N/A,N/A,N/A,N/A,N/A,N/A,1264619520,1264619520,17170432,N/A,135168,45826048,4,discern-proc-so,S (sleeping),nginx2.bnsdq.ozxfs.laefh.kvugl,2.635404707453516
1759265317,80899,1,N/A,N/A,N/A,N/A,N/A,N/A,N/A,N/A,1647706112,1580597248,20467712,N/A,135168,82202624,5,discern-interfa,S (sleeping),nginx2.bnsdq.ozxfs.laefh.kvugl,0.001651606201037678
1759265323,340,1,103,103,103,103,109,109,109,109,250974208,250974208,236257280,N/A,135168,243245056,1,dbus-daemon,S (sleeping),nginx2.bnsdq.ozxfs.laefh.kvugl,0.3002391713397015
1759265323,183,1,N/A,N/A,N/A,N/A,N/A,N/A,N/A,N/A,154570752,129376256,66879488,4096,135168,28184576,1,systemd-journal,S (sleeping),nginx2.bnsdq.ozxfs.laefh.kvugl,0.25069518195088064
1759265323,3275,1,N/A,N/A,N/A,N/A,N/A,N/A,N/A,N/A,1931149312,1931149312,53477376,N/A,135168,187768832,14,discern-network,S (sleeping),nginx2.bnsdq.ozxfs.laefh.kvugl,2.2279811301378234
1759265323,102844,1,N/A,N/A,N/A,N/A,N/A,N/A,N/A,N/A,1264619520,1264619520,17170432,N/A,135168,45826048,4,discern-proc-so,S (sleeping),nginx2.bnsdq.ozxfs.laefh.kvugl,2.6346102426440323
1759265323,80899,1,N/A,N/A,N/A,N/A,N/A,N/A,N/A,N/A,1647706112,1580597248,20467712,N/A,135168,82202624,5,discern-interfa,S (sleeping),nginx2.bnsdq.ozxfs.laefh.kvugl,0.0016480994391862302
1759265328,340,1,103,103,103,103,109,109,109,109,250974208,250974208,236257280,N/A,135168,243245056,1,dbus-daemon,S (sleeping),nginx2.bnsdq.ozxfs.laefh.kvugl,0.300295813534974
1759265328,183,1,N/A,N/A,N/A,N/A,N/A,N/A,N/A,N/A,154570752,129376256,66879488,4096,135168,28184576,1,systemd-journal,S (sleeping),nginx2.bnsdq.ozxfs.laefh.kvugl,0.25078423292962704
1759265328,3275,1,N/A,N/A,N/A,N/A,N/A,N/A,N/A,N/A,1931149312,1931149312,53477376,N/A,135168,187768832,14,discern-network,S (sleeping),nginx2.bnsdq.ozxfs.laefh.kvugl,2.2280439126442917
1759265328,102844,1,N/A,N/A,N/A,N/A,N/A,N/A,N/A,N/A,1264619520,1264619520,17170432,N/A,135168,45826048,4,discern-proc-so,R (running),nginx2.bnsdq.ozxfs.laefh.kvugl,2.6364817309119877
1759265328,80899,1,N/A,N/A,N/A,N/A,N/A,N/A,N/A,N/A,1647706112,1580597248,20467712,N/A,135168,82202624,5,discern-interfa,S (sleeping),nginx2.bnsdq.ozxfs.laefh.kvugl,0.001644595841973413
1759265333,340,1,103,103,103,103,109,109,109,109,250974208,250974208,236257280,N/A,135168,243245056,1,dbus-daemon,S (sleeping),nginx2.bnsdq.ozxfs.laefh.kvugl,0.30022685422264855
1759265333,183,1,N/A,N/A,N/A,N/A,N/A,N/A,N/A,N/A,154570752,129376256,66879488,4096,135168,28184576,1,systemd-journal,S (sleeping),nginx2.bnsdq.ozxfs.laefh.kvugl,0.25087394785079375
1759265333,3275,1,N/A,N/A,N/A,N/A,N/A,N/A,N/A,N/A,1931149312,1931149312,53477376,N/A,135168,187768832,14,discern-network,S (sleeping),nginx2.bnsdq.ozxfs.laefh.kvugl,2.2278525185169196
1759265333,102844,1,N/A,N/A,N/A,N/A,N/A,N/A,N/A,N/A,1264619520,1264619520,17170432,N/A,135168,45826048,4,discern-proc-so,S (sleeping),nginx2.bnsdq.ozxfs.laefh.kvugl,2.6357170326974733
1759265333,80899,1,N/A,N/A,N/A,N/A,N/A,N/A,N/A,N/A,1647706112,1580597248,20467712,N/A,135168,82202624,5,discern-interfa,S (sleeping),nginx2.bnsdq.ozxfs.laefh.kvugl,0.0016411237129635252
1759265338,340,1,103,103,103,103,109,109,109,109,250974208,250974208,236257280,N/A,135168,243245056,1,dbus-daemon,S (sleeping),nginx2.bnsdq.ozxfs.laefh.kvugl,0.30041108302493136
1759265338,183,1,N/A,N/A,N/A,N/A,N/A,N/A,N/A,N/A,154570752,129376256,66879488,4096,135168,28184576,1,systemd-journal,S (sleeping),nginx2.bnsdq.ozxfs.laefh.kvugl,0.2513429240150144
1759265338,3275,1,N/A,N/A,N/A,N/A,N/A,N/A,N/A,N/A,1931149312,1931149312,53477376,N/A,135168,187768832,14,discern-network,S (sleeping),nginx2.bnsdq.ozxfs.laefh.kvugl,2.2279250105258366
1759265338,102844,1,N/A,N/A,N/A,N/A,N/A,N/A,N/A,N/A,1264619520,1264619520,17170432,N/A,135168,45826048,4,discern-proc-so,R (running),nginx2.bnsdq.ozxfs.laefh.kvugl,2.6323145259259135
1759265338,80899,1,N/A,N/A,N/A,N/A,N/A,N/A,N/A,N/A,1647706112,1580597248,20467712,N/A,135168,82202624,5,discern-interfa,S (sleeping),nginx2.bnsdq.ozxfs.laefh.kvugl,0.0016376720579411557
1759265343,340,1,103,103,103,103,109,109,109,109,250974208,250974208,236257280,N/A,135168,243245056,1,dbus-daemon,S (sleeping),nginx2.bnsdq.ozxfs.laefh.kvugl,0.3004675607148466
1759265343,183,1,N/A,N/A,N/A,N/A,N/A,N/A,N/A,N/A,154570752,129376256,66879488,4096,135168,28184576,1,systemd-journal,S (sleeping),nginx2.bnsdq.ozxfs.laefh.kvugl,0.25143142453305184
1759265343,3275,1,N/A,N/A,N/A,N/A,N/A,N/A,N/A,N/A,1931149312,1931149312,53477376,N/A,135168,187768832,14,discern-network,S (sleeping),nginx2.bnsdq.ozxfs.laefh.kvugl,2.227857675228062
1759265343,102844,1,N/A,N/A,N/A,N/A,N/A,N/A,N/A,N/A,1264619520,1264619520,17170432,N/A,135168,45826048,4,discern-proc-so,S (sleeping),nginx2.bnsdq.ozxfs.laefh.kvugl,2.6341685087577194
1759265343,80899,1,N/A,N/A,N/A,N/A,N/A,N/A,N/A,N/A,1647706112,1580597248,20467712,N/A,135168,82202624,5,discern-interfa,S (sleeping),nginx2.bnsdq.ozxfs.laefh.kvugl,0.0016342135938618265
1759265348,340,1,103,103,103,103,109,109,109,109,250974208,250974208,236257280,N/A,135168,243245056,1,dbus-daemon,S (sleeping),nginx2.bnsdq.ozxfs.laefh.kvugl,0.300398107937093
1759265348,183,1,N/A,N/A,N/A,N/A,N/A,N/A,N/A,N/A,154570752,129376256,66879488,4096,135168,28184576,1,systemd-journal,S (sleeping),nginx2.bnsdq.ozxfs.laefh.kvugl,0.25152011147881953
1759265348,3275,1,N/A,N/A,N/A,N/A,N/A,N/A,N/A,N/A,1931149312,1931149312,53477376,N/A,135168,187768832,14,discern-network,S (sleeping),nginx2.bnsdq.ozxfs.laefh.kvugl,2.2277931931158146
1759265348,102844,1,N/A,N/A,N/A,N/A,N/A,N/A,N/A,N/A,1264619520,1264619520,17170432,N/A,135168,45826048,4,discern-proc-so,S (sleeping),nginx2.bnsdq.ozxfs.laefh.kvugl,2.6333876469534196
1759265348,80899,1,N/A,N/A,N/A,N/A,N/A,N/A,N/A,N/A,1647706112,1580597248,20467712,N/A,135168,82202624,5,discern-interfa,S (sleeping),nginx2.bnsdq.ozxfs.laefh.kvugl,0.0016307760405597943
1759265353,340,1,103,103,103,103,109,109,109,109,250974208,250974208,236257280,N/A,135168,243245056,1,dbus-daemon,S (sleeping),nginx2.bnsdq.ozxfs.laefh.kvugl,0.30032819567884994
1759265353,183,1,N/A,N/A,N/A,N/A,N/A,N/A,N/A,N/A,154570752,129376256,66879488,4096,135168,28184576,1,systemd-journal,S (sleeping),nginx2.bnsdq.ozxfs.laefh.kvugl,0.2516082181329566
1759265354,3275,1,N/A,N/A,N/A,N/A,N/A,N/A,N/A,N/A,1931149312,1931149312,53477376,N/A,135168,187768832,14,discern-network,S (sleeping),nginx2.bnsdq.ozxfs.laefh.kvugl,2.2278548178281716
1759265354,102844,1,N/A,N/A,N/A,N/A,N/A,N/A,N/A,N/A,1264619520,1264619520,17170432,N/A,135168,45826048,4,discern-proc-so,R (running),nginx2.bnsdq.ozxfs.laefh.kvugl,2.635191315137053
1759265354,80899,1,N/A,N/A,N/A,N/A,N/A,N/A,N/A,N/A,1647706112,1580597248,20467712,N/A,135168,82202624,5,discern-interfa,S (sleeping),nginx2.bnsdq.ozxfs.laefh.kvugl,0.0016273431941162036
1759265359,340,1,103,103,103,103,109,109,109,109,250974208,250974208,236257280,N/A,135168,243245056,1,dbus-daemon,S (sleeping),nginx2.bnsdq.ozxfs.laefh.kvugl,0.30038512299227127
1759265359,183,1,N/A,N/A,N/A,N/A,N/A,N/A,N/A,N/A,154570752,129376256,66879488,4096,135168,28184576,1,systemd-journal,S (sleeping),nginx2.bnsdq.ozxfs.laefh.kvugl,0.2516968012263174
1759265359,3275,1,N/A,N/A,N/A,N/A,N/A,N/A,N/A,N/A,1931149312,1931149312,53477376,N/A,135168,187768832,14,discern-network,S (sleeping),nginx2.bnsdq.ozxfs.laefh.kvugl,2.2277915818741607
1759265359,102844,1,N/A,N/A,N/A,N/A,N/A,N/A,N/A,N/A,1264619520,1264619520,17170432,N/A,135168,45826048,4,discern-proc-so,S (sleeping),nginx2.bnsdq.ozxfs.laefh.kvugl,2.635731336948958
1759265359,80899,1,N/A,N/A,N/A,N/A,N/A,N/A,N/A,N/A,1647706112,1580597248,20467712,N/A,135168,82202624,5,discern-interfa,S (sleeping),nginx2.bnsdq.ozxfs.laefh.kvugl,0.0016239370907996662
1759265364,340,1,103,103,103,103,109,109,109,109,250974208,250974208,236257280,N/A,135168,243245056,1,dbus-daemon,S (sleeping),nginx2.bnsdq.ozxfs.laefh.kvugl,0.30056816171110945
1759265364,183,1,N/A,N/A,N/A,N/A,N/A,N/A,N/A,N/A,154570752,129376256,66879488,4096,135168,28184576,1,systemd-journal,S (sleeping),nginx2.bnsdq.ozxfs.laefh.kvugl,0.2520373552278794
1759265364,3275,1,N/A,N/A,N/A,N/A,N/A,N/A,N/A,N/A,1931149312,1931149312,53477376,N/A,135168,187768832,14,discern-network,S (sleeping),nginx2.bnsdq.ozxfs.laefh.kvugl,2.2277300256896915
1759265364,102844,1,N/A,N/A,N/A,N/A,N/A,N/A,N/A,N/A,1264619520,1264619520,17170432,N/A,135168,45826048,4,discern-proc-so,R (running),nginx2.bnsdq.ozxfs.laefh.kvugl,2.6349880527403435
1759265364,80899,1,N/A,N/A,N/A,N/A,N/A,N/A,N/A,N/A,1647706112,1580597248,20467712,N/A,135168,82202624,5,discern-interfa,S (sleeping),nginx2.bnsdq.ozxfs.laefh.kvugl,0.0016205488091214713
1759265369,340,1,103,103,103,103,109,109,109,109,250974208,250974208,236257280,N/A,135168,243245056,1,dbus-daemon,S (sleeping),nginx2.bnsdq.ozxfs.laefh.kvugl,0.3004992701967135
1759265369,183,1,N/A,N/A,N/A,N/A,N/A,N/A,N/A,N/A,154570752,129376256,66879488,4096,135168,28184576,1,systemd-journal,S (sleeping),nginx2.bnsdq.ozxfs.laefh.kvugl,0.2519999186520825
1759265369,3275,1,N/A,N/A,N/A,N/A,N/A,N/A,N/A,N/A,1931149312,1931149312,53477376,N/A,135168,187768832,14,discern-network,S (sleeping),nginx2.bnsdq.ozxfs.laefh.kvugl,2.227929252631943
1759265369,102844,1,N/A,N/A,N/A,N/A,N/A,N/A,N/A,N/A,1264619520,1264619520,17170432,N/A,135168,45826048,4,discern-proc-so,R (running),nginx2.bnsdq.ozxfs.laefh.kvugl,2.6342625004561246
1759265369,80899,1,N/A,N/A,N/A,N/A,N/A,N/A,N/A,N/A,1647706112,1580597248,20467712,N/A,135168,82202624,5,discern-interfa,S (sleeping),nginx2.bnsdq.ozxfs.laefh.kvugl,0.001617176162215402
1759265374,340,1,103,103,103,103,109,109,109,109,250974208,250974208,236257280,N/A,135168,243245056,1,dbus-daemon,S (sleeping),nginx2.bnsdq.ozxfs.laefh.kvugl,0.30055597303888054
1759265374,183,1,N/A,N/A,N/A,N/A,N/A,N/A,N/A,N/A,154570752,129376256,66879488,4096,135168,28184576,1,systemd-journal,S (sleeping),nginx2.bnsdq.ozxfs.laefh.kvugl,0.25221386049631617
1759265374,3275,1,N/A,N/A,N/A,N/A,N/A,N/A,N/A,N/A,1931149312,1931149312,53477376,N/A,135168,187768832,14,discern-network,S (sleeping),nginx2.bnsdq.ozxfs.laefh.kvugl,2.227866025398341
1759265374,102844,1,N/A,N/A,N/A,N/A,N/A,N/A,N/A,N/A,1264619520,1264619520,17170432,N/A,135168,45826048,4,discern-proc-so,R (running),nginx2.bnsdq.ozxfs.laefh.kvugl,2.632241572168555
1759265374,80899,1,N/A,N/A,N/A,N/A,N/A,N/A,N/A,N/A,1647706112,1580597248,20467712,N/A,135168,82202624,5,discern-interfa,S (sleeping),nginx2.bnsdq.ozxfs.laefh.kvugl,0.0016138122734374294
1759265379,340,1,103,103,103,103,109,109,109,109,250974208,250974208,236257280,N/A,135168,243245056,1,dbus-daemon,S (sleeping),nginx2.bnsdq.ozxfs.laefh.kvugl,0.300611950412101
1759265379,183,1,N/A,N/A,N/A,N/A,N/A,N/A,N/A,N/A,154570752,129376256,66879488,4096,135168,28184576,1,systemd-journal,S (sleeping),nginx2.bnsdq.ozxfs.laefh.kvugl,0.25230126830762784
1759265379,3275,1,N/A,N/A,N/A,N/A,N/A,N/A,N/A,N/A,1931149312,1931149312,53477376,N/A,135168,187768832,14,discern-network,S (sleeping),nginx2.bnsdq.ozxfs.laefh.kvugl,2.227927746035559
1759265379,102844,1,N/A,N/A,N/A,N/A,N/A,N/A,N/A,N/A,1264619520,1264619520,17170432,N/A,135168,45826048,4,discern-proc-so,S (sleeping),nginx2.bnsdq.ozxfs.laefh.kvugl,2.636536626776973
1759265379,80899,1,N/A,N/A,N/A,N/A,N/A,N/A,N/A,N/A,1647706112,1580597248,20467712,N/A,135168,82202624,5,discern-interfa,S (sleeping),nginx2.bnsdq.ozxfs.laefh.kvugl,0.0016104511914251626
1759265384,340,1,103,103,103,103,109,109,109,109,250974208,250974208,236257280,N/A,135168,243245056,1,dbus-daemon,S (sleeping),nginx2.bnsdq.ozxfs.laefh.kvugl,0.30066788010456164
1759265384,183,1,N/A,N/A,N/A,N/A,N/A,N/A,N/A,N/A,154570752,129376256,66879488,4096,135168,28184576,1,systemd-journal,S (sleeping),nginx2.bnsdq.ozxfs.laefh.kvugl,0.25251421134995855
1759265384,3275,1,N/A,N/A,N/A,N/A,N/A,N/A,N/A,N/A,1931149312,1931149312,53477376,N/A,135168,187768832,14,discern-network,S (sleeping),nginx2.bnsdq.ozxfs.laefh.kvugl,2.2278598074114684
1759265384,102844,1,N/A,N/A,N/A,N/A,N/A,N/A,N/A,N/A,1264619520,1264619520,17170432,N/A,135168,45826048,4,discern-proc-so,S (sleeping),nginx2.bnsdq.ozxfs.laefh.kvugl,2.6357331783390143
1759265384,80899,1,N/A,N/A,N/A,N/A,N/A,N/A,N/A,N/A,1647706112,1580597248,20467712,N/A,135168,82202624,5,discern-interfa,S (sleeping),nginx2.bnsdq.ozxfs.laefh.kvugl,0.0016071044322723581
1759265390,340,1,103,103,103,103,109,109,109,109,250974208,250974208,236257280,N/A,135168,243245056,1,dbus-daemon,S (sleeping),nginx2.bnsdq.ozxfs.laefh.kvugl,0.30072417307587107
1759265390,183,1,N/A,N/A,N/A,N/A,N/A,N/A,N/A,N/A,154570752,129376256,66879488,4096,135168,28184576,1,systemd-journal,S (sleeping),nginx2.bnsdq.ozxfs.laefh.kvugl,0.25272724490661796
1759265390,3275,1,N/A,N/A,N/A,N/A,N/A,N/A,N/A,N/A,1931149312,1931149312,53477376,N/A,135168,187768832,14,discern-network,S (sleeping),nginx2.bnsdq.ozxfs.laefh.kvugl,2.227924974259617
1759265390,102844,1,N/A,N/A,N/A,N/A,N/A,N/A,N/A,N/A,1264619520,1264619520,17170432,N/A,135168,45826048,4,discern-proc-so,S (sleeping),nginx2.bnsdq.ozxfs.laefh.kvugl,2.6362314277186627
1759265390,80899,1,N/A,N/A,N/A,N/A,N/A,N/A,N/A,N/A,1647706112,1580597248,20467712,N/A,135168,82202624,5,discern-interfa,S (sleeping),nginx2.bnsdq.ozxfs.laefh.kvugl,0.0016037790892587944
1759265395,340,1,103,103,103,103,109,109,109,109,250974208,250974208,236257280,N/A,135168,243245056,1,dbus-daemon,S (sleeping),nginx2.bnsdq.ozxfs.laefh.kvugl,0.3006551297062377
1759265395,183,1,N/A,N/A,N/A,N/A,N/A,N/A,N/A,N/A,154570752,129376256,66879488,4096,135168,28184576,1,systemd-journal,S (sleeping),nginx2.bnsdq.ozxfs.laefh.kvugl,0.2528147199399516
1759265395,3275,1,N/A,N/A,N/A,N/A,N/A,N/A,N/A,N/A,1931149312,1931149312,53477376,N/A,135168,187768832,14,discern-network,S (sleeping),nginx2.bnsdq.ozxfs.laefh.kvugl,2.2278621448990266
1759265395,102844,1,N/A,N/A,N/A,N/A,N/A,N/A,N/A,N/A,1264619520,1264619520,17170432,N/A,135168,45826048,4,discern-proc-so,R (running),nginx2.bnsdq.ozxfs.laefh.kvugl,2.635497348362255
1759265395,80899,1,N/A,N/A,N/A,N/A,N/A,N/A,N/A,N/A,1647706112,1580597248,20467712,N/A,135168,82202624,5,discern-interfa,S (sleeping),nginx2.bnsdq.ozxfs.laefh.kvugl,0.0016004711534156402
1759265400,340,1,103,103,103,103,109,109,109,109,250974208,250974208,236257280,N/A,135168,243245056,1,dbus-daemon,S (sleeping),nginx2.bnsdq.ozxfs.laefh.kvugl,0.3008369709161331
1759265400,183,1,N/A,N/A,N/A,N/A,N/A,N/A,N/A,N/A,154570752,129376256,66953216,4096,135168,28184576,1,systemd-journal,S (sleeping),nginx2.bnsdq.ozxfs.laefh.kvugl,0.2530274613032572
1759265400,3275,1,N/A,N/A,N/A,N/A,N/A,N/A,N/A,N/A,1931149312,1931149312,53477376,N/A,135168,187768832,14,discern-network,S (sleeping),nginx2.bnsdq.ozxfs.laefh.kvugl,2.2280583300055192
1759265400,102844,1,N/A,N/A,N/A,N/A,N/A,N/A,N/A,N/A,1264619520,1264619520,17170432,N/A,135168,45826048,4,discern-proc-so,R (running),nginx2.bnsdq.ozxfs.laefh.kvugl,2.6347719739330064
1759265400,80899,1,N/A,N/A,N/A,N/A,N/A,N/A,N/A,N/A,1647706112,1580597248,20467712,N/A,135168,82202624,5,discern-interfa,S (sleeping),nginx2.bnsdq.ozxfs.laefh.kvugl,0.0015971767017914416
1759265405,340,1,103,103,103,103,109,109,109,109,250974208,250974208,236257280,N/A,135168,243245056,1,dbus-daemon,S (sleeping),nginx2.bnsdq.ozxfs.laefh.kvugl,0.3007634515236344
1759265405,113447,1,N/A,N/A,N/A,N/A,N/A,N/A,N/A,N/A,1332092928,1332092928,138395648,N/A,135168,172052480,4,discern-file-so,R (running),nginx2.bnsdq.ozxfs.laefh.kvugl,41.93082743448288
1759265405,183,1,N/A,N/A,N/A,N/A,N/A,N/A,N/A,N/A,154570752,137728000,69242880,4096,135168,28184576,1,systemd-journal,S (sleeping),nginx2.bnsdq.ozxfs.laefh.kvugl,0.2531108328512995
1759265405,3275,1,N/A,N/A,N/A,N/A,N/A,N/A,N/A,N/A,1931149312,1931149312,53477376,N/A,135168,187768832,14,discern-network,S (sleeping),nginx2.bnsdq.ozxfs.laefh.kvugl,2.227960893030626
1759265405,80899,1,N/A,N/A,N/A,N/A,N/A,N/A,N/A,N/A,1647706112,1580597248,20467712,N/A,135168,82202624,5,discern-interfa,S (sleeping),nginx2.bnsdq.ozxfs.laefh.kvugl,0.001593819701458222
1759265410,340,1,103,103,103,103,109,109,109,109,250974208,250974208,236257280,N/A,135168,243245056,1,dbus-daemon,S (sleeping),nginx2.bnsdq.ozxfs.laefh.kvugl,0.3006897636013479
1759265410,113447,1,N/A,N/A,N/A,N/A,N/A,N/A,N/A,N/A,1399926784,1399926784,146051072,N/A,135168,176971776,4,discern-file-so,D (disk sleep),nginx2.bnsdq.ozxfs.laefh.kvugl,66.81533439889397
1759265410,183,1,N/A,N/A,N/A,N/A,N/A,N/A,N/A,N/A,154570752,137728000,69242880,4096,135168,28184576,1,systemd-journal,S (sleeping),nginx2.bnsdq.ozxfs.laefh.kvugl,0.2533191107652781
1759265410,3275,1,N/A,N/A,N/A,N/A,N/A,N/A,N/A,N/A,1931149312,1931149312,53477376,N/A,135168,187768832,14,discern-network,S (sleeping),nginx2.bnsdq.ozxfs.laefh.kvugl,2.227215251735174
1759265410,80899,1,N/A,N/A,N/A,N/A,N/A,N/A,N/A,N/A,1647706112,1580597248,20467712,N/A,135168,82202624,5,discern-interfa,S (sleeping),nginx2.bnsdq.ozxfs.laefh.kvugl,0.0015904728039045756
1759265422,340,1,103,103,103,103,109,109,109,109,250974208,250974208,236257280,N/A,135168,243245056,1,dbus-daemon,S (sleeping),nginx2.bnsdq.ozxfs.laefh.kvugl,0.30075328917472144
1759265422,3275,1,N/A,N/A,N/A,N/A,N/A,N/A,N/A,N/A,1931149312,1931149312,53477376,N/A,135168,187768832,14,discern-network,S (sleeping),nginx2.bnsdq.ozxfs.laefh.kvugl,2.225683381995914
1759265422,183,1,N/A,N/A,N/A,N/A,N/A,N/A,N/A,N/A,154570752,137728000,69242880,4096,135168,28184576,1,systemd-journal,S (sleeping),nginx2.bnsdq.ozxfs.laefh.kvugl,0.25407661222471806
1759265422,113700,1,N/A,N/A,N/A,N/A,N/A,N/A,N/A,N/A,1264357376,1264357376,15654912,N/A,135168,45563904,4,discern-proc-so,S (sleeping),nginx2.bnsdq.ozxfs.laefh.kvugl,6.927356414249582
1759265422,80899,1,N/A,N/A,N/A,N/A,N/A,N/A,N/A,N/A,1647706112,1580597248,20467712,N/A,135168,82202624,5,discern-interfa,S (sleeping),nginx2.bnsdq.ozxfs.laefh.kvugl,0.0015831627368537114
1759265427,340,1,103,103,103,103,109,109,109,109,250974208,250974208,236257280,N/A,135168,243245056,1,dbus-daemon,S (sleeping),nginx2.bnsdq.ozxfs.laefh.kvugl,0.3008094885710527
1759265427,3275,1,N/A,N/A,N/A,N/A,N/A,N/A,N/A,N/A,1931149312,1931149312,53477376,N/A,135168,187768832,14,discern-network,S (sleeping),nginx2.bnsdq.ozxfs.laefh.kvugl,2.2257514072980498
1759265427,183,1,N/A,N/A,N/A,N/A,N/A,N/A,N/A,N/A,154570752,137728000,69242880,4096,135168,28184576,1,systemd-journal,S (sleeping),nginx2.bnsdq.ozxfs.laefh.kvugl,0.2541628702533318
1759265427,113700,1,N/A,N/A,N/A,N/A,N/A,N/A,N/A,N/A,1264619520,1264619520,15863808,N/A,135168,45826048,4,discern-proc-so,S (sleeping),nginx2.bnsdq.ozxfs.laefh.kvugl,3.707767461334536
1759265427,80899,1,N/A,N/A,N/A,N/A,N/A,N/A,N/A,N/A,1647706112,1580597248,20467712,N/A,135168,82202624,5,discern-interfa,S (sleeping),nginx2.bnsdq.ozxfs.laefh.kvugl,0.0015799393738206084
1759265432,340,1,103,103,103,103,109,109,109,109,250974208,250974208,236257280,N/A,135168,243245056,1,dbus-daemon,S (sleeping),nginx2.bnsdq.ozxfs.laefh.kvugl,0.3007401424559312
1759265432,3275,1,N/A,N/A,N/A,N/A,N/A,N/A,N/A,N/A,1931149312,1931149312,53477376,N/A,135168,187768832,14,discern-network,S (sleeping),nginx2.bnsdq.ozxfs.laefh.kvugl,2.225557003684963
1759265432,183,1,N/A,N/A,N/A,N/A,N/A,N/A,N/A,N/A,154570752,137728000,69242880,4096,135168,28184576,1,systemd-journal,S (sleeping),nginx2.bnsdq.ozxfs.laefh.kvugl,0.2542485268208276
1759265432,113700,1,N/A,N/A,N/A,N/A,N/A,N/A,N/A,N/A,1264619520,1264619520,15896576,N/A,135168,45826048,4,discern-proc-so,R (running),nginx2.bnsdq.ozxfs.laefh.kvugl,3.357741956651239
1759265432,80899,1,N/A,N/A,N/A,N/A,N/A,N/A,N/A,N/A,1647706112,1580597248,20467712,N/A,135168,82202624,5,discern-interfa,S (sleeping),nginx2.bnsdq.ozxfs.laefh.kvugl,0.0015767195081829667
1759265438,340,1,103,103,103,103,109,109,109,109,250974208,250974208,236257280,N/A,135168,243245056,1,dbus-daemon,S (sleeping),nginx2.bnsdq.ozxfs.laefh.kvugl,0.3007962034852712
1759265438,3275,1,N/A,N/A,N/A,N/A,N/A,N/A,N/A,N/A,1931149312,1931149312,53477376,N/A,135168,187768832,14,discern-network,S (sleeping),nginx2.bnsdq.ozxfs.laefh.kvugl,2.2254955864525736
1759265438,183,1,N/A,N/A,N/A,N/A,N/A,N/A,N/A,N/A,154570752,137728000,69242880,4096,135168,28184576,1,systemd-journal,S (sleeping),nginx2.bnsdq.ozxfs.laefh.kvugl,0.2543344995154278
1759265438,113700,1,N/A,N/A,N/A,N/A,N/A,N/A,N/A,N/A,1264619520,1264619520,16113664,N/A,135168,45826048,4,discern-proc-so,R (running),nginx2.bnsdq.ozxfs.laefh.kvugl,3.104950109988824
1759265438,80899,1,N/A,N/A,N/A,N/A,N/A,N/A,N/A,N/A,1647706112,1580597248,20467712,N/A,135168,82202624,5,discern-interfa,S (sleeping),nginx2.bnsdq.ozxfs.laefh.kvugl,0.0015735210236548515
1759265443,340,1,103,103,103,103,109,109,109,109,250974208,250974208,236257280,N/A,135168,243245056,1,dbus-daemon,S (sleeping),nginx2.bnsdq.ozxfs.laefh.kvugl,0.3008520891443617
1759265443,3275,1,N/A,N/A,N/A,N/A,N/A,N/A,N/A,N/A,1931149312,1931149312,53477376,N/A,135168,187768832,14,discern-network,S (sleeping),nginx2.bnsdq.ozxfs.laefh.kvugl,2.2255622432817215
1759265443,183,1,N/A,N/A,N/A,N/A,N/A,N/A,N/A,N/A,154570752,137728000,69242880,4096,135168,28184576,1,systemd-journal,S (sleeping),nginx2.bnsdq.ozxfs.laefh.kvugl,0.25479442277734654
1759265443,113700,1,N/A,N/A,N/A,N/A,N/A,N/A,N/A,N/A,1264619520,1264619520,16113664,N/A,135168,45826048,4,discern-proc-so,S (sleeping),nginx2.bnsdq.ozxfs.laefh.kvugl,2.969097348281195
1759265443,80899,1,N/A,N/A,N/A,N/A,N/A,N/A,N/A,N/A,1647706112,1580597248,20467712,N/A,135168,82202624,5,discern-interfa,S (sleeping),nginx2.bnsdq.ozxfs.laefh.kvugl,0.001570333835945446
1759265448,340,1,103,103,103,103,109,109,109,109,250974208,250974208,236257280,N/A,135168,243245056,1,dbus-daemon,S (sleeping),nginx2.bnsdq.ozxfs.laefh.kvugl,0.300908368613962
1759265448,3275,1,N/A,N/A,N/A,N/A,N/A,N/A,N/A,N/A,1931149312,1931149312,53477376,N/A,135168,187768832,14,discern-network,S (sleeping),nginx2.bnsdq.ozxfs.laefh.kvugl,2.225374979669599
1759265448,183,1,N/A,N/A,N/A,N/A,N/A,N/A,N/A,N/A,154570752,137728000,69242880,4096,135168,28184576,1,systemd-journal,S (sleeping),nginx2.bnsdq.ozxfs.laefh.kvugl,0.25475560578723333
1759265448,113700,1,N/A,N/A,N/A,N/A,N/A,N/A,N/A,N/A,1264619520,1264619520,16113664,N/A,135168,45826048,4,discern-proc-so,R (running),nginx2.bnsdq.ozxfs.laefh.kvugl,2.8857346038209597
1759265448,80899,1,N/A,N/A,N/A,N/A,N/A,N/A,N/A,N/A,1647706112,1580597248,20467712,N/A,135168,82202624,5,discern-interfa,S (sleeping),nginx2.bnsdq.ozxfs.laefh.kvugl,0.0015671671324604401
1759265453,340,1,103,103,103,103,109,109,109,109,250974208,250974208,236257280,N/A,135168,243245056,1,dbus-daemon,S (sleeping),nginx2.bnsdq.ozxfs.laefh.kvugl,0.30096415206295773
1759265453,3275,1,N/A,N/A,N/A,N/A,N/A,N/A,N/A,N/A,1931149312,1931149312,53477376,N/A,135168,187768832,14,discern-network,S (sleeping),nginx2.bnsdq.ozxfs.laefh.kvugl,2.2253133336668784
1759265453,183,1,N/A,N/A,N/A,N/A,N/A,N/A,N/A,N/A,154570752,137728000,69242880,4096,135168,28184576,1,systemd-journal,S (sleeping),nginx2.bnsdq.ozxfs.laefh.kvugl,0.25496558785180273
1759265453,113700,1,N/A,N/A,N/A,N/A,N/A,N/A,N/A,N/A,1264619520,1264619520,16113664,N/A,135168,45826048,4,discern-proc-so,R (running),nginx2.bnsdq.ozxfs.laefh.kvugl,2.8585007716440463
1759265453,80899,1,N/A,N/A,N/A,N/A,N/A,N/A,N/A,N/A,1647706112,1580597248,20467712,N/A,135168,82202624,5,discern-interfa,S (sleeping),nginx2.bnsdq.ozxfs.laefh.kvugl,0.0015640061841741863
1759265458,340,1,103,103,103,103,109,109,109,109,250974208,250974208,236257280,N/A,135168,243245056,1,dbus-daemon,S (sleeping),nginx2.bnsdq.ozxfs.laefh.kvugl,0.30089481837050935
1759265458,3275,1,N/A,N/A,N/A,N/A,N/A,N/A,N/A,N/A,1931149312,1931149312,53477376,N/A,135168,187768832,14,discern-network,S (sleeping),nginx2.bnsdq.ozxfs.laefh.kvugl,2.2252475420718643
1759265458,183,1,N/A,N/A,N/A,N/A,N/A,N/A,N/A,N/A,154570752,137728000,69242880,4096,135168,28184576,1,systemd-journal,S (sleeping),nginx2.bnsdq.ozxfs.laefh.kvugl,0.25517483721147105
1759265458,113700,1,N/A,N/A,N/A,N/A,N/A,N/A,N/A,N/A,1264619520,1264619520,16113664,N/A,135168,45826048,4,discern-proc-so,R (running),nginx2.bnsdq.ozxfs.laefh.kvugl,2.837625779400605
1759265458,80899,1,N/A,N/A,N/A,N/A,N/A,N/A,N/A,N/A,1647706112,1580597248,20467712,N/A,135168,82202624,5,discern-interfa,S (sleeping),nginx2.bnsdq.ozxfs.laefh.kvugl,0.0015608491138494863
1759265463,340,1,103,103,103,103,109,109,109,109,250974208,250974208,236257280,N/A,135168,243245056,1,dbus-daemon,S (sleeping),nginx2.bnsdq.ozxfs.laefh.kvugl,0.3008261153958807
1759265463,3275,1,N/A,N/A,N/A,N/A,N/A,N/A,N/A,N/A,1931149312,1931149312,53477376,N/A,135168,187768832,14,discern-network,S (sleeping),nginx2.bnsdq.ozxfs.laefh.kvugl,2.225314411386328
1759265463,183,1,N/A,N/A,N/A,N/A,N/A,N/A,N/A,N/A,154570752,137728000,69242880,4096,135168,28184576,1,systemd-journal,S (sleeping),nginx2.bnsdq.ozxfs.laefh.kvugl,0.25525987786694104
1759265463,113700,1,N/A,N/A,N/A,N/A,N/A,N/A,N/A,N/A,1264619520,1264619520,16113664,N/A,135168,45826048,4,discern-proc-so,S (sleeping),nginx2.bnsdq.ozxfs.laefh.kvugl,2.8227313722250047
1759265463,3688,1,N/A,N/A,N/A,N/A,N/A,N/A,N/A,N/A,1264021504,1264021504,13426688,N/A,135168,45559808,4,discern-cpu-sor,S (sleeping),nginx2.bnsdq.ozxfs.laefh.kvugl,0.019444063588913794
1759265469,340,1,103,103,103,103,109,109,109,109,250974208,250974208,236257280,N/A,135168,243245056,1,dbus-daemon,S (sleeping),nginx2.bnsdq.ozxfs.laefh.kvugl,0.3011303747985484
1759265469,3275,1,N/A,N/A,N/A,N/A,N/A,N/A,N/A,N/A,1931149312,1931149312,53477376,N/A,135168,187768832,14,discern-network,S (sleeping),nginx2.bnsdq.ozxfs.laefh.kvugl,2.2251235683059365
1759265469,183,1,N/A,N/A,N/A,N/A,N/A,N/A,N/A,N/A,154570752,137728000,69242880,4096,135168,28184576,1,systemd-journal,S (sleeping),nginx2.bnsdq.ozxfs.laefh.kvugl,0.2555933388775103
1759265469,113700,1,N/A,N/A,N/A,N/A,N/A,N/A,N/A,N/A,1264619520,1264619520,16113664,N/A,135168,45826048,4,discern-proc-so,S (sleeping),nginx2.bnsdq.ozxfs.laefh.kvugl,2.7692061723054997
1759265469,3688,1,N/A,N/A,N/A,N/A,N/A,N/A,N/A,N/A,1264021504,1264021504,13426688,N/A,135168,45559808,4,discern-cpu-sor,S (sleeping),nginx2.bnsdq.ozxfs.laefh.kvugl,0.01943114767727291
1759265474,340,1,103,103,103,103,109,109,109,109,250974208,250974208,236257280,N/A,135168,243245056,1,dbus-daemon,S (sleeping),nginx2.bnsdq.ozxfs.laefh.kvugl,0.3010619899929967
1759265474,3275,1,N/A,N/A,N/A,N/A,N/A,N/A,N/A,N/A,1931149312,1931149312,53477376,N/A,135168,187768832,14,discern-network,S (sleeping),nginx2.bnsdq.ozxfs.laefh.kvugl,2.2251933346803643
1759265474,183,1,N/A,N/A,N/A,N/A,N/A,N/A,N/A,N/A,154570752,137728000,69242880,4096,135168,28184576,1,systemd-journal,S (sleeping),nginx2.bnsdq.ozxfs.laefh.kvugl,0.2556783198176987
1759265474,113700,1,N/A,N/A,N/A,N/A,N/A,N/A,N/A,N/A,1264619520,1264619520,17207296,N/A,135168,45826048,4,discern-proc-so,S (sleeping),nginx2.bnsdq.ozxfs.laefh.kvugl,2.726747570187775
1759265474,3688,1,N/A,N/A,N/A,N/A,N/A,N/A,N/A,N/A,1264021504,1264021504,13426688,N/A,135168,45559808,4,discern-cpu-sor,S (sleeping),nginx2.bnsdq.ozxfs.laefh.kvugl,0.01941828225546813
1759265479,340,1,103,103,103,103,109,109,109,109,250974208,250974208,236257280,N/A,135168,243245056,1,dbus-daemon,S (sleeping),nginx2.bnsdq.ozxfs.laefh.kvugl,0.3011175130781359
1759265479,3275,1,N/A,N/A,N/A,N/A,N/A,N/A,N/A,N/A,1931149312,1931149312,53477376,N/A,135168,187768832,14,discern-network,S (sleeping),nginx2.bnsdq.ozxfs.laefh.kvugl,2.2250039631796614
1759265479,183,1,N/A,N/A,N/A,N/A,N/A,N/A,N/A,N/A,154570752,137728000,69242880,4096,135168,28184576,1,systemd-journal,S (sleeping),nginx2.bnsdq.ozxfs.laefh.kvugl,0.25576290579695765
1759265479,113700,1,N/A,N/A,N/A,N/A,N/A,N/A,N/A,N/A,1264619520,1264619520,17207296,N/A,135168,45826048,4,discern-proc-so,R (running),nginx2.bnsdq.ozxfs.laefh.kvugl,2.7256546339838628
1759265479,3688,1,N/A,N/A,N/A,N/A,N/A,N/A,N/A,N/A,1264021504,1264021504,13426688,N/A,135168,45559808,4,discern-cpu-sor,S (sleeping),nginx2.bnsdq.ozxfs.laefh.kvugl,0.019533923904514496
1759265484,340,1,103,103,103,103,109,109,109,109,250974208,250974208,236257280,N/A,135168,243245056,1,dbus-daemon,S (sleeping),nginx2.bnsdq.ozxfs.laefh.kvugl,0.3010484131356308
1759265484,3275,1,N/A,N/A,N/A,N/A,N/A,N/A,N/A,N/A,1931149312,1931149312,53477376,N/A,135168,187768832,14,discern-network,S (sleeping),nginx2.bnsdq.ozxfs.laefh.kvugl,2.2251956149528493
1759265484,183,1,N/A,N/A,N/A,N/A,N/A,N/A,N/A,N/A,154570752,137728000,69242880,4096,135168,28184576,1,systemd-journal,S (sleeping),nginx2.bnsdq.ozxfs.laefh.kvugl,0.25597106136246417
1759265484,113700,1,N/A,N/A,N/A,N/A,N/A,N/A,N/A,N/A,1264619520,1264619520,17207296,N/A,135168,45826048,4,discern-proc-so,S (sleeping),nginx2.bnsdq.ozxfs.laefh.kvugl,2.755691799493009
1759265484,3688,1,N/A,N/A,N/A,N/A,N/A,N/A,N/A,N/A,1264021504,1264021504,13426688,N/A,135168,45559808,4,discern-cpu-sor,S (sleeping),nginx2.bnsdq.ozxfs.laefh.kvugl,0.019520952932914264
1759265489,340,1,103,103,103,103,109,109,109,109,250974208,250974208,236257280,N/A,135168,243245056,1,dbus-daemon,S (sleeping),nginx2.bnsdq.ozxfs.laefh.kvugl,0.30098013328593587
1759265489,3275,1,N/A,N/A,N/A,N/A,N/A,N/A,N/A,N/A,1931149312,1931149312,53477376,N/A,135168,187768832,14,discern-network,S (sleeping),nginx2.bnsdq.ozxfs.laefh.kvugl,2.2251365979617
1759265489,183,1,N/A,N/A,N/A,N/A,N/A,N/A,N/A,N/A,154570752,137728000,69242880,4096,135168,28184576,1,systemd-journal,S (sleeping),nginx2.bnsdq.ozxfs.laefh.kvugl,0.2560555777896375
1759265489,113700,1,N/A,N/A,N/A,N/A,N/A,N/A,N/A,N/A,1264619520,1264619520,17207296,N/A,135168,45826048,4,discern-proc-so,R (running),nginx2.bnsdq.ozxfs.laefh.kvugl,2.7091778421738697
1759265489,3688,1,N/A,N/A,N/A,N/A,N/A,N/A,N/A,N/A,1264021504,1264021504,13426688,N/A,135168,45559808,4,discern-cpu-sor,S (sleeping),nginx2.bnsdq.ozxfs.laefh.kvugl,0.01950804904276387
1759265494,340,1,103,103,103,103,109,109,109,109,250974208,250974208,236257280,N/A,135168,243245056,1,dbus-daemon,S (sleeping),nginx2.bnsdq.ozxfs.laefh.kvugl,0.30103242084662757
1759265494,3275,1,N/A,N/A,N/A,N/A,N/A,N/A,N/A,N/A,1931149312,1931149312,53477376,N/A,135168,187768832,14,discern-network,S (sleeping),nginx2.bnsdq.ozxfs.laefh.kvugl,2.22517913052907
1759265494,183,1,N/A,N/A,N/A,N/A,N/A,N/A,N/A,N/A,154570752,137728000,69242880,4096,135168,28184576,1,systemd-journal,S (sleeping),nginx2.bnsdq.ozxfs.laefh.kvugl,0.25626094456692167
1759265494,113700,1,N/A,N/A,N/A,N/A,N/A,N/A,N/A,N/A,1264619520,1264619520,17207296,N/A,135168,45826048,4,discern-proc-so,R (running),nginx2.bnsdq.ozxfs.laefh.kvugl,2.733439085321106
1759265494,3688,1,N/A,N/A,N/A,N/A,N/A,N/A,N/A,N/A,1264021504,1264021504,13426688,N/A,135168,45559808,4,discern-cpu-sor,S (sleeping),nginx2.bnsdq.ozxfs.laefh.kvugl,0.019494927619124764
1759265509,340,1,103,103,103,103,109,109,109,109,250974208,250974208,236257280,N/A,135168,243245056,1,dbus-daemon,S (sleeping),nginx2.bnsdq.ozxfs.laefh.kvugl,0.30122983611474424
1759265509,183,1,N/A,N/A,N/A,N/A,N/A,N/A,N/A,N/A,154570752,137728000,69242880,4096,135168,28184576,1,systemd-journal,S (sleeping),nginx2.bnsdq.ozxfs.laefh.kvugl,0.2567867681978797
1759265509,3275,1,N/A,N/A,N/A,N/A,N/A,N/A,N/A,N/A,1931149312,1931149312,53477376,N/A,135168,187768832,14,discern-network,S (sleeping),nginx2.bnsdq.ozxfs.laefh.kvugl,2.2248529541013613
1759265509,114845,1,N/A,N/A,N/A,N/A,N/A,N/A,N/A,N/A,1264357376,1264357376,16928768,N/A,135168,45563904,4,discern-proc-so,R (running),nginx2.bnsdq.ozxfs.laefh.kvugl,8.502848864468538
1759265509,3688,1,N/A,N/A,N/A,N/A,N/A,N/A,N/A,N/A,1264021504,1264021504,13426688,N/A,135168,45559808,4,discern-cpu-sor,S (sleeping),nginx2.bnsdq.ozxfs.laefh.kvugl,0.019586434372824972
1759265514,340,1,103,103,103,103,109,109,109,109,250974208,250974208,236257280,N/A,135168,243245056,1,dbus-daemon,S (sleeping),nginx2.bnsdq.ozxfs.laefh.kvugl,0.30128518153852407
1759265514,183,1,N/A,N/A,N/A,N/A,N/A,N/A,N/A,N/A,154570752,137728000,69242880,4096,135168,28184576,1,systemd-journal,S (sleeping),nginx2.bnsdq.ozxfs.laefh.kvugl,0.2568704179168785
1759265514,3275,1,N/A,N/A,N/A,N/A,N/A,N/A,N/A,N/A,1931149312,1931149312,53477376,N/A,135168,187768832,14,discern-network,S (sleeping),nginx2.bnsdq.ozxfs.laefh.kvugl,2.2246659689106756
1759265514,114845,1,N/A,N/A,N/A,N/A,N/A,N/A,N/A,N/A,1264619520,1264619520,19382272,N/A,135168,45826048,4,discern-proc-so,S (sleeping),nginx2.bnsdq.ozxfs.laefh.kvugl,3.741280655483146
1759265514,3688,1,N/A,N/A,N/A,N/A,N/A,N/A,N/A,N/A,1264021504,1264021504,13426688,N/A,135168,45559808,4,discern-cpu-sor,S (sleeping),nginx2.bnsdq.ozxfs.laefh.kvugl,0.019573521628986096
1759265519,340,1,103,103,103,103,109,109,109,109,250974208,250974208,236257280,N/A,135168,243245056,1,dbus-daemon,S (sleeping),nginx2.bnsdq.ozxfs.laefh.kvugl,0.30133970705175656
1759265519,183,1,N/A,N/A,N/A,N/A,N/A,N/A,N/A,N/A,154570752,137728000,69242880,4096,135168,28184576,1,systemd-journal,S (sleeping),nginx2.bnsdq.ozxfs.laefh.kvugl,0.2569533214278096
1759265519,3275,1,N/A,N/A,N/A,N/A,N/A,N/A,N/A,N/A,1931149312,1931149312,53477376,N/A,135168,187768832,14,discern-network,S (sleeping),nginx2.bnsdq.ozxfs.laefh.kvugl,2.224601029220587
1759265519,114845,1,N/A,N/A,N/A,N/A,N/A,N/A,N/A,N/A,1264619520,1264619520,19382272,N/A,135168,45826048,4,discern-proc-so,S (sleeping),nginx2.bnsdq.ozxfs.laefh.kvugl,3.3739070718417072
1759265519,3688,1,N/A,N/A,N/A,N/A,N/A,N/A,N/A,N/A,1264021504,1264021504,13426688,N/A,135168,45559808,4,discern-cpu-sor,S (sleeping),nginx2.bnsdq.ozxfs.laefh.kvugl,0.019560575291067146
1759265525,340,1,103,103,103,103,109,109,109,109,250974208,250974208,236257280,N/A,135168,243245056,1,dbus-daemon,S (sleeping),nginx2.bnsdq.ozxfs.laefh.kvugl,0.3012713213516586
1759265525,3275,1,N/A,N/A,N/A,N/A,N/A,N/A,N/A,N/A,1931149312,1931149312,53477376,N/A,135168,187768832,14,discern-network,S (sleeping),nginx2.bnsdq.ozxfs.laefh.kvugl,2.2245410264548395
1759265525,183,1,N/A,N/A,N/A,N/A,N/A,N/A,N/A,N/A,154570752,137728000,69242880,4096,135168,28184576,1,systemd-journal,S (sleeping),nginx2.bnsdq.ozxfs.laefh.kvugl,0.25703665509126156
1759265525,114845,1,N/A,N/A,N/A,N/A,N/A,N/A,N/A,N/A,1264619520,1264619520,19382272,N/A,135168,45826048,4,discern-proc-so,R (running),nginx2.bnsdq.ozxfs.laefh.kvugl,3.232987239950794
1759265525,3688,1,N/A,N/A,N/A,N/A,N/A,N/A,N/A,N/A,1264021504,1264021504,13426688,N/A,135168,45559808,4,discern-cpu-sor,S (sleeping),nginx2.bnsdq.ozxfs.laefh.kvugl,0.0195476889034685
1759265530,340,1,103,103,103,103,109,109,109,109,250974208,250974208,236257280,N/A,135168,243245056,1,dbus-daemon,S (sleeping),nginx2.bnsdq.ozxfs.laefh.kvugl,0.3013257061290556
1759265530,183,1,N/A,N/A,N/A,N/A,N/A,N/A,N/A,N/A,154570752,104280064,69242880,4096,135168,28184576,1,systemd-journal,S (sleeping),nginx2.bnsdq.ozxfs.laefh.kvugl,0.257489415403397
1759265530,3275,1,N/A,N/A,N/A,N/A,N/A,N/A,N/A,N/A,1931149312,1931149312,53477376,N/A,135168,187768832,14,discern-network,S (sleeping),nginx2.bnsdq.ozxfs.laefh.kvugl,2.224475624348388
1759265530,114845,1,N/A,N/A,N/A,N/A,N/A,N/A,N/A,N/A,1264619520,1264619520,19382272,N/A,135168,45826048,4,discern-proc-so,R (running),nginx2.bnsdq.ozxfs.laefh.kvugl,3.0647555914569
1759265530,3688,1,N/A,N/A,N/A,N/A,N/A,N/A,N/A,N/A,1264021504,1264021504,13426688,N/A,135168,45559808,4,discern-cpu-sor,S (sleeping),nginx2.bnsdq.ozxfs.laefh.kvugl,0.01953477153810797
1759265535,340,1,103,103,103,103,109,109,109,109,250974208,250974208,236257280,N/A,135168,243245056,1,dbus-daemon,S (sleeping),nginx2.bnsdq.ozxfs.laefh.kvugl,0.30125764019402074
1759265535,183,1,N/A,N/A,N/A,N/A,N/A,N/A,N/A,N/A,154570752,104280064,69242880,4096,135168,28184576,1,systemd-journal,S (sleeping),nginx2.bnsdq.ozxfs.laefh.kvugl,0.2574491963100603
1759265535,3275,1,N/A,N/A,N/A,N/A,N/A,N/A,N/A,N/A,1931149312,1931149312,53477376,N/A,135168,187768832,14,discern-network,S (sleeping),nginx2.bnsdq.ozxfs.laefh.kvugl,2.2244174527431806
1759265535,114845,1,N/A,N/A,N/A,N/A,N/A,N/A,N/A,N/A,1264619520,1264619520,19382272,N/A,135168,45826048,4,discern-proc-so,R (running),nginx2.bnsdq.ozxfs.laefh.kvugl,2.9263082730783867
1759265535,3688,1,N/A,N/A,N/A,N/A,N/A,N/A,N/A,N/A,1264021504,1264021504,13426688,N/A,135168,45559808,4,discern-cpu-sor,S (sleeping),nginx2.bnsdq.ozxfs.laefh.kvugl,0.01952193387872199
1759265540,340,1,103,103,103,103,109,109,109,109,250974208,250974208,236257280,N/A,135168,243245056,1,dbus-daemon,S (sleeping),nginx2.bnsdq.ozxfs.laefh.kvugl,0.30143626276853874
1759265540,183,1,N/A,N/A,N/A,N/A,N/A,N/A,N/A,N/A,154570752,104280064,69242880,4096,135168,28184576,1,systemd-journal,S (sleeping),nginx2.bnsdq.ozxfs.laefh.kvugl,0.25753235985787015
1759265540,3275,1,N/A,N/A,N/A,N/A,N/A,N/A,N/A,N/A,1931149312,1931149312,53477376,N/A,135168,187768832,14,discern-network,S (sleeping),nginx2.bnsdq.ozxfs.laefh.kvugl,2.2243603413431563
1759265540,114845,1,N/A,N/A,N/A,N/A,N/A,N/A,N/A,N/A,1264619520,1264619520,19382272,N/A,135168,45826048,4,discern-proc-so,S (sleeping),nginx2.bnsdq.ozxfs.laefh.kvugl,2.8320529255070257
1759265540,3688,1,N/A,N/A,N/A,N/A,N/A,N/A,N/A,N/A,1264021504,1264021504,13426688,N/A,135168,45559808,4,discern-cpu-sor,S (sleeping),nginx2.bnsdq.ozxfs.laefh.kvugl,0.01950912145648081
1759265545,340,1,103,103,103,103,109,109,109,109,250974208,250974208,236257280,N/A,135168,243245056,1,dbus-daemon,S (sleeping),nginx2.bnsdq.ozxfs.laefh.kvugl,0.3014904721539805
1759265545,183,1,N/A,N/A,N/A,N/A,N/A,N/A,N/A,N/A,154570752,104280064,69242880,4096,135168,28184576,1,systemd-journal,S (sleeping),nginx2.bnsdq.ozxfs.laefh.kvugl,0.25761453881301066
1759265545,3275,1,N/A,N/A,N/A,N/A,N/A,N/A,N/A,N/A,1931149312,1931149312,53477376,N/A,135168,187768832,14,discern-network,S (sleeping),nginx2.bnsdq.ozxfs.laefh.kvugl,2.2244225678355827
1759265545,114845,1,N/A,N/A,N/A,N/A,N/A,N/A,N/A,N/A,1264619520,1264619520,19382272,N/A,135168,45826048,4,discern-proc-so,R (running),nginx2.bnsdq.ozxfs.laefh.kvugl,2.8412156886635893
1759265545,3688,1,N/A,N/A,N/A,N/A,N/A,N/A,N/A,N/A,1264021504,1264021504,13426688,N/A,135168,45559808,4,discern-cpu-sor,S (sleeping),nginx2.bnsdq.ozxfs.laefh.kvugl,0.01949625737890677
1759265550,340,1,103,103,103,103,109,109,109,109,250974208,250974208,236257280,N/A,135168,243245056,1,dbus-daemon,S (sleeping),nginx2.bnsdq.ozxfs.laefh.kvugl,0.3014221618344906
1759265550,183,1,N/A,N/A,N/A,N/A,N/A,N/A,N/A,N/A,154570752,104280064,69242880,4096,135168,28184576,1,systemd-journal,S (sleeping),nginx2.bnsdq.ozxfs.laefh.kvugl,0.2578202155321138
1759265550,3275,1,N/A,N/A,N/A,N/A,N/A,N/A,N/A,N/A,1931149312,1931149312,53477376,N/A,135168,187768832,14,discern-network,S (sleeping),nginx2.bnsdq.ozxfs.laefh.kvugl,2.2242354723327504
1759265550,114845,1,N/A,N/A,N/A,N/A,N/A,N/A,N/A,N/A,1264619520,1264619520,19382272,N/A,135168,45826048,4,discern-proc-so,R (running),nginx2.bnsdq.ozxfs.laefh.kvugl,2.8259396777353705
1759265550,3688,1,N/A,N/A,N/A,N/A,N/A,N/A,N/A,N/A,1264021504,1264021504,13426688,N/A,135168,45559808,4,discern-cpu-sor,S (sleeping),nginx2.bnsdq.ozxfs.laefh.kvugl,0.019483452264223353
1759265555,340,1,103,103,103,103,109,109,109,109,250974208,250974208,236257280,N/A,135168,243245056,1,dbus-daemon,S (sleeping),nginx2.bnsdq.ozxfs.laefh.kvugl,0.30160064972838235
1759265555,183,1,N/A,N/A,N/A,N/A,N/A,N/A,N/A,N/A,154570752,104280064,69242880,4096,135168,28184576,1,systemd-journal,S (sleeping),nginx2.bnsdq.ozxfs.laefh.kvugl,0.2579032482364462
1759265555,3275,1,N/A,N/A,N/A,N/A,N/A,N/A,N/A,N/A,1931149312,1931149312,53477376,N/A,135168,187768832,14,discern-network,S (sleeping),nginx2.bnsdq.ozxfs.laefh.kvugl,2.2243078449713556
1759265555,114845,1,N/A,N/A,N/A,N/A,N/A,N/A,N/A,N/A,1264619520,1264619520,19382272,N/A,135168,45826048,4,discern-proc-so,S (sleeping),nginx2.bnsdq.ozxfs.laefh.kvugl,2.7524989665160846
1759265555,3688,1,N/A,N/A,N/A,N/A,N/A,N/A,N/A,N/A,1264021504,1264021504,13426688,N/A,135168,45559808,4,discern-cpu-sor,S (sleeping),nginx2.bnsdq.ozxfs.laefh.kvugl,0.0194707109177757
1759265561,340,1,103,103,103,103,109,109,109,109,250974208,250974208,236257280,N/A,135168,243245056,1,dbus-daemon,S (sleeping),nginx2.bnsdq.ozxfs.laefh.kvugl,0.3014093928029365
1759265561,183,1,N/A,N/A,N/A,N/A,N/A,N/A,N/A,N/A,154570752,104280064,69242880,4096,135168,28184576,1,systemd-journal,S (sleeping),nginx2.bnsdq.ozxfs.laefh.kvugl,0.2579855414776536
1759265561,3275,1,N/A,N/A,N/A,N/A,N/A,N/A,N/A,N/A,1931149312,1931149312,53477376,N/A,135168,187768832,14,discern-network,S (sleeping),nginx2.bnsdq.ozxfs.laefh.kvugl,2.2241208012690756
1759265561,114845,1,N/A,N/A,N/A,N/A,N/A,N/A,N/A,N/A,1264619520,1264619520,19382272,N/A,135168,45826048,4,discern-proc-so,S (sleeping),nginx2.bnsdq.ozxfs.laefh.kvugl,2.729919285811689
1759265561,3688,1,N/A,N/A,N/A,N/A,N/A,N/A,N/A,N/A,1264021504,1264021504,13426688,N/A,135168,45559808,4,discern-cpu-sor,S (sleeping),nginx2.bnsdq.ozxfs.laefh.kvugl,0.0194579368729022
1759265566,340,1,103,103,103,103,109,109,109,109,250974208,250974208,236257280,N/A,135168,243245056,1,dbus-daemon,S (sleeping),nginx2.bnsdq.ozxfs.laefh.kvugl,0.30146395416154287
1759265566,183,1,N/A,N/A,N/A,N/A,N/A,N/A,N/A,N/A,154570752,104280064,69242880,4096,135168,28184576,1,systemd-journal,S (sleeping),nginx2.bnsdq.ozxfs.laefh.kvugl,0.25819046006234436
1759265566,3275,1,N/A,N/A,N/A,N/A,N/A,N/A,N/A,N/A,1931149312,1931149312,53477376,N/A,135168,187768832,14,discern-network,S (sleeping),nginx2.bnsdq.ozxfs.laefh.kvugl,2.224059861954663
1759265566,114845,1,N/A,N/A,N/A,N/A,N/A,N/A,N/A,N/A,1264619520,1264619520,19382272,N/A,135168,45826048,4,discern-proc-so,S (sleeping),nginx2.bnsdq.ozxfs.laefh.kvugl,2.7455095292999765
1759265566,3688,1,N/A,N/A,N/A,N/A,N/A,N/A,N/A,N/A,1264021504,1264021504,13426688,N/A,135168,45559808,4,discern-cpu-sor,S (sleeping),nginx2.bnsdq.ozxfs.laefh.kvugl,0.019445171872694282
1759265571,340,1,103,103,103,103,109,109,109,109,250974208,250974208,236257280,N/A,135168,243245056,1,dbus-daemon,S (sleeping),nginx2.bnsdq.ozxfs.laefh.kvugl,0.30151799738263996
1759265571,183,1,N/A,N/A,N/A,N/A,N/A,N/A,N/A,N/A,154570752,104280064,69242880,4096,135168,28184576,1,systemd-journal,S (sleeping),nginx2.bnsdq.ozxfs.laefh.kvugl,0.2581492272258151
1759265571,3275,1,N/A,N/A,N/A,N/A,N/A,N/A,N/A,N/A,1931149312,1931149312,53477376,N/A,135168,187768832,14,discern-network,S (sleeping),nginx2.bnsdq.ozxfs.laefh.kvugl,2.2238688775273077
1759265571,114845,1,N/A,N/A,N/A,N/A,N/A,N/A,N/A,N/A,1264619520,1264619520,19382272,N/A,135168,45826048,4,discern-proc-so,S (sleeping),nginx2.bnsdq.ozxfs.laefh.kvugl,2.7422685891861813
1759265571,3688,1,N/A,N/A,N/A,N/A,N/A,N/A,N/A,N/A,1264021504,1264021504,13426688,N/A,135168,45559808,4,discern-cpu-sor,S (sleeping),nginx2.bnsdq.ozxfs.laefh.kvugl,0.01955940229868276
1759265576,340,1,103,103,103,103,109,109,109,109,250974208,250974208,236257280,N/A,135168,243245056,1,dbus-daemon,S (sleeping),nginx2.bnsdq.ozxfs.laefh.kvugl,0.3015724990328935
1759265576,183,1,N/A,N/A,N/A,N/A,N/A,N/A,N/A,N/A,154570752,104280064,69242880,4096,135168,28184576,1,systemd-journal,S (sleeping),nginx2.bnsdq.ozxfs.laefh.kvugl,0.2583538494911882
1759265576,3275,1,N/A,N/A,N/A,N/A,N/A,N/A,N/A,N/A,1931149312,1931149312,53477376,N/A,135168,187768832,14,discern-network,S (sleeping),nginx2.bnsdq.ozxfs.laefh.kvugl,2.223808754133335
1759265576,114845,1,N/A,N/A,N/A,N/A,N/A,N/A,N/A,N/A,1264619520,1264619520,19382272,N/A,135168,45826048,4,discern-proc-so,S (sleeping),nginx2.bnsdq.ozxfs.laefh.kvugl,2.740086258894865
1759265576,3688,1,N/A,N/A,N/A,N/A,N/A,N/A,N/A,N/A,1264021504,1264021504,13426688,N/A,135168,45559808,4,discern-cpu-sor,S (sleeping),nginx2.bnsdq.ozxfs.laefh.kvugl,0.019546592449630314
1759265581,340,1,103,103,103,103,109,109,109,109,250974208,250974208,236257280,N/A,135168,243245056,1,dbus-daemon,S (sleeping),nginx2.bnsdq.ozxfs.laefh.kvugl,0.3016264504771732
1759265581,183,1,N/A,N/A,N/A,N/A,N/A,N/A,N/A,N/A,154570752,104280064,69242880,4096,135168,28184576,1,systemd-journal,S (sleeping),nginx2.bnsdq.ozxfs.laefh.kvugl,0.2584352007435364
1759265581,3275,1,N/A,N/A,N/A,N/A,N/A,N/A,N/A,N/A,1931149312,1931149312,53477376,N/A,135168,187768832,14,discern-network,S (sleeping),nginx2.bnsdq.ozxfs.laefh.kvugl,2.2237450706487576
1759265581,114845,1,N/A,N/A,N/A,N/A,N/A,N/A,N/A,N/A,1264619520,1264619520,19382272,N/A,135168,45826048,4,discern-proc-so,S (sleeping),nginx2.bnsdq.ozxfs.laefh.kvugl,2.7512818744522276
1759265581,3688,1,N/A,N/A,N/A,N/A,N/A,N/A,N/A,N/A,1264021504,1264021504,13426688,N/A,135168,45559808,4,discern-cpu-sor,S (sleeping),nginx2.bnsdq.ozxfs.laefh.kvugl,0.019533767123104395
1759265586,340,1,103,103,103,103,109,109,109,109,250974208,250974208,236257280,N/A,135168,243245056,1,dbus-daemon,S (sleeping),nginx2.bnsdq.ozxfs.laefh.kvugl,0.30155714333422085
1759265586,183,1,N/A,N/A,N/A,N/A,N/A,N/A,N/A,N/A,154570752,104280064,69242880,4096,135168,28184576,1,systemd-journal,S (sleeping),nginx2.bnsdq.ozxfs.laefh.kvugl,0.2583933711542672
1759265586,3275,1,N/A,N/A,N/A,N/A,N/A,N/A,N/A,N/A,1931149312,1931149312,53477376,N/A,135168,187768832,14,discern-network,S (sleeping),nginx2.bnsdq.ozxfs.laefh.kvugl,2.223676492803765
1759265586,114845,1,N/A,N/A,N/A,N/A,N/A,N/A,N/A,N/A,1264619520,1264619520,19382272,N/A,135168,45826048,4,discern-proc-so,S (sleeping),nginx2.bnsdq.ozxfs.laefh.kvugl,2.747729247919953
1759265586,115760,1,N/A,N/A,N/A,N/A,N/A,N/A,N/A,N/A,728399872,728399872,12718080,N/A,135168,105480192,5,foundryc,S (sleeping),nginx2.bnsdq.ozxfs.laefh.kvugl,0.0
1759265592,340,1,103,103,103,103,109,109,109,109,250974208,250974208,236257280,N/A,135168,243245056,1,dbus-daemon,S (sleeping),nginx2.bnsdq.ozxfs.laefh.kvugl,0.30161120065251285
1759265592,183,1,N/A,N/A,N/A,N/A,N/A,N/A,N/A,N/A,154570752,104280064,69242880,4096,135168,28184576,1,systemd-journal,S (sleeping),nginx2.bnsdq.ozxfs.laefh.kvugl,0.2585971781163956
1759265592,3275,1,N/A,N/A,N/A,N/A,N/A,N/A,N/A,N/A,1931149312,1931149312,53477376,N/A,135168,187768832,14,discern-network,S (sleeping),nginx2.bnsdq.ozxfs.laefh.kvugl,2.2238669311348374
1759265592,114845,1,N/A,N/A,N/A,N/A,N/A,N/A,N/A,N/A,1264619520,1264619520,19382272,N/A,135168,45826048,4,discern-proc-so,R (running),nginx2.bnsdq.ozxfs.laefh.kvugl,2.733451962166255
1759265592,3688,1,N/A,N/A,N/A,N/A,N/A,N/A,N/A,N/A,1264021504,1264021504,13426688,N/A,135168,45559808,4,discern-cpu-sor,S (sleeping),nginx2.bnsdq.ozxfs.laefh.kvugl,0.019508134592297943
1759265597,340,1,103,103,103,103,109,109,109,109,250974208,250974208,236257280,N/A,135168,243245056,1,dbus-daemon,S (sleeping),nginx2.bnsdq.ozxfs.laefh.kvugl,0.30166483986943693
1759265597,183,1,N/A,N/A,N/A,N/A,N/A,N/A,N/A,N/A,154570752,104280064,69242880,4096,135168,28184576,1,systemd-journal,S (sleeping),nginx2.bnsdq.ozxfs.laefh.kvugl,0.25880042911607093
1759265597,3275,1,N/A,N/A,N/A,N/A,N/A,N/A,N/A,N/A,1931149312,1931149312,53477376,N/A,135168,187768832,14,discern-network,S (sleeping),nginx2.bnsdq.ozxfs.laefh.kvugl,2.2238019303420162
1759265597,114845,1,N/A,N/A,N/A,N/A,N/A,N/A,N/A,N/A,1264619520,1264619520,19382272,N/A,135168,45826048,4,discern-proc-so,S (sleeping),nginx2.bnsdq.ozxfs.laefh.kvugl,2.7317357877893405
1759265597,3688,1,N/A,N/A,N/A,N/A,N/A,N/A,N/A,N/A,1264021504,1264021504,13426688,N/A,135168,45559808,4,discern-cpu-sor,S (sleeping),nginx2.bnsdq.ozxfs.laefh.kvugl,0.019495347506974573
1759265602,340,1,103,103,103,103,109,109,109,109,250974208,250974208,236257280,N/A,135168,243245056,1,dbus-daemon,S (sleeping),nginx2.bnsdq.ozxfs.laefh.kvugl,0.30171876777416573
1759265602,183,1,N/A,N/A,N/A,N/A,N/A,N/A,N/A,N/A,154570752,104280064,69242880,4096,135168,28184576,1,systemd-journal,S (sleeping),nginx2.bnsdq.ozxfs.laefh.kvugl,0.25888143995844537
1759265602,3275,1,N/A,N/A,N/A,N/A,N/A,N/A,N/A,N/A,1931149312,1931149312,53477376,N/A,135168,187768832,14,discern-network,S (sleeping),nginx2.bnsdq.ozxfs.laefh.kvugl,2.223865899757931
1759265602,114845,1,N/A,N/A,N/A,N/A,N/A,N/A,N/A,N/A,1264619520,1264619520,19382272,N/A,135168,45826048,4,discern-proc-so,R (running),nginx2.bnsdq.ozxfs.laefh.kvugl,2.7304836395664025
1759265602,3688,1,N/A,N/A,N/A,N/A,N/A,N/A,N/A,N/A,1264021504,1264021504,13426688,N/A,135168,45559808,4,discern-cpu-sor,S (sleeping),nginx2.bnsdq.ozxfs.laefh.kvugl,0.019482600671311606
1759265607,340,1,103,103,103,103,109,109,109,109,250974208,250974208,236257280,N/A,135168,243245056,1,dbus-daemon,S (sleeping),nginx2.bnsdq.ozxfs.laefh.kvugl,0.3016502364179244
1759265607,183,1,N/A,N/A,N/A,N/A,N/A,N/A,N/A,N/A,154570752,104280064,69242880,4096,135168,28184576,1,systemd-journal,S (sleeping),nginx2.bnsdq.ozxfs.laefh.kvugl,0.25896220675123033
1759265607,3275,1,N/A,N/A,N/A,N/A,N/A,N/A,N/A,N/A,1931149312,1931149312,53477376,N/A,135168,187768832,14,discern-network,S (sleeping),nginx2.bnsdq.ozxfs.laefh.kvugl,2.223676297047626
1759265607,114845,1,N/A,N/A,N/A,N/A,N/A,N/A,N/A,N/A,1264619520,1264619520,19382272,N/A,135168,45826048,4,discern-proc-so,R (running),nginx2.bnsdq.ozxfs.laefh.kvugl,2.7392731405058233
1759265607,3688,1,N/A,N/A,N/A,N/A,N/A,N/A,N/A,N/A,1264021504,1264021504,13426688,N/A,135168,45559808,4,discern-cpu-sor,S (sleeping),nginx2.bnsdq.ozxfs.laefh.kvugl,0.019469859539776074
1759265612,340,1,103,103,103,103,109,109,109,109,250974208,250974208,236257280,N/A,135168,243245056,1,dbus-daemon,S (sleeping),nginx2.bnsdq.ozxfs.laefh.kvugl,0.30170464244973594
1759265612,183,1,N/A,N/A,N/A,N/A,N/A,N/A,N/A,N/A,154570752,104280064,69242880,4096,135168,28184576,1,systemd-journal,S (sleeping),nginx2.bnsdq.ozxfs.laefh.kvugl,0.25904347509091435
1759265612,3275,1,N/A,N/A,N/A,N/A,N/A,N/A,N/A,N/A,1931149312,1931149312,53477376,N/A,135168,187768832,14,discern-network,S (sleeping),nginx2.bnsdq.ozxfs.laefh.kvugl,2.223492317751074
1759265612,114845,1,N/A,N/A,N/A,N/A,N/A,N/A,N/A,N/A,1264619520,1264619520,19382272,N/A,135168,45826048,4,discern-proc-so,S (sleeping),nginx2.bnsdq.ozxfs.laefh.kvugl,2.7286165791949517
1759265612,3688,1,N/A,N/A,N/A,N/A,N/A,N/A,N/A,N/A,1264021504,1264021504,13426688,N/A,135168,45559808,4,discern-cpu-sor,S (sleeping),nginx2.bnsdq.ozxfs.laefh.kvugl,0.01945718211291822
1759265617,340,1,103,103,103,103,109,109,109,109,250974208,250974208,236257280,N/A,135168,243245056,1,dbus-daemon,S (sleeping),nginx2.bnsdq.ozxfs.laefh.kvugl,0.3017585334035675
1759265617,183,1,N/A,N/A,N/A,N/A,N/A,N/A,N/A,N/A,154570752,104280064,69242880,4096,135168,28184576,1,systemd-journal,S (sleeping),nginx2.bnsdq.ozxfs.laefh.kvugl,0.25924631368318934
1759265617,3275,1,N/A,N/A,N/A,N/A,N/A,N/A,N/A,N/A,1931149312,1931149312,53477376,N/A,135168,187768832,14,discern-network,S (sleeping),nginx2.bnsdq.ozxfs.laefh.kvugl,2.2234311188735694
1759265617,114845,1,N/A,N/A,N/A,N/A,N/A,N/A,N/A,N/A,1264619520,1264619520,19382272,N/A,135168,45826048,4,discern-proc-so,S (sleeping),nginx2.bnsdq.ozxfs.laefh.kvugl,2.7004734036176994
1759265617,3688,1,N/A,N/A,N/A,N/A,N/A,N/A,N/A,N/A,1264021504,1264021504,13426688,N/A,135168,45559808,4,discern-cpu-sor,S (sleeping),nginx2.bnsdq.ozxfs.laefh.kvugl,0.01944449155791473
1759265623,340,1,103,103,103,103,109,109,109,109,250974208,250974208,236257280,N/A,135168,243245056,1,dbus-daemon,S (sleeping),nginx2.bnsdq.ozxfs.laefh.kvugl,0.3018128444326341
1759265623,183,1,N/A,N/A,N/A,N/A,N/A,N/A,N/A,N/A,154570752,104280064,69242880,4096,135168,28184576,1,systemd-journal,S (sleeping),nginx2.bnsdq.ozxfs.laefh.kvugl,0.25932733461742574
1759265623,3275,1,N/A,N/A,N/A,N/A,N/A,N/A,N/A,N/A,1931149312,1931149312,53477376,N/A,135168,187768832,14,discern-network,S (sleeping),nginx2.bnsdq.ozxfs.laefh.kvugl,2.2236254045741424
1759265623,114845,1,N/A,N/A,N/A,N/A,N/A,N/A,N/A,N/A,1264619520,1264619520,19382272,N/A,135168,45826048,4,discern-proc-so,R (running),nginx2.bnsdq.ozxfs.laefh.kvugl,2.692531277602868
1759265623,3688,1,N/A,N/A,N/A,N/A,N/A,N/A,N/A,N/A,1264021504,1264021504,13426688,N/A,135168,45559808,4,discern-cpu-sor,S (sleeping),nginx2.bnsdq.ozxfs.laefh.kvugl,0.019431849442056816
1759265628,340,1,103,103,103,103,109,109,109,109,250974208,250974208,236257280,N/A,135168,243245056,1,dbus-daemon,S (sleeping),nginx2.bnsdq.ozxfs.laefh.kvugl,0.3018673217643126
1759265628,183,1,N/A,N/A,N/A,N/A,N/A,N/A,N/A,N/A,154570752,104280064,69242880,4096,135168,28184576,1,systemd-journal,S (sleeping),nginx2.bnsdq.ozxfs.laefh.kvugl,0.2595303621383432
1759265628,3275,1,N/A,N/A,N/A,N/A,N/A,N/A,N/A,N/A,1931149312,1931149312,53477376,N/A,135168,187768832,14,discern-network,S (sleeping),nginx2.bnsdq.ozxfs.laefh.kvugl,2.2235697046562843
1759265628,114845,1,N/A,N/A,N/A,N/A,N/A,N/A,N/A,N/A,1264619520,1264619520,19382272,N/A,135168,45826048,4,discern-proc-so,S (sleeping),nginx2.bnsdq.ozxfs.laefh.kvugl,2.685416205879401
1759265628,3688,1,N/A,N/A,N/A,N/A,N/A,N/A,N/A,N/A,1264021504,1264021504,13426688,N/A,135168,45559808,4,discern-cpu-sor,S (sleeping),nginx2.bnsdq.ozxfs.laefh.kvugl,0.019419240131012164
1759265633,340,1,103,103,103,103,109,109,109,109,250974208,250974208,236257280,N/A,135168,243245056,1,dbus-daemon,S (sleeping),nginx2.bnsdq.ozxfs.laefh.kvugl,0.3017990672450696
1759265633,183,1,N/A,N/A,N/A,N/A,N/A,N/A,N/A,N/A,154570752,104280064,69242880,4096,135168,28184576,1,systemd-journal,S (sleeping),nginx2.bnsdq.ozxfs.laefh.kvugl,0.2596105977434572
1759265633,3275,1,N/A,N/A,N/A,N/A,N/A,N/A,N/A,N/A,1931149312,1931149312,53477376,N/A,135168,187768832,14,discern-network,S (sleeping),nginx2.bnsdq.ozxfs.laefh.kvugl,2.2237591827430943
1759265633,114845,1,N/A,N/A,N/A,N/A,N/A,N/A,N/A,N/A,1264619520,1264619520,19382272,N/A,135168,45826048,4,discern-proc-so,R (running),nginx2.bnsdq.ozxfs.laefh.kvugl,2.6863738719538035
1759265633,3688,1,N/A,N/A,N/A,N/A,N/A,N/A,N/A,N/A,1264021504,1264021504,13426688,N/A,135168,45559808,4,discern-cpu-sor,S (sleeping),nginx2.bnsdq.ozxfs.laefh.kvugl,0.019406591725772457
1759265638,340,1,103,103,103,103,109,109,109,109,250974208,250974208,236257280,N/A,135168,243245056,1,dbus-daemon,S (sleeping),nginx2.bnsdq.ozxfs.laefh.kvugl,0.3017314177281064
1759265638,183,1,N/A,N/A,N/A,N/A,N/A,N/A,N/A,N/A,154570752,104280064,69242880,4096,135168,28184576,1,systemd-journal,S (sleeping),nginx2.bnsdq.ozxfs.laefh.kvugl,0.2595694329109426
1759265638,3275,1,N/A,N/A,N/A,N/A,N/A,N/A,N/A,N/A,1931149312,1931149312,53477376,N/A,135168,187768832,14,discern-network,S (sleeping),nginx2.bnsdq.ozxfs.laefh.kvugl,2.2234499228016893
1759265638,114845,1,N/A,N/A,N/A,N/A,N/A,N/A,N/A,N/A,1264619520,1264619520,19382272,N/A,135168,45826048,4,discern-proc-so,R (running),nginx2.bnsdq.ozxfs.laefh.kvugl,2.6875517365491253
1759265638,3688,1,N/A,N/A,N/A,N/A,N/A,N/A,N/A,N/A,1264021504,1264021504,13426688,N/A,135168,45559808,4,discern-cpu-sor,S (sleeping),nginx2.bnsdq.ozxfs.laefh.kvugl,0.019519929836296142
1759265643,340,1,103,103,103,103,109,109,109,109,250974208,250974208,236257280,N/A,135168,243245056,1,dbus-daemon,S (sleeping),nginx2.bnsdq.ozxfs.laefh.kvugl,0.3019074143325416
1759265643,183,1,N/A,N/A,N/A,N/A,N/A,N/A,N/A,N/A,154570752,104280064,69242880,4096,135168,28184576,1,systemd-journal,S (sleeping),nginx2.bnsdq.ozxfs.laefh.kvugl,0.2600151696635009
1759265643,3275,1,N/A,N/A,N/A,N/A,N/A,N/A,N/A,N/A,1931149312,1931149312,53477376,N/A,135168,187768832,14,discern-network,S (sleeping),nginx2.bnsdq.ozxfs.laefh.kvugl,2.2233935289643787
1759265643,114845,1,N/A,N/A,N/A,N/A,N/A,N/A,N/A,N/A,1264619520,1264619520,19382272,N/A,135168,45826048,4,discern-proc-so,R (running),nginx2.bnsdq.ozxfs.laefh.kvugl,2.6740047252791124
1759265643,3688,1,N/A,N/A,N/A,N/A,N/A,N/A,N/A,N/A,1264021504,1264021504,13426688,N/A,135168,45559808,4,discern-cpu-sor,S (sleeping),nginx2.bnsdq.ozxfs.laefh.kvugl,0.019507279963146194
1759265648,340,1,103,103,103,103,109,109,109,109,250974208,250974208,236257280,N/A,135168,243245056,1,dbus-daemon,S (sleeping),nginx2.bnsdq.ozxfs.laefh.kvugl,0.3018403856962009
1759265648,183,1,N/A,N/A,N/A,N/A,N/A,N/A,N/A,N/A,154570752,104280064,69242880,4096,135168,28184576,1,systemd-journal,S (sleeping),nginx2.bnsdq.ozxfs.laefh.kvugl,0.25997432154428785
1759265648,3275,1,N/A,N/A,N/A,N/A,N/A,N/A,N/A,N/A,1931149312,1931149312,53477376,N/A,135168,187768832,14,discern-network,S (sleeping),nginx2.bnsdq.ozxfs.laefh.kvugl,2.2234658485514904
1759265648,114845,1,N/A,N/A,N/A,N/A,N/A,N/A,N/A,N/A,1264619520,1264619520,19382272,N/A,135168,45826048,4,discern-proc-so,S (sleeping),nginx2.bnsdq.ozxfs.laefh.kvugl,2.6545658175985336
1759265648,3688,1,N/A,N/A,N/A,N/A,N/A,N/A,N/A,N/A,1264021504,1264021504,13426688,N/A,135168,45559808,4,discern-cpu-sor,S (sleeping),nginx2.bnsdq.ozxfs.laefh.kvugl,0.019494674338036352
1759265654,340,1,103,103,103,103,109,109,109,109,250974208,250974208,236257280,N/A,135168,243245056,1,dbus-daemon,S (sleeping),nginx2.bnsdq.ozxfs.laefh.kvugl,0.30201581335678646
1759265654,183,1,N/A,N/A,N/A,N/A,N/A,N/A,N/A,N/A,154570752,104280064,69242880,4096,135168,28184576,1,systemd-journal,S (sleeping),nginx2.bnsdq.ozxfs.laefh.kvugl,0.2600544433049921
1759265654,3275,1,N/A,N/A,N/A,N/A,N/A,N/A,N/A,N/A,1931149312,1931149312,53477376,N/A,135168,187768832,14,discern-network,S (sleeping),nginx2.bnsdq.ozxfs.laefh.kvugl,2.2234073806232537
1759265654,114845,1,N/A,N/A,N/A,N/A,N/A,N/A,N/A,N/A,1264619520,1264619520,19382272,N/A,135168,45826048,4,discern-proc-so,R (running),nginx2.bnsdq.ozxfs.laefh.kvugl,2.6498446477101876
1759265654,3688,1,N/A,N/A,N/A,N/A,N/A,N/A,N/A,N/A,1264021504,1264021504,13426688,N/A,135168,45559808,4,discern-cpu-sor,S (sleeping),nginx2.bnsdq.ozxfs.laefh.kvugl,0.01948203823373885
1759265659,340,1,103,103,103,103,109,109,109,109,250974208,250974208,236257280,N/A,135168,243245056,1,dbus-daemon,S (sleeping),nginx2.bnsdq.ozxfs.laefh.kvugl,0.30194748006664746
1759265659,183,1,N/A,N/A,N/A,N/A,N/A,N/A,N/A,N/A,154570752,104280064,69242880,4096,135168,28184576,1,systemd-journal,S (sleeping),nginx2.bnsdq.ozxfs.laefh.kvugl,0.26025537350077577
1759265659,3275,1,N/A,N/A,N/A,N/A,N/A,N/A,N/A,N/A,1931149312,1931149312,53477376,N/A,135168,187768832,14,discern-network,S (sleeping),nginx2.bnsdq.ozxfs.laefh.kvugl,2.2232189804253886
1759265659,114845,1,N/A,N/A,N/A,N/A,N/A,N/A,N/A,N/A,1264619520,1264619520,19382272,N/A,135168,45826048,4,discern-proc-so,S (sleeping),nginx2.bnsdq.ozxfs.laefh.kvugl,2.6649880613563943
1759265659,3688,1,N/A,N/A,N/A,N/A,N/A,N/A,N/A,N/A,1264021504,1264021504,13426688,N/A,135168,45559808,4,discern-cpu-sor,S (sleeping),nginx2.bnsdq.ozxfs.laefh.kvugl,0.019469377106791128
1759265664,340,1,103,103,103,103,109,109,109,109,250974208,250974208,236257280,N/A,135168,243245056,1,dbus-daemon,S (sleeping),nginx2.bnsdq.ozxfs.laefh.kvugl,0.3020012361785588
1759265664,183,1,N/A,N/A,N/A,N/A,N/A,N/A,N/A,N/A,154570752,104280064,69242880,4096,135168,28184576,1,systemd-journal,S (sleeping),nginx2.bnsdq.ozxfs.laefh.kvugl,0.260213849188646
1759265664,3275,1,N/A,N/A,N/A,N/A,N/A,N/A,N/A,N/A,1931149312,1931149312,53477376,N/A,135168,187768832,14,discern-network,S (sleeping),nginx2.bnsdq.ozxfs.laefh.kvugl,2.223160739821482
1759265664,114845,1,N/A,N/A,N/A,N/A,N/A,N/A,N/A,N/A,1264619520,1264619520,19382272,N/A,135168,45826048,4,discern-proc-so,S (sleeping),nginx2.bnsdq.ozxfs.laefh.kvugl,2.6602343723040116
1759265664,3688,1,N/A,N/A,N/A,N/A,N/A,N/A,N/A,N/A,1264021504,1264021504,13426688,N/A,135168,45559808,4,discern-cpu-sor,S (sleeping),nginx2.bnsdq.ozxfs.laefh.kvugl,0.019456773637379344
1759265669,340,1,103,103,103,103,109,109,109,109,250974208,250974208,236257280,N/A,135168,243245056,1,dbus-daemon,S (sleeping),nginx2.bnsdq.ozxfs.laefh.kvugl,0.30205433335637333
1759265669,183,1,N/A,N/A,N/A,N/A,N/A,N/A,N/A,N/A,154570752,104280064,69242880,4096,135168,28184576,1,systemd-journal,S (sleeping),nginx2.bnsdq.ozxfs.laefh.kvugl,0.26065703649347505
1759265669,3275,1,N/A,N/A,N/A,N/A,N/A,N/A,N/A,N/A,1931149312,1931149312,53477376,N/A,135168,187768832,14,discern-network,S (sleeping),nginx2.bnsdq.ozxfs.laefh.kvugl,2.2232232174118147
1759265669,114845,1,N/A,N/A,N/A,N/A,N/A,N/A,N/A,N/A,1264619520,1264619520,19382272,N/A,135168,45826048,4,discern-proc-so,R (running),nginx2.bnsdq.ozxfs.laefh.kvugl,2.6431381132340754
1759265669,3688,1,N/A,N/A,N/A,N/A,N/A,N/A,N/A,N/A,1264021504,1264021504,13426688,N/A,135168,45559808,4,discern-cpu-sor,S (sleeping),nginx2.bnsdq.ozxfs.laefh.kvugl,0.019444147043109233
1759265674,340,1,103,103,103,103,109,109,109,109,250974208,250974208,236257280,N/A,135168,243245056,1,dbus-daemon,S (sleeping),nginx2.bnsdq.ozxfs.laefh.kvugl,0.30198773524791567
1759265674,183,1,N/A,N/A,N/A,N/A,N/A,N/A,N/A,N/A,154570752,104280064,69242880,4096,135168,28184576,1,systemd-journal,S (sleeping),nginx2.bnsdq.ozxfs.laefh.kvugl,0.26049496952295925
1759265674,3275,1,N/A,N/A,N/A,N/A,N/A,N/A,N/A,N/A,1931149312,1931149312,53477376,N/A,135168,187768832,14,discern-network,S (sleeping),nginx2.bnsdq.ozxfs.laefh.kvugl,2.223297788750744
1759265674,114845,1,N/A,N/A,N/A,N/A,N/A,N/A,N/A,N/A,1264619520,1264619520,19382272,N/A,135168,45826048,4,discern-proc-so,S (sleeping),nginx2.bnsdq.ozxfs.laefh.kvugl,2.6097960097367716
1759265674,3688,1,N/A,N/A,N/A,N/A,N/A,N/A,N/A,N/A,1264021504,1264021504,13426688,N/A,135168,45559808,4,discern-cpu-sor,S (sleeping),nginx2.bnsdq.ozxfs.laefh.kvugl,0.01943164371592107
1759265679,340,1,103,103,103,103,109,109,109,109,250974208,250974208,236257280,N/A,135168,243245056,1,dbus-daemon,S (sleeping),nginx2.bnsdq.ozxfs.laefh.kvugl,0.3021626651072042
1759265679,183,1,N/A,N/A,N/A,N/A,N/A,N/A,N/A,N/A,154570752,104280064,69242880,4096,135168,28184576,1,systemd-journal,S (sleeping),nginx2.bnsdq.ozxfs.laefh.kvugl,0.26069577999623644
1759265679,3275,1,N/A,N/A,N/A,N/A,N/A,N/A,N/A,N/A,1931149312,1931149312,53477376,N/A,135168,187768832,14,discern-network,S (sleeping),nginx2.bnsdq.ozxfs.laefh.kvugl,2.22324070660028
1759265679,114845,1,N/A,N/A,N/A,N/A,N/A,N/A,N/A,N/A,1264619520,1264619520,19382272,N/A,135168,45826048,4,discern-proc-so,S (sleeping),nginx2.bnsdq.ozxfs.laefh.kvugl,2.6130065556539277
1759265679,3688,1,N/A,N/A,N/A,N/A,N/A,N/A,N/A,N/A,1264021504,1264021504,13426688,N/A,135168,45559808,4,discern-cpu-sor,S (sleeping),nginx2.bnsdq.ozxfs.laefh.kvugl,0.01941909881940117
1759265685,340,1,103,103,103,103,109,109,109,109,250974208,250974208,236257280,N/A,135168,243245056,1,dbus-daemon,S (sleeping),nginx2.bnsdq.ozxfs.laefh.kvugl,0.30221547108660296
1759265685,183,1,N/A,N/A,N/A,N/A,N/A,N/A,N/A,N/A,154570752,104280064,69242880,4096,135168,28184576,1,systemd-journal,S (sleeping),nginx2.bnsdq.ozxfs.laefh.kvugl,0.2608956269294116
1759265685,3275,1,N/A,N/A,N/A,N/A,N/A,N/A,N/A,N/A,1931149312,1931149312,53477376,N/A,135168,187768832,14,discern-network,S (sleeping),nginx2.bnsdq.ozxfs.laefh.kvugl,2.2233023199361854
1759265685,114845,1,N/A,N/A,N/A,N/A,N/A,N/A,N/A,N/A,1264619520,1264619520,19382272,N/A,135168,45826048,4,discern-proc-so,R (running),nginx2.bnsdq.ozxfs.laefh.kvugl,2.6213452796813517
1759265685,3688,1,N/A,N/A,N/A,N/A,N/A,N/A,N/A,N/A,1264021504,1264021504,13426688,N/A,135168,45559808,4,discern-cpu-sor,S (sleeping),nginx2.bnsdq.ozxfs.laefh.kvugl,0.01940651506822034
1759265690,340,1,103,103,103,103,109,109,109,109,250974208,250974208,236257280,N/A,135168,243245056,1,dbus-daemon,S (sleeping),nginx2.bnsdq.ozxfs.laefh.kvugl,0.30214810080528187
1759265690,183,1,N/A,N/A,N/A,N/A,N/A,N/A,N/A,N/A,154570752,104280064,69242880,4096,135168,28184576,1,systemd-journal,S (sleeping),nginx2.bnsdq.ozxfs.laefh.kvugl,0.26097500671326573
1759265690,3275,1,N/A,N/A,N/A,N/A,N/A,N/A,N/A,N/A,1931149312,1931149312,53477376,N/A,135168,187768832,14,discern-network,S (sleeping),nginx2.bnsdq.ozxfs.laefh.kvugl,2.2232458250148635
1759265690,114845,1,N/A,N/A,N/A,N/A,N/A,N/A,N/A,N/A,1264619520,1264619520,19382272,N/A,135168,45826048,4,discern-proc-so,R (running),nginx2.bnsdq.ozxfs.laefh.kvugl,2.6185835891417457
1759265690,3688,1,N/A,N/A,N/A,N/A,N/A,N/A,N/A,N/A,1264021504,1264021504,13426688,N/A,135168,45559808,4,discern-cpu-sor,S (sleeping),nginx2.bnsdq.ozxfs.laefh.kvugl,0.019394006962498888
1759265695,340,1,103,103,103,103,109,109,109,109,250974208,250974208,236257280,N/A,135168,243245056,1,dbus-daemon,S (sleeping),nginx2.bnsdq.ozxfs.laefh.kvugl,0.30220080422550744
1759265695,183,1,N/A,N/A,N/A,N/A,N/A,N/A,N/A,N/A,154570752,104280064,69242880,4096,135168,28184576,1,systemd-journal,S (sleeping),nginx2.bnsdq.ozxfs.laefh.kvugl,0.2610534765851276
1759265695,3275,1,N/A,N/A,N/A,N/A,N/A,N/A,N/A,N/A,1931149312,1931149312,53477376,N/A,135168,187768832,14,discern-network,S (sleeping),nginx2.bnsdq.ozxfs.laefh.kvugl,2.2233070300681446
1759265695,114845,1,N/A,N/A,N/A,N/A,N/A,N/A,N/A,N/A,1264619520,1264619520,19382272,N/A,135168,45826048,4,discern-proc-so,R (running),nginx2.bnsdq.ozxfs.laefh.kvugl,2.626292597961499
1759265695,3688,1,N/A,N/A,N/A,N/A,N/A,N/A,N/A,N/A,1264021504,1264021504,13426688,N/A,135168,45559808,4,discern-cpu-sor,S (sleeping),nginx2.bnsdq.ozxfs.laefh.kvugl,0.01950649464264825
1759265700,340,1,103,103,103,103,109,109,109,109,250974208,250974208,236257280,N/A,135168,243245056,1,dbus-daemon,S (sleeping),nginx2.bnsdq.ozxfs.laefh.kvugl,0.30213285522024347
1759265700,183,1,N/A,N/A,N/A,N/A,N/A,N/A,N/A,N/A,154570752,104280064,69242880,4096,135168,28184576,1,systemd-journal,S (sleeping),nginx2.bnsdq.ozxfs.laefh.kvugl,0.2611320765894272
1759265700,3275,1,N/A,N/A,N/A,N/A,N/A,N/A,N/A,N/A,1931149312,1931149312,53477376,N/A,135168,187768832,14,discern-network,S (sleeping),nginx2.bnsdq.ozxfs.laefh.kvugl,2.223370145463603
1759265700,114845,1,N/A,N/A,N/A,N/A,N/A,N/A,N/A,N/A,1264619520,1264619520,19382272,N/A,135168,45826048,4,discern-proc-so,S (sleeping),nginx2.bnsdq.ozxfs.laefh.kvugl,2.6284901344100797
1759265700,3688,1,N/A,N/A,N/A,N/A,N/A,N/A,N/A,N/A,1264021504,1264021504,13426688,N/A,135168,45559808,4,discern-cpu-sor,S (sleeping),nginx2.bnsdq.ozxfs.laefh.kvugl,0.01949389340999476
1759265705,340,1,103,103,103,103,109,109,109,109,250974208,250974208,236257280,N/A,135168,243245056,1,dbus-daemon,S (sleeping),nginx2.bnsdq.ozxfs.laefh.kvugl,0.3023068608944032
1759265705,183,1,N/A,N/A,N/A,N/A,N/A,N/A,N/A,N/A,154570752,104280064,69242880,4096,135168,28184576,1,systemd-journal,S (sleeping),nginx2.bnsdq.ozxfs.laefh.kvugl,0.26145237944630095
1759265705,3275,1,N/A,N/A,N/A,N/A,N/A,N/A,N/A,N/A,1931149312,1931149312,53477376,N/A,135168,187768832,14,discern-network,S (sleeping),nginx2.bnsdq.ozxfs.laefh.kvugl,2.22368472066454
1759265705,114845,1,N/A,N/A,N/A,N/A,N/A,N/A,N/A,N/A,1264619520,1264619520,19382272,N/A,135168,45826048,4,discern-proc-so,R (running),nginx2.bnsdq.ozxfs.laefh.kvugl,2.6306882316664097
1759265705,3688,1,N/A,N/A,N/A,N/A,N/A,N/A,N/A,N/A,1264021504,1264021504,13426688,N/A,135168,45559808,4,discern-cpu-sor,S (sleeping),nginx2.bnsdq.ozxfs.laefh.kvugl,0.019481329555155018
1759265710,340,1,103,103,103,103,109,109,109,109,250974208,250974208,236257280,N/A,135168,243245056,1,dbus-daemon,S (sleeping),nginx2.bnsdq.ozxfs.laefh.kvugl,0.3022383692033445
1759265710,183,1,N/A,N/A,N/A,N/A,N/A,N/A,N/A,N/A,154570752,104280064,69242880,4096,135168,28184576,1,systemd-journal,S (sleeping),nginx2.bnsdq.ozxfs.laefh.kvugl,0.2615301490426644
1759265710,3275,1,N/A,N/A,N/A,N/A,N/A,N/A,N/A,N/A,1931149312,1931149312,53477376,N/A,135168,187768832,14,discern-network,S (sleeping),nginx2.bnsdq.ozxfs.laefh.kvugl,2.223618797033626
1759265710,114845,1,N/A,N/A,N/A,N/A,N/A,N/A,N/A,N/A,1264619520,1264619520,19382272,N/A,135168,45826048,4,discern-proc-so,S (sleeping),nginx2.bnsdq.ozxfs.laefh.kvugl,2.6423231065922645
1759265710,3688,1,N/A,N/A,N/A,N/A,N/A,N/A,N/A,N/A,1264021504,1264021504,13426688,N/A,135168,45559808,4,discern-cpu-sor,S (sleeping),nginx2.bnsdq.ozxfs.laefh.kvugl,0.0194687237276348
1759265716,340,1,103,103,103,103,109,109,109,109,250974208,250974208,236257280,N/A,135168,243245056,1,dbus-daemon,S (sleeping),nginx2.bnsdq.ozxfs.laefh.kvugl,0.30229145152291126
1759265716,183,1,N/A,N/A,N/A,N/A,N/A,N/A,N/A,N/A,154570752,104280064,69242880,4096,135168,28184576,1,systemd-journal,S (sleeping),nginx2.bnsdq.ozxfs.laefh.kvugl,0.2614879543713665
1759265716,3275,1,N/A,N/A,N/A,N/A,N/A,N/A,N/A,N/A,1931149312,1931149312,53477376,N/A,135168,187768832,14,discern-network,S (sleeping),nginx2.bnsdq.ozxfs.laefh.kvugl,2.2236838921793867
1759265716,114845,1,N/A,N/A,N/A,N/A,N/A,N/A,N/A,N/A,1264619520,1264619520,19382272,N/A,135168,45826048,4,discern-proc-so,R (running),nginx2.bnsdq.ozxfs.laefh.kvugl,2.644064494476563
1759265716,3688,1,N/A,N/A,N/A,N/A,N/A,N/A,N/A,N/A,1264021504,1264021504,13426688,N/A,135168,45559808,4,discern-cpu-sor,S (sleeping),nginx2.bnsdq.ozxfs.laefh.kvugl,0.019456191527859476
1759265721,340,1,103,103,103,103,109,109,109,109,250974208,250974208,236257280,N/A,135168,243245056,1,dbus-daemon,S (sleeping),nginx2.bnsdq.ozxfs.laefh.kvugl,0.30234383832609824
1759265721,183,1,N/A,N/A,N/A,N/A,N/A,N/A,N/A,N/A,154570752,104280064,69242880,4096,135168,28184576,1,systemd-journal,S (sleeping),nginx2.bnsdq.ozxfs.laefh.kvugl,0.26168634043819994
1759265721,3275,1,N/A,N/A,N/A,N/A,N/A,N/A,N/A,N/A,1931149312,1931149312,53477376,N/A,135168,187768832,14,discern-network,S (sleeping),nginx2.bnsdq.ozxfs.laefh.kvugl,2.223619771864475
1759265721,114845,1,N/A,N/A,N/A,N/A,N/A,N/A,N/A,N/A,1264619520,1264619520,19382272,N/A,135168,45826048,4,discern-proc-so,S (sleeping),nginx2.bnsdq.ozxfs.laefh.kvugl,2.6501960680492225
1759265721,3688,1,N/A,N/A,N/A,N/A,N/A,N/A,N/A,N/A,1264021504,1264021504,13426688,N/A,135168,45559808,4,discern-cpu-sor,S (sleeping),nginx2.bnsdq.ozxfs.laefh.kvugl,0.01944363318359756
1759265726,340,1,103,103,103,103,109,109,109,109,250974208,250974208,236257280,N/A,135168,243245056,1,dbus-daemon,S (sleeping),nginx2.bnsdq.ozxfs.laefh.kvugl,0.30227678971168687
1759265726,183,1,N/A,N/A,N/A,N/A,N/A,N/A,N/A,N/A,154570752,104280064,69242880,4096,135168,28184576,1,systemd-journal,S (sleeping),nginx2.bnsdq.ozxfs.laefh.kvugl,0.2617649780679031
1759265726,3275,1,N/A,N/A,N/A,N/A,N/A,N/A,N/A,N/A,1931149312,1931149312,53477376,N/A,135168,187768832,14,discern-network,S (sleeping),nginx2.bnsdq.ozxfs.laefh.kvugl,2.2234399246602665
1759265726,114845,1,N/A,N/A,N/A,N/A,N/A,N/A,N/A,N/A,1264619520,1264619520,19382272,N/A,135168,45826048,4,discern-proc-so,S (sleeping),nginx2.bnsdq.ozxfs.laefh.kvugl,2.642668782760706
1759265726,3688,1,N/A,N/A,N/A,N/A,N/A,N/A,N/A,N/A,1264021504,1264021504,13426688,N/A,135168,45559808,4,discern-cpu-sor,S (sleeping),nginx2.bnsdq.ozxfs.laefh.kvugl,0.019431165140309455
1759265731,340,1,103,103,103,103,109,109,109,109,250974208,250974208,236257280,N/A,135168,243245056,1,dbus-daemon,S (sleeping),nginx2.bnsdq.ozxfs.laefh.kvugl,0.30245101889245296
1759265731,183,1,N/A,N/A,N/A,N/A,N/A,N/A,N/A,N/A,154570752,112668672,69242880,4096,135168,28184576,1,systemd-journal,S (sleeping),nginx2.bnsdq.ozxfs.laefh.kvugl,0.26208463035940255
1759265731,3275,1,N/A,N/A,N/A,N/A,N/A,N/A,N/A,N/A,1931149312,1931149312,53477376,N/A,135168,187768832,14,discern-network,S (sleeping),nginx2.bnsdq.ozxfs.laefh.kvugl,2.2236357344336115
1759265731,114845,1,N/A,N/A,N/A,N/A,N/A,N/A,N/A,N/A,1264619520,1264619520,19382272,N/A,135168,45826048,4,discern-proc-so,S (sleeping),nginx2.bnsdq.ozxfs.laefh.kvugl,2.6356126950626786
1759265731,3688,1,N/A,N/A,N/A,N/A,N/A,N/A,N/A,N/A,1264021504,1264021504,13426688,N/A,135168,45559808,4,discern-cpu-sor,S (sleeping),nginx2.bnsdq.ozxfs.laefh.kvugl,0.019418738516379503
1759265736,340,1,103,103,103,103,109,109,109,109,250974208,250974208,236257280,N/A,135168,243245056,1,dbus-daemon,S (sleeping),nginx2.bnsdq.ozxfs.laefh.kvugl,0.30250352430534305
1759265736,183,1,N/A,N/A,N/A,N/A,N/A,N/A,N/A,N/A,154570752,112668672,69242880,4096,135168,28184576,1,systemd-journal,S (sleeping),nginx2.bnsdq.ozxfs.laefh.kvugl,0.2621622381749144
1759265736,3275,1,N/A,N/A,N/A,N/A,N/A,N/A,N/A,N/A,1931149312,1931149312,53477376,N/A,135168,187768832,14,discern-network,S (sleeping),nginx2.bnsdq.ozxfs.laefh.kvugl,2.223450117929277
1759265736,114845,1,N/A,N/A,N/A,N/A,N/A,N/A,N/A,N/A,1264619520,1264619520,19382272,N/A,135168,45826048,4,discern-proc-so,R (running),nginx2.bnsdq.ozxfs.laefh.kvugl,2.641623573098608
1759265736,3688,1,N/A,N/A,N/A,N/A,N/A,N/A,N/A,N/A,1264021504,1264021504,13426688,N/A,135168,45559808,4,discern-cpu-sor,S (sleeping),nginx2.bnsdq.ozxfs.laefh.kvugl,0.01940624996536746
1759265741,340,1,103,103,103,103,109,109,109,109,250974208,250974208,236257280,N/A,135168,243245056,1,dbus-daemon,S (sleeping),nginx2.bnsdq.ozxfs.laefh.kvugl,0.30243657449860817
1759265741,183,1,N/A,N/A,N/A,N/A,N/A,N/A,N/A,N/A,154570752,112668672,69242880,4096,135168,28184576,1,systemd-journal,S (sleeping),nginx2.bnsdq.ozxfs.laefh.kvugl,0.26224049433179036
1759265741,3275,1,N/A,N/A,N/A,N/A,N/A,N/A,N/A,N/A,1931149312,1931149312,53477376,N/A,135168,187768832,14,discern-network,S (sleeping),nginx2.bnsdq.ozxfs.laefh.kvugl,2.2238912746074027
1759265741,114845,1,N/A,N/A,N/A,N/A,N/A,N/A,N/A,N/A,1264619520,1264619520,19382272,N/A,135168,45826048,4,discern-proc-so,R (running),nginx2.bnsdq.ozxfs.laefh.kvugl,2.634802319547216
1759265741,3688,1,N/A,N/A,N/A,N/A,N/A,N/A,N/A,N/A,1264021504,1264021504,13426688,N/A,135168,45559808,4,discern-cpu-sor,S (sleeping),nginx2.bnsdq.ozxfs.laefh.kvugl,0.019393833789197457
1759265746,340,1,103,103,103,103,109,109,109,109,250974208,250974208,236257280,N/A,135168,243245056,1,dbus-daemon,S (sleeping),nginx2.bnsdq.ozxfs.laefh.kvugl,0.3024890191830836
1759265746,183,1,N/A,N/A,N/A,N/A,N/A,N/A,N/A,N/A,154570752,112668672,69242880,4096,135168,28184576,1,systemd-journal,S (sleeping),nginx2.bnsdq.ozxfs.laefh.kvugl,0.2623179069555902
1759265746,3275,1,N/A,N/A,N/A,N/A,N/A,N/A,N/A,N/A,1931149312,1931149312,53477376,N/A,135168,187768832,14,discern-network,S (sleeping),nginx2.bnsdq.ozxfs.laefh.kvugl,2.223829635864134
1759265746,114845,1,N/A,N/A,N/A,N/A,N/A,N/A,N/A,N/A,1264619520,1264619520,19382272,N/A,135168,45826048,4,discern-proc-so,R (running),nginx2.bnsdq.ozxfs.laefh.kvugl,2.6363849050245145
1759265746,3688,1,N/A,N/A,N/A,N/A,N/A,N/A,N/A,N/A,1264021504,1264021504,13426688,N/A,135168,45559808,4,discern-cpu-sor,S (sleeping),nginx2.bnsdq.ozxfs.laefh.kvugl,0.019505616575946676
1759265752,340,1,103,103,103,103,109,109,109,109,250974208,250974208,236257280,N/A,135168,243245056,1,dbus-daemon,S (sleeping),nginx2.bnsdq.ozxfs.laefh.kvugl,0.3024220773025181
1759265752,183,1,N/A,N/A,N/A,N/A,N/A,N/A,N/A,N/A,154570752,112668672,69242880,4096,135168,28184576,1,systemd-journal,S (sleeping),nginx2.bnsdq.ozxfs.laefh.kvugl,0.26239590029192567
1759265752,3275,1,N/A,N/A,N/A,N/A,N/A,N/A,N/A,N/A,1931149312,1931149312,53477376,N/A,135168,187768832,14,discern-network,S (sleeping),nginx2.bnsdq.ozxfs.laefh.kvugl,2.2238978373674207
1759265752,114845,1,N/A,N/A,N/A,N/A,N/A,N/A,N/A,N/A,1264619520,1264619520,19382272,N/A,135168,45826048,4,discern-proc-so,S (sleeping),nginx2.bnsdq.ozxfs.laefh.kvugl,2.6340368591276566
1759265752,3688,1,N/A,N/A,N/A,N/A,N/A,N/A,N/A,N/A,1264021504,1264021504,13426688,N/A,135168,45559808,4,discern-cpu-sor,S (sleeping),nginx2.bnsdq.ozxfs.laefh.kvugl,0.019493148124896883
1759265757,340,1,103,103,103,103,109,109,109,109,250974208,250974208,236257280,N/A,135168,243245056,1,dbus-daemon,S (sleeping),nginx2.bnsdq.ozxfs.laefh.kvugl,0.3025952350937899
1759265757,183,1,N/A,N/A,N/A,N/A,N/A,N/A,N/A,N/A,154570752,112668672,69242880,4096,135168,28184576,1,systemd-journal,S (sleeping),nginx2.bnsdq.ozxfs.laefh.kvugl,0.26259377496511094
1759265757,3275,1,N/A,N/A,N/A,N/A,N/A,N/A,N/A,N/A,1931149312,1931149312,53477376,N/A,135168,187768832,14,discern-network,S (sleeping),nginx2.bnsdq.ozxfs.laefh.kvugl,2.2239656174229343
1759265757,114845,1,N/A,N/A,N/A,N/A,N/A,N/A,N/A,N/A,1264619520,1264619520,19382272,N/A,135168,45826048,4,discern-proc-so,S (sleeping),nginx2.bnsdq.ozxfs.laefh.kvugl,2.6317715027019633
1759265757,3688,1,N/A,N/A,N/A,N/A,N/A,N/A,N/A,N/A,1264021504,1264021504,13426688,N/A,135168,45559808,4,discern-cpu-sor,S (sleeping),nginx2.bnsdq.ozxfs.laefh.kvugl,0.01948069224898994
1759265762,340,1,103,103,103,103,109,109,109,109,250974208,250974208,236257280,N/A,135168,243245056,1,dbus-daemon,S (sleeping),nginx2.bnsdq.ozxfs.laefh.kvugl,0.30252735151789023
1759265762,183,1,N/A,N/A,N/A,N/A,N/A,N/A,N/A,N/A,154570752,112668672,69242880,4096,135168,28184576,1,systemd-journal,S (sleeping),nginx2.bnsdq.ozxfs.laefh.kvugl,0.2625507278672335
1759265762,3275,1,N/A,N/A,N/A,N/A,N/A,N/A,N/A,N/A,1931149312,1931149312,53477376,N/A,135168,187768832,14,discern-network,S (sleeping),nginx2.bnsdq.ozxfs.laefh.kvugl,2.223902675514644
1759265762,114845,1,N/A,N/A,N/A,N/A,N/A,N/A,N/A,N/A,1264619520,1264619520,19382272,N/A,135168,45826048,4,discern-proc-so,S (sleeping),nginx2.bnsdq.ozxfs.laefh.kvugl,2.625408327769002
1759265762,80899,1,N/A,N/A,N/A,N/A,N/A,N/A,N/A,N/A,1647706112,1580597248,20467712,N/A,135168,82202624,5,discern-interfa,S (sleeping),nginx2.bnsdq.ozxfs.laefh.kvugl,0.0013954607284508203
1759265767,340,1,103,103,103,103,109,109,109,109,250974208,250974208,236257280,N/A,135168,243245056,1,dbus-daemon,S (sleeping),nginx2.bnsdq.ozxfs.laefh.kvugl,0.3025801969619094
1759265767,183,1,N/A,N/A,N/A,N/A,N/A,N/A,N/A,N/A,154570752,112668672,69242880,4096,135168,28184576,1,systemd-journal,S (sleeping),nginx2.bnsdq.ozxfs.laefh.kvugl,0.2628679974068092
1759265767,3275,1,N/A,N/A,N/A,N/A,N/A,N/A,N/A,N/A,1931149312,1931149312,53477376,N/A,135168,187768832,14,discern-network,S (sleeping),nginx2.bnsdq.ozxfs.laefh.kvugl,2.2240928357534617
1759265767,114845,1,N/A,N/A,N/A,N/A,N/A,N/A,N/A,N/A,1264619520,1264619520,19382272,N/A,135168,45826048,4,discern-proc-so,R (running),nginx2.bnsdq.ozxfs.laefh.kvugl,2.627215087443576
1759265767,80899,1,N/A,N/A,N/A,N/A,N/A,N/A,N/A,N/A,1647706112,1580597248,20467712,N/A,135168,82202624,5,discern-interfa,S (sleeping),nginx2.bnsdq.ozxfs.laefh.kvugl,0.0013929561917809083
1759265772,340,1,103,103,103,103,109,109,109,109,250974208,250974208,236257280,N/A,135168,243245056,1,dbus-daemon,S (sleeping),nginx2.bnsdq.ozxfs.laefh.kvugl,0.30263220794067575
1759265772,183,1,N/A,N/A,N/A,N/A,N/A,N/A,N/A,N/A,154570752,112668672,69242880,4096,135168,28184576,1,systemd-journal,S (sleeping),nginx2.bnsdq.ozxfs.laefh.kvugl,0.26294462117981615
1759265772,3275,1,N/A,N/A,N/A,N/A,N/A,N/A,N/A,N/A,1931149312,1931149312,53477376,N/A,135168,187768832,14,discern-network,S (sleeping),nginx2.bnsdq.ozxfs.laefh.kvugl,2.2239063054731774
1759265772,114845,1,N/A,N/A,N/A,N/A,N/A,N/A,N/A,N/A,1264619520,1264619520,19472384,N/A,135168,45826048,4,discern-proc-so,S (sleeping),nginx2.bnsdq.ozxfs.laefh.kvugl,2.632517408187716
1759265772,80899,1,N/A,N/A,N/A,N/A,N/A,N/A,N/A,N/A,1647706112,1580597248,20467712,N/A,135168,82202624,5,discern-interfa,S (sleeping),nginx2.bnsdq.ozxfs.laefh.kvugl,0.001390450378794244
1759265777,340,1,103,103,103,103,109,109,109,109,250974208,250974208,236257280,N/A,135168,243245056,1,dbus-daemon,S (sleeping),nginx2.bnsdq.ozxfs.laefh.kvugl,0.30268479802468473
1759265777,183,1,N/A,N/A,N/A,N/A,N/A,N/A,N/A,N/A,154570752,112668672,69242880,4096,135168,28184576,1,systemd-journal,S (sleeping),nginx2.bnsdq.ozxfs.laefh.kvugl,0.26302170884485343
1759265777,3275,1,N/A,N/A,N/A,N/A,N/A,N/A,N/A,N/A,1931149312,1931149312,53477376,N/A,135168,187768832,14,discern-network,S (sleeping),nginx2.bnsdq.ozxfs.laefh.kvugl,2.2239718156001222
1759265777,114845,1,N/A,N/A,N/A,N/A,N/A,N/A,N/A,N/A,1264619520,1264619520,19472384,N/A,135168,45826048,4,discern-proc-so,R (running),nginx2.bnsdq.ozxfs.laefh.kvugl,2.630380801464833
1759265777,80899,1,N/A,N/A,N/A,N/A,N/A,N/A,N/A,N/A,1647706112,1580597248,20467712,N/A,135168,82202624,5,discern-interfa,S (sleeping),nginx2.bnsdq.ozxfs.laefh.kvugl,0.0013879621291707747
1759265783,340,1,103,103,103,103,109,109,109,109,250974208,250974208,236257280,N/A,135168,243245056,1,dbus-daemon,S (sleeping),nginx2.bnsdq.ozxfs.laefh.kvugl,0.30273376288141324
1759265783,183,1,N/A,N/A,N/A,N/A,N/A,N/A,N/A,N/A,154570752,112668672,69242880,4096,135168,28184576,1,systemd-journal,S (sleeping),nginx2.bnsdq.ozxfs.laefh.kvugl,0.2630956001959132
1759265783,3275,1,N/A,N/A,N/A,N/A,N/A,N/A,N/A,N/A,1931149312,1931149312,53477376,N/A,135168,187768832,14,discern-network,S (sleeping),nginx2.bnsdq.ozxfs.laefh.kvugl,2.2238867297412432
1759265783,114845,1,N/A,N/A,N/A,N/A,N/A,N/A,N/A,N/A,1264619520,1264619520,19472384,N/A,135168,45826048,4,discern-proc-so,R (running),nginx2.bnsdq.ozxfs.laefh.kvugl,2.634645432570574
1759265783,80899,1,N/A,N/A,N/A,N/A,N/A,N/A,N/A,N/A,1647706112,1580597248,20467712,N/A,135168,82202624,5,discern-interfa,S (sleeping),nginx2.bnsdq.ozxfs.laefh.kvugl,0.0013854350177207482
1759265797,340,1,103,103,103,103,109,109,109,109,250974208,250974208,236257280,N/A,135168,243245056,1,dbus-daemon,S (sleeping),nginx2.bnsdq.ozxfs.laefh.kvugl,0.30280262273897945
1759265797,183,1,N/A,N/A,N/A,N/A,N/A,N/A,N/A,N/A,154570752,112668672,69242880,4096,135168,28184576,1,systemd-journal,S (sleeping),nginx2.bnsdq.ozxfs.laefh.kvugl,0.2635919384220142
1759265797,3275,1,N/A,N/A,N/A,N/A,N/A,N/A,N/A,N/A,1931149312,1931149312,53477376,N/A,135168,187768832,14,discern-network,S (sleeping),nginx2.bnsdq.ozxfs.laefh.kvugl,2.2238259011340906
1759265797,118658,1,N/A,N/A,N/A,N/A,N/A,N/A,N/A,N/A,1264619520,1264619520,17080320,N/A,135168,45826048,4,discern-proc-so,S (sleeping),nginx2.bnsdq.ozxfs.laefh.kvugl,6.702387109514242
1759265797,80899,1,N/A,N/A,N/A,N/A,N/A,N/A,N/A,N/A,1647706112,1580597248,20467712,N/A,135168,82202624,5,discern-interfa,S (sleeping),nginx2.bnsdq.ozxfs.laefh.kvugl,0.0013784592634485018
1759265802,340,1,103,103,103,103,109,109,109,109,250974208,250974208,236257280,N/A,135168,243245056,1,dbus-daemon,S (sleeping),nginx2.bnsdq.ozxfs.laefh.kvugl,0.3027356579549528
1759265802,183,1,N/A,N/A,N/A,N/A,N/A,N/A,N/A,N/A,154570752,121057280,69242880,4096,135168,28184576,1,systemd-journal,S (sleeping),nginx2.bnsdq.ozxfs.laefh.kvugl,0.26366846799584676
1759265802,3275,1,N/A,N/A,N/A,N/A,N/A,N/A,N/A,N/A,1931149312,1931149312,53477376,N/A,135168,187768832,14,discern-network,S (sleeping),nginx2.bnsdq.ozxfs.laefh.kvugl,2.22376878951035
1759265802,118658,1,N/A,N/A,N/A,N/A,N/A,N/A,N/A,N/A,1264619520,1264619520,17235968,N/A,135168,45826048,4,discern-proc-so,R (running),nginx2.bnsdq.ozxfs.laefh.kvugl,3.5994476846793284
1759265802,80899,1,N/A,N/A,N/A,N/A,N/A,N/A,N/A,N/A,1647706112,1580597248,20467712,N/A,135168,82202624,5,discern-interfa,S (sleeping),nginx2.bnsdq.ozxfs.laefh.kvugl,0.0013760146669923707
1759265808,340,1,103,103,103,103,109,109,109,109,250974208,250974208,236257280,N/A,135168,243245056,1,dbus-daemon,S (sleeping),nginx2.bnsdq.ozxfs.laefh.kvugl,0.3027874666173201
1759265808,183,1,N/A,N/A,N/A,N/A,N/A,N/A,N/A,N/A,154570752,121057280,69242880,4096,135168,28184576,1,systemd-journal,S (sleeping),nginx2.bnsdq.ozxfs.laefh.kvugl,0.263744374460588
1759265808,3275,1,N/A,N/A,N/A,N/A,N/A,N/A,N/A,N/A,1931149312,1931149312,53477376,N/A,135168,187768832,14,discern-network,S (sleeping),nginx2.bnsdq.ozxfs.laefh.kvugl,2.2237071569101263
1759265808,118658,1,N/A,N/A,N/A,N/A,N/A,N/A,N/A,N/A,1264619520,1264619520,17350656,N/A,135168,45826048,4,discern-proc-so,S (sleeping),nginx2.bnsdq.ozxfs.laefh.kvugl,3.2185170455930767
1759265808,80899,1,N/A,N/A,N/A,N/A,N/A,N/A,N/A,N/A,1647706112,1580597248,20467712,N/A,135168,82202624,5,discern-interfa,S (sleeping),nginx2.bnsdq.ozxfs.laefh.kvugl,0.0013735709612832548
1759265813,340,1,103,103,103,103,109,109,109,109,250974208,250974208,236257280,N/A,135168,243245056,1,dbus-daemon,S (sleeping),nginx2.bnsdq.ozxfs.laefh.kvugl,0.30284016602777897
1759265813,183,1,N/A,N/A,N/A,N/A,N/A,N/A,N/A,N/A,154570752,121057280,69242880,4096,135168,28184576,1,systemd-journal,S (sleeping),nginx2.bnsdq.ozxfs.laefh.kvugl,0.26382101694644383
1759265813,3275,1,N/A,N/A,N/A,N/A,N/A,N/A,N/A,N/A,1931149312,1931149312,53477376,N/A,135168,187768832,14,discern-network,S (sleeping),nginx2.bnsdq.ozxfs.laefh.kvugl,2.223775730448516
1759265813,118658,1,N/A,N/A,N/A,N/A,N/A,N/A,N/A,N/A,1264619520,1264619520,17350656,N/A,135168,45826048,4,discern-proc-so,R (running),nginx2.bnsdq.ozxfs.laefh.kvugl,3.012239177005304
1759265813,80899,1,N/A,N/A,N/A,N/A,N/A,N/A,N/A,N/A,1647706112,1580597248,20467712,N/A,135168,82202624,5,discern-interfa,S (sleeping),nginx2.bnsdq.ozxfs.laefh.kvugl,0.0013711482305270083
1759265818,340,1,103,103,103,103,109,109,109,109,250974208,250974208,236257280,N/A,135168,243245056,1,dbus-daemon,S (sleeping),nginx2.bnsdq.ozxfs.laefh.kvugl,0.30301169885884355
1759265818,183,1,N/A,N/A,N/A,N/A,N/A,N/A,N/A,N/A,154570752,121057280,69242880,4096,135168,28184576,1,systemd-journal,S (sleeping),nginx2.bnsdq.ozxfs.laefh.kvugl,0.26425476508983364
1759265818,3275,1,N/A,N/A,N/A,N/A,N/A,N/A,N/A,N/A,1931149312,1931149312,53477376,N/A,135168,187768832,14,discern-network,S (sleeping),nginx2.bnsdq.ozxfs.laefh.kvugl,2.2238422736558183
1759265818,118658,1,N/A,N/A,N/A,N/A,N/A,N/A,N/A,N/A,1264619520,1264619520,17354752,N/A,135168,45826048,4,discern-proc-so,S (sleeping),nginx2.bnsdq.ozxfs.laefh.kvugl,2.899772814073442
1759265818,80899,1,N/A,N/A,N/A,N/A,N/A,N/A,N/A,N/A,1647706112,1580597248,20467712,N/A,135168,82202624,5,discern-interfa,S (sleeping),nginx2.bnsdq.ozxfs.laefh.kvugl,0.0013687306938746804
1759265823,340,1,103,103,103,103,109,109,109,109,250974208,250974208,236257280,N/A,135168,243245056,1,dbus-daemon,S (sleeping),nginx2.bnsdq.ozxfs.laefh.kvugl,0.303063045761782
1759265823,183,1,N/A,N/A,N/A,N/A,N/A,N/A,N/A,N/A,154570752,121057280,69242880,4096,135168,28184576,1,systemd-journal,S (sleeping),nginx2.bnsdq.ozxfs.laefh.kvugl,0.2643299968156617
1759265823,3275,1,N/A,N/A,N/A,N/A,N/A,N/A,N/A,N/A,1931149312,1931149312,53477376,N/A,135168,187768832,14,discern-network,S (sleeping),nginx2.bnsdq.ozxfs.laefh.kvugl,2.223901962667638
1759265823,118658,1,N/A,N/A,N/A,N/A,N/A,N/A,N/A,N/A,1264619520,1264619520,17362944,N/A,135168,45826048,4,discern-proc-so,S (sleeping),nginx2.bnsdq.ozxfs.laefh.kvugl,2.8992848295441753
1759265823,80899,1,N/A,N/A,N/A,N/A,N/A,N/A,N/A,N/A,1647706112,1580597248,20467712,N/A,135168,82202624,5,discern-interfa,S (sleeping),nginx2.bnsdq.ozxfs.laefh.kvugl,0.0013663100820627701
1759265828,340,1,103,103,103,103,109,109,109,109,250974208,250974208,236257280,N/A,135168,243245056,1,dbus-daemon,S (sleeping),nginx2.bnsdq.ozxfs.laefh.kvugl,0.3029962093967687
1759265828,183,1,N/A,N/A,N/A,N/A,N/A,N/A,N/A,N/A,154570752,121057280,69242880,4096,135168,28184576,1,systemd-journal,S (sleeping),nginx2.bnsdq.ozxfs.laefh.kvugl,0.264405913270474
1759265828,3275,1,N/A,N/A,N/A,N/A,N/A,N/A,N/A,N/A,1931149312,1931149312,53477376,N/A,135168,187768832,14,discern-network,S (sleeping),nginx2.bnsdq.ozxfs.laefh.kvugl,2.223722947548427
1759265828,118658,1,N/A,N/A,N/A,N/A,N/A,N/A,N/A,N/A,1264619520,1264619520,17362944,N/A,135168,45826048,4,discern-proc-so,R (running),nginx2.bnsdq.ozxfs.laefh.kvugl,2.840063104856061
1759265828,80899,1,N/A,N/A,N/A,N/A,N/A,N/A,N/A,N/A,1647706112,1580597248,20467712,N/A,135168,82202624,5,discern-interfa,S (sleeping),nginx2.bnsdq.ozxfs.laefh.kvugl,0.0013639095229818418
1759265833,340,1,103,103,103,103,109,109,109,109,250974208,250974208,236257280,N/A,135168,243245056,1,dbus-daemon,S (sleeping),nginx2.bnsdq.ozxfs.laefh.kvugl,0.3030473884513072
1759265833,183,1,N/A,N/A,N/A,N/A,N/A,N/A,N/A,N/A,154570752,121057280,69242880,4096,135168,28184576,1,systemd-journal,S (sleeping),nginx2.bnsdq.ozxfs.laefh.kvugl,0.26459978192365585
1759265833,3275,1,N/A,N/A,N/A,N/A,N/A,N/A,N/A,N/A,1931149312,1931149312,53477376,N/A,135168,187768832,14,discern-network,S (sleeping),nginx2.bnsdq.ozxfs.laefh.kvugl,2.223781779828764
1759265833,118658,1,N/A,N/A,N/A,N/A,N/A,N/A,N/A,N/A,1264619520,1264619520,17367040,N/A,135168,45826048,4,discern-proc-so,R (running),nginx2.bnsdq.ozxfs.laefh.kvugl,2.847630314027818
1759265833,80899,1,N/A,N/A,N/A,N/A,N/A,N/A,N/A,N/A,1647706112,1580597248,20467712,N/A,135168,82202624,5,discern-interfa,S (sleeping),nginx2.bnsdq.ozxfs.laefh.kvugl,0.001361504478320037
1759265839,340,1,103,103,103,103,109,109,109,109,250974208,250974208,236257280,N/A,135168,243245056,1,dbus-daemon,S (sleeping),nginx2.bnsdq.ozxfs.laefh.kvugl,0.3030994369278881
1759265839,183,1,N/A,N/A,N/A,N/A,N/A,N/A,N/A,N/A,154570752,121057280,69242880,4096,135168,28184576,1,systemd-journal,S (sleeping),nginx2.bnsdq.ozxfs.laefh.kvugl,0.26455652951294695
1759265839,3275,1,N/A,N/A,N/A,N/A,N/A,N/A,N/A,N/A,1931149312,1931149312,53477376,N/A,135168,187768832,14,discern-network,S (sleeping),nginx2.bnsdq.ozxfs.laefh.kvugl,2.2237250590179483
1759265839,118658,1,N/A,N/A,N/A,N/A,N/A,N/A,N/A,N/A,1264619520,1264619520,17367040,N/A,135168,45826048,4,discern-proc-so,S (sleeping),nginx2.bnsdq.ozxfs.laefh.kvugl,2.8086653749422257
1759265839,80899,1,N/A,N/A,N/A,N/A,N/A,N/A,N/A,N/A,1647706112,1580597248,20467712,N/A,135168,82202624,5,discern-interfa,S (sleeping),nginx2.bnsdq.ozxfs.laefh.kvugl,0.0013591198586781527
1759265844,340,1,103,103,103,103,109,109,109,109,250974208,250974208,236257280,N/A,135168,243245056,1,dbus-daemon,S (sleeping),nginx2.bnsdq.ozxfs.laefh.kvugl,0.30315190026979794
1759265844,183,1,N/A,N/A,N/A,N/A,N/A,N/A,N/A,N/A,154570752,121057280,69242880,4096,135168,28184576,1,systemd-journal,S (sleeping),nginx2.bnsdq.ozxfs.laefh.kvugl,0.26487007483869063
1759265844,3275,1,N/A,N/A,N/A,N/A,N/A,N/A,N/A,N/A,1931149312,1931149312,53477376,N/A,135168,187768832,14,discern-network,S (sleeping),nginx2.bnsdq.ozxfs.laefh.kvugl,2.2239169340087708
1759265844,118658,1,N/A,N/A,N/A,N/A,N/A,N/A,N/A,N/A,1264619520,1264619520,17367040,N/A,135168,45826048,4,discern-proc-so,S (sleeping),nginx2.bnsdq.ozxfs.laefh.kvugl,2.737317918943581
1759265844,80899,1,N/A,N/A,N/A,N/A,N/A,N/A,N/A,N/A,1647706112,1580597248,20467712,N/A,135168,82202624,5,discern-interfa,S (sleeping),nginx2.bnsdq.ozxfs.laefh.kvugl,0.0013567496979643582
1759265849,340,1,103,103,103,103,109,109,109,109,250974208,250974208,236257280,N/A,135168,243245056,1,dbus-daemon,S (sleeping),nginx2.bnsdq.ozxfs.laefh.kvugl,0.3032032499036621
1759265849,183,1,N/A,N/A,N/A,N/A,N/A,N/A,N/A,N/A,154570752,121057280,69242880,4096,135168,28184576,1,systemd-journal,S (sleeping),nginx2.bnsdq.ozxfs.laefh.kvugl,0.26482621236922543
1759265849,3275,1,N/A,N/A,N/A,N/A,N/A,N/A,N/A,N/A,1931149312,1931149312,53477376,N/A,135168,187768832,14,discern-network,S (sleeping),nginx2.bnsdq.ozxfs.laefh.kvugl,2.2239782735448603
1759265849,118658,1,N/A,N/A,N/A,N/A,N/A,N/A,N/A,N/A,1264619520,1264619520,17367040,N/A,135168,45826048,4,discern-proc-so,S (sleeping),nginx2.bnsdq.ozxfs.laefh.kvugl,2.734447098560001
1759265849,80899,1,N/A,N/A,N/A,N/A,N/A,N/A,N/A,N/A,1647706112,1580597248,20467712,N/A,135168,82202624,5,discern-interfa,S (sleeping),nginx2.bnsdq.ozxfs.laefh.kvugl,0.0013543744532731332
1759265854,340,1,103,103,103,103,109,109,109,109,250974208,250974208,236257280,N/A,135168,243245056,1,dbus-daemon,S (sleeping),nginx2.bnsdq.ozxfs.laefh.kvugl,0.3031365492370976
1759265854,183,1,N/A,N/A,N/A,N/A,N/A,N/A,N/A,N/A,154570752,121057280,69242880,4096,135168,28184576,1,systemd-journal,S (sleeping),nginx2.bnsdq.ozxfs.laefh.kvugl,0.2651388674845955
1759265854,3275,1,N/A,N/A,N/A,N/A,N/A,N/A,N/A,N/A,1931149312,1931149312,53477376,N/A,135168,187768832,14,discern-network,S (sleeping),nginx2.bnsdq.ozxfs.laefh.kvugl,2.2241667974391843
1759265854,118658,1,N/A,N/A,N/A,N/A,N/A,N/A,N/A,N/A,1264619520,1264619520,17367040,N/A,135168,45826048,4,discern-proc-so,S (sleeping),nginx2.bnsdq.ozxfs.laefh.kvugl,2.715853288205972
1759265854,80899,1,N/A,N/A,N/A,N/A,N/A,N/A,N/A,N/A,1647706112,1580597248,20467712,N/A,135168,82202624,5,discern-interfa,S (sleeping),nginx2.bnsdq.ozxfs.laefh.kvugl,0.0013520158270960841
1759265859,340,1,103,103,103,103,109,109,109,109,250974208,250974208,236257280,N/A,135168,243245056,1,dbus-daemon,S (sleeping),nginx2.bnsdq.ozxfs.laefh.kvugl,0.30318780233981124
1759265859,183,1,N/A,N/A,N/A,N/A,N/A,N/A,N/A,N/A,154570752,121057280,69242880,4096,135168,28184576,1,systemd-journal,S (sleeping),nginx2.bnsdq.ozxfs.laefh.kvugl,0.26521341268306825
1759265859,3275,1,N/A,N/A,N/A,N/A,N/A,N/A,N/A,N/A,1931149312,1931149312,53477376,N/A,135168,187768832,14,discern-network,S (sleeping),nginx2.bnsdq.ozxfs.laefh.kvugl,2.223983110930255
1759265859,118658,1,N/A,N/A,N/A,N/A,N/A,N/A,N/A,N/A,1264619520,1264619520,17367040,N/A,135168,45826048,4,discern-proc-so,S (sleeping),nginx2.bnsdq.ozxfs.laefh.kvugl,2.7308292048388125
1759265859,80899,1,N/A,N/A,N/A,N/A,N/A,N/A,N/A,N/A,1647706112,1580597248,20467712,N/A,135168,82202624,5,discern-interfa,S (sleeping),nginx2.bnsdq.ozxfs.laefh.kvugl,0.0013496565252278166
1759265864,340,1,103,103,103,103,109,109,109,109,250974208,250974208,236257280,N/A,135168,243245056,1,dbus-daemon,S (sleeping),nginx2.bnsdq.ozxfs.laefh.kvugl,0.3031203694054621
1759265864,183,1,N/A,N/A,N/A,N/A,N/A,N/A,N/A,N/A,154570752,121057280,69242880,4096,135168,28184576,1,systemd-journal,S (sleeping),nginx2.bnsdq.ozxfs.laefh.kvugl,0.2652877575662171
1759265864,3275,1,N/A,N/A,N/A,N/A,N/A,N/A,N/A,N/A,1931149312,1931149312,53477376,N/A,135168,187768832,14,discern-network,S (sleeping),nginx2.bnsdq.ozxfs.laefh.kvugl,2.224043011536125
1759265864,118658,1,N/A,N/A,N/A,N/A,N/A,N/A,N/A,N/A,1264619520,1264619520,17367040,N/A,135168,45826048,4,discern-proc-so,S (sleeping),nginx2.bnsdq.ozxfs.laefh.kvugl,2.7143885570912065
1759265864,80899,1,N/A,N/A,N/A,N/A,N/A,N/A,N/A,N/A,1647706112,1580597248,20467712,N/A,135168,82202624,5,discern-interfa,S (sleeping),nginx2.bnsdq.ozxfs.laefh.kvugl,0.0013473038720669885
1759265870,340,1,103,103,103,103,109,109,109,109,250974208,250974208,236257280,N/A,135168,243245056,1,dbus-daemon,S (sleeping),nginx2.bnsdq.ozxfs.laefh.kvugl,0.3031707561405233
1759265870,183,1,N/A,N/A,N/A,N/A,N/A,N/A,N/A,N/A,154570752,121057280,69242880,4096,135168,28184576,1,systemd-journal,S (sleeping),nginx2.bnsdq.ozxfs.laefh.kvugl,0.26536140811936404
1759265870,3275,1,N/A,N/A,N/A,N/A,N/A,N/A,N/A,N/A,1931149312,1931149312,53477376,N/A,135168,187768832,14,discern-network,S (sleeping),nginx2.bnsdq.ozxfs.laefh.kvugl,2.22397555141248
1759265870,118658,1,N/A,N/A,N/A,N/A,N/A,N/A,N/A,N/A,1264619520,1264619520,17367040,N/A,135168,45826048,4,discern-proc-so,S (sleeping),nginx2.bnsdq.ozxfs.laefh.kvugl,2.71304191255998
1759265870,80899,1,N/A,N/A,N/A,N/A,N/A,N/A,N/A,N/A,1647706112,1580597248,20467712,N/A,135168,82202624,5,discern-interfa,S (sleeping),nginx2.bnsdq.ozxfs.laefh.kvugl,0.0013449506504375432
1759265875,340,1,103,103,103,103,109,109,109,109,250974208,250974208,236257280,N/A,135168,243245056,1,dbus-daemon,S (sleeping),nginx2.bnsdq.ozxfs.laefh.kvugl,0.30321753177700933
1759265875,183,1,N/A,N/A,N/A,N/A,N/A,N/A,N/A,N/A,154570752,121057280,69242880,4096,135168,28184576,1,systemd-journal,S (sleeping),nginx2.bnsdq.ozxfs.laefh.kvugl,0.26555019632809085
1759265875,3275,1,N/A,N/A,N/A,N/A,N/A,N/A,N/A,N/A,1931149312,1931149312,53477376,N/A,135168,187768832,14,discern-network,S (sleeping),nginx2.bnsdq.ozxfs.laefh.kvugl,2.2238811880493747
1759265875,118658,1,N/A,N/A,N/A,N/A,N/A,N/A,N/A,N/A,1264619520,1264619520,17367040,N/A,135168,45826048,4,discern-proc-so,S (sleeping),nginx2.bnsdq.ozxfs.laefh.kvugl,2.721059345542656
1759265875,119575,1,N/A,N/A,N/A,N/A,N/A,N/A,N/A,N/A,728399872,728399872,12738560,N/A,135168,105480192,5,foundryc,S (sleeping),nginx2.bnsdq.ozxfs.laefh.kvugl,0.15670308240446132
1759265880,340,1,103,103,103,103,109,109,109,109,250974208,250974208,236257280,N/A,135168,243245056,1,dbus-daemon,S (sleeping),nginx2.bnsdq.ozxfs.laefh.kvugl,0.3033799867357319
1759265880,183,1,N/A,N/A,N/A,N/A,N/A,N/A,N/A,N/A,154570752,121057280,69242880,4096,135168,28184576,1,systemd-journal,S (sleeping),nginx2.bnsdq.ozxfs.laefh.kvugl,0.2657365314958955
1759265880,3275,1,N/A,N/A,N/A,N/A,N/A,N/A,N/A,N/A,1931149312,1931149312,53477376,N/A,135168,187768832,14,discern-network,S (sleeping),nginx2.bnsdq.ozxfs.laefh.kvugl,2.22389001095998
1759265880,118658,1,N/A,N/A,N/A,N/A,N/A,N/A,N/A,N/A,1264619520,1264619520,17367040,N/A,135168,45826048,4,discern-proc-so,S (sleeping),nginx2.bnsdq.ozxfs.laefh.kvugl,2.702259467344308
1759265880,80899,1,N/A,N/A,N/A,N/A,N/A,N/A,N/A,N/A,1647706112,1580597248,20467712,N/A,135168,82202624,5,discern-interfa,S (sleeping),nginx2.bnsdq.ozxfs.laefh.kvugl,0.0013401484384541905
1759265885,340,1,103,103,103,103,109,109,109,109,250974208,250974208,236257280,N/A,135168,243245056,1,dbus-daemon,S (sleeping),nginx2.bnsdq.ozxfs.laefh.kvugl,0.3033121999868173
1759265885,183,1,N/A,N/A,N/A,N/A,N/A,N/A,N/A,N/A,154570752,121057280,69242880,4096,135168,28184576,1,systemd-journal,S (sleeping),nginx2.bnsdq.ozxfs.laefh.kvugl,0.2658100176771316
1759265885,3275,1,N/A,N/A,N/A,N/A,N/A,N/A,N/A,N/A,1931149312,1931149312,53477376,N/A,135168,187768832,14,discern-network,S (sleeping),nginx2.bnsdq.ozxfs.laefh.kvugl,2.223946763827746
1759265885,118658,1,N/A,N/A,N/A,N/A,N/A,N/A,N/A,N/A,1264619520,1264619520,17367040,N/A,135168,45826048,4,discern-proc-so,S (sleeping),nginx2.bnsdq.ozxfs.laefh.kvugl,2.7132094347548183
1759265885,80899,1,N/A,N/A,N/A,N/A,N/A,N/A,N/A,N/A,1647706112,1580597248,20467712,N/A,135168,82202624,5,discern-interfa,S (sleeping),nginx2.bnsdq.ozxfs.laefh.kvugl,0.0013378237369825062
1759265891,340,1,103,103,103,103,109,109,109,109,250974208,250974208,236257280,N/A,135168,243245056,1,dbus-daemon,S (sleeping),nginx2.bnsdq.ozxfs.laefh.kvugl,0.3032455096272144
1759265891,183,1,N/A,N/A,N/A,N/A,N/A,N/A,N/A,N/A,154570752,121057280,69242880,4096,135168,28184576,1,systemd-journal,S (sleeping),nginx2.bnsdq.ozxfs.laefh.kvugl,0.26588430306399
1759265891,3275,1,N/A,N/A,N/A,N/A,N/A,N/A,N/A,N/A,1931149312,1931149312,53477376,N/A,135168,187768832,14,discern-network,S (sleeping),nginx2.bnsdq.ozxfs.laefh.kvugl,2.224011116115462
1759265891,118658,1,N/A,N/A,N/A,N/A,N/A,N/A,N/A,N/A,1264619520,1264619520,17367040,N/A,135168,45826048,4,discern-proc-so,S (sleeping),nginx2.bnsdq.ozxfs.laefh.kvugl,2.7132606788593514
1759265891,80899,1,N/A,N/A,N/A,N/A,N/A,N/A,N/A,N/A,1647706112,1580597248,20467712,N/A,135168,82202624,5,discern-interfa,S (sleeping),nginx2.bnsdq.ozxfs.laefh.kvugl,0.0013355197408244117
1759265896,340,1,103,103,103,103,109,109,109,109,250974208,250974208,236257280,N/A,135168,243245056,1,dbus-daemon,S (sleeping),nginx2.bnsdq.ozxfs.laefh.kvugl,0.3032964842051924
1759265896,183,1,N/A,N/A,N/A,N/A,N/A,N/A,N/A,N/A,154570752,121057280,69242880,4096,135168,28184576,1,systemd-journal,S (sleeping),nginx2.bnsdq.ozxfs.laefh.kvugl,0.26595807917055364
1759265896,3275,1,N/A,N/A,N/A,N/A,N/A,N/A,N/A,N/A,1931149312,1931149312,53477376,N/A,135168,187768832,14,discern-network,S (sleeping),nginx2.bnsdq.ozxfs.laefh.kvugl,2.2241934540385606
1759265896,118658,1,N/A,N/A,N/A,N/A,N/A,N/A,N/A,N/A,1264619520,1264619520,17367040,N/A,135168,45826048,4,discern-proc-so,S (sleeping),nginx2.bnsdq.ozxfs.laefh.kvugl,2.7129449253006825
1759265896,80899,1,N/A,N/A,N/A,N/A,N/A,N/A,N/A,N/A,1647706112,1580597248,20467712,N/A,135168,82202624,5,discern-interfa,S (sleeping),nginx2.bnsdq.ozxfs.laefh.kvugl,0.001333217685043321
1759265901,340,1,103,103,103,103,109,109,109,109,250974208,250974208,236257280,N/A,135168,243245056,1,dbus-daemon,S (sleeping),nginx2.bnsdq.ozxfs.laefh.kvugl,0.3033469192994832
1759265901,183,1,N/A,N/A,N/A,N/A,N/A,N/A,N/A,N/A,154570752,121057280,69242880,4096,135168,28184576,1,systemd-journal,S (sleeping),nginx2.bnsdq.ozxfs.laefh.kvugl,0.2661493195563937
1759265901,3275,1,N/A,N/A,N/A,N/A,N/A,N/A,N/A,N/A,1931149312,1931149312,53477376,N/A,135168,187768832,14,discern-network,S (sleeping),nginx2.bnsdq.ozxfs.laefh.kvugl,2.2242502706137404
1759265901,118658,1,N/A,N/A,N/A,N/A,N/A,N/A,N/A,N/A,1264619520,1264619520,17367040,N/A,135168,45826048,4,discern-proc-so,S (sleeping),nginx2.bnsdq.ozxfs.laefh.kvugl,2.712305941974146
1759265901,80899,1,N/A,N/A,N/A,N/A,N/A,N/A,N/A,N/A,1647706112,1580859392,20467712,N/A,135168,82464768,5,discern-interfa,S (sleeping),nginx2.bnsdq.ozxfs.laefh.kvugl,0.0013309173812528273
1759265906,340,1,103,103,103,103,109,109,109,109,250974208,250974208,236257280,N/A,135168,243245056,1,dbus-daemon,S (sleeping),nginx2.bnsdq.ozxfs.laefh.kvugl,0.3033984779007882
1759265906,183,1,N/A,N/A,N/A,N/A,N/A,N/A,N/A,N/A,154570752,125300736,69242880,4096,135168,28184576,1,systemd-journal,S (sleeping),nginx2.bnsdq.ozxfs.laefh.kvugl,0.2663413686894189
1759265906,3275,1,N/A,N/A,N/A,N/A,N/A,N/A,N/A,N/A,1931149312,1931149312,53477376,N/A,135168,187768832,14,discern-network,S (sleeping),nginx2.bnsdq.ozxfs.laefh.kvugl,2.2243161295461005
1759265906,118658,1,N/A,N/A,N/A,N/A,N/A,N/A,N/A,N/A,1264619520,1264619520,17371136,N/A,135168,45826048,4,discern-proc-so,S (sleeping),nginx2.bnsdq.ozxfs.laefh.kvugl,2.7035180375804435
1759265906,80899,1,N/A,N/A,N/A,N/A,N/A,N/A,N/A,N/A,1647706112,1580859392,20467712,N/A,135168,82464768,5,discern-interfa,S (sleeping),nginx2.bnsdq.ozxfs.laefh.kvugl,0.0013286402506500292
1759265911,340,1,103,103,103,103,109,109,109,109,250974208,250974208,236257280,N/A,135168,243245056,1,dbus-daemon,S (sleeping),nginx2.bnsdq.ozxfs.laefh.kvugl,0.30344902448343797
1759265911,183,1,N/A,N/A,N/A,N/A,N/A,N/A,N/A,N/A,154570752,133689344,69242880,4096,135168,28184576,1,systemd-journal,S (sleeping),nginx2.bnsdq.ozxfs.laefh.kvugl,0.2665323518908629
1759265911,3275,1,N/A,N/A,N/A,N/A,N/A,N/A,N/A,N/A,1931149312,1931149312,53477376,N/A,135168,187768832,14,discern-network,S (sleeping),nginx2.bnsdq.ozxfs.laefh.kvugl,2.2243746785768472
1759265911,118658,1,N/A,N/A,N/A,N/A,N/A,N/A,N/A,N/A,1264619520,1264619520,17371136,N/A,135168,45826048,4,discern-proc-so,S (sleeping),nginx2.bnsdq.ozxfs.laefh.kvugl,2.7207986181734087
1759265911,80899,1,N/A,N/A,N/A,N/A,N/A,N/A,N/A,N/A,1647706112,1580859392,20467712,N/A,135168,82464768,5,discern-interfa,S (sleeping),nginx2.bnsdq.ozxfs.laefh.kvugl,0.0013263589274366732
1759265916,340,1,103,103,103,103,109,109,109,109,250974208,250974208,236257280,N/A,135168,243245056,1,dbus-daemon,S (sleeping),nginx2.bnsdq.ozxfs.laefh.kvugl,0.30338246713588357
1759265916,183,1,N/A,N/A,N/A,N/A,N/A,N/A,N/A,N/A,154570752,133689344,69242880,4096,135168,28184576,1,systemd-journal,S (sleeping),nginx2.bnsdq.ozxfs.laefh.kvugl,0.26648822485943935
1759265916,3275,1,N/A,N/A,N/A,N/A,N/A,N/A,N/A,N/A,1931149312,1931149312,53477376,N/A,135168,187768832,14,discern-network,S (sleeping),nginx2.bnsdq.ozxfs.laefh.kvugl,2.2244386554935525
1759265916,118658,1,N/A,N/A,N/A,N/A,N/A,N/A,N/A,N/A,1264619520,1264619520,17371136,N/A,135168,45826048,4,discern-proc-so,S (sleeping),nginx2.bnsdq.ozxfs.laefh.kvugl,2.7039849064877632
1759265916,80899,1,N/A,N/A,N/A,N/A,N/A,N/A,N/A,N/A,1647706112,1580859392,20467712,N/A,135168,82464768,5,discern-interfa,S (sleeping),nginx2.bnsdq.ozxfs.laefh.kvugl,0.0013240943665506788
1759265922,340,1,103,103,103,103,109,109,109,109,250974208,250974208,236257280,N/A,135168,243245056,1,dbus-daemon,S (sleeping),nginx2.bnsdq.ozxfs.laefh.kvugl,0.30343355699567864
1759265922,183,1,N/A,N/A,N/A,N/A,N/A,N/A,N/A,N/A,154570752,133689344,69242880,4096,135168,28184576,1,systemd-journal,S (sleeping),nginx2.bnsdq.ozxfs.laefh.kvugl,0.26656171986231425
1759265922,3275,1,N/A,N/A,N/A,N/A,N/A,N/A,N/A,N/A,1931149312,1931149312,53477376,N/A,135168,187768832,14,discern-network,S (sleeping),nginx2.bnsdq.ozxfs.laefh.kvugl,2.2243802265975603
1759265922,118658,1,N/A,N/A,N/A,N/A,N/A,N/A,N/A,N/A,1264619520,1264619520,17371136,N/A,135168,45826048,4,discern-proc-so,S (sleeping),nginx2.bnsdq.ozxfs.laefh.kvugl,2.7122569111366803
1759265922,80899,1,N/A,N/A,N/A,N/A,N/A,N/A,N/A,N/A,1647706112,1580859392,20467712,N/A,135168,82464768,5,discern-interfa,S (sleeping),nginx2.bnsdq.ozxfs.laefh.kvugl,0.0013218358487018791
1759265927,340,1,103,103,103,103,109,109,109,109,250974208,250974208,236257280,N/A,135168,243245056,1,dbus-daemon,S (sleeping),nginx2.bnsdq.ozxfs.laefh.kvugl,0.30336708987132804
1759265927,183,1,N/A,N/A,N/A,N/A,N/A,N/A,N/A,N/A,154570752,133689344,69242880,4096,135168,28184576,1,systemd-journal,S (sleeping),nginx2.bnsdq.ozxfs.laefh.kvugl,0.2667528602811354
1759265927,3275,1,N/A,N/A,N/A,N/A,N/A,N/A,N/A,N/A,1931149312,1931149312,53477376,N/A,135168,187768832,14,discern-network,S (sleeping),nginx2.bnsdq.ozxfs.laefh.kvugl,2.2244441190875843
1759265927,118658,1,N/A,N/A,N/A,N/A,N/A,N/A,N/A,N/A,1264619520,1264619520,17371136,N/A,135168,45826048,4,discern-proc-so,S (sleeping),nginx2.bnsdq.ozxfs.laefh.kvugl,2.6894816970149047
1759265927,80899,1,N/A,N/A,N/A,N/A,N/A,N/A,N/A,N/A,1647706112,1580859392,20467712,N/A,135168,82464768,5,discern-interfa,S (sleeping),nginx2.bnsdq.ozxfs.laefh.kvugl,0.00131958669046865
1759265932,340,1,103,103,103,103,109,109,109,109,250974208,250974208,236257280,N/A,135168,243245056,1,dbus-daemon,S (sleeping),nginx2.bnsdq.ozxfs.laefh.kvugl,0.3035350122296079
1759265932,183,1,N/A,N/A,N/A,N/A,N/A,N/A,N/A,N/A,154570752,133689344,69242880,4096,135168,28184576,1,systemd-journal,S (sleeping),nginx2.bnsdq.ozxfs.laefh.kvugl,0.26706060248500196
1759265932,3275,1,N/A,N/A,N/A,N/A,N/A,N/A,N/A,N/A,1931149312,1931149312,53477376,N/A,135168,187768832,14,discern-network,S (sleeping),nginx2.bnsdq.ozxfs.laefh.kvugl,2.2246229703668803
1759265932,118658,1,N/A,N/A,N/A,N/A,N/A,N/A,N/A,N/A,1264619520,1264619520,17371136,N/A,135168,45826048,4,discern-proc-so,S (sleeping),nginx2.bnsdq.ozxfs.laefh.kvugl,2.6826435107713547
1759265932,80899,1,N/A,N/A,N/A,N/A,N/A,N/A,N/A,N/A,1647706112,1580859392,20467712,N/A,135168,82464768,5,discern-interfa,S (sleeping),nginx2.bnsdq.ozxfs.laefh.kvugl,0.0013173353013951003
1759265937,340,1,103,103,103,103,109,109,109,109,250974208,250974208,236257280,N/A,135168,243245056,1,dbus-daemon,S (sleeping),nginx2.bnsdq.ozxfs.laefh.kvugl,0.3035849723128211
1759265937,183,1,N/A,N/A,N/A,N/A,N/A,N/A,N/A,N/A,154570752,133689344,69242880,4096,135168,28184576,1,systemd-journal,S (sleeping),nginx2.bnsdq.ozxfs.laefh.kvugl,0.2671327865893316
1759265937,3275,1,N/A,N/A,N/A,N/A,N/A,N/A,N/A,N/A,1931149312,1931149312,53477376,N/A,135168,187768832,14,discern-network,S (sleeping),nginx2.bnsdq.ozxfs.laefh.kvugl,2.2246784888102784
1759265937,118658,1,N/A,N/A,N/A,N/A,N/A,N/A,N/A,N/A,1264619520,1264619520,17371136,N/A,135168,45826048,4,discern-proc-so,S (sleeping),nginx2.bnsdq.ozxfs.laefh.kvugl,2.6691020705014075
1759265937,80899,1,N/A,N/A,N/A,N/A,N/A,N/A,N/A,N/A,1647706112,1580859392,20467712,N/A,135168,82464768,5,discern-interfa,S (sleeping),nginx2.bnsdq.ozxfs.laefh.kvugl,0.0013150883377989696
1759265942,340,1,103,103,103,103,109,109,109,109,250974208,250974208,236257280,N/A,135168,243245056,1,dbus-daemon,S (sleeping),nginx2.bnsdq.ozxfs.laefh.kvugl,0.303519400926315
1759265942,183,1,N/A,N/A,N/A,N/A,N/A,N/A,N/A,N/A,154570752,133689344,69242880,4096,135168,28184576,1,systemd-journal,S (sleeping),nginx2.bnsdq.ozxfs.laefh.kvugl,0.2672065939574988
1759265942,3275,1,N/A,N/A,N/A,N/A,N/A,N/A,N/A,N/A,1931149312,1931149312,53477376,N/A,135168,187768832,14,discern-network,S (sleeping),nginx2.bnsdq.ozxfs.laefh.kvugl,2.2248696178851293
1759265942,118658,1,N/A,N/A,N/A,N/A,N/A,N/A,N/A,N/A,1264619520,1264619520,17375232,N/A,135168,45826048,4,discern-proc-so,S (sleeping),nginx2.bnsdq.ozxfs.laefh.kvugl,2.657507389156179
1759265942,80899,1,N/A,N/A,N/A,N/A,N/A,N/A,N/A,N/A,1647706112,1580859392,20467712,N/A,135168,82464768,5,discern-interfa,S (sleeping),nginx2.bnsdq.ozxfs.laefh.kvugl,0.001312872584234392
1759265947,340,1,103,103,103,103,109,109,109,109,250974208,250974208,236257280,N/A,135168,243245056,1,dbus-daemon,S (sleeping),nginx2.bnsdq.ozxfs.laefh.kvugl,0.3035698606139525
1759265947,183,1,N/A,N/A,N/A,N/A,N/A,N/A,N/A,N/A,154570752,133689344,69242880,4096,135168,28184576,1,systemd-journal,S (sleeping),nginx2.bnsdq.ozxfs.laefh.kvugl,0.26739641705276157
1759265947,3275,1,N/A,N/A,N/A,N/A,N/A,N/A,N/A,N/A,1931149312,1931149312,53477376,N/A,135168,187768832,14,discern-network,S (sleeping),nginx2.bnsdq.ozxfs.laefh.kvugl,2.2250499884479873
1759265947,118658,1,N/A,N/A,N/A,N/A,N/A,N/A,N/A,N/A,1264619520,1264619520,17375232,N/A,135168,45826048,4,discern-proc-so,S (sleeping),nginx2.bnsdq.ozxfs.laefh.kvugl,2.665759970025925
1759265947,80899,1,N/A,N/A,N/A,N/A,N/A,N/A,N/A,N/A,1647706112,1580859392,20467712,N/A,135168,82464768,5,discern-interfa,S (sleeping),nginx2.bnsdq.ozxfs.laefh.kvugl,0.0013106474459981122
1759265953,340,1,103,103,103,103,109,109,109,109,250974208,250974208,236257280,N/A,135168,243245056,1,dbus-daemon,S (sleeping),nginx2.bnsdq.ozxfs.laefh.kvugl,0.30350415569496814
1759265953,183,1,N/A,N/A,N/A,N/A,N/A,N/A,N/A,N/A,154570752,133689344,69242880,4096,135168,28184576,1,systemd-journal,S (sleeping),nginx2.bnsdq.ozxfs.laefh.kvugl,0.26735252103629475
1759265953,3275,1,N/A,N/A,N/A,N/A,N/A,N/A,N/A,N/A,1931149312,1931149312,53477376,N/A,135168,187768832,14,discern-network,S (sleeping),nginx2.bnsdq.ozxfs.laefh.kvugl,2.2252389678877176
1759265953,118658,1,N/A,N/A,N/A,N/A,N/A,N/A,N/A,N/A,1264619520,1264619520,17375232,N/A,135168,45826048,4,discern-proc-so,S (sleeping),nginx2.bnsdq.ozxfs.laefh.kvugl,2.654928131027401
1759265953,80899,1,N/A,N/A,N/A,N/A,N/A,N/A,N/A,N/A,1647706112,1580859392,20467712,N/A,135168,82464768,5,discern-interfa,S (sleeping),nginx2.bnsdq.ozxfs.laefh.kvugl,0.0013084438985230921
1759265958,340,1,103,103,103,103,109,109,109,109,250974208,250974208,236257280,N/A,135168,243245056,1,dbus-daemon,S (sleeping),nginx2.bnsdq.ozxfs.laefh.kvugl,0.3037902839707912
1759265958,183,1,N/A,N/A,N/A,N/A,N/A,N/A,N/A,N/A,154570752,133689344,69242880,4096,135168,28184576,1,systemd-journal,S (sleeping),nginx2.bnsdq.ozxfs.laefh.kvugl,0.2677775614635435
1759265958,3275,1,N/A,N/A,N/A,N/A,N/A,N/A,N/A,N/A,1931149312,1931149312,53477376,N/A,135168,187768832,14,discern-network,S (sleeping),nginx2.bnsdq.ozxfs.laefh.kvugl,2.2251872530006245
1759265958,118658,1,N/A,N/A,N/A,N/A,N/A,N/A,N/A,N/A,1264619520,1264619520,17375232,N/A,135168,45826048,4,discern-proc-so,S (sleeping),nginx2.bnsdq.ozxfs.laefh.kvugl,2.632517716635928
1759265958,80899,1,N/A,N/A,N/A,N/A,N/A,N/A,N/A,N/A,1647706112,1580859392,20467712,N/A,135168,82464768,5,discern-interfa,S (sleeping),nginx2.bnsdq.ozxfs.laefh.kvugl,0.0013062494501284464
1759265963,340,1,103,103,103,103,109,109,109,109,250974208,250974208,236257280,N/A,135168,243245056,1,dbus-daemon,S (sleeping),nginx2.bnsdq.ozxfs.laefh.kvugl,0.30372443479409245
1759265963,183,1,N/A,N/A,N/A,N/A,N/A,N/A,N/A,N/A,154570752,133689344,69242880,4096,135168,28184576,1,systemd-journal,S (sleeping),nginx2.bnsdq.ozxfs.laefh.kvugl,0.26773341023598485
1759265963,3275,1,N/A,N/A,N/A,N/A,N/A,N/A,N/A,N/A,1931149312,1931149312,53477376,N/A,135168,187768832,14,discern-network,S (sleeping),nginx2.bnsdq.ozxfs.laefh.kvugl,2.225133853865763
1759265963,118658,1,N/A,N/A,N/A,N/A,N/A,N/A,N/A,N/A,1264619520,1264619520,17375232,N/A,135168,45826048,4,discern-proc-so,S (sleeping),nginx2.bnsdq.ozxfs.laefh.kvugl,2.6113818145584045
1759265963,80899,1,N/A,N/A,N/A,N/A,N/A,N/A,N/A,N/A,1647706112,1580859392,20467712,N/A,135168,82464768,5,discern-interfa,S (sleeping),nginx2.bnsdq.ozxfs.laefh.kvugl,0.0013040596094603817
1759265968,340,1,103,103,103,103,109,109,109,109,250974208,250974208,236257280,N/A,135168,243245056,1,dbus-daemon,S (sleeping),nginx2.bnsdq.ozxfs.laefh.kvugl,0.303658101730683
1759265968,183,1,N/A,N/A,N/A,N/A,N/A,N/A,N/A,N/A,154570752,133689344,69242880,4096,135168,28184576,1,systemd-journal,S (sleeping),nginx2.bnsdq.ozxfs.laefh.kvugl,0.26780586210156143
1759265968,3275,1,N/A,N/A,N/A,N/A,N/A,N/A,N/A,N/A,1931149312,1931149312,53477376,N/A,135168,187768832,14,discern-network,S (sleeping),nginx2.bnsdq.ozxfs.laefh.kvugl,2.2250762476323014
1759265968,118658,1,N/A,N/A,N/A,N/A,N/A,N/A,N/A,N/A,1264619520,1264619520,17375232,N/A,135168,45826048,4,discern-proc-so,S (sleeping),nginx2.bnsdq.ozxfs.laefh.kvugl,2.602860351100858
1759265968,80899,1,N/A,N/A,N/A,N/A,N/A,N/A,N/A,N/A,1647706112,1580859392,20467712,N/A,135168,82464768,5,discern-interfa,S (sleeping),nginx2.bnsdq.ozxfs.laefh.kvugl,0.0013018703195262424
1759265973,340,1,103,103,103,103,109,109,109,109,250974208,250974208,236257280,N/A,135168,243245056,1,dbus-daemon,S (sleeping),nginx2.bnsdq.ozxfs.laefh.kvugl,0.3037082447254044
1759265973,183,1,N/A,N/A,N/A,N/A,N/A,N/A,N/A,N/A,154570752,133689344,69242880,4096,135168,28184576,1,systemd-journal,S (sleeping),nginx2.bnsdq.ozxfs.laefh.kvugl,0.26799467926557496
1759265973,3275,1,N/A,N/A,N/A,N/A,N/A,N/A,N/A,N/A,1931149312,1931149312,53477376,N/A,135168,187768832,14,discern-network,S (sleeping),nginx2.bnsdq.ozxfs.laefh.kvugl,2.2250142278282707
1759265973,118658,1,N/A,N/A,N/A,N/A,N/A,N/A,N/A,N/A,1264619520,1264619520,17375232,N/A,135168,45826048,4,discern-proc-so,S (sleeping),nginx2.bnsdq.ozxfs.laefh.kvugl,2.611474504600085
1759265973,80899,1,N/A,N/A,N/A,N/A,N/A,N/A,N/A,N/A,1647706112,1580859392,20467712,N/A,135168,82464768,5,discern-interfa,S (sleeping),nginx2.bnsdq.ozxfs.laefh.kvugl,0.001299681306522053
1759265978,340,1,103,103,103,103,109,109,109,109,250974208,250974208,236257280,N/A,135168,243245056,1,dbus-daemon,S (sleeping),nginx2.bnsdq.ozxfs.laefh.kvugl,0.30375933069833144
1759265978,183,1,N/A,N/A,N/A,N/A,N/A,N/A,N/A,N/A,154570752,133689344,69242880,4096,135168,28184576,1,systemd-journal,S (sleeping),nginx2.bnsdq.ozxfs.laefh.kvugl,0.26806724770903584
1759265978,3275,1,N/A,N/A,N/A,N/A,N/A,N/A,N/A,N/A,1931149312,1931149312,53477376,N/A,135168,187768832,14,discern-network,S (sleeping),nginx2.bnsdq.ozxfs.laefh.kvugl,2.224959864123105
1759265978,118658,1,N/A,N/A,N/A,N/A,N/A,N/A,N/A,N/A,1264619520,1264619520,17375232,N/A,135168,45826048,4,discern-proc-so,S (sleeping),nginx2.bnsdq.ozxfs.laefh.kvugl,2.6035970999596203
1759265978,80899,1,N/A,N/A,N/A,N/A,N/A,N/A,N/A,N/A,1647706112,1580859392,20467712,N/A,135168,82464768,5,discern-interfa,S (sleeping),nginx2.bnsdq.ozxfs.laefh.kvugl,0.0012975115985736653
1759265984,340,1,103,103,103,103,109,109,109,109,250974208,250974208,236257280,N/A,135168,243245056,1,dbus-daemon,S (sleeping),nginx2.bnsdq.ozxfs.laefh.kvugl,0.30380799137549336
1759265984,183,1,N/A,N/A,N/A,N/A,N/A,N/A,N/A,N/A,154570752,133689344,69242880,4096,135168,28184576,1,systemd-journal,S (sleeping),nginx2.bnsdq.ozxfs.laefh.kvugl,0.26837131295655475
1759265984,3275,1,N/A,N/A,N/A,N/A,N/A,N/A,N/A,N/A,1931149312,1931149312,53477376,N/A,135168,187768832,14,discern-network,S (sleeping),nginx2.bnsdq.ozxfs.laefh.kvugl,2.225008115463807
1759265984,118658,1,N/A,N/A,N/A,N/A,N/A,N/A,N/A,N/A,1264619520,1264619520,17375232,N/A,135168,45826048,4,discern-proc-so,S (sleeping),nginx2.bnsdq.ozxfs.laefh.kvugl,2.5899126805055293
1759265984,80899,1,N/A,N/A,N/A,N/A,N/A,N/A,N/A,N/A,1647706112,1580859392,20467712,N/A,135168,82464768,5,discern-interfa,S (sleeping),nginx2.bnsdq.ozxfs.laefh.kvugl,0.0012953211266478585
1759265989,340,1,103,103,103,103,109,109,109,109,250974208,250974208,236257280,N/A,135168,243245056,1,dbus-daemon,S (sleeping),nginx2.bnsdq.ozxfs.laefh.kvugl,0.3038564835342744
1759265989,183,1,N/A,N/A,N/A,N/A,N/A,N/A,N/A,N/A,154570752,133689344,69242880,4096,135168,28184576,1,systemd-journal,S (sleeping),nginx2.bnsdq.ozxfs.laefh.kvugl,0.26832461876678104
1759265989,3275,1,N/A,N/A,N/A,N/A,N/A,N/A,N/A,N/A,1931149312,1931149312,53477376,N/A,135168,187768832,14,discern-network,S (sleeping),nginx2.bnsdq.ozxfs.laefh.kvugl,2.224935169526466
1759265989,118658,1,N/A,N/A,N/A,N/A,N/A,N/A,N/A,N/A,1264619520,1264619520,17375232,N/A,135168,45826048,4,discern-proc-so,S (sleeping),nginx2.bnsdq.ozxfs.laefh.kvugl,2.58210055931775
1759265989,80899,1,N/A,N/A,N/A,N/A,N/A,N/A,N/A,N/A,1647706112,1580859392,20467712,N/A,135168,82464768,5,discern-interfa,S (sleeping),nginx2.bnsdq.ozxfs.laefh.kvugl,0.0012931367714256992
1759265994,340,1,103,103,103,103,109,109,109,109,250974208,250974208,236257280,N/A,135168,243245056,1,dbus-daemon,S (sleeping),nginx2.bnsdq.ozxfs.laefh.kvugl,0.303791121271035
1759265994,183,1,N/A,N/A,N/A,N/A,N/A,N/A,N/A,N/A,154570752,133689344,69242880,4096,135168,28184576,1,systemd-journal,S (sleeping),nginx2.bnsdq.ozxfs.laefh.kvugl,0.2685139415937469
1759265994,3275,1,N/A,N/A,N/A,N/A,N/A,N/A,N/A,N/A,1931149312,1931149312,53477376,N/A,135168,187768832,14,discern-network,S (sleeping),nginx2.bnsdq.ozxfs.laefh.kvugl,2.225124780389701
1759265994,118658,1,N/A,N/A,N/A,N/A,N/A,N/A,N/A,N/A,1264619520,1264619520,17375232,N/A,135168,45826048,4,discern-proc-so,S (sleeping),nginx2.bnsdq.ozxfs.laefh.kvugl,2.5707236874746937
1759265994,80899,1,N/A,N/A,N/A,N/A,N/A,N/A,N/A,N/A,1647706112,1580859392,20467712,N/A,135168,82464768,5,discern-interfa,S (sleeping),nginx2.bnsdq.ozxfs.laefh.kvugl,0.0012909939676972071
1759265999,340,1,103,103,103,103,109,109,109,109,250974208,250974208,236257280,N/A,135168,243245056,1,dbus-daemon,S (sleeping),nginx2.bnsdq.ozxfs.laefh.kvugl,0.3038409862738717
1759265999,183,1,N/A,N/A,N/A,N/A,N/A,N/A,N/A,N/A,154570752,133689344,69242880,4096,135168,28184576,1,systemd-journal,S (sleeping),nginx2.bnsdq.ozxfs.laefh.kvugl,0.2687017200809354
1759265999,3275,1,N/A,N/A,N/A,N/A,N/A,N/A,N/A,N/A,1931149312,1931149312,53477376,N/A,135168,187768832,14,discern-network,S (sleeping),nginx2.bnsdq.ozxfs.laefh.kvugl,2.2250625660233294
1759265999,118658,1,N/A,N/A,N/A,N/A,N/A,N/A,N/A,N/A,1264619520,1264619520,17375232,N/A,135168,45826048,4,discern-proc-so,S (sleeping),nginx2.bnsdq.ozxfs.laefh.kvugl,2.5790431384949364
1759265999,80899,1,N/A,N/A,N/A,N/A,N/A,N/A,N/A,N/A,1647706112,1580859392,20467712,N/A,135168,82464768,5,discern-interfa,S (sleeping),nginx2.bnsdq.ozxfs.laefh.kvugl,0.00128884084026065
1759266004,340,1,103,103,103,103,109,109,109,109,250974208,250974208,236257280,N/A,135168,243245056,1,dbus-daemon,S (sleeping),nginx2.bnsdq.ozxfs.laefh.kvugl,0.3038915963374989
1759266004,183,1,N/A,N/A,N/A,N/A,N/A,N/A,N/A,N/A,154570752,133689344,69242880,4096,135168,28184576,1,systemd-journal,S (sleeping),nginx2.bnsdq.ozxfs.laefh.kvugl,0.26877343098066225
1759266004,3275,1,N/A,N/A,N/A,N/A,N/A,N/A,N/A,N/A,1931149312,1931149312,53477376,N/A,135168,187768832,14,discern-network,S (sleeping),nginx2.bnsdq.ozxfs.laefh.kvugl,2.225006512579933
1759266004,118658,1,N/A,N/A,N/A,N/A,N/A,N/A,N/A,N/A,1264619520,1264619520,17375232,N/A,135168,45826048,4,discern-proc-so,S (sleeping),nginx2.bnsdq.ozxfs.laefh.kvugl,2.572858090923358
1759266004,80899,1,N/A,N/A,N/A,N/A,N/A,N/A,N/A,N/A,1647706112,1580859392,20467712,N/A,135168,82464768,5,discern-interfa,S (sleeping),nginx2.bnsdq.ozxfs.laefh.kvugl,0.0012867042838517688
1759266009,340,1,103,103,103,103,109,109,109,109,250974208,250974208,236257280,N/A,135168,243245056,1,dbus-daemon,S (sleeping),nginx2.bnsdq.ozxfs.laefh.kvugl,0.3038248613846422
1759266009,183,1,N/A,N/A,N/A,N/A,N/A,N/A,N/A,N/A,154570752,133689344,69242880,4096,135168,28184576,1,systemd-journal,S (sleeping),nginx2.bnsdq.ozxfs.laefh.kvugl,0.2688443599002961
1759266009,3275,1,N/A,N/A,N/A,N/A,N/A,N/A,N/A,N/A,1931149312,1931149312,53477376,N/A,135168,187768832,14,discern-network,S (sleeping),nginx2.bnsdq.ozxfs.laefh.kvugl,2.224944597183712
1759266009,118658,1,N/A,N/A,N/A,N/A,N/A,N/A,N/A,N/A,1264619520,1264619520,17375232,N/A,135168,45826048,4,discern-proc-so,S (sleeping),nginx2.bnsdq.ozxfs.laefh.kvugl,2.5807300590446554
1759266009,80899,1,N/A,N/A,N/A,N/A,N/A,N/A,N/A,N/A,1647706112,1580859392,20467712,N/A,135168,82464768,5,discern-interfa,S (sleeping),nginx2.bnsdq.ozxfs.laefh.kvugl,0.001284565631462729
1759266015,340,1,103,103,103,103,109,109,109,109,250974208,250974208,236257280,N/A,135168,243245056,1,dbus-daemon,S (sleeping),nginx2.bnsdq.ozxfs.laefh.kvugl,0.3038756808687453
1759266015,183,1,N/A,N/A,N/A,N/A,N/A,N/A,N/A,N/A,154570752,133689344,69242880,4096,135168,28184576,1,systemd-journal,S (sleeping),nginx2.bnsdq.ozxfs.laefh.kvugl,0.26891612943035303
1759266015,3275,1,N/A,N/A,N/A,N/A,N/A,N/A,N/A,N/A,1931149312,1931149312,53477376,N/A,135168,187768832,14,discern-network,S (sleeping),nginx2.bnsdq.ozxfs.laefh.kvugl,2.2248906465601332
1759266015,118658,1,N/A,N/A,N/A,N/A,N/A,N/A,N/A,N/A,1264619520,1264619520,17375232,N/A,135168,45826048,4,discern-proc-so,S (sleeping),nginx2.bnsdq.ozxfs.laefh.kvugl,2.5840140833211316
1759266015,80899,1,N/A,N/A,N/A,N/A,N/A,N/A,N/A,N/A,1647706112,1580859392,20467712,N/A,135168,82464768,5,discern-interfa,S (sleeping),nginx2.bnsdq.ozxfs.laefh.kvugl,0.0012824462317020952
1759266020,340,1,103,103,103,103,109,109,109,109,250974208,250974208,236257280,N/A,135168,243245056,1,dbus-daemon,S (sleeping),nginx2.bnsdq.ozxfs.laefh.kvugl,0.3040427037295389
1759266020,183,1,N/A,N/A,N/A,N/A,N/A,N/A,N/A,N/A,154570752,133689344,69242880,4096,135168,28184576,1,systemd-journal,S (sleeping),nginx2.bnsdq.ozxfs.laefh.kvugl,0.26922041862894
1759266020,3275,1,N/A,N/A,N/A,N/A,N/A,N/A,N/A,N/A,1931149312,1931149312,53477376,N/A,135168,187768832,14,discern-network,S (sleeping),nginx2.bnsdq.ozxfs.laefh.kvugl,2.2250758085396045
1759266020,118658,1,N/A,N/A,N/A,N/A,N/A,N/A,N/A,N/A,1264619520,1264619520,17375232,N/A,135168,45826048,4,discern-proc-so,S (sleeping),nginx2.bnsdq.ozxfs.laefh.kvugl,2.582656426313799
1759266020,80899,1,N/A,N/A,N/A,N/A,N/A,N/A,N/A,N/A,1647706112,1580859392,20467712,N/A,135168,82464768,5,discern-interfa,S (sleeping),nginx2.bnsdq.ozxfs.laefh.kvugl,0.0012803327348746038
1759266025,340,1,103,103,103,103,109,109,109,109,250974208,250974208,236257280,N/A,135168,243245056,1,dbus-daemon,S (sleeping),nginx2.bnsdq.ozxfs.laefh.kvugl,0.30408886139712316
1759266025,121626,1,N/A,N/A,N/A,N/A,N/A,N/A,N/A,N/A,1332092928,1332092928,116977664,N/A,135168,146886656,4,discern-file-so,R (running),nginx2.bnsdq.ozxfs.laefh.kvugl,25.200472901831702
1759266025,183,1,N/A,N/A,N/A,N/A,N/A,N/A,N/A,N/A,154570752,133689344,69242880,4096,135168,28184576,1,systemd-journal,S (sleeping),nginx2.bnsdq.ozxfs.laefh.kvugl,0.26940417116944526
1759266025,3275,1,N/A,N/A,N/A,N/A,N/A,N/A,N/A,N/A,1931149312,1931149312,53477376,N/A,135168,187768832,14,discern-network,S (sleeping),nginx2.bnsdq.ozxfs.laefh.kvugl,2.2249879015691416
1759266025,118658,1,N/A,N/A,N/A,N/A,N/A,N/A,N/A,N/A,1264619520,1264619520,17375232,N/A,135168,45826048,4,discern-proc-so,S (sleeping),nginx2.bnsdq.ozxfs.laefh.kvugl,2.5799469927362
1759266030,340,1,103,103,103,103,109,109,109,109,250974208,250974208,236257280,N/A,135168,243245056,1,dbus-daemon,S (sleeping),nginx2.bnsdq.ozxfs.laefh.kvugl,0.30401856931604254
1759266030,121626,1,N/A,N/A,N/A,N/A,N/A,N/A,N/A,N/A,1399926784,1399926784,143425536,N/A,135168,176971776,4,discern-file-so,D (disk sleep),nginx2.bnsdq.ozxfs.laefh.kvugl,53.63164242255638
1759266030,183,1,N/A,N/A,N/A,N/A,N/A,N/A,N/A,N/A,154570752,133689344,69242880,4096,135168,28184576,1,systemd-journal,S (sleeping),nginx2.bnsdq.ozxfs.laefh.kvugl,0.2695875569295157
1759266030,3275,1,N/A,N/A,N/A,N/A,N/A,N/A,N/A,N/A,1931149312,1931149312,53477376,N/A,135168,187768832,14,discern-network,S (sleeping),nginx2.bnsdq.ozxfs.laefh.kvugl,2.2244200904886458
1759266030,80899,1,N/A,N/A,N/A,N/A,N/A,N/A,N/A,N/A,1647706112,1580859392,20467712,N/A,135168,82464768,5,discern-interfa,S (sleeping),nginx2.bnsdq.ozxfs.laefh.kvugl,0.0012760232290731784
1759266036,340,1,103,103,103,103,109,109,109,109,250974208,250974208,236257280,N/A,135168,243245056,1,dbus-daemon,S (sleeping),nginx2.bnsdq.ozxfs.laefh.kvugl,0.3039477482656547
1759266036,121626,1,N/A,N/A,N/A,N/A,N/A,N/A,N/A,N/A,1534545920,1534545920,234029056,N/A,135168,294813696,4,discern-file-so,R (running),nginx2.bnsdq.ozxfs.laefh.kvugl,65.75588282371994
1759266036,3275,1,N/A,N/A,N/A,N/A,N/A,N/A,N/A,N/A,1931149312,1931149312,53477376,N/A,135168,187768832,14,discern-network,S (sleeping),nginx2.bnsdq.ozxfs.laefh.kvugl,2.223968150798354
1759266036,183,1,N/A,N/A,N/A,N/A,N/A,N/A,N/A,N/A,154570752,133689344,69242880,4096,135168,28184576,1,systemd-journal,S (sleeping),nginx2.bnsdq.ozxfs.laefh.kvugl,0.269654008720093
1759266036,118658,1,N/A,N/A,N/A,N/A,N/A,N/A,N/A,N/A,1264619520,1264619520,17375232,N/A,135168,45826048,4,discern-proc-so,S (sleeping),nginx2.bnsdq.ozxfs.laefh.kvugl,2.574625855874822
1759266041,340,1,103,103,103,103,109,109,109,109,250974208,250974208,236257280,N/A,135168,243245056,1,dbus-daemon,S (sleeping),nginx2.bnsdq.ozxfs.laefh.kvugl,0.3038779162208629
1759266041,121626,1,N/A,N/A,N/A,N/A,N/A,N/A,N/A,N/A,1534545920,1534545920,234029056,N/A,135168,294813696,4,discern-file-so,S (sleeping),nginx2.bnsdq.ozxfs.laefh.kvugl,63.707997452099285
1759266041,3275,1,N/A,N/A,N/A,N/A,N/A,N/A,N/A,N/A,1931149312,1931149312,53477376,N/A,135168,187768832,14,discern-network,S (sleeping),nginx2.bnsdq.ozxfs.laefh.kvugl,2.2231647901868596
1759266041,183,1,N/A,N/A,N/A,N/A,N/A,N/A,N/A,N/A,154570752,142041088,69242880,4096,135168,28184576,1,systemd-journal,S (sleeping),nginx2.bnsdq.ozxfs.laefh.kvugl,0.2697212478952589
1759266041,118658,1,N/A,N/A,N/A,N/A,N/A,N/A,N/A,N/A,1264619520,1264619520,17375232,N/A,135168,45826048,4,discern-proc-so,S (sleeping),nginx2.bnsdq.ozxfs.laefh.kvugl,2.5723263080757524
1759266046,340,1,103,103,103,103,109,109,109,109,250974208,250974208,236257280,N/A,135168,243245056,1,dbus-daemon,S (sleeping),nginx2.bnsdq.ozxfs.laefh.kvugl,0.30392790673751946
1759266046,3275,1,N/A,N/A,N/A,N/A,N/A,N/A,N/A,N/A,1931149312,1931149312,53477376,N/A,135168,187768832,14,discern-network,S (sleeping),nginx2.bnsdq.ozxfs.laefh.kvugl,2.2233466853736874
1759266046,183,1,N/A,N/A,N/A,N/A,N/A,N/A,N/A,N/A,154570752,142041088,69242880,4096,135168,28184576,1,systemd-journal,S (sleeping),nginx2.bnsdq.ozxfs.laefh.kvugl,0.2703716635006732
1759266046,118658,1,N/A,N/A,N/A,N/A,N/A,N/A,N/A,N/A,1264619520,1264619520,17375232,N/A,135168,45826048,4,discern-proc-so,S (sleeping),nginx2.bnsdq.ozxfs.laefh.kvugl,2.5752020202155514
1759266046,80899,1,N/A,N/A,N/A,N/A,N/A,N/A,N/A,N/A,1647706112,1580859392,20467712,N/A,135168,82464768,5,discern-interfa,S (sleeping),nginx2.bnsdq.ozxfs.laefh.kvugl,0.0012696534813855871
1759266051,340,1,103,103,103,103,109,109,109,109,250974208,250974208,236257280,N/A,135168,243245056,1,dbus-daemon,S (sleeping),nginx2.bnsdq.ozxfs.laefh.kvugl,0.303977750196145
1759266051,3275,1,N/A,N/A,N/A,N/A,N/A,N/A,N/A,N/A,1931149312,1931149312,53477376,N/A,135168,187768832,14,discern-network,S (sleeping),nginx2.bnsdq.ozxfs.laefh.kvugl,2.223408112039705
1759266051,183,1,N/A,N/A,N/A,N/A,N/A,N/A,N/A,N/A,154570752,142041088,69242880,4096,135168,28184576,1,systemd-journal,S (sleeping),nginx2.bnsdq.ozxfs.laefh.kvugl,0.27055751699037783
1759266051,118658,1,N/A,N/A,N/A,N/A,N/A,N/A,N/A,N/A,1264619520,1264619520,17375232,N/A,135168,45826048,4,discern-proc-so,S (sleeping),nginx2.bnsdq.ozxfs.laefh.kvugl,2.5818404304504172
1759266051,80899,1,N/A,N/A,N/A,N/A,N/A,N/A,N/A,N/A,1647706112,1580859392,20467712,N/A,135168,82464768,5,discern-interfa,S (sleeping),nginx2.bnsdq.ozxfs.laefh.kvugl,0.0012675750491494865
1759266056,340,1,103,103,103,103,109,109,109,109,250974208,250974208,236257280,N/A,135168,243245056,1,dbus-daemon,S (sleeping),nginx2.bnsdq.ozxfs.laefh.kvugl,0.30391121355368195
1759266056,3275,1,N/A,N/A,N/A,N/A,N/A,N/A,N/A,N/A,1931149312,1931149312,53477376,N/A,135168,187768832,14,discern-network,S (sleeping),nginx2.bnsdq.ozxfs.laefh.kvugl,2.2235853723393184
1759266056,183,1,N/A,N/A,N/A,N/A,N/A,N/A,N/A,N/A,154570752,142041088,69242880,4096,135168,28184576,1,systemd-journal,S (sleeping),nginx2.bnsdq.ozxfs.laefh.kvugl,0.2705110394706366
1759266056,118658,1,N/A,N/A,N/A,N/A,N/A,N/A,N/A,N/A,1264619520,1264619520,17375232,N/A,135168,45826048,4,discern-proc-so,S (sleeping),nginx2.bnsdq.ozxfs.laefh.kvugl,2.5880861770427064
1759266056,80899,1,N/A,N/A,N/A,N/A,N/A,N/A,N/A,N/A,1647706112,1580859392,20467712,N/A,135168,82464768,5,discern-interfa,S (sleeping),nginx2.bnsdq.ozxfs.laefh.kvugl,0.0012654981701252367
1759266061,340,1,103,103,103,103,109,109,109,109,250974208,250974208,236257280,N/A,135168,243245056,1,dbus-daemon,S (sleeping),nginx2.bnsdq.ozxfs.laefh.kvugl,0.3039603164081012
1759266061,183,1,N/A,N/A,N/A,N/A,N/A,N/A,N/A,N/A,154570752,142041088,69242880,4096,135168,28184576,1,systemd-journal,S (sleeping),nginx2.bnsdq.ozxfs.laefh.kvugl,0.27058019270004197
1759266062,3275,1,N/A,N/A,N/A,N/A,N/A,N/A,N/A,N/A,1931149312,1931149312,53477376,N/A,135168,187768832,14,discern-network,S (sleeping),nginx2.bnsdq.ozxfs.laefh.kvugl,2.223522066414559
1759266062,118658,1,N/A,N/A,N/A,N/A,N/A,N/A,N/A,N/A,1264619520,1264619520,17375232,N/A,135168,45826048,4,discern-proc-so,S (sleeping),nginx2.bnsdq.ozxfs.laefh.kvugl,2.5902632104641894
1759266062,80899,1,N/A,N/A,N/A,N/A,N/A,N/A,N/A,N/A,1647706112,1580859392,20467712,N/A,135168,82464768,5,discern-interfa,S (sleeping),nginx2.bnsdq.ozxfs.laefh.kvugl,0.0012634253764370446
1759266067,340,1,103,103,103,103,109,109,109,109,250974208,250974208,236257280,N/A,135168,243245056,1,dbus-daemon,S (sleeping),nginx2.bnsdq.ozxfs.laefh.kvugl,0.30389419041614296
1759266067,183,1,N/A,N/A,N/A,N/A,N/A,N/A,N/A,N/A,154570752,142041088,69242880,4096,135168,28184576,1,systemd-journal,S (sleeping),nginx2.bnsdq.ozxfs.laefh.kvugl,0.27076546574881366
1759266067,3275,1,N/A,N/A,N/A,N/A,N/A,N/A,N/A,N/A,1931149312,1931149312,53477376,N/A,135168,187768832,14,discern-network,S (sleeping),nginx2.bnsdq.ozxfs.laefh.kvugl,2.223701439837639
1759266067,118658,1,N/A,N/A,N/A,N/A,N/A,N/A,N/A,N/A,1264619520,1264619520,17375232,N/A,135168,45826048,4,discern-proc-so,S (sleeping),nginx2.bnsdq.ozxfs.laefh.kvugl,2.592509169251989
1759266067,80899,1,N/A,N/A,N/A,N/A,N/A,N/A,N/A,N/A,1647706112,1580859392,20467712,N/A,135168,82464768,5,discern-interfa,S (sleeping),nginx2.bnsdq.ozxfs.laefh.kvugl,0.0012613657033659904
1759266072,340,1,103,103,103,103,109,109,109,109,250974208,250974208,236257280,N/A,135168,243245056,1,dbus-daemon,S (sleeping),nginx2.bnsdq.ozxfs.laefh.kvugl,0.30417550184666553
1759266072,3275,1,N/A,N/A,N/A,N/A,N/A,N/A,N/A,N/A,1931149312,1931149312,53477376,N/A,135168,187768832,14,discern-network,S (sleeping),nginx2.bnsdq.ozxfs.laefh.kvugl,2.2236453274214467
1759266072,183,1,N/A,N/A,N/A,N/A,N/A,N/A,N/A,N/A,154570752,142041088,69242880,4096,135168,28184576,1,systemd-journal,S (sleeping),nginx2.bnsdq.ozxfs.laefh.kvugl,0.27129779008795496
1759266072,118658,1,N/A,N/A,N/A,N/A,N/A,N/A,N/A,N/A,1264619520,1264619520,17375232,N/A,135168,45826048,4,discern-proc-so,S (sleeping),nginx2.bnsdq.ozxfs.laefh.kvugl,2.5947753542737026
1759266072,80899,1,N/A,N/A,N/A,N/A,N/A,N/A,N/A,N/A,1647706112,1580859392,20467712,N/A,135168,82464768,5,discern-interfa,S (sleeping),nginx2.bnsdq.ozxfs.laefh.kvugl,0.0012593171301858216
1759266077,340,1,103,103,103,103,109,109,109,109,250974208,250974208,236257280,N/A,135168,243245056,1,dbus-daemon,S (sleeping),nginx2.bnsdq.ozxfs.laefh.kvugl,0.304108756384589
1759266077,183,1,N/A,N/A,N/A,N/A,N/A,N/A,N/A,N/A,154570752,142041088,69242880,4096,135168,28184576,1,systemd-journal,S (sleeping),nginx2.bnsdq.ozxfs.laefh.kvugl,0.27125075836656487
1759266077,3275,1,N/A,N/A,N/A,N/A,N/A,N/A,N/A,N/A,1931149312,1931149312,53477376,N/A,135168,187768832,14,discern-network,S (sleeping),nginx2.bnsdq.ozxfs.laefh.kvugl,2.2237010163476327
1759266077,118658,1,N/A,N/A,N/A,N/A,N/A,N/A,N/A,N/A,1264619520,1264619520,17375232,N/A,135168,45826048,4,discern-proc-so,S (sleeping),nginx2.bnsdq.ozxfs.laefh.kvugl,2.600257407868411
1759266077,80899,1,N/A,N/A,N/A,N/A,N/A,N/A,N/A,N/A,1647706112,1580859392,20467712,N/A,135168,82464768,5,discern-interfa,S (sleeping),nginx2.bnsdq.ozxfs.laefh.kvugl,0.0012572643564280252
1759266082,340,1,103,103,103,103,109,109,109,109,250974208,250974208,236257280,N/A,135168,243245056,1,dbus-daemon,S (sleeping),nginx2.bnsdq.ozxfs.laefh.kvugl,0.3041584234665385
1759266082,183,1,N/A,N/A,N/A,N/A,N/A,N/A,N/A,N/A,154570752,142041088,69242880,4096,135168,28184576,1,systemd-journal,S (sleeping),nginx2.bnsdq.ozxfs.laefh.kvugl,0.27132001638433206
1759266082,3275,1,N/A,N/A,N/A,N/A,N/A,N/A,N/A,N/A,1931149312,1931149312,53477376,N/A,135168,187768832,14,discern-network,S (sleeping),nginx2.bnsdq.ozxfs.laefh.kvugl,2.2237628301380545
1759266082,118658,1,N/A,N/A,N/A,N/A,N/A,N/A,N/A,N/A,1264619520,1264619520,17375232,N/A,135168,45826048,4,discern-proc-so,S (sleeping),nginx2.bnsdq.ozxfs.laefh.kvugl,2.5952881402187535
1759266082,80899,1,N/A,N/A,N/A,N/A,N/A,N/A,N/A,N/A,1647706112,1580859392,20467712,N/A,135168,82464768,5,discern-interfa,S (sleeping),nginx2.bnsdq.ozxfs.laefh.kvugl,0.0012552274415989794
1759266087,340,1,103,103,103,103,109,109,109,109,250974208,250974208,236257280,N/A,135168,243245056,1,dbus-daemon,S (sleeping),nginx2.bnsdq.ozxfs.laefh.kvugl,0.30409199042792634
1759266087,183,1,N/A,N/A,N/A,N/A,N/A,N/A,N/A,N/A,154570752,142041088,69242880,4096,135168,28184576,1,systemd-journal,S (sleeping),nginx2.bnsdq.ozxfs.laefh.kvugl,0.2713886613132196
1759266087,3275,1,N/A,N/A,N/A,N/A,N/A,N/A,N/A,N/A,1931149312,1931149312,53477376,N/A,135168,187768832,14,discern-network,S (sleeping),nginx2.bnsdq.ozxfs.laefh.kvugl,2.2237012254422868
1759266087,118658,1,N/A,N/A,N/A,N/A,N/A,N/A,N/A,N/A,1264619520,1264619520,17375232,N/A,135168,45826048,4,discern-proc-so,S (sleeping),nginx2.bnsdq.ozxfs.laefh.kvugl,2.604051503898721
1759266087,80899,1,N/A,N/A,N/A,N/A,N/A,N/A,N/A,N/A,1647706112,1580859392,20467712,N/A,135168,82464768,5,discern-interfa,S (sleeping),nginx2.bnsdq.ozxfs.laefh.kvugl,0.0012531905392211494
1759266093,340,1,103,103,103,103,109,109,109,109,250974208,250974208,236257280,N/A,135168,243245056,1,dbus-daemon,S (sleeping),nginx2.bnsdq.ozxfs.laefh.kvugl,0.3041415415726332
1759266093,183,1,N/A,N/A,N/A,N/A,N/A,N/A,N/A,N/A,154570752,142041088,69242880,4096,135168,28184576,1,systemd-journal,S (sleeping),nginx2.bnsdq.ozxfs.laefh.kvugl,0.27145769217353044
1759266093,3275,1,N/A,N/A,N/A,N/A,N/A,N/A,N/A,N/A,1931149312,1931149312,53477376,N/A,135168,187768832,14,discern-network,S (sleeping),nginx2.bnsdq.ozxfs.laefh.kvugl,2.2238812901377845
1759266093,118658,1,N/A,N/A,N/A,N/A,N/A,N/A,N/A,N/A,1264619520,1264619520,17375232,N/A,135168,45826048,4,discern-proc-so,S (sleeping),nginx2.bnsdq.ozxfs.laefh.kvugl,2.605906034357625
1759266093,80899,1,N/A,N/A,N/A,N/A,N/A,N/A,N/A,N/A,1647706112,1580859392,20467712,N/A,135168,82464768,5,discern-interfa,S (sleeping),nginx2.bnsdq.ozxfs.laefh.kvugl,0.001251165989225571
1759266098,340,1,103,103,103,103,109,109,109,109,250974208,250974208,236257280,N/A,135168,243245056,1,dbus-daemon,S (sleeping),nginx2.bnsdq.ozxfs.laefh.kvugl,0.30430591266933427
1759266098,183,1,N/A,N/A,N/A,N/A,N/A,N/A,N/A,N/A,154570752,142041088,69242880,4096,135168,28184576,1,systemd-journal,S (sleeping),nginx2.bnsdq.ozxfs.laefh.kvugl,0.27187214849960795
1759266098,3275,1,N/A,N/A,N/A,N/A,N/A,N/A,N/A,N/A,1931149312,1931149312,53477376,N/A,135168,187768832,14,discern-network,S (sleeping),nginx2.bnsdq.ozxfs.laefh.kvugl,2.2238203540411003
1759266098,118658,1,N/A,N/A,N/A,N/A,N/A,N/A,N/A,N/A,1264619520,1264619520,17375232,N/A,135168,45826048,4,discern-proc-so,S (sleeping),nginx2.bnsdq.ozxfs.laefh.kvugl,2.597663444636346
1759266098,80899,1,N/A,N/A,N/A,N/A,N/A,N/A,N/A,N/A,1647706112,1580859392,20467712,N/A,135168,82464768,5,discern-interfa,S (sleeping),nginx2.bnsdq.ozxfs.laefh.kvugl,0.001249143258340572
1759266103,340,1,103,103,103,103,109,109,109,109,250974208,250974208,236257280,N/A,135168,243245056,1,dbus-daemon,S (sleeping),nginx2.bnsdq.ozxfs.laefh.kvugl,0.3042416739899801
1759266103,183,1,N/A,N/A,N/A,N/A,N/A,N/A,N/A,N/A,154570752,142041088,69242880,4096,135168,28184576,1,systemd-journal,S (sleeping),nginx2.bnsdq.ozxfs.laefh.kvugl,0.2719422747186616
1759266103,3275,1,N/A,N/A,N/A,N/A,N/A,N/A,N/A,N/A,1931149312,1931149312,53477376,N/A,135168,187768832,14,discern-network,S (sleeping),nginx2.bnsdq.ozxfs.laefh.kvugl,2.2238937698152346
1759266103,118658,1,N/A,N/A,N/A,N/A,N/A,N/A,N/A,N/A,1264619520,1264619520,17375232,N/A,135168,45826048,4,discern-proc-so,S (sleeping),nginx2.bnsdq.ozxfs.laefh.kvugl,2.583688224713172
1759266103,80899,1,N/A,N/A,N/A,N/A,N/A,N/A,N/A,N/A,1647706112,1580859392,20467712,N/A,135168,82464768,5,discern-interfa,S (sleeping),nginx2.bnsdq.ozxfs.laefh.kvugl,0.0012471499784483002
1759266108,340,1,103,103,103,103,109,109,109,109,250974208,250974208,236257280,N/A,135168,243245056,1,dbus-daemon,S (sleeping),nginx2.bnsdq.ozxfs.laefh.kvugl,0.30429070056046587
1759266108,183,1,N/A,N/A,N/A,N/A,N/A,N/A,N/A,N/A,154570752,142041088,69242880,4096,135168,28184576,1,systemd-journal,S (sleeping),nginx2.bnsdq.ozxfs.laefh.kvugl,0.27212570442898315
1759266108,3275,1,N/A,N/A,N/A,N/A,N/A,N/A,N/A,N/A,1931149312,1931149312,53477376,N/A,135168,187768832,14,discern-network,S (sleeping),nginx2.bnsdq.ozxfs.laefh.kvugl,2.223833558576224
1759266108,118658,1,N/A,N/A,N/A,N/A,N/A,N/A,N/A,N/A,1264619520,1264619520,17375232,N/A,135168,45826048,4,discern-proc-so,S (sleeping),nginx2.bnsdq.ozxfs.laefh.kvugl,2.585706396100685
1759266108,80899,1,N/A,N/A,N/A,N/A,N/A,N/A,N/A,N/A,1647706112,1580859392,20467712,N/A,135168,82464768,5,discern-interfa,S (sleeping),nginx2.bnsdq.ozxfs.laefh.kvugl,0.0012451411329764289
1759266113,340,1,103,103,103,103,109,109,109,109,250974208,250974208,236257280,N/A,135168,243245056,1,dbus-daemon,S (sleeping),nginx2.bnsdq.ozxfs.laefh.kvugl,0.30433972808984605
1759266113,183,1,N/A,N/A,N/A,N/A,N/A,N/A,N/A,N/A,154570752,142041088,69242880,4096,135168,28184576,1,systemd-journal,S (sleeping),nginx2.bnsdq.ozxfs.laefh.kvugl,0.27219387648715254
1759266113,3275,1,N/A,N/A,N/A,N/A,N/A,N/A,N/A,N/A,1931149312,1931149312,53477376,N/A,135168,187768832,14,discern-network,S (sleeping),nginx2.bnsdq.ozxfs.laefh.kvugl,2.223892400471444
1759266113,118658,1,N/A,N/A,N/A,N/A,N/A,N/A,N/A,N/A,1264619520,1264619520,17375232,N/A,135168,45826048,4,discern-proc-so,S (sleeping),nginx2.bnsdq.ozxfs.laefh.kvugl,2.590820121933183
1759266113,80899,1,N/A,N/A,N/A,N/A,N/A,N/A,N/A,N/A,1647706112,1580859392,20467712,N/A,135168,82464768,5,discern-interfa,S (sleeping),nginx2.bnsdq.ozxfs.laefh.kvugl,0.0012431393402001628
1759266118,340,1,103,103,103,103,109,109,109,109,250974208,250974208,236257280,N/A,135168,243245056,1,dbus-daemon,S (sleeping),nginx2.bnsdq.ozxfs.laefh.kvugl,0.3042739715846629
1759266118,183,1,N/A,N/A,N/A,N/A,N/A,N/A,N/A,N/A,154570752,142041088,69242880,4096,135168,28184576,1,systemd-journal,S (sleeping),nginx2.bnsdq.ozxfs.laefh.kvugl,0.27226224586920816
1759266118,3275,1,N/A,N/A,N/A,N/A,N/A,N/A,N/A,N/A,1931149312,1931149312,53477376,N/A,135168,187768832,14,discern-network,S (sleeping),nginx2.bnsdq.ozxfs.laefh.kvugl,2.2239535120230403
1759266118,118658,1,N/A,N/A,N/A,N/A,N/A,N/A,N/A,N/A,1264619520,1264619520,17375232,N/A,135168,45826048,4,discern-proc-so,S (sleeping),nginx2.bnsdq.ozxfs.laefh.kvugl,2.592743839242645
1759266118,80899,1,N/A,N/A,N/A,N/A,N/A,N/A,N/A,N/A,1647706112,1580859392,20467712,N/A,135168,82464768,5,discern-interfa,S (sleeping),nginx2.bnsdq.ozxfs.laefh.kvugl,0.001241147469642879
1759266124,340,1,103,103,103,103,109,109,109,109,250974208,250974208,236257280,N/A,135168,243245056,1,dbus-daemon,S (sleeping),nginx2.bnsdq.ozxfs.laefh.kvugl,0.3044263141787362
1759266124,183,1,N/A,N/A,N/A,N/A,N/A,N/A,N/A,N/A,154570752,142041088,69242880,4096,135168,28184576,1,systemd-journal,S (sleeping),nginx2.bnsdq.ozxfs.laefh.kvugl,0.2725497771905358
1759266124,3275,1,N/A,N/A,N/A,N/A,N/A,N/A,N/A,N/A,1931149312,1931149312,53477376,N/A,135168,187768832,14,discern-network,S (sleeping),nginx2.bnsdq.ozxfs.laefh.kvugl,2.223924877296591
1759266124,118658,1,N/A,N/A,N/A,N/A,N/A,N/A,N/A,N/A,1264619520,1264619520,17375232,N/A,135168,45826048,4,discern-proc-so,S (sleeping),nginx2.bnsdq.ozxfs.laefh.kvugl,2.5980070292578437
1759266124,80899,1,N/A,N/A,N/A,N/A,N/A,N/A,N/A,N/A,1647706112,1580859392,20467712,N/A,135168,82464768,5,discern-interfa,S (sleeping),nginx2.bnsdq.ozxfs.laefh.kvugl,0.0012390312009809702
1759266129,340,1,103,103,103,103,109,109,109,109,250974208,250974208,236257280,N/A,135168,243245056,1,dbus-daemon,S (sleeping),nginx2.bnsdq.ozxfs.laefh.kvugl,0.3043600407666849
1759266129,183,1,N/A,N/A,N/A,N/A,N/A,N/A,N/A,N/A,154570752,142041088,69242880,4096,135168,28184576,1,systemd-journal,S (sleeping),nginx2.bnsdq.ozxfs.laefh.kvugl,0.2725024799779697
1759266129,3275,1,N/A,N/A,N/A,N/A,N/A,N/A,N/A,N/A,1931149312,1931149312,53477376,N/A,135168,187768832,14,discern-network,S (sleeping),nginx2.bnsdq.ozxfs.laefh.kvugl,2.2238634683829415
1759266129,118658,1,N/A,N/A,N/A,N/A,N/A,N/A,N/A,N/A,1264619520,1264619520,17375232,N/A,135168,45826048,4,discern-proc-so,S (sleeping),nginx2.bnsdq.ozxfs.laefh.kvugl,2.5936398178930653
1759266129,80899,1,N/A,N/A,N/A,N/A,N/A,N/A,N/A,N/A,1647706112,1580859392,20467712,N/A,135168,82464768,5,discern-interfa,S (sleeping),nginx2.bnsdq.ozxfs.laefh.kvugl,0.0012370464840747674
1759266134,340,1,103,103,103,103,109,109,109,109,250974208,250974208,236257280,N/A,135168,243245056,1,dbus-daemon,S (sleeping),nginx2.bnsdq.ozxfs.laefh.kvugl,0.30440961867489413
1759266134,183,1,N/A,N/A,N/A,N/A,N/A,N/A,N/A,N/A,154570752,142041088,69242880,4096,135168,28184576,1,systemd-journal,S (sleeping),nginx2.bnsdq.ozxfs.laefh.kvugl,0.272685714133062
1759266134,3275,1,N/A,N/A,N/A,N/A,N/A,N/A,N/A,N/A,1931149312,1931149312,53477376,N/A,135168,187768832,14,discern-network,S (sleeping),nginx2.bnsdq.ozxfs.laefh.kvugl,2.223809234422343
1759266134,118658,1,N/A,N/A,N/A,N/A,N/A,N/A,N/A,N/A,1264619520,1264619520,17375232,N/A,135168,45826048,4,discern-proc-so,S (sleeping),nginx2.bnsdq.ozxfs.laefh.kvugl,2.592564569395274
1759266134,80899,1,N/A,N/A,N/A,N/A,N/A,N/A,N/A,N/A,1647706112,1580859392,20467712,N/A,135168,82464768,5,discern-interfa,S (sleeping),nginx2.bnsdq.ozxfs.laefh.kvugl,0.0012350783558354034
1759266139,340,1,103,103,103,103,109,109,109,109,250974208,250974208,236257280,N/A,135168,243245056,1,dbus-daemon,S (sleeping),nginx2.bnsdq.ozxfs.laefh.kvugl,0.304458260065146
1759266139,183,1,N/A,N/A,N/A,N/A,N/A,N/A,N/A,N/A,154570752,142041088,69242880,4096,135168,28184576,1,systemd-journal,S (sleeping),nginx2.bnsdq.ozxfs.laefh.kvugl,0.272867944622011
1759266139,3275,1,N/A,N/A,N/A,N/A,N/A,N/A,N/A,N/A,1931149312,1931149312,53477376,N/A,135168,187768832,14,discern-network,S (sleeping),nginx2.bnsdq.ozxfs.laefh.kvugl,2.223866639556005
1759266139,118658,1,N/A,N/A,N/A,N/A,N/A,N/A,N/A,N/A,1264619520,1264619520,17375232,N/A,135168,45826048,4,discern-proc-so,S (sleeping),nginx2.bnsdq.ozxfs.laefh.kvugl,2.600058330030239
1759266139,80899,1,N/A,N/A,N/A,N/A,N/A,N/A,N/A,N/A,1647706112,1580859392,20467712,N/A,135168,82464768,5,discern-interfa,S (sleeping),nginx2.bnsdq.ozxfs.laefh.kvugl,0.0012331069985670386
1759266145,340,1,103,103,103,103,109,109,109,109,250974208,250974208,236257280,N/A,135168,243245056,1,dbus-daemon,S (sleeping),nginx2.bnsdq.ozxfs.laefh.kvugl,0.30439247838847927
1759266145,183,1,N/A,N/A,N/A,N/A,N/A,N/A,N/A,N/A,154570752,142041088,69242880,4096,135168,28184576,1,systemd-journal,S (sleeping),nginx2.bnsdq.ozxfs.laefh.kvugl,0.2729355727595754
1759266145,3275,1,N/A,N/A,N/A,N/A,N/A,N/A,N/A,N/A,1931149312,1931149312,53477376,N/A,135168,187768832,14,discern-network,S (sleeping),nginx2.bnsdq.ozxfs.laefh.kvugl,2.223808320329421
1759266145,118658,1,N/A,N/A,N/A,N/A,N/A,N/A,N/A,N/A,1264619520,1264619520,17375232,N/A,135168,45826048,4,discern-proc-so,S (sleeping),nginx2.bnsdq.ozxfs.laefh.kvugl,2.5988030038267373
1759266145,80899,1,N/A,N/A,N/A,N/A,N/A,N/A,N/A,N/A,1647706112,1580859392,20467712,N/A,135168,82464768,5,discern-interfa,S (sleeping),nginx2.bnsdq.ozxfs.laefh.kvugl,0.001231145416184337
1759266150,340,1,103,103,103,103,109,109,109,109,250974208,250974208,236257280,N/A,135168,243245056,1,dbus-daemon,S (sleeping),nginx2.bnsdq.ozxfs.laefh.kvugl,0.30455295870022936
1759266150,183,1,N/A,N/A,N/A,N/A,N/A,N/A,N/A,N/A,154570752,142041088,69242880,4096,135168,28184576,1,systemd-journal,S (sleeping),nginx2.bnsdq.ozxfs.laefh.kvugl,0.2731149836367517
1759266150,3275,1,N/A,N/A,N/A,N/A,N/A,N/A,N/A,N/A,1931149312,1931149312,53477376,N/A,135168,187768832,14,discern-network,S (sleeping),nginx2.bnsdq.ozxfs.laefh.kvugl,2.2238450641158374
1759266150,118658,1,N/A,N/A,N/A,N/A,N/A,N/A,N/A,N/A,1264619520,1264619520,17375232,N/A,135168,45826048,4,discern-proc-so,S (sleeping),nginx2.bnsdq.ozxfs.laefh.kvugl,2.5969402301136597
1759266150,80899,1,N/A,N/A,N/A,N/A,N/A,N/A,N/A,N/A,1647706112,1580859392,20467712,N/A,135168,82464768,5,discern-interfa,S (sleeping),nginx2.bnsdq.ozxfs.laefh.kvugl,0.0012291568896932732
1759266155,340,1,103,103,103,103,109,109,109,109,250974208,250974208,236257280,N/A,135168,243245056,1,dbus-daemon,S (sleeping),nginx2.bnsdq.ozxfs.laefh.kvugl,0.30448471716958814
1759266155,183,1,N/A,N/A,N/A,N/A,N/A,N/A,N/A,N/A,154570752,142041088,69242880,4096,135168,28184576,1,systemd-journal,S (sleeping),nginx2.bnsdq.ozxfs.laefh.kvugl,0.2731801587302916
1759266155,3275,1,N/A,N/A,N/A,N/A,N/A,N/A,N/A,N/A,1931149312,1931149312,53477376,N/A,135168,187768832,14,discern-network,S (sleeping),nginx2.bnsdq.ozxfs.laefh.kvugl,2.224004068601466
1759266155,118658,1,N/A,N/A,N/A,N/A,N/A,N/A,N/A,N/A,1264619520,1264619520,17375232,N/A,135168,45826048,4,discern-proc-so,S (sleeping),nginx2.bnsdq.ozxfs.laefh.kvugl,2.5980341392008435
1759266155,80899,1,N/A,N/A,N/A,N/A,N/A,N/A,N/A,N/A,1647706112,1580859392,20467712,N/A,135168,82464768,5,discern-interfa,S (sleeping),nginx2.bnsdq.ozxfs.laefh.kvugl,0.0012271810672604291
1759266160,340,1,103,103,103,103,109,109,109,109,250974208,250974208,236257280,N/A,135168,243245056,1,dbus-daemon,S (sleeping),nginx2.bnsdq.ozxfs.laefh.kvugl,0.3045338150616483
1759266160,183,1,N/A,N/A,N/A,N/A,N/A,N/A,N/A,N/A,154570752,142041088,69242880,4096,135168,28184576,1,systemd-journal,S (sleeping),nginx2.bnsdq.ozxfs.laefh.kvugl,0.27336221589015414
1759266160,3275,1,N/A,N/A,N/A,N/A,N/A,N/A,N/A,N/A,1931149312,1931149312,53477376,N/A,135168,187768832,14,discern-network,S (sleeping),nginx2.bnsdq.ozxfs.laefh.kvugl,2.2240658828844095
1759266160,118658,1,N/A,N/A,N/A,N/A,N/A,N/A,N/A,N/A,1264619520,1264619520,17375232,N/A,135168,45826048,4,discern-proc-so,S (sleeping),nginx2.bnsdq.ozxfs.laefh.kvugl,2.5996642483522128
1759266160,80899,1,N/A,N/A,N/A,N/A,N/A,N/A,N/A,N/A,1647706112,1580859392,20467712,N/A,135168,82464768,5,discern-interfa,S (sleeping),nginx2.bnsdq.ozxfs.laefh.kvugl,0.0012252414803106655
1759266165,340,1,103,103,103,103,109,109,109,109,250974208,250974208,236257280,N/A,135168,243245056,1,dbus-daemon,S (sleeping),nginx2.bnsdq.ozxfs.laefh.kvugl,0.3045820674963316
1759266165,183,1,N/A,N/A,N/A,N/A,N/A,N/A,N/A,N/A,158826496,104259584,69242880,4096,135168,28184576,1,systemd-journal,S (sleeping),nginx2.bnsdq.ozxfs.laefh.kvugl,0.2734289449582448
1759266165,3275,1,N/A,N/A,N/A,N/A,N/A,N/A,N/A,N/A,1931149312,1931149312,53477376,N/A,135168,187768832,14,discern-network,S (sleeping),nginx2.bnsdq.ozxfs.laefh.kvugl,2.2238860312193243
1759266165,118658,1,N/A,N/A,N/A,N/A,N/A,N/A,N/A,N/A,1264619520,1264619520,17375232,N/A,135168,45826048,4,discern-proc-so,S (sleeping),nginx2.bnsdq.ozxfs.laefh.kvugl,2.609200168303441
1759266165,80899,1,N/A,N/A,N/A,N/A,N/A,N/A,N/A,N/A,1647706112,1580859392,20467712,N/A,135168,82464768,5,discern-interfa,S (sleeping),nginx2.bnsdq.ozxfs.laefh.kvugl,0.0012232994850873322
1759266171,340,1,103,103,103,103,109,109,109,109,250974208,250974208,236257280,N/A,135168,243245056,1,dbus-daemon,S (sleeping),nginx2.bnsdq.ozxfs.laefh.kvugl,0.3045165623135193
1759266171,183,1,N/A,N/A,N/A,N/A,N/A,N/A,N/A,N/A,158826496,104259584,69242880,4096,135168,28184576,1,systemd-journal,S (sleeping),nginx2.bnsdq.ozxfs.laefh.kvugl,0.2736105168226455
1759266171,3275,1,N/A,N/A,N/A,N/A,N/A,N/A,N/A,N/A,1931149312,1931149312,53477376,N/A,135168,187768832,14,discern-network,S (sleeping),nginx2.bnsdq.ozxfs.laefh.kvugl,2.2238290484978376
1759266171,118658,1,N/A,N/A,N/A,N/A,N/A,N/A,N/A,N/A,1264619520,1264619520,17375232,N/A,135168,45826048,4,discern-proc-so,S (sleeping),nginx2.bnsdq.ozxfs.laefh.kvugl,2.6106036226707
1759266171,80899,1,N/A,N/A,N/A,N/A,N/A,N/A,N/A,N/A,1647706112,1580859392,20467712,N/A,135168,82464768,5,discern-interfa,S (sleeping),nginx2.bnsdq.ozxfs.laefh.kvugl,0.0012213706313411463
1759266176,340,1,103,103,103,103,109,109,109,109,250974208,250974208,236257280,N/A,135168,243245056,1,dbus-daemon,S (sleeping),nginx2.bnsdq.ozxfs.laefh.kvugl,0.30456500237173934
1759266176,183,1,N/A,N/A,N/A,N/A,N/A,N/A,N/A,N/A,158826496,104259584,69242880,4096,135168,28184576,1,systemd-journal,S (sleeping),nginx2.bnsdq.ozxfs.laefh.kvugl,0.2735629606068883
1759266176,3275,1,N/A,N/A,N/A,N/A,N/A,N/A,N/A,N/A,1931149312,1931149312,53477376,N/A,135168,187768832,14,discern-network,S (sleeping),nginx2.bnsdq.ozxfs.laefh.kvugl,2.22388667919668
1759266176,118658,1,N/A,N/A,N/A,N/A,N/A,N/A,N/A,N/A,1264619520,1264619520,17375232,N/A,135168,45826048,4,discern-proc-so,S (sleeping),nginx2.bnsdq.ozxfs.laefh.kvugl,2.614517269946368
1759266176,80899,1,N/A,N/A,N/A,N/A,N/A,N/A,N/A,N/A,1647706112,1580859392,20467712,N/A,135168,82464768,5,discern-interfa,S (sleeping),nginx2.bnsdq.ozxfs.laefh.kvugl,0.0012194434123530746
1759266181,340,1,103,103,103,103,109,109,109,109,250974208,250974208,236257280,N/A,135168,243245056,1,dbus-daemon,S (sleeping),nginx2.bnsdq.ozxfs.laefh.kvugl,0.3044996823105177
1759266181,183,1,N/A,N/A,N/A,N/A,N/A,N/A,N/A,N/A,158826496,104259584,69242880,4096,135168,28184576,1,systemd-journal,S (sleeping),nginx2.bnsdq.ozxfs.laefh.kvugl,0.2737443267481663
1759266181,3275,1,N/A,N/A,N/A,N/A,N/A,N/A,N/A,N/A,1931149312,1931149312,53477376,N/A,135168,187768832,14,discern-network,S (sleeping),nginx2.bnsdq.ozxfs.laefh.kvugl,2.2238304909475923
1759266181,118658,1,N/A,N/A,N/A,N/A,N/A,N/A,N/A,N/A,1264619520,1264619520,17375232,N/A,135168,45826048,4,discern-proc-so,S (sleeping),nginx2.bnsdq.ozxfs.laefh.kvugl,2.6158305845613574
1759266181,80899,1,N/A,N/A,N/A,N/A,N/A,N/A,N/A,N/A,1647706112,1580859392,20467712,N/A,135168,82464768,5,discern-interfa,S (sleeping),nginx2.bnsdq.ozxfs.laefh.kvugl,0.0012175277168738421
1759266186,340,1,103,103,103,103,109,109,109,109,250974208,250974208,236257280,N/A,135168,243245056,1,dbus-daemon,S (sleeping),nginx2.bnsdq.ozxfs.laefh.kvugl,0.304662819342718
1759266186,183,1,N/A,N/A,N/A,N/A,N/A,N/A,N/A,N/A,158826496,104259584,69242880,4096,135168,28184576,1,systemd-journal,S (sleeping),nginx2.bnsdq.ozxfs.laefh.kvugl,0.27381141817567517
1759266186,3275,1,N/A,N/A,N/A,N/A,N/A,N/A,N/A,N/A,1931149312,1931149312,53477376,N/A,135168,187768832,14,discern-network,S (sleeping),nginx2.bnsdq.ozxfs.laefh.kvugl,2.2238925250030346
1759266186,118658,1,N/A,N/A,N/A,N/A,N/A,N/A,N/A,N/A,1264619520,1264619520,17375232,N/A,135168,45826048,4,discern-proc-so,S (sleeping),nginx2.bnsdq.ozxfs.laefh.kvugl,2.617125330229293
1759266186,80899,1,N/A,N/A,N/A,N/A,N/A,N/A,N/A,N/A,1647706112,1580859392,20467712,N/A,135168,82464768,5,discern-interfa,S (sleeping),nginx2.bnsdq.ozxfs.laefh.kvugl,0.0012156189170716514
1759266191,340,1,103,103,103,103,109,109,109,109,250974208,250974208,236257280,N/A,135168,243245056,1,dbus-daemon,S (sleeping),nginx2.bnsdq.ozxfs.laefh.kvugl,0.30471069453951516
1759266191,183,1,N/A,N/A,N/A,N/A,N/A,N/A,N/A,N/A,158826496,104259584,69242880,4096,135168,28184576,1,systemd-journal,S (sleeping),nginx2.bnsdq.ozxfs.laefh.kvugl,0.2738775419141545
1759266191,3275,1,N/A,N/A,N/A,N/A,N/A,N/A,N/A,N/A,1931149312,1931149312,53477376,N/A,135168,187768832,14,discern-network,S (sleeping),nginx2.bnsdq.ozxfs.laefh.kvugl,2.223829567189613
1759266191,118658,1,N/A,N/A,N/A,N/A,N/A,N/A,N/A,N/A,1264619520,1264619520,17375232,N/A,135168,45826048,4,discern-proc-so,S (sleeping),nginx2.bnsdq.ozxfs.laefh.kvugl,2.6232516935545385
1759266191,80899,1,N/A,N/A,N/A,N/A,N/A,N/A,N/A,N/A,1647706112,1580859392,20467712,N/A,135168,82464768,5,discern-interfa,S (sleeping),nginx2.bnsdq.ozxfs.laefh.kvugl,0.0012137055688861795
1759266196,340,1,103,103,103,103,109,109,109,109,250974208,250974208,236257280,N/A,135168,243245056,1,dbus-daemon,S (sleeping),nginx2.bnsdq.ozxfs.laefh.kvugl,0.3047595110361201
1759266196,183,1,N/A,N/A,N/A,N/A,N/A,N/A,N/A,N/A,158826496,104259584,69242880,4096,135168,28184576,1,systemd-journal,S (sleeping),nginx2.bnsdq.ozxfs.laefh.kvugl,0.2739444850290902
1759266196,3275,1,N/A,N/A,N/A,N/A,N/A,N/A,N/A,N/A,1931149312,1931149312,53477376,N/A,135168,187768832,14,discern-network,S (sleeping),nginx2.bnsdq.ozxfs.laefh.kvugl,2.2237742402991683
1759266196,118658,1,N/A,N/A,N/A,N/A,N/A,N/A,N/A,N/A,1264619520,1264619520,17375232,N/A,135168,45826048,4,discern-proc-so,S (sleeping),nginx2.bnsdq.ozxfs.laefh.kvugl,2.6194305939982505
1759266196,80899,1,N/A,N/A,N/A,N/A,N/A,N/A,N/A,N/A,1647706112,1580859392,20467712,N/A,135168,82464768,5,discern-interfa,S (sleeping),nginx2.bnsdq.ozxfs.laefh.kvugl,0.0012118088641646049
1759266202,340,1,103,103,103,103,109,109,109,109,250974208,250974208,236257280,N/A,135168,243245056,1,dbus-daemon,S (sleeping),nginx2.bnsdq.ozxfs.laefh.kvugl,0.3046938357255282
1759266202,183,1,N/A,N/A,N/A,N/A,N/A,N/A,N/A,N/A,158826496,104259584,69242880,4096,135168,28184576,1,systemd-journal,S (sleeping),nginx2.bnsdq.ozxfs.laefh.kvugl,0.2741248452377315
1759266202,3275,1,N/A,N/A,N/A,N/A,N/A,N/A,N/A,N/A,1931149312,1931149312,53477376,N/A,135168,187768832,14,discern-network,S (sleeping),nginx2.bnsdq.ozxfs.laefh.kvugl,2.2239499300527124
1759266202,118658,1,N/A,N/A,N/A,N/A,N/A,N/A,N/A,N/A,1264619520,1264619520,17375232,N/A,135168,45826048,4,discern-proc-so,S (sleeping),nginx2.bnsdq.ozxfs.laefh.kvugl,2.6230045200962384
1759266202,80899,1,N/A,N/A,N/A,N/A,N/A,N/A,N/A,N/A,1647706112,1580859392,20467712,N/A,135168,82464768,5,discern-interfa,S (sleeping),nginx2.bnsdq.ozxfs.laefh.kvugl,0.0012099129202965855
1759266207,340,1,103,103,103,103,109,109,109,109,250974208,250974208,236257280,N/A,135168,243245056,1,dbus-daemon,S (sleeping),nginx2.bnsdq.ozxfs.laefh.kvugl,0.30462914046105743
1759266207,183,1,N/A,N/A,N/A,N/A,N/A,N/A,N/A,N/A,158826496,104259584,69242880,4096,135168,28184576,1,systemd-journal,S (sleeping),nginx2.bnsdq.ozxfs.laefh.kvugl,0.2740780712726224
1759266207,3275,1,N/A,N/A,N/A,N/A,N/A,N/A,N/A,N/A,1931149312,1931149312,53477376,N/A,135168,187768832,14,discern-network,S (sleeping),nginx2.bnsdq.ozxfs.laefh.kvugl,2.223780451788919
1759266207,118658,1,N/A,N/A,N/A,N/A,N/A,N/A,N/A,N/A,1264619520,1264619520,17375232,N/A,135168,45826048,4,discern-proc-so,S (sleeping),nginx2.bnsdq.ozxfs.laefh.kvugl,2.619358263579252
1759266207,80899,1,N/A,N/A,N/A,N/A,N/A,N/A,N/A,N/A,1647706112,1580859392,20467712,N/A,135168,82464768,5,discern-interfa,S (sleeping),nginx2.bnsdq.ozxfs.laefh.kvugl,0.001208032385245487
1759266212,340,1,103,103,103,103,109,109,109,109,250974208,250974208,236257280,N/A,135168,243245056,1,dbus-daemon,S (sleeping),nginx2.bnsdq.ozxfs.laefh.kvugl,0.30490537601083195
1759266212,183,1,N/A,N/A,N/A,N/A,N/A,N/A,N/A,N/A,158826496,104259584,69242880,4096,135168,28184576,1,systemd-journal,S (sleeping),nginx2.bnsdq.ozxfs.laefh.kvugl,0.2744860270927428
1759266212,3275,1,N/A,N/A,N/A,N/A,N/A,N/A,N/A,N/A,1931149312,1931149312,53477376,N/A,135168,187768832,14,discern-network,S (sleeping),nginx2.bnsdq.ozxfs.laefh.kvugl,2.2239582837176495
1759266212,118658,1,N/A,N/A,N/A,N/A,N/A,N/A,N/A,N/A,1264619520,1264619520,17375232,N/A,135168,45826048,4,discern-proc-so,S (sleeping),nginx2.bnsdq.ozxfs.laefh.kvugl,2.622901254975029
1759266212,80899,1,N/A,N/A,N/A,N/A,N/A,N/A,N/A,N/A,1647706112,1580859392,20467712,N/A,135168,82464768,5,discern-interfa,S (sleeping),nginx2.bnsdq.ozxfs.laefh.kvugl,0.001206151501457164
1759266217,340,1,103,103,103,103,109,109,109,109,250974208,250974208,236257280,N/A,135168,243245056,1,dbus-daemon,S (sleeping),nginx2.bnsdq.ozxfs.laefh.kvugl,0.30483897122391285
1759266217,183,1,N/A,N/A,N/A,N/A,N/A,N/A,N/A,N/A,158826496,104259584,69242880,4096,135168,28184576,1,systemd-journal,S (sleeping),nginx2.bnsdq.ozxfs.laefh.kvugl,0.2744376007272802
1759266217,3275,1,N/A,N/A,N/A,N/A,N/A,N/A,N/A,N/A,1931149312,1931149312,53477376,N/A,135168,187768832,14,discern-network,S (sleeping),nginx2.bnsdq.ozxfs.laefh.kvugl,2.223893649413318
1759266217,118658,1,N/A,N/A,N/A,N/A,N/A,N/A,N/A,N/A,1264619520,1264619520,17375232,N/A,135168,45826048,4,discern-proc-so,S (sleeping),nginx2.bnsdq.ozxfs.laefh.kvugl,2.621420663660758
1759266217,80899,1,N/A,N/A,N/A,N/A,N/A,N/A,N/A,N/A,1647706112,1580859392,20467712,N/A,135168,82464768,5,discern-interfa,S (sleeping),nginx2.bnsdq.ozxfs.laefh.kvugl,0.0012042652957671375
1759266222,340,1,103,103,103,103,109,109,109,109,250974208,250974208,236257280,N/A,135168,243245056,1,dbus-daemon,S (sleeping),nginx2.bnsdq.ozxfs.laefh.kvugl,0.3047739719264133
1759266222,183,1,N/A,N/A,N/A,N/A,N/A,N/A,N/A,N/A,158826496,104259584,69242880,4096,135168,28184576,1,systemd-journal,S (sleeping),nginx2.bnsdq.ozxfs.laefh.kvugl,0.2745040915725183
1759266222,3275,1,N/A,N/A,N/A,N/A,N/A,N/A,N/A,N/A,1931149312,1931149312,53477376,N/A,135168,187768832,14,discern-network,S (sleeping),nginx2.bnsdq.ozxfs.laefh.kvugl,2.224073097181098
1759266222,118658,1,N/A,N/A,N/A,N/A,N/A,N/A,N/A,N/A,1264619520,1264619520,17375232,N/A,135168,45826048,4,discern-proc-so,S (sleeping),nginx2.bnsdq.ozxfs.laefh.kvugl,2.622553981462721
1759266222,80899,1,N/A,N/A,N/A,N/A,N/A,N/A,N/A,N/A,1647706112,1580859392,20467712,N/A,135168,82464768,5,discern-interfa,S (sleeping),nginx2.bnsdq.ozxfs.laefh.kvugl,0.0012023987553128328
1759266227,340,1,103,103,103,103,109,109,109,109,250974208,250974208,236257280,N/A,135168,243245056,1,dbus-daemon,S (sleeping),nginx2.bnsdq.ozxfs.laefh.kvugl,0.3048220463290669
1759266227,183,1,N/A,N/A,N/A,N/A,N/A,N/A,N/A,N/A,158826496,104259584,69242880,4096,135168,28184576,1,systemd-journal,S (sleeping),nginx2.bnsdq.ozxfs.laefh.kvugl,0.274569952528789
1759266227,3275,1,N/A,N/A,N/A,N/A,N/A,N/A,N/A,N/A,1931149312,1931149312,53477376,N/A,135168,187768832,14,discern-network,S (sleeping),nginx2.bnsdq.ozxfs.laefh.kvugl,2.2241307651338107
1759266227,118658,1,N/A,N/A,N/A,N/A,N/A,N/A,N/A,N/A,1264619520,1264619520,17375232,N/A,135168,45826048,4,discern-proc-so,S (sleeping),nginx2.bnsdq.ozxfs.laefh.kvugl,2.6258685749054944
1759266227,80899,1,N/A,N/A,N/A,N/A,N/A,N/A,N/A,N/A,1647706112,1580859392,20467712,N/A,135168,82464768,5,discern-interfa,S (sleeping),nginx2.bnsdq.ozxfs.laefh.kvugl,0.0012005316402805464
1759266233,340,1,103,103,103,103,109,109,109,109,250974208,250974208,236257280,N/A,135168,243245056,1,dbus-daemon,S (sleeping),nginx2.bnsdq.ozxfs.laefh.kvugl,0.30475675059272006
1759266233,183,1,N/A,N/A,N/A,N/A,N/A,N/A,N/A,N/A,158826496,104259584,69242880,4096,135168,28184576,1,systemd-journal,S (sleeping),nginx2.bnsdq.ozxfs.laefh.kvugl,0.27463594371277456
1759266233,3275,1,N/A,N/A,N/A,N/A,N/A,N/A,N/A,N/A,1931149312,1931149312,53477376,N/A,135168,187768832,14,discern-network,S (sleeping),nginx2.bnsdq.ozxfs.laefh.kvugl,2.2241900940257535
1759266233,118658,1,N/A,N/A,N/A,N/A,N/A,N/A,N/A,N/A,1264619520,1264619520,17375232,N/A,135168,45826048,4,discern-proc-so,S (sleeping),nginx2.bnsdq.ozxfs.laefh.kvugl,2.6245682269506165
1759266233,80899,1,N/A,N/A,N/A,N/A,N/A,N/A,N/A,N/A,1647706112,1580859392,20467712,N/A,135168,82464768,5,discern-interfa,S (sleeping),nginx2.bnsdq.ozxfs.laefh.kvugl,0.0011986726978610318
1759266238,340,1,103,103,103,103,109,109,109,109,250974208,250974208,236257280,N/A,135168,243245056,1,dbus-daemon,S (sleeping),nginx2.bnsdq.ozxfs.laefh.kvugl,0.30491816054706394
1759266238,183,1,N/A,N/A,N/A,N/A,N/A,N/A,N/A,N/A,158826496,104259584,69242880,4096,135168,28184576,1,systemd-journal,S (sleeping),nginx2.bnsdq.ozxfs.laefh.kvugl,0.27492849424288823
1759266238,3275,1,N/A,N/A,N/A,N/A,N/A,N/A,N/A,N/A,1931149312,1931149312,53477376,N/A,135168,187768832,14,discern-network,S (sleeping),nginx2.bnsdq.ozxfs.laefh.kvugl,2.224246888250515
1759266238,118658,1,N/A,N/A,N/A,N/A,N/A,N/A,N/A,N/A,1264619520,1264619520,17375232,N/A,135168,45826048,4,discern-proc-so,S (sleeping),nginx2.bnsdq.ozxfs.laefh.kvugl,2.6164578253058086
1759266238,80899,1,N/A,N/A,N/A,N/A,N/A,N/A,N/A,N/A,1647706112,1580859392,20467712,N/A,135168,82464768,5,discern-interfa,S (sleeping),nginx2.bnsdq.ozxfs.laefh.kvugl,0.0011968161129931733
1759266243,340,1,103,103,103,103,109,109,109,109,250974208,250974208,236257280,N/A,135168,243245056,1,dbus-daemon,S (sleeping),nginx2.bnsdq.ozxfs.laefh.kvugl,0.30485418543882326
1759266243,183,1,N/A,N/A,N/A,N/A,N/A,N/A,N/A,N/A,158826496,104259584,69242880,4096,135168,28184576,1,systemd-journal,S (sleeping),nginx2.bnsdq.ozxfs.laefh.kvugl,0.2749953707887248
1759266243,3275,1,N/A,N/A,N/A,N/A,N/A,N/A,N/A,N/A,1931149312,1931149312,53477376,N/A,135168,187768832,14,discern-network,S (sleeping),nginx2.bnsdq.ozxfs.laefh.kvugl,2.2244325867429273
1759266243,118658,1,N/A,N/A,N/A,N/A,N/A,N/A,N/A,N/A,1264619520,1264619520,17375232,N/A,135168,45826048,4,discern-proc-so,S (sleeping),nginx2.bnsdq.ozxfs.laefh.kvugl,2.608809262735254
1759266243,80899,1,N/A,N/A,N/A,N/A,N/A,N/A,N/A,N/A,1647706112,1580859392,20467712,N/A,135168,82464768,5,discern-interfa,S (sleeping),nginx2.bnsdq.ozxfs.laefh.kvugl,0.00119498204486608
1759266248,340,1,103,103,103,103,109,109,109,109,250974208,250974208,236257280,N/A,135168,243245056,1,dbus-daemon,S (sleeping),nginx2.bnsdq.ozxfs.laefh.kvugl,0.3050156955150438
1759266248,183,1,N/A,N/A,N/A,N/A,N/A,N/A,N/A,N/A,158826496,104259584,69242880,4096,135168,28184576,1,systemd-journal,S (sleeping),nginx2.bnsdq.ozxfs.laefh.kvugl,0.27506101312979264
1759266248,3275,1,N/A,N/A,N/A,N/A,N/A,N/A,N/A,N/A,1931149312,1931149312,53477376,N/A,135168,187768832,14,discern-network,S (sleeping),nginx2.bnsdq.ozxfs.laefh.kvugl,2.2244917584454105
1759266248,118658,1,N/A,N/A,N/A,N/A,N/A,N/A,N/A,N/A,1264619520,1264619520,17375232,N/A,135168,45826048,4,discern-proc-so,S (sleeping),nginx2.bnsdq.ozxfs.laefh.kvugl,2.607751362727449
1759266248,80899,1,N/A,N/A,N/A,N/A,N/A,N/A,N/A,N/A,1647706112,1580859392,20467712,N/A,135168,82464768,5,discern-interfa,S (sleeping),nginx2.bnsdq.ozxfs.laefh.kvugl,0.0011931404354786539
1759266253,340,1,103,103,103,103,109,109,109,109,250974208,250974208,236257280,N/A,135168,243245056,1,dbus-daemon,S (sleeping),nginx2.bnsdq.ozxfs.laefh.kvugl,0.30495021646645837
1759266253,183,1,N/A,N/A,N/A,N/A,N/A,N/A,N/A,N/A,158826496,104259584,69242880,4096,135168,28184576,1,systemd-journal,S (sleeping),nginx2.bnsdq.ozxfs.laefh.kvugl,0.2752396294707918
1759266253,3275,1,N/A,N/A,N/A,N/A,N/A,N/A,N/A,N/A,1931149312,1931149312,53477376,N/A,135168,187768832,14,discern-network,S (sleeping),nginx2.bnsdq.ozxfs.laefh.kvugl,2.224549038723828
1759266253,118658,1,N/A,N/A,N/A,N/A,N/A,N/A,N/A,N/A,1264619520,1264619520,17375232,N/A,135168,45826048,4,discern-proc-so,S (sleeping),nginx2.bnsdq.ozxfs.laefh.kvugl,2.611047054969355
1759266253,80899,1,N/A,N/A,N/A,N/A,N/A,N/A,N/A,N/A,1647706112,1580859392,20467712,N/A,135168,82464768,5,discern-interfa,S (sleeping),nginx2.bnsdq.ozxfs.laefh.kvugl,0.0011913019800361638
1759266258,340,1,103,103,103,103,109,109,109,109,250974208,250974208,236257280,N/A,135168,243245056,1,dbus-daemon,S (sleeping),nginx2.bnsdq.ozxfs.laefh.kvugl,0.30499865231555273
1759266258,183,1,N/A,N/A,N/A,N/A,N/A,N/A,N/A,N/A,158826496,104259584,69242880,4096,135168,28184576,1,systemd-journal,S (sleeping),nginx2.bnsdq.ozxfs.laefh.kvugl,0.2753053992381636
1759266258,3275,1,N/A,N/A,N/A,N/A,N/A,N/A,N/A,N/A,1931149312,1931149312,53477376,N/A,135168,187768832,14,discern-network,S (sleeping),nginx2.bnsdq.ozxfs.laefh.kvugl,2.2243778778798498
1759266258,118658,1,N/A,N/A,N/A,N/A,N/A,N/A,N/A,N/A,1264619520,1264619520,17375232,N/A,135168,45826048,4,discern-proc-so,S (sleeping),nginx2.bnsdq.ozxfs.laefh.kvugl,2.610050327610023
1759266258,80899,1,N/A,N/A,N/A,N/A,N/A,N/A,N/A,N/A,1647706112,1580859392,20467712,N/A,135168,82464768,5,discern-interfa,S (sleeping),nginx2.bnsdq.ozxfs.laefh.kvugl,0.0011894756045700934
1759266264,340,1,103,103,103,103,109,109,109,109,250974208,250974208,236257280,N/A,135168,243245056,1,dbus-daemon,S (sleeping),nginx2.bnsdq.ozxfs.laefh.kvugl,0.3051482298333859
1759266264,183,1,N/A,N/A,N/A,N/A,N/A,N/A,N/A,N/A,158826496,104259584,69242880,4096,135168,28184576,1,systemd-journal,S (sleeping),nginx2.bnsdq.ozxfs.laefh.kvugl,0.2754734411659637
1759266264,3275,1,N/A,N/A,N/A,N/A,N/A,N/A,N/A,N/A,1931149312,1931149312,53477376,N/A,135168,187768832,14,discern-network,S (sleeping),nginx2.bnsdq.ozxfs.laefh.kvugl,2.224350220912506
1759266264,118658,1,N/A,N/A,N/A,N/A,N/A,N/A,N/A,N/A,1264619520,1264619520,17375232,N/A,135168,45826048,4,discern-proc-so,S (sleeping),nginx2.bnsdq.ozxfs.laefh.kvugl,2.615689030128044
1759266264,80899,1,N/A,N/A,N/A,N/A,N/A,N/A,N/A,N/A,1647706112,1580859392,20467712,N/A,135168,82464768,5,discern-interfa,S (sleeping),nginx2.bnsdq.ozxfs.laefh.kvugl,0.0011875328191143747
1759266269,340,1,103,103,103,103,109,109,109,109,250974208,250974208,236257280,N/A,135168,243245056,1,dbus-daemon,S (sleeping),nginx2.bnsdq.ozxfs.laefh.kvugl,0.3050826788138518
1759266269,183,1,N/A,N/A,N/A,N/A,N/A,N/A,N/A,N/A,158826496,104259584,69242880,4096,135168,28184576,1,systemd-journal,S (sleeping),nginx2.bnsdq.ozxfs.laefh.kvugl,0.27553833133202094
1759266269,3275,1,N/A,N/A,N/A,N/A,N/A,N/A,N/A,N/A,1931149312,1931149312,53477376,N/A,135168,187768832,14,discern-network,S (sleeping),nginx2.bnsdq.ozxfs.laefh.kvugl,2.22440666455355
1759266269,118658,1,N/A,N/A,N/A,N/A,N/A,N/A,N/A,N/A,1264619520,1264619520,17375232,N/A,135168,45826048,4,discern-proc-so,S (sleeping),nginx2.bnsdq.ozxfs.laefh.kvugl,2.6103227892376277
1759266269,80899,1,N/A,N/A,N/A,N/A,N/A,N/A,N/A,N/A,1647706112,1580859392,20467712,N/A,135168,82464768,5,discern-interfa,S (sleeping),nginx2.bnsdq.ozxfs.laefh.kvugl,0.0011857104961562517
1759266274,340,1,103,103,103,103,109,109,109,109,250974208,250974208,236257280,N/A,135168,243245056,1,dbus-daemon,S (sleeping),nginx2.bnsdq.ozxfs.laefh.kvugl,0.3051308197963235
1759266274,183,1,N/A,N/A,N/A,N/A,N/A,N/A,N/A,N/A,158826496,104259584,69242880,4096,135168,28184576,1,systemd-journal,S (sleeping),nginx2.bnsdq.ozxfs.laefh.kvugl,0.2756036887054406
1759266274,3275,1,N/A,N/A,N/A,N/A,N/A,N/A,N/A,N/A,1931149312,1931149312,53477376,N/A,135168,187768832,14,discern-network,S (sleeping),nginx2.bnsdq.ozxfs.laefh.kvugl,2.2243512247499857
1759266274,118658,1,N/A,N/A,N/A,N/A,N/A,N/A,N/A,N/A,1264619520,1264619520,17375232,N/A,135168,45826048,4,discern-proc-so,S (sleeping),nginx2.bnsdq.ozxfs.laefh.kvugl,2.609345342624127
1759266274,80899,1,N/A,N/A,N/A,N/A,N/A,N/A,N/A,N/A,1647706112,1580859392,20467712,N/A,135168,82464768,5,discern-interfa,S (sleeping),nginx2.bnsdq.ozxfs.laefh.kvugl,0.0011838998268977497
1759266279,340,1,103,103,103,103,109,109,109,109,250974208,250974208,236257280,N/A,135168,243245056,1,dbus-daemon,S (sleeping),nginx2.bnsdq.ozxfs.laefh.kvugl,0.3050652170050827
1759266279,183,1,N/A,N/A,N/A,N/A,N/A,N/A,N/A,N/A,158826496,104259584,69242880,4096,135168,28184576,1,systemd-journal,S (sleeping),nginx2.bnsdq.ozxfs.laefh.kvugl,0.2756683042230297
1759266279,3275,1,N/A,N/A,N/A,N/A,N/A,N/A,N/A,N/A,1931149312,1931149312,53477376,N/A,135168,187768832,14,discern-network,S (sleeping),nginx2.bnsdq.ozxfs.laefh.kvugl,2.224290327490714
1759266279,118658,1,N/A,N/A,N/A,N/A,N/A,N/A,N/A,N/A,1264619520,1264619520,17375232,N/A,135168,45826048,4,discern-proc-so,S (sleeping),nginx2.bnsdq.ozxfs.laefh.kvugl,2.6144746661410276
1759266279,80899,1,N/A,N/A,N/A,N/A,N/A,N/A,N/A,N/A,1647706112,1580859392,20467712,N/A,135168,82464768,5,discern-interfa,S (sleeping),nginx2.bnsdq.ozxfs.laefh.kvugl,0.0011820872740855286
1759266285,340,1,103,103,103,103,109,109,109,109,250974208,250974208,236257280,N/A,135168,243245056,1,dbus-daemon,S (sleeping),nginx2.bnsdq.ozxfs.laefh.kvugl,0.30500027313409467
1759266285,183,1,N/A,N/A,N/A,N/A,N/A,N/A,N/A,N/A,158826496,104259584,69242880,4096,135168,28184576,1,systemd-journal,S (sleeping),nginx2.bnsdq.ozxfs.laefh.kvugl,0.2757333678600579
1759266285,3275,1,N/A,N/A,N/A,N/A,N/A,N/A,N/A,N/A,1931149312,1931149312,53477376,N/A,135168,187768832,14,discern-network,S (sleeping),nginx2.bnsdq.ozxfs.laefh.kvugl,2.2244662171394833
1759266285,118658,1,N/A,N/A,N/A,N/A,N/A,N/A,N/A,N/A,1264619520,1264619520,17375232,N/A,135168,45826048,4,discern-proc-so,S (sleeping),nginx2.bnsdq.ozxfs.laefh.kvugl,2.6175400096613943
1759266285,80899,1,N/A,N/A,N/A,N/A,N/A,N/A,N/A,N/A,1647706112,1580859392,20467712,N/A,135168,82464768,5,discern-interfa,S (sleeping),nginx2.bnsdq.ozxfs.laefh.kvugl,0.0011802860847665187
1759266290,340,1,103,103,103,103,109,109,109,109,250974208,250974208,236257280,N/A,135168,243245056,1,dbus-daemon,S (sleeping),nginx2.bnsdq.ozxfs.laefh.kvugl,0.3051590213090192
1759266290,183,1,N/A,N/A,N/A,N/A,N/A,N/A,N/A,N/A,158826496,104259584,69242880,4096,135168,28184576,1,systemd-journal,S (sleeping),nginx2.bnsdq.ozxfs.laefh.kvugl,0.27590933776798215
1759266290,3275,1,N/A,N/A,N/A,N/A,N/A,N/A,N/A,N/A,1931149312,1931149312,53477376,N/A,135168,187768832,14,discern-network,S (sleeping),nginx2.bnsdq.ozxfs.laefh.kvugl,2.22462678444555
1759266290,118658,1,N/A,N/A,N/A,N/A,N/A,N/A,N/A,N/A,1264619520,1264619520,17375232,N/A,135168,45826048,4,discern-proc-so,S (sleeping),nginx2.bnsdq.ozxfs.laefh.kvugl,2.6101142799677737
1759266290,80899,1,N/A,N/A,N/A,N/A,N/A,N/A,N/A,N/A,1647706112,1580859392,20467712,N/A,135168,82464768,5,discern-interfa,S (sleeping),nginx2.bnsdq.ozxfs.laefh.kvugl,0.0011784700519729913
1759266295,340,1,103,103,103,103,109,109,109,109,250974208,250974208,236257280,N/A,135168,243245056,1,dbus-daemon,S (sleeping),nginx2.bnsdq.ozxfs.laefh.kvugl,0.30509182510992466
1759266295,183,1,N/A,N/A,N/A,N/A,N/A,N/A,N/A,N/A,158826496,104259584,69242880,4096,135168,28184576,1,systemd-journal,S (sleeping),nginx2.bnsdq.ozxfs.laefh.kvugl,0.2759721295108438
1759266295,3275,1,N/A,N/A,N/A,N/A,N/A,N/A,N/A,N/A,1931149312,1931149312,53477376,N/A,135168,187768832,14,discern-network,S (sleeping),nginx2.bnsdq.ozxfs.laefh.kvugl,2.2246691731787873
1759266295,118658,1,N/A,N/A,N/A,N/A,N/A,N/A,N/A,N/A,1264619520,1264619520,17375232,N/A,135168,45826048,4,discern-proc-so,S (sleeping),nginx2.bnsdq.ozxfs.laefh.kvugl,2.6088113977964196
1759266295,80899,1,N/A,N/A,N/A,N/A,N/A,N/A,N/A,N/A,1647706112,1580859392,20467712,N/A,135168,82464768,5,discern-interfa,S (sleeping),nginx2.bnsdq.ozxfs.laefh.kvugl,0.0011766570263665704
1759266300,340,1,103,103,103,103,109,109,109,109,250974208,250974208,236257280,N/A,135168,243245056,1,dbus-daemon,S (sleeping),nginx2.bnsdq.ozxfs.laefh.kvugl,0.3052523681105714
1759266300,183,1,N/A,N/A,N/A,N/A,N/A,N/A,N/A,N/A,158826496,104259584,69242880,4096,135168,28184576,1,systemd-journal,S (sleeping),nginx2.bnsdq.ozxfs.laefh.kvugl,0.27603692494032406
1759266300,3275,1,N/A,N/A,N/A,N/A,N/A,N/A,N/A,N/A,1931149312,1931149312,53477376,N/A,135168,187768832,14,discern-network,S (sleeping),nginx2.bnsdq.ozxfs.laefh.kvugl,2.224612755632315
1759266300,118658,1,N/A,N/A,N/A,N/A,N/A,N/A,N/A,N/A,1264619520,1264619520,17375232,N/A,135168,45826048,4,discern-proc-so,S (sleeping),nginx2.bnsdq.ozxfs.laefh.kvugl,2.6098617346748694
1759266300,80899,1,N/A,N/A,N/A,N/A,N/A,N/A,N/A,N/A,1647706112,1580859392,20467712,N/A,135168,82464768,5,discern-interfa,S (sleeping),nginx2.bnsdq.ozxfs.laefh.kvugl,0.0011748725639554826
1759266305,340,1,103,103,103,103,109,109,109,109,250974208,250974208,236257280,N/A,135168,243245056,1,dbus-daemon,S (sleeping),nginx2.bnsdq.ozxfs.laefh.kvugl,0.30518647753010186
1759266305,183,1,N/A,N/A,N/A,N/A,N/A,N/A,N/A,N/A,158826496,104259584,69242880,4096,135168,28184576,1,systemd-journal,S (sleeping),nginx2.bnsdq.ozxfs.laefh.kvugl,0.27621333006471377
1759266305,3275,1,N/A,N/A,N/A,N/A,N/A,N/A,N/A,N/A,1931149312,1931149312,53477376,N/A,135168,187768832,14,discern-network,S (sleeping),nginx2.bnsdq.ozxfs.laefh.kvugl,2.2246647186095325
1759266305,118658,1,N/A,N/A,N/A,N/A,N/A,N/A,N/A,N/A,1264619520,1264619520,17375232,N/A,135168,45826048,4,discern-proc-so,S (sleeping),nginx2.bnsdq.ozxfs.laefh.kvugl,2.614663288888875
1759266305,80899,1,N/A,N/A,N/A,N/A,N/A,N/A,N/A,N/A,1647706112,1580859392,20467712,N/A,135168,82464768,5,discern-interfa,S (sleeping),nginx2.bnsdq.ozxfs.laefh.kvugl,0.001173083421294057
1759266310,340,1,103,103,103,103,109,109,109,109,250974208,250974208,236257280,N/A,135168,243245056,1,dbus-daemon,S (sleeping),nginx2.bnsdq.ozxfs.laefh.kvugl,0.3051216927735879
1759266310,183,1,N/A,N/A,N/A,N/A,N/A,N/A,N/A,N/A,158826496,104259584,69242880,4096,135168,28184576,1,systemd-journal,S (sleeping),nginx2.bnsdq.ozxfs.laefh.kvugl,0.27627792295081605
1759266310,3275,1,N/A,N/A,N/A,N/A,N/A,N/A,N/A,N/A,1931149312,1931149312,53477376,N/A,135168,187768832,14,discern-network,S (sleeping),nginx2.bnsdq.ozxfs.laefh.kvugl,2.224608485943616
1759266310,118658,1,N/A,N/A,N/A,N/A,N/A,N/A,N/A,N/A,1264619520,1264619520,17375232,N/A,135168,45826048,4,discern-proc-so,S (sleeping),nginx2.bnsdq.ozxfs.laefh.kvugl,2.6156363699374072
1759266310,80899,1,N/A,N/A,N/A,N/A,N/A,N/A,N/A,N/A,1647706112,1580859392,20467712,N/A,135168,82464768,5,discern-interfa,S (sleeping),nginx2.bnsdq.ozxfs.laefh.kvugl,0.001171309957170577
1759266316,340,1,103,103,103,103,109,109,109,109,250974208,250974208,236257280,N/A,135168,243245056,1,dbus-daemon,S (sleeping),nginx2.bnsdq.ozxfs.laefh.kvugl,0.3052815556280548
1759266316,183,1,N/A,N/A,N/A,N/A,N/A,N/A,N/A,N/A,158826496,104259584,69242880,4096,135168,28184576,1,systemd-journal,S (sleeping),nginx2.bnsdq.ozxfs.laefh.kvugl,0.27634208255648895
1759266316,3275,1,N/A,N/A,N/A,N/A,N/A,N/A,N/A,N/A,1931149312,1931149312,53477376,N/A,135168,187768832,14,discern-network,S (sleeping),nginx2.bnsdq.ozxfs.laefh.kvugl,2.2247808838572056
1759266316,118658,1,N/A,N/A,N/A,N/A,N/A,N/A,N/A,N/A,1264619520,1264619520,17375232,N/A,135168,45826048,4,discern-proc-so,S (sleeping),nginx2.bnsdq.ozxfs.laefh.kvugl,2.6203770390743366
1759266316,80899,1,N/A,N/A,N/A,N/A,N/A,N/A,N/A,N/A,1647706112,1580859392,20467712,N/A,135168,82464768,5,discern-interfa,S (sleeping),nginx2.bnsdq.ozxfs.laefh.kvugl,0.0011695378948700771
1759266321,340,1,103,103,103,103,109,109,109,109,250974208,250974208,236257280,N/A,135168,243245056,1,dbus-daemon,S (sleeping),nginx2.bnsdq.ozxfs.laefh.kvugl,0.30521713713290716
1759266321,183,1,N/A,N/A,N/A,N/A,N/A,N/A,N/A,N/A,158826496,104259584,69242880,4096,135168,28184576,1,systemd-journal,S (sleeping),nginx2.bnsdq.ozxfs.laefh.kvugl,0.2764068390159549
1759266321,3275,1,N/A,N/A,N/A,N/A,N/A,N/A,N/A,N/A,1931149312,1931149312,53477376,N/A,135168,187768832,14,discern-network,S (sleeping),nginx2.bnsdq.ozxfs.laefh.kvugl,2.2247272447233204
1759266321,118658,1,N/A,N/A,N/A,N/A,N/A,N/A,N/A,N/A,1264619520,1264619520,17375232,N/A,135168,45826048,4,discern-proc-so,S (sleeping),nginx2.bnsdq.ozxfs.laefh.kvugl,2.621325093508529
1759266321,80899,1,N/A,N/A,N/A,N/A,N/A,N/A,N/A,N/A,1647706112,1580859392,20467712,N/A,135168,82464768,5,discern-interfa,S (sleeping),nginx2.bnsdq.ozxfs.laefh.kvugl,0.0011677785603715497
1759266326,340,1,103,103,103,103,109,109,109,109,250974208,250974208,236257280,N/A,135168,243245056,1,dbus-daemon,S (sleeping),nginx2.bnsdq.ozxfs.laefh.kvugl,0.3053772025434287
1759266326,183,1,N/A,N/A,N/A,N/A,N/A,N/A,N/A,N/A,158826496,104259584,69242880,4096,135168,28184576,1,systemd-journal,S (sleeping),nginx2.bnsdq.ozxfs.laefh.kvugl,0.27669593222889705
1759266326,3275,1,N/A,N/A,N/A,N/A,N/A,N/A,N/A,N/A,1931149312,1931149312,53477376,N/A,135168,187768832,14,discern-network,S (sleeping),nginx2.bnsdq.ozxfs.laefh.kvugl,2.2247870490585537
1759266326,118658,1,N/A,N/A,N/A,N/A,N/A,N/A,N/A,N/A,1264619520,1264619520,17375232,N/A,135168,45826048,4,discern-proc-so,S (sleeping),nginx2.bnsdq.ozxfs.laefh.kvugl,2.6203262812684383
1759266326,80899,1,N/A,N/A,N/A,N/A,N/A,N/A,N/A,N/A,1647706112,1580859392,20467712,N/A,135168,82464768,5,discern-interfa,S (sleeping),nginx2.bnsdq.ozxfs.laefh.kvugl,0.0011660215216774121
1759266331,340,1,103,103,103,103,109,109,109,109,250974208,250974208,236257280,N/A,135168,243245056,1,dbus-daemon,S (sleeping),nginx2.bnsdq.ozxfs.laefh.kvugl,0.3053118973374711
1759266331,183,1,N/A,N/A,N/A,N/A,N/A,N/A,N/A,N/A,158826496,104259584,69242880,4096,135168,28184576,1,systemd-journal,S (sleeping),nginx2.bnsdq.ozxfs.laefh.kvugl,0.27675958716576265
1759266331,3275,1,N/A,N/A,N/A,N/A,N/A,N/A,N/A,N/A,1931149312,1931149312,53477376,N/A,135168,187768832,14,discern-network,S (sleeping),nginx2.bnsdq.ozxfs.laefh.kvugl,2.2249577896740274
1759266331,118658,1,N/A,N/A,N/A,N/A,N/A,N/A,N/A,N/A,1264619520,1264619520,17375232,N/A,135168,45826048,4,discern-proc-so,S (sleeping),nginx2.bnsdq.ozxfs.laefh.kvugl,2.6248608712375345
1759266331,80899,1,N/A,N/A,N/A,N/A,N/A,N/A,N/A,N/A,1647706112,1580859392,20467712,N/A,135168,82464768,5,discern-interfa,S (sleeping),nginx2.bnsdq.ozxfs.laefh.kvugl,0.0011642637735597566
1759266336,340,1,103,103,103,103,109,109,109,109,250974208,250974208,236257280,N/A,135168,243245056,1,dbus-daemon,S (sleeping),nginx2.bnsdq.ozxfs.laefh.kvugl,0.3052472882815963
1759266336,183,1,N/A,N/A,N/A,N/A,N/A,N/A,N/A,N/A,158826496,104259584,69242880,4096,135168,28184576,1,systemd-journal,S (sleeping),nginx2.bnsdq.ozxfs.laefh.kvugl,0.27682373219568224
1759266336,3275,1,N/A,N/A,N/A,N/A,N/A,N/A,N/A,N/A,1931149312,1931149312,53477376,N/A,135168,187768832,14,discern-network,S (sleeping),nginx2.bnsdq.ozxfs.laefh.kvugl,2.225017507518496
1759266336,118658,1,N/A,N/A,N/A,N/A,N/A,N/A,N/A,N/A,1264619520,1264619520,17375232,N/A,135168,45826048,4,discern-proc-so,S (sleeping),nginx2.bnsdq.ozxfs.laefh.kvugl,2.62569902306146
1759266336,80899,1,N/A,N/A,N/A,N/A,N/A,N/A,N/A,N/A,1647706112,1580859392,20467712,N/A,135168,82464768,5,discern-interfa,S (sleeping),nginx2.bnsdq.ozxfs.laefh.kvugl,0.0011625174762310202
1759266341,340,1,103,103,103,103,109,109,109,109,250974208,250974208,236257280,N/A,135168,243245056,1,dbus-daemon,S (sleeping),nginx2.bnsdq.ozxfs.laefh.kvugl,0.30540655995497007
1759266341,183,1,N/A,N/A,N/A,N/A,N/A,N/A,N/A,N/A,158826496,104259584,69242880,4096,135168,28184576,1,systemd-journal,S (sleeping),nginx2.bnsdq.ozxfs.laefh.kvugl,0.27677519353686225
1759266341,3275,1,N/A,N/A,N/A,N/A,N/A,N/A,N/A,N/A,1931149312,1931149312,53477376,N/A,135168,187768832,14,discern-network,S (sleeping),nginx2.bnsdq.ozxfs.laefh.kvugl,2.224957890037277
1759266341,118658,1,N/A,N/A,N/A,N/A,N/A,N/A,N/A,N/A,1264619520,1264619520,17375232,N/A,135168,45826048,4,discern-proc-so,S (sleeping),nginx2.bnsdq.ozxfs.laefh.kvugl,2.6301122992538177
1759266341,80899,1,N/A,N/A,N/A,N/A,N/A,N/A,N/A,N/A,1647706112,1580859392,20467712,N/A,135168,82464768,5,discern-interfa,S (sleeping),nginx2.bnsdq.ozxfs.laefh.kvugl,0.0011607713653266274
1759266347,340,1,103,103,103,103,109,109,109,109,250974208,250974208,236257280,N/A,135168,243245056,1,dbus-daemon,S (sleeping),nginx2.bnsdq.ozxfs.laefh.kvugl,0.3053423174012592
1759266347,183,1,N/A,N/A,N/A,N/A,N/A,N/A,N/A,N/A,158826496,104259584,69242880,4096,135168,28184576,1,systemd-journal,S (sleeping),nginx2.bnsdq.ozxfs.laefh.kvugl,0.2769516493828484
1759266347,3275,1,N/A,N/A,N/A,N/A,N/A,N/A,N/A,N/A,1931149312,1931149312,53477376,N/A,135168,187768832,14,discern-network,S (sleeping),nginx2.bnsdq.ozxfs.laefh.kvugl,2.2249047659499643
1759266347,118658,1,N/A,N/A,N/A,N/A,N/A,N/A,N/A,N/A,1264619520,1264619520,17375232,N/A,135168,45826048,4,discern-proc-so,S (sleeping),nginx2.bnsdq.ozxfs.laefh.kvugl,2.6291189254727496
1759266347,80899,1,N/A,N/A,N/A,N/A,N/A,N/A,N/A,N/A,1647706112,1580859392,20467712,N/A,135168,82464768,5,discern-interfa,S (sleeping),nginx2.bnsdq.ozxfs.laefh.kvugl,0.0011590388787846293
1759266352,340,1,103,103,103,103,109,109,109,109,250974208,250974208,236257280,N/A,135168,243245056,1,dbus-daemon,S (sleeping),nginx2.bnsdq.ozxfs.laefh.kvugl,0.30550196858237555
1759266352,183,1,N/A,N/A,N/A,N/A,N/A,N/A,N/A,N/A,158826496,104259584,69242880,4096,135168,28184576,1,systemd-journal,S (sleeping),nginx2.bnsdq.ozxfs.laefh.kvugl,0.27723970138388426
1759266352,3275,1,N/A,N/A,N/A,N/A,N/A,N/A,N/A,N/A,1931149312,1931149312,53477376,N/A,135168,187768832,14,discern-network,S (sleeping),nginx2.bnsdq.ozxfs.laefh.kvugl,2.2250804836892577
1759266352,118658,1,N/A,N/A,N/A,N/A,N/A,N/A,N/A,N/A,1264619520,1264619520,17375232,N/A,135168,45826048,4,discern-proc-so,S (sleeping),nginx2.bnsdq.ozxfs.laefh.kvugl,2.628110638656772
1759266352,80899,1,N/A,N/A,N/A,N/A,N/A,N/A,N/A,N/A,1647706112,1580859392,20467712,N/A,135168,82464768,5,discern-interfa,S (sleeping),nginx2.bnsdq.ozxfs.laefh.kvugl,0.0011573091972611885
1759266357,340,1,103,103,103,103,109,109,109,109,250974208,250974208,236257280,N/A,135168,243245056,1,dbus-daemon,S (sleeping),nginx2.bnsdq.ozxfs.laefh.kvugl,0.3054377295703478
1759266357,183,1,N/A,N/A,N/A,N/A,N/A,N/A,N/A,N/A,158826496,104259584,69242880,4096,135168,28184576,1,systemd-journal,S (sleeping),nginx2.bnsdq.ozxfs.laefh.kvugl,0.27719176825460595
1759266357,3275,1,N/A,N/A,N/A,N/A,N/A,N/A,N/A,N/A,1931149312,1931149312,53477376,N/A,135168,187768832,14,discern-network,S (sleeping),nginx2.bnsdq.ozxfs.laefh.kvugl,2.225027240406389
1759266357,118658,1,N/A,N/A,N/A,N/A,N/A,N/A,N/A,N/A,1264619520,1264619520,17375232,N/A,135168,45826048,4,discern-proc-so,S (sleeping),nginx2.bnsdq.ozxfs.laefh.kvugl,2.628933490945179
1759266357,80899,1,N/A,N/A,N/A,N/A,N/A,N/A,N/A,N/A,1647706112,1580859392,20467712,N/A,135168,82464768,5,discern-interfa,S (sleeping),nginx2.bnsdq.ozxfs.laefh.kvugl,0.0011555869225797937
1759266362,340,1,103,103,103,103,109,109,109,109,250974208,250974208,236257280,N/A,135168,243245056,1,dbus-daemon,S (sleeping),nginx2.bnsdq.ozxfs.laefh.kvugl,0.30548531557354663
1759266362,183,1,N/A,N/A,N/A,N/A,N/A,N/A,N/A,N/A,158826496,104259584,69242880,4096,135168,28184576,1,systemd-journal,S (sleeping),nginx2.bnsdq.ozxfs.laefh.kvugl,0.2772556414660006
1759266362,3275,1,N/A,N/A,N/A,N/A,N/A,N/A,N/A,N/A,1931149312,1931149312,53477376,N/A,135168,187768832,14,discern-network,S (sleeping),nginx2.bnsdq.ozxfs.laefh.kvugl,2.2250880641949657
1759266362,118658,1,N/A,N/A,N/A,N/A,N/A,N/A,N/A,N/A,1264619520,1264619520,17375232,N/A,135168,45826048,4,discern-proc-so,S (sleeping),nginx2.bnsdq.ozxfs.laefh.kvugl,2.626190050774998
1759266362,80899,1,N/A,N/A,N/A,N/A,N/A,N/A,N/A,N/A,1647706112,1580859392,20467712,N/A,135168,82464768,5,discern-interfa,S (sleeping),nginx2.bnsdq.ozxfs.laefh.kvugl,0.0011538682198915446
1759266367,340,1,103,103,103,103,109,109,109,109,250974208,250974208,236257280,N/A,135168,243245056,1,dbus-daemon,S (sleeping),nginx2.bnsdq.ozxfs.laefh.kvugl,0.3054204095915159
1759266367,183,1,N/A,N/A,N/A,N/A,N/A,N/A,N/A,N/A,158826496,104259584,69242880,4096,135168,28184576,1,systemd-journal,S (sleeping),nginx2.bnsdq.ozxfs.laefh.kvugl,0.2773188970772391
1759266367,3275,1,N/A,N/A,N/A,N/A,N/A,N/A,N/A,N/A,1931149312,1931149312,53477376,N/A,135168,187768832,14,discern-network,S (sleeping),nginx2.bnsdq.ozxfs.laefh.kvugl,2.225144355906384
1759266367,118658,1,N/A,N/A,N/A,N/A,N/A,N/A,N/A,N/A,1264619520,1264619520,17375232,N/A,135168,45826048,4,discern-proc-so,S (sleeping),nginx2.bnsdq.ozxfs.laefh.kvugl,2.6286637782098334
1759266367,80899,1,N/A,N/A,N/A,N/A,N/A,N/A,N/A,N/A,1647706112,1580859392,20467712,N/A,135168,82464768,5,discern-interfa,S (sleeping),nginx2.bnsdq.ozxfs.laefh.kvugl,0.0011521488998728034
1759266372,340,1,103,103,103,103,109,109,109,109,250974208,250974208,236257280,N/A,135168,243245056,1,dbus-daemon,S (sleeping),nginx2.bnsdq.ozxfs.laefh.kvugl,0.3053557829990227
1759266372,183,1,N/A,N/A,N/A,N/A,N/A,N/A,N/A,N/A,158826496,112648192,69242880,4096,135168,28184576,1,systemd-journal,S (sleeping),nginx2.bnsdq.ozxfs.laefh.kvugl,0.27738226334840177
1759266372,3275,1,N/A,N/A,N/A,N/A,N/A,N/A,N/A,N/A,1931149312,1931149312,53477376,N/A,135168,187768832,14,discern-network,S (sleeping),nginx2.bnsdq.ozxfs.laefh.kvugl,2.22543208686496
1759266372,118658,1,N/A,N/A,N/A,N/A,N/A,N/A,N/A,N/A,1264619520,1264619520,17375232,N/A,135168,45826048,4,discern-proc-so,S (sleeping),nginx2.bnsdq.ozxfs.laefh.kvugl,2.6276526432617486
1759266372,80899,1,N/A,N/A,N/A,N/A,N/A,N/A,N/A,N/A,1647706112,1580859392,20467712,N/A,135168,82464768,5,discern-interfa,S (sleeping),nginx2.bnsdq.ozxfs.laefh.kvugl,0.0011504365823984532
1759266378,340,1,103,103,103,103,109,109,109,109,250974208,250974208,236257280,N/A,135168,243245056,1,dbus-daemon,S (sleeping),nginx2.bnsdq.ozxfs.laefh.kvugl,0.30551381410562883
1759266378,183,1,N/A,N/A,N/A,N/A,N/A,N/A,N/A,N/A,158826496,112648192,69242880,4096,135168,28184576,1,systemd-journal,S (sleeping),nginx2.bnsdq.ozxfs.laefh.kvugl,0.2776681901202649
1759266378,3275,1,N/A,N/A,N/A,N/A,N/A,N/A,N/A,N/A,1931149312,1931149312,53477376,N/A,135168,187768832,14,discern-network,S (sleeping),nginx2.bnsdq.ozxfs.laefh.kvugl,2.225483408803657
1759266378,118658,1,N/A,N/A,N/A,N/A,N/A,N/A,N/A,N/A,1264619520,1264619520,17375232,N/A,135168,45826048,4,discern-proc-so,S (sleeping),nginx2.bnsdq.ozxfs.laefh.kvugl,2.626550384168485
1759266378,80899,1,N/A,N/A,N/A,N/A,N/A,N/A,N/A,N/A,1647706112,1580859392,20467712,N/A,135168,82464768,5,discern-interfa,S (sleeping),nginx2.bnsdq.ozxfs.laefh.kvugl,0.001148721372719214
1759266383,340,1,103,103,103,103,109,109,109,109,250974208,250974208,236257280,N/A,135168,243245056,1,dbus-daemon,S (sleeping),nginx2.bnsdq.ozxfs.laefh.kvugl,0.30556041172042264
1759266383,183,1,N/A,N/A,N/A,N/A,N/A,N/A,N/A,N/A,158826496,112648192,69242880,4096,135168,28184576,1,systemd-journal,S (sleeping),nginx2.bnsdq.ozxfs.laefh.kvugl,0.2777308850598869
1759266383,3275,1,N/A,N/A,N/A,N/A,N/A,N/A,N/A,N/A,1931149312,1931149312,53477376,N/A,135168,187768832,14,discern-network,S (sleeping),nginx2.bnsdq.ozxfs.laefh.kvugl,2.2255375705614258
1759266383,118658,1,N/A,N/A,N/A,N/A,N/A,N/A,N/A,N/A,1264619520,1264619520,17375232,N/A,135168,45826048,4,discern-proc-so,S (sleeping),nginx2.bnsdq.ozxfs.laefh.kvugl,2.6255183449877784
1759266383,80899,1,N/A,N/A,N/A,N/A,N/A,N/A,N/A,N/A,1647706112,1580859392,20467712,N/A,135168,82464768,5,discern-interfa,S (sleeping),nginx2.bnsdq.ozxfs.laefh.kvugl,0.0011470150046113505
1759266388,340,1,103,103,103,103,109,109,109,109,250974208,250974208,236257280,N/A,135168,243245056,1,dbus-daemon,S (sleeping),nginx2.bnsdq.ozxfs.laefh.kvugl,0.3054960949574685
1759266388,183,1,N/A,N/A,N/A,N/A,N/A,N/A,N/A,N/A,158826496,112648192,69242880,4096,135168,28184576,1,systemd-journal,S (sleeping),nginx2.bnsdq.ozxfs.laefh.kvugl,0.27779415649660777
1759266388,3275,1,N/A,N/A,N/A,N/A,N/A,N/A,N/A,N/A,1931149312,1931149312,53477376,N/A,135168,187768832,14,discern-network,S (sleeping),nginx2.bnsdq.ozxfs.laefh.kvugl,2.225367453960596
1759266388,118658,1,N/A,N/A,N/A,N/A,N/A,N/A,N/A,N/A,1264619520,1264619520,17375232,N/A,135168,45826048,4,discern-proc-so,S (sleeping),nginx2.bnsdq.ozxfs.laefh.kvugl,2.6212221553959933
1759266388,80899,1,N/A,N/A,N/A,N/A,N/A,N/A,N/A,N/A,1647706112,1580859392,20467712,N/A,135168,82464768,5,discern-interfa,S (sleeping),nginx2.bnsdq.ozxfs.laefh.kvugl,0.0011453206192711608
1759266393,340,1,103,103,103,103,109,109,109,109,250974208,250974208,236257280,N/A,135168,243245056,1,dbus-daemon,S (sleeping),nginx2.bnsdq.ozxfs.laefh.kvugl,0.305542910678673
1759266393,183,1,N/A,N/A,N/A,N/A,N/A,N/A,N/A,N/A,158826496,112648192,69242880,4096,135168,28184576,1,systemd-journal,S (sleeping),nginx2.bnsdq.ozxfs.laefh.kvugl,0.27785694409612904
1759266393,3275,1,N/A,N/A,N/A,N/A,N/A,N/A,N/A,N/A,1931149312,1931149312,53477376,N/A,135168,187768832,14,discern-network,S (sleeping),nginx2.bnsdq.ozxfs.laefh.kvugl,2.225653075637357
1759266393,118658,1,N/A,N/A,N/A,N/A,N/A,N/A,N/A,N/A,1264619520,1264619520,17375232,N/A,135168,45826048,4,discern-proc-so,S (sleeping),nginx2.bnsdq.ozxfs.laefh.kvugl,2.623634436849781
1759266393,80899,1,N/A,N/A,N/A,N/A,N/A,N/A,N/A,N/A,1647706112,1580859392,20467712,N/A,135168,82464768,5,discern-interfa,S (sleeping),nginx2.bnsdq.ozxfs.laefh.kvugl,0.001143626854569056
1759266398,340,1,103,103,103,103,109,109,109,109,250974208,250974208,236257280,N/A,135168,243245056,1,dbus-daemon,S (sleeping),nginx2.bnsdq.ozxfs.laefh.kvugl,0.3054793225871619
1759266398,183,1,N/A,N/A,N/A,N/A,N/A,N/A,N/A,N/A,158826496,112648192,69242880,4096,135168,28184576,1,systemd-journal,S (sleeping),nginx2.bnsdq.ozxfs.laefh.kvugl,0.27792065704993635
1759266398,3275,1,N/A,N/A,N/A,N/A,N/A,N/A,N/A,N/A,1931149312,1931149312,53477376,N/A,135168,187768832,14,discern-network,S (sleeping),nginx2.bnsdq.ozxfs.laefh.kvugl,2.2256025603861396
1759266398,118658,1,N/A,N/A,N/A,N/A,N/A,N/A,N/A,N/A,1264619520,1264619520,17375232,N/A,135168,45826048,4,discern-proc-so,S (sleeping),nginx2.bnsdq.ozxfs.laefh.kvugl,2.6195101095333166
1759266398,80899,1,N/A,N/A,N/A,N/A,N/A,N/A,N/A,N/A,1647706112,1580859392,20467712,N/A,135168,82464768,5,discern-interfa,S (sleeping),nginx2.bnsdq.ozxfs.laefh.kvugl,0.001141948617912456
1759266404,340,1,103,103,103,103,109,109,109,109,250974208,250974208,236257280,N/A,135168,243245056,1,dbus-daemon,S (sleeping),nginx2.bnsdq.ozxfs.laefh.kvugl,0.3056332315715956
1759266404,183,1,N/A,N/A,N/A,N/A,N/A,N/A,N/A,N/A,158826496,112648192,69242880,4096,135168,28184576,1,systemd-journal,S (sleeping),nginx2.bnsdq.ozxfs.laefh.kvugl,0.2782021772928387
1759266404,3275,1,N/A,N/A,N/A,N/A,N/A,N/A,N/A,N/A,1931149312,1931149312,53477376,N/A,135168,187768832,14,discern-network,S (sleeping),nginx2.bnsdq.ozxfs.laefh.kvugl,2.2253974934286167
1759266404,118658,1,N/A,N/A,N/A,N/A,N/A,N/A,N/A,N/A,1264619520,1264619520,17375232,N/A,135168,45826048,4,discern-proc-so,R (running),nginx2.bnsdq.ozxfs.laefh.kvugl,2.6180693686005148
1759266404,80899,1,N/A,N/A,N/A,N/A,N/A,N/A,N/A,N/A,1647706112,1580859392,20467712,N/A,135168,82464768,5,discern-interfa,S (sleeping),nginx2.bnsdq.ozxfs.laefh.kvugl,0.0011402242715629516
1759266409,340,1,103,103,103,103,109,109,109,109,250974208,250974208,236257280,N/A,135168,243245056,1,dbus-daemon,S (sleeping),nginx2.bnsdq.ozxfs.laefh.kvugl,0.3056765506436338
1759266409,183,1,N/A,N/A,N/A,N/A,N/A,N/A,N/A,N/A,158826496,112648192,69242880,4096,135168,28184576,1,systemd-journal,S (sleeping),nginx2.bnsdq.ozxfs.laefh.kvugl,0.27815027921564045
1759266409,3275,1,N/A,N/A,N/A,N/A,N/A,N/A,N/A,N/A,1931149312,1931149312,53477376,N/A,135168,187768832,14,discern-network,S (sleeping),nginx2.bnsdq.ozxfs.laefh.kvugl,2.2255430656622113
1759266409,118658,1,N/A,N/A,N/A,N/A,N/A,N/A,N/A,N/A,1264619520,1264619520,17375232,N/A,135168,45826048,4,discern-proc-so,R (running),nginx2.bnsdq.ozxfs.laefh.kvugl,2.615137102628532
1759266409,80899,1,N/A,N/A,N/A,N/A,N/A,N/A,N/A,N/A,1647706112,1580859392,20467712,N/A,135168,82464768,5,discern-interfa,S (sleeping),nginx2.bnsdq.ozxfs.laefh.kvugl,0.0011385137851933473
1759266414,340,1,103,103,103,103,109,109,109,109,250974208,250974208,236257280,N/A,135168,243245056,1,dbus-daemon,S (sleeping),nginx2.bnsdq.ozxfs.laefh.kvugl,0.30572368686148477
1759266414,183,1,N/A,N/A,N/A,N/A,N/A,N/A,N/A,N/A,158826496,112648192,69242880,4096,135168,28184576,1,systemd-journal,S (sleeping),nginx2.bnsdq.ozxfs.laefh.kvugl,0.27832444180293414
1759266414,3275,1,N/A,N/A,N/A,N/A,N/A,N/A,N/A,N/A,1931149312,1931149312,53477376,N/A,135168,187768832,14,discern-network,S (sleeping),nginx2.bnsdq.ozxfs.laefh.kvugl,2.22560297071431
1759266414,118658,1,N/A,N/A,N/A,N/A,N/A,N/A,N/A,N/A,1264619520,1264619520,17375232,N/A,135168,45826048,4,discern-proc-so,R (running),nginx2.bnsdq.ozxfs.laefh.kvugl,2.615968731540462
1759266414,80899,1,N/A,N/A,N/A,N/A,N/A,N/A,N/A,N/A,1647706112,1580859392,20467712,N/A,135168,82464768,5,discern-interfa,S (sleeping),nginx2.bnsdq.ozxfs.laefh.kvugl,0.0011368451758338354
1759266419,340,1,103,103,103,103,109,109,109,109,250974208,250974208,236257280,N/A,135168,243245056,1,dbus-daemon,S (sleeping),nginx2.bnsdq.ozxfs.laefh.kvugl,0.30577024464781727
1759266419,183,1,N/A,N/A,N/A,N/A,N/A,N/A,N/A,N/A,158826496,112648192,69242880,4096,135168,28184576,1,systemd-journal,S (sleeping),nginx2.bnsdq.ozxfs.laefh.kvugl,0.2784979266364683
1759266419,3275,1,N/A,N/A,N/A,N/A,N/A,N/A,N/A,N/A,1931149312,1931149312,53477376,N/A,135168,187768832,14,discern-network,S (sleeping),nginx2.bnsdq.ozxfs.laefh.kvugl,2.2255444760932876
1759266419,118658,1,N/A,N/A,N/A,N/A,N/A,N/A,N/A,N/A,1264619520,1264619520,17375232,N/A,135168,45826048,4,discern-proc-so,S (sleeping),nginx2.bnsdq.ozxfs.laefh.kvugl,2.61832502204372
1759266419,80899,1,N/A,N/A,N/A,N/A,N/A,N/A,N/A,N/A,1647706112,1580859392,20467712,N/A,135168,82464768,5,discern-interfa,S (sleeping),nginx2.bnsdq.ozxfs.laefh.kvugl,0.00113517645485867
1759266424,340,1,103,103,103,103,109,109,109,109,250974208,250974208,236257280,N/A,135168,243245056,1,dbus-daemon,S (sleeping),nginx2.bnsdq.ozxfs.laefh.kvugl,0.30570639190376925
1759266424,183,1,N/A,N/A,N/A,N/A,N/A,N/A,N/A,N/A,158826496,112648192,69242880,4096,135168,28184576,1,systemd-journal,S (sleeping),nginx2.bnsdq.ozxfs.laefh.kvugl,0.2785607991625898
1759266424,3275,1,N/A,N/A,N/A,N/A,N/A,N/A,N/A,N/A,1931149312,1931149312,53477376,N/A,135168,187768832,14,discern-network,S (sleeping),nginx2.bnsdq.ozxfs.laefh.kvugl,2.2256061324546335
1759266424,118658,1,N/A,N/A,N/A,N/A,N/A,N/A,N/A,N/A,1264619520,1264619520,17375232,N/A,135168,45826048,4,discern-proc-so,R (running),nginx2.bnsdq.ozxfs.laefh.kvugl,2.6191466235760297
1759266424,80899,1,N/A,N/A,N/A,N/A,N/A,N/A,N/A,N/A,1647706112,1580859392,20467712,N/A,135168,82464768,5,discern-interfa,S (sleeping),nginx2.bnsdq.ozxfs.laefh.kvugl,0.001133519896511378
1759266430,340,1,103,103,103,103,109,109,109,109,250974208,250974208,236257280,N/A,135168,243245056,1,dbus-daemon,S (sleeping),nginx2.bnsdq.ozxfs.laefh.kvugl,0.3056417700445304
1759266430,183,1,N/A,N/A,N/A,N/A,N/A,N/A,N/A,N/A,158826496,112648192,69242880,4096,135168,28184576,1,systemd-journal,S (sleeping),nginx2.bnsdq.ozxfs.laefh.kvugl,0.2786228321405776
1759266430,3275,1,N/A,N/A,N/A,N/A,N/A,N/A,N/A,N/A,1931149312,1931149312,53477376,N/A,135168,187768832,14,discern-network,S (sleeping),nginx2.bnsdq.ozxfs.laefh.kvugl,2.2255471457904976
1759266430,118658,1,N/A,N/A,N/A,N/A,N/A,N/A,N/A,N/A,1264619520,1264619520,17375232,N/A,135168,45826048,4,discern-proc-so,R (running),nginx2.bnsdq.ozxfs.laefh.kvugl,2.6198522501630412
1759266430,80899,1,N/A,N/A,N/A,N/A,N/A,N/A,N/A,N/A,1647706112,1580859392,20467712,N/A,135168,82464768,5,discern-interfa,S (sleeping),nginx2.bnsdq.ozxfs.laefh.kvugl,0.001131860211268075
1759266435,340,1,103,103,103,103,109,109,109,109,250974208,250974208,236257280,N/A,135168,243245056,1,dbus-daemon,S (sleeping),nginx2.bnsdq.ozxfs.laefh.kvugl,0.3055770397658923
1759266435,183,1,N/A,N/A,N/A,N/A,N/A,N/A,N/A,N/A,158826496,112648192,69242880,4096,135168,28184576,1,systemd-journal,S (sleeping),nginx2.bnsdq.ozxfs.laefh.kvugl,0.27857364171432925
1759266435,3275,1,N/A,N/A,N/A,N/A,N/A,N/A,N/A,N/A,1931149312,1931149312,53477376,N/A,135168,187768832,14,discern-network,S (sleeping),nginx2.bnsdq.ozxfs.laefh.kvugl,2.2254868616761727
1759266435,118658,1,N/A,N/A,N/A,N/A,N/A,N/A,N/A,N/A,1264619520,1264619520,17375232,N/A,135168,45826048,4,discern-proc-so,R (running),nginx2.bnsdq.ozxfs.laefh.kvugl,2.6205244828700116
1759266435,80899,1,N/A,N/A,N/A,N/A,N/A,N/A,N/A,N/A,1647706112,1580859392,20467712,N/A,135168,82464768,5,discern-interfa,S (sleeping),nginx2.bnsdq.ozxfs.laefh.kvugl,0.0011302036666666576
1759266440,340,1,103,103,103,103,109,109,109,109,250974208,250974208,236257280,N/A,135168,243245056,1,dbus-daemon,S (sleeping),nginx2.bnsdq.ozxfs.laefh.kvugl,0.3058458354456553
1759266440,183,1,N/A,N/A,N/A,N/A,N/A,N/A,N/A,N/A,158826496,112648192,69242880,4096,135168,28184576,1,systemd-journal,S (sleeping),nginx2.bnsdq.ozxfs.laefh.kvugl,0.2788578647813686
1759266440,3275,1,N/A,N/A,N/A,N/A,N/A,N/A,N/A,N/A,1931149312,1931149312,53477376,N/A,135168,187768832,14,discern-network,S (sleeping),nginx2.bnsdq.ozxfs.laefh.kvugl,2.2256595840169338
1759266440,118658,1,N/A,N/A,N/A,N/A,N/A,N/A,N/A,N/A,1264619520,1264619520,17375232,N/A,135168,45826048,4,discern-proc-so,R (running),nginx2.bnsdq.ozxfs.laefh.kvugl,2.619708868853629
1759266440,80899,1,N/A,N/A,N/A,N/A,N/A,N/A,N/A,N/A,1647706112,1580859392,20467712,N/A,135168,82464768,5,discern-interfa,S (sleeping),nginx2.bnsdq.ozxfs.laefh.kvugl,0.0011285578136360716
1759266445,340,1,103,103,103,103,109,109,109,109,250974208,250974208,236257280,N/A,135168,243245056,1,dbus-daemon,S (sleeping),nginx2.bnsdq.ozxfs.laefh.kvugl,0.30578117178680275
1759266445,183,1,N/A,N/A,N/A,N/A,N/A,N/A,N/A,N/A,158826496,121036800,69242880,4096,135168,28184576,1,systemd-journal,S (sleeping),nginx2.bnsdq.ozxfs.laefh.kvugl,0.2789195541853227
1759266445,3275,1,N/A,N/A,N/A,N/A,N/A,N/A,N/A,N/A,1931149312,1931149312,53477376,N/A,135168,187768832,14,discern-network,S (sleeping),nginx2.bnsdq.ozxfs.laefh.kvugl,2.2259424517047304
1759266445,118658,1,N/A,N/A,N/A,N/A,N/A,N/A,N/A,N/A,1264619520,1264619520,17375232,N/A,135168,45826048,4,discern-proc-so,R (running),nginx2.bnsdq.ozxfs.laefh.kvugl,2.6219266104463506
1759266445,80899,1,N/A,N/A,N/A,N/A,N/A,N/A,N/A,N/A,1647706112,1580859392,20467712,N/A,135168,82464768,5,discern-interfa,S (sleeping),nginx2.bnsdq.ozxfs.laefh.kvugl,0.0011269121487343966
1759266450,340,1,103,103,103,103,109,109,109,109,250974208,250974208,236257280,N/A,135168,243245056,1,dbus-daemon,S (sleeping),nginx2.bnsdq.ozxfs.laefh.kvugl,0.30582813250519986
1759266450,183,1,N/A,N/A,N/A,N/A,N/A,N/A,N/A,N/A,158826496,121036800,69242880,4096,135168,28184576,1,systemd-journal,S (sleeping),nginx2.bnsdq.ozxfs.laefh.kvugl,0.2789818495367117
1759266450,3275,1,N/A,N/A,N/A,N/A,N/A,N/A,N/A,N/A,1931149312,1931149312,53477376,N/A,135168,187768832,14,discern-network,S (sleeping),nginx2.bnsdq.ozxfs.laefh.kvugl,2.2261164135013765
1759266450,118658,1,N/A,N/A,N/A,N/A,N/A,N/A,N/A,N/A,1264619520,1264619520,17375232,N/A,135168,45826048,4,discern-proc-so,R (running),nginx2.bnsdq.ozxfs.laefh.kvugl,2.6226673913062393
1759266450,80899,1,N/A,N/A,N/A,N/A,N/A,N/A,N/A,N/A,1647706112,1580859392,20467712,N/A,135168,82464768,5,discern-interfa,S (sleeping),nginx2.bnsdq.ozxfs.laefh.kvugl,0.0011252779874451446
1759266455,340,1,103,103,103,103,109,109,109,109,250974208,250974208,236257280,N/A,135168,243245056,1,dbus-daemon,S (sleeping),nginx2.bnsdq.ozxfs.laefh.kvugl,0.305763504856157
1759266455,183,1,N/A,N/A,N/A,N/A,N/A,N/A,N/A,N/A,158826496,121036800,69242880,4096,135168,28184576,1,systemd-journal,S (sleeping),nginx2.bnsdq.ozxfs.laefh.kvugl,0.2790433543303055
1759266455,3275,1,N/A,N/A,N/A,N/A,N/A,N/A,N/A,N/A,1931149312,1931149312,53477376,N/A,135168,187768832,14,discern-network,S (sleeping),nginx2.bnsdq.ozxfs.laefh.kvugl,2.2260564026494554
1759266455,118658,1,N/A,N/A,N/A,N/A,N/A,N/A,N/A,N/A,1264619520,1264619520,17375232,N/A,135168,45826048,4,discern-proc-so,S (sleeping),nginx2.bnsdq.ozxfs.laefh.kvugl,2.624819236319051
1759266455,80899,1,N/A,N/A,N/A,N/A,N/A,N/A,N/A,N/A,1647706112,1580859392,20467712,N/A,135168,82464768,5,discern-interfa,S (sleeping),nginx2.bnsdq.ozxfs.laefh.kvugl,0.0011236412496289582
1759266460,340,1,103,103,103,103,109,109,109,109,250974208,250974208,236257280,N/A,135168,243245056,1,dbus-daemon,S (sleeping),nginx2.bnsdq.ozxfs.laefh.kvugl,0.3058107519119342
1759266461,183,1,N/A,N/A,N/A,N/A,N/A,N/A,N/A,N/A,158826496,121036800,69242880,4096,135168,28184576,1,systemd-journal,S (sleeping),nginx2.bnsdq.ozxfs.laefh.kvugl,0.2791058103798184
1759266461,3275,1,N/A,N/A,N/A,N/A,N/A,N/A,N/A,N/A,1931149312,1931149312,53477376,N/A,135168,187768832,14,discern-network,S (sleeping),nginx2.bnsdq.ozxfs.laefh.kvugl,2.226232562188387
1759266461,118658,1,N/A,N/A,N/A,N/A,N/A,N/A,N/A,N/A,1264619520,1264619520,17375232,N/A,135168,45826048,4,discern-proc-so,S (sleeping),nginx2.bnsdq.ozxfs.laefh.kvugl,2.6240607938548357
1759266461,80899,1,N/A,N/A,N/A,N/A,N/A,N/A,N/A,N/A,1647706112,1580859392,20467712,N/A,135168,82464768,5,discern-interfa,S (sleeping),nginx2.bnsdq.ozxfs.laefh.kvugl,0.0011220196566235946
1759266466,340,1,103,103,103,103,109,109,109,109,250974208,250974208,236257280,N/A,135168,243245056,1,dbus-daemon,S (sleeping),nginx2.bnsdq.ozxfs.laefh.kvugl,0.30596869292212125
1759266466,183,1,N/A,N/A,N/A,N/A,N/A,N/A,N/A,N/A,158826496,121036800,69242880,4096,135168,28184576,1,systemd-journal,S (sleeping),nginx2.bnsdq.ozxfs.laefh.kvugl,0.27950013028111254
1759266466,3275,1,N/A,N/A,N/A,N/A,N/A,N/A,N/A,N/A,1931149312,1931149312,53477376,N/A,135168,187768832,14,discern-network,S (sleeping),nginx2.bnsdq.ozxfs.laefh.kvugl,2.226295695587102
1759266466,118658,1,N/A,N/A,N/A,N/A,N/A,N/A,N/A,N/A,1264619520,1264619520,17375232,N/A,135168,45826048,4,discern-proc-so,R (running),nginx2.bnsdq.ozxfs.laefh.kvugl,2.6203445494033955
1759266466,80899,1,N/A,N/A,N/A,N/A,N/A,N/A,N/A,N/A,1647706112,1580859392,20467712,N/A,135168,82464768,5,discern-interfa,S (sleeping),nginx2.bnsdq.ozxfs.laefh.kvugl,0.0011204039364236906
1759266471,340,1,103,103,103,103,109,109,109,109,250974208,250974208,236257280,N/A,135168,243245056,1,dbus-daemon,S (sleeping),nginx2.bnsdq.ozxfs.laefh.kvugl,0.30590490884749283
1759266471,183,1,N/A,N/A,N/A,N/A,N/A,N/A,N/A,N/A,158826496,121036800,69242880,4096,135168,28184576,1,systemd-journal,S (sleeping),nginx2.bnsdq.ozxfs.laefh.kvugl,0.2795619757583017
1759266471,3275,1,N/A,N/A,N/A,N/A,N/A,N/A,N/A,N/A,1931149312,1931149312,53477376,N/A,135168,187768832,14,discern-network,S (sleeping),nginx2.bnsdq.ozxfs.laefh.kvugl,2.226241744131417
1759266471,118658,1,N/A,N/A,N/A,N/A,N/A,N/A,N/A,N/A,1264619520,1264619520,17375232,N/A,135168,45826048,4,discern-proc-so,S (sleeping),nginx2.bnsdq.ozxfs.laefh.kvugl,2.6181153009448512
1759266471,80899,1,N/A,N/A,N/A,N/A,N/A,N/A,N/A,N/A,1647706112,1580859392,20467712,N/A,135168,82464768,5,discern-interfa,S (sleeping),nginx2.bnsdq.ozxfs.laefh.kvugl,0.0011187887861920784
1759266476,340,1,103,103,103,103,109,109,109,109,250974208,250974208,236257280,N/A,135168,243245056,1,dbus-daemon,S (sleeping),nginx2.bnsdq.ozxfs.laefh.kvugl,0.3058411993881821
1759266476,183,1,N/A,N/A,N/A,N/A,N/A,N/A,N/A,N/A,158826496,121036800,69242880,4096,135168,28184576,1,systemd-journal,S (sleeping),nginx2.bnsdq.ozxfs.laefh.kvugl,0.2796237524886774
1759266476,3275,1,N/A,N/A,N/A,N/A,N/A,N/A,N/A,N/A,1931149312,1931149312,53477376,N/A,135168,187768832,14,discern-network,S (sleeping),nginx2.bnsdq.ozxfs.laefh.kvugl,2.2264152310431866
1759266476,118658,1,N/A,N/A,N/A,N/A,N/A,N/A,N/A,N/A,1264619520,1264619520,17375232,N/A,135168,45826048,4,discern-proc-so,R (running),nginx2.bnsdq.ozxfs.laefh.kvugl,2.6173905290430395
1759266476,80899,1,N/A,N/A,N/A,N/A,N/A,N/A,N/A,N/A,1647706112,1580859392,20467712,N/A,135168,82464768,5,discern-interfa,S (sleeping),nginx2.bnsdq.ozxfs.laefh.kvugl,0.0011171783827767297
1759266481,340,1,103,103,103,103,109,109,109,109,250974208,250974208,236257280,N/A,135168,243245056,1,dbus-daemon,S (sleeping),nginx2.bnsdq.ozxfs.laefh.kvugl,0.305887394456616
1759266481,183,1,N/A,N/A,N/A,N/A,N/A,N/A,N/A,N/A,158826496,121036800,69242880,4096,135168,28184576,1,systemd-journal,S (sleeping),nginx2.bnsdq.ozxfs.laefh.kvugl,0.2796849132474015
1759266481,3275,1,N/A,N/A,N/A,N/A,N/A,N/A,N/A,N/A,1931149312,1931149312,53477376,N/A,135168,187768832,14,discern-network,S (sleeping),nginx2.bnsdq.ozxfs.laefh.kvugl,2.226470431588251
1759266481,118658,1,N/A,N/A,N/A,N/A,N/A,N/A,N/A,N/A,1264619520,1264619520,17375232,N/A,135168,45826048,4,discern-proc-so,S (sleeping),nginx2.bnsdq.ozxfs.laefh.kvugl,2.6195257937348084
1759266481,80899,1,N/A,N/A,N/A,N/A,N/A,N/A,N/A,N/A,1647706112,1580859392,20467712,N/A,135168,82464768,5,discern-interfa,S (sleeping),nginx2.bnsdq.ozxfs.laefh.kvugl,0.0011155670669140102
1759266486,340,1,103,103,103,103,109,109,109,109,250974208,250974208,236257280,N/A,135168,243245056,1,dbus-daemon,S (sleeping),nginx2.bnsdq.ozxfs.laefh.kvugl,0.3059342566481904
1759266486,183,1,N/A,N/A,N/A,N/A,N/A,N/A,N/A,N/A,158826496,121036800,69242880,4096,135168,28184576,1,systemd-journal,S (sleeping),nginx2.bnsdq.ozxfs.laefh.kvugl,0.27974666240755863
1759266486,3275,1,N/A,N/A,N/A,N/A,N/A,N/A,N/A,N/A,1931149312,1931149312,53477376,N/A,135168,187768832,14,discern-network,S (sleeping),nginx2.bnsdq.ozxfs.laefh.kvugl,2.2264174335110964
1759266486,118658,1,N/A,N/A,N/A,N/A,N/A,N/A,N/A,N/A,1264619520,1264619520,17375232,N/A,135168,45826048,4,discern-proc-so,R (running),nginx2.bnsdq.ozxfs.laefh.kvugl,2.6188147867704132
1759266486,80899,1,N/A,N/A,N/A,N/A,N/A,N/A,N/A,N/A,1647706112,1580859392,20467712,N/A,135168,82464768,5,discern-interfa,S (sleeping),nginx2.bnsdq.ozxfs.laefh.kvugl,0.001113967014900472
1759266491,340,1,103,103,103,103,109,109,109,109,250974208,250974208,236257280,N/A,135168,243245056,1,dbus-daemon,S (sleeping),nginx2.bnsdq.ozxfs.laefh.kvugl,0.30609063611907944
1759266491,183,1,N/A,N/A,N/A,N/A,N/A,N/A,N/A,N/A,158826496,121036800,69242880,4096,135168,28184576,1,systemd-journal,S (sleeping),nginx2.bnsdq.ozxfs.laefh.kvugl,0.28002825243887675
1759266491,3275,1,N/A,N/A,N/A,N/A,N/A,N/A,N/A,N/A,1931149312,1931149312,53477376,N/A,135168,187768832,14,discern-network,S (sleeping),nginx2.bnsdq.ozxfs.laefh.kvugl,2.2264724624637626
1759266491,118658,1,N/A,N/A,N/A,N/A,N/A,N/A,N/A,N/A,1264619520,1264619520,17375232,N/A,135168,45826048,4,discern-proc-so,S (sleeping),nginx2.bnsdq.ozxfs.laefh.kvugl,2.615158617037711
1759266491,80899,1,N/A,N/A,N/A,N/A,N/A,N/A,N/A,N/A,1647706112,1580859392,20467712,N/A,135168,82464768,5,discern-interfa,S (sleeping),nginx2.bnsdq.ozxfs.laefh.kvugl,0.0011123648091614458
1759266497,340,1,103,103,103,103,109,109,109,109,250974208,250974208,236257280,N/A,135168,243245056,1,dbus-daemon,S (sleeping),nginx2.bnsdq.ozxfs.laefh.kvugl,0.3060272900111839
1759266497,183,1,N/A,N/A,N/A,N/A,N/A,N/A,N/A,N/A,158826496,121036800,69242880,4096,135168,28184576,1,systemd-journal,S (sleeping),nginx2.bnsdq.ozxfs.laefh.kvugl,0.27997969261514766
1759266497,3275,1,N/A,N/A,N/A,N/A,N/A,N/A,N/A,N/A,1931149312,1931149312,53477376,N/A,135168,187768832,14,discern-network,S (sleeping),nginx2.bnsdq.ozxfs.laefh.kvugl,2.226421035489131
1759266497,118658,1,N/A,N/A,N/A,N/A,N/A,N/A,N/A,N/A,1264619520,1264619520,17375232,N/A,135168,45826048,4,discern-proc-so,R (running),nginx2.bnsdq.ozxfs.laefh.kvugl,2.614512455745933
1759266497,80899,1,N/A,N/A,N/A,N/A,N/A,N/A,N/A,N/A,1647706112,1580859392,20467712,N/A,135168,82464768,5,discern-interfa,S (sleeping),nginx2.bnsdq.ozxfs.laefh.kvugl,0.0011107757708571587
1759266502,340,1,103,103,103,103,109,109,109,109,250974208,250974208,236257280,N/A,135168,243245056,1,dbus-daemon,S (sleeping),nginx2.bnsdq.ozxfs.laefh.kvugl,0.30596350326059774
1759266502,183,1,N/A,N/A,N/A,N/A,N/A,N/A,N/A,N/A,158826496,121036800,69242880,4096,135168,28184576,1,systemd-journal,S (sleeping),nginx2.bnsdq.ozxfs.laefh.kvugl,0.28015104934241375
1759266502,3275,1,N/A,N/A,N/A,N/A,N/A,N/A,N/A,N/A,1931149312,1931149312,53477376,N/A,135168,187768832,14,discern-network,S (sleeping),nginx2.bnsdq.ozxfs.laefh.kvugl,2.2262524998619004
1759266502,118658,1,N/A,N/A,N/A,N/A,N/A,N/A,N/A,N/A,1264619520,1264619520,17375232,N/A,135168,45826048,4,discern-proc-so,R (running),nginx2.bnsdq.ozxfs.laefh.kvugl,2.610987360316814
1759266502,80899,1,N/A,N/A,N/A,N/A,N/A,N/A,N/A,N/A,1647706112,1580859392,20467712,N/A,135168,82464768,5,discern-interfa,S (sleeping),nginx2.bnsdq.ozxfs.laefh.kvugl,0.0011091865685987348
1759266507,340,1,103,103,103,103,109,109,109,109,250974208,250974208,236257280,N/A,135168,243245056,1,dbus-daemon,S (sleeping),nginx2.bnsdq.ozxfs.laefh.kvugl,0.3060092145789025
1759266507,183,1,N/A,N/A,N/A,N/A,N/A,N/A,N/A,N/A,158826496,121036800,69242880,4096,135168,28184576,1,systemd-journal,S (sleeping),nginx2.bnsdq.ozxfs.laefh.kvugl,0.2802114771940253
1759266507,3275,1,N/A,N/A,N/A,N/A,N/A,N/A,N/A,N/A,1931149312,1931149312,53477376,N/A,135168,187768832,14,discern-network,S (sleeping),nginx2.bnsdq.ozxfs.laefh.kvugl,2.22630551799912
1759266507,118658,1,N/A,N/A,N/A,N/A,N/A,N/A,N/A,N/A,1264619520,1264619520,17375232,N/A,135168,45826048,4,discern-proc-so,S (sleeping),nginx2.bnsdq.ozxfs.laefh.kvugl,2.6158722584331437
1759266507,80899,1,N/A,N/A,N/A,N/A,N/A,N/A,N/A,N/A,1647706112,1580859392,20467712,N/A,135168,82464768,5,discern-interfa,S (sleeping),nginx2.bnsdq.ozxfs.laefh.kvugl,0.0011075956346283103
1759266512,340,1,103,103,103,103,109,109,109,109,250974208,250974208,236257280,N/A,135168,243245056,1,dbus-daemon,S (sleeping),nginx2.bnsdq.ozxfs.laefh.kvugl,0.30605563803169256
1759266512,183,1,N/A,N/A,N/A,N/A,N/A,N/A,N/A,N/A,158826496,121036800,69242880,4096,135168,28184576,1,systemd-journal,S (sleeping),nginx2.bnsdq.ozxfs.laefh.kvugl,0.2802725348522719
1759266512,3275,1,N/A,N/A,N/A,N/A,N/A,N/A,N/A,N/A,1931149312,1931149312,53477376,N/A,135168,187768832,14,discern-network,S (sleeping),nginx2.bnsdq.ozxfs.laefh.kvugl,2.2265905215227164
1759266512,118658,1,N/A,N/A,N/A,N/A,N/A,N/A,N/A,N/A,1264619520,1264619520,17375232,N/A,135168,45826048,4,discern-proc-so,R (running),nginx2.bnsdq.ozxfs.laefh.kvugl,2.61518660692528
1759266512,80899,1,N/A,N/A,N/A,N/A,N/A,N/A,N/A,N/A,1647706112,1580859392,20467712,N/A,135168,82464768,5,discern-interfa,S (sleeping),nginx2.bnsdq.ozxfs.laefh.kvugl,0.0011060161317664405
1759266517,340,1,103,103,103,103,109,109,109,109,250974208,250974208,236257280,N/A,135168,243245056,1,dbus-daemon,S (sleeping),nginx2.bnsdq.ozxfs.laefh.kvugl,0.3062085105659969
1759266517,183,1,N/A,N/A,N/A,N/A,N/A,N/A,N/A,N/A,158826496,121036800,69242880,4096,135168,28184576,1,systemd-journal,S (sleeping),nginx2.bnsdq.ozxfs.laefh.kvugl,0.280550284326956
1759266517,3275,1,N/A,N/A,N/A,N/A,N/A,N/A,N/A,N/A,1931149312,1931149312,53477376,N/A,135168,187768832,14,discern-network,S (sleeping),nginx2.bnsdq.ozxfs.laefh.kvugl,2.2265098153209517
1759266517,118658,1,N/A,N/A,N/A,N/A,N/A,N/A,N/A,N/A,1264619520,1264619520,17375232,N/A,135168,45826048,4,discern-proc-so,R (running),nginx2.bnsdq.ozxfs.laefh.kvugl,2.6169074774691463
1759266517,80899,1,N/A,N/A,N/A,N/A,N/A,N/A,N/A,N/A,1647706112,1580859392,20467712,N/A,135168,82464768,5,discern-interfa,S (sleeping),nginx2.bnsdq.ozxfs.laefh.kvugl,0.0011044096342930063
1759266522,340,1,103,103,103,103,109,109,109,109,250974208,250974208,236257280,N/A,135168,243245056,1,dbus-daemon,S (sleeping),nginx2.bnsdq.ozxfs.laefh.kvugl,0.3061449090009324
1759266523,183,1,N/A,N/A,N/A,N/A,N/A,N/A,N/A,N/A,158826496,121036800,69242880,4096,135168,28184576,1,systemd-journal,S (sleeping),nginx2.bnsdq.ozxfs.laefh.kvugl,0.2806111432351081
1759266523,3275,1,N/A,N/A,N/A,N/A,N/A,N/A,N/A,N/A,1931149312,1931149312,53477376,N/A,135168,187768832,14,discern-network,S (sleeping),nginx2.bnsdq.ozxfs.laefh.kvugl,2.226681870567957
1759266523,118658,1,N/A,N/A,N/A,N/A,N/A,N/A,N/A,N/A,1264619520,1264619520,17375232,N/A,135168,45826048,4,discern-proc-so,S (sleeping),nginx2.bnsdq.ozxfs.laefh.kvugl,2.613481459096471
1759266523,80899,1,N/A,N/A,N/A,N/A,N/A,N/A,N/A,N/A,1647706112,1580859392,20467712,N/A,135168,82464768,5,discern-interfa,S (sleeping),nginx2.bnsdq.ozxfs.laefh.kvugl,0.0011028398944430025
1759266528,340,1,103,103,103,103,109,109,109,109,250974208,250974208,236257280,N/A,135168,243245056,1,dbus-daemon,S (sleeping),nginx2.bnsdq.ozxfs.laefh.kvugl,0.30619138032925647
1759266528,183,1,N/A,N/A,N/A,N/A,N/A,N/A,N/A,N/A,158826496,121036800,69242880,4096,135168,28184576,1,systemd-journal,S (sleeping),nginx2.bnsdq.ozxfs.laefh.kvugl,0.28078191087223814
1759266528,3275,1,N/A,N/A,N/A,N/A,N/A,N/A,N/A,N/A,1931149312,1931149312,53477376,N/A,135168,187768832,14,discern-network,S (sleeping),nginx2.bnsdq.ozxfs.laefh.kvugl,2.2267417598256074
1759266528,118658,1,N/A,N/A,N/A,N/A,N/A,N/A,N/A,N/A,1264619520,1264619520,17375232,N/A,135168,45826048,4,discern-proc-so,R (running),nginx2.bnsdq.ozxfs.laefh.kvugl,2.612849619346211
1759266528,80899,1,N/A,N/A,N/A,N/A,N/A,N/A,N/A,N/A,1647706112,1580859392,20467712,N/A,135168,82464768,5,discern-interfa,S (sleeping),nginx2.bnsdq.ozxfs.laefh.kvugl,0.0011012758214481771
1759266533,340,1,103,103,103,103,109,109,109,109,250974208,250974208,236257280,N/A,135168,243245056,1,dbus-daemon,S (sleeping),nginx2.bnsdq.ozxfs.laefh.kvugl,0.3062368743047307
1759266533,183,1,N/A,N/A,N/A,N/A,N/A,N/A,N/A,N/A,158826496,121036800,69242880,4096,135168,28184576,1,systemd-journal,S (sleeping),nginx2.bnsdq.ozxfs.laefh.kvugl,0.2808418444362958
1759266533,3275,1,N/A,N/A,N/A,N/A,N/A,N/A,N/A,N/A,1931149312,1931149312,53477376,N/A,135168,187768832,14,discern-network,S (sleeping),nginx2.bnsdq.ozxfs.laefh.kvugl,2.2267946325590793
1759266533,118658,1,N/A,N/A,N/A,N/A,N/A,N/A,N/A,N/A,1264619520,1264619520,17375232,N/A,135168,45826048,4,discern-proc-so,R (running),nginx2.bnsdq.ozxfs.laefh.kvugl,2.616197699252355
1759266533,80899,1,N/A,N/A,N/A,N/A,N/A,N/A,N/A,N/A,1647706112,1580859392,20467712,N/A,135168,82464768,5,discern-interfa,S (sleeping),nginx2.bnsdq.ozxfs.laefh.kvugl,0.0010997078257882114
1759266538,340,1,103,103,103,103,109,109,109,109,250974208,250974208,236257280,N/A,135168,243245056,1,dbus-daemon,S (sleeping),nginx2.bnsdq.ozxfs.laefh.kvugl,0.306173104570368
1759266538,183,1,N/A,N/A,N/A,N/A,N/A,N/A,N/A,N/A,158826496,121036800,69242880,4096,135168,28184576,1,systemd-journal,S (sleeping),nginx2.bnsdq.ozxfs.laefh.kvugl,0.2809021987668975
1759266538,3275,1,N/A,N/A,N/A,N/A,N/A,N/A,N/A,N/A,1931149312,1931149312,53477376,N/A,135168,187768832,14,discern-network,S (sleeping),nginx2.bnsdq.ozxfs.laefh.kvugl,2.226851425730896
1759266538,118658,1,N/A,N/A,N/A,N/A,N/A,N/A,N/A,N/A,1264619520,1264619520,17375232,N/A,135168,45826048,4,discern-proc-so,S (sleeping),nginx2.bnsdq.ozxfs.laefh.kvugl,2.615514791489193
1759266538,80899,1,N/A,N/A,N/A,N/A,N/A,N/A,N/A,N/A,1647706112,1580859392,20467712,N/A,135168,82464768,5,discern-interfa,S (sleeping),nginx2.bnsdq.ozxfs.laefh.kvugl,0.0010981491155097728
1759266543,340,1,103,103,103,103,109,109,109,109,250974208,250974208,236257280,N/A,135168,243245056,1,dbus-daemon,S (sleeping),nginx2.bnsdq.ozxfs.laefh.kvugl,0.3062184370328604
1759266543,183,1,N/A,N/A,N/A,N/A,N/A,N/A,N/A,N/A,158826496,121036800,69242880,4096,135168,28184576,1,systemd-journal,S (sleeping),nginx2.bnsdq.ozxfs.laefh.kvugl,0.2810715523972686
1759266543,3275,1,N/A,N/A,N/A,N/A,N/A,N/A,N/A,N/A,1931149312,1931149312,53477376,N/A,135168,187768832,14,discern-network,S (sleeping),nginx2.bnsdq.ozxfs.laefh.kvugl,2.2269032938988786
1759266543,118658,1,N/A,N/A,N/A,N/A,N/A,N/A,N/A,N/A,1264619520,1264619520,17375232,N/A,135168,45826048,4,discern-proc-so,S (sleeping),nginx2.bnsdq.ozxfs.laefh.kvugl,2.620123401731449
1759266543,80899,1,N/A,N/A,N/A,N/A,N/A,N/A,N/A,N/A,1647706112,1580859392,20467712,N/A,135168,82464768,5,discern-interfa,S (sleeping),nginx2.bnsdq.ozxfs.laefh.kvugl,0.0010965889823220632
1759266548,340,1,103,103,103,103,109,109,109,109,250974208,250974208,236257280,N/A,135168,243245056,1,dbus-daemon,S (sleeping),nginx2.bnsdq.ozxfs.laefh.kvugl,0.3062648045971921
1759266548,183,1,N/A,N/A,N/A,N/A,N/A,N/A,N/A,N/A,158826496,121036800,69242880,4096,135168,28184576,1,systemd-journal,S (sleeping),nginx2.bnsdq.ozxfs.laefh.kvugl,0.2812417127061575
1759266548,3275,1,N/A,N/A,N/A,N/A,N/A,N/A,N/A,N/A,1931149312,1931149312,53477376,N/A,135168,187768832,14,discern-network,S (sleeping),nginx2.bnsdq.ozxfs.laefh.kvugl,2.227075963032879
1759266548,118658,1,N/A,N/A,N/A,N/A,N/A,N/A,N/A,N/A,1264619520,1264619520,17375232,N/A,135168,45826048,4,discern-proc-so,R (running),nginx2.bnsdq.ozxfs.laefh.kvugl,2.6207964427929547
1759266548,80899,1,N/A,N/A,N/A,N/A,N/A,N/A,N/A,N/A,1647706112,1580859392,20467712,N/A,135168,82464768,5,discern-interfa,S (sleeping),nginx2.bnsdq.ozxfs.laefh.kvugl,0.0010950429720770973
1759266553,340,1,103,103,103,103,109,109,109,109,250974208,250974208,236257280,N/A,135168,243245056,1,dbus-daemon,S (sleeping),nginx2.bnsdq.ozxfs.laefh.kvugl,0.30631104040520013
1759266553,183,1,N/A,N/A,N/A,N/A,N/A,N/A,N/A,N/A,158826496,133693440,69242880,4096,135168,28184576,1,systemd-journal,S (sleeping),nginx2.bnsdq.ozxfs.laefh.kvugl,0.2814116070780961
1759266553,3275,1,N/A,N/A,N/A,N/A,N/A,N/A,N/A,N/A,1931149312,1931149312,53477376,N/A,135168,187768832,14,discern-network,S (sleeping),nginx2.bnsdq.ozxfs.laefh.kvugl,2.2270224970560584
1759266553,118658,1,N/A,N/A,N/A,N/A,N/A,N/A,N/A,N/A,1264619520,1264619520,17375232,N/A,135168,45826048,4,discern-proc-so,R (running),nginx2.bnsdq.ozxfs.laefh.kvugl,2.6188133191599836
1759266553,80899,1,N/A,N/A,N/A,N/A,N/A,N/A,N/A,N/A,1647706112,1580859392,20467712,N/A,135168,82464768,5,discern-interfa,S (sleeping),nginx2.bnsdq.ozxfs.laefh.kvugl,0.0010935005853851816
1759266559,340,1,103,103,103,103,109,109,109,109,250974208,250974208,236257280,N/A,135168,243245056,1,dbus-daemon,S (sleeping),nginx2.bnsdq.ozxfs.laefh.kvugl,0.3063565517567729
1759266559,183,1,N/A,N/A,N/A,N/A,N/A,N/A,N/A,N/A,158826496,133693440,69242880,4096,135168,28184576,1,systemd-journal,S (sleeping),nginx2.bnsdq.ozxfs.laefh.kvugl,0.28147121313528606
1759266559,3275,1,N/A,N/A,N/A,N/A,N/A,N/A,N/A,N/A,1931149312,1931149312,53477376,N/A,135168,187768832,14,discern-network,S (sleeping),nginx2.bnsdq.ozxfs.laefh.kvugl,2.227076671485135
1759266559,118658,1,N/A,N/A,N/A,N/A,N/A,N/A,N/A,N/A,1264619520,1264619520,17375232,N/A,135168,45826048,4,discern-proc-so,R (running),nginx2.bnsdq.ozxfs.laefh.kvugl,2.6220298139583513
1759266559,80899,1,N/A,N/A,N/A,N/A,N/A,N/A,N/A,N/A,1647706112,1580859392,20467712,N/A,135168,82464768,5,discern-interfa,S (sleeping),nginx2.bnsdq.ozxfs.laefh.kvugl,0.0010919565734231677
1759266564,340,1,103,103,103,103,109,109,109,109,250974208,250974208,236257280,N/A,135168,243245056,1,dbus-daemon,S (sleeping),nginx2.bnsdq.ozxfs.laefh.kvugl,0.30640263381841765
1759266564,183,1,N/A,N/A,N/A,N/A,N/A,N/A,N/A,N/A,158826496,133693440,69242880,4096,135168,28184576,1,systemd-journal,S (sleeping),nginx2.bnsdq.ozxfs.laefh.kvugl,0.28164074133320083
1759266564,3275,1,N/A,N/A,N/A,N/A,N/A,N/A,N/A,N/A,1931149312,1931149312,53477376,N/A,135168,187768832,14,discern-network,S (sleeping),nginx2.bnsdq.ozxfs.laefh.kvugl,2.2270229093708243
1759266564,118658,1,N/A,N/A,N/A,N/A,N/A,N/A,N/A,N/A,1264619520,1264619520,17375232,N/A,135168,45826048,4,discern-proc-so,S (sleeping),nginx2.bnsdq.ozxfs.laefh.kvugl,2.620060279930556
1759266564,80899,1,N/A,N/A,N/A,N/A,N/A,N/A,N/A,N/A,1647706112,1580859392,20467712,N/A,135168,82464768,5,discern-interfa,S (sleeping),nginx2.bnsdq.ozxfs.laefh.kvugl,0.0010904224566165583
1759266569,340,1,103,103,103,103,109,109,109,109,250974208,250974208,236257280,N/A,135168,243245056,1,dbus-daemon,S (sleeping),nginx2.bnsdq.ozxfs.laefh.kvugl,0.3064479770833523
1759266569,183,1,N/A,N/A,N/A,N/A,N/A,N/A,N/A,N/A,158826496,133693440,69242880,4096,135168,28184576,1,systemd-journal,S (sleeping),nginx2.bnsdq.ozxfs.laefh.kvugl,0.28159073490975534
1759266569,3275,1,N/A,N/A,N/A,N/A,N/A,N/A,N/A,N/A,1931149312,1931149312,53477376,N/A,135168,187768832,14,discern-network,S (sleeping),nginx2.bnsdq.ozxfs.laefh.kvugl,2.227189000977016
1759266569,118658,1,N/A,N/A,N/A,N/A,N/A,N/A,N/A,N/A,1264619520,1264619520,17375232,N/A,135168,45826048,4,discern-proc-so,R (running),nginx2.bnsdq.ozxfs.laefh.kvugl,2.623218908450612
1759266569,80899,1,N/A,N/A,N/A,N/A,N/A,N/A,N/A,N/A,1647706112,1580859392,20467712,N/A,135168,82464768,5,discern-interfa,S (sleeping),nginx2.bnsdq.ozxfs.laefh.kvugl,0.0010888865435577468
1759266574,340,1,103,103,103,103,109,109,109,109,250974208,250974208,236257280,N/A,135168,243245056,1,dbus-daemon,S (sleeping),nginx2.bnsdq.ozxfs.laefh.kvugl,0.30638435511567436
1759266574,183,1,N/A,N/A,N/A,N/A,N/A,N/A,N/A,N/A,158826496,133693440,69242880,4096,135168,28184576,1,systemd-journal,S (sleeping),nginx2.bnsdq.ozxfs.laefh.kvugl,0.2816504393458787
1759266574,3275,1,N/A,N/A,N/A,N/A,N/A,N/A,N/A,N/A,1931149312,1931149312,53477376,N/A,135168,187768832,14,discern-network,S (sleeping),nginx2.bnsdq.ozxfs.laefh.kvugl,2.227245429729169
1759266574,118658,1,N/A,N/A,N/A,N/A,N/A,N/A,N/A,N/A,1264619520,1264619520,17375232,N/A,135168,45826048,4,discern-proc-so,R (running),nginx2.bnsdq.ozxfs.laefh.kvugl,2.6225221807580383
1759266574,80899,1,N/A,N/A,N/A,N/A,N/A,N/A,N/A,N/A,1647706112,1580859392,20467712,N/A,135168,82464768,5,discern-interfa,S (sleeping),nginx2.bnsdq.ozxfs.laefh.kvugl,0.0010873584188849515
1759266579,340,1,103,103,103,103,109,109,109,109,250974208,250974208,236257280,N/A,135168,243245056,1,dbus-daemon,S (sleeping),nginx2.bnsdq.ozxfs.laefh.kvugl,0.3065393959669795
1759266579,183,1,N/A,N/A,N/A,N/A,N/A,N/A,N/A,N/A,158826496,133693440,69242880,4096,135168,28184576,1,systemd-journal,S (sleeping),nginx2.bnsdq.ozxfs.laefh.kvugl,0.28192863521557066
1759266579,3275,1,N/A,N/A,N/A,N/A,N/A,N/A,N/A,N/A,1931149312,1931149312,53477376,N/A,135168,187768832,14,discern-network,S (sleeping),nginx2.bnsdq.ozxfs.laefh.kvugl,2.2273025589316027
1759266579,118658,1,N/A,N/A,N/A,N/A,N/A,N/A,N/A,N/A,1264619520,1264619520,17375232,N/A,135168,45826048,4,discern-proc-so,R (running),nginx2.bnsdq.ozxfs.laefh.kvugl,2.6231207121379576
1759266579,80899,1,N/A,N/A,N/A,N/A,N/A,N/A,N/A,N/A,1647706112,1580859392,20467712,N/A,135168,82464768,5,discern-interfa,S (sleeping),nginx2.bnsdq.ozxfs.laefh.kvugl,0.0010858354740204712
1759266584,340,1,103,103,103,103,109,109,109,109,250974208,250974208,236257280,N/A,135168,243245056,1,dbus-daemon,S (sleeping),nginx2.bnsdq.ozxfs.laefh.kvugl,0.30658444423650383
1759266584,183,1,N/A,N/A,N/A,N/A,N/A,N/A,N/A,N/A,158826496,133693440,69242880,4096,135168,28184576,1,systemd-journal,S (sleeping),nginx2.bnsdq.ozxfs.laefh.kvugl,0.2820967617338161
1759266584,3275,1,N/A,N/A,N/A,N/A,N/A,N/A,N/A,N/A,1931149312,1931149312,53477376,N/A,135168,187768832,14,discern-network,S (sleeping),nginx2.bnsdq.ozxfs.laefh.kvugl,2.2274671216402337
1759266584,118658,1,N/A,N/A,N/A,N/A,N/A,N/A,N/A,N/A,1264619520,1264619520,17375232,N/A,135168,45826048,4,discern-proc-so,S (sleeping),nginx2.bnsdq.ozxfs.laefh.kvugl,2.6249153975082242
1759266584,80899,1,N/A,N/A,N/A,N/A,N/A,N/A,N/A,N/A,1647706112,1580859392,20467712,N/A,135168,82464768,5,discern-interfa,S (sleeping),nginx2.bnsdq.ozxfs.laefh.kvugl,0.0010843111835721576
1759266590,340,1,103,103,103,103,109,109,109,109,250974208,250974208,236257280,N/A,135168,243245056,1,dbus-daemon,S (sleeping),nginx2.bnsdq.ozxfs.laefh.kvugl,0.3065206898067839
1759266590,183,1,N/A,N/A,N/A,N/A,N/A,N/A,N/A,N/A,158826496,133693440,69242880,4096,135168,28184576,1,systemd-journal,S (sleeping),nginx2.bnsdq.ozxfs.laefh.kvugl,0.2820468208363343
1759266590,3275,1,N/A,N/A,N/A,N/A,N/A,N/A,N/A,N/A,1931149312,1931149312,53477376,N/A,135168,187768832,14,discern-network,S (sleeping),nginx2.bnsdq.ozxfs.laefh.kvugl,2.2274098789782655
1759266590,118658,1,N/A,N/A,N/A,N/A,N/A,N/A,N/A,N/A,1264619520,1264619520,17375232,N/A,135168,45826048,4,discern-proc-so,R (running),nginx2.bnsdq.ozxfs.laefh.kvugl,2.624205258657017
1759266590,80899,1,N/A,N/A,N/A,N/A,N/A,N/A,N/A,N/A,1647706112,1580859392,20467712,N/A,135168,82464768,5,discern-interfa,S (sleeping),nginx2.bnsdq.ozxfs.laefh.kvugl,0.0010827944346570796
1759266595,340,1,103,103,103,103,109,109,109,109,250974208,250974208,236257280,N/A,135168,243245056,1,dbus-daemon,S (sleeping),nginx2.bnsdq.ozxfs.laefh.kvugl,0.3064567988156365
1759266595,183,1,N/A,N/A,N/A,N/A,N/A,N/A,N/A,N/A,158826496,133693440,69242880,4096,135168,28184576,1,systemd-journal,S (sleeping),nginx2.bnsdq.ozxfs.laefh.kvugl,0.2822148395887892
1759266595,3275,1,N/A,N/A,N/A,N/A,N/A,N/A,N/A,N/A,1931149312,1931149312,53477376,N/A,135168,187768832,14,discern-network,S (sleeping),nginx2.bnsdq.ozxfs.laefh.kvugl,2.2274632559455734
1759266595,118658,1,N/A,N/A,N/A,N/A,N/A,N/A,N/A,N/A,1264619520,1264619520,17375232,N/A,135168,45826048,4,discern-proc-so,R (running),nginx2.bnsdq.ozxfs.laefh.kvugl,2.625985617927094
1759266595,80899,1,N/A,N/A,N/A,N/A,N/A,N/A,N/A,N/A,1647706112,1580859392,20467712,N/A,135168,82464768,5,discern-interfa,S (sleeping),nginx2.bnsdq.ozxfs.laefh.kvugl,0.0010812800853947995
1759266600,340,1,103,103,103,103,109,109,109,109,250974208,250974208,236257280,N/A,135168,243245056,1,dbus-daemon,S (sleeping),nginx2.bnsdq.ozxfs.laefh.kvugl,0.30650277511941965
1759266600,183,1,N/A,N/A,N/A,N/A,N/A,N/A,N/A,N/A,158826496,133693440,69242880,4096,135168,28184576,1,systemd-journal,S (sleeping),nginx2.bnsdq.ozxfs.laefh.kvugl,0.28227441710812107
1759266600,3275,1,N/A,N/A,N/A,N/A,N/A,N/A,N/A,N/A,1931149312,1931149312,53477376,N/A,135168,187768832,14,discern-network,S (sleeping),nginx2.bnsdq.ozxfs.laefh.kvugl,2.227298416516681
1759266600,118658,1,N/A,N/A,N/A,N/A,N/A,N/A,N/A,N/A,1264619520,1264619520,17375232,N/A,135168,45826048,4,discern-proc-so,S (sleeping),nginx2.bnsdq.ozxfs.laefh.kvugl,2.6240924331517044
1759266600,80899,1,N/A,N/A,N/A,N/A,N/A,N/A,N/A,N/A,1647706112,1580859392,20467712,N/A,135168,82464768,5,discern-interfa,S (sleeping),nginx2.bnsdq.ozxfs.laefh.kvugl,0.0010797769704763123
1759266605,340,1,103,103,103,103,109,109,109,109,250974208,250974208,236257280,N/A,135168,243245056,1,dbus-daemon,S (sleeping),nginx2.bnsdq.ozxfs.laefh.kvugl,0.3066568556143529
1759266605,183,1,N/A,N/A,N/A,N/A,N/A,N/A,N/A,N/A,158826496,133693440,69242880,4096,135168,28184576,1,systemd-journal,S (sleeping),nginx2.bnsdq.ozxfs.laefh.kvugl,0.2825510580984217
1759266605,3275,1,N/A,N/A,N/A,N/A,N/A,N/A,N/A,N/A,1931149312,1931149312,53477376,N/A,135168,187768832,14,discern-network,S (sleeping),nginx2.bnsdq.ozxfs.laefh.kvugl,2.2275759430332154
1759266605,118658,1,N/A,N/A,N/A,N/A,N/A,N/A,N/A,N/A,1264619520,1264619520,17375232,N/A,135168,45826048,4,discern-proc-so,R (running),nginx2.bnsdq.ozxfs.laefh.kvugl,2.624617285079465
1759266605,80899,1,N/A,N/A,N/A,N/A,N/A,N/A,N/A,N/A,1647706112,1580859392,20467712,N/A,135168,82464768,5,discern-interfa,S (sleeping),nginx2.bnsdq.ozxfs.laefh.kvugl,0.0010782711796606577
1759266610,340,1,103,103,103,103,109,109,109,109,250974208,250974208,236257280,N/A,135168,243245056,1,dbus-daemon,S (sleeping),nginx2.bnsdq.ozxfs.laefh.kvugl,0.3065920943524312
1759266610,183,1,N/A,N/A,N/A,N/A,N/A,N/A,N/A,N/A,158826496,133693440,69242880,4096,135168,28184576,1,systemd-journal,S (sleeping),nginx2.bnsdq.ozxfs.laefh.kvugl,0.2826088146130076
1759266610,3275,1,N/A,N/A,N/A,N/A,N/A,N/A,N/A,N/A,1931149312,1931149312,53477376,N/A,135168,187768832,14,discern-network,S (sleeping),nginx2.bnsdq.ozxfs.laefh.kvugl,2.2278463155041353
1759266610,118658,1,N/A,N/A,N/A,N/A,N/A,N/A,N/A,N/A,1264619520,1264619520,17375232,N/A,135168,45826048,4,discern-proc-so,R (running),nginx2.bnsdq.ozxfs.laefh.kvugl,2.6225927523664554
1759266610,80899,1,N/A,N/A,N/A,N/A,N/A,N/A,N/A,N/A,1647706112,1580859392,20467712,N/A,135168,82464768,5,discern-interfa,S (sleeping),nginx2.bnsdq.ozxfs.laefh.kvugl,0.0010767616419088879
1759266616,340,1,103,103,103,103,109,109,109,109,250974208,250974208,236257280,N/A,135168,243245056,1,dbus-daemon,S (sleeping),nginx2.bnsdq.ozxfs.laefh.kvugl,0.3065286705474632
1759266616,183,1,N/A,N/A,N/A,N/A,N/A,N/A,N/A,N/A,158826496,133693440,69369856,4096,135168,28184576,1,systemd-journal,S (sleeping),nginx2.bnsdq.ozxfs.laefh.kvugl,0.28255886984278905
1759266616,3275,1,N/A,N/A,N/A,N/A,N/A,N/A,N/A,N/A,1931149312,1931149312,53477376,N/A,135168,187768832,14,discern-network,S (sleeping),nginx2.bnsdq.ozxfs.laefh.kvugl,2.2277901682890118
1759266616,118658,1,N/A,N/A,N/A,N/A,N/A,N/A,N/A,N/A,1264619520,1264619520,17375232,N/A,135168,45826048,4,discern-proc-so,R (running),nginx2.bnsdq.ozxfs.laefh.kvugl,2.6207149367933056
1759266616,80899,1,N/A,N/A,N/A,N/A,N/A,N/A,N/A,N/A,1647706112,1580859392,20467712,N/A,135168,82464768,5,discern-interfa,S (sleeping),nginx2.bnsdq.ozxfs.laefh.kvugl,0.0010752672682679267
1759266621,340,1,103,103,103,103,109,109,109,109,250974208,250974208,236257280,N/A,135168,243245056,1,dbus-daemon,S (sleeping),nginx2.bnsdq.ozxfs.laefh.kvugl,0.3065736460163997
1759266621,183,1,N/A,N/A,N/A,N/A,N/A,N/A,N/A,N/A,158826496,133693440,69525504,4096,135168,28184576,1,systemd-journal,S (sleeping),nginx2.bnsdq.ozxfs.laefh.kvugl,0.28272607126370686
1759266621,3275,1,N/A,N/A,N/A,N/A,N/A,N/A,N/A,N/A,1931149312,1931149312,53477376,N/A,135168,187768832,14,discern-network,S (sleeping),nginx2.bnsdq.ozxfs.laefh.kvugl,2.227842729645705
1759266621,118658,1,N/A,N/A,N/A,N/A,N/A,N/A,N/A,N/A,1264619520,1264619520,17375232,N/A,135168,45826048,4,discern-proc-so,S (sleeping),nginx2.bnsdq.ozxfs.laefh.kvugl,2.6224557465147686
1759266621,80899,1,N/A,N/A,N/A,N/A,N/A,N/A,N/A,N/A,1647706112,1580859392,20467712,N/A,135168,82464768,5,discern-interfa,S (sleeping),nginx2.bnsdq.ozxfs.laefh.kvugl,0.0010737733677599658
1759266626,340,1,103,103,103,103,109,109,109,109,250974208,250974208,236257280,N/A,135168,243245056,1,dbus-daemon,S (sleeping),nginx2.bnsdq.ozxfs.laefh.kvugl,0.3065108838538816
1759266626,183,1,N/A,N/A,N/A,N/A,N/A,N/A,N/A,N/A,158826496,133693440,69656576,4096,135168,28184576,1,systemd-journal,S (sleeping),nginx2.bnsdq.ozxfs.laefh.kvugl,0.28278533103950454
1759266626,3275,1,N/A,N/A,N/A,N/A,N/A,N/A,N/A,N/A,1931149312,1931149312,53477376,N/A,135168,187768832,14,discern-network,S (sleeping),nginx2.bnsdq.ozxfs.laefh.kvugl,2.227679222327063
1759266626,118658,1,N/A,N/A,N/A,N/A,N/A,N/A,N/A,N/A,1264619520,1264619520,17375232,N/A,135168,45826048,4,discern-proc-so,R (running),nginx2.bnsdq.ozxfs.laefh.kvugl,2.620656958693048
1759266626,80899,1,N/A,N/A,N/A,N/A,N/A,N/A,N/A,N/A,1647706112,1580859392,20467712,N/A,135168,82464768,5,discern-interfa,S (sleeping),nginx2.bnsdq.ozxfs.laefh.kvugl,0.001072292267479125
1759266631,340,1,103,103,103,103,109,109,109,109,250974208,250974208,236257280,N/A,135168,243245056,1,dbus-daemon,S (sleeping),nginx2.bnsdq.ozxfs.laefh.kvugl,0.3067708043931609
1759266631,183,1,N/A,N/A,N/A,N/A,N/A,N/A,N/A,N/A,158826496,133693440,69906432,4096,135168,28184576,1,systemd-journal,S (sleeping),nginx2.bnsdq.ozxfs.laefh.kvugl,0.2829501175220267
1759266631,3275,1,N/A,N/A,N/A,N/A,N/A,N/A,N/A,N/A,1931149312,1931149312,53477376,N/A,135168,187768832,14,discern-network,S (sleeping),nginx2.bnsdq.ozxfs.laefh.kvugl,2.2276030997350276
1759266631,118658,1,N/A,N/A,N/A,N/A,N/A,N/A,N/A,N/A,1264619520,1264619520,17375232,N/A,135168,45826048,4,discern-proc-so,S (sleeping),nginx2.bnsdq.ozxfs.laefh.kvugl,2.6197686482182774
1759266631,80899,1,N/A,N/A,N/A,N/A,N/A,N/A,N/A,N/A,1647706112,1580859392,20467712,N/A,135168,82464768,5,discern-interfa,S (sleeping),nginx2.bnsdq.ozxfs.laefh.kvugl,0.0010707870080337645
1759266636,340,1,103,103,103,103,109,109,109,109,250974208,250974208,236257280,N/A,135168,243245056,1,dbus-daemon,S (sleeping),nginx2.bnsdq.ozxfs.laefh.kvugl,0.3067059532476394
1759266636,183,1,N/A,N/A,N/A,N/A,N/A,N/A,N/A,N/A,158826496,133693440,70017024,4096,135168,28184576,1,systemd-journal,S (sleeping),nginx2.bnsdq.ozxfs.laefh.kvugl,0.2831158517953632
1759266636,3275,1,N/A,N/A,N/A,N/A,N/A,N/A,N/A,N/A,1931149312,1931149312,53477376,N/A,135168,187768832,14,discern-network,S (sleeping),nginx2.bnsdq.ozxfs.laefh.kvugl,2.227759470598642
1759266636,118658,1,N/A,N/A,N/A,N/A,N/A,N/A,N/A,N/A,1264619520,1264619520,17375232,N/A,135168,45826048,4,discern-proc-so,S (sleeping),nginx2.bnsdq.ozxfs.laefh.kvugl,2.6178167112218294
1759266636,80899,1,N/A,N/A,N/A,N/A,N/A,N/A,N/A,N/A,1647706112,1580859392,20467712,N/A,135168,82464768,5,discern-interfa,S (sleeping),nginx2.bnsdq.ozxfs.laefh.kvugl,0.0010692965439101296
1759266641,340,1,103,103,103,103,109,109,109,109,250974208,250974208,236257280,N/A,135168,243245056,1,dbus-daemon,S (sleeping),nginx2.bnsdq.ozxfs.laefh.kvugl,0.3067514606264229
1759266641,183,1,N/A,N/A,N/A,N/A,N/A,N/A,N/A,N/A,158826496,133693440,70197248,4096,135168,28184576,1,systemd-journal,S (sleeping),nginx2.bnsdq.ozxfs.laefh.kvugl,0.28328303970376634
1759266641,3275,1,N/A,N/A,N/A,N/A,N/A,N/A,N/A,N/A,1931149312,1931149312,53477376,N/A,135168,187768832,14,discern-network,S (sleeping),nginx2.bnsdq.ozxfs.laefh.kvugl,2.2278174088414455
1759266641,118658,1,N/A,N/A,N/A,N/A,N/A,N/A,N/A,N/A,1264619520,1264619520,17375232,N/A,135168,45826048,4,discern-proc-so,R (running),nginx2.bnsdq.ozxfs.laefh.kvugl,2.617236275446542
1759266641,80899,1,N/A,N/A,N/A,N/A,N/A,N/A,N/A,N/A,1647706112,1580859392,20467712,N/A,135168,82464768,5,discern-interfa,S (sleeping),nginx2.bnsdq.ozxfs.laefh.kvugl,0.0010678254376954644
1759266647,340,1,103,103,103,103,109,109,109,109,250974208,250974208,236257280,N/A,135168,243245056,1,dbus-daemon,S (sleeping),nginx2.bnsdq.ozxfs.laefh.kvugl,0.30679377196701796
1759266647,129729,1,N/A,N/A,N/A,N/A,N/A,N/A,N/A,N/A,1400188928,1400188928,136515584,N/A,135168,198205440,4,discern-file-so,S (sleeping),nginx2.bnsdq.ozxfs.laefh.kvugl,47.82626860742061
1759266647,183,1,N/A,N/A,N/A,N/A,N/A,N/A,N/A,N/A,158826496,133693440,70307840,4096,135168,28184576,1,systemd-journal,S (sleeping),nginx2.bnsdq.ozxfs.laefh.kvugl,0.28333869952082097
1759266647,3275,1,N/A,N/A,N/A,N/A,N/A,N/A,N/A,N/A,1931149312,1931149312,53477376,N/A,135168,187768832,14,discern-network,S (sleeping),nginx2.bnsdq.ozxfs.laefh.kvugl,2.227740131624015
1759266647,118658,1,N/A,N/A,N/A,N/A,N/A,N/A,N/A,N/A,1264619520,1264619520,17375232,N/A,135168,45826048,4,discern-proc-so,S (sleeping),nginx2.bnsdq.ozxfs.laefh.kvugl,2.6163706250647945
1759266652,340,1,103,103,103,103,109,109,109,109,250974208,250974208,236257280,N/A,135168,243245056,1,dbus-daemon,S (sleeping),nginx2.bnsdq.ozxfs.laefh.kvugl,0.306619172238388
1759266652,129729,1,N/A,N/A,N/A,N/A,N/A,N/A,N/A,N/A,1400188928,1400188928,149921792,N/A,135168,198205440,4,discern-file-so,S (sleeping),nginx2.bnsdq.ozxfs.laefh.kvugl,62.402035262832776
1759266652,3275,1,N/A,N/A,N/A,N/A,N/A,N/A,N/A,N/A,1931149312,1931149312,53477376,N/A,135168,187768832,14,discern-network,S (sleeping),nginx2.bnsdq.ozxfs.laefh.kvugl,2.22710537488381
1759266652,183,1,N/A,N/A,N/A,N/A,N/A,N/A,N/A,N/A,158826496,133693440,70307840,4096,135168,28184576,1,systemd-journal,S (sleeping),nginx2.bnsdq.ozxfs.laefh.kvugl,0.28350256834199583
1759266652,80899,1,N/A,N/A,N/A,N/A,N/A,N/A,N/A,N/A,1647706112,1580859392,20467712,N/A,135168,82464768,5,discern-interfa,S (sleeping),nginx2.bnsdq.ozxfs.laefh.kvugl,0.0010648408340284575
1759266657,340,1,103,103,103,103,109,109,109,109,250974208,250974208,236257280,N/A,135168,243245056,1,dbus-daemon,S (sleeping),nginx2.bnsdq.ozxfs.laefh.kvugl,0.30655008971035264
1759266657,129729,1,N/A,N/A,N/A,N/A,N/A,N/A,N/A,N/A,1534545920,1534545920,236056576,N/A,135168,286425088,4,discern-file-so,S (sleeping),nginx2.bnsdq.ozxfs.laefh.kvugl,61.65155335150482
1759266657,3275,1,N/A,N/A,N/A,N/A,N/A,N/A,N/A,N/A,1931149312,1931149312,53477376,N/A,135168,187768832,14,discern-network,S (sleeping),nginx2.bnsdq.ozxfs.laefh.kvugl,2.2266712352008606
1759266657,183,1,N/A,N/A,N/A,N/A,N/A,N/A,N/A,N/A,158826496,133693440,70307840,4096,135168,28184576,1,systemd-journal,S (sleeping),nginx2.bnsdq.ozxfs.laefh.kvugl,0.28366342774153763
1759266657,80899,1,N/A,N/A,N/A,N/A,N/A,N/A,N/A,N/A,1647706112,1580859392,20467712,N/A,135168,82464768,5,discern-interfa,S (sleeping),nginx2.bnsdq.ozxfs.laefh.kvugl,0.0010633282294052495
1759266672,340,1,103,103,103,103,109,109,109,109,250974208,250974208,236257280,N/A,135168,243245056,1,dbus-daemon,S (sleeping),nginx2.bnsdq.ozxfs.laefh.kvugl,0.3067174763492065
1759266672,3275,1,N/A,N/A,N/A,N/A,N/A,N/A,N/A,N/A,1931149312,1931149312,53477376,N/A,135168,187768832,14,discern-network,S (sleeping),nginx2.bnsdq.ozxfs.laefh.kvugl,2.225966763307712
1759266672,183,1,N/A,N/A,N/A,N/A,N/A,N/A,N/A,N/A,158826496,133693440,70307840,4096,135168,28184576,1,systemd-journal,S (sleeping),nginx2.bnsdq.ozxfs.laefh.kvugl,0.2842993750369135
1759266672,130110,1,N/A,N/A,N/A,N/A,N/A,N/A,N/A,N/A,1264357376,1264357376,16850944,N/A,135168,45563904,4,discern-proc-so,S (sleeping),nginx2.bnsdq.ozxfs.laefh.kvugl,9.270356748960237
1759266672,80899,1,N/A,N/A,N/A,N/A,N/A,N/A,N/A,N/A,1647706112,1580859392,20467712,N/A,135168,82464768,5,discern-interfa,S (sleeping),nginx2.bnsdq.ozxfs.laefh.kvugl,0.0010592394082267385
1759266677,340,1,103,103,103,103,109,109,109,109,250974208,250974208,236257280,N/A,135168,243245056,1,dbus-daemon,S (sleeping),nginx2.bnsdq.ozxfs.laefh.kvugl,0.3067625248634445
1759266677,3275,1,N/A,N/A,N/A,N/A,N/A,N/A,N/A,N/A,1931149312,1931149312,53477376,N/A,135168,187768832,14,discern-network,S (sleeping),nginx2.bnsdq.ozxfs.laefh.kvugl,2.22580117973281
1759266677,183,1,N/A,N/A,N/A,N/A,N/A,N/A,N/A,N/A,158826496,133693440,70307840,4096,135168,28184576,1,systemd-journal,S (sleeping),nginx2.bnsdq.ozxfs.laefh.kvugl,0.2843569258365441
1759266677,130110,1,N/A,N/A,N/A,N/A,N/A,N/A,N/A,N/A,1264619520,1264619520,16969728,N/A,135168,45826048,4,discern-proc-so,R (running),nginx2.bnsdq.ozxfs.laefh.kvugl,4.027080235486051
1759266677,80899,1,N/A,N/A,N/A,N/A,N/A,N/A,N/A,N/A,1647706112,1580859392,20467712,N/A,135168,82464768,5,discern-interfa,S (sleeping),nginx2.bnsdq.ozxfs.laefh.kvugl,0.0010577935010149708
1759266682,340,1,103,103,103,103,109,109,109,109,250974208,250974208,236257280,N/A,135168,243245056,1,dbus-daemon,S (sleeping),nginx2.bnsdq.ozxfs.laefh.kvugl,0.30669923949778066
1759266682,3275,1,N/A,N/A,N/A,N/A,N/A,N/A,N/A,N/A,1931149312,1931149312,53477376,N/A,135168,187768832,14,discern-network,S (sleeping),nginx2.bnsdq.ozxfs.laefh.kvugl,2.2257449557644926
1759266682,183,1,N/A,N/A,N/A,N/A,N/A,N/A,N/A,N/A,158826496,133693440,70307840,4096,135168,28184576,1,systemd-journal,S (sleeping),nginx2.bnsdq.ozxfs.laefh.kvugl,0.28441417614720044
1759266682,130110,1,N/A,N/A,N/A,N/A,N/A,N/A,N/A,N/A,1264619520,1264619520,17022976,N/A,135168,45826048,4,discern-proc-so,R (running),nginx2.bnsdq.ozxfs.laefh.kvugl,3.4406093098407045
1759266682,80899,1,N/A,N/A,N/A,N/A,N/A,N/A,N/A,N/A,1647706112,1580859392,20467712,N/A,135168,82464768,5,discern-interfa,S (sleeping),nginx2.bnsdq.ozxfs.laefh.kvugl,0.001056349388383087
1759266687,340,1,103,103,103,103,109,109,109,109,250974208,250974208,236257280,N/A,135168,243245056,1,dbus-daemon,S (sleeping),nginx2.bnsdq.ozxfs.laefh.kvugl,0.3067438679462259
1759266687,3275,1,N/A,N/A,N/A,N/A,N/A,N/A,N/A,N/A,1931149312,1931149312,53477376,N/A,135168,187768832,14,discern-network,S (sleeping),nginx2.bnsdq.ozxfs.laefh.kvugl,2.2256878470071904
1759266687,183,1,N/A,N/A,N/A,N/A,N/A,N/A,N/A,N/A,158826496,142045184,70307840,4096,135168,28184576,1,systemd-journal,S (sleeping),nginx2.bnsdq.ozxfs.laefh.kvugl,0.2844712479013225
1759266687,130110,1,N/A,N/A,N/A,N/A,N/A,N/A,N/A,N/A,1264619520,1264619520,17022976,N/A,135168,45826048,4,discern-proc-so,S (sleeping),nginx2.bnsdq.ozxfs.laefh.kvugl,3.27397957937575
1759266687,80899,1,N/A,N/A,N/A,N/A,N/A,N/A,N/A,N/A,1647706112,1580859392,20467712,N/A,135168,82464768,5,discern-interfa,S (sleeping),nginx2.bnsdq.ozxfs.laefh.kvugl,0.0010549081757005932
1759266692,340,1,103,103,103,103,109,109,109,109,250974208,250974208,236257280,N/A,135168,243245056,1,dbus-daemon,S (sleeping),nginx2.bnsdq.ozxfs.laefh.kvugl,0.3068967815044204
1759266692,3275,1,N/A,N/A,N/A,N/A,N/A,N/A,N/A,N/A,1931149312,1931149312,53477376,N/A,135168,187768832,14,discern-network,S (sleeping),nginx2.bnsdq.ozxfs.laefh.kvugl,2.2256339701322134
1759266692,183,1,N/A,N/A,N/A,N/A,N/A,N/A,N/A,N/A,158826496,142045184,70307840,4096,135168,28184576,1,systemd-journal,S (sleeping),nginx2.bnsdq.ozxfs.laefh.kvugl,0.28485234366874623
1759266692,130110,1,N/A,N/A,N/A,N/A,N/A,N/A,N/A,N/A,1264619520,1264619520,17113088,N/A,135168,45826048,4,discern-proc-so,R (running),nginx2.bnsdq.ozxfs.laefh.kvugl,3.0965882385241805
1759266692,80899,1,N/A,N/A,N/A,N/A,N/A,N/A,N/A,N/A,1647706112,1580859392,20467712,N/A,135168,82464768,5,discern-interfa,S (sleeping),nginx2.bnsdq.ozxfs.laefh.kvugl,0.001053474427254438
1759266698,340,1,103,103,103,103,109,109,109,109,250974208,250974208,236257280,N/A,135168,243245056,1,dbus-daemon,S (sleeping),nginx2.bnsdq.ozxfs.laefh.kvugl,0.3068340642094001
1759266698,183,1,N/A,N/A,N/A,N/A,N/A,N/A,N/A,N/A,158826496,142045184,70307840,4096,135168,28184576,1,systemd-journal,S (sleeping),nginx2.bnsdq.ozxfs.laefh.kvugl,0.28490972536852893
1759266698,3275,1,N/A,N/A,N/A,N/A,N/A,N/A,N/A,N/A,1931149312,1931149312,53477376,N/A,135168,187768832,14,discern-network,S (sleeping),nginx2.bnsdq.ozxfs.laefh.kvugl,2.2256927801591515
1759266698,130110,1,N/A,N/A,N/A,N/A,N/A,N/A,N/A,N/A,1264619520,1264619520,17125376,N/A,135168,45826048,4,discern-proc-so,R (running),nginx2.bnsdq.ozxfs.laefh.kvugl,2.987504561565852
1759266698,80899,1,N/A,N/A,N/A,N/A,N/A,N/A,N/A,N/A,1647706112,1580859392,20467712,N/A,135168,82464768,5,discern-interfa,S (sleeping),nginx2.bnsdq.ozxfs.laefh.kvugl,0.0010520465771765577
1759266703,340,1,103,103,103,103,109,109,109,109,250974208,250974208,236257280,N/A,135168,243245056,1,dbus-daemon,S (sleeping),nginx2.bnsdq.ozxfs.laefh.kvugl,0.3068790484787013
1759266703,183,1,N/A,N/A,N/A,N/A,N/A,N/A,N/A,N/A,158826496,142045184,70307840,4096,135168,28184576,1,systemd-journal,S (sleeping),nginx2.bnsdq.ozxfs.laefh.kvugl,0.2850746720449298
1759266703,3275,1,N/A,N/A,N/A,N/A,N/A,N/A,N/A,N/A,1931149312,1931149312,53477376,N/A,135168,187768832,14,discern-network,S (sleeping),nginx2.bnsdq.ozxfs.laefh.kvugl,2.2256395709367918
1759266703,130110,1,N/A,N/A,N/A,N/A,N/A,N/A,N/A,N/A,1264619520,1264619520,17125376,N/A,135168,45826048,4,discern-proc-so,S (sleeping),nginx2.bnsdq.ozxfs.laefh.kvugl,2.9438141127217547
1759266703,80899,1,N/A,N/A,N/A,N/A,N/A,N/A,N/A,N/A,1647706112,1580859392,20467712,N/A,135168,82464768,5,discern-interfa,S (sleeping),nginx2.bnsdq.ozxfs.laefh.kvugl,0.0010506212019182962
1759266708,340,1,103,103,103,103,109,109,109,109,250974208,250974208,236257280,N/A,135168,243245056,1,dbus-daemon,S (sleeping),nginx2.bnsdq.ozxfs.laefh.kvugl,0.30681556398883714
1759266708,183,1,N/A,N/A,N/A,N/A,N/A,N/A,N/A,N/A,158826496,142045184,70307840,4096,135168,28184576,1,systemd-journal,S (sleeping),nginx2.bnsdq.ozxfs.laefh.kvugl,0.28513107477322325
1759266708,3275,1,N/A,N/A,N/A,N/A,N/A,N/A,N/A,N/A,1931149312,1931149312,53477376,N/A,135168,187768832,14,discern-network,S (sleeping),nginx2.bnsdq.ozxfs.laefh.kvugl,2.2256920027437674
1759266708,130110,1,N/A,N/A,N/A,N/A,N/A,N/A,N/A,N/A,1264619520,1264619520,17125376,N/A,135168,45826048,4,discern-proc-so,S (sleeping),nginx2.bnsdq.ozxfs.laefh.kvugl,2.937253388337358
1759266708,80899,1,N/A,N/A,N/A,N/A,N/A,N/A,N/A,N/A,1647706112,1580859392,20467712,N/A,135168,82464768,5,discern-interfa,S (sleeping),nginx2.bnsdq.ozxfs.laefh.kvugl,0.001049194072302118
1759266713,340,1,103,103,103,103,109,109,109,109,250974208,250974208,236257280,N/A,135168,243245056,1,dbus-daemon,S (sleeping),nginx2.bnsdq.ozxfs.laefh.kvugl,0.3068603197468225
1759266713,183,1,N/A,N/A,N/A,N/A,N/A,N/A,N/A,N/A,158826496,142045184,70307840,4096,135168,28184576,1,systemd-journal,S (sleeping),nginx2.bnsdq.ozxfs.laefh.kvugl,0.2851878825885364
1759266713,3275,1,N/A,N/A,N/A,N/A,N/A,N/A,N/A,N/A,1931149312,1931149312,53477376,N/A,135168,187768832,14,discern-network,S (sleeping),nginx2.bnsdq.ozxfs.laefh.kvugl,2.225637463321393
1759266713,130110,1,N/A,N/A,N/A,N/A,N/A,N/A,N/A,N/A,1264619520,1264619520,17125376,N/A,135168,45826048,4,discern-proc-so,R (running),nginx2.bnsdq.ozxfs.laefh.kvugl,2.886400001194585
1759266713,80899,1,N/A,N/A,N/A,N/A,N/A,N/A,N/A,N/A,1647706112,1580859392,20467712,N/A,135168,82464768,5,discern-interfa,S (sleeping),nginx2.bnsdq.ozxfs.laefh.kvugl,0.0010477749270177068
1759266718,340,1,103,103,103,103,109,109,109,109,250974208,250974208,236257280,N/A,135168,243245056,1,dbus-daemon,S (sleeping),nginx2.bnsdq.ozxfs.laefh.kvugl,0.30690512739991344
1759266718,183,1,N/A,N/A,N/A,N/A,N/A,N/A,N/A,N/A,158826496,142045184,70307840,4096,135168,28184576,1,systemd-journal,S (sleeping),nginx2.bnsdq.ozxfs.laefh.kvugl,0.2854599172618089
1759266718,3275,1,N/A,N/A,N/A,N/A,N/A,N/A,N/A,N/A,1931149312,1931149312,53477376,N/A,135168,187768832,14,discern-network,S (sleeping),nginx2.bnsdq.ozxfs.laefh.kvugl,2.225694319479608
1759266718,130110,1,N/A,N/A,N/A,N/A,N/A,N/A,N/A,N/A,1264619520,1264619520,17125376,N/A,135168,45826048,4,discern-proc-so,R (running),nginx2.bnsdq.ozxfs.laefh.kvugl,2.8467114872385513
1759266718,80899,1,N/A,N/A,N/A,N/A,N/A,N/A,N/A,N/A,1647706112,1580859392,20467712,N/A,135168,82464768,5,discern-interfa,S (sleeping),nginx2.bnsdq.ozxfs.laefh.kvugl,0.0010463604100874955
1759266723,340,1,103,103,103,103,109,109,109,109,250974208,250974208,236257280,N/A,135168,243245056,1,dbus-daemon,S (sleeping),nginx2.bnsdq.ozxfs.laefh.kvugl,0.3069488238422692
1759266723,183,1,N/A,N/A,N/A,N/A,N/A,N/A,N/A,N/A,158826496,142045184,70307840,4096,135168,28184576,1,systemd-journal,S (sleeping),nginx2.bnsdq.ozxfs.laefh.kvugl,0.2855155851317356
1759266723,3275,1,N/A,N/A,N/A,N/A,N/A,N/A,N/A,N/A,1931149312,1931149312,53477376,N/A,135168,187768832,14,discern-network,S (sleeping),nginx2.bnsdq.ozxfs.laefh.kvugl,2.2256326835418845
1759266723,130110,1,N/A,N/A,N/A,N/A,N/A,N/A,N/A,N/A,1264619520,1264619520,17125376,N/A,135168,45826048,4,discern-proc-so,S (sleeping),nginx2.bnsdq.ozxfs.laefh.kvugl,2.813062701333458
1759266723,80899,1,N/A,N/A,N/A,N/A,N/A,N/A,N/A,N/A,1647706112,1580859392,20467712,N/A,135168,82464768,5,discern-interfa,S (sleeping),nginx2.bnsdq.ozxfs.laefh.kvugl,0.0010449410124130072
1759266729,340,1,103,103,103,103,109,109,109,109,250974208,250974208,236257280,N/A,135168,243245056,1,dbus-daemon,S (sleeping),nginx2.bnsdq.ozxfs.laefh.kvugl,0.3069937040582248
1759266729,183,1,N/A,N/A,N/A,N/A,N/A,N/A,N/A,N/A,158826496,142045184,70307840,4096,135168,28184576,1,systemd-journal,S (sleeping),nginx2.bnsdq.ozxfs.laefh.kvugl,0.2855723362378281
1759266729,3275,1,N/A,N/A,N/A,N/A,N/A,N/A,N/A,N/A,1931149312,1931149312,53477376,N/A,135168,187768832,14,discern-network,S (sleeping),nginx2.bnsdq.ozxfs.laefh.kvugl,2.2256907600889195
1759266729,130110,1,N/A,N/A,N/A,N/A,N/A,N/A,N/A,N/A,1264619520,1264619520,17178624,N/A,135168,45826048,4,discern-proc-so,S (sleeping),nginx2.bnsdq.ozxfs.laefh.kvugl,2.8044084203517343
1759266729,80899,1,N/A,N/A,N/A,N/A,N/A,N/A,N/A,N/A,1647706112,1580859392,20467712,N/A,135168,82464768,5,discern-interfa,S (sleeping),nginx2.bnsdq.ozxfs.laefh.kvugl,0.0010435355521798847
1759266734,340,1,103,103,103,103,109,109,109,109,250974208,250974208,236257280,N/A,135168,243245056,1,dbus-daemon,S (sleeping),nginx2.bnsdq.ozxfs.laefh.kvugl,0.30693042151441385
1759266734,183,1,N/A,N/A,N/A,N/A,N/A,N/A,N/A,N/A,158826496,142045184,70307840,4096,135168,28184576,1,systemd-journal,S (sleeping),nginx2.bnsdq.ozxfs.laefh.kvugl,0.2857358105901654
1759266734,3275,1,N/A,N/A,N/A,N/A,N/A,N/A,N/A,N/A,1931149312,1931149312,53477376,N/A,135168,187768832,14,discern-network,S (sleeping),nginx2.bnsdq.ozxfs.laefh.kvugl,2.225743708553859
1759266734,130110,1,N/A,N/A,N/A,N/A,N/A,N/A,N/A,N/A,1264619520,1264619520,17178624,N/A,135168,45826048,4,discern-proc-so,R (running),nginx2.bnsdq.ozxfs.laefh.kvugl,2.812051040189215
1759266734,80899,1,N/A,N/A,N/A,N/A,N/A,N/A,N/A,N/A,1647706112,1580859392,20467712,N/A,135168,82464768,5,discern-interfa,S (sleeping),nginx2.bnsdq.ozxfs.laefh.kvugl,0.0010421282729650872
1759266739,340,1,103,103,103,103,109,109,109,109,250974208,250974208,236257280,N/A,135168,243245056,1,dbus-daemon,S (sleeping),nginx2.bnsdq.ozxfs.laefh.kvugl,0.30697491429518997
1759266739,3275,1,N/A,N/A,N/A,N/A,N/A,N/A,N/A,N/A,1931149312,1931149312,53477376,N/A,135168,187768832,14,discern-network,S (sleeping),nginx2.bnsdq.ozxfs.laefh.kvugl,2.2257990898259497
1759266739,183,1,N/A,N/A,N/A,N/A,N/A,N/A,N/A,N/A,158826496,142045184,70307840,4096,135168,28184576,1,systemd-journal,S (sleeping),nginx2.bnsdq.ozxfs.laefh.kvugl,0.28568468838772354
1759266739,130110,1,N/A,N/A,N/A,N/A,N/A,N/A,N/A,N/A,1264619520,1264619520,17178624,N/A,135168,45826048,4,discern-proc-so,S (sleeping),nginx2.bnsdq.ozxfs.laefh.kvugl,2.804347790945926
1759266739,80899,1,N/A,N/A,N/A,N/A,N/A,N/A,N/A,N/A,1647706112,1580859392,20467712,N/A,135168,82464768,5,discern-interfa,S (sleeping),nginx2.bnsdq.ozxfs.laefh.kvugl,0.0010407275038637068
1759266744,340,1,103,103,103,103,109,109,109,109,250974208,250974208,236257280,N/A,135168,243245056,1,dbus-daemon,S (sleeping),nginx2.bnsdq.ozxfs.laefh.kvugl,0.3070176086897193
1759266744,183,1,N/A,N/A,N/A,N/A,N/A,N/A,N/A,N/A,158826496,142045184,70307840,4096,135168,28184576,1,systemd-journal,S (sleeping),nginx2.bnsdq.ozxfs.laefh.kvugl,0.28584659521431327
1759266744,3275,1,N/A,N/A,N/A,N/A,N/A,N/A,N/A,N/A,1931149312,1931149312,53477376,N/A,135168,187768832,14,discern-network,S (sleeping),nginx2.bnsdq.ozxfs.laefh.kvugl,2.225620602393388
1759266744,130110,1,N/A,N/A,N/A,N/A,N/A,N/A,N/A,N/A,1264619520,1264619520,17178624,N/A,135168,45826048,4,discern-proc-so,R (running),nginx2.bnsdq.ozxfs.laefh.kvugl,2.7685484113048826
1759266744,80899,1,N/A,N/A,N/A,N/A,N/A,N/A,N/A,N/A,1647706112,1580859392,20467712,N/A,135168,82464768,5,discern-interfa,S (sleeping),nginx2.bnsdq.ozxfs.laefh.kvugl,0.0010393159634202408
1759266759,340,1,103,103,103,103,109,109,109,109,250974208,250974208,236257280,N/A,135168,243245056,1,dbus-daemon,S (sleeping),nginx2.bnsdq.ozxfs.laefh.kvugl,0.3071799744301324
1759266759,183,1,N/A,N/A,N/A,N/A,N/A,N/A,N/A,N/A,158826496,142045184,70307840,4096,135168,28184576,1,systemd-journal,S (sleeping),nginx2.bnsdq.ozxfs.laefh.kvugl,0.2862563484394207
1759266759,3275,1,N/A,N/A,N/A,N/A,N/A,N/A,N/A,N/A,1931149312,1931149312,53477376,N/A,135168,187768832,14,discern-network,S (sleeping),nginx2.bnsdq.ozxfs.laefh.kvugl,2.225454533055576
1759266759,131265,1,N/A,N/A,N/A,N/A,N/A,N/A,N/A,N/A,1264619520,1264619520,16965632,N/A,135168,45826048,4,discern-proc-so,R (running),nginx2.bnsdq.ozxfs.laefh.kvugl,10.069760676080138
1759266759,80899,1,N/A,N/A,N/A,N/A,N/A,N/A,N/A,N/A,1647706112,1580859392,20467712,N/A,135168,82464768,5,discern-interfa,S (sleeping),nginx2.bnsdq.ozxfs.laefh.kvugl,0.0010353866454204765
1759266764,340,1,103,103,103,103,109,109,109,109,250974208,250974208,236257280,N/A,135168,243245056,1,dbus-daemon,S (sleeping),nginx2.bnsdq.ozxfs.laefh.kvugl,0.30711739071472444
1759266764,183,1,N/A,N/A,N/A,N/A,N/A,N/A,N/A,N/A,158826496,142045184,70307840,4096,135168,28184576,1,systemd-journal,S (sleeping),nginx2.bnsdq.ozxfs.laefh.kvugl,0.28631239972757344
1759266764,3275,1,N/A,N/A,N/A,N/A,N/A,N/A,N/A,N/A,1931149312,1931149312,53477376,N/A,135168,187768832,14,discern-network,S (sleeping),nginx2.bnsdq.ozxfs.laefh.kvugl,2.225401827307394
1759266764,131265,1,N/A,N/A,N/A,N/A,N/A,N/A,N/A,N/A,1264619520,1264619520,17231872,N/A,135168,45826048,4,discern-proc-so,S (sleeping),nginx2.bnsdq.ozxfs.laefh.kvugl,4.031629352301875
1759266764,80899,1,N/A,N/A,N/A,N/A,N/A,N/A,N/A,N/A,1647706112,1580859392,20467712,N/A,135168,82464768,5,discern-interfa,S (sleeping),nginx2.bnsdq.ozxfs.laefh.kvugl,0.0010340061061932142
1759266769,340,1,103,103,103,103,109,109,109,109,250974208,250974208,236257280,N/A,135168,243245056,1,dbus-daemon,S (sleeping),nginx2.bnsdq.ozxfs.laefh.kvugl,0.3071613301754645
1759266769,183,1,N/A,N/A,N/A,N/A,N/A,N/A,N/A,N/A,158826496,142045184,70307840,4096,135168,28184576,1,systemd-journal,S (sleeping),nginx2.bnsdq.ozxfs.laefh.kvugl,0.28647487016307505
1759266769,3275,1,N/A,N/A,N/A,N/A,N/A,N/A,N/A,N/A,1931149312,1931149312,53477376,N/A,135168,187768832,14,discern-network,S (sleeping),nginx2.bnsdq.ozxfs.laefh.kvugl,2.225454921186735
1759266769,131265,1,N/A,N/A,N/A,N/A,N/A,N/A,N/A,N/A,1264619520,1264619520,17268736,N/A,135168,45826048,4,discern-proc-so,S (sleeping),nginx2.bnsdq.ozxfs.laefh.kvugl,3.5270590051307473
1759266769,80899,1,N/A,N/A,N/A,N/A,N/A,N/A,N/A,N/A,1647706112,1580859392,20467712,N/A,135168,82464768,5,discern-interfa,S (sleeping),nginx2.bnsdq.ozxfs.laefh.kvugl,0.001032624606455001
1759266774,340,1,103,103,103,103,109,109,109,109,250974208,250974208,236257280,N/A,135168,243245056,1,dbus-daemon,S (sleeping),nginx2.bnsdq.ozxfs.laefh.kvugl,0.30709871823106116
1759266774,3275,1,N/A,N/A,N/A,N/A,N/A,N/A,N/A,N/A,1931149312,1931149312,53477376,N/A,135168,187768832,14,discern-network,S (sleeping),nginx2.bnsdq.ozxfs.laefh.kvugl,2.225511426310001
1759266774,183,1,N/A,N/A,N/A,N/A,N/A,N/A,N/A,N/A,158826496,142045184,70307840,4096,135168,28184576,1,systemd-journal,S (sleeping),nginx2.bnsdq.ozxfs.laefh.kvugl,0.2865306312731524
1759266774,131265,1,N/A,N/A,N/A,N/A,N/A,N/A,N/A,N/A,1264619520,1264619520,17268736,N/A,135168,45826048,4,discern-proc-so,R (running),nginx2.bnsdq.ozxfs.laefh.kvugl,3.216998863148644
1759266774,80899,1,N/A,N/A,N/A,N/A,N/A,N/A,N/A,N/A,1647706112,1580859392,20467712,N/A,135168,82464768,5,discern-interfa,S (sleeping),nginx2.bnsdq.ozxfs.laefh.kvugl,0.0010312505155824368
1759266779,340,1,103,103,103,103,109,109,109,109,250974208,250974208,236257280,N/A,135168,243245056,1,dbus-daemon,S (sleeping),nginx2.bnsdq.ozxfs.laefh.kvugl,0.30735661821435717
1759266779,3275,1,N/A,N/A,N/A,N/A,N/A,N/A,N/A,N/A,1931149312,1931149312,53477376,N/A,135168,187768832,14,discern-network,S (sleeping),nginx2.bnsdq.ozxfs.laefh.kvugl,2.225565772616742
1759266779,183,1,N/A,N/A,N/A,N/A,N/A,N/A,N/A,N/A,158826496,142045184,70307840,4096,135168,28184576,1,systemd-journal,S (sleeping),nginx2.bnsdq.ozxfs.laefh.kvugl,0.2869067661595874
1759266779,131265,1,N/A,N/A,N/A,N/A,N/A,N/A,N/A,N/A,1264619520,1264619520,17268736,N/A,135168,45826048,4,discern-proc-so,S (sleeping),nginx2.bnsdq.ozxfs.laefh.kvugl,3.097169165811576
1759266779,80899,1,N/A,N/A,N/A,N/A,N/A,N/A,N/A,N/A,1647706112,1580859392,20467712,N/A,135168,82464768,5,discern-interfa,S (sleeping),nginx2.bnsdq.ozxfs.laefh.kvugl,0.001029877870526379
1759266785,340,1,103,103,103,103,109,109,109,109,250974208,250974208,236257280,N/A,135168,243245056,1,dbus-daemon,S (sleeping),nginx2.bnsdq.ozxfs.laefh.kvugl,0.3071865248176657
1759266785,3275,1,N/A,N/A,N/A,N/A,N/A,N/A,N/A,N/A,1931149312,1931149312,53477376,N/A,135168,187768832,14,discern-network,S (sleeping),nginx2.bnsdq.ozxfs.laefh.kvugl,2.22583731333441
1759266785,183,1,N/A,N/A,N/A,N/A,N/A,N/A,N/A,N/A,158826496,142045184,70307840,4096,135168,28184576,1,systemd-journal,S (sleeping),nginx2.bnsdq.ozxfs.laefh.kvugl,0.28685484626244806
1759266785,131265,1,N/A,N/A,N/A,N/A,N/A,N/A,N/A,N/A,1264619520,1264619520,17285120,N/A,135168,45826048,4,discern-proc-so,S (sleeping),nginx2.bnsdq.ozxfs.laefh.kvugl,2.98509666388663
1759266785,80899,1,N/A,N/A,N/A,N/A,N/A,N/A,N/A,N/A,1647706112,1580859392,20467712,N/A,135168,82464768,5,discern-interfa,S (sleeping),nginx2.bnsdq.ozxfs.laefh.kvugl,0.0010285063645394412
1759266790,340,1,103,103,103,103,109,109,109,109,250974208,250974208,236257280,N/A,135168,243245056,1,dbus-daemon,S (sleeping),nginx2.bnsdq.ozxfs.laefh.kvugl,0.3073376646899079
1759266790,3275,1,N/A,N/A,N/A,N/A,N/A,N/A,N/A,N/A,1931149312,1931149312,53477376,N/A,135168,187768832,14,discern-network,S (sleeping),nginx2.bnsdq.ozxfs.laefh.kvugl,2.2257843669236124
1759266790,183,1,N/A,N/A,N/A,N/A,N/A,N/A,N/A,N/A,158826496,142045184,70307840,4096,135168,28184576,1,systemd-journal,S (sleeping),nginx2.bnsdq.ozxfs.laefh.kvugl,0.28701716816944395
1759266790,131265,1,N/A,N/A,N/A,N/A,N/A,N/A,N/A,N/A,1264619520,1264619520,17285120,N/A,135168,45826048,4,discern-proc-so,R (running),nginx2.bnsdq.ozxfs.laefh.kvugl,2.941765011298783
1759266790,80899,1,N/A,N/A,N/A,N/A,N/A,N/A,N/A,N/A,1647706112,1580859392,20467712,N/A,135168,82464768,5,discern-interfa,S (sleeping),nginx2.bnsdq.ozxfs.laefh.kvugl,0.0010271438934808508
1759266795,340,1,103,103,103,103,109,109,109,109,250974208,250974208,236257280,N/A,135168,243245056,1,dbus-daemon,S (sleeping),nginx2.bnsdq.ozxfs.laefh.kvugl,0.3072746601917394
1759266795,3275,1,N/A,N/A,N/A,N/A,N/A,N/A,N/A,N/A,1931149312,1931149312,53477376,N/A,135168,187768832,14,discern-network,S (sleeping),nginx2.bnsdq.ozxfs.laefh.kvugl,2.2256179528435482
1759266795,183,1,N/A,N/A,N/A,N/A,N/A,N/A,N/A,N/A,158826496,142045184,70307840,4096,135168,28184576,1,systemd-journal,S (sleeping),nginx2.bnsdq.ozxfs.laefh.kvugl,0.28717882929413846
1759266795,131265,1,N/A,N/A,N/A,N/A,N/A,N/A,N/A,N/A,1264619520,1264619520,17285120,N/A,135168,45826048,4,discern-proc-so,R (running),nginx2.bnsdq.ozxfs.laefh.kvugl,2.909149556381336
1759266795,80899,1,N/A,N/A,N/A,N/A,N/A,N/A,N/A,N/A,1647706112,1580859392,20467712,N/A,135168,82464768,5,discern-interfa,S (sleeping),nginx2.bnsdq.ozxfs.laefh.kvugl,0.0010257809282682004
1759266800,340,1,103,103,103,103,109,109,109,109,250974208,250974208,236257280,N/A,135168,243245056,1,dbus-daemon,S (sleeping),nginx2.bnsdq.ozxfs.laefh.kvugl,0.30721212393883424
1759266800,183,1,N/A,N/A,N/A,N/A,N/A,N/A,N/A,N/A,158826496,142045184,70307840,4096,135168,28184576,1,systemd-journal,S (sleeping),nginx2.bnsdq.ozxfs.laefh.kvugl,0.2872340270916525
1759266800,3275,1,N/A,N/A,N/A,N/A,N/A,N/A,N/A,N/A,1931149312,1931149312,53477376,N/A,135168,187768832,14,discern-network,S (sleeping),nginx2.bnsdq.ozxfs.laefh.kvugl,2.225673895921428
1759266800,131265,1,N/A,N/A,N/A,N/A,N/A,N/A,N/A,N/A,1264619520,1264619520,17285120,N/A,135168,45826048,4,discern-proc-so,S (sleeping),nginx2.bnsdq.ozxfs.laefh.kvugl,2.8852446628368793
1759266800,80899,1,N/A,N/A,N/A,N/A,N/A,N/A,N/A,N/A,1647706112,1580859392,20467712,N/A,135168,82464768,5,discern-interfa,S (sleeping),nginx2.bnsdq.ozxfs.laefh.kvugl,0.0010244246362544707
1759266805,340,1,103,103,103,103,109,109,109,109,250974208,250974208,236257280,N/A,135168,243245056,1,dbus-daemon,S (sleeping),nginx2.bnsdq.ozxfs.laefh.kvugl,0.30736299569290126
1759266805,183,1,N/A,N/A,N/A,N/A,N/A,N/A,N/A,N/A,158826496,142045184,70307840,4096,135168,28184576,1,systemd-journal,S (sleeping),nginx2.bnsdq.ozxfs.laefh.kvugl,0.2875024706322166
1759266805,3275,1,N/A,N/A,N/A,N/A,N/A,N/A,N/A,N/A,1931149312,1931149312,53477376,N/A,135168,187768832,14,discern-network,S (sleeping),nginx2.bnsdq.ozxfs.laefh.kvugl,2.225511554126091
1759266805,131265,1,N/A,N/A,N/A,N/A,N/A,N/A,N/A,N/A,1264619520,1264619520,17289216,N/A,135168,45826048,4,discern-proc-so,S (sleeping),nginx2.bnsdq.ozxfs.laefh.kvugl,2.8458343230839946
1759266805,80899,1,N/A,N/A,N/A,N/A,N/A,N/A,N/A,N/A,1647706112,1580859392,20467712,N/A,135168,82464768,5,discern-interfa,S (sleeping),nginx2.bnsdq.ozxfs.laefh.kvugl,0.0010230730471528242
1759266810,340,1,103,103,103,103,109,109,109,109,250974208,250974208,236257280,N/A,135168,243245056,1,dbus-daemon,S (sleeping),nginx2.bnsdq.ozxfs.laefh.kvugl,0.30729991614342766
1759266810,183,1,N/A,N/A,N/A,N/A,N/A,N/A,N/A,N/A,158830592,104284160,70307840,4096,135168,28184576,1,systemd-journal,S (sleeping),nginx2.bnsdq.ozxfs.laefh.kvugl,0.287663441709581
1759266810,3275,1,N/A,N/A,N/A,N/A,N/A,N/A,N/A,N/A,1931149312,1931149312,53477376,N/A,135168,187768832,14,discern-network,S (sleeping),nginx2.bnsdq.ozxfs.laefh.kvugl,2.2256728252987545
1759266810,131265,1,N/A,N/A,N/A,N/A,N/A,N/A,N/A,N/A,1264619520,1264619520,17289216,N/A,135168,45826048,4,discern-proc-so,R (running),nginx2.bnsdq.ozxfs.laefh.kvugl,2.8129829005621447
1759266810,80899,1,N/A,N/A,N/A,N/A,N/A,N/A,N/A,N/A,1647706112,1580859392,20467712,N/A,135168,82464768,5,discern-interfa,S (sleeping),nginx2.bnsdq.ozxfs.laefh.kvugl,0.0010217195144292535
1759266816,340,1,103,103,103,103,109,109,109,109,250974208,250974208,236257280,N/A,135168,243245056,1,dbus-daemon,S (sleeping),nginx2.bnsdq.ozxfs.laefh.kvugl,0.30734374666909586
1759266816,183,1,N/A,N/A,N/A,N/A,N/A,N/A,N/A,N/A,158830592,104284160,70307840,4096,135168,28184576,1,systemd-journal,S (sleeping),nginx2.bnsdq.ozxfs.laefh.kvugl,0.28782455877791685
1759266816,3275,1,N/A,N/A,N/A,N/A,N/A,N/A,N/A,N/A,1931149312,1931149312,53477376,N/A,135168,187768832,14,discern-network,S (sleeping),nginx2.bnsdq.ozxfs.laefh.kvugl,2.2255081877234995
1759266816,131265,1,N/A,N/A,N/A,N/A,N/A,N/A,N/A,N/A,1264619520,1264619520,17289216,N/A,135168,45826048,4,discern-proc-so,S (sleeping),nginx2.bnsdq.ozxfs.laefh.kvugl,2.803686821226999
1759266816,80899,1,N/A,N/A,N/A,N/A,N/A,N/A,N/A,N/A,1647706112,1580859392,20467712,N/A,135168,82464768,5,discern-interfa,S (sleeping),nginx2.bnsdq.ozxfs.laefh.kvugl,0.0010203722857190164
1759266821,340,1,103,103,103,103,109,109,109,109,250974208,250974208,236257280,N/A,135168,243245056,1,dbus-daemon,S (sleeping),nginx2.bnsdq.ozxfs.laefh.kvugl,0.3073873664685211
1759266821,183,1,N/A,N/A,N/A,N/A,N/A,N/A,N/A,N/A,158830592,104284160,70307840,4096,135168,28184576,1,systemd-journal,S (sleeping),nginx2.bnsdq.ozxfs.laefh.kvugl,0.28787892041774943
1759266821,3275,1,N/A,N/A,N/A,N/A,N/A,N/A,N/A,N/A,1931149312,1931149312,53477376,N/A,135168,187768832,14,discern-network,S (sleeping),nginx2.bnsdq.ozxfs.laefh.kvugl,2.225451880958161
1759266821,131265,1,N/A,N/A,N/A,N/A,N/A,N/A,N/A,N/A,1264619520,1264619520,17309696,N/A,135168,45826048,4,discern-proc-so,R (running),nginx2.bnsdq.ozxfs.laefh.kvugl,2.811484867465049
1759266821,80899,1,N/A,N/A,N/A,N/A,N/A,N/A,N/A,N/A,1647706112,1580859392,20467712,N/A,135168,82464768,5,discern-interfa,S (sleeping),nginx2.bnsdq.ozxfs.laefh.kvugl,0.0010190273193011901
1759266826,340,1,103,103,103,103,109,109,109,109,250974208,250974208,236257280,N/A,135168,243245056,1,dbus-daemon,S (sleeping),nginx2.bnsdq.ozxfs.laefh.kvugl,0.3073248729841025
1759266826,183,1,N/A,N/A,N/A,N/A,N/A,N/A,N/A,N/A,158830592,104284160,70307840,4096,135168,28184576,1,systemd-journal,S (sleeping),nginx2.bnsdq.ozxfs.laefh.kvugl,0.2878271514973121
1759266826,3275,1,N/A,N/A,N/A,N/A,N/A,N/A,N/A,N/A,1931149312,1931149312,53477376,N/A,135168,187768832,14,discern-network,S (sleeping),nginx2.bnsdq.ozxfs.laefh.kvugl,2.225398001825769
1759266826,131265,1,N/A,N/A,N/A,N/A,N/A,N/A,N/A,N/A,1264619520,1264619520,17309696,N/A,135168,45826048,4,discern-proc-so,R (running),nginx2.bnsdq.ozxfs.laefh.kvugl,2.7746946746947163
1759266826,80899,1,N/A,N/A,N/A,N/A,N/A,N/A,N/A,N/A,1647706112,1580859392,20467712,N/A,135168,82464768,5,discern-interfa,S (sleeping),nginx2.bnsdq.ozxfs.laefh.kvugl,0.0010176884162652502
1759266836,340,1,103,103,103,103,109,109,109,109,250974208,250974208,236257280,N/A,135168,243245056,1,dbus-daemon,S (sleeping),nginx2.bnsdq.ozxfs.laefh.kvugl,0.3074076433483897
1759266836,183,1,N/A,N/A,N/A,N/A,N/A,N/A,N/A,N/A,158830592,104284160,70307840,4096,135168,28184576,1,systemd-journal,S (sleeping),nginx2.bnsdq.ozxfs.laefh.kvugl,0.2880378715018963
1759266836,3275,1,N/A,N/A,N/A,N/A,N/A,N/A,N/A,N/A,1931149312,1931149312,53477376,N/A,135168,187768832,14,discern-network,S (sleeping),nginx2.bnsdq.ozxfs.laefh.kvugl,2.2254717583591614
1759266836,132283,1,N/A,N/A,N/A,N/A,N/A,N/A,N/A,N/A,1264357376,1264357376,16396288,N/A,135168,45563904,4,discern-proc-so,R (running),nginx2.bnsdq.ozxfs.laefh.kvugl,9.403963767593385
1759266836,80899,1,N/A,N/A,N/A,N/A,N/A,N/A,N/A,N/A,1647706112,1580859392,20467712,N/A,135168,82464768,5,discern-interfa,S (sleeping),nginx2.bnsdq.ozxfs.laefh.kvugl,0.0010149818427051072
1759266842,340,1,103,103,103,103,109,109,109,109,250974208,250974208,236257280,N/A,135168,243245056,1,dbus-daemon,S (sleeping),nginx2.bnsdq.ozxfs.laefh.kvugl,0.3074518105145458
1759266842,183,1,N/A,N/A,N/A,N/A,N/A,N/A,N/A,N/A,158830592,104284160,70307840,4096,135168,28184576,1,systemd-journal,S (sleeping),nginx2.bnsdq.ozxfs.laefh.kvugl,0.28819882485304504
1759266842,3275,1,N/A,N/A,N/A,N/A,N/A,N/A,N/A,N/A,1931149312,1931149312,53477376,N/A,135168,187768832,14,discern-network,S (sleeping),nginx2.bnsdq.ozxfs.laefh.kvugl,2.2254206967421086
1759266842,132283,1,N/A,N/A,N/A,N/A,N/A,N/A,N/A,N/A,1264619520,1264619520,17158144,N/A,135168,45826048,4,discern-proc-so,S (sleeping),nginx2.bnsdq.ozxfs.laefh.kvugl,3.764264623508498
1759266842,80899,1,N/A,N/A,N/A,N/A,N/A,N/A,N/A,N/A,1647706112,1580859392,20467712,N/A,135168,82464768,5,discern-interfa,S (sleeping),nginx2.bnsdq.ozxfs.laefh.kvugl,0.0010136564389395602
1759266847,340,1,103,103,103,103,109,109,109,109,250974208,250974208,236257280,N/A,135168,243245056,1,dbus-daemon,S (sleeping),nginx2.bnsdq.ozxfs.laefh.kvugl,0.3074952381677601
1759266847,183,1,N/A,N/A,N/A,N/A,N/A,N/A,N/A,N/A,158830592,104284160,70307840,4096,135168,28184576,1,systemd-journal,S (sleeping),nginx2.bnsdq.ozxfs.laefh.kvugl,0.2882528208264513
1759266847,3275,1,N/A,N/A,N/A,N/A,N/A,N/A,N/A,N/A,1931149312,1931149312,53477376,N/A,135168,187768832,14,discern-network,S (sleeping),nginx2.bnsdq.ozxfs.laefh.kvugl,2.2253645252356087
1759266847,132283,1,N/A,N/A,N/A,N/A,N/A,N/A,N/A,N/A,1264619520,1264619520,17158144,N/A,135168,45826048,4,discern-proc-so,R (running),nginx2.bnsdq.ozxfs.laefh.kvugl,3.278861584270169
1759266847,80899,1,N/A,N/A,N/A,N/A,N/A,N/A,N/A,N/A,1647706112,1580859392,20467712,N/A,135168,82464768,5,discern-interfa,S (sleeping),nginx2.bnsdq.ozxfs.laefh.kvugl,0.0010123290289497113
1759266852,340,1,103,103,103,103,109,109,109,109,250974208,250974208,236257280,N/A,135168,243245056,1,dbus-daemon,S (sleeping),nginx2.bnsdq.ozxfs.laefh.kvugl,0.3075390769053911
1759266852,183,1,N/A,N/A,N/A,N/A,N/A,N/A,N/A,N/A,158830592,104284160,70307840,4096,135168,28184576,1,systemd-journal,S (sleeping),nginx2.bnsdq.ozxfs.laefh.kvugl,0.28830718745391254
1759266852,3275,1,N/A,N/A,N/A,N/A,N/A,N/A,N/A,N/A,1931149312,1931149312,53477376,N/A,135168,187768832,14,discern-network,S (sleeping),nginx2.bnsdq.ozxfs.laefh.kvugl,2.2254208250862906
1759266852,132283,1,N/A,N/A,N/A,N/A,N/A,N/A,N/A,N/A,1264619520,1264619520,17158144,N/A,135168,45826048,4,discern-proc-so,S (sleeping),nginx2.bnsdq.ozxfs.laefh.kvugl,3.1013092832853473
1759266852,80899,1,N/A,N/A,N/A,N/A,N/A,N/A,N/A,N/A,1647706112,1580859392,20467712,N/A,135168,82464768,5,discern-interfa,S (sleeping),nginx2.bnsdq.ozxfs.laefh.kvugl,0.00101100868119601
1759266857,340,1,103,103,103,103,109,109,109,109,250974208,250974208,236257280,N/A,135168,243245056,1,dbus-daemon,S (sleeping),nginx2.bnsdq.ozxfs.laefh.kvugl,0.3074765833286773
1759266857,183,1,N/A,N/A,N/A,N/A,N/A,N/A,N/A,N/A,158830592,104284160,70307840,4096,135168,28184576,1,systemd-journal,S (sleeping),nginx2.bnsdq.ozxfs.laefh.kvugl,0.2883612530407736
1759266857,3275,1,N/A,N/A,N/A,N/A,N/A,N/A,N/A,N/A,1931149312,1931149312,53477376,N/A,135168,187768832,14,discern-network,S (sleeping),nginx2.bnsdq.ozxfs.laefh.kvugl,2.225257272912532
1759266857,132283,1,N/A,N/A,N/A,N/A,N/A,N/A,N/A,N/A,1264619520,1264619520,17215488,N/A,135168,45826048,4,discern-proc-so,S (sleeping),nginx2.bnsdq.ozxfs.laefh.kvugl,3.0537419572930067
1759266857,80899,1,N/A,N/A,N/A,N/A,N/A,N/A,N/A,N/A,1647706112,1580859392,20467712,N/A,135168,82464768,5,discern-interfa,S (sleeping),nginx2.bnsdq.ozxfs.laefh.kvugl,0.001009689760209507
1759266862,340,1,103,103,103,103,109,109,109,109,250974208,250974208,236257280,N/A,135168,243245056,1,dbus-daemon,S (sleeping),nginx2.bnsdq.ozxfs.laefh.kvugl,0.30741450009391463
1759266862,183,1,N/A,N/A,N/A,N/A,N/A,N/A,N/A,N/A,158830592,104284160,70307840,4096,135168,28184576,1,systemd-journal,S (sleeping),nginx2.bnsdq.ozxfs.laefh.kvugl,0.28841557817399655
1759266862,3275,1,N/A,N/A,N/A,N/A,N/A,N/A,N/A,N/A,1931149312,1931149312,53477376,N/A,135168,187768832,14,discern-network,S (sleeping),nginx2.bnsdq.ozxfs.laefh.kvugl,2.225314179141108
1759266862,132283,1,N/A,N/A,N/A,N/A,N/A,N/A,N/A,N/A,1264619520,1264619520,17223680,N/A,135168,45826048,4,discern-proc-so,R (running),nginx2.bnsdq.ozxfs.laefh.kvugl,2.950998906374261
1759266862,80899,1,N/A,N/A,N/A,N/A,N/A,N/A,N/A,N/A,1647706112,1580859392,20467712,N/A,135168,82464768,5,discern-interfa,S (sleeping),nginx2.bnsdq.ozxfs.laefh.kvugl,0.0010083769023956372
1759266867,340,1,103,103,103,103,109,109,109,109,250974208,250974208,236257280,N/A,135168,243245056,1,dbus-daemon,S (sleeping),nginx2.bnsdq.ozxfs.laefh.kvugl,0.3075643297902755
1759266867,183,1,N/A,N/A,N/A,N/A,N/A,N/A,N/A,N/A,158830592,104284160,70307840,4096,135168,28184576,1,systemd-journal,S (sleeping),nginx2.bnsdq.ozxfs.laefh.kvugl,0.2885757689466453
1759266867,3275,1,N/A,N/A,N/A,N/A,N/A,N/A,N/A,N/A,1931149312,1931149312,53477376,N/A,135168,187768832,14,discern-network,S (sleeping),nginx2.bnsdq.ozxfs.laefh.kvugl,2.225262414619612
1759266867,132283,1,N/A,N/A,N/A,N/A,N/A,N/A,N/A,N/A,1264619520,1264619520,17223680,N/A,135168,45826048,4,discern-proc-so,S (sleeping),nginx2.bnsdq.ozxfs.laefh.kvugl,2.8815303531680123
1759266867,80899,1,N/A,N/A,N/A,N/A,N/A,N/A,N/A,N/A,1647706112,1580859392,20467712,N/A,135168,82464768,5,discern-interfa,S (sleeping),nginx2.bnsdq.ozxfs.laefh.kvugl,0.001007067708418813
1759266873,340,1,103,103,103,103,109,109,109,109,250974208,250974208,236257280,N/A,135168,243245056,1,dbus-daemon,S (sleeping),nginx2.bnsdq.ozxfs.laefh.kvugl,0.30771335524555
1759266873,183,1,N/A,N/A,N/A,N/A,N/A,N/A,N/A,N/A,158830592,104284160,70307840,4096,135168,28184576,1,systemd-journal,S (sleeping),nginx2.bnsdq.ozxfs.laefh.kvugl,0.2887351825377631
1759266873,3275,1,N/A,N/A,N/A,N/A,N/A,N/A,N/A,N/A,1931149312,1931149312,53477376,N/A,135168,187768832,14,discern-network,S (sleeping),nginx2.bnsdq.ozxfs.laefh.kvugl,2.2253146903348364
1759266873,132283,1,N/A,N/A,N/A,N/A,N/A,N/A,N/A,N/A,1264619520,1264619520,17244160,N/A,135168,45826048,4,discern-proc-so,S (sleeping),nginx2.bnsdq.ozxfs.laefh.kvugl,2.910728796295074
1759266873,80899,1,N/A,N/A,N/A,N/A,N/A,N/A,N/A,N/A,1647706112,1580859392,20467712,N/A,135168,82464768,5,discern-interfa,S (sleeping),nginx2.bnsdq.ozxfs.laefh.kvugl,0.0010057568979173442
1759266878,340,1,103,103,103,103,109,109,109,109,250974208,250974208,236257280,N/A,135168,243245056,1,dbus-daemon,S (sleeping),nginx2.bnsdq.ozxfs.laefh.kvugl,0.3076509001272853
1759266878,183,1,N/A,N/A,N/A,N/A,N/A,N/A,N/A,N/A,158830592,104284160,70307840,4096,135168,28184576,1,systemd-journal,S (sleeping),nginx2.bnsdq.ozxfs.laefh.kvugl,0.2886831101324858
1759266878,3275,1,N/A,N/A,N/A,N/A,N/A,N/A,N/A,N/A,1931149312,1931149312,53477376,N/A,135168,187768832,14,discern-network,S (sleeping),nginx2.bnsdq.ozxfs.laefh.kvugl,2.225368934108838
1759266878,132283,1,N/A,N/A,N/A,N/A,N/A,N/A,N/A,N/A,1264619520,1264619520,17289216,N/A,135168,45826048,4,discern-proc-so,R (running),nginx2.bnsdq.ozxfs.laefh.kvugl,2.8860492820800774
1759266878,80899,1,N/A,N/A,N/A,N/A,N/A,N/A,N/A,N/A,1647706112,1580859392,20467712,N/A,135168,82464768,5,discern-interfa,S (sleeping),nginx2.bnsdq.ozxfs.laefh.kvugl,0.0010044516225694185
1759266883,340,1,103,103,103,103,109,109,109,109,250974208,250974208,236257280,N/A,135168,243245056,1,dbus-daemon,S (sleeping),nginx2.bnsdq.ozxfs.laefh.kvugl,0.3075883476157454
1759266883,183,1,N/A,N/A,N/A,N/A,N/A,N/A,N/A,N/A,158830592,104284160,70307840,4096,135168,28184576,1,systemd-journal,S (sleeping),nginx2.bnsdq.ozxfs.laefh.kvugl,0.28884239001631945
1759266883,3275,1,N/A,N/A,N/A,N/A,N/A,N/A,N/A,N/A,1931149312,1931149312,53477376,N/A,135168,187768832,14,discern-network,S (sleeping),nginx2.bnsdq.ozxfs.laefh.kvugl,2.225530510153525
1759266883,132283,1,N/A,N/A,N/A,N/A,N/A,N/A,N/A,N/A,1264619520,1264619520,17289216,N/A,135168,45826048,4,discern-proc-so,R (running),nginx2.bnsdq.ozxfs.laefh.kvugl,2.8875100282809654
1759266883,80899,1,N/A,N/A,N/A,N/A,N/A,N/A,N/A,N/A,1647706112,1580859392,20467712,N/A,135168,82464768,5,discern-interfa,S (sleeping),nginx2.bnsdq.ozxfs.laefh.kvugl,0.0010031484267051033
1759266888,340,1,103,103,103,103,109,109,109,109,250974208,250974208,236257280,N/A,135168,243245056,1,dbus-daemon,S (sleeping),nginx2.bnsdq.ozxfs.laefh.kvugl,0.30752624797792855
1759266888,183,1,N/A,N/A,N/A,N/A,N/A,N/A,N/A,N/A,158830592,104284160,70307840,4096,135168,28184576,1,systemd-journal,S (sleeping),nginx2.bnsdq.ozxfs.laefh.kvugl,0.28889618904496045
1759266888,3275,1,N/A,N/A,N/A,N/A,N/A,N/A,N/A,N/A,1931149312,1931149312,53477376,N/A,135168,187768832,14,discern-network,S (sleeping),nginx2.bnsdq.ozxfs.laefh.kvugl,2.2253690511755746
1759266888,132283,1,N/A,N/A,N/A,N/A,N/A,N/A,N/A,N/A,1264619520,1264619520,17289216,N/A,135168,45826048,4,discern-proc-so,R (running),nginx2.bnsdq.ozxfs.laefh.kvugl,2.8703294016561434
1759266888,80899,1,N/A,N/A,N/A,N/A,N/A,N/A,N/A,N/A,1647706112,1580859392,20467712,N/A,135168,82464768,5,discern-interfa,S (sleeping),nginx2.bnsdq.ozxfs.laefh.kvugl,0.001001851598050526
1759266893,340,1,103,103,103,103,109,109,109,109,250974208,250974208,236257280,N/A,135168,243245056,1,dbus-daemon,S (sleeping),nginx2.bnsdq.ozxfs.laefh.kvugl,0.3077811917859273
1759266893,183,1,N/A,N/A,N/A,N/A,N/A,N/A,N/A,N/A,158830592,104284160,70307840,4096,135168,28184576,1,systemd-journal,S (sleeping),nginx2.bnsdq.ozxfs.laefh.kvugl,0.2889500335425243
1759266893,3275,1,N/A,N/A,N/A,N/A,N/A,N/A,N/A,N/A,1931149312,1931149312,53477376,N/A,135168,187768832,14,discern-network,S (sleeping),nginx2.bnsdq.ozxfs.laefh.kvugl,2.225208575439447
1759266893,132283,1,N/A,N/A,N/A,N/A,N/A,N/A,N/A,N/A,1264619520,1264619520,17289216,N/A,135168,45826048,4,discern-proc-so,S (sleeping),nginx2.bnsdq.ozxfs.laefh.kvugl,2.8390682744102844
1759266893,80899,1,N/A,N/A,N/A,N/A,N/A,N/A,N/A,N/A,1647706112,1580859392,20467712,N/A,135168,82464768,5,discern-interfa,S (sleeping),nginx2.bnsdq.ozxfs.laefh.kvugl,0.0010005589276065579
1759266898,340,1,103,103,103,103,109,109,109,109,250974208,250974208,236257280,N/A,135168,243245056,1,dbus-daemon,S (sleeping),nginx2.bnsdq.ozxfs.laefh.kvugl,0.30771852662382754
1759266898,183,1,N/A,N/A,N/A,N/A,N/A,N/A,N/A,N/A,158830592,104284160,70307840,4096,135168,28184576,1,systemd-journal,S (sleeping),nginx2.bnsdq.ozxfs.laefh.kvugl,0.28910877232027915
1759266898,3275,1,N/A,N/A,N/A,N/A,N/A,N/A,N/A,N/A,1931149312,1931149312,53477376,N/A,135168,187768832,14,discern-network,S (sleeping),nginx2.bnsdq.ozxfs.laefh.kvugl,2.2251520267619833
1759266898,132283,1,N/A,N/A,N/A,N/A,N/A,N/A,N/A,N/A,1264619520,1264619520,17289216,N/A,135168,45826048,4,discern-proc-so,S (sleeping),nginx2.bnsdq.ozxfs.laefh.kvugl,2.8120638300585346
1759266898,80899,1,N/A,N/A,N/A,N/A,N/A,N/A,N/A,N/A,1647706112,1580859392,20467712,N/A,135168,82464768,5,discern-interfa,S (sleeping),nginx2.bnsdq.ozxfs.laefh.kvugl,0.0009992647429344769
1759266904,340,1,103,103,103,103,109,109,109,109,250974208,250974208,236257280,N/A,135168,243245056,1,dbus-daemon,S (sleeping),nginx2.bnsdq.ozxfs.laefh.kvugl,0.3076564845422403
1759266904,183,1,N/A,N/A,N/A,N/A,N/A,N/A,N/A,N/A,158830592,104284160,70307840,4096,135168,28184576,1,systemd-journal,S (sleeping),nginx2.bnsdq.ozxfs.laefh.kvugl,0.28905686826948523
1759266904,3275,1,N/A,N/A,N/A,N/A,N/A,N/A,N/A,N/A,1931149312,1931149312,53477376,N/A,135168,187768832,14,discern-network,S (sleeping),nginx2.bnsdq.ozxfs.laefh.kvugl,2.225099636994436
1759266904,132283,1,N/A,N/A,N/A,N/A,N/A,N/A,N/A,N/A,1264619520,1264619520,17289216,N/A,135168,45826048,4,discern-proc-so,R (running),nginx2.bnsdq.ozxfs.laefh.kvugl,2.804541922611745
1759266904,80899,1,N/A,N/A,N/A,N/A,N/A,N/A,N/A,N/A,1647706112,1580859392,20467712,N/A,135168,82464768,5,discern-interfa,S (sleeping),nginx2.bnsdq.ozxfs.laefh.kvugl,0.000997978118623506
1759266909,340,1,103,103,103,103,109,109,109,109,250974208,250974208,236257280,N/A,135168,243245056,1,dbus-daemon,S (sleeping),nginx2.bnsdq.ozxfs.laefh.kvugl,0.307699636543833
1759266909,183,1,N/A,N/A,N/A,N/A,N/A,N/A,N/A,N/A,158830592,104284160,70307840,4096,135168,28184576,1,systemd-journal,S (sleeping),nginx2.bnsdq.ozxfs.laefh.kvugl,0.2891101560324166
1759266909,3275,1,N/A,N/A,N/A,N/A,N/A,N/A,N/A,N/A,1931149312,1931149312,53477376,N/A,135168,187768832,14,discern-network,S (sleeping),nginx2.bnsdq.ozxfs.laefh.kvugl,2.224936589713635
1759266909,132283,1,N/A,N/A,N/A,N/A,N/A,N/A,N/A,N/A,1264619520,1264619520,17289216,N/A,135168,45826048,4,discern-proc-so,S (sleeping),nginx2.bnsdq.ozxfs.laefh.kvugl,2.7977016968831
1759266909,80899,1,N/A,N/A,N/A,N/A,N/A,N/A,N/A,N/A,1647706112,1580859392,20467712,N/A,135168,82464768,5,discern-interfa,S (sleeping),nginx2.bnsdq.ozxfs.laefh.kvugl,0.000996692344525268
1759266914,340,1,103,103,103,103,109,109,109,109,250974208,250974208,236257280,N/A,135168,243245056,1,dbus-daemon,S (sleeping),nginx2.bnsdq.ozxfs.laefh.kvugl,0.30763743193156257
1759266914,183,1,N/A,N/A,N/A,N/A,N/A,N/A,N/A,N/A,158830592,104284160,70307840,4096,135168,28184576,1,systemd-journal,S (sleeping),nginx2.bnsdq.ozxfs.laefh.kvugl,0.2891634616080436
1759266914,3275,1,N/A,N/A,N/A,N/A,N/A,N/A,N/A,N/A,1931149312,1931149312,53477376,N/A,135168,187768832,14,discern-network,S (sleeping),nginx2.bnsdq.ozxfs.laefh.kvugl,2.225099116548204
1759266914,132283,1,N/A,N/A,N/A,N/A,N/A,N/A,N/A,N/A,1264619520,1264619520,17289216,N/A,135168,45826048,4,discern-proc-so,R (running),nginx2.bnsdq.ozxfs.laefh.kvugl,2.8045960290604093
1759266914,80899,1,N/A,N/A,N/A,N/A,N/A,N/A,N/A,N/A,1647706112,1580859392,20467712,N/A,135168,82464768,5,discern-interfa,S (sleeping),nginx2.bnsdq.ozxfs.laefh.kvugl,0.0009954104656226836
1759266919,340,1,103,103,103,103,109,109,109,109,250974208,250974208,236257280,N/A,135168,243245056,1,dbus-daemon,S (sleeping),nginx2.bnsdq.ozxfs.laefh.kvugl,0.30778606956082344
1759266919,183,1,N/A,N/A,N/A,N/A,N/A,N/A,N/A,N/A,158830592,104284160,70307840,4096,135168,28184576,1,systemd-journal,S (sleeping),nginx2.bnsdq.ozxfs.laefh.kvugl,0.2894274567227742
1759266919,3275,1,N/A,N/A,N/A,N/A,N/A,N/A,N/A,N/A,1931149312,1931149312,53477376,N/A,135168,187768832,14,discern-network,S (sleeping),nginx2.bnsdq.ozxfs.laefh.kvugl,2.2250458657838497
1759266919,132283,1,N/A,N/A,N/A,N/A,N/A,N/A,N/A,N/A,1264619520,1264619520,17289216,N/A,135168,45826048,4,discern-proc-so,S (sleeping),nginx2.bnsdq.ozxfs.laefh.kvugl,2.7389935415838154
1759266919,80899,1,N/A,N/A,N/A,N/A,N/A,N/A,N/A,N/A,1647706112,1580859392,20467712,N/A,135168,82464768,5,discern-interfa,S (sleeping),nginx2.bnsdq.ozxfs.laefh.kvugl,0.0009941327649139184
1759266924,340,1,103,103,103,103,109,109,109,109,250974208,250974208,236257280,N/A,135168,243245056,1,dbus-daemon,S (sleeping),nginx2.bnsdq.ozxfs.laefh.kvugl,0.3077235799280512
1759266924,183,1,N/A,N/A,N/A,N/A,N/A,N/A,N/A,N/A,158830592,104284160,70307840,4096,135168,28184576,1,systemd-journal,S (sleeping),nginx2.bnsdq.ozxfs.laefh.kvugl,0.28937497948527274
1759266924,3275,1,N/A,N/A,N/A,N/A,N/A,N/A,N/A,N/A,1931149312,1931149312,53477376,N/A,135168,187768832,14,discern-network,S (sleeping),nginx2.bnsdq.ozxfs.laefh.kvugl,2.225205893387388
1759266924,132283,1,N/A,N/A,N/A,N/A,N/A,N/A,N/A,N/A,1264619520,1264619520,17289216,N/A,135168,45826048,4,discern-proc-so,R (running),nginx2.bnsdq.ozxfs.laefh.kvugl,2.7031629722406527
1759266924,80899,1,N/A,N/A,N/A,N/A,N/A,N/A,N/A,N/A,1647706112,1580859392,20467712,N/A,135168,82464768,5,discern-interfa,S (sleeping),nginx2.bnsdq.ozxfs.laefh.kvugl,0.0009928551723650677
1759266929,340,1,103,103,103,103,109,109,109,109,250974208,250974208,236257280,N/A,135168,243245056,1,dbus-daemon,S (sleeping),nginx2.bnsdq.ozxfs.laefh.kvugl,0.307766156963806
1759266929,183,1,N/A,N/A,N/A,N/A,N/A,N/A,N/A,N/A,158830592,104284160,70307840,4096,135168,28184576,1,systemd-journal,S (sleeping),nginx2.bnsdq.ozxfs.laefh.kvugl,0.28953276767673786
1759266929,3275,1,N/A,N/A,N/A,N/A,N/A,N/A,N/A,N/A,1931149312,1931149312,53477376,N/A,135168,187768832,14,discern-network,S (sleeping),nginx2.bnsdq.ozxfs.laefh.kvugl,2.2250398386920005
1759266929,132283,1,N/A,N/A,N/A,N/A,N/A,N/A,N/A,N/A,1264619520,1264619520,17289216,N/A,135168,45826048,4,discern-proc-so,S (sleeping),nginx2.bnsdq.ozxfs.laefh.kvugl,2.703010978429968
1759266929,80899,1,N/A,N/A,N/A,N/A,N/A,N/A,N/A,N/A,1647706112,1580859392,20467712,N/A,135168,82464768,5,discern-interfa,S (sleeping),nginx2.bnsdq.ozxfs.laefh.kvugl,0.0009915791626671844
1759266935,340,1,103,103,103,103,109,109,109,109,250974208,250974208,236257280,N/A,135168,243245056,1,dbus-daemon,S (sleeping),nginx2.bnsdq.ozxfs.laefh.kvugl,0.3078090291508447
1759266935,183,1,N/A,N/A,N/A,N/A,N/A,N/A,N/A,N/A,158830592,104284160,70307840,4096,135168,28184576,1,systemd-journal,S (sleeping),nginx2.bnsdq.ozxfs.laefh.kvugl,0.28958555499325245
1759266935,3275,1,N/A,N/A,N/A,N/A,N/A,N/A,N/A,N/A,1931149312,1931149312,53477376,N/A,135168,187768832,14,discern-network,S (sleeping),nginx2.bnsdq.ozxfs.laefh.kvugl,2.2250925641218124
1759266935,132283,1,N/A,N/A,N/A,N/A,N/A,N/A,N/A,N/A,1264619520,1264619520,17289216,N/A,135168,45826048,4,discern-proc-so,S (sleeping),nginx2.bnsdq.ozxfs.laefh.kvugl,2.7132503041671274
1759266935,80899,1,N/A,N/A,N/A,N/A,N/A,N/A,N/A,N/A,1647706112,1580859392,20467712,N/A,135168,82464768,5,discern-interfa,S (sleeping),nginx2.bnsdq.ozxfs.laefh.kvugl,0.0009903090365875249
1759266940,340,1,103,103,103,103,109,109,109,109,250974208,250974208,236257280,N/A,135168,243245056,1,dbus-daemon,S (sleeping),nginx2.bnsdq.ozxfs.laefh.kvugl,0.3077473522871878
1759266940,183,1,N/A,N/A,N/A,N/A,N/A,N/A,N/A,N/A,158830592,104284160,70307840,4096,135168,28184576,1,systemd-journal,S (sleeping),nginx2.bnsdq.ozxfs.laefh.kvugl,0.2896388518605632
1759266940,3275,1,N/A,N/A,N/A,N/A,N/A,N/A,N/A,N/A,1931149312,1931149312,53477376,N/A,135168,187768832,14,discern-network,S (sleeping),nginx2.bnsdq.ozxfs.laefh.kvugl,2.2251497072224695
1759266940,132283,1,N/A,N/A,N/A,N/A,N/A,N/A,N/A,N/A,1264619520,1264619520,17289216,N/A,135168,45826048,4,discern-proc-so,R (running),nginx2.bnsdq.ozxfs.laefh.kvugl,2.7037848804478037
1759266940,80899,1,N/A,N/A,N/A,N/A,N/A,N/A,N/A,N/A,1647706112,1580859392,20467712,N/A,135168,82464768,5,discern-interfa,S (sleeping),nginx2.bnsdq.ozxfs.laefh.kvugl,0.0009890467194645027
1759266945,340,1,103,103,103,103,109,109,109,109,250974208,250974208,236257280,N/A,135168,243245056,1,dbus-daemon,S (sleeping),nginx2.bnsdq.ozxfs.laefh.kvugl,0.3078930933428224
1759266945,183,1,N/A,N/A,N/A,N/A,N/A,N/A,N/A,N/A,158830592,104284160,70307840,4096,135168,28184576,1,systemd-journal,S (sleeping),nginx2.bnsdq.ozxfs.laefh.kvugl,0.2897945443797766
1759266945,3275,1,N/A,N/A,N/A,N/A,N/A,N/A,N/A,N/A,1931149312,1931149312,53477376,N/A,135168,187768832,14,discern-network,S (sleeping),nginx2.bnsdq.ozxfs.laefh.kvugl,2.225078501141455
1759266945,132283,1,N/A,N/A,N/A,N/A,N/A,N/A,N/A,N/A,1264619520,1264619520,17289216,N/A,135168,45826048,4,discern-proc-so,R (running),nginx2.bnsdq.ozxfs.laefh.kvugl,2.674861265326318
1759266945,80899,1,N/A,N/A,N/A,N/A,N/A,N/A,N/A,N/A,1647706112,1580859392,20467712,N/A,135168,82464768,5,discern-interfa,S (sleeping),nginx2.bnsdq.ozxfs.laefh.kvugl,0.0009877668751141226
1759266960,340,1,103,103,103,103,109,109,109,109,250974208,250974208,236257280,N/A,135168,243245056,1,dbus-daemon,S (sleeping),nginx2.bnsdq.ozxfs.laefh.kvugl,0.3079498491864344
1759266960,183,1,N/A,N/A,N/A,N/A,N/A,N/A,N/A,N/A,158830592,104284160,70307840,4096,135168,28184576,1,systemd-journal,S (sleeping),nginx2.bnsdq.ozxfs.laefh.kvugl,0.29019341043972874
1759266960,3275,1,N/A,N/A,N/A,N/A,N/A,N/A,N/A,N/A,1931149312,1931149312,53477376,N/A,135168,187768832,14,discern-network,S (sleeping),nginx2.bnsdq.ozxfs.laefh.kvugl,2.224838938010053
1759266960,133909,1,N/A,N/A,N/A,N/A,N/A,N/A,N/A,N/A,1264357376,1264357376,16494592,N/A,135168,45563904,4,discern-proc-so,R (running),nginx2.bnsdq.ozxfs.laefh.kvugl,8.820656636318391
1759266960,80899,1,N/A,N/A,N/A,N/A,N/A,N/A,N/A,N/A,1647706112,1580859392,20467712,N/A,135168,82464768,5,discern-interfa,S (sleeping),nginx2.bnsdq.ozxfs.laefh.kvugl,0.0009842469977003419
1759266965,340,1,103,103,103,103,109,109,109,109,250974208,250974208,236257280,N/A,135168,243245056,1,dbus-daemon,S (sleeping),nginx2.bnsdq.ozxfs.laefh.kvugl,0.3078882407770358
1759266965,183,1,N/A,N/A,N/A,N/A,N/A,N/A,N/A,N/A,158830592,104284160,70307840,4096,135168,28184576,1,systemd-journal,S (sleeping),nginx2.bnsdq.ozxfs.laefh.kvugl,0.29014140623622303
1759266965,3275,1,N/A,N/A,N/A,N/A,N/A,N/A,N/A,N/A,1931149312,1931149312,53477376,N/A,135168,187768832,14,discern-network,S (sleeping),nginx2.bnsdq.ozxfs.laefh.kvugl,2.2248959628347524
1759266965,133909,1,N/A,N/A,N/A,N/A,N/A,N/A,N/A,N/A,1264619520,1264619520,16568320,N/A,135168,45826048,4,discern-proc-so,R (running),nginx2.bnsdq.ozxfs.laefh.kvugl,3.56221971936095
1759266965,80899,1,N/A,N/A,N/A,N/A,N/A,N/A,N/A,N/A,1647706112,1580859392,20467712,N/A,135168,82464768,5,discern-interfa,S (sleeping),nginx2.bnsdq.ozxfs.laefh.kvugl,0.0009829999920770698
1759266970,340,1,103,103,103,103,109,109,109,109,250974208,250974208,236257280,N/A,135168,243245056,1,dbus-daemon,S (sleeping),nginx2.bnsdq.ozxfs.laefh.kvugl,0.30793095493753125
1759266970,183,1,N/A,N/A,N/A,N/A,N/A,N/A,N/A,N/A,158830592,104284160,70307840,4096,135168,28184576,1,systemd-journal,S (sleeping),nginx2.bnsdq.ozxfs.laefh.kvugl,0.2901937310365119
1759266970,3275,1,N/A,N/A,N/A,N/A,N/A,N/A,N/A,N/A,1931149312,1931149312,53477376,N/A,135168,187768832,14,discern-network,S (sleeping),nginx2.bnsdq.ozxfs.laefh.kvugl,2.224841440464033
1759266970,133909,1,N/A,N/A,N/A,N/A,N/A,N/A,N/A,N/A,1264619520,1264619520,16568320,N/A,135168,45826048,4,discern-proc-so,S (sleeping),nginx2.bnsdq.ozxfs.laefh.kvugl,3.2605729442682243
1759266970,80899,1,N/A,N/A,N/A,N/A,N/A,N/A,N/A,N/A,1647706112,1580859392,20467712,N/A,135168,82464768,5,discern-interfa,S (sleeping),nginx2.bnsdq.ozxfs.laefh.kvugl,0.0009817522184878823
1759266975,340,1,103,103,103,103,109,109,109,109,250974208,250974208,236257280,N/A,135168,243245056,1,dbus-daemon,S (sleeping),nginx2.bnsdq.ozxfs.laefh.kvugl,0.3078693925348799
1759266975,183,1,N/A,N/A,N/A,N/A,N/A,N/A,N/A,N/A,158830592,104284160,70307840,4096,135168,28184576,1,systemd-journal,S (sleeping),nginx2.bnsdq.ozxfs.laefh.kvugl,0.29024645849925745
1759266975,3275,1,N/A,N/A,N/A,N/A,N/A,N/A,N/A,N/A,1931149312,1931149312,53477376,N/A,135168,187768832,14,discern-network,S (sleeping),nginx2.bnsdq.ozxfs.laefh.kvugl,2.2247905960547363
1759266975,133909,1,N/A,N/A,N/A,N/A,N/A,N/A,N/A,N/A,1264619520,1264619520,17170432,N/A,135168,45826048,4,discern-proc-so,S (sleeping),nginx2.bnsdq.ozxfs.laefh.kvugl,2.96891264037636
1759266975,80899,1,N/A,N/A,N/A,N/A,N/A,N/A,N/A,N/A,1647706112,1580859392,20467712,N/A,135168,82464768,5,discern-interfa,S (sleeping),nginx2.bnsdq.ozxfs.laefh.kvugl,0.0009805112467929744
1759266980,340,1,103,103,103,103,109,109,109,109,250974208,250974208,236257280,N/A,135168,243245056,1,dbus-daemon,S (sleeping),nginx2.bnsdq.ozxfs.laefh.kvugl,0.30801631146670416
1759266980,183,1,N/A,N/A,N/A,N/A,N/A,N/A,N/A,N/A,158830592,104284160,70307840,4096,135168,28184576,1,systemd-journal,S (sleeping),nginx2.bnsdq.ozxfs.laefh.kvugl,0.29050757361781254
1759266980,3275,1,N/A,N/A,N/A,N/A,N/A,N/A,N/A,N/A,1931149312,1931149312,53477376,N/A,135168,187768832,14,discern-network,S (sleeping),nginx2.bnsdq.ozxfs.laefh.kvugl,2.224840578980706
1759266980,133909,1,N/A,N/A,N/A,N/A,N/A,N/A,N/A,N/A,1264619520,1264619520,17276928,N/A,135168,45826048,4,discern-proc-so,S (sleeping),nginx2.bnsdq.ozxfs.laefh.kvugl,2.766354110410306
1759266980,80899,1,N/A,N/A,N/A,N/A,N/A,N/A,N/A,N/A,1647706112,1580859392,20467712,N/A,135168,82464768,5,discern-interfa,S (sleeping),nginx2.bnsdq.ozxfs.laefh.kvugl,0.0009792666449498105
1759266985,340,1,103,103,103,103,109,109,109,109,250974208,250974208,236257280,N/A,135168,243245056,1,dbus-daemon,S (sleeping),nginx2.bnsdq.ozxfs.laefh.kvugl,0.3080590668816592
1759266985,183,1,N/A,N/A,N/A,N/A,N/A,N/A,N/A,N/A,158830592,104284160,70307840,4096,135168,28184576,1,systemd-journal,S (sleeping),nginx2.bnsdq.ozxfs.laefh.kvugl,0.2905597853706458
1759266985,3275,1,N/A,N/A,N/A,N/A,N/A,N/A,N/A,N/A,1931149312,1931149312,53477376,N/A,135168,187768832,14,discern-network,S (sleeping),nginx2.bnsdq.ozxfs.laefh.kvugl,2.224787511075831
1759266985,133909,1,N/A,N/A,N/A,N/A,N/A,N/A,N/A,N/A,1264619520,1264619520,17281024,N/A,135168,45826048,4,discern-proc-so,R (running),nginx2.bnsdq.ozxfs.laefh.kvugl,2.755507583032424
1759266985,80899,1,N/A,N/A,N/A,N/A,N/A,N/A,N/A,N/A,1647706112,1580859392,20467712,N/A,135168,82464768,5,discern-interfa,S (sleeping),nginx2.bnsdq.ozxfs.laefh.kvugl,0.0009780296762800414
1759266991,340,1,103,103,103,103,109,109,109,109,250974208,250974208,236257280,N/A,135168,243245056,1,dbus-daemon,S (sleeping),nginx2.bnsdq.ozxfs.laefh.kvugl,0.30799752774676287
1759266991,183,1,N/A,N/A,N/A,N/A,N/A,N/A,N/A,N/A,158830592,104284160,70307840,4096,135168,28184576,1,systemd-journal,S (sleeping),nginx2.bnsdq.ozxfs.laefh.kvugl,0.2907167602819968
1759266991,3275,1,N/A,N/A,N/A,N/A,N/A,N/A,N/A,N/A,1931149312,1931149312,53477376,N/A,135168,187768832,14,discern-network,S (sleeping),nginx2.bnsdq.ozxfs.laefh.kvugl,2.2250588655350616
1759266991,133909,1,N/A,N/A,N/A,N/A,N/A,N/A,N/A,N/A,1264619520,1264619520,17281024,N/A,135168,45826048,4,discern-proc-so,S (sleeping),nginx2.bnsdq.ozxfs.laefh.kvugl,2.7489456113287547
1759266991,80899,1,N/A,N/A,N/A,N/A,N/A,N/A,N/A,N/A,1647706112,1580859392,20467712,N/A,135168,82464768,5,discern-interfa,S (sleeping),nginx2.bnsdq.ozxfs.laefh.kvugl,0.000976798022370761
1759266996,340,1,103,103,103,103,109,109,109,109,250974208,250974208,236257280,N/A,135168,243245056,1,dbus-daemon,S (sleeping),nginx2.bnsdq.ozxfs.laefh.kvugl,0.30803986105010267
1759266996,183,1,N/A,N/A,N/A,N/A,N/A,N/A,N/A,N/A,158830592,104284160,70307840,4096,135168,28184576,1,systemd-journal,S (sleeping),nginx2.bnsdq.ozxfs.laefh.kvugl,0.29076843834898275
1759266996,3275,1,N/A,N/A,N/A,N/A,N/A,N/A,N/A,N/A,1931149312,1931149312,53477376,N/A,135168,187768832,14,discern-network,S (sleeping),nginx2.bnsdq.ozxfs.laefh.kvugl,2.2251101931841015
1759266996,133909,1,N/A,N/A,N/A,N/A,N/A,N/A,N/A,N/A,1264619520,1264619520,17281024,N/A,135168,45826048,4,discern-proc-so,R (running),nginx2.bnsdq.ozxfs.laefh.kvugl,2.76953966731209
1759266996,80899,1,N/A,N/A,N/A,N/A,N/A,N/A,N/A,N/A,1647706112,1580859392,20467712,N/A,135168,82464768,5,discern-interfa,S (sleeping),nginx2.bnsdq.ozxfs.laefh.kvugl,0.0009755644514540699
1759267001,340,1,103,103,103,103,109,109,109,109,250974208,250974208,236257280,N/A,135168,243245056,1,dbus-daemon,S (sleeping),nginx2.bnsdq.ozxfs.laefh.kvugl,0.3079786223665934
1759267001,183,1,N/A,N/A,N/A,N/A,N/A,N/A,N/A,N/A,158830592,104284160,70307840,4096,135168,28184576,1,systemd-journal,S (sleeping),nginx2.bnsdq.ozxfs.laefh.kvugl,0.29082091811599725
1759267001,3275,1,N/A,N/A,N/A,N/A,N/A,N/A,N/A,N/A,1931149312,1931149312,53477376,N/A,135168,187768832,14,discern-network,S (sleeping),nginx2.bnsdq.ozxfs.laefh.kvugl,2.2250609441994853
1759267001,133909,1,N/A,N/A,N/A,N/A,N/A,N/A,N/A,N/A,1264619520,1264619520,17281024,N/A,135168,45826048,4,discern-proc-so,S (sleeping),nginx2.bnsdq.ozxfs.laefh.kvugl,2.739710976587299
1759267001,80899,1,N/A,N/A,N/A,N/A,N/A,N/A,N/A,N/A,1647706112,1580859392,20467712,N/A,135168,82464768,5,discern-interfa,S (sleeping),nginx2.bnsdq.ozxfs.laefh.kvugl,0.0009743406570641372
1759267006,340,1,103,103,103,103,109,109,109,109,250974208,250974208,236257280,N/A,135168,243245056,1,dbus-daemon,S (sleeping),nginx2.bnsdq.ozxfs.laefh.kvugl,0.3081240043655067
1759267006,183,1,N/A,N/A,N/A,N/A,N/A,N/A,N/A,N/A,158830592,104284160,70307840,4096,135168,28184576,1,systemd-journal,S (sleeping),nginx2.bnsdq.ozxfs.laefh.kvugl,0.29087126065180446
1759267006,3275,1,N/A,N/A,N/A,N/A,N/A,N/A,N/A,N/A,1931149312,1931149312,53477376,N/A,135168,187768832,14,discern-network,S (sleeping),nginx2.bnsdq.ozxfs.laefh.kvugl,2.2249954002651116
1759267006,133909,1,N/A,N/A,N/A,N/A,N/A,N/A,N/A,N/A,1264619520,1264619520,17281024,N/A,135168,45826048,4,discern-proc-so,R (running),nginx2.bnsdq.ozxfs.laefh.kvugl,2.6914099426796567
1759267006,80899,1,N/A,N/A,N/A,N/A,N/A,N/A,N/A,N/A,1647706112,1580859392,20467712,N/A,135168,82464768,5,discern-interfa,S (sleeping),nginx2.bnsdq.ozxfs.laefh.kvugl,0.0009731036886859635
