Name,TimeWeightedAvgVmSizeMiB,MaxVmPeakMiB,MaxVmHwmMiB,DataPoints,PeakDuration
dbus-daemon,38.2625408819724,52.23828125,44.90625,668,3478.0
discern-file-so,1506.5333540482955,1591.1796875,288.60546875,84,440.0
discern-interfa,1507.51953125,1571.26953125,22.62890625,5,27.0
discern-logs-so,1261.2997848522816,1269.49609375,75.77734375,736,3791.0
discern-network,1833.83203125,1833.83203125,48.9375,697,3637.0
python3,125.3671875,125.3671875,109.140625,1472,7466.0
systemd-journal,127.3125,127.3125,60.046875,18,92.0
