Name,TimeWeightedAvgVmSizeMiB,MaxVmPeakMiB,MaxVmHwmMiB,DataPoints,PeakDuration
containerd,1233.62890625,1297.28515625,35.25,213,1107.0
dbus-daemon,43.18969386273572,57.26171875,50.72265625,707,3659.0
discern-file-so,1509.3265602485592,1591.0546875,318.828125,67,347.0
discern-logs-so,1205.4296875,1205.4296875,43.08203125,358,1857.0
discern-network,1898.2109375,1898.2109375,117.9765625,722,3727.0
dockerd,1350.86328125,1414.36328125,100.18359375,722,3681.0
mariadbd,1050.9363219929082,1113.66796875,91.1484375,722,3631.0
python3,170.9011534799169,248.55078125,27.375,68,361.0
systemd-journal,99.484375,115.4921875,30.18359375,31,173.0
