Name,TimeWeightedAvgVmSizeMiB,MaxVmPeakMiB,MaxVmHwmMiB,DataPoints,PeakDuration
dbus-daemon,37.83315761842468,52.234375,45.15625,703,3631.0
discern-file-so,1476.5858164385331,1591.1796875,288.09765625,92,484.0
discern-interfa,1507.51953125,1571.26953125,22.6953125,56,287.0
discern-logs-so,1205.4296875,1205.4296875,35.5546875,406,2123.0
discern-network,1833.58203125,1863.1875,55.51171875,719,3721.0
python3,126.33203125,126.58203125,110.3828125,1436,7300.0
systemd-journal,112.48130230125523,151.5,29.3515625,181,956.0
