Name,TimeWeightedAvgVmSizeMiB,MaxVmPeakMiB,MaxVmHwmMiB,DataPoints,PeakDuration
dbus-daemon,27.861591045673077,30.36328125,23.89453125,123,624.0
discern-file-so,1569.9581929125818,1591.6796875,298.45703125,123,612.0
discern-logs-so,1205.4296875,1205.4296875,32.41015625,123,624.0
discern-network,1898.2109375,1898.2109375,89.0625,123,616.0
discern-proc-so,1206.0222542790457,1206.17578125,20.0546875,47,241.0
python3,660.762037386707,968.56640625,44.30078125,64,331.0
systemd-journal,130.33168247767858,137.5,15.96875,12,56.0
