Name,TimeWeightedAvgVmSizeMiB,MaxVmPeakMiB,MaxVmHwmMiB,DataPoints,PeakDuration
dbus-daemon,16.803482768691588,18.13671875,12.03515625,63,321.0
discern-ansible,1205.34375,1205.34375,10.609375,22,114.0
discern-cpu-sor,1204.8623511904761,1205.046875,10.5234375,8,42.0
discern-file-so,1575.810366831972,1591.6796875,360.015625,168,857.0
discern-jupyter,1205.33203125,1205.33203125,10.65625,41,212.0
discern-logs-so,1205.4296875,1205.4296875,21.40234375,168,861.0
discern-network,1889.6988421893147,1889.703125,86.9921875,168,861.0
discern-proc-so,1205.92578125,1205.92578125,16.578125,164,839.0
systemd-journal,68.94311775128865,71.3359375,26.1484375,38,194.0
