Name,TimeWeightedAvgVmSizeMiB,MaxVmPeakMiB,MaxVmHwmMiB,DataPoints,PeakDuration
dbus-daemon,35.99201601696123,43.59765625,35.90234375,338,1754.0
discern-cpu-sor,1205.359375,1205.359375,11.51953125,4,20.0
discern-file-so,1525.3712544642858,1527.23828125,281.69921875,338,1750.0
discern-logs-so,1349.2281033737024,1397.62890625,225.6953125,338,1734.0
discern-network,1833.58203125,1863.1875,56.01953125,338,1750.0
discern-proc-so,1205.9271529921125,1206.17578125,16.57421875,281,1458.0
systemd-journal,120.67011443661971,169.31640625,21.57421875,53,284.0
