Name,TimeWeightedAvgVmSizeMiB,MaxVmPeakMiB,MaxVmHwmMiB,DataPoints,PeakDuration
dbus-daemon,35.30424477676016,42.82421875,35.171875,338,1747.0
discern-file-so,1463.0760143100697,1527.67578125,339.734375,338,1723.0
discern-logs-so,1222.9359903054592,1269.49609375,71.4765625,338,1731.0
discern-network,1833.58203125,1833.58203125,49.97265625,338,1747.0
discern-proc-so,1205.92578125,1205.92578125,20.12890625,160,826.0
systemd-journal,127.67201375807319,165.1484375,32.48828125,178,929.0
