Name,Duration,AvgCpuPercent,MaxCpuUsage,DataPoints
discern-file-so,936.0,42.101124540246445,91.22290065514083,185
discern-proc-so,936.0,2.117120678341924,3.5278795173968773,185
kswapd0,944.0,0.7296042246301386,0.7377124293229397,185
discern-logs-so,940.0,0.31039694756090763,0.3208748424609674,183
jbd2/vda2-8,952.0,0.2698846705379325,0.3034248813349609,185
systemd,12.0,0.7574862711438654,1.1757632580503818,2
