Name,TimeWeightedAvgVmSizeMiB,MaxVmPeakMiB,MaxVmHwmMiB,DataPoints,PeakDuration
dbus-daemon,39.40890790343915,43.2109375,35.7265625,185,945.0
discern-ansible,1205.34375,1205.34375,10.609375,5,26.0
discern-cpu-sor,1205.359375,1205.359375,11.75,2,10.0
discern-file-so,1526.6241402116402,1591.6796875,367.44140625,185,945.0
discern-jupyter,1205.33203125,1205.33203125,10.65625,3,16.0
discern-logs-so,1205.4296875,1205.4296875,26.58203125,185,953.0
discern-network,1889.703125,1889.703125,86.9921875,185,945.0
discern-proc-so,1205.92578125,1205.92578125,17.03515625,174,896.0
systemd-journal,103.30859375,103.30859375,26.1484375,1,5.0
