Name,TimeWeightedAvgVmSizeMiB,MaxVmPeakMiB,MaxVmHwmMiB,DataPoints,PeakDuration
dbus-daemon,37.227204511253596,52.234375,45.046875,740,3821.0
discern-file-so,1713.8023613061798,1783.37890625,430.59375,85,445.0
discern-interfa,1507.4809681226889,1571.26953125,22.57421875,365,1893.0
discern-logs-so,1205.4296875,1205.4296875,40.6328125,739,3838.0
discern-network,1890.265625,1890.265625,90.91015625,740,3799.0
discern-proc-so,1206.08828125,1206.17578125,19.73046875,46,240.0
java,2257.703125,10959.44921875,198.2734375,740,3766.0
systemd-journal,131.80287608438485,163.37109375,33.88671875,245,1268.0
