Name,TimeWeightedAvgVmSizeMiB,MaxVmPeakMiB,MaxVmHwmMiB,DataPoints,PeakDuration
dbus-daemon,23.200083705357144,24.8203125,18.68359375,83,420.0
discern-ansible,1205.34375,1205.34375,11.453125,1,5.0
discern-file-so,1557.2061579777644,1591.6796875,355.15234375,83,416.0
discern-logs-so,1205.4296875,1205.4296875,19.19140625,83,420.0
discern-network,1889.703125,1889.703125,89.43359375,83,420.0
discern-proc-so,1205.92578125,1205.92578125,17.09765625,69,347.0
systemd-journal,73.23828125,73.23828125,16.7890625,13,68.0
