Name,TimeWeightedAvgVmSizeMiB,MaxVmPeakMiB,MaxVmHwmMiB,DataPoints,PeakDuration
dbus-daemon,69.69568996017641,85.2734375,77.65234375,738,3798.0
discern-file-so,1493.9891772712629,1591.1796875,287.87890625,74,388.0
discern-logs-so,1205.4296875,1205.4296875,54.8828125,668,3512.0
discern-network,1825.57421875,1825.57421875,55.7578125,734,3837.0
python3,125.3671875,125.3671875,109.47265625,1476,7436.0
