Name,TimeWeightedAvgVmSizeMiB,MaxVmPeakMiB,MaxVmHwmMiB,DataPoints,PeakDuration
dbus-daemon,107.17105275234971,132.41015625,121.2578125,1000,5107.0
discern-file-so,1494.3019751172922,1591.1796875,293.3203125,69,373.0
discern-logs-so,1269.49609375,1269.49609375,121.92578125,1000,5205.0
discern-network,1833.83203125,1863.1875,48.8828125,931,4869.0
python3,125.328125,125.328125,109.1484375,2000,10175.0
