Name,TimeWeightedAvgVmSizeMiB,MaxVmPeakMiB,MaxVmHwmMiB,DataPoints,PeakDuration
dbus-daemon,64.58401264963808,80.37890625,73.62890625,706,3592.0
discern-file-so,1523.4725131639193,1591.4296875,291.26953125,53,273.0
discern-interfa,1507.51953125,1571.26953125,22.55859375,3,16.0
discern-logs-so,1260.9714827674898,1269.49609375,92.40234375,706,3645.0
discern-network,1842.77734375,1863.81640625,78.10546875,706,3519.0
python3,658.5094866071429,1032.49609375,50.33203125,1343,7035.0
systemd-journal,126.93335336538462,149.1953125,37.4375,13,65.0
