Name,Duration,AvgCpuPercent,MaxCpuUsage,DataPoints
discern-file-so,297.0,86.02360672376763,91.02208693452326,57
discern-proc-so,2088.0,2.690930429221502,2.8702981955868707,411
discern-logs-so,2100.0,0.3601206176721379,0.3675855020938578,411
systemd-journal,2108.0,0.1897873709250543,0.19451936526005903,411
discern-network,2105.0,0.18212113432406102,0.18768977138235435,409
kswapd0,1112.0,0.1710505052963507,0.18598548113417784,216
jbd2/vda2-8,424.0,0.17525267729192154,0.18651359174901297,83
systemd,294.0,0.21857963210858483,1.7203943558822798,57
