Name,TimeWeightedAvgVmSizeMiB,MaxVmPeakMiB,MaxVmHwmMiB,DataPoints,PeakDuration
dbus-daemon,23.202615489130434,24.82421875,18.51953125,83,414.0
discern-file-so,1558.0747337531095,1591.6796875,292.87109375,83,402.0
discern-logs-so,1205.4296875,1205.4296875,20.0625,83,418.0
discern-network,1898.2109375,1898.2109375,106.08984375,83,406.0
discern-proc-so,1205.92578125,1205.92578125,16.26953125,77,388.0
systemd-journal,73.21484375,73.21484375,16.13671875,6,30.0
