Name,TimeWeightedAvgVmSizeMiB,MaxVmPeakMiB,MaxVmHwmMiB,DataPoints,PeakDuration
dbus-daemon,69.91434872496046,85.6640625,78.79296875,745,3794.0
discern-file-so,1484.8666602760736,1591.1796875,285.03125,62,326.0
discern-logs-so,1211.5498884858373,1269.49609375,71.63671875,684,3601.0
discern-network,1833.83203125,1833.83203125,59.87109375,744,3844.0
python3,126.07421875,126.07421875,110.59765625,1490,7436.0
