Name,TimeWeightedAvgVmSizeMiB,MaxVmPeakMiB,MaxVmHwmMiB,DataPoints,PeakDuration
dbus-daemon,22.947045846602972,26.625,20.20703125,184,942.0
discern-file-so,1463.561971901824,1591.6796875,360.015625,186,932.0
discern-logs-so,1205.4296875,1205.4296875,24.52734375,186,948.0
discern-network,1889.703125,1889.703125,86.9921875,186,944.0
discern-proc-so,1205.92578125,1205.92578125,16.171875,184,945.0
systemd-journal,81.6548713235294,95.30859375,26.1484375,4,17.0
