Name,TimeWeightedAvgVmSizeMiB,MaxVmPeakMiB,MaxVmHwmMiB,DataPoints,PeakDuration
dbus-daemon,37.26733497762408,51.84765625,44.875,717,3687.0
discern-file-so,1471.6397754700204,1527.36328125,286.859375,97,492.0
discern-interfa,1507.51953125,1571.26953125,22.7421875,1,5.0
discern-logs-so,1205.4296875,1205.4296875,30.6015625,397,2046.0
discern-network,1825.57421875,1825.57421875,55.7578125,731,3743.0
python3,125.3671875,125.3671875,109.47265625,1462,7336.0
systemd-journal,116.86122439301973,155.515625,30.96875,250,1318.0
