Name,Duration,AvgCpuPercent,MaxCpuUsage,DataPoints
discern-file-so,421.0,52.371604276934,90.02764933312329,83
discern-proc-so,416.0,1.9773763272374227,2.519141859831996,82
kswapd0,421.0,0.683952701456674,0.6957476332138313,83
jbd2/vda2-8,421.0,0.4426638368715989,0.4927339140762425,83
systemd,426.0,0.24636483016826366,1.3530374069184767,84
