Name,TimeWeightedAvgVmSizeMiB,MaxVmPeakMiB,MaxVmHwmMiB,DataPoints,PeakDuration
dbus-daemon,37.935409499235476,52.109375,45.390625,694,3597.0
discern-file-so,1503.9668419156185,1591.1796875,290.35546875,91,477.0
discern-logs-so,1205.4296875,1205.4296875,36.74609375,493,2552.0
discern-network,1833.83203125,1833.83203125,59.87109375,741,3821.0
python3,126.07421875,126.07421875,110.59765625,1482,7569.0
systemd-journal,128.4376645891854,161.1796875,35.3203125,204,1068.0
