Name,Duration,AvgCpuPercent,MaxCpuUsage,DataPoints
discern-file-so,943.0,43.60434249433473,90.17172687275925,186
discern-proc-so,942.0,2.1671670975546924,2.2363160288735315,185
kswapd0,951.0,0.6886767015434985,0.7089855010328951,186
jbd2/vda2-8,955.0,0.5053330433921354,0.6524384592117665,186
discern-logs-so,839.0,0.2788788511262223,0.28710194148039037,163
systemd,121.0,0.3557692825548082,1.8673304164835502,24
