Name,TimeWeightedAvgVmSizeMiB,MaxVmPeakMiB,MaxVmHwmMiB,DataPoints,PeakDuration
dbus-daemon,75.43338631109643,89.1484375,82.53515625,681,3785.0
discern-file-so,1497.364548575462,1591.1796875,287.75,41,487.0
discern-logs-so,1238.4962197580646,1269.49609375,68.37890625,7,31.0
discern-network,1898.5234375,1898.5234375,126.109375,633,3350.0
dockerd,1350.86328125,1350.92578125,103.37109375,681,3834.0
python3,125.58984375,125.58984375,109.4765625,1362,7434.0
