Name,Duration,AvgCpuPercent,MaxCpuUsage,DataPoints
server.py,768.0,60.84977338906824,65.73917150598477,146
discern-file-so,945.0,38.77745616991553,75.99713542793106,183
discern-proc-so,949.0,2.1088680271541884,4.338745518914341,183
kswapd0,948.0,0.6617508105542222,0.6855768539045123,182
jbd2/vda2-8,943.0,0.5599872775177781,0.7331059690250937,181
discern-network,176.0,0.4154341051891364,0.49166656657689223,36
python3,10.0,2.0098134981281177,2.010180527116694,2
sshd,5.0,1.3696987464784849,1.3696987464784849,1
systemd,5.0,0.648948894992551,0.648948894992551,1
