Name,Duration,AvgCpuPercent,MaxCpuUsage,DataPoints
discern-file-so,1730.0,33.38734484171188,79.64035840178899,326
discern-proc-so,1738.0,2.637093269672186,3.192178347892999,326
discern-logs-so,1729.0,2.3247271407648507,8.552655330071344,323
discern-network,1750.0,0.8277229071094531,0.9543383273369432,323
kswapd0,1662.0,0.8403612520817848,0.9110123034671722,308
kworker/0,105.0,1.4201850954252768,2.925184247410118,21
systemd,5.0,1.9151883910013,1.9151883910012997,1
systemd-journal,11.0,0.7497562255125936,0.7927676169864182,2
