Name,Duration,AvgCpuPercent,MaxCpuUsage,DataPoints
discern-file-so,965.0,42.60133216883026,88.23024588619262,187
discern-proc-so,965.0,2.356416522172975,3.0602806445972557,187
kswapd0,965.0,0.7278035641149442,0.7325699160064388,187
discern-network,964.0,0.34658292629225307,0.3541358328005319,185
discern-logs-so,836.0,0.34946408533526074,0.3534853556707934,162
python3,114.0,1.2594899552392933,7.024204437042576,22
systemd,15.0,0.7731002676766324,1.5302850898550695,3
sshd,5.0,0.9321715964592616,1.3633154047973448,2
