Name,TimeWeightedAvgVmSizeMiB,MaxVmPeakMiB,MaxVmHwmMiB,DataPoints,PeakDuration
dbus-daemon,17.697208895228215,18.65625,12.625,47,241.0
discern-file-so,1522.9492928021327,1527.61328125,372.8984375,164,844.0
discern-logs-so,1205.4296875,1205.4296875,33.921875,164,852.0
discern-network,1881.9441276658767,1881.9453125,95.8203125,164,844.0
discern-proc-so,1205.92578125,1205.92578125,15.984375,82,416.0
python3,110.90838965941012,232.35546875,18.83984375,67,356.0
server.py,174.2890625,238.2890625,23.02734375,126,666.0
systemd-journal,114.58108836206897,169.40234375,23.19140625,6,29.0
