Name,Duration,AvgCpuPercent,MaxCpuUsage,DataPoints
discern-file-so,1210.0,38.259121009956814,86.01445262159775,239
discern-proc-so,1209.0,1.9948332496077363,2.1434806830963318,238
jbd2/vda2-8,1218.0,1.056974748916023,2.860143964403995,239
kswapd0,1199.0,0.6264957662923842,0.7066897535581331,234
systemd,1116.0,0.43658134696426726,2.679234560654754,216
discern-logs-so,124.0,0.2562737432298774,0.25815939032329716,25
discern-network,22.0,0.52171941392799,0.5395388054786668,4
