Name,TimeWeightedAvgVmSizeMiB,MaxVmPeakMiB,MaxVmHwmMiB,DataPoints,PeakDuration
dbus-daemon,18.234316111809044,20.45703125,14.53515625,116,597.0
discern-cpu-sor,1204.8683035714287,1205.046875,10.57421875,7,35.0
discern-file-so,1588.5409756233303,1591.7421875,300.87890625,219,1123.0
discern-logs-so,1205.4296875,1205.4296875,19.78125,219,1127.0
discern-network,1897.9609375,1897.9609375,89.31640625,219,1127.0
discern-proc-so,1205.92578125,1205.92578125,15.8984375,202,1039.0
systemd-journal,77.20065930531733,77.32421875,25.59765625,113,583.0
