Name,Duration,AvgCpuPercent,MaxCpuUsage,DataPoints
discern-file-so,1108.0,41.078671126727784,86.26292331940921,219
discern-proc-so,1108.0,2.0960029345232205,4.14777457314723,219
jbd2/vda2-8,1116.0,1.1684837596463378,2.6983565799397686,219
kswapd0,1097.0,0.5973749899694404,0.6804171524178523,215
systemd,1000.0,0.41185134419426855,2.4891166010932264,194
discern-logs-so,140.0,0.2574830886624317,0.2596860139488399,28
discern-network,3.0,0.44877075251653703,0.44877075251653703,1
