Name,TimeWeightedAvgVmSizeMiB,MaxVmPeakMiB,MaxVmHwmMiB,DataPoints,PeakDuration
dbus-daemon,85.07371028956986,105.12890625,98.58984375,696,3557.0
discern-file-so,1463.896975134835,1591.4296875,340.4296875,145,788.0
discern-interfa,1507.51953125,1571.26953125,22.7109375,191,1040.0
discern-logs-so,1327.6248119172697,1397.62890625,179.1328125,696,3593.0
discern-network,1825.44921875,1825.44921875,62.4375,696,3629.0
discern-proc-so,1205.92578125,1205.92578125,16.51953125,13,70.0
server.py,174.38635250549905,238.2890625,24.94921875,684,3637.0
systemd-journal,129.86278002386,173.70703125,47.015625,359,1886.0
