Name,TimeWeightedAvgVmSizeMiB,MaxVmPeakMiB,MaxVmHwmMiB,DataPoints,PeakDuration
dbus-daemon,18.405729166666667,20.33203125,14.5234375,97,495.0
discern-file-so,1524.562279608463,1591.6796875,354.7421875,103,514.0
discern-logs-so,1205.4296875,1205.4296875,18.953125,103,518.0
discern-network,1898.2109375,1898.2109375,106.08984375,103,514.0
discern-proc-so,1205.92578125,1205.92578125,16.26953125,103,518.0
systemd-journal,65.21484375,65.21484375,16.13671875,6,27.0
