Name,Duration,AvgCpuPercent,MaxCpuUsage,DataPoints
server.py,1889.0,78.10808500858806,86.31902189589127,369
discern-file-so,441.0,52.474762847707495,75.73207413749154,87
discern-proc-so,2088.0,2.2227423265931834,11.349887883310513,407
jbd2/vda2-8,2083.0,0.9077679210500547,2.88400190058273,403
discern-network,2099.0,0.8129747412082955,2.131806032672221,406
systemd-journal,1151.0,0.39903802329533244,0.9189120991062053,224
sshd,304.0,0.6088042020594238,1.6583706151493127,57
discern-logs-so,401.0,0.3265026289646912,0.3489512368058202,79
systemd,12.0,0.8551610865250024,0.8615718965777556,3
