Name,TimeWeightedAvgVmSizeMiB,MaxVmPeakMiB,MaxVmHwmMiB,DataPoints,PeakDuration
dbus-daemon,28.933191043814432,36.12890625,29.98046875,242,1261.0
discern-file-so,1458.7479108146067,1591.1796875,300.9375,85,445.0
discern-interfa,1507.26953125,1571.26953125,22.5625,117,600.0
discern-logs-so,1228.6465519155613,1269.49609375,76.18359375,407,2111.0
discern-network,1906.21484375,1906.21484375,90.765625,407,2107.0
discern-proc-so,1205.9909986413043,1206.17578125,16.1953125,5,23.0
python3,167.479519065367,248.61328125,17.703125,83,436.0
server.py,174.2890625,238.2890625,22.61328125,348,1823.0
systemd-journal,130.20471184490086,169.26953125,43.265625,341,1765.0
