timestamp,pid,ppid,real_uid,effective_uid,saved_uid,filesystem_uid,real_gid,effective_gid,saved_gid,filesystem_gid,vm_peak,vm_size,vm_hwm,vm_stk,vm_data,threads,name,state,device_id,cpu
1759249686,33775,1,1001,1001,1001,1001,1001,1001,1001,1001,15548416,15548416,8445952,135168,765952,1,systemd,S (sleeping),victim2.bnsdq.ozxfs.bomyo.kvugl,0.940497371294329
1759249686,33776,33775,1001,1001,1001,1001,1001,1001,1001,1001,172515328,172515328,3547136,1060864,20021248,1,(sd-pam),S (sleeping),victim2.bnsdq.ozxfs.bomyo.kvugl,0.0
1759249686,33737,1,101,101,101,101,102,102,102,102,16568320,16560128,7319552,135168,622592,1,systemd-network,S (sleeping),victim2.bnsdq.ozxfs.bomyo.kvugl,0.3853239411013151
1759249691,33776,33775,1001,1001,1001,1001,1001,1001,1001,1001,172515328,172515328,3547136,1060864,20021248,1,(sd-pam),S (sleeping),victim2.bnsdq.ozxfs.bomyo.kvugl,0.0
1759249691,33858,33805,N/A,N/A,N/A,N/A,N/A,N/A,N/A,N/A,5492736,5492736,573440,135168,180224,1,sleep,S (sleeping),victim2.bnsdq.ozxfs.bomyo.kvugl,0.0
1759249691,33775,1,1001,1001,1001,1001,1001,1001,1001,1001,15548416,15548416,8445952,135168,765952,1,systemd,S (sleeping),victim2.bnsdq.ozxfs.bomyo.kvugl,0.3657633909418343
1759249691,33798,1,N/A,N/A,N/A,N/A,N/A,N/A,N/A,N/A,6979584,6979584,3289088,135168,278528,1,bash,S (sleeping),victim2.bnsdq.ozxfs.bomyo.kvugl,0.0
1759249691,33806,1,N/A,N/A,N/A,N/A,N/A,N/A,N/A,N/A,6979584,6979584,3194880,135168,278528,1,bash,S (sleeping),victim2.bnsdq.ozxfs.bomyo.kvugl,0.0
1759249691,33801,1,N/A,N/A,N/A,N/A,N/A,N/A,N/A,N/A,6979584,6979584,3145728,135168,278528,1,bash,S (sleeping),victim2.bnsdq.ozxfs.bomyo.kvugl,0.0
1759249691,33799,1,N/A,N/A,N/A,N/A,N/A,N/A,N/A,N/A,6979584,6979584,3268608,135168,278528,1,bash,S (sleeping),victim2.bnsdq.ozxfs.bomyo.kvugl,0.0
1759249691,33805,1,N/A,N/A,N/A,N/A,N/A,N/A,N/A,N/A,6979584,6979584,3235840,135168,278528,1,bash,S (sleeping),victim2.bnsdq.ozxfs.bomyo.kvugl,0.0
1759249691,33859,33801,N/A,N/A,N/A,N/A,N/A,N/A,N/A,N/A,5492736,5492736,512000,135168,180224,1,sleep,S (sleeping),victim2.bnsdq.ozxfs.bomyo.kvugl,0.0
1759249691,33797,1,N/A,N/A,N/A,N/A,N/A,N/A,N/A,N/A,728137728,728137728,7884800,135168,105218048,4,foundryc,S (sleeping),victim2.bnsdq.ozxfs.bomyo.kvugl,0.0
1759249691,33851,33798,N/A,N/A,N/A,N/A,N/A,N/A,N/A,N/A,5492736,5492736,507904,135168,180224,1,sleep,S (sleeping),victim2.bnsdq.ozxfs.bomyo.kvugl,0.0
1759249691,33853,33799,N/A,N/A,N/A,N/A,N/A,N/A,N/A,N/A,5492736,5492736,512000,135168,180224,1,sleep,S (sleeping),victim2.bnsdq.ozxfs.bomyo.kvugl,0.0
1759249691,33819,1,101,101,101,101,102,102,102,102,16568320,16560128,7356416,135168,622592,1,systemd-network,S (sleeping),victim2.bnsdq.ozxfs.bomyo.kvugl,0.4835389723012483
1759249691,33855,33806,N/A,N/A,N/A,N/A,N/A,N/A,N/A,N/A,5492736,5492736,516096,135168,180224,1,sleep,S (sleeping),victim2.bnsdq.ozxfs.bomyo.kvugl,0.0
1759249696,33917,1,N/A,N/A,N/A,N/A,N/A,N/A,N/A,N/A,728137728,728137728,7880704,135168,105218048,4,foundryc,S (sleeping),victim2.bnsdq.ozxfs.bomyo.kvugl,0.0
1759249696,33919,1,N/A,N/A,N/A,N/A,N/A,N/A,N/A,N/A,6979584,6979584,3235840,135168,278528,1,bash,S (sleeping),victim2.bnsdq.ozxfs.bomyo.kvugl,0.0
1759249696,33936,33920,N/A,N/A,N/A,N/A,N/A,N/A,N/A,N/A,5492736,5492736,516096,135168,180224,1,sleep,S (sleeping),victim2.bnsdq.ozxfs.bomyo.kvugl,0.0
1759249696,33937,33924,N/A,N/A,N/A,N/A,N/A,N/A,N/A,N/A,5492736,5492736,573440,135168,180224,1,sleep,S (sleeping),victim2.bnsdq.ozxfs.bomyo.kvugl,0.0
1759249696,33918,1,N/A,N/A,N/A,N/A,N/A,N/A,N/A,N/A,6979584,6979584,3219456,135168,278528,1,bash,S (sleeping),victim2.bnsdq.ozxfs.bomyo.kvugl,0.0
1759249696,33925,1,N/A,N/A,N/A,N/A,N/A,N/A,N/A,N/A,6979584,6979584,3137536,135168,278528,1,bash,S (sleeping),victim2.bnsdq.ozxfs.bomyo.kvugl,0.0
1759249696,33935,33919,N/A,N/A,N/A,N/A,N/A,N/A,N/A,N/A,5492736,5492736,573440,135168,180224,1,sleep,S (sleeping),victim2.bnsdq.ozxfs.bomyo.kvugl,0.0
1759249696,33939,1,101,101,101,101,102,102,102,102,16568320,16560128,7438336,135168,622592,1,systemd-network,S (sleeping),victim2.bnsdq.ozxfs.bomyo.kvugl,2.3876570432075255
1759249696,33920,1,N/A,N/A,N/A,N/A,N/A,N/A,N/A,N/A,6979584,6979584,3252224,135168,278528,1,bash,S (sleeping),victim2.bnsdq.ozxfs.bomyo.kvugl,0.0
1759249696,33934,33918,N/A,N/A,N/A,N/A,N/A,N/A,N/A,N/A,5492736,5492736,577536,135168,180224,1,sleep,S (sleeping),victim2.bnsdq.ozxfs.bomyo.kvugl,0.0
1759249696,33938,33925,N/A,N/A,N/A,N/A,N/A,N/A,N/A,N/A,5492736,5492736,573440,135168,180224,1,sleep,S (sleeping),victim2.bnsdq.ozxfs.bomyo.kvugl,0.0
1759249696,33924,1,N/A,N/A,N/A,N/A,N/A,N/A,N/A,N/A,6979584,6979584,3186688,135168,278528,1,bash,S (sleeping),victim2.bnsdq.ozxfs.bomyo.kvugl,0.0
1759249701,33919,1,N/A,N/A,N/A,N/A,N/A,N/A,N/A,N/A,6979584,6979584,3248128,135168,278528,1,bash,S (sleeping),victim2.bnsdq.ozxfs.bomyo.kvugl,0.0
1759249701,34014,202,N/A,N/A,N/A,N/A,N/A,N/A,N/A,N/A,23040000,21975040,4104192,135168,724992,1,systemd-udevd,S (sleeping),victim2.bnsdq.ozxfs.bomyo.kvugl,0.0
1759249701,33920,1,N/A,N/A,N/A,N/A,N/A,N/A,N/A,N/A,6979584,6979584,3346432,135168,278528,1,bash,S (sleeping),victim2.bnsdq.ozxfs.bomyo.kvugl,0.0
1759249701,34002,33925,N/A,N/A,N/A,N/A,N/A,N/A,N/A,N/A,5492736,5492736,512000,135168,180224,1,sleep,S (sleeping),victim2.bnsdq.ozxfs.bomyo.kvugl,0.0
1759249701,34004,1,101,101,101,101,102,102,102,102,16568320,16560128,7311360,135168,622592,1,systemd-network,S (sleeping),victim2.bnsdq.ozxfs.bomyo.kvugl,1.5347765576555676
1759249701,34003,33919,N/A,N/A,N/A,N/A,N/A,N/A,N/A,N/A,5492736,5492736,512000,135168,180224,1,sleep,S (sleeping),victim2.bnsdq.ozxfs.bomyo.kvugl,0.0
1759249701,34001,33918,N/A,N/A,N/A,N/A,N/A,N/A,N/A,N/A,5492736,5492736,577536,135168,180224,1,sleep,S (sleeping),victim2.bnsdq.ozxfs.bomyo.kvugl,0.0
1759249701,33918,1,N/A,N/A,N/A,N/A,N/A,N/A,N/A,N/A,6979584,6979584,3301376,135168,278528,1,bash,S (sleeping),victim2.bnsdq.ozxfs.bomyo.kvugl,0.0
1759249701,33982,33924,N/A,N/A,N/A,N/A,N/A,N/A,N/A,N/A,5492736,5492736,512000,135168,180224,1,sleep,S (sleeping),victim2.bnsdq.ozxfs.bomyo.kvugl,0.0
1759249701,33987,33920,N/A,N/A,N/A,N/A,N/A,N/A,N/A,N/A,5492736,5492736,512000,135168,180224,1,sleep,S (sleeping),victim2.bnsdq.ozxfs.bomyo.kvugl,0.0
1759249701,33925,1,N/A,N/A,N/A,N/A,N/A,N/A,N/A,N/A,6979584,6979584,3149824,135168,278528,1,bash,S (sleeping),victim2.bnsdq.ozxfs.bomyo.kvugl,0.0
1759249701,33924,1,N/A,N/A,N/A,N/A,N/A,N/A,N/A,N/A,6979584,6979584,3194880,135168,278528,1,bash,S (sleeping),victim2.bnsdq.ozxfs.bomyo.kvugl,0.0
1759249706,34039,1,N/A,N/A,N/A,N/A,N/A,N/A,N/A,N/A,6979584,6979584,3248128,135168,278528,1,bash,S (sleeping),victim2.bnsdq.ozxfs.bomyo.kvugl,0.0
1759249706,34067,34046,N/A,N/A,N/A,N/A,N/A,N/A,N/A,N/A,5492736,5492736,577536,135168,180224,1,sleep,S (sleeping),victim2.bnsdq.ozxfs.bomyo.kvugl,0.0
1759249706,34037,1,N/A,N/A,N/A,N/A,N/A,N/A,N/A,N/A,728137728,728137728,7884800,135168,105218048,4,foundryc,S (sleeping),victim2.bnsdq.ozxfs.bomyo.kvugl,0.0
1759249706,34059,1,101,101,101,101,102,102,102,102,16568320,16560128,7397376,135168,622592,1,systemd-network,S (sleeping),victim2.bnsdq.ozxfs.bomyo.kvugl,1.2758947263123028
1759249706,34040,1,N/A,N/A,N/A,N/A,N/A,N/A,N/A,N/A,6979584,6979584,3297280,135168,278528,1,bash,S (sleeping),victim2.bnsdq.ozxfs.bomyo.kvugl,0.0
1759249706,34044,1,N/A,N/A,N/A,N/A,N/A,N/A,N/A,N/A,6979584,6979584,3235840,135168,278528,1,bash,S (sleeping),victim2.bnsdq.ozxfs.bomyo.kvugl,0.0
1759249706,34069,34038,N/A,N/A,N/A,N/A,N/A,N/A,N/A,N/A,5492736,5492736,512000,135168,180224,1,sleep,S (sleeping),victim2.bnsdq.ozxfs.bomyo.kvugl,0.0
1759249706,34064,34039,N/A,N/A,N/A,N/A,N/A,N/A,N/A,N/A,5492736,5492736,512000,135168,180224,1,sleep,S (sleeping),victim2.bnsdq.ozxfs.bomyo.kvugl,0.0
1759249706,34066,34040,N/A,N/A,N/A,N/A,N/A,N/A,N/A,N/A,5492736,5492736,577536,135168,180224,1,sleep,S (sleeping),victim2.bnsdq.ozxfs.bomyo.kvugl,0.0
1759249706,34068,34044,N/A,N/A,N/A,N/A,N/A,N/A,N/A,N/A,5492736,5492736,507904,135168,180224,1,sleep,S (sleeping),victim2.bnsdq.ozxfs.bomyo.kvugl,0.0
1759249706,34038,1,N/A,N/A,N/A,N/A,N/A,N/A,N/A,N/A,6979584,6979584,3092480,135168,278528,1,bash,S (sleeping),victim2.bnsdq.ozxfs.bomyo.kvugl,0.0
1759249706,34046,1,N/A,N/A,N/A,N/A,N/A,N/A,N/A,N/A,6979584,6979584,3178496,135168,278528,1,bash,S (sleeping),victim2.bnsdq.ozxfs.bomyo.kvugl,0.0
1759249711,34134,202,N/A,N/A,N/A,N/A,N/A,N/A,N/A,N/A,23040000,21975040,4104192,135168,724992,1,systemd-udevd,S (sleeping),victim2.bnsdq.ozxfs.bomyo.kvugl,0.0
1759249711,34124,1,101,101,101,101,102,102,102,102,16568320,16560128,7380992,135168,622592,1,systemd-network,S (sleeping),victim2.bnsdq.ozxfs.bomyo.kvugl,0.835022339630297
1759249716,34156,1,N/A,N/A,N/A,N/A,N/A,N/A,N/A,N/A,728137728,728137728,7884800,135168,105218048,4,foundryc,S (sleeping),victim2.bnsdq.ozxfs.bomyo.kvugl,0.0
1759249716,34158,1,N/A,N/A,N/A,N/A,N/A,N/A,N/A,N/A,6979584,6979584,3223552,135168,278528,1,bash,S (sleeping),victim2.bnsdq.ozxfs.bomyo.kvugl,0.0
1759249716,34162,1,N/A,N/A,N/A,N/A,N/A,N/A,N/A,N/A,6979584,6979584,3104768,135168,278528,1,bash,S (sleeping),victim2.bnsdq.ozxfs.bomyo.kvugl,0.0
1759249716,34195,34163,N/A,N/A,N/A,N/A,N/A,N/A,N/A,N/A,5492736,5492736,512000,135168,180224,1,sleep,S (sleeping),victim2.bnsdq.ozxfs.bomyo.kvugl,0.0
1759249716,34166,1,N/A,N/A,N/A,N/A,N/A,N/A,N/A,N/A,6979584,6979584,3387392,135168,278528,1,bash,S (sleeping),victim2.bnsdq.ozxfs.bomyo.kvugl,0.0
1759249716,34197,34166,N/A,N/A,N/A,N/A,N/A,N/A,N/A,N/A,5492736,5492736,507904,135168,180224,1,sleep,S (sleeping),victim2.bnsdq.ozxfs.bomyo.kvugl,0.0
1759249716,34163,1,N/A,N/A,N/A,N/A,N/A,N/A,N/A,N/A,6979584,6979584,3391488,135168,278528,1,bash,S (sleeping),victim2.bnsdq.ozxfs.bomyo.kvugl,0.0
1759249716,34198,34158,N/A,N/A,N/A,N/A,N/A,N/A,N/A,N/A,5492736,5492736,577536,135168,180224,1,sleep,S (sleeping),victim2.bnsdq.ozxfs.bomyo.kvugl,0.0
1759249716,34157,1,N/A,N/A,N/A,N/A,N/A,N/A,N/A,N/A,6979584,6979584,3198976,135168,278528,1,bash,S (sleeping),victim2.bnsdq.ozxfs.bomyo.kvugl,0.0
1759249716,34190,34157,N/A,N/A,N/A,N/A,N/A,N/A,N/A,N/A,5492736,5492736,512000,135168,180224,1,sleep,S (sleeping),victim2.bnsdq.ozxfs.bomyo.kvugl,0.0
1759249716,34196,34162,N/A,N/A,N/A,N/A,N/A,N/A,N/A,N/A,5492736,5492736,573440,135168,180224,1,sleep,S (sleeping),victim2.bnsdq.ozxfs.bomyo.kvugl,0.0
1759249716,34178,1,101,101,101,101,102,102,102,102,16568320,16560128,7352320,135168,622592,1,systemd-network,S (sleeping),victim2.bnsdq.ozxfs.bomyo.kvugl,0.8807686957880665
1759249721,34243,1,101,101,101,101,102,102,102,102,16568320,16560128,7495680,135168,622592,1,systemd-network,S (sleeping),victim2.bnsdq.ozxfs.bomyo.kvugl,0.5800635894419894
1759249721,34253,202,N/A,N/A,N/A,N/A,N/A,N/A,N/A,N/A,23040000,21975040,4104192,135168,724992,1,systemd-udevd,S (sleeping),victim2.bnsdq.ozxfs.bomyo.kvugl,0.0
1759249726,34288,1,N/A,N/A,N/A,N/A,N/A,N/A,N/A,N/A,6979584,6979584,3252224,135168,278528,1,bash,S (sleeping),victim2.bnsdq.ozxfs.bomyo.kvugl,0.0
1759249726,34276,1,N/A,N/A,N/A,N/A,N/A,N/A,N/A,N/A,728137728,728137728,7884800,135168,105218048,4,foundryc,S (sleeping),victim2.bnsdq.ozxfs.bomyo.kvugl,0.0
1759249726,34322,34281,N/A,N/A,N/A,N/A,N/A,N/A,N/A,N/A,5492736,5492736,512000,135168,180224,1,sleep,S (sleeping),victim2.bnsdq.ozxfs.bomyo.kvugl,0.0
1759249726,34298,1,101,101,101,101,102,102,102,102,16568320,16560128,7376896,135168,622592,1,systemd-network,S (sleeping),victim2.bnsdq.ozxfs.bomyo.kvugl,0.44864288071267944
1759249726,34327,34285,N/A,N/A,N/A,N/A,N/A,N/A,N/A,N/A,5492736,5492736,581632,135168,180224,1,sleep,S (sleeping),victim2.bnsdq.ozxfs.bomyo.kvugl,0.0
1759249726,34328,34288,N/A,N/A,N/A,N/A,N/A,N/A,N/A,N/A,5492736,5492736,507904,135168,180224,1,sleep,S (sleeping),victim2.bnsdq.ozxfs.bomyo.kvugl,0.0
1759249726,34285,1,N/A,N/A,N/A,N/A,N/A,N/A,N/A,N/A,6979584,6979584,3153920,135168,278528,1,bash,S (sleeping),victim2.bnsdq.ozxfs.bomyo.kvugl,0.0
1759249726,34281,1,N/A,N/A,N/A,N/A,N/A,N/A,N/A,N/A,6979584,6979584,3305472,135168,278528,1,bash,S (sleeping),victim2.bnsdq.ozxfs.bomyo.kvugl,0.0
1759249726,34326,34280,N/A,N/A,N/A,N/A,N/A,N/A,N/A,N/A,5492736,5492736,577536,135168,180224,1,sleep,S (sleeping),victim2.bnsdq.ozxfs.bomyo.kvugl,0.0
1759249726,34280,1,N/A,N/A,N/A,N/A,N/A,N/A,N/A,N/A,6979584,6979584,3203072,135168,278528,1,bash,S (sleeping),victim2.bnsdq.ozxfs.bomyo.kvugl,0.0
1759249726,34320,34279,N/A,N/A,N/A,N/A,N/A,N/A,N/A,N/A,5492736,5492736,577536,135168,180224,1,sleep,S (sleeping),victim2.bnsdq.ozxfs.bomyo.kvugl,0.0
1759249726,34279,1,N/A,N/A,N/A,N/A,N/A,N/A,N/A,N/A,6979584,6979584,3203072,135168,278528,1,bash,S (sleeping),victim2.bnsdq.ozxfs.bomyo.kvugl,0.0
1759249731,34363,1,101,101,101,101,102,102,102,102,16568320,16560128,7356416,135168,622592,1,systemd-network,S (sleeping),victim2.bnsdq.ozxfs.bomyo.kvugl,0.444431444923443
1759249731,34373,202,N/A,N/A,N/A,N/A,N/A,N/A,N/A,N/A,23040000,21975040,4104192,135168,724992,1,systemd-udevd,S (sleeping),victim2.bnsdq.ozxfs.bomyo.kvugl,0.0
1759249736,34445,34398,N/A,N/A,N/A,N/A,N/A,N/A,N/A,N/A,5492736,5492736,507904,135168,180224,1,sleep,S (sleeping),victim2.bnsdq.ozxfs.bomyo.kvugl,0.0
1759249736,34418,1,101,101,101,101,102,102,102,102,16568320,16560128,7344128,135168,622592,1,systemd-network,S (sleeping),victim2.bnsdq.ozxfs.bomyo.kvugl,0.4435049088620142
1759249736,34399,1,N/A,N/A,N/A,N/A,N/A,N/A,N/A,N/A,6979584,6979584,3198976,135168,278528,1,bash,S (sleeping),victim2.bnsdq.ozxfs.bomyo.kvugl,0.0
1759249736,34403,1,N/A,N/A,N/A,N/A,N/A,N/A,N/A,N/A,6979584,6979584,3317760,135168,278528,1,bash,S (sleeping),victim2.bnsdq.ozxfs.bomyo.kvugl,0.0
1759249736,34407,1,N/A,N/A,N/A,N/A,N/A,N/A,N/A,N/A,6979584,6979584,3338240,135168,278528,1,bash,S (sleeping),victim2.bnsdq.ozxfs.bomyo.kvugl,0.0
1759249736,34396,1,N/A,N/A,N/A,N/A,N/A,N/A,N/A,N/A,728137728,728137728,7880704,135168,105218048,4,foundryc,S (sleeping),victim2.bnsdq.ozxfs.bomyo.kvugl,0.0
1759249736,34447,34407,N/A,N/A,N/A,N/A,N/A,N/A,N/A,N/A,5492736,5492736,577536,135168,180224,1,sleep,S (sleeping),victim2.bnsdq.ozxfs.bomyo.kvugl,0.0
1759249736,34448,34397,N/A,N/A,N/A,N/A,N/A,N/A,N/A,N/A,5492736,5492736,512000,135168,180224,1,sleep,S (sleeping),victim2.bnsdq.ozxfs.bomyo.kvugl,0.0
1759249736,34397,1,N/A,N/A,N/A,N/A,N/A,N/A,N/A,N/A,6979584,6979584,3125248,135168,278528,1,bash,S (sleeping),victim2.bnsdq.ozxfs.bomyo.kvugl,0.0
1759249736,34440,34403,N/A,N/A,N/A,N/A,N/A,N/A,N/A,N/A,5492736,5492736,577536,135168,180224,1,sleep,S (sleeping),victim2.bnsdq.ozxfs.bomyo.kvugl,0.0
1759249736,34398,1,N/A,N/A,N/A,N/A,N/A,N/A,N/A,N/A,6979584,6979584,3096576,135168,278528,1,bash,S (sleeping),victim2.bnsdq.ozxfs.bomyo.kvugl,0.0
1759249736,34446,34399,N/A,N/A,N/A,N/A,N/A,N/A,N/A,N/A,5492736,5492736,573440,135168,180224,1,sleep,S (sleeping),victim2.bnsdq.ozxfs.bomyo.kvugl,0.0
1759249741,34483,1,101,101,101,101,102,102,102,102,16568320,16560128,7299072,135168,622592,1,systemd-network,S (sleeping),victim2.bnsdq.ozxfs.bomyo.kvugl,0.43920437936940937
1759249746,34572,34524,N/A,N/A,N/A,N/A,N/A,N/A,N/A,N/A,5492736,5492736,516096,135168,180224,1,sleep,S (sleeping),victim2.bnsdq.ozxfs.bomyo.kvugl,0.0
1759249746,34518,1,N/A,N/A,N/A,N/A,N/A,N/A,N/A,N/A,6979584,6979584,3399680,135168,278528,1,bash,S (sleeping),victim2.bnsdq.ozxfs.bomyo.kvugl,0.0
1759249746,34524,1,N/A,N/A,N/A,N/A,N/A,N/A,N/A,N/A,6979584,6979584,3190784,135168,278528,1,bash,S (sleeping),victim2.bnsdq.ozxfs.bomyo.kvugl,0.0
1759249746,34538,1,101,101,101,101,102,102,102,102,16568320,16560128,7200768,135168,622592,1,systemd-network,S (sleeping),victim2.bnsdq.ozxfs.bomyo.kvugl,0.5396820295373933
1759249746,34516,1,N/A,N/A,N/A,N/A,N/A,N/A,N/A,N/A,728137728,728137728,7880704,135168,105218048,4,foundryc,S (sleeping),victim2.bnsdq.ozxfs.bomyo.kvugl,0.0
1759249746,34570,34518,N/A,N/A,N/A,N/A,N/A,N/A,N/A,N/A,5492736,5492736,577536,135168,180224,1,sleep,S (sleeping),victim2.bnsdq.ozxfs.bomyo.kvugl,0.0
1759249746,34578,34517,N/A,N/A,N/A,N/A,N/A,N/A,N/A,N/A,5492736,5492736,577536,135168,180224,1,sleep,S (sleeping),victim2.bnsdq.ozxfs.bomyo.kvugl,0.0
1759249746,34527,1,N/A,N/A,N/A,N/A,N/A,N/A,N/A,N/A,6979584,6979584,3129344,135168,278528,1,bash,S (sleeping),victim2.bnsdq.ozxfs.bomyo.kvugl,0.0
1759249746,34521,1,N/A,N/A,N/A,N/A,N/A,N/A,N/A,N/A,6979584,6979584,3194880,135168,278528,1,bash,S (sleeping),victim2.bnsdq.ozxfs.bomyo.kvugl,0.0
1759249746,34577,34521,N/A,N/A,N/A,N/A,N/A,N/A,N/A,N/A,5492736,5492736,512000,135168,180224,1,sleep,S (sleeping),victim2.bnsdq.ozxfs.bomyo.kvugl,0.0
1759249746,34574,34527,N/A,N/A,N/A,N/A,N/A,N/A,N/A,N/A,5492736,5492736,512000,135168,180224,1,sleep,S (sleeping),victim2.bnsdq.ozxfs.bomyo.kvugl,0.0
1759249746,34517,1,N/A,N/A,N/A,N/A,N/A,N/A,N/A,N/A,6979584,6979584,3121152,135168,278528,1,bash,S (sleeping),victim2.bnsdq.ozxfs.bomyo.kvugl,0.0
1759249751,34635,1,N/A,N/A,N/A,N/A,N/A,N/A,N/A,N/A,728137728,728137728,7884800,135168,105218048,4,foundryc,S (sleeping),victim2.bnsdq.ozxfs.bomyo.kvugl,0.0
1759249751,34657,1,101,101,101,101,102,102,102,102,16568320,16560128,7188480,135168,622592,1,systemd-network,S (sleeping),victim2.bnsdq.ozxfs.bomyo.kvugl,1.2471884233830368
1759249751,34648,1,N/A,N/A,N/A,N/A,N/A,N/A,N/A,N/A,6979584,6979584,3158016,135168,278528,1,bash,S (sleeping),victim2.bnsdq.ozxfs.bomyo.kvugl,0.0
1759249751,34654,34642,N/A,N/A,N/A,N/A,N/A,N/A,N/A,N/A,5492736,5492736,577536,135168,180224,1,sleep,S (sleeping),victim2.bnsdq.ozxfs.bomyo.kvugl,0.0
1759249751,34655,34641,N/A,N/A,N/A,N/A,N/A,N/A,N/A,N/A,5492736,5492736,577536,135168,180224,1,sleep,S (sleeping),victim2.bnsdq.ozxfs.bomyo.kvugl,0.0
1759249751,34641,1,N/A,N/A,N/A,N/A,N/A,N/A,N/A,N/A,6979584,6979584,3178496,135168,278528,1,bash,S (sleeping),victim2.bnsdq.ozxfs.bomyo.kvugl,0.0
1759249751,34636,1,N/A,N/A,N/A,N/A,N/A,N/A,N/A,N/A,6979584,6979584,3198976,135168,278528,1,bash,S (sleeping),victim2.bnsdq.ozxfs.bomyo.kvugl,0.0
1759249751,34652,34636,N/A,N/A,N/A,N/A,N/A,N/A,N/A,N/A,5492736,5492736,577536,135168,180224,1,sleep,S (sleeping),victim2.bnsdq.ozxfs.bomyo.kvugl,0.0
1759249751,34653,34637,N/A,N/A,N/A,N/A,N/A,N/A,N/A,N/A,5492736,5492736,577536,135168,180224,1,sleep,S (sleeping),victim2.bnsdq.ozxfs.bomyo.kvugl,0.0
1759249751,34642,1,N/A,N/A,N/A,N/A,N/A,N/A,N/A,N/A,6979584,6979584,3170304,135168,278528,1,bash,S (sleeping),victim2.bnsdq.ozxfs.bomyo.kvugl,0.0
1759249751,34637,1,N/A,N/A,N/A,N/A,N/A,N/A,N/A,N/A,6979584,6979584,3313664,135168,278528,1,bash,S (sleeping),victim2.bnsdq.ozxfs.bomyo.kvugl,0.0
1759249751,34656,34648,N/A,N/A,N/A,N/A,N/A,N/A,N/A,N/A,5492736,5492736,512000,135168,180224,1,sleep,S (sleeping),victim2.bnsdq.ozxfs.bomyo.kvugl,0.0
1759249761,34847,34823,N/A,N/A,N/A,N/A,N/A,N/A,N/A,N/A,5492736,5492736,573440,135168,180224,1,sleep,S (sleeping),victim2.bnsdq.ozxfs.bomyo.kvugl,0.0
1759249761,34807,34806,1001,1001,1001,1001,1001,1001,1001,1001,6979584,6979584,3272704,135168,278528,1,bash,S (sleeping),victim2.bnsdq.ozxfs.bomyo.kvugl,0.0
1759249761,34809,34808,N/A,N/A,N/A,N/A,N/A,N/A,N/A,N/A,10379264,10379264,3727360,135168,294912,1,systemctl,S (sleeping),victim2.bnsdq.ozxfs.bomyo.kvugl,0.0
1759249761,34848,34831,N/A,N/A,N/A,N/A,N/A,N/A,N/A,N/A,5492736,5492736,573440,135168,180224,1,sleep,S (sleeping),victim2.bnsdq.ozxfs.bomyo.kvugl,0.0
1759249761,34823,1,N/A,N/A,N/A,N/A,N/A,N/A,N/A,N/A,6979584,6979584,3096576,135168,278528,1,bash,S (sleeping),victim2.bnsdq.ozxfs.bomyo.kvugl,0.0
1759249761,34825,1,N/A,N/A,N/A,N/A,N/A,N/A,N/A,N/A,6979584,6979584,3194880,135168,278528,1,bash,S (sleeping),victim2.bnsdq.ozxfs.bomyo.kvugl,0.0
1759249761,34827,1,N/A,N/A,N/A,N/A,N/A,N/A,N/A,N/A,6979584,6979584,3293184,135168,278528,1,bash,S (sleeping),victim2.bnsdq.ozxfs.bomyo.kvugl,0.0
1759249761,34820,1,101,101,101,101,102,102,102,102,16568320,16560128,7221248,135168,622592,1,systemd-network,S (sleeping),victim2.bnsdq.ozxfs.bomyo.kvugl,0.41605224089067444
1759249761,34806,34800,1001,1001,1001,1001,1001,1001,1001,1001,15069184,15069184,6066176,135168,1175552,1,sshd,S (sleeping),victim2.bnsdq.ozxfs.bomyo.kvugl,0.0
1759249761,34850,34811,N/A,N/A,N/A,N/A,N/A,N/A,N/A,N/A,5492736,5492736,516096,135168,180224,1,sleep,S (sleeping),victim2.bnsdq.ozxfs.bomyo.kvugl,0.0
1759249761,34851,34827,N/A,N/A,N/A,N/A,N/A,N/A,N/A,N/A,5492736,5492736,573440,135168,180224,1,sleep,S (sleeping),victim2.bnsdq.ozxfs.bomyo.kvugl,0.0
1759249761,34808,34807,1001,N/A,N/A,N/A,N/A,N/A,N/A,N/A,11055104,11034624,5136384,135168,659456,1,sudo,S (sleeping),victim2.bnsdq.ozxfs.bomyo.kvugl,0.0
1759249761,34831,1,N/A,N/A,N/A,N/A,N/A,N/A,N/A,N/A,6979584,6979584,3293184,135168,278528,1,bash,S (sleeping),victim2.bnsdq.ozxfs.bomyo.kvugl,0.0
1759249761,34849,34825,N/A,N/A,N/A,N/A,N/A,N/A,N/A,N/A,5492736,5492736,581632,135168,180224,1,sleep,S (sleeping),victim2.bnsdq.ozxfs.bomyo.kvugl,0.0
1759249761,34800,2608,N/A,N/A,N/A,N/A,N/A,N/A,N/A,N/A,15106048,15069184,9003008,135168,1175552,1,sshd,S (sleeping),victim2.bnsdq.ozxfs.bomyo.kvugl,0.20793114381797306
1759249761,34810,1,N/A,N/A,N/A,N/A,N/A,N/A,N/A,N/A,728137728,728137728,7880704,135168,105218048,4,foundryc,S (sleeping),victim2.bnsdq.ozxfs.bomyo.kvugl,0.0
1759249761,34811,1,N/A,N/A,N/A,N/A,N/A,N/A,N/A,N/A,6979584,6979584,3088384,135168,278528,1,bash,S (sleeping),victim2.bnsdq.ozxfs.bomyo.kvugl,0.0
1759249761,34824,1,N/A,N/A,N/A,N/A,N/A,N/A,N/A,N/A,6979584,6979584,3100672,135168,278528,1,bash,S (sleeping),victim2.bnsdq.ozxfs.bomyo.kvugl,0.0
1759249761,34844,34824,N/A,N/A,N/A,N/A,N/A,N/A,N/A,N/A,5492736,5492736,512000,135168,180224,1,sleep,S (sleeping),victim2.bnsdq.ozxfs.bomyo.kvugl,0.0
1759249766,34937,1,N/A,N/A,N/A,N/A,N/A,N/A,N/A,N/A,728137728,728137728,9461760,135168,105218048,5,foundryc,S (sleeping),victim2.bnsdq.ozxfs.bomyo.kvugl,0.0
1759249766,34943,34938,N/A,N/A,N/A,N/A,N/A,N/A,N/A,N/A,5492736,5492736,573440,135168,180224,1,sleep,S (sleeping),victim2.bnsdq.ozxfs.bomyo.kvugl,0.0
1759249766,34948,1,101,101,101,101,102,102,102,102,16568320,16560128,7348224,135168,622592,1,systemd-network,S (sleeping),victim2.bnsdq.ozxfs.bomyo.kvugl,2.127262627261838
1759249766,34926,2,N/A,N/A,N/A,N/A,N/A,N/A,N/A,N/A,N/A,N/A,N/A,N/A,N/A,1,kworker/u2,I (idle),victim2.bnsdq.ozxfs.bomyo.kvugl,0.0
1759249766,34933,34927,1001,1001,1001,1001,1001,1001,1001,1001,15065088,15065088,4792320,135168,1171456,1,sshd,S (sleeping),victim2.bnsdq.ozxfs.bomyo.kvugl,0.0
1759249766,34908,1,N/A,N/A,N/A,N/A,N/A,N/A,N/A,N/A,1332027392,1332027392,101470208,135168,163598336,4,discern-file-so,S (sleeping),victim2.bnsdq.ozxfs.bomyo.kvugl,49.733920920419784
1759249766,34938,1,N/A,N/A,N/A,N/A,N/A,N/A,N/A,N/A,6979584,6979584,3280896,135168,278528,1,bash,S (sleeping),victim2.bnsdq.ozxfs.bomyo.kvugl,0.0
1759249766,34900,202,N/A,N/A,N/A,N/A,N/A,N/A,N/A,N/A,23040000,21975040,4104192,135168,724992,1,systemd-udevd,S (sleeping),victim2.bnsdq.ozxfs.bomyo.kvugl,0.0
1759249766,34934,34933,1001,1001,1001,1001,1001,1001,1001,1001,6979584,6979584,3092480,135168,278528,1,bash,S (sleeping),victim2.bnsdq.ozxfs.bomyo.kvugl,0.0
1759249766,34935,34934,1001,N/A,N/A,N/A,N/A,N/A,N/A,N/A,11055104,11034624,5128192,135168,659456,1,sudo,S (sleeping),victim2.bnsdq.ozxfs.bomyo.kvugl,0.0
1759249766,34936,34935,N/A,N/A,N/A,N/A,N/A,N/A,N/A,N/A,10379264,10379264,3883008,135168,294912,1,systemctl,S (sleeping),victim2.bnsdq.ozxfs.bomyo.kvugl,0.0
1759249766,34927,2608,N/A,N/A,N/A,N/A,N/A,N/A,N/A,N/A,15101952,15065088,8945664,135168,1171456,1,sshd,S (sleeping),victim2.bnsdq.ozxfs.bomyo.kvugl,0.0
1759249771,35006,34938,N/A,N/A,N/A,N/A,N/A,N/A,N/A,N/A,5492736,5492736,573440,135168,180224,1,sleep,S (sleeping),victim2.bnsdq.ozxfs.bomyo.kvugl,0.0
1759249771,34926,2,N/A,N/A,N/A,N/A,N/A,N/A,N/A,N/A,N/A,N/A,N/A,N/A,N/A,1,kworker/u2,I (idle),victim2.bnsdq.ozxfs.bomyo.kvugl,0.0
1759249771,35030,202,N/A,N/A,N/A,N/A,N/A,N/A,N/A,N/A,23040000,21975040,3993600,135168,724992,1,systemd-udevd,S (sleeping),victim2.bnsdq.ozxfs.bomyo.kvugl,0.0
1759249771,35020,1,101,101,101,101,102,102,102,102,16568320,16560128,7229440,135168,622592,1,systemd-network,S (sleeping),victim2.bnsdq.ozxfs.bomyo.kvugl,1.036316698980127
1759249771,34938,1,N/A,N/A,N/A,N/A,N/A,N/A,N/A,N/A,6979584,6979584,3301376,135168,278528,1,bash,S (sleeping),victim2.bnsdq.ozxfs.bomyo.kvugl,0.0
1759249771,34936,34935,N/A,N/A,N/A,N/A,N/A,N/A,N/A,N/A,10379264,10379264,3883008,135168,294912,1,systemctl,S (sleeping),victim2.bnsdq.ozxfs.bomyo.kvugl,0.0
1759249771,34927,2608,N/A,N/A,N/A,N/A,N/A,N/A,N/A,N/A,15101952,15065088,8945664,135168,1171456,1,sshd,S (sleeping),victim2.bnsdq.ozxfs.bomyo.kvugl,0.0
1759249771,34908,1,N/A,N/A,N/A,N/A,N/A,N/A,N/A,N/A,1332027392,1332027392,108118016,135168,163598336,4,discern-file-so,S (sleeping),victim2.bnsdq.ozxfs.bomyo.kvugl,62.819270867822226
1759249771,34934,34933,1001,1001,1001,1001,1001,1001,1001,1001,6979584,6979584,3092480,135168,278528,1,bash,S (sleeping),victim2.bnsdq.ozxfs.bomyo.kvugl,0.0
1759249771,34935,34934,1001,N/A,N/A,N/A,N/A,N/A,N/A,N/A,11055104,11034624,5128192,135168,659456,1,sudo,S (sleeping),victim2.bnsdq.ozxfs.bomyo.kvugl,0.0
1759249771,34982,2,N/A,N/A,N/A,N/A,N/A,N/A,N/A,N/A,N/A,N/A,N/A,N/A,N/A,1,kworker/u2,I (idle),victim2.bnsdq.ozxfs.bomyo.kvugl,0.0
1759249771,34933,34927,1001,1001,1001,1001,1001,1001,1001,1001,15065088,15065088,4792320,135168,1171456,1,sshd,S (sleeping),victim2.bnsdq.ozxfs.bomyo.kvugl,0.0
1759249771,34949,2,N/A,N/A,N/A,N/A,N/A,N/A,N/A,N/A,N/A,N/A,N/A,N/A,N/A,1,kworker/u2,I (idle),victim2.bnsdq.ozxfs.bomyo.kvugl,0.0
1759249776,35065,1,N/A,N/A,N/A,N/A,N/A,N/A,N/A,N/A,6979584,6979584,3268608,135168,278528,1,bash,S (sleeping),victim2.bnsdq.ozxfs.bomyo.kvugl,0.0
1759249776,35066,1,N/A,N/A,N/A,N/A,N/A,N/A,N/A,N/A,6979584,6979584,3289088,135168,278528,1,bash,S (sleeping),victim2.bnsdq.ozxfs.bomyo.kvugl,0.0
1759249776,35084,1,101,101,101,101,102,102,102,102,16568320,16560128,7335936,135168,622592,1,systemd-network,S (sleeping),victim2.bnsdq.ozxfs.bomyo.kvugl,1.0069673896299471
1759249776,35103,35064,N/A,N/A,N/A,N/A,N/A,N/A,N/A,N/A,5492736,5492736,516096,135168,180224,1,sleep,S (sleeping),victim2.bnsdq.ozxfs.bomyo.kvugl,0.0
1759249776,35102,35066,N/A,N/A,N/A,N/A,N/A,N/A,N/A,N/A,5492736,5492736,581632,135168,180224,1,sleep,S (sleeping),victim2.bnsdq.ozxfs.bomyo.kvugl,0.0
1759249776,35060,2,N/A,N/A,N/A,N/A,N/A,N/A,N/A,N/A,N/A,N/A,N/A,N/A,N/A,1,kworker/u2,I (idle),victim2.bnsdq.ozxfs.bomyo.kvugl,0.0
1759249776,35055,1,N/A,N/A,N/A,N/A,N/A,N/A,N/A,N/A,1647706112,1580597248,20557824,135168,82202624,5,discern-interfa,S (sleeping),victim2.bnsdq.ozxfs.bomyo.kvugl,0.3344683252277407
1759249777,34982,2,N/A,N/A,N/A,N/A,N/A,N/A,N/A,N/A,N/A,N/A,N/A,N/A,N/A,1,kworker/u2,I (idle),victim2.bnsdq.ozxfs.bomyo.kvugl,0.0
1759249777,34908,1,N/A,N/A,N/A,N/A,N/A,N/A,N/A,N/A,1466646528,1466646528,192774144,135168,252080128,4,discern-file-so,S (sleeping),victim2.bnsdq.ozxfs.bomyo.kvugl,68.59880714936267
1759249777,35063,1,N/A,N/A,N/A,N/A,N/A,N/A,N/A,N/A,6979584,6979584,3207168,135168,278528,1,bash,S (sleeping),victim2.bnsdq.ozxfs.bomyo.kvugl,0.0
1759249777,35101,35065,N/A,N/A,N/A,N/A,N/A,N/A,N/A,N/A,5492736,5492736,516096,135168,180224,1,sleep,S (sleeping),victim2.bnsdq.ozxfs.bomyo.kvugl,0.0
1759249777,35061,1,N/A,N/A,N/A,N/A,N/A,N/A,N/A,N/A,728137728,728137728,7618560,135168,105218048,5,foundryc,S (sleeping),victim2.bnsdq.ozxfs.bomyo.kvugl,0.0
1759249777,35064,1,N/A,N/A,N/A,N/A,N/A,N/A,N/A,N/A,6979584,6979584,3125248,135168,278528,1,bash,S (sleeping),victim2.bnsdq.ozxfs.bomyo.kvugl,0.0
1759249777,35097,35063,N/A,N/A,N/A,N/A,N/A,N/A,N/A,N/A,5492736,5492736,516096,135168,180224,1,sleep,S (sleeping),victim2.bnsdq.ozxfs.bomyo.kvugl,0.0
1759249777,35104,35062,N/A,N/A,N/A,N/A,N/A,N/A,N/A,N/A,5492736,5492736,581632,135168,180224,1,sleep,S (sleeping),victim2.bnsdq.ozxfs.bomyo.kvugl,0.0
1759249777,35062,1,N/A,N/A,N/A,N/A,N/A,N/A,N/A,N/A,6979584,6979584,3215360,135168,278528,1,bash,S (sleeping),victim2.bnsdq.ozxfs.bomyo.kvugl,0.0
1759249777,34949,2,N/A,N/A,N/A,N/A,N/A,N/A,N/A,N/A,N/A,N/A,N/A,N/A,N/A,1,kworker/u2,I (idle),victim2.bnsdq.ozxfs.bomyo.kvugl,0.0
1759249777,34926,2,N/A,N/A,N/A,N/A,N/A,N/A,N/A,N/A,N/A,N/A,N/A,N/A,N/A,1,kworker/u2,I (idle),victim2.bnsdq.ozxfs.bomyo.kvugl,0.0
1759249782,34908,1,N/A,N/A,N/A,N/A,N/A,N/A,N/A,N/A,1466908672,1466908672,192774144,135168,252342272,4,discern-file-so,S (sleeping),victim2.bnsdq.ozxfs.bomyo.kvugl,71.07924936553087
1759249782,35148,1,101,101,101,101,102,102,102,102,16568320,16560128,7393280,135168,622592,1,systemd-network,S (sleeping),victim2.bnsdq.ozxfs.bomyo.kvugl,0.9884037718430212
1759249782,34982,2,N/A,N/A,N/A,N/A,N/A,N/A,N/A,N/A,N/A,N/A,N/A,N/A,N/A,1,kworker/u2,I (idle),victim2.bnsdq.ozxfs.bomyo.kvugl,0.0
1759249782,34926,2,N/A,N/A,N/A,N/A,N/A,N/A,N/A,N/A,N/A,N/A,N/A,N/A,N/A,1,kworker/u2,I (idle),victim2.bnsdq.ozxfs.bomyo.kvugl,0.0
1759249782,35158,202,N/A,N/A,N/A,N/A,N/A,N/A,N/A,N/A,23040000,21975040,4018176,135168,724992,1,systemd-udevd,S (sleeping),victim2.bnsdq.ozxfs.bomyo.kvugl,0.0
1759249782,35060,2,N/A,N/A,N/A,N/A,N/A,N/A,N/A,N/A,N/A,N/A,N/A,N/A,N/A,1,kworker/u2,I (idle),victim2.bnsdq.ozxfs.bomyo.kvugl,0.0
1759249782,35055,1,N/A,N/A,N/A,N/A,N/A,N/A,N/A,N/A,1647706112,1580597248,20557824,135168,82202624,5,discern-interfa,S (sleeping),victim2.bnsdq.ozxfs.bomyo.kvugl,0.18123023022395993
1759249782,34949,2,N/A,N/A,N/A,N/A,N/A,N/A,N/A,N/A,N/A,N/A,N/A,N/A,N/A,1,kworker/u2,I (idle),victim2.bnsdq.ozxfs.bomyo.kvugl,0.0
1759249787,35181,1,N/A,N/A,N/A,N/A,N/A,N/A,N/A,N/A,6979584,6979584,3207168,135168,278528,1,bash,S (sleeping),victim2.bnsdq.ozxfs.bomyo.kvugl,0.0
1759249787,35180,1,N/A,N/A,N/A,N/A,N/A,N/A,N/A,N/A,728137728,728137728,8081408,135168,105218048,4,foundryc,S (sleeping),victim2.bnsdq.ozxfs.bomyo.kvugl,0.0
1759249787,35218,35181,N/A,N/A,N/A,N/A,N/A,N/A,N/A,N/A,5492736,5492736,581632,135168,180224,1,sleep,S (sleeping),victim2.bnsdq.ozxfs.bomyo.kvugl,0.0
1759249787,34926,2,N/A,N/A,N/A,N/A,N/A,N/A,N/A,N/A,N/A,N/A,N/A,N/A,N/A,1,kworker/u2,I (idle),victim2.bnsdq.ozxfs.bomyo.kvugl,0.0
1759249787,35219,35184,N/A,N/A,N/A,N/A,N/A,N/A,N/A,N/A,5492736,5492736,512000,135168,180224,1,sleep,S (sleeping),victim2.bnsdq.ozxfs.bomyo.kvugl,0.0
1759249787,35184,1,N/A,N/A,N/A,N/A,N/A,N/A,N/A,N/A,6979584,6979584,3305472,135168,278528,1,bash,S (sleeping),victim2.bnsdq.ozxfs.bomyo.kvugl,0.0
1759249787,35055,1,N/A,N/A,N/A,N/A,N/A,N/A,N/A,N/A,1647706112,1580597248,20557824,135168,82202624,5,discern-interfa,S (sleeping),victim2.bnsdq.ozxfs.bomyo.kvugl,0.12447356177910074
1759249787,35182,1,N/A,N/A,N/A,N/A,N/A,N/A,N/A,N/A,6979584,6979584,3174400,135168,278528,1,bash,S (sleeping),victim2.bnsdq.ozxfs.bomyo.kvugl,0.0
1759249787,35221,35185,N/A,N/A,N/A,N/A,N/A,N/A,N/A,N/A,5492736,5492736,581632,135168,180224,1,sleep,S (sleeping),victim2.bnsdq.ozxfs.bomyo.kvugl,0.0
1759249787,34949,2,N/A,N/A,N/A,N/A,N/A,N/A,N/A,N/A,N/A,N/A,N/A,N/A,N/A,1,kworker/u2,I (idle),victim2.bnsdq.ozxfs.bomyo.kvugl,0.0
1759249787,35183,1,N/A,N/A,N/A,N/A,N/A,N/A,N/A,N/A,6979584,6979584,3112960,135168,278528,1,bash,S (sleeping),victim2.bnsdq.ozxfs.bomyo.kvugl,0.0
1759249787,35222,35183,N/A,N/A,N/A,N/A,N/A,N/A,N/A,N/A,5492736,5492736,581632,135168,180224,1,sleep,S (sleeping),victim2.bnsdq.ozxfs.bomyo.kvugl,0.0
1759249787,35060,2,N/A,N/A,N/A,N/A,N/A,N/A,N/A,N/A,N/A,N/A,N/A,N/A,N/A,1,kworker/u2,I (idle),victim2.bnsdq.ozxfs.bomyo.kvugl,0.0
1759249787,35185,1,N/A,N/A,N/A,N/A,N/A,N/A,N/A,N/A,6979584,6979584,3248128,135168,278528,1,bash,S (sleeping),victim2.bnsdq.ozxfs.bomyo.kvugl,0.0
1759249787,35202,1,101,101,101,101,102,102,102,102,16568320,16560128,7327744,135168,622592,1,systemd-network,S (sleeping),victim2.bnsdq.ozxfs.bomyo.kvugl,0.7373650792205637
1759249787,34908,1,N/A,N/A,N/A,N/A,N/A,N/A,N/A,N/A,1467367424,1467367424,192774144,135168,252801024,4,discern-file-so,S (sleeping),victim2.bnsdq.ozxfs.bomyo.kvugl,72.1270366200189
1759249787,34982,2,N/A,N/A,N/A,N/A,N/A,N/A,N/A,N/A,N/A,N/A,N/A,N/A,N/A,1,kworker/u2,I (idle),victim2.bnsdq.ozxfs.bomyo.kvugl,0.0
1759249787,35220,35182,N/A,N/A,N/A,N/A,N/A,N/A,N/A,N/A,5492736,5492736,581632,135168,180224,1,sleep,S (sleeping),victim2.bnsdq.ozxfs.bomyo.kvugl,0.0
1759249792,34908,1,N/A,N/A,N/A,N/A,N/A,N/A,N/A,N/A,1467367424,1467367424,192774144,135168,252801024,4,discern-file-so,S (sleeping),victim2.bnsdq.ozxfs.bomyo.kvugl,71.90674107750777
1759249792,35055,1,N/A,N/A,N/A,N/A,N/A,N/A,N/A,N/A,1647706112,1580597248,20557824,135168,82202624,5,discern-interfa,S (sleeping),victim2.bnsdq.ozxfs.bomyo.kvugl,0.0946294711807025
1759249792,35277,2,N/A,N/A,N/A,N/A,N/A,N/A,N/A,N/A,N/A,N/A,N/A,N/A,N/A,1,kworker/u2,I (idle),victim2.bnsdq.ozxfs.bomyo.kvugl,0.0
1759249792,34949,2,N/A,N/A,N/A,N/A,N/A,N/A,N/A,N/A,N/A,N/A,N/A,N/A,N/A,1,kworker/u2,I (idle),victim2.bnsdq.ozxfs.bomyo.kvugl,0.0
1759249792,34982,2,N/A,N/A,N/A,N/A,N/A,N/A,N/A,N/A,N/A,N/A,N/A,N/A,N/A,1,kworker/u2,I (idle),victim2.bnsdq.ozxfs.bomyo.kvugl,0.0
1759249792,35278,202,N/A,N/A,N/A,N/A,N/A,N/A,N/A,N/A,23040000,21975040,3956736,135168,724992,1,systemd-udevd,S (sleeping),victim2.bnsdq.ozxfs.bomyo.kvugl,0.0
1759249792,34926,2,N/A,N/A,N/A,N/A,N/A,N/A,N/A,N/A,N/A,N/A,N/A,N/A,N/A,1,kworker/u2,I (idle),victim2.bnsdq.ozxfs.bomyo.kvugl,0.0
1759249792,35060,2,N/A,N/A,N/A,N/A,N/A,N/A,N/A,N/A,N/A,N/A,N/A,N/A,N/A,1,kworker/u2,I (idle),victim2.bnsdq.ozxfs.bomyo.kvugl,0.0
1759249792,35267,1,101,101,101,101,102,102,102,102,16568320,16560128,7335936,135168,622592,1,systemd-network,S (sleeping),victim2.bnsdq.ozxfs.bomyo.kvugl,0.7253843237994607
1759249797,35300,1,N/A,N/A,N/A,N/A,N/A,N/A,N/A,N/A,728137728,728137728,7852032,135168,105218048,4,foundryc,S (sleeping),victim2.bnsdq.ozxfs.bomyo.kvugl,0.0
1759249797,35303,1,N/A,N/A,N/A,N/A,N/A,N/A,N/A,N/A,6979584,6979584,3309568,135168,278528,1,bash,S (sleeping),victim2.bnsdq.ozxfs.bomyo.kvugl,0.0
1759249797,35055,1,N/A,N/A,N/A,N/A,N/A,N/A,N/A,N/A,1647706112,1580597248,20557824,135168,82202624,5,discern-interfa,S (sleeping),victim2.bnsdq.ozxfs.bomyo.kvugl,0.07643164993476056
1759249797,35302,1,N/A,N/A,N/A,N/A,N/A,N/A,N/A,N/A,6979584,6979584,3149824,135168,278528,1,bash,S (sleeping),victim2.bnsdq.ozxfs.bomyo.kvugl,0.0
1759249797,35322,1,101,101,101,101,102,102,102,102,16568320,16560128,6930432,135168,622592,1,systemd-network,S (sleeping),victim2.bnsdq.ozxfs.bomyo.kvugl,0.5805638530230608
1759249797,35345,35302,N/A,N/A,N/A,N/A,N/A,N/A,N/A,N/A,5492736,5492736,516096,135168,180224,1,sleep,S (sleeping),victim2.bnsdq.ozxfs.bomyo.kvugl,0.0
1759249797,35348,35304,N/A,N/A,N/A,N/A,N/A,N/A,N/A,N/A,5492736,5492736,516096,135168,180224,1,sleep,S (sleeping),victim2.bnsdq.ozxfs.bomyo.kvugl,0.0
1759249797,34926,2,N/A,N/A,N/A,N/A,N/A,N/A,N/A,N/A,N/A,N/A,N/A,N/A,N/A,1,kworker/u2,I (idle),victim2.bnsdq.ozxfs.bomyo.kvugl,0.0
1759249797,35060,2,N/A,N/A,N/A,N/A,N/A,N/A,N/A,N/A,N/A,N/A,N/A,N/A,N/A,1,kworker/u2,I (idle),victim2.bnsdq.ozxfs.bomyo.kvugl,0.0
1759249797,34908,1,N/A,N/A,N/A,N/A,N/A,N/A,N/A,N/A,1467629568,1467629568,238718976,135168,282423296,4,discern-file-so,S (sleeping),victim2.bnsdq.ozxfs.bomyo.kvugl,71.3243058066989
1759249797,34949,2,N/A,N/A,N/A,N/A,N/A,N/A,N/A,N/A,N/A,N/A,N/A,N/A,N/A,1,kworker/u2,I (idle),victim2.bnsdq.ozxfs.bomyo.kvugl,0.0
1759249797,35351,35303,N/A,N/A,N/A,N/A,N/A,N/A,N/A,N/A,5492736,5492736,581632,135168,180224,1,sleep,S (sleeping),victim2.bnsdq.ozxfs.bomyo.kvugl,0.0
1759249797,35304,1,N/A,N/A,N/A,N/A,N/A,N/A,N/A,N/A,6979584,6979584,3133440,135168,278528,1,bash,S (sleeping),victim2.bnsdq.ozxfs.bomyo.kvugl,0.0
1759249797,35352,35305,N/A,N/A,N/A,N/A,N/A,N/A,N/A,N/A,5492736,5492736,520192,135168,180224,1,sleep,S (sleeping),victim2.bnsdq.ozxfs.bomyo.kvugl,0.0
1759249797,35277,2,N/A,N/A,N/A,N/A,N/A,N/A,N/A,N/A,N/A,N/A,N/A,N/A,N/A,1,kworker/u2,I (idle),victim2.bnsdq.ozxfs.bomyo.kvugl,0.0
1759249797,35305,1,N/A,N/A,N/A,N/A,N/A,N/A,N/A,N/A,6979584,6979584,3141632,135168,278528,1,bash,S (sleeping),victim2.bnsdq.ozxfs.bomyo.kvugl,0.0
1759249797,35301,1,N/A,N/A,N/A,N/A,N/A,N/A,N/A,N/A,6979584,6979584,3371008,135168,278528,1,bash,S (sleeping),victim2.bnsdq.ozxfs.bomyo.kvugl,0.0
1759249797,35350,35301,N/A,N/A,N/A,N/A,N/A,N/A,N/A,N/A,5492736,5492736,512000,135168,180224,1,sleep,S (sleeping),victim2.bnsdq.ozxfs.bomyo.kvugl,0.0
1759249797,34982,2,N/A,N/A,N/A,N/A,N/A,N/A,N/A,N/A,N/A,N/A,N/A,N/A,N/A,1,kworker/u2,I (idle),victim2.bnsdq.ozxfs.bomyo.kvugl,0.0
1759249802,35390,1,101,101,101,101,102,102,102,102,16568320,16560128,7299072,135168,622592,1,systemd-network,S (sleeping),victim2.bnsdq.ozxfs.bomyo.kvugl,0.9463033369985939
1759249802,34908,1,N/A,N/A,N/A,N/A,N/A,N/A,N/A,N/A,1467629568,1467629568,238718976,135168,282423296,4,discern-file-so,S (sleeping),victim2.bnsdq.ozxfs.bomyo.kvugl,70.89488100820428
1759249802,34926,2,N/A,N/A,N/A,N/A,N/A,N/A,N/A,N/A,N/A,N/A,N/A,N/A,N/A,1,kworker/u2,I (idle),victim2.bnsdq.ozxfs.bomyo.kvugl,0.0
1759249802,35060,2,N/A,N/A,N/A,N/A,N/A,N/A,N/A,N/A,N/A,N/A,N/A,N/A,N/A,1,kworker/u2,I (idle),victim2.bnsdq.ozxfs.bomyo.kvugl,0.03421460182635235
1759249802,35398,202,N/A,N/A,N/A,N/A,N/A,N/A,N/A,N/A,23040000,21975040,3940352,135168,724992,1,systemd-udevd,S (sleeping),victim2.bnsdq.ozxfs.bomyo.kvugl,0.0
1759249802,34949,2,N/A,N/A,N/A,N/A,N/A,N/A,N/A,N/A,N/A,N/A,N/A,N/A,N/A,1,kworker/u2,I (idle),victim2.bnsdq.ozxfs.bomyo.kvugl,0.0
1759249802,35055,1,N/A,N/A,N/A,N/A,N/A,N/A,N/A,N/A,1647706112,1580597248,20557824,135168,82202624,5,discern-interfa,S (sleeping),victim2.bnsdq.ozxfs.bomyo.kvugl,0.06404588677717075
1759249802,34982,2,N/A,N/A,N/A,N/A,N/A,N/A,N/A,N/A,N/A,N/A,N/A,N/A,N/A,1,kworker/u2,I (idle),victim2.bnsdq.ozxfs.bomyo.kvugl,0.0
1759249802,35277,2,N/A,N/A,N/A,N/A,N/A,N/A,N/A,N/A,N/A,N/A,N/A,N/A,N/A,1,kworker/u2,I (idle),victim2.bnsdq.ozxfs.bomyo.kvugl,0.0
1759249807,35422,1,N/A,N/A,N/A,N/A,N/A,N/A,N/A,N/A,6979584,6979584,3153920,135168,278528,1,bash,S (sleeping),victim2.bnsdq.ozxfs.bomyo.kvugl,0.0
1759249807,35060,2,N/A,N/A,N/A,N/A,N/A,N/A,N/A,N/A,N/A,N/A,N/A,N/A,N/A,1,kworker/u2,I (idle),victim2.bnsdq.ozxfs.bomyo.kvugl,0.02919019257072274
1759249807,35429,1,N/A,N/A,N/A,N/A,N/A,N/A,N/A,N/A,6979584,6979584,3149824,135168,278528,1,bash,S (sleeping),victim2.bnsdq.ozxfs.bomyo.kvugl,0.0
1759249807,35421,1,N/A,N/A,N/A,N/A,N/A,N/A,N/A,N/A,728137728,728137728,8691712,135168,105218048,5,foundryc,S (sleeping),victim2.bnsdq.ozxfs.bomyo.kvugl,0.0
1759249807,35476,35426,N/A,N/A,N/A,N/A,N/A,N/A,N/A,N/A,5492736,5492736,512000,135168,180224,1,sleep,S (sleeping),victim2.bnsdq.ozxfs.bomyo.kvugl,0.0
1759249807,35484,35433,N/A,N/A,N/A,N/A,N/A,N/A,N/A,N/A,5492736,5492736,577536,135168,180224,1,sleep,S (sleeping),victim2.bnsdq.ozxfs.bomyo.kvugl,0.0
1759249807,34926,2,N/A,N/A,N/A,N/A,N/A,N/A,N/A,N/A,N/A,N/A,N/A,N/A,N/A,1,kworker/u2,I (idle),victim2.bnsdq.ozxfs.bomyo.kvugl,0.0
1759249807,34982,2,N/A,N/A,N/A,N/A,N/A,N/A,N/A,N/A,N/A,N/A,N/A,N/A,N/A,1,kworker/u2,I (idle),victim2.bnsdq.ozxfs.bomyo.kvugl,0.0
1759249807,34949,2,N/A,N/A,N/A,N/A,N/A,N/A,N/A,N/A,N/A,N/A,N/A,N/A,N/A,1,kworker/u2,I (idle),victim2.bnsdq.ozxfs.bomyo.kvugl,0.0
1759249807,35433,1,N/A,N/A,N/A,N/A,N/A,N/A,N/A,N/A,6979584,6979584,3211264,135168,278528,1,bash,S (sleeping),victim2.bnsdq.ozxfs.bomyo.kvugl,0.0
1759249807,35055,1,N/A,N/A,N/A,N/A,N/A,N/A,N/A,N/A,1647706112,1580597248,20557824,135168,82202624,5,discern-interfa,S (sleeping),victim2.bnsdq.ozxfs.bomyo.kvugl,0.055154460438059966
1759249807,35423,1,N/A,N/A,N/A,N/A,N/A,N/A,N/A,N/A,6979584,6979584,3264512,135168,278528,1,bash,S (sleeping),victim2.bnsdq.ozxfs.bomyo.kvugl,0.0
1759249807,35426,1,N/A,N/A,N/A,N/A,N/A,N/A,N/A,N/A,6979584,6979584,3227648,135168,278528,1,bash,S (sleeping),victim2.bnsdq.ozxfs.bomyo.kvugl,0.0
1759249807,35444,1,101,101,101,101,102,102,102,102,16568320,16560128,7442432,135168,622592,1,systemd-network,S (sleeping),victim2.bnsdq.ozxfs.bomyo.kvugl,0.5700375518963755
1759249807,35482,35422,N/A,N/A,N/A,N/A,N/A,N/A,N/A,N/A,5492736,5492736,585728,135168,180224,1,sleep,S (sleeping),victim2.bnsdq.ozxfs.bomyo.kvugl,0.0
1759249807,35483,35429,N/A,N/A,N/A,N/A,N/A,N/A,N/A,N/A,5492736,5492736,512000,135168,180224,1,sleep,S (sleeping),victim2.bnsdq.ozxfs.bomyo.kvugl,0.0
1759249807,35277,2,N/A,N/A,N/A,N/A,N/A,N/A,N/A,N/A,N/A,N/A,N/A,N/A,N/A,1,kworker/u2,I (idle),victim2.bnsdq.ozxfs.bomyo.kvugl,0.0
1759249807,35478,35423,N/A,N/A,N/A,N/A,N/A,N/A,N/A,N/A,5492736,5492736,516096,135168,180224,1,sleep,S (sleeping),victim2.bnsdq.ozxfs.bomyo.kvugl,0.0
1759249812,35559,1,N/A,N/A,N/A,N/A,N/A,N/A,N/A,N/A,6979584,6979584,3239936,135168,278528,1,bash,S (sleeping),victim2.bnsdq.ozxfs.bomyo.kvugl,0.0
1759249812,35562,1,101,101,101,101,102,102,102,102,16568320,16560128,7335936,135168,622592,1,systemd-network,S (sleeping),victim2.bnsdq.ozxfs.bomyo.kvugl,1.5075874714047781
1759249812,35558,1,N/A,N/A,N/A,N/A,N/A,N/A,N/A,N/A,6979584,6979584,3211264,135168,278528,1,bash,S (sleeping),victim2.bnsdq.ozxfs.bomyo.kvugl,0.0
1759249812,35563,35559,N/A,N/A,N/A,N/A,N/A,N/A,N/A,N/A,5492736,5492736,512000,135168,180224,1,sleep,S (sleeping),victim2.bnsdq.ozxfs.bomyo.kvugl,0.0
1759249812,35543,1,N/A,N/A,N/A,N/A,N/A,N/A,N/A,N/A,6979584,6979584,3260416,135168,278528,1,bash,S (sleeping),victim2.bnsdq.ozxfs.bomyo.kvugl,0.0
1759249812,35544,1,N/A,N/A,N/A,N/A,N/A,N/A,N/A,N/A,6979584,6979584,3293184,135168,278528,1,bash,S (sleeping),victim2.bnsdq.ozxfs.bomyo.kvugl,0.0
1759249812,35564,35558,N/A,N/A,N/A,N/A,N/A,N/A,N/A,N/A,5492736,5492736,520192,135168,180224,1,sleep,S (sleeping),victim2.bnsdq.ozxfs.bomyo.kvugl,0.0
1759249812,34949,2,N/A,N/A,N/A,N/A,N/A,N/A,N/A,N/A,N/A,N/A,N/A,N/A,N/A,1,kworker/u2,I (idle),victim2.bnsdq.ozxfs.bomyo.kvugl,0.0
1759249812,35555,35543,N/A,N/A,N/A,N/A,N/A,N/A,N/A,N/A,5492736,5492736,516096,135168,180224,1,sleep,S (sleeping),victim2.bnsdq.ozxfs.bomyo.kvugl,0.0
1759249812,35055,1,N/A,N/A,N/A,N/A,N/A,N/A,N/A,N/A,1647706112,1580597248,20557824,135168,82202624,5,discern-interfa,S (sleeping),victim2.bnsdq.ozxfs.bomyo.kvugl,0.04839293440372377
1759249812,35545,1,N/A,N/A,N/A,N/A,N/A,N/A,N/A,N/A,6979584,6979584,3313664,135168,278528,1,bash,S (sleeping),victim2.bnsdq.ozxfs.bomyo.kvugl,0.0
1759249812,35277,2,N/A,N/A,N/A,N/A,N/A,N/A,N/A,N/A,N/A,N/A,N/A,N/A,N/A,1,kworker/u2,I (idle),victim2.bnsdq.ozxfs.bomyo.kvugl,0.0
1759249812,35542,1,N/A,N/A,N/A,N/A,N/A,N/A,N/A,N/A,728137728,728137728,9609216,135168,105218048,4,foundryc,S (sleeping),victim2.bnsdq.ozxfs.bomyo.kvugl,0.0
1759249812,35557,35545,N/A,N/A,N/A,N/A,N/A,N/A,N/A,N/A,5492736,5492736,516096,135168,180224,1,sleep,S (sleeping),victim2.bnsdq.ozxfs.bomyo.kvugl,0.0
1759249812,35060,2,N/A,N/A,N/A,N/A,N/A,N/A,N/A,N/A,N/A,N/A,N/A,N/A,N/A,1,kworker/u2,I (idle),victim2.bnsdq.ozxfs.bomyo.kvugl,0.02542627746798031
1759249812,34926,2,N/A,N/A,N/A,N/A,N/A,N/A,N/A,N/A,N/A,N/A,N/A,N/A,N/A,1,kworker/u2,I (idle),victim2.bnsdq.ozxfs.bomyo.kvugl,0.0
1759249812,34982,2,N/A,N/A,N/A,N/A,N/A,N/A,N/A,N/A,N/A,N/A,N/A,N/A,N/A,1,kworker/u2,I (idle),victim2.bnsdq.ozxfs.bomyo.kvugl,0.0
1759249812,35556,35544,N/A,N/A,N/A,N/A,N/A,N/A,N/A,N/A,5492736,5492736,581632,135168,180224,1,sleep,S (sleeping),victim2.bnsdq.ozxfs.bomyo.kvugl,0.0
1759249817,35616,35558,N/A,N/A,N/A,N/A,N/A,N/A,N/A,N/A,5492736,5492736,516096,135168,180224,1,sleep,S (sleeping),victim2.bnsdq.ozxfs.bomyo.kvugl,0.0
1759249817,35543,1,N/A,N/A,N/A,N/A,N/A,N/A,N/A,N/A,6979584,6979584,3272704,135168,278528,1,bash,S (sleeping),victim2.bnsdq.ozxfs.bomyo.kvugl,0.0
1759249817,35544,1,N/A,N/A,N/A,N/A,N/A,N/A,N/A,N/A,6979584,6979584,3309568,135168,278528,1,bash,S (sleeping),victim2.bnsdq.ozxfs.bomyo.kvugl,0.0
1759249817,34982,2,N/A,N/A,N/A,N/A,N/A,N/A,N/A,N/A,N/A,N/A,N/A,N/A,N/A,1,kworker/u2,I (idle),victim2.bnsdq.ozxfs.bomyo.kvugl,0.0
1759249817,35606,35545,N/A,N/A,N/A,N/A,N/A,N/A,N/A,N/A,5492736,5492736,516096,135168,180224,1,sleep,S (sleeping),victim2.bnsdq.ozxfs.bomyo.kvugl,0.0
1759249817,34926,2,N/A,N/A,N/A,N/A,N/A,N/A,N/A,N/A,N/A,N/A,N/A,N/A,N/A,1,kworker/u2,I (idle),victim2.bnsdq.ozxfs.bomyo.kvugl,0.0
1759249817,35060,2,N/A,N/A,N/A,N/A,N/A,N/A,N/A,N/A,N/A,N/A,N/A,N/A,N/A,1,kworker/u2,I (idle),victim2.bnsdq.ozxfs.bomyo.kvugl,0.02252523143881683
1759249817,35545,1,N/A,N/A,N/A,N/A,N/A,N/A,N/A,N/A,6979584,6979584,3325952,135168,278528,1,bash,S (sleeping),victim2.bnsdq.ozxfs.bomyo.kvugl,0.0
1759249817,35559,1,N/A,N/A,N/A,N/A,N/A,N/A,N/A,N/A,6979584,6979584,3244032,135168,278528,1,bash,S (sleeping),victim2.bnsdq.ozxfs.bomyo.kvugl,0.0
1759249817,35615,35559,N/A,N/A,N/A,N/A,N/A,N/A,N/A,N/A,5492736,5492736,577536,135168,180224,1,sleep,S (sleeping),victim2.bnsdq.ozxfs.bomyo.kvugl,0.0
1759249817,35639,202,N/A,N/A,N/A,N/A,N/A,N/A,N/A,N/A,23040000,21975040,3936256,135168,724992,1,systemd-udevd,S (sleeping),victim2.bnsdq.ozxfs.bomyo.kvugl,0.0
1759249817,35629,1,101,101,101,101,102,102,102,102,16568320,16560128,7479296,135168,622592,1,systemd-network,S (sleeping),victim2.bnsdq.ozxfs.bomyo.kvugl,1.4324768690457357
1759249817,35277,2,N/A,N/A,N/A,N/A,N/A,N/A,N/A,N/A,N/A,N/A,N/A,N/A,N/A,1,kworker/u2,I (idle),victim2.bnsdq.ozxfs.bomyo.kvugl,0.0
1759249817,35558,1,N/A,N/A,N/A,N/A,N/A,N/A,N/A,N/A,6979584,6979584,3211264,135168,278528,1,bash,S (sleeping),victim2.bnsdq.ozxfs.bomyo.kvugl,0.0
1759249817,35608,35544,N/A,N/A,N/A,N/A,N/A,N/A,N/A,N/A,5492736,5492736,516096,135168,180224,1,sleep,S (sleeping),victim2.bnsdq.ozxfs.bomyo.kvugl,0.0
1759249817,35610,35543,N/A,N/A,N/A,N/A,N/A,N/A,N/A,N/A,5492736,5492736,581632,135168,180224,1,sleep,S (sleeping),victim2.bnsdq.ozxfs.bomyo.kvugl,0.0
1759249817,35055,1,N/A,N/A,N/A,N/A,N/A,N/A,N/A,N/A,1647706112,1580597248,20557824,135168,82202624,5,discern-interfa,S (sleeping),victim2.bnsdq.ozxfs.bomyo.kvugl,0.043105581180894886
1759249817,34949,2,N/A,N/A,N/A,N/A,N/A,N/A,N/A,N/A,N/A,N/A,N/A,N/A,N/A,1,kworker/u2,I (idle),victim2.bnsdq.ozxfs.bomyo.kvugl,0.0
1759249822,35665,1,N/A,N/A,N/A,N/A,N/A,N/A,N/A,N/A,6979584,6979584,3207168,135168,278528,1,bash,S (sleeping),victim2.bnsdq.ozxfs.bomyo.kvugl,0.0
1759249822,35668,1,N/A,N/A,N/A,N/A,N/A,N/A,N/A,N/A,6979584,6979584,3248128,135168,278528,1,bash,S (sleeping),victim2.bnsdq.ozxfs.bomyo.kvugl,0.0
1759249822,35689,35671,N/A,N/A,N/A,N/A,N/A,N/A,N/A,N/A,5492736,5492736,581632,135168,180224,1,sleep,S (sleeping),victim2.bnsdq.ozxfs.bomyo.kvugl,0.0
1759249822,35691,35665,N/A,N/A,N/A,N/A,N/A,N/A,N/A,N/A,5492736,5492736,581632,135168,180224,1,sleep,S (sleeping),victim2.bnsdq.ozxfs.bomyo.kvugl,0.0
1759249822,34926,2,N/A,N/A,N/A,N/A,N/A,N/A,N/A,N/A,N/A,N/A,N/A,N/A,N/A,1,kworker/u2,I (idle),victim2.bnsdq.ozxfs.bomyo.kvugl,0.0
1759249822,35661,1,N/A,N/A,N/A,N/A,N/A,N/A,N/A,N/A,6979584,6979584,3436544,135168,278528,1,bash,S (sleeping),victim2.bnsdq.ozxfs.bomyo.kvugl,0.0
1759249822,35055,1,N/A,N/A,N/A,N/A,N/A,N/A,N/A,N/A,1647706112,1580597248,20557824,135168,82202624,5,discern-interfa,S (sleeping),victim2.bnsdq.ozxfs.bomyo.kvugl,0.03886322807391974
1759249822,35682,1,101,101,101,101,102,102,102,102,16568320,16560128,7348224,135168,622592,1,systemd-network,S (sleeping),victim2.bnsdq.ozxfs.bomyo.kvugl,0.812050284091143
1759249822,35688,35661,N/A,N/A,N/A,N/A,N/A,N/A,N/A,N/A,5492736,5492736,503808,135168,180224,1,sleep,S (sleeping),victim2.bnsdq.ozxfs.bomyo.kvugl,0.0
1759249822,34982,2,N/A,N/A,N/A,N/A,N/A,N/A,N/A,N/A,N/A,N/A,N/A,N/A,N/A,1,kworker/u2,I (idle),victim2.bnsdq.ozxfs.bomyo.kvugl,0.0
1759249822,35277,2,N/A,N/A,N/A,N/A,N/A,N/A,N/A,N/A,N/A,N/A,N/A,N/A,N/A,1,kworker/u2,I (idle),victim2.bnsdq.ozxfs.bomyo.kvugl,0.0
1759249822,35660,1,N/A,N/A,N/A,N/A,N/A,N/A,N/A,N/A,728137728,728137728,7860224,135168,105218048,4,foundryc,S (sleeping),victim2.bnsdq.ozxfs.bomyo.kvugl,0.0
1759249822,35671,1,N/A,N/A,N/A,N/A,N/A,N/A,N/A,N/A,6979584,6979584,3194880,135168,278528,1,bash,S (sleeping),victim2.bnsdq.ozxfs.bomyo.kvugl,0.0
1759249822,35690,35668,N/A,N/A,N/A,N/A,N/A,N/A,N/A,N/A,5492736,5492736,585728,135168,180224,1,sleep,S (sleeping),victim2.bnsdq.ozxfs.bomyo.kvugl,0.0
1759249822,35060,2,N/A,N/A,N/A,N/A,N/A,N/A,N/A,N/A,N/A,N/A,N/A,N/A,N/A,1,kworker/u2,I (idle),victim2.bnsdq.ozxfs.bomyo.kvugl,0.02021632547118594
1759249822,35664,1,N/A,N/A,N/A,N/A,N/A,N/A,N/A,N/A,6979584,6979584,3317760,135168,278528,1,bash,S (sleeping),victim2.bnsdq.ozxfs.bomyo.kvugl,0.0
1759249822,34949,2,N/A,N/A,N/A,N/A,N/A,N/A,N/A,N/A,N/A,N/A,N/A,N/A,N/A,1,kworker/u2,I (idle),victim2.bnsdq.ozxfs.bomyo.kvugl,0.0
1759249822,35692,35664,N/A,N/A,N/A,N/A,N/A,N/A,N/A,N/A,5492736,5492736,581632,135168,180224,1,sleep,S (sleeping),victim2.bnsdq.ozxfs.bomyo.kvugl,0.0
1759249827,34982,2,N/A,N/A,N/A,N/A,N/A,N/A,N/A,N/A,N/A,N/A,N/A,N/A,N/A,1,kworker/u2,I (idle),victim2.bnsdq.ozxfs.bomyo.kvugl,0.0
1759249827,35055,1,N/A,N/A,N/A,N/A,N/A,N/A,N/A,N/A,1647706112,1580597248,20557824,135168,82202624,5,discern-interfa,S (sleeping),victim2.bnsdq.ozxfs.bomyo.kvugl,0.03538369019809523
1759249827,35757,202,N/A,N/A,N/A,N/A,N/A,N/A,N/A,N/A,23040000,21975040,3940352,135168,724992,1,systemd-udevd,S (sleeping),victim2.bnsdq.ozxfs.bomyo.kvugl,0.0
1759249827,35060,2,N/A,N/A,N/A,N/A,N/A,N/A,N/A,N/A,N/A,N/A,N/A,N/A,N/A,1,kworker/u2,I (idle),victim2.bnsdq.ozxfs.bomyo.kvugl,0.01834066533541565
1759249827,35277,2,N/A,N/A,N/A,N/A,N/A,N/A,N/A,N/A,N/A,N/A,N/A,N/A,N/A,1,kworker/u2,I (idle),victim2.bnsdq.ozxfs.bomyo.kvugl,0.0
1759249827,34926,2,N/A,N/A,N/A,N/A,N/A,N/A,N/A,N/A,N/A,N/A,N/A,N/A,N/A,1,kworker/u2,I (idle),victim2.bnsdq.ozxfs.bomyo.kvugl,0.0
1759249827,34949,2,N/A,N/A,N/A,N/A,N/A,N/A,N/A,N/A,N/A,N/A,N/A,N/A,N/A,1,kworker/u2,I (idle),victim2.bnsdq.ozxfs.bomyo.kvugl,0.0
1759249827,35747,1,101,101,101,101,102,102,102,102,16568320,16560128,7311360,135168,622592,1,systemd-network,S (sleeping),victim2.bnsdq.ozxfs.bomyo.kvugl,1.1883856804760737
1759249832,35818,35779,N/A,N/A,N/A,N/A,N/A,N/A,N/A,N/A,5492736,5492736,581632,135168,180224,1,sleep,S (sleeping),victim2.bnsdq.ozxfs.bomyo.kvugl,0.0
1759249832,35819,35787,N/A,N/A,N/A,N/A,N/A,N/A,N/A,N/A,5492736,5492736,516096,135168,180224,1,sleep,S (sleeping),victim2.bnsdq.ozxfs.bomyo.kvugl,0.0
1759249832,34949,2,N/A,N/A,N/A,N/A,N/A,N/A,N/A,N/A,N/A,N/A,N/A,N/A,N/A,1,kworker/u2,I (idle),victim2.bnsdq.ozxfs.bomyo.kvugl,0.0
1759249832,35780,1,N/A,N/A,N/A,N/A,N/A,N/A,N/A,N/A,6979584,6979584,3342336,135168,278528,1,bash,S (sleeping),victim2.bnsdq.ozxfs.bomyo.kvugl,0.0
1759249832,35817,35780,N/A,N/A,N/A,N/A,N/A,N/A,N/A,N/A,5492736,5492736,516096,135168,180224,1,sleep,S (sleeping),victim2.bnsdq.ozxfs.bomyo.kvugl,0.0
1759249832,35055,1,N/A,N/A,N/A,N/A,N/A,N/A,N/A,N/A,1647706112,1580597248,20557824,135168,82202624,5,discern-interfa,S (sleeping),victim2.bnsdq.ozxfs.bomyo.kvugl,0.032492524919629374
1759249832,35787,1,N/A,N/A,N/A,N/A,N/A,N/A,N/A,N/A,6979584,6979584,3305472,135168,278528,1,bash,S (sleeping),victim2.bnsdq.ozxfs.bomyo.kvugl,0.0
1759249832,35779,1,N/A,N/A,N/A,N/A,N/A,N/A,N/A,N/A,6979584,6979584,3334144,135168,278528,1,bash,S (sleeping),victim2.bnsdq.ozxfs.bomyo.kvugl,0.0
1759249832,35800,1,101,101,101,101,102,102,102,102,16568320,16560128,7245824,135168,622592,1,systemd-network,S (sleeping),victim2.bnsdq.ozxfs.bomyo.kvugl,0.844253947158912
1759249832,35778,1,N/A,N/A,N/A,N/A,N/A,N/A,N/A,N/A,728137728,728137728,7860224,135168,105218048,4,foundryc,S (sleeping),victim2.bnsdq.ozxfs.bomyo.kvugl,0.0
1759249832,35785,1,N/A,N/A,N/A,N/A,N/A,N/A,N/A,N/A,6979584,6979584,3358720,135168,278528,1,bash,S (sleeping),victim2.bnsdq.ozxfs.bomyo.kvugl,0.0
1759249832,35782,1,N/A,N/A,N/A,N/A,N/A,N/A,N/A,N/A,6979584,6979584,3301376,135168,278528,1,bash,S (sleeping),victim2.bnsdq.ozxfs.bomyo.kvugl,0.0
1759249832,35060,2,N/A,N/A,N/A,N/A,N/A,N/A,N/A,N/A,N/A,N/A,N/A,N/A,N/A,1,kworker/u2,I (idle),victim2.bnsdq.ozxfs.bomyo.kvugl,0.016791106113779423
1759249832,35820,35782,N/A,N/A,N/A,N/A,N/A,N/A,N/A,N/A,5492736,5492736,581632,135168,180224,1,sleep,S (sleeping),victim2.bnsdq.ozxfs.bomyo.kvugl,0.0
1759249832,34982,2,N/A,N/A,N/A,N/A,N/A,N/A,N/A,N/A,N/A,N/A,N/A,N/A,N/A,1,kworker/u2,I (idle),victim2.bnsdq.ozxfs.bomyo.kvugl,0.0
1759249832,35277,2,N/A,N/A,N/A,N/A,N/A,N/A,N/A,N/A,N/A,N/A,N/A,N/A,N/A,1,kworker/u2,I (idle),victim2.bnsdq.ozxfs.bomyo.kvugl,0.0
1759249832,35816,35785,N/A,N/A,N/A,N/A,N/A,N/A,N/A,N/A,5492736,5492736,516096,135168,180224,1,sleep,S (sleeping),victim2.bnsdq.ozxfs.bomyo.kvugl,0.0
1759249832,34926,2,N/A,N/A,N/A,N/A,N/A,N/A,N/A,N/A,N/A,N/A,N/A,N/A,N/A,1,kworker/u2,I (idle),victim2.bnsdq.ozxfs.bomyo.kvugl,0.0
1759249837,34982,2,N/A,N/A,N/A,N/A,N/A,N/A,N/A,N/A,N/A,N/A,N/A,N/A,N/A,1,kworker/u2,I (idle),victim2.bnsdq.ozxfs.bomyo.kvugl,0.0
1759249837,35055,1,N/A,N/A,N/A,N/A,N/A,N/A,N/A,N/A,1647706112,1580597248,20557824,135168,82202624,5,discern-interfa,S (sleeping),victim2.bnsdq.ozxfs.bomyo.kvugl,0.03001946964217053
1759249837,34949,2,N/A,N/A,N/A,N/A,N/A,N/A,N/A,N/A,N/A,N/A,N/A,N/A,N/A,1,kworker/u2,I (idle),victim2.bnsdq.ozxfs.bomyo.kvugl,0.0
1759249837,35277,2,N/A,N/A,N/A,N/A,N/A,N/A,N/A,N/A,N/A,N/A,N/A,N/A,N/A,1,kworker/u2,I (idle),victim2.bnsdq.ozxfs.bomyo.kvugl,0.0
1759249837,35875,202,N/A,N/A,N/A,N/A,N/A,N/A,N/A,N/A,23040000,21975040,3940352,135168,724992,1,systemd-udevd,S (sleeping),victim2.bnsdq.ozxfs.bomyo.kvugl,0.0
1759249837,35856,1,101,101,101,101,102,102,102,102,16568320,16560128,7282688,135168,622592,1,systemd-network,S (sleeping),victim2.bnsdq.ozxfs.bomyo.kvugl,0.5518340728688456
1759249837,34926,2,N/A,N/A,N/A,N/A,N/A,N/A,N/A,N/A,N/A,N/A,N/A,N/A,N/A,1,kworker/u2,I (idle),victim2.bnsdq.ozxfs.bomyo.kvugl,0.0
1759249837,35060,2,N/A,N/A,N/A,N/A,N/A,N/A,N/A,N/A,N/A,N/A,N/A,N/A,N/A,1,kworker/u2,I (idle),victim2.bnsdq.ozxfs.bomyo.kvugl,0.015473965996571437
1759249842,35055,1,N/A,N/A,N/A,N/A,N/A,N/A,N/A,N/A,1647706112,1580597248,20557824,135168,82202624,5,discern-interfa,S (sleeping),victim2.bnsdq.ozxfs.bomyo.kvugl,0.027912635244624534
1759249842,34949,2,N/A,N/A,N/A,N/A,N/A,N/A,N/A,N/A,N/A,N/A,N/A,N/A,N/A,1,kworker/u2,I (idle),victim2.bnsdq.ozxfs.bomyo.kvugl,0.0
1759249842,35940,35905,N/A,N/A,N/A,N/A,N/A,N/A,N/A,N/A,5492736,5492736,516096,135168,180224,1,sleep,S (sleeping),victim2.bnsdq.ozxfs.bomyo.kvugl,0.0
1759249842,35905,1,N/A,N/A,N/A,N/A,N/A,N/A,N/A,N/A,6979584,6979584,3194880,135168,278528,1,bash,S (sleeping),victim2.bnsdq.ozxfs.bomyo.kvugl,0.0
1759249842,35277,2,N/A,N/A,N/A,N/A,N/A,N/A,N/A,N/A,N/A,N/A,N/A,N/A,N/A,1,kworker/u2,I (idle),victim2.bnsdq.ozxfs.bomyo.kvugl,0.0
1759249842,35901,1,N/A,N/A,N/A,N/A,N/A,N/A,N/A,N/A,6979584,6979584,3362816,135168,278528,1,bash,S (sleeping),victim2.bnsdq.ozxfs.bomyo.kvugl,0.0
1759249842,35898,1,N/A,N/A,N/A,N/A,N/A,N/A,N/A,N/A,728137728,728137728,7860224,135168,105218048,4,foundryc,S (sleeping),victim2.bnsdq.ozxfs.bomyo.kvugl,0.0
1759249842,35900,1,N/A,N/A,N/A,N/A,N/A,N/A,N/A,N/A,6979584,6979584,3219456,135168,278528,1,bash,R (running),victim2.bnsdq.ozxfs.bomyo.kvugl,0.0
1759249842,35936,35900,N/A,N/A,N/A,N/A,N/A,N/A,N/A,N/A,N/A,N/A,N/A,N/A,N/A,1,sleep,Z (zombie),victim2.bnsdq.ozxfs.bomyo.kvugl,0.0
1759249842,35937,35901,N/A,N/A,N/A,N/A,N/A,N/A,N/A,N/A,5492736,5492736,516096,135168,180224,1,sleep,S (sleeping),victim2.bnsdq.ozxfs.bomyo.kvugl,0.0
1759249842,34982,2,N/A,N/A,N/A,N/A,N/A,N/A,N/A,N/A,N/A,N/A,N/A,N/A,N/A,1,kworker/u2,I (idle),victim2.bnsdq.ozxfs.bomyo.kvugl,0.0
1759249842,35899,1,N/A,N/A,N/A,N/A,N/A,N/A,N/A,N/A,6979584,6979584,3411968,135168,278528,1,bash,S (sleeping),victim2.bnsdq.ozxfs.bomyo.kvugl,0.0
1759249842,35938,35899,N/A,N/A,N/A,N/A,N/A,N/A,N/A,N/A,5492736,5492736,516096,135168,180224,1,sleep,S (sleeping),victim2.bnsdq.ozxfs.bomyo.kvugl,0.0
1759249842,35939,35908,N/A,N/A,N/A,N/A,N/A,N/A,N/A,N/A,5492736,5492736,577536,135168,180224,1,sleep,S (sleeping),victim2.bnsdq.ozxfs.bomyo.kvugl,0.0
1759249842,35060,2,N/A,N/A,N/A,N/A,N/A,N/A,N/A,N/A,N/A,N/A,N/A,N/A,N/A,1,kworker/u2,I (idle),victim2.bnsdq.ozxfs.bomyo.kvugl,0.014355623816919414
1759249842,34926,2,N/A,N/A,N/A,N/A,N/A,N/A,N/A,N/A,N/A,N/A,N/A,N/A,N/A,1,kworker/u2,I (idle),victim2.bnsdq.ozxfs.bomyo.kvugl,0.0
1759249842,35920,1,101,101,101,101,102,102,102,102,16568320,16560128,7442432,135168,622592,1,systemd-network,S (sleeping),victim2.bnsdq.ozxfs.bomyo.kvugl,0.8195176469211221
1759249842,35908,1,N/A,N/A,N/A,N/A,N/A,N/A,N/A,N/A,6979584,6979584,3338240,135168,278528,1,bash,S (sleeping),victim2.bnsdq.ozxfs.bomyo.kvugl,0.0
1759249847,34982,2,N/A,N/A,N/A,N/A,N/A,N/A,N/A,N/A,N/A,N/A,N/A,N/A,N/A,1,kworker/u2,I (idle),victim2.bnsdq.ozxfs.bomyo.kvugl,0.0
1759249847,35977,1,101,101,101,101,102,102,102,102,16568320,16560128,7421952,135168,622592,1,systemd-network,S (sleeping),victim2.bnsdq.ozxfs.bomyo.kvugl,1.075078881977823
1759249847,34949,2,N/A,N/A,N/A,N/A,N/A,N/A,N/A,N/A,N/A,N/A,N/A,N/A,N/A,1,kworker/u2,I (idle),victim2.bnsdq.ozxfs.bomyo.kvugl,0.0
1759249847,35055,1,N/A,N/A,N/A,N/A,N/A,N/A,N/A,N/A,1647706112,1580597248,20557824,135168,82202624,5,discern-interfa,S (sleeping),victim2.bnsdq.ozxfs.bomyo.kvugl,0.026068458290126106
1759249847,35995,202,N/A,N/A,N/A,N/A,N/A,N/A,N/A,N/A,23040000,21975040,3940352,135168,724992,1,systemd-udevd,S (sleeping),victim2.bnsdq.ozxfs.bomyo.kvugl,0.0
1759249847,34926,2,N/A,N/A,N/A,N/A,N/A,N/A,N/A,N/A,N/A,N/A,N/A,N/A,N/A,1,kworker/u2,I (idle),victim2.bnsdq.ozxfs.bomyo.kvugl,0.0
1759249847,35060,2,N/A,N/A,N/A,N/A,N/A,N/A,N/A,N/A,N/A,N/A,N/A,N/A,N/A,1,kworker/u2,I (idle),victim2.bnsdq.ozxfs.bomyo.kvugl,0.013382939901110951
1759249847,35277,2,N/A,N/A,N/A,N/A,N/A,N/A,N/A,N/A,N/A,N/A,N/A,N/A,N/A,1,kworker/u2,I (idle),victim2.bnsdq.ozxfs.bomyo.kvugl,0.0
1759249852,36019,1,N/A,N/A,N/A,N/A,N/A,N/A,N/A,N/A,6979584,6979584,3227648,135168,278528,1,bash,S (sleeping),victim2.bnsdq.ozxfs.bomyo.kvugl,0.0
1759249852,36017,1,N/A,N/A,N/A,N/A,N/A,N/A,N/A,N/A,728137728,728137728,7864320,135168,105218048,4,foundryc,S (sleeping),victim2.bnsdq.ozxfs.bomyo.kvugl,0.0
1759249852,36069,36033,N/A,N/A,N/A,N/A,N/A,N/A,N/A,N/A,5492736,5492736,581632,135168,180224,1,sleep,S (sleeping),victim2.bnsdq.ozxfs.bomyo.kvugl,0.0
1759249852,35060,2,N/A,N/A,N/A,N/A,N/A,N/A,N/A,N/A,N/A,N/A,N/A,N/A,N/A,1,kworker/u2,I (idle),victim2.bnsdq.ozxfs.bomyo.kvugl,0.012538858024306168
1759249852,36020,1,N/A,N/A,N/A,N/A,N/A,N/A,N/A,N/A,6979584,6979584,3452928,135168,278528,1,bash,S (sleeping),victim2.bnsdq.ozxfs.bomyo.kvugl,0.0
1759249852,34949,2,N/A,N/A,N/A,N/A,N/A,N/A,N/A,N/A,N/A,N/A,N/A,N/A,N/A,1,kworker/u2,I (idle),victim2.bnsdq.ozxfs.bomyo.kvugl,0.0
1759249852,35055,1,N/A,N/A,N/A,N/A,N/A,N/A,N/A,N/A,1647706112,1580597248,20557824,135168,82202624,5,discern-interfa,S (sleeping),victim2.bnsdq.ozxfs.bomyo.kvugl,0.02446392271503791
1759249852,34982,2,N/A,N/A,N/A,N/A,N/A,N/A,N/A,N/A,N/A,N/A,N/A,N/A,N/A,1,kworker/u2,I (idle),victim2.bnsdq.ozxfs.bomyo.kvugl,0.0
1759249852,36063,36020,N/A,N/A,N/A,N/A,N/A,N/A,N/A,N/A,5492736,5492736,512000,135168,180224,1,sleep,S (sleeping),victim2.bnsdq.ozxfs.bomyo.kvugl,0.0
1759249852,34926,2,N/A,N/A,N/A,N/A,N/A,N/A,N/A,N/A,N/A,N/A,N/A,N/A,N/A,1,kworker/u2,I (idle),victim2.bnsdq.ozxfs.bomyo.kvugl,0.0
1759249852,35277,2,N/A,N/A,N/A,N/A,N/A,N/A,N/A,N/A,N/A,N/A,N/A,N/A,N/A,1,kworker/u2,I (idle),victim2.bnsdq.ozxfs.bomyo.kvugl,0.0
1759249852,36033,1,N/A,N/A,N/A,N/A,N/A,N/A,N/A,N/A,6979584,6979584,3395584,135168,278528,1,bash,S (sleeping),victim2.bnsdq.ozxfs.bomyo.kvugl,0.0
1759249852,36034,1,N/A,N/A,N/A,N/A,N/A,N/A,N/A,N/A,6979584,6979584,3239936,135168,278528,1,bash,S (sleeping),victim2.bnsdq.ozxfs.bomyo.kvugl,0.0
1759249852,36037,1,101,101,101,101,102,102,102,102,16568320,16560128,7348224,135168,622592,1,systemd-network,S (sleeping),victim2.bnsdq.ozxfs.bomyo.kvugl,0.420608296635475
1759249852,36064,36019,N/A,N/A,N/A,N/A,N/A,N/A,N/A,N/A,5492736,5492736,520192,135168,180224,1,sleep,S (sleeping),victim2.bnsdq.ozxfs.bomyo.kvugl,0.0
1759249852,36065,36018,N/A,N/A,N/A,N/A,N/A,N/A,N/A,N/A,5492736,5492736,516096,135168,180224,1,sleep,S (sleeping),victim2.bnsdq.ozxfs.bomyo.kvugl,0.0
1759249852,36018,1,N/A,N/A,N/A,N/A,N/A,N/A,N/A,N/A,6979584,6979584,3268608,135168,278528,1,bash,S (sleeping),victim2.bnsdq.ozxfs.bomyo.kvugl,0.0
1759249852,36068,36034,N/A,N/A,N/A,N/A,N/A,N/A,N/A,N/A,5492736,5492736,577536,135168,180224,1,sleep,S (sleeping),victim2.bnsdq.ozxfs.bomyo.kvugl,0.0
1759249857,34926,2,N/A,N/A,N/A,N/A,N/A,N/A,N/A,N/A,N/A,N/A,N/A,N/A,N/A,1,kworker/u2,I (idle),victim2.bnsdq.ozxfs.bomyo.kvugl,0.0
1759249857,35060,2,N/A,N/A,N/A,N/A,N/A,N/A,N/A,N/A,N/A,N/A,N/A,N/A,N/A,1,kworker/u2,I (idle),victim2.bnsdq.ozxfs.bomyo.kvugl,0.01178983240438154
1759249857,35055,1,N/A,N/A,N/A,N/A,N/A,N/A,N/A,N/A,1647706112,1580597248,20557824,135168,82202624,5,discern-interfa,S (sleeping),victim2.bnsdq.ozxfs.bomyo.kvugl,0.02303639004007495
1759249857,36104,1,101,101,101,101,102,102,102,102,16568320,16560128,7389184,135168,622592,1,systemd-network,S (sleeping),victim2.bnsdq.ozxfs.bomyo.kvugl,0.41498315659931756
1759249857,34949,2,N/A,N/A,N/A,N/A,N/A,N/A,N/A,N/A,N/A,N/A,N/A,N/A,N/A,1,kworker/u2,I (idle),victim2.bnsdq.ozxfs.bomyo.kvugl,0.0
1759249857,34982,2,N/A,N/A,N/A,N/A,N/A,N/A,N/A,N/A,N/A,N/A,N/A,N/A,N/A,1,kworker/u2,I (idle),victim2.bnsdq.ozxfs.bomyo.kvugl,0.0
1759249857,35277,2,N/A,N/A,N/A,N/A,N/A,N/A,N/A,N/A,N/A,N/A,N/A,N/A,N/A,1,kworker/u2,I (idle),victim2.bnsdq.ozxfs.bomyo.kvugl,0.0
1759249862,36135,1,N/A,N/A,N/A,N/A,N/A,N/A,N/A,N/A,6979584,6979584,3264512,135168,278528,1,bash,S (sleeping),victim2.bnsdq.ozxfs.bomyo.kvugl,0.0
1759249862,36145,1,N/A,N/A,N/A,N/A,N/A,N/A,N/A,N/A,6979584,6979584,3203072,135168,278528,1,bash,S (sleeping),victim2.bnsdq.ozxfs.bomyo.kvugl,0.0
1759249862,35060,2,N/A,N/A,N/A,N/A,N/A,N/A,N/A,N/A,N/A,N/A,N/A,N/A,N/A,1,kworker/u2,I (idle),victim2.bnsdq.ozxfs.bomyo.kvugl,0.01113022806100293
1759249862,35277,2,N/A,N/A,N/A,N/A,N/A,N/A,N/A,N/A,N/A,N/A,N/A,N/A,N/A,1,kworker/u2,I (idle),victim2.bnsdq.ozxfs.bomyo.kvugl,0.0
1759249862,36188,36136,N/A,N/A,N/A,N/A,N/A,N/A,N/A,N/A,5492736,5492736,577536,135168,180224,1,sleep,S (sleeping),victim2.bnsdq.ozxfs.bomyo.kvugl,0.0
1759249862,36193,36145,N/A,N/A,N/A,N/A,N/A,N/A,N/A,N/A,5492736,5492736,520192,135168,180224,1,sleep,S (sleeping),victim2.bnsdq.ozxfs.bomyo.kvugl,0.0
1759249862,35055,1,N/A,N/A,N/A,N/A,N/A,N/A,N/A,N/A,1647706112,1580597248,20557824,135168,82202624,5,discern-interfa,S (sleeping),victim2.bnsdq.ozxfs.bomyo.kvugl,0.021775517867870936
1759249862,36134,1,N/A,N/A,N/A,N/A,N/A,N/A,N/A,N/A,728137728,728137728,7860224,135168,105218048,4,foundryc,S (sleeping),victim2.bnsdq.ozxfs.bomyo.kvugl,0.0
1759249862,36195,36135,N/A,N/A,N/A,N/A,N/A,N/A,N/A,N/A,5492736,5492736,581632,135168,180224,1,sleep,S (sleeping),victim2.bnsdq.ozxfs.bomyo.kvugl,0.0
1759249862,34949,2,N/A,N/A,N/A,N/A,N/A,N/A,N/A,N/A,N/A,N/A,N/A,N/A,N/A,1,kworker/u2,I (idle),victim2.bnsdq.ozxfs.bomyo.kvugl,0.0
1759249862,36139,1,N/A,N/A,N/A,N/A,N/A,N/A,N/A,N/A,6979584,6979584,3289088,135168,278528,1,bash,S (sleeping),victim2.bnsdq.ozxfs.bomyo.kvugl,0.0
1759249862,36194,36139,N/A,N/A,N/A,N/A,N/A,N/A,N/A,N/A,5492736,5492736,512000,135168,180224,1,sleep,S (sleeping),victim2.bnsdq.ozxfs.bomyo.kvugl,0.0
1759249862,34982,2,N/A,N/A,N/A,N/A,N/A,N/A,N/A,N/A,N/A,N/A,N/A,N/A,N/A,1,kworker/u2,I (idle),victim2.bnsdq.ozxfs.bomyo.kvugl,0.0
1759249862,36140,1,N/A,N/A,N/A,N/A,N/A,N/A,N/A,N/A,6979584,6979584,3342336,135168,278528,1,bash,S (sleeping),victim2.bnsdq.ozxfs.bomyo.kvugl,0.0
1759249862,36196,36140,N/A,N/A,N/A,N/A,N/A,N/A,N/A,N/A,5492736,5492736,581632,135168,180224,1,sleep,S (sleeping),victim2.bnsdq.ozxfs.bomyo.kvugl,0.0
1759249862,36156,1,101,101,101,101,102,102,102,102,16568320,16560128,7225344,135168,622592,1,systemd-network,S (sleeping),victim2.bnsdq.ozxfs.bomyo.kvugl,0.34194347616106086
1759249862,34926,2,N/A,N/A,N/A,N/A,N/A,N/A,N/A,N/A,N/A,N/A,N/A,N/A,N/A,1,kworker/u2,I (idle),victim2.bnsdq.ozxfs.bomyo.kvugl,0.0
1759249862,36136,1,N/A,N/A,N/A,N/A,N/A,N/A,N/A,N/A,6979584,6979584,3190784,135168,278528,1,bash,S (sleeping),victim2.bnsdq.ozxfs.bomyo.kvugl,0.0
1759249867,36274,36263,N/A,N/A,N/A,N/A,N/A,N/A,N/A,N/A,5492736,5492736,516096,135168,180224,1,sleep,S (sleeping),victim2.bnsdq.ozxfs.bomyo.kvugl,0.0
1759249867,34926,2,N/A,N/A,N/A,N/A,N/A,N/A,N/A,N/A,N/A,N/A,N/A,N/A,N/A,1,kworker/u2,I (idle),victim2.bnsdq.ozxfs.bomyo.kvugl,0.0
1759249867,34949,2,N/A,N/A,N/A,N/A,N/A,N/A,N/A,N/A,N/A,N/A,N/A,N/A,N/A,1,kworker/u2,I (idle),victim2.bnsdq.ozxfs.bomyo.kvugl,0.0
1759249867,35277,2,N/A,N/A,N/A,N/A,N/A,N/A,N/A,N/A,N/A,N/A,N/A,N/A,N/A,1,kworker/u2,I (idle),victim2.bnsdq.ozxfs.bomyo.kvugl,0.0
1759249867,36253,1,N/A,N/A,N/A,N/A,N/A,N/A,N/A,N/A,728137728,728137728,7860224,135168,105218048,4,foundryc,S (sleeping),victim2.bnsdq.ozxfs.bomyo.kvugl,0.0
1759249867,36256,1,N/A,N/A,N/A,N/A,N/A,N/A,N/A,N/A,6979584,6979584,3211264,135168,278528,1,bash,S (sleeping),victim2.bnsdq.ozxfs.bomyo.kvugl,0.0
1759249867,36273,36260,N/A,N/A,N/A,N/A,N/A,N/A,N/A,N/A,5492736,5492736,516096,135168,180224,1,sleep,S (sleeping),victim2.bnsdq.ozxfs.bomyo.kvugl,0.0
1759249867,36260,1,N/A,N/A,N/A,N/A,N/A,N/A,N/A,N/A,6979584,6979584,3309568,135168,278528,1,bash,S (sleeping),victim2.bnsdq.ozxfs.bomyo.kvugl,0.0
1759249867,36254,1,N/A,N/A,N/A,N/A,N/A,N/A,N/A,N/A,6979584,6979584,3178496,135168,278528,1,bash,S (sleeping),victim2.bnsdq.ozxfs.bomyo.kvugl,0.0
1759249867,36255,1,N/A,N/A,N/A,N/A,N/A,N/A,N/A,N/A,6979584,6979584,3330048,135168,278528,1,bash,S (sleeping),victim2.bnsdq.ozxfs.bomyo.kvugl,0.0
1759249867,36275,1,101,101,101,101,102,102,102,102,16568320,16560128,7475200,135168,622592,1,systemd-network,S (sleeping),victim2.bnsdq.ozxfs.bomyo.kvugl,1.0460108592694746
1759249867,36271,36255,N/A,N/A,N/A,N/A,N/A,N/A,N/A,N/A,5492736,5492736,581632,135168,180224,1,sleep,S (sleeping),victim2.bnsdq.ozxfs.bomyo.kvugl,0.0
1759249867,34982,2,N/A,N/A,N/A,N/A,N/A,N/A,N/A,N/A,N/A,N/A,N/A,N/A,N/A,1,kworker/u2,I (idle),victim2.bnsdq.ozxfs.bomyo.kvugl,0.0
1759249867,36272,36256,N/A,N/A,N/A,N/A,N/A,N/A,N/A,N/A,5492736,5492736,516096,135168,180224,1,sleep,S (sleeping),victim2.bnsdq.ozxfs.bomyo.kvugl,0.0
1759249867,35060,2,N/A,N/A,N/A,N/A,N/A,N/A,N/A,N/A,N/A,N/A,N/A,N/A,N/A,1,kworker/u2,I (idle),victim2.bnsdq.ozxfs.bomyo.kvugl,0.010535942649513054
1759249867,36270,36254,N/A,N/A,N/A,N/A,N/A,N/A,N/A,N/A,5492736,5492736,585728,135168,180224,1,sleep,S (sleeping),victim2.bnsdq.ozxfs.bomyo.kvugl,0.0
1759249867,35055,1,N/A,N/A,N/A,N/A,N/A,N/A,N/A,N/A,1647706112,1580597248,20557824,135168,82202624,5,discern-interfa,S (sleeping),victim2.bnsdq.ozxfs.bomyo.kvugl,0.020636889749681368
1759249867,36263,1,N/A,N/A,N/A,N/A,N/A,N/A,N/A,N/A,6979584,6979584,3284992,135168,278528,1,bash,S (sleeping),victim2.bnsdq.ozxfs.bomyo.kvugl,0.0
1759249872,36320,36256,N/A,N/A,N/A,N/A,N/A,N/A,N/A,N/A,5492736,5492736,581632,135168,180224,1,sleep,S (sleeping),victim2.bnsdq.ozxfs.bomyo.kvugl,0.0
1759249872,34926,2,N/A,N/A,N/A,N/A,N/A,N/A,N/A,N/A,N/A,N/A,N/A,N/A,N/A,1,kworker/u2,I (idle),victim2.bnsdq.ozxfs.bomyo.kvugl,0.0
1759249872,36332,1,101,101,101,101,102,102,102,102,16568320,16560128,7241728,135168,622592,1,systemd-network,S (sleeping),victim2.bnsdq.ozxfs.bomyo.kvugl,1.517759788414086
1759249872,36350,202,N/A,N/A,N/A,N/A,N/A,N/A,N/A,N/A,23040000,21975040,3944448,135168,724992,1,systemd-udevd,S (sleeping),victim2.bnsdq.ozxfs.bomyo.kvugl,0.0
1759249872,36255,1,N/A,N/A,N/A,N/A,N/A,N/A,N/A,N/A,6979584,6979584,3342336,135168,278528,1,bash,S (sleeping),victim2.bnsdq.ozxfs.bomyo.kvugl,0.0
1759249872,35055,1,N/A,N/A,N/A,N/A,N/A,N/A,N/A,N/A,1647706112,1580597248,20557824,135168,82202624,5,discern-interfa,S (sleeping),victim2.bnsdq.ozxfs.bomyo.kvugl,0.019612216733690253
1759249872,36263,1,N/A,N/A,N/A,N/A,N/A,N/A,N/A,N/A,6979584,6979584,3305472,135168,278528,1,bash,S (sleeping),victim2.bnsdq.ozxfs.bomyo.kvugl,0.0
1759249873,34949,2,N/A,N/A,N/A,N/A,N/A,N/A,N/A,N/A,N/A,N/A,N/A,N/A,N/A,1,kworker/u2,I (idle),victim2.bnsdq.ozxfs.bomyo.kvugl,0.0
1759249873,35277,2,N/A,N/A,N/A,N/A,N/A,N/A,N/A,N/A,N/A,N/A,N/A,N/A,N/A,1,kworker/u2,I (idle),victim2.bnsdq.ozxfs.bomyo.kvugl,0.0
1759249873,36339,36255,N/A,N/A,N/A,N/A,N/A,N/A,N/A,N/A,5492736,5492736,512000,135168,180224,1,sleep,S (sleeping),victim2.bnsdq.ozxfs.bomyo.kvugl,0.0
1759249873,35060,2,N/A,N/A,N/A,N/A,N/A,N/A,N/A,N/A,N/A,N/A,N/A,N/A,N/A,1,kworker/u2,I (idle),victim2.bnsdq.ozxfs.bomyo.kvugl,0.010002173575540396
1759249873,36260,1,N/A,N/A,N/A,N/A,N/A,N/A,N/A,N/A,6979584,6979584,3325952,135168,278528,1,bash,S (sleeping),victim2.bnsdq.ozxfs.bomyo.kvugl,0.0
1759249873,36338,36263,N/A,N/A,N/A,N/A,N/A,N/A,N/A,N/A,5492736,5492736,516096,135168,180224,1,sleep,S (sleeping),victim2.bnsdq.ozxfs.bomyo.kvugl,0.0
1759249873,34982,2,N/A,N/A,N/A,N/A,N/A,N/A,N/A,N/A,N/A,N/A,N/A,N/A,N/A,1,kworker/u2,I (idle),victim2.bnsdq.ozxfs.bomyo.kvugl,0.0
1759249873,36334,36254,N/A,N/A,N/A,N/A,N/A,N/A,N/A,N/A,5492736,5492736,581632,135168,180224,1,sleep,S (sleeping),victim2.bnsdq.ozxfs.bomyo.kvugl,0.0
1759249873,36340,36260,N/A,N/A,N/A,N/A,N/A,N/A,N/A,N/A,5492736,5492736,512000,135168,180224,1,sleep,S (sleeping),victim2.bnsdq.ozxfs.bomyo.kvugl,0.0
1759249873,36254,1,N/A,N/A,N/A,N/A,N/A,N/A,N/A,N/A,6979584,6979584,3190784,135168,278528,1,bash,S (sleeping),victim2.bnsdq.ozxfs.bomyo.kvugl,0.0
1759249873,36256,1,N/A,N/A,N/A,N/A,N/A,N/A,N/A,N/A,6979584,6979584,3297280,135168,278528,1,bash,S (sleeping),victim2.bnsdq.ozxfs.bomyo.kvugl,0.0
1759249878,36399,36374,N/A,N/A,N/A,N/A,N/A,N/A,N/A,N/A,5492736,5492736,581632,135168,180224,1,sleep,S (sleeping),victim2.bnsdq.ozxfs.bomyo.kvugl,0.0
1759249878,36374,1,N/A,N/A,N/A,N/A,N/A,N/A,N/A,N/A,6979584,6979584,3260416,135168,278528,1,bash,S (sleeping),victim2.bnsdq.ozxfs.bomyo.kvugl,0.0
1759249878,36380,1,N/A,N/A,N/A,N/A,N/A,N/A,N/A,N/A,6979584,6979584,3338240,135168,278528,1,bash,S (sleeping),victim2.bnsdq.ozxfs.bomyo.kvugl,0.0
1759249878,36373,1,N/A,N/A,N/A,N/A,N/A,N/A,N/A,N/A,728137728,728137728,7860224,135168,105218048,4,foundryc,S (sleeping),victim2.bnsdq.ozxfs.bomyo.kvugl,0.0
1759249878,34982,2,N/A,N/A,N/A,N/A,N/A,N/A,N/A,N/A,N/A,N/A,N/A,N/A,N/A,1,kworker/u2,I (idle),victim2.bnsdq.ozxfs.bomyo.kvugl,0.0
1759249878,35055,1,N/A,N/A,N/A,N/A,N/A,N/A,N/A,N/A,1647706112,1580597248,20557824,135168,82202624,5,discern-interfa,S (sleeping),victim2.bnsdq.ozxfs.bomyo.kvugl,0.01868449295385383
1759249878,36376,1,N/A,N/A,N/A,N/A,N/A,N/A,N/A,N/A,6979584,6979584,3366912,135168,278528,1,bash,S (sleeping),victim2.bnsdq.ozxfs.bomyo.kvugl,0.0
1759249878,36403,36375,N/A,N/A,N/A,N/A,N/A,N/A,N/A,N/A,5492736,5492736,585728,135168,180224,1,sleep,S (sleeping),victim2.bnsdq.ozxfs.bomyo.kvugl,0.0
1759249878,36402,36380,N/A,N/A,N/A,N/A,N/A,N/A,N/A,N/A,5492736,5492736,516096,135168,180224,1,sleep,S (sleeping),victim2.bnsdq.ozxfs.bomyo.kvugl,0.0
1759249878,36404,36376,N/A,N/A,N/A,N/A,N/A,N/A,N/A,N/A,5492736,5492736,585728,135168,180224,1,sleep,S (sleeping),victim2.bnsdq.ozxfs.bomyo.kvugl,0.0
1759249878,36395,1,101,101,101,101,102,102,102,102,16568320,16560128,7458816,135168,622592,1,systemd-network,S (sleeping),victim2.bnsdq.ozxfs.bomyo.kvugl,1.469288284644996
1759249878,34949,2,N/A,N/A,N/A,N/A,N/A,N/A,N/A,N/A,N/A,N/A,N/A,N/A,N/A,1,kworker/u2,I (idle),victim2.bnsdq.ozxfs.bomyo.kvugl,0.0
1759249878,35060,2,N/A,N/A,N/A,N/A,N/A,N/A,N/A,N/A,N/A,N/A,N/A,N/A,N/A,1,kworker/u2,I (idle),victim2.bnsdq.ozxfs.bomyo.kvugl,0.009519984406586936
1759249878,36375,1,N/A,N/A,N/A,N/A,N/A,N/A,N/A,N/A,6979584,6979584,3248128,135168,278528,1,bash,S (sleeping),victim2.bnsdq.ozxfs.bomyo.kvugl,0.0
1759249878,36405,36383,N/A,N/A,N/A,N/A,N/A,N/A,N/A,N/A,5492736,5492736,512000,135168,180224,1,sleep,S (sleeping),victim2.bnsdq.ozxfs.bomyo.kvugl,0.0
1759249878,36383,1,N/A,N/A,N/A,N/A,N/A,N/A,N/A,N/A,6979584,6979584,3465216,135168,278528,1,bash,S (sleeping),victim2.bnsdq.ozxfs.bomyo.kvugl,0.0
1759249878,35277,2,N/A,N/A,N/A,N/A,N/A,N/A,N/A,N/A,N/A,N/A,N/A,N/A,N/A,1,kworker/u2,I (idle),victim2.bnsdq.ozxfs.bomyo.kvugl,0.0
1759249878,34926,2,N/A,N/A,N/A,N/A,N/A,N/A,N/A,N/A,N/A,N/A,N/A,N/A,N/A,1,kworker/u2,I (idle),victim2.bnsdq.ozxfs.bomyo.kvugl,0.0
1759249883,34926,2,N/A,N/A,N/A,N/A,N/A,N/A,N/A,N/A,N/A,N/A,N/A,N/A,N/A,1,kworker/u2,I (idle),victim2.bnsdq.ozxfs.bomyo.kvugl,0.0
1759249883,35060,2,N/A,N/A,N/A,N/A,N/A,N/A,N/A,N/A,N/A,N/A,N/A,N/A,N/A,1,kworker/u2,I (idle),victim2.bnsdq.ozxfs.bomyo.kvugl,0.009082407948482307
1759249883,35277,2,N/A,N/A,N/A,N/A,N/A,N/A,N/A,N/A,N/A,N/A,N/A,N/A,N/A,1,kworker/u2,I (idle),victim2.bnsdq.ozxfs.bomyo.kvugl,0.0
1759249883,36470,202,N/A,N/A,N/A,N/A,N/A,N/A,N/A,N/A,23040000,21975040,3940352,135168,724992,1,systemd-udevd,S (sleeping),victim2.bnsdq.ozxfs.bomyo.kvugl,0.0
1759249883,35055,1,N/A,N/A,N/A,N/A,N/A,N/A,N/A,N/A,1647706112,1580597248,20557824,135168,82202624,5,discern-interfa,S (sleeping),victim2.bnsdq.ozxfs.bomyo.kvugl,0.01784064062281319
1759249883,36460,1,101,101,101,101,102,102,102,102,16568320,16560128,7356416,135168,622592,1,systemd-network,S (sleeping),victim2.bnsdq.ozxfs.bomyo.kvugl,1.4259741429705746
1759249883,34949,2,N/A,N/A,N/A,N/A,N/A,N/A,N/A,N/A,N/A,N/A,N/A,N/A,N/A,1,kworker/u2,I (idle),victim2.bnsdq.ozxfs.bomyo.kvugl,0.0
1759249883,34982,2,N/A,N/A,N/A,N/A,N/A,N/A,N/A,N/A,N/A,N/A,N/A,N/A,N/A,1,kworker/u2,I (idle),victim2.bnsdq.ozxfs.bomyo.kvugl,0.0
1759249888,36532,36499,N/A,N/A,N/A,N/A,N/A,N/A,N/A,N/A,5492736,5492736,577536,135168,180224,1,sleep,S (sleeping),victim2.bnsdq.ozxfs.bomyo.kvugl,0.0
1759249888,36499,1,N/A,N/A,N/A,N/A,N/A,N/A,N/A,N/A,6979584,6979584,3354624,135168,278528,1,bash,S (sleeping),victim2.bnsdq.ozxfs.bomyo.kvugl,0.0
1759249888,36515,1,101,101,101,101,102,102,102,102,16568320,16560128,7327744,135168,622592,1,systemd-network,S (sleeping),victim2.bnsdq.ozxfs.bomyo.kvugl,0.9579250913371197
1759249888,36527,36495,N/A,N/A,N/A,N/A,N/A,N/A,N/A,N/A,5492736,5492736,585728,135168,180224,1,sleep,S (sleeping),victim2.bnsdq.ozxfs.bomyo.kvugl,0.0
1759249888,36533,36496,N/A,N/A,N/A,N/A,N/A,N/A,N/A,N/A,5492736,5492736,577536,135168,180224,1,sleep,S (sleeping),victim2.bnsdq.ozxfs.bomyo.kvugl,0.0
1759249888,36496,1,N/A,N/A,N/A,N/A,N/A,N/A,N/A,N/A,6979584,6979584,3276800,135168,278528,1,bash,S (sleeping),victim2.bnsdq.ozxfs.bomyo.kvugl,0.0
1759249888,35060,2,N/A,N/A,N/A,N/A,N/A,N/A,N/A,N/A,N/A,N/A,N/A,N/A,N/A,1,kworker/u2,I (idle),victim2.bnsdq.ozxfs.bomyo.kvugl,0.008685635960380366
1759249888,34926,2,N/A,N/A,N/A,N/A,N/A,N/A,N/A,N/A,N/A,N/A,N/A,N/A,N/A,1,kworker/u2,I (idle),victim2.bnsdq.ozxfs.bomyo.kvugl,0.0
1759249888,36494,1,N/A,N/A,N/A,N/A,N/A,N/A,N/A,N/A,6979584,6979584,3358720,135168,278528,1,bash,S (sleeping),victim2.bnsdq.ozxfs.bomyo.kvugl,0.0
1759249888,34982,2,N/A,N/A,N/A,N/A,N/A,N/A,N/A,N/A,N/A,N/A,N/A,N/A,N/A,1,kworker/u2,I (idle),victim2.bnsdq.ozxfs.bomyo.kvugl,0.0
1759249888,35055,1,N/A,N/A,N/A,N/A,N/A,N/A,N/A,N/A,1647706112,1580597248,20557824,135168,82202624,5,discern-interfa,S (sleeping),victim2.bnsdq.ozxfs.bomyo.kvugl,0.01707448605262166
1759249888,36493,1,N/A,N/A,N/A,N/A,N/A,N/A,N/A,N/A,728137728,728137728,7860224,135168,105218048,4,foundryc,S (sleeping),victim2.bnsdq.ozxfs.bomyo.kvugl,0.0
1759249888,35277,2,N/A,N/A,N/A,N/A,N/A,N/A,N/A,N/A,N/A,N/A,N/A,N/A,N/A,1,kworker/u2,I (idle),victim2.bnsdq.ozxfs.bomyo.kvugl,0.0
1759249888,36495,1,N/A,N/A,N/A,N/A,N/A,N/A,N/A,N/A,6979584,6979584,3330048,135168,278528,1,bash,S (sleeping),victim2.bnsdq.ozxfs.bomyo.kvugl,0.0
1759249888,36535,36503,N/A,N/A,N/A,N/A,N/A,N/A,N/A,N/A,5492736,5492736,577536,135168,180224,1,sleep,S (sleeping),victim2.bnsdq.ozxfs.bomyo.kvugl,0.0
1759249888,36503,1,N/A,N/A,N/A,N/A,N/A,N/A,N/A,N/A,6979584,6979584,3330048,135168,278528,1,bash,S (sleeping),victim2.bnsdq.ozxfs.bomyo.kvugl,0.0
1759249888,34949,2,N/A,N/A,N/A,N/A,N/A,N/A,N/A,N/A,N/A,N/A,N/A,N/A,N/A,1,kworker/u2,I (idle),victim2.bnsdq.ozxfs.bomyo.kvugl,0.0
1759249888,36534,36494,N/A,N/A,N/A,N/A,N/A,N/A,N/A,N/A,5492736,5492736,512000,135168,180224,1,sleep,S (sleeping),victim2.bnsdq.ozxfs.bomyo.kvugl,0.0
1759249893,34949,2,N/A,N/A,N/A,N/A,N/A,N/A,N/A,N/A,N/A,N/A,N/A,N/A,N/A,1,kworker/u2,I (idle),victim2.bnsdq.ozxfs.bomyo.kvugl,0.0
1759249893,36580,1,101,101,101,101,102,102,102,102,16568320,16560128,7458816,135168,622592,1,systemd-network,S (sleeping),victim2.bnsdq.ozxfs.bomyo.kvugl,0.6252915666183877
1759249893,34982,2,N/A,N/A,N/A,N/A,N/A,N/A,N/A,N/A,N/A,N/A,N/A,N/A,N/A,1,kworker/u2,I (idle),victim2.bnsdq.ozxfs.bomyo.kvugl,0.0
1759249893,35277,2,N/A,N/A,N/A,N/A,N/A,N/A,N/A,N/A,N/A,N/A,N/A,N/A,N/A,1,kworker/u2,I (idle),victim2.bnsdq.ozxfs.bomyo.kvugl,0.0
1759249893,35055,1,N/A,N/A,N/A,N/A,N/A,N/A,N/A,N/A,1647706112,1580597248,20557824,135168,82202624,5,discern-interfa,S (sleeping),victim2.bnsdq.ozxfs.bomyo.kvugl,0.016366693800783278
1759249893,36590,202,N/A,N/A,N/A,N/A,N/A,N/A,N/A,N/A,23040000,21975040,3940352,135168,724992,1,systemd-udevd,S (sleeping),victim2.bnsdq.ozxfs.bomyo.kvugl,0.0
1759249893,34926,2,N/A,N/A,N/A,N/A,N/A,N/A,N/A,N/A,N/A,N/A,N/A,N/A,N/A,1,kworker/u2,I (idle),victim2.bnsdq.ozxfs.bomyo.kvugl,0.0
1759249893,35060,2,N/A,N/A,N/A,N/A,N/A,N/A,N/A,N/A,N/A,N/A,N/A,N/A,N/A,1,kworker/u2,I (idle),victim2.bnsdq.ozxfs.bomyo.kvugl,0.008319450052985174
1759249898,34926,2,N/A,N/A,N/A,N/A,N/A,N/A,N/A,N/A,N/A,N/A,N/A,N/A,N/A,1,kworker/u2,I (idle),victim2.bnsdq.ozxfs.bomyo.kvugl,0.0
1759249898,34982,2,N/A,N/A,N/A,N/A,N/A,N/A,N/A,N/A,N/A,N/A,N/A,N/A,N/A,1,kworker/u2,I (idle),victim2.bnsdq.ozxfs.bomyo.kvugl,0.0
1759249898,35277,2,N/A,N/A,N/A,N/A,N/A,N/A,N/A,N/A,N/A,N/A,N/A,N/A,N/A,1,kworker/u2,I (idle),victim2.bnsdq.ozxfs.bomyo.kvugl,0.0
1759249898,36612,1,N/A,N/A,N/A,N/A,N/A,N/A,N/A,N/A,728137728,728137728,7860224,135168,105218048,4,foundryc,S (sleeping),victim2.bnsdq.ozxfs.bomyo.kvugl,0.0
1759249898,36620,1,N/A,N/A,N/A,N/A,N/A,N/A,N/A,N/A,6979584,6979584,3325952,135168,278528,1,bash,S (sleeping),victim2.bnsdq.ozxfs.bomyo.kvugl,0.0
1759249898,36663,36613,N/A,N/A,N/A,N/A,N/A,N/A,N/A,N/A,5492736,5492736,520192,135168,180224,1,sleep,S (sleeping),victim2.bnsdq.ozxfs.bomyo.kvugl,0.0
1759249898,36662,36618,N/A,N/A,N/A,N/A,N/A,N/A,N/A,N/A,5492736,5492736,512000,135168,180224,1,sleep,S (sleeping),victim2.bnsdq.ozxfs.bomyo.kvugl,0.0
1759249898,35060,2,N/A,N/A,N/A,N/A,N/A,N/A,N/A,N/A,N/A,N/A,N/A,N/A,N/A,1,kworker/u2,I (idle),victim2.bnsdq.ozxfs.bomyo.kvugl,0.007985320571012379
1759249898,34949,2,N/A,N/A,N/A,N/A,N/A,N/A,N/A,N/A,N/A,N/A,N/A,N/A,N/A,1,kworker/u2,I (idle),victim2.bnsdq.ozxfs.bomyo.kvugl,0.0
1759249898,36623,1,N/A,N/A,N/A,N/A,N/A,N/A,N/A,N/A,6979584,6979584,3338240,135168,278528,1,bash,S (sleeping),victim2.bnsdq.ozxfs.bomyo.kvugl,0.0
1759249898,36634,1,101,101,101,101,102,102,102,102,16568320,16560128,7389184,135168,622592,1,systemd-network,S (sleeping),victim2.bnsdq.ozxfs.bomyo.kvugl,0.7091495282934718
1759249898,36613,1,N/A,N/A,N/A,N/A,N/A,N/A,N/A,N/A,6979584,6979584,3264512,135168,278528,1,bash,S (sleeping),victim2.bnsdq.ozxfs.bomyo.kvugl,0.0
1759249898,36614,1,N/A,N/A,N/A,N/A,N/A,N/A,N/A,N/A,6979584,6979584,3248128,135168,278528,1,bash,S (sleeping),victim2.bnsdq.ozxfs.bomyo.kvugl,0.0
1759249898,36664,36620,N/A,N/A,N/A,N/A,N/A,N/A,N/A,N/A,5492736,5492736,577536,135168,180224,1,sleep,S (sleeping),victim2.bnsdq.ozxfs.bomyo.kvugl,0.0
1759249898,35055,1,N/A,N/A,N/A,N/A,N/A,N/A,N/A,N/A,1647706112,1580597248,20557824,135168,82202624,5,discern-interfa,S (sleeping),victim2.bnsdq.ozxfs.bomyo.kvugl,0.015719346564233492
1759249898,36618,1,N/A,N/A,N/A,N/A,N/A,N/A,N/A,N/A,6979584,6979584,3219456,135168,278528,1,bash,S (sleeping),victim2.bnsdq.ozxfs.bomyo.kvugl,0.0
1759249898,36656,36623,N/A,N/A,N/A,N/A,N/A,N/A,N/A,N/A,5492736,5492736,516096,135168,180224,1,sleep,S (sleeping),victim2.bnsdq.ozxfs.bomyo.kvugl,0.0
1759249898,36661,36614,N/A,N/A,N/A,N/A,N/A,N/A,N/A,N/A,5492736,5492736,581632,135168,180224,1,sleep,S (sleeping),victim2.bnsdq.ozxfs.bomyo.kvugl,0.0
1759249903,35055,1,N/A,N/A,N/A,N/A,N/A,N/A,N/A,N/A,1647706112,1580597248,20557824,135168,82202624,5,discern-interfa,S (sleeping),victim2.bnsdq.ozxfs.bomyo.kvugl,0.01511735144543333
1759249903,35060,2,N/A,N/A,N/A,N/A,N/A,N/A,N/A,N/A,N/A,N/A,N/A,N/A,N/A,1,kworker/u2,I (idle),victim2.bnsdq.ozxfs.bomyo.kvugl,0.007674678774218002
1759249903,34926,2,N/A,N/A,N/A,N/A,N/A,N/A,N/A,N/A,N/A,N/A,N/A,N/A,N/A,1,kworker/u2,I (idle),victim2.bnsdq.ozxfs.bomyo.kvugl,0.0
1759249903,36699,1,101,101,101,101,102,102,102,102,16568320,16560128,7266304,135168,622592,1,systemd-network,S (sleeping),victim2.bnsdq.ozxfs.bomyo.kvugl,0.4652003372005575
1759249903,36709,202,N/A,N/A,N/A,N/A,N/A,N/A,N/A,N/A,23040000,21975040,3944448,135168,724992,1,systemd-udevd,S (sleeping),victim2.bnsdq.ozxfs.bomyo.kvugl,0.0
1759249903,34982,2,N/A,N/A,N/A,N/A,N/A,N/A,N/A,N/A,N/A,N/A,N/A,N/A,N/A,1,kworker/u2,I (idle),victim2.bnsdq.ozxfs.bomyo.kvugl,0.0
1759249903,34949,2,N/A,N/A,N/A,N/A,N/A,N/A,N/A,N/A,N/A,N/A,N/A,N/A,N/A,1,kworker/u2,I (idle),victim2.bnsdq.ozxfs.bomyo.kvugl,0.0
1759249903,35277,2,N/A,N/A,N/A,N/A,N/A,N/A,N/A,N/A,N/A,N/A,N/A,N/A,N/A,1,kworker/u2,I (idle),victim2.bnsdq.ozxfs.bomyo.kvugl,0.0
1759249908,36732,1,N/A,N/A,N/A,N/A,N/A,N/A,N/A,N/A,6979584,6979584,3260416,135168,278528,1,bash,S (sleeping),victim2.bnsdq.ozxfs.bomyo.kvugl,0.0
1759249908,34982,2,N/A,N/A,N/A,N/A,N/A,N/A,N/A,N/A,N/A,N/A,N/A,N/A,N/A,1,kworker/u2,I (idle),victim2.bnsdq.ozxfs.bomyo.kvugl,0.0
1759249908,35060,2,N/A,N/A,N/A,N/A,N/A,N/A,N/A,N/A,N/A,N/A,N/A,N/A,N/A,1,kworker/u2,I (idle),victim2.bnsdq.ozxfs.bomyo.kvugl,0.007389264511877631
1759249908,34949,2,N/A,N/A,N/A,N/A,N/A,N/A,N/A,N/A,N/A,N/A,N/A,N/A,N/A,1,kworker/u2,I (idle),victim2.bnsdq.ozxfs.bomyo.kvugl,0.0
1759249908,36783,36736,N/A,N/A,N/A,N/A,N/A,N/A,N/A,N/A,5492736,5492736,520192,135168,180224,1,sleep,S (sleeping),victim2.bnsdq.ozxfs.bomyo.kvugl,0.0
1759249908,36739,1,N/A,N/A,N/A,N/A,N/A,N/A,N/A,N/A,6979584,6979584,3158016,135168,278528,1,bash,S (sleeping),victim2.bnsdq.ozxfs.bomyo.kvugl,0.0
1759249908,36731,1,N/A,N/A,N/A,N/A,N/A,N/A,N/A,N/A,728137728,728137728,7856128,135168,105218048,4,foundryc,S (sleeping),victim2.bnsdq.ozxfs.bomyo.kvugl,0.0
1759249908,36780,36733,N/A,N/A,N/A,N/A,N/A,N/A,N/A,N/A,5492736,5492736,581632,135168,180224,1,sleep,S (sleeping),victim2.bnsdq.ozxfs.bomyo.kvugl,0.0
1759249908,35055,1,N/A,N/A,N/A,N/A,N/A,N/A,N/A,N/A,1647706112,1580597248,20557824,135168,82202624,5,discern-interfa,S (sleeping),victim2.bnsdq.ozxfs.bomyo.kvugl,0.01456311523307351
1759249908,36753,1,101,101,101,101,102,102,102,102,16568320,16560128,7241728,135168,622592,1,systemd-network,S (sleeping),victim2.bnsdq.ozxfs.bomyo.kvugl,0.3749840242275048
1759249908,36781,36739,N/A,N/A,N/A,N/A,N/A,N/A,N/A,N/A,5492736,5492736,581632,135168,180224,1,sleep,S (sleeping),victim2.bnsdq.ozxfs.bomyo.kvugl,0.0
1759249908,35277,2,N/A,N/A,N/A,N/A,N/A,N/A,N/A,N/A,N/A,N/A,N/A,N/A,N/A,1,kworker/u2,I (idle),victim2.bnsdq.ozxfs.bomyo.kvugl,0.0
1759249908,34926,2,N/A,N/A,N/A,N/A,N/A,N/A,N/A,N/A,N/A,N/A,N/A,N/A,N/A,1,kworker/u2,I (idle),victim2.bnsdq.ozxfs.bomyo.kvugl,0.0
1759249908,36775,36732,N/A,N/A,N/A,N/A,N/A,N/A,N/A,N/A,5492736,5492736,577536,135168,180224,1,sleep,S (sleeping),victim2.bnsdq.ozxfs.bomyo.kvugl,0.0
1759249908,36741,1,N/A,N/A,N/A,N/A,N/A,N/A,N/A,N/A,6979584,6979584,3231744,135168,278528,1,bash,S (sleeping),victim2.bnsdq.ozxfs.bomyo.kvugl,0.0
1759249908,36736,1,N/A,N/A,N/A,N/A,N/A,N/A,N/A,N/A,6979584,6979584,3305472,135168,278528,1,bash,S (sleeping),victim2.bnsdq.ozxfs.bomyo.kvugl,0.0
1759249908,36782,36741,N/A,N/A,N/A,N/A,N/A,N/A,N/A,N/A,5492736,5492736,516096,135168,180224,1,sleep,S (sleeping),victim2.bnsdq.ozxfs.bomyo.kvugl,0.0
1759249908,36733,1,N/A,N/A,N/A,N/A,N/A,N/A,N/A,N/A,6979584,6979584,3162112,135168,278528,1,bash,S (sleeping),victim2.bnsdq.ozxfs.bomyo.kvugl,0.0
1759249913,35060,2,N/A,N/A,N/A,N/A,N/A,N/A,N/A,N/A,N/A,N/A,N/A,N/A,N/A,1,kworker/u2,I (idle),victim2.bnsdq.ozxfs.bomyo.kvugl,0.007122835995259824
1759249913,34926,2,N/A,N/A,N/A,N/A,N/A,N/A,N/A,N/A,N/A,N/A,N/A,N/A,N/A,1,kworker/u2,I (idle),victim2.bnsdq.ozxfs.bomyo.kvugl,0.0
1759249913,35277,2,N/A,N/A,N/A,N/A,N/A,N/A,N/A,N/A,N/A,N/A,N/A,N/A,N/A,1,kworker/u2,I (idle),victim2.bnsdq.ozxfs.bomyo.kvugl,0.0
1759249913,35055,1,N/A,N/A,N/A,N/A,N/A,N/A,N/A,N/A,1647706112,1580597248,20557824,135168,82202624,5,discern-interfa,S (sleeping),victim2.bnsdq.ozxfs.bomyo.kvugl,0.014045494446118299
1759249913,36815,1,101,101,101,101,102,102,102,102,16568320,16560128,7331840,135168,622592,1,systemd-network,S (sleeping),victim2.bnsdq.ozxfs.bomyo.kvugl,0.5560507642749272
1759249913,34982,2,N/A,N/A,N/A,N/A,N/A,N/A,N/A,N/A,N/A,N/A,N/A,N/A,N/A,1,kworker/u2,I (idle),victim2.bnsdq.ozxfs.bomyo.kvugl,0.0
1759249913,34949,2,N/A,N/A,N/A,N/A,N/A,N/A,N/A,N/A,N/A,N/A,N/A,N/A,N/A,1,kworker/u2,I (idle),victim2.bnsdq.ozxfs.bomyo.kvugl,0.0
1759249918,34926,2,N/A,N/A,N/A,N/A,N/A,N/A,N/A,N/A,N/A,N/A,N/A,N/A,N/A,1,kworker/u2,I (idle),victim2.bnsdq.ozxfs.bomyo.kvugl,0.0
1759249918,36864,1,N/A,N/A,N/A,N/A,N/A,N/A,N/A,N/A,6979584,6979584,3268608,135168,278528,1,bash,S (sleeping),victim2.bnsdq.ozxfs.bomyo.kvugl,0.0
1759249918,35277,2,N/A,N/A,N/A,N/A,N/A,N/A,N/A,N/A,N/A,N/A,N/A,N/A,N/A,1,kworker/u2,I (idle),victim2.bnsdq.ozxfs.bomyo.kvugl,0.0
1759249918,36855,1,N/A,N/A,N/A,N/A,N/A,N/A,N/A,N/A,6979584,6979584,3325952,135168,278528,1,bash,S (sleeping),victim2.bnsdq.ozxfs.bomyo.kvugl,0.0
1759249918,36908,36855,N/A,N/A,N/A,N/A,N/A,N/A,N/A,N/A,5492736,5492736,516096,135168,180224,1,sleep,S (sleeping),victim2.bnsdq.ozxfs.bomyo.kvugl,0.0
1759249918,34949,2,N/A,N/A,N/A,N/A,N/A,N/A,N/A,N/A,N/A,N/A,N/A,N/A,N/A,1,kworker/u2,I (idle),victim2.bnsdq.ozxfs.bomyo.kvugl,0.0
1759249918,36858,1,N/A,N/A,N/A,N/A,N/A,N/A,N/A,N/A,6979584,6979584,3313664,135168,278528,1,bash,S (sleeping),victim2.bnsdq.ozxfs.bomyo.kvugl,0.0
1759249918,36912,36864,N/A,N/A,N/A,N/A,N/A,N/A,N/A,N/A,5492736,5492736,512000,135168,180224,1,sleep,S (sleeping),victim2.bnsdq.ozxfs.bomyo.kvugl,0.0
1759249918,36850,1,N/A,N/A,N/A,N/A,N/A,N/A,N/A,N/A,728137728,728137728,7860224,135168,105218048,4,foundryc,S (sleeping),victim2.bnsdq.ozxfs.bomyo.kvugl,0.0
1759249918,36906,36858,N/A,N/A,N/A,N/A,N/A,N/A,N/A,N/A,5492736,5492736,577536,135168,180224,1,sleep,S (sleeping),victim2.bnsdq.ozxfs.bomyo.kvugl,0.0
1759249918,35060,2,N/A,N/A,N/A,N/A,N/A,N/A,N/A,N/A,N/A,N/A,N/A,N/A,N/A,1,kworker/u2,I (idle),victim2.bnsdq.ozxfs.bomyo.kvugl,0.006876515868449933
1759249918,36851,1,N/A,N/A,N/A,N/A,N/A,N/A,N/A,N/A,6979584,6979584,3403776,135168,278528,1,bash,S (sleeping),victim2.bnsdq.ozxfs.bomyo.kvugl,0.0
1759249918,36872,1,101,101,101,101,102,102,102,102,16568320,16560128,7315456,135168,622592,1,systemd-network,S (sleeping),victim2.bnsdq.ozxfs.bomyo.kvugl,0.36879160315717224
1759249918,36911,36851,N/A,N/A,N/A,N/A,N/A,N/A,N/A,N/A,5492736,5492736,581632,135168,180224,1,sleep,S (sleeping),victim2.bnsdq.ozxfs.bomyo.kvugl,0.0
1759249918,34982,2,N/A,N/A,N/A,N/A,N/A,N/A,N/A,N/A,N/A,N/A,N/A,N/A,N/A,1,kworker/u2,I (idle),victim2.bnsdq.ozxfs.bomyo.kvugl,0.0
1759249918,35055,1,N/A,N/A,N/A,N/A,N/A,N/A,N/A,N/A,1647706112,1580597248,20557824,135168,82202624,5,discern-interfa,S (sleeping),victim2.bnsdq.ozxfs.bomyo.kvugl,0.013566328610802647
1759249918,36852,1,N/A,N/A,N/A,N/A,N/A,N/A,N/A,N/A,6979584,6979584,3375104,135168,278528,1,bash,S (sleeping),victim2.bnsdq.ozxfs.bomyo.kvugl,0.0
1759249918,36904,36852,N/A,N/A,N/A,N/A,N/A,N/A,N/A,N/A,5492736,5492736,516096,135168,180224,1,sleep,S (sleeping),victim2.bnsdq.ozxfs.bomyo.kvugl,0.0
1759249923,35277,2,N/A,N/A,N/A,N/A,N/A,N/A,N/A,N/A,N/A,N/A,N/A,N/A,N/A,1,kworker/u2,I (idle),victim2.bnsdq.ozxfs.bomyo.kvugl,0.0
1759249923,36973,1,N/A,N/A,N/A,N/A,N/A,N/A,N/A,N/A,6979584,6979584,3362816,135168,278528,1,bash,S (sleeping),victim2.bnsdq.ozxfs.bomyo.kvugl,0.0
1759249923,36987,36972,N/A,N/A,N/A,N/A,N/A,N/A,N/A,N/A,5492736,5492736,581632,135168,180224,1,sleep,S (sleeping),victim2.bnsdq.ozxfs.bomyo.kvugl,0.0
1759249923,34982,2,N/A,N/A,N/A,N/A,N/A,N/A,N/A,N/A,N/A,N/A,N/A,N/A,N/A,1,kworker/u2,I (idle),victim2.bnsdq.ozxfs.bomyo.kvugl,0.0
1759249923,36971,1,N/A,N/A,N/A,N/A,N/A,N/A,N/A,N/A,6979584,6979584,3375104,135168,278528,1,bash,S (sleeping),victim2.bnsdq.ozxfs.bomyo.kvugl,0.0
1759249923,36976,1,N/A,N/A,N/A,N/A,N/A,N/A,N/A,N/A,6979584,6979584,3211264,135168,278528,1,bash,S (sleeping),victim2.bnsdq.ozxfs.bomyo.kvugl,0.0
1759249923,36992,1,101,101,101,101,102,102,102,102,16568320,16560128,7417856,135168,622592,1,systemd-network,S (sleeping),victim2.bnsdq.ozxfs.bomyo.kvugl,2.0144989790186782
1759249923,36988,36971,N/A,N/A,N/A,N/A,N/A,N/A,N/A,N/A,5492736,5492736,512000,135168,180224,1,sleep,S (sleeping),victim2.bnsdq.ozxfs.bomyo.kvugl,0.0
1759249923,36991,36978,N/A,N/A,N/A,N/A,N/A,N/A,N/A,N/A,5492736,5492736,581632,135168,180224,1,sleep,S (sleeping),victim2.bnsdq.ozxfs.bomyo.kvugl,0.0
1759249923,34926,2,N/A,N/A,N/A,N/A,N/A,N/A,N/A,N/A,N/A,N/A,N/A,N/A,N/A,1,kworker/u2,I (idle),victim2.bnsdq.ozxfs.bomyo.kvugl,0.0
1759249923,35055,1,N/A,N/A,N/A,N/A,N/A,N/A,N/A,N/A,1647706112,1580597248,20557824,135168,82202624,5,discern-interfa,S (sleeping),victim2.bnsdq.ozxfs.bomyo.kvugl,0.01311558064345686
1759249923,36970,1,N/A,N/A,N/A,N/A,N/A,N/A,N/A,N/A,728137728,728137728,7856128,135168,105218048,4,foundryc,S (sleeping),victim2.bnsdq.ozxfs.bomyo.kvugl,0.0
1759249923,35060,2,N/A,N/A,N/A,N/A,N/A,N/A,N/A,N/A,N/A,N/A,N/A,N/A,N/A,1,kworker/u2,I (idle),victim2.bnsdq.ozxfs.bomyo.kvugl,0.006644915926579494
1759249923,36978,1,N/A,N/A,N/A,N/A,N/A,N/A,N/A,N/A,6979584,6979584,3399680,135168,278528,1,bash,S (sleeping),victim2.bnsdq.ozxfs.bomyo.kvugl,0.0
1759249923,36989,36976,N/A,N/A,N/A,N/A,N/A,N/A,N/A,N/A,5492736,5492736,577536,135168,180224,1,sleep,S (sleeping),victim2.bnsdq.ozxfs.bomyo.kvugl,0.0
1759249923,36972,1,N/A,N/A,N/A,N/A,N/A,N/A,N/A,N/A,6979584,6979584,3268608,135168,278528,1,bash,S (sleeping),victim2.bnsdq.ozxfs.bomyo.kvugl,0.0
1759249923,36990,36973,N/A,N/A,N/A,N/A,N/A,N/A,N/A,N/A,5492736,5492736,577536,135168,180224,1,sleep,S (sleeping),victim2.bnsdq.ozxfs.bomyo.kvugl,0.0
1759249923,34949,2,N/A,N/A,N/A,N/A,N/A,N/A,N/A,N/A,N/A,N/A,N/A,N/A,N/A,1,kworker/u2,I (idle),victim2.bnsdq.ozxfs.bomyo.kvugl,0.0
1759249928,36972,1,N/A,N/A,N/A,N/A,N/A,N/A,N/A,N/A,6979584,6979584,3276800,135168,278528,1,bash,S (sleeping),victim2.bnsdq.ozxfs.bomyo.kvugl,0.0
1759249928,35055,1,N/A,N/A,N/A,N/A,N/A,N/A,N/A,N/A,1647706112,1580597248,20557824,135168,82202624,5,discern-interfa,S (sleeping),victim2.bnsdq.ozxfs.bomyo.kvugl,0.01269434584629749
1759249928,37057,36978,N/A,N/A,N/A,N/A,N/A,N/A,N/A,N/A,5492736,5492736,516096,135168,180224,1,sleep,S (sleeping),victim2.bnsdq.ozxfs.bomyo.kvugl,0.0
1759249928,36976,1,N/A,N/A,N/A,N/A,N/A,N/A,N/A,N/A,6979584,6979584,3289088,135168,278528,1,bash,S (sleeping),victim2.bnsdq.ozxfs.bomyo.kvugl,0.0
1759249928,36978,1,N/A,N/A,N/A,N/A,N/A,N/A,N/A,N/A,6979584,6979584,3432448,135168,278528,1,bash,S (sleeping),victim2.bnsdq.ozxfs.bomyo.kvugl,0.0
1759249928,37048,36971,N/A,N/A,N/A,N/A,N/A,N/A,N/A,N/A,5492736,5492736,581632,135168,180224,1,sleep,S (sleeping),victim2.bnsdq.ozxfs.bomyo.kvugl,0.0
1759249928,36973,1,N/A,N/A,N/A,N/A,N/A,N/A,N/A,N/A,6979584,6979584,3379200,135168,278528,1,bash,S (sleeping),victim2.bnsdq.ozxfs.bomyo.kvugl,0.0
1759249928,34982,2,N/A,N/A,N/A,N/A,N/A,N/A,N/A,N/A,N/A,N/A,N/A,N/A,N/A,1,kworker/u2,I (idle),victim2.bnsdq.ozxfs.bomyo.kvugl,0.0
1759249928,34926,2,N/A,N/A,N/A,N/A,N/A,N/A,N/A,N/A,N/A,N/A,N/A,N/A,N/A,1,kworker/u2,I (idle),victim2.bnsdq.ozxfs.bomyo.kvugl,0.0
1759249928,37054,36973,N/A,N/A,N/A,N/A,N/A,N/A,N/A,N/A,5492736,5492736,585728,135168,180224,1,sleep,S (sleeping),victim2.bnsdq.ozxfs.bomyo.kvugl,0.0
1759249928,37055,36972,N/A,N/A,N/A,N/A,N/A,N/A,N/A,N/A,5492736,5492736,581632,135168,180224,1,sleep,S (sleeping),victim2.bnsdq.ozxfs.bomyo.kvugl,0.0
1759249928,37056,36976,N/A,N/A,N/A,N/A,N/A,N/A,N/A,N/A,5492736,5492736,581632,135168,180224,1,sleep,S (sleeping),victim2.bnsdq.ozxfs.bomyo.kvugl,0.0
1759249928,37050,1,101,101,101,101,102,102,102,102,16568320,16560128,7282688,135168,622592,1,systemd-network,S (sleeping),victim2.bnsdq.ozxfs.bomyo.kvugl,1.9312767005521911
1759249928,34949,2,N/A,N/A,N/A,N/A,N/A,N/A,N/A,N/A,N/A,N/A,N/A,N/A,N/A,1,kworker/u2,I (idle),victim2.bnsdq.ozxfs.bomyo.kvugl,0.0
1759249928,36971,1,N/A,N/A,N/A,N/A,N/A,N/A,N/A,N/A,6979584,6979584,3399680,135168,278528,1,bash,S (sleeping),victim2.bnsdq.ozxfs.bomyo.kvugl,0.0
1759249928,35277,2,N/A,N/A,N/A,N/A,N/A,N/A,N/A,N/A,N/A,N/A,N/A,N/A,N/A,1,kworker/u2,I (idle),victim2.bnsdq.ozxfs.bomyo.kvugl,0.0
1759249928,35060,2,N/A,N/A,N/A,N/A,N/A,N/A,N/A,N/A,N/A,N/A,N/A,N/A,N/A,1,kworker/u2,I (idle),victim2.bnsdq.ozxfs.bomyo.kvugl,0.00642861963437015
1759249928,37067,202,N/A,N/A,N/A,N/A,N/A,N/A,N/A,N/A,23040000,21975040,3936256,135168,724992,1,systemd-udevd,S (sleeping),victim2.bnsdq.ozxfs.bomyo.kvugl,0.0
1759249933,35055,1,N/A,N/A,N/A,N/A,N/A,N/A,N/A,N/A,1647706112,1580597248,20557824,135168,82202624,5,discern-interfa,S (sleeping),victim2.bnsdq.ozxfs.bomyo.kvugl,0.012298801538799295
1759249933,37118,37093,N/A,N/A,N/A,N/A,N/A,N/A,N/A,N/A,5492736,5492736,577536,135168,180224,1,sleep,S (sleeping),victim2.bnsdq.ozxfs.bomyo.kvugl,0.0
1759249933,34982,2,N/A,N/A,N/A,N/A,N/A,N/A,N/A,N/A,N/A,N/A,N/A,N/A,N/A,1,kworker/u2,I (idle),victim2.bnsdq.ozxfs.bomyo.kvugl,0.0
1759249933,37096,1,N/A,N/A,N/A,N/A,N/A,N/A,N/A,N/A,6979584,6979584,3211264,135168,278528,1,bash,S (sleeping),victim2.bnsdq.ozxfs.bomyo.kvugl,0.0
1759249933,37088,1,N/A,N/A,N/A,N/A,N/A,N/A,N/A,N/A,728137728,728137728,7864320,135168,105218048,4,foundryc,S (sleeping),victim2.bnsdq.ozxfs.bomyo.kvugl,0.0
1759249933,35277,2,N/A,N/A,N/A,N/A,N/A,N/A,N/A,N/A,N/A,N/A,N/A,N/A,N/A,1,kworker/u2,I (idle),victim2.bnsdq.ozxfs.bomyo.kvugl,0.0
1759249933,37116,37091,N/A,N/A,N/A,N/A,N/A,N/A,N/A,N/A,5492736,5492736,512000,135168,180224,1,sleep,S (sleeping),victim2.bnsdq.ozxfs.bomyo.kvugl,0.0
1759249933,37120,37096,N/A,N/A,N/A,N/A,N/A,N/A,N/A,N/A,5492736,5492736,516096,135168,180224,1,sleep,S (sleeping),victim2.bnsdq.ozxfs.bomyo.kvugl,0.0
1759249933,37110,1,101,101,101,101,102,102,102,102,16568320,16560128,7413760,135168,622592,1,systemd-network,S (sleeping),victim2.bnsdq.ozxfs.bomyo.kvugl,1.1457241667853997
1759249933,34926,2,N/A,N/A,N/A,N/A,N/A,N/A,N/A,N/A,N/A,N/A,N/A,N/A,N/A,1,kworker/u2,I (idle),victim2.bnsdq.ozxfs.bomyo.kvugl,0.0
1759249933,37093,1,N/A,N/A,N/A,N/A,N/A,N/A,N/A,N/A,6979584,6979584,3153920,135168,278528,1,bash,S (sleeping),victim2.bnsdq.ozxfs.bomyo.kvugl,0.0
1759249933,37119,37090,N/A,N/A,N/A,N/A,N/A,N/A,N/A,N/A,5492736,5492736,581632,135168,180224,1,sleep,S (sleeping),victim2.bnsdq.ozxfs.bomyo.kvugl,0.0
1759249933,35060,2,N/A,N/A,N/A,N/A,N/A,N/A,N/A,N/A,N/A,N/A,N/A,N/A,N/A,1,kworker/u2,I (idle),victim2.bnsdq.ozxfs.bomyo.kvugl,0.006225919086333029
1759249933,37091,1,N/A,N/A,N/A,N/A,N/A,N/A,N/A,N/A,6979584,6979584,3276800,135168,278528,1,bash,S (sleeping),victim2.bnsdq.ozxfs.bomyo.kvugl,0.0
1759249933,37090,1,N/A,N/A,N/A,N/A,N/A,N/A,N/A,N/A,6979584,6979584,3194880,135168,278528,1,bash,S (sleeping),victim2.bnsdq.ozxfs.bomyo.kvugl,0.0
1759249933,37117,37089,N/A,N/A,N/A,N/A,N/A,N/A,N/A,N/A,5492736,5492736,581632,135168,180224,1,sleep,S (sleeping),victim2.bnsdq.ozxfs.bomyo.kvugl,0.0
1759249933,34949,2,N/A,N/A,N/A,N/A,N/A,N/A,N/A,N/A,N/A,N/A,N/A,N/A,N/A,1,kworker/u2,I (idle),victim2.bnsdq.ozxfs.bomyo.kvugl,0.0
1759249933,37089,1,N/A,N/A,N/A,N/A,N/A,N/A,N/A,N/A,6979584,6979584,3198976,135168,278528,1,bash,S (sleeping),victim2.bnsdq.ozxfs.bomyo.kvugl,0.0
1759249938,37175,1,101,101,101,101,102,102,102,102,16568320,16560128,7278592,135168,622592,1,systemd-network,S (sleeping),victim2.bnsdq.ozxfs.bomyo.kvugl,1.0988341980110916
1759249938,34926,2,N/A,N/A,N/A,N/A,N/A,N/A,N/A,N/A,N/A,N/A,N/A,N/A,N/A,1,kworker/u2,I (idle),victim2.bnsdq.ozxfs.bomyo.kvugl,0.0
1759249938,37185,202,N/A,N/A,N/A,N/A,N/A,N/A,N/A,N/A,23040000,21975040,3940352,135168,724992,1,systemd-udevd,S (sleeping),victim2.bnsdq.ozxfs.bomyo.kvugl,0.0
1759249938,34982,2,N/A,N/A,N/A,N/A,N/A,N/A,N/A,N/A,N/A,N/A,N/A,N/A,N/A,1,kworker/u2,I (idle),victim2.bnsdq.ozxfs.bomyo.kvugl,0.0
1759249938,35060,2,N/A,N/A,N/A,N/A,N/A,N/A,N/A,N/A,N/A,N/A,N/A,N/A,N/A,1,kworker/u2,I (idle),victim2.bnsdq.ozxfs.bomyo.kvugl,0.006033859714115862
1759249938,34949,2,N/A,N/A,N/A,N/A,N/A,N/A,N/A,N/A,N/A,N/A,N/A,N/A,N/A,1,kworker/u2,I (idle),victim2.bnsdq.ozxfs.bomyo.kvugl,0.0
1759249938,35055,1,N/A,N/A,N/A,N/A,N/A,N/A,N/A,N/A,1647706112,1580597248,20557824,135168,82202624,5,discern-interfa,S (sleeping),victim2.bnsdq.ozxfs.bomyo.kvugl,0.011923779449701827
1759249938,35277,2,N/A,N/A,N/A,N/A,N/A,N/A,N/A,N/A,N/A,N/A,N/A,N/A,N/A,1,kworker/u2,I (idle),victim2.bnsdq.ozxfs.bomyo.kvugl,0.0
1759249943,37246,37214,N/A,N/A,N/A,N/A,N/A,N/A,N/A,N/A,5492736,5492736,516096,135168,180224,1,sleep,S (sleeping),victim2.bnsdq.ozxfs.bomyo.kvugl,0.0
1759249943,37245,37212,N/A,N/A,N/A,N/A,N/A,N/A,N/A,N/A,5492736,5492736,516096,135168,180224,1,sleep,S (sleeping),victim2.bnsdq.ozxfs.bomyo.kvugl,0.0
1759249943,34926,2,N/A,N/A,N/A,N/A,N/A,N/A,N/A,N/A,N/A,N/A,N/A,N/A,N/A,1,kworker/u2,I (idle),victim2.bnsdq.ozxfs.bomyo.kvugl,0.0
1759249943,37208,1,N/A,N/A,N/A,N/A,N/A,N/A,N/A,N/A,6979584,6979584,3280896,135168,278528,1,bash,S (sleeping),victim2.bnsdq.ozxfs.bomyo.kvugl,0.0
1759249943,37207,1,N/A,N/A,N/A,N/A,N/A,N/A,N/A,N/A,6979584,6979584,3219456,135168,278528,1,bash,S (sleeping),victim2.bnsdq.ozxfs.bomyo.kvugl,0.0
1759249943,37212,1,N/A,N/A,N/A,N/A,N/A,N/A,N/A,N/A,6979584,6979584,3358720,135168,278528,1,bash,S (sleeping),victim2.bnsdq.ozxfs.bomyo.kvugl,0.0
1759249943,37247,37215,N/A,N/A,N/A,N/A,N/A,N/A,N/A,N/A,5492736,5492736,512000,135168,180224,1,sleep,S (sleeping),victim2.bnsdq.ozxfs.bomyo.kvugl,0.0
1759249943,35060,2,N/A,N/A,N/A,N/A,N/A,N/A,N/A,N/A,N/A,N/A,N/A,N/A,N/A,1,kworker/u2,I (idle),victim2.bnsdq.ozxfs.bomyo.kvugl,0.005852799630291234
1759249943,34949,2,N/A,N/A,N/A,N/A,N/A,N/A,N/A,N/A,N/A,N/A,N/A,N/A,N/A,1,kworker/u2,I (idle),victim2.bnsdq.ozxfs.bomyo.kvugl,0.0
1759249943,37240,37207,N/A,N/A,N/A,N/A,N/A,N/A,N/A,N/A,5492736,5492736,577536,135168,180224,1,sleep,S (sleeping),victim2.bnsdq.ozxfs.bomyo.kvugl,0.0
1759249943,34982,2,N/A,N/A,N/A,N/A,N/A,N/A,N/A,N/A,N/A,N/A,N/A,N/A,N/A,1,kworker/u2,I (idle),victim2.bnsdq.ozxfs.bomyo.kvugl,0.0
1759249943,37214,1,N/A,N/A,N/A,N/A,N/A,N/A,N/A,N/A,6979584,6979584,3309568,135168,278528,1,bash,S (sleeping),victim2.bnsdq.ozxfs.bomyo.kvugl,0.0
1759249943,37228,1,101,101,101,101,102,102,102,102,16568320,16560128,7393280,135168,622592,1,systemd-network,S (sleeping),victim2.bnsdq.ozxfs.bomyo.kvugl,0.518128152919427
1759249943,35055,1,N/A,N/A,N/A,N/A,N/A,N/A,N/A,N/A,1647706112,1580597248,20557824,135168,82202624,5,discern-interfa,S (sleeping),victim2.bnsdq.ozxfs.bomyo.kvugl,0.011570032277404003
1759249943,37215,1,N/A,N/A,N/A,N/A,N/A,N/A,N/A,N/A,6979584,6979584,3215360,135168,278528,1,bash,S (sleeping),victim2.bnsdq.ozxfs.bomyo.kvugl,0.0
1759249944,37248,37208,N/A,N/A,N/A,N/A,N/A,N/A,N/A,N/A,5492736,5492736,512000,135168,180224,1,sleep,S (sleeping),victim2.bnsdq.ozxfs.bomyo.kvugl,0.0
1759249944,35277,2,N/A,N/A,N/A,N/A,N/A,N/A,N/A,N/A,N/A,N/A,N/A,N/A,N/A,1,kworker/u2,I (idle),victim2.bnsdq.ozxfs.bomyo.kvugl,0.0
1759249944,37206,1,N/A,N/A,N/A,N/A,N/A,N/A,N/A,N/A,728137728,728137728,7856128,135168,105218048,4,foundryc,S (sleeping),victim2.bnsdq.ozxfs.bomyo.kvugl,0.0
1759249949,37303,202,N/A,N/A,N/A,N/A,N/A,N/A,N/A,N/A,23040000,21975040,3940352,135168,724992,1,systemd-udevd,S (sleeping),victim2.bnsdq.ozxfs.bomyo.kvugl,0.0
1759249949,34982,2,N/A,N/A,N/A,N/A,N/A,N/A,N/A,N/A,N/A,N/A,N/A,N/A,N/A,1,kworker/u2,I (idle),victim2.bnsdq.ozxfs.bomyo.kvugl,0.0
1759249949,37293,1,101,101,101,101,102,102,102,102,16568320,16560128,7385088,135168,622592,1,systemd-network,S (sleeping),victim2.bnsdq.ozxfs.bomyo.kvugl,0.4977189732322867
1759249949,35055,1,N/A,N/A,N/A,N/A,N/A,N/A,N/A,N/A,1647706112,1580597248,20557824,135168,82202624,5,discern-interfa,S (sleeping),victim2.bnsdq.ozxfs.bomyo.kvugl,0.011234780309806769
1759249949,35060,2,N/A,N/A,N/A,N/A,N/A,N/A,N/A,N/A,N/A,N/A,N/A,N/A,N/A,1,kworker/u2,I (idle),victim2.bnsdq.ozxfs.bomyo.kvugl,0.00568120785475852
1759249949,34949,2,N/A,N/A,N/A,N/A,N/A,N/A,N/A,N/A,N/A,N/A,N/A,N/A,N/A,1,kworker/u2,I (idle),victim2.bnsdq.ozxfs.bomyo.kvugl,0.0
1759249949,35277,2,N/A,N/A,N/A,N/A,N/A,N/A,N/A,N/A,N/A,N/A,N/A,N/A,N/A,1,kworker/u2,I (idle),victim2.bnsdq.ozxfs.bomyo.kvugl,0.0
1759249949,34926,2,N/A,N/A,N/A,N/A,N/A,N/A,N/A,N/A,N/A,N/A,N/A,N/A,N/A,1,kworker/u2,I (idle),victim2.bnsdq.ozxfs.bomyo.kvugl,0.0
1759249954,35277,2,N/A,N/A,N/A,N/A,N/A,N/A,N/A,N/A,N/A,N/A,N/A,N/A,N/A,1,kworker/u2,I (idle),victim2.bnsdq.ozxfs.bomyo.kvugl,0.0
1759249954,35060,2,N/A,N/A,N/A,N/A,N/A,N/A,N/A,N/A,N/A,N/A,N/A,N/A,N/A,1,kworker/u2,I (idle),victim2.bnsdq.ozxfs.bomyo.kvugl,0.005520879470772708
1759249954,37325,1,N/A,N/A,N/A,N/A,N/A,N/A,N/A,N/A,728137728,728137728,7856128,135168,105218048,4,foundryc,S (sleeping),victim2.bnsdq.ozxfs.bomyo.kvugl,0.0
1759249954,37347,1,101,101,101,101,102,102,102,102,16568320,16560128,7192576,135168,622592,1,systemd-network,S (sleeping),victim2.bnsdq.ozxfs.bomyo.kvugl,0.48414456037085557
1759249954,34926,2,N/A,N/A,N/A,N/A,N/A,N/A,N/A,N/A,N/A,N/A,N/A,N/A,N/A,1,kworker/u2,I (idle),victim2.bnsdq.ozxfs.bomyo.kvugl,0.0
1759249954,37330,1,N/A,N/A,N/A,N/A,N/A,N/A,N/A,N/A,6979584,6979584,3334144,135168,278528,1,bash,S (sleeping),victim2.bnsdq.ozxfs.bomyo.kvugl,0.0
1759249954,37371,37331,N/A,N/A,N/A,N/A,N/A,N/A,N/A,N/A,5492736,5492736,512000,135168,180224,1,sleep,S (sleeping),victim2.bnsdq.ozxfs.bomyo.kvugl,0.0
1759249954,34949,2,N/A,N/A,N/A,N/A,N/A,N/A,N/A,N/A,N/A,N/A,N/A,N/A,N/A,1,kworker/u2,I (idle),victim2.bnsdq.ozxfs.bomyo.kvugl,0.0
1759249954,37336,1,N/A,N/A,N/A,N/A,N/A,N/A,N/A,N/A,6979584,6979584,3276800,135168,278528,1,bash,S (sleeping),victim2.bnsdq.ozxfs.bomyo.kvugl,0.0
1759249954,35055,1,N/A,N/A,N/A,N/A,N/A,N/A,N/A,N/A,1647706112,1580597248,20557824,135168,82202624,5,discern-interfa,S (sleeping),victim2.bnsdq.ozxfs.bomyo.kvugl,0.010921068895861991
1759249954,34982,2,N/A,N/A,N/A,N/A,N/A,N/A,N/A,N/A,N/A,N/A,N/A,N/A,N/A,1,kworker/u2,I (idle),victim2.bnsdq.ozxfs.bomyo.kvugl,0.0
1759249954,37369,37327,N/A,N/A,N/A,N/A,N/A,N/A,N/A,N/A,5492736,5492736,581632,135168,180224,1,sleep,S (sleeping),victim2.bnsdq.ozxfs.bomyo.kvugl,0.0
1759249954,37377,37336,N/A,N/A,N/A,N/A,N/A,N/A,N/A,N/A,5492736,5492736,581632,135168,180224,1,sleep,S (sleeping),victim2.bnsdq.ozxfs.bomyo.kvugl,0.0
1759249954,37331,1,N/A,N/A,N/A,N/A,N/A,N/A,N/A,N/A,6979584,6979584,3284992,135168,278528,1,bash,S (sleeping),victim2.bnsdq.ozxfs.bomyo.kvugl,0.0
1759249954,37326,1,N/A,N/A,N/A,N/A,N/A,N/A,N/A,N/A,6979584,6979584,3313664,135168,278528,1,bash,S (sleeping),victim2.bnsdq.ozxfs.bomyo.kvugl,0.0
1759249954,37375,37330,N/A,N/A,N/A,N/A,N/A,N/A,N/A,N/A,5492736,5492736,577536,135168,180224,1,sleep,S (sleeping),victim2.bnsdq.ozxfs.bomyo.kvugl,0.0
1759249954,37376,37326,N/A,N/A,N/A,N/A,N/A,N/A,N/A,N/A,5492736,5492736,512000,135168,180224,1,sleep,S (sleeping),victim2.bnsdq.ozxfs.bomyo.kvugl,0.0
1759249954,37327,1,N/A,N/A,N/A,N/A,N/A,N/A,N/A,N/A,6979584,6979584,3272704,135168,278528,1,bash,S (sleeping),victim2.bnsdq.ozxfs.bomyo.kvugl,0.0
1759249959,34949,2,N/A,N/A,N/A,N/A,N/A,N/A,N/A,N/A,N/A,N/A,N/A,N/A,N/A,1,kworker/u2,I (idle),victim2.bnsdq.ozxfs.bomyo.kvugl,0.0
1759249959,35055,1,N/A,N/A,N/A,N/A,N/A,N/A,N/A,N/A,1647706112,1580597248,20557824,135168,82202624,5,discern-interfa,S (sleeping),victim2.bnsdq.ozxfs.bomyo.kvugl,0.010626993850404626
1759249959,34926,2,N/A,N/A,N/A,N/A,N/A,N/A,N/A,N/A,N/A,N/A,N/A,N/A,N/A,1,kworker/u2,I (idle),victim2.bnsdq.ozxfs.bomyo.kvugl,0.0
1759249959,35060,2,N/A,N/A,N/A,N/A,N/A,N/A,N/A,N/A,N/A,N/A,N/A,N/A,N/A,1,kworker/u2,I (idle),victim2.bnsdq.ozxfs.bomyo.kvugl,0.005370556259109909
1759249959,35277,2,N/A,N/A,N/A,N/A,N/A,N/A,N/A,N/A,N/A,N/A,N/A,N/A,N/A,1,kworker/u2,I (idle),victim2.bnsdq.ozxfs.bomyo.kvugl,0.0
1759249959,37412,1,101,101,101,101,102,102,102,102,16568320,16560128,7450624,135168,622592,1,systemd-network,S (sleeping),victim2.bnsdq.ozxfs.bomyo.kvugl,0.4760861964237348
1759249959,34982,2,N/A,N/A,N/A,N/A,N/A,N/A,N/A,N/A,N/A,N/A,N/A,N/A,N/A,1,kworker/u2,I (idle),victim2.bnsdq.ozxfs.bomyo.kvugl,0.0
1759249959,37422,202,N/A,N/A,N/A,N/A,N/A,N/A,N/A,N/A,23040000,21975040,3944448,135168,724992,1,systemd-udevd,S (sleeping),victim2.bnsdq.ozxfs.bomyo.kvugl,0.0
1759249964,34982,2,N/A,N/A,N/A,N/A,N/A,N/A,N/A,N/A,N/A,N/A,N/A,N/A,N/A,1,kworker/u2,I (idle),victim2.bnsdq.ozxfs.bomyo.kvugl,0.0
1759249964,37467,1,101,101,101,101,102,102,102,102,16568320,16560128,7331840,135168,622592,1,systemd-network,S (sleeping),victim2.bnsdq.ozxfs.bomyo.kvugl,0.38232077326884417
1759249964,37501,37450,N/A,N/A,N/A,N/A,N/A,N/A,N/A,N/A,5492736,5492736,516096,135168,180224,1,sleep,S (sleeping),victim2.bnsdq.ozxfs.bomyo.kvugl,0.0
1759249964,37507,37446,N/A,N/A,N/A,N/A,N/A,N/A,N/A,N/A,5492736,5492736,520192,135168,180224,1,sleep,S (sleeping),victim2.bnsdq.ozxfs.bomyo.kvugl,0.0
1759249964,34949,2,N/A,N/A,N/A,N/A,N/A,N/A,N/A,N/A,N/A,N/A,N/A,N/A,N/A,1,kworker/u2,I (idle),victim2.bnsdq.ozxfs.bomyo.kvugl,0.0
1759249964,37450,1,N/A,N/A,N/A,N/A,N/A,N/A,N/A,N/A,6979584,6979584,3145728,135168,278528,1,bash,S (sleeping),victim2.bnsdq.ozxfs.bomyo.kvugl,0.0
1759249964,37446,1,N/A,N/A,N/A,N/A,N/A,N/A,N/A,N/A,6979584,6979584,3190784,135168,278528,1,bash,S (sleeping),victim2.bnsdq.ozxfs.bomyo.kvugl,0.0
1759249964,35277,2,N/A,N/A,N/A,N/A,N/A,N/A,N/A,N/A,N/A,N/A,N/A,N/A,N/A,1,kworker/u2,I (idle),victim2.bnsdq.ozxfs.bomyo.kvugl,0.0
1759249964,37454,1,N/A,N/A,N/A,N/A,N/A,N/A,N/A,N/A,6979584,6979584,3162112,135168,278528,1,bash,S (sleeping),victim2.bnsdq.ozxfs.bomyo.kvugl,0.0
1759249964,35055,1,N/A,N/A,N/A,N/A,N/A,N/A,N/A,N/A,1647706112,1580597248,20557824,135168,82202624,5,discern-interfa,S (sleeping),victim2.bnsdq.ozxfs.bomyo.kvugl,0.010350204228032997
1759249964,37445,1,N/A,N/A,N/A,N/A,N/A,N/A,N/A,N/A,728137728,728137728,7860224,135168,105218048,4,foundryc,S (sleeping),victim2.bnsdq.ozxfs.bomyo.kvugl,0.0
1759249964,37505,37448,N/A,N/A,N/A,N/A,N/A,N/A,N/A,N/A,5492736,5492736,581632,135168,180224,1,sleep,S (sleeping),victim2.bnsdq.ozxfs.bomyo.kvugl,0.0
1759249964,35060,2,N/A,N/A,N/A,N/A,N/A,N/A,N/A,N/A,N/A,N/A,N/A,N/A,N/A,1,kworker/u2,I (idle),victim2.bnsdq.ozxfs.bomyo.kvugl,0.005229201627286152
1759249964,37506,37454,N/A,N/A,N/A,N/A,N/A,N/A,N/A,N/A,5492736,5492736,577536,135168,180224,1,sleep,S (sleeping),victim2.bnsdq.ozxfs.bomyo.kvugl,0.0
1759249964,34926,2,N/A,N/A,N/A,N/A,N/A,N/A,N/A,N/A,N/A,N/A,N/A,N/A,N/A,1,kworker/u2,I (idle),victim2.bnsdq.ozxfs.bomyo.kvugl,0.0
1759249964,37448,1,N/A,N/A,N/A,N/A,N/A,N/A,N/A,N/A,6979584,6979584,3153920,135168,278528,1,bash,S (sleeping),victim2.bnsdq.ozxfs.bomyo.kvugl,0.0
1759249964,37447,1,N/A,N/A,N/A,N/A,N/A,N/A,N/A,N/A,6979584,6979584,3284992,135168,278528,1,bash,S (sleeping),victim2.bnsdq.ozxfs.bomyo.kvugl,0.0
1759249964,37499,37447,N/A,N/A,N/A,N/A,N/A,N/A,N/A,N/A,5492736,5492736,581632,135168,180224,1,sleep,S (sleeping),victim2.bnsdq.ozxfs.bomyo.kvugl,0.0
1759249969,37587,1,101,101,101,101,102,102,102,102,16568320,16560128,7368704,135168,622592,1,systemd-network,S (sleeping),victim2.bnsdq.ozxfs.bomyo.kvugl,1.5370878099792533
1759249969,37582,37566,N/A,N/A,N/A,N/A,N/A,N/A,N/A,N/A,5492736,5492736,516096,135168,180224,1,sleep,S (sleeping),victim2.bnsdq.ozxfs.bomyo.kvugl,0.0
1759249969,37583,37568,N/A,N/A,N/A,N/A,N/A,N/A,N/A,N/A,5492736,5492736,581632,135168,180224,1,sleep,S (sleeping),victim2.bnsdq.ozxfs.bomyo.kvugl,0.0
1759249969,37586,37573,N/A,N/A,N/A,N/A,N/A,N/A,N/A,N/A,5492736,5492736,512000,135168,180224,1,sleep,S (sleeping),victim2.bnsdq.ozxfs.bomyo.kvugl,0.0
1759249969,34982,2,N/A,N/A,N/A,N/A,N/A,N/A,N/A,N/A,N/A,N/A,N/A,N/A,N/A,1,kworker/u2,I (idle),victim2.bnsdq.ozxfs.bomyo.kvugl,0.004967659621096978
1759249969,37565,1,N/A,N/A,N/A,N/A,N/A,N/A,N/A,N/A,728137728,728137728,7856128,135168,105218048,4,foundryc,S (sleeping),victim2.bnsdq.ozxfs.bomyo.kvugl,0.0
1759249969,35277,2,N/A,N/A,N/A,N/A,N/A,N/A,N/A,N/A,N/A,N/A,N/A,N/A,N/A,1,kworker/u2,I (idle),victim2.bnsdq.ozxfs.bomyo.kvugl,0.0
1759249969,37573,1,N/A,N/A,N/A,N/A,N/A,N/A,N/A,N/A,6979584,6979584,3260416,135168,278528,1,bash,S (sleeping),victim2.bnsdq.ozxfs.bomyo.kvugl,0.0
1759249969,37585,37572,N/A,N/A,N/A,N/A,N/A,N/A,N/A,N/A,5492736,5492736,581632,135168,180224,1,sleep,S (sleeping),victim2.bnsdq.ozxfs.bomyo.kvugl,0.0
1759249969,37572,1,N/A,N/A,N/A,N/A,N/A,N/A,N/A,N/A,6979584,6979584,3362816,135168,278528,1,bash,S (sleeping),victim2.bnsdq.ozxfs.bomyo.kvugl,0.0
1759249969,37568,1,N/A,N/A,N/A,N/A,N/A,N/A,N/A,N/A,6979584,6979584,3284992,135168,278528,1,bash,S (sleeping),victim2.bnsdq.ozxfs.bomyo.kvugl,0.0
1759249969,37584,37567,N/A,N/A,N/A,N/A,N/A,N/A,N/A,N/A,5492736,5492736,520192,135168,180224,1,sleep,S (sleeping),victim2.bnsdq.ozxfs.bomyo.kvugl,0.0
1759249969,34926,2,N/A,N/A,N/A,N/A,N/A,N/A,N/A,N/A,N/A,N/A,N/A,N/A,N/A,1,kworker/u2,I (idle),victim2.bnsdq.ozxfs.bomyo.kvugl,0.0
1759249969,35055,1,N/A,N/A,N/A,N/A,N/A,N/A,N/A,N/A,1647706112,1580597248,20557824,135168,82202624,5,discern-interfa,S (sleeping),victim2.bnsdq.ozxfs.bomyo.kvugl,0.010085456539811502
1759249969,37566,1,N/A,N/A,N/A,N/A,N/A,N/A,N/A,N/A,6979584,6979584,3235840,135168,278528,1,bash,S (sleeping),victim2.bnsdq.ozxfs.bomyo.kvugl,0.0
1759249969,34949,2,N/A,N/A,N/A,N/A,N/A,N/A,N/A,N/A,N/A,N/A,N/A,N/A,N/A,1,kworker/u2,I (idle),victim2.bnsdq.ozxfs.bomyo.kvugl,0.0
1759249969,35060,2,N/A,N/A,N/A,N/A,N/A,N/A,N/A,N/A,N/A,N/A,N/A,N/A,N/A,1,kworker/u2,I (idle),victim2.bnsdq.ozxfs.bomyo.kvugl,0.005094075126557061
1759249969,37567,1,N/A,N/A,N/A,N/A,N/A,N/A,N/A,N/A,6979584,6979584,3141632,135168,278528,1,bash,S (sleeping),victim2.bnsdq.ozxfs.bomyo.kvugl,0.0
1759249974,37573,1,N/A,N/A,N/A,N/A,N/A,N/A,N/A,N/A,6979584,6979584,3338240,135168,278528,1,bash,S (sleeping),victim2.bnsdq.ozxfs.bomyo.kvugl,0.0
1759249974,37567,1,N/A,N/A,N/A,N/A,N/A,N/A,N/A,N/A,6979584,6979584,3211264,135168,278528,1,bash,S (sleeping),victim2.bnsdq.ozxfs.bomyo.kvugl,0.0
1759249974,34982,2,N/A,N/A,N/A,N/A,N/A,N/A,N/A,N/A,N/A,N/A,N/A,N/A,N/A,1,kworker/u2,I (idle),victim2.bnsdq.ozxfs.bomyo.kvugl,0.004845750386161686
1759249974,37637,37567,N/A,N/A,N/A,N/A,N/A,N/A,N/A,N/A,5492736,5492736,577536,135168,180224,1,sleep,S (sleeping),victim2.bnsdq.ozxfs.bomyo.kvugl,0.0
1759249974,37566,1,N/A,N/A,N/A,N/A,N/A,N/A,N/A,N/A,6979584,6979584,3313664,135168,278528,1,bash,S (sleeping),victim2.bnsdq.ozxfs.bomyo.kvugl,0.0
1759249974,37572,1,N/A,N/A,N/A,N/A,N/A,N/A,N/A,N/A,6979584,6979584,3383296,135168,278528,1,bash,S (sleeping),victim2.bnsdq.ozxfs.bomyo.kvugl,0.0
1759249974,37649,37568,N/A,N/A,N/A,N/A,N/A,N/A,N/A,N/A,5492736,5492736,516096,135168,180224,1,sleep,S (sleeping),victim2.bnsdq.ozxfs.bomyo.kvugl,0.0
1759249974,37650,37573,N/A,N/A,N/A,N/A,N/A,N/A,N/A,N/A,5492736,5492736,512000,135168,180224,1,sleep,S (sleeping),victim2.bnsdq.ozxfs.bomyo.kvugl,0.0
1759249974,35277,2,N/A,N/A,N/A,N/A,N/A,N/A,N/A,N/A,N/A,N/A,N/A,N/A,N/A,1,kworker/u2,I (idle),victim2.bnsdq.ozxfs.bomyo.kvugl,0.0
1759249974,35055,1,N/A,N/A,N/A,N/A,N/A,N/A,N/A,N/A,1647706112,1580597248,20557824,135168,82202624,5,discern-interfa,S (sleeping),victim2.bnsdq.ozxfs.bomyo.kvugl,0.009834360751865969
1759249974,37652,1,101,101,101,101,102,102,102,102,16568320,16560128,7458816,135168,622592,1,systemd-network,S (sleeping),victim2.bnsdq.ozxfs.bomyo.kvugl,1.4610359788415779
1759249974,37631,37566,N/A,N/A,N/A,N/A,N/A,N/A,N/A,N/A,5492736,5492736,581632,135168,180224,1,sleep,S (sleeping),victim2.bnsdq.ozxfs.bomyo.kvugl,0.0
1759249974,35060,2,N/A,N/A,N/A,N/A,N/A,N/A,N/A,N/A,N/A,N/A,N/A,N/A,N/A,1,kworker/u2,I (idle),victim2.bnsdq.ozxfs.bomyo.kvugl,0.0049659957034373725
1759249974,37662,202,N/A,N/A,N/A,N/A,N/A,N/A,N/A,N/A,23040000,21975040,3940352,135168,724992,1,systemd-udevd,S (sleeping),victim2.bnsdq.ozxfs.bomyo.kvugl,0.0
1759249974,37568,1,N/A,N/A,N/A,N/A,N/A,N/A,N/A,N/A,6979584,6979584,3371008,135168,278528,1,bash,S (sleeping),victim2.bnsdq.ozxfs.bomyo.kvugl,0.0
1759249974,34926,2,N/A,N/A,N/A,N/A,N/A,N/A,N/A,N/A,N/A,N/A,N/A,N/A,N/A,1,kworker/u2,I (idle),victim2.bnsdq.ozxfs.bomyo.kvugl,0.0
1759249974,34949,2,N/A,N/A,N/A,N/A,N/A,N/A,N/A,N/A,N/A,N/A,N/A,N/A,N/A,1,kworker/u2,I (idle),victim2.bnsdq.ozxfs.bomyo.kvugl,0.0
1759249974,37651,37572,N/A,N/A,N/A,N/A,N/A,N/A,N/A,N/A,5492736,5492736,516096,135168,180224,1,sleep,S (sleeping),victim2.bnsdq.ozxfs.bomyo.kvugl,0.0
1759249979,34949,2,N/A,N/A,N/A,N/A,N/A,N/A,N/A,N/A,N/A,N/A,N/A,N/A,N/A,1,kworker/u2,I (idle),victim2.bnsdq.ozxfs.bomyo.kvugl,0.0
1759249979,37716,37692,N/A,N/A,N/A,N/A,N/A,N/A,N/A,N/A,5492736,5492736,512000,135168,180224,1,sleep,S (sleeping),victim2.bnsdq.ozxfs.bomyo.kvugl,0.0
1759249979,37706,1,101,101,101,101,102,102,102,102,16568320,16560128,7385088,135168,622592,1,systemd-network,S (sleeping),victim2.bnsdq.ozxfs.bomyo.kvugl,0.8228457324788804
1759249979,34982,2,N/A,N/A,N/A,N/A,N/A,N/A,N/A,N/A,N/A,N/A,N/A,N/A,N/A,1,kworker/u2,I (idle),victim2.bnsdq.ozxfs.bomyo.kvugl,0.00472967737128086
1759249979,37690,1,N/A,N/A,N/A,N/A,N/A,N/A,N/A,N/A,6979584,6979584,3293184,135168,278528,1,bash,S (sleeping),victim2.bnsdq.ozxfs.bomyo.kvugl,0.0
1759249979,35277,2,N/A,N/A,N/A,N/A,N/A,N/A,N/A,N/A,N/A,N/A,N/A,N/A,N/A,1,kworker/u2,I (idle),victim2.bnsdq.ozxfs.bomyo.kvugl,0.0
1759249979,37713,37685,N/A,N/A,N/A,N/A,N/A,N/A,N/A,N/A,5492736,5492736,577536,135168,180224,1,sleep,S (sleeping),victim2.bnsdq.ozxfs.bomyo.kvugl,0.0
1759249979,35060,2,N/A,N/A,N/A,N/A,N/A,N/A,N/A,N/A,N/A,N/A,N/A,N/A,N/A,1,kworker/u2,I (idle),victim2.bnsdq.ozxfs.bomyo.kvugl,0.00484420773536755
1759249979,37691,1,N/A,N/A,N/A,N/A,N/A,N/A,N/A,N/A,6979584,6979584,3313664,135168,278528,1,bash,S (sleeping),victim2.bnsdq.ozxfs.bomyo.kvugl,0.0
1759249979,37712,37690,N/A,N/A,N/A,N/A,N/A,N/A,N/A,N/A,5492736,5492736,512000,135168,180224,1,sleep,S (sleeping),victim2.bnsdq.ozxfs.bomyo.kvugl,0.0
1759249979,34926,2,N/A,N/A,N/A,N/A,N/A,N/A,N/A,N/A,N/A,N/A,N/A,N/A,N/A,1,kworker/u2,I (idle),victim2.bnsdq.ozxfs.bomyo.kvugl,0.0
1759249979,37685,1,N/A,N/A,N/A,N/A,N/A,N/A,N/A,N/A,6979584,6979584,3305472,135168,278528,1,bash,S (sleeping),victim2.bnsdq.ozxfs.bomyo.kvugl,0.0
1759249979,37684,1,N/A,N/A,N/A,N/A,N/A,N/A,N/A,N/A,728137728,728137728,7864320,135168,105218048,4,foundryc,S (sleeping),victim2.bnsdq.ozxfs.bomyo.kvugl,0.0
1759249979,37692,1,N/A,N/A,N/A,N/A,N/A,N/A,N/A,N/A,6979584,6979584,3280896,135168,278528,1,bash,S (sleeping),victim2.bnsdq.ozxfs.bomyo.kvugl,0.0
1759249979,37715,37686,N/A,N/A,N/A,N/A,N/A,N/A,N/A,N/A,5492736,5492736,516096,135168,180224,1,sleep,S (sleeping),victim2.bnsdq.ozxfs.bomyo.kvugl,0.0
1759249979,37686,1,N/A,N/A,N/A,N/A,N/A,N/A,N/A,N/A,6979584,6979584,3223552,135168,278528,1,bash,S (sleeping),victim2.bnsdq.ozxfs.bomyo.kvugl,0.0
1759249979,37714,37691,N/A,N/A,N/A,N/A,N/A,N/A,N/A,N/A,5492736,5492736,516096,135168,180224,1,sleep,S (sleeping),victim2.bnsdq.ozxfs.bomyo.kvugl,0.0
1759249979,35055,1,N/A,N/A,N/A,N/A,N/A,N/A,N/A,N/A,1647706112,1580597248,20557824,135168,82202624,5,discern-interfa,S (sleeping),victim2.bnsdq.ozxfs.bomyo.kvugl,0.009595311431783117
1759249984,34949,2,N/A,N/A,N/A,N/A,N/A,N/A,N/A,N/A,N/A,N/A,N/A,N/A,N/A,1,kworker/u2,I (idle),victim2.bnsdq.ozxfs.bomyo.kvugl,0.0
1759249984,37781,202,N/A,N/A,N/A,N/A,N/A,N/A,N/A,N/A,23040000,21975040,3940352,135168,724992,1,systemd-udevd,S (sleeping),victim2.bnsdq.ozxfs.bomyo.kvugl,0.0
1759249984,34926,2,N/A,N/A,N/A,N/A,N/A,N/A,N/A,N/A,N/A,N/A,N/A,N/A,N/A,1,kworker/u2,I (idle),victim2.bnsdq.ozxfs.bomyo.kvugl,0.0
1759249984,34982,2,N/A,N/A,N/A,N/A,N/A,N/A,N/A,N/A,N/A,N/A,N/A,N/A,N/A,1,kworker/u2,I (idle),victim2.bnsdq.ozxfs.bomyo.kvugl,0.004618940476979053
1759249984,35277,2,N/A,N/A,N/A,N/A,N/A,N/A,N/A,N/A,N/A,N/A,N/A,N/A,N/A,1,kworker/u2,I (idle),victim2.bnsdq.ozxfs.bomyo.kvugl,0.0
1759249984,37762,1,101,101,101,101,102,102,102,102,16568320,16560128,7196672,135168,622592,1,systemd-network,S (sleeping),victim2.bnsdq.ozxfs.bomyo.kvugl,0.7999076381846124
1759249984,37785,37690,N/A,N/A,N/A,N/A,N/A,N/A,N/A,N/A,6979584,6979584,249856,135168,278528,1,bash,R (running),victim2.bnsdq.ozxfs.bomyo.kvugl,0.0
1759249984,35055,1,N/A,N/A,N/A,N/A,N/A,N/A,N/A,N/A,1647706112,1580597248,20557824,135168,82202624,5,discern-interfa,S (sleeping),victim2.bnsdq.ozxfs.bomyo.kvugl,0.009367649593579809
1759249984,37686,1,N/A,N/A,N/A,N/A,N/A,N/A,N/A,N/A,6979584,6979584,3223552,135168,278528,1,bash,S (sleeping),victim2.bnsdq.ozxfs.bomyo.kvugl,0.0
1759249984,37690,1,N/A,N/A,N/A,N/A,N/A,N/A,N/A,N/A,6979584,6979584,3305472,135168,278528,1,bash,S (sleeping),victim2.bnsdq.ozxfs.bomyo.kvugl,0.0
1759249984,37786,37685,N/A,N/A,N/A,N/A,N/A,N/A,N/A,N/A,6979584,6979584,253952,135168,278528,1,bash,R (running),victim2.bnsdq.ozxfs.bomyo.kvugl,0.0
1759249984,37685,1,N/A,N/A,N/A,N/A,N/A,N/A,N/A,N/A,6979584,6979584,3305472,135168,278528,1,bash,S (sleeping),victim2.bnsdq.ozxfs.bomyo.kvugl,0.0
1759249984,37784,37686,N/A,N/A,N/A,N/A,N/A,N/A,N/A,N/A,6979584,6979584,249856,135168,278528,1,bash,R (running),victim2.bnsdq.ozxfs.bomyo.kvugl,0.0
1759249984,37787,37692,N/A,N/A,N/A,N/A,N/A,N/A,N/A,N/A,6979584,6979584,253952,135168,278528,1,bash,R (running),victim2.bnsdq.ozxfs.bomyo.kvugl,0.0
1759249984,37692,1,N/A,N/A,N/A,N/A,N/A,N/A,N/A,N/A,6979584,6979584,3280896,135168,278528,1,bash,S (sleeping),victim2.bnsdq.ozxfs.bomyo.kvugl,0.0
1759249984,35060,2,N/A,N/A,N/A,N/A,N/A,N/A,N/A,N/A,N/A,N/A,N/A,N/A,N/A,1,kworker/u2,I (idle),victim2.bnsdq.ozxfs.bomyo.kvugl,0.004727867557669799
1759249984,37691,1,N/A,N/A,N/A,N/A,N/A,N/A,N/A,N/A,N/A,N/A,N/A,N/A,N/A,1,bash,Z (zombie),victim2.bnsdq.ozxfs.bomyo.kvugl,0.0
1759249989,37821,1,101,101,101,101,102,102,102,102,16568320,16560128,7380992,135168,622592,1,systemd-network,S (sleeping),victim2.bnsdq.ozxfs.bomyo.kvugl,0.7765255901001122
1759249989,37838,37805,N/A,N/A,N/A,N/A,N/A,N/A,N/A,N/A,5492736,5492736,581632,135168,180224,1,sleep,S (sleeping),victim2.bnsdq.ozxfs.bomyo.kvugl,0.0
1759249989,35060,2,N/A,N/A,N/A,N/A,N/A,N/A,N/A,N/A,N/A,N/A,N/A,N/A,N/A,1,kworker/u2,I (idle),victim2.bnsdq.ozxfs.bomyo.kvugl,0.004617315672860482
1759249989,35277,2,N/A,N/A,N/A,N/A,N/A,N/A,N/A,N/A,N/A,N/A,N/A,N/A,N/A,1,kworker/u2,I (idle),victim2.bnsdq.ozxfs.bomyo.kvugl,0.0
1759249989,37815,1,N/A,N/A,N/A,N/A,N/A,N/A,N/A,N/A,6979584,6979584,3211264,135168,278528,1,bash,S (sleeping),victim2.bnsdq.ozxfs.bomyo.kvugl,0.0
1759249989,37816,1,N/A,N/A,N/A,N/A,N/A,N/A,N/A,N/A,6979584,6979584,3297280,135168,278528,1,bash,S (sleeping),victim2.bnsdq.ozxfs.bomyo.kvugl,0.0
1759249989,37833,37819,N/A,N/A,N/A,N/A,N/A,N/A,N/A,N/A,5492736,5492736,516096,135168,180224,1,sleep,S (sleeping),victim2.bnsdq.ozxfs.bomyo.kvugl,0.0
1759249989,37805,1,N/A,N/A,N/A,N/A,N/A,N/A,N/A,N/A,6979584,6979584,3309568,135168,278528,1,bash,S (sleeping),victim2.bnsdq.ozxfs.bomyo.kvugl,0.0
1759249989,37819,1,N/A,N/A,N/A,N/A,N/A,N/A,N/A,N/A,6979584,6979584,3305472,135168,278528,1,bash,S (sleeping),victim2.bnsdq.ozxfs.bomyo.kvugl,0.0
1759249989,37835,37815,N/A,N/A,N/A,N/A,N/A,N/A,N/A,N/A,5492736,5492736,577536,135168,180224,1,sleep,S (sleeping),victim2.bnsdq.ozxfs.bomyo.kvugl,0.0
1759249989,34949,2,N/A,N/A,N/A,N/A,N/A,N/A,N/A,N/A,N/A,N/A,N/A,N/A,N/A,1,kworker/u2,I (idle),victim2.bnsdq.ozxfs.bomyo.kvugl,0.0
1759249989,34926,2,N/A,N/A,N/A,N/A,N/A,N/A,N/A,N/A,N/A,N/A,N/A,N/A,N/A,1,kworker/u2,I (idle),victim2.bnsdq.ozxfs.bomyo.kvugl,0.0
1759249989,34982,2,N/A,N/A,N/A,N/A,N/A,N/A,N/A,N/A,N/A,N/A,N/A,N/A,N/A,1,kworker/u2,I (idle),victim2.bnsdq.ozxfs.bomyo.kvugl,0.004513052747686544
1759249989,37804,1,N/A,N/A,N/A,N/A,N/A,N/A,N/A,N/A,728137728,728137728,7864320,135168,105218048,4,foundryc,S (sleeping),victim2.bnsdq.ozxfs.bomyo.kvugl,0.0
1759249989,37834,37814,N/A,N/A,N/A,N/A,N/A,N/A,N/A,N/A,5492736,5492736,516096,135168,180224,1,sleep,S (sleeping),victim2.bnsdq.ozxfs.bomyo.kvugl,0.0
1759249989,35055,1,N/A,N/A,N/A,N/A,N/A,N/A,N/A,N/A,1647706112,1580597248,20557824,135168,82202624,5,discern-interfa,S (sleeping),victim2.bnsdq.ozxfs.bomyo.kvugl,0.009149947558731707
1759249989,37814,1,N/A,N/A,N/A,N/A,N/A,N/A,N/A,N/A,6979584,6979584,3244032,135168,278528,1,bash,S (sleeping),victim2.bnsdq.ozxfs.bomyo.kvugl,0.0
1759249989,37836,37816,N/A,N/A,N/A,N/A,N/A,N/A,N/A,N/A,5492736,5492736,516096,135168,180224,1,sleep,S (sleeping),victim2.bnsdq.ozxfs.bomyo.kvugl,0.0
1759249994,35060,2,N/A,N/A,N/A,N/A,N/A,N/A,N/A,N/A,N/A,N/A,N/A,N/A,N/A,1,kworker/u2,I (idle),victim2.bnsdq.ozxfs.bomyo.kvugl,0.004511806312438553
1759249994,37891,1,101,101,101,101,102,102,102,102,16568320,16560128,7237632,135168,622592,1,systemd-network,S (sleeping),victim2.bnsdq.ozxfs.bomyo.kvugl,0.7572941692130898
1759249994,34982,2,N/A,N/A,N/A,N/A,N/A,N/A,N/A,N/A,N/A,N/A,N/A,N/A,N/A,1,kworker/u2,I (idle),victim2.bnsdq.ozxfs.bomyo.kvugl,0.004412260038081375
1759249994,35055,1,N/A,N/A,N/A,N/A,N/A,N/A,N/A,N/A,1647706112,1580597248,20557824,135168,82202624,5,discern-interfa,S (sleeping),victim2.bnsdq.ozxfs.bomyo.kvugl,0.008942885482538016
1759249994,35277,2,N/A,N/A,N/A,N/A,N/A,N/A,N/A,N/A,N/A,N/A,N/A,N/A,N/A,1,kworker/u2,I (idle),victim2.bnsdq.ozxfs.bomyo.kvugl,0.0
1759249994,37901,202,N/A,N/A,N/A,N/A,N/A,N/A,N/A,N/A,23040000,21975040,3944448,135168,724992,1,systemd-udevd,S (sleeping),victim2.bnsdq.ozxfs.bomyo.kvugl,0.0
1759249994,34949,2,N/A,N/A,N/A,N/A,N/A,N/A,N/A,N/A,N/A,N/A,N/A,N/A,N/A,1,kworker/u2,I (idle),victim2.bnsdq.ozxfs.bomyo.kvugl,0.0
1759249994,34926,2,N/A,N/A,N/A,N/A,N/A,N/A,N/A,N/A,N/A,N/A,N/A,N/A,N/A,1,kworker/u2,I (idle),victim2.bnsdq.ozxfs.bomyo.kvugl,0.0
1759249999,37967,37936,N/A,N/A,N/A,N/A,N/A,N/A,N/A,N/A,5492736,5492736,512000,135168,180224,1,sleep,S (sleeping),victim2.bnsdq.ozxfs.bomyo.kvugl,0.0
1759249999,34926,2,N/A,N/A,N/A,N/A,N/A,N/A,N/A,N/A,N/A,N/A,N/A,N/A,N/A,1,kworker/u2,I (idle),victim2.bnsdq.ozxfs.bomyo.kvugl,0.0
1759249999,35277,2,N/A,N/A,N/A,N/A,N/A,N/A,N/A,N/A,N/A,N/A,N/A,N/A,N/A,1,kworker/u2,I (idle),victim2.bnsdq.ozxfs.bomyo.kvugl,0.0
1759249999,37936,1,N/A,N/A,N/A,N/A,N/A,N/A,N/A,N/A,6979584,6979584,3289088,135168,278528,1,bash,S (sleeping),victim2.bnsdq.ozxfs.bomyo.kvugl,0.0
1759249999,37927,1,N/A,N/A,N/A,N/A,N/A,N/A,N/A,N/A,6979584,6979584,3256320,135168,278528,1,bash,S (sleeping),victim2.bnsdq.ozxfs.bomyo.kvugl,0.0
1759249999,35055,1,N/A,N/A,N/A,N/A,N/A,N/A,N/A,N/A,1647706112,1580597248,20557824,135168,82202624,5,discern-interfa,S (sleeping),victim2.bnsdq.ozxfs.bomyo.kvugl,0.008746120855368824
1759249999,37925,1,N/A,N/A,N/A,N/A,N/A,N/A,N/A,N/A,728137728,728137728,7856128,135168,105218048,4,foundryc,S (sleeping),victim2.bnsdq.ozxfs.bomyo.kvugl,0.0
1759249999,37947,1,101,101,101,101,102,102,102,102,16568320,16560128,7409664,135168,622592,1,systemd-network,S (sleeping),victim2.bnsdq.ozxfs.bomyo.kvugl,0.5444783317413032
1759249999,37964,37926,N/A,N/A,N/A,N/A,N/A,N/A,N/A,N/A,5492736,5492736,516096,135168,180224,1,sleep,S (sleeping),victim2.bnsdq.ozxfs.bomyo.kvugl,0.0
1759249999,37928,1,N/A,N/A,N/A,N/A,N/A,N/A,N/A,N/A,6979584,6979584,3219456,135168,278528,1,bash,S (sleeping),victim2.bnsdq.ozxfs.bomyo.kvugl,0.0
1759249999,37926,1,N/A,N/A,N/A,N/A,N/A,N/A,N/A,N/A,6979584,6979584,3166208,135168,278528,1,bash,S (sleeping),victim2.bnsdq.ozxfs.bomyo.kvugl,0.0
1759249999,34982,2,N/A,N/A,N/A,N/A,N/A,N/A,N/A,N/A,N/A,N/A,N/A,N/A,N/A,1,kworker/u2,I (idle),victim2.bnsdq.ozxfs.bomyo.kvugl,0.01726563523218635
1759249999,37963,37931,N/A,N/A,N/A,N/A,N/A,N/A,N/A,N/A,5492736,5492736,516096,135168,180224,1,sleep,S (sleeping),victim2.bnsdq.ozxfs.bomyo.kvugl,0.0
1759249999,35060,2,N/A,N/A,N/A,N/A,N/A,N/A,N/A,N/A,N/A,N/A,N/A,N/A,N/A,1,kworker/u2,I (idle),victim2.bnsdq.ozxfs.bomyo.kvugl,0.004411612428290404
1759249999,37965,37928,N/A,N/A,N/A,N/A,N/A,N/A,N/A,N/A,5492736,5492736,516096,135168,180224,1,sleep,S (sleeping),victim2.bnsdq.ozxfs.bomyo.kvugl,0.0
1759249999,34949,2,N/A,N/A,N/A,N/A,N/A,N/A,N/A,N/A,N/A,N/A,N/A,N/A,N/A,1,kworker/u2,I (idle),victim2.bnsdq.ozxfs.bomyo.kvugl,0.0
1759249999,37931,1,N/A,N/A,N/A,N/A,N/A,N/A,N/A,N/A,6979584,6979584,3272704,135168,278528,1,bash,S (sleeping),victim2.bnsdq.ozxfs.bomyo.kvugl,0.0
1759249999,37966,37927,N/A,N/A,N/A,N/A,N/A,N/A,N/A,N/A,5492736,5492736,512000,135168,180224,1,sleep,S (sleeping),victim2.bnsdq.ozxfs.bomyo.kvugl,0.0
1759250004,38022,202,N/A,N/A,N/A,N/A,N/A,N/A,N/A,N/A,23040000,21975040,3940352,135168,724992,1,systemd-udevd,S (sleeping),victim2.bnsdq.ozxfs.bomyo.kvugl,0.0
1759250004,35060,2,N/A,N/A,N/A,N/A,N/A,N/A,N/A,N/A,N/A,N/A,N/A,N/A,N/A,1,kworker/u2,I (idle),victim2.bnsdq.ozxfs.bomyo.kvugl,0.004315300123379334
1759250004,35277,2,N/A,N/A,N/A,N/A,N/A,N/A,N/A,N/A,N/A,N/A,N/A,N/A,N/A,1,kworker/u2,I (idle),victim2.bnsdq.ozxfs.bomyo.kvugl,0.0
1759250004,34982,2,N/A,N/A,N/A,N/A,N/A,N/A,N/A,N/A,N/A,N/A,N/A,N/A,N/A,1,kworker/u2,I (idle),victim2.bnsdq.ozxfs.bomyo.kvugl,0.016896603201874017
1759250004,38012,1,101,101,101,101,102,102,102,102,16568320,16560128,7278592,135168,622592,1,systemd-network,S (sleeping),victim2.bnsdq.ozxfs.bomyo.kvugl,0.5355906241514872
1759250004,34949,2,N/A,N/A,N/A,N/A,N/A,N/A,N/A,N/A,N/A,N/A,N/A,N/A,N/A,1,kworker/u2,I (idle),victim2.bnsdq.ozxfs.bomyo.kvugl,0.0
1759250004,34926,2,N/A,N/A,N/A,N/A,N/A,N/A,N/A,N/A,N/A,N/A,N/A,N/A,N/A,1,kworker/u2,I (idle),victim2.bnsdq.ozxfs.bomyo.kvugl,0.0
1759250004,35055,1,N/A,N/A,N/A,N/A,N/A,N/A,N/A,N/A,1647706112,1580597248,20557824,135168,82202624,5,discern-interfa,S (sleeping),victim2.bnsdq.ozxfs.bomyo.kvugl,0.008556697674034774
1759250009,38054,1,N/A,N/A,N/A,N/A,N/A,N/A,N/A,N/A,6979584,6979584,3280896,135168,278528,1,bash,S (sleeping),victim2.bnsdq.ozxfs.bomyo.kvugl,0.0
1759250009,34982,2,N/A,N/A,N/A,N/A,N/A,N/A,N/A,N/A,N/A,N/A,N/A,N/A,N/A,1,kworker/u2,I (idle),victim2.bnsdq.ozxfs.bomyo.kvugl,0.016545206637261455
1759250009,38066,1,101,101,101,101,102,102,102,102,16568320,16560128,7462912,135168,622592,1,systemd-network,S (sleeping),victim2.bnsdq.ozxfs.bomyo.kvugl,0.41998455409365903
1759250009,38049,1,N/A,N/A,N/A,N/A,N/A,N/A,N/A,N/A,6979584,6979584,3276800,135168,278528,1,bash,S (sleeping),victim2.bnsdq.ozxfs.bomyo.kvugl,0.0
1759250009,38096,38054,N/A,N/A,N/A,N/A,N/A,N/A,N/A,N/A,5492736,5492736,585728,135168,180224,1,sleep,S (sleeping),victim2.bnsdq.ozxfs.bomyo.kvugl,0.0
1759250009,38046,1,N/A,N/A,N/A,N/A,N/A,N/A,N/A,N/A,6979584,6979584,3215360,135168,278528,1,bash,S (sleeping),victim2.bnsdq.ozxfs.bomyo.kvugl,0.0
1759250009,38093,38046,N/A,N/A,N/A,N/A,N/A,N/A,N/A,N/A,5492736,5492736,516096,135168,180224,1,sleep,S (sleeping),victim2.bnsdq.ozxfs.bomyo.kvugl,0.0
1759250009,35060,2,N/A,N/A,N/A,N/A,N/A,N/A,N/A,N/A,N/A,N/A,N/A,N/A,N/A,1,kworker/u2,I (idle),victim2.bnsdq.ozxfs.bomyo.kvugl,0.004223623792251132
1759250009,34949,2,N/A,N/A,N/A,N/A,N/A,N/A,N/A,N/A,N/A,N/A,N/A,N/A,N/A,1,kworker/u2,I (idle),victim2.bnsdq.ozxfs.bomyo.kvugl,0.0
1759250009,38094,38045,N/A,N/A,N/A,N/A,N/A,N/A,N/A,N/A,5492736,5492736,516096,135168,180224,1,sleep,S (sleeping),victim2.bnsdq.ozxfs.bomyo.kvugl,0.0
1759250009,35277,2,N/A,N/A,N/A,N/A,N/A,N/A,N/A,N/A,N/A,N/A,N/A,N/A,N/A,1,kworker/u2,I (idle),victim2.bnsdq.ozxfs.bomyo.kvugl,0.0
1759250009,38088,38053,N/A,N/A,N/A,N/A,N/A,N/A,N/A,N/A,5492736,5492736,581632,135168,180224,1,sleep,S (sleeping),victim2.bnsdq.ozxfs.bomyo.kvugl,0.0
1759250009,38095,38049,N/A,N/A,N/A,N/A,N/A,N/A,N/A,N/A,5492736,5492736,512000,135168,180224,1,sleep,S (sleeping),victim2.bnsdq.ozxfs.bomyo.kvugl,0.0
1759250009,38044,1,N/A,N/A,N/A,N/A,N/A,N/A,N/A,N/A,728137728,728137728,7856128,135168,105218048,4,foundryc,S (sleeping),victim2.bnsdq.ozxfs.bomyo.kvugl,0.0
1759250009,38053,1,N/A,N/A,N/A,N/A,N/A,N/A,N/A,N/A,6979584,6979584,3362816,135168,278528,1,bash,S (sleeping),victim2.bnsdq.ozxfs.bomyo.kvugl,0.0
1759250009,34926,2,N/A,N/A,N/A,N/A,N/A,N/A,N/A,N/A,N/A,N/A,N/A,N/A,N/A,1,kworker/u2,I (idle),victim2.bnsdq.ozxfs.bomyo.kvugl,0.0
1759250009,35055,1,N/A,N/A,N/A,N/A,N/A,N/A,N/A,N/A,1647706112,1580597248,20557824,135168,82202624,5,discern-interfa,S (sleeping),victim2.bnsdq.ozxfs.bomyo.kvugl,0.008376383732677491
1759250009,38045,1,N/A,N/A,N/A,N/A,N/A,N/A,N/A,N/A,6979584,6979584,3276800,135168,278528,1,bash,S (sleeping),victim2.bnsdq.ozxfs.bomyo.kvugl,0.0
1759250014,38126,1,101,101,101,101,102,102,102,102,16568320,16560128,7356416,135168,622592,1,systemd-network,S (sleeping),victim2.bnsdq.ozxfs.bomyo.kvugl,0.414324305611647
1759250014,34982,2,N/A,N/A,N/A,N/A,N/A,N/A,N/A,N/A,N/A,N/A,N/A,N/A,N/A,1,kworker/u2,I (idle),victim2.bnsdq.ozxfs.bomyo.kvugl,0.016205659291271823
1759250014,35060,2,N/A,N/A,N/A,N/A,N/A,N/A,N/A,N/A,N/A,N/A,N/A,N/A,N/A,1,kworker/u2,R (running),victim2.bnsdq.ozxfs.bomyo.kvugl,0.004135178259656246
1759250014,35055,1,N/A,N/A,N/A,N/A,N/A,N/A,N/A,N/A,1647706112,1580597248,20557824,135168,82202624,5,discern-interfa,S (sleeping),victim2.bnsdq.ozxfs.bomyo.kvugl,0.008202511509060066
1759250014,35277,2,N/A,N/A,N/A,N/A,N/A,N/A,N/A,N/A,N/A,N/A,N/A,N/A,N/A,1,kworker/u2,I (idle),victim2.bnsdq.ozxfs.bomyo.kvugl,0.0
1759250014,34926,2,N/A,N/A,N/A,N/A,N/A,N/A,N/A,N/A,N/A,N/A,N/A,N/A,N/A,1,kworker/u2,I (idle),victim2.bnsdq.ozxfs.bomyo.kvugl,0.0
1759250014,38133,2,N/A,N/A,N/A,N/A,N/A,N/A,N/A,N/A,N/A,N/A,N/A,N/A,N/A,1,kworker/0,I (idle),victim2.bnsdq.ozxfs.bomyo.kvugl,0.0
1759250014,34949,2,N/A,N/A,N/A,N/A,N/A,N/A,N/A,N/A,N/A,N/A,N/A,N/A,N/A,1,kworker/u2,I (idle),victim2.bnsdq.ozxfs.bomyo.kvugl,0.0
1759250019,38218,38164,N/A,N/A,N/A,N/A,N/A,N/A,N/A,N/A,5492736,5492736,512000,135168,180224,1,sleep,S (sleeping),victim2.bnsdq.ozxfs.bomyo.kvugl,0.0
1759250019,38216,38163,N/A,N/A,N/A,N/A,N/A,N/A,N/A,N/A,5492736,5492736,581632,135168,180224,1,sleep,S (sleeping),victim2.bnsdq.ozxfs.bomyo.kvugl,0.0
1759250019,38224,38171,N/A,N/A,N/A,N/A,N/A,N/A,N/A,N/A,5492736,5492736,577536,135168,180224,1,sleep,S (sleeping),victim2.bnsdq.ozxfs.bomyo.kvugl,0.0
1759250019,35060,2,N/A,N/A,N/A,N/A,N/A,N/A,N/A,N/A,N/A,N/A,N/A,N/A,N/A,1,kworker/u2,I (idle),victim2.bnsdq.ozxfs.bomyo.kvugl,0.0040509485361639
1759250019,35277,2,N/A,N/A,N/A,N/A,N/A,N/A,N/A,N/A,N/A,N/A,N/A,N/A,N/A,1,kworker/u2,I (idle),victim2.bnsdq.ozxfs.bomyo.kvugl,0.0
1759250019,38162,1,N/A,N/A,N/A,N/A,N/A,N/A,N/A,N/A,728137728,728137728,9953280,135168,105218048,4,foundryc,S (sleeping),victim2.bnsdq.ozxfs.bomyo.kvugl,0.0
1759250019,38163,1,N/A,N/A,N/A,N/A,N/A,N/A,N/A,N/A,6979584,6979584,3342336,135168,278528,1,bash,S (sleeping),victim2.bnsdq.ozxfs.bomyo.kvugl,0.0
1759250019,38184,1,101,101,101,101,102,102,102,102,16568320,16560128,7237632,135168,622592,1,systemd-network,S (sleeping),victim2.bnsdq.ozxfs.bomyo.kvugl,0.5122423478596188
1759250019,38164,1,N/A,N/A,N/A,N/A,N/A,N/A,N/A,N/A,6979584,6979584,3211264,135168,278528,1,bash,S (sleeping),victim2.bnsdq.ozxfs.bomyo.kvugl,0.0
1759250019,38222,38167,N/A,N/A,N/A,N/A,N/A,N/A,N/A,N/A,5492736,5492736,581632,135168,180224,1,sleep,S (sleeping),victim2.bnsdq.ozxfs.bomyo.kvugl,0.0
1759250019,38165,1,N/A,N/A,N/A,N/A,N/A,N/A,N/A,N/A,6979584,6979584,3280896,135168,278528,1,bash,S (sleeping),victim2.bnsdq.ozxfs.bomyo.kvugl,0.0
1759250019,38133,2,N/A,N/A,N/A,N/A,N/A,N/A,N/A,N/A,N/A,N/A,N/A,N/A,N/A,1,kworker/0,I (idle),victim2.bnsdq.ozxfs.bomyo.kvugl,0.0
1759250019,38171,1,N/A,N/A,N/A,N/A,N/A,N/A,N/A,N/A,6979584,6979584,3280896,135168,278528,1,bash,S (sleeping),victim2.bnsdq.ozxfs.bomyo.kvugl,0.0
1759250019,38223,38165,N/A,N/A,N/A,N/A,N/A,N/A,N/A,N/A,5492736,5492736,520192,135168,180224,1,sleep,S (sleeping),victim2.bnsdq.ozxfs.bomyo.kvugl,0.0
1759250019,34926,2,N/A,N/A,N/A,N/A,N/A,N/A,N/A,N/A,N/A,N/A,N/A,N/A,N/A,1,kworker/u2,I (idle),victim2.bnsdq.ozxfs.bomyo.kvugl,0.0
1759250019,34982,2,N/A,N/A,N/A,N/A,N/A,N/A,N/A,N/A,N/A,N/A,N/A,N/A,N/A,1,kworker/u2,I (idle),victim2.bnsdq.ozxfs.bomyo.kvugl,0.01588194957111764
1759250019,34949,2,N/A,N/A,N/A,N/A,N/A,N/A,N/A,N/A,N/A,N/A,N/A,N/A,N/A,1,kworker/u2,I (idle),victim2.bnsdq.ozxfs.bomyo.kvugl,0.0
1759250019,38167,1,N/A,N/A,N/A,N/A,N/A,N/A,N/A,N/A,6979584,6979584,3215360,135168,278528,1,bash,S (sleeping),victim2.bnsdq.ozxfs.bomyo.kvugl,0.0
1759250019,35055,1,N/A,N/A,N/A,N/A,N/A,N/A,N/A,N/A,1647706112,1580597248,20557824,135168,82202624,5,discern-interfa,S (sleeping),victim2.bnsdq.ozxfs.bomyo.kvugl,0.008036665140392193
1759250024,38299,38283,N/A,N/A,N/A,N/A,N/A,N/A,N/A,N/A,5492736,5492736,581632,135168,180224,1,sleep,S (sleeping),victim2.bnsdq.ozxfs.bomyo.kvugl,0.0
1759250024,34949,2,N/A,N/A,N/A,N/A,N/A,N/A,N/A,N/A,N/A,N/A,N/A,N/A,N/A,1,kworker/u2,I (idle),victim2.bnsdq.ozxfs.bomyo.kvugl,0.0
1759250024,35277,2,N/A,N/A,N/A,N/A,N/A,N/A,N/A,N/A,N/A,N/A,N/A,N/A,N/A,1,kworker/u2,I (idle),victim2.bnsdq.ozxfs.bomyo.kvugl,0.0
1759250024,38301,38288,N/A,N/A,N/A,N/A,N/A,N/A,N/A,N/A,5492736,5492736,512000,135168,180224,1,sleep,S (sleeping),victim2.bnsdq.ozxfs.bomyo.kvugl,0.0
1759250024,34926,2,N/A,N/A,N/A,N/A,N/A,N/A,N/A,N/A,N/A,N/A,N/A,N/A,N/A,1,kworker/u2,I (idle),victim2.bnsdq.ozxfs.bomyo.kvugl,0.0
1759250024,38289,1,N/A,N/A,N/A,N/A,N/A,N/A,N/A,N/A,6979584,6979584,3231744,135168,278528,1,bash,S (sleeping),victim2.bnsdq.ozxfs.bomyo.kvugl,0.0
1759250024,38300,38284,N/A,N/A,N/A,N/A,N/A,N/A,N/A,N/A,5492736,5492736,581632,135168,180224,1,sleep,S (sleeping),victim2.bnsdq.ozxfs.bomyo.kvugl,0.0
1759250024,35055,1,N/A,N/A,N/A,N/A,N/A,N/A,N/A,N/A,1647706112,1580597248,20557824,135168,82202624,5,discern-interfa,S (sleeping),victim2.bnsdq.ozxfs.bomyo.kvugl,0.007876294342650775
1759250024,35060,2,N/A,N/A,N/A,N/A,N/A,N/A,N/A,N/A,N/A,N/A,N/A,N/A,N/A,1,kworker/u2,I (idle),victim2.bnsdq.ozxfs.bomyo.kvugl,0.0039694065380211675
1759250024,38133,2,N/A,N/A,N/A,N/A,N/A,N/A,N/A,N/A,N/A,N/A,N/A,N/A,N/A,1,kworker/0,I (idle),victim2.bnsdq.ozxfs.bomyo.kvugl,0.0
1759250024,38288,1,N/A,N/A,N/A,N/A,N/A,N/A,N/A,N/A,6979584,6979584,3252224,135168,278528,1,bash,S (sleeping),victim2.bnsdq.ozxfs.bomyo.kvugl,0.0
1759250024,38303,1,101,101,101,101,102,102,102,102,16568320,16560128,7303168,135168,622592,1,systemd-network,S (sleeping),victim2.bnsdq.ozxfs.bomyo.kvugl,2.1557970559900763
1759250024,38282,1,N/A,N/A,N/A,N/A,N/A,N/A,N/A,N/A,6979584,6979584,3112960,135168,278528,1,bash,S (sleeping),victim2.bnsdq.ozxfs.bomyo.kvugl,0.0
1759250024,38281,1,N/A,N/A,N/A,N/A,N/A,N/A,N/A,N/A,728137728,728137728,7856128,135168,105218048,4,foundryc,S (sleeping),victim2.bnsdq.ozxfs.bomyo.kvugl,0.0
1759250024,38302,38289,N/A,N/A,N/A,N/A,N/A,N/A,N/A,N/A,5492736,5492736,577536,135168,180224,1,sleep,S (sleeping),victim2.bnsdq.ozxfs.bomyo.kvugl,0.0
1759250024,38283,1,N/A,N/A,N/A,N/A,N/A,N/A,N/A,N/A,6979584,6979584,3235840,135168,278528,1,bash,S (sleeping),victim2.bnsdq.ozxfs.bomyo.kvugl,0.0
1759250024,38284,1,N/A,N/A,N/A,N/A,N/A,N/A,N/A,N/A,6979584,6979584,3125248,135168,278528,1,bash,S (sleeping),victim2.bnsdq.ozxfs.bomyo.kvugl,0.0
1759250024,38298,38282,N/A,N/A,N/A,N/A,N/A,N/A,N/A,N/A,5492736,5492736,516096,135168,180224,1,sleep,S (sleeping),victim2.bnsdq.ozxfs.bomyo.kvugl,0.0
1759250024,34982,2,N/A,N/A,N/A,N/A,N/A,N/A,N/A,N/A,N/A,N/A,N/A,N/A,N/A,1,kworker/u2,I (idle),victim2.bnsdq.ozxfs.bomyo.kvugl,0.015568420758704753
1759250030,38289,1,N/A,N/A,N/A,N/A,N/A,N/A,N/A,N/A,6979584,6979584,3313664,135168,278528,1,bash,S (sleeping),victim2.bnsdq.ozxfs.bomyo.kvugl,0.0
1759250030,35060,2,N/A,N/A,N/A,N/A,N/A,N/A,N/A,N/A,N/A,N/A,N/A,N/A,N/A,1,kworker/u2,I (idle),victim2.bnsdq.ozxfs.bomyo.kvugl,0.007782187111246038
1759250030,38368,38283,N/A,N/A,N/A,N/A,N/A,N/A,N/A,N/A,5492736,5492736,577536,135168,180224,1,sleep,S (sleeping),victim2.bnsdq.ozxfs.bomyo.kvugl,0.0
1759250030,34926,2,N/A,N/A,N/A,N/A,N/A,N/A,N/A,N/A,N/A,N/A,N/A,N/A,N/A,1,kworker/u2,I (idle),victim2.bnsdq.ozxfs.bomyo.kvugl,0.0
1759250030,38288,1,N/A,N/A,N/A,N/A,N/A,N/A,N/A,N/A,6979584,6979584,3330048,135168,278528,1,bash,S (sleeping),victim2.bnsdq.ozxfs.bomyo.kvugl,0.0
1759250030,38378,202,N/A,N/A,N/A,N/A,N/A,N/A,N/A,N/A,23040000,21975040,3944448,135168,724992,1,systemd-udevd,S (sleeping),victim2.bnsdq.ozxfs.bomyo.kvugl,0.0
1759250030,38283,1,N/A,N/A,N/A,N/A,N/A,N/A,N/A,N/A,6979584,6979584,3244032,135168,278528,1,bash,S (sleeping),victim2.bnsdq.ozxfs.bomyo.kvugl,0.0
1759250030,38358,1,101,101,101,101,102,102,102,102,16568320,16560128,7442432,135168,622592,1,systemd-network,S (sleeping),victim2.bnsdq.ozxfs.bomyo.kvugl,3.0046064793731797
1759250030,38360,38288,N/A,N/A,N/A,N/A,N/A,N/A,N/A,N/A,5492736,5492736,577536,135168,180224,1,sleep,S (sleeping),victim2.bnsdq.ozxfs.bomyo.kvugl,0.0
1759250030,34982,2,N/A,N/A,N/A,N/A,N/A,N/A,N/A,N/A,N/A,N/A,N/A,N/A,N/A,1,kworker/u2,I (idle),victim2.bnsdq.ozxfs.bomyo.kvugl,0.015267229198486826
1759250030,35055,1,N/A,N/A,N/A,N/A,N/A,N/A,N/A,N/A,1647706112,1580597248,20557824,135168,82202624,5,discern-interfa,S (sleeping),victim2.bnsdq.ozxfs.bomyo.kvugl,0.007722025603684765
1759250030,38365,38284,N/A,N/A,N/A,N/A,N/A,N/A,N/A,N/A,5492736,5492736,581632,135168,180224,1,sleep,S (sleeping),victim2.bnsdq.ozxfs.bomyo.kvugl,0.0
1759250030,38366,38282,N/A,N/A,N/A,N/A,N/A,N/A,N/A,N/A,5492736,5492736,581632,135168,180224,1,sleep,S (sleeping),victim2.bnsdq.ozxfs.bomyo.kvugl,0.0
1759250030,38367,38289,N/A,N/A,N/A,N/A,N/A,N/A,N/A,N/A,5492736,5492736,512000,135168,180224,1,sleep,S (sleeping),victim2.bnsdq.ozxfs.bomyo.kvugl,0.0
1759250030,38282,1,N/A,N/A,N/A,N/A,N/A,N/A,N/A,N/A,6979584,6979584,3186688,135168,278528,1,bash,S (sleeping),victim2.bnsdq.ozxfs.bomyo.kvugl,0.0
1759250030,35277,2,N/A,N/A,N/A,N/A,N/A,N/A,N/A,N/A,N/A,N/A,N/A,N/A,N/A,1,kworker/u2,I (idle),victim2.bnsdq.ozxfs.bomyo.kvugl,0.0
1759250030,34949,2,N/A,N/A,N/A,N/A,N/A,N/A,N/A,N/A,N/A,N/A,N/A,N/A,N/A,1,kworker/u2,I (idle),victim2.bnsdq.ozxfs.bomyo.kvugl,0.0
1759250030,38133,2,N/A,N/A,N/A,N/A,N/A,N/A,N/A,N/A,N/A,N/A,N/A,N/A,N/A,1,kworker/0,I (idle),victim2.bnsdq.ozxfs.bomyo.kvugl,0.0
1759250030,38284,1,N/A,N/A,N/A,N/A,N/A,N/A,N/A,N/A,6979584,6979584,3207168,135168,278528,1,bash,S (sleeping),victim2.bnsdq.ozxfs.bomyo.kvugl,0.0
1759250035,38421,1,101,101,101,101,102,102,102,102,16568320,16560128,7311360,135168,622592,1,systemd-network,S (sleeping),victim2.bnsdq.ozxfs.bomyo.kvugl,0.966313746210388
1759250035,38412,1,N/A,N/A,N/A,N/A,N/A,N/A,N/A,N/A,6979584,6979584,3227648,135168,278528,1,bash,S (sleeping),victim2.bnsdq.ozxfs.bomyo.kvugl,0.0
1759250035,38424,38400,N/A,N/A,N/A,N/A,N/A,N/A,N/A,N/A,5492736,5492736,520192,135168,180224,1,sleep,S (sleeping),victim2.bnsdq.ozxfs.bomyo.kvugl,0.0
1759250035,38430,38413,N/A,N/A,N/A,N/A,N/A,N/A,N/A,N/A,5492736,5492736,516096,135168,180224,1,sleep,S (sleeping),victim2.bnsdq.ozxfs.bomyo.kvugl,0.0
1759250035,34982,2,N/A,N/A,N/A,N/A,N/A,N/A,N/A,N/A,N/A,N/A,N/A,N/A,N/A,1,kworker/u2,I (idle),victim2.bnsdq.ozxfs.bomyo.kvugl,0.014977253513172384
1759250035,38400,1,N/A,N/A,N/A,N/A,N/A,N/A,N/A,N/A,6979584,6979584,3334144,135168,278528,1,bash,S (sleeping),victim2.bnsdq.ozxfs.bomyo.kvugl,0.0
1759250035,34949,2,N/A,N/A,N/A,N/A,N/A,N/A,N/A,N/A,N/A,N/A,N/A,N/A,N/A,1,kworker/u2,I (idle),victim2.bnsdq.ozxfs.bomyo.kvugl,0.0
1759250035,38401,1,N/A,N/A,N/A,N/A,N/A,N/A,N/A,N/A,6979584,6979584,3219456,135168,278528,1,bash,S (sleeping),victim2.bnsdq.ozxfs.bomyo.kvugl,0.0
1759250035,38425,38401,N/A,N/A,N/A,N/A,N/A,N/A,N/A,N/A,5492736,5492736,581632,135168,180224,1,sleep,S (sleeping),victim2.bnsdq.ozxfs.bomyo.kvugl,0.0
1759250035,34926,2,N/A,N/A,N/A,N/A,N/A,N/A,N/A,N/A,N/A,N/A,N/A,N/A,N/A,1,kworker/u2,I (idle),victim2.bnsdq.ozxfs.bomyo.kvugl,0.0
1759250035,38399,1,N/A,N/A,N/A,N/A,N/A,N/A,N/A,N/A,728137728,728137728,10076160,135168,105218048,4,foundryc,S (sleeping),victim2.bnsdq.ozxfs.bomyo.kvugl,0.0
1759250035,38414,1,N/A,N/A,N/A,N/A,N/A,N/A,N/A,N/A,6979584,6979584,3141632,135168,278528,1,bash,S (sleeping),victim2.bnsdq.ozxfs.bomyo.kvugl,0.0
1759250035,35060,2,N/A,N/A,N/A,N/A,N/A,N/A,N/A,N/A,N/A,N/A,N/A,N/A,N/A,1,kworker/u2,I (idle),victim2.bnsdq.ozxfs.bomyo.kvugl,0.007631420643562406
1759250035,38429,38414,N/A,N/A,N/A,N/A,N/A,N/A,N/A,N/A,5492736,5492736,581632,135168,180224,1,sleep,S (sleeping),victim2.bnsdq.ozxfs.bomyo.kvugl,0.0
1759250035,38413,1,N/A,N/A,N/A,N/A,N/A,N/A,N/A,N/A,6979584,6979584,3235840,135168,278528,1,bash,S (sleeping),victim2.bnsdq.ozxfs.bomyo.kvugl,0.0
1759250035,35055,1,N/A,N/A,N/A,N/A,N/A,N/A,N/A,N/A,1647706112,1580597248,20557824,135168,82202624,5,discern-interfa,S (sleeping),victim2.bnsdq.ozxfs.bomyo.kvugl,0.007573597925781229
1759250035,38133,2,N/A,N/A,N/A,N/A,N/A,N/A,N/A,N/A,N/A,N/A,N/A,N/A,N/A,1,kworker/0,I (idle),victim2.bnsdq.ozxfs.bomyo.kvugl,0.0
1759250035,38431,38412,N/A,N/A,N/A,N/A,N/A,N/A,N/A,N/A,5492736,5492736,581632,135168,180224,1,sleep,S (sleeping),victim2.bnsdq.ozxfs.bomyo.kvugl,0.0
1759250035,35277,2,N/A,N/A,N/A,N/A,N/A,N/A,N/A,N/A,N/A,N/A,N/A,N/A,N/A,1,kworker/u2,I (idle),victim2.bnsdq.ozxfs.bomyo.kvugl,0.0
1759250040,38133,2,N/A,N/A,N/A,N/A,N/A,N/A,N/A,N/A,N/A,N/A,N/A,N/A,N/A,1,kworker/0,I (idle),victim2.bnsdq.ozxfs.bomyo.kvugl,0.03317223106186916
1759250040,34926,2,N/A,N/A,N/A,N/A,N/A,N/A,N/A,N/A,N/A,N/A,N/A,N/A,N/A,1,kworker/u2,I (idle),victim2.bnsdq.ozxfs.bomyo.kvugl,0.0
1759250040,34982,2,N/A,N/A,N/A,N/A,N/A,N/A,N/A,N/A,N/A,N/A,N/A,N/A,N/A,1,kworker/u2,I (idle),victim2.bnsdq.ozxfs.bomyo.kvugl,0.014697988529746839
1759250040,35055,1,N/A,N/A,N/A,N/A,N/A,N/A,N/A,N/A,1647706112,1580597248,20557824,135168,82202624,5,discern-interfa,S (sleeping),victim2.bnsdq.ozxfs.bomyo.kvugl,0.0074309028549368935
1759250040,35060,2,N/A,N/A,N/A,N/A,N/A,N/A,N/A,N/A,N/A,N/A,N/A,N/A,N/A,1,kworker/u2,I (idle),victim2.bnsdq.ozxfs.bomyo.kvugl,0.007486528726303662
1759250040,38496,202,N/A,N/A,N/A,N/A,N/A,N/A,N/A,N/A,23040000,21975040,3940352,135168,724992,1,systemd-udevd,S (sleeping),victim2.bnsdq.ozxfs.bomyo.kvugl,0.0
1759250040,34949,2,N/A,N/A,N/A,N/A,N/A,N/A,N/A,N/A,N/A,N/A,N/A,N/A,N/A,1,kworker/u2,I (idle),victim2.bnsdq.ozxfs.bomyo.kvugl,0.0
1759250040,35277,2,N/A,N/A,N/A,N/A,N/A,N/A,N/A,N/A,N/A,N/A,N/A,N/A,N/A,1,kworker/u2,I (idle),victim2.bnsdq.ozxfs.bomyo.kvugl,0.0
1759250040,38486,1,101,101,101,101,102,102,102,102,16568320,16560128,7380992,135168,622592,1,systemd-network,S (sleeping),victim2.bnsdq.ozxfs.bomyo.kvugl,0.9312317243009512
1759250045,35055,1,N/A,N/A,N/A,N/A,N/A,N/A,N/A,N/A,1647706112,1580597248,20557824,135168,82202624,5,discern-interfa,S (sleeping),victim2.bnsdq.ozxfs.bomyo.kvugl,0.007294481879619721
1759250045,34982,2,N/A,N/A,N/A,N/A,N/A,N/A,N/A,N/A,N/A,N/A,N/A,N/A,N/A,1,kworker/u2,I (idle),victim2.bnsdq.ozxfs.bomyo.kvugl,0.014431052336183164
1759250045,38556,38521,N/A,N/A,N/A,N/A,N/A,N/A,N/A,N/A,5492736,5492736,581632,135168,180224,1,sleep,S (sleeping),victim2.bnsdq.ozxfs.bomyo.kvugl,0.0
1759250045,38557,38518,N/A,N/A,N/A,N/A,N/A,N/A,N/A,N/A,5492736,5492736,512000,135168,180224,1,sleep,S (sleeping),victim2.bnsdq.ozxfs.bomyo.kvugl,0.0
1759250045,38133,2,N/A,N/A,N/A,N/A,N/A,N/A,N/A,N/A,N/A,N/A,N/A,N/A,N/A,1,kworker/0,I (idle),victim2.bnsdq.ozxfs.bomyo.kvugl,0.028424661296571736
1759250045,38532,1,N/A,N/A,N/A,N/A,N/A,N/A,N/A,N/A,6979584,6979584,3207168,135168,278528,1,bash,S (sleeping),victim2.bnsdq.ozxfs.bomyo.kvugl,0.0
1759250045,38555,38522,N/A,N/A,N/A,N/A,N/A,N/A,N/A,N/A,5492736,5492736,512000,135168,180224,1,sleep,S (sleeping),victim2.bnsdq.ozxfs.bomyo.kvugl,0.0
1759250045,38539,1,101,101,101,101,102,102,102,102,16568320,16560128,7364608,135168,622592,1,systemd-network,S (sleeping),victim2.bnsdq.ozxfs.bomyo.kvugl,0.942986995857593
1759250045,38559,38523,N/A,N/A,N/A,N/A,N/A,N/A,N/A,N/A,5492736,5492736,512000,135168,180224,1,sleep,S (sleeping),victim2.bnsdq.ozxfs.bomyo.kvugl,0.0
1759250045,38523,1,N/A,N/A,N/A,N/A,N/A,N/A,N/A,N/A,6979584,6979584,3252224,135168,278528,1,bash,S (sleeping),victim2.bnsdq.ozxfs.bomyo.kvugl,0.0
1759250045,35277,2,N/A,N/A,N/A,N/A,N/A,N/A,N/A,N/A,N/A,N/A,N/A,N/A,N/A,1,kworker/u2,I (idle),victim2.bnsdq.ozxfs.bomyo.kvugl,0.0
1759250045,38517,1,N/A,N/A,N/A,N/A,N/A,N/A,N/A,N/A,728137728,728137728,7856128,135168,105218048,4,foundryc,S (sleeping),victim2.bnsdq.ozxfs.bomyo.kvugl,0.0
1759250045,38518,1,N/A,N/A,N/A,N/A,N/A,N/A,N/A,N/A,6979584,6979584,3342336,135168,278528,1,bash,S (sleeping),victim2.bnsdq.ozxfs.bomyo.kvugl,0.0
1759250045,34926,2,N/A,N/A,N/A,N/A,N/A,N/A,N/A,N/A,N/A,N/A,N/A,N/A,N/A,1,kworker/u2,I (idle),victim2.bnsdq.ozxfs.bomyo.kvugl,0.0
1759250045,35060,2,N/A,N/A,N/A,N/A,N/A,N/A,N/A,N/A,N/A,N/A,N/A,N/A,N/A,1,kworker/u2,I (idle),victim2.bnsdq.ozxfs.bomyo.kvugl,0.007348001045669633
1759250045,38521,1,N/A,N/A,N/A,N/A,N/A,N/A,N/A,N/A,6979584,6979584,3256320,135168,278528,1,bash,S (sleeping),victim2.bnsdq.ozxfs.bomyo.kvugl,0.0
1759250045,38522,1,N/A,N/A,N/A,N/A,N/A,N/A,N/A,N/A,6979584,6979584,3158016,135168,278528,1,bash,S (sleeping),victim2.bnsdq.ozxfs.bomyo.kvugl,0.0
1759250045,38558,38532,N/A,N/A,N/A,N/A,N/A,N/A,N/A,N/A,5492736,5492736,577536,135168,180224,1,sleep,S (sleeping),victim2.bnsdq.ozxfs.bomyo.kvugl,0.0
1759250045,34949,2,N/A,N/A,N/A,N/A,N/A,N/A,N/A,N/A,N/A,N/A,N/A,N/A,N/A,1,kworker/u2,I (idle),victim2.bnsdq.ozxfs.bomyo.kvugl,0.0
1759250050,35277,2,N/A,N/A,N/A,N/A,N/A,N/A,N/A,N/A,N/A,N/A,N/A,N/A,N/A,1,kworker/u2,I (idle),victim2.bnsdq.ozxfs.bomyo.kvugl,0.0
1759250050,34982,2,N/A,N/A,N/A,N/A,N/A,N/A,N/A,N/A,N/A,N/A,N/A,N/A,N/A,1,kworker/u2,I (idle),victim2.bnsdq.ozxfs.bomyo.kvugl,0.014171925191112222
1759250050,35060,2,N/A,N/A,N/A,N/A,N/A,N/A,N/A,N/A,N/A,N/A,N/A,N/A,N/A,1,kworker/u2,I (idle),victim2.bnsdq.ozxfs.bomyo.kvugl,0.00721374821709683
1759250050,38614,202,N/A,N/A,N/A,N/A,N/A,N/A,N/A,N/A,23040000,21975040,3936256,135168,724992,1,systemd-udevd,S (sleeping),victim2.bnsdq.ozxfs.bomyo.kvugl,0.0
1759250050,38596,1,101,101,101,101,102,102,102,102,16568320,16560128,7348224,135168,622592,1,systemd-network,S (sleeping),victim2.bnsdq.ozxfs.bomyo.kvugl,0.6156057341453031
1759250050,34949,2,N/A,N/A,N/A,N/A,N/A,N/A,N/A,N/A,N/A,N/A,N/A,N/A,N/A,1,kworker/u2,I (idle),victim2.bnsdq.ozxfs.bomyo.kvugl,0.0
1759250050,35055,1,N/A,N/A,N/A,N/A,N/A,N/A,N/A,N/A,1647706112,1580597248,20557824,135168,82202624,5,discern-interfa,S (sleeping),victim2.bnsdq.ozxfs.bomyo.kvugl,0.007162060811554104
1759250050,38133,2,N/A,N/A,N/A,N/A,N/A,N/A,N/A,N/A,N/A,N/A,N/A,N/A,N/A,1,kworker/0,I (idle),victim2.bnsdq.ozxfs.bomyo.kvugl,0.024845065166156456
1759250050,34926,2,N/A,N/A,N/A,N/A,N/A,N/A,N/A,N/A,N/A,N/A,N/A,N/A,N/A,1,kworker/u2,I (idle),victim2.bnsdq.ozxfs.bomyo.kvugl,0.0
1759250055,38638,1,N/A,N/A,N/A,N/A,N/A,N/A,N/A,N/A,6979584,6979584,3276800,135168,278528,1,bash,S (sleeping),victim2.bnsdq.ozxfs.bomyo.kvugl,0.0
1759250055,34949,2,N/A,N/A,N/A,N/A,N/A,N/A,N/A,N/A,N/A,N/A,N/A,N/A,N/A,1,kworker/u2,I (idle),victim2.bnsdq.ozxfs.bomyo.kvugl,0.0
1759250055,34982,2,N/A,N/A,N/A,N/A,N/A,N/A,N/A,N/A,N/A,N/A,N/A,N/A,N/A,1,kworker/u2,I (idle),victim2.bnsdq.ozxfs.bomyo.kvugl,0.013923614405503668
1759250055,38644,1,N/A,N/A,N/A,N/A,N/A,N/A,N/A,N/A,6979584,6979584,3276800,135168,278528,1,bash,S (sleeping),victim2.bnsdq.ozxfs.bomyo.kvugl,0.0
1759250055,38640,1,N/A,N/A,N/A,N/A,N/A,N/A,N/A,N/A,6979584,6979584,3342336,135168,278528,1,bash,S (sleeping),victim2.bnsdq.ozxfs.bomyo.kvugl,0.0
1759250055,35055,1,N/A,N/A,N/A,N/A,N/A,N/A,N/A,N/A,1647706112,1580597248,20557824,135168,82202624,5,discern-interfa,S (sleeping),victim2.bnsdq.ozxfs.bomyo.kvugl,0.007035258066840792
1759250055,38671,38638,N/A,N/A,N/A,N/A,N/A,N/A,N/A,N/A,5492736,5492736,512000,135168,180224,1,sleep,S (sleeping),victim2.bnsdq.ozxfs.bomyo.kvugl,0.0
1759250055,38676,38644,N/A,N/A,N/A,N/A,N/A,N/A,N/A,N/A,5492736,5492736,581632,135168,180224,1,sleep,S (sleeping),victim2.bnsdq.ozxfs.bomyo.kvugl,0.0
1759250055,35277,2,N/A,N/A,N/A,N/A,N/A,N/A,N/A,N/A,N/A,N/A,N/A,N/A,N/A,1,kworker/u2,I (idle),victim2.bnsdq.ozxfs.bomyo.kvugl,0.0
1759250055,38679,38639,N/A,N/A,N/A,N/A,N/A,N/A,N/A,N/A,5492736,5492736,516096,135168,180224,1,sleep,S (sleeping),victim2.bnsdq.ozxfs.bomyo.kvugl,0.0
1759250055,38639,1,N/A,N/A,N/A,N/A,N/A,N/A,N/A,N/A,6979584,6979584,3330048,135168,278528,1,bash,S (sleeping),victim2.bnsdq.ozxfs.bomyo.kvugl,0.0
1759250055,35060,2,N/A,N/A,N/A,N/A,N/A,N/A,N/A,N/A,N/A,N/A,N/A,N/A,N/A,1,kworker/u2,I (idle),victim2.bnsdq.ozxfs.bomyo.kvugl,0.007085058469247185
1759250055,38133,2,N/A,N/A,N/A,N/A,N/A,N/A,N/A,N/A,N/A,N/A,N/A,N/A,N/A,1,kworker/0,I (idle),victim2.bnsdq.ozxfs.bomyo.kvugl,0.02208261434926518
1759250055,38637,1,N/A,N/A,N/A,N/A,N/A,N/A,N/A,N/A,728137728,728137728,7856128,135168,105218048,4,foundryc,S (sleeping),victim2.bnsdq.ozxfs.bomyo.kvugl,0.0
1759250055,38659,1,101,101,101,101,102,102,102,102,16568320,16560128,7352320,135168,622592,1,systemd-network,S (sleeping),victim2.bnsdq.ozxfs.bomyo.kvugl,0.46673456002274655
1759250055,34926,2,N/A,N/A,N/A,N/A,N/A,N/A,N/A,N/A,N/A,N/A,N/A,N/A,N/A,1,kworker/u2,I (idle),victim2.bnsdq.ozxfs.bomyo.kvugl,0.0
1759250055,38677,38646,N/A,N/A,N/A,N/A,N/A,N/A,N/A,N/A,5492736,5492736,581632,135168,180224,1,sleep,S (sleeping),victim2.bnsdq.ozxfs.bomyo.kvugl,0.0
1759250055,38678,38640,N/A,N/A,N/A,N/A,N/A,N/A,N/A,N/A,5492736,5492736,520192,135168,180224,1,sleep,S (sleeping),victim2.bnsdq.ozxfs.bomyo.kvugl,0.0
1759250055,38646,1,N/A,N/A,N/A,N/A,N/A,N/A,N/A,N/A,6979584,6979584,3305472,135168,278528,1,bash,S (sleeping),victim2.bnsdq.ozxfs.bomyo.kvugl,0.0
1759250060,34982,2,N/A,N/A,N/A,N/A,N/A,N/A,N/A,N/A,N/A,N/A,N/A,N/A,N/A,1,kworker/u2,I (idle),victim2.bnsdq.ozxfs.bomyo.kvugl,0.013682254775795051
1759250060,35060,2,N/A,N/A,N/A,N/A,N/A,N/A,N/A,N/A,N/A,N/A,N/A,N/A,N/A,1,kworker/u2,I (idle),victim2.bnsdq.ozxfs.bomyo.kvugl,0.0069601609462166
1759250060,34926,2,N/A,N/A,N/A,N/A,N/A,N/A,N/A,N/A,N/A,N/A,N/A,N/A,N/A,1,kworker/u2,I (idle),victim2.bnsdq.ozxfs.bomyo.kvugl,0.0
1759250060,38133,2,N/A,N/A,N/A,N/A,N/A,N/A,N/A,N/A,N/A,N/A,N/A,N/A,N/A,1,kworker/0,I (idle),victim2.bnsdq.ozxfs.bomyo.kvugl,0.03972189299893075
1759250060,34949,2,N/A,N/A,N/A,N/A,N/A,N/A,N/A,N/A,N/A,N/A,N/A,N/A,N/A,1,kworker/u2,I (idle),victim2.bnsdq.ozxfs.bomyo.kvugl,0.0
1759250060,38724,1,101,101,101,101,102,102,102,102,16568320,16560128,7262208,135168,622592,1,systemd-network,S (sleeping),victim2.bnsdq.ozxfs.bomyo.kvugl,0.6895756266155387
1759250060,38734,202,N/A,N/A,N/A,N/A,N/A,N/A,N/A,N/A,23040000,21975040,3936256,135168,724992,1,systemd-udevd,S (sleeping),victim2.bnsdq.ozxfs.bomyo.kvugl,0.0
1759250060,35055,1,N/A,N/A,N/A,N/A,N/A,N/A,N/A,N/A,1647706112,1580597248,20557824,135168,82202624,5,discern-interfa,S (sleeping),victim2.bnsdq.ozxfs.bomyo.kvugl,0.0069120164641064815
1759250060,35277,2,N/A,N/A,N/A,N/A,N/A,N/A,N/A,N/A,N/A,N/A,N/A,N/A,N/A,1,kworker/u2,I (idle),victim2.bnsdq.ozxfs.bomyo.kvugl,0.0
1759250065,38757,1,N/A,N/A,N/A,N/A,N/A,N/A,N/A,N/A,728137728,728137728,7856128,135168,105218048,4,foundryc,S (sleeping),victim2.bnsdq.ozxfs.bomyo.kvugl,0.0
1759250065,38759,1,N/A,N/A,N/A,N/A,N/A,N/A,N/A,N/A,6979584,6979584,3313664,135168,278528,1,bash,S (sleeping),victim2.bnsdq.ozxfs.bomyo.kvugl,0.0
1759250065,35277,2,N/A,N/A,N/A,N/A,N/A,N/A,N/A,N/A,N/A,N/A,N/A,N/A,N/A,1,kworker/u2,I (idle),victim2.bnsdq.ozxfs.bomyo.kvugl,0.0
1759250065,38767,1,N/A,N/A,N/A,N/A,N/A,N/A,N/A,N/A,6979584,6979584,3194880,135168,278528,1,bash,S (sleeping),victim2.bnsdq.ozxfs.bomyo.kvugl,0.0
1759250065,38805,38758,N/A,N/A,N/A,N/A,N/A,N/A,N/A,N/A,5492736,5492736,516096,135168,180224,1,sleep,S (sleeping),victim2.bnsdq.ozxfs.bomyo.kvugl,0.0
1759250065,38779,1,101,101,101,101,102,102,102,102,16568320,16560128,7299072,135168,622592,1,systemd-network,S (sleeping),victim2.bnsdq.ozxfs.bomyo.kvugl,0.6838992217131339
1759250065,38758,1,N/A,N/A,N/A,N/A,N/A,N/A,N/A,N/A,6979584,6979584,3342336,135168,278528,1,bash,S (sleeping),victim2.bnsdq.ozxfs.bomyo.kvugl,0.0
1759250065,34982,2,N/A,N/A,N/A,N/A,N/A,N/A,N/A,N/A,N/A,N/A,N/A,N/A,N/A,1,kworker/u2,I (idle),victim2.bnsdq.ozxfs.bomyo.kvugl,0.01345047384501117
1759250065,38808,38767,N/A,N/A,N/A,N/A,N/A,N/A,N/A,N/A,5492736,5492736,577536,135168,180224,1,sleep,S (sleeping),victim2.bnsdq.ozxfs.bomyo.kvugl,0.0
1759250065,38809,38766,N/A,N/A,N/A,N/A,N/A,N/A,N/A,N/A,5492736,5492736,516096,135168,180224,1,sleep,S (sleeping),victim2.bnsdq.ozxfs.bomyo.kvugl,0.0
1759250065,35060,2,N/A,N/A,N/A,N/A,N/A,N/A,N/A,N/A,N/A,N/A,N/A,N/A,N/A,1,kworker/u2,I (idle),victim2.bnsdq.ozxfs.bomyo.kvugl,0.0068402210335620686
1759250065,38763,1,N/A,N/A,N/A,N/A,N/A,N/A,N/A,N/A,6979584,6979584,3276800,135168,278528,1,bash,S (sleeping),victim2.bnsdq.ozxfs.bomyo.kvugl,0.0
1759250065,38807,38763,N/A,N/A,N/A,N/A,N/A,N/A,N/A,N/A,5492736,5492736,577536,135168,180224,1,sleep,S (sleeping),victim2.bnsdq.ozxfs.bomyo.kvugl,0.0
1759250065,35055,1,N/A,N/A,N/A,N/A,N/A,N/A,N/A,N/A,1647706112,1580597248,20557824,135168,82202624,5,discern-interfa,S (sleeping),victim2.bnsdq.ozxfs.bomyo.kvugl,0.0067937285290211044
1759250065,38766,1,N/A,N/A,N/A,N/A,N/A,N/A,N/A,N/A,6979584,6979584,3219456,135168,278528,1,bash,S (sleeping),victim2.bnsdq.ozxfs.bomyo.kvugl,0.0
1759250065,34926,2,N/A,N/A,N/A,N/A,N/A,N/A,N/A,N/A,N/A,N/A,N/A,N/A,N/A,1,kworker/u2,I (idle),victim2.bnsdq.ozxfs.bomyo.kvugl,0.0
1759250065,34949,2,N/A,N/A,N/A,N/A,N/A,N/A,N/A,N/A,N/A,N/A,N/A,N/A,N/A,1,kworker/u2,I (idle),victim2.bnsdq.ozxfs.bomyo.kvugl,0.0
1759250065,38133,2,N/A,N/A,N/A,N/A,N/A,N/A,N/A,N/A,N/A,N/A,N/A,N/A,N/A,1,kworker/0,I (idle),victim2.bnsdq.ozxfs.bomyo.kvugl,0.03610741179428817
1759250065,38806,38759,N/A,N/A,N/A,N/A,N/A,N/A,N/A,N/A,5492736,5492736,581632,135168,180224,1,sleep,S (sleeping),victim2.bnsdq.ozxfs.bomyo.kvugl,0.0
1759250070,35277,2,N/A,N/A,N/A,N/A,N/A,N/A,N/A,N/A,N/A,N/A,N/A,N/A,N/A,1,kworker/u2,I (idle),victim2.bnsdq.ozxfs.bomyo.kvugl,0.0
1759250070,38133,2,N/A,N/A,N/A,N/A,N/A,N/A,N/A,N/A,N/A,N/A,N/A,N/A,N/A,1,kworker/0,I (idle),victim2.bnsdq.ozxfs.bomyo.kvugl,0.033082061874207404
1759250070,35055,1,N/A,N/A,N/A,N/A,N/A,N/A,N/A,N/A,1647706112,1580597248,20557824,135168,82202624,5,discern-interfa,S (sleeping),victim2.bnsdq.ozxfs.bomyo.kvugl,0.006678776084195887
1759250070,35060,2,N/A,N/A,N/A,N/A,N/A,N/A,N/A,N/A,N/A,N/A,N/A,N/A,N/A,1,kworker/u2,I (idle),victim2.bnsdq.ozxfs.bomyo.kvugl,0.006723675507623416
1759250070,34949,2,N/A,N/A,N/A,N/A,N/A,N/A,N/A,N/A,N/A,N/A,N/A,N/A,N/A,1,kworker/u2,I (idle),victim2.bnsdq.ozxfs.bomyo.kvugl,0.0
1759250070,34926,2,N/A,N/A,N/A,N/A,N/A,N/A,N/A,N/A,N/A,N/A,N/A,N/A,N/A,1,kworker/u2,I (idle),victim2.bnsdq.ozxfs.bomyo.kvugl,0.0
1759250070,34982,2,N/A,N/A,N/A,N/A,N/A,N/A,N/A,N/A,N/A,N/A,N/A,N/A,N/A,1,kworker/u2,I (idle),victim2.bnsdq.ozxfs.bomyo.kvugl,0.013225012362587402
1759250070,38834,1,101,101,101,101,102,102,102,102,16568320,16560128,7229440,135168,622592,1,systemd-network,S (sleeping),victim2.bnsdq.ozxfs.bomyo.kvugl,0.6730210700290248
1759250075,35055,1,N/A,N/A,N/A,N/A,N/A,N/A,N/A,N/A,1647706112,1580597248,20557824,135168,82202624,5,discern-interfa,S (sleeping),victim2.bnsdq.ozxfs.bomyo.kvugl,0.006568458862772744
1759250075,38878,1,N/A,N/A,N/A,N/A,N/A,N/A,N/A,N/A,6979584,6979584,3313664,135168,278528,1,bash,S (sleeping),victim2.bnsdq.ozxfs.bomyo.kvugl,0.0
1759250075,34949,2,N/A,N/A,N/A,N/A,N/A,N/A,N/A,N/A,N/A,N/A,N/A,N/A,N/A,1,kworker/u2,I (idle),victim2.bnsdq.ozxfs.bomyo.kvugl,0.0
1759250075,38884,1,N/A,N/A,N/A,N/A,N/A,N/A,N/A,N/A,6979584,6979584,3219456,135168,278528,1,bash,S (sleeping),victim2.bnsdq.ozxfs.bomyo.kvugl,0.0
1759250075,38898,1,101,101,101,101,102,102,102,102,16568320,16560128,7417856,135168,622592,1,systemd-network,S (sleeping),victim2.bnsdq.ozxfs.bomyo.kvugl,0.5468065392374575
1759250075,38930,38877,N/A,N/A,N/A,N/A,N/A,N/A,N/A,N/A,5492736,5492736,516096,135168,180224,1,sleep,S (sleeping),victim2.bnsdq.ozxfs.bomyo.kvugl,0.0
1759250075,38888,1,N/A,N/A,N/A,N/A,N/A,N/A,N/A,N/A,6979584,6979584,3239936,135168,278528,1,bash,S (sleeping),victim2.bnsdq.ozxfs.bomyo.kvugl,0.0
1759250075,38882,1,N/A,N/A,N/A,N/A,N/A,N/A,N/A,N/A,6979584,6979584,3334144,135168,278528,1,bash,S (sleeping),victim2.bnsdq.ozxfs.bomyo.kvugl,0.0
1759250075,34982,2,N/A,N/A,N/A,N/A,N/A,N/A,N/A,N/A,N/A,N/A,N/A,N/A,N/A,1,kworker/u2,I (idle),victim2.bnsdq.ozxfs.bomyo.kvugl,0.013008601871816234
1759250075,35060,2,N/A,N/A,N/A,N/A,N/A,N/A,N/A,N/A,N/A,N/A,N/A,N/A,N/A,1,kworker/u2,I (idle),victim2.bnsdq.ozxfs.bomyo.kvugl,0.006611807151235407
1759250075,38938,38878,N/A,N/A,N/A,N/A,N/A,N/A,N/A,N/A,5492736,5492736,585728,135168,180224,1,sleep,S (sleeping),victim2.bnsdq.ozxfs.bomyo.kvugl,0.0
1759250075,38133,2,N/A,N/A,N/A,N/A,N/A,N/A,N/A,N/A,N/A,N/A,N/A,N/A,N/A,1,kworker/0,I (idle),victim2.bnsdq.ozxfs.bomyo.kvugl,0.030539092882850706
1759250075,38937,38888,N/A,N/A,N/A,N/A,N/A,N/A,N/A,N/A,5492736,5492736,516096,135168,180224,1,sleep,S (sleeping),victim2.bnsdq.ozxfs.bomyo.kvugl,0.0
1759250075,35277,2,N/A,N/A,N/A,N/A,N/A,N/A,N/A,N/A,N/A,N/A,N/A,N/A,N/A,1,kworker/u2,I (idle),victim2.bnsdq.ozxfs.bomyo.kvugl,0.0
1759250075,38876,1,N/A,N/A,N/A,N/A,N/A,N/A,N/A,N/A,728137728,728137728,7860224,135168,105218048,4,foundryc,S (sleeping),victim2.bnsdq.ozxfs.bomyo.kvugl,0.0
1759250075,38877,1,N/A,N/A,N/A,N/A,N/A,N/A,N/A,N/A,6979584,6979584,3239936,135168,278528,1,bash,S (sleeping),victim2.bnsdq.ozxfs.bomyo.kvugl,0.0
1759250075,38936,38882,N/A,N/A,N/A,N/A,N/A,N/A,N/A,N/A,5492736,5492736,581632,135168,180224,1,sleep,S (sleeping),victim2.bnsdq.ozxfs.bomyo.kvugl,0.0
1759250075,34926,2,N/A,N/A,N/A,N/A,N/A,N/A,N/A,N/A,N/A,N/A,N/A,N/A,N/A,1,kworker/u2,I (idle),victim2.bnsdq.ozxfs.bomyo.kvugl,0.0
1759250075,38935,38884,N/A,N/A,N/A,N/A,N/A,N/A,N/A,N/A,5492736,5492736,516096,135168,180224,1,sleep,S (sleeping),victim2.bnsdq.ozxfs.bomyo.kvugl,0.0
1759250080,39014,39002,N/A,N/A,N/A,N/A,N/A,N/A,N/A,N/A,5492736,5492736,520192,135168,180224,1,sleep,S (sleeping),victim2.bnsdq.ozxfs.bomyo.kvugl,0.0
1759250080,39016,39006,N/A,N/A,N/A,N/A,N/A,N/A,N/A,N/A,5492736,5492736,581632,135168,180224,1,sleep,S (sleeping),victim2.bnsdq.ozxfs.bomyo.kvugl,0.0
1759250080,39002,1,N/A,N/A,N/A,N/A,N/A,N/A,N/A,N/A,6979584,6979584,3313664,135168,278528,1,bash,S (sleeping),victim2.bnsdq.ozxfs.bomyo.kvugl,0.0
1759250080,39015,38998,N/A,N/A,N/A,N/A,N/A,N/A,N/A,N/A,5492736,5492736,577536,135168,180224,1,sleep,S (sleeping),victim2.bnsdq.ozxfs.bomyo.kvugl,0.0
1759250080,38133,2,N/A,N/A,N/A,N/A,N/A,N/A,N/A,N/A,N/A,N/A,N/A,N/A,N/A,1,kworker/0,I (idle),victim2.bnsdq.ozxfs.bomyo.kvugl,0.0425205718820989
1759250080,39012,38996,N/A,N/A,N/A,N/A,N/A,N/A,N/A,N/A,5492736,5492736,516096,135168,180224,1,sleep,S (sleeping),victim2.bnsdq.ozxfs.bomyo.kvugl,0.0
1759250080,39006,1,N/A,N/A,N/A,N/A,N/A,N/A,N/A,N/A,6979584,6979584,3375104,135168,278528,1,bash,S (sleeping),victim2.bnsdq.ozxfs.bomyo.kvugl,0.0
1759250080,34926,2,N/A,N/A,N/A,N/A,N/A,N/A,N/A,N/A,N/A,N/A,N/A,N/A,N/A,1,kworker/u2,I (idle),victim2.bnsdq.ozxfs.bomyo.kvugl,0.0
1759250080,38996,1,N/A,N/A,N/A,N/A,N/A,N/A,N/A,N/A,6979584,6979584,3190784,135168,278528,1,bash,S (sleeping),victim2.bnsdq.ozxfs.bomyo.kvugl,0.0
1759250080,34949,2,N/A,N/A,N/A,N/A,N/A,N/A,N/A,N/A,N/A,N/A,N/A,N/A,N/A,1,kworker/u2,I (idle),victim2.bnsdq.ozxfs.bomyo.kvugl,0.0
1759250080,35277,2,N/A,N/A,N/A,N/A,N/A,N/A,N/A,N/A,N/A,N/A,N/A,N/A,N/A,1,kworker/u2,I (idle),victim2.bnsdq.ozxfs.bomyo.kvugl,0.0
1759250080,38997,1,N/A,N/A,N/A,N/A,N/A,N/A,N/A,N/A,6979584,6979584,3203072,135168,278528,1,bash,S (sleeping),victim2.bnsdq.ozxfs.bomyo.kvugl,0.0
1759250080,39013,38997,N/A,N/A,N/A,N/A,N/A,N/A,N/A,N/A,5492736,5492736,585728,135168,180224,1,sleep,S (sleeping),victim2.bnsdq.ozxfs.bomyo.kvugl,0.0
1759250080,34982,2,N/A,N/A,N/A,N/A,N/A,N/A,N/A,N/A,N/A,N/A,N/A,N/A,N/A,1,kworker/u2,I (idle),victim2.bnsdq.ozxfs.bomyo.kvugl,0.01279767716503905
1759250080,38995,1,N/A,N/A,N/A,N/A,N/A,N/A,N/A,N/A,728137728,728137728,7860224,135168,105218048,4,foundryc,S (sleeping),victim2.bnsdq.ozxfs.bomyo.kvugl,0.0
1759250080,35055,1,N/A,N/A,N/A,N/A,N/A,N/A,N/A,N/A,1647706112,1580597248,20557824,135168,82202624,5,discern-interfa,S (sleeping),victim2.bnsdq.ozxfs.bomyo.kvugl,0.006460839048141609
1759250080,35060,2,N/A,N/A,N/A,N/A,N/A,N/A,N/A,N/A,N/A,N/A,N/A,N/A,N/A,1,kworker/u2,I (idle),victim2.bnsdq.ozxfs.bomyo.kvugl,0.00650284704109491
1759250080,39017,1,101,101,101,101,102,102,102,102,16568320,16560128,7372800,135168,622592,1,systemd-network,S (sleeping),victim2.bnsdq.ozxfs.bomyo.kvugl,1.2837713595660039
1759250080,38998,1,N/A,N/A,N/A,N/A,N/A,N/A,N/A,N/A,6979584,6979584,3198976,135168,278528,1,bash,S (sleeping),victim2.bnsdq.ozxfs.bomyo.kvugl,0.0
1759250085,34949,2,N/A,N/A,N/A,N/A,N/A,N/A,N/A,N/A,N/A,N/A,N/A,N/A,N/A,1,kworker/u2,I (idle),victim2.bnsdq.ozxfs.bomyo.kvugl,0.0
1759250085,39074,1,101,101,101,101,102,102,102,102,16568320,16560128,7426048,135168,622592,1,systemd-network,S (sleeping),victim2.bnsdq.ozxfs.bomyo.kvugl,1.8494769373749163
1759250085,39006,1,N/A,N/A,N/A,N/A,N/A,N/A,N/A,N/A,6979584,6979584,3403776,135168,278528,1,bash,S (sleeping),victim2.bnsdq.ozxfs.bomyo.kvugl,0.0
1759250085,38133,2,N/A,N/A,N/A,N/A,N/A,N/A,N/A,N/A,N/A,N/A,N/A,N/A,N/A,1,kworker/0,I (idle),victim2.bnsdq.ozxfs.bomyo.kvugl,0.03967072875784935
1759250085,39092,202,N/A,N/A,N/A,N/A,N/A,N/A,N/A,N/A,23040000,21975040,3940352,135168,724992,1,systemd-udevd,S (sleeping),victim2.bnsdq.ozxfs.bomyo.kvugl,0.0
1759250085,39080,39006,N/A,N/A,N/A,N/A,N/A,N/A,N/A,N/A,5492736,5492736,512000,135168,180224,1,sleep,S (sleeping),victim2.bnsdq.ozxfs.bomyo.kvugl,0.0
1759250085,34926,2,N/A,N/A,N/A,N/A,N/A,N/A,N/A,N/A,N/A,N/A,N/A,N/A,N/A,1,kworker/u2,I (idle),victim2.bnsdq.ozxfs.bomyo.kvugl,0.0
1759250085,35055,1,N/A,N/A,N/A,N/A,N/A,N/A,N/A,N/A,1647706112,1580597248,20557824,135168,82202624,5,discern-interfa,S (sleeping),victim2.bnsdq.ozxfs.bomyo.kvugl,0.006356798847170256
1759250085,38997,1,N/A,N/A,N/A,N/A,N/A,N/A,N/A,N/A,6979584,6979584,3211264,135168,278528,1,bash,S (sleeping),victim2.bnsdq.ozxfs.bomyo.kvugl,0.0
1759250085,38996,1,N/A,N/A,N/A,N/A,N/A,N/A,N/A,N/A,6979584,6979584,3264512,135168,278528,1,bash,S (sleeping),victim2.bnsdq.ozxfs.bomyo.kvugl,0.0
1759250085,38998,1,N/A,N/A,N/A,N/A,N/A,N/A,N/A,N/A,6979584,6979584,3207168,135168,278528,1,bash,S (sleeping),victim2.bnsdq.ozxfs.bomyo.kvugl,0.0
1759250085,39081,38998,N/A,N/A,N/A,N/A,N/A,N/A,N/A,N/A,5492736,5492736,516096,135168,180224,1,sleep,S (sleeping),victim2.bnsdq.ozxfs.bomyo.kvugl,0.0
1759250085,34982,2,N/A,N/A,N/A,N/A,N/A,N/A,N/A,N/A,N/A,N/A,N/A,N/A,N/A,1,kworker/u2,I (idle),victim2.bnsdq.ozxfs.bomyo.kvugl,0.012593454883155759
1759250085,35060,2,N/A,N/A,N/A,N/A,N/A,N/A,N/A,N/A,N/A,N/A,N/A,N/A,N/A,1,kworker/u2,I (idle),victim2.bnsdq.ozxfs.bomyo.kvugl,0.00639742903027076
1759250085,39062,38997,N/A,N/A,N/A,N/A,N/A,N/A,N/A,N/A,5492736,5492736,577536,135168,180224,1,sleep,S (sleeping),victim2.bnsdq.ozxfs.bomyo.kvugl,0.0
1759250085,35277,2,N/A,N/A,N/A,N/A,N/A,N/A,N/A,N/A,N/A,N/A,N/A,N/A,N/A,1,kworker/u2,I (idle),victim2.bnsdq.ozxfs.bomyo.kvugl,0.0
1759250085,39082,39002,N/A,N/A,N/A,N/A,N/A,N/A,N/A,N/A,5492736,5492736,581632,135168,180224,1,sleep,S (sleeping),victim2.bnsdq.ozxfs.bomyo.kvugl,0.0
1759250085,39079,38996,N/A,N/A,N/A,N/A,N/A,N/A,N/A,N/A,5492736,5492736,585728,135168,180224,1,sleep,S (sleeping),victim2.bnsdq.ozxfs.bomyo.kvugl,0.0
1759250085,39002,1,N/A,N/A,N/A,N/A,N/A,N/A,N/A,N/A,6979584,6979584,3321856,135168,278528,1,bash,S (sleeping),victim2.bnsdq.ozxfs.bomyo.kvugl,0.0
1759250090,34926,2,N/A,N/A,N/A,N/A,N/A,N/A,N/A,N/A,N/A,N/A,N/A,N/A,N/A,1,kworker/u2,I (idle),victim2.bnsdq.ozxfs.bomyo.kvugl,0.0
1759250090,39144,39123,N/A,N/A,N/A,N/A,N/A,N/A,N/A,N/A,5492736,5492736,577536,135168,180224,1,sleep,S (sleeping),victim2.bnsdq.ozxfs.bomyo.kvugl,0.0
1759250090,39123,1,N/A,N/A,N/A,N/A,N/A,N/A,N/A,N/A,6979584,6979584,3325952,135168,278528,1,bash,S (sleeping),victim2.bnsdq.ozxfs.bomyo.kvugl,0.0
1759250090,39135,1,101,101,101,101,102,102,102,102,16568320,16560128,7241728,135168,622592,1,systemd-network,S (sleeping),victim2.bnsdq.ozxfs.bomyo.kvugl,1.184728153219821
1759250090,39139,39114,N/A,N/A,N/A,N/A,N/A,N/A,N/A,N/A,5492736,5492736,577536,135168,180224,1,sleep,S (sleeping),victim2.bnsdq.ozxfs.bomyo.kvugl,0.0
1759250090,39118,1,N/A,N/A,N/A,N/A,N/A,N/A,N/A,N/A,6979584,6979584,3297280,135168,278528,1,bash,S (sleeping),victim2.bnsdq.ozxfs.bomyo.kvugl,0.0
1759250090,39121,1,N/A,N/A,N/A,N/A,N/A,N/A,N/A,N/A,6979584,6979584,3284992,135168,278528,1,bash,S (sleeping),victim2.bnsdq.ozxfs.bomyo.kvugl,0.0
1759250090,39126,1,N/A,N/A,N/A,N/A,N/A,N/A,N/A,N/A,6979584,6979584,3293184,135168,278528,1,bash,S (sleeping),victim2.bnsdq.ozxfs.bomyo.kvugl,0.0
1759250090,39142,39118,N/A,N/A,N/A,N/A,N/A,N/A,N/A,N/A,5492736,5492736,516096,135168,180224,1,sleep,S (sleeping),victim2.bnsdq.ozxfs.bomyo.kvugl,0.0
1759250090,38133,2,N/A,N/A,N/A,N/A,N/A,N/A,N/A,N/A,N/A,N/A,N/A,N/A,N/A,1,kworker/0,I (idle),victim2.bnsdq.ozxfs.bomyo.kvugl,0.037179593374892406
1759250090,35060,2,N/A,N/A,N/A,N/A,N/A,N/A,N/A,N/A,N/A,N/A,N/A,N/A,N/A,1,kworker/u2,I (idle),victim2.bnsdq.ozxfs.bomyo.kvugl,0.006295452597781443
1759250090,39145,39126,N/A,N/A,N/A,N/A,N/A,N/A,N/A,N/A,5492736,5492736,577536,135168,180224,1,sleep,S (sleeping),victim2.bnsdq.ozxfs.bomyo.kvugl,0.0
1759250090,35277,2,N/A,N/A,N/A,N/A,N/A,N/A,N/A,N/A,N/A,N/A,N/A,N/A,N/A,1,kworker/u2,I (idle),victim2.bnsdq.ozxfs.bomyo.kvugl,0.0
1759250090,34982,2,N/A,N/A,N/A,N/A,N/A,N/A,N/A,N/A,N/A,N/A,N/A,N/A,N/A,1,kworker/u2,I (idle),victim2.bnsdq.ozxfs.bomyo.kvugl,0.012395789093897693
1759250090,35055,1,N/A,N/A,N/A,N/A,N/A,N/A,N/A,N/A,1647706112,1580597248,20557824,135168,82202624,5,discern-interfa,S (sleeping),victim2.bnsdq.ozxfs.bomyo.kvugl,0.0062560516601964065
1759250090,39113,1,N/A,N/A,N/A,N/A,N/A,N/A,N/A,N/A,728137728,728137728,7856128,135168,105218048,4,foundryc,S (sleeping),victim2.bnsdq.ozxfs.bomyo.kvugl,0.0
1759250090,34949,2,N/A,N/A,N/A,N/A,N/A,N/A,N/A,N/A,N/A,N/A,N/A,N/A,N/A,1,kworker/u2,I (idle),victim2.bnsdq.ozxfs.bomyo.kvugl,0.0
1759250090,39114,1,N/A,N/A,N/A,N/A,N/A,N/A,N/A,N/A,6979584,6979584,3317760,135168,278528,1,bash,S (sleeping),victim2.bnsdq.ozxfs.bomyo.kvugl,0.0
1759250090,39143,39121,N/A,N/A,N/A,N/A,N/A,N/A,N/A,N/A,5492736,5492736,516096,135168,180224,1,sleep,S (sleeping),victim2.bnsdq.ozxfs.bomyo.kvugl,0.0
1759250095,35060,2,N/A,N/A,N/A,N/A,N/A,N/A,N/A,N/A,N/A,N/A,N/A,N/A,N/A,1,kworker/u2,D (disk sleep),victim2.bnsdq.ozxfs.bomyo.kvugl,0.009295017610684993
1759250095,39210,202,N/A,N/A,N/A,N/A,N/A,N/A,N/A,N/A,23040000,21975040,3940352,135168,724992,1,systemd-udevd,S (sleeping),victim2.bnsdq.ozxfs.bomyo.kvugl,0.0
1759250095,34949,2,N/A,N/A,N/A,N/A,N/A,N/A,N/A,N/A,N/A,N/A,N/A,N/A,N/A,1,kworker/u2,I (idle),victim2.bnsdq.ozxfs.bomyo.kvugl,0.0
1759250095,34926,2,N/A,N/A,N/A,N/A,N/A,N/A,N/A,N/A,N/A,N/A,N/A,N/A,N/A,1,kworker/u2,I (idle),victim2.bnsdq.ozxfs.bomyo.kvugl,0.0
1759250095,39200,1,101,101,101,101,102,102,102,102,16568320,16560128,7467008,135168,622592,1,systemd-network,S (sleeping),victim2.bnsdq.ozxfs.bomyo.kvugl,1.140083739971561
1759250095,35277,2,N/A,N/A,N/A,N/A,N/A,N/A,N/A,N/A,N/A,N/A,N/A,N/A,N/A,1,kworker/u2,I (idle),victim2.bnsdq.ozxfs.bomyo.kvugl,0.0
1759250095,34982,2,N/A,N/A,N/A,N/A,N/A,N/A,N/A,N/A,N/A,N/A,N/A,N/A,N/A,1,kworker/u2,I (idle),victim2.bnsdq.ozxfs.bomyo.kvugl,0.012204246368615255
1759250095,35055,1,N/A,N/A,N/A,N/A,N/A,N/A,N/A,N/A,1647706112,1580597248,20557824,135168,82202624,5,discern-interfa,S (sleeping),victim2.bnsdq.ozxfs.bomyo.kvugl,0.006158488304238507
1759250095,38133,2,N/A,N/A,N/A,N/A,N/A,N/A,N/A,N/A,N/A,N/A,N/A,N/A,N/A,1,kworker/0,I (idle),victim2.bnsdq.ozxfs.bomyo.kvugl,0.03498328381400416
1759250100,35055,1,N/A,N/A,N/A,N/A,N/A,N/A,N/A,N/A,1647706112,1580597248,20557824,135168,82202624,5,discern-interfa,S (sleeping),victim2.bnsdq.ozxfs.bomyo.kvugl,0.006064492231406853
1759250100,39261,39242,N/A,N/A,N/A,N/A,N/A,N/A,N/A,N/A,5492736,5492736,581632,135168,180224,1,sleep,S (sleeping),victim2.bnsdq.ozxfs.bomyo.kvugl,0.0
1759250100,39262,39239,N/A,N/A,N/A,N/A,N/A,N/A,N/A,N/A,5492736,5492736,585728,135168,180224,1,sleep,S (sleeping),victim2.bnsdq.ozxfs.bomyo.kvugl,0.0
1759250100,38133,2,N/A,N/A,N/A,N/A,N/A,N/A,N/A,N/A,N/A,N/A,N/A,N/A,N/A,1,kworker/0,I (idle),victim2.bnsdq.ozxfs.bomyo.kvugl,0.033043590863121454
1759250100,34949,2,N/A,N/A,N/A,N/A,N/A,N/A,N/A,N/A,N/A,N/A,N/A,N/A,N/A,1,kworker/u2,I (idle),victim2.bnsdq.ozxfs.bomyo.kvugl,0.0
1759250100,35060,2,N/A,N/A,N/A,N/A,N/A,N/A,N/A,N/A,N/A,N/A,N/A,N/A,N/A,1,kworker/u2,I (idle),victim2.bnsdq.ozxfs.bomyo.kvugl,0.009152213433538225
1759250100,39232,1,N/A,N/A,N/A,N/A,N/A,N/A,N/A,N/A,728137728,728137728,10072064,135168,105218048,4,foundryc,S (sleeping),victim2.bnsdq.ozxfs.bomyo.kvugl,0.0
1759250100,39260,39233,N/A,N/A,N/A,N/A,N/A,N/A,N/A,N/A,5492736,5492736,512000,135168,180224,1,sleep,S (sleeping),victim2.bnsdq.ozxfs.bomyo.kvugl,0.0
1759250100,34926,2,N/A,N/A,N/A,N/A,N/A,N/A,N/A,N/A,N/A,N/A,N/A,N/A,N/A,1,kworker/u2,I (idle),victim2.bnsdq.ozxfs.bomyo.kvugl,0.0
1759250100,39234,1,N/A,N/A,N/A,N/A,N/A,N/A,N/A,N/A,6979584,6979584,3268608,135168,278528,1,bash,S (sleeping),victim2.bnsdq.ozxfs.bomyo.kvugl,0.0
1759250100,39242,1,N/A,N/A,N/A,N/A,N/A,N/A,N/A,N/A,6979584,6979584,3289088,135168,278528,1,bash,S (sleeping),victim2.bnsdq.ozxfs.bomyo.kvugl,0.0
1759250100,39264,39235,N/A,N/A,N/A,N/A,N/A,N/A,N/A,N/A,5492736,5492736,512000,135168,180224,1,sleep,S (sleeping),victim2.bnsdq.ozxfs.bomyo.kvugl,0.0
1759250100,39235,1,N/A,N/A,N/A,N/A,N/A,N/A,N/A,N/A,6979584,6979584,3338240,135168,278528,1,bash,S (sleeping),victim2.bnsdq.ozxfs.bomyo.kvugl,0.0
1759250100,39239,1,N/A,N/A,N/A,N/A,N/A,N/A,N/A,N/A,6979584,6979584,3313664,135168,278528,1,bash,S (sleeping),victim2.bnsdq.ozxfs.bomyo.kvugl,0.0
1759250100,34982,2,N/A,N/A,N/A,N/A,N/A,N/A,N/A,N/A,N/A,N/A,N/A,N/A,N/A,1,kworker/u2,I (idle),victim2.bnsdq.ozxfs.bomyo.kvugl,0.012019522623248523
1759250100,39233,1,N/A,N/A,N/A,N/A,N/A,N/A,N/A,N/A,6979584,6979584,3239936,135168,278528,1,bash,S (sleeping),victim2.bnsdq.ozxfs.bomyo.kvugl,0.0
1759250100,35277,2,N/A,N/A,N/A,N/A,N/A,N/A,N/A,N/A,N/A,N/A,N/A,N/A,N/A,1,kworker/u2,I (idle),victim2.bnsdq.ozxfs.bomyo.kvugl,0.0
1759250100,39254,1,101,101,101,101,102,102,102,102,16568320,16560128,7278592,135168,622592,1,systemd-network,S (sleeping),victim2.bnsdq.ozxfs.bomyo.kvugl,1.0741846757221634
1759250100,39263,39234,N/A,N/A,N/A,N/A,N/A,N/A,N/A,N/A,5492736,5492736,581632,135168,180224,1,sleep,S (sleeping),victim2.bnsdq.ozxfs.bomyo.kvugl,0.0
1759250105,39329,202,N/A,N/A,N/A,N/A,N/A,N/A,N/A,N/A,23040000,21975040,3940352,135168,724992,1,systemd-udevd,S (sleeping),victim2.bnsdq.ozxfs.bomyo.kvugl,0.0
1759250105,38133,2,N/A,N/A,N/A,N/A,N/A,N/A,N/A,N/A,N/A,N/A,N/A,N/A,N/A,1,kworker/0,I (idle),victim2.bnsdq.ozxfs.bomyo.kvugl,0.04172839933681578
1759250105,34949,2,N/A,N/A,N/A,N/A,N/A,N/A,N/A,N/A,N/A,N/A,N/A,N/A,N/A,1,kworker/u2,I (idle),victim2.bnsdq.ozxfs.bomyo.kvugl,0.0
1759250105,34926,2,N/A,N/A,N/A,N/A,N/A,N/A,N/A,N/A,N/A,N/A,N/A,N/A,N/A,1,kworker/u2,I (idle),victim2.bnsdq.ozxfs.bomyo.kvugl,0.0
1759250105,35277,2,N/A,N/A,N/A,N/A,N/A,N/A,N/A,N/A,N/A,N/A,N/A,N/A,N/A,1,kworker/u2,I (idle),victim2.bnsdq.ozxfs.bomyo.kvugl,0.0
1759250105,35060,2,N/A,N/A,N/A,N/A,N/A,N/A,N/A,N/A,N/A,N/A,N/A,N/A,N/A,1,kworker/u2,I (idle),victim2.bnsdq.ozxfs.bomyo.kvugl,0.00901280056605216
1759250105,39319,1,101,101,101,101,102,102,102,102,16568320,16560128,7393280,135168,622592,1,systemd-network,S (sleeping),victim2.bnsdq.ozxfs.bomyo.kvugl,0.6992329326276109
1759250105,35055,1,N/A,N/A,N/A,N/A,N/A,N/A,N/A,N/A,1647706112,1580597248,20557824,135168,82202624,5,discern-interfa,S (sleeping),victim2.bnsdq.ozxfs.bomyo.kvugl,0.00597263406717073
1759250105,34982,2,N/A,N/A,N/A,N/A,N/A,N/A,N/A,N/A,N/A,N/A,N/A,N/A,N/A,1,kworker/u2,I (idle),victim2.bnsdq.ozxfs.bomyo.kvugl,0.01183919022496884
1759250110,39352,1,N/A,N/A,N/A,N/A,N/A,N/A,N/A,N/A,6979584,6979584,3407872,135168,278528,1,bash,S (sleeping),victim2.bnsdq.ozxfs.bomyo.kvugl,0.0
1759250110,39363,1,N/A,N/A,N/A,N/A,N/A,N/A,N/A,N/A,6979584,6979584,3158016,135168,278528,1,bash,S (sleeping),victim2.bnsdq.ozxfs.bomyo.kvugl,0.0
1759250110,39358,1,N/A,N/A,N/A,N/A,N/A,N/A,N/A,N/A,6979584,6979584,3309568,135168,278528,1,bash,S (sleeping),victim2.bnsdq.ozxfs.bomyo.kvugl,0.0
1759250110,39385,39353,N/A,N/A,N/A,N/A,N/A,N/A,N/A,N/A,5492736,5492736,516096,135168,180224,1,sleep,S (sleeping),victim2.bnsdq.ozxfs.bomyo.kvugl,0.0
1759250110,39392,39356,N/A,N/A,N/A,N/A,N/A,N/A,N/A,N/A,5492736,5492736,577536,135168,180224,1,sleep,S (sleeping),victim2.bnsdq.ozxfs.bomyo.kvugl,0.0
1759250110,39373,1,101,101,101,101,102,102,102,102,16568320,16560128,7467008,135168,622592,1,systemd-network,S (sleeping),victim2.bnsdq.ozxfs.bomyo.kvugl,0.5135694229294949
1759250110,39356,1,N/A,N/A,N/A,N/A,N/A,N/A,N/A,N/A,6979584,6979584,3211264,135168,278528,1,bash,S (sleeping),victim2.bnsdq.ozxfs.bomyo.kvugl,0.0
1759250110,34982,2,N/A,N/A,N/A,N/A,N/A,N/A,N/A,N/A,N/A,N/A,N/A,N/A,N/A,1,kworker/u2,I (idle),victim2.bnsdq.ozxfs.bomyo.kvugl,0.011665381327187162
1759250110,39390,39358,N/A,N/A,N/A,N/A,N/A,N/A,N/A,N/A,5492736,5492736,520192,135168,180224,1,sleep,S (sleeping),victim2.bnsdq.ozxfs.bomyo.kvugl,0.0
1759250110,39391,39363,N/A,N/A,N/A,N/A,N/A,N/A,N/A,N/A,5492736,5492736,512000,135168,180224,1,sleep,S (sleeping),victim2.bnsdq.ozxfs.bomyo.kvugl,0.0
1759250110,39351,1,N/A,N/A,N/A,N/A,N/A,N/A,N/A,N/A,728137728,728137728,7856128,135168,105218048,4,foundryc,S (sleeping),victim2.bnsdq.ozxfs.bomyo.kvugl,0.0
1759250110,38133,2,N/A,N/A,N/A,N/A,N/A,N/A,N/A,N/A,N/A,N/A,N/A,N/A,N/A,1,kworker/0,I (idle),victim2.bnsdq.ozxfs.bomyo.kvugl,0.039644731767102426
1759250110,35060,2,N/A,N/A,N/A,N/A,N/A,N/A,N/A,N/A,N/A,N/A,N/A,N/A,N/A,1,kworker/u2,I (idle),victim2.bnsdq.ozxfs.bomyo.kvugl,0.008878451859398652
1759250110,39393,39352,N/A,N/A,N/A,N/A,N/A,N/A,N/A,N/A,5492736,5492736,577536,135168,180224,1,sleep,S (sleeping),victim2.bnsdq.ozxfs.bomyo.kvugl,0.0
1759250110,35055,1,N/A,N/A,N/A,N/A,N/A,N/A,N/A,N/A,1647706112,1580597248,20557824,135168,82202624,5,discern-interfa,S (sleeping),victim2.bnsdq.ozxfs.bomyo.kvugl,0.005884127295816697
1759250110,39353,1,N/A,N/A,N/A,N/A,N/A,N/A,N/A,N/A,6979584,6979584,3239936,135168,278528,1,bash,S (sleeping),victim2.bnsdq.ozxfs.bomyo.kvugl,0.0
1759250110,34949,2,N/A,N/A,N/A,N/A,N/A,N/A,N/A,N/A,N/A,N/A,N/A,N/A,N/A,1,kworker/u2,I (idle),victim2.bnsdq.ozxfs.bomyo.kvugl,0.0
1759250110,34926,2,N/A,N/A,N/A,N/A,N/A,N/A,N/A,N/A,N/A,N/A,N/A,N/A,N/A,1,kworker/u2,I (idle),victim2.bnsdq.ozxfs.bomyo.kvugl,0.0
1759250110,35277,2,N/A,N/A,N/A,N/A,N/A,N/A,N/A,N/A,N/A,N/A,N/A,N/A,N/A,1,kworker/u2,I (idle),victim2.bnsdq.ozxfs.bomyo.kvugl,0.0
1759250115,39438,1,101,101,101,101,102,102,102,102,16568320,16560128,7323648,135168,622592,1,systemd-network,S (sleeping),victim2.bnsdq.ozxfs.bomyo.kvugl,0.5050418990600235
1759250115,39448,202,N/A,N/A,N/A,N/A,N/A,N/A,N/A,N/A,23040000,21975040,3940352,135168,724992,1,systemd-udevd,S (sleeping),victim2.bnsdq.ozxfs.bomyo.kvugl,0.0
1759250115,34982,2,N/A,N/A,N/A,N/A,N/A,N/A,N/A,N/A,N/A,N/A,N/A,N/A,N/A,1,kworker/u2,I (idle),victim2.bnsdq.ozxfs.bomyo.kvugl,0.0114955520289733
1759250115,35277,2,N/A,N/A,N/A,N/A,N/A,N/A,N/A,N/A,N/A,N/A,N/A,N/A,N/A,1,kworker/u2,I (idle),victim2.bnsdq.ozxfs.bomyo.kvugl,0.0
1759250115,38133,2,N/A,N/A,N/A,N/A,N/A,N/A,N/A,N/A,N/A,N/A,N/A,N/A,N/A,1,kworker/0,I (idle),victim2.bnsdq.ozxfs.bomyo.kvugl,0.03774965757079882
1759250115,35055,1,N/A,N/A,N/A,N/A,N/A,N/A,N/A,N/A,1647706112,1580597248,20557824,135168,82202624,5,discern-interfa,S (sleeping),victim2.bnsdq.ozxfs.bomyo.kvugl,0.00579774780665222
1759250115,35060,2,N/A,N/A,N/A,N/A,N/A,N/A,N/A,N/A,N/A,N/A,N/A,N/A,N/A,1,kworker/u2,I (idle),victim2.bnsdq.ozxfs.bomyo.kvugl,0.0087473297118217
1759250120,39471,1,N/A,N/A,N/A,N/A,N/A,N/A,N/A,N/A,728137728,728137728,7860224,135168,105218048,4,foundryc,S (sleeping),victim2.bnsdq.ozxfs.bomyo.kvugl,0.0
1759250120,39493,1,101,101,101,101,102,102,102,102,16568320,16560128,7491584,135168,622592,1,systemd-network,S (sleeping),victim2.bnsdq.ozxfs.bomyo.kvugl,0.40092322555672755
1759250121,35060,2,N/A,N/A,N/A,N/A,N/A,N/A,N/A,N/A,N/A,N/A,N/A,N/A,N/A,1,kworker/u2,I (idle),victim2.bnsdq.ozxfs.bomyo.kvugl,0.008620969504798766
1759250121,39520,39479,N/A,N/A,N/A,N/A,N/A,N/A,N/A,N/A,5492736,5492736,516096,135168,180224,1,sleep,S (sleeping),victim2.bnsdq.ozxfs.bomyo.kvugl,0.0
1759250121,39523,39478,N/A,N/A,N/A,N/A,N/A,N/A,N/A,N/A,5492736,5492736,512000,135168,180224,1,sleep,S (sleeping),victim2.bnsdq.ozxfs.bomyo.kvugl,0.0
1759250121,38133,2,N/A,N/A,N/A,N/A,N/A,N/A,N/A,N/A,N/A,N/A,N/A,N/A,N/A,1,kworker/0,I (idle),victim2.bnsdq.ozxfs.bomyo.kvugl,0.036039497752199556
1759250121,39521,39477,N/A,N/A,N/A,N/A,N/A,N/A,N/A,N/A,5492736,5492736,577536,135168,180224,1,sleep,S (sleeping),victim2.bnsdq.ozxfs.bomyo.kvugl,0.0
1759250121,35277,2,N/A,N/A,N/A,N/A,N/A,N/A,N/A,N/A,N/A,N/A,N/A,N/A,N/A,1,kworker/u2,I (idle),victim2.bnsdq.ozxfs.bomyo.kvugl,0.0
1759250121,39473,1,N/A,N/A,N/A,N/A,N/A,N/A,N/A,N/A,6979584,6979584,3338240,135168,278528,1,bash,S (sleeping),victim2.bnsdq.ozxfs.bomyo.kvugl,0.0
1759250121,39522,39472,N/A,N/A,N/A,N/A,N/A,N/A,N/A,N/A,5492736,5492736,581632,135168,180224,1,sleep,S (sleeping),victim2.bnsdq.ozxfs.bomyo.kvugl,0.0
1759250121,39478,1,N/A,N/A,N/A,N/A,N/A,N/A,N/A,N/A,6979584,6979584,3153920,135168,278528,1,bash,S (sleeping),victim2.bnsdq.ozxfs.bomyo.kvugl,0.0
1759250121,35055,1,N/A,N/A,N/A,N/A,N/A,N/A,N/A,N/A,1647706112,1580597248,20557824,135168,82202624,5,discern-interfa,S (sleeping),victim2.bnsdq.ozxfs.bomyo.kvugl,0.005714437431652561
1759250121,39479,1,N/A,N/A,N/A,N/A,N/A,N/A,N/A,N/A,6979584,6979584,3149824,135168,278528,1,bash,S (sleeping),victim2.bnsdq.ozxfs.bomyo.kvugl,0.0
1759250121,34982,2,N/A,N/A,N/A,N/A,N/A,N/A,N/A,N/A,N/A,N/A,N/A,N/A,N/A,1,kworker/u2,I (idle),victim2.bnsdq.ozxfs.bomyo.kvugl,0.011331724357338962
1759250121,39515,39473,N/A,N/A,N/A,N/A,N/A,N/A,N/A,N/A,5492736,5492736,581632,135168,180224,1,sleep,S (sleeping),victim2.bnsdq.ozxfs.bomyo.kvugl,0.0
1759250121,39472,1,N/A,N/A,N/A,N/A,N/A,N/A,N/A,N/A,6979584,6979584,3211264,135168,278528,1,bash,S (sleeping),victim2.bnsdq.ozxfs.bomyo.kvugl,0.0
1759250121,39477,1,N/A,N/A,N/A,N/A,N/A,N/A,N/A,N/A,6979584,6979584,3313664,135168,278528,1,bash,S (sleeping),victim2.bnsdq.ozxfs.bomyo.kvugl,0.0
1759250126,34982,2,N/A,N/A,N/A,N/A,N/A,N/A,N/A,N/A,N/A,N/A,N/A,N/A,N/A,1,kworker/u2,I (idle),victim2.bnsdq.ozxfs.bomyo.kvugl,0.01117146218137716
1759250126,39554,1,101,101,101,101,102,102,102,102,16568320,16560128,7217152,135168,622592,1,systemd-network,S (sleeping),victim2.bnsdq.ozxfs.bomyo.kvugl,0.5934100030622191
1759250126,38133,2,N/A,N/A,N/A,N/A,N/A,N/A,N/A,N/A,N/A,N/A,N/A,N/A,N/A,1,kworker/0,I (idle),victim2.bnsdq.ozxfs.bomyo.kvugl,0.03446617386625673
1759250126,35060,2,N/A,N/A,N/A,N/A,N/A,N/A,N/A,N/A,N/A,N/A,N/A,N/A,N/A,1,kworker/u2,I (idle),victim2.bnsdq.ozxfs.bomyo.kvugl,0.01416205597531357
1759250126,35055,1,N/A,N/A,N/A,N/A,N/A,N/A,N/A,N/A,1647706112,1580597248,20557824,135168,82202624,5,discern-interfa,S (sleeping),victim2.bnsdq.ozxfs.bomyo.kvugl,0.005632907970189938
1759250126,39555,2,N/A,N/A,N/A,N/A,N/A,N/A,N/A,N/A,N/A,N/A,N/A,N/A,N/A,1,kworker/0,I (idle),victim2.bnsdq.ozxfs.bomyo.kvugl,0.0
1759250126,39569,202,N/A,N/A,N/A,N/A,N/A,N/A,N/A,N/A,23040000,21975040,3936256,135168,724992,1,systemd-udevd,S (sleeping),victim2.bnsdq.ozxfs.bomyo.kvugl,0.0
1759250126,35277,2,N/A,N/A,N/A,N/A,N/A,N/A,N/A,N/A,N/A,N/A,N/A,N/A,N/A,1,kworker/u2,I (idle),victim2.bnsdq.ozxfs.bomyo.kvugl,0.0
1759250131,39591,1,N/A,N/A,N/A,N/A,N/A,N/A,N/A,N/A,6979584,6979584,3203072,135168,278528,1,bash,S (sleeping),victim2.bnsdq.ozxfs.bomyo.kvugl,0.0
1759250131,39646,39591,N/A,N/A,N/A,N/A,N/A,N/A,N/A,N/A,5492736,5492736,516096,135168,180224,1,sleep,S (sleeping),victim2.bnsdq.ozxfs.bomyo.kvugl,0.0
1759250131,39555,2,N/A,N/A,N/A,N/A,N/A,N/A,N/A,N/A,N/A,N/A,N/A,N/A,N/A,1,kworker/0,I (idle),victim2.bnsdq.ozxfs.bomyo.kvugl,0.0
1759250131,39605,1,N/A,N/A,N/A,N/A,N/A,N/A,N/A,N/A,6979584,6979584,3338240,135168,278528,1,bash,S (sleeping),victim2.bnsdq.ozxfs.bomyo.kvugl,0.0
1759250131,35055,1,N/A,N/A,N/A,N/A,N/A,N/A,N/A,N/A,1647706112,1580597248,20557824,135168,82202624,5,discern-interfa,S (sleeping),victim2.bnsdq.ozxfs.bomyo.kvugl,0.005554183782782035
1759250131,38133,2,N/A,N/A,N/A,N/A,N/A,N/A,N/A,N/A,N/A,N/A,N/A,N/A,N/A,1,kworker/0,I (idle),victim2.bnsdq.ozxfs.bomyo.kvugl,0.033033525388974576
1759250131,39645,39592,N/A,N/A,N/A,N/A,N/A,N/A,N/A,N/A,5492736,5492736,516096,135168,180224,1,sleep,S (sleeping),victim2.bnsdq.ozxfs.bomyo.kvugl,0.0
1759250131,39652,39603,N/A,N/A,N/A,N/A,N/A,N/A,N/A,N/A,5492736,5492736,581632,135168,180224,1,sleep,S (sleeping),victim2.bnsdq.ozxfs.bomyo.kvugl,0.0
1759250131,39603,1,N/A,N/A,N/A,N/A,N/A,N/A,N/A,N/A,6979584,6979584,3264512,135168,278528,1,bash,S (sleeping),victim2.bnsdq.ozxfs.bomyo.kvugl,0.0
1759250131,34982,2,N/A,N/A,N/A,N/A,N/A,N/A,N/A,N/A,N/A,N/A,N/A,N/A,N/A,1,kworker/u2,I (idle),victim2.bnsdq.ozxfs.bomyo.kvugl,0.011016553542285968
1759250131,39648,39604,N/A,N/A,N/A,N/A,N/A,N/A,N/A,N/A,5492736,5492736,581632,135168,180224,1,sleep,S (sleeping),victim2.bnsdq.ozxfs.bomyo.kvugl,0.0
1759250131,35277,2,N/A,N/A,N/A,N/A,N/A,N/A,N/A,N/A,N/A,N/A,N/A,N/A,N/A,1,kworker/u2,I (idle),victim2.bnsdq.ozxfs.bomyo.kvugl,0.0
1759250131,39590,1,N/A,N/A,N/A,N/A,N/A,N/A,N/A,N/A,728137728,728137728,7856128,135168,105218048,4,foundryc,S (sleeping),victim2.bnsdq.ozxfs.bomyo.kvugl,0.0
1759250131,39592,1,N/A,N/A,N/A,N/A,N/A,N/A,N/A,N/A,6979584,6979584,3198976,135168,278528,1,bash,S (sleeping),victim2.bnsdq.ozxfs.bomyo.kvugl,0.0
1759250131,39651,39605,N/A,N/A,N/A,N/A,N/A,N/A,N/A,N/A,5492736,5492736,512000,135168,180224,1,sleep,S (sleeping),victim2.bnsdq.ozxfs.bomyo.kvugl,0.0
1759250131,35060,2,N/A,N/A,N/A,N/A,N/A,N/A,N/A,N/A,N/A,N/A,N/A,N/A,N/A,1,kworker/u2,I (idle),victim2.bnsdq.ozxfs.bomyo.kvugl,0.013962907765985829
1759250131,39604,1,N/A,N/A,N/A,N/A,N/A,N/A,N/A,N/A,6979584,6979584,3272704,135168,278528,1,bash,S (sleeping),victim2.bnsdq.ozxfs.bomyo.kvugl,0.0
1759250131,39612,1,101,101,101,101,102,102,102,102,16568320,16560128,7368704,135168,622592,1,systemd-network,S (sleeping),victim2.bnsdq.ozxfs.bomyo.kvugl,0.3927580016620081
1759250136,35277,2,N/A,N/A,N/A,N/A,N/A,N/A,N/A,N/A,N/A,N/A,N/A,N/A,N/A,1,kworker/u2,I (idle),victim2.bnsdq.ozxfs.bomyo.kvugl,0.0
1759250136,38133,2,N/A,N/A,N/A,N/A,N/A,N/A,N/A,N/A,N/A,N/A,N/A,N/A,N/A,1,kworker/0,I (idle),victim2.bnsdq.ozxfs.bomyo.kvugl,0.031707336021552075
1759250136,34982,2,N/A,N/A,N/A,N/A,N/A,N/A,N/A,N/A,N/A,N/A,N/A,N/A,N/A,1,kworker/u2,I (idle),victim2.bnsdq.ozxfs.bomyo.kvugl,0.010865019668536608
1759250136,39710,1,N/A,N/A,N/A,N/A,N/A,N/A,N/A,N/A,6979584,6979584,3252224,135168,278528,1,bash,S (sleeping),victim2.bnsdq.ozxfs.bomyo.kvugl,0.0
1759250136,39714,1,N/A,N/A,N/A,N/A,N/A,N/A,N/A,N/A,6979584,6979584,3248128,135168,278528,1,bash,S (sleeping),victim2.bnsdq.ozxfs.bomyo.kvugl,0.0
1759250136,39730,1,101,101,101,101,102,102,102,102,16568320,16560128,7417856,135168,622592,1,systemd-network,S (sleeping),victim2.bnsdq.ozxfs.bomyo.kvugl,1.7320221496119277
1759250136,39726,39710,N/A,N/A,N/A,N/A,N/A,N/A,N/A,N/A,5492736,5492736,577536,135168,180224,1,sleep,S (sleeping),victim2.bnsdq.ozxfs.bomyo.kvugl,0.0
1759250136,39727,39714,N/A,N/A,N/A,N/A,N/A,N/A,N/A,N/A,5492736,5492736,512000,135168,180224,1,sleep,S (sleeping),victim2.bnsdq.ozxfs.bomyo.kvugl,0.0
1759250136,39729,39718,N/A,N/A,N/A,N/A,N/A,N/A,N/A,N/A,5492736,5492736,516096,135168,180224,1,sleep,S (sleeping),victim2.bnsdq.ozxfs.bomyo.kvugl,0.0
1759250136,39709,1,N/A,N/A,N/A,N/A,N/A,N/A,N/A,N/A,6979584,6979584,3338240,135168,278528,1,bash,S (sleeping),victim2.bnsdq.ozxfs.bomyo.kvugl,0.0
1759250136,39708,1,N/A,N/A,N/A,N/A,N/A,N/A,N/A,N/A,728137728,728137728,7856128,135168,105218048,4,foundryc,S (sleeping),victim2.bnsdq.ozxfs.bomyo.kvugl,0.0
1759250136,35060,2,N/A,N/A,N/A,N/A,N/A,N/A,N/A,N/A,N/A,N/A,N/A,N/A,N/A,1,kworker/u2,I (idle),victim2.bnsdq.ozxfs.bomyo.kvugl,0.013768165052301513
1759250136,39728,39716,N/A,N/A,N/A,N/A,N/A,N/A,N/A,N/A,5492736,5492736,577536,135168,180224,1,sleep,S (sleeping),victim2.bnsdq.ozxfs.bomyo.kvugl,0.0
1759250136,39716,1,N/A,N/A,N/A,N/A,N/A,N/A,N/A,N/A,6979584,6979584,3190784,135168,278528,1,bash,S (sleeping),victim2.bnsdq.ozxfs.bomyo.kvugl,0.0
1759250136,39555,2,N/A,N/A,N/A,N/A,N/A,N/A,N/A,N/A,N/A,N/A,N/A,N/A,N/A,1,kworker/0,I (idle),victim2.bnsdq.ozxfs.bomyo.kvugl,0.0
1759250136,39718,1,N/A,N/A,N/A,N/A,N/A,N/A,N/A,N/A,6979584,6979584,3211264,135168,278528,1,bash,S (sleeping),victim2.bnsdq.ozxfs.bomyo.kvugl,0.0
1759250136,35055,1,N/A,N/A,N/A,N/A,N/A,N/A,N/A,N/A,1647706112,1580597248,20557824,135168,82202624,5,discern-interfa,S (sleeping),victim2.bnsdq.ozxfs.bomyo.kvugl,0.005477079549476541
1759250136,39725,39709,N/A,N/A,N/A,N/A,N/A,N/A,N/A,N/A,5492736,5492736,516096,135168,180224,1,sleep,S (sleeping),victim2.bnsdq.ozxfs.bomyo.kvugl,0.0
1759250141,35060,2,N/A,N/A,N/A,N/A,N/A,N/A,N/A,N/A,N/A,N/A,N/A,N/A,N/A,1,kworker/u2,I (idle),victim2.bnsdq.ozxfs.bomyo.kvugl,0.01357888392258875
1759250141,39710,1,N/A,N/A,N/A,N/A,N/A,N/A,N/A,N/A,6979584,6979584,3256320,135168,278528,1,bash,S (sleeping),victim2.bnsdq.ozxfs.bomyo.kvugl,0.0
1759250141,39714,1,N/A,N/A,N/A,N/A,N/A,N/A,N/A,N/A,6979584,6979584,3268608,135168,278528,1,bash,S (sleeping),victim2.bnsdq.ozxfs.bomyo.kvugl,0.0
1759250141,39716,1,N/A,N/A,N/A,N/A,N/A,N/A,N/A,N/A,6979584,6979584,3198976,135168,278528,1,bash,S (sleeping),victim2.bnsdq.ozxfs.bomyo.kvugl,0.0
1759250141,39777,39716,N/A,N/A,N/A,N/A,N/A,N/A,N/A,N/A,5492736,5492736,520192,135168,180224,1,sleep,S (sleeping),victim2.bnsdq.ozxfs.bomyo.kvugl,0.0
1759250141,39773,39709,N/A,N/A,N/A,N/A,N/A,N/A,N/A,N/A,5492736,5492736,516096,135168,180224,1,sleep,S (sleeping),victim2.bnsdq.ozxfs.bomyo.kvugl,0.0
1759250141,39787,39714,N/A,N/A,N/A,N/A,N/A,N/A,N/A,N/A,5492736,5492736,577536,135168,180224,1,sleep,S (sleeping),victim2.bnsdq.ozxfs.bomyo.kvugl,0.0
1759250141,39718,1,N/A,N/A,N/A,N/A,N/A,N/A,N/A,N/A,6979584,6979584,3215360,135168,278528,1,bash,S (sleeping),victim2.bnsdq.ozxfs.bomyo.kvugl,0.0
1759250141,39806,202,N/A,N/A,N/A,N/A,N/A,N/A,N/A,N/A,23040000,21975040,3940352,135168,724992,1,systemd-udevd,S (sleeping),victim2.bnsdq.ozxfs.bomyo.kvugl,0.0
1759250141,39709,1,N/A,N/A,N/A,N/A,N/A,N/A,N/A,N/A,6979584,6979584,3362816,135168,278528,1,bash,S (sleeping),victim2.bnsdq.ozxfs.bomyo.kvugl,0.0
1759250141,39783,39710,N/A,N/A,N/A,N/A,N/A,N/A,N/A,N/A,5492736,5492736,581632,135168,180224,1,sleep,S (sleeping),victim2.bnsdq.ozxfs.bomyo.kvugl,0.0
1759250141,39796,1,101,101,101,101,102,102,102,102,16568320,16560128,7385088,135168,622592,1,systemd-network,S (sleeping),victim2.bnsdq.ozxfs.bomyo.kvugl,1.6377841104938715
1759250141,39786,39718,N/A,N/A,N/A,N/A,N/A,N/A,N/A,N/A,5492736,5492736,577536,135168,180224,1,sleep,S (sleeping),victim2.bnsdq.ozxfs.bomyo.kvugl,0.0
1759250141,34982,2,N/A,N/A,N/A,N/A,N/A,N/A,N/A,N/A,N/A,N/A,N/A,N/A,N/A,1,kworker/u2,I (idle),victim2.bnsdq.ozxfs.bomyo.kvugl,0.01071749355718682
1759250141,35277,2,N/A,N/A,N/A,N/A,N/A,N/A,N/A,N/A,N/A,N/A,N/A,N/A,N/A,1,kworker/u2,I (idle),victim2.bnsdq.ozxfs.bomyo.kvugl,0.0
1759250141,35055,1,N/A,N/A,N/A,N/A,N/A,N/A,N/A,N/A,1647706112,1580597248,20557824,135168,82202624,5,discern-interfa,S (sleeping),victim2.bnsdq.ozxfs.bomyo.kvugl,0.005402164109144586
1759250141,39555,2,N/A,N/A,N/A,N/A,N/A,N/A,N/A,N/A,N/A,N/A,N/A,N/A,N/A,1,kworker/0,I (idle),victim2.bnsdq.ozxfs.bomyo.kvugl,0.0
1759250141,38133,2,N/A,N/A,N/A,N/A,N/A,N/A,N/A,N/A,N/A,N/A,N/A,N/A,N/A,1,kworker/0,I (idle),victim2.bnsdq.ozxfs.bomyo.kvugl,0.03048260629862877
1759250146,35277,2,N/A,N/A,N/A,N/A,N/A,N/A,N/A,N/A,N/A,N/A,N/A,N/A,N/A,1,kworker/u2,I (idle),victim2.bnsdq.ozxfs.bomyo.kvugl,0.0
1759250146,35060,2,N/A,N/A,N/A,N/A,N/A,N/A,N/A,N/A,N/A,N/A,N/A,N/A,N/A,1,kworker/u2,I (idle),victim2.bnsdq.ozxfs.bomyo.kvugl,0.013394532617929902
1759250146,39855,39829,N/A,N/A,N/A,N/A,N/A,N/A,N/A,N/A,5492736,5492736,512000,135168,180224,1,sleep,S (sleeping),victim2.bnsdq.ozxfs.bomyo.kvugl,0.0
1759250146,39860,39831,N/A,N/A,N/A,N/A,N/A,N/A,N/A,N/A,5492736,5492736,516096,135168,180224,1,sleep,S (sleeping),victim2.bnsdq.ozxfs.bomyo.kvugl,0.0
1759250146,39828,1,N/A,N/A,N/A,N/A,N/A,N/A,N/A,N/A,728137728,728137728,7860224,135168,105218048,4,foundryc,S (sleeping),victim2.bnsdq.ozxfs.bomyo.kvugl,0.0
1759250146,39833,1,N/A,N/A,N/A,N/A,N/A,N/A,N/A,N/A,6979584,6979584,3317760,135168,278528,1,bash,S (sleeping),victim2.bnsdq.ozxfs.bomyo.kvugl,0.0
1759250146,34982,2,N/A,N/A,N/A,N/A,N/A,N/A,N/A,N/A,N/A,N/A,N/A,N/A,N/A,1,kworker/u2,I (idle),victim2.bnsdq.ozxfs.bomyo.kvugl,0.010573962212966005
1759250146,38133,2,N/A,N/A,N/A,N/A,N/A,N/A,N/A,N/A,N/A,N/A,N/A,N/A,N/A,1,kworker/0,I (idle),victim2.bnsdq.ozxfs.bomyo.kvugl,0.029349632875399226
1759250146,39838,1,N/A,N/A,N/A,N/A,N/A,N/A,N/A,N/A,6979584,6979584,3170304,135168,278528,1,bash,S (sleeping),victim2.bnsdq.ozxfs.bomyo.kvugl,0.0
1759250146,39859,39838,N/A,N/A,N/A,N/A,N/A,N/A,N/A,N/A,5492736,5492736,516096,135168,180224,1,sleep,S (sleeping),victim2.bnsdq.ozxfs.bomyo.kvugl,0.0
1759250146,39830,1,N/A,N/A,N/A,N/A,N/A,N/A,N/A,N/A,6979584,6979584,3293184,135168,278528,1,bash,S (sleeping),victim2.bnsdq.ozxfs.bomyo.kvugl,0.0
1759250146,35055,1,N/A,N/A,N/A,N/A,N/A,N/A,N/A,N/A,1647706112,1580597248,20557824,135168,82202624,5,discern-interfa,S (sleeping),victim2.bnsdq.ozxfs.bomyo.kvugl,0.005329229500355524
1759250146,39829,1,N/A,N/A,N/A,N/A,N/A,N/A,N/A,N/A,6979584,6979584,3297280,135168,278528,1,bash,S (sleeping),victim2.bnsdq.ozxfs.bomyo.kvugl,0.0
1759250146,39857,39830,N/A,N/A,N/A,N/A,N/A,N/A,N/A,N/A,5492736,5492736,577536,135168,180224,1,sleep,S (sleeping),victim2.bnsdq.ozxfs.bomyo.kvugl,0.0
1759250146,39850,1,101,101,101,101,102,102,102,102,16568320,16560128,7290880,135168,622592,1,systemd-network,S (sleeping),victim2.bnsdq.ozxfs.bomyo.kvugl,0.873587016407316
1759250146,39831,1,N/A,N/A,N/A,N/A,N/A,N/A,N/A,N/A,6979584,6979584,3305472,135168,278528,1,bash,S (sleeping),victim2.bnsdq.ozxfs.bomyo.kvugl,0.0
1759250146,39858,39833,N/A,N/A,N/A,N/A,N/A,N/A,N/A,N/A,5492736,5492736,516096,135168,180224,1,sleep,S (sleeping),victim2.bnsdq.ozxfs.bomyo.kvugl,0.0
1759250146,39555,2,N/A,N/A,N/A,N/A,N/A,N/A,N/A,N/A,N/A,N/A,N/A,N/A,N/A,1,kworker/0,I (idle),victim2.bnsdq.ozxfs.bomyo.kvugl,0.0
1759250151,35055,1,N/A,N/A,N/A,N/A,N/A,N/A,N/A,N/A,1647706112,1580597248,20557824,135168,82202624,5,discern-interfa,S (sleeping),victim2.bnsdq.ozxfs.bomyo.kvugl,0.005258241330454833
1759250151,35277,2,N/A,N/A,N/A,N/A,N/A,N/A,N/A,N/A,N/A,N/A,N/A,N/A,N/A,1,kworker/u2,I (idle),victim2.bnsdq.ozxfs.bomyo.kvugl,0.0
1759250151,39555,2,N/A,N/A,N/A,N/A,N/A,N/A,N/A,N/A,N/A,N/A,N/A,N/A,N/A,1,kworker/0,I (idle),victim2.bnsdq.ozxfs.bomyo.kvugl,0.0
1759250151,38133,2,N/A,N/A,N/A,N/A,N/A,N/A,N/A,N/A,N/A,N/A,N/A,N/A,N/A,1,kworker/0,I (idle),victim2.bnsdq.ozxfs.bomyo.kvugl,0.028297365915109746
1759250151,39925,202,N/A,N/A,N/A,N/A,N/A,N/A,N/A,N/A,23040000,21975040,3944448,135168,724992,1,systemd-udevd,S (sleeping),victim2.bnsdq.ozxfs.bomyo.kvugl,0.0
1759250151,35060,2,N/A,N/A,N/A,N/A,N/A,N/A,N/A,N/A,N/A,N/A,N/A,N/A,N/A,1,kworker/u2,I (idle),victim2.bnsdq.ozxfs.bomyo.kvugl,0.013215055746477944
1759250151,39915,1,101,101,101,101,102,102,102,102,16568320,16560128,7385088,135168,622592,1,systemd-network,S (sleeping),victim2.bnsdq.ozxfs.bomyo.kvugl,0.8487013079017168
1759250151,34982,2,N/A,N/A,N/A,N/A,N/A,N/A,N/A,N/A,N/A,N/A,N/A,N/A,N/A,1,kworker/u2,I (idle),victim2.bnsdq.ozxfs.bomyo.kvugl,0.01043414521974515
1759250156,39555,2,N/A,N/A,N/A,N/A,N/A,N/A,N/A,N/A,N/A,N/A,N/A,N/A,N/A,1,kworker/0,I (idle),victim2.bnsdq.ozxfs.bomyo.kvugl,0.0
1759250156,39949,1,N/A,N/A,N/A,N/A,N/A,N/A,N/A,N/A,6979584,6979584,3158016,135168,278528,1,bash,S (sleeping),victim2.bnsdq.ozxfs.bomyo.kvugl,0.0
1759250156,39975,39950,N/A,N/A,N/A,N/A,N/A,N/A,N/A,N/A,5492736,5492736,585728,135168,180224,1,sleep,S (sleeping),victim2.bnsdq.ozxfs.bomyo.kvugl,0.0
1759250156,35055,1,N/A,N/A,N/A,N/A,N/A,N/A,N/A,N/A,1647706112,1580597248,20557824,135168,82202624,5,discern-interfa,S (sleeping),victim2.bnsdq.ozxfs.bomyo.kvugl,0.005189531812519107
1759250156,35060,2,N/A,N/A,N/A,N/A,N/A,N/A,N/A,N/A,N/A,N/A,N/A,N/A,N/A,1,kworker/u2,I (idle),victim2.bnsdq.ozxfs.bomyo.kvugl,0.013041486079325844
1759250156,39954,1,N/A,N/A,N/A,N/A,N/A,N/A,N/A,N/A,6979584,6979584,3313664,135168,278528,1,bash,S (sleeping),victim2.bnsdq.ozxfs.bomyo.kvugl,0.0
1759250156,39956,1,N/A,N/A,N/A,N/A,N/A,N/A,N/A,N/A,6979584,6979584,3141632,135168,278528,1,bash,S (sleeping),victim2.bnsdq.ozxfs.bomyo.kvugl,0.0
1759250156,39948,1,N/A,N/A,N/A,N/A,N/A,N/A,N/A,N/A,6979584,6979584,3399680,135168,278528,1,bash,S (sleeping),victim2.bnsdq.ozxfs.bomyo.kvugl,0.0
1759250156,34982,2,N/A,N/A,N/A,N/A,N/A,N/A,N/A,N/A,N/A,N/A,N/A,N/A,N/A,1,kworker/u2,I (idle),victim2.bnsdq.ozxfs.bomyo.kvugl,0.010298446245898464
1759250156,35277,2,N/A,N/A,N/A,N/A,N/A,N/A,N/A,N/A,N/A,N/A,N/A,N/A,N/A,1,kworker/u2,I (idle),victim2.bnsdq.ozxfs.bomyo.kvugl,0.0
1759250156,39950,1,N/A,N/A,N/A,N/A,N/A,N/A,N/A,N/A,6979584,6979584,3416064,135168,278528,1,bash,S (sleeping),victim2.bnsdq.ozxfs.bomyo.kvugl,0.0
1759250156,39947,1,N/A,N/A,N/A,N/A,N/A,N/A,N/A,N/A,728137728,728137728,7860224,135168,105218048,4,foundryc,S (sleeping),victim2.bnsdq.ozxfs.bomyo.kvugl,0.0
1759250156,39969,1,101,101,101,101,102,102,102,102,16568320,16560128,7254016,135168,622592,1,systemd-network,S (sleeping),victim2.bnsdq.ozxfs.bomyo.kvugl,0.5858918821948587
1759250156,38133,2,N/A,N/A,N/A,N/A,N/A,N/A,N/A,N/A,N/A,N/A,N/A,N/A,N/A,1,kworker/0,I (idle),victim2.bnsdq.ozxfs.bomyo.kvugl,0.027319555655895774
1759250161,40024,1,101,101,101,101,102,102,102,102,16568320,16560128,7376896,135168,622592,1,systemd-network,S (sleeping),victim2.bnsdq.ozxfs.bomyo.kvugl,0.8669221509170694
1759250161,35277,2,N/A,N/A,N/A,N/A,N/A,N/A,N/A,N/A,N/A,N/A,N/A,N/A,N/A,1,kworker/u2,I (idle),victim2.bnsdq.ozxfs.bomyo.kvugl,0.0
1759250161,35055,1,N/A,N/A,N/A,N/A,N/A,N/A,N/A,N/A,1647706112,1580597248,20557824,135168,82202624,5,discern-interfa,S (sleeping),victim2.bnsdq.ozxfs.bomyo.kvugl,0.005122148779170884
1759250161,40044,202,N/A,N/A,N/A,N/A,N/A,N/A,N/A,N/A,23040000,21975040,3936256,135168,724992,1,systemd-udevd,S (sleeping),victim2.bnsdq.ozxfs.bomyo.kvugl,0.0
1759250161,38133,2,N/A,N/A,N/A,N/A,N/A,N/A,N/A,N/A,N/A,N/A,N/A,N/A,N/A,1,kworker/0,I (idle),victim2.bnsdq.ozxfs.bomyo.kvugl,0.0264093127069237
1759250161,35060,2,N/A,N/A,N/A,N/A,N/A,N/A,N/A,N/A,N/A,N/A,N/A,N/A,N/A,1,kworker/u2,I (idle),victim2.bnsdq.ozxfs.bomyo.kvugl,0.012871272368210436
1759250161,39555,2,N/A,N/A,N/A,N/A,N/A,N/A,N/A,N/A,N/A,N/A,N/A,N/A,N/A,1,kworker/0,I (idle),victim2.bnsdq.ozxfs.bomyo.kvugl,0.0
1759250161,34982,2,N/A,N/A,N/A,N/A,N/A,N/A,N/A,N/A,N/A,N/A,N/A,N/A,N/A,1,kworker/u2,I (idle),victim2.bnsdq.ozxfs.bomyo.kvugl,0.010166152405617496
1759250166,38133,2,N/A,N/A,N/A,N/A,N/A,N/A,N/A,N/A,N/A,N/A,N/A,N/A,N/A,1,kworker/0,I (idle),victim2.bnsdq.ozxfs.bomyo.kvugl,0.025560577522623643
1759250166,40066,1,N/A,N/A,N/A,N/A,N/A,N/A,N/A,N/A,728137728,728137728,7856128,135168,105218048,4,foundryc,S (sleeping),victim2.bnsdq.ozxfs.bomyo.kvugl,0.0
1759250166,40079,1,N/A,N/A,N/A,N/A,N/A,N/A,N/A,N/A,6979584,6979584,3145728,135168,278528,1,bash,S (sleeping),victim2.bnsdq.ozxfs.bomyo.kvugl,0.0
1759250166,40080,1,N/A,N/A,N/A,N/A,N/A,N/A,N/A,N/A,6979584,6979584,3215360,135168,278528,1,bash,S (sleeping),victim2.bnsdq.ozxfs.bomyo.kvugl,0.0
1759250166,40104,40081,N/A,N/A,N/A,N/A,N/A,N/A,N/A,N/A,5492736,5492736,520192,135168,180224,1,sleep,S (sleeping),victim2.bnsdq.ozxfs.bomyo.kvugl,0.0
1759250166,40107,40080,N/A,N/A,N/A,N/A,N/A,N/A,N/A,N/A,5492736,5492736,581632,135168,180224,1,sleep,S (sleeping),victim2.bnsdq.ozxfs.bomyo.kvugl,0.0
1759250166,40108,40079,N/A,N/A,N/A,N/A,N/A,N/A,N/A,N/A,5492736,5492736,512000,135168,180224,1,sleep,S (sleeping),victim2.bnsdq.ozxfs.bomyo.kvugl,0.0
1759250166,35277,2,N/A,N/A,N/A,N/A,N/A,N/A,N/A,N/A,N/A,N/A,N/A,N/A,N/A,1,kworker/u2,I (idle),victim2.bnsdq.ozxfs.bomyo.kvugl,0.0
1759250166,34982,2,N/A,N/A,N/A,N/A,N/A,N/A,N/A,N/A,N/A,N/A,N/A,N/A,N/A,1,kworker/u2,I (idle),victim2.bnsdq.ozxfs.bomyo.kvugl,0.010037807041445286
1759250166,40067,1,N/A,N/A,N/A,N/A,N/A,N/A,N/A,N/A,6979584,6979584,3280896,135168,278528,1,bash,S (sleeping),victim2.bnsdq.ozxfs.bomyo.kvugl,0.0
1759250166,40081,1,N/A,N/A,N/A,N/A,N/A,N/A,N/A,N/A,6979584,6979584,3244032,135168,278528,1,bash,S (sleeping),victim2.bnsdq.ozxfs.bomyo.kvugl,0.0
1759250166,40088,1,101,101,101,101,102,102,102,102,16568320,16560128,7303168,135168,622592,1,systemd-network,S (sleeping),victim2.bnsdq.ozxfs.bomyo.kvugl,0.5723537442985311
1759250166,40102,40067,N/A,N/A,N/A,N/A,N/A,N/A,N/A,N/A,5492736,5492736,581632,135168,180224,1,sleep,S (sleeping),victim2.bnsdq.ozxfs.bomyo.kvugl,0.0
1759250166,39555,2,N/A,N/A,N/A,N/A,N/A,N/A,N/A,N/A,N/A,N/A,N/A,N/A,N/A,1,kworker/0,I (idle),victim2.bnsdq.ozxfs.bomyo.kvugl,0.0
1759250166,40068,1,N/A,N/A,N/A,N/A,N/A,N/A,N/A,N/A,6979584,6979584,3268608,135168,278528,1,bash,S (sleeping),victim2.bnsdq.ozxfs.bomyo.kvugl,0.0
1759250166,35055,1,N/A,N/A,N/A,N/A,N/A,N/A,N/A,N/A,1647706112,1580597248,20557824,135168,82202624,5,discern-interfa,S (sleeping),victim2.bnsdq.ozxfs.bomyo.kvugl,0.005056949365040418
1759250166,35060,2,N/A,N/A,N/A,N/A,N/A,N/A,N/A,N/A,N/A,N/A,N/A,N/A,N/A,1,kworker/u2,I (idle),victim2.bnsdq.ozxfs.bomyo.kvugl,0.012706622995068282
1759250166,40101,40068,N/A,N/A,N/A,N/A,N/A,N/A,N/A,N/A,5492736,5492736,577536,135168,180224,1,sleep,S (sleeping),victim2.bnsdq.ozxfs.bomyo.kvugl,0.0
1759250171,40153,1,101,101,101,101,102,102,102,102,16568320,16560128,7360512,135168,622592,1,systemd-network,S (sleeping),victim2.bnsdq.ozxfs.bomyo.kvugl,0.562136437644117
1759250171,39555,2,N/A,N/A,N/A,N/A,N/A,N/A,N/A,N/A,N/A,N/A,N/A,N/A,N/A,1,kworker/0,I (idle),victim2.bnsdq.ozxfs.bomyo.kvugl,0.0
1759250171,34982,2,N/A,N/A,N/A,N/A,N/A,N/A,N/A,N/A,N/A,N/A,N/A,N/A,N/A,1,kworker/u2,I (idle),victim2.bnsdq.ozxfs.bomyo.kvugl,0.009911823830873752
1759250171,35055,1,N/A,N/A,N/A,N/A,N/A,N/A,N/A,N/A,1647706112,1580597248,20557824,135168,82202624,5,discern-interfa,S (sleeping),victim2.bnsdq.ozxfs.bomyo.kvugl,0.004993025227157399
1759250171,35277,2,N/A,N/A,N/A,N/A,N/A,N/A,N/A,N/A,N/A,N/A,N/A,N/A,N/A,1,kworker/u2,I (idle),victim2.bnsdq.ozxfs.bomyo.kvugl,0.0
1759250171,40163,202,N/A,N/A,N/A,N/A,N/A,N/A,N/A,N/A,23040000,21975040,3940352,135168,724992,1,systemd-udevd,S (sleeping),victim2.bnsdq.ozxfs.bomyo.kvugl,0.0
1759250171,35060,2,N/A,N/A,N/A,N/A,N/A,N/A,N/A,N/A,N/A,N/A,N/A,N/A,N/A,1,kworker/u2,I (idle),victim2.bnsdq.ozxfs.bomyo.kvugl,0.01254517402179319
1759250171,38133,2,N/A,N/A,N/A,N/A,N/A,N/A,N/A,N/A,N/A,N/A,N/A,N/A,N/A,1,kworker/0,I (idle),victim2.bnsdq.ozxfs.bomyo.kvugl,0.024758618610608227
1759250176,35277,2,N/A,N/A,N/A,N/A,N/A,N/A,N/A,N/A,N/A,N/A,N/A,N/A,N/A,1,kworker/u2,I (idle),victim2.bnsdq.ozxfs.bomyo.kvugl,0.0
1759250176,40185,1,N/A,N/A,N/A,N/A,N/A,N/A,N/A,N/A,728137728,728137728,7860224,135168,105218048,4,foundryc,S (sleeping),victim2.bnsdq.ozxfs.bomyo.kvugl,0.0
1759250176,40235,40186,N/A,N/A,N/A,N/A,N/A,N/A,N/A,N/A,5492736,5492736,581632,135168,180224,1,sleep,S (sleeping),victim2.bnsdq.ozxfs.bomyo.kvugl,0.0
1759250176,35060,2,N/A,N/A,N/A,N/A,N/A,N/A,N/A,N/A,N/A,N/A,N/A,N/A,N/A,1,kworker/u2,I (idle),victim2.bnsdq.ozxfs.bomyo.kvugl,0.0123888016000732
1759250176,39555,2,N/A,N/A,N/A,N/A,N/A,N/A,N/A,N/A,N/A,N/A,N/A,N/A,N/A,1,kworker/0,I (idle),victim2.bnsdq.ozxfs.bomyo.kvugl,0.0
1759250176,40191,1,N/A,N/A,N/A,N/A,N/A,N/A,N/A,N/A,6979584,6979584,3297280,135168,278528,1,bash,S (sleeping),victim2.bnsdq.ozxfs.bomyo.kvugl,0.0
1759250176,40207,1,101,101,101,101,102,102,102,102,16568320,16560128,7380992,135168,622592,1,systemd-network,S (sleeping),victim2.bnsdq.ozxfs.bomyo.kvugl,0.4356141880365225
1759250176,40237,40188,N/A,N/A,N/A,N/A,N/A,N/A,N/A,N/A,5492736,5492736,577536,135168,180224,1,sleep,S (sleeping),victim2.bnsdq.ozxfs.bomyo.kvugl,0.0
1759250176,40236,40187,N/A,N/A,N/A,N/A,N/A,N/A,N/A,N/A,5492736,5492736,520192,135168,180224,1,sleep,S (sleeping),victim2.bnsdq.ozxfs.bomyo.kvugl,0.0
1759250176,34982,2,N/A,N/A,N/A,N/A,N/A,N/A,N/A,N/A,N/A,N/A,N/A,N/A,N/A,1,kworker/u2,I (idle),victim2.bnsdq.ozxfs.bomyo.kvugl,0.009789713844648228
1759250176,35055,1,N/A,N/A,N/A,N/A,N/A,N/A,N/A,N/A,1647706112,1580597248,20557824,135168,82202624,5,discern-interfa,S (sleeping),victim2.bnsdq.ozxfs.bomyo.kvugl,0.004931058731445592
1759250176,40186,1,N/A,N/A,N/A,N/A,N/A,N/A,N/A,N/A,6979584,6979584,3317760,135168,278528,1,bash,S (sleeping),victim2.bnsdq.ozxfs.bomyo.kvugl,0.0
1759250176,40233,40194,N/A,N/A,N/A,N/A,N/A,N/A,N/A,N/A,5492736,5492736,577536,135168,180224,1,sleep,S (sleeping),victim2.bnsdq.ozxfs.bomyo.kvugl,0.0
1759250176,38133,2,N/A,N/A,N/A,N/A,N/A,N/A,N/A,N/A,N/A,N/A,N/A,N/A,N/A,1,kworker/0,I (idle),victim2.bnsdq.ozxfs.bomyo.kvugl,0.024010576521232938
1759250176,40187,1,N/A,N/A,N/A,N/A,N/A,N/A,N/A,N/A,6979584,6979584,3465216,135168,278528,1,bash,S (sleeping),victim2.bnsdq.ozxfs.bomyo.kvugl,0.0
1759250176,40194,1,N/A,N/A,N/A,N/A,N/A,N/A,N/A,N/A,6979584,6979584,3305472,135168,278528,1,bash,S (sleeping),victim2.bnsdq.ozxfs.bomyo.kvugl,0.0
1759250176,40234,40191,N/A,N/A,N/A,N/A,N/A,N/A,N/A,N/A,5492736,5492736,581632,135168,180224,1,sleep,S (sleeping),victim2.bnsdq.ozxfs.bomyo.kvugl,0.0
1759250176,40188,1,N/A,N/A,N/A,N/A,N/A,N/A,N/A,N/A,6979584,6979584,3379200,135168,278528,1,bash,S (sleeping),victim2.bnsdq.ozxfs.bomyo.kvugl,0.0
1759250181,35055,1,N/A,N/A,N/A,N/A,N/A,N/A,N/A,N/A,1647706112,1580597248,20557824,135168,82202624,5,discern-interfa,S (sleeping),victim2.bnsdq.ozxfs.bomyo.kvugl,0.004870263639755852
1759250181,35060,2,N/A,N/A,N/A,N/A,N/A,N/A,N/A,N/A,N/A,N/A,N/A,N/A,N/A,1,kworker/u2,I (idle),victim2.bnsdq.ozxfs.bomyo.kvugl,0.012235238658386015
1759250181,35277,2,N/A,N/A,N/A,N/A,N/A,N/A,N/A,N/A,N/A,N/A,N/A,N/A,N/A,1,kworker/u2,I (idle),victim2.bnsdq.ozxfs.bomyo.kvugl,0.0
1759250181,40265,1,101,101,101,101,102,102,102,102,16568320,16560128,7311360,135168,622592,1,systemd-network,S (sleeping),victim2.bnsdq.ozxfs.bomyo.kvugl,0.6442910479282733
1759250181,34982,2,N/A,N/A,N/A,N/A,N/A,N/A,N/A,N/A,N/A,N/A,N/A,N/A,N/A,1,kworker/u2,I (idle),victim2.bnsdq.ozxfs.bomyo.kvugl,0.009669857727571913
1759250181,39555,2,N/A,N/A,N/A,N/A,N/A,N/A,N/A,N/A,N/A,N/A,N/A,N/A,N/A,1,kworker/0,I (idle),victim2.bnsdq.ozxfs.bomyo.kvugl,0.0
1759250181,38133,2,N/A,N/A,N/A,N/A,N/A,N/A,N/A,N/A,N/A,N/A,N/A,N/A,N/A,1,kworker/0,I (idle),victim2.bnsdq.ozxfs.bomyo.kvugl,0.023302267064473237
1759250186,40315,1,N/A,N/A,N/A,N/A,N/A,N/A,N/A,N/A,6979584,6979584,3342336,135168,278528,1,bash,S (sleeping),victim2.bnsdq.ozxfs.bomyo.kvugl,0.0
1759250186,40316,1,N/A,N/A,N/A,N/A,N/A,N/A,N/A,N/A,6979584,6979584,3366912,135168,278528,1,bash,S (sleeping),victim2.bnsdq.ozxfs.bomyo.kvugl,0.0
1759250186,40360,40315,N/A,N/A,N/A,N/A,N/A,N/A,N/A,N/A,5492736,5492736,577536,135168,180224,1,sleep,S (sleeping),victim2.bnsdq.ozxfs.bomyo.kvugl,0.0
1759250186,40358,40303,N/A,N/A,N/A,N/A,N/A,N/A,N/A,N/A,5492736,5492736,516096,135168,180224,1,sleep,S (sleeping),victim2.bnsdq.ozxfs.bomyo.kvugl,0.0
1759250186,40364,40318,N/A,N/A,N/A,N/A,N/A,N/A,N/A,N/A,5492736,5492736,581632,135168,180224,1,sleep,S (sleeping),victim2.bnsdq.ozxfs.bomyo.kvugl,0.0
1759250186,35277,2,N/A,N/A,N/A,N/A,N/A,N/A,N/A,N/A,N/A,N/A,N/A,N/A,N/A,1,kworker/u2,I (idle),victim2.bnsdq.ozxfs.bomyo.kvugl,0.0
1759250186,35055,1,N/A,N/A,N/A,N/A,N/A,N/A,N/A,N/A,1647706112,1580597248,20557824,135168,82202624,5,discern-interfa,S (sleeping),victim2.bnsdq.ozxfs.bomyo.kvugl,0.004811270219813244
1759250186,40302,1,N/A,N/A,N/A,N/A,N/A,N/A,N/A,N/A,728137728,728137728,7856128,135168,105218048,4,foundryc,S (sleeping),victim2.bnsdq.ozxfs.bomyo.kvugl,0.0
1759250186,40318,1,N/A,N/A,N/A,N/A,N/A,N/A,N/A,N/A,6979584,6979584,3194880,135168,278528,1,bash,S (sleeping),victim2.bnsdq.ozxfs.bomyo.kvugl,0.0
1759250186,38133,2,N/A,N/A,N/A,N/A,N/A,N/A,N/A,N/A,N/A,N/A,N/A,N/A,N/A,1,kworker/0,I (idle),victim2.bnsdq.ozxfs.bomyo.kvugl,0.022638370876023214
1759250186,34982,2,N/A,N/A,N/A,N/A,N/A,N/A,N/A,N/A,N/A,N/A,N/A,N/A,N/A,1,kworker/u2,I (idle),victim2.bnsdq.ozxfs.bomyo.kvugl,0.009553577681123379
1759250186,39555,2,N/A,N/A,N/A,N/A,N/A,N/A,N/A,N/A,N/A,N/A,N/A,N/A,N/A,1,kworker/0,I (idle),victim2.bnsdq.ozxfs.bomyo.kvugl,0.0
1759250186,40363,40316,N/A,N/A,N/A,N/A,N/A,N/A,N/A,N/A,5492736,5492736,512000,135168,180224,1,sleep,S (sleeping),victim2.bnsdq.ozxfs.bomyo.kvugl,0.0
1759250186,35060,2,N/A,N/A,N/A,N/A,N/A,N/A,N/A,N/A,N/A,N/A,N/A,N/A,N/A,1,kworker/u2,I (idle),victim2.bnsdq.ozxfs.bomyo.kvugl,0.012086291724527859
1759250186,40304,1,N/A,N/A,N/A,N/A,N/A,N/A,N/A,N/A,6979584,6979584,3272704,135168,278528,1,bash,S (sleeping),victim2.bnsdq.ozxfs.bomyo.kvugl,0.0
1759250186,40303,1,N/A,N/A,N/A,N/A,N/A,N/A,N/A,N/A,6979584,6979584,3371008,135168,278528,1,bash,S (sleeping),victim2.bnsdq.ozxfs.bomyo.kvugl,0.0
1759250186,40324,1,101,101,101,101,102,102,102,102,16568320,16560128,7352320,135168,622592,1,systemd-network,S (sleeping),victim2.bnsdq.ozxfs.bomyo.kvugl,0.5270217263849413
1759250186,40357,40304,N/A,N/A,N/A,N/A,N/A,N/A,N/A,N/A,5492736,5492736,585728,135168,180224,1,sleep,S (sleeping),victim2.bnsdq.ozxfs.bomyo.kvugl,0.0
1759250191,35055,1,N/A,N/A,N/A,N/A,N/A,N/A,N/A,N/A,1647706112,1580597248,20557824,135168,82202624,5,discern-interfa,S (sleeping),victim2.bnsdq.ozxfs.bomyo.kvugl,0.004753066940086034
1759250191,39555,2,N/A,N/A,N/A,N/A,N/A,N/A,N/A,N/A,N/A,N/A,N/A,N/A,N/A,1,kworker/0,I (idle),victim2.bnsdq.ozxfs.bomyo.kvugl,0.0
1759250191,38133,2,N/A,N/A,N/A,N/A,N/A,N/A,N/A,N/A,N/A,N/A,N/A,N/A,N/A,1,kworker/0,I (idle),victim2.bnsdq.ozxfs.bomyo.kvugl,0.022004459925913347
1759250191,40429,1,N/A,N/A,N/A,N/A,N/A,N/A,N/A,N/A,6979584,6979584,3227648,135168,278528,1,bash,S (sleeping),victim2.bnsdq.ozxfs.bomyo.kvugl,0.0
1759250191,40442,1,101,101,101,101,102,102,102,102,16568320,16560128,7327744,135168,622592,1,systemd-network,S (sleeping),victim2.bnsdq.ozxfs.bomyo.kvugl,1.1225124186102586
1759250191,40422,1,N/A,N/A,N/A,N/A,N/A,N/A,N/A,N/A,6979584,6979584,3211264,135168,278528,1,bash,S (sleeping),victim2.bnsdq.ozxfs.bomyo.kvugl,0.0
1759250191,40437,40421,N/A,N/A,N/A,N/A,N/A,N/A,N/A,N/A,5492736,5492736,585728,135168,180224,1,sleep,S (sleeping),victim2.bnsdq.ozxfs.bomyo.kvugl,0.0
1759250191,35060,2,N/A,N/A,N/A,N/A,N/A,N/A,N/A,N/A,N/A,N/A,N/A,N/A,N/A,1,kworker/u2,I (idle),victim2.bnsdq.ozxfs.bomyo.kvugl,0.011939379538851108
1759250191,40421,1,N/A,N/A,N/A,N/A,N/A,N/A,N/A,N/A,6979584,6979584,3194880,135168,278528,1,bash,S (sleeping),victim2.bnsdq.ozxfs.bomyo.kvugl,0.0
1759250191,40420,1,N/A,N/A,N/A,N/A,N/A,N/A,N/A,N/A,728137728,728137728,7860224,135168,105218048,4,foundryc,S (sleeping),victim2.bnsdq.ozxfs.bomyo.kvugl,0.0
1759250191,40438,40422,N/A,N/A,N/A,N/A,N/A,N/A,N/A,N/A,5492736,5492736,577536,135168,180224,1,sleep,S (sleeping),victim2.bnsdq.ozxfs.bomyo.kvugl,0.0
1759250191,40439,40423,N/A,N/A,N/A,N/A,N/A,N/A,N/A,N/A,5492736,5492736,581632,135168,180224,1,sleep,S (sleeping),victim2.bnsdq.ozxfs.bomyo.kvugl,0.0
1759250191,40441,40429,N/A,N/A,N/A,N/A,N/A,N/A,N/A,N/A,5492736,5492736,585728,135168,180224,1,sleep,S (sleeping),victim2.bnsdq.ozxfs.bomyo.kvugl,0.0
1759250191,34982,2,N/A,N/A,N/A,N/A,N/A,N/A,N/A,N/A,N/A,N/A,N/A,N/A,N/A,1,kworker/u2,I (idle),victim2.bnsdq.ozxfs.bomyo.kvugl,0.009438777976736755
1759250191,35277,2,N/A,N/A,N/A,N/A,N/A,N/A,N/A,N/A,N/A,N/A,N/A,N/A,N/A,1,kworker/u2,I (idle),victim2.bnsdq.ozxfs.bomyo.kvugl,0.0
1759250191,40423,1,N/A,N/A,N/A,N/A,N/A,N/A,N/A,N/A,6979584,6979584,3252224,135168,278528,1,bash,S (sleeping),victim2.bnsdq.ozxfs.bomyo.kvugl,0.0
1759250191,40440,40426,N/A,N/A,N/A,N/A,N/A,N/A,N/A,N/A,5492736,5492736,581632,135168,180224,1,sleep,S (sleeping),victim2.bnsdq.ozxfs.bomyo.kvugl,0.0
1759250191,40426,1,N/A,N/A,N/A,N/A,N/A,N/A,N/A,N/A,6979584,6979584,3194880,135168,278528,1,bash,S (sleeping),victim2.bnsdq.ozxfs.bomyo.kvugl,0.0
1759250196,40504,40429,N/A,N/A,N/A,N/A,N/A,N/A,N/A,N/A,5492736,5492736,520192,135168,180224,1,sleep,S (sleeping),victim2.bnsdq.ozxfs.bomyo.kvugl,0.0
1759250196,38133,2,N/A,N/A,N/A,N/A,N/A,N/A,N/A,N/A,N/A,N/A,N/A,N/A,N/A,1,kworker/0,I (idle),victim2.bnsdq.ozxfs.bomyo.kvugl,0.0214024968111548
1759250196,39555,2,N/A,N/A,N/A,N/A,N/A,N/A,N/A,N/A,N/A,N/A,N/A,N/A,N/A,1,kworker/0,I (idle),victim2.bnsdq.ozxfs.bomyo.kvugl,0.0
1759250196,40426,1,N/A,N/A,N/A,N/A,N/A,N/A,N/A,N/A,6979584,6979584,3268608,135168,278528,1,bash,S (sleeping),victim2.bnsdq.ozxfs.bomyo.kvugl,0.0
1759250196,40505,40422,N/A,N/A,N/A,N/A,N/A,N/A,N/A,N/A,5492736,5492736,516096,135168,180224,1,sleep,S (sleeping),victim2.bnsdq.ozxfs.bomyo.kvugl,0.0
1759250196,35055,1,N/A,N/A,N/A,N/A,N/A,N/A,N/A,N/A,1647706112,1580597248,20557824,135168,82202624,5,discern-interfa,S (sleeping),victim2.bnsdq.ozxfs.bomyo.kvugl,0.004695989696066603
1759250196,40499,1,101,101,101,101,102,102,102,102,16568320,16560128,7380992,135168,622592,1,systemd-network,S (sleeping),victim2.bnsdq.ozxfs.bomyo.kvugl,1.055068101021762
1759250196,40507,40426,N/A,N/A,N/A,N/A,N/A,N/A,N/A,N/A,5492736,5492736,520192,135168,180224,1,sleep,S (sleeping),victim2.bnsdq.ozxfs.bomyo.kvugl,0.0
1759250196,40421,1,N/A,N/A,N/A,N/A,N/A,N/A,N/A,N/A,6979584,6979584,3276800,135168,278528,1,bash,S (sleeping),victim2.bnsdq.ozxfs.bomyo.kvugl,0.0
1759250196,40517,202,N/A,N/A,N/A,N/A,N/A,N/A,N/A,N/A,23040000,21975040,3936256,135168,724992,1,systemd-udevd,S (sleeping),victim2.bnsdq.ozxfs.bomyo.kvugl,0.0
1759250197,35060,2,N/A,N/A,N/A,N/A,N/A,N/A,N/A,N/A,N/A,N/A,N/A,N/A,N/A,1,kworker/u2,I (idle),victim2.bnsdq.ozxfs.bomyo.kvugl,0.011795312130411255
1759250197,35277,2,N/A,N/A,N/A,N/A,N/A,N/A,N/A,N/A,N/A,N/A,N/A,N/A,N/A,1,kworker/u2,I (idle),victim2.bnsdq.ozxfs.bomyo.kvugl,0.0
1759250197,40500,40423,N/A,N/A,N/A,N/A,N/A,N/A,N/A,N/A,5492736,5492736,577536,135168,180224,1,sleep,S (sleeping),victim2.bnsdq.ozxfs.bomyo.kvugl,0.0
1759250197,34982,2,N/A,N/A,N/A,N/A,N/A,N/A,N/A,N/A,N/A,N/A,N/A,N/A,N/A,1,kworker/u2,I (idle),victim2.bnsdq.ozxfs.bomyo.kvugl,0.009326222378339728
1759250197,40429,1,N/A,N/A,N/A,N/A,N/A,N/A,N/A,N/A,6979584,6979584,3239936,135168,278528,1,bash,S (sleeping),victim2.bnsdq.ozxfs.bomyo.kvugl,0.0
1759250197,40506,40421,N/A,N/A,N/A,N/A,N/A,N/A,N/A,N/A,5492736,5492736,516096,135168,180224,1,sleep,S (sleeping),victim2.bnsdq.ozxfs.bomyo.kvugl,0.0
1759250197,40422,1,N/A,N/A,N/A,N/A,N/A,N/A,N/A,N/A,6979584,6979584,3293184,135168,278528,1,bash,S (sleeping),victim2.bnsdq.ozxfs.bomyo.kvugl,0.0
1759250197,40423,1,N/A,N/A,N/A,N/A,N/A,N/A,N/A,N/A,6979584,6979584,3325952,135168,278528,1,bash,S (sleeping),victim2.bnsdq.ozxfs.bomyo.kvugl,0.0
1759250202,34982,2,N/A,N/A,N/A,N/A,N/A,N/A,N/A,N/A,N/A,N/A,N/A,N/A,N/A,1,kworker/u2,I (idle),victim2.bnsdq.ozxfs.bomyo.kvugl,0.009215529110990776
1759250202,39555,2,N/A,N/A,N/A,N/A,N/A,N/A,N/A,N/A,N/A,N/A,N/A,N/A,N/A,1,kworker/0,I (idle),victim2.bnsdq.ozxfs.bomyo.kvugl,0.0
1759250202,40539,1,N/A,N/A,N/A,N/A,N/A,N/A,N/A,N/A,6979584,6979584,3297280,135168,278528,1,bash,S (sleeping),victim2.bnsdq.ozxfs.bomyo.kvugl,0.0
1759250202,35060,2,N/A,N/A,N/A,N/A,N/A,N/A,N/A,N/A,N/A,N/A,N/A,N/A,N/A,1,kworker/u2,I (idle),victim2.bnsdq.ozxfs.bomyo.kvugl,0.01165363464744326
1759250202,40551,1,N/A,N/A,N/A,N/A,N/A,N/A,N/A,N/A,6979584,6979584,3313664,135168,278528,1,bash,S (sleeping),victim2.bnsdq.ozxfs.bomyo.kvugl,0.0
1759250202,40565,40539,N/A,N/A,N/A,N/A,N/A,N/A,N/A,N/A,5492736,5492736,516096,135168,180224,1,sleep,S (sleeping),victim2.bnsdq.ozxfs.bomyo.kvugl,0.0
1759250202,35277,2,N/A,N/A,N/A,N/A,N/A,N/A,N/A,N/A,N/A,N/A,N/A,N/A,N/A,1,kworker/u2,I (idle),victim2.bnsdq.ozxfs.bomyo.kvugl,0.0
1759250202,40560,1,101,101,101,101,102,102,102,102,16568320,16560128,7479296,135168,622592,1,systemd-network,S (sleeping),victim2.bnsdq.ozxfs.bomyo.kvugl,0.9748645468118812
1759250202,35055,1,N/A,N/A,N/A,N/A,N/A,N/A,N/A,N/A,1647706112,1580597248,20557824,135168,82202624,5,discern-interfa,S (sleeping),victim2.bnsdq.ozxfs.bomyo.kvugl,0.0046398134987098915
1759250202,40569,40551,N/A,N/A,N/A,N/A,N/A,N/A,N/A,N/A,5492736,5492736,577536,135168,180224,1,sleep,S (sleeping),victim2.bnsdq.ozxfs.bomyo.kvugl,0.0
1759250202,40538,1,N/A,N/A,N/A,N/A,N/A,N/A,N/A,N/A,728137728,728137728,7860224,135168,105218048,4,foundryc,S (sleeping),victim2.bnsdq.ozxfs.bomyo.kvugl,0.0
1759250202,40545,1,N/A,N/A,N/A,N/A,N/A,N/A,N/A,N/A,6979584,6979584,3407872,135168,278528,1,bash,S (sleeping),victim2.bnsdq.ozxfs.bomyo.kvugl,0.0
1759250202,40540,1,N/A,N/A,N/A,N/A,N/A,N/A,N/A,N/A,6979584,6979584,3244032,135168,278528,1,bash,S (sleeping),victim2.bnsdq.ozxfs.bomyo.kvugl,0.0
1759250202,38133,2,N/A,N/A,N/A,N/A,N/A,N/A,N/A,N/A,N/A,N/A,N/A,N/A,N/A,1,kworker/0,I (idle),victim2.bnsdq.ozxfs.bomyo.kvugl,0.020827587013791747
1759250202,40567,40548,N/A,N/A,N/A,N/A,N/A,N/A,N/A,N/A,5492736,5492736,577536,135168,180224,1,sleep,S (sleeping),victim2.bnsdq.ozxfs.bomyo.kvugl,0.0
1759250202,40568,40540,N/A,N/A,N/A,N/A,N/A,N/A,N/A,N/A,5492736,5492736,581632,135168,180224,1,sleep,S (sleeping),victim2.bnsdq.ozxfs.bomyo.kvugl,0.0
1759250202,40548,1,N/A,N/A,N/A,N/A,N/A,N/A,N/A,N/A,6979584,6979584,3276800,135168,278528,1,bash,S (sleeping),victim2.bnsdq.ozxfs.bomyo.kvugl,0.0
1759250202,40570,40545,N/A,N/A,N/A,N/A,N/A,N/A,N/A,N/A,5492736,5492736,516096,135168,180224,1,sleep,S (sleeping),victim2.bnsdq.ozxfs.bomyo.kvugl,0.0
1759250207,40625,1,101,101,101,101,102,102,102,102,16568320,16560128,7348224,135168,622592,1,systemd-network,S (sleeping),victim2.bnsdq.ozxfs.bomyo.kvugl,0.9099704820089665
1759250207,35055,1,N/A,N/A,N/A,N/A,N/A,N/A,N/A,N/A,1647706112,1580597248,20557824,135168,82202624,5,discern-interfa,S (sleeping),victim2.bnsdq.ozxfs.bomyo.kvugl,0.00458507263099007
1759250207,35060,2,N/A,N/A,N/A,N/A,N/A,N/A,N/A,N/A,N/A,N/A,N/A,N/A,N/A,1,kworker/u2,I (idle),victim2.bnsdq.ozxfs.bomyo.kvugl,0.011515475602711826
1759250207,35277,2,N/A,N/A,N/A,N/A,N/A,N/A,N/A,N/A,N/A,N/A,N/A,N/A,N/A,1,kworker/u2,I (idle),victim2.bnsdq.ozxfs.bomyo.kvugl,0.0
1759250207,40635,202,N/A,N/A,N/A,N/A,N/A,N/A,N/A,N/A,23040000,21975040,3940352,135168,724992,1,systemd-udevd,S (sleeping),victim2.bnsdq.ozxfs.bomyo.kvugl,0.0
1759250207,38133,2,N/A,N/A,N/A,N/A,N/A,N/A,N/A,N/A,N/A,N/A,N/A,N/A,N/A,1,kworker/0,I (idle),victim2.bnsdq.ozxfs.bomyo.kvugl,0.020284024178676762
1759250207,34982,2,N/A,N/A,N/A,N/A,N/A,N/A,N/A,N/A,N/A,N/A,N/A,N/A,N/A,1,kworker/u2,I (idle),victim2.bnsdq.ozxfs.bomyo.kvugl,0.009107471766435542
1759250207,39555,2,N/A,N/A,N/A,N/A,N/A,N/A,N/A,N/A,N/A,N/A,N/A,N/A,N/A,1,kworker/0,I (idle),victim2.bnsdq.ozxfs.bomyo.kvugl,0.0
1759250212,40696,40666,N/A,N/A,N/A,N/A,N/A,N/A,N/A,N/A,5492736,5492736,577536,135168,180224,1,sleep,S (sleeping),victim2.bnsdq.ozxfs.bomyo.kvugl,0.0
1759250212,34982,2,N/A,N/A,N/A,N/A,N/A,N/A,N/A,N/A,N/A,N/A,N/A,N/A,N/A,1,kworker/u2,I (idle),victim2.bnsdq.ozxfs.bomyo.kvugl,0.009003224367841291
1759250212,40680,1,101,101,101,101,102,102,102,102,16568320,16560128,7225344,135168,622592,1,systemd-network,S (sleeping),victim2.bnsdq.ozxfs.bomyo.kvugl,0.6087312187510302
1759250212,35277,2,N/A,N/A,N/A,N/A,N/A,N/A,N/A,N/A,N/A,N/A,N/A,N/A,N/A,1,kworker/u2,I (idle),victim2.bnsdq.ozxfs.bomyo.kvugl,0.0
1759250212,40659,1,N/A,N/A,N/A,N/A,N/A,N/A,N/A,N/A,6979584,6979584,3313664,135168,278528,1,bash,S (sleeping),victim2.bnsdq.ozxfs.bomyo.kvugl,0.0
1759250212,40666,1,N/A,N/A,N/A,N/A,N/A,N/A,N/A,N/A,6979584,6979584,3272704,135168,278528,1,bash,S (sleeping),victim2.bnsdq.ozxfs.bomyo.kvugl,0.0
1759250212,40697,40662,N/A,N/A,N/A,N/A,N/A,N/A,N/A,N/A,5492736,5492736,512000,135168,180224,1,sleep,S (sleeping),victim2.bnsdq.ozxfs.bomyo.kvugl,0.0
1759250212,38133,2,N/A,N/A,N/A,N/A,N/A,N/A,N/A,N/A,N/A,N/A,N/A,N/A,N/A,1,kworker/0,I (idle),victim2.bnsdq.ozxfs.bomyo.kvugl,0.019773791507528202
1759250212,40658,1,N/A,N/A,N/A,N/A,N/A,N/A,N/A,N/A,728137728,728137728,7856128,135168,105218048,4,foundryc,S (sleeping),victim2.bnsdq.ozxfs.bomyo.kvugl,0.0
1759250212,40700,40660,N/A,N/A,N/A,N/A,N/A,N/A,N/A,N/A,5492736,5492736,581632,135168,180224,1,sleep,S (sleeping),victim2.bnsdq.ozxfs.bomyo.kvugl,0.0
1759250212,40699,40659,N/A,N/A,N/A,N/A,N/A,N/A,N/A,N/A,5492736,5492736,516096,135168,180224,1,sleep,S (sleeping),victim2.bnsdq.ozxfs.bomyo.kvugl,0.0
1759250212,35055,1,N/A,N/A,N/A,N/A,N/A,N/A,N/A,N/A,1647706112,1580597248,20557824,135168,82202624,5,discern-interfa,S (sleeping),victim2.bnsdq.ozxfs.bomyo.kvugl,0.004532176990901032
1759250212,39555,2,N/A,N/A,N/A,N/A,N/A,N/A,N/A,N/A,N/A,N/A,N/A,N/A,N/A,1,kworker/0,I (idle),victim2.bnsdq.ozxfs.bomyo.kvugl,0.0
1759250212,40660,1,N/A,N/A,N/A,N/A,N/A,N/A,N/A,N/A,6979584,6979584,3182592,135168,278528,1,bash,S (sleeping),victim2.bnsdq.ozxfs.bomyo.kvugl,0.0
1759250212,40662,1,N/A,N/A,N/A,N/A,N/A,N/A,N/A,N/A,6979584,6979584,3280896,135168,278528,1,bash,S (sleeping),victim2.bnsdq.ozxfs.bomyo.kvugl,0.0
1759250212,35060,2,N/A,N/A,N/A,N/A,N/A,N/A,N/A,N/A,N/A,N/A,N/A,N/A,N/A,1,kworker/u2,I (idle),victim2.bnsdq.ozxfs.bomyo.kvugl,0.011382002905592716
1759250212,40698,40665,N/A,N/A,N/A,N/A,N/A,N/A,N/A,N/A,5492736,5492736,516096,135168,180224,1,sleep,S (sleeping),victim2.bnsdq.ozxfs.bomyo.kvugl,0.0
1759250212,40665,1,N/A,N/A,N/A,N/A,N/A,N/A,N/A,N/A,6979584,6979584,3338240,135168,278528,1,bash,S (sleeping),victim2.bnsdq.ozxfs.bomyo.kvugl,0.0
1759250217,40755,202,N/A,N/A,N/A,N/A,N/A,N/A,N/A,N/A,23040000,21975040,3944448,135168,724992,1,systemd-udevd,S (sleeping),victim2.bnsdq.ozxfs.bomyo.kvugl,0.0
1759250217,35277,2,N/A,N/A,N/A,N/A,N/A,N/A,N/A,N/A,N/A,N/A,N/A,N/A,N/A,1,kworker/u2,I (idle),victim2.bnsdq.ozxfs.bomyo.kvugl,0.0
1759250217,35055,1,N/A,N/A,N/A,N/A,N/A,N/A,N/A,N/A,1647706112,1580597248,20557824,135168,82202624,5,discern-interfa,S (sleeping),victim2.bnsdq.ozxfs.bomyo.kvugl,0.0044807509816933
1759250217,40735,1,101,101,101,101,102,102,102,102,16568320,16560128,7483392,135168,622592,1,systemd-network,S (sleeping),victim2.bnsdq.ozxfs.bomyo.kvugl,0.8944632202511009
1759250217,39555,2,N/A,N/A,N/A,N/A,N/A,N/A,N/A,N/A,N/A,N/A,N/A,N/A,N/A,1,kworker/0,I (idle),victim2.bnsdq.ozxfs.bomyo.kvugl,0.0
1759250217,35060,2,N/A,N/A,N/A,N/A,N/A,N/A,N/A,N/A,N/A,N/A,N/A,N/A,N/A,1,kworker/u2,I (idle),victim2.bnsdq.ozxfs.bomyo.kvugl,0.011252280888972913
1759250217,38133,2,N/A,N/A,N/A,N/A,N/A,N/A,N/A,N/A,N/A,N/A,N/A,N/A,N/A,1,kworker/0,I (idle),victim2.bnsdq.ozxfs.bomyo.kvugl,0.019290625740737213
1759250217,34982,2,N/A,N/A,N/A,N/A,N/A,N/A,N/A,N/A,N/A,N/A,N/A,N/A,N/A,1,kworker/u2,I (idle),victim2.bnsdq.ozxfs.bomyo.kvugl,0.008901648944690938
1759250222,34982,2,N/A,N/A,N/A,N/A,N/A,N/A,N/A,N/A,N/A,N/A,N/A,N/A,N/A,1,kworker/u2,I (idle),victim2.bnsdq.ozxfs.bomyo.kvugl,0.008803161098962996
1759250222,39555,2,N/A,N/A,N/A,N/A,N/A,N/A,N/A,N/A,N/A,N/A,N/A,N/A,N/A,1,kworker/0,I (idle),victim2.bnsdq.ozxfs.bomyo.kvugl,0.0
1759250222,40789,1,N/A,N/A,N/A,N/A,N/A,N/A,N/A,N/A,6979584,6979584,3280896,135168,278528,1,bash,S (sleeping),victim2.bnsdq.ozxfs.bomyo.kvugl,0.0
1759250222,40822,40789,N/A,N/A,N/A,N/A,N/A,N/A,N/A,N/A,5492736,5492736,577536,135168,180224,1,sleep,S (sleeping),victim2.bnsdq.ozxfs.bomyo.kvugl,0.0
1759250222,40827,40787,N/A,N/A,N/A,N/A,N/A,N/A,N/A,N/A,5492736,5492736,577536,135168,180224,1,sleep,S (sleeping),victim2.bnsdq.ozxfs.bomyo.kvugl,0.0
1759250222,38133,2,N/A,N/A,N/A,N/A,N/A,N/A,N/A,N/A,N/A,N/A,N/A,N/A,N/A,1,kworker/0,I (idle),victim2.bnsdq.ozxfs.bomyo.kvugl,0.018833869909801307
1759250222,40820,40777,N/A,N/A,N/A,N/A,N/A,N/A,N/A,N/A,5492736,5492736,577536,135168,180224,1,sleep,S (sleeping),victim2.bnsdq.ozxfs.bomyo.kvugl,0.0
1759250222,35060,2,N/A,N/A,N/A,N/A,N/A,N/A,N/A,N/A,N/A,N/A,N/A,N/A,N/A,1,kworker/u2,I (idle),victim2.bnsdq.ozxfs.bomyo.kvugl,0.011126348199496065
1759250222,40791,1,N/A,N/A,N/A,N/A,N/A,N/A,N/A,N/A,6979584,6979584,3284992,135168,278528,1,bash,S (sleeping),victim2.bnsdq.ozxfs.bomyo.kvugl,0.0
1759250222,40798,1,101,101,101,101,102,102,102,102,16568320,16560128,7196672,135168,622592,1,systemd-network,S (sleeping),victim2.bnsdq.ozxfs.bomyo.kvugl,0.4561867542498583
1759250222,35055,1,N/A,N/A,N/A,N/A,N/A,N/A,N/A,N/A,1647706112,1580597248,20557824,135168,82202624,5,discern-interfa,S (sleeping),victim2.bnsdq.ozxfs.bomyo.kvugl,0.004430813510408614
1759250222,35277,2,N/A,N/A,N/A,N/A,N/A,N/A,N/A,N/A,N/A,N/A,N/A,N/A,N/A,1,kworker/u2,I (idle),victim2.bnsdq.ozxfs.bomyo.kvugl,0.0
1759250222,40776,1,N/A,N/A,N/A,N/A,N/A,N/A,N/A,N/A,728137728,728137728,7856128,135168,105218048,4,foundryc,S (sleeping),victim2.bnsdq.ozxfs.bomyo.kvugl,0.0
1759250222,40787,1,N/A,N/A,N/A,N/A,N/A,N/A,N/A,N/A,6979584,6979584,3465216,135168,278528,1,bash,S (sleeping),victim2.bnsdq.ozxfs.bomyo.kvugl,0.0
1759250222,40777,1,N/A,N/A,N/A,N/A,N/A,N/A,N/A,N/A,6979584,6979584,3276800,135168,278528,1,bash,S (sleeping),victim2.bnsdq.ozxfs.bomyo.kvugl,0.0
1759250222,40785,1,N/A,N/A,N/A,N/A,N/A,N/A,N/A,N/A,6979584,6979584,3399680,135168,278528,1,bash,S (sleeping),victim2.bnsdq.ozxfs.bomyo.kvugl,0.0
1759250222,40826,40785,N/A,N/A,N/A,N/A,N/A,N/A,N/A,N/A,5492736,5492736,581632,135168,180224,1,sleep,S (sleeping),victim2.bnsdq.ozxfs.bomyo.kvugl,0.0
1759250222,40828,40791,N/A,N/A,N/A,N/A,N/A,N/A,N/A,N/A,5492736,5492736,516096,135168,180224,1,sleep,S (sleeping),victim2.bnsdq.ozxfs.bomyo.kvugl,0.0
1759250227,38133,2,N/A,N/A,N/A,N/A,N/A,N/A,N/A,N/A,N/A,N/A,N/A,N/A,N/A,1,kworker/0,I (idle),victim2.bnsdq.ozxfs.bomyo.kvugl,0.018395120527863008
1759250227,39555,2,N/A,N/A,N/A,N/A,N/A,N/A,N/A,N/A,N/A,N/A,N/A,N/A,N/A,1,kworker/0,I (idle),victim2.bnsdq.ozxfs.bomyo.kvugl,0.0
1759250227,35055,1,N/A,N/A,N/A,N/A,N/A,N/A,N/A,N/A,1647706112,1580597248,20557824,135168,82202624,5,discern-interfa,S (sleeping),victim2.bnsdq.ozxfs.bomyo.kvugl,0.004381646831402778
1759250227,35277,2,N/A,N/A,N/A,N/A,N/A,N/A,N/A,N/A,N/A,N/A,N/A,N/A,N/A,1,kworker/u2,I (idle),victim2.bnsdq.ozxfs.bomyo.kvugl,0.0
1759250227,40863,1,101,101,101,101,102,102,102,102,16568320,16560128,7360512,135168,622592,1,systemd-network,S (sleeping),victim2.bnsdq.ozxfs.bomyo.kvugl,0.449457726286814
1759250227,34982,2,N/A,N/A,N/A,N/A,N/A,N/A,N/A,N/A,N/A,N/A,N/A,N/A,N/A,1,kworker/u2,I (idle),victim2.bnsdq.ozxfs.bomyo.kvugl,0.008706061658542395
1759250227,35060,2,N/A,N/A,N/A,N/A,N/A,N/A,N/A,N/A,N/A,N/A,N/A,N/A,N/A,1,kworker/u2,I (idle),victim2.bnsdq.ozxfs.bomyo.kvugl,0.011002306063967146
1759250227,40873,202,N/A,N/A,N/A,N/A,N/A,N/A,N/A,N/A,23040000,21975040,3940352,135168,724992,1,systemd-udevd,S (sleeping),victim2.bnsdq.ozxfs.bomyo.kvugl,0.0
1759250232,34982,2,N/A,N/A,N/A,N/A,N/A,N/A,N/A,N/A,N/A,N/A,N/A,N/A,N/A,1,kworker/u2,I (idle),victim2.bnsdq.ozxfs.bomyo.kvugl,0.00861180641063713
1759250232,40905,1,N/A,N/A,N/A,N/A,N/A,N/A,N/A,N/A,6979584,6979584,3207168,135168,278528,1,bash,S (sleeping),victim2.bnsdq.ozxfs.bomyo.kvugl,0.0
1759250232,40949,40896,N/A,N/A,N/A,N/A,N/A,N/A,N/A,N/A,5492736,5492736,581632,135168,180224,1,sleep,S (sleeping),victim2.bnsdq.ozxfs.bomyo.kvugl,0.0
1759250232,35060,2,N/A,N/A,N/A,N/A,N/A,N/A,N/A,N/A,N/A,N/A,N/A,N/A,N/A,1,kworker/u2,I (idle),victim2.bnsdq.ozxfs.bomyo.kvugl,0.010881883117521796
1759250232,40897,1,N/A,N/A,N/A,N/A,N/A,N/A,N/A,N/A,6979584,6979584,3231744,135168,278528,1,bash,S (sleeping),victim2.bnsdq.ozxfs.bomyo.kvugl,0.0
1759250232,40917,1,101,101,101,101,102,102,102,102,16568320,16560128,7340032,135168,622592,1,systemd-network,S (sleeping),victim2.bnsdq.ozxfs.bomyo.kvugl,0.5474711508598883
1759250232,40957,40903,N/A,N/A,N/A,N/A,N/A,N/A,N/A,N/A,5492736,5492736,585728,135168,180224,1,sleep,S (sleeping),victim2.bnsdq.ozxfs.bomyo.kvugl,0.0
1759250232,40899,1,N/A,N/A,N/A,N/A,N/A,N/A,N/A,N/A,6979584,6979584,3305472,135168,278528,1,bash,S (sleeping),victim2.bnsdq.ozxfs.bomyo.kvugl,0.0
1759250232,40955,40899,N/A,N/A,N/A,N/A,N/A,N/A,N/A,N/A,5492736,5492736,520192,135168,180224,1,sleep,S (sleeping),victim2.bnsdq.ozxfs.bomyo.kvugl,0.0
1759250232,35277,2,N/A,N/A,N/A,N/A,N/A,N/A,N/A,N/A,N/A,N/A,N/A,N/A,N/A,1,kworker/u2,I (idle),victim2.bnsdq.ozxfs.bomyo.kvugl,0.0
1759250232,39555,2,N/A,N/A,N/A,N/A,N/A,N/A,N/A,N/A,N/A,N/A,N/A,N/A,N/A,1,kworker/0,I (idle),victim2.bnsdq.ozxfs.bomyo.kvugl,0.0
1759250232,35055,1,N/A,N/A,N/A,N/A,N/A,N/A,N/A,N/A,1647706112,1580597248,20557824,135168,82202624,5,discern-interfa,S (sleeping),victim2.bnsdq.ozxfs.bomyo.kvugl,0.004333872929359297
1759250232,40896,1,N/A,N/A,N/A,N/A,N/A,N/A,N/A,N/A,6979584,6979584,3371008,135168,278528,1,bash,S (sleeping),victim2.bnsdq.ozxfs.bomyo.kvugl,0.0
1759250232,38133,2,N/A,N/A,N/A,N/A,N/A,N/A,N/A,N/A,N/A,N/A,N/A,N/A,N/A,1,kworker/0,I (idle),victim2.bnsdq.ozxfs.bomyo.kvugl,0.01797903020497378
1759250232,40956,40897,N/A,N/A,N/A,N/A,N/A,N/A,N/A,N/A,5492736,5492736,581632,135168,180224,1,sleep,S (sleeping),victim2.bnsdq.ozxfs.bomyo.kvugl,0.0
1759250232,40895,1,N/A,N/A,N/A,N/A,N/A,N/A,N/A,N/A,728137728,728137728,7860224,135168,105218048,4,foundryc,S (sleeping),victim2.bnsdq.ozxfs.bomyo.kvugl,0.0
1759250232,40903,1,N/A,N/A,N/A,N/A,N/A,N/A,N/A,N/A,6979584,6979584,3313664,135168,278528,1,bash,S (sleeping),victim2.bnsdq.ozxfs.bomyo.kvugl,0.0
1759250232,40951,40905,N/A,N/A,N/A,N/A,N/A,N/A,N/A,N/A,5492736,5492736,520192,135168,180224,1,sleep,S (sleeping),victim2.bnsdq.ozxfs.bomyo.kvugl,0.0
1759250237,34982,2,N/A,N/A,N/A,N/A,N/A,N/A,N/A,N/A,N/A,N/A,N/A,N/A,N/A,1,kworker/u2,I (idle),victim2.bnsdq.ozxfs.bomyo.kvugl,0.008518845675645497
1759250237,35055,1,N/A,N/A,N/A,N/A,N/A,N/A,N/A,N/A,1647706112,1580597248,20557824,135168,82202624,5,discern-interfa,S (sleeping),victim2.bnsdq.ozxfs.bomyo.kvugl,0.004286809764103616
1759250237,35060,2,N/A,N/A,N/A,N/A,N/A,N/A,N/A,N/A,N/A,N/A,N/A,N/A,N/A,1,kworker/u2,I (idle),victim2.bnsdq.ozxfs.bomyo.kvugl,0.010763159476807874
1759250237,38133,2,N/A,N/A,N/A,N/A,N/A,N/A,N/A,N/A,N/A,N/A,N/A,N/A,N/A,1,kworker/0,I (idle),victim2.bnsdq.ozxfs.bomyo.kvugl,0.017578722811506024
1759250237,35277,2,N/A,N/A,N/A,N/A,N/A,N/A,N/A,N/A,N/A,N/A,N/A,N/A,N/A,1,kworker/u2,I (idle),victim2.bnsdq.ozxfs.bomyo.kvugl,0.0
1759250237,39555,2,N/A,N/A,N/A,N/A,N/A,N/A,N/A,N/A,N/A,N/A,N/A,N/A,N/A,1,kworker/0,I (idle),victim2.bnsdq.ozxfs.bomyo.kvugl,0.0
1759250237,40982,1,101,101,101,101,102,102,102,102,16568320,16560128,7372800,135168,622592,1,systemd-network,S (sleeping),victim2.bnsdq.ozxfs.bomyo.kvugl,0.36046330965582324
1759250242,35277,2,N/A,N/A,N/A,N/A,N/A,N/A,N/A,N/A,N/A,N/A,N/A,N/A,N/A,1,kworker/u2,I (idle),victim2.bnsdq.ozxfs.bomyo.kvugl,0.0
1759250242,41075,41015,N/A,N/A,N/A,N/A,N/A,N/A,N/A,N/A,5492736,5492736,581632,135168,180224,1,sleep,S (sleeping),victim2.bnsdq.ozxfs.bomyo.kvugl,0.0
1759250242,34982,2,N/A,N/A,N/A,N/A,N/A,N/A,N/A,N/A,N/A,N/A,N/A,N/A,N/A,1,kworker/u2,I (idle),victim2.bnsdq.ozxfs.bomyo.kvugl,0.008428630698100454
1759250242,41024,1,N/A,N/A,N/A,N/A,N/A,N/A,N/A,N/A,6979584,6979584,3227648,135168,278528,1,bash,S (sleeping),victim2.bnsdq.ozxfs.bomyo.kvugl,0.0
1759250242,41020,1,N/A,N/A,N/A,N/A,N/A,N/A,N/A,N/A,6979584,6979584,3297280,135168,278528,1,bash,S (sleeping),victim2.bnsdq.ozxfs.bomyo.kvugl,0.0
1759250242,41014,1,N/A,N/A,N/A,N/A,N/A,N/A,N/A,N/A,728137728,728137728,7860224,135168,105218048,4,foundryc,S (sleeping),victim2.bnsdq.ozxfs.bomyo.kvugl,0.0
1759250242,41068,41024,N/A,N/A,N/A,N/A,N/A,N/A,N/A,N/A,5492736,5492736,512000,135168,180224,1,sleep,S (sleeping),victim2.bnsdq.ozxfs.bomyo.kvugl,0.0
1759250242,41076,41020,N/A,N/A,N/A,N/A,N/A,N/A,N/A,N/A,5492736,5492736,585728,135168,180224,1,sleep,S (sleeping),victim2.bnsdq.ozxfs.bomyo.kvugl,0.0
1759250242,41015,1,N/A,N/A,N/A,N/A,N/A,N/A,N/A,N/A,6979584,6979584,3190784,135168,278528,1,bash,S (sleeping),victim2.bnsdq.ozxfs.bomyo.kvugl,0.0
1759250242,41016,1,N/A,N/A,N/A,N/A,N/A,N/A,N/A,N/A,6979584,6979584,3330048,135168,278528,1,bash,S (sleeping),victim2.bnsdq.ozxfs.bomyo.kvugl,0.0
1759250242,41036,1,101,101,101,101,102,102,102,102,16568320,16560128,7299072,135168,622592,1,systemd-network,S (sleeping),victim2.bnsdq.ozxfs.bomyo.kvugl,0.35876459309760167
1759250242,35060,2,N/A,N/A,N/A,N/A,N/A,N/A,N/A,N/A,N/A,N/A,N/A,N/A,N/A,1,kworker/u2,I (idle),victim2.bnsdq.ozxfs.bomyo.kvugl,0.010647928666252453
1759250242,41070,41017,N/A,N/A,N/A,N/A,N/A,N/A,N/A,N/A,5492736,5492736,516096,135168,180224,1,sleep,S (sleeping),victim2.bnsdq.ozxfs.bomyo.kvugl,0.0
1759250242,39555,2,N/A,N/A,N/A,N/A,N/A,N/A,N/A,N/A,N/A,N/A,N/A,N/A,N/A,1,kworker/0,I (idle),victim2.bnsdq.ozxfs.bomyo.kvugl,0.0
1759250242,41017,1,N/A,N/A,N/A,N/A,N/A,N/A,N/A,N/A,6979584,6979584,3391488,135168,278528,1,bash,S (sleeping),victim2.bnsdq.ozxfs.bomyo.kvugl,0.0
1759250242,41074,41016,N/A,N/A,N/A,N/A,N/A,N/A,N/A,N/A,5492736,5492736,516096,135168,180224,1,sleep,S (sleeping),victim2.bnsdq.ozxfs.bomyo.kvugl,0.0
1759250242,35055,1,N/A,N/A,N/A,N/A,N/A,N/A,N/A,N/A,1647706112,1580597248,20557824,135168,82202624,5,discern-interfa,S (sleeping),victim2.bnsdq.ozxfs.bomyo.kvugl,0.004241095239709802
1759250242,38133,2,N/A,N/A,N/A,N/A,N/A,N/A,N/A,N/A,N/A,N/A,N/A,N/A,N/A,1,kworker/0,I (idle),victim2.bnsdq.ozxfs.bomyo.kvugl,0.017198641810400248
1759250247,41153,41143,N/A,N/A,N/A,N/A,N/A,N/A,N/A,N/A,5492736,5492736,585728,135168,180224,1,sleep,S (sleeping),victim2.bnsdq.ozxfs.bomyo.kvugl,0.0
1759250247,35277,2,N/A,N/A,N/A,N/A,N/A,N/A,N/A,N/A,N/A,N/A,N/A,N/A,N/A,1,kworker/u2,I (idle),victim2.bnsdq.ozxfs.bomyo.kvugl,0.0
1759250247,41154,41139,N/A,N/A,N/A,N/A,N/A,N/A,N/A,N/A,5492736,5492736,581632,135168,180224,1,sleep,S (sleeping),victim2.bnsdq.ozxfs.bomyo.kvugl,0.0
1759250247,35060,2,N/A,N/A,N/A,N/A,N/A,N/A,N/A,N/A,N/A,N/A,N/A,N/A,N/A,1,kworker/u2,I (idle),victim2.bnsdq.ozxfs.bomyo.kvugl,0.010534234201936834
1759250247,41134,1,N/A,N/A,N/A,N/A,N/A,N/A,N/A,N/A,6979584,6979584,3174400,135168,278528,1,bash,S (sleeping),victim2.bnsdq.ozxfs.bomyo.kvugl,0.0
1759250247,41152,41135,N/A,N/A,N/A,N/A,N/A,N/A,N/A,N/A,5492736,5492736,512000,135168,180224,1,sleep,S (sleeping),victim2.bnsdq.ozxfs.bomyo.kvugl,0.0
1759250247,41133,1,N/A,N/A,N/A,N/A,N/A,N/A,N/A,N/A,728137728,728137728,7856128,135168,105218048,4,foundryc,S (sleeping),victim2.bnsdq.ozxfs.bomyo.kvugl,0.0
1759250247,41139,1,N/A,N/A,N/A,N/A,N/A,N/A,N/A,N/A,6979584,6979584,3215360,135168,278528,1,bash,S (sleeping),victim2.bnsdq.ozxfs.bomyo.kvugl,0.0
1759250247,41136,1,N/A,N/A,N/A,N/A,N/A,N/A,N/A,N/A,6979584,6979584,3297280,135168,278528,1,bash,S (sleeping),victim2.bnsdq.ozxfs.bomyo.kvugl,0.0
1759250247,39555,2,N/A,N/A,N/A,N/A,N/A,N/A,N/A,N/A,N/A,N/A,N/A,N/A,N/A,1,kworker/0,I (idle),victim2.bnsdq.ozxfs.bomyo.kvugl,0.0
1759250247,41150,41134,N/A,N/A,N/A,N/A,N/A,N/A,N/A,N/A,5492736,5492736,512000,135168,180224,1,sleep,S (sleeping),victim2.bnsdq.ozxfs.bomyo.kvugl,0.0
1759250247,38133,2,N/A,N/A,N/A,N/A,N/A,N/A,N/A,N/A,N/A,N/A,N/A,N/A,N/A,1,kworker/0,I (idle),victim2.bnsdq.ozxfs.bomyo.kvugl,0.01683180325202572
1759250247,41151,41136,N/A,N/A,N/A,N/A,N/A,N/A,N/A,N/A,5492736,5492736,516096,135168,180224,1,sleep,S (sleeping),victim2.bnsdq.ozxfs.bomyo.kvugl,0.0
1759250247,41155,1,101,101,101,101,102,102,102,102,16568320,16560128,7311360,135168,622592,1,systemd-network,S (sleeping),victim2.bnsdq.ozxfs.bomyo.kvugl,1.2150817728526182
1759250247,41143,1,N/A,N/A,N/A,N/A,N/A,N/A,N/A,N/A,6979584,6979584,3375104,135168,278528,1,bash,S (sleeping),victim2.bnsdq.ozxfs.bomyo.kvugl,0.0
1759250247,41135,1,N/A,N/A,N/A,N/A,N/A,N/A,N/A,N/A,6979584,6979584,3231744,135168,278528,1,bash,S (sleeping),victim2.bnsdq.ozxfs.bomyo.kvugl,0.0
1759250247,35055,1,N/A,N/A,N/A,N/A,N/A,N/A,N/A,N/A,1647706112,1580597248,20557824,135168,82202624,5,discern-interfa,S (sleeping),victim2.bnsdq.ozxfs.bomyo.kvugl,0.004195978531772688
1759250247,34982,2,N/A,N/A,N/A,N/A,N/A,N/A,N/A,N/A,N/A,N/A,N/A,N/A,N/A,1,kworker/u2,I (idle),victim2.bnsdq.ozxfs.bomyo.kvugl,0.008339464812305927
1759250252,41199,41136,N/A,N/A,N/A,N/A,N/A,N/A,N/A,N/A,5492736,5492736,581632,135168,180224,1,sleep,S (sleeping),victim2.bnsdq.ozxfs.bomyo.kvugl,0.0
1759250252,35060,2,N/A,N/A,N/A,N/A,N/A,N/A,N/A,N/A,N/A,N/A,N/A,N/A,N/A,1,kworker/u2,I (idle),victim2.bnsdq.ozxfs.bomyo.kvugl,0.010422995876456875
1759250252,38133,2,N/A,N/A,N/A,N/A,N/A,N/A,N/A,N/A,N/A,N/A,N/A,N/A,N/A,1,kworker/0,I (idle),victim2.bnsdq.ozxfs.bomyo.kvugl,0.016480659356001216
1759250252,41134,1,N/A,N/A,N/A,N/A,N/A,N/A,N/A,N/A,6979584,6979584,3186688,135168,278528,1,bash,S (sleeping),victim2.bnsdq.ozxfs.bomyo.kvugl,0.0
1759250252,41220,1,101,101,101,101,102,102,102,102,16568320,16560128,7372800,135168,622592,1,systemd-network,S (sleeping),victim2.bnsdq.ozxfs.bomyo.kvugl,1.1701556998291744
1759250252,41139,1,N/A,N/A,N/A,N/A,N/A,N/A,N/A,N/A,6979584,6979584,3231744,135168,278528,1,bash,S (sleeping),victim2.bnsdq.ozxfs.bomyo.kvugl,0.0
1759250252,41230,202,N/A,N/A,N/A,N/A,N/A,N/A,N/A,N/A,23040000,21975040,3936256,135168,724992,1,systemd-udevd,S (sleeping),victim2.bnsdq.ozxfs.bomyo.kvugl,0.0
1759250252,39555,2,N/A,N/A,N/A,N/A,N/A,N/A,N/A,N/A,N/A,N/A,N/A,N/A,N/A,1,kworker/0,I (idle),victim2.bnsdq.ozxfs.bomyo.kvugl,0.0
1759250252,41217,41135,N/A,N/A,N/A,N/A,N/A,N/A,N/A,N/A,5492736,5492736,581632,135168,180224,1,sleep,S (sleeping),victim2.bnsdq.ozxfs.bomyo.kvugl,0.0
1759250252,34982,2,N/A,N/A,N/A,N/A,N/A,N/A,N/A,N/A,N/A,N/A,N/A,N/A,N/A,1,kworker/u2,I (idle),victim2.bnsdq.ozxfs.bomyo.kvugl,0.008252353500798
1759250252,35055,1,N/A,N/A,N/A,N/A,N/A,N/A,N/A,N/A,1647706112,1580597248,20557824,135168,82202624,5,discern-interfa,S (sleeping),victim2.bnsdq.ozxfs.bomyo.kvugl,0.004151871831130179
1759250252,41143,1,N/A,N/A,N/A,N/A,N/A,N/A,N/A,N/A,6979584,6979584,3399680,135168,278528,1,bash,S (sleeping),victim2.bnsdq.ozxfs.bomyo.kvugl,0.0
1759250252,35277,2,N/A,N/A,N/A,N/A,N/A,N/A,N/A,N/A,N/A,N/A,N/A,N/A,N/A,1,kworker/u2,I (idle),victim2.bnsdq.ozxfs.bomyo.kvugl,0.0
1759250252,41136,1,N/A,N/A,N/A,N/A,N/A,N/A,N/A,N/A,6979584,6979584,3383296,135168,278528,1,bash,S (sleeping),victim2.bnsdq.ozxfs.bomyo.kvugl,0.0
1759250252,41208,41134,N/A,N/A,N/A,N/A,N/A,N/A,N/A,N/A,5492736,5492736,512000,135168,180224,1,sleep,S (sleeping),victim2.bnsdq.ozxfs.bomyo.kvugl,0.0
1759250252,41218,41139,N/A,N/A,N/A,N/A,N/A,N/A,N/A,N/A,5492736,5492736,581632,135168,180224,1,sleep,S (sleeping),victim2.bnsdq.ozxfs.bomyo.kvugl,0.0
1759250252,41219,41143,N/A,N/A,N/A,N/A,N/A,N/A,N/A,N/A,5492736,5492736,577536,135168,180224,1,sleep,S (sleeping),victim2.bnsdq.ozxfs.bomyo.kvugl,0.0
1759250252,41135,1,N/A,N/A,N/A,N/A,N/A,N/A,N/A,N/A,6979584,6979584,3309568,135168,278528,1,bash,S (sleeping),victim2.bnsdq.ozxfs.bomyo.kvugl,0.0
1759250257,41259,1,N/A,N/A,N/A,N/A,N/A,N/A,N/A,N/A,6979584,6979584,3461120,135168,278528,1,bash,S (sleeping),victim2.bnsdq.ozxfs.bomyo.kvugl,0.0
1759250257,41261,1,N/A,N/A,N/A,N/A,N/A,N/A,N/A,N/A,6979584,6979584,3379200,135168,278528,1,bash,S (sleeping),victim2.bnsdq.ozxfs.bomyo.kvugl,0.0
1759250257,41275,1,101,101,101,101,102,102,102,102,16568320,16560128,7409664,135168,622592,1,systemd-network,S (sleeping),victim2.bnsdq.ozxfs.bomyo.kvugl,1.078511337573798
1759250257,41282,41255,N/A,N/A,N/A,N/A,N/A,N/A,N/A,N/A,5492736,5492736,581632,135168,180224,1,sleep,S (sleeping),victim2.bnsdq.ozxfs.bomyo.kvugl,0.0
1759250257,41283,41262,N/A,N/A,N/A,N/A,N/A,N/A,N/A,N/A,5492736,5492736,512000,135168,180224,1,sleep,S (sleeping),victim2.bnsdq.ozxfs.bomyo.kvugl,0.0
1759250257,34982,2,N/A,N/A,N/A,N/A,N/A,N/A,N/A,N/A,N/A,N/A,N/A,N/A,N/A,1,kworker/u2,I (idle),victim2.bnsdq.ozxfs.bomyo.kvugl,0.010208617978660134
1759250257,35277,2,N/A,N/A,N/A,N/A,N/A,N/A,N/A,N/A,N/A,N/A,N/A,N/A,N/A,1,kworker/u2,I (idle),victim2.bnsdq.ozxfs.bomyo.kvugl,0.0
1759250257,41254,1,N/A,N/A,N/A,N/A,N/A,N/A,N/A,N/A,6979584,6979584,3375104,135168,278528,1,bash,S (sleeping),victim2.bnsdq.ozxfs.bomyo.kvugl,0.0
1759250257,41255,1,N/A,N/A,N/A,N/A,N/A,N/A,N/A,N/A,6979584,6979584,3289088,135168,278528,1,bash,S (sleeping),victim2.bnsdq.ozxfs.bomyo.kvugl,0.0
1759250257,41285,41254,N/A,N/A,N/A,N/A,N/A,N/A,N/A,N/A,5492736,5492736,516096,135168,180224,1,sleep,S (sleeping),victim2.bnsdq.ozxfs.bomyo.kvugl,0.0
1759250257,39555,2,N/A,N/A,N/A,N/A,N/A,N/A,N/A,N/A,N/A,N/A,N/A,N/A,N/A,1,kworker/0,I (idle),victim2.bnsdq.ozxfs.bomyo.kvugl,0.0
1759250257,41284,41259,N/A,N/A,N/A,N/A,N/A,N/A,N/A,N/A,5492736,5492736,520192,135168,180224,1,sleep,S (sleeping),victim2.bnsdq.ozxfs.bomyo.kvugl,0.0
1759250257,41281,41261,N/A,N/A,N/A,N/A,N/A,N/A,N/A,N/A,5492736,5492736,512000,135168,180224,1,sleep,S (sleeping),victim2.bnsdq.ozxfs.bomyo.kvugl,0.0
1759250257,35060,2,N/A,N/A,N/A,N/A,N/A,N/A,N/A,N/A,N/A,N/A,N/A,N/A,N/A,1,kworker/u2,I (idle),victim2.bnsdq.ozxfs.bomyo.kvugl,0.01031385769278328
1759250257,41253,1,N/A,N/A,N/A,N/A,N/A,N/A,N/A,N/A,728137728,728137728,7856128,135168,105218048,4,foundryc,S (sleeping),victim2.bnsdq.ozxfs.bomyo.kvugl,0.0
1759250257,35055,1,N/A,N/A,N/A,N/A,N/A,N/A,N/A,N/A,1647706112,1580597248,20557824,135168,82202624,5,discern-interfa,S (sleeping),victim2.bnsdq.ozxfs.bomyo.kvugl,0.004108587701045768
1759250257,41262,1,N/A,N/A,N/A,N/A,N/A,N/A,N/A,N/A,6979584,6979584,3305472,135168,278528,1,bash,S (sleeping),victim2.bnsdq.ozxfs.bomyo.kvugl,0.0
1759250257,38133,2,N/A,N/A,N/A,N/A,N/A,N/A,N/A,N/A,N/A,N/A,N/A,N/A,N/A,1,kworker/0,I (idle),victim2.bnsdq.ozxfs.bomyo.kvugl,0.016142970355981005
1759250262,35060,2,N/A,N/A,N/A,N/A,N/A,N/A,N/A,N/A,N/A,N/A,N/A,N/A,N/A,1,kworker/u2,I (idle),victim2.bnsdq.ozxfs.bomyo.kvugl,0.0102073493028237
1759250262,38133,2,N/A,N/A,N/A,N/A,N/A,N/A,N/A,N/A,N/A,N/A,N/A,N/A,N/A,1,kworker/0,I (idle),victim2.bnsdq.ozxfs.bomyo.kvugl,0.01582007302970527
1759250262,39555,2,N/A,N/A,N/A,N/A,N/A,N/A,N/A,N/A,N/A,N/A,N/A,N/A,N/A,1,kworker/0,I (idle),victim2.bnsdq.ozxfs.bomyo.kvugl,0.0
1759250262,41350,202,N/A,N/A,N/A,N/A,N/A,N/A,N/A,N/A,23040000,21975040,3944448,135168,724992,1,systemd-udevd,S (sleeping),victim2.bnsdq.ozxfs.bomyo.kvugl,0.0
1759250262,35055,1,N/A,N/A,N/A,N/A,N/A,N/A,N/A,N/A,1647706112,1580597248,20557824,135168,82202624,5,discern-interfa,S (sleeping),victim2.bnsdq.ozxfs.bomyo.kvugl,0.004066330136505493
1759250262,35277,2,N/A,N/A,N/A,N/A,N/A,N/A,N/A,N/A,N/A,N/A,N/A,N/A,N/A,1,kworker/u2,I (idle),victim2.bnsdq.ozxfs.bomyo.kvugl,0.0
1759250262,34982,2,N/A,N/A,N/A,N/A,N/A,N/A,N/A,N/A,N/A,N/A,N/A,N/A,N/A,1,kworker/u2,I (idle),victim2.bnsdq.ozxfs.bomyo.kvugl,0.010104186964904498
1759250262,41340,1,101,101,101,101,102,102,102,102,16568320,16560128,7360512,135168,622592,1,systemd-network,S (sleeping),victim2.bnsdq.ozxfs.bomyo.kvugl,0.7030917342857086
1759250267,41386,1,N/A,N/A,N/A,N/A,N/A,N/A,N/A,N/A,6979584,6979584,3309568,135168,278528,1,bash,S (sleeping),victim2.bnsdq.ozxfs.bomyo.kvugl,0.0
1759250267,41372,1,N/A,N/A,N/A,N/A,N/A,N/A,N/A,N/A,728137728,728137728,7856128,135168,105218048,4,foundryc,S (sleeping),victim2.bnsdq.ozxfs.bomyo.kvugl,0.0
1759250267,41387,1,N/A,N/A,N/A,N/A,N/A,N/A,N/A,N/A,6979584,6979584,3305472,135168,278528,1,bash,S (sleeping),victim2.bnsdq.ozxfs.bomyo.kvugl,0.0
1759250267,41414,41387,N/A,N/A,N/A,N/A,N/A,N/A,N/A,N/A,5492736,5492736,516096,135168,180224,1,sleep,S (sleeping),victim2.bnsdq.ozxfs.bomyo.kvugl,0.0
1759250267,41373,1,N/A,N/A,N/A,N/A,N/A,N/A,N/A,N/A,6979584,6979584,3141632,135168,278528,1,bash,S (sleeping),victim2.bnsdq.ozxfs.bomyo.kvugl,0.0
1759250267,39555,2,N/A,N/A,N/A,N/A,N/A,N/A,N/A,N/A,N/A,N/A,N/A,N/A,N/A,1,kworker/0,I (idle),victim2.bnsdq.ozxfs.bomyo.kvugl,0.0
1759250267,41374,1,N/A,N/A,N/A,N/A,N/A,N/A,N/A,N/A,6979584,6979584,3403776,135168,278528,1,bash,S (sleeping),victim2.bnsdq.ozxfs.bomyo.kvugl,0.0
1759250267,35055,1,N/A,N/A,N/A,N/A,N/A,N/A,N/A,N/A,1647706112,1580597248,20557824,135168,82202624,5,discern-interfa,S (sleeping),victim2.bnsdq.ozxfs.bomyo.kvugl,0.004025168539233721
1759250267,35277,2,N/A,N/A,N/A,N/A,N/A,N/A,N/A,N/A,N/A,N/A,N/A,N/A,N/A,1,kworker/u2,I (idle),victim2.bnsdq.ozxfs.bomyo.kvugl,0.0
1759250267,38133,2,N/A,N/A,N/A,N/A,N/A,N/A,N/A,N/A,N/A,N/A,N/A,N/A,N/A,1,kworker/0,I (idle),victim2.bnsdq.ozxfs.bomyo.kvugl,0.015511450732122609
1759250267,41394,1,101,101,101,101,102,102,102,102,16568320,16560128,7270400,135168,622592,1,systemd-network,S (sleeping),victim2.bnsdq.ozxfs.bomyo.kvugl,0.5162321689175753
1759250267,41407,41374,N/A,N/A,N/A,N/A,N/A,N/A,N/A,N/A,5492736,5492736,581632,135168,180224,1,sleep,S (sleeping),victim2.bnsdq.ozxfs.bomyo.kvugl,0.0
1759250267,41408,41373,N/A,N/A,N/A,N/A,N/A,N/A,N/A,N/A,5492736,5492736,516096,135168,180224,1,sleep,S (sleeping),victim2.bnsdq.ozxfs.bomyo.kvugl,0.0
1759250267,35060,2,N/A,N/A,N/A,N/A,N/A,N/A,N/A,N/A,N/A,N/A,N/A,N/A,N/A,1,kworker/u2,I (idle),victim2.bnsdq.ozxfs.bomyo.kvugl,0.01010355876794045
1759250267,41413,41385,N/A,N/A,N/A,N/A,N/A,N/A,N/A,N/A,5492736,5492736,520192,135168,180224,1,sleep,S (sleeping),victim2.bnsdq.ozxfs.bomyo.kvugl,0.0
1759250267,34982,2,N/A,N/A,N/A,N/A,N/A,N/A,N/A,N/A,N/A,N/A,N/A,N/A,N/A,1,kworker/u2,I (idle),victim2.bnsdq.ozxfs.bomyo.kvugl,0.01000248645793362
1759250267,41385,1,N/A,N/A,N/A,N/A,N/A,N/A,N/A,N/A,6979584,6979584,3465216,135168,278528,1,bash,S (sleeping),victim2.bnsdq.ozxfs.bomyo.kvugl,0.0
1759250267,41410,41386,N/A,N/A,N/A,N/A,N/A,N/A,N/A,N/A,5492736,5492736,516096,135168,180224,1,sleep,S (sleeping),victim2.bnsdq.ozxfs.bomyo.kvugl,0.0
1759250272,34982,2,N/A,N/A,N/A,N/A,N/A,N/A,N/A,N/A,N/A,N/A,N/A,N/A,N/A,1,kworker/u2,I (idle),victim2.bnsdq.ozxfs.bomyo.kvugl,0.009902276294089135
1759250272,41459,1,101,101,101,101,102,102,102,102,16568320,16560128,7262208,135168,622592,1,systemd-network,S (sleeping),victim2.bnsdq.ozxfs.bomyo.kvugl,0.762448583221893
1759250272,35055,1,N/A,N/A,N/A,N/A,N/A,N/A,N/A,N/A,1647706112,1580597248,20557824,135168,82202624,5,discern-interfa,S (sleeping),victim2.bnsdq.ozxfs.bomyo.kvugl,0.00398458003598477
1759250272,35277,2,N/A,N/A,N/A,N/A,N/A,N/A,N/A,N/A,N/A,N/A,N/A,N/A,N/A,1,kworker/u2,I (idle),victim2.bnsdq.ozxfs.bomyo.kvugl,0.0
1759250272,41469,202,N/A,N/A,N/A,N/A,N/A,N/A,N/A,N/A,23040000,21975040,3940352,135168,724992,1,systemd-udevd,S (sleeping),victim2.bnsdq.ozxfs.bomyo.kvugl,0.0
1759250272,35060,2,N/A,N/A,N/A,N/A,N/A,N/A,N/A,N/A,N/A,N/A,N/A,N/A,N/A,1,kworker/u2,I (idle),victim2.bnsdq.ozxfs.bomyo.kvugl,0.010001287273866072
1759250272,38133,2,N/A,N/A,N/A,N/A,N/A,N/A,N/A,N/A,N/A,N/A,N/A,N/A,N/A,1,kworker/0,I (idle),victim2.bnsdq.ozxfs.bomyo.kvugl,0.015212829906724921
1759250272,39555,2,N/A,N/A,N/A,N/A,N/A,N/A,N/A,N/A,N/A,N/A,N/A,N/A,N/A,1,kworker/0,I (idle),victim2.bnsdq.ozxfs.bomyo.kvugl,0.0
1759250277,41540,41492,N/A,N/A,N/A,N/A,N/A,N/A,N/A,N/A,5492736,5492736,577536,135168,180224,1,sleep,S (sleeping),victim2.bnsdq.ozxfs.bomyo.kvugl,0.0
1759250277,39555,2,N/A,N/A,N/A,N/A,N/A,N/A,N/A,N/A,N/A,N/A,N/A,N/A,N/A,1,kworker/0,I (idle),victim2.bnsdq.ozxfs.bomyo.kvugl,0.0
1759250277,41512,1,101,101,101,101,102,102,102,102,16568320,16560128,7458816,135168,622592,1,systemd-network,S (sleeping),victim2.bnsdq.ozxfs.bomyo.kvugl,0.5042134900301395
1759250277,41500,1,N/A,N/A,N/A,N/A,N/A,N/A,N/A,N/A,6979584,6979584,3338240,135168,278528,1,bash,S (sleeping),victim2.bnsdq.ozxfs.bomyo.kvugl,0.0
1759250277,41542,41500,N/A,N/A,N/A,N/A,N/A,N/A,N/A,N/A,5492736,5492736,516096,135168,180224,1,sleep,S (sleeping),victim2.bnsdq.ozxfs.bomyo.kvugl,0.0
1759250277,35277,2,N/A,N/A,N/A,N/A,N/A,N/A,N/A,N/A,N/A,N/A,N/A,N/A,N/A,1,kworker/u2,I (idle),victim2.bnsdq.ozxfs.bomyo.kvugl,0.0
1759250277,41491,1,N/A,N/A,N/A,N/A,N/A,N/A,N/A,N/A,6979584,6979584,3379200,135168,278528,1,bash,S (sleeping),victim2.bnsdq.ozxfs.bomyo.kvugl,0.0
1759250277,34982,2,N/A,N/A,N/A,N/A,N/A,N/A,N/A,N/A,N/A,N/A,N/A,N/A,N/A,1,kworker/u2,I (idle),victim2.bnsdq.ozxfs.bomyo.kvugl,0.00980453491849283
1759250277,41496,1,N/A,N/A,N/A,N/A,N/A,N/A,N/A,N/A,6979584,6979584,3293184,135168,278528,1,bash,S (sleeping),victim2.bnsdq.ozxfs.bomyo.kvugl,0.0
1759250278,38133,2,N/A,N/A,N/A,N/A,N/A,N/A,N/A,N/A,N/A,N/A,N/A,N/A,N/A,1,kworker/0,I (idle),victim2.bnsdq.ozxfs.bomyo.kvugl,0.01492711780633317
1759250278,41492,1,N/A,N/A,N/A,N/A,N/A,N/A,N/A,N/A,6979584,6979584,3276800,135168,278528,1,bash,S (sleeping),victim2.bnsdq.ozxfs.bomyo.kvugl,0.0
1759250278,41534,41491,N/A,N/A,N/A,N/A,N/A,N/A,N/A,N/A,5492736,5492736,581632,135168,180224,1,sleep,S (sleeping),victim2.bnsdq.ozxfs.bomyo.kvugl,0.0
1759250278,41490,1,N/A,N/A,N/A,N/A,N/A,N/A,N/A,N/A,728137728,728137728,7860224,135168,105218048,4,foundryc,S (sleeping),victim2.bnsdq.ozxfs.bomyo.kvugl,0.0
1759250278,41541,41497,N/A,N/A,N/A,N/A,N/A,N/A,N/A,N/A,5492736,5492736,512000,135168,180224,1,sleep,S (sleeping),victim2.bnsdq.ozxfs.bomyo.kvugl,0.0
1759250278,35060,2,N/A,N/A,N/A,N/A,N/A,N/A,N/A,N/A,N/A,N/A,N/A,N/A,N/A,1,kworker/u2,I (idle),victim2.bnsdq.ozxfs.bomyo.kvugl,0.00990157409392839
1759250278,41536,41496,N/A,N/A,N/A,N/A,N/A,N/A,N/A,N/A,5492736,5492736,581632,135168,180224,1,sleep,S (sleeping),victim2.bnsdq.ozxfs.bomyo.kvugl,0.0
1759250278,35055,1,N/A,N/A,N/A,N/A,N/A,N/A,N/A,N/A,1647706112,1580597248,20557824,135168,82202624,5,discern-interfa,S (sleeping),victim2.bnsdq.ozxfs.bomyo.kvugl,0.0039450001512350424
1759250278,41497,1,N/A,N/A,N/A,N/A,N/A,N/A,N/A,N/A,6979584,6979584,3207168,135168,278528,1,bash,S (sleeping),victim2.bnsdq.ozxfs.bomyo.kvugl,0.0
1759250283,38133,2,N/A,N/A,N/A,N/A,N/A,N/A,N/A,N/A,N/A,N/A,N/A,N/A,N/A,1,kworker/0,I (idle),victim2.bnsdq.ozxfs.bomyo.kvugl,0.014650210901573672
1759250283,41587,202,N/A,N/A,N/A,N/A,N/A,N/A,N/A,N/A,23040000,21975040,3944448,135168,724992,1,systemd-udevd,S (sleeping),victim2.bnsdq.ozxfs.bomyo.kvugl,0.0
1759250283,35055,1,N/A,N/A,N/A,N/A,N/A,N/A,N/A,N/A,1647706112,1580597248,20557824,135168,82202624,5,discern-interfa,S (sleeping),victim2.bnsdq.ozxfs.bomyo.kvugl,0.0039059899563460725
1759250283,39555,2,N/A,N/A,N/A,N/A,N/A,N/A,N/A,N/A,N/A,N/A,N/A,N/A,N/A,1,kworker/0,I (idle),victim2.bnsdq.ozxfs.bomyo.kvugl,0.0
1759250283,34982,2,N/A,N/A,N/A,N/A,N/A,N/A,N/A,N/A,N/A,N/A,N/A,N/A,N/A,1,kworker/u2,I (idle),victim2.bnsdq.ozxfs.bomyo.kvugl,0.009708088092994902
1759250283,35277,2,N/A,N/A,N/A,N/A,N/A,N/A,N/A,N/A,N/A,N/A,N/A,N/A,N/A,1,kworker/u2,I (idle),victim2.bnsdq.ozxfs.bomyo.kvugl,0.0
1759250283,35060,2,N/A,N/A,N/A,N/A,N/A,N/A,N/A,N/A,N/A,N/A,N/A,N/A,N/A,1,kworker/u2,I (idle),victim2.bnsdq.ozxfs.bomyo.kvugl,0.009803247414103764
1759250283,41577,1,101,101,101,101,102,102,102,102,16568320,16560128,7426048,135168,622592,1,systemd-network,S (sleeping),victim2.bnsdq.ozxfs.bomyo.kvugl,0.7434276641718237
1759250288,41619,1,N/A,N/A,N/A,N/A,N/A,N/A,N/A,N/A,6979584,6979584,3244032,135168,278528,1,bash,S (sleeping),victim2.bnsdq.ozxfs.bomyo.kvugl,0.0
1759250288,34982,2,N/A,N/A,N/A,N/A,N/A,N/A,N/A,N/A,N/A,N/A,N/A,N/A,N/A,1,kworker/u2,I (idle),victim2.bnsdq.ozxfs.bomyo.kvugl,0.009614206532707673
1759250288,38133,2,N/A,N/A,N/A,N/A,N/A,N/A,N/A,N/A,N/A,N/A,N/A,N/A,N/A,1,kworker/0,I (idle),victim2.bnsdq.ozxfs.bomyo.kvugl,0.01438518115097941
1759250288,41611,1,N/A,N/A,N/A,N/A,N/A,N/A,N/A,N/A,6979584,6979584,3268608,135168,278528,1,bash,S (sleeping),victim2.bnsdq.ozxfs.bomyo.kvugl,0.0
1759250288,35277,2,N/A,N/A,N/A,N/A,N/A,N/A,N/A,N/A,N/A,N/A,N/A,N/A,N/A,1,kworker/u2,I (idle),victim2.bnsdq.ozxfs.bomyo.kvugl,0.0
1759250288,41665,41616,N/A,N/A,N/A,N/A,N/A,N/A,N/A,N/A,5492736,5492736,577536,135168,180224,1,sleep,S (sleeping),victim2.bnsdq.ozxfs.bomyo.kvugl,0.0
1759250288,41671,41612,N/A,N/A,N/A,N/A,N/A,N/A,N/A,N/A,5492736,5492736,581632,135168,180224,1,sleep,S (sleeping),victim2.bnsdq.ozxfs.bomyo.kvugl,0.0
1759250288,35060,2,N/A,N/A,N/A,N/A,N/A,N/A,N/A,N/A,N/A,N/A,N/A,N/A,N/A,1,kworker/u2,I (idle),victim2.bnsdq.ozxfs.bomyo.kvugl,0.011649015726926186
1759250288,41612,1,N/A,N/A,N/A,N/A,N/A,N/A,N/A,N/A,6979584,6979584,3330048,135168,278528,1,bash,S (sleeping),victim2.bnsdq.ozxfs.bomyo.kvugl,0.0
1759250288,41609,1,N/A,N/A,N/A,N/A,N/A,N/A,N/A,N/A,728137728,728137728,7860224,135168,105218048,4,foundryc,S (sleeping),victim2.bnsdq.ozxfs.bomyo.kvugl,0.0
1759250288,35055,1,N/A,N/A,N/A,N/A,N/A,N/A,N/A,N/A,1647706112,1580597248,20557824,135168,82202624,5,discern-interfa,S (sleeping),victim2.bnsdq.ozxfs.bomyo.kvugl,0.003867981036188579
1759250288,41610,1,N/A,N/A,N/A,N/A,N/A,N/A,N/A,N/A,6979584,6979584,3248128,135168,278528,1,bash,S (sleeping),victim2.bnsdq.ozxfs.bomyo.kvugl,0.0
1759250288,41616,1,N/A,N/A,N/A,N/A,N/A,N/A,N/A,N/A,6979584,6979584,3411968,135168,278528,1,bash,S (sleeping),victim2.bnsdq.ozxfs.bomyo.kvugl,0.0
1759250288,41631,1,101,101,101,101,102,102,102,102,16568320,16560128,7311360,135168,622592,1,systemd-network,S (sleeping),victim2.bnsdq.ozxfs.bomyo.kvugl,0.3947680738178211
1759250288,41663,41619,N/A,N/A,N/A,N/A,N/A,N/A,N/A,N/A,5492736,5492736,577536,135168,180224,1,sleep,S (sleeping),victim2.bnsdq.ozxfs.bomyo.kvugl,0.0
1759250288,39555,2,N/A,N/A,N/A,N/A,N/A,N/A,N/A,N/A,N/A,N/A,N/A,N/A,N/A,1,kworker/0,I (idle),victim2.bnsdq.ozxfs.bomyo.kvugl,0.0
1759250288,41670,41610,N/A,N/A,N/A,N/A,N/A,N/A,N/A,N/A,5492736,5492736,512000,135168,180224,1,sleep,S (sleeping),victim2.bnsdq.ozxfs.bomyo.kvugl,0.0
1759250288,41669,41611,N/A,N/A,N/A,N/A,N/A,N/A,N/A,N/A,5492736,5492736,581632,135168,180224,1,sleep,S (sleeping),victim2.bnsdq.ozxfs.bomyo.kvugl,0.0
1759250293,38133,2,N/A,N/A,N/A,N/A,N/A,N/A,N/A,N/A,N/A,N/A,N/A,N/A,N/A,1,kworker/0,I (idle),victim2.bnsdq.ozxfs.bomyo.kvugl,0.014127741024509989
1759250293,41732,1,N/A,N/A,N/A,N/A,N/A,N/A,N/A,N/A,6979584,6979584,3379200,135168,278528,1,bash,S (sleeping),victim2.bnsdq.ozxfs.bomyo.kvugl,0.0
1759250293,41739,1,N/A,N/A,N/A,N/A,N/A,N/A,N/A,N/A,6979584,6979584,3301376,135168,278528,1,bash,S (sleeping),victim2.bnsdq.ozxfs.bomyo.kvugl,0.0
1759250293,41736,1,N/A,N/A,N/A,N/A,N/A,N/A,N/A,N/A,6979584,6979584,3293184,135168,278528,1,bash,S (sleeping),victim2.bnsdq.ozxfs.bomyo.kvugl,0.0
1759250293,41746,41730,N/A,N/A,N/A,N/A,N/A,N/A,N/A,N/A,5492736,5492736,577536,135168,180224,1,sleep,S (sleeping),victim2.bnsdq.ozxfs.bomyo.kvugl,0.0
1759250293,41748,41731,N/A,N/A,N/A,N/A,N/A,N/A,N/A,N/A,5492736,5492736,512000,135168,180224,1,sleep,S (sleeping),victim2.bnsdq.ozxfs.bomyo.kvugl,0.0
1759250293,41749,41732,N/A,N/A,N/A,N/A,N/A,N/A,N/A,N/A,5492736,5492736,577536,135168,180224,1,sleep,S (sleeping),victim2.bnsdq.ozxfs.bomyo.kvugl,0.0
1759250293,35060,2,N/A,N/A,N/A,N/A,N/A,N/A,N/A,N/A,N/A,N/A,N/A,N/A,N/A,1,kworker/u2,D (disk sleep),victim2.bnsdq.ozxfs.bomyo.kvugl,0.011535542308537365
1759250293,35055,1,N/A,N/A,N/A,N/A,N/A,N/A,N/A,N/A,1647706112,1580597248,20557824,135168,82202624,5,discern-interfa,S (sleeping),victim2.bnsdq.ozxfs.bomyo.kvugl,0.003830451272726439
1759250293,35277,2,N/A,N/A,N/A,N/A,N/A,N/A,N/A,N/A,N/A,N/A,N/A,N/A,N/A,1,kworker/u2,I (idle),victim2.bnsdq.ozxfs.bomyo.kvugl,0.0
1759250293,41747,41736,N/A,N/A,N/A,N/A,N/A,N/A,N/A,N/A,5492736,5492736,581632,135168,180224,1,sleep,S (sleeping),victim2.bnsdq.ozxfs.bomyo.kvugl,0.0
1759250293,41750,41739,N/A,N/A,N/A,N/A,N/A,N/A,N/A,N/A,5492736,5492736,577536,135168,180224,1,sleep,S (sleeping),victim2.bnsdq.ozxfs.bomyo.kvugl,0.0
1759250293,41751,1,101,101,101,101,102,102,102,102,169844736,169824256,8052736,1060864,19869696,1,(networkd),R (running),victim2.bnsdq.ozxfs.bomyo.kvugl,0.0
1759250293,41730,1,N/A,N/A,N/A,N/A,N/A,N/A,N/A,N/A,6979584,6979584,3330048,135168,278528,1,bash,S (sleeping),victim2.bnsdq.ozxfs.bomyo.kvugl,0.0
1759250293,41731,1,N/A,N/A,N/A,N/A,N/A,N/A,N/A,N/A,6979584,6979584,3260416,135168,278528,1,bash,S (sleeping),victim2.bnsdq.ozxfs.bomyo.kvugl,0.0
1759250293,41742,41729,N/A,N/A,N/A,N/A,N/A,N/A,N/A,N/A,10379264,10379264,1245184,135168,294912,1,systemctl,S (sleeping),victim2.bnsdq.ozxfs.bomyo.kvugl,0.0
1759250293,39555,2,N/A,N/A,N/A,N/A,N/A,N/A,N/A,N/A,N/A,N/A,N/A,N/A,N/A,1,kworker/0,I (idle),victim2.bnsdq.ozxfs.bomyo.kvugl,0.0
1759250293,41729,1,N/A,N/A,N/A,N/A,N/A,N/A,N/A,N/A,728137728,728137728,7860224,135168,105218048,4,foundryc,S (sleeping),victim2.bnsdq.ozxfs.bomyo.kvugl,0.0
1759250293,34982,2,N/A,N/A,N/A,N/A,N/A,N/A,N/A,N/A,N/A,N/A,N/A,N/A,N/A,1,kworker/u2,D (disk sleep),victim2.bnsdq.ozxfs.bomyo.kvugl,0.009521403705485921
1759250298,41732,1,N/A,N/A,N/A,N/A,N/A,N/A,N/A,N/A,6979584,6979584,3395584,135168,278528,1,bash,S (sleeping),victim2.bnsdq.ozxfs.bomyo.kvugl,0.0
1759250298,41793,41730,N/A,N/A,N/A,N/A,N/A,N/A,N/A,N/A,5492736,5492736,512000,135168,180224,1,sleep,S (sleeping),victim2.bnsdq.ozxfs.bomyo.kvugl,0.0
1759250298,35277,2,N/A,N/A,N/A,N/A,N/A,N/A,N/A,N/A,N/A,N/A,N/A,N/A,N/A,1,kworker/u2,I (idle),victim2.bnsdq.ozxfs.bomyo.kvugl,0.0
1759250298,41826,202,N/A,N/A,N/A,N/A,N/A,N/A,N/A,N/A,23040000,21975040,3940352,135168,724992,1,systemd-udevd,S (sleeping),victim2.bnsdq.ozxfs.bomyo.kvugl,0.0
1759250298,41730,1,N/A,N/A,N/A,N/A,N/A,N/A,N/A,N/A,6979584,6979584,3350528,135168,278528,1,bash,S (sleeping),victim2.bnsdq.ozxfs.bomyo.kvugl,0.0
1759250298,41739,1,N/A,N/A,N/A,N/A,N/A,N/A,N/A,N/A,6979584,6979584,3321856,135168,278528,1,bash,S (sleeping),victim2.bnsdq.ozxfs.bomyo.kvugl,0.0
1759250298,41802,41731,N/A,N/A,N/A,N/A,N/A,N/A,N/A,N/A,5492736,5492736,581632,135168,180224,1,sleep,S (sleeping),victim2.bnsdq.ozxfs.bomyo.kvugl,0.0
1759250298,41807,41736,N/A,N/A,N/A,N/A,N/A,N/A,N/A,N/A,5492736,5492736,512000,135168,180224,1,sleep,S (sleeping),victim2.bnsdq.ozxfs.bomyo.kvugl,0.0
1759250298,41816,1,101,101,101,101,102,102,102,102,16568320,16560128,7417856,135168,622592,1,systemd-network,S (sleeping),victim2.bnsdq.ozxfs.bomyo.kvugl,1.499906380343458
1759250298,35055,1,N/A,N/A,N/A,N/A,N/A,N/A,N/A,N/A,1647706112,1580597248,20557824,135168,82202624,5,discern-interfa,S (sleeping),victim2.bnsdq.ozxfs.bomyo.kvugl,0.0037926652217661447
1759250298,35060,2,N/A,N/A,N/A,N/A,N/A,N/A,N/A,N/A,N/A,N/A,N/A,N/A,N/A,1,kworker/u2,I (idle),victim2.bnsdq.ozxfs.bomyo.kvugl,0.01142130806032829
1759250298,38133,2,N/A,N/A,N/A,N/A,N/A,N/A,N/A,N/A,N/A,N/A,N/A,N/A,N/A,1,kworker/0,I (idle),victim2.bnsdq.ozxfs.bomyo.kvugl,0.013872796823570649
1759250298,39555,2,N/A,N/A,N/A,N/A,N/A,N/A,N/A,N/A,N/A,N/A,N/A,N/A,N/A,1,kworker/0,I (idle),victim2.bnsdq.ozxfs.bomyo.kvugl,0.0
1759250298,41795,41739,N/A,N/A,N/A,N/A,N/A,N/A,N/A,N/A,5492736,5492736,577536,135168,180224,1,sleep,S (sleeping),victim2.bnsdq.ozxfs.bomyo.kvugl,0.0
1759250298,41731,1,N/A,N/A,N/A,N/A,N/A,N/A,N/A,N/A,6979584,6979584,3260416,135168,278528,1,bash,S (sleeping),victim2.bnsdq.ozxfs.bomyo.kvugl,0.0
1759250298,34982,2,N/A,N/A,N/A,N/A,N/A,N/A,N/A,N/A,N/A,N/A,N/A,N/A,N/A,1,kworker/u2,I (idle),victim2.bnsdq.ozxfs.bomyo.kvugl,0.011313600989348483
1759250298,41805,41732,N/A,N/A,N/A,N/A,N/A,N/A,N/A,N/A,5492736,5492736,581632,135168,180224,1,sleep,S (sleeping),victim2.bnsdq.ozxfs.bomyo.kvugl,0.0
1759250298,41736,1,N/A,N/A,N/A,N/A,N/A,N/A,N/A,N/A,6979584,6979584,3305472,135168,278528,1,bash,S (sleeping),victim2.bnsdq.ozxfs.bomyo.kvugl,0.0
1759250303,35060,2,N/A,N/A,N/A,N/A,N/A,N/A,N/A,N/A,N/A,N/A,N/A,N/A,N/A,1,kworker/u2,I (idle),victim2.bnsdq.ozxfs.bomyo.kvugl,0.011312319313930739
1759250303,41878,41849,N/A,N/A,N/A,N/A,N/A,N/A,N/A,N/A,5492736,5492736,516096,135168,180224,1,sleep,S (sleeping),victim2.bnsdq.ozxfs.bomyo.kvugl,0.0
1759250303,35277,2,N/A,N/A,N/A,N/A,N/A,N/A,N/A,N/A,N/A,N/A,N/A,N/A,N/A,1,kworker/u2,I (idle),victim2.bnsdq.ozxfs.bomyo.kvugl,0.0
1759250303,41848,1,N/A,N/A,N/A,N/A,N/A,N/A,N/A,N/A,728137728,728137728,7860224,135168,105218048,4,foundryc,S (sleeping),victim2.bnsdq.ozxfs.bomyo.kvugl,0.0
1759250303,41870,1,101,101,101,101,102,102,102,102,16568320,16560128,7348224,135168,622592,1,systemd-network,S (sleeping),victim2.bnsdq.ozxfs.bomyo.kvugl,0.8346921408420037
1759250303,41854,1,N/A,N/A,N/A,N/A,N/A,N/A,N/A,N/A,6979584,6979584,3289088,135168,278528,1,bash,S (sleeping),victim2.bnsdq.ozxfs.bomyo.kvugl,0.0
1759250303,35055,1,N/A,N/A,N/A,N/A,N/A,N/A,N/A,N/A,1647706112,1580597248,20557824,135168,82202624,5,discern-interfa,S (sleeping),victim2.bnsdq.ozxfs.bomyo.kvugl,0.003756598515967463
1759250303,34982,2,N/A,N/A,N/A,N/A,N/A,N/A,N/A,N/A,N/A,N/A,N/A,N/A,N/A,1,kworker/u2,I (idle),victim2.bnsdq.ozxfs.bomyo.kvugl,0.011206643035158106
1759250303,41849,1,N/A,N/A,N/A,N/A,N/A,N/A,N/A,N/A,6979584,6979584,3325952,135168,278528,1,bash,S (sleeping),victim2.bnsdq.ozxfs.bomyo.kvugl,0.0
1759250303,41877,41850,N/A,N/A,N/A,N/A,N/A,N/A,N/A,N/A,5492736,5492736,577536,135168,180224,1,sleep,S (sleeping),victim2.bnsdq.ozxfs.bomyo.kvugl,0.0
1759250303,41876,41857,N/A,N/A,N/A,N/A,N/A,N/A,N/A,N/A,5492736,5492736,585728,135168,180224,1,sleep,S (sleeping),victim2.bnsdq.ozxfs.bomyo.kvugl,0.0
1759250303,41851,1,N/A,N/A,N/A,N/A,N/A,N/A,N/A,N/A,6979584,6979584,3448832,135168,278528,1,bash,S (sleeping),victim2.bnsdq.ozxfs.bomyo.kvugl,0.0
1759250303,38133,2,N/A,N/A,N/A,N/A,N/A,N/A,N/A,N/A,N/A,N/A,N/A,N/A,N/A,1,kworker/0,I (idle),victim2.bnsdq.ozxfs.bomyo.kvugl,0.013633367047337943
1759250303,41857,1,N/A,N/A,N/A,N/A,N/A,N/A,N/A,N/A,6979584,6979584,3219456,135168,278528,1,bash,S (sleeping),victim2.bnsdq.ozxfs.bomyo.kvugl,0.0
1759250303,41879,41851,N/A,N/A,N/A,N/A,N/A,N/A,N/A,N/A,5492736,5492736,577536,135168,180224,1,sleep,S (sleeping),victim2.bnsdq.ozxfs.bomyo.kvugl,0.0
1759250303,39555,2,N/A,N/A,N/A,N/A,N/A,N/A,N/A,N/A,N/A,N/A,N/A,N/A,N/A,1,kworker/0,I (idle),victim2.bnsdq.ozxfs.bomyo.kvugl,0.0
1759250303,41850,1,N/A,N/A,N/A,N/A,N/A,N/A,N/A,N/A,6979584,6979584,3342336,135168,278528,1,bash,S (sleeping),victim2.bnsdq.ozxfs.bomyo.kvugl,0.0
1759250303,41880,41854,N/A,N/A,N/A,N/A,N/A,N/A,N/A,N/A,5492736,5492736,581632,135168,180224,1,sleep,S (sleeping),victim2.bnsdq.ozxfs.bomyo.kvugl,0.0
1759250308,41935,41857,N/A,N/A,N/A,N/A,N/A,N/A,N/A,N/A,5492736,5492736,512000,135168,180224,1,sleep,S (sleeping),victim2.bnsdq.ozxfs.bomyo.kvugl,0.0
1759250308,35060,2,N/A,N/A,N/A,N/A,N/A,N/A,N/A,N/A,N/A,N/A,N/A,N/A,N/A,1,kworker/u2,I (idle),victim2.bnsdq.ozxfs.bomyo.kvugl,0.011205330524438657
1759250308,41932,41850,N/A,N/A,N/A,N/A,N/A,N/A,N/A,N/A,5492736,5492736,577536,135168,180224,1,sleep,S (sleeping),victim2.bnsdq.ozxfs.bomyo.kvugl,0.0
1759250308,41850,1,N/A,N/A,N/A,N/A,N/A,N/A,N/A,N/A,6979584,6979584,3342336,135168,278528,1,bash,S (sleeping),victim2.bnsdq.ozxfs.bomyo.kvugl,0.0
1759250308,41857,1,N/A,N/A,N/A,N/A,N/A,N/A,N/A,N/A,6979584,6979584,3231744,135168,278528,1,bash,S (sleeping),victim2.bnsdq.ozxfs.bomyo.kvugl,0.0
1759250308,41945,202,N/A,N/A,N/A,N/A,N/A,N/A,N/A,N/A,23040000,21975040,3936256,135168,724992,1,systemd-udevd,S (sleeping),victim2.bnsdq.ozxfs.bomyo.kvugl,0.0
1759250308,41928,1,101,101,101,101,102,102,102,102,16568320,16560128,7393280,135168,622592,1,systemd-network,S (sleeping),victim2.bnsdq.ozxfs.bomyo.kvugl,0.8128313366222315
1759250308,38133,2,N/A,N/A,N/A,N/A,N/A,N/A,N/A,N/A,N/A,N/A,N/A,N/A,N/A,1,kworker/0,I (idle),victim2.bnsdq.ozxfs.bomyo.kvugl,0.016752622977436717
1759250308,39555,2,N/A,N/A,N/A,N/A,N/A,N/A,N/A,N/A,N/A,N/A,N/A,N/A,N/A,1,kworker/0,I (idle),victim2.bnsdq.ozxfs.bomyo.kvugl,0.0
1759250308,41851,1,N/A,N/A,N/A,N/A,N/A,N/A,N/A,N/A,6979584,6979584,3448832,135168,278528,1,bash,S (sleeping),victim2.bnsdq.ozxfs.bomyo.kvugl,0.0
1759250308,41849,1,N/A,N/A,N/A,N/A,N/A,N/A,N/A,N/A,6979584,6979584,3338240,135168,278528,1,bash,S (sleeping),victim2.bnsdq.ozxfs.bomyo.kvugl,0.0
1759250308,34982,2,N/A,N/A,N/A,N/A,N/A,N/A,N/A,N/A,N/A,N/A,N/A,N/A,N/A,1,kworker/u2,R (running),victim2.bnsdq.ozxfs.bomyo.kvugl,0.01110162249396447
1759250308,41934,41849,N/A,N/A,N/A,N/A,N/A,N/A,N/A,N/A,5492736,5492736,581632,135168,180224,1,sleep,S (sleeping),victim2.bnsdq.ozxfs.bomyo.kvugl,0.0
1759250308,41933,41851,N/A,N/A,N/A,N/A,N/A,N/A,N/A,N/A,5492736,5492736,516096,135168,180224,1,sleep,S (sleeping),victim2.bnsdq.ozxfs.bomyo.kvugl,0.0
1759250308,35055,1,N/A,N/A,N/A,N/A,N/A,N/A,N/A,N/A,1647706112,1580597248,20557824,135168,82202624,5,discern-interfa,S (sleeping),victim2.bnsdq.ozxfs.bomyo.kvugl,0.0037211918908209695
1759250308,35277,2,N/A,N/A,N/A,N/A,N/A,N/A,N/A,N/A,N/A,N/A,N/A,N/A,N/A,1,kworker/u2,I (idle),victim2.bnsdq.ozxfs.bomyo.kvugl,0.0
1759250313,41981,1,N/A,N/A,N/A,N/A,N/A,N/A,N/A,N/A,6979584,6979584,3338240,135168,278528,1,bash,S (sleeping),victim2.bnsdq.ozxfs.bomyo.kvugl,0.0
1759250313,41999,41981,N/A,N/A,N/A,N/A,N/A,N/A,N/A,N/A,5492736,5492736,512000,135168,180224,1,sleep,S (sleeping),victim2.bnsdq.ozxfs.bomyo.kvugl,0.0
1759250313,34982,2,N/A,N/A,N/A,N/A,N/A,N/A,N/A,N/A,N/A,N/A,N/A,N/A,N/A,1,kworker/u2,I (idle),victim2.bnsdq.ozxfs.bomyo.kvugl,0.010998722848817246
1759250313,41967,1,N/A,N/A,N/A,N/A,N/A,N/A,N/A,N/A,728137728,728137728,7860224,135168,105218048,4,foundryc,S (sleeping),victim2.bnsdq.ozxfs.bomyo.kvugl,0.0
1759250313,38133,2,N/A,N/A,N/A,N/A,N/A,N/A,N/A,N/A,N/A,N/A,N/A,N/A,N/A,1,kworker/0,I (idle),victim2.bnsdq.ozxfs.bomyo.kvugl,0.016473471768428734
1759250313,41993,41969,N/A,N/A,N/A,N/A,N/A,N/A,N/A,N/A,5492736,5492736,516096,135168,180224,1,sleep,S (sleeping),victim2.bnsdq.ozxfs.bomyo.kvugl,0.0
1759250313,41989,1,101,101,101,101,102,102,102,102,16568320,16560128,7442432,135168,622592,1,systemd-network,S (sleeping),victim2.bnsdq.ozxfs.bomyo.kvugl,0.7938845825792892
1759250313,41997,41982,N/A,N/A,N/A,N/A,N/A,N/A,N/A,N/A,5492736,5492736,516096,135168,180224,1,sleep,S (sleeping),victim2.bnsdq.ozxfs.bomyo.kvugl,0.0
1759250313,35060,2,N/A,N/A,N/A,N/A,N/A,N/A,N/A,N/A,N/A,N/A,N/A,N/A,N/A,1,kworker/u2,I (idle),victim2.bnsdq.ozxfs.bomyo.kvugl,0.011100422578387269
1759250313,35277,2,N/A,N/A,N/A,N/A,N/A,N/A,N/A,N/A,N/A,N/A,N/A,N/A,N/A,1,kworker/u2,I (idle),victim2.bnsdq.ozxfs.bomyo.kvugl,0.0
1759250313,35055,1,N/A,N/A,N/A,N/A,N/A,N/A,N/A,N/A,1647706112,1580597248,20557824,135168,82202624,5,discern-interfa,S (sleeping),victim2.bnsdq.ozxfs.bomyo.kvugl,0.003686495549331994
1759250313,39555,2,N/A,N/A,N/A,N/A,N/A,N/A,N/A,N/A,N/A,N/A,N/A,N/A,N/A,1,kworker/0,I (idle),victim2.bnsdq.ozxfs.bomyo.kvugl,0.0
1759250313,41969,1,N/A,N/A,N/A,N/A,N/A,N/A,N/A,N/A,6979584,6979584,3321856,135168,278528,1,bash,S (sleeping),victim2.bnsdq.ozxfs.bomyo.kvugl,0.0
1759250313,41982,1,N/A,N/A,N/A,N/A,N/A,N/A,N/A,N/A,6979584,6979584,3350528,135168,278528,1,bash,S (sleeping),victim2.bnsdq.ozxfs.bomyo.kvugl,0.0
1759250313,41998,41980,N/A,N/A,N/A,N/A,N/A,N/A,N/A,N/A,5492736,5492736,581632,135168,180224,1,sleep,S (sleeping),victim2.bnsdq.ozxfs.bomyo.kvugl,0.0
1759250313,41980,1,N/A,N/A,N/A,N/A,N/A,N/A,N/A,N/A,6979584,6979584,3153920,135168,278528,1,bash,S (sleeping),victim2.bnsdq.ozxfs.bomyo.kvugl,0.0
1759250313,41968,1,N/A,N/A,N/A,N/A,N/A,N/A,N/A,N/A,6979584,6979584,3293184,135168,278528,1,bash,S (sleeping),victim2.bnsdq.ozxfs.bomyo.kvugl,0.0
1759250313,41992,41968,N/A,N/A,N/A,N/A,N/A,N/A,N/A,N/A,5492736,5492736,507904,135168,180224,1,sleep,S (sleeping),victim2.bnsdq.ozxfs.bomyo.kvugl,0.0
1759250318,35055,1,N/A,N/A,N/A,N/A,N/A,N/A,N/A,N/A,1647706112,1580597248,20557824,135168,82202624,5,discern-interfa,S (sleeping),victim2.bnsdq.ozxfs.bomyo.kvugl,0.0036523694911273262
1759250318,34982,2,N/A,N/A,N/A,N/A,N/A,N/A,N/A,N/A,N/A,N/A,N/A,N/A,N/A,1,kworker/u2,I (idle),victim2.bnsdq.ozxfs.bomyo.kvugl,0.010897401984497386
1759250318,39555,2,N/A,N/A,N/A,N/A,N/A,N/A,N/A,N/A,N/A,N/A,N/A,N/A,N/A,1,kworker/0,I (idle),victim2.bnsdq.ozxfs.bomyo.kvugl,0.0
1759250318,42064,202,N/A,N/A,N/A,N/A,N/A,N/A,N/A,N/A,23040000,21975040,3932160,135168,724992,1,systemd-udevd,S (sleeping),victim2.bnsdq.ozxfs.bomyo.kvugl,0.0
1759250318,42054,1,101,101,101,101,102,102,102,102,16568320,16560128,7266304,135168,622592,1,systemd-network,S (sleeping),victim2.bnsdq.ozxfs.bomyo.kvugl,1.1580026381870863
1759250318,38133,2,N/A,N/A,N/A,N/A,N/A,N/A,N/A,N/A,N/A,N/A,N/A,N/A,N/A,1,kworker/0,I (idle),victim2.bnsdq.ozxfs.bomyo.kvugl,0.01620267841687657
1759250318,35060,2,N/A,N/A,N/A,N/A,N/A,N/A,N/A,N/A,N/A,N/A,N/A,N/A,N/A,1,kworker/u2,I (idle),victim2.bnsdq.ozxfs.bomyo.kvugl,0.010997244000846229
1759250318,35277,2,N/A,N/A,N/A,N/A,N/A,N/A,N/A,N/A,N/A,N/A,N/A,N/A,N/A,1,kworker/u2,I (idle),victim2.bnsdq.ozxfs.bomyo.kvugl,0.0
1759250323,42124,42090,N/A,N/A,N/A,N/A,N/A,N/A,N/A,N/A,5492736,5492736,585728,135168,180224,1,sleep,S (sleeping),victim2.bnsdq.ozxfs.bomyo.kvugl,0.0
1759250323,42097,1,N/A,N/A,N/A,N/A,N/A,N/A,N/A,N/A,6979584,6979584,3260416,135168,278528,1,bash,S (sleeping),victim2.bnsdq.ozxfs.bomyo.kvugl,0.0
1759250323,42128,42096,N/A,N/A,N/A,N/A,N/A,N/A,N/A,N/A,5492736,5492736,520192,135168,180224,1,sleep,S (sleeping),victim2.bnsdq.ozxfs.bomyo.kvugl,0.0
1759250323,39555,2,N/A,N/A,N/A,N/A,N/A,N/A,N/A,N/A,N/A,N/A,N/A,N/A,N/A,1,kworker/0,I (idle),victim2.bnsdq.ozxfs.bomyo.kvugl,0.0
1759250323,35055,1,N/A,N/A,N/A,N/A,N/A,N/A,N/A,N/A,1647706112,1580597248,20557824,135168,82202624,5,discern-interfa,S (sleeping),victim2.bnsdq.ozxfs.bomyo.kvugl,0.0036191188250733206
1759250323,35277,2,N/A,N/A,N/A,N/A,N/A,N/A,N/A,N/A,N/A,N/A,N/A,N/A,N/A,1,kworker/u2,I (idle),victim2.bnsdq.ozxfs.bomyo.kvugl,0.0
1759250323,38133,2,N/A,N/A,N/A,N/A,N/A,N/A,N/A,N/A,N/A,N/A,N/A,N/A,N/A,1,kworker/0,I (idle),victim2.bnsdq.ozxfs.bomyo.kvugl,0.01594280484097266
1759250323,42091,1,N/A,N/A,N/A,N/A,N/A,N/A,N/A,N/A,6979584,6979584,3231744,135168,278528,1,bash,S (sleeping),victim2.bnsdq.ozxfs.bomyo.kvugl,0.0
1759250323,35060,2,N/A,N/A,N/A,N/A,N/A,N/A,N/A,N/A,N/A,N/A,N/A,N/A,N/A,1,kworker/u2,I (idle),victim2.bnsdq.ozxfs.bomyo.kvugl,0.010896777408782568
1759250323,42086,1,N/A,N/A,N/A,N/A,N/A,N/A,N/A,N/A,728137728,728137728,7856128,135168,105218048,4,foundryc,S (sleeping),victim2.bnsdq.ozxfs.bomyo.kvugl,0.0
1759250323,42127,42091,N/A,N/A,N/A,N/A,N/A,N/A,N/A,N/A,5492736,5492736,512000,135168,180224,1,sleep,S (sleeping),victim2.bnsdq.ozxfs.bomyo.kvugl,0.0
1759250323,34982,2,N/A,N/A,N/A,N/A,N/A,N/A,N/A,N/A,N/A,N/A,N/A,N/A,N/A,1,kworker/u2,I (idle),victim2.bnsdq.ozxfs.bomyo.kvugl,0.010798705699196253
1759250323,42096,1,N/A,N/A,N/A,N/A,N/A,N/A,N/A,N/A,6979584,6979584,3338240,135168,278528,1,bash,S (sleeping),victim2.bnsdq.ozxfs.bomyo.kvugl,0.0
1759250323,42126,42087,N/A,N/A,N/A,N/A,N/A,N/A,N/A,N/A,5492736,5492736,581632,135168,180224,1,sleep,S (sleeping),victim2.bnsdq.ozxfs.bomyo.kvugl,0.0
1759250323,42108,1,101,101,101,101,102,102,102,102,16568320,16560128,7372800,135168,622592,1,systemd-network,S (sleeping),victim2.bnsdq.ozxfs.bomyo.kvugl,0.5520371388770529
1759250323,42125,42097,N/A,N/A,N/A,N/A,N/A,N/A,N/A,N/A,5492736,5492736,516096,135168,180224,1,sleep,S (sleeping),victim2.bnsdq.ozxfs.bomyo.kvugl,0.0
1759250323,42087,1,N/A,N/A,N/A,N/A,N/A,N/A,N/A,N/A,6979584,6979584,3424256,135168,278528,1,bash,S (sleeping),victim2.bnsdq.ozxfs.bomyo.kvugl,0.0
1759250323,42090,1,N/A,N/A,N/A,N/A,N/A,N/A,N/A,N/A,6979584,6979584,3297280,135168,278528,1,bash,S (sleeping),victim2.bnsdq.ozxfs.bomyo.kvugl,0.0
1759250340,42362,42339,N/A,N/A,N/A,N/A,N/A,N/A,N/A,N/A,5492736,5492736,512000,135168,180224,1,sleep,S (sleeping),victim2.bnsdq.ozxfs.bomyo.kvugl,0.0
1759250340,42353,1,101,101,101,101,102,102,102,102,16568320,16560128,7360512,135168,622592,1,systemd-network,S (sleeping),victim2.bnsdq.ozxfs.bomyo.kvugl,0.5930813302688505
1759250340,42339,1,N/A,N/A,N/A,N/A,N/A,N/A,N/A,N/A,6979584,6979584,3465216,135168,278528,1,bash,S (sleeping),victim2.bnsdq.ozxfs.bomyo.kvugl,0.0
1759250340,42340,1,N/A,N/A,N/A,N/A,N/A,N/A,N/A,N/A,6979584,6979584,3203072,135168,278528,1,bash,S (sleeping),victim2.bnsdq.ozxfs.bomyo.kvugl,0.0
1759250340,42332,1,N/A,N/A,N/A,N/A,N/A,N/A,N/A,N/A,6979584,6979584,3293184,135168,278528,1,bash,R (running),victim2.bnsdq.ozxfs.bomyo.kvugl,0.0
1759250340,42358,42332,N/A,N/A,N/A,N/A,N/A,N/A,N/A,N/A,N/A,N/A,N/A,N/A,N/A,1,sleep,Z (zombie),victim2.bnsdq.ozxfs.bomyo.kvugl,0.0
1759250340,42337,1,N/A,N/A,N/A,N/A,N/A,N/A,N/A,N/A,6979584,6979584,3424256,135168,278528,1,bash,S (sleeping),victim2.bnsdq.ozxfs.bomyo.kvugl,0.0
1759250340,42333,1,N/A,N/A,N/A,N/A,N/A,N/A,N/A,N/A,6979584,6979584,3342336,135168,278528,1,bash,S (sleeping),victim2.bnsdq.ozxfs.bomyo.kvugl,0.0
1759250340,42361,42337,N/A,N/A,N/A,N/A,N/A,N/A,N/A,N/A,5492736,5492736,581632,135168,180224,1,sleep,S (sleeping),victim2.bnsdq.ozxfs.bomyo.kvugl,0.0
1759250340,42331,1,N/A,N/A,N/A,N/A,N/A,N/A,N/A,N/A,728137728,728137728,7925760,135168,105218048,4,foundryc,S (sleeping),victim2.bnsdq.ozxfs.bomyo.kvugl,0.0
1759250340,42360,42333,N/A,N/A,N/A,N/A,N/A,N/A,N/A,N/A,5492736,5492736,581632,135168,180224,1,sleep,S (sleeping),victim2.bnsdq.ozxfs.bomyo.kvugl,0.0
1759250340,42363,42340,N/A,N/A,N/A,N/A,N/A,N/A,N/A,N/A,5492736,5492736,581632,135168,180224,1,sleep,S (sleeping),victim2.bnsdq.ozxfs.bomyo.kvugl,0.0
1759250345,42428,202,N/A,N/A,N/A,N/A,N/A,N/A,N/A,N/A,23040000,21975040,3936256,135168,724992,1,systemd-udevd,S (sleeping),victim2.bnsdq.ozxfs.bomyo.kvugl,0.0
1759250345,42418,1,101,101,101,101,102,102,102,102,16568320,16560128,7319552,135168,622592,1,systemd-network,S (sleeping),victim2.bnsdq.ozxfs.bomyo.kvugl,0.8787308977047188
1759250350,42491,42459,N/A,N/A,N/A,N/A,N/A,N/A,N/A,N/A,5492736,5492736,577536,135168,180224,1,sleep,S (sleeping),victim2.bnsdq.ozxfs.bomyo.kvugl,0.0
1759250350,42492,42453,N/A,N/A,N/A,N/A,N/A,N/A,N/A,N/A,5492736,5492736,581632,135168,180224,1,sleep,S (sleeping),victim2.bnsdq.ozxfs.bomyo.kvugl,0.0
1759250350,42463,1,N/A,N/A,N/A,N/A,N/A,N/A,N/A,N/A,6979584,6979584,3391488,135168,278528,1,bash,S (sleeping),victim2.bnsdq.ozxfs.bomyo.kvugl,0.0
1759250350,42452,1,N/A,N/A,N/A,N/A,N/A,N/A,N/A,N/A,6979584,6979584,3297280,135168,278528,1,bash,S (sleeping),victim2.bnsdq.ozxfs.bomyo.kvugl,0.0
1759250350,42489,42452,N/A,N/A,N/A,N/A,N/A,N/A,N/A,N/A,5492736,5492736,581632,135168,180224,1,sleep,S (sleeping),victim2.bnsdq.ozxfs.bomyo.kvugl,0.0
1759250350,42453,1,N/A,N/A,N/A,N/A,N/A,N/A,N/A,N/A,6979584,6979584,3215360,135168,278528,1,bash,S (sleeping),victim2.bnsdq.ozxfs.bomyo.kvugl,0.0
1759250350,42490,42463,N/A,N/A,N/A,N/A,N/A,N/A,N/A,N/A,5492736,5492736,577536,135168,180224,1,sleep,S (sleeping),victim2.bnsdq.ozxfs.bomyo.kvugl,0.0
1759250350,42451,1,N/A,N/A,N/A,N/A,N/A,N/A,N/A,N/A,728137728,728137728,7856128,135168,105218048,4,foundryc,S (sleeping),victim2.bnsdq.ozxfs.bomyo.kvugl,0.0
1759250350,42493,42457,N/A,N/A,N/A,N/A,N/A,N/A,N/A,N/A,5492736,5492736,520192,135168,180224,1,sleep,S (sleeping),victim2.bnsdq.ozxfs.bomyo.kvugl,0.0
1759250350,42457,1,N/A,N/A,N/A,N/A,N/A,N/A,N/A,N/A,6979584,6979584,3313664,135168,278528,1,bash,S (sleeping),victim2.bnsdq.ozxfs.bomyo.kvugl,0.0
1759250350,42459,1,N/A,N/A,N/A,N/A,N/A,N/A,N/A,N/A,6979584,6979584,3186688,135168,278528,1,bash,S (sleeping),victim2.bnsdq.ozxfs.bomyo.kvugl,0.0
1759250350,42473,1,101,101,101,101,102,102,102,102,16568320,16560128,7299072,135168,622592,1,systemd-network,S (sleeping),victim2.bnsdq.ozxfs.bomyo.kvugl,0.8758559448196741
1759250355,42548,202,N/A,N/A,N/A,N/A,N/A,N/A,N/A,N/A,23040000,21975040,3940352,135168,724992,1,systemd-udevd,S (sleeping),victim2.bnsdq.ozxfs.bomyo.kvugl,0.0
1759250355,42528,1,101,101,101,101,102,102,102,102,16568320,16560128,7299072,135168,622592,1,systemd-network,S (sleeping),victim2.bnsdq.ozxfs.bomyo.kvugl,0.8656676511665362
1759250360,42581,1,N/A,N/A,N/A,N/A,N/A,N/A,N/A,N/A,6979584,6979584,3248128,135168,278528,1,bash,S (sleeping),victim2.bnsdq.ozxfs.bomyo.kvugl,0.0
1759250360,42582,1,N/A,N/A,N/A,N/A,N/A,N/A,N/A,N/A,6979584,6979584,3149824,135168,278528,1,bash,S (sleeping),victim2.bnsdq.ozxfs.bomyo.kvugl,0.0
1759250360,42620,42583,N/A,N/A,N/A,N/A,N/A,N/A,N/A,N/A,5492736,5492736,581632,135168,180224,1,sleep,S (sleeping),victim2.bnsdq.ozxfs.bomyo.kvugl,0.0
1759250360,42619,42581,N/A,N/A,N/A,N/A,N/A,N/A,N/A,N/A,5492736,5492736,512000,135168,180224,1,sleep,S (sleeping),victim2.bnsdq.ozxfs.bomyo.kvugl,0.0
1759250360,42583,1,N/A,N/A,N/A,N/A,N/A,N/A,N/A,N/A,6979584,6979584,3362816,135168,278528,1,bash,S (sleeping),victim2.bnsdq.ozxfs.bomyo.kvugl,0.0
1759250360,42613,42572,N/A,N/A,N/A,N/A,N/A,N/A,N/A,N/A,5492736,5492736,512000,135168,180224,1,sleep,S (sleeping),victim2.bnsdq.ozxfs.bomyo.kvugl,0.0
1759250360,42568,1,N/A,N/A,N/A,N/A,N/A,N/A,N/A,N/A,728137728,728137728,7860224,135168,105218048,4,foundryc,S (sleeping),victim2.bnsdq.ozxfs.bomyo.kvugl,0.0
1759250360,42569,1,N/A,N/A,N/A,N/A,N/A,N/A,N/A,N/A,6979584,6979584,3309568,135168,278528,1,bash,S (sleeping),victim2.bnsdq.ozxfs.bomyo.kvugl,0.0
1759250360,42614,42569,N/A,N/A,N/A,N/A,N/A,N/A,N/A,N/A,5492736,5492736,581632,135168,180224,1,sleep,S (sleeping),victim2.bnsdq.ozxfs.bomyo.kvugl,0.0
1759250360,42616,42582,N/A,N/A,N/A,N/A,N/A,N/A,N/A,N/A,5492736,5492736,581632,135168,180224,1,sleep,S (sleeping),victim2.bnsdq.ozxfs.bomyo.kvugl,0.0
1759250360,42572,1,N/A,N/A,N/A,N/A,N/A,N/A,N/A,N/A,6979584,6979584,3235840,135168,278528,1,bash,S (sleeping),victim2.bnsdq.ozxfs.bomyo.kvugl,0.0
1759250360,42590,1,101,101,101,101,102,102,102,102,16568320,16560128,7376896,135168,622592,1,systemd-network,S (sleeping),victim2.bnsdq.ozxfs.bomyo.kvugl,0.6700031924870452
1759250365,42655,1,101,101,101,101,102,102,102,102,16568320,16560128,7176192,135168,622592,1,systemd-network,S (sleeping),victim2.bnsdq.ozxfs.bomyo.kvugl,0.442724343686761
1759250370,42689,1,N/A,N/A,N/A,N/A,N/A,N/A,N/A,N/A,6979584,6979584,3227648,135168,278528,1,bash,S (sleeping),victim2.bnsdq.ozxfs.bomyo.kvugl,0.0
1759250370,42693,1,N/A,N/A,N/A,N/A,N/A,N/A,N/A,N/A,6979584,6979584,3276800,135168,278528,1,bash,S (sleeping),victim2.bnsdq.ozxfs.bomyo.kvugl,0.0
1759250370,42688,1,N/A,N/A,N/A,N/A,N/A,N/A,N/A,N/A,6979584,6979584,3399680,135168,278528,1,bash,S (sleeping),victim2.bnsdq.ozxfs.bomyo.kvugl,0.0
1759250370,42687,1,N/A,N/A,N/A,N/A,N/A,N/A,N/A,N/A,728137728,728137728,7856128,135168,105218048,4,foundryc,S (sleeping),victim2.bnsdq.ozxfs.bomyo.kvugl,0.0
1759250370,42700,1,N/A,N/A,N/A,N/A,N/A,N/A,N/A,N/A,6979584,6979584,3231744,135168,278528,1,bash,S (sleeping),victim2.bnsdq.ozxfs.bomyo.kvugl,0.0
1759250370,42747,42695,N/A,N/A,N/A,N/A,N/A,N/A,N/A,N/A,5492736,5492736,516096,135168,180224,1,sleep,S (sleeping),victim2.bnsdq.ozxfs.bomyo.kvugl,0.0
1759250370,42709,1,101,101,101,101,102,102,102,102,16568320,16560128,7442432,135168,622592,1,systemd-network,S (sleeping),victim2.bnsdq.ozxfs.bomyo.kvugl,0.3620179140412418
1759250370,42741,42688,N/A,N/A,N/A,N/A,N/A,N/A,N/A,N/A,5492736,5492736,516096,135168,180224,1,sleep,S (sleeping),victim2.bnsdq.ozxfs.bomyo.kvugl,0.0
1759250370,42743,42700,N/A,N/A,N/A,N/A,N/A,N/A,N/A,N/A,5492736,5492736,516096,135168,180224,1,sleep,S (sleeping),victim2.bnsdq.ozxfs.bomyo.kvugl,0.0
1759250370,42695,1,N/A,N/A,N/A,N/A,N/A,N/A,N/A,N/A,6979584,6979584,3309568,135168,278528,1,bash,S (sleeping),victim2.bnsdq.ozxfs.bomyo.kvugl,0.0
1759250370,42748,42693,N/A,N/A,N/A,N/A,N/A,N/A,N/A,N/A,5492736,5492736,520192,135168,180224,1,sleep,S (sleeping),victim2.bnsdq.ozxfs.bomyo.kvugl,0.0
1759250370,42749,42689,N/A,N/A,N/A,N/A,N/A,N/A,N/A,N/A,5492736,5492736,512000,135168,180224,1,sleep,S (sleeping),victim2.bnsdq.ozxfs.bomyo.kvugl,0.0
1759250375,42818,1,N/A,N/A,N/A,N/A,N/A,N/A,N/A,N/A,6979584,6979584,3313664,135168,278528,1,bash,S (sleeping),victim2.bnsdq.ozxfs.bomyo.kvugl,0.0
1759250375,42829,42818,N/A,N/A,N/A,N/A,N/A,N/A,N/A,N/A,5492736,5492736,581632,135168,180224,1,sleep,S (sleeping),victim2.bnsdq.ozxfs.bomyo.kvugl,0.0
1759250375,42816,1,N/A,N/A,N/A,N/A,N/A,N/A,N/A,N/A,6979584,6979584,3436544,135168,278528,1,bash,S (sleeping),victim2.bnsdq.ozxfs.bomyo.kvugl,0.0
1759250375,42812,1,N/A,N/A,N/A,N/A,N/A,N/A,N/A,N/A,6979584,6979584,3313664,135168,278528,1,bash,S (sleeping),victim2.bnsdq.ozxfs.bomyo.kvugl,0.0
1759250375,42828,42810,N/A,N/A,N/A,N/A,N/A,N/A,N/A,N/A,5492736,5492736,520192,135168,180224,1,sleep,S (sleeping),victim2.bnsdq.ozxfs.bomyo.kvugl,0.0
1759250375,42810,1,N/A,N/A,N/A,N/A,N/A,N/A,N/A,N/A,6979584,6979584,3399680,135168,278528,1,bash,S (sleeping),victim2.bnsdq.ozxfs.bomyo.kvugl,0.0
1759250375,42830,1,101,101,101,101,102,102,102,102,16568320,16560128,7327744,135168,622592,1,systemd-network,S (sleeping),victim2.bnsdq.ozxfs.bomyo.kvugl,1.2726634555967753
1759250375,42825,42809,N/A,N/A,N/A,N/A,N/A,N/A,N/A,N/A,5492736,5492736,581632,135168,180224,1,sleep,S (sleeping),victim2.bnsdq.ozxfs.bomyo.kvugl,0.0
1759250375,42808,1,N/A,N/A,N/A,N/A,N/A,N/A,N/A,N/A,728137728,728137728,7675904,135168,105218048,4,foundryc,S (sleeping),victim2.bnsdq.ozxfs.bomyo.kvugl,0.0
1759250375,42827,42812,N/A,N/A,N/A,N/A,N/A,N/A,N/A,N/A,5492736,5492736,577536,135168,180224,1,sleep,S (sleeping),victim2.bnsdq.ozxfs.bomyo.kvugl,0.0
1759250375,42826,42816,N/A,N/A,N/A,N/A,N/A,N/A,N/A,N/A,5492736,5492736,581632,135168,180224,1,sleep,S (sleeping),victim2.bnsdq.ozxfs.bomyo.kvugl,0.0
1759250375,42809,1,N/A,N/A,N/A,N/A,N/A,N/A,N/A,N/A,6979584,6979584,3211264,135168,278528,1,bash,S (sleeping),victim2.bnsdq.ozxfs.bomyo.kvugl,0.0
1759250380,42895,42818,N/A,N/A,N/A,N/A,N/A,N/A,N/A,N/A,5492736,5492736,581632,135168,180224,1,sleep,S (sleeping),victim2.bnsdq.ozxfs.bomyo.kvugl,0.0
1759250380,42893,42809,N/A,N/A,N/A,N/A,N/A,N/A,N/A,N/A,5492736,5492736,581632,135168,180224,1,sleep,S (sleeping),victim2.bnsdq.ozxfs.bomyo.kvugl,0.0
1759250380,42818,1,N/A,N/A,N/A,N/A,N/A,N/A,N/A,N/A,6979584,6979584,3325952,135168,278528,1,bash,S (sleeping),victim2.bnsdq.ozxfs.bomyo.kvugl,0.0
1759250380,42888,1,101,101,101,101,102,102,102,102,16568320,16560128,7307264,135168,622592,1,systemd-network,S (sleeping),victim2.bnsdq.ozxfs.bomyo.kvugl,1.8568077450788347
1759250380,42816,1,N/A,N/A,N/A,N/A,N/A,N/A,N/A,N/A,6979584,6979584,3465216,135168,278528,1,bash,S (sleeping),victim2.bnsdq.ozxfs.bomyo.kvugl,0.0
1759250380,42886,42816,N/A,N/A,N/A,N/A,N/A,N/A,N/A,N/A,5492736,5492736,516096,135168,180224,1,sleep,S (sleeping),victim2.bnsdq.ozxfs.bomyo.kvugl,0.0
1759250380,42812,1,N/A,N/A,N/A,N/A,N/A,N/A,N/A,N/A,6979584,6979584,3330048,135168,278528,1,bash,S (sleeping),victim2.bnsdq.ozxfs.bomyo.kvugl,0.0
1759250380,42889,42812,N/A,N/A,N/A,N/A,N/A,N/A,N/A,N/A,5492736,5492736,512000,135168,180224,1,sleep,S (sleeping),victim2.bnsdq.ozxfs.bomyo.kvugl,0.0
1759250380,42809,1,N/A,N/A,N/A,N/A,N/A,N/A,N/A,N/A,6979584,6979584,3293184,135168,278528,1,bash,S (sleeping),victim2.bnsdq.ozxfs.bomyo.kvugl,0.0
1759250380,42905,202,N/A,N/A,N/A,N/A,N/A,N/A,N/A,N/A,23040000,21975040,3952640,135168,724992,1,systemd-udevd,S (sleeping),victim2.bnsdq.ozxfs.bomyo.kvugl,0.0
1759250380,42810,1,N/A,N/A,N/A,N/A,N/A,N/A,N/A,N/A,6979584,6979584,3424256,135168,278528,1,bash,S (sleeping),victim2.bnsdq.ozxfs.bomyo.kvugl,0.0
1759250380,42894,42810,N/A,N/A,N/A,N/A,N/A,N/A,N/A,N/A,5492736,5492736,581632,135168,180224,1,sleep,S (sleeping),victim2.bnsdq.ozxfs.bomyo.kvugl,0.0
1759250385,42952,42928,N/A,N/A,N/A,N/A,N/A,N/A,N/A,N/A,5492736,5492736,585728,135168,180224,1,sleep,S (sleeping),victim2.bnsdq.ozxfs.bomyo.kvugl,0.0
1759250385,42926,1,N/A,N/A,N/A,N/A,N/A,N/A,N/A,N/A,728137728,728137728,7860224,135168,105218048,4,foundryc,S (sleeping),victim2.bnsdq.ozxfs.bomyo.kvugl,0.0
1759250385,42948,1,101,101,101,101,102,102,102,102,16568320,16560128,7208960,135168,622592,1,systemd-network,S (sleeping),victim2.bnsdq.ozxfs.bomyo.kvugl,1.8041885601390177
1759250385,42956,42932,N/A,N/A,N/A,N/A,N/A,N/A,N/A,N/A,5492736,5492736,516096,135168,180224,1,sleep,S (sleeping),victim2.bnsdq.ozxfs.bomyo.kvugl,0.0
1759250385,42958,42937,N/A,N/A,N/A,N/A,N/A,N/A,N/A,N/A,5492736,5492736,516096,135168,180224,1,sleep,S (sleeping),victim2.bnsdq.ozxfs.bomyo.kvugl,0.0
1759250385,42957,42927,N/A,N/A,N/A,N/A,N/A,N/A,N/A,N/A,5492736,5492736,585728,135168,180224,1,sleep,S (sleeping),victim2.bnsdq.ozxfs.bomyo.kvugl,0.0
1759250385,42927,1,N/A,N/A,N/A,N/A,N/A,N/A,N/A,N/A,6979584,6979584,3215360,135168,278528,1,bash,S (sleeping),victim2.bnsdq.ozxfs.bomyo.kvugl,0.0
1759250385,42928,1,N/A,N/A,N/A,N/A,N/A,N/A,N/A,N/A,6979584,6979584,3309568,135168,278528,1,bash,S (sleeping),victim2.bnsdq.ozxfs.bomyo.kvugl,0.0
1759250385,42932,1,N/A,N/A,N/A,N/A,N/A,N/A,N/A,N/A,6979584,6979584,3309568,135168,278528,1,bash,S (sleeping),victim2.bnsdq.ozxfs.bomyo.kvugl,0.0
1759250385,42955,42934,N/A,N/A,N/A,N/A,N/A,N/A,N/A,N/A,5492736,5492736,516096,135168,180224,1,sleep,S (sleeping),victim2.bnsdq.ozxfs.bomyo.kvugl,0.0
1759250385,42937,1,N/A,N/A,N/A,N/A,N/A,N/A,N/A,N/A,6979584,6979584,3305472,135168,278528,1,bash,S (sleeping),victim2.bnsdq.ozxfs.bomyo.kvugl,0.0
1759250385,42934,1,N/A,N/A,N/A,N/A,N/A,N/A,N/A,N/A,6979584,6979584,3461120,135168,278528,1,bash,S (sleeping),victim2.bnsdq.ozxfs.bomyo.kvugl,0.0
1759250390,42932,1,N/A,N/A,N/A,N/A,N/A,N/A,N/A,N/A,6979584,6979584,3309568,135168,278528,1,bash,S (sleeping),victim2.bnsdq.ozxfs.bomyo.kvugl,0.0
1759250390,43013,1,101,101,101,101,102,102,102,102,16568320,16560128,7352320,135168,622592,1,systemd-network,S (sleeping),victim2.bnsdq.ozxfs.bomyo.kvugl,1.1713859792988732
1759250390,43033,1,N/A,N/A,N/A,N/A,N/A,N/A,N/A,N/A,169230336,169230336,4997120,1060864,19566592,1,(sorcerer),R (running),victim2.bnsdq.ozxfs.bomyo.kvugl,0.0
1759250390,43023,202,N/A,N/A,N/A,N/A,N/A,N/A,N/A,N/A,23040000,21975040,3948544,135168,724992,1,systemd-udevd,S (sleeping),victim2.bnsdq.ozxfs.bomyo.kvugl,0.0
1759250390,43035,42932,N/A,N/A,N/A,N/A,N/A,N/A,N/A,N/A,6979584,6979584,249856,135168,278528,1,bash,R (running),victim2.bnsdq.ozxfs.bomyo.kvugl,0.0
1759250390,42927,1,N/A,N/A,N/A,N/A,N/A,N/A,N/A,N/A,6979584,6979584,3223552,135168,278528,1,bash,S (sleeping),victim2.bnsdq.ozxfs.bomyo.kvugl,0.0
1759250390,43034,42927,N/A,N/A,N/A,N/A,N/A,N/A,N/A,N/A,10379264,10379264,1241088,135168,294912,1,systemctl,R (running),victim2.bnsdq.ozxfs.bomyo.kvugl,0.0
1759250395,43046,1,N/A,N/A,N/A,N/A,N/A,N/A,N/A,N/A,6979584,6979584,3371008,135168,278528,1,bash,S (sleeping),victim2.bnsdq.ozxfs.bomyo.kvugl,0.0
1759250395,43045,1,N/A,N/A,N/A,N/A,N/A,N/A,N/A,N/A,728137728,728137728,7864320,135168,105218048,4,foundryc,S (sleeping),victim2.bnsdq.ozxfs.bomyo.kvugl,0.0
1759250395,43053,1,N/A,N/A,N/A,N/A,N/A,N/A,N/A,N/A,6979584,6979584,3235840,135168,278528,1,bash,S (sleeping),victim2.bnsdq.ozxfs.bomyo.kvugl,0.0
1759250395,43047,1,N/A,N/A,N/A,N/A,N/A,N/A,N/A,N/A,6979584,6979584,3190784,135168,278528,1,bash,S (sleeping),victim2.bnsdq.ozxfs.bomyo.kvugl,0.0
1759250395,43076,43047,N/A,N/A,N/A,N/A,N/A,N/A,N/A,N/A,5492736,5492736,520192,135168,180224,1,sleep,S (sleeping),victim2.bnsdq.ozxfs.bomyo.kvugl,0.0
1759250395,43052,1,N/A,N/A,N/A,N/A,N/A,N/A,N/A,N/A,6979584,6979584,3153920,135168,278528,1,bash,S (sleeping),victim2.bnsdq.ozxfs.bomyo.kvugl,0.0
1759250395,43048,1,N/A,N/A,N/A,N/A,N/A,N/A,N/A,N/A,6979584,6979584,3330048,135168,278528,1,bash,S (sleeping),victim2.bnsdq.ozxfs.bomyo.kvugl,0.0
1759250395,43067,1,101,101,101,101,102,102,102,102,16568320,16560128,7319552,135168,622592,1,systemd-network,S (sleeping),victim2.bnsdq.ozxfs.bomyo.kvugl,1.0975743253259647
1759250395,43075,43053,N/A,N/A,N/A,N/A,N/A,N/A,N/A,N/A,5492736,5492736,512000,135168,180224,1,sleep,S (sleeping),victim2.bnsdq.ozxfs.bomyo.kvugl,0.0
1759250395,43074,43052,N/A,N/A,N/A,N/A,N/A,N/A,N/A,N/A,5492736,5492736,512000,135168,180224,1,sleep,S (sleeping),victim2.bnsdq.ozxfs.bomyo.kvugl,0.0
1759250395,43077,43048,N/A,N/A,N/A,N/A,N/A,N/A,N/A,N/A,5492736,5492736,577536,135168,180224,1,sleep,S (sleeping),victim2.bnsdq.ozxfs.bomyo.kvugl,0.0
1759250395,43073,43046,N/A,N/A,N/A,N/A,N/A,N/A,N/A,N/A,5492736,5492736,577536,135168,180224,1,sleep,S (sleeping),victim2.bnsdq.ozxfs.bomyo.kvugl,0.0
1759250400,43142,202,N/A,N/A,N/A,N/A,N/A,N/A,N/A,N/A,23040000,21975040,3948544,135168,724992,1,systemd-udevd,S (sleeping),victim2.bnsdq.ozxfs.bomyo.kvugl,0.0
1759250400,43132,1,101,101,101,101,102,102,102,102,16568320,16560128,7491584,135168,622592,1,systemd-network,S (sleeping),victim2.bnsdq.ozxfs.bomyo.kvugl,1.0805718249080907
1759250405,43214,43177,N/A,N/A,N/A,N/A,N/A,N/A,N/A,N/A,5492736,5492736,581632,135168,180224,1,sleep,S (sleeping),victim2.bnsdq.ozxfs.bomyo.kvugl,0.0
1759250405,43212,43184,N/A,N/A,N/A,N/A,N/A,N/A,N/A,N/A,5492736,5492736,512000,135168,180224,1,sleep,S (sleeping),victim2.bnsdq.ozxfs.bomyo.kvugl,0.0
1759250405,43176,1,N/A,N/A,N/A,N/A,N/A,N/A,N/A,N/A,6979584,6979584,3321856,135168,278528,1,bash,S (sleeping),victim2.bnsdq.ozxfs.bomyo.kvugl,0.0
1759250405,43184,1,N/A,N/A,N/A,N/A,N/A,N/A,N/A,N/A,6979584,6979584,3264512,135168,278528,1,bash,S (sleeping),victim2.bnsdq.ozxfs.bomyo.kvugl,0.0
1759250405,43206,43176,N/A,N/A,N/A,N/A,N/A,N/A,N/A,N/A,5492736,5492736,512000,135168,180224,1,sleep,S (sleeping),victim2.bnsdq.ozxfs.bomyo.kvugl,0.0
1759250405,43165,1,N/A,N/A,N/A,N/A,N/A,N/A,N/A,N/A,728137728,728137728,7864320,135168,105218048,4,foundryc,S (sleeping),victim2.bnsdq.ozxfs.bomyo.kvugl,0.0
1759250405,43178,1,N/A,N/A,N/A,N/A,N/A,N/A,N/A,N/A,6979584,6979584,3309568,135168,278528,1,bash,S (sleeping),victim2.bnsdq.ozxfs.bomyo.kvugl,0.0
1759250405,43216,43166,N/A,N/A,N/A,N/A,N/A,N/A,N/A,N/A,5492736,5492736,520192,135168,180224,1,sleep,S (sleeping),victim2.bnsdq.ozxfs.bomyo.kvugl,0.0
1759250405,43211,43180,N/A,N/A,N/A,N/A,N/A,N/A,N/A,N/A,5492736,5492736,516096,135168,180224,1,sleep,S (sleeping),victim2.bnsdq.ozxfs.bomyo.kvugl,0.0
1759250405,43175,1,101,101,101,101,102,102,102,102,16568320,16560128,7352320,135168,622592,1,systemd-network,R (running),victim2.bnsdq.ozxfs.bomyo.kvugl,0.7924111083982183
1759250405,43180,1,N/A,N/A,N/A,N/A,N/A,N/A,N/A,N/A,6979584,6979584,3198976,135168,278528,1,bash,S (sleeping),victim2.bnsdq.ozxfs.bomyo.kvugl,0.0
1759250405,43166,1,N/A,N/A,N/A,N/A,N/A,N/A,N/A,N/A,6979584,6979584,3428352,135168,278528,1,bash,S (sleeping),victim2.bnsdq.ozxfs.bomyo.kvugl,0.0
1759250405,43177,1,N/A,N/A,N/A,N/A,N/A,N/A,N/A,N/A,6979584,6979584,3309568,135168,278528,1,bash,S (sleeping),victim2.bnsdq.ozxfs.bomyo.kvugl,0.0
1759250405,43213,43178,N/A,N/A,N/A,N/A,N/A,N/A,N/A,N/A,5492736,5492736,512000,135168,180224,1,sleep,S (sleeping),victim2.bnsdq.ozxfs.bomyo.kvugl,0.0
1759250421,43464,43425,N/A,N/A,N/A,N/A,N/A,N/A,N/A,N/A,5492736,5492736,512000,135168,180224,1,sleep,S (sleeping),victim2.bnsdq.ozxfs.bomyo.kvugl,0.0
1759250421,43423,1,N/A,N/A,N/A,N/A,N/A,N/A,N/A,N/A,6979584,6979584,3280896,135168,278528,1,bash,S (sleeping),victim2.bnsdq.ozxfs.bomyo.kvugl,0.0
1759250421,43463,43426,N/A,N/A,N/A,N/A,N/A,N/A,N/A,N/A,5492736,5492736,577536,135168,180224,1,sleep,S (sleeping),victim2.bnsdq.ozxfs.bomyo.kvugl,0.0
1759250421,43426,1,N/A,N/A,N/A,N/A,N/A,N/A,N/A,N/A,6979584,6979584,3317760,135168,278528,1,bash,S (sleeping),victim2.bnsdq.ozxfs.bomyo.kvugl,0.0
1759250421,43427,1,N/A,N/A,N/A,N/A,N/A,N/A,N/A,N/A,6979584,6979584,3362816,135168,278528,1,bash,S (sleeping),victim2.bnsdq.ozxfs.bomyo.kvugl,0.0
1759250421,43425,1,N/A,N/A,N/A,N/A,N/A,N/A,N/A,N/A,6979584,6979584,3317760,135168,278528,1,bash,S (sleeping),victim2.bnsdq.ozxfs.bomyo.kvugl,0.0
1759250421,43462,43423,N/A,N/A,N/A,N/A,N/A,N/A,N/A,N/A,5492736,5492736,577536,135168,180224,1,sleep,S (sleeping),victim2.bnsdq.ozxfs.bomyo.kvugl,0.0
1759250421,43444,1,101,101,101,101,102,102,102,102,16568320,16560128,7389184,135168,622592,1,systemd-network,S (sleeping),victim2.bnsdq.ozxfs.bomyo.kvugl,1.040233468390751
1759250421,43459,43424,N/A,N/A,N/A,N/A,N/A,N/A,N/A,N/A,5492736,5492736,581632,135168,180224,1,sleep,S (sleeping),victim2.bnsdq.ozxfs.bomyo.kvugl,0.0
1759250421,43422,1,N/A,N/A,N/A,N/A,N/A,N/A,N/A,N/A,728137728,728137728,8192000,135168,105218048,4,foundryc,S (sleeping),victim2.bnsdq.ozxfs.bomyo.kvugl,0.0
1759250421,43457,43427,N/A,N/A,N/A,N/A,N/A,N/A,N/A,N/A,5492736,5492736,516096,135168,180224,1,sleep,S (sleeping),victim2.bnsdq.ozxfs.bomyo.kvugl,0.0
1759250421,43424,1,N/A,N/A,N/A,N/A,N/A,N/A,N/A,N/A,6979584,6979584,3301376,135168,278528,1,bash,S (sleeping),victim2.bnsdq.ozxfs.bomyo.kvugl,0.0
1759250426,43509,1,101,101,101,101,102,102,102,102,16568320,16560128,7471104,135168,622592,1,systemd-network,S (sleeping),victim2.bnsdq.ozxfs.bomyo.kvugl,1.0272404066443872
1759250426,43519,202,N/A,N/A,N/A,N/A,N/A,N/A,N/A,N/A,23040000,21975040,3948544,135168,724992,1,systemd-udevd,S (sleeping),victim2.bnsdq.ozxfs.bomyo.kvugl,0.0
1759250431,43547,1,N/A,N/A,N/A,N/A,N/A,N/A,N/A,N/A,6979584,6979584,3223552,135168,278528,1,bash,S (sleeping),victim2.bnsdq.ozxfs.bomyo.kvugl,0.0
1759250431,43589,43551,N/A,N/A,N/A,N/A,N/A,N/A,N/A,N/A,5492736,5492736,507904,135168,180224,1,sleep,S (sleeping),victim2.bnsdq.ozxfs.bomyo.kvugl,0.0
1759250431,43545,1,N/A,N/A,N/A,N/A,N/A,N/A,N/A,N/A,6979584,6979584,3313664,135168,278528,1,bash,S (sleeping),victim2.bnsdq.ozxfs.bomyo.kvugl,0.0
1759250431,43594,43547,N/A,N/A,N/A,N/A,N/A,N/A,N/A,N/A,5492736,5492736,577536,135168,180224,1,sleep,S (sleeping),victim2.bnsdq.ozxfs.bomyo.kvugl,0.0
1759250431,43544,1,N/A,N/A,N/A,N/A,N/A,N/A,N/A,N/A,6979584,6979584,3268608,135168,278528,1,bash,S (sleeping),victim2.bnsdq.ozxfs.bomyo.kvugl,0.0
1759250431,43551,1,N/A,N/A,N/A,N/A,N/A,N/A,N/A,N/A,6979584,6979584,3264512,135168,278528,1,bash,S (sleeping),victim2.bnsdq.ozxfs.bomyo.kvugl,0.0
1759250431,43595,43544,N/A,N/A,N/A,N/A,N/A,N/A,N/A,N/A,5492736,5492736,577536,135168,180224,1,sleep,S (sleeping),victim2.bnsdq.ozxfs.bomyo.kvugl,0.0
1759250431,43543,1,N/A,N/A,N/A,N/A,N/A,N/A,N/A,N/A,728137728,728137728,7798784,135168,105218048,4,foundryc,S (sleeping),victim2.bnsdq.ozxfs.bomyo.kvugl,0.0
1759250431,43587,43545,N/A,N/A,N/A,N/A,N/A,N/A,N/A,N/A,5492736,5492736,516096,135168,180224,1,sleep,S (sleeping),victim2.bnsdq.ozxfs.bomyo.kvugl,0.0
1759250431,43593,43550,N/A,N/A,N/A,N/A,N/A,N/A,N/A,N/A,5492736,5492736,512000,135168,180224,1,sleep,S (sleeping),victim2.bnsdq.ozxfs.bomyo.kvugl,0.0
1759250431,43550,1,N/A,N/A,N/A,N/A,N/A,N/A,N/A,N/A,6979584,6979584,3268608,135168,278528,1,bash,S (sleeping),victim2.bnsdq.ozxfs.bomyo.kvugl,0.0
1759250431,43565,1,101,101,101,101,102,102,102,102,16568320,16560128,7426048,135168,622592,1,systemd-network,S (sleeping),victim2.bnsdq.ozxfs.bomyo.kvugl,0.5084457038802712
1759250436,43630,1,101,101,101,101,102,102,102,102,16568320,16560128,7364608,135168,622592,1,systemd-network,S (sleeping),victim2.bnsdq.ozxfs.bomyo.kvugl,0.7549871578924238
1759250436,43640,202,N/A,N/A,N/A,N/A,N/A,N/A,N/A,N/A,23040000,21975040,3952640,135168,724992,1,systemd-udevd,S (sleeping),victim2.bnsdq.ozxfs.bomyo.kvugl,0.0
1759250441,43667,1,N/A,N/A,N/A,N/A,N/A,N/A,N/A,N/A,6979584,6979584,3297280,135168,278528,1,bash,S (sleeping),victim2.bnsdq.ozxfs.bomyo.kvugl,0.0
1759250441,43713,43667,N/A,N/A,N/A,N/A,N/A,N/A,N/A,N/A,5492736,5492736,581632,135168,180224,1,sleep,S (sleeping),victim2.bnsdq.ozxfs.bomyo.kvugl,0.0
1759250441,43715,43670,N/A,N/A,N/A,N/A,N/A,N/A,N/A,N/A,5492736,5492736,512000,135168,180224,1,sleep,S (sleeping),victim2.bnsdq.ozxfs.bomyo.kvugl,0.0
1759250441,43664,1,N/A,N/A,N/A,N/A,N/A,N/A,N/A,N/A,6979584,6979584,3309568,135168,278528,1,bash,S (sleeping),victim2.bnsdq.ozxfs.bomyo.kvugl,0.0
1759250441,43668,1,N/A,N/A,N/A,N/A,N/A,N/A,N/A,N/A,6979584,6979584,3215360,135168,278528,1,bash,S (sleeping),victim2.bnsdq.ozxfs.bomyo.kvugl,0.0
1759250442,43670,1,N/A,N/A,N/A,N/A,N/A,N/A,N/A,N/A,6979584,6979584,3215360,135168,278528,1,bash,S (sleeping),victim2.bnsdq.ozxfs.bomyo.kvugl,0.0
1759250442,43685,1,101,101,101,101,102,102,102,102,16568320,16560128,7311360,135168,622592,1,systemd-network,S (sleeping),victim2.bnsdq.ozxfs.bomyo.kvugl,0.40129368705694973
1759250442,43712,43668,N/A,N/A,N/A,N/A,N/A,N/A,N/A,N/A,5492736,5492736,512000,135168,180224,1,sleep,S (sleeping),victim2.bnsdq.ozxfs.bomyo.kvugl,0.0
1759250442,43707,43664,N/A,N/A,N/A,N/A,N/A,N/A,N/A,N/A,5492736,5492736,516096,135168,180224,1,sleep,S (sleeping),victim2.bnsdq.ozxfs.bomyo.kvugl,0.0
1759250442,43676,1,N/A,N/A,N/A,N/A,N/A,N/A,N/A,N/A,6979584,6979584,3297280,135168,278528,1,bash,S (sleeping),victim2.bnsdq.ozxfs.bomyo.kvugl,0.0
1759250442,43663,1,N/A,N/A,N/A,N/A,N/A,N/A,N/A,N/A,728137728,728137728,7917568,135168,105218048,4,foundryc,S (sleeping),victim2.bnsdq.ozxfs.bomyo.kvugl,0.0
1759250442,43714,43676,N/A,N/A,N/A,N/A,N/A,N/A,N/A,N/A,5492736,5492736,512000,135168,180224,1,sleep,S (sleeping),victim2.bnsdq.ozxfs.bomyo.kvugl,0.0
1759250447,43760,202,N/A,N/A,N/A,N/A,N/A,N/A,N/A,N/A,23040000,21975040,3948544,135168,724992,1,systemd-udevd,S (sleeping),victim2.bnsdq.ozxfs.bomyo.kvugl,0.0
1759250447,43750,1,101,101,101,101,102,102,102,102,16568320,16560128,7503872,135168,622592,1,systemd-network,S (sleeping),victim2.bnsdq.ozxfs.bomyo.kvugl,0.3974982095508022
1759250452,43838,43790,N/A,N/A,N/A,N/A,N/A,N/A,N/A,N/A,5492736,5492736,520192,135168,180224,1,sleep,S (sleeping),victim2.bnsdq.ozxfs.bomyo.kvugl,0.0
1759250452,43783,1,N/A,N/A,N/A,N/A,N/A,N/A,N/A,N/A,6979584,6979584,3330048,135168,278528,1,bash,S (sleeping),victim2.bnsdq.ozxfs.bomyo.kvugl,0.0
1759250452,43836,43789,N/A,N/A,N/A,N/A,N/A,N/A,N/A,N/A,5492736,5492736,581632,135168,180224,1,sleep,S (sleeping),victim2.bnsdq.ozxfs.bomyo.kvugl,0.0
1759250452,43804,1,101,101,101,101,102,102,102,102,16568320,16560128,7372800,135168,622592,1,systemd-network,S (sleeping),victim2.bnsdq.ozxfs.bomyo.kvugl,0.4966577797962862
1759250452,43790,1,N/A,N/A,N/A,N/A,N/A,N/A,N/A,N/A,6979584,6979584,3325952,135168,278528,1,bash,S (sleeping),victim2.bnsdq.ozxfs.bomyo.kvugl,0.0
1759250452,43782,1,N/A,N/A,N/A,N/A,N/A,N/A,N/A,N/A,728137728,728137728,7921664,135168,105218048,4,foundryc,S (sleeping),victim2.bnsdq.ozxfs.bomyo.kvugl,0.0
1759250452,43784,1,N/A,N/A,N/A,N/A,N/A,N/A,N/A,N/A,6979584,6979584,3276800,135168,278528,1,bash,S (sleeping),victim2.bnsdq.ozxfs.bomyo.kvugl,0.0
1759250452,43786,1,N/A,N/A,N/A,N/A,N/A,N/A,N/A,N/A,6979584,6979584,3391488,135168,278528,1,bash,S (sleeping),victim2.bnsdq.ozxfs.bomyo.kvugl,0.0
1759250452,43843,43784,N/A,N/A,N/A,N/A,N/A,N/A,N/A,N/A,5492736,5492736,577536,135168,180224,1,sleep,S (sleeping),victim2.bnsdq.ozxfs.bomyo.kvugl,0.0
1759250452,43844,43783,N/A,N/A,N/A,N/A,N/A,N/A,N/A,N/A,5492736,5492736,516096,135168,180224,1,sleep,S (sleeping),victim2.bnsdq.ozxfs.bomyo.kvugl,0.0
1759250452,43842,43786,N/A,N/A,N/A,N/A,N/A,N/A,N/A,N/A,5492736,5492736,585728,135168,180224,1,sleep,S (sleeping),victim2.bnsdq.ozxfs.bomyo.kvugl,0.0
1759250452,43789,1,N/A,N/A,N/A,N/A,N/A,N/A,N/A,N/A,6979584,6979584,3301376,135168,278528,1,bash,S (sleeping),victim2.bnsdq.ozxfs.bomyo.kvugl,0.0
1759250457,43907,1,N/A,N/A,N/A,N/A,N/A,N/A,N/A,N/A,6979584,6979584,3166208,135168,278528,1,bash,S (sleeping),victim2.bnsdq.ozxfs.bomyo.kvugl,0.0
1759250457,43919,43903,N/A,N/A,N/A,N/A,N/A,N/A,N/A,N/A,5492736,5492736,581632,135168,180224,1,sleep,S (sleeping),victim2.bnsdq.ozxfs.bomyo.kvugl,0.0
1759250457,43901,1,N/A,N/A,N/A,N/A,N/A,N/A,N/A,N/A,6979584,6979584,3252224,135168,278528,1,bash,S (sleeping),victim2.bnsdq.ozxfs.bomyo.kvugl,0.0
1759250457,43922,1,101,101,101,101,102,102,102,102,16568320,16560128,7278592,135168,622592,1,systemd-network,S (sleeping),victim2.bnsdq.ozxfs.bomyo.kvugl,1.8446921779133885
1759250457,43903,1,N/A,N/A,N/A,N/A,N/A,N/A,N/A,N/A,6979584,6979584,3362816,135168,278528,1,bash,S (sleeping),victim2.bnsdq.ozxfs.bomyo.kvugl,0.0
1759250457,43920,43902,N/A,N/A,N/A,N/A,N/A,N/A,N/A,N/A,5492736,5492736,516096,135168,180224,1,sleep,S (sleeping),victim2.bnsdq.ozxfs.bomyo.kvugl,0.0
1759250457,43900,1,N/A,N/A,N/A,N/A,N/A,N/A,N/A,N/A,728137728,728137728,7917568,135168,105218048,4,foundryc,S (sleeping),victim2.bnsdq.ozxfs.bomyo.kvugl,0.0
1759250457,43910,1,N/A,N/A,N/A,N/A,N/A,N/A,N/A,N/A,6979584,6979584,3284992,135168,278528,1,bash,S (sleeping),victim2.bnsdq.ozxfs.bomyo.kvugl,0.0
1759250457,43921,43910,N/A,N/A,N/A,N/A,N/A,N/A,N/A,N/A,5492736,5492736,581632,135168,180224,1,sleep,S (sleeping),victim2.bnsdq.ozxfs.bomyo.kvugl,0.0
1759250457,43918,43907,N/A,N/A,N/A,N/A,N/A,N/A,N/A,N/A,5492736,5492736,516096,135168,180224,1,sleep,S (sleeping),victim2.bnsdq.ozxfs.bomyo.kvugl,0.0
1759250457,43917,43901,N/A,N/A,N/A,N/A,N/A,N/A,N/A,N/A,5492736,5492736,577536,135168,180224,1,sleep,S (sleeping),victim2.bnsdq.ozxfs.bomyo.kvugl,0.0
1759250457,43902,1,N/A,N/A,N/A,N/A,N/A,N/A,N/A,N/A,6979584,6979584,3252224,135168,278528,1,bash,S (sleeping),victim2.bnsdq.ozxfs.bomyo.kvugl,0.0
1759250462,43910,1,N/A,N/A,N/A,N/A,N/A,N/A,N/A,N/A,6979584,6979584,3297280,135168,278528,1,bash,S (sleeping),victim2.bnsdq.ozxfs.bomyo.kvugl,0.0
1759250462,43964,43901,N/A,N/A,N/A,N/A,N/A,N/A,N/A,N/A,5492736,5492736,581632,135168,180224,1,sleep,S (sleeping),victim2.bnsdq.ozxfs.bomyo.kvugl,0.0
1759250462,43967,43910,N/A,N/A,N/A,N/A,N/A,N/A,N/A,N/A,5492736,5492736,585728,135168,180224,1,sleep,S (sleeping),victim2.bnsdq.ozxfs.bomyo.kvugl,0.0
1759250462,43974,43907,N/A,N/A,N/A,N/A,N/A,N/A,N/A,N/A,5492736,5492736,512000,135168,180224,1,sleep,S (sleeping),victim2.bnsdq.ozxfs.bomyo.kvugl,0.0
1759250462,43987,1,101,101,101,101,102,102,102,102,16568320,16560128,7376896,135168,622592,1,systemd-network,S (sleeping),victim2.bnsdq.ozxfs.bomyo.kvugl,1.7666252422196682
1759250462,43902,1,N/A,N/A,N/A,N/A,N/A,N/A,N/A,N/A,6979584,6979584,3264512,135168,278528,1,bash,S (sleeping),victim2.bnsdq.ozxfs.bomyo.kvugl,0.0
1759250462,43903,1,N/A,N/A,N/A,N/A,N/A,N/A,N/A,N/A,6979584,6979584,3391488,135168,278528,1,bash,S (sleeping),victim2.bnsdq.ozxfs.bomyo.kvugl,0.0
1759250462,43978,43903,N/A,N/A,N/A,N/A,N/A,N/A,N/A,N/A,5492736,5492736,581632,135168,180224,1,sleep,S (sleeping),victim2.bnsdq.ozxfs.bomyo.kvugl,0.0
1759250462,43979,43902,N/A,N/A,N/A,N/A,N/A,N/A,N/A,N/A,5492736,5492736,516096,135168,180224,1,sleep,S (sleeping),victim2.bnsdq.ozxfs.bomyo.kvugl,0.0
1759250462,43997,202,N/A,N/A,N/A,N/A,N/A,N/A,N/A,N/A,23040000,21975040,3948544,135168,724992,1,systemd-udevd,S (sleeping),victim2.bnsdq.ozxfs.bomyo.kvugl,0.0
1759250462,43901,1,N/A,N/A,N/A,N/A,N/A,N/A,N/A,N/A,6979584,6979584,3330048,135168,278528,1,bash,S (sleeping),victim2.bnsdq.ozxfs.bomyo.kvugl,0.0
1759250462,43907,1,N/A,N/A,N/A,N/A,N/A,N/A,N/A,N/A,6979584,6979584,3170304,135168,278528,1,bash,S (sleeping),victim2.bnsdq.ozxfs.bomyo.kvugl,0.0
1759250467,44048,44021,N/A,N/A,N/A,N/A,N/A,N/A,N/A,N/A,5492736,5492736,585728,135168,180224,1,sleep,S (sleeping),victim2.bnsdq.ozxfs.bomyo.kvugl,0.0
1759250467,44021,1,N/A,N/A,N/A,N/A,N/A,N/A,N/A,N/A,6979584,6979584,3309568,135168,278528,1,bash,S (sleeping),victim2.bnsdq.ozxfs.bomyo.kvugl,0.0
1759250467,44022,1,N/A,N/A,N/A,N/A,N/A,N/A,N/A,N/A,6979584,6979584,3207168,135168,278528,1,bash,S (sleeping),victim2.bnsdq.ozxfs.bomyo.kvugl,0.0
1759250467,44026,1,N/A,N/A,N/A,N/A,N/A,N/A,N/A,N/A,6979584,6979584,3211264,135168,278528,1,bash,S (sleeping),victim2.bnsdq.ozxfs.bomyo.kvugl,0.0
1759250467,44041,1,101,101,101,101,102,102,102,102,16568320,16560128,7348224,135168,622592,1,systemd-network,S (sleeping),victim2.bnsdq.ozxfs.bomyo.kvugl,1.3778263124955068
1759250467,44049,44022,N/A,N/A,N/A,N/A,N/A,N/A,N/A,N/A,5492736,5492736,581632,135168,180224,1,sleep,S (sleeping),victim2.bnsdq.ozxfs.bomyo.kvugl,0.0
1759250467,44047,44020,N/A,N/A,N/A,N/A,N/A,N/A,N/A,N/A,5492736,5492736,577536,135168,180224,1,sleep,S (sleeping),victim2.bnsdq.ozxfs.bomyo.kvugl,0.0
1759250467,44051,44027,N/A,N/A,N/A,N/A,N/A,N/A,N/A,N/A,5492736,5492736,512000,135168,180224,1,sleep,S (sleeping),victim2.bnsdq.ozxfs.bomyo.kvugl,0.0
1759250467,44027,1,N/A,N/A,N/A,N/A,N/A,N/A,N/A,N/A,6979584,6979584,3166208,135168,278528,1,bash,S (sleeping),victim2.bnsdq.ozxfs.bomyo.kvugl,0.0
1759250467,44020,1,N/A,N/A,N/A,N/A,N/A,N/A,N/A,N/A,6979584,6979584,3366912,135168,278528,1,bash,S (sleeping),victim2.bnsdq.ozxfs.bomyo.kvugl,0.0
1759250467,44019,1,N/A,N/A,N/A,N/A,N/A,N/A,N/A,N/A,728137728,728137728,7921664,135168,105218048,4,foundryc,S (sleeping),victim2.bnsdq.ozxfs.bomyo.kvugl,0.0
1759250467,44050,44026,N/A,N/A,N/A,N/A,N/A,N/A,N/A,N/A,5492736,5492736,516096,135168,180224,1,sleep,S (sleeping),victim2.bnsdq.ozxfs.bomyo.kvugl,0.0
1759250472,44116,202,N/A,N/A,N/A,N/A,N/A,N/A,N/A,N/A,23040000,21975040,3948544,135168,724992,1,systemd-udevd,S (sleeping),victim2.bnsdq.ozxfs.bomyo.kvugl,0.0
1759250472,44106,1,101,101,101,101,102,102,102,102,16568320,16560128,7278592,135168,622592,1,systemd-network,S (sleeping),victim2.bnsdq.ozxfs.bomyo.kvugl,0.8997565572771047
1759250477,44140,1,N/A,N/A,N/A,N/A,N/A,N/A,N/A,N/A,6979584,6979584,3305472,135168,278528,1,bash,S (sleeping),victim2.bnsdq.ozxfs.bomyo.kvugl,0.0
1759250477,44179,44144,N/A,N/A,N/A,N/A,N/A,N/A,N/A,N/A,5492736,5492736,516096,135168,180224,1,sleep,S (sleeping),victim2.bnsdq.ozxfs.bomyo.kvugl,0.0
1759250477,44180,44140,N/A,N/A,N/A,N/A,N/A,N/A,N/A,N/A,5492736,5492736,512000,135168,180224,1,sleep,S (sleeping),victim2.bnsdq.ozxfs.bomyo.kvugl,0.0
1759250477,44144,1,N/A,N/A,N/A,N/A,N/A,N/A,N/A,N/A,6979584,6979584,3395584,135168,278528,1,bash,S (sleeping),victim2.bnsdq.ozxfs.bomyo.kvugl,0.0
1759250477,44146,1,N/A,N/A,N/A,N/A,N/A,N/A,N/A,N/A,6979584,6979584,3239936,135168,278528,1,bash,S (sleeping),victim2.bnsdq.ozxfs.bomyo.kvugl,0.0
1759250477,44160,1,101,101,101,101,102,102,102,102,16568320,16560128,7495680,135168,622592,1,systemd-network,S (sleeping),victim2.bnsdq.ozxfs.bomyo.kvugl,0.9277675562653811
1759250477,44151,1,N/A,N/A,N/A,N/A,N/A,N/A,N/A,N/A,6979584,6979584,3383296,135168,278528,1,bash,S (sleeping),victim2.bnsdq.ozxfs.bomyo.kvugl,0.0
1759250477,44139,1,N/A,N/A,N/A,N/A,N/A,N/A,N/A,N/A,6979584,6979584,3264512,135168,278528,1,bash,S (sleeping),victim2.bnsdq.ozxfs.bomyo.kvugl,0.0
1759250477,44172,44139,N/A,N/A,N/A,N/A,N/A,N/A,N/A,N/A,5492736,5492736,516096,135168,180224,1,sleep,S (sleeping),victim2.bnsdq.ozxfs.bomyo.kvugl,0.0
1759250477,44178,44146,N/A,N/A,N/A,N/A,N/A,N/A,N/A,N/A,5492736,5492736,516096,135168,180224,1,sleep,S (sleeping),victim2.bnsdq.ozxfs.bomyo.kvugl,0.0
1759250477,44138,1,N/A,N/A,N/A,N/A,N/A,N/A,N/A,N/A,728137728,728137728,7917568,135168,105218048,4,foundryc,S (sleeping),victim2.bnsdq.ozxfs.bomyo.kvugl,0.0
1759250477,44177,44151,N/A,N/A,N/A,N/A,N/A,N/A,N/A,N/A,5492736,5492736,577536,135168,180224,1,sleep,S (sleeping),victim2.bnsdq.ozxfs.bomyo.kvugl,0.0
1759250482,44225,1,101,101,101,101,102,102,102,102,16568320,16560128,7520256,135168,622592,1,systemd-network,S (sleeping),victim2.bnsdq.ozxfs.bomyo.kvugl,0.9154623698922795
1759250482,44235,202,N/A,N/A,N/A,N/A,N/A,N/A,N/A,N/A,23040000,21975040,3952640,135168,724992,1,systemd-udevd,S (sleeping),victim2.bnsdq.ozxfs.bomyo.kvugl,0.0
1759250487,44300,44263,N/A,N/A,N/A,N/A,N/A,N/A,N/A,N/A,5492736,5492736,516096,135168,180224,1,sleep,S (sleeping),victim2.bnsdq.ozxfs.bomyo.kvugl,0.0
1759250487,44258,1,N/A,N/A,N/A,N/A,N/A,N/A,N/A,N/A,728137728,728137728,7921664,135168,105218048,4,foundryc,S (sleeping),victim2.bnsdq.ozxfs.bomyo.kvugl,0.0
1759250487,44259,1,N/A,N/A,N/A,N/A,N/A,N/A,N/A,N/A,6979584,6979584,3211264,135168,278528,1,bash,S (sleeping),victim2.bnsdq.ozxfs.bomyo.kvugl,0.0
1759250487,44297,44260,N/A,N/A,N/A,N/A,N/A,N/A,N/A,N/A,5492736,5492736,581632,135168,180224,1,sleep,S (sleeping),victim2.bnsdq.ozxfs.bomyo.kvugl,0.0
1759250487,44299,44261,N/A,N/A,N/A,N/A,N/A,N/A,N/A,N/A,5492736,5492736,577536,135168,180224,1,sleep,S (sleeping),victim2.bnsdq.ozxfs.bomyo.kvugl,0.0
1759250487,44261,1,N/A,N/A,N/A,N/A,N/A,N/A,N/A,N/A,6979584,6979584,3215360,135168,278528,1,bash,S (sleeping),victim2.bnsdq.ozxfs.bomyo.kvugl,0.0
1759250487,44298,44259,N/A,N/A,N/A,N/A,N/A,N/A,N/A,N/A,5492736,5492736,516096,135168,180224,1,sleep,S (sleeping),victim2.bnsdq.ozxfs.bomyo.kvugl,0.0
1759250487,44263,1,N/A,N/A,N/A,N/A,N/A,N/A,N/A,N/A,6979584,6979584,3260416,135168,278528,1,bash,S (sleeping),victim2.bnsdq.ozxfs.bomyo.kvugl,0.0
1759250487,44264,1,N/A,N/A,N/A,N/A,N/A,N/A,N/A,N/A,6979584,6979584,3284992,135168,278528,1,bash,S (sleeping),victim2.bnsdq.ozxfs.bomyo.kvugl,0.0
1759250487,44296,44264,N/A,N/A,N/A,N/A,N/A,N/A,N/A,N/A,5492736,5492736,516096,135168,180224,1,sleep,S (sleeping),victim2.bnsdq.ozxfs.bomyo.kvugl,0.0
1759250487,44280,1,101,101,101,101,102,102,102,102,16568320,16560128,7376896,135168,622592,1,systemd-network,S (sleeping),victim2.bnsdq.ozxfs.bomyo.kvugl,0.46624299853874945
1759250487,44260,1,N/A,N/A,N/A,N/A,N/A,N/A,N/A,N/A,6979584,6979584,3387392,135168,278528,1,bash,S (sleeping),victim2.bnsdq.ozxfs.bomyo.kvugl,0.0
1759250503,44505,1,N/A,N/A,N/A,N/A,N/A,N/A,N/A,N/A,6979584,6979584,3137536,135168,278528,1,bash,S (sleeping),victim2.bnsdq.ozxfs.bomyo.kvugl,0.0
1759250503,44510,1,N/A,N/A,N/A,N/A,N/A,N/A,N/A,N/A,6979584,6979584,3244032,135168,278528,1,bash,S (sleeping),victim2.bnsdq.ozxfs.bomyo.kvugl,0.0
1759250503,44533,44511,N/A,N/A,N/A,N/A,N/A,N/A,N/A,N/A,5492736,5492736,581632,135168,180224,1,sleep,S (sleeping),victim2.bnsdq.ozxfs.bomyo.kvugl,0.0
1759250503,44532,44505,N/A,N/A,N/A,N/A,N/A,N/A,N/A,N/A,5492736,5492736,581632,135168,180224,1,sleep,S (sleeping),victim2.bnsdq.ozxfs.bomyo.kvugl,0.0
1759250503,44504,1,N/A,N/A,N/A,N/A,N/A,N/A,N/A,N/A,6979584,6979584,3239936,135168,278528,1,bash,S (sleeping),victim2.bnsdq.ozxfs.bomyo.kvugl,0.0
1759250503,44525,1,101,101,101,101,102,102,102,102,16568320,16560128,7372800,135168,622592,1,systemd-network,S (sleeping),victim2.bnsdq.ozxfs.bomyo.kvugl,0.7006807289502955
1759250503,44535,44507,N/A,N/A,N/A,N/A,N/A,N/A,N/A,N/A,5492736,5492736,516096,135168,180224,1,sleep,S (sleeping),victim2.bnsdq.ozxfs.bomyo.kvugl,0.0
1759250503,44534,44510,N/A,N/A,N/A,N/A,N/A,N/A,N/A,N/A,5492736,5492736,512000,135168,180224,1,sleep,S (sleeping),victim2.bnsdq.ozxfs.bomyo.kvugl,0.0
1759250503,44507,1,N/A,N/A,N/A,N/A,N/A,N/A,N/A,N/A,6979584,6979584,3313664,135168,278528,1,bash,S (sleeping),victim2.bnsdq.ozxfs.bomyo.kvugl,0.0
1759250503,44530,44504,N/A,N/A,N/A,N/A,N/A,N/A,N/A,N/A,5492736,5492736,512000,135168,180224,1,sleep,S (sleeping),victim2.bnsdq.ozxfs.bomyo.kvugl,0.0
1759250503,44511,1,N/A,N/A,N/A,N/A,N/A,N/A,N/A,N/A,6979584,6979584,3256320,135168,278528,1,bash,S (sleeping),victim2.bnsdq.ozxfs.bomyo.kvugl,0.0
1759250503,44503,1,N/A,N/A,N/A,N/A,N/A,N/A,N/A,N/A,728137728,728137728,7921664,135168,105218048,4,foundryc,S (sleeping),victim2.bnsdq.ozxfs.bomyo.kvugl,0.0
1759250508,44600,202,N/A,N/A,N/A,N/A,N/A,N/A,N/A,N/A,23040000,21975040,3956736,135168,724992,1,systemd-udevd,S (sleeping),victim2.bnsdq.ozxfs.bomyo.kvugl,0.0
1759250508,44590,1,101,101,101,101,102,102,102,102,16568320,16560128,7192576,135168,622592,1,systemd-network,S (sleeping),victim2.bnsdq.ozxfs.bomyo.kvugl,0.6898649836680054
1759250513,44659,44631,N/A,N/A,N/A,N/A,N/A,N/A,N/A,N/A,5492736,5492736,520192,135168,180224,1,sleep,S (sleeping),victim2.bnsdq.ozxfs.bomyo.kvugl,0.0
1759250513,44631,1,N/A,N/A,N/A,N/A,N/A,N/A,N/A,N/A,6979584,6979584,3321856,135168,278528,1,bash,S (sleeping),victim2.bnsdq.ozxfs.bomyo.kvugl,0.0
1759250513,44660,44623,N/A,N/A,N/A,N/A,N/A,N/A,N/A,N/A,5492736,5492736,581632,135168,180224,1,sleep,S (sleeping),victim2.bnsdq.ozxfs.bomyo.kvugl,0.0
1759250513,44627,1,N/A,N/A,N/A,N/A,N/A,N/A,N/A,N/A,6979584,6979584,3383296,135168,278528,1,bash,S (sleeping),victim2.bnsdq.ozxfs.bomyo.kvugl,0.0
1759250513,44621,1,N/A,N/A,N/A,N/A,N/A,N/A,N/A,N/A,728137728,728137728,7921664,135168,105218048,4,foundryc,S (sleeping),victim2.bnsdq.ozxfs.bomyo.kvugl,0.0
1759250513,44662,44630,N/A,N/A,N/A,N/A,N/A,N/A,N/A,N/A,5492736,5492736,581632,135168,180224,1,sleep,S (sleeping),victim2.bnsdq.ozxfs.bomyo.kvugl,0.0
1759250513,44661,44622,N/A,N/A,N/A,N/A,N/A,N/A,N/A,N/A,5492736,5492736,581632,135168,180224,1,sleep,S (sleeping),victim2.bnsdq.ozxfs.bomyo.kvugl,0.0
1759250513,44663,44627,N/A,N/A,N/A,N/A,N/A,N/A,N/A,N/A,5492736,5492736,516096,135168,180224,1,sleep,S (sleeping),victim2.bnsdq.ozxfs.bomyo.kvugl,0.0
1759250513,44630,1,N/A,N/A,N/A,N/A,N/A,N/A,N/A,N/A,6979584,6979584,3207168,135168,278528,1,bash,S (sleeping),victim2.bnsdq.ozxfs.bomyo.kvugl,0.0
1759250513,44622,1,N/A,N/A,N/A,N/A,N/A,N/A,N/A,N/A,6979584,6979584,3235840,135168,278528,1,bash,S (sleeping),victim2.bnsdq.ozxfs.bomyo.kvugl,0.0
1759250513,44623,1,N/A,N/A,N/A,N/A,N/A,N/A,N/A,N/A,6979584,6979584,3211264,135168,278528,1,bash,S (sleeping),victim2.bnsdq.ozxfs.bomyo.kvugl,0.0
1759250513,44643,1,101,101,101,101,102,102,102,102,16568320,16560128,7368704,135168,622592,1,systemd-network,S (sleeping),victim2.bnsdq.ozxfs.bomyo.kvugl,0.5111127159141746
1759250518,44698,1,101,101,101,101,102,102,102,102,16568320,16560128,7409664,135168,622592,1,systemd-network,S (sleeping),victim2.bnsdq.ozxfs.bomyo.kvugl,0.7588455117333608
1759250518,44718,202,N/A,N/A,N/A,N/A,N/A,N/A,N/A,N/A,23040000,21975040,3948544,135168,724992,1,systemd-udevd,S (sleeping),victim2.bnsdq.ozxfs.bomyo.kvugl,0.0
1759250523,44746,1,N/A,N/A,N/A,N/A,N/A,N/A,N/A,N/A,6979584,6979584,3211264,135168,278528,1,bash,S (sleeping),victim2.bnsdq.ozxfs.bomyo.kvugl,0.0
1759250523,44749,1,N/A,N/A,N/A,N/A,N/A,N/A,N/A,N/A,6979584,6979584,3182592,135168,278528,1,bash,S (sleeping),victim2.bnsdq.ozxfs.bomyo.kvugl,0.0
1759250523,44791,44746,N/A,N/A,N/A,N/A,N/A,N/A,N/A,N/A,5492736,5492736,512000,135168,180224,1,sleep,S (sleeping),victim2.bnsdq.ozxfs.bomyo.kvugl,0.0
1759250523,44788,44751,N/A,N/A,N/A,N/A,N/A,N/A,N/A,N/A,5492736,5492736,520192,135168,180224,1,sleep,S (sleeping),victim2.bnsdq.ozxfs.bomyo.kvugl,0.0
1759250523,44790,44749,N/A,N/A,N/A,N/A,N/A,N/A,N/A,N/A,5492736,5492736,512000,135168,180224,1,sleep,S (sleeping),victim2.bnsdq.ozxfs.bomyo.kvugl,0.0
1759250523,44761,1,101,101,101,101,102,102,102,102,16568320,16560128,7245824,135168,622592,1,systemd-network,S (sleeping),victim2.bnsdq.ozxfs.bomyo.kvugl,0.40288597578625274
1759250523,44787,44741,N/A,N/A,N/A,N/A,N/A,N/A,N/A,N/A,5492736,5492736,512000,135168,180224,1,sleep,S (sleeping),victim2.bnsdq.ozxfs.bomyo.kvugl,0.0
1759250523,44741,1,N/A,N/A,N/A,N/A,N/A,N/A,N/A,N/A,6979584,6979584,3371008,135168,278528,1,bash,S (sleeping),victim2.bnsdq.ozxfs.bomyo.kvugl,0.0
1759250523,44751,1,N/A,N/A,N/A,N/A,N/A,N/A,N/A,N/A,6979584,6979584,3354624,135168,278528,1,bash,S (sleeping),victim2.bnsdq.ozxfs.bomyo.kvugl,0.0
1759250524,44740,1,N/A,N/A,N/A,N/A,N/A,N/A,N/A,N/A,6979584,6979584,3301376,135168,278528,1,bash,S (sleeping),victim2.bnsdq.ozxfs.bomyo.kvugl,0.0
1759250524,44739,1,N/A,N/A,N/A,N/A,N/A,N/A,N/A,N/A,728137728,728137728,7917568,135168,105218048,4,foundryc,S (sleeping),victim2.bnsdq.ozxfs.bomyo.kvugl,0.0
1759250524,44789,44740,N/A,N/A,N/A,N/A,N/A,N/A,N/A,N/A,5492736,5492736,516096,135168,180224,1,sleep,S (sleeping),victim2.bnsdq.ozxfs.bomyo.kvugl,0.0
1759250529,44836,202,N/A,N/A,N/A,N/A,N/A,N/A,N/A,N/A,23040000,21975040,3952640,135168,724992,1,systemd-udevd,S (sleeping),victim2.bnsdq.ozxfs.bomyo.kvugl,0.0
1759250529,44816,1,101,101,101,101,102,102,102,102,16568320,16560128,7360512,135168,622592,1,systemd-network,S (sleeping),victim2.bnsdq.ozxfs.bomyo.kvugl,0.598391631125706
1759250534,44869,1,N/A,N/A,N/A,N/A,N/A,N/A,N/A,N/A,6979584,6979584,3321856,135168,278528,1,bash,S (sleeping),victim2.bnsdq.ozxfs.bomyo.kvugl,0.0
1759250534,44918,44869,N/A,N/A,N/A,N/A,N/A,N/A,N/A,N/A,5492736,5492736,516096,135168,180224,1,sleep,S (sleeping),victim2.bnsdq.ozxfs.bomyo.kvugl,0.0
1759250534,44857,1,N/A,N/A,N/A,N/A,N/A,N/A,N/A,N/A,728137728,728137728,7917568,135168,105218048,4,foundryc,S (sleeping),victim2.bnsdq.ozxfs.bomyo.kvugl,0.0
1759250534,44858,1,N/A,N/A,N/A,N/A,N/A,N/A,N/A,N/A,6979584,6979584,3162112,135168,278528,1,bash,S (sleeping),victim2.bnsdq.ozxfs.bomyo.kvugl,0.0
1759250534,44862,1,N/A,N/A,N/A,N/A,N/A,N/A,N/A,N/A,6979584,6979584,3313664,135168,278528,1,bash,S (sleeping),victim2.bnsdq.ozxfs.bomyo.kvugl,0.0
1759250534,44919,44861,N/A,N/A,N/A,N/A,N/A,N/A,N/A,N/A,5492736,5492736,516096,135168,180224,1,sleep,S (sleeping),victim2.bnsdq.ozxfs.bomyo.kvugl,0.0
1759250534,44879,1,101,101,101,101,102,102,102,102,16568320,16560128,7319552,135168,622592,1,systemd-network,S (sleeping),victim2.bnsdq.ozxfs.bomyo.kvugl,0.5969504465279778
1759250534,44915,44864,N/A,N/A,N/A,N/A,N/A,N/A,N/A,N/A,5492736,5492736,581632,135168,180224,1,sleep,S (sleeping),victim2.bnsdq.ozxfs.bomyo.kvugl,0.0
1759250534,44864,1,N/A,N/A,N/A,N/A,N/A,N/A,N/A,N/A,6979584,6979584,3280896,135168,278528,1,bash,S (sleeping),victim2.bnsdq.ozxfs.bomyo.kvugl,0.0
1759250534,44861,1,N/A,N/A,N/A,N/A,N/A,N/A,N/A,N/A,6979584,6979584,3313664,135168,278528,1,bash,S (sleeping),victim2.bnsdq.ozxfs.bomyo.kvugl,0.0
1759250534,44913,44858,N/A,N/A,N/A,N/A,N/A,N/A,N/A,N/A,5492736,5492736,512000,135168,180224,1,sleep,S (sleeping),victim2.bnsdq.ozxfs.bomyo.kvugl,0.0
1759250534,44911,44862,N/A,N/A,N/A,N/A,N/A,N/A,N/A,N/A,5492736,5492736,577536,135168,180224,1,sleep,S (sleeping),victim2.bnsdq.ozxfs.bomyo.kvugl,0.0
1759250539,44977,1,N/A,N/A,N/A,N/A,N/A,N/A,N/A,N/A,728137728,728137728,7917568,135168,105218048,3,foundryc,R (running),victim2.bnsdq.ozxfs.bomyo.kvugl,0.0
1759250539,44981,1,N/A,N/A,N/A,N/A,N/A,N/A,N/A,N/A,169361408,169361408,3256320,1060864,19697664,1,systemd,R (running),victim2.bnsdq.ozxfs.bomyo.kvugl,0.0
1759250539,44978,1,N/A,N/A,N/A,N/A,N/A,N/A,N/A,N/A,6979584,6979584,3207168,135168,278528,1,bash,S (sleeping),victim2.bnsdq.ozxfs.bomyo.kvugl,0.0
1759250539,44982,44978,N/A,N/A,N/A,N/A,N/A,N/A,N/A,N/A,6979584,6979584,249856,135168,278528,1,bash,R (running),victim2.bnsdq.ozxfs.bomyo.kvugl,0.0
1759250539,44944,1,101,101,101,101,102,102,102,102,16568320,16560128,7258112,135168,622592,1,systemd-network,S (sleeping),victim2.bnsdq.ozxfs.bomyo.kvugl,0.5914352671551013
1759250544,44981,1,N/A,N/A,N/A,N/A,N/A,N/A,N/A,N/A,6979584,6979584,3215360,135168,278528,1,bash,S (sleeping),victim2.bnsdq.ozxfs.bomyo.kvugl,0.0
1759250544,45031,44984,N/A,N/A,N/A,N/A,N/A,N/A,N/A,N/A,5492736,5492736,520192,135168,180224,1,sleep,S (sleeping),victim2.bnsdq.ozxfs.bomyo.kvugl,0.0
1759250544,44992,1,N/A,N/A,N/A,N/A,N/A,N/A,N/A,N/A,6979584,6979584,3264512,135168,278528,1,bash,S (sleeping),victim2.bnsdq.ozxfs.bomyo.kvugl,0.0
1759250544,44984,1,N/A,N/A,N/A,N/A,N/A,N/A,N/A,N/A,6979584,6979584,3280896,135168,278528,1,bash,S (sleeping),victim2.bnsdq.ozxfs.bomyo.kvugl,0.0
1759250544,44977,1,N/A,N/A,N/A,N/A,N/A,N/A,N/A,N/A,728137728,728137728,7917568,135168,105218048,4,foundryc,S (sleeping),victim2.bnsdq.ozxfs.bomyo.kvugl,0.0
1759250544,45039,44988,N/A,N/A,N/A,N/A,N/A,N/A,N/A,N/A,5492736,5492736,512000,135168,180224,1,sleep,S (sleeping),victim2.bnsdq.ozxfs.bomyo.kvugl,0.0
1759250544,44988,1,N/A,N/A,N/A,N/A,N/A,N/A,N/A,N/A,6979584,6979584,3182592,135168,278528,1,bash,S (sleeping),victim2.bnsdq.ozxfs.bomyo.kvugl,0.0
1759250544,44978,1,N/A,N/A,N/A,N/A,N/A,N/A,N/A,N/A,6979584,6979584,3284992,135168,278528,1,bash,S (sleeping),victim2.bnsdq.ozxfs.bomyo.kvugl,0.0
1759250544,45033,44992,N/A,N/A,N/A,N/A,N/A,N/A,N/A,N/A,5492736,5492736,577536,135168,180224,1,sleep,S (sleeping),victim2.bnsdq.ozxfs.bomyo.kvugl,0.0
1759250544,45037,44978,N/A,N/A,N/A,N/A,N/A,N/A,N/A,N/A,5492736,5492736,577536,135168,180224,1,sleep,S (sleeping),victim2.bnsdq.ozxfs.bomyo.kvugl,0.0
1759250544,44999,1,101,101,101,101,102,102,102,102,16568320,16560128,7393280,135168,622592,1,systemd-network,S (sleeping),victim2.bnsdq.ozxfs.bomyo.kvugl,0.32799184106519697
1759250544,45038,44981,N/A,N/A,N/A,N/A,N/A,N/A,N/A,N/A,5492736,5492736,516096,135168,180224,1,sleep,S (sleeping),victim2.bnsdq.ozxfs.bomyo.kvugl,0.0
1759250549,45115,1,101,101,101,101,102,102,102,102,16568320,16560128,7372800,135168,622592,1,systemd-network,S (sleeping),victim2.bnsdq.ozxfs.bomyo.kvugl,0.9349677510198718
1759250549,45108,45100,N/A,N/A,N/A,N/A,N/A,N/A,N/A,N/A,5492736,5492736,577536,135168,180224,1,sleep,S (sleeping),victim2.bnsdq.ozxfs.bomyo.kvugl,0.0
1759250549,45116,45109,N/A,N/A,N/A,N/A,N/A,N/A,N/A,N/A,5492736,5492736,577536,135168,180224,1,sleep,S (sleeping),victim2.bnsdq.ozxfs.bomyo.kvugl,0.0
1759250549,45096,1,N/A,N/A,N/A,N/A,N/A,N/A,N/A,N/A,728137728,728137728,7925760,135168,105218048,4,foundryc,S (sleeping),victim2.bnsdq.ozxfs.bomyo.kvugl,0.0
1759250549,45097,1,N/A,N/A,N/A,N/A,N/A,N/A,N/A,N/A,6979584,6979584,3215360,135168,278528,1,bash,S (sleeping),victim2.bnsdq.ozxfs.bomyo.kvugl,0.0
1759250549,45111,1,N/A,N/A,N/A,N/A,N/A,N/A,N/A,N/A,6979584,6979584,3219456,135168,278528,1,bash,S (sleeping),victim2.bnsdq.ozxfs.bomyo.kvugl,0.0
1759250549,45118,45111,N/A,N/A,N/A,N/A,N/A,N/A,N/A,N/A,5492736,5492736,520192,135168,180224,1,sleep,S (sleeping),victim2.bnsdq.ozxfs.bomyo.kvugl,0.0
1759250549,45117,45110,N/A,N/A,N/A,N/A,N/A,N/A,N/A,N/A,5492736,5492736,585728,135168,180224,1,sleep,S (sleeping),victim2.bnsdq.ozxfs.bomyo.kvugl,0.0
1759250549,45107,45097,N/A,N/A,N/A,N/A,N/A,N/A,N/A,N/A,5492736,5492736,581632,135168,180224,1,sleep,S (sleeping),victim2.bnsdq.ozxfs.bomyo.kvugl,0.0
1759250549,45100,1,N/A,N/A,N/A,N/A,N/A,N/A,N/A,N/A,6979584,6979584,3280896,135168,278528,1,bash,S (sleeping),victim2.bnsdq.ozxfs.bomyo.kvugl,0.0
1759250549,45109,1,N/A,N/A,N/A,N/A,N/A,N/A,N/A,N/A,6979584,6979584,3293184,135168,278528,1,bash,S (sleeping),victim2.bnsdq.ozxfs.bomyo.kvugl,0.0
1759250549,45110,1,N/A,N/A,N/A,N/A,N/A,N/A,N/A,N/A,6979584,6979584,3252224,135168,278528,1,bash,S (sleeping),victim2.bnsdq.ozxfs.bomyo.kvugl,0.0
1759250554,45164,45109,N/A,N/A,N/A,N/A,N/A,N/A,N/A,N/A,5492736,5492736,581632,135168,180224,1,sleep,S (sleeping),victim2.bnsdq.ozxfs.bomyo.kvugl,0.0
1759250554,45160,45100,N/A,N/A,N/A,N/A,N/A,N/A,N/A,N/A,5492736,5492736,577536,135168,180224,1,sleep,S (sleeping),victim2.bnsdq.ozxfs.bomyo.kvugl,0.0
1759250554,45097,1,N/A,N/A,N/A,N/A,N/A,N/A,N/A,N/A,6979584,6979584,3231744,135168,278528,1,bash,S (sleeping),victim2.bnsdq.ozxfs.bomyo.kvugl,0.0
1759250554,45172,45111,N/A,N/A,N/A,N/A,N/A,N/A,N/A,N/A,5492736,5492736,516096,135168,180224,1,sleep,S (sleeping),victim2.bnsdq.ozxfs.bomyo.kvugl,0.0
1759250554,45183,1,101,101,101,101,102,102,102,102,16568320,16560128,7458816,135168,622592,1,systemd-network,S (sleeping),victim2.bnsdq.ozxfs.bomyo.kvugl,1.3710734254913954
1759250554,45110,1,N/A,N/A,N/A,N/A,N/A,N/A,N/A,N/A,6979584,6979584,3272704,135168,278528,1,bash,S (sleeping),victim2.bnsdq.ozxfs.bomyo.kvugl,0.0
1759250554,45162,45097,N/A,N/A,N/A,N/A,N/A,N/A,N/A,N/A,5492736,5492736,585728,135168,180224,1,sleep,S (sleeping),victim2.bnsdq.ozxfs.bomyo.kvugl,0.0
1759250554,45111,1,N/A,N/A,N/A,N/A,N/A,N/A,N/A,N/A,6979584,6979584,3301376,135168,278528,1,bash,S (sleeping),victim2.bnsdq.ozxfs.bomyo.kvugl,0.0
1759250554,45109,1,N/A,N/A,N/A,N/A,N/A,N/A,N/A,N/A,6979584,6979584,3375104,135168,278528,1,bash,S (sleeping),victim2.bnsdq.ozxfs.bomyo.kvugl,0.0
1759250554,45100,1,N/A,N/A,N/A,N/A,N/A,N/A,N/A,N/A,6979584,6979584,3297280,135168,278528,1,bash,S (sleeping),victim2.bnsdq.ozxfs.bomyo.kvugl,0.0
1759250554,45170,45110,N/A,N/A,N/A,N/A,N/A,N/A,N/A,N/A,5492736,5492736,512000,135168,180224,1,sleep,S (sleeping),victim2.bnsdq.ozxfs.bomyo.kvugl,0.0
1759250554,45193,202,N/A,N/A,N/A,N/A,N/A,N/A,N/A,N/A,23040000,21975040,3956736,135168,724992,1,systemd-udevd,S (sleeping),victim2.bnsdq.ozxfs.bomyo.kvugl,0.0
1759250559,45244,45216,N/A,N/A,N/A,N/A,N/A,N/A,N/A,N/A,5492736,5492736,512000,135168,180224,1,sleep,S (sleeping),victim2.bnsdq.ozxfs.bomyo.kvugl,0.0
1759250559,45214,1,N/A,N/A,N/A,N/A,N/A,N/A,N/A,N/A,728137728,728137728,7921664,135168,105218048,4,foundryc,S (sleeping),victim2.bnsdq.ozxfs.bomyo.kvugl,0.0
1759250559,45223,1,N/A,N/A,N/A,N/A,N/A,N/A,N/A,N/A,6979584,6979584,3280896,135168,278528,1,bash,S (sleeping),victim2.bnsdq.ozxfs.bomyo.kvugl,0.0
1759250559,45243,45219,N/A,N/A,N/A,N/A,N/A,N/A,N/A,N/A,5492736,5492736,520192,135168,180224,1,sleep,S (sleeping),victim2.bnsdq.ozxfs.bomyo.kvugl,0.0
1759250559,45226,1,N/A,N/A,N/A,N/A,N/A,N/A,N/A,N/A,6979584,6979584,3268608,135168,278528,1,bash,S (sleeping),victim2.bnsdq.ozxfs.bomyo.kvugl,0.0
1759250559,45236,1,101,101,101,101,102,102,102,102,16568320,16560128,7352320,135168,622592,1,systemd-network,S (sleeping),victim2.bnsdq.ozxfs.bomyo.kvugl,0.8944759014524557
1759250559,45219,1,N/A,N/A,N/A,N/A,N/A,N/A,N/A,N/A,6979584,6979584,3121152,135168,278528,1,bash,S (sleeping),victim2.bnsdq.ozxfs.bomyo.kvugl,0.0
1759250559,45245,45223,N/A,N/A,N/A,N/A,N/A,N/A,N/A,N/A,5492736,5492736,520192,135168,180224,1,sleep,S (sleeping),victim2.bnsdq.ozxfs.bomyo.kvugl,0.0
1759250559,45242,45215,N/A,N/A,N/A,N/A,N/A,N/A,N/A,N/A,5492736,5492736,577536,135168,180224,1,sleep,S (sleeping),victim2.bnsdq.ozxfs.bomyo.kvugl,0.0
1759250559,45216,1,N/A,N/A,N/A,N/A,N/A,N/A,N/A,N/A,6979584,6979584,3198976,135168,278528,1,bash,S (sleeping),victim2.bnsdq.ozxfs.bomyo.kvugl,0.0
1759250559,45215,1,N/A,N/A,N/A,N/A,N/A,N/A,N/A,N/A,6979584,6979584,3387392,135168,278528,1,bash,S (sleeping),victim2.bnsdq.ozxfs.bomyo.kvugl,0.0
1759250559,45246,45226,N/A,N/A,N/A,N/A,N/A,N/A,N/A,N/A,5492736,5492736,512000,135168,180224,1,sleep,S (sleeping),victim2.bnsdq.ozxfs.bomyo.kvugl,0.0
1759250564,45311,202,N/A,N/A,N/A,N/A,N/A,N/A,N/A,N/A,23040000,21975040,3948544,135168,724992,1,systemd-udevd,S (sleeping),victim2.bnsdq.ozxfs.bomyo.kvugl,0.0
1759250564,45294,1,101,101,101,101,102,102,102,102,16568320,16560128,7221248,135168,622592,1,systemd-network,S (sleeping),victim2.bnsdq.ozxfs.bomyo.kvugl,0.8781885941093726
1759250569,45336,1,N/A,N/A,N/A,N/A,N/A,N/A,N/A,N/A,6979584,6979584,3321856,135168,278528,1,bash,S (sleeping),victim2.bnsdq.ozxfs.bomyo.kvugl,0.0
1759250569,45373,45334,N/A,N/A,N/A,N/A,N/A,N/A,N/A,N/A,5492736,5492736,512000,135168,180224,1,sleep,S (sleeping),victim2.bnsdq.ozxfs.bomyo.kvugl,0.0
1759250569,45332,1,N/A,N/A,N/A,N/A,N/A,N/A,N/A,N/A,728137728,728137728,7921664,135168,105218048,4,foundryc,S (sleeping),victim2.bnsdq.ozxfs.bomyo.kvugl,0.0
1759250569,45374,45336,N/A,N/A,N/A,N/A,N/A,N/A,N/A,N/A,5492736,5492736,516096,135168,180224,1,sleep,S (sleeping),victim2.bnsdq.ozxfs.bomyo.kvugl,0.0
1759250569,45333,1,N/A,N/A,N/A,N/A,N/A,N/A,N/A,N/A,6979584,6979584,3301376,135168,278528,1,bash,S (sleeping),victim2.bnsdq.ozxfs.bomyo.kvugl,0.0
1759250569,45372,45340,N/A,N/A,N/A,N/A,N/A,N/A,N/A,N/A,5492736,5492736,581632,135168,180224,1,sleep,S (sleeping),victim2.bnsdq.ozxfs.bomyo.kvugl,0.0
1759250569,45339,1,N/A,N/A,N/A,N/A,N/A,N/A,N/A,N/A,6979584,6979584,3321856,135168,278528,1,bash,S (sleeping),victim2.bnsdq.ozxfs.bomyo.kvugl,0.0
1759250569,45366,45333,N/A,N/A,N/A,N/A,N/A,N/A,N/A,N/A,5492736,5492736,581632,135168,180224,1,sleep,S (sleeping),victim2.bnsdq.ozxfs.bomyo.kvugl,0.0
1759250569,45340,1,N/A,N/A,N/A,N/A,N/A,N/A,N/A,N/A,6979584,6979584,3219456,135168,278528,1,bash,S (sleeping),victim2.bnsdq.ozxfs.bomyo.kvugl,0.0
1759250569,45371,45339,N/A,N/A,N/A,N/A,N/A,N/A,N/A,N/A,5492736,5492736,581632,135168,180224,1,sleep,S (sleeping),victim2.bnsdq.ozxfs.bomyo.kvugl,0.0
1759250569,45334,1,N/A,N/A,N/A,N/A,N/A,N/A,N/A,N/A,6979584,6979584,3129344,135168,278528,1,bash,S (sleeping),victim2.bnsdq.ozxfs.bomyo.kvugl,0.0
1759250569,45354,1,101,101,101,101,102,102,102,102,16568320,16560128,7307264,135168,622592,1,systemd-network,S (sleeping),victim2.bnsdq.ozxfs.bomyo.kvugl,0.6080185799193198
1759250574,45419,1,101,101,101,101,102,102,102,102,16568320,16560128,7544832,135168,622592,1,systemd-network,S (sleeping),victim2.bnsdq.ozxfs.bomyo.kvugl,0.8991544664303442
1759250574,45429,202,N/A,N/A,N/A,N/A,N/A,N/A,N/A,N/A,23040000,21975040,3952640,135168,724992,1,systemd-udevd,S (sleeping),victim2.bnsdq.ozxfs.bomyo.kvugl,0.0
1759250579,45465,1,N/A,N/A,N/A,N/A,N/A,N/A,N/A,N/A,6979584,6979584,3358720,135168,278528,1,bash,S (sleeping),victim2.bnsdq.ozxfs.bomyo.kvugl,0.0
1759250579,45458,1,N/A,N/A,N/A,N/A,N/A,N/A,N/A,N/A,6979584,6979584,3244032,135168,278528,1,bash,S (sleeping),victim2.bnsdq.ozxfs.bomyo.kvugl,0.0
1759250579,45475,1,101,101,101,101,102,102,102,102,16568320,16560128,7303168,135168,622592,1,systemd-network,S (sleeping),victim2.bnsdq.ozxfs.bomyo.kvugl,0.46022304308008155
1759250579,45505,45457,N/A,N/A,N/A,N/A,N/A,N/A,N/A,N/A,5492736,5492736,585728,135168,180224,1,sleep,S (sleeping),victim2.bnsdq.ozxfs.bomyo.kvugl,0.0
1759250579,45454,1,N/A,N/A,N/A,N/A,N/A,N/A,N/A,N/A,6979584,6979584,3207168,135168,278528,1,bash,S (sleeping),victim2.bnsdq.ozxfs.bomyo.kvugl,0.0
1759250579,45460,1,N/A,N/A,N/A,N/A,N/A,N/A,N/A,N/A,6979584,6979584,3391488,135168,278528,1,bash,S (sleeping),victim2.bnsdq.ozxfs.bomyo.kvugl,0.0
1759250579,45457,1,N/A,N/A,N/A,N/A,N/A,N/A,N/A,N/A,6979584,6979584,3325952,135168,278528,1,bash,S (sleeping),victim2.bnsdq.ozxfs.bomyo.kvugl,0.0
1759250579,45497,45454,N/A,N/A,N/A,N/A,N/A,N/A,N/A,N/A,5492736,5492736,520192,135168,180224,1,sleep,S (sleeping),victim2.bnsdq.ozxfs.bomyo.kvugl,0.0
1759250579,45503,45465,N/A,N/A,N/A,N/A,N/A,N/A,N/A,N/A,5492736,5492736,512000,135168,180224,1,sleep,S (sleeping),victim2.bnsdq.ozxfs.bomyo.kvugl,0.0
1759250579,45453,1,N/A,N/A,N/A,N/A,N/A,N/A,N/A,N/A,728137728,728137728,7921664,135168,105218048,4,foundryc,S (sleeping),victim2.bnsdq.ozxfs.bomyo.kvugl,0.0
1759250579,45499,45460,N/A,N/A,N/A,N/A,N/A,N/A,N/A,N/A,5492736,5492736,581632,135168,180224,1,sleep,S (sleeping),victim2.bnsdq.ozxfs.bomyo.kvugl,0.0
1759250579,45504,45458,N/A,N/A,N/A,N/A,N/A,N/A,N/A,N/A,5492736,5492736,516096,135168,180224,1,sleep,S (sleeping),victim2.bnsdq.ozxfs.bomyo.kvugl,0.0
1759250584,45540,1,101,101,101,101,102,102,102,102,16568320,16560128,7241728,135168,622592,1,systemd-network,S (sleeping),victim2.bnsdq.ozxfs.bomyo.kvugl,0.45495541424884045
1759250584,45550,202,N/A,N/A,N/A,N/A,N/A,N/A,N/A,N/A,23040000,21975040,3948544,135168,724992,1,systemd-udevd,S (sleeping),victim2.bnsdq.ozxfs.bomyo.kvugl,0.0
1759250589,45623,45575,N/A,N/A,N/A,N/A,N/A,N/A,N/A,N/A,5492736,5492736,581632,135168,180224,1,sleep,S (sleeping),victim2.bnsdq.ozxfs.bomyo.kvugl,0.0
1759250589,45622,45573,N/A,N/A,N/A,N/A,N/A,N/A,N/A,N/A,5492736,5492736,581632,135168,180224,1,sleep,S (sleeping),victim2.bnsdq.ozxfs.bomyo.kvugl,0.0
1759250589,45573,1,N/A,N/A,N/A,N/A,N/A,N/A,N/A,N/A,6979584,6979584,3321856,135168,278528,1,bash,S (sleeping),victim2.bnsdq.ozxfs.bomyo.kvugl,0.0
1759250589,45581,1,N/A,N/A,N/A,N/A,N/A,N/A,N/A,N/A,6979584,6979584,3321856,135168,278528,1,bash,S (sleeping),victim2.bnsdq.ozxfs.bomyo.kvugl,0.0
1759250589,45594,1,101,101,101,101,102,102,102,102,16568320,16560128,7401472,135168,622592,1,systemd-network,S (sleeping),victim2.bnsdq.ozxfs.bomyo.kvugl,0.5548771638653192
1759250589,45577,1,N/A,N/A,N/A,N/A,N/A,N/A,N/A,N/A,6979584,6979584,3321856,135168,278528,1,bash,S (sleeping),victim2.bnsdq.ozxfs.bomyo.kvugl,0.0
1759250589,45621,45574,N/A,N/A,N/A,N/A,N/A,N/A,N/A,N/A,5492736,5492736,516096,135168,180224,1,sleep,S (sleeping),victim2.bnsdq.ozxfs.bomyo.kvugl,0.0
1759250589,45575,1,N/A,N/A,N/A,N/A,N/A,N/A,N/A,N/A,6979584,6979584,3260416,135168,278528,1,bash,S (sleeping),victim2.bnsdq.ozxfs.bomyo.kvugl,0.0
1759250589,45572,1,N/A,N/A,N/A,N/A,N/A,N/A,N/A,N/A,728137728,728137728,7917568,135168,105218048,4,foundryc,S (sleeping),victim2.bnsdq.ozxfs.bomyo.kvugl,0.0
1759250589,45574,1,N/A,N/A,N/A,N/A,N/A,N/A,N/A,N/A,6979584,6979584,3297280,135168,278528,1,bash,S (sleeping),victim2.bnsdq.ozxfs.bomyo.kvugl,0.0
1759250589,45620,45581,N/A,N/A,N/A,N/A,N/A,N/A,N/A,N/A,5492736,5492736,585728,135168,180224,1,sleep,S (sleeping),victim2.bnsdq.ozxfs.bomyo.kvugl,0.0
1759250589,45624,45577,N/A,N/A,N/A,N/A,N/A,N/A,N/A,N/A,5492736,5492736,512000,135168,180224,1,sleep,S (sleeping),victim2.bnsdq.ozxfs.bomyo.kvugl,0.0
1759250594,45651,1,101,101,101,101,102,102,102,102,16568320,16560128,7409664,135168,622592,1,systemd-network,S (sleeping),victim2.bnsdq.ozxfs.bomyo.kvugl,0.5497187147240461
1759250599,45690,1,N/A,N/A,N/A,N/A,N/A,N/A,N/A,N/A,728137728,728137728,7921664,135168,105218048,4,foundryc,S (sleeping),victim2.bnsdq.ozxfs.bomyo.kvugl,0.0
1759250599,45691,1,N/A,N/A,N/A,N/A,N/A,N/A,N/A,N/A,6979584,6979584,3198976,135168,278528,1,bash,S (sleeping),victim2.bnsdq.ozxfs.bomyo.kvugl,0.0
1759250599,45692,1,N/A,N/A,N/A,N/A,N/A,N/A,N/A,N/A,6979584,6979584,3272704,135168,278528,1,bash,S (sleeping),victim2.bnsdq.ozxfs.bomyo.kvugl,0.0
1759250599,45751,45703,N/A,N/A,N/A,N/A,N/A,N/A,N/A,N/A,5492736,5492736,512000,135168,180224,1,sleep,S (sleeping),victim2.bnsdq.ozxfs.bomyo.kvugl,0.0
1759250599,45700,1,N/A,N/A,N/A,N/A,N/A,N/A,N/A,N/A,6979584,6979584,3305472,135168,278528,1,bash,S (sleeping),victim2.bnsdq.ozxfs.bomyo.kvugl,0.0
1759250599,45752,45700,N/A,N/A,N/A,N/A,N/A,N/A,N/A,N/A,5492736,5492736,516096,135168,180224,1,sleep,S (sleeping),victim2.bnsdq.ozxfs.bomyo.kvugl,0.0
1759250599,45744,45692,N/A,N/A,N/A,N/A,N/A,N/A,N/A,N/A,5492736,5492736,516096,135168,180224,1,sleep,S (sleeping),victim2.bnsdq.ozxfs.bomyo.kvugl,0.0
1759250599,45703,1,N/A,N/A,N/A,N/A,N/A,N/A,N/A,N/A,6979584,6979584,3158016,135168,278528,1,bash,S (sleeping),victim2.bnsdq.ozxfs.bomyo.kvugl,0.0
1759250599,45701,1,N/A,N/A,N/A,N/A,N/A,N/A,N/A,N/A,6979584,6979584,3145728,135168,278528,1,bash,S (sleeping),victim2.bnsdq.ozxfs.bomyo.kvugl,0.0
1759250599,45712,1,101,101,101,101,102,102,102,102,16568320,16560128,7438336,135168,622592,1,systemd-network,S (sleeping),victim2.bnsdq.ozxfs.bomyo.kvugl,0.36594771548948696
1759250599,45746,45691,N/A,N/A,N/A,N/A,N/A,N/A,N/A,N/A,5492736,5492736,516096,135168,180224,1,sleep,S (sleeping),victim2.bnsdq.ozxfs.bomyo.kvugl,0.0
1759250599,45748,45701,N/A,N/A,N/A,N/A,N/A,N/A,N/A,N/A,5492736,5492736,577536,135168,180224,1,sleep,S (sleeping),victim2.bnsdq.ozxfs.bomyo.kvugl,0.0
1759250604,45810,1,N/A,N/A,N/A,N/A,N/A,N/A,N/A,N/A,6979584,6979584,3215360,135168,278528,1,bash,S (sleeping),victim2.bnsdq.ozxfs.bomyo.kvugl,0.0
1759250604,45830,45818,N/A,N/A,N/A,N/A,N/A,N/A,N/A,N/A,5492736,5492736,516096,135168,180224,1,sleep,S (sleeping),victim2.bnsdq.ozxfs.bomyo.kvugl,0.0
1759250604,45809,1,N/A,N/A,N/A,N/A,N/A,N/A,N/A,N/A,728137728,728137728,7921664,135168,105218048,4,foundryc,S (sleeping),victim2.bnsdq.ozxfs.bomyo.kvugl,0.0
1759250604,45828,45812,N/A,N/A,N/A,N/A,N/A,N/A,N/A,N/A,5492736,5492736,512000,135168,180224,1,sleep,S (sleeping),victim2.bnsdq.ozxfs.bomyo.kvugl,0.0
1759250604,45826,45810,N/A,N/A,N/A,N/A,N/A,N/A,N/A,N/A,5492736,5492736,577536,135168,180224,1,sleep,S (sleeping),victim2.bnsdq.ozxfs.bomyo.kvugl,0.0
1759250604,45831,1,101,101,101,101,102,102,102,102,16568320,16560128,7360512,135168,622592,1,systemd-network,S (sleeping),victim2.bnsdq.ozxfs.bomyo.kvugl,1.325008972414195
1759250604,45827,45811,N/A,N/A,N/A,N/A,N/A,N/A,N/A,N/A,5492736,5492736,577536,135168,180224,1,sleep,S (sleeping),victim2.bnsdq.ozxfs.bomyo.kvugl,0.0
1759250604,45829,45816,N/A,N/A,N/A,N/A,N/A,N/A,N/A,N/A,5492736,5492736,516096,135168,180224,1,sleep,S (sleeping),victim2.bnsdq.ozxfs.bomyo.kvugl,0.0
1759250604,45816,1,N/A,N/A,N/A,N/A,N/A,N/A,N/A,N/A,6979584,6979584,3358720,135168,278528,1,bash,S (sleeping),victim2.bnsdq.ozxfs.bomyo.kvugl,0.0
1759250604,45812,1,N/A,N/A,N/A,N/A,N/A,N/A,N/A,N/A,6979584,6979584,3280896,135168,278528,1,bash,S (sleeping),victim2.bnsdq.ozxfs.bomyo.kvugl,0.0
1759250604,45811,1,N/A,N/A,N/A,N/A,N/A,N/A,N/A,N/A,6979584,6979584,3301376,135168,278528,1,bash,S (sleeping),victim2.bnsdq.ozxfs.bomyo.kvugl,0.0
1759250604,45818,1,N/A,N/A,N/A,N/A,N/A,N/A,N/A,N/A,6979584,6979584,3342336,135168,278528,1,bash,S (sleeping),victim2.bnsdq.ozxfs.bomyo.kvugl,0.0
1759250609,45894,45816,N/A,N/A,N/A,N/A,N/A,N/A,N/A,N/A,5492736,5492736,516096,135168,180224,1,sleep,S (sleeping),victim2.bnsdq.ozxfs.bomyo.kvugl,0.0
1759250609,45881,45810,N/A,N/A,N/A,N/A,N/A,N/A,N/A,N/A,5492736,5492736,512000,135168,180224,1,sleep,S (sleeping),victim2.bnsdq.ozxfs.bomyo.kvugl,0.0
1759250609,45818,1,N/A,N/A,N/A,N/A,N/A,N/A,N/A,N/A,6979584,6979584,3428352,135168,278528,1,bash,S (sleeping),victim2.bnsdq.ozxfs.bomyo.kvugl,0.0
1759250609,45906,202,N/A,N/A,N/A,N/A,N/A,N/A,N/A,N/A,23040000,21975040,3952640,135168,724992,1,systemd-udevd,S (sleeping),victim2.bnsdq.ozxfs.bomyo.kvugl,0.0
1759250609,45874,45812,N/A,N/A,N/A,N/A,N/A,N/A,N/A,N/A,5492736,5492736,512000,135168,180224,1,sleep,S (sleeping),victim2.bnsdq.ozxfs.bomyo.kvugl,0.0
1759250609,45895,45818,N/A,N/A,N/A,N/A,N/A,N/A,N/A,N/A,5492736,5492736,520192,135168,180224,1,sleep,S (sleeping),victim2.bnsdq.ozxfs.bomyo.kvugl,0.0
1759250609,45893,45811,N/A,N/A,N/A,N/A,N/A,N/A,N/A,N/A,5492736,5492736,581632,135168,180224,1,sleep,S (sleeping),victim2.bnsdq.ozxfs.bomyo.kvugl,0.0
1759250609,45896,1,101,101,101,101,102,102,102,102,16568320,16560128,7344128,135168,622592,1,systemd-network,S (sleeping),victim2.bnsdq.ozxfs.bomyo.kvugl,1.2870278764671648
1759250609,45812,1,N/A,N/A,N/A,N/A,N/A,N/A,N/A,N/A,6979584,6979584,3366912,135168,278528,1,bash,S (sleeping),victim2.bnsdq.ozxfs.bomyo.kvugl,0.0
1759250609,45811,1,N/A,N/A,N/A,N/A,N/A,N/A,N/A,N/A,6979584,6979584,3383296,135168,278528,1,bash,S (sleeping),victim2.bnsdq.ozxfs.bomyo.kvugl,0.0
1759250609,45810,1,N/A,N/A,N/A,N/A,N/A,N/A,N/A,N/A,6979584,6979584,3215360,135168,278528,1,bash,S (sleeping),victim2.bnsdq.ozxfs.bomyo.kvugl,0.0
1759250609,45816,1,N/A,N/A,N/A,N/A,N/A,N/A,N/A,N/A,6979584,6979584,3444736,135168,278528,1,bash,S (sleeping),victim2.bnsdq.ozxfs.bomyo.kvugl,0.0
1759250614,45956,45930,N/A,N/A,N/A,N/A,N/A,N/A,N/A,N/A,5492736,5492736,577536,135168,180224,1,sleep,S (sleeping),victim2.bnsdq.ozxfs.bomyo.kvugl,0.0
1759250614,45960,45938,N/A,N/A,N/A,N/A,N/A,N/A,N/A,N/A,5492736,5492736,512000,135168,180224,1,sleep,S (sleeping),victim2.bnsdq.ozxfs.bomyo.kvugl,0.0
1759250614,45928,1,N/A,N/A,N/A,N/A,N/A,N/A,N/A,N/A,728137728,728137728,7917568,135168,105218048,4,foundryc,S (sleeping),victim2.bnsdq.ozxfs.bomyo.kvugl,0.0
1759250614,45930,1,N/A,N/A,N/A,N/A,N/A,N/A,N/A,N/A,6979584,6979584,3391488,135168,278528,1,bash,S (sleeping),victim2.bnsdq.ozxfs.bomyo.kvugl,0.0
1759250614,45958,45934,N/A,N/A,N/A,N/A,N/A,N/A,N/A,N/A,5492736,5492736,512000,135168,180224,1,sleep,S (sleeping),victim2.bnsdq.ozxfs.bomyo.kvugl,0.0
1759250614,45936,1,N/A,N/A,N/A,N/A,N/A,N/A,N/A,N/A,6979584,6979584,3293184,135168,278528,1,bash,S (sleeping),victim2.bnsdq.ozxfs.bomyo.kvugl,0.0
1759250614,45929,1,N/A,N/A,N/A,N/A,N/A,N/A,N/A,N/A,6979584,6979584,3211264,135168,278528,1,bash,S (sleeping),victim2.bnsdq.ozxfs.bomyo.kvugl,0.0
1759250614,45959,45936,N/A,N/A,N/A,N/A,N/A,N/A,N/A,N/A,5492736,5492736,516096,135168,180224,1,sleep,S (sleeping),victim2.bnsdq.ozxfs.bomyo.kvugl,0.0
1759250614,45950,1,101,101,101,101,102,102,102,102,16568320,16560128,7450624,135168,622592,1,systemd-network,S (sleeping),victim2.bnsdq.ozxfs.bomyo.kvugl,0.7694216254486873
1759250614,45957,45929,N/A,N/A,N/A,N/A,N/A,N/A,N/A,N/A,5492736,5492736,581632,135168,180224,1,sleep,S (sleeping),victim2.bnsdq.ozxfs.bomyo.kvugl,0.0
1759250614,45934,1,N/A,N/A,N/A,N/A,N/A,N/A,N/A,N/A,6979584,6979584,3289088,135168,278528,1,bash,S (sleeping),victim2.bnsdq.ozxfs.bomyo.kvugl,0.0
1759250614,45938,1,N/A,N/A,N/A,N/A,N/A,N/A,N/A,N/A,6979584,6979584,3289088,135168,278528,1,bash,S (sleeping),victim2.bnsdq.ozxfs.bomyo.kvugl,0.0
1759250619,46025,202,N/A,N/A,N/A,N/A,N/A,N/A,N/A,N/A,23040000,21975040,3956736,135168,724992,1,systemd-udevd,S (sleeping),victim2.bnsdq.ozxfs.bomyo.kvugl,0.0
1759250619,46005,1,101,101,101,101,102,102,102,102,16568320,16560128,7413760,135168,622592,1,systemd-network,S (sleeping),victim2.bnsdq.ozxfs.bomyo.kvugl,1.1345855581429423
1759250624,46082,46052,N/A,N/A,N/A,N/A,N/A,N/A,N/A,N/A,10379264,10379264,1249280,135168,294912,1,systemctl,S (sleeping),victim2.bnsdq.ozxfs.bomyo.kvugl,0.0
1759250624,46079,46046,N/A,N/A,N/A,N/A,N/A,N/A,N/A,N/A,5492736,5492736,516096,135168,180224,1,sleep,S (sleeping),victim2.bnsdq.ozxfs.bomyo.kvugl,0.0
1759250624,46081,46047,N/A,N/A,N/A,N/A,N/A,N/A,N/A,N/A,10379264,10379264,1175552,135168,294912,1,systemctl,S (sleeping),victim2.bnsdq.ozxfs.bomyo.kvugl,0.0
1759250624,46053,1,N/A,N/A,N/A,N/A,N/A,N/A,N/A,N/A,6979584,6979584,3297280,135168,278528,1,bash,R (running),victim2.bnsdq.ozxfs.bomyo.kvugl,0.0
1759250624,46047,1,N/A,N/A,N/A,N/A,N/A,N/A,N/A,N/A,6979584,6979584,3305472,135168,278528,1,bash,S (sleeping),victim2.bnsdq.ozxfs.bomyo.kvugl,0.0
1759250624,46084,46048,N/A,N/A,N/A,N/A,N/A,N/A,N/A,N/A,5492736,5492736,520192,135168,180224,1,sleep,S (sleeping),victim2.bnsdq.ozxfs.bomyo.kvugl,0.0
1759250624,46046,1,N/A,N/A,N/A,N/A,N/A,N/A,N/A,N/A,6979584,6979584,3334144,135168,278528,1,bash,S (sleeping),victim2.bnsdq.ozxfs.bomyo.kvugl,0.0
1759250624,46045,1,N/A,N/A,N/A,N/A,N/A,N/A,N/A,N/A,728137728,728137728,7925760,135168,105218048,4,foundryc,S (sleeping),victim2.bnsdq.ozxfs.bomyo.kvugl,0.0
1759250624,46052,1,N/A,N/A,N/A,N/A,N/A,N/A,N/A,N/A,6979584,6979584,3309568,135168,278528,1,bash,S (sleeping),victim2.bnsdq.ozxfs.bomyo.kvugl,0.0
1759250624,46048,1,N/A,N/A,N/A,N/A,N/A,N/A,N/A,N/A,6979584,6979584,3325952,135168,278528,1,bash,S (sleeping),victim2.bnsdq.ozxfs.bomyo.kvugl,0.0
1759250624,46067,1,101,101,101,101,102,102,102,102,16568320,16560128,7401472,135168,622592,1,systemd-network,S (sleeping),victim2.bnsdq.ozxfs.bomyo.kvugl,0.7518882605983598
1759250629,46143,202,N/A,N/A,N/A,N/A,N/A,N/A,N/A,N/A,23040000,21975040,3948544,135168,724992,1,systemd-udevd,S (sleeping),victim2.bnsdq.ozxfs.bomyo.kvugl,0.0
1759250629,46128,2,N/A,N/A,N/A,N/A,N/A,N/A,N/A,N/A,N/A,N/A,N/A,N/A,N/A,1,kworker/0,I (idle),victim2.bnsdq.ozxfs.bomyo.kvugl,0.0
1759250629,46127,1,101,101,101,101,102,102,102,102,16568320,16560128,7348224,135168,622592,1,systemd-network,S (sleeping),victim2.bnsdq.ozxfs.bomyo.kvugl,1.1117479557513967
1759250634,46165,1,N/A,N/A,N/A,N/A,N/A,N/A,N/A,N/A,728137728,728137728,7917568,135168,105218048,4,foundryc,S (sleeping),victim2.bnsdq.ozxfs.bomyo.kvugl,0.0
1759250634,46206,46167,N/A,N/A,N/A,N/A,N/A,N/A,N/A,N/A,5492736,5492736,516096,135168,180224,1,sleep,S (sleeping),victim2.bnsdq.ozxfs.bomyo.kvugl,0.0
1759250634,46203,46168,N/A,N/A,N/A,N/A,N/A,N/A,N/A,N/A,5492736,5492736,581632,135168,180224,1,sleep,S (sleeping),victim2.bnsdq.ozxfs.bomyo.kvugl,0.0
1759250634,46166,1,N/A,N/A,N/A,N/A,N/A,N/A,N/A,N/A,6979584,6979584,3248128,135168,278528,1,bash,S (sleeping),victim2.bnsdq.ozxfs.bomyo.kvugl,0.0
1759250634,46207,46172,N/A,N/A,N/A,N/A,N/A,N/A,N/A,N/A,5492736,5492736,577536,135168,180224,1,sleep,S (sleeping),victim2.bnsdq.ozxfs.bomyo.kvugl,0.0
1759250634,46168,1,N/A,N/A,N/A,N/A,N/A,N/A,N/A,N/A,6979584,6979584,3375104,135168,278528,1,bash,S (sleeping),victim2.bnsdq.ozxfs.bomyo.kvugl,0.0
1759250634,46204,46174,N/A,N/A,N/A,N/A,N/A,N/A,N/A,N/A,5492736,5492736,512000,135168,180224,1,sleep,S (sleeping),victim2.bnsdq.ozxfs.bomyo.kvugl,0.0
1759250634,46128,2,N/A,N/A,N/A,N/A,N/A,N/A,N/A,N/A,N/A,N/A,N/A,N/A,N/A,1,kworker/0,I (idle),victim2.bnsdq.ozxfs.bomyo.kvugl,0.0
1759250634,46174,1,N/A,N/A,N/A,N/A,N/A,N/A,N/A,N/A,6979584,6979584,3330048,135168,278528,1,bash,S (sleeping),victim2.bnsdq.ozxfs.bomyo.kvugl,0.0
1759250634,46167,1,N/A,N/A,N/A,N/A,N/A,N/A,N/A,N/A,6979584,6979584,3198976,135168,278528,1,bash,S (sleeping),victim2.bnsdq.ozxfs.bomyo.kvugl,0.0
1759250634,46172,1,N/A,N/A,N/A,N/A,N/A,N/A,N/A,N/A,6979584,6979584,3330048,135168,278528,1,bash,S (sleeping),victim2.bnsdq.ozxfs.bomyo.kvugl,0.0
1759250634,46205,46166,N/A,N/A,N/A,N/A,N/A,N/A,N/A,N/A,5492736,5492736,512000,135168,180224,1,sleep,S (sleeping),victim2.bnsdq.ozxfs.bomyo.kvugl,0.0
1759250634,46187,1,101,101,101,101,102,102,102,102,16568320,16560128,7454720,135168,622592,1,systemd-network,S (sleeping),victim2.bnsdq.ozxfs.bomyo.kvugl,0.5385233321290686
1759250639,46128,2,N/A,N/A,N/A,N/A,N/A,N/A,N/A,N/A,N/A,N/A,N/A,N/A,N/A,1,kworker/0,I (idle),victim2.bnsdq.ozxfs.bomyo.kvugl,0.0
1759250639,46263,202,N/A,N/A,N/A,N/A,N/A,N/A,N/A,N/A,23040000,21975040,3952640,135168,724992,1,systemd-udevd,S (sleeping),victim2.bnsdq.ozxfs.bomyo.kvugl,0.0
1759250639,46243,1,101,101,101,101,102,102,102,102,16568320,16560128,7393280,135168,622592,1,systemd-network,S (sleeping),victim2.bnsdq.ozxfs.bomyo.kvugl,0.5320517769549311
1759250644,46328,46285,N/A,N/A,N/A,N/A,N/A,N/A,N/A,N/A,5492736,5492736,520192,135168,180224,1,sleep,S (sleeping),victim2.bnsdq.ozxfs.bomyo.kvugl,0.0
1759250644,46285,1,N/A,N/A,N/A,N/A,N/A,N/A,N/A,N/A,6979584,6979584,3276800,135168,278528,1,bash,S (sleeping),victim2.bnsdq.ozxfs.bomyo.kvugl,0.0
1759250644,46296,1,N/A,N/A,N/A,N/A,N/A,N/A,N/A,N/A,6979584,6979584,3330048,135168,278528,1,bash,S (sleeping),victim2.bnsdq.ozxfs.bomyo.kvugl,0.0
1759250644,46297,1,N/A,N/A,N/A,N/A,N/A,N/A,N/A,N/A,6979584,6979584,3293184,135168,278528,1,bash,S (sleeping),victim2.bnsdq.ozxfs.bomyo.kvugl,0.0
1759250644,46284,1,N/A,N/A,N/A,N/A,N/A,N/A,N/A,N/A,6979584,6979584,3264512,135168,278528,1,bash,S (sleeping),victim2.bnsdq.ozxfs.bomyo.kvugl,0.0
1759250644,46334,46298,N/A,N/A,N/A,N/A,N/A,N/A,N/A,N/A,5492736,5492736,516096,135168,180224,1,sleep,S (sleeping),victim2.bnsdq.ozxfs.bomyo.kvugl,0.0
1759250644,46329,46284,N/A,N/A,N/A,N/A,N/A,N/A,N/A,N/A,5492736,5492736,516096,135168,180224,1,sleep,S (sleeping),victim2.bnsdq.ozxfs.bomyo.kvugl,0.0
1759250644,46331,46297,N/A,N/A,N/A,N/A,N/A,N/A,N/A,N/A,5492736,5492736,581632,135168,180224,1,sleep,S (sleeping),victim2.bnsdq.ozxfs.bomyo.kvugl,0.0
1759250644,46283,1,N/A,N/A,N/A,N/A,N/A,N/A,N/A,N/A,728137728,728137728,10014720,135168,105218048,4,foundryc,S (sleeping),victim2.bnsdq.ozxfs.bomyo.kvugl,0.0
1759250644,46305,1,101,101,101,101,102,102,102,102,16568320,16560128,7507968,135168,622592,1,systemd-network,S (sleeping),victim2.bnsdq.ozxfs.bomyo.kvugl,0.6280293300901195
1759250644,46298,1,N/A,N/A,N/A,N/A,N/A,N/A,N/A,N/A,6979584,6979584,3313664,135168,278528,1,bash,S (sleeping),victim2.bnsdq.ozxfs.bomyo.kvugl,0.0
1759250644,46335,46296,N/A,N/A,N/A,N/A,N/A,N/A,N/A,N/A,5492736,5492736,581632,135168,180224,1,sleep,S (sleeping),victim2.bnsdq.ozxfs.bomyo.kvugl,0.0
1759250644,46128,2,N/A,N/A,N/A,N/A,N/A,N/A,N/A,N/A,N/A,N/A,N/A,N/A,N/A,1,kworker/0,I (idle),victim2.bnsdq.ozxfs.bomyo.kvugl,0.0
1759250649,46128,2,N/A,N/A,N/A,N/A,N/A,N/A,N/A,N/A,N/A,N/A,N/A,N/A,N/A,1,kworker/0,I (idle),victim2.bnsdq.ozxfs.bomyo.kvugl,0.0
1759250649,46370,1,101,101,101,101,102,102,102,102,16568320,16560128,7503872,135168,622592,1,systemd-network,S (sleeping),victim2.bnsdq.ozxfs.bomyo.kvugl,0.41458082116141404
1759250654,46410,1,N/A,N/A,N/A,N/A,N/A,N/A,N/A,N/A,6979584,6979584,3264512,135168,278528,1,bash,S (sleeping),victim2.bnsdq.ozxfs.bomyo.kvugl,0.0
1759250654,46425,1,101,101,101,101,102,102,102,102,16568320,16560128,7315456,135168,622592,1,systemd-network,S (sleeping),victim2.bnsdq.ozxfs.bomyo.kvugl,0.5139904512080699
1759250654,46461,46412,N/A,N/A,N/A,N/A,N/A,N/A,N/A,N/A,5492736,5492736,581632,135168,180224,1,sleep,S (sleeping),victim2.bnsdq.ozxfs.bomyo.kvugl,0.0
1759250654,46403,1,N/A,N/A,N/A,N/A,N/A,N/A,N/A,N/A,728137728,728137728,7921664,135168,105218048,4,foundryc,S (sleeping),victim2.bnsdq.ozxfs.bomyo.kvugl,0.0
1759250654,46404,1,N/A,N/A,N/A,N/A,N/A,N/A,N/A,N/A,6979584,6979584,3153920,135168,278528,1,bash,S (sleeping),victim2.bnsdq.ozxfs.bomyo.kvugl,0.0
1759250654,46406,1,N/A,N/A,N/A,N/A,N/A,N/A,N/A,N/A,6979584,6979584,3186688,135168,278528,1,bash,S (sleeping),victim2.bnsdq.ozxfs.bomyo.kvugl,0.0
1759250654,46459,46410,N/A,N/A,N/A,N/A,N/A,N/A,N/A,N/A,5492736,5492736,512000,135168,180224,1,sleep,S (sleeping),victim2.bnsdq.ozxfs.bomyo.kvugl,0.0
1759250654,46464,46405,N/A,N/A,N/A,N/A,N/A,N/A,N/A,N/A,5492736,5492736,581632,135168,180224,1,sleep,S (sleeping),victim2.bnsdq.ozxfs.bomyo.kvugl,0.0
1759250654,46405,1,N/A,N/A,N/A,N/A,N/A,N/A,N/A,N/A,6979584,6979584,3375104,135168,278528,1,bash,S (sleeping),victim2.bnsdq.ozxfs.bomyo.kvugl,0.0
1759250654,46465,46406,N/A,N/A,N/A,N/A,N/A,N/A,N/A,N/A,5492736,5492736,581632,135168,180224,1,sleep,S (sleeping),victim2.bnsdq.ozxfs.bomyo.kvugl,0.0
1759250654,46412,1,N/A,N/A,N/A,N/A,N/A,N/A,N/A,N/A,6979584,6979584,3268608,135168,278528,1,bash,S (sleeping),victim2.bnsdq.ozxfs.bomyo.kvugl,0.0
1759250654,46128,2,N/A,N/A,N/A,N/A,N/A,N/A,N/A,N/A,N/A,N/A,N/A,N/A,N/A,1,kworker/0,I (idle),victim2.bnsdq.ozxfs.bomyo.kvugl,0.0
1759250654,46457,46404,N/A,N/A,N/A,N/A,N/A,N/A,N/A,N/A,5492736,5492736,581632,135168,180224,1,sleep,S (sleeping),victim2.bnsdq.ozxfs.bomyo.kvugl,0.0
1759250659,46533,1,N/A,N/A,N/A,N/A,N/A,N/A,N/A,N/A,6979584,6979584,3223552,135168,278528,1,bash,S (sleeping),victim2.bnsdq.ozxfs.bomyo.kvugl,0.0
1759250659,46539,46523,N/A,N/A,N/A,N/A,N/A,N/A,N/A,N/A,5492736,5492736,581632,135168,180224,1,sleep,S (sleeping),victim2.bnsdq.ozxfs.bomyo.kvugl,0.0
1759250659,46528,1,N/A,N/A,N/A,N/A,N/A,N/A,N/A,N/A,6979584,6979584,3264512,135168,278528,1,bash,S (sleeping),victim2.bnsdq.ozxfs.bomyo.kvugl,0.0
1759250659,46542,46524,N/A,N/A,N/A,N/A,N/A,N/A,N/A,N/A,5492736,5492736,585728,135168,180224,1,sleep,S (sleeping),victim2.bnsdq.ozxfs.bomyo.kvugl,0.0
1759250659,46522,1,N/A,N/A,N/A,N/A,N/A,N/A,N/A,N/A,728137728,728137728,7917568,135168,105218048,4,foundryc,S (sleeping),victim2.bnsdq.ozxfs.bomyo.kvugl,0.0
1759250659,46523,1,N/A,N/A,N/A,N/A,N/A,N/A,N/A,N/A,6979584,6979584,3309568,135168,278528,1,bash,S (sleeping),victim2.bnsdq.ozxfs.bomyo.kvugl,0.0
1759250659,46529,1,N/A,N/A,N/A,N/A,N/A,N/A,N/A,N/A,6979584,6979584,3203072,135168,278528,1,bash,S (sleeping),victim2.bnsdq.ozxfs.bomyo.kvugl,0.0
1759250659,46540,46528,N/A,N/A,N/A,N/A,N/A,N/A,N/A,N/A,5492736,5492736,516096,135168,180224,1,sleep,S (sleeping),victim2.bnsdq.ozxfs.bomyo.kvugl,0.0
1759250659,46541,46529,N/A,N/A,N/A,N/A,N/A,N/A,N/A,N/A,5492736,5492736,516096,135168,180224,1,sleep,S (sleeping),victim2.bnsdq.ozxfs.bomyo.kvugl,0.0
1759250659,46128,2,N/A,N/A,N/A,N/A,N/A,N/A,N/A,N/A,N/A,N/A,N/A,N/A,N/A,1,kworker/0,I (idle),victim2.bnsdq.ozxfs.bomyo.kvugl,0.03040182965220293
1759250659,46524,1,N/A,N/A,N/A,N/A,N/A,N/A,N/A,N/A,6979584,6979584,3141632,135168,278528,1,bash,S (sleeping),victim2.bnsdq.ozxfs.bomyo.kvugl,0.0
1759250659,46543,46533,N/A,N/A,N/A,N/A,N/A,N/A,N/A,N/A,5492736,5492736,512000,135168,180224,1,sleep,S (sleeping),victim2.bnsdq.ozxfs.bomyo.kvugl,0.0
1759250659,46544,1,101,101,101,101,102,102,102,102,16568320,16560128,7454720,135168,622592,1,systemd-network,S (sleeping),victim2.bnsdq.ozxfs.bomyo.kvugl,3.3569139079413897
1759250664,46586,46523,N/A,N/A,N/A,N/A,N/A,N/A,N/A,N/A,5492736,5492736,581632,135168,180224,1,sleep,S (sleeping),victim2.bnsdq.ozxfs.bomyo.kvugl,0.0
1759250664,46600,46533,N/A,N/A,N/A,N/A,N/A,N/A,N/A,N/A,5492736,5492736,581632,135168,180224,1,sleep,S (sleeping),victim2.bnsdq.ozxfs.bomyo.kvugl,0.0
1759250664,46523,1,N/A,N/A,N/A,N/A,N/A,N/A,N/A,N/A,6979584,6979584,3321856,135168,278528,1,bash,S (sleeping),victim2.bnsdq.ozxfs.bomyo.kvugl,0.0
1759250664,46609,1,101,101,101,101,102,102,102,102,16568320,16560128,7290880,135168,622592,1,systemd-network,S (sleeping),victim2.bnsdq.ozxfs.bomyo.kvugl,2.1318930014073714
1759250664,46529,1,N/A,N/A,N/A,N/A,N/A,N/A,N/A,N/A,6979584,6979584,3219456,135168,278528,1,bash,S (sleeping),victim2.bnsdq.ozxfs.bomyo.kvugl,0.0
1759250664,46524,1,N/A,N/A,N/A,N/A,N/A,N/A,N/A,N/A,6979584,6979584,3211264,135168,278528,1,bash,S (sleeping),victim2.bnsdq.ozxfs.bomyo.kvugl,0.0
1759250664,46589,46529,N/A,N/A,N/A,N/A,N/A,N/A,N/A,N/A,5492736,5492736,577536,135168,180224,1,sleep,S (sleeping),victim2.bnsdq.ozxfs.bomyo.kvugl,0.0
1759250664,46528,1,N/A,N/A,N/A,N/A,N/A,N/A,N/A,N/A,6979584,6979584,3264512,135168,278528,1,bash,S (sleeping),victim2.bnsdq.ozxfs.bomyo.kvugl,0.0
1759250664,46533,1,N/A,N/A,N/A,N/A,N/A,N/A,N/A,N/A,6979584,6979584,3301376,135168,278528,1,bash,S (sleeping),victim2.bnsdq.ozxfs.bomyo.kvugl,0.0
1759250664,46599,46528,N/A,N/A,N/A,N/A,N/A,N/A,N/A,N/A,5492736,5492736,516096,135168,180224,1,sleep,S (sleeping),victim2.bnsdq.ozxfs.bomyo.kvugl,0.0
1759250664,46619,202,N/A,N/A,N/A,N/A,N/A,N/A,N/A,N/A,23040000,21975040,3952640,135168,724992,1,systemd-udevd,S (sleeping),victim2.bnsdq.ozxfs.bomyo.kvugl,0.0
1759250664,46594,46524,N/A,N/A,N/A,N/A,N/A,N/A,N/A,N/A,5492736,5492736,516096,135168,180224,1,sleep,S (sleeping),victim2.bnsdq.ozxfs.bomyo.kvugl,0.0
1759250664,46128,2,N/A,N/A,N/A,N/A,N/A,N/A,N/A,N/A,N/A,N/A,N/A,N/A,N/A,1,kworker/0,I (idle),victim2.bnsdq.ozxfs.bomyo.kvugl,0.02635686263716751
1759250669,46671,46651,N/A,N/A,N/A,N/A,N/A,N/A,N/A,N/A,5492736,5492736,577536,135168,180224,1,sleep,S (sleeping),victim2.bnsdq.ozxfs.bomyo.kvugl,0.0
1759250669,46645,1,N/A,N/A,N/A,N/A,N/A,N/A,N/A,N/A,6979584,6979584,3375104,135168,278528,1,bash,S (sleeping),victim2.bnsdq.ozxfs.bomyo.kvugl,0.0
1759250669,46672,46649,N/A,N/A,N/A,N/A,N/A,N/A,N/A,N/A,5492736,5492736,512000,135168,180224,1,sleep,S (sleeping),victim2.bnsdq.ozxfs.bomyo.kvugl,0.0
1759250670,46674,46644,N/A,N/A,N/A,N/A,N/A,N/A,N/A,N/A,5492736,5492736,585728,135168,180224,1,sleep,S (sleeping),victim2.bnsdq.ozxfs.bomyo.kvugl,0.0
1759250670,46644,1,N/A,N/A,N/A,N/A,N/A,N/A,N/A,N/A,6979584,6979584,3272704,135168,278528,1,bash,S (sleeping),victim2.bnsdq.ozxfs.bomyo.kvugl,0.0
1759250670,46673,46645,N/A,N/A,N/A,N/A,N/A,N/A,N/A,N/A,5492736,5492736,581632,135168,180224,1,sleep,S (sleeping),victim2.bnsdq.ozxfs.bomyo.kvugl,0.0
1759250670,46643,1,N/A,N/A,N/A,N/A,N/A,N/A,N/A,N/A,6979584,6979584,3264512,135168,278528,1,bash,S (sleeping),victim2.bnsdq.ozxfs.bomyo.kvugl,0.0
1759250670,46128,2,N/A,N/A,N/A,N/A,N/A,N/A,N/A,N/A,N/A,N/A,N/A,N/A,N/A,1,kworker/0,I (idle),victim2.bnsdq.ozxfs.bomyo.kvugl,0.023261419621842912
1759250670,46670,46643,N/A,N/A,N/A,N/A,N/A,N/A,N/A,N/A,5492736,5492736,520192,135168,180224,1,sleep,S (sleeping),victim2.bnsdq.ozxfs.bomyo.kvugl,0.0
1759250670,46651,1,N/A,N/A,N/A,N/A,N/A,N/A,N/A,N/A,6979584,6979584,3211264,135168,278528,1,bash,S (sleeping),victim2.bnsdq.ozxfs.bomyo.kvugl,0.0
1759250670,46642,1,N/A,N/A,N/A,N/A,N/A,N/A,N/A,N/A,728137728,728137728,7917568,135168,105218048,4,foundryc,S (sleeping),victim2.bnsdq.ozxfs.bomyo.kvugl,0.0
1759250670,46664,1,101,101,101,101,102,102,102,102,16568320,16560128,7360512,135168,622592,1,systemd-network,S (sleeping),victim2.bnsdq.ozxfs.bomyo.kvugl,1.0047683169445039
1759250670,46649,1,N/A,N/A,N/A,N/A,N/A,N/A,N/A,N/A,6979584,6979584,3395584,135168,278528,1,bash,S (sleeping),victim2.bnsdq.ozxfs.bomyo.kvugl,0.0
1759250675,46729,1,101,101,101,101,102,102,102,102,16568320,16560128,7401472,135168,622592,1,systemd-network,S (sleeping),victim2.bnsdq.ozxfs.bomyo.kvugl,0.9817672287059227
1759250675,46128,2,N/A,N/A,N/A,N/A,N/A,N/A,N/A,N/A,N/A,N/A,N/A,N/A,N/A,1,kworker/0,I (idle),victim2.bnsdq.ozxfs.bomyo.kvugl,0.041634273173334374
1759250675,46739,202,N/A,N/A,N/A,N/A,N/A,N/A,N/A,N/A,23040000,21975040,3952640,135168,724992,1,systemd-udevd,S (sleeping),victim2.bnsdq.ozxfs.bomyo.kvugl,0.0
1759250680,46772,1,N/A,N/A,N/A,N/A,N/A,N/A,N/A,N/A,6979584,6979584,3186688,135168,278528,1,bash,S (sleeping),victim2.bnsdq.ozxfs.bomyo.kvugl,0.0
1759250680,46769,1,N/A,N/A,N/A,N/A,N/A,N/A,N/A,N/A,6979584,6979584,3313664,135168,278528,1,bash,S (sleeping),victim2.bnsdq.ozxfs.bomyo.kvugl,0.0
1759250680,46790,46763,N/A,N/A,N/A,N/A,N/A,N/A,N/A,N/A,5492736,5492736,581632,135168,180224,1,sleep,S (sleeping),victim2.bnsdq.ozxfs.bomyo.kvugl,0.0
1759250680,46763,1,N/A,N/A,N/A,N/A,N/A,N/A,N/A,N/A,6979584,6979584,3293184,135168,278528,1,bash,S (sleeping),victim2.bnsdq.ozxfs.bomyo.kvugl,0.0
1759250680,46791,46764,N/A,N/A,N/A,N/A,N/A,N/A,N/A,N/A,5492736,5492736,581632,135168,180224,1,sleep,S (sleeping),victim2.bnsdq.ozxfs.bomyo.kvugl,0.0
1759250680,46762,1,N/A,N/A,N/A,N/A,N/A,N/A,N/A,N/A,728137728,728137728,7921664,135168,105218048,4,foundryc,S (sleeping),victim2.bnsdq.ozxfs.bomyo.kvugl,0.0
1759250680,46128,2,N/A,N/A,N/A,N/A,N/A,N/A,N/A,N/A,N/A,N/A,N/A,N/A,N/A,1,kworker/0,I (idle),victim2.bnsdq.ozxfs.bomyo.kvugl,0.03769911476958805
1759250680,46793,46769,N/A,N/A,N/A,N/A,N/A,N/A,N/A,N/A,5492736,5492736,585728,135168,180224,1,sleep,S (sleeping),victim2.bnsdq.ozxfs.bomyo.kvugl,0.0
1759250680,46794,46772,N/A,N/A,N/A,N/A,N/A,N/A,N/A,N/A,5492736,5492736,581632,135168,180224,1,sleep,S (sleeping),victim2.bnsdq.ozxfs.bomyo.kvugl,0.0
1759250680,46765,1,N/A,N/A,N/A,N/A,N/A,N/A,N/A,N/A,6979584,6979584,3194880,135168,278528,1,bash,S (sleeping),victim2.bnsdq.ozxfs.bomyo.kvugl,0.0
1759250680,46784,1,101,101,101,101,102,102,102,102,16568320,16560128,7372800,135168,622592,1,systemd-network,S (sleeping),victim2.bnsdq.ozxfs.bomyo.kvugl,0.6551192512950769
1759250680,46792,46765,N/A,N/A,N/A,N/A,N/A,N/A,N/A,N/A,5492736,5492736,512000,135168,180224,1,sleep,S (sleeping),victim2.bnsdq.ozxfs.bomyo.kvugl,0.0
1759250680,46764,1,N/A,N/A,N/A,N/A,N/A,N/A,N/A,N/A,6979584,6979584,3301376,135168,278528,1,bash,S (sleeping),victim2.bnsdq.ozxfs.bomyo.kvugl,0.0
1759250685,46841,1,101,101,101,101,102,102,102,102,16568320,16560128,7340032,135168,622592,1,systemd-network,S (sleeping),victim2.bnsdq.ozxfs.bomyo.kvugl,0.9661561111527591
1759250685,46859,202,N/A,N/A,N/A,N/A,N/A,N/A,N/A,N/A,23040000,21975040,3944448,135168,724992,1,systemd-udevd,S (sleeping),victim2.bnsdq.ozxfs.bomyo.kvugl,0.0
1759250685,46128,2,N/A,N/A,N/A,N/A,N/A,N/A,N/A,N/A,N/A,N/A,N/A,N/A,N/A,1,kworker/0,I (idle),victim2.bnsdq.ozxfs.bomyo.kvugl,0.03441998801194946
1759250690,46890,1,N/A,N/A,N/A,N/A,N/A,N/A,N/A,N/A,6979584,6979584,3268608,135168,278528,1,bash,S (sleeping),victim2.bnsdq.ozxfs.bomyo.kvugl,0.0
1759250690,46921,46881,N/A,N/A,N/A,N/A,N/A,N/A,N/A,N/A,5492736,5492736,581632,135168,180224,1,sleep,S (sleeping),victim2.bnsdq.ozxfs.bomyo.kvugl,0.0
1759250690,46885,1,N/A,N/A,N/A,N/A,N/A,N/A,N/A,N/A,6979584,6979584,3383296,135168,278528,1,bash,S (sleeping),victim2.bnsdq.ozxfs.bomyo.kvugl,0.0
1759250690,46888,1,N/A,N/A,N/A,N/A,N/A,N/A,N/A,N/A,6979584,6979584,3432448,135168,278528,1,bash,S (sleeping),victim2.bnsdq.ozxfs.bomyo.kvugl,0.0
1759250690,46902,1,101,101,101,101,102,102,102,102,16568320,16560128,7352320,135168,622592,1,systemd-network,S (sleeping),victim2.bnsdq.ozxfs.bomyo.kvugl,0.7279429947704912
1759250690,46128,2,N/A,N/A,N/A,N/A,N/A,N/A,N/A,N/A,N/A,N/A,N/A,N/A,N/A,1,kworker/0,I (idle),victim2.bnsdq.ozxfs.bomyo.kvugl,0.031684942111919454
1759250690,46881,1,N/A,N/A,N/A,N/A,N/A,N/A,N/A,N/A,6979584,6979584,3313664,135168,278528,1,bash,S (sleeping),victim2.bnsdq.ozxfs.bomyo.kvugl,0.0
1759250690,46918,46892,N/A,N/A,N/A,N/A,N/A,N/A,N/A,N/A,5492736,5492736,512000,135168,180224,1,sleep,S (sleeping),victim2.bnsdq.ozxfs.bomyo.kvugl,0.0
1759250690,46880,1,N/A,N/A,N/A,N/A,N/A,N/A,N/A,N/A,728137728,728137728,7917568,135168,105218048,4,foundryc,S (sleeping),victim2.bnsdq.ozxfs.bomyo.kvugl,0.0
1759250690,46920,46890,N/A,N/A,N/A,N/A,N/A,N/A,N/A,N/A,5492736,5492736,577536,135168,180224,1,sleep,S (sleeping),victim2.bnsdq.ozxfs.bomyo.kvugl,0.0
1759250690,46922,46888,N/A,N/A,N/A,N/A,N/A,N/A,N/A,N/A,5492736,5492736,516096,135168,180224,1,sleep,S (sleeping),victim2.bnsdq.ozxfs.bomyo.kvugl,0.0
1759250690,46919,46885,N/A,N/A,N/A,N/A,N/A,N/A,N/A,N/A,5492736,5492736,512000,135168,180224,1,sleep,S (sleeping),victim2.bnsdq.ozxfs.bomyo.kvugl,0.0
1759250690,46892,1,N/A,N/A,N/A,N/A,N/A,N/A,N/A,N/A,6979584,6979584,3215360,135168,278528,1,bash,S (sleeping),victim2.bnsdq.ozxfs.bomyo.kvugl,0.0
1759250695,46128,2,N/A,N/A,N/A,N/A,N/A,N/A,N/A,N/A,N/A,N/A,N/A,N/A,N/A,1,kworker/0,I (idle),victim2.bnsdq.ozxfs.bomyo.kvugl,0.02933887450193675
1759250695,46977,202,N/A,N/A,N/A,N/A,N/A,N/A,N/A,N/A,23040000,21975040,3948544,135168,724992,1,systemd-udevd,S (sleeping),victim2.bnsdq.ozxfs.bomyo.kvugl,0.0
1759250695,46967,1,101,101,101,101,102,102,102,102,16568320,16560128,7274496,135168,622592,1,systemd-network,S (sleeping),victim2.bnsdq.ozxfs.bomyo.kvugl,0.479715710146685
1759250700,47043,47001,N/A,N/A,N/A,N/A,N/A,N/A,N/A,N/A,5492736,5492736,516096,135168,180224,1,sleep,S (sleeping),victim2.bnsdq.ozxfs.bomyo.kvugl,0.0
1759250700,47049,47000,N/A,N/A,N/A,N/A,N/A,N/A,N/A,N/A,5492736,5492736,577536,135168,180224,1,sleep,S (sleeping),victim2.bnsdq.ozxfs.bomyo.kvugl,0.0
1759250700,46999,1,N/A,N/A,N/A,N/A,N/A,N/A,N/A,N/A,728137728,728137728,7917568,135168,105218048,4,foundryc,S (sleeping),victim2.bnsdq.ozxfs.bomyo.kvugl,0.0
1759250700,47051,47010,N/A,N/A,N/A,N/A,N/A,N/A,N/A,N/A,5492736,5492736,581632,135168,180224,1,sleep,S (sleeping),victim2.bnsdq.ozxfs.bomyo.kvugl,0.0
1759250700,47010,1,N/A,N/A,N/A,N/A,N/A,N/A,N/A,N/A,6979584,6979584,3198976,135168,278528,1,bash,S (sleeping),victim2.bnsdq.ozxfs.bomyo.kvugl,0.0
1759250700,46128,2,N/A,N/A,N/A,N/A,N/A,N/A,N/A,N/A,N/A,N/A,N/A,N/A,N/A,1,kworker/0,I (idle),victim2.bnsdq.ozxfs.bomyo.kvugl,0.04099204136092776
1759250700,47045,47005,N/A,N/A,N/A,N/A,N/A,N/A,N/A,N/A,5492736,5492736,512000,135168,180224,1,sleep,S (sleeping),victim2.bnsdq.ozxfs.bomyo.kvugl,0.0
1759250700,47000,1,N/A,N/A,N/A,N/A,N/A,N/A,N/A,N/A,6979584,6979584,3366912,135168,278528,1,bash,S (sleeping),victim2.bnsdq.ozxfs.bomyo.kvugl,0.0
1759250700,47001,1,N/A,N/A,N/A,N/A,N/A,N/A,N/A,N/A,6979584,6979584,3383296,135168,278528,1,bash,S (sleeping),victim2.bnsdq.ozxfs.bomyo.kvugl,0.0
1759250700,47021,1,101,101,101,101,102,102,102,102,16568320,16560128,7421952,135168,622592,1,systemd-network,S (sleeping),victim2.bnsdq.ozxfs.bomyo.kvugl,0.7166456718230276
1759250700,47050,47007,N/A,N/A,N/A,N/A,N/A,N/A,N/A,N/A,5492736,5492736,516096,135168,180224,1,sleep,S (sleeping),victim2.bnsdq.ozxfs.bomyo.kvugl,0.0
1759250700,47007,1,N/A,N/A,N/A,N/A,N/A,N/A,N/A,N/A,6979584,6979584,3268608,135168,278528,1,bash,S (sleeping),victim2.bnsdq.ozxfs.bomyo.kvugl,0.0
1759250700,47005,1,N/A,N/A,N/A,N/A,N/A,N/A,N/A,N/A,6979584,6979584,3178496,135168,278528,1,bash,S (sleeping),victim2.bnsdq.ozxfs.bomyo.kvugl,0.0
1759250705,47096,202,N/A,N/A,N/A,N/A,N/A,N/A,N/A,N/A,23040000,21975040,3944448,135168,724992,1,systemd-udevd,S (sleeping),victim2.bnsdq.ozxfs.bomyo.kvugl,0.0
1759250705,46128,2,N/A,N/A,N/A,N/A,N/A,N/A,N/A,N/A,N/A,N/A,N/A,N/A,N/A,1,kworker/0,I (idle),victim2.bnsdq.ozxfs.bomyo.kvugl,0.03834751818299535
1759250705,47086,1,101,101,101,101,102,102,102,102,16568320,16560128,7426048,135168,622592,1,systemd-network,S (sleeping),victim2.bnsdq.ozxfs.bomyo.kvugl,0.7088611826090225
1759250710,47181,47122,N/A,N/A,N/A,N/A,N/A,N/A,N/A,N/A,5492736,5492736,577536,135168,180224,1,sleep,S (sleeping),victim2.bnsdq.ozxfs.bomyo.kvugl,0.0
1759250710,47180,47128,N/A,N/A,N/A,N/A,N/A,N/A,N/A,N/A,5492736,5492736,512000,135168,180224,1,sleep,S (sleeping),victim2.bnsdq.ozxfs.bomyo.kvugl,0.0
1759250710,47121,1,N/A,N/A,N/A,N/A,N/A,N/A,N/A,N/A,6979584,6979584,3371008,135168,278528,1,bash,S (sleeping),victim2.bnsdq.ozxfs.bomyo.kvugl,0.0
1759250710,47141,1,101,101,101,101,102,102,102,102,16568320,16560128,7507968,135168,622592,1,systemd-network,S (sleeping),victim2.bnsdq.ozxfs.bomyo.kvugl,0.572022126865337
1759250710,47120,1,N/A,N/A,N/A,N/A,N/A,N/A,N/A,N/A,6979584,6979584,3330048,135168,278528,1,bash,S (sleeping),victim2.bnsdq.ozxfs.bomyo.kvugl,0.0
1759250710,47122,1,N/A,N/A,N/A,N/A,N/A,N/A,N/A,N/A,6979584,6979584,3366912,135168,278528,1,bash,S (sleeping),victim2.bnsdq.ozxfs.bomyo.kvugl,0.0
1759250710,47126,1,N/A,N/A,N/A,N/A,N/A,N/A,N/A,N/A,6979584,6979584,3305472,135168,278528,1,bash,S (sleeping),victim2.bnsdq.ozxfs.bomyo.kvugl,0.0
1759250710,47119,1,N/A,N/A,N/A,N/A,N/A,N/A,N/A,N/A,728137728,728137728,7921664,135168,105218048,4,foundryc,S (sleeping),victim2.bnsdq.ozxfs.bomyo.kvugl,0.0
1759250710,47179,47120,N/A,N/A,N/A,N/A,N/A,N/A,N/A,N/A,5492736,5492736,512000,135168,180224,1,sleep,S (sleeping),victim2.bnsdq.ozxfs.bomyo.kvugl,0.0
1759250710,46128,2,N/A,N/A,N/A,N/A,N/A,N/A,N/A,N/A,N/A,N/A,N/A,N/A,N/A,1,kworker/0,I (idle),victim2.bnsdq.ozxfs.bomyo.kvugl,0.03603783849634142
1759250710,47128,1,N/A,N/A,N/A,N/A,N/A,N/A,N/A,N/A,6979584,6979584,3239936,135168,278528,1,bash,S (sleeping),victim2.bnsdq.ozxfs.bomyo.kvugl,0.0
1759250710,47173,47126,N/A,N/A,N/A,N/A,N/A,N/A,N/A,N/A,5492736,5492736,516096,135168,180224,1,sleep,S (sleeping),victim2.bnsdq.ozxfs.bomyo.kvugl,0.0
1759250710,47175,47121,N/A,N/A,N/A,N/A,N/A,N/A,N/A,N/A,5492736,5492736,581632,135168,180224,1,sleep,S (sleeping),victim2.bnsdq.ozxfs.bomyo.kvugl,0.0
1759250715,47258,47241,N/A,N/A,N/A,N/A,N/A,N/A,N/A,N/A,5492736,5492736,581632,135168,180224,1,sleep,S (sleeping),victim2.bnsdq.ozxfs.bomyo.kvugl,0.0
1759250715,47246,1,N/A,N/A,N/A,N/A,N/A,N/A,N/A,N/A,6979584,6979584,3354624,135168,278528,1,bash,S (sleeping),victim2.bnsdq.ozxfs.bomyo.kvugl,0.0
1759250715,46128,2,N/A,N/A,N/A,N/A,N/A,N/A,N/A,N/A,N/A,N/A,N/A,N/A,N/A,1,kworker/0,I (idle),victim2.bnsdq.ozxfs.bomyo.kvugl,0.03397834712570679
1759250715,47257,47240,N/A,N/A,N/A,N/A,N/A,N/A,N/A,N/A,5492736,5492736,585728,135168,180224,1,sleep,S (sleeping),victim2.bnsdq.ozxfs.bomyo.kvugl,0.0
1759250715,47260,47246,N/A,N/A,N/A,N/A,N/A,N/A,N/A,N/A,5492736,5492736,516096,135168,180224,1,sleep,S (sleeping),victim2.bnsdq.ozxfs.bomyo.kvugl,0.0
1759250715,47242,1,N/A,N/A,N/A,N/A,N/A,N/A,N/A,N/A,6979584,6979584,3248128,135168,278528,1,bash,S (sleeping),victim2.bnsdq.ozxfs.bomyo.kvugl,0.0
1759250715,47256,47242,N/A,N/A,N/A,N/A,N/A,N/A,N/A,N/A,5492736,5492736,581632,135168,180224,1,sleep,S (sleeping),victim2.bnsdq.ozxfs.bomyo.kvugl,0.0
1759250715,47240,1,N/A,N/A,N/A,N/A,N/A,N/A,N/A,N/A,6979584,6979584,3264512,135168,278528,1,bash,S (sleeping),victim2.bnsdq.ozxfs.bomyo.kvugl,0.0
1759250715,47245,1,N/A,N/A,N/A,N/A,N/A,N/A,N/A,N/A,6979584,6979584,3293184,135168,278528,1,bash,S (sleeping),victim2.bnsdq.ozxfs.bomyo.kvugl,0.0
1759250715,47259,47245,N/A,N/A,N/A,N/A,N/A,N/A,N/A,N/A,5492736,5492736,585728,135168,180224,1,sleep,S (sleeping),victim2.bnsdq.ozxfs.bomyo.kvugl,0.0
1759250715,47261,1,101,101,101,101,102,102,102,102,16568320,16560128,7258112,135168,622592,1,systemd-network,S (sleeping),victim2.bnsdq.ozxfs.bomyo.kvugl,1.5464457055968632
1759250715,47241,1,N/A,N/A,N/A,N/A,N/A,N/A,N/A,N/A,6979584,6979584,3289088,135168,278528,1,bash,S (sleeping),victim2.bnsdq.ozxfs.bomyo.kvugl,0.0
1759250715,47239,1,N/A,N/A,N/A,N/A,N/A,N/A,N/A,N/A,728137728,728137728,7925760,135168,105218048,4,foundryc,S (sleeping),victim2.bnsdq.ozxfs.bomyo.kvugl,0.0
1759250720,47304,47245,N/A,N/A,N/A,N/A,N/A,N/A,N/A,N/A,5492736,5492736,577536,135168,180224,1,sleep,S (sleeping),victim2.bnsdq.ozxfs.bomyo.kvugl,0.0
1759250720,47311,47240,N/A,N/A,N/A,N/A,N/A,N/A,N/A,N/A,5492736,5492736,577536,135168,180224,1,sleep,S (sleeping),victim2.bnsdq.ozxfs.bomyo.kvugl,0.0
1759250720,47240,1,N/A,N/A,N/A,N/A,N/A,N/A,N/A,N/A,6979584,6979584,3276800,135168,278528,1,bash,S (sleeping),victim2.bnsdq.ozxfs.bomyo.kvugl,0.0
1759250720,47241,1,N/A,N/A,N/A,N/A,N/A,N/A,N/A,N/A,6979584,6979584,3309568,135168,278528,1,bash,S (sleeping),victim2.bnsdq.ozxfs.bomyo.kvugl,0.0
1759250720,47242,1,N/A,N/A,N/A,N/A,N/A,N/A,N/A,N/A,6979584,6979584,3321856,135168,278528,1,bash,S (sleeping),victim2.bnsdq.ozxfs.bomyo.kvugl,0.0
1759250720,47323,47241,N/A,N/A,N/A,N/A,N/A,N/A,N/A,N/A,5492736,5492736,512000,135168,180224,1,sleep,S (sleeping),victim2.bnsdq.ozxfs.bomyo.kvugl,0.0
1759250720,47326,1,101,101,101,101,102,102,102,102,16568320,16560128,7417856,135168,622592,1,systemd-network,S (sleeping),victim2.bnsdq.ozxfs.bomyo.kvugl,1.4913305999390951
1759250720,46128,2,N/A,N/A,N/A,N/A,N/A,N/A,N/A,N/A,N/A,N/A,N/A,N/A,N/A,1,kworker/0,I (idle),victim2.bnsdq.ozxfs.bomyo.kvugl,0.042853482092619265
1759250720,47324,47242,N/A,N/A,N/A,N/A,N/A,N/A,N/A,N/A,5492736,5492736,581632,135168,180224,1,sleep,S (sleeping),victim2.bnsdq.ozxfs.bomyo.kvugl,0.0
1759250720,47325,47246,N/A,N/A,N/A,N/A,N/A,N/A,N/A,N/A,5492736,5492736,577536,135168,180224,1,sleep,S (sleeping),victim2.bnsdq.ozxfs.bomyo.kvugl,0.0
1759250720,47336,202,N/A,N/A,N/A,N/A,N/A,N/A,N/A,N/A,23040000,21975040,3956736,135168,724992,1,systemd-udevd,S (sleeping),victim2.bnsdq.ozxfs.bomyo.kvugl,0.0
1759250720,47245,1,N/A,N/A,N/A,N/A,N/A,N/A,N/A,N/A,6979584,6979584,3383296,135168,278528,1,bash,S (sleeping),victim2.bnsdq.ozxfs.bomyo.kvugl,0.0
1759250720,47246,1,N/A,N/A,N/A,N/A,N/A,N/A,N/A,N/A,6979584,6979584,3375104,135168,278528,1,bash,S (sleeping),victim2.bnsdq.ozxfs.bomyo.kvugl,0.0
1759250725,47361,1,N/A,N/A,N/A,N/A,N/A,N/A,N/A,N/A,6979584,6979584,3174400,135168,278528,1,bash,S (sleeping),victim2.bnsdq.ozxfs.bomyo.kvugl,0.0
1759250725,47388,47361,N/A,N/A,N/A,N/A,N/A,N/A,N/A,N/A,5492736,5492736,516096,135168,180224,1,sleep,S (sleeping),victim2.bnsdq.ozxfs.bomyo.kvugl,0.0
1759250725,47390,47363,N/A,N/A,N/A,N/A,N/A,N/A,N/A,N/A,5492736,5492736,516096,135168,180224,1,sleep,S (sleeping),victim2.bnsdq.ozxfs.bomyo.kvugl,0.0
1759250725,46128,2,N/A,N/A,N/A,N/A,N/A,N/A,N/A,N/A,N/A,N/A,N/A,N/A,N/A,1,kworker/0,I (idle),victim2.bnsdq.ozxfs.bomyo.kvugl,0.04065378593306352
1759250725,47389,47360,N/A,N/A,N/A,N/A,N/A,N/A,N/A,N/A,5492736,5492736,516096,135168,180224,1,sleep,S (sleeping),victim2.bnsdq.ozxfs.bomyo.kvugl,0.0
1759250725,47360,1,N/A,N/A,N/A,N/A,N/A,N/A,N/A,N/A,6979584,6979584,3452928,135168,278528,1,bash,S (sleeping),victim2.bnsdq.ozxfs.bomyo.kvugl,0.0
1759250725,47380,1,101,101,101,101,102,102,102,102,16568320,16560128,7401472,135168,622592,1,systemd-network,S (sleeping),victim2.bnsdq.ozxfs.bomyo.kvugl,0.8359568994215317
1759250725,47359,1,N/A,N/A,N/A,N/A,N/A,N/A,N/A,N/A,6979584,6979584,3207168,135168,278528,1,bash,S (sleeping),victim2.bnsdq.ozxfs.bomyo.kvugl,0.0
1759250725,47363,1,N/A,N/A,N/A,N/A,N/A,N/A,N/A,N/A,6979584,6979584,3321856,135168,278528,1,bash,S (sleeping),victim2.bnsdq.ozxfs.bomyo.kvugl,0.0
1759250725,47367,1,N/A,N/A,N/A,N/A,N/A,N/A,N/A,N/A,6979584,6979584,3239936,135168,278528,1,bash,S (sleeping),victim2.bnsdq.ozxfs.bomyo.kvugl,0.0
1759250725,47386,47359,N/A,N/A,N/A,N/A,N/A,N/A,N/A,N/A,5492736,5492736,520192,135168,180224,1,sleep,S (sleeping),victim2.bnsdq.ozxfs.bomyo.kvugl,0.0
1759250725,47387,47367,N/A,N/A,N/A,N/A,N/A,N/A,N/A,N/A,5492736,5492736,516096,135168,180224,1,sleep,S (sleeping),victim2.bnsdq.ozxfs.bomyo.kvugl,0.0
1759250725,47358,1,N/A,N/A,N/A,N/A,N/A,N/A,N/A,N/A,728137728,728137728,7921664,135168,105218048,4,foundryc,S (sleeping),victim2.bnsdq.ozxfs.bomyo.kvugl,0.0
1759250730,46128,2,N/A,N/A,N/A,N/A,N/A,N/A,N/A,N/A,N/A,N/A,N/A,N/A,N/A,1,kworker/0,R (running),victim2.bnsdq.ozxfs.bomyo.kvugl,0.03867007701425973
1759250730,47438,47360,N/A,N/A,N/A,N/A,N/A,N/A,N/A,N/A,5492736,5492736,516096,135168,180224,1,sleep,S (sleeping),victim2.bnsdq.ozxfs.bomyo.kvugl,0.0
1759250730,47360,1,N/A,N/A,N/A,N/A,N/A,N/A,N/A,N/A,6979584,6979584,3452928,135168,278528,1,bash,S (sleeping),victim2.bnsdq.ozxfs.bomyo.kvugl,0.0
1759250730,47367,1,N/A,N/A,N/A,N/A,N/A,N/A,N/A,N/A,6979584,6979584,3244032,135168,278528,1,bash,S (sleeping),victim2.bnsdq.ozxfs.bomyo.kvugl,0.0
1759250730,47443,47361,N/A,N/A,N/A,N/A,N/A,N/A,N/A,N/A,5492736,5492736,520192,135168,180224,1,sleep,S (sleeping),victim2.bnsdq.ozxfs.bomyo.kvugl,0.0
1759250730,47441,47367,N/A,N/A,N/A,N/A,N/A,N/A,N/A,N/A,5492736,5492736,577536,135168,180224,1,sleep,S (sleeping),victim2.bnsdq.ozxfs.bomyo.kvugl,0.0
1759250730,47445,1,101,101,101,101,102,102,102,102,16568320,16560128,7413760,135168,622592,1,systemd-network,S (sleeping),victim2.bnsdq.ozxfs.bomyo.kvugl,1.2292701268978707
1759250730,47462,47363,N/A,N/A,N/A,N/A,N/A,N/A,N/A,N/A,10379264,10379264,3981312,135168,294912,1,systemctl,R (running),victim2.bnsdq.ozxfs.bomyo.kvugl,0.0
1759250730,47361,1,N/A,N/A,N/A,N/A,N/A,N/A,N/A,N/A,6979584,6979584,3174400,135168,278528,1,bash,S (sleeping),victim2.bnsdq.ozxfs.bomyo.kvugl,0.0
1759250730,47363,1,N/A,N/A,N/A,N/A,N/A,N/A,N/A,N/A,6979584,6979584,3321856,135168,278528,1,bash,S (sleeping),victim2.bnsdq.ozxfs.bomyo.kvugl,0.0
1759250730,47455,202,N/A,N/A,N/A,N/A,N/A,N/A,N/A,N/A,23040000,21975040,3952640,135168,724992,1,systemd-udevd,S (sleeping),victim2.bnsdq.ozxfs.bomyo.kvugl,0.0
1759250735,47485,1,N/A,N/A,N/A,N/A,N/A,N/A,N/A,N/A,6979584,6979584,3436544,135168,278528,1,bash,S (sleeping),victim2.bnsdq.ozxfs.bomyo.kvugl,0.0
1759250735,47480,1,N/A,N/A,N/A,N/A,N/A,N/A,N/A,N/A,6979584,6979584,3080192,135168,278528,1,bash,S (sleeping),victim2.bnsdq.ozxfs.bomyo.kvugl,0.0
1759250735,47510,47480,N/A,N/A,N/A,N/A,N/A,N/A,N/A,N/A,5492736,5492736,577536,135168,180224,1,sleep,S (sleeping),victim2.bnsdq.ozxfs.bomyo.kvugl,0.0
1759250735,46128,2,N/A,N/A,N/A,N/A,N/A,N/A,N/A,N/A,N/A,N/A,N/A,N/A,N/A,1,kworker/0,I (idle),victim2.bnsdq.ozxfs.bomyo.kvugl,0.036872897388596795
1759250735,47491,1,N/A,N/A,N/A,N/A,N/A,N/A,N/A,N/A,6979584,6979584,3252224,135168,278528,1,bash,S (sleeping),victim2.bnsdq.ozxfs.bomyo.kvugl,0.0
1759250735,47487,1,N/A,N/A,N/A,N/A,N/A,N/A,N/A,N/A,6979584,6979584,3301376,135168,278528,1,bash,S (sleeping),victim2.bnsdq.ozxfs.bomyo.kvugl,0.0
1759250735,47479,1,N/A,N/A,N/A,N/A,N/A,N/A,N/A,N/A,728137728,728137728,7921664,135168,105218048,4,foundryc,S (sleeping),victim2.bnsdq.ozxfs.bomyo.kvugl,0.0
1759250735,47481,1,N/A,N/A,N/A,N/A,N/A,N/A,N/A,N/A,6979584,6979584,3391488,135168,278528,1,bash,S (sleeping),victim2.bnsdq.ozxfs.bomyo.kvugl,0.0
1759250735,47506,47481,N/A,N/A,N/A,N/A,N/A,N/A,N/A,N/A,5492736,5492736,516096,135168,180224,1,sleep,S (sleeping),victim2.bnsdq.ozxfs.bomyo.kvugl,0.0
1759250735,47509,47491,N/A,N/A,N/A,N/A,N/A,N/A,N/A,N/A,5492736,5492736,581632,135168,180224,1,sleep,S (sleeping),victim2.bnsdq.ozxfs.bomyo.kvugl,0.0
1759250735,47508,47487,N/A,N/A,N/A,N/A,N/A,N/A,N/A,N/A,5492736,5492736,516096,135168,180224,1,sleep,S (sleeping),victim2.bnsdq.ozxfs.bomyo.kvugl,0.0
1759250735,47511,47485,N/A,N/A,N/A,N/A,N/A,N/A,N/A,N/A,5492736,5492736,581632,135168,180224,1,sleep,S (sleeping),victim2.bnsdq.ozxfs.bomyo.kvugl,0.0
1759250735,47501,1,101,101,101,101,102,102,102,102,16568320,16560128,7368704,135168,622592,1,systemd-network,S (sleeping),victim2.bnsdq.ozxfs.bomyo.kvugl,0.8050264278744896
1759250740,46128,2,N/A,N/A,N/A,N/A,N/A,N/A,N/A,N/A,N/A,N/A,N/A,N/A,N/A,1,kworker/0,I (idle),victim2.bnsdq.ozxfs.bomyo.kvugl,0.0440407513832121
1759250740,47567,1,101,101,101,101,102,102,102,102,16568320,16560128,7327744,135168,622592,1,systemd-network,S (sleeping),victim2.bnsdq.ozxfs.bomyo.kvugl,0.7900645111888863
1759250740,47577,202,N/A,N/A,N/A,N/A,N/A,N/A,N/A,N/A,23040000,21975040,3956736,135168,724992,1,systemd-udevd,S (sleeping),victim2.bnsdq.ozxfs.bomyo.kvugl,0.0
1759250745,46128,2,N/A,N/A,N/A,N/A,N/A,N/A,N/A,N/A,N/A,N/A,N/A,N/A,N/A,1,kworker/0,I (idle),victim2.bnsdq.ozxfs.bomyo.kvugl,0.042179034148675174
1759250745,47604,1,N/A,N/A,N/A,N/A,N/A,N/A,N/A,N/A,6979584,6979584,3252224,135168,278528,1,bash,S (sleeping),victim2.bnsdq.ozxfs.bomyo.kvugl,0.0
1759250745,47602,1,N/A,N/A,N/A,N/A,N/A,N/A,N/A,N/A,6979584,6979584,3272704,135168,278528,1,bash,S (sleeping),victim2.bnsdq.ozxfs.bomyo.kvugl,0.0
1759250745,47607,1,N/A,N/A,N/A,N/A,N/A,N/A,N/A,N/A,6979584,6979584,3334144,135168,278528,1,bash,S (sleeping),victim2.bnsdq.ozxfs.bomyo.kvugl,0.0
1759250745,47601,1,N/A,N/A,N/A,N/A,N/A,N/A,N/A,N/A,6979584,6979584,3305472,135168,278528,1,bash,S (sleeping),victim2.bnsdq.ozxfs.bomyo.kvugl,0.0
1759250745,47641,47604,N/A,N/A,N/A,N/A,N/A,N/A,N/A,N/A,5492736,5492736,520192,135168,180224,1,sleep,S (sleeping),victim2.bnsdq.ozxfs.bomyo.kvugl,0.0
1759250745,47642,47607,N/A,N/A,N/A,N/A,N/A,N/A,N/A,N/A,5492736,5492736,516096,135168,180224,1,sleep,S (sleeping),victim2.bnsdq.ozxfs.bomyo.kvugl,0.0
1759250745,47634,47601,N/A,N/A,N/A,N/A,N/A,N/A,N/A,N/A,5492736,5492736,577536,135168,180224,1,sleep,S (sleeping),victim2.bnsdq.ozxfs.bomyo.kvugl,0.0
1759250745,47639,47602,N/A,N/A,N/A,N/A,N/A,N/A,N/A,N/A,5492736,5492736,585728,135168,180224,1,sleep,S (sleeping),victim2.bnsdq.ozxfs.bomyo.kvugl,0.0
1759250745,47608,1,N/A,N/A,N/A,N/A,N/A,N/A,N/A,N/A,6979584,6979584,3309568,135168,278528,1,bash,S (sleeping),victim2.bnsdq.ozxfs.bomyo.kvugl,0.0
1759250745,47640,47608,N/A,N/A,N/A,N/A,N/A,N/A,N/A,N/A,5492736,5492736,520192,135168,180224,1,sleep,S (sleeping),victim2.bnsdq.ozxfs.bomyo.kvugl,0.0
1759250745,47600,1,N/A,N/A,N/A,N/A,N/A,N/A,N/A,N/A,728137728,728137728,7917568,135168,105218048,4,foundryc,S (sleeping),victim2.bnsdq.ozxfs.bomyo.kvugl,0.0
1759250745,47622,1,101,101,101,101,102,102,102,102,16568320,16560128,7487488,135168,622592,1,systemd-network,S (sleeping),victim2.bnsdq.ozxfs.bomyo.kvugl,0.8462714259123028
1759250750,47687,1,101,101,101,101,102,102,102,102,16568320,16560128,7520256,135168,622592,1,systemd-network,S (sleeping),victim2.bnsdq.ozxfs.bomyo.kvugl,0.8352005310726143
1759250750,47697,202,N/A,N/A,N/A,N/A,N/A,N/A,N/A,N/A,23040000,21975040,3952640,135168,724992,1,systemd-udevd,S (sleeping),victim2.bnsdq.ozxfs.bomyo.kvugl,0.0
1759250750,46128,2,N/A,N/A,N/A,N/A,N/A,N/A,N/A,N/A,N/A,N/A,N/A,N/A,N/A,1,kworker/0,I (idle),victim2.bnsdq.ozxfs.bomyo.kvugl,0.04045556881307174
1759250755,47730,1,N/A,N/A,N/A,N/A,N/A,N/A,N/A,N/A,6979584,6979584,3207168,135168,278528,1,bash,S (sleeping),victim2.bnsdq.ozxfs.bomyo.kvugl,0.0
1759250755,47771,47725,N/A,N/A,N/A,N/A,N/A,N/A,N/A,N/A,5492736,5492736,516096,135168,180224,1,sleep,S (sleeping),victim2.bnsdq.ozxfs.bomyo.kvugl,0.0
1759250755,47769,47726,N/A,N/A,N/A,N/A,N/A,N/A,N/A,N/A,5492736,5492736,585728,135168,180224,1,sleep,S (sleeping),victim2.bnsdq.ozxfs.bomyo.kvugl,0.0
1759250755,47719,1,N/A,N/A,N/A,N/A,N/A,N/A,N/A,N/A,728137728,728137728,7921664,135168,105218048,4,foundryc,S (sleeping),victim2.bnsdq.ozxfs.bomyo.kvugl,0.0
1759250755,47763,47720,N/A,N/A,N/A,N/A,N/A,N/A,N/A,N/A,5492736,5492736,577536,135168,180224,1,sleep,S (sleeping),victim2.bnsdq.ozxfs.bomyo.kvugl,0.0
1759250755,47726,1,N/A,N/A,N/A,N/A,N/A,N/A,N/A,N/A,6979584,6979584,3297280,135168,278528,1,bash,S (sleeping),victim2.bnsdq.ozxfs.bomyo.kvugl,0.0
1759250755,47720,1,N/A,N/A,N/A,N/A,N/A,N/A,N/A,N/A,6979584,6979584,3166208,135168,278528,1,bash,S (sleeping),victim2.bnsdq.ozxfs.bomyo.kvugl,0.0
1759250755,47770,47730,N/A,N/A,N/A,N/A,N/A,N/A,N/A,N/A,5492736,5492736,516096,135168,180224,1,sleep,S (sleeping),victim2.bnsdq.ozxfs.bomyo.kvugl,0.0
1759250755,47741,1,101,101,101,101,102,102,102,102,16568320,16560128,7204864,135168,622592,1,systemd-network,S (sleeping),victim2.bnsdq.ozxfs.bomyo.kvugl,0.434192867743276
1759250755,47723,1,N/A,N/A,N/A,N/A,N/A,N/A,N/A,N/A,6979584,6979584,3383296,135168,278528,1,bash,S (sleeping),victim2.bnsdq.ozxfs.bomyo.kvugl,0.0
1759250755,47725,1,N/A,N/A,N/A,N/A,N/A,N/A,N/A,N/A,6979584,6979584,3158016,135168,278528,1,bash,S (sleeping),victim2.bnsdq.ozxfs.bomyo.kvugl,0.0
1759250755,47765,47723,N/A,N/A,N/A,N/A,N/A,N/A,N/A,N/A,5492736,5492736,512000,135168,180224,1,sleep,S (sleeping),victim2.bnsdq.ozxfs.bomyo.kvugl,0.0
1759250755,46128,2,N/A,N/A,N/A,N/A,N/A,N/A,N/A,N/A,N/A,N/A,N/A,N/A,N/A,1,kworker/0,I (idle),victim2.bnsdq.ozxfs.bomyo.kvugl,0.038878019151381
1759250760,47801,1,101,101,101,101,102,102,102,102,16568320,16560128,7475200,135168,622592,1,systemd-network,S (sleeping),victim2.bnsdq.ozxfs.bomyo.kvugl,0.429611160429446
1759250760,46128,2,N/A,N/A,N/A,N/A,N/A,N/A,N/A,N/A,N/A,N/A,N/A,N/A,N/A,1,kworker/0,R (running),victim2.bnsdq.ozxfs.bomyo.kvugl,0.04489146676585874
1759250765,46128,2,N/A,N/A,N/A,N/A,N/A,N/A,N/A,N/A,N/A,N/A,N/A,N/A,N/A,1,kworker/0,I (idle),victim2.bnsdq.ozxfs.bomyo.kvugl,0.04326995857066203
1759250765,47846,1,N/A,N/A,N/A,N/A,N/A,N/A,N/A,N/A,6979584,6979584,3395584,135168,278528,1,bash,S (sleeping),victim2.bnsdq.ozxfs.bomyo.kvugl,0.0
1759250765,47842,1,N/A,N/A,N/A,N/A,N/A,N/A,N/A,N/A,6979584,6979584,3358720,135168,278528,1,bash,S (sleeping),victim2.bnsdq.ozxfs.bomyo.kvugl,0.0
1759250765,47899,47846,N/A,N/A,N/A,N/A,N/A,N/A,N/A,N/A,5492736,5492736,516096,135168,180224,1,sleep,S (sleeping),victim2.bnsdq.ozxfs.bomyo.kvugl,0.0
1759250765,47892,47839,N/A,N/A,N/A,N/A,N/A,N/A,N/A,N/A,5492736,5492736,520192,135168,180224,1,sleep,S (sleeping),victim2.bnsdq.ozxfs.bomyo.kvugl,0.0
1759250765,47894,47842,N/A,N/A,N/A,N/A,N/A,N/A,N/A,N/A,5492736,5492736,585728,135168,180224,1,sleep,S (sleeping),victim2.bnsdq.ozxfs.bomyo.kvugl,0.0
1759250765,47838,1,N/A,N/A,N/A,N/A,N/A,N/A,N/A,N/A,728137728,728137728,7921664,135168,105218048,4,foundryc,S (sleeping),victim2.bnsdq.ozxfs.bomyo.kvugl,0.0
1759250765,47900,47840,N/A,N/A,N/A,N/A,N/A,N/A,N/A,N/A,5492736,5492736,577536,135168,180224,1,sleep,S (sleeping),victim2.bnsdq.ozxfs.bomyo.kvugl,0.0
1759250765,47841,1,N/A,N/A,N/A,N/A,N/A,N/A,N/A,N/A,6979584,6979584,3325952,135168,278528,1,bash,S (sleeping),victim2.bnsdq.ozxfs.bomyo.kvugl,0.0
1759250765,47840,1,N/A,N/A,N/A,N/A,N/A,N/A,N/A,N/A,6979584,6979584,3260416,135168,278528,1,bash,S (sleeping),victim2.bnsdq.ozxfs.bomyo.kvugl,0.0
1759250765,47860,1,101,101,101,101,102,102,102,102,16568320,16560128,7327744,135168,622592,1,systemd-network,S (sleeping),victim2.bnsdq.ozxfs.bomyo.kvugl,0.5293932330466333
1759250765,47898,47841,N/A,N/A,N/A,N/A,N/A,N/A,N/A,N/A,5492736,5492736,520192,135168,180224,1,sleep,S (sleeping),victim2.bnsdq.ozxfs.bomyo.kvugl,0.0
1759250765,47839,1,N/A,N/A,N/A,N/A,N/A,N/A,N/A,N/A,6979584,6979584,3297280,135168,278528,1,bash,S (sleeping),victim2.bnsdq.ozxfs.bomyo.kvugl,0.0
