Name,TimeWeightedAvgVmSizeMiB,MaxVmPeakMiB,MaxVmHwmMiB,DataPoints,PeakDuration
dbus-daemon,36.04619692171927,41.375,33.72265625,234,1204.0
discern-file-so,1589.2005513168897,1591.9296875,357.94140625,234,1196.0
discern-logs-so,1205.4296875,1205.4296875,26.98828125,234,1204.0
discern-network,1898.1484375,1898.1484375,85.8203125,234,1204.0
discern-proc-so,1205.92578125,1205.92578125,15.94921875,102,521.0
python3,681.1931594488188,992.5859375,87.625,123,635.0
systemd-journal,121.19921875,121.19921875,23.5390625,9,48.0
