Name,Duration,AvgCpuPercent,MaxCpuUsage,DataPoints
discern-file-so,1202.0,41.25463996558239,90.26656143808427,235
discern-proc-so,1197.0,2.256825563420333,2.498544212672168,234
kswapd0,1206.0,0.7503400363949303,0.7613640343010243,235
jbd2/vda2-8,1131.0,0.26810645489119556,0.3218243277979099,218
discern-logs-so,1003.0,0.2936954992021902,0.3040071032739185,194
python3,263.0,0.8498890536963762,10.684625054339932,51
systemd,32.0,0.8499362246621824,2.166921001796182,7
sshd,0.0,,1.787403696599115,1
