Name,Duration,AvgCpuPercent,MaxCpuUsage,DataPoints
discern-file-so,151.0,82.38770697599743,88.23595888492227,29
discern-proc-so,1254.0,2.4559673841565055,3.2797094712657047,248
jbd2/vda2-8,1258.0,0.9298821420839186,2.315130001878481,248
systemd,1279.0,0.40864966039910294,2.1860383542986925,252
python3,683.0,0.548560025168882,10.628444156376798,133
discern-network,978.0,0.26548305069552675,0.47567218055886723,191
discern-logs-so,587.0,0.24896474606119806,0.2607727040324965,115
kswapd0,120.0,0.3398308385862606,0.38446052547403997,24
