Name,TimeWeightedAvgVmSizeMiB,MaxVmPeakMiB,MaxVmHwmMiB,DataPoints,PeakDuration
dbus-daemon,15.349587429775282,15.69140625,9.86328125,18,89.0
discern-ansible,1205.34375,1205.34375,11.30859375,36,186.0
discern-file-so,1584.3931016058225,1591.6796875,354.7421875,106,541.0
discern-jupyter,1205.33203125,1205.33203125,10.35546875,1,5.0
discern-logs-so,1205.4296875,1205.4296875,17.60546875,106,541.0
discern-network,1898.2039542597765,1898.2109375,106.08984375,106,537.0
discern-proc-so,1205.9234707139556,1205.92578125,18.27734375,106,541.0
systemd-journal,62.673237645348834,65.21484375,16.13671875,50,258.0
