Name,TimeWeightedAvgVmSizeMiB,MaxVmPeakMiB,MaxVmHwmMiB,DataPoints,PeakDuration
dbus-daemon,23.370098039215687,27.2734375,20.84375,187,969.0
discern-file-so,1525.51380748057,1527.67578125,357.6015625,187,965.0
discern-logs-so,1205.4296875,1205.4296875,28.55859375,187,969.0
discern-network,1825.57421875,1863.1875,84.7890625,187,965.0
discern-proc-so,1205.9285693540892,1206.17578125,16.23828125,52,269.0
python3,658.005962490295,1000.49609375,48.00390625,124,644.0
systemd-journal,133.4140625,133.4140625,26.6796875,11,52.0
