Name,TimeWeightedAvgVmSizeMiB,MaxVmPeakMiB,MaxVmHwmMiB,DataPoints,PeakDuration
dbus-daemon,50.350027901785715,57.26953125,50.62109375,354,1820.0
discern-cpu-sor,1205.359375,1205.359375,11.98046875,2,10.0
discern-file-so,1585.201197517779,1591.4296875,285.78125,354,1828.0
discern-logs-so,1292.2807725214325,1333.5625,146.6171875,354,1808.0
discern-network,1833.95703125,1863.81640625,52.83984375,354,1820.0
discern-proc-so,1205.9275433645375,1206.17578125,16.83203125,219,1135.0
systemd-journal,114.71918896692745,163.38671875,34.171875,133,703.0
