Name,Duration,AvgCpuPercent,MaxCpuUsage,DataPoints
discern-file-so,1808.0,31.870099920707993,85.62557510311994,354
discern-proc-so,1812.0,2.828410218122312,4.386530322571864,354
kswapd0,1820.0,0.7464720459357016,0.7514474986938243,354
discern-logs-so,1825.0,0.551857596572244,0.6306674792120951,352
discern-network,1848.0,0.49586574434567227,0.5207018692861962,354
systemd,11.0,1.4379566338132124,2.1930226423184194,2
