Name,TimeWeightedAvgVmSizeMiB,MaxVmPeakMiB,MaxVmHwmMiB,DataPoints,PeakDuration
containerd,1305.6328125,1369.3828125,32.234375,558,2933.0
dbus-daemon,74.30278216422872,89.78515625,82.8203125,747,3760.0
discern-file-so,1515.461374562937,1591.4296875,360.16796875,84,429.0
discern-logs-so,1205.4296875,1205.4296875,48.34375,747,3895.0
discern-network,1890.578125,1890.578125,119.14453125,747,3848.0
dockerd,1350.86328125,1350.92578125,101.33203125,747,3802.0
python3,32.41796875,32.453125,27.4921875,19,98.0
systemd-journal,132.41743908898306,133.2109375,31.4296875,86,472.0
