Name,TimeWeightedAvgVmSizeMiB,MaxVmPeakMiB,MaxVmHwmMiB,DataPoints,PeakDuration
dbus-daemon,70.08867784105617,85.921875,78.53125,743,3863.0
discern-file-so,1503.1293890449438,1591.3671875,285.625,68,356.0
discern-logs-so,1237.1703881179885,1269.49609375,71.54296875,726,3833.0
discern-network,1841.8359375,1863.1875,50.31640625,692,3636.0
python3,125.57421875,125.57421875,110.0625,1486,7599.0
