Name,Duration,AvgCpuPercent,MaxCpuUsage,DataPoints
discern-file-so,2487.0,36.85133249060211,87.806769051483,488
ettercap,1018.0,69.10746731104402,71.34755437659092,197
discern-proc-so,2499.0,2.4073934759184152,2.6262129822059785,488
kswapd0,2507.0,0.7729643642972165,0.7843015770466232,488
jbd2/vda2-8,2526.0,0.3789259747303398,0.4963324974136949,487
discern-network,1299.0,0.26251990520354207,0.2669230644444459,250
discern-logs-so,168.0,0.24384096940208458,0.24566901304728264,33
systemd,43.0,0.5871838519540554,1.3793824123264902,9
