Name,TimeWeightedAvgVmSizeMiB,MaxVmPeakMiB,MaxVmHwmMiB,DataPoints,PeakDuration
dbus-daemon,38.55801738112392,52.5,45.48828125,673,3470.0
discern-file-so,1488.3009284922396,1591.1796875,288.078125,85,451.0
discern-logs-so,1226.111607142857,1269.49609375,72.09765625,735,3773.0
discern-network,1833.83203125,1863.1875,48.8828125,682,3537.0
python3,125.328125,125.328125,109.1484375,1470,7429.0
systemd-journal,123.22813955745342,167.453125,62.97265625,31,161.0
