Name,TimeWeightedAvgVmSizeMiB,MaxVmPeakMiB,MaxVmHwmMiB,DataPoints,PeakDuration
dbus-daemon,65.54593841374269,81.796875,72.9140625,738,3762.0
discern-file-so,1484.1044673596398,1591.1796875,289.1484375,90,472.0
discern-interfa,1435.515625,1435.515625,22.66796875,554,2920.0
discern-logs-so,1269.49609375,1269.49609375,115.76171875,738,3799.0
discern-network,1850.59375,1863.81640625,55.8828125,738,3846.0
discern-proc-so,1205.968311474525,1206.17578125,16.24609375,219,1158.0
systemd-journal,115.03073922011208,157.36328125,38.83984375,613,3212.0
