Name,TimeWeightedAvgVmSizeMiB,MaxVmPeakMiB,MaxVmHwmMiB,DataPoints,PeakDuration
dbus-daemon,43.23174994214749,56.2109375,49.0625,624,3241.0
discern-file-so,1560.5419544198894,1591.4296875,297.63671875,70,362.0
discern-logs-so,1205.4296875,1205.4296875,26.765625,10,53.0
discern-network,1898.5234375,1898.5234375,118.00390625,708,3674.0
dockerd,1350.61328125,1414.36328125,102.98046875,726,3720.0
python3,127.03179738250697,248.53515625,109.546875,1492,7543.0
