Name,Duration,AvgCpuPercent,MaxCpuUsage,DataPoints
discern-file-so,2041.0,32.01205902223471,86.9600914174236,390
discern-proc-so,2045.0,2.0649714228013023,2.389178799807918,391
kswapd0,2054.0,0.6381964282173113,0.7001672362424457,390
jbd2/vda2-8,2546.0,0.3593052049249876,1.3592973351441568,391
systemd,2056.0,0.3531510532923658,1.038589637853808,392
