Name,TimeWeightedAvgVmSizeMiB,MaxVmPeakMiB,MaxVmHwmMiB,DataPoints,PeakDuration
dbus-daemon,37.38166417217176,52.0625,45.91796875,715,3633.0
discern-file-so,1482.7053012092074,1591.4296875,290.80859375,81,429.0
discern-interfa,1507.5125359135577,1507.51953125,22.62890625,289,1501.0
discern-logs-so,1205.4296875,1205.4296875,29.11328125,645,3335.0
discern-network,1825.57421875,1863.1875,37.77734375,725,3676.0
discern-proc-so,1205.92578125,1205.92578125,16.33203125,7,36.0
python3,173.1341181595029,242.71484375,27.09375,707,3641.0
systemd-journal,118.04239581125476,137.31640625,31.64453125,456,2359.0
