Name,TimeWeightedAvgVmSizeMiB,MaxVmPeakMiB,MaxVmHwmMiB,DataPoints,PeakDuration
dbus-daemon,67.40506641241451,81.28125,74.28125,352,1901.0
discern-file-so,1526.5195026028025,1591.4296875,286.76171875,352,1909.0
discern-logs-so,1205.4296875,1205.4296875,23.7265625,352,1913.0
discern-network,1833.33203125,1863.1875,35.19921875,352,1913.0
discern-proc-so,1205.92578125,1205.92578125,16.15234375,2,10.0
named,406.5234375,406.5234375,19.53125,339,2308.0
systemd-journal,101.99872036637932,103.375,18.6328125,11,58.0
