Name,Duration,AvgCpuPercent,MaxCpuUsage,DataPoints
discern-file-so,1857.0,32.009658597960076,93.30829999544747,352
discern-proc-so,1851.0,2.3548129934391517,2.7224627048108747,351
kswapd0,1857.0,0.6920466672710661,0.6986487602055931,352
systemd,2373.0,0.14413510783134548,0.6443217017329947,355
discern-logs-so,1857.0,0.15223438739512324,0.16855918810475648,350
