Name,TimeWeightedAvgVmSizeMiB,MaxVmPeakMiB,MaxVmHwmMiB,DataPoints,PeakDuration
dbus-daemon,46.311395006203476,50.9140625,43.8125,234,1209.0
discern-cpu-sor,1205.359375,1205.359375,12.0,2,11.0
discern-file-so,1579.6850720551379,1591.6796875,355.09375,234,1197.0
discern-jupyter,1205.33203125,1205.33203125,11.0859375,1,6.0
discern-logs-so,1205.4296875,1205.4296875,22.71875,234,1209.0
discern-network,1898.2109375,1898.2109375,99.6015625,234,1209.0
discern-proc-so,1205.92578125,1205.92578125,16.75,231,1196.0
