Name,TimeWeightedAvgVmSizeMiB,MaxVmPeakMiB,MaxVmHwmMiB,DataPoints,PeakDuration
dbus-daemon,101.57478397334886,115.703125,108.6953125,712,3649.0
discern-file-so,1518.9742270907473,1591.1796875,288.87109375,53,281.0
discern-logs-so,1269.49609375,1269.49609375,89.28125,712,3696.0
discern-network,1833.83203125,1863.1875,55.51171875,659,3470.0
python3,126.33203125,126.58203125,110.3828125,1424,7258.0
