Name,Duration,AvgCpuPercent,MaxCpuUsage,DataPoints
discern-file-so,1232.0,41.03326668755489,89.94022299530201,241
discern-proc-so,1228.0,2.054008758569232,3.3140923955875854,239
jbd2/vda2-8,1236.0,1.0199590906521738,2.7429676481458856,241
kswapd0,1210.0,0.6310351190633218,0.7075135686974902,235
systemd,1123.0,0.4215149431718815,0.9463572393003241,217
discern-logs-so,119.0,0.2528630666263642,0.2567955580205906,24
sshd,5.0,2.651686567985371,2.651686567985371,1
discern-network,22.0,0.5231095153375903,0.5337527655556663,4
