Name,TimeWeightedAvgVmSizeMiB,MaxVmPeakMiB,MaxVmHwmMiB,DataPoints,PeakDuration
dbus-daemon,18.272274260403123,21.85546875,15.36328125,150,769.0
discern-ansible,1205.34375,1205.34375,11.1328125,35,181.0
discern-file-so,1579.674543689074,1591.7421875,303.13671875,240,1231.0
discern-jupyter,1205.33203125,1205.33203125,10.55859375,7,36.0
discern-logs-so,1205.4296875,1205.4296875,21.71875,240,1231.0
discern-network,1898.2109375,1898.2109375,122.109375,240,1231.0
discern-proc-so,1205.9247473376759,1205.92578125,17.296875,234,1209.0
systemd-journal,72.95042282706093,75.41796875,24.75390625,54,279.0
