Name,TimeWeightedAvgVmSizeMiB,MaxVmPeakMiB,MaxVmHwmMiB,DataPoints,PeakDuration
dbus-daemon,18.80013760653409,21.57421875,15.03515625,103,528.0
discern-file-so,1577.989360152087,1591.7421875,355.06640625,221,1126.0
discern-logs-so,1205.4296875,1205.4296875,19.0703125,221,1126.0
discern-network,1889.953125,1889.953125,91.7421875,221,1126.0
discern-proc-so,1205.92578125,1205.92578125,15.67578125,206,1053.0
systemd-journal,77.20387554585153,77.33203125,25.76171875,133,687.0
