Name,Duration,AvgCpuPercent,MaxCpuUsage,DataPoints
discern-file-so,2747.0,32.72485299128836,81.6567521429494,531
discern-proc-so,2747.0,2.542036721849754,5.527569440768228,531
kswapd0,2747.0,0.7469112001663817,0.7561504815304219,531
discern-logs-so,2737.0,0.30091726307227284,0.3283913075891965,529
systemd-journal,2612.0,0.1698250991105902,0.17425151685142512,504
systemd,130.0,0.5879805827985984,1.8420310293074136,26
named,15.0,0.5989077666258127,1.1482518498559775,3
