Name,TimeWeightedAvgVmSizeMiB,MaxVmPeakMiB,MaxVmHwmMiB,DataPoints,PeakDuration
dbus-daemon,73.12708988648797,84.76171875,77.703125,531,2742.0
discern-cpu-sor,1205.359375,1205.359375,12.6796875,1,5.0
discern-file-so,1462.9913142209155,1527.30078125,276.01953125,531,2742.0
discern-logs-so,1231.583526322378,1269.49609375,62.17578125,531,2746.0
discern-network,1833.70703125,1863.81640625,39.97265625,531,2746.0
discern-proc-so,1205.92578125,1205.92578125,15.91015625,184,953.0
named,368.19858870967744,406.5234375,19.796875,12,62.0
systemd-journal,132.6931918996234,145.1875,26.15234375,334,1726.0
