Name,Duration,AvgCpuPercent,MaxCpuUsage,DataPoints
discern-file-so,1117.0,39.121682480041024,83.18903734340257,218
discern-proc-so,1115.0,2.0390274809420754,2.3799517351563457,217
jbd2/vda2-8,1125.0,0.6585785563270811,1.6540807263367452,218
kswapd0,1092.0,0.6008771589612384,0.6883670208746135,212
systemd,1141.0,0.43514252581825963,2.269042105972222,220
discern-network,27.0,0.49949338590876907,0.5156399542028441,5
