Name,TimeWeightedAvgVmSizeMiB,MaxVmPeakMiB,MaxVmHwmMiB,DataPoints,PeakDuration
dbus-daemon,18.538749568370164,20.0703125,14.25390625,71,362.0
discern-file-so,1579.266044034091,1591.6796875,363.91796875,218,1100.0
discern-logs-so,1205.4296875,1205.4296875,19.984375,218,1112.0
discern-network,1833.9928432937957,1834.14453125,83.1875,218,1096.0
discern-proc-so,1205.92578125,1205.92578125,15.9609375,172,882.0
systemd-journal,72.68165637600806,73.24609375,25.3671875,193,992.0
