Name,TimeWeightedAvgVmSizeMiB,MaxVmPeakMiB,MaxVmHwmMiB,DataPoints,PeakDuration
dbus-daemon,75.92152021547729,84.34375,76.74609375,426,2158.0
discern-file-so,1496.9968594269103,1527.36328125,284.6796875,57,301.0
discern-interfa,1507.51953125,1571.26953125,26.58984375,354,1819.0
discern-logs-so,1269.49609375,1269.49609375,91.97265625,426,2166.0
discern-network,1898.2109375,1898.2109375,95.53515625,426,2174.0
discern-proc-so,1206.0573601973683,1206.17578125,16.5703125,31,152.0
python3,658.7178563727441,1000.51171875,47.28125,366,1884.0
systemd-journal,120.88692434210526,163.3359375,26.140625,44,228.0
