Name,TimeWeightedAvgVmSizeMiB,MaxVmPeakMiB,MaxVmHwmMiB,DataPoints,PeakDuration
dbus-daemon,106.63767930327869,131.625,118.953125,997,5063.0
discern-file-so,1488.7979992378048,1591.1796875,286.8203125,79,410.0
discern-logs-so,1268.058070699497,1269.49609375,92.2265625,997,5168.0
discern-network,1825.63671875,1825.63671875,55.7578125,918,4797.0
python3,125.3671875,125.3671875,109.47265625,1994,10128.0
