Name,Duration,AvgCpuPercent,MaxCpuUsage,DataPoints
discern-file-so,2562.0,32.9505159444079,88.00964743748828,496
discern-proc-so,2557.0,2.4972898574865496,2.5380149899084454,495
kswapd0,2562.0,0.7320629642833945,0.738834101017839,496
discern-logs-so,2532.0,0.22703654210117025,0.2706285619635804,490
systemd,1303.0,0.2119439498346383,1.7800638058649692,252
systemd-journal,1262.0,0.16670716123178028,0.17087384451779025,245
named,32.0,0.43834281364984995,1.0790936899284278,6
