Name,TimeWeightedAvgVmSizeMiB,MaxVmPeakMiB,MaxVmHwmMiB,DataPoints,PeakDuration
dbus-daemon,37.63199779268632,51.8203125,44.8203125,696,3596.0
discern-file-so,1513.8435603762136,1655.49609375,289.10546875,99,515.0
discern-logs-so,1205.4296875,1205.4296875,38.796875,445,2311.0
discern-network,1833.7809210414973,1833.83203125,62.59375,716,3693.0
python3,125.58203125,125.58203125,109.30078125,1432,7260.0
systemd-journal,139.11887648075026,165.50390625,32.2890625,192,1013.0
