Name,TimeWeightedAvgVmSizeMiB,MaxVmPeakMiB,MaxVmHwmMiB,DataPoints,PeakDuration
dbus-daemon,102.87329263245033,122.2734375,115.55078125,997,4983.0
discern-cpu-sor,1205.359375,1205.359375,12.7265625,1,5.0
discern-file-so,1489.5601203304598,1591.1796875,352.87890625,116,609.0
discern-interfa,1435.5654548618272,1436.390625,22.66796875,930,4849.0
discern-logs-so,1333.5625,1333.5625,177.6171875,997,5042.0
discern-network,1850.59375,1863.81640625,55.8828125,997,5099.0
discern-proc-so,1206.0777795493198,1206.17578125,16.6171875,226,1176.0
systemd-journal,118.67545372354674,161.19140625,38.83984375,721,3733.0
