Name,TimeWeightedAvgVmSizeMiB,MaxVmPeakMiB,MaxVmHwmMiB,DataPoints,PeakDuration
dbus-daemon,36.86158039703493,51.71875,45.4140625,722,3693.0
discern-file-so,1473.3204574918122,1591.4296875,373.59765625,86,458.0
discern-interfa,1435.515625,1435.515625,22.77734375,142,742.0
discern-logs-so,1205.4296875,1205.4296875,37.1015625,673,3475.0
discern-network,1841.8359375,1841.8359375,38.4765625,727,3693.0
discern-proc-so,1206.17578125,1206.17578125,19.23828125,90,467.0
python3,111.93635593648867,170.609375,27.2265625,722,3708.0
systemd-journal,109.11665504758494,129.1484375,31.8515625,473,2443.0
